id,city_id,language_key,name
119095880,1546700,si,පීරාට්-ලෙ-චැටෝ
119095957,1546701,si,ඩොම්සි-සර්-ලෙ-වෝල්ට්
119096034,1546702,si,බ්ලේ
119096111,1546703,si,\N
119096188,1546704,si,උය්ද්කූතෙ
119096265,1546705,si,සුට්සෙන්ඩෝෆ්
119096342,1546706,si,උත්කෙර්කුඑ
119096419,1546707,si,උදෞස්කුඑස්
119096573,1546709,si,\N
119096650,1546710,si,\N
119096727,1546711,si,සෝවාෆ්ක්ස්
119096804,1546712,si,\N
119096958,1546714,si,සොන්සා
119097112,1546716,si,සොලින්ගන්
119097266,1546718,si,සිටර්ෂයිම්
119097343,1546719,si,සින්ස්විලර්
119097420,1546720,si,සින්කෝර්ට්
119097497,1546721,si,සිම්මිං
119097574,1546722,si,සිමර්ෂයිම්
119097651,1546723,si,සිමර්බැක්
119097728,1546724,si,සිලිෂයිම්
119097805,1546725,si,සිලිං
119097882,1546726,si,සිලියා
119097959,1546727,si,සිග්ලියාරා
119098113,1546729,si,සිකාවෝ
119098190,1546730,si,සෙවාකෝ
119098344,1546732,si,\N
119098575,1546735,si,සෙල්විලර්
119098652,1546736,si,සෙලන්බර්ග්
119098729,1546737,si,සෙයින්හයිම්
119098806,1546738,si,සෙන්කර්
119098883,1546739,si,සෙගර්ස්කැපල්
119098960,1546740,si,සාර්බෙලින්
119099114,1546742,si,සලානා
119099268,1546744,si,සයිසිං
119099345,1546745,si,\N
119099422,1546746,si,\N
119099499,1546747,si,යසර්ස්-සර්-ක් රූස්
119099576,1546748,si,\N
119099653,1546749,si,යසෙරොන්
119099730,1546750,si,\N
119099807,1546751,si,යසෙන්ග් රෙමර්
119099884,1546752,si,ව්රෙන්චෙඋෂ්
119099961,1546753,si,ඉව්රෙන්ච්
119100038,1546754,si,ය්ව්රේ-ල'ඒවෙකුඑ
119100115,1546755,si,ඉව්ර-ලෙ-පොලින්
119100269,1546757,si,ඉව්රන්ඩ්ස්
119100346,1546758,si,ඉව්රාක්
119100423,1546759,si,ඉව්රාක්
119100500,1546760,si,ඉවෝයි-ලෙ-මාරන්
119100577,1546761,si,ය්වෝඉරේ
119100654,1546762,si,ඉවිල්-සර්-සයින්
119100731,1546763,si,ඉවිග්නාක් ලා ටුවර්
119100808,1546764,si,ඉවියර්ස්
119100885,1546765,si,ඉවියාස්
119101039,1546767,si,ඉවෙටෝ-බොකේජ්
119101116,1546768,si,ය්වෙටෝට්
119101193,1546769,si,යෙව්ස්
119101270,1546770,si,ය්වෙර්සය්
119101347,1546771,si,යවර්නොමොන්ට්
119101578,1546774,si,ඉවෙක්රික්
119101655,1546775,si,ය්ට්‍රෙස්
119101732,1546776,si,\N
119101809,1546777,si,\N
119101886,1546778,si,සැන්ඩන්
119102040,1546780,si,ෂක්-ල-ටෝඋරෙට්ටේ
119102117,1546781,si,රෞඑර්රෙ
119102194,1546782,si,යකඩ ලී
119102271,1546783,si,යකෙලොන්
119102348,1546784,si,යකේබියුෆ්
119102425,1546785,si,යප් රෙවිල්-බිවිල්
119102579,1546787,si,එප්වර්ත්
119102656,1546788,si,යූක්ස්
119102810,1546790,si,යොන්වල්
119102887,1546791,si,උයොන්ච්
119102964,1546792,si,යෝලට්
119103118,1546794,si,කැම්ප්ටන්විල්
119103195,1546795,si,ය්මෙරය්
119103272,1546796,si,යමාරේ
119103349,1546797,si,ඉග් රෑන්ඩ්
119103426,1546798,si,ඉගෝස්-සෙන්ට්-සැටර්නින්
119103503,1546799,si,ඉෆිනියාක්
119103580,1546800,si,යේව්රෙස්-ලෙ-පෙටි
119103657,1546801,si,යෙව්රෙස්
119103734,1546802,si,යෙව්රේ-ලෙ-චැටෙල්
119103811,1546803,si,යෙව්රේ-ල-විල්ලේ
119103965,1546805,si,යර්විල්
119104119,1546807,si,යෙර්රෙස්
119104196,1546808,si,යෙර්මෙනොන්විල්
119104273,1546809,si,යෙන්
119104350,1546810,si,යෙබල්ස්
119104427,1546811,si,යෙබ්ලෙරොන්
119104504,1546812,si,ය්දෙස්
119104581,1546813,si,යචොක්ස්
119104735,1546815,si,යෞචොඋර්ට්-බුස්සුස්
119104812,1546816,si,යයින්විල්
119104889,1546817,si,වයි
119104966,1546818,si,උරෙස්
119105043,1546819,si,\N
119105120,1546820,si,ඖඅෂංගෙ
119105197,1546821,si,ඔන්විල්ලෙ
119105274,1546822,si,ඔන්රුප්ත-ලෝන්ගේමෙර්
119105351,1546823,si,සෝකෝර්ට්
119105428,1546824,si,ඉව්ර්ය-චිර්චොඋර්ට්
119105505,1546825,si,ඉව්රය්-එට්-අර්වොඉසින්
119105582,1546826,si,සිරෝකෝර්ට්
119105659,1546827,si,එඋඉල්ලෙය්
119105736,1546828,si,සර්ටිග්නි
119105813,1546829,si,එර්මංඑනිල්
119105890,1546830,si,සාරොන්වාල්
119105967,1546831,si,සැන්ටන්-චැසෙනොන්
119106044,1546832,si,\N
119106121,1546833,si,සැමොන්ටරප්ට්
119106198,1546834,si,සැම්ස්
119106275,1546835,si,සැම්බස්
119106352,1546836,si,සයින්ට් රේ
119106429,1546837,si,සයින්ට් රේල්ස්
119106583,1546839,si,සෆෙවිලර්ස්
119106660,1546840,si,වයිල්ඩර්
119106737,1546841,si,වයි-ඩිට්-ජෝලි-ගම
119106814,1546842,si,වුල්වර්ඩින්ග්
119106891,1546843,si,වුස්සේ
119106968,1546844,si,වූන්හයිම්
119107045,1546845,si,වුස්ට්විලර්
119107122,1546846,si,වෝම්හවුට්
119107199,1546847,si,වොල්ක්ස්හයිම්
119107276,1546848,si,වොල්ස්විලර්
119107353,1546849,si,වොල්ස්හයිම්
119107430,1546850,si,වුල්ෆ්ස්කර්චන්
119107507,1546851,si,වුල්ෆිෂයිම්
119107584,1546852,si,වුල්ෆ්ගන්ට්සන්
119107661,1546853,si,වුල්ෆර්ස්ඩෝෆ්
119107815,1546855,si,වොඉප්ප්ය්
119107892,1546856,si,වොයින්විල්
119107969,1546857,si,වොයින්කෝට්
119108046,1546858,si,වොයිම්බේ
119108123,1546859,si,වොයිග්නාරු
119108200,1546860,si,වටිනවා
119108431,1546863,si,වොල්ෆ්ලින් ලෙස් සාරෙගුමින්ස්
119108508,1546864,si,ලොම්
119108585,1546865,si,විසර්නස්
119108662,1546866,si,වයිවර්ස්හයිම්
119108739,1546867,si,විටින්ග්
119108816,1546868,si,විටිෂයිම්
119108893,1546869,si,විට්ස්
119108970,1546870,si,විටර්ෂයිම්
119109047,1546871,si,විටර්ස්ඩෝෆ්
119109124,1546872,si,විටර්න්හයිම්
119109201,1546873,si,විට්ටේර්නේස්සේ
119109278,1546874,si,විටන්හයිම්
119109355,1546875,si,විටෙල්ෂයිම්
119109432,1546876,si,විට් රි ලෙස් රෙම්ස්
119109586,1546878,si,විස්සෝස්
119109663,1546879,si,විසිග්නිකෝර්ට්
119109740,1546880,si,විස්ම්බර්ග්
119109817,1546881,si,විසාන්ට්
119109894,1546882,si,විස්කේස්
119109971,1546883,si,විස්මස්
119110048,1546884,si,විසෙප්පේ
119110125,1546885,si,විස්ම්බාක්
119110202,1546886,si,විස්චස්
119110356,1546888,si,විරි ඕ මොන්ට්
119110433,1546889,si,වර්විග්නෙස්
119110510,1546890,si,වින්ට්ස්ෆෙල්ඩන්
119110587,1546891,si,වින්ට්සෙන්හයිම්-කොචර්ස්බර්ග්
119110664,1546892,si,වින්ට්සෙන්හයිම්
119110741,1546893,si,වින්ට්සෙන්බාක්
119110818,1546894,si,වින්ටර්ස්හවුස්
119110895,1546895,si,වින්ටර්ස්බර්ග්
119110972,1546896,si,\N
119111049,1546897,si,වින්කල්
119111126,1546898,si,පියාපත්
119111203,1546899,si,වින්ගර්ෂයිම්
119111280,1546900,si,වින්ගන්-සර්-මොඩර්
119111357,1546901,si,වින්ගන්
119111434,1546902,si,වින්ඩ්ස්ටයින්
119111511,1546903,si,විමි
119111588,1546904,si,විම්මෙනෝ
119111665,1546905,si,විමිල්
119111742,1546906,si,විමරොක්ස්
119111819,1546907,si,විල්විෂයිම්
119111973,1546909,si,විලිස්
119112127,1546911,si,විල්ගොතයිම්
119112204,1546912,si,විලර්වෝල්ඩ්
119112281,1546913,si,විලර්වාල්
119112358,1546914,si,විලර්-සර්-තර්
119112435,1546915,si,විලෙරොන්කෝට්
119112512,1546916,si,විල්ලෙර්
119112589,1546917,si,විලන්කෝට්
119112666,1546918,si,විලෙම්ස්
119112743,1546919,si,විල්මන්
119112897,1546921,si,විල්දෙර්ස්බැච්
119112974,1546922,si,විල්ඩෙන්ස්ටයින්
119113205,1546925,si,විර්-ඕ-වාල්
119113282,1546926,si,විග්නිකෝට්
119113359,1546927,si,විග්නේහිස්
119113436,1546928,si,වයිස්විලර්
119113513,1546929,si,වයිර්-එෆ්රෝයි
119113590,1546930,si,විඑර්රේ-ඖ-බෝඉස්
119113667,1546931,si,වයින්කෝර්ට්-එල්-එක්විපී
119113744,1546932,si,විගේ ෆැටි
119113821,1546933,si,විදෙන්සොලෙන්
119113898,1546934,si,විදෙහෙම්
119113975,1546935,si,වික්ස්
119114052,1546936,si,වික්විංහෙම්
119114129,1546937,si,ඉක්කෙර්ශෙඉම්-විල්ශෞසෙන්
119114206,1546938,si,විකර්ෂ්විහර්
119114437,1546941,si,වියර්ෂයිම්
119114514,1546942,si,වේයර්
119114591,1546943,si,එත්තොල්ශෙඉම්
119114668,1546944,si,වෙස්ට්රෙහම්
119114745,1546945,si,වෙස්ට්හවුස්-මර්මූටියර්
119114822,1546946,si,වෙස්ට්හවුස්
119114899,1546947,si,වෙස්තොෆ්ෆෙන්
119114976,1546948,si,වෙස්ට්හැල්ටන්
119115053,1546949,si,බටහිර-කැපල්
119115207,1546951,si,වර්වික්-සුඩ්
119115284,1546952,si,වෙරෙන්ට්ස්හවුස්
119115361,1546953,si,වෙන්ට්ස්විලිලර්
119115438,1546954,si,වේමර්ස්-කැපල්
119115515,1546955,si,වෙල්ස්-පෙරන්ස්
119115669,1546957,si,එඉතෙර්ස්විල්ලෙර්
119115746,1546958,si,වේට්බ්රුච්
119115823,1546959,si,වයිස්ලින්ගන්
119115900,1546960,si,වෙයින්බර්ග්
119115977,1546961,si,එග්ස්චෙඉද්
119116054,1546962,si,වෙකොල්ස්හයිම්
119116131,1546963,si,වසීර්ලා
119116208,1546964,si,වව්රින්
119116285,1546965,si,වව්රිල්
119116362,1546966,si,වව්රෙචේන්-සෝස්-ෆෝක්ස්
119116439,1546967,si,වව්රෙචේන්-සෝස්-ඩෙනයින්
119116516,1546968,si,වව්රන්ස්-සර්-ටර්නෝයිස්
119116593,1546969,si,වව්රන්ස්-සර්-එල්-ආ
119116670,1546970,si,වාවිල්
119116747,1546971,si,වවිග්නිඑස්
119116901,1546973,si,වොට්විලර්
119116978,1546974,si,වොට්රෙලෝස්
119117055,1546975,si,වොටිග්නිස්-ලා-වික්ටෝරියා
119117132,1546976,si,වොටිග්නි
119117363,1546979,si,වට්ටන්
119117517,1546981,si,වොට්රොන්විල්
119117594,1546982,si,වටිග්න්ය්
119117748,1546984,si,වාසී
119117825,1546985,si,වසිග්නි
119117902,1546986,si,වාසර්බර්ග්
119117979,1546987,si,වාසෙලෝන්
119118056,1546988,si,වස්කුහාල්
119118133,1546989,si,වස්නස් ඕ බැක්
119118210,1546990,si,වසග්නි
119118287,1546991,si,වෝර්විලර්
119118364,1546992,si,වෝර්සි
119118518,1546994,si,වෝර්නකෝර්ට්
119118672,1546996,si,වර්මරිවිල්
119118749,1546997,si,වෝර්ලූසල්
119118826,1546998,si,වර්ලුස්
119118903,1546999,si,වර්ලුස්
119118980,1547000,si,අර්ලුඉස්
119119057,1547001,si,වෝර්ලෝයි-බයිලන්
119119134,1547002,si,වෝර්ලින්කෝර්ට් ලෙස් පාස්
119119288,1547004,si,වෝර්ලෙන්කෝර්ට්-ඊකෝර්ට්
119119365,1547005,si,වෝර්ලයිං
119119519,1547007,si,වෝර්හෙම්
119119596,1547008,si,වෝර්ග්නිස්-ලෙ-පෙටි
119119673,1547009,si,වෝර්ග්නිස්-ලෙ-ග් රෑන්ඩ්
119119750,1547010,si,වර්ග්නිඑස්
119120058,1547014,si,වෝඩ්රෙක්ස්
119120135,1547015,si,වෝර්ක්
119120212,1547016,si,වෝර්ක්
119120289,1547017,si,වැන්කෙටින්
119120366,1547018,si,වන්නහයින්
119120443,1547019,si,වැන්ගන්බර්ග්-එංගෙන්තාල්
119120520,1547020,si,වැන්ගන්
119120597,1547021,si,වනෙල්
119120751,1547023,si,වැන්ඩිනිස්-හැමේජ්
119120828,1547024,si,වැන්කෝර්ට්
119120905,1547025,si,වන්චි කැප්වාල්
119121059,1547027,si,වාමින්
119121213,1547029,si,වම්බ් රෙචි
119121290,1547030,si,වම්බෙස්
119121367,1547031,si,වම්බර්කෝට්
119121444,1547032,si,වම්බයික්ස්
119121521,1547033,si,වාලි
119121598,1547034,si,වෝල්ටන්හයිම්-සර්-සෝර්න්
119121675,1547035,si,වෝල්ටන්හයිම්
119121752,1547036,si,වෝල්ටම්බර්ග්
119121829,1547037,si,වොල්ස්චයිඩ්
119121906,1547038,si,වොල්ෂ්බ්‍රොන්
119121983,1547039,si,වොලන්-කැපල්
119122060,1547040,si,වොලර්ස්-එන්-ෆේන්
119122137,1547041,si,වෝලර්ස්
119122214,1547042,si,වොලින්කෝර්ට්-සෙල්විග්නි
119122291,1547043,si,වල්හයිම්
119122368,1547044,si,වොල්ඩ්විස්
119122445,1547045,si,වෝල්ඩ්වීස්ට්‍රොෆ්
119122522,1547046,si,වල්ඩොල්විෂයිම්
119122599,1547047,si,වල්ඩිගෝෆෙන්
119122676,1547048,si,වෝල්ඩ්හවුස්
119122753,1547049,si,වල්දම්බාච්
119122830,1547050,si,වෝල්ඩර්ස්බැච්
119122984,1547052,si,වෝල්බර්ග්
119123061,1547053,si,වල්බාච්
119123138,1547054,si,වයිලි-බියුකැම්ප්
119123215,1547055,si,වෛල්ල්ය්
119123292,1547056,si,වෛල්ල්ය්
119123369,1547057,si,වෛල්ල්ය්
119123446,1547058,si,\N
119123523,1547059,si,වොලෙන්හයිම්
119123600,1547060,si,වොල්බාක්
119123677,1547061,si,වහග්නිස්
119123831,1547063,si,වැග්නන්
119124062,1547066,si,වඩිමොන්ට්
119124293,1547069,si,වඩලින්කෝට්
119124370,1547070,si,වකිංහෙන්
119124447,1547071,si,වොක්වෙමොලින්
119124601,1547073,si,වබෙන්
119124678,1547074,si,විට් ලෙස් බෙල්වෝර්
119124755,1547075,si,වයි-ලෙස්-රප්ට්
119124832,1547076,si,වයි-ලෙස්-ලූර්
119124909,1547077,si,වයි-ලෙස්-ෆිලයින්
119124986,1547078,si,වයි-ලෙ-ෆෙරෝ
119125063,1547079,si,වියන්ස්-ලෙ-වල්
119125448,1547084,si,වුල්බන්ස්
119125525,1547085,si,වොලයින්ස්-සර්-සයින්
119125602,1547086,si,වොලයින්ස්-ලෙස්-ප් රොවින්ස්
119125679,1547087,si,වුලිනෙස්
119125833,1547089,si,වියුලෙසින්
119125910,1547090,si,විලේෆ්‍රැන්ච්
119126064,1547092,si,\N
119126218,1547094,si,ඇවරි
119126295,1547095,si,වර්විල්
119126449,1547097,si,වර්න්කෝර්ට්
119126526,1547098,si,වර්න්
119126680,1547100,si,වොයිල්
119126834,1547102,si,\N
119126911,1547103,si,\N
119127142,1547106,si,විරිග්නි
119127219,1547107,si,විරිග්නි
119127296,1547108,si,විරිග්නි
119127373,1547109,si,විග්නි මවුස්
119127450,1547110,si,විග්නි-ඔක්ස්-බොයිස්
119127527,1547111,si,ව්රිඅන්ගේ
119127681,1547113,si,ව්රෙල්ය්
119127835,1547115,si,වර්ග්නි
119127912,1547116,si,ව්රෙගිල්ලේ
119127989,1547117,si,ව්රෙඩ්
119128066,1547118,si,වර්කෝර්ට්
119128143,1547119,si,\N
119128220,1547120,si,වර්ස්විල්
119128297,1547121,si,වර්විල්
119128451,1547123,si,වර්න්කෝර්ට්
119128528,1547124,si,ව්රිග්නෙස්-ලෙස-හොර්නොය්
119128605,1547125,si,ව්රිග්නෙස්-එන-එර්මංදොඉස්
119128759,1547127,si,වෝබර්න්
119128836,1547128,si,වොයිනස්
119128913,1547129,si,වොන්නේ
119128990,1547130,si,වොව්රේ-එන්-බෝර්න්ස්
119129144,1547132,si,වොව්ස්
119129452,1547136,si,\N
119129529,1547137,si,\N
119129606,1547138,si,වවුසියර්ස්
119129683,1547139,si,වවුසෙරොන්
119129760,1547140,si,\N
119129837,1547141,si,වවුසයිල්ස්
119129914,1547142,si,වොක්සි
119129991,1547143,si,වොව්රේ-සර්-ලොයර්
119130068,1547144,si,වොව්රේ-සර්-හයිස්නේ
119130222,1547146,si,වොඋව්රය්
119130299,1547147,si,වොඋව්රය්
119130376,1547148,si,වොවන්ට්
119130453,1547149,si,වවුට් රේ
119130530,1547150,si,වවුතන්-හවුට්
119130607,1547151,si,වොඋතොන්-බස්
119130684,1547152,si,වුඩ්ස්ටන්
119130761,1547153,si,වවුටෙසාක්
119130838,1547154,si,වවුටෙනේ-සර්-කියුර්
119130915,1547155,si,වොසාක්
119131146,1547158,si,වර්ල්ස්
119131223,1547159,si,\N
119131300,1547160,si,වොනුවෙල්-සර්-වියාන්
119131377,1547161,si,වොනියුල්-සෝස්-බියාර්ඩ්
119131454,1547162,si,වොල්ක්ස්
119131531,1547163,si,වුඩ්ලෝන්
119131608,1547164,si,වොල්ටෙගන්
119131685,1547165,si,වොල්පේක්ස්
119131762,1547166,si,වොලන්
119131839,1547167,si,වොල්ජෙසාක්
119131993,1547169,si,වොලෙම්
119132070,1547170,si,වොලන්ගිස්
119132147,1547171,si,වොලේන්ස්-ලෙස්-ටෙම්ප්ලියර්ස්
119132224,1547172,si,වොජෝකෝර්ට්
119132301,1547173,si,වුඩ්විල්
119132378,1547174,si,ඖඉල්ලොන්
119132455,1547175,si,රෝඋවිල්ලෙර්ස්
119132532,1547176,si,වොයිල් ලෙස් මාරේස්
119132609,1547177,si,\N
119132686,1547178,si,\N
119132840,1547180,si,වෝහෙනන්ස්
119132994,1547182,si,වවුහේ
119133071,1547183,si,වොඋහර්ටේ
119133148,1547184,si,වොගී
119133225,1547185,si,වොගී
119133456,1547188,si,වොග්ලන්ස්
119133610,1547190,si,\N
119133687,1547191,si,වොග්කෝර්ට්
119133918,1547194,si,වොකෝර්ට්
119133995,1547195,si,\N
119134072,1547196,si,වවුඩෙනේ
119134226,1547198,si,ඖඅර්කෙස්
119134303,1547199,si,වෝ
119134457,1547201,si,වොස්නොන්
119134534,1547202,si,වොස්නි-රොමේනි
119134611,1547203,si,වොස්බල්ස්
119134842,1547206,si,වෝර්ස්
119134919,1547207,si,වෝර්නායි
119135073,1547209,si,වෝර්ලි
119135150,1547210,si,වෝර්ජස් ලෙස් පින්ස්
119135227,1547211,si,වෝර්ජස්
119135304,1547212,si,වෝරි
119135381,1547213,si,වෝරෙප්පේ
119135458,1547214,si,වොරේ-සර්-එල්-ඔග්නොන්
119135535,1547215,si,වෝනාස්
119135612,1547216,si,වොන්ග්නෙස්
119135689,1547217,si,වොංගස්
119135766,1547218,si,වොන්ක්
119135920,1547220,si,වොමෙකෝර්ට්-සර්-මැඩන්
119135997,1547221,si,වොමෙකෝර්ට්
119136074,1547222,si,වොල්ක්ස්
119136151,1547223,si,වොල්වික්
119136459,1547227,si,වොල්ස්ට්‍රොෆ්
119136536,1547228,si,වොල්පජෝලා
119136613,1547229,si,වොලොන්
119136767,1547231,si,වොලොන්
119136844,1547232,si,නූරික්ස්-වොලොග්නාට්
119136921,1547233,si,වොල්නේ
119137075,1547235,si,වොල්නේ
119137152,1547236,si,වොල්මුන්ස්ටර්
119137229,1547237,si,වොල්මරන්ජ් ලෙස් මයින්ස්
119137306,1547238,si,වොල්මරන්ජ් ලෙස් බුලේ
119137383,1547239,si,වොලෝර්-විල්
119137460,1547240,si,වොලෝර්-මොන්ටාන්
119137614,1547242,si,වොක්ස්බර්ග්
119137845,1547245,si,වොල්ගර්
119137999,1547247,si,වොලෙස්ව්රෙස්
119138076,1547248,si,වොල්කරින්ක්හෝව්
119138153,1547249,si,වොයිවර්ස් ලෙස් ලෙ මෑන්ස්
119138230,1547250,si,වොයිටර්
119138307,1547251,si,වොයිසායි
119138384,1547252,si,විස්සෝන්
119138461,1547253,si,වොයිසින්ස්-ලෙ-බ් රෙටොනොක්ස්
119138538,1547254,si,වොයිසින්
119138615,1547255,si,වොයිසින්
119138923,1547259,si,වොයිසි
119139000,1547260,si,වොයිසෙනොන්
119139077,1547261,si,හඬ
119139154,1547262,si,වොයිස්ක් රෙවිල්
119139231,1547263,si,වොයිරොන්
119139385,1547265,si,වොයිරස්
119139693,1547269,si,වොයින්ස්ල්ස්
119139847,1547271,si,වොයින්මොන්ට්
119139924,1547272,si,වොයිම්හවුට්
119140001,1547273,si,වොයිල්කොම්ට්
119140078,1547274,si,ඔඉල්ලංස්
119140309,1547277,si,ඔඉග්න්ය
119140386,1547278,si,වොයිඩ් වැකෝන්
119140463,1547279,si,වෝහාරිස්
119140540,1547280,si,වෝග්
119140617,1547281,si,වොග්ලාන්ස්
119140694,1547282,si,වොල්ගල්ස්හයිම්
119140771,1547283,si,වොගල්ග් රන්
119140848,1547284,si,ඔඑඋඉල්-එට්-ගිගේට්
119141002,1547286,si,වොලර්ඩින්ගන්
119141079,1547287,si,වොල්ෆ්ලින් ලෙස් බුසන්විල්
119141156,1547288,si,වොග්ට්ලින්ෂෝෆන්
119141233,1547289,si,වොඩබල්
119141310,1547290,si,වොචාන්චේ
119141541,1547293,si,\N
119141695,1547295,si,වික්ස්
119141772,1547296,si,වික්ස්
119141849,1547297,si,විවි
119141926,1547298,si,විවෝන්
119142003,1547299,si,විවෝයින්
119142080,1547300,si,විවිල්
119142157,1547301,si,\N
119142311,1547303,si,විවීස්
119142388,1547304,si,විවියර්ස්-සර්-චියර්ස්
119142465,1547305,si,විවියර්ස්-සර්-ආර්ටෝ
119142619,1547307,si,විවියර්ස් ලෙස් මොන්ටාන්ස්
119142696,1547308,si,විවියර්ස් ලෙස් ලාවාර්
119142773,1547309,si,විවියර්ස් ලෙ ග් රාස්
119142850,1547310,si,විවියර්ස්
119143004,1547312,si,විවියර්ස්
119143158,1547314,si,විවියර්ස්
119143235,1547315,si,විවියර්ස්
119143389,1547317,si,විවියර් ඕ කෝට්
119143543,1547319,si,විවෙය්
119143620,1547320,si,විවර්ස්
119143697,1547321,si,විවරෝල්
119143774,1547322,si,වීවන්
119143851,1547323,si,විවාරියෝ
119143928,1547324,si,විවාන්ස්
119144005,1547325,si,විවායිස්
119144082,1547326,si,විවුස් ලා චීසාස්
119144159,1547327,si,විස්-එන්-සලාස්
119144313,1547329,si,විට්ස්-සර්-ඔති
119144390,1547330,si,විටන්විල්
119144467,1547331,si,විටන්කෝට්
119144544,1547332,si,විටර්ස්බර්ග්
119144621,1547333,si,විටෙල්
119144698,1547334,si,විටෙෆ්ලර්
119144775,1547335,si,ඉත්තෙඖෂ්
119144852,1547336,si,විටාර්විල්
119144929,1547337,si,විට් රි-සර්-සයින්
119145006,1547338,si,විට් රි-සර්-ඕර්න්
119145083,1547339,si,විට් රි-සර්-ලෝයර්
119145160,1547340,si,විට් රි ලෙස් නෝජන්ට්
119145237,1547341,si,විට් රි ලෙස් ක්ලූනි
119145314,1547342,si,විට් රි ලෙ ෆ් රැන්චෝයිස්
119145391,1547343,si,විට් රි ලෙ ක් රොයිස්
119145468,1547344,si,විට් රි ලා විල්
119145545,1547345,si,විට් රි-ලැච්
119145622,1547346,si,විට් රි-එන්-පර්ටෝයිස්
119145776,1547348,si,විට් රි-එන්-චරොලයිස්
119145853,1547349,si,විට් රි-එන්-ආර්ටෝයිස්
119145930,1547350,si,විට් රි ඔක්ස් ලොග්ස්
119146007,1547351,si,විට් රෝල්ස්
119146084,1547352,si,විට් රොල්ස්-එන්-ලුබෙරොන්
119146161,1547353,si,විට් රෝල්ස්
119146238,1547354,si,විට්‍රිමොන්ට්
119146469,1547357,si,විට්‍රෙය්
119146546,1547358,si,විට් රි-සර්-මෑන්ස්
119146700,1547360,si,විට් රොක්ස්
119146777,1547361,si,විට්රේ
119146854,1547362,si,විට්රේ
119146931,1547363,si,විට් රේ සෝස් බ් රෙසොල්ස්
119147008,1547364,si,විට් රේ-එන්-බොස්
119147162,1547366,si,විට් රේ
119147239,1547367,si,විට් රායි-සෝස්-ලයිගල්
119147316,1547368,si,විට් රැක්-සර්-මොන්ටන්
119147393,1547369,si,විට් රැක්-සෙන්ට් වින්සන්ට්
119147547,1547371,si,ඉත්රක්-එන-විඅදෙනේ
119147624,1547372,si,විට්රැක්
119147701,1547373,si,විට්රැක්
119147778,1547374,si,විට්රැක්
119147855,1547375,si,විටර්න්
119147932,1547376,si,විටර්බේ
119148240,1547380,si,විසෙයිචේ
119148317,1547381,si,විස්සෙක්
119148548,1547384,si,විස්මස්
119148625,1547385,si,විස්කර්
119148702,1547386,si,විසේර්නි
119148779,1547387,si,විස්-එන්-ආර්ටෝයිස්
119148933,1547389,si,විස්කොම්ටාට්
119149010,1547390,si,විසාන්
119149087,1547391,si,විරි-නූරෙයිල්
119149164,1547392,si,විරි-චැටිලන්
119149241,1547393,si,විර්ට්
119149318,1547394,si,විර්ට්
119149395,1547395,si,විර්ට්
119149472,1547396,si,වීඩ්විල්
119149549,1547397,si,වර්සන්
119149626,1547398,si,වර්සාක්
119149703,1547399,si,විරෝන්වයි
119149780,1547400,si,විරොන්චෝ
119149934,1547402,si,විරොලට්
119150319,1547407,si,විරෝෆ්ලේ
119150396,1547408,si,විර්මිං
119150550,1547410,si,විර්ලට්
119150627,1547411,si,විර්ලට්
119150704,1547412,si,විරිවිල්
119150781,1547413,si,වර්ජිනින්
119150858,1547414,si,විරිග්නොක්ස්
119150935,1547415,si,විරියු-ලෙ-පෙටි
119151012,1547416,si,විරියු-ලෙ-ග් රෑන්ඩ්
119151089,1547417,si,විරියු
119151166,1547418,si,විරිසෙල්ස්
119151243,1547419,si,විරියට්
119151320,1547420,si,කන්යාභාවය
119151397,1547421,si,විරේ-සෝස්-බාර්
119151474,1547422,si,විරේ
119151551,1547423,si,විරේ
119151628,1547424,si,විරේ ලෙ ග් රෑන්ඩ්
119151705,1547425,si,විරෝ වොලරන්ඩ්
119151782,1547426,si,විරෝ-මොල්හයින්
119152244,1547432,si,විරෙලාඩ්
119152321,1547433,si,විරේ-එන්-ෂැම්පේන්
119152398,1547434,si,විරෙකෝර්ට්
119152552,1547436,si,ඉරෙඖෂ්
119152629,1547437,si,විරේ
119152706,1547438,si,විරේ
119152783,1547439,si,විරේ-සර්-ලොට්
119152860,1547440,si,විරාසීල්
119153014,1547442,si,විරාර්ගස්
119153091,1547443,si,විරන්දේවිල්
119153168,1547444,si,විරාක්
119153245,1547445,si,විරා
119153399,1547447,si,විප්ලේක්ස්
119153476,1547448,si,වියෝසාන්
119153784,1547452,si,වියොන්විල්
119153861,1547453,si,වයින්ස්
119153938,1547454,si,වියොන්
119154015,1547455,si,වියොන්
119154092,1547456,si,විමොනිල්
119154169,1547457,si,වයෝල්ස්-ලෙ-ෆෝට්
119154246,1547458,si,වයලට්
119154323,1547459,si,වයල්ස්
119154400,1547460,si,වයලේ
119154477,1547461,si,වයලයින්
119154554,1547462,si,වීඩෝස්
119154631,1547463,si,විඕකෝර්ට්
119154708,1547464,si,\N
119154785,1547465,si,වින්සියර්
119154862,1547466,si,වින්සෙල්ලස්
119154939,1547467,si,වින්සෙල්ලස්
119155247,1547471,si,වින්ස්-සර්-කැරමි
119155324,1547472,si,වින්සොබ්රෙස්
119155555,1547475,si,විනොන්-සර්-වර්ඩන්
119155632,1547476,si,විනෝන්
119155709,1547477,si,වින්නියුෆ්
119155786,1547478,si,විනෙමර්විල්
119155863,1547479,si,වින්ට්-හනාප්ස්
119155940,1547480,si,වින්ග්රාව්
119156171,1547483,si,විනුවෙල්-සෙන්ට්-ෆර්මින්
119156248,1547484,si,විනියුයිල්
119156325,1547485,si,විනියුයිල්
119156402,1547486,si,විනෙට්ස්
119156556,1547488,si,වින්ඩ්රාක්-ඇලයිරාක්
119156787,1547491,si,වින්දේ
119156941,1547493,si,වින්ඩෙල්
119157018,1547494,si,වින්ඩෙෆොන්ටයින්
119157095,1547495,si,වින්දෙච්ය්
119157172,1547496,si,වින්සි-රූයිල් සහ මැග්නි
119157249,1547497,si,වින්සි - උපාමාරු
119157326,1547498,si,වින්ක්ලි
119157403,1547499,si,වින්සි
119157557,1547501,si,වින්සන්ට්
119157634,1547502,si,වින්සන්ස්
119157788,1547504,si,වින්සෙලොට්ස්
119157865,1547505,si,වින්සෙල්ස්
119157942,1547506,si,වින්සෙල්ස්
119158019,1547507,si,වින්සෙල්ස්
119158096,1547508,si,වින්සෙල්ස්
119158173,1547509,si,විනා
119158250,1547510,si,විනයි
119158327,1547511,si,විනයි
119158404,1547512,si,විනාක්ස්
119158481,1547513,si,විනාස්සන්
119158558,1547514,si,විනාන්ටෙස්
119158712,1547516,si,විමි
119158789,1547517,si,විම්පෙල්ස්
119158866,1547518,si,විමුටියර්ස්
119158943,1547519,si,විමෝරි
119159097,1547521,si,විමොන්ට්
119159174,1547522,si,විමිනෙස්
119159328,1547524,si,විමේනිල්
119159405,1547525,si,විමෙනෙට්
119159559,1547527,si,විමාර්ටින්-සර්-ඔර්ත්
119159713,1547529,si,විල්ස්බර්ග්
119160098,1547534,si,විලෝරි
119160252,1547536,si,විලි-ලෙස්-ෆලයිස්
119160329,1547537,si,විලි-ලෙ-පෙලොක්ස්
119160406,1547538,si,විලි-ලෙ-මූටියර්
119160483,1547539,si,විලි-ලෙ-මාෂල්
119160560,1547540,si,විලි-ලෙ-හවුට්
119160637,1547541,si,විලි-ලෙ-බුවරෙට්
119160714,1547542,si,විලි-ලෙ-බොයිස්
119160791,1547543,si,විලි-සර්-යෙරෙස්
119160868,1547544,si,විලී-එන්-ට්‍රෝඩ්ස්
119160945,1547545,si,විලි-එන්-ඔක්සෝයිස්
119161022,1547546,si,විලී-බොකේජ්
119161099,1547547,si,විලී
119161176,1547548,si,විලී
119161330,1547550,si,විල්ලුයිස්
119161407,1547551,si,විලූක්සෙල්
119161638,1547554,si,විලෝට්-සර්-ඔර්ස්
119161715,1547555,si,විලෝට්-සර්-ඒර්
119161792,1547556,si,විලෝට්-සෙන්ට්-සයින්
119161869,1547557,si,විලෝට්-ඩෙවන්ට්-ලූපි
119162023,1547559,si,විල්ලෝටේ
119162100,1547560,si,විලෝට්‍රන්
119162254,1547562,si,විලෝර්සෝ
119162331,1547563,si,විලෝන්ස්-ලෙස්-බියුසන්ස්
119162408,1547564,si,විලෝන්කෝට්
119162485,1547565,si,විලෝන්
119162716,1547568,si,විලොග්නොන්
119162793,1547569,si,විලිං
119162947,1547571,si,විලියර්ස්-විනොක්ස්
119163101,1547573,si,විලියර්ස්-සර්-යොන්
119163178,1547574,si,විලර්ස්-සර්-ට් රී
119163255,1547575,si,විලියර්ස්-සර්-තෝලන්
119163409,1547577,si,විලියර්ස්-සර්-සුයිස්
119163486,1547578,si,විලියර්ස්-සර්-සයින්
119163563,1547579,si,විලියර්ස්-සර්-ඔර්ජ්
119163640,1547580,si,විලියර්ස්-සර්-මොරින්
119163717,1547581,si,විලියර්ස්-සෙන්ට්-ඩෙනිස්
119163794,1547582,si,විලියර්ස්-සර්-මාර්න්
119163871,1547583,si,විලියර්ස්-සර්-මාර්න්
119163948,1547584,si,විලියර්ස්-සර්-ලොයර්
119164025,1547585,si,විලියර්ස්-සර්-චිස්
119164179,1547587,si,විලියර්ස් සෝස් ප් රස්ලින්
119164256,1547588,si,විලියර්ස්-සෝ-මෝර්ටාන්
119164333,1547589,si,විලියර්ස් සෝස් ග් රෙස්
119164410,1547590,si,විලියර්ස්-සෙන්ට්-ඔරියන්
119164487,1547591,si,විලියර්ස්-සෙන්ට් ජෝර්ජ්
119164564,1547592,si,විලියර්ස්-සෙන්ට්-ෆ් රෙඩරික්
119164641,1547593,si,විලියර්ස්-සෙන්ට්-බෙනොයිට්
119164795,1547595,si,විලියර්ස්-ලුවී
119165180,1547600,si,විලියර්ස් ලෙස් හවුට්ස්
119165257,1547601,si,විලියර්ස් ලෙ සෙක්
119165334,1547602,si,විලියර්ස් ලෙ සෙක්
119165411,1547603,si,විලියර්ස් ලෙ සෙක්
119165642,1547606,si,විලර්ස් ලෙස් කැග්නිකෝර්ට්
119165796,1547608,si,විලියර්ස්-ලෙ-රොක්ස්
119165873,1547609,si,විලියර්ස් ලෙ ප් රේ
119165950,1547610,si,විලියර්ස්-ලෙ-මෝර්හියර්
119166027,1547611,si,විලියර්ස්-ලෙ-මහියු
119166104,1547612,si,විලියර්ස් ලෙ ඩක්
119166181,1547613,si,විලියර්ස්-ලෙ-බ් රූල්
119166335,1547615,si,විලියර්ස් ලෙ බොයිස්
119166412,1547616,si,විලියර්ස්-ලෙ-බෙල්
119166489,1547617,si,විලියර්ස් ලෙ බැක්ල්
119166720,1547620,si,විලියර්ස්-හර්බිස්
119166797,1547621,si,විලියර්ස්-ෆොසාඩ්
119166874,1547622,si,විලියර්ස්ෆොක්ස්
119166951,1547623,si,විලියර්ස්-එන්-ප්ලේන්
119167028,1547624,si,විලියර්ස්-එන්-මෝර්වන්
119167105,1547625,si,විලියර්ස්-එන්-ලියෝ
119167182,1547626,si,විලියර්ස්-එන්-ඩෙසෝවර්
119167259,1547627,si,විලියර්ස්-එන්-බොයිස්
119167336,1547628,si,විලියර්ස්-එන්-බියර්
119167413,1547629,si,විලියර්ස්-කූචර්
119167490,1547630,si,විලියර්ස්-චාර්ලමන්
119167567,1547631,si,පර්සෙනීජ්
119167644,1547632,si,විලියර්ස්-ඔක්ස්-කෝර්නියල්ස්
119167721,1547633,si,විලියර්ස් ඔක්ස් චෙනස්
119167798,1547634,si,විලියර්ස්-ඔක්ස්-බොයිස්
119167875,1547635,si,විලියර්ස් ඕ බුයින්
119167952,1547636,si,විලියර්ස්-ඇඩම්
119169030,1547650,si,විලියර්ස්
119169107,1547651,si,විලියර්ස්
119169184,1547652,si,විලී-මෝර්ගන්
119169261,1547653,si,විලෙස්-සර්-ලෙ-නියුබර්ග්
119169338,1547654,si,විලෙස්-සෝස්-බයිල්
119169569,1547657,si,විලී-සර්-ටිලේ
119169646,1547658,si,විලී-සාන්ත-එටියන්
119169723,1547659,si,විලී-ලෙ-සෙක්
119169800,1547660,si,විලෙක්සේවියර්
119169877,1547661,si,විලෙක්සැන්ටන්
119170031,1547663,si,විලෙවොක්ස්
119170185,1547665,si,විල්ලෙවෝචාන්චේ
119170493,1547669,si,විල්වියුස්
119170878,1547674,si,විල්විල්
119171032,1547676,si,විල්වෙයාරැක්
119171340,1547680,si,විල්වෙක්
119171494,1547682,si,විලේවෙන්නාඩ්
119171879,1547687,si,විල්ලෙවුඩේ
119171956,1547688,si,විල්වල්ලියර්
119172264,1547692,si,විලියුර්බන්නේ
119172341,1547693,si,විලට්-සර්-ඕබ්
119172418,1547694,si,විලේට්ස්
119172495,1547695,si,විලට් ලෙස් ඩෝල්
119172649,1547697,si,විලට් ලෙස් ආර්බෝයිස්
119172726,1547698,si,විලට්-ඩි-වින්
119172803,1547699,si,විලට්-ඩී-ඇන්ටන්
119172880,1547700,si,විලේට්
119172957,1547701,si,විලේට්
119173034,1547702,si,විලට්-සර්-අයින්
119173342,1547706,si,විලෙට්රන්
119173496,1547708,si,විලෙටෝරෙක්ස්
119173573,1547709,si,විලේටන්
119173650,1547710,si,විලේතියරි
119173727,1547711,si,විලේටෙල්
119173804,1547712,si,විලේටේනියස්
119174112,1547716,si,විල්-සර්-යර්න්
119174189,1547717,si,විල්-සර්-ටුවර්බේ
119174266,1547718,si,විල්ලේ-සුරැ-ටෙර්රේ
119174343,1547719,si,විල්-සර්-සෝල්ක්ස්
119174420,1547720,si,විල්-සර්-රෙටෝන්
119174497,1547721,si,විල්-සර්-ලුම්ස්
119174574,1547722,si,විල්ලේ-සුරැ-අර්නිඖෂ්
119174651,1547723,si,විල්-සර්-ඉලෝන්
119174728,1547724,si,විල්-සර්-කූසැන්ස්
119174805,1547725,si,විල්-සර්-ආර්ස්
119174882,1547726,si,විල්-සර්-ඇන්ක් රේ
119174959,1547727,si,විල්ස්-සර්-අවුසන්
119175036,1547728,si,විල්ස්පි
119175113,1547729,si,විල්ස්පාසන්ස්
119175190,1547730,si,විල්-සෝස්-ලා-ෆර්ටේ
119175267,1547731,si,විල්-සෝස්-ඇන්ජු
119175344,1547732,si,විලෙසිස්කල්
119175575,1547735,si,විලෙස්කෙලන්ඩ්
119175652,1547736,si,විලෙසෙක්-ඩෙස්-කෝර්බියර්ස්
119175729,1547737,si,විලේසෙක්
119175806,1547738,si,විල්සෙනොක්ස්
119175883,1547739,si,විලේසෙල්ව්
119175960,1547740,si,විල්-සැවෝයි
119176499,1547747,si,විල්-සෙන්ට්-ජැක්ස්
119176653,1547749,si,විලෙස්කොප්
119176730,1547750,si,විලේරි
119176807,1547751,si,විලර්විල්
119176884,1547752,si,විලෙරෙප්ට්
119176961,1547753,si,විලර්ස්-විකොම්ටේ
119177038,1547754,si,විලර්ස්-වර්මොන්ට්
119177115,1547755,si,විලර්ස්-වෝඩි
119177192,1547756,si,විලර්ස්-ටුවර්නෙල්
119177269,1547757,si,විලර්ස්-සර්-සෝල්නෝ
119177346,1547758,si,විලර්ස්-සර්-පෝට්
119177423,1547759,si,විලර්ස්-සර්-නයිඩ්
119177500,1547760,si,විලර්ස්-සර්-මෝස්
119177577,1547761,si,විලර්ස්-සර්-මර්
119177731,1547763,si,විලර්ස්-සර්-ලෙ-රූල්
119177808,1547764,si,විලර්ස්-සර්-ලෙ-මොන්ට්
119177885,1547765,si,විලර්ස්-සර්-ෆෙරේ
119177962,1547766,si,විලර්ස්-සර්-කවුඩන්
119178039,1547767,si,විලර්ස්-සර්-බොනියර්ස්
119178116,1547768,si,විලර්ස්-සර්-ඔති
119178193,1547769,si,විලර්ස්-සර්-ඕචි
119178270,1547770,si,විලර්ස්-ස්ටොන්කෝර්ට්
119178347,1547771,si,විලර්ස්-සෝස්-සෙන්ට්-ලියු
119178424,1547772,si,විලර්ස්-සෝස්-ප් රිනි
119178501,1547773,si,විලර්ස්-සෝස්-පැරයිඩ්
119178578,1547774,si,විලර්ස්-සෝස්-මොන්ට් රොන්ඩ්
119178655,1547775,si,විලර්ස්-සූ-ෆුකාර්මොන්ට්
119178732,1547776,si,විලර්ස්-සෝස්-චැටියොන්
119178809,1547777,si,විලර්ස්-සෝස්-චාලමොන්ට්
119178963,1547779,si,විලර්ස්-සෝස්-අයිලි
119179040,1547780,si,විලර්ස්-සර්-සයිමන්
119179117,1547781,si,විලර්ස්-සර්-නිකෝල්
119179194,1547782,si,විලර්ස්-සෙමියුස්
119179271,1547783,si,විලර්ස්-සෙන්ට්-සෙපුල්ක් රේ
119179348,1547784,si,විලර්ස්-සාන්ත පෝල්
119179425,1547785,si,විලර්ස්-සෙන්ට්-මාටින්
119179502,1547786,si,විලර්ස්-සෙන්ට්-ජෙනෙස්ට්
119179579,1547787,si,විලර්ස්-සෙන්ට්-ෆ් රැම්බර්ග්
119179656,1547788,si,විල්ලෙර්ස්-සින්ට්-ච්රිස්ටෝෆේ
119179733,1547789,si,විලර්ස්-සෙන්ට්-බාතෙලමි
119179810,1547790,si,විලර්ස්-රොටින්
119179887,1547791,si,විලර්ස්-රොබට්
119179964,1547792,si,විල්ලෙර්ස්-පොල්
119180041,1547793,si,විලර්ස්-ප්ලෝයිච්
119180118,1547794,si,විලර්ස්-පැට්රාස්
119180272,1547796,si,විලර්ස්-අවුට් රොක්ස්
119180349,1547797,si,විලර්ස්-මර්මරි
119180426,1547798,si,විලර්ස්-එල් හොපිටල්
119180503,1547799,si,විලර්ස් ලෙ ටුවර්නර්
119180580,1547800,si,විලර්ස්-ලෙ-ටිලියුල්
119180657,1547801,si,විලර්ස්-ලෙස්-රෝයි
119180734,1547802,si,විලර්ස්-ලෙස්-පොට්ස්
119180811,1547803,si,විලර්ස් ලෙස් ඕර්ම්ස්
119180888,1547804,si,විලර්ස්-ලෙස්-නැන්සි
119180965,1547805,si,විලර්ස් ලෙස් මොයිව්රන්ස්
119181042,1547806,si,විලර්ස්-ලෙස්-මැන්ජියන්ස්
119181119,1547807,si,විලර්ස් ලෙස් ලක්සූයිල්
119181196,1547808,si,විලර්ස්-ලෙස්-ගුයිස්
119181273,1547809,si,විලර්ස් ලෙ සෙක්
119181350,1547810,si,විලර්ස් ලෙ සෙක්
119181427,1547811,si,විලර්ස් ලෙ සෙක්
119181504,1547812,si,විලර්ස් ලෙ සෙක්
119181581,1547813,si,විලර්ස්-ලෙස්-බොයිස්
119181658,1547814,si,විලර්ස්-ලෙ-රොන්ඩ්
119181735,1547815,si,විලර්ස්-ලෙ-ලැක්
119181812,1547816,si,විලර්ස්-ලෙ-චැටෝ
119181889,1547817,si,විලර්ස්-ලා-විල්
119181966,1547818,si,විලර්ස්-ලා-මොන්ටේන්
119182043,1547819,si,විලර්ස් ලා ෆේ
119182197,1547821,si,විලර්ස්-ලා-චෙව්රේ
119182274,1547822,si,විල්ලෙර්ස්-හෙලෝන්
119182351,1547823,si,විලර්ස්-ගුයිස්ලේන්
119182428,1547824,si,විලර්ස්-ග්‍රෙලොට්
119182505,1547825,si,විලර්ස්-ෆ් රැන්කෝ
119182582,1547826,si,විලර්ස්-ෆෝකන්
119182659,1547827,si,විලර්ස්-ෆාර්ලේ
119182736,1547828,si,විලර්සෙක්සෙල්
119182890,1547830,si,විලර්ස්-එන්-වෙක්සින්
119182967,1547831,si,විලර්ස්-එන්-ප් රයර්ස්
119183044,1547832,si,විලර්ස්-එන්-ඕචේ
119183121,1547833,si,විලර්ස්-එන්-හේ
119183198,1547834,si,විලර්ස්-එන්-කවුචිස්
119183275,1547835,si,විලර්ස්-එන්-ආර්තීස්
119183352,1547836,si,විලර්ස්-එන්-ආර්ගොන්
119183429,1547837,si,විලර්ස්-එකල්ස්
119183506,1547838,si,විලර්ස්-ඩෙවන්ට්-මූසන්
119183583,1547839,si,විලර්ස්-ඩෙවන්ට්-ලෙ-තූර්
119183660,1547840,si,විලර්ස්-ඩෙවන්ට්-ඩන්
119183737,1547841,si,විලර්ස්-කොටරෙට්ස්
119183814,1547842,si,විලර්ස්-ප්රධානියා
119183891,1547843,si,විලර්ස්-චැටෙල්
119183968,1547844,si,විලර්ස්-සර්නේ
119184045,1547845,si,විලර්ස්-කාබොනල්
119184122,1547846,si,විලර්ස්-කැනිවෙට්
119184199,1547847,si,විලර්ස්-කැම්ප්සාර්ට්
119184353,1547849,si,විලර්ස්-බුසෝන්
119184430,1547850,si,විලර්ස්-බෲලින්
119184507,1547851,si,විලර්ස් බ් රෙටොනොක්ස්
119184584,1547852,si,විලර්ස්-බූටන්
119184661,1547853,si,විලර්ස්-බොකේජ්
119184738,1547854,si,විලර්ස්-බොකේජ්
119184815,1547855,si,විලර්ස්-ඔක්ස්-වෙන්ට්ස්
119184892,1547856,si,විලර්ස්-ඔක්ස්-නූඩ්ස්
119184969,1547857,si,විලර්ස්-ඔක්ස්-එරබල්ස්
119185046,1547858,si,විලර්ස්-ඔක්ස්-බොයිස්
119185123,1547859,si,විලර්ස් ඕ ටර්ට්රේ
119185200,1547860,si,විලර්ස් ඕ ෆ්ලෝස්
119185277,1547861,si,විලර්ස් ඕ බෝයිස්
119185354,1547862,si,විලර්ස්-ඇලෙරන්ඩ්
119185431,1547863,si,විලර්ස්-ඇග්රොන්-අයිගුයිසි
119185816,1547868,si,විලර්ස්
119186201,1547873,si,විලර්ස්
119186355,1547875,si,විලරොයි-සර්-ඔති
119186432,1547876,si,විලේරෝයි
119186509,1547877,si,විලේරෝයි
119186586,1547878,si,විලේරෝයි
119186663,1547879,si,විලරූජ්-ටර්මෙනස්
119186740,1547880,si,විලෙරොන්
119186894,1547882,si,විලර්මේන්
119187048,1547884,si,විලර්මේන්
119187125,1547885,si,විලර්වර්සුර්
119187202,1547886,si,විලෙරෙට්
119187279,1547887,si,විලෙරෙට්
119187356,1547888,si,විලෙරෙස්ට්
119187664,1547892,si,විලේරෝ
119187818,1547894,si,විලේරෝ
119187895,1547895,si,විලේරියල්
119187972,1547896,si,විලර්බොන්
119188203,1547899,si,විල්ලෙරබ්ලේ
119188280,1547900,si,විලර්
119188357,1547901,si,විල්කියර්ස්
119188434,1547902,si,විල්කියර්-ඕමොන්ට්
119188511,1547903,si,විල්කියර්
119188742,1547906,si,විල්ප් රොක්ස්
119188896,1547908,si,විලේපොට්
119189050,1547910,si,විල්පෝචර්
119189281,1547913,si,විල්පින්ටේ
119189358,1547914,si,විල්පින්ටේ
119189743,1547919,si,විල්පෙරොට්
119189897,1547921,si,විල්පර්ඩියු
119190051,1547923,si,විලෙපර්ඩ්‍රික්ස්
119190205,1547925,si,විලේපරොයිස්
119190282,1547926,si,විලේපරිසිස්
119190359,1547927,si,විල්පේල්
119190513,1547929,si,විලේනි
119190590,1547930,si,විලෙන්ට්රොයිස්
119190744,1547932,si,විලෙනෝයි
119190898,1547934,si,විලෙනොවෙල්
119191129,1547937,si,විලන්ස්-සර්-සයින්
119191206,1547938,si,විලේනුවෙට්
119191360,1547940,si,ඉල්ලෙනෙඋවෙ-ටෝලොසනේ
119191437,1547941,si,විලෙනොව්-සර්-යොන්
119191514,1547942,si,විලෙනොව්-සර්-වීර්
119191591,1547943,si,විලෙනොව්-සර්-වර්බරි
119191668,1547944,si,විලෙනොව්-සර්-ලොට්
119191745,1547945,si,විලෙනොව්-සර්-ෆෙරී
119191822,1547946,si,විලෙනොව්-සර්-කොනි
119191899,1547947,si,විලෙනොව්-සර්-චර්
119191976,1547948,si,විලෙනොව්-සර්-බෙලෝ
119192053,1547949,si,විලෙනොව්-සර්-ඕවර්ස්
119192130,1547950,si,විලෙනොව්-සර්-ඇලියර්
119192207,1547951,si,විලෙනොව්-සෝස්-පයිමොන්ට්
119192284,1547952,si,විලෙනොව්-සෝස්-ඩැමර්ටින්
119192361,1547953,si,විලෙනොව්-සෝස්-චරිග්නි
119192438,1547954,si,ඉල්ලෙනෙඋවෙ-සින්ට්-විස්තරේ-එට්-විල්ලෙවෝට්ටේ
119192515,1547955,si,ඉල්ලෙනෙඋවෙ-සින්ට්-සල්වෙස්
119192592,1547956,si,ඉල්ලෙනෙඋවෙ-සින්ට්-නිචොලස්
119192669,1547957,si,ඉල්ලෙනෙඋවෙ-සින්ට්-ගෙර්මින්
119192746,1547958,si,ඉල්ලෙනෙඋවෙ-සින්ට්-ගෙඔර්ගේස්
119192823,1547959,si,ඉල්ලෙනෙඋවෙ-සින්ට්-ඩෙනිස්
119192900,1547960,si,ඉල්ලෙනෙඋවෙ-රෙන්නේවිල්ලේ-චෙවිග්න්ය්
119192977,1547961,si,විලෙනොව්-මිනර්වොයිස්
119193054,1547962,si,විලෙනොව්-ලූබෙට්
119193131,1547963,si,විල්නොව් ලෙස් සැබ්ලොන්ස්
119193208,1547964,si,විලෙනොව්-ලෙස්-මොන්ට් රියල්
119193285,1547965,si,විලෙනොව්-ලෙස්-මගුලෝන්
119193362,1547966,si,විලෙනොව්-ලෙස්-ලාවාර්
119193439,1547967,si,විලෙනොව්-ලෙස්-ජෙනෙට්ස්
119193516,1547968,si,විලෙනොව් ලෙස් කෝර්බියර්ස්
119193593,1547969,si,විලෙනොව්-ලෙස්-චාර්නෝඩ්
119193670,1547970,si,විලෙනොව්-ලෙස්-සර්ෆ්ස්
119193747,1547971,si,විලෙනොව්-ලෙස්-බුලොක්
119193824,1547972,si,විලෙනොව්-ලෙස්-බෝඩ්ස්
119193901,1547973,si,විලෙනොව්-ලෙස්-බෙසියර්ස්
119193978,1547974,si,විලෙනොව්-ලෙස්-අවිග්නොන්
119194055,1547975,si,විලෙනොව්-ලෙ-රොයි
119194132,1547976,si,විලෙනොව්-ලෙක්සාන්
119194209,1547977,si,විලෙනොව්-ලෙ-කොම්ට්
119194286,1547978,si,විලෙනොව්-ලා-රිවිරේ
119194363,1547979,si,විලෙනොව්-එල් ආර්චෙවෙක්
119194517,1547981,si,විලෙනොව්-ලා-ලියෝන්
119194671,1547983,si,විලෙනොව්-ලා-ගුයාර්ඩ්
119194748,1547984,si,විලෙනොව්-ලා-ගාරන්
119194825,1547985,si,විලෙනොව්-ලා-ඩොන්ඩග් රේ
119194902,1547986,si,විලෙනොව්-ලා-කොන්ටෙස්
119194979,1547987,si,විලෙනොව්-ලා-කොම්ප්ටල්
119195056,1547988,si,විලෙනොව්-ෆ් රූවිල්
119195133,1547989,si,විලෙනොව්-එන්-මොන්ටාන්
119195210,1547990,si,විලෙනොව්-ඩු-පරේජ්
119195287,1547991,si,විලෙනොව්-ඩු-ලැටෝ
119195441,1547993,si,විලෙනොව්-ඩොල්ම්ස්
119195595,1547995,si,විලෙනොව්-ඩි-රිවිරේ
119195672,1547996,si,විලෙනොව්-ඩී-එන්ට් රවුන්ස්
119195749,1547997,si,විලෙනොව්-ඩි-මෙසින්
119195826,1547998,si,විලෙනොව්-ඩි-මාර්සන්
119195903,1547999,si,විලෙනොව්-ඩි-මාක්
119195980,1548000,si,විලෙනොව්-ඩි-ලා-රාහෝ
119196057,1548001,si,විලෙනොව්-ඩි-ඩූරාස්
119196134,1548002,si,විලේනුව්
119196211,1548003,si,විලෙනොව්-ඩි-බර්ග්
119196288,1548004,si,විලේනුව්
119196365,1548005,si,විලෙනොව්-ඩී-අවාල්
119196442,1548006,si,විලෙනොව්-ඩි-ඇමොන්ට්
119196519,1548007,si,විලෙනොව්-ඩී ඇලියර්
119196596,1548008,si,ඉල්ලෙනෙඋවෙ-ඖ-චෙමින්
119198136,1548028,si,විලේනුව්
119198444,1548032,si,විලේනුව්
119198752,1548036,si,විලේනුව්
119199137,1548041,si,විලේනුව්
119199368,1548044,si,විලේනාවොට්ටේ
119199522,1548046,si,විලෙනාව් ප් රෙස් බර්න්
119199599,1548047,si,විලෙනාව්-ඩෝර්නන්
119199676,1548048,si,විලෙනාව්-ඩි-රියෝන්ස්
119199753,1548049,si,විලේනාවේ
119199830,1548050,si,විලෙනොක්ස් ලා පෙටිට්
119199907,1548051,si,විලෙනොක්ස් ලා ග් රෑන්ඩ්
119199984,1548052,si,විලෙමස්
119200061,1548053,si,විලෙමුර්-සර්-ටාන්
119200138,1548054,si,විල්මුර්ලින්
119200215,1548055,si,විලෙමූර්
119200292,1548056,si,විලේමොයින්
119200369,1548057,si,විලෙමූටියර්ස්
119200446,1548058,si,විලෙමවුස්ටවුසු
119200523,1548059,si,විලෙමෝටියර්
119200754,1548062,si,විල්මෝර්ට්
119200908,1548064,si,විලෙමොරින්
119200985,1548065,si,විලේමොරියන්
119201139,1548067,si,විලෙමොන්ටොයර්
119201755,1548075,si,විලෙමොන්ටයිස්
119202063,1548079,si,විලෙමොම්බල්
119202140,1548080,si,විලේමොලැක්
119202217,1548081,si,විලෙමොයිසන්-සර්-ඔර්ජ්
119202371,1548083,si,විලෙමොයිසන්
119202448,1548084,si,විලෙමොයිරන්-එන්-ඔතේ
119202525,1548085,si,විලෙමොරියු
119202679,1548087,si,විලෙමොක්ස්-සර්-යුරේ
119202833,1548089,si,විලෙමෙරූයිල්
119202910,1548090,si,විල්මර්
119202987,1548091,si,විල්මර්
119203295,1548095,si,විලෙම්බ්‍රේ
119203372,1548096,si,විලෙම්බිට්ස්
119203449,1548097,si,විලෙමෝර්-සර්-වන්
119203680,1548100,si,විල්මේටියර්
119203834,1548102,si,විලෙමරොයිල්
119203911,1548103,si,විලේමරෙචල්
119203988,1548104,si,විල්මාර්ඩි
119204065,1548105,si,විලේමනොචේ
119204142,1548106,si,විල්මන්ඩියර්
119204296,1548108,si,විලේමේන්
119204450,1548110,si,විලෙමාන්-එල් ආර්ජෙන්ටියර්
119204527,1548111,si,විලේමැග්නේ
119204604,1548112,si,විල්මේඩ්
119204681,1548113,si,විලෙලූප්
119204758,1548114,si,විලල්ලොන්ග දෙල්ස් මොන්ට්ස්
119204835,1548115,si,විලෙලොන්ග්-ඩි-ලා-සැලන්ක්
119204912,1548116,si,විලෙලොන්ග්-ඩොඩ්
119205143,1548119,si,විලෙලොන්ග්
119205374,1548122,si,විලෙලොයින්-කුලන්ජ්
119205451,1548123,si,විල්-ලෙ-මාක්ලට්
119205528,1548124,si,විලේලෝරේ
119205605,1548125,si,විල් ලැන්ගි
119205682,1548126,si,විල් ලා ග් රෑන්ඩ්
119205759,1548127,si,විලේජස්ට්
119205836,1548128,si,විලේජුයිෆ්
119205913,1548129,si,විලේජුබර්ට්
119206221,1548133,si,විල්ලෙජෙසුස්
119206606,1548138,si,විල්-ඉසී
119206683,1548139,si,විල්-හූඩ්ල්මොන්ට්
119206837,1548141,si,විලේහර්වියර්ස්
119207068,1548144,si,විලේහාර්ඩොයින්
119207145,1548145,si,විලෙගුසියන්-ලෙ-ලැක්
119207299,1548147,si,විලෙගුයින්
119207376,1548148,si,විලෝ ගඟ
119207453,1548149,si,විලේගොන්ගිස්
119207607,1548151,si,විලෙග්ලි
119207761,1548153,si,විලෙගෙනොන්
119207915,1548155,si,විලේගෞඩින්
119207992,1548156,si,විල්ලෙගට්ස්
119208069,1548157,si,විල්ලෙගට්ස්
119208223,1548159,si,විලෙගයිල්හෙන්ක්
119208300,1548160,si,විලෙගග්නොන්
119208531,1548163,si,විල්ෆ්රැන්ක්
119208608,1548164,si,විල්ෆ්රැන්ක්
119208685,1548165,si,විල්ෆ්රැන්කොන්
119208762,1548166,si,විල්ෆ්රැන්කෝයර්
119208839,1548167,si,විල්ෆ් රාන්ෂ්-සර්-සෝන්
119208916,1548168,si,විල්ෆ් රාන්ෂ්-සර්-මර්
119208993,1548169,si,විලේෆ්‍රැන්ච්
119209147,1548171,si,විල්ෆ් රාන්ෂ්-ඩු-ක්වේරාන්
119209224,1548172,si,විල්ෆ් රාන්ෂ්-ඩු-පෙරිගෝර්ඩ්
119209301,1548173,si,විල්ෆ් රාන්ෂ්-ඩි-රූර්ග්
119209378,1548174,si,විල්ෆ් රාන්ෂ්-ඩි-පැනට්
119209455,1548175,si,විල්ෆ් රාන්ෂ්-ඩි-ලොන්චාට්
119209532,1548176,si,විල්ෆ් රාන්ෂ්-ඩි-ලොරගයිස්
119209609,1548177,si,විල්ෆ් රාන්ෂ්-ඩි-කොන්ෆ්ලන්ට්
119209686,1548178,si,විල්ෆ් රාන්ෂ්-ඩී ඇලියර්
119209763,1548179,si,විල්ෆ් රාන්ෂ්-ඩී ඇල්බිගෝයිස්
119209994,1548182,si,විල්ෆ් රාන්ෂ්-සර්-චර්
119210071,1548183,si,විලේෆ්‍රැන්ච්
119210148,1548184,si,විල්ෆෝර්ට්
119210225,1548185,si,විල්ෆෝර්ට්
119210379,1548187,si,විල්ෆොන්ටේන්
119210456,1548188,si,විල්ෆොලට්
119210533,1548189,si,විල්ෆ්ලෝර්
119210764,1548192,si,විලේෆාවාඩ්
119210918,1548194,si,විලේෆර්ගෝ
119210995,1548195,si,විලේෆග්නන්
119211226,1548198,si,විල්-එන්-වොව්ර්
119211303,1548199,si,විල්-එන්-වර්මොයිස්
119211380,1548200,si,විල්-එන්-ටාර්ඩෙනෝයිස්
119211457,1548201,si,විල්-එන්-සෙල්ව්
119211534,1548202,si,විල්-එන්-සලාස්
119211611,1548203,si,විල්-එන්-බ්ලයිසෝයිස්
119211688,1548204,si,විල්-ඩු-පොන්ට්
119211765,1548205,si,විල්ඩුබර්ට්
119211842,1548206,si,විලෙඩොක්ස්
119212073,1548209,si,විල් ඩොම්මේන්ජ්
119212150,1548210,si,විලෙඩෝමර්
119212227,1548211,si,විල්ඩොමේන්
119212304,1548212,si,විලේ-ඩි-පරාසෝ
119212381,1548213,si,විලේඩියු-සර්-ඉන්ඩ් රේ
119212458,1548214,si,විලේඩියු ලෙස් පොල්ස්
119212535,1548215,si,විලේඩියු-ලෙස්-බයිල්
119212612,1548216,si,විලේඩියු-ලෙ-චැටෝ
119212766,1548218,si,විලේඩියු ලා බ්ලූයර්
119212843,1548219,si,විලේඩියු
119213074,1548222,si,විලේඩියු
119213151,1548223,si,විලේඩියු
119213228,1548224,si,විල්-ඩෙවන්ට්-ෂෝමොන්ට්
119213613,1548229,si,විල්-ඩී-අව්රේ
119213690,1548230,si,විලේඩයින්
119213767,1548231,si,විලෙක් රොස්
119213844,1548232,si,විල්ක්‍රෙන්ස්
119213921,1548233,si,විල්කෝට්
119214075,1548235,si,විලෙකොනින්
119214152,1548236,si,විලෙකොම්ටේ
119214229,1548237,si,විල්කොම්ටල්
119214306,1548238,si,විල්කොම්ටල්-සර්-ආරෝස්
119214383,1548239,si,විල්ක්ලෝයි
119214460,1548240,si,විල්සීන්
119214537,1548241,si,විලෙචියන්
119214691,1548243,si,විලේචේටිව්
119214768,1548244,si,විලේචෙටිෆ්
119214999,1548247,si,විලේචෙනෙව්
119215076,1548248,si,විල්ලෙචුවේ
119215307,1548251,si,විලේචන්ට්‍රියා
119215538,1548254,si,විලේසි-සර්-මැඩ්
119215692,1548256,si,විලේසර්ෆ්
119215846,1548258,si,විලෙසෙලින්
119216000,1548260,si,විල්බ් රූමියර්
119216077,1548261,si,විල්බ්‍රෙට්
119216154,1548262,si,විලේබ්‍රමාර්
119216231,1548263,si,විල්බෝට්
119216308,1548264,si,විල්ලෙබෝඋර්ග්
119216385,1548265,si,විල්බෝගිස්
119216462,1548266,si,විල්බොන්-සර්-යිවෙට්
119216539,1548267,si,විලෙබොන්
119216847,1548271,si,විල්බොයිස්-ලාවාලෙට්
119216924,1548272,si,විලේබොයිස්
119217078,1548274,si,විල්බ්ලෙවින්
119217155,1548275,si,විල්බිචොට්
119217232,1548276,si,විල්ලෙබෙර්න්ය්
119217386,1548278,si,විල්බර්නියර්
119217540,1548280,si,ඉල්ලෙබෙඔන්
119217617,1548281,si,විලේබසි
119217694,1548282,si,විලේබෝඩන්
119217848,1548284,si,විලේබරෝ
119217925,1548285,si,විලේබඩින්
119218079,1548287,si,විලේ-ඕ-වල්
119218156,1548288,si,විල් ඕ මොන්ටෝයිස්
119218233,1548289,si,\N
119218310,1548290,si,මරීනා ඩි ඇන්ඩ්රානෝ
119218387,1548291,si,මරීනා ඩි ඇන්ඩ්රානෝ
119218464,1548292,si,විලාස්
119218541,1548293,si,විලාවාඩ්
119218695,1548295,si,විලෝඩ්රික්
119219157,1548301,si,විලාසවරි
119219311,1548303,si,විලර්සෙල්-ඩු-රේස්
119219388,1548304,si,විලර්සෙල්-කබාර්ඩ්ස්
119219465,1548305,si,විලර්ස්-සර්-වර්
119219542,1548306,si,විලාර්ස්-සෝස්-ඉකෝට්
119219619,1548307,si,විලාර්ස්-සූ-ඩැම්පොක්ස්
119219696,1548308,si,විලර්ස්-සාන්ත-මර්සෙලින්
119219773,1548309,si,විලර්ස්-සාන්ත ජෝර්ජස්
119219927,1548311,si,විලර්ස්-ලෙ-සෙක්
119220004,1548312,si,විලර්ස්-ලෙස්-ඩොම්බේස්
119220081,1548313,si,විලර්ස්-ලෙස්-බොයිස්
119220158,1548314,si,විලාර්ස් ලෙස් බ්ලැමොන්ට්
119220235,1548315,si,විලාර්ස්-ලෙ-පවුටෙල්
119220389,1548317,si,විලර්ස්-ෆොන්ටේන්
119220466,1548318,si,විලාර්ස් සහ විලෙනෝට්
119220543,1548319,si,විලර්ස්-එන්-පොන්ස්
119220620,1548320,si,විලාර්ස්-එන්-අසෝයිස්
119220774,1548322,si,විලර්ස්-කොල්මාර්ස්
119220928,1548324,si,විලාර්-සෙන්ට්-පෑන්ක් රේස්
119221005,1548325,si,විලාර්-සෙන්ට්-ඇන්සල්මේ
119221159,1548327,si,විලර්ස්
119221313,1548329,si,විලර්ස්
119221390,1548330,si,විලර්ස්
119221467,1548331,si,විලර්ස්
119221621,1548333,si,විලාරෝජර්
119221698,1548334,si,විලාරොඩින්
119222237,1548341,si,විලර්ලුරින්
119222314,1548342,si,විලර්-ලූබියර්
119222391,1548343,si,විලර්ස්
119222468,1548344,si,විලර්ගොන්ඩ්රන්
119222545,1548345,si,විලර්ගෝයිස්
119222699,1548347,si,විලාර්ජන්ට්
119223084,1548352,si,විලාරම්බර්ට්
119223238,1548354,si,විලාර්ඩ්-සර්-ඩෝරන්
119223315,1548355,si,විලාර්ඩ්
119223392,1548356,si,විලාර්ඩ්-සර්-බියන්
119223469,1548357,si,විලාර්ඩ්ස්-ඩී-හෙරියා
119223546,1548358,si,විලාර්ඩ්-සාලෙට්
119223623,1548359,si,විලාර්ඩ්-සෙන්ට්-සෝවර්
119223700,1548360,si,විලාර්ඩ්-සෙන්ට් ක් රිස්ටෝෆ්
119224008,1548364,si,විලාර්ඩ්-රෙකුලස්
119224085,1548365,si,විලර්ඩොනල්
119224316,1548368,si,විලර්ඩ්-ලෙගර්
119224701,1548373,si,විලර්ඩෙබෙල්
119224778,1548374,si,විලාර්ඩ්-ඩී-හෙරි
119224855,1548375,si,විලාර්ඩ් ඩි ලාන්ස්
119224932,1548376,si,විලාර්ඩ්-බොනොට්
119225086,1548378,si,විලාර්-ඩාරීන්
119225317,1548381,si,විලාර්ඩ්
119226318,1548394,si,විලාපූර්කොන්
119226472,1548396,si,විලානෝවා
119226549,1548397,si,විලානියර්
119226626,1548398,si,විලන්ඩ්රි
119226780,1548400,si,විලින්ඩ්‍රෝට්
119227011,1548403,si,විලම්පුයි
119227088,1548404,si,විලමි
119227165,1548405,si,විලම්බ්ලාඩ්
119227242,1548406,si,විලම්බලයින්
119227319,1548407,si,විලෝඩේල්
119227396,1548408,si,විලාලට්
119227627,1548411,si,විලන්විල්
119227704,1548412,si,විලයින්ස්-සෝ-මලිකෝන්
119227781,1548413,si,විලයින්ස්-සෝස්-ලූස්
119227858,1548414,si,විලයින්ස්-සෝ-බොයිස්
119227935,1548415,si,විලයින්ස් ලෙස් රොචර්ස්
119228012,1548416,si,විල්ලිනෙස්-ලෙස-ප්රෙවෝටෙස්
119228089,1548417,si,විලයින්ස් ලා ජුහෙල්
119228166,1548418,si,විලයින්ස් ලා ගොනාස්
119228243,1548419,si,විලයින්ස් ලා කැරල්
119228320,1548420,si,විල්ලිනෙස්-එන-ඩුඑස්මොඉස්
119229090,1548430,si,ගම්මානය-නියුෆ්
119229321,1548433,si,විලාෆන්ස්
119229398,1548434,si,විලාඩින්
119229475,1548435,si,විලාකෝට්
119229552,1548436,si,විලේසර්ෆ්
119229629,1548437,si,විලැක්
119229783,1548439,si,විලාබොන්
119229860,1548440,si,විලාබේ
119230014,1548442,si,විල්හොනර්
119230245,1548445,si,විල්ඩ්-ගුයින්ගලන්
119230322,1548446,si,විල්සි-සර්-ට්රේ
119230399,1548447,si,විල්බට්
119230707,1548451,si,විජෝන්
119230784,1548452,si,විහියර්ස්
119230861,1548453,si,විග්ය්
119230938,1548454,si,විගුඑරෝන්
119231015,1548455,si,විගෝ
119231169,1548457,si,විගුලට්
119231246,1548458,si,විගොඋලන්ට්
119231477,1548461,si,විග්නි
119231554,1548462,si,විග්නි
119231785,1548465,si,විග්නොක්ස්-සර්-බාරන්ජියන්
119231862,1548466,si,විග්නොක්ස්-සෝස්-ලෙස්-අයික්ස්
119232016,1548468,si,විග්නොට්
119232170,1548470,si,මවුන්ටන් වීව්
119232247,1548471,si,විග්නොනෙට්
119232324,1548472,si,විග්නෝල්ස්
119232478,1548474,si,විග්නෝල්ස්
119232555,1548475,si,විග්නෝල්ස්
119232632,1548476,si,විග්නොල්
119232709,1548477,si,විග්නොක්
119232786,1548478,si,විග්නියු
119232940,1548480,si,විග්නේවියිල්
119233017,1548481,si,විග්නොක්ස්-සර්-සයින්
119233094,1548482,si,විග්නොක්ස්-හොකට්
119233171,1548483,si,විග්නොක්ස්-ඩි-බ් රිටේන්
119233248,1548484,si,විග්නියුල්-සූ-මොන්ට්මේඩි
119233325,1548485,si,විග්නියුල්ස්-ලෙස්-හැටන්චැටෙල්
119233402,1548486,si,විග්නියුල්ස්
119233556,1548488,si,විග්නේස්-ලා-කෝට්
119233633,1548489,si,විග්නේස්
119233710,1548490,si,විග්නේස්
119233864,1548492,si,විග්නෙමොන්ට්
119233941,1548493,si,විගනෙල්ලා
119234095,1548495,si,විග්නෙක්
119234249,1548497,si,විග්නොක්ස්
119234480,1548500,si,ඉග්නාසියෝ
119234788,1548504,si,විග්නේල්
119235019,1548507,si,විග්නකෝට්
119235173,1548509,si,ඊගල්ටවුන්
119235250,1548510,si,විග්ජියානෙලෝ
119235327,1548511,si,විජ්විල්
119235481,1548513,si,විගේර්
119235558,1548514,si,විජියෝයිස්
119235712,1548516,si,විෆෝර්ට්
119235789,1548517,si,විෆ්
119235943,1548519,si,විවි-ලෙ-රේ
119236097,1548521,si,වීවි
119236174,1548522,si,විවිල්-සෝස්-ලෙස්-කෝට්ස්
119236251,1548523,si,විවිල්-එන්-හේ
119236328,1548524,si,විඑවිල්ලේ
119236405,1548525,si,විවිග්
119236636,1548528,si,ඉඑඋෂ්-ව්‍ය-සුරැ-ඖඑස්නොන්
119236713,1548529,si,\N
119236790,1548530,si,ඉඑඋෂ්-විඑල්
119236944,1548532,si,\N
119237098,1548534,si,ඉඑඋෂ්-උෆ්ෆෙක්
119237252,1548536,si,ඉඑඋෂ්-රෝඋඑන්-සුරැ-බ්රෙසලේ
119237406,1548538,si,\N
119237560,1548540,si,\N
119237637,1548541,si,ඉඑඋෂ්-පොන්ට්-එන-ඖගේ
119237714,1548542,si,ඉඑඋෂ්-පොන්ට්
119237868,1548544,si,ඉඑඋෂ් මොඋලින්ස්
119237945,1548545,si,ඉඑඋෂ්-මොඋලින්
119238022,1548546,si,ඉඑඋෂ්-මොඋලින්
119238099,1548547,si,ඉඑඋෂ්-මෙස්නිල්
119238176,1548548,si,ඉඑඋෂ්-අරෙඋඉල්
119238253,1548549,si,ලෙ වොක්ස්-මාර්ච්
119238330,1548550,si,ඉඑඋෂ්-මනොඉර්
119238561,1548553,si,ඉඑඋෂ්-ළිෂ්හෙඉම්
119238638,1548554,si,ඉඑඋෂ්-ලෙස-අස්ෆෙල්ඩ්
119238715,1548555,si,\N
119238792,1548556,si,\N
119238869,1548557,si,ඉඑඋෂ්-ෆෙර්රෙට්ටේ
119239100,1548560,si,\N
119239331,1548563,si,\N
119239408,1548564,si,ඉඑඋෂ්-චර්මොන්ට්
119239639,1548567,si,ඉඑඋෂ්-චම්පගනේ
119239716,1548568,si,ඉඑඋෂ්-බෝඋර්ග්
119240409,1548577,si,ඉඑඋෂ්-බෝඋචෞ-ලෙස-බින්ස්
119240486,1548578,si,ඉඑඋෂ්-එර්කුඉන්
119240640,1548580,si,\N
119240717,1548581,si,\N
119240794,1548582,si,\N
119240871,1548583,si,ඉඑඋවික්ක
119240948,1548584,si,වියුසාන්
119241025,1548585,si,ඉඑඋරෙ
119241256,1548588,si,\N
119241333,1548589,si,වියට් යෙන්
119241410,1548590,si,වීතෝරි
119241487,1548591,si,වීසෝයික්ස්
119241564,1548592,si,විස්ලි
119241641,1548593,si,\N
119241949,1548597,si,විර්සන්
119242026,1548598,si,විර්විල්-සර්-මර්
119242103,1548599,si,වීර්විල්
119242180,1548600,si,වීර්විල්
119242334,1548602,si,විර්සාට්
119242642,1548606,si,විඑර්-බොර්දෙස්
119242796,1548608,si,වියන්විල්
119242873,1548609,si,වියන්ස්
119242950,1548610,si,වියාන්-ලෙ-චැටෝ
119243027,1548611,si,වියාන් ලා විල්
119243104,1548612,si,වියෙන්-එන්-වල්
119243181,1548613,si,වියාන්-එන්-බෙසින්
119243258,1548614,si,වියාන්-එන්-ආර්තිස්
119243335,1548615,si,වියාන්
119243412,1548616,si,වියානායි
119243566,1548618,si,විල්වර්ජ්
119243643,1548619,si,විල්ස්-මේසන්ස්
119243720,1548620,si,විල්-සෙන්ට්-රෙමි
119243797,1548621,si,විල්ප් රාට්
119243874,1548622,si,විඑල්මුර්-සුරැ-අගොඋට්
119243951,1548623,si,ඉඑඉල්මෞලින්
119244028,1548624,si,වෙල්මන්
119244182,1548626,si,විඑල්ලේ-ටුර්සන්
119244336,1548628,si,විල්-සුබිරාන්
119244413,1548629,si,ඉඑල්ලෙසෙගුරෙ
119244490,1548630,si,විල්-සෙන්ට්-ජිරෝන්ස්
119244644,1548632,si,විලේනාව්-ඩි-නවාරෙන්ක්ස්
119244721,1548633,si,විඑල්ලේනාවේ-ද'ආර්ථෙළ්
119244798,1548634,si,විල්-ලූරන්
119244875,1548635,si,විලා ජුවාරෙස්
119244952,1548636,si,විල්-අඩෝර්
119245029,1548637,si,වීලා
119245106,1548638,si,වීලා
119245260,1548640,si,විල් ආර්සි
119245491,1548643,si,පරණ මූටියර්
119245568,1548644,si,වීලි
119245799,1548647,si,ඉඑඉල්ලෙවිග්නෙ
119245953,1548649,si,ඉඑඉල්ලෙවිග්නෙ
119246030,1548650,si,\N
119246107,1548651,si,ඉඑඉල්ලෙ-ටෞලෞසෙ
119246184,1548652,si,\N
119246261,1548653,si,ඉඑඉල්ලෙස්-මෛසොන්ස්-සුරැ-ජෝඋද්ර්ය්
119246415,1548655,si,ඉඑඉල්ලෙ-එග්ලිසේ-එන-ය්වෙලිනෙස්
119246492,1548656,si,ඉඑඉල්ලෙ-එග්ලිසේ
119246569,1548657,si,වීල්-චැපෙල්
119246646,1548658,si,ඉඑඉල්ලෙ-රිඖදෙ
119246723,1548659,si,ඉඑඉල්-හෙස්දින්
119246800,1548660,si,වීෆ්විලර්
119246954,1548662,si,විඩූස්
119247031,1548663,si,විඩෝවිල්
119247108,1548664,si,විඩෝ
119247262,1548666,si,විඩෙල්ස්
119247339,1548667,si,වීඩියෝ
119247416,1548668,si,වීඩියෝකොස්විල්
119247493,1548669,si,විදවුබන්
119247801,1548673,si,විදායිලට්
119247878,1548674,si,විඩයිලැක්
119247955,1548675,si,විදායි
119248032,1548676,si,වික්ටෝ-පොන්ට්ෆෝල්
119248109,1548677,si,වික්-සර්-සීල්
119248186,1548678,si,වික්-සර්-සීර්
119248263,1548679,si,වික්-සර්-අයිස්නේ
119248340,1548680,si,වික්-සුස්-තිල්
119248494,1548682,si,වික්කේස්
119248648,1548684,si,වික්-සර්-නහොන්
119248725,1548685,si,වික්-සර්-ගාර්ටෙම්ප්
119248802,1548686,si,වික්-සර්-බ් රූයිල්
119248879,1548687,si,වික්-උදාහරණ
119248956,1548688,si,වික්-ඩාරිබාට්
119249033,1548689,si,වික්
119249110,1548690,si,වික්
119249187,1548691,si,වික්
119249341,1548693,si,වික්
119249572,1548696,si,විලා ෆෙලිස්
119249649,1548697,si,වික් ලෙ ෆෙස්ක්
119249726,1548698,si,වික්-ලෙ-කොම්ටේ
119249803,1548699,si,වික්-ලා-ගාර්ඩියෝල්
119249957,1548701,si,විචි
119250188,1548704,si,විචේරි
119250265,1548705,si,විචර්ස්
119250342,1548706,si,විචෙල්-නන්ටේල්
119250419,1548707,si,විචෙල්
119250496,1548708,si,වික්-ෆෙසෙන්සාක්
119250573,1548709,si,වික් එන් බිගෝර්
119250650,1548710,si,වික්ඩේසෝස්
119250727,1548711,si,වික් ඩෙස් ප් රෙස්
119250804,1548712,si,වික්-ඩි-චැසෙනේ
119251112,1548716,si,විබ්‍රයි
119251189,1548717,si,වයිබ්රැක්
119251266,1548718,si,වයිබ්රැක්
119251343,1548719,si,විබියුෆ්
119251420,1548720,si,වයිබර්ස්විලර්
119251651,1548723,si,වීයාස්
119251805,1548725,si,විරාම්ස්
119251882,1548726,si,වියාප් රෙස්-ලෙ-පෙටි
119251959,1548727,si,වියාප් රෙස්-ලෙ-ග් රෑන්ඩ්
119252036,1548728,si,විනෙට්කා
119252113,1548729,si,වියාන්ජස්
119252190,1548730,si,වියාන්
119252344,1548732,si,විම්
119252729,1548737,si,වීලර්
119252960,1548740,si,වියලස්
119253345,1548745,si,වීලා-ඩු-ටාන්
119253422,1548746,si,විඅල-දු-පස්-දේ-ඖෂ්
119253653,1548749,si,වියබොන්
119253730,1548750,si,වෙස්සානි
119253807,1548751,si,වෙසොට්
119253884,1548752,si,වෙසින්ස්-ඩි-ලෙවෙසෝ
119253961,1548753,si,වෙසින්
119254038,1548754,si,වෙසින්
119254115,1548755,si,වෙසින්ස්
119254192,1548756,si,වෙසින්-ලෙ-කොකට්
119254269,1548757,si,වෙසිලි
119254346,1548758,si,වෙසිලෝන්
119254423,1548759,si,වෙසියර්ස්
119254500,1548760,si,\N
119254577,1548761,si,වෙසෙට්
119254731,1548763,si,වෙසෙනොබ් රෙස්
119254808,1548764,si,වෙසෙල්ස්-රූසි
119254885,1548765,si,වෙසෙලෝයිස්
119254962,1548766,si,වෙසෙලිස්
119255039,1548767,si,\N
119255116,1548768,si,වෙසේ
119255193,1548769,si,වෙසපොනින්
119255347,1548771,si,වෙසක්
119255424,1548772,si,\N
119255501,1548773,si,වේසියාට්
119255732,1548776,si,වේසිලියු
119255963,1548779,si,වයිරින්ස්-ඩි-වර්ග්ට්
119256040,1548780,si,වයිරින්ස්-ඩි-ඩොම්
119256348,1548784,si,වේරිග්නැක්
119256502,1548786,si,වේරියර්ස්
119256579,1548787,si,වේරියර්ස්
119256656,1548788,si,වෙරියර්-ඩු-ලැක්
119256887,1548791,si,වේරේ-මොන්ටන්
119256964,1548792,si,\N
119257118,1548794,si,වේරාස්
119257195,1548795,si,වේරාක්
119257272,1548796,si,වේන්ස්
119257426,1548798,si,වෙක්සයින්කෝර්ට්
119257503,1548799,si,වේවි
119257888,1548804,si,එඋෂ්හෞල්ලෙස්-සුරැ-ඖබේ
119258042,1548806,si,වෙවී-සර්-ඕචේ
119258119,1548807,si,වෙඋවෙස්
119258196,1548808,si,වෙරේ-වොරොයිස්
119258273,1548809,si,වෙලෙට්ස්-සර්-මර්
119258350,1548810,si,වෙල්ස් ලෙස් රෝස්
119258427,1548811,si,වෙයිලි-ලා-පොටෙරි
119258504,1548812,si,වයිල්
119258581,1548813,si,වෙට් රිග්නි
119258658,1548814,si,වෙට් රාස්-මොන්ටොක්ස්
119258735,1548815,si,වෙටේල්
119259043,1548819,si,වෙස්වර්ස් සෝස් චාලන්සි
119259274,1548822,si,වෙස්ට් රික් සහ කැන්ඩියාක්
119259351,1548823,si,වෙස්සි
119259428,1548824,si,වෙසෝක්ස්
119259582,1548826,si,වෙසෝල්
119259736,1548828,si,වෙස්ලි
119259813,1548829,si,වෙස්ලි
119259890,1548830,si,වෙස්ලුඩ්
119259967,1548831,si,වෙස්ල්ස් සහ කොමොන්ට්
119260044,1548832,si,වෙසයින්
119260121,1548833,si,වෙසිග්නොක්ස්
119260198,1548834,si,වෙසින්ගුල්-සර්-මාර්න්
119260429,1548837,si,වෙස්ඩුන්
119260506,1548838,si,වෙස්කෝවාටෝ
119260583,1548839,si,වෙස්කෝර්ස්
119260660,1548840,si,වස්කල්ස්
119260737,1548841,si,වෙස්චයිම්
119260814,1548842,si,වෙස්මොන්ට්
119260891,1548843,si,එස්ක
119260968,1548844,si,වෙස්ටන්
119261045,1548845,si,වෙසයින්ස්-සර්-මාර්න්
119261122,1548846,si,වෙසයින්ස්-සෝස්-ලාෆවුච්
119261199,1548847,si,වර්සි
119261430,1548850,si,\N
119261507,1548851,si,වර්සෙල්
119261661,1548853,si,\N
119261738,1548854,si,ඉතා
119261815,1548855,si,වර්වින්ස්
119262046,1548858,si,එර්වෙළෙල්ලෙ
119262123,1548859,si,වර්වන්ට්
119262200,1548860,si,වර්වන්ට්
119262277,1548861,si,හැවර්ත්වේට්
119262431,1548863,si,වර්ට්-සෙන්ට්-ඩෙනිස්
119262508,1548864,si,වර්ට් රියෝ
119262662,1548866,si,වර්ටූ
119262739,1548867,si,වර්ටන්
119262816,1548868,si,වර්ටොලේ
119262893,1548869,si,වර්ට් ලෙ පෙටි
119262970,1548870,si,වර්ට් ලෙ ග් රෑන්ඩ්
119263355,1548875,si,වර්තුයිල්
119263432,1548876,si,වර්තෙමෙක්ස්
119263586,1548878,si,වර්ටුවෙල්-සර්-ෂාරන්ට්
119263663,1548879,si,වර්ටුවෙල්-ඩී-ඇගනයිස්
119263740,1548880,si,වර්ට් එන් ඩ් රොයිස්
119263817,1548881,si,වර්ටෙයිලැක්
119264125,1548885,si,වර්ටෝල්ට්
119264202,1548886,si,වර්ටම්බෝස්
119264279,1548887,si,වර්ටයිසන්
119264356,1548888,si,වර්ටේන්
119264433,1548889,si,වෙර්ට්
119264587,1548891,si,වෙර්ට්
119264664,1548892,si,වර්-සර්-මර්
119264741,1548893,si,වෙර-සුරැ-ලෞනේට්ටේ
119264818,1548894,si,වර්ස්-සර්-මූජ්
119264895,1548895,si,වර්ස්-සර්-සෙල්ස්
119264972,1548896,si,වර්ස්-සෝස්-සෙලියර්ස්
119265049,1548897,si,වර්සොනෙක්ස්
119265126,1548898,si,වර්සොනෙක්ස්
119265203,1548899,si,වර්සන්
119265280,1548900,si,වර්සෝල්
119265511,1548903,si,වර්සිනි
119265588,1548904,si,වර්සිනි
119265665,1548905,si,වර්ස්-එන්-මොන්ටාන්
119265819,1548907,si,වර්සෙල්ස්-ලෙ-බාස්
119265896,1548908,si,වර්සගුස්
119265973,1548909,si,වර්සන්විල්
119266050,1548910,si,වර්සයිලෙක්ස්
119266127,1548911,si,වර්සායිල්ස්
119266204,1548912,si,පද
119266281,1548913,si,පද
119266358,1548914,si,පද
119266435,1548915,si,වර්ස්-පොන්ට්-ඩු-ගාඩ්
119266512,1548916,si,වෙරුයිස්
119266589,1548917,si,වෙරු
119266743,1548919,si,වර්රින්ස්-සූ-සෙල්ස්
119267051,1548923,si,වෙරියර්ස්-ලෙ-බුයිසන්
119267128,1548924,si,වෙරියර්ස්-එන්-ෆෝර්ස්
119267282,1548926,si,වෙරියර්ස්
119267359,1548927,si,වෙරියර්ස්
119267436,1548928,si,වෙරියර්ස්
119267513,1548929,si,වෙරියර්ස්
119267667,1548931,si,වෙරියර්ස්
119267744,1548932,si,වෙරියර්ස්
119267898,1548934,si,වෙරියර්ස්
119268283,1548939,si,වෙරි
119268437,1548941,si,වෙරී-සූ-සල්මේස්
119268514,1548942,si,වෙරී-සෝස්-ඩ් රී
119268668,1548944,si,වෙරරිස්-ඩි-මූසන්ස්
119268822,1548946,si,වෙරන්ස්
119268899,1548947,si,වර්ක්වින්
119268976,1548948,si,වර්කිග්නියුල්
119269053,1548949,si,එර්කුඉඑරෙස්
119269130,1548950,si,වර්පිලියර්ස්-සර්-ඔර්ස්
119269207,1548951,si,වර්පිලියර්ස්
119269284,1548952,si,වර්පල්
119269361,1548953,si,වෙරෝස්වර්ස්
119269438,1548954,si,වෙරෝනස්
119269669,1548957,si,වෙරෝන්
119269746,1548958,si,වෙරෝ
119269823,1548959,si,වෙර්න්ය්
119269977,1548961,si,වර්නස්
119270131,1548963,si,වර්න්-සර්-සයිච්
119270285,1548965,si,වර්නෝයි
119270439,1548967,si,වර්නොක්ස්-සර්-බුටෝන්
119270516,1548968,si,වර්නොක්ස්-එන්-විවාරස්
119270593,1548969,si,වර්නොක්ස්-එන්-ගැටීන්
119270670,1548970,si,වර්නොක්ස්
119270747,1548971,si,වර්නෝ-ලා-සෙල්-සර්-සයින්
119270824,1548972,si,වර්නෝ-සර්-බ් රෙන්
119270901,1548973,si,වර්නූයෙට්
119270978,1548974,si,වර්නූයෙට්
119271132,1548976,si,වර්නූ-එන්-සොලෝන්
119271209,1548977,si,වර්නොට්
119271286,1548978,si,එර්නොස්ක-ලෙස-අන්නොනය්
119271363,1548979,si,වර්නන්විලියර්ස්
119271517,1548981,si,වර්නන්
119271748,1548984,si,වර්නන්
119271825,1548985,si,වර්නන්
119271902,1548986,si,වර්නෝල්ස්
119271979,1548987,si,එර්නොඉස්-සුරැ-මන්චේ
119272056,1548988,si,එර්නොඉස්-ලෙස-වෙස්ව්රෙස්
119272133,1548989,si,එර්නොඉස්-ලෙස-එල්වොඉර්
119272210,1548990,si,එර්නොඉස්-ලේ-ෆෝල්
119272287,1548991,si,වෙර්නොඉල්-ලේ-ඖර්රිඑර්
119272441,1548993,si,වර්නික්ස්
119272518,1548994,si,වර්නියෝස්
119272595,1548995,si,වර්නියෝල්
119272749,1548997,si,වර්නින්ස්
119272826,1548998,si,වර්නියර්ෆොන්ටේන්
119272980,1549000,si,වර්නි
119273211,1549003,si,වර්න්විල්
119273288,1549004,si,එර්නෙඋෂෙස්
119273442,1549006,si,එර්නෙඋඉල්-සුරැ-විඑන්නේ
119273519,1549007,si,එර්නෙඋඉල්-සුරැ-සේර්රේ
119273596,1549008,si,එර්නෙඋඉල්-සුරැ-සේඉනේ
119273673,1549009,si,එර්නෙඋඉල්-සුරැ-ඉන්දරේ
119273750,1549010,si,වර්නුවෙල්-සර්-ඉග්නේරියා
119273827,1549011,si,වර්නුවෙල්-සර්-අව්රේ
119273904,1549012,si,වර්නුවෙල්-සූ-කූසි
119273981,1549013,si,වර්නුවෙල් පෙටි
119274058,1549014,si,වර්නුවෙල්-මූස්ටියර්ස්
119274135,1549015,si,වර්නුවෙල්-එල් එටැන්ග්
119274212,1549016,si,වර්නුවෙල්-ලෙ-චැටෝ
119274289,1549017,si,වර්නුවෙල් ග් රෑන්ඩ්
119274366,1549018,si,වර්නුවෙල්-එන්-හලාට්
119274443,1549019,si,වර්නුවෙල්-එන්-බර්බොනයිස්
119274520,1549020,si,වර්නුවෙල්
119274597,1549021,si,වර්නුවෙල්
119274674,1549022,si,වර්නුවෙල්
119274828,1549024,si,වර්නුවෙල්
119274905,1549025,si,එර්නෙඋඝෙඔල්
119275136,1549028,si,වර්නෙට් ලෙස් බේන්ස්
119275213,1549029,si,වෙර්නෙට්-ල-වරෙන්නේ
119275752,1549036,si,වර්නික්ස්
119275829,1549037,si,වර්නයිල්-ලෙ-චෙටිෆ්
119275906,1549038,si,ලේ එර්නෙඉල්
119275983,1549039,si,වර්නිජස්
119276060,1549040,si,වර්නෙගුස්
119276137,1549041,si,වර්න්
119276368,1549044,si,වර්න්-ඩී-ඇන්ජු
119276522,1549046,si,වෙර්නය්
119276676,1549048,si,වර්නාසල්
119276753,1549049,si,වර්නන්ටොයිස්
119276830,1549050,si,වර්නාන්ටෙස්
119276907,1549051,si,වර්නන්කෝට්
119276984,1549052,si,වර්නාජෝල්
119277061,1549053,si,වෙර්නෛසෝන්
119277215,1549055,si,වර්නායිස්
119277369,1549057,si,වර්නාස්
119277754,1549062,si,වර්මෙන්ටන්
119277831,1549063,si,වර්මෙල්ස්
119277908,1549064,si,වර්මන්ඩෝවිලර්ස්
119277985,1549065,si,වර්මන්ඩ්
119278139,1549067,si,වර්ලස්
119278216,1549068,si,වර්ලින්ගම්
119278293,1549069,si,වර්ලින්ක්තුන්
119278370,1549070,si,වර්ලින්
119278524,1549072,si,වර්ල්හාක් ටෙස්කෝ
119278601,1549073,si,වර්ලන්ස්
119278678,1549074,si,වර්ලැක්
119278755,1549075,si,වර්ජුක්ස්
119278832,1549076,si,වර්ජොන්
119279063,1549079,si,වෙරිස්සෙය්
119279140,1549080,si,වෙරින්ස්
119279525,1549085,si,වෙරින්
119279602,1549086,si,වෙරිග්නි
119279910,1549090,si,වෙරියා
119279987,1549091,si,වෙර්ග්ට්-දේ-බිරෝන්
119280064,1549092,si,වෙර්ග්ට්
119280141,1549093,si,වර්ග් රාන්
119280295,1549095,si,වෙරෝනා
119280372,1549096,si,වර්ගොන්ස්
119280449,1549097,si,වර්ගොංහියොන්
119280603,1549099,si,වෙර්ගොන්චෙය්
119280757,1549101,si,වර්ගොයිනන්
119281373,1549109,si,වෙර්ග්නේ
119281527,1549111,si,වර්ජිසන්
119281604,1549112,si,වෙර්ගිග්න්ය්
119281681,1549113,si,වර්ජීස්
119281758,1549114,si,එර්ඝෙඅස්
119281835,1549115,si,වර්ජ්
119281912,1549116,si,වර්ජෙසාක්
119281989,1549117,si,වෙර්ජෙටෝ
119282066,1549118,si,වර්ජස්
119282143,1549119,si,වර්ජර්-සර්-ඩයිව්
119282220,1549120,si,වර්ජරොක්ස්
119282451,1549123,si,වෙර්ගේඅල්
119282528,1549124,si,වර්ගාවිල්
119282605,1549125,si,වර්ෆුයිල්
119282682,1549126,si,වර්ෆයිල්
119282759,1549127,si,වර්ෆයිල්
119282836,1549128,si,\N
119282913,1549129,si,වෙරෙට්ස්
119283221,1549133,si,වෙරෙල්-ප්‍රගොන්ද්‍රන්
119283298,1549134,si,වෙරෙල්-දේ-මොන්ට්බෙල්
119283375,1549135,si,\N
119283529,1549137,si,වර්ඩුන්
119283606,1549138,si,වර්ඩන්-සර්-ලෙ-ඩොබ්ස්
119283683,1549139,si,වර්ඩන්-සර්-ගාරොන්
119283760,1549140,si,වර්ඩන්-එන්-ලොරගයිස්
119283837,1549141,si,වර්ඩුන්
119283991,1549143,si,වර්ඩොනෙට්
119284068,1549144,si,වෙර්දොන්
119284145,1549145,si,වෙර්දොන්
119284299,1549147,si,වර්ඩිලි
119284376,1549148,si,වර්ඩිල්
119284453,1549149,si,වර්ඩිග්නි
119284684,1549152,si,වෙර්දේට්ස්
119284838,1549154,si,වර්ඩ්ස්
119284915,1549155,si,වර්ඩෙරෝන්
119284992,1549156,si,වර්ඩරල් ලෙස් සෝකියුස්
119285069,1549157,si,වර්ඩෙනල්
119285146,1549158,si,වර්ඩෙලොට්
119285223,1549159,si,වර්ඩලෙයිස්
119285531,1549163,si,වර්ඩාල්
119285608,1549164,si,වෙර්දචෙස්
119285685,1549165,si,වර්කෝර්ට්
119285762,1549166,si,වර්කොයිරන්
119285839,1549167,si,වර්ක්ලවුස්
119285993,1549169,si,වර්සියා
119286070,1549170,si,වර්චොක්
119286224,1549172,si,වර්චින්
119286532,1549176,si,වර්චේනි
119286763,1549179,si,වර්චයික්ස්
119286840,1549180,si,වර්චේන්-මෝග්රේ
119286917,1549181,si,වර්සෙල්-විලේඩියු-ලෙ-කැම්ප්
119286994,1549182,si,වර්බිස්ල්ස්
119287071,1549183,si,වර්බෙරි
119287225,1549185,si,වේරා කෲස්
119287302,1549186,si,වේරන්නේ
119287379,1549187,si,වෙරාක්
119287456,1549188,si,වෙර
119287533,1549189,si,වන්සොලස්කා
119287764,1549192,si,වෙන්ට් රෝන්
119287841,1549193,si,වෙන්ටෝස්
119287918,1549194,si,වෙන්ටිසේරි
119287995,1549195,si,වෙන්තන්
119288149,1549197,si,වෙන්ටේල්
119288226,1549198,si,වෙන්ටෙඋගේස්
119288303,1549199,si,වැන්ටෙස්-සෙන්ට්-රෙමි
119288457,1549201,si,වෙන්ටෙරෝල්
119288534,1549202,si,වෙන්ටෙරෝල්
119288688,1549204,si,වෙන්ටනාක්-එන්-මිනර්වොයිස්
119288765,1549205,si,වෙන්ටනාක් කබාර්ඩ්ස්
119288842,1549206,si,වෙන්ටනාක්
119288919,1549207,si,වෙන්ටෙලය්
119289073,1549209,si,වෙන්ටවෝන්
119289150,1549210,si,වෙන්ටබ්රෙන්
119289227,1549211,si,\N
119289304,1549212,si,වන්සැක්
119289535,1549215,si,වෙනෝයි
119289612,1549216,si,වෙනොඋසේ
119289689,1549217,si,වැනොස්ක්
119289766,1549218,si,වෙනොන්
119289843,1549219,si,වෙනොන්
119290074,1549222,si,\N
119290151,1549223,si,වෙන්නන්ස්
119290228,1549224,si,වෙනිසි
119290305,1549225,si,වෙනිසල්
119290382,1549226,si,වැනීසියුස්
119290459,1549227,si,වැනීසි
119290613,1549229,si,වැනිස්
119290767,1549231,si,පලිගැනීම්
119290844,1549232,si,වෙනෙය්
119290998,1549234,si,වැනෙට්
119291152,1549236,si,වෙනිස්ටන්විල්
119291229,1549237,si,වැනස්මේස්
119291306,1549238,si,වෙනෙස්
119291383,1549239,si,එනෙර්කුඑ
119291460,1549240,si,වෙනේරෝල්ලෙස්
119291537,1549241,si,වෙනිරියු
119291614,1549242,si,වැනෙරේ
119291691,1549243,si,වෙනේරෑන්ඩ්
119291768,1549244,si,වෙනෙල්ස්
119291845,1549245,si,වෙනේජන්
119291922,1549246,si,වැනෙෆල්ස්
119292076,1549248,si,වෙන්ඩ්රෙස්ට්
119292153,1549249,si,වෙන්ද්රෙස්සේ-එඖල්නෙ
119292230,1549250,si,වෙන්ද්රෙස්සේ
119292307,1549251,si,වෙන්ඩ්රෙස්
119292384,1549252,si,වෙන්ද්රෙන්නේස්
119292538,1549254,si,වෙන්ඩන්ගස්
119292615,1549255,si,වික්ටර්
119292692,1549256,si,වෙන්ඩෝර්
119292769,1549257,si,විකුණුම්කරුවන්
119292846,1549258,si,වෙන්දින්-ලේ-ඉඑඉල්
119292923,1549259,si,වෙන්ඩින් ලෙස් බෙතූන්
119293000,1549260,si,වෙන්ඩි
119293077,1549261,si,වෙන්ඩියර්ස්
119293154,1549262,si,වෙන්ඩුයිලේ
119293231,1549263,si,වෙන්ඩවිල්
119293308,1549264,si,වැන්ඩෙව්ර්-සර්-බාර්ස්
119293385,1549265,si,වැන්ඩෙවර්-ඩු-පොයිටෝ
119293462,1549266,si,වෙන්ඩියුවර්
119293539,1549267,si,වැන්ඩේල්-කැප්ලි
119293616,1549268,si,වෙන්ඩුයිල්
119293770,1549270,si,වෙන්ඩස්
119293924,1549272,si,වෙන්ඩන්හයිම්
119294001,1549273,si,වැන්ඩෙනෙස්-සර්-ආරොක්ස්
119294078,1549274,si,වැන්ඩෙනෙස්-ලෙස්-චාලස්
119294232,1549276,si,වෙන්ඩමියන්
119294309,1549277,si,වෙන්දෙල්ලෙස්
119294386,1549278,si,වෙන්ඩෙල්
119294540,1549280,si,වැන්ඩෙජිස්-සර්-එකෙලියන්
119294617,1549281,si,වෙන්දෙගිඑස්-ඖ-බෝඉස්
119294694,1549282,si,වෙන්ඩේස්-මොන්ටලිවෙට්
119294771,1549283,si,වෙන්ඩට්
119294848,1549284,si,වෙන්ඩර්ගස්
119294925,1549285,si,වැන්ස්
119295079,1549287,si,වෙනස්ක්
119295156,1549288,si,වෙනස්
119295233,1549289,si,වැනාසල්
119295310,1549290,si,වැනේරී ලෙස් ලෝම්ස්
119295464,1549292,si,වෙනන්සන්
119295541,1549293,si,වෙනන්සෝල්ට්
119295618,1549294,si,වෙනකෝ
119295772,1549296,si,වැනබල්ස්
119295849,1549297,si,වේමර්ස්
119295926,1549298,si,වෙල්සික්
119296003,1549299,si,වෙලී
119296080,1549300,si,වෙල්විං
119296157,1549301,si,වේලු
119296234,1549302,si,වේලොට් සහ ටැටිග්නකෝර්ට්
119296311,1549303,si,වෙලොස්නේස්
119296388,1549304,si,වෙලෝර්සි
119296465,1549305,si,වෙලෝන්-ඔර්නෙටෝ
119296619,1549307,si,වෙලුයර්
119296696,1549308,si,වෙලෝරෙයිල්-ලෙස්-චෝයි
119296773,1549309,si,එල්ලෙෂොන්-උඑඋත්රෙය්-එට්-වුදෙය්
119296850,1549310,si,වෙලේවන්ස්
119296927,1549311,si,වේල්ලේ-සුරැ-මොසේල්ලේ
119297004,1549312,si,වෙල්ලස්කොට්
119297081,1549313,si,වේල්ස්
119297158,1549314,si,වේල්ස්
119297312,1549316,si,වෙලෙරෝ ලෙස් වර්සෙල්
119297389,1549317,si,වෙලෙරෝ ලෙස් බෙල්වෝර්
119297466,1549318,si,වෙලෙරොන්
119297543,1549319,si,වෙලෙමොස්
119297697,1549321,si,වෙල්ලමින්ෆ්රෝයි
119297774,1549322,si,වෙලේ-ලෙ-චැටෙල්
119297851,1549323,si,එල්ලෙගුඉර්ය-එට්-ලෙව්රෙචෙය්
119297928,1549324,si,වෙල්ෆ්රි
119298005,1549325,si,වෙල්ලෙෆ්රෙය්-එට්-වෙල්ලෙෆ්රන්ගේ
119298082,1549326,si,වෙල්ෆොක්ස්
119298159,1549327,si,වෙල්ක්ලෙයාර්
119298236,1549328,si,වෙලෙචෙව්රොක්ස් සහ කෝර්බෙනන්ස්
119298313,1549329,si,වෙල්ලෙචෙස්
119298390,1549330,si,වෙලිසි-විලාකොබ්ලේ
119298544,1549332,si,කැලිනෙස්ටි
119298621,1549333,si,වෙලියු
119298698,1549334,si,වෙලේට්
119298775,1549335,si,වෙලෙස්මේස්-එසාර්ට්ස්
119298852,1549336,si,වෙලෙස්මස්-එචෙවන්
119298929,1549337,si,වේලෙන්ස්
119299006,1549338,si,වේලෙන්ස්
119299083,1549339,si,වේලාක්ස්
119299160,1549340,si,වෙලර්ස්-සර්-ඕචේ
119299314,1549342,si,වේලන්නේ
119299391,1549343,si,වෙලයින්-සෝස්-ඇමන්ස්
119299468,1549344,si,වේලයින්
119299545,1549345,si,වේලයින්-එන්-හේ
119299699,1549347,si,වීක්ස්
119299930,1549350,si,වෙස්ට්විල්
119300084,1549352,si,වෙයිලින්ස්
119300238,1549354,si,වේල්හෙස්
119300315,1549355,si,වෙයිගි
119300392,1549356,si,වීග්නේ
119300469,1549357,si,වෙහෝ
119300546,1549358,si,වෙගේන්නේස්
119300623,1549359,si,වීල්
119300700,1549360,si,වෙඩ් රිනස්-සෙන්ට්-ලූප්
119301239,1549367,si,වෙදනේ
119301316,1549368,si,වෙක්විල්
119301393,1549369,si,වෙක්වෙමොන්ට්
119301470,1549370,si,\N
119301547,1549371,si,වෙක් රින්ග්
119301624,1549372,si,වෙකර්ස්විලර්
119301701,1549373,si,වෙබ්රොන්
119301778,1549374,si,වෙබ්රේ
119301932,1549376,si,වොවිල් ලෙස් ක්වෙල්ස්
119302240,1549380,si,\N
119302317,1549381,si,වෙගුස්
119302394,1549382,si,එඖචෙත්තෙ
119302471,1549383,si,\N
119302625,1549385,si,\N
119302856,1549388,si,වසීල්ස්-ලිමන්ඩ් රේ
119303087,1549391,si,වයිරස්-සර්-එසොන්
119303164,1549392,si,වය්රෙස්
119303241,1549393,si,වය්රෙස්
119303318,1549394,si,වයිරැක්
119303472,1549396,si,වයිලුවා
119303626,1549398,si,වික්ටර්
119303703,1549399,si,වැක්සි
119303780,1549400,si,වැක්සන්කෝට්
119303857,1549401,si,වැක්සයින්විල්
119303934,1549402,si,වාව් රේ ලෙ පෙටි
119304011,1549403,si,වාව් රේ ලෙ ග් රෑන්ඩ්
119304088,1549404,si,වවින්කෝට්
119304550,1549410,si,වොක්ස් විලයින්
119304627,1549411,si,වොක්ස්ටින්
119304704,1549412,si,වොක්ස්-සර්-වින්
119304781,1549413,si,වොක්ස්-සර්-සෝම්
119304858,1549414,si,වොක්ස්-සර්-සෝල්ස්
119304935,1549415,si,වොක්ස්-සර්-සයින්
119305166,1549418,si,වොක්ස්-සර්-පොලිග්නි
119305243,1549419,si,වොක්ස්-සර්-මර්
119305320,1549420,si,වොක්ස්-සර්-ලුනයින්
119305397,1549421,si,වොක්ස්-සර්-යුරේ
119305474,1549422,si,වොක්ස්-සර්-බ්ලේස්
119305551,1549423,si,ඖෂ්-සුරැ-ඖරේ
119305705,1549425,si,වොක්ස් සෝස් ඕබිග්නි
119305782,1549426,si,වොක්ස් සෝල්ස්
119305936,1549428,si,වොක්ස් රූයිලාක්
119306013,1549429,si,වොක්ස්රෙසිස්
119306090,1549430,si,වොක්ස් රෙනාඩ්
119306244,1549432,si,වොක්ස්-මාකෙනෙවිල්
119306321,1549433,si,වොක්ස් ලෙස් සෙන්ට් ක්ලෝඩ්
119306398,1549434,si,වොක්ස් ලෙස් ප් රෙස්
119306552,1549436,si,වොක්ස් ලෙස් මූසන්
119306629,1549437,si,වොක්ස් ලෙස් මූරන්
119306706,1549438,si,වොක්ස් ලෙ පෙනිල්
119306783,1549439,si,වොක්ස් ලෙ මොන්සෙලෝ
119306860,1549440,si,වොක්ස්-ලාවාලෙට්
119307322,1549446,si,වොක්ස් සහ චැන්ටෙග් රූ
119307399,1549447,si,වොක්ස්-එන්-වර්මන්ඩෝයිස්
119307476,1549448,si,වොක්ස් එන් ප් රේ
119307553,1549449,si,වොක්ස්-එන්-ඩියුලට්
119307630,1549450,si,වොක්ස්-එන්-බුගී
119307707,1549451,si,වොක්ස් එන් බියුජොලේ
119307784,1549452,si,වොක්ස්-එන්-ඇමිනොයිස්
119307938,1549454,si,වොක්ස්-ඩෙවන්ට්-ඩම්ලූප්
119308015,1549455,si,වොක්ස්-ෂැම්පේන්
119308092,1549456,si,වොක්සෙරී
119308169,1549457,si,වොක්ස්බුයින්
119308246,1549458,si,වොක්ස්බොන්ස්
119308323,1549459,si,වොක්ස් ඇන්ඩිග්නි
119308400,1549460,si,වොක්සයිලන්
119308554,1549462,si,\N
119308708,1549464,si,\N
119309170,1549470,si,\N
119309324,1549472,si,\N
119309555,1549475,si,\N
119309863,1549479,si,වෝවිලර්ස්
119309940,1549480,si,වෝවිලර්ස්
119310017,1549481,si,වෝවිල්
119310094,1549482,si,වෝවිල්
119310325,1549485,si,වොවර්ට්
119310402,1549486,si,වව්වේනර්ගස්
119310556,1549488,si,වවුටෝර්ට්
119310633,1549489,si,වවුතර්මොන්ට්
119310710,1549490,si,වවුටෙබිස්
119310864,1549492,si,වොස්සෙරෝ
119311326,1549498,si,වොරියාක්
119311557,1549501,si,ඖරෙඉල්ලෙස්
119311788,1549504,si,වොරියල්
119312250,1549510,si,වාපොයිසන්
119312327,1549511,si,වාපිලන්
119312404,1549512,si,වොනොයිස්
119312558,1549514,si,වොනාවිස් ලා රොෂෙට්
119312635,1549515,si,වවුනාක්
119312789,1549517,si,වොමෝර්ට්
119312866,1549518,si,වොමොයිස්
119313020,1549520,si,ඖමෙඉල්හ
119313097,1549521,si,වාමාස්
119313251,1549523,si,වොල්ක්ස්-වර්කෝර්ට්
119313328,1549524,si,වෝල්ක්ස්
119313405,1549525,si,වොල්ක්ස් මිලියු
119313482,1549526,si,වොල්ක්ස්-එන්-වෙලින්
119313559,1549527,si,වෝල්ක්ස්
119313636,1549528,si,වෝල්ට්-ඩි-ලුග්නි
119313713,1549529,si,වොල්රි
119313790,1549530,si,වොල්නවේස්-ලෙ-හවුට්
119313867,1549531,si,වොල්නවේස්-ලෙ-බාස්
119314098,1549534,si,වොලන්ඩ්රි
119314252,1549536,si,වුජෝඋර්ස්
119314329,1549537,si,වෞජනි
119314406,1549538,si,වවුහල්ලන්
119314560,1549540,si,වොග් රිග්නියුස්
119314637,1549541,si,වැග්නර්
119314714,1549542,si,පැරිස් 15 වුගිරර්ඩ්
119314791,1549543,si,වුගිනෙස්
119315330,1549550,si,වෝෆ්රි
119315638,1549554,si,වෞද්රි
119315869,1549557,si,වවුඩ්රිවිලර්ස්
119315946,1549558,si,වෞද්රිංගෙම්
119316023,1549559,si,වෞද්‍රිමෙස්නිල්
119316100,1549560,si,වොඩ්රිකෝට්
119316177,1549561,si,වොඩ්රිකෝට්
119316254,1549562,si,වොඩ්රි
119316331,1549563,si,වවුඩ්රෙවිල්
119316408,1549564,si,වොඩ්රොයිල්
119316485,1549565,si,වුඩ්මොන්ට්
119316639,1549567,si,වොඩ්රෙචින්
119316716,1549568,si,වොඩෝයි-එන්-බ් රී
119316870,1549570,si,වෝඩොන්කෝට්
119317024,1549572,si,වෝඩොන්කෝට්
119317332,1549576,si,වවුඩර්ලන්ඩ්
119317409,1549577,si,වොඩෙවිල්-ලෙ-හවුට්
119317486,1549578,si,වෝඩ්විල්
119317563,1549579,si,වෝඩ්විල්
119317640,1549580,si,වඩේවන්ට්
119317794,1549582,si,වුඩ්මූර්
119317871,1549583,si,වවුඩෙසන්
119317948,1549584,si,වවුඩේසින්කෝට්
119318025,1549585,si,වෞකේෂා
119318102,1549586,si,වෝඩ්මොන්ට්
119318179,1549587,si,වවුඩෙමංගේ
119318256,1549588,si,වොඩෙලොජ්
119318333,1549589,si,වොඩෙල්නායි
119318410,1549590,si,වොඩ්බරියර්
119318487,1549591,si,වොඩන්කෝර්ට්
119318641,1549593,si,වොක්රෙසන්
119318795,1549595,si,වොකෝර්ටෝයිස්
119318872,1549596,si,වෝකෝර්ට්
119318949,1549597,si,වොකියුලර්ස්
119319103,1549599,si,වොකොග්න්
119319180,1549600,si,වොක්ලුසෝට්
119319257,1549601,si,වොක්ලස්
119319411,1549603,si,වොක්ලර්ක්
119319488,1549604,si,වොක්ලේක්ස්
119319565,1549605,si,\N
119319642,1549606,si,\N
119319719,1549607,si,ඖච්රෙතිඑන්
119319796,1549608,si,ඖචෞෂ්
119319873,1549609,si,වොචන්විලියර්ස්
119320027,1549611,si,වොචෙල්ස් ලෙස් ක්වේස්නෝයි
119320104,1549612,si,වොචෙල්ස් ලෙස් ඩොමාර්ට්
119320181,1549613,si,වොචෙල්ස් ලෙස් ඔති
119320258,1549614,si,වොචෙල්ස්
119320412,1549616,si,වවුචසිස්
119320489,1549617,si,වොචැම්ප්
119320566,1549618,si,වොචැම්ප්
119320643,1549619,si,වොසෙල්ස් සහ බෙෆෙකෝර්ට්
119320720,1549620,si,වොසෙල්ස්
119320797,1549621,si,වවුසෙඩා
119321028,1549624,si,වොබෙක්සි
119321105,1549625,si,වොබෙකෝර්ට්
119321182,1549626,si,වවුබන්
119321259,1549627,si,වවුබඩොන්
119321336,1549628,si,වට්ටෙවිල්-ලා-රූ
119321413,1549629,si,වට්ටේවිල්
119321490,1549630,si,වට්ටෙටොට්-සර්-මර්
119321567,1549631,si,වට්ටෙටොට්-සුස්-බෝමන්ට්
119321721,1549633,si,ජල දර්ශනය
119321798,1549634,si,වටිමොන්ට්
119321952,1549636,si,වටිලියු
119322029,1549637,si,වටියර්විල්
119322106,1549638,si,වතිමෙනිල්
119322260,1549640,si,වටන්
119322337,1549641,si,වස්ට්විල්
119322414,1549642,si,වාසී
119322722,1549646,si,වසී-සෝස්-පිසි
119322876,1549648,si,වාසන්විල්
119322953,1549649,si,වාසෝන්
119323107,1549651,si,වැසින්කෝට්
119323184,1549652,si,වාසිමොන්ට් සහ චැපලයින්
119323261,1549653,si,වසියු-එන්-වර්කෝර්ස්
119323338,1549654,si,වැසෙනි
119323415,1549655,si,වාසන්ස්
119323492,1549656,si,වැස්ලින්
119323569,1549657,si,වාස්ලේයි
119323646,1549658,si,වාසල්
119323954,1549662,si,වාස්පර්විලර්
119324031,1549663,si,වසොඋය්
119324108,1549664,si,වසල්ස්
119324262,1549666,si,වස්කොයුයිල්
119324339,1549667,si,වර්සි
119324416,1549668,si,\N
119324724,1549672,si,වර්ස්-සර්-රොසෙක්ස්
119324801,1549673,si,\N
119324878,1549674,si,වර්ස්
119324955,1549675,si,වර්ස්
119325032,1549676,si,වර්ස්
119325109,1549677,si,වර්රෙද්දෙස්
119325186,1549678,si,වරාන්
119325263,1549679,si,වරෝවිල්
119325340,1549680,si,වරෝයිස් සහ චයිනෝ
119325417,1549681,si,වරොන්ග්
119325494,1549682,si,වර්නි
119325571,1549683,si,වර්න්විල්-බ් රෙටෙවිල්
119325648,1549684,si,වර්නවිල්
119326033,1549689,si,\N
119326187,1549691,si,\N
119326264,1549692,si,වරිස්කෝට්
119326341,1549693,si,වරින්ෆ් රෝයි
119326572,1549696,si,වරිල්හෙස්
119326726,1549698,si,වරෙට්ස්
119326880,1549700,si,වරෙස්නෙස්
119326957,1549701,si,වරෙස්
119327034,1549702,si,වොරන්ස්-සර්-උසන්
119327111,1549703,si,වොරන්ස්-සර්-ටෙච්
119327188,1549704,si,වොරන්ස්-සර්-සයින්
119327265,1549705,si,වොරන්ස්-සර්-මෝර්ජ්
119327342,1549706,si,වොරන්ස්-සර්-ලෝයර්
119327496,1549708,si,වොරන්ස්-සර්-ෆවුසන්
119327573,1549709,si,වොරන්ස්-සර්-ඇමන්ස්
119327650,1549710,si,වොරන්ස්-සර්-ඇලියර්
119327727,1549711,si,වොරන්ස්-සෝස්-ඩන්
119327804,1549712,si,වොරන්ස්-සෙන්ට්-සෝවර්
119328035,1549715,si,වොරන්ස් ලෙස් නර්සි
119328112,1549716,si,වොරන්ස්-ලෙස්-මැකොන්
119328189,1549717,si,වොරන්ස්-ලෙ-ග් රෑන්ඩ්
119328266,1549718,si,වොරන්ස්-ජර්සි
119328343,1549719,si,වොරන්ස්-චැංගි
119328420,1549720,si,වොරන්ස්-එන්-ආර්ගොන්
119328497,1549721,si,වරෙන්ස්
119328574,1549722,si,වරෙන්ස්
119328805,1549725,si,වරෙන්ස්
119328959,1549727,si,වරෙන්ස්
119329421,1549733,si,වරෙන්ස්
119329498,1549734,si,වරෙන්ස්
119329575,1549735,si,වරෙන්ස්
119329652,1549736,si,වොරන්-සෙන්ට් ජර්මන්
119329729,1549737,si,වොරන්-එල් ආර්කොන්ස්
119330345,1549745,si,වරෙන්ගුබෙක්
119330422,1549746,si,වොරෙන්ජිවිල්-සර්-මර්
119330499,1549747,si,වාරන්
119330576,1549748,si,වරේල්ස්
119330653,1549749,si,වරේල්ස්
119330730,1549750,si,වරේල්ස්
119330807,1549751,si,වරේල්ස්
119330961,1549753,si,වර්චෙස්-ආල්ලිඑරෙස්-එට්-රිස්සෙට්
119331038,1549754,si,වරවිල්
119331192,1549756,si,වරන්ගෙවිල්
119331269,1549757,si,වරන්ජස්
119331346,1549758,si,වරම්බොන්
119331423,1549759,si,වරයිස්
119331500,1549760,si,වරෙයිරේ
119331577,1549761,si,වරයින්
119331654,1549762,si,වරගේස්
119331731,1549763,si,වරදේස්
119331808,1549764,si,වරාසියු
119331885,1549765,si,වෝර්
119331962,1549766,si,වන්සි
119332116,1549768,si,වැන්සායි
119332193,1549769,si,වැන්සාක්
119332270,1549770,si,වෑන්
119332347,1549771,si,වැන්ක්සයින්
119332424,1549772,si,වැන්විල්
119332501,1549773,si,වැන්වේ
119332578,1549774,si,වන්වස්
119332655,1549775,si,වැන්ටොක්ස් සහ ලෝන්ගෙවෙල්
119332732,1549776,si,වන්ටොක්ස්
119332886,1549778,si,වැනොස්ක්
119332963,1549779,si,වන්නෝස්
119333040,1549780,si,වැනේස්-සර්-කොසන්
119333117,1549781,si,වැනේස් ලෙ චැටෙල්
119333271,1549783,si,වන්නෙස්
119333348,1549784,si,වැනෙක් රොක්
119333425,1549785,si,වැන්නකෝට්
119333502,1549786,si,වන්නෙ
119333656,1549788,si,වන්ලය්
119333810,1549790,si,වැන්ඩි
119333887,1549791,si,වන්ද්‍රිමරේ
119333964,1549792,si,වැන්ඩ්රේ
119334041,1549793,si,වැන්ඩන්කෝට්
119334118,1549794,si,වැන්ඩෝවර් ලෙස් නැන්සි
119334195,1549795,si,වැන්ඩියර්ස්
119334272,1549796,si,වැන්ඩියර්ස්
119334349,1549797,si,වැන්ඩූයිල්
119334426,1549798,si,වැන්ඩෙනෙස්-එන්-ඔක්සෝයිස්
119334503,1549799,si,වැන්ඩනේස්
119334657,1549801,si,වැන්ඩලිකෝට්
119334734,1549802,si,වැන්ඩලෙවිල්
119334811,1549803,si,වන්දෙලන්ස්
119334888,1549804,si,වැන්ඩලයින්විල්
119335042,1549806,si,වැනේ බින්
119335119,1549807,si,වැන්ක්ලන්ස්
119335273,1549809,si,වෑන්ස්
119335350,1549810,si,වැන්කායිස්
119335427,1549811,si,වැනෝල්ට්-ලෙස්-ඩේම්ස්
119335504,1549812,si,වැනෝ-ලෙ-චැටෙල්
119335581,1549813,si,වල්ස්-සෝස්-චැටෝනියුෆ්
119335658,1549814,si,අල්ළෙර්ගුඑස්
119335812,1549816,si,වැල්විග්නර්ස්
119335889,1549817,si,වලුඑජෝල්ස්
119336043,1549819,si,වැල්-සුසොන්
119336120,1549820,si,වල්ස් ප් රෙස් ලෙ පුයි
119336197,1549821,si,වුඩ්කොක්
119336274,1549822,si,වල්ස් ලෙස් බේන්ස්
119336351,1549823,si,වල්ස් ලෙ චැස්ටල්
119336428,1549824,si,වැල්සර්ස්
119336582,1549826,si,වල්සෙම්
119336659,1549827,si,වාල්ස්
119336736,1549828,si,වල්රුෆි
119336813,1549829,si,වැල්රෝස්
119336890,1549830,si,වැල්රියාස්
119336967,1549831,si,වල්රාස්-ප්ලේජ්
119337044,1549832,si,අල්පුඉසෙඖෂ්
119337198,1549834,si,වැල්ප්රිවාස්
119337352,1549836,si,වල්ප් රියෝන්ඩ්
119337891,1549843,si,අලොරෙඉල්ලෙ
119337968,1549844,si,වැලෝන්
119338045,1549845,si,වාලොජොල්ක්ස්
119338122,1549846,si,වැලොග්නස්
119338199,1549847,si,වැල්මි
119338276,1549848,si,වල්මුන්ස්ටර්
119338353,1549849,si,වැල්මොන්ට්
119338430,1549850,si,වැල්මොන්ට්
119338507,1549851,si,වැල්මොන්ඩෝයිස්
119338661,1549853,si,වැල්මෙස්ට්‍රොෆ්
119338738,1549854,si,වැල්මේනියර්
119339123,1549859,si,වැලූයිස්
119339200,1549860,si,වැලෝර්සින්
119339277,1549861,si,වැලෝන්-සර්-ජි
119339354,1549862,si,වැලෝන්-පොන්ට්-ඩර්ක්
119339431,1549863,si,වැලෝන්-එන්-සුලි
119339585,1549865,si,වැලෝයිස්
119339662,1549866,si,වැලෝයර්
119339739,1549867,si,වැලිකර්විල්
119339816,1549868,si,වැලිගියර්ස්
119339893,1549869,si,වැලියර්ස් ලෙස් ග් රෑන්ඩ්ස්
119340047,1549871,si,වැලියර්ස්
119340124,1549872,si,වැලියර්ස්
119340201,1549873,si,වල්ලියර්
119340663,1549879,si,වැලෙටෝ
119340740,1549880,si,වැලට්
119340894,1549882,si,වැල්ස්විල්ස්
119341048,1549884,si,වල්ලෙර්ය්
119341125,1549885,si,වැලරොයි-ලෙ-සෙක්
119341202,1549886,si,වැලරොයි-ඔක්ස්-සෝල්ස්
119341279,1549887,si,වැලරොයි
119341433,1549889,si,වැලරොයි
119341510,1549890,si,වැලරොයිස්-ලොරිඕස්
119341587,1549891,si,වැලරොයිස්-ලෙ-බොයිස්
119341664,1549892,si,වැලරූයිල්
119341741,1549893,si,වැලරෙට්
119341818,1549894,si,වැලරෙස්
119341895,1549895,si,වැලෙරෝග්
119341972,1549896,si,වැලරර්ගස්
119342049,1549897,si,වැලරන්ජ්
119342126,1549898,si,වැලන්ටිග්නි
119342203,1549899,si,වල්ලෙනය්
119342280,1549900,si,වැලීරි
119342357,1549901,si,වැලෙගු
119342665,1549905,si,වැලේ-ඩි-රොස්ටිනෝ
119342742,1549906,si,වැලේ-ඩි-මෙසානා
119342819,1549907,si,වැලේ-ඩි-කැම්පොලෝරෝ
119342896,1549908,si,වැලේකල්
119342973,1549909,si,විලා කර්ටි
119343127,1549911,si,වැලන්ට්-සෙන්ට්-ජෝර්ජ්
119343358,1549914,si,කැවාලස්කෝ
119343435,1549915,si,වැලන්ගුජාර්ඩ්
119343512,1549916,si,වල්ලන්
119343743,1549919,si,වැලබ් රික්ස්
119343820,1549920,si,අල්ලබ්රෙගුඑස්
119344128,1549924,si,වැලින්ස්
119344205,1549925,si,නව රේඛාව
119344282,1549926,si,වැලිග්නාට්
119344436,1549928,si,වලියර්ගස්
119344590,1549930,si,වල්හුන්
119344667,1549931,si,වැල්හේ
119344744,1549932,si,වල්ගෝර්ජ්
119344821,1549933,si,වල්ෆ් රොයිකෝර්ට්
119344898,1549934,si,වල්ෆ් රම්බර්ට්
119345052,1549936,si,වැල්ෆ්ලූරි
119345129,1549937,si,වැල්ෆ්ලෝන්ස්
119345206,1549938,si,වැල්ෆින්-සර්-වොලස්
119345283,1549939,si,වැල්ෆින් ලෙස් සෙන්ට් ක්ලෝඩ්
119345360,1549940,si,අල් අෆිෆ්
119345437,1549941,si,වැලේසාන්
119345514,1549942,si,වැලෙරාක්
119345668,1549944,si,වැලේයිල්
119346053,1549949,si,ක්වාග්ලියෙටා
119346130,1549950,si,වල-එට්-චටිල්ලෝන්
119346361,1549953,si,වැලෙස්කෝට්
119346438,1549954,si,වැලර්නස්
119346515,1549955,si,වලෙර්ගුඑස්
119346669,1549957,si,වැලන්ටන්
119346746,1549958,si,වැලන්ටයින්
119346900,1549960,si,වැලන්ටිග්නි
119347054,1549962,si,වැලන්සෝල්
119347131,1549963,si,වැලනේස්
119347208,1549964,si,වැලෙන්කෝන්
119347362,1549966,si,වැලෙන්සින්
119347439,1549967,si,වැලෙන්සියානු
119347516,1549968,si,වැලන්ස්-සර්-බේස්
119347670,1549970,si,වැලන්ස් එන් බ් රී
119347747,1549971,si,වලෙන්චේ-ද'ආල්බිගෙඔඉස්
119347824,1549972,si,සංයුජතා
119347978,1549974,si,සංයුජතා
119348055,1549975,si,සංයුජතා
119348132,1549976,si,කැස්ටල්නෝ-වැලන්ස්
119348209,1549977,si,වැලන්කේ
119348286,1549978,si,වැලම්පූලියර්ස්
119348440,1549980,si,අලෙඉන්ස
119348517,1549981,si,වෝකර්විල්
119348594,1549982,si,අලෙඉල්ලෙස්
119348902,1549986,si,වල්ඩුරෙන්ක්
119348979,1549987,si,වැල්ඩ්‍රෝම්
119349133,1549989,si,වැල්ඩෝයි
119349210,1549990,si,\N
119349287,1549991,si,වැල්-ඩී-ඉසෙරේ
119349441,1549993,si,වැල්ඩියු ලුට් රාන්
119349595,1549995,si,වැල් ඩෙස් ප් රෙස්
119349672,1549996,si,වැල්ඩෙරෝර්
119349749,1549997,si,වැල්-ඩි-රූලන්ස්
119349826,1549998,si,වැල්ඩරීස්
119349980,1550000,si,වැල්-ඩි-මර්සි
119350057,1550001,si,අල්දෙලංකෞර්ත
119350134,1550002,si,වැල්-ඩි-ලා-හේ
119350365,1550005,si,වැල්ඩම්පියර්
119350596,1550008,si,වැල්කෝර්ට්
119350750,1550010,si,වල්සිවියර්ස්
119350904,1550012,si,වල්සෙබෝලර්
119350981,1550013,si,වල්කන්විල්
119351058,1550014,si,වැල්කබ්රේ
119351366,1550018,si,වැල්බෝන්
119351443,1550019,si,වැල්බොනයිස්
119351597,1550021,si,වැල්බෙල්
119351674,1550022,si,වැල්බෙලික්ස්
119351751,1550023,si,වලයි
119352059,1550027,si,අලෞරිඑ
119352213,1550029,si,වැලෙයාර්
119352367,1550031,si,වලයිල්ස්
119352444,1550032,si,වලඩි
119352752,1550036,si,වෛව්රේ-එට්-ඔන්තොඉල්ලෙ
119352906,1550038,si,වේට්
119352983,1550039,si,වෛසාක්
119353060,1550040,si,වයිසන් ලා රෝමේන්
119353137,1550041,si,වයිරස්-සර්-මාර්න්
119353214,1550042,si,වයිර් සෝස් කෝර්බි
119353291,1550043,si,වයිර් ලෙ පෙටි
119353445,1550045,si,වයිරේ
119353599,1550047,si,වින්ස්
119353676,1550048,si,වයිලි-සර්-සෝල්ඩ් රේ
119353753,1550049,si,වයිලි-සර්-අයිස්නි
119353830,1550050,si,වෛල්ල්ය්
119353984,1550052,si,වෛල්ල්ය්
119354061,1550053,si,වෛල්ලන්ට්
119354138,1550054,si,වයිලැක්
119354215,1550055,si,වයිල්හෝර්ල්ස්
119354292,1550056,si,වයිල්හවුක්ස්
119354369,1550057,si,වෛල්හාන්
119354523,1550059,si,වයිගස්
119354600,1550060,si,වල් ලෙස් ෆෝල්කෙමොන්ට්
119354677,1550061,si,වල් ලෙස් බෙනෙස්ට් රොෆ්
119354754,1550062,si,වල්-එබර්සිං
119354831,1550063,si,වැග්නි
119354908,1550064,si,වැග්නස්
119354985,1550065,si,වඩොන්විල්
119355139,1550067,si,වඩෙන්කෝට්
119355216,1550068,si,වඩෙන්කෝට්
119355293,1550069,si,වදෙනය්
119355370,1550070,si,වඩලේන්කෝට්
119355447,1550071,si,වඩන්
119355524,1550072,si,වඩන්
119355601,1550073,si,වක්කියර්ස්
119355755,1550075,si,අක්කුඉඑරෙස්
119355832,1550076,si,වකේරාස්
119355909,1550077,si,වැක්විල්
119355986,1550078,si,වකෙරිට්-එර්කියර්ස්
119356063,1550079,si,වකෙරි-ලෙ-බුක්
119356294,1550082,si,වකෝන්
119356371,1550083,si,වකොග්නස්-නියුයිලි
119356756,1550088,si,වචෙරෙස් ලෙස් බාස්
119356910,1550090,si,වචේරෙස්සේ
119357218,1550094,si,වචේරෙස්
119357295,1550095,si,වචේරුවිල්ලේ
119357449,1550097,si,වබ්රේ-ටිසාක්
119357526,1550098,si,වබ්‍රෙස්-ල'අබ්බයේ
119357603,1550099,si,වබ්රෙස්
119357757,1550101,si,වබ්රෙස්
119357834,1550102,si,වබ්රේ
119357911,1550103,si,වාස්
119358065,1550105,si,උසෝස්
119358142,1550106,si,උසෙස්ටේ
119358219,1550107,si,ඌළෙස්
119358296,1550108,si,උසර්චේ
119358373,1550109,si,ඌළෙර්
119358450,1550110,si,ඌළෙර්
119358527,1550111,si,ඌළෙමෛන්
119358604,1550112,si,උසෙල්ලේ
119358681,1550113,si,උසෙල්
119358758,1550114,si,උසෙයින්
119358835,1550115,si,\N
119358912,1550116,si,ඌළය්-ලේ-වෙනොන්
119359066,1550118,si,උසාන්
119359143,1550119,si,උසා
119359220,1550120,si,උක්සම්
119359297,1550121,si,උක්සෙල්ස්
119359374,1550122,si,උක්සෙග්නි
119359451,1550123,si,ඌෂෙඖ
119359682,1550126,si,උට්ට්විල්ලෙර්
119359759,1550127,si,උට්ටේන්හොෆ්ෆෙන්
119359836,1550128,si,උටන්හයිම්
119359990,1550130,si,උටෙල්
119360067,1550131,si,උස්තු
119360144,1550132,si,උස්ටාරිට්ස්
119360221,1550133,si,උස්ස්ය්-සුරැ-මරනේ
119360298,1550134,si,උස්සි
119360375,1550135,si,උස්සෝන්-එන-ඔරෙළ්
119360452,1550136,si,උස්සෝන්-දු-ඔඉතෞ
119360529,1550137,si,උස්සෝන්
119360683,1550139,si,උස්සෙල්-ද'අල්ලිඑර්
119360760,1550140,si,උස්සෙල්
119360837,1550141,si,උස්සෙල්
119360914,1550142,si,උස්සෙල්
119361068,1550144,si,ඌෂෙඖ
119361145,1550145,si,ඌෂෙඖ
119361222,1550146,si,උස්සාත්
119361299,1550147,si,උසාක්
119361453,1550149,si,උසිනෙන්ස්
119361607,1550151,si,උස්ච්ලස්-ද'හේරුල්ට්
119361684,1550152,si,උස්ච්ලස්-දු-ඔස්ක
119361761,1550153,si,උස්ච්ලදෙස්-එට්-ඉඑඋතොර්ද
119361992,1550156,si,\N
119362069,1550157,si,\N
119362223,1550159,si,වැලි බෲක්
119362300,1550160,si,උර්විලර්ස්
119362377,1550161,si,උර්විල්-නක්විල්
119362454,1550162,si,උර්විල්
119362531,1550163,si,උර්විල්
119362608,1550164,si,උර්විල්
119362685,1550165,si,උර්විල්
119362839,1550167,si,උර්වාල්
119362916,1550168,si,උරුෆේ
119363147,1550171,si,උර්ටාකා
119363224,1550172,si,උර්ට්
119363301,1550173,si,උර්ෂෙන්හයිම්
119363455,1550175,si,උර්රුග්නේ
119363532,1550176,si,ඌරෞ-එට්-ච්රෙන්නේස්
119363609,1550177,si,උරොස්ට්
119363686,1550178,si,උර්මැට්
119363840,1550180,si,උරිමැනිල්
119363994,1550182,si,උර්ගොස්සේ
119364071,1550183,si,උර්ගන්ස්
119364148,1550184,si,යුරේපල්
119364225,1550185,si,උර්ඩෝස්
119364302,1550186,si,උර්ඩස්
119364379,1550187,si,ඌර්ඩන්ස්
119364456,1550188,si,උර්සි
119364610,1550190,si,උර්කිට්
119364687,1550191,si,උර්සියර්ස්
119364764,1550192,si,උර්සේරි
119364841,1550193,si,උර්සෙල්
119364918,1550194,si,උර්චය්
119364995,1550195,si,උර්බිස්
119365072,1550196,si,උර්බ්ස්
119365149,1550197,si,උර්බෙයිස්
119365303,1550199,si,උර්බලචොනේ
119365457,1550201,si,උරාවු
119365534,1550202,si,ඌර්
119365611,1550203,si,උපී
119365688,1550204,si,උපයික්ස්
119365765,1550205,si,\N
119365842,1550206,si,උන්වෙර්රේ
119365996,1550208,si,යුනික්ස්
119366073,1550209,si,යුනියන්විල්
119366150,1550210,si,යුනියාස්
119366227,1550211,si,උන්ගර්ෂයිම්
119366381,1550213,si,උන්චීර්
119366458,1550214,si,අන්සි ලෙ ෆ් රෑන්ක්
119366535,1550215,si,ඌනක්
119366612,1550216,si,ඌම්පෙඖ
119366689,1550217,si,උලි-සෙන්ට්-ජෝර්ජ්
119366766,1550218,si,උල්කොට්
119366843,1550219,si,උර්විලර්
119366920,1550220,si,උල්විලර්
119366997,1550221,si,උහාර්ට්-මික්ස්
119367074,1550222,si,උහාර්ට්-සීස්
119367151,1550223,si,උග්නි-සර්-මෝස්
119367305,1550225,si,උග්නි ලෙ ගේ
119367382,1550226,si,අවලස්සනයි
119367459,1550227,si,උග්නුවාස්
119367536,1550228,si,උග්ලස්
119367613,1550229,si,උගිනේ
119367767,1550231,si,උෆ්හෝල්ට්ස්
119367844,1550232,si,උෆ්හයිම්
119367998,1550234,si,උබර්ස්ට් රාස්
119368152,1550236,si,උකංගේ
119368229,1550237,si,උචොන්
119368306,1550238,si,උචිසි
119368460,1550240,si,උචාක්ස්
119368537,1550241,si,උචුඩ්
119368614,1550242,si,උචාක් සහ පැරෙන්ටිස්
119368691,1550243,si,උචියානි
119368768,1550244,si,උබ්‍රයේ
119368845,1550245,si,උබෙක්සි
119368922,1550246,si,උබරාච්
119369692,1550256,si,\N
119369769,1550257,si,ටුසගුට්
119369846,1550258,si,ටස්සන්
119370077,1550261,si,ටර්සාක්
119370154,1550262,si,ටුරියර්ස්
119370231,1550263,si,ටුරෙටෝ
119370308,1550264,si,ටර්ක්විල්
119370385,1550265,si,ටර්කන්ට්
119370539,1550267,si,හැරෙනවා
119370924,1550272,si,ටර්ගන්
119371001,1550273,si,ටියුරන්
119371078,1550274,si,ටර්ක්හයිම්
119371155,1550275,si,ටුර්චෙය්
119371232,1550276,si,ටුපින්
119371309,1550277,si,ටුපිග්නි
119371386,1550278,si,ටූලි
119371463,1550279,si,විල්කින්ස්
119371540,1550280,si,ටියුලේ
119371617,1550281,si,ටියුලේට්
119371848,1550284,si,ටග්නි සහ පොන්ට්
119372079,1550287,si,ටෆ්
119372233,1550289,si,ටූඩෙල්
119372310,1550290,si,ටියුඩීල්ස්
119372387,1550291,si,ටුක්කුඑග්නිඑඋෂ්
119372464,1550292,si,ටුචන්
119372695,1550295,si,ටියුබර්සෙන්ට්
119373003,1550299,si,ට්‍රුයෙස්
119373080,1550300,si,ට් රට්මර්-ලෙ-පෙටි
119373157,1550301,si,ට් රට්මර්-ලෙ-ග් රෑන්ඩ්
119373234,1550302,si,ට්රබුන්ජේ
119373311,1550303,si,ට් රන්
119373388,1550304,si,ට්‍රුමිල්ල්ය්
119373542,1550306,si,ට් රූයිනාස්
119373619,1550307,si,ට් රග්නි
119373773,1550309,si,ට් රූසි-සර්-යොන්
119373850,1550310,si,ට් රූසි-එල්-ඔර්ගුයිල්ස්
119373927,1550311,si,ට් රූසි
119374004,1550312,si,ට් රූචර්ස්හයිම්
119374312,1550316,si,ට්‍රොයෝන්
119374389,1550317,si,ට්‍රෝයිස්
119374466,1550318,si,ට් රෝයි-ඩී-අරිජ්
119374543,1550319,si,ට්රෝයි
119374697,1550321,si,ට්‍රොඋවිල්ලේ-සුරැ-මේර
119374774,1550322,si,ට්‍රොවිල්-ලා-හෝල්
119374851,1550323,si,ට්රොවිල්
119374928,1550324,si,ට්රූවන්ස්
119375005,1550325,si,ට්රෞෂුරෙස්
119375082,1550326,si,ට්‍රවුසි
119375159,1550327,si,ට්‍රවුසන්කෝට්
119375313,1550329,si,ට්රොලි
119375390,1550330,si,ට්රොයිලාස්
119375467,1550331,si,ට්‍රොඋහුට්
119375544,1550332,si,ට්‍රොඋහන්ස්
119375852,1550336,si,ට්‍රොඋබට්
119376006,1550338,si,ට්රෝවාන්ස්
119376160,1550340,si,ට්රොස්ලි-ලොයර්
119376237,1550341,si,ට්‍රොස්ලි-බ්‍රෙයිල්
119376314,1550342,si,ට්‍රොඕ
119376391,1550343,si,ට් රොන්විල්-එන්-බාරෝයිස්
119376468,1550344,si,ට්රොන්විල්
119376545,1550345,si,ට්රොන්සාන්ගස්
119376776,1550348,si,ට් රොන්ජට්
119376853,1550349,si,ට්රොන්ඩ්ස්
119377007,1550351,si,ට් රොන්චි
119377084,1550352,si,ට්‍රොන්චෝය්
119377161,1550353,si,ට්‍රොන්චෝය්
119377238,1550354,si,ට්‍රොන්චෝය්
119377392,1550356,si,ට්රොන්සන්ස්
119377623,1550359,si,ට්රොම්බෝන්
119377700,1550360,si,ට්රොමරේ
119377931,1550363,si,ට්රොයිස්-ෆොන්ඩ්ස්
119378008,1550364,si,ට්රොයිස්විල්ස්
119378085,1550365,si,ට්රොයිස්-විල්ස්
119378162,1550366,si,ට්රොයිස්-වෙවර්ස්
119378239,1550367,si,ට්රොයිස්වාක්ස්
119378316,1550368,si,ට්රොයිසි
119378393,1550369,si,ට්රොයිසෙරෙක්ස්
119378470,1550370,si,ට්රොයිස්-පුට්ස්
119378547,1550371,si,ට්රොයිස්-පාලිස්
119378701,1550373,si,ට්රොයිස්-මොන්ට්
119378778,1550374,si,ට්රොවිස්කෝසෝ
119378855,1550375,si,ට් රොයිස්-ෆොන්ටේන්ස්-එල් ඇබේ
119378932,1550376,si,ට්රොයිස්ෆොන්ටයින්
119379009,1550377,si,ට්රොයිස්ෆොන්ටේන්ස්-ලා-විල්
119379163,1550379,si,ට්රොයිෂැම්ප්ස්
119379240,1550380,si,ට්‍රොගුඑස්
119379317,1550381,si,ට්‍රොගරි
119379394,1550382,si,ට්රොස්නෙස්
119379471,1550383,si,ට්‍රොසි-එන්-මල්ටියන්
119379548,1550384,si,ට්‍රොචේරෙස්
119379625,1550385,si,ට්රෝචේ
119379779,1550387,si,ට්රෝර්න්
119379856,1550388,si,ට් රිසායි ලෙස් බොන්වාල්
119379933,1550389,si,ට් රිසායි-කොට් රෙටෝ-සෙන්ට්-සර්ජ්
119380087,1550391,si,ට්රයිසයි
119380164,1550392,si,ට්රයිසාක්
119380241,1550393,si,ට්රයිවි
119380472,1550396,si,ට්රයිටෙලින්-රෙඩ්ලාච්
119380549,1550397,si,ට්රිත්-සාන්ත-ලෙගර්
119380626,1550398,si,ට්රිකුඑවිල්ලෙ
119380703,1550399,si,ට්රිකුඑර්විල්ලෙ
119380857,1550401,si,ට්‍රිපල්විල්
119381165,1550405,si,ටිකෝස්
119381396,1550408,si,ට්‍රිනය්
119381627,1550411,si,ට්රයිමර්
119381704,1550412,si,ට්‍රිම්බාච්
119381781,1550413,si,ට්‍රිල්පෝට්
119381858,1550414,si,ට්‍රිල්ලා
119381935,1550415,si,ට්රිල්බාර්ඩෝ
119382012,1550416,si,ත්‍රිගුරෙස්
119382166,1550418,si,ට් රිග්නි
119382243,1550419,si,ට්‍රිග්නැක්
119382320,1550420,si,ට්‍රිගාවෝ
119382397,1550421,si,ට්‍රිගන්චේ
119382474,1550422,si,ට්‍රියුක්ස්
119382628,1550424,si,ට් රයිම්බාක් ඕ වැල්
119382705,1550425,si,ට් රියල්-සර්-සයින්
119382782,1550426,si,ට්‍රයි-ලා-විල්
119382859,1550427,si,ට්රයි-චැටෝ
119382936,1550428,si,ට්‍රයි-සර්-බයිස්
119383013,1550429,si,ට්රයිකොට්
119383167,1550431,si,ට්‍රිචේ
119383244,1550432,si,ට්රිබෙහෞ
119383475,1550435,si,ට්රයිසයිස්
119383552,1550436,si,ට්‍රයැක්-ලෝට්‍රේට්
119383629,1550437,si,ට් රෙසියු
119383706,1550438,si,ට්රෙසිලයිඩ්
119383783,1550439,si,ට්රේසියර්ස්
119383937,1550441,si,ට් රෙසෙනී
119384014,1550442,si,ට්රෙළෙල්ලෙස්
119384399,1550447,si,ට්රෙව්රොන්
119384476,1550448,si,ට්රෙවෝක්ස්
119384553,1550449,si,ට් රෙවෝ-ට් රෙගුයිනෙක්
119384630,1550450,si,ට්රෙවෝල්
119384784,1550452,si,ට්රෙවිලි
119384861,1550453,si,ට්රෙවිලර්ස්
119384938,1550454,si,ට්රෙවිල්
119385015,1550455,si,ට්රෙවිලාච්
119385169,1550457,si,ට්රෙවිග්නින්
119385246,1550458,si,ට්රෙවිඑරෙස්
119385323,1550459,si,ට්‍රෙවියන්
119385554,1550462,si,ට්රේව්ස්-කුනාල්ට්
119385631,1550463,si,ට්රේව්ස්
119385708,1550464,si,ට්රේව්ස්
119385939,1550467,si,ට්රෙවේරියන්
119386016,1550468,si,ට්රෙවෙරෙක්
119386093,1550469,si,ට්රේවරේ
119386170,1550470,si,ට්‍රෙවෙන්යුක්
119386324,1550472,si,ට්රේව්
119386478,1550474,si,ට් රූසි ලෙව්ලේ
119386555,1550475,si,ට්‍රෙක්ස්
119386863,1550479,si,ට්රෙවනන්ස්
119386940,1550480,si,ට්රේට්ස්
119387017,1550481,si,ට්රෙතෙඖ
119387171,1550483,si,ට්රේසන්
119387248,1550484,si,ට්රෙසින්
119387325,1550485,si,ට් රෙසිග්නොක්ස්
119387402,1550486,si,එසෙක්ස්
119387479,1550487,si,ට්රෙස්විසෝ
119387556,1550488,si,ට්‍රේස්සෙර්රේ
119387633,1550489,si,ට් රෙස්
119387710,1550490,si,ට්රේසන්ජ්
119387864,1550492,si,ට් රෙසන්
119387941,1550493,si,ට්‍රේස්සින්ට්
119388095,1550495,si,ට්රෙස්ක්ස්
119388172,1550496,si,ට්රෙස්පෝක්ස්
119388403,1550499,si,එස්නා
119388480,1550500,si,ට්‍රෙස්ලෝන්
119388557,1550501,si,ට්රේසිලි
119388634,1550502,si,ට් රෙස්ක්ලූක්ස්
119388711,1550503,si,ට්‍රෙස්කෝල්ට්
119388865,1550505,si,ට්රෙස්බෝෆ්
119388942,1550506,si,ට් රෙසාවොක්ස්
119389096,1550508,si,ට් රෙප්
119389173,1550509,si,ට් රෙප් රල්
119389250,1550510,si,ට්‍රෙපෝට්
119389481,1550513,si,ට්‍රෙපේල්
119389558,1550514,si,ට්රෙඖඑර්ගත්
119389635,1550515,si,ට් රීන්
119389789,1550517,si,ට්‍රෙගෝට්
119389866,1550518,si,ට්‍රේඔගන්
119390020,1550520,si,ට් රෙන්ටල්ස්
119390097,1550521,si,ට් රෙන්සාක්
119390251,1550523,si,ට් රේනල්
119390405,1550525,si,ට්රේමුසන්
119390944,1550532,si,ට් රෙමූලට්
119391098,1550534,si,ට් රෙමූයිල්-සෙන්ට්-ලූප්
119391252,1550536,si,ට්‍රෙමෝයිල්ස්
119391329,1550537,si,ට්‍රෙමෝයිල්
119391483,1550539,si,වෙව්ලීම
119391560,1550540,si,ට් රෙමොන්සි
119391637,1550541,si,ට් රෙමොන්ට්-සර්-සෝල්ක්ස්
119391714,1550542,si,ට්රෙන්ටන්
119391791,1550543,si,ට්රෙන්ටන්
119392022,1550546,si,ට්රෙමන්ස්
119392176,1550548,si,ට්රෙමොලට්
119392253,1550549,si,ට් රෙමොයින්
119392407,1550551,si,ට්රේමිනිස්
119392484,1550552,si,ට්‍රෙමිලි
119392638,1550554,si,ට් රෙමෙවන්
119392715,1550555,si,ට් රෙමෙවන්
119392792,1550556,si,ට් රෙමර්
119392869,1550557,si,ට්රේමරි
119392946,1550558,si,ට්රෙමෙරෙක්
119393023,1550559,si,ට්රෙමියොක්
119393100,1550560,si,ට්‍රෙමෙන්ටයින්
119393177,1550561,si,ට්රෙමෙලොයර්
119393408,1550564,si,ට්රේමෙල්
119393485,1550565,si,ට් රෙමෙහියුක්
119393562,1550566,si,ට් රම්බ්ලොයිස් ලෙස් රොක්රෝයි
119393639,1550567,si,ට් රම්බ්ලොයිස්-ලෙස්-කැරිග්නන්
119393793,1550569,si,ට් රම්බ්ලෙකෝර්ට්
119393870,1550570,si,ට් රම්බ්ලේ-එන්-ප් රංශය
119393947,1550571,si,ට්‍රේම්බ්ලය්
119394024,1550572,si,ට්‍රේම්බ්ලය්
119394178,1550574,si,ට්‍රෙමෝවිල්
119394332,1550576,si,ට්රේමර්ගට්
119394409,1550577,si,ට් රෙමාවුසාන්
119394640,1550580,si,ට්‍රෙලෝ-සුර්-මර්නේ
119394717,1550581,si,ට්‍රෙලෝන්
119394794,1550582,si,\N
119394871,1550583,si,ට්‍රෙලිවන්
119394948,1550584,si,ට්රෙලිසාක්
119395102,1550586,si,ට්‍රෙලින්ස්
119395179,1550587,si,ට්රෙලෙවර්න්
119395410,1550590,si,\N
119395487,1550591,si,ට්රේලන්ස්
119395718,1550594,si,ට් රෙජෝල්ස්
119395795,1550595,si,ට් රේස්-වෙන්ට්
119395872,1550596,si,ට් රේස් සෙප්ටියර්ස්
119396026,1550598,si,ට්රීක්ස්
119396257,1550601,si,ට්රෙඉල්ලිඑරෙස්
119396334,1550602,si,ට් රේල්ස්-එන්-ගටිනාස්
119396411,1550603,si,ට්රෙඉල්ලෙස්
119396565,1550605,si,ට්රෙඉග්න්ය
119396719,1550607,si,ට්රේග්නැට්
119396796,1550608,si,ට්රේග්නැක්
119396873,1550609,si,ට් රෙහොරෙන්ටියුක්
119397104,1550612,si,ට් රෙහට්
119397412,1550616,si,ට්රෙගුන්ක්
119397566,1550618,si,ට්රෙගුයර්
119397643,1550619,si,ට් රෙගුයිඩල්
119397720,1550620,si,ට් රෙගු
119397874,1550622,si,ට්රෙගුනෙක්
119398028,1550624,si,ට්‍රෙග්‍රොම්
119398105,1550625,si,ට් රෙගුරෙස්
119398567,1550631,si,ට්රෙගොඑඖ
119398644,1550632,si,ට්‍රෙගන්
119398721,1550633,si,ට්‍රෙගෝමියුර්
119398875,1550635,si,ට්‍රෙග්ලෝනු
119398952,1550636,si,ට්රෙග්ලමස්
119399260,1550640,si,ට්‍රෙගස්ටල්
119399414,1550642,si,ට්රේගර්වන්
119399491,1550643,si,ට්‍රෙගරන්ටෙක්
119399876,1550648,si,ට්රෙෆුමෙල්
119400030,1550650,si,ට්‍රෙෆොල්ස්
119400107,1550651,si,ට්‍රෙෆ්ලෙස්
119400184,1550652,si,ට් රෙෆ්ලෙවන්ස්
119400338,1550654,si,ට්‍රෙෆ්ලවුනාන්
119400492,1550656,si,ට්රෙෆ්රින්
119400569,1550657,si,ට් රෙෆෝට්-කුසියාට්
119400646,1550658,si,ට්‍රෙෆෝර්ට්
119400723,1550659,si,ට්රෙෆ්ලීන්
119400800,1550660,si,ට්රෙෆ්ෆිඑඋෂ්
119400877,1550661,si,ට්‍රෙෆියාගට්
119400954,1550662,si,ට්රෙෆෙන්ඩෙල්
119401108,1550664,si,ට්‍රෙෆ්කොන්
119401339,1550667,si,ට් රෙඩූඩර්
119401416,1550668,si,ට් රෙඩ්රෙස්-ලොක්මේඕ
119401493,1550669,si,ට්‍රෙඩියන්
119401570,1550670,si,ට් රෙඩියාස්
119401647,1550671,si,ට්‍රෙඩාර්සෙක්
119401724,1550672,si,ට්‍රෙඩනියෙල්
119401801,1550673,si,ට්රෙකෝන්
119401955,1550675,si,ට්‍රෙක්ලූන්
119402263,1550679,si,ට්‍රෙබ්‍රි
119402340,1550680,si,ට්‍රෙබ්‍රිවන්
119402417,1550681,si,ට් රෙබොන්ස්-සර්-ලා-ග් රාස්
119402571,1550683,si,ට්රෙබොන්ස්
119402802,1550686,si,ට්රෙබර්ඩන්
119402879,1550687,si,ට්රේබ්ස්
119403110,1550690,si,ට්රෙබෙඩන්
119403187,1550691,si,ට්රේබාස්
119403264,1550692,si,ට්රේබන්
119403341,1550693,si,ට්රේබන්
119403418,1550694,si,ට්රේබාබු
119403495,1550695,si,ට්රෙඖවිල්ලෙ
119403803,1550699,si,ට්‍රියල්
119403880,1550700,si,\N
119404034,1550702,si,ට් රැව්ස්
119404111,1550703,si,ට්‍රැවර්සර්ස්
119404265,1550705,si,ට්‍රවෙච්ය්
119404496,1550708,si,ට්‍රැවයිලන්
119404573,1550709,si,ට්‍රෞස්සේ
119404650,1550710,si,ට් රොබාක් ලෙ හවුට්
119404727,1550711,si,ට් රොබාක් ලෙ බාස්
119405112,1550716,si,ට්රැප්ප්
119405497,1550721,si,ට්රංළෞල්ත
119405574,1550722,si,ට් රාන්ස් සර් එර්ඩ් රේ
119405651,1550723,si,ට් රාන්ස් එන් ප් රොවෙන්ස්
119405728,1550724,si,ට් රාන්ස් ලා ෆොරෙට්
119405805,1550725,si,ට් රාන්ස්
119405882,1550726,si,ට් රාන්ක්විල් ග් රොක්ස්
119405959,1550727,si,ට්රාන්ස්
119406113,1550729,si,ට්රේන්ජ්
119406190,1550730,si,ට්‍රැන්ක්‍රේන්විල්
119406421,1550733,si,ට්රාන්කෝල්ට්
119406498,1550734,si,ට් රැම්පොට්
119406575,1550735,si,ට්‍රැමෝයිස්
119406652,1550736,si,ට්‍රැමන්ට්-සාන්ත-ඇන්ඩ්‍රේ
119406729,1550737,si,ට්‍රැමොන්ට්-ලාසස්
119406883,1550739,si,ට්‍රැමෝල්
119407037,1550741,si,ට්‍රේමරිය
119407114,1550742,si,ට් රේම්කෝට්
119407191,1550743,si,ට් රැම්බ්ලි
119407345,1550745,si,ට්‍රමයෙස්
119407422,1550746,si,දුම්රිය
119407576,1550748,si,ට්‍රලොන්කා
119407730,1550750,si,ට් රාලයිගු
119407807,1550751,si,ට්රේකේස්
119407884,1550752,si,ට්රෛතිඑෆොන්තෛනෙ
119407961,1550753,si,ට් රේනූ
119408038,1550754,si,දුම්රිය
119408269,1550757,si,ඛේදවාචකය
119408346,1550758,si,ට්රේන්හයිම්
119408423,1550759,si,වෙළඳාම්
119408500,1550760,si,ට් රේසි-සර්-මර්
119408577,1550761,si,ට් රේසි-සර්-ලෝයර්
119408654,1550762,si,ට්රේසි-ලෙ-වල්
119408731,1550763,si,ට්රේසි-ලෙ-මොන්ට්
119408808,1550764,si,ට්රේසි-බොකේජ්
119409270,1550770,si,ටොක්ස්
119409501,1550773,si,ටූසාක්
119409578,1550774,si,ටූසාක්
119409655,1550775,si,ටොවිර්
119409732,1550776,si,ටූවෝයිස්
119409809,1550777,si,ටූවිල්
119409963,1550779,si,ටූවෙරැක්
119410040,1550780,si,ටූට් රි
119410194,1550782,si,ටූට්ල්මන්ඩ්
119410271,1550783,si,ඕවන්ස්
119410425,1550785,si,ටූටන්කෝට්
119410502,1550786,si,ටෝඋටෙනන්ට්
119410579,1550787,si,ටවුන්විල්
119410656,1550788,si,ටූසස් ලෙ නෝබල්
119410733,1550789,si,ටූසන්
119410810,1550790,si,ටූසියස්
119410887,1550791,si,ටූසියු
119411041,1550793,si,ටූසාන්
119411195,1550795,si,ටුවර්සල්
119411272,1550796,si,ටුවරි-සර්-ජෝර්
119411349,1550797,si,ටුවරි-ලර්සි
119411503,1550799,si,සංචාරය
119411657,1550801,si,ටුවර්විල්-සර්-සියාන්
119411734,1550802,si,ටුවර්විල්-සර්-පොන්ට්-ඕඩෙමර්
119411811,1550803,si,ටුවර්විල්-සර්-ඔඩොන්
119411888,1550804,si,ටුවර්විල්-සර්-ආර්ක්ස්
119411965,1550805,si,ටුවර්විල් ලෙස් ඉෆ්ස්
119412042,1550806,si,ටුවර්විල්-ලා-රිවිරේ
119412119,1550807,si,ටුවර්විල්-ලා-චැපල්
119412196,1550808,si,ටුවර්විල්-ලා-කැම්පේන්
119412273,1550809,si,ටුවර්විල්-එන්-ඕජ්
119412427,1550811,si,ටුවර්ස්
119412504,1550812,si,ටුවර්ට් රෝල්
119412581,1550813,si,ටුවර්ට්ස්
119412735,1550815,si,ටුවර්ටූස්
119412812,1550816,si,ටුවර්ටෝර්
119413043,1550819,si,ටෝටෝරා
119413274,1550822,si,ටූර්ටෙරොන්
119413351,1550823,si,ටුවර්ටෙනේ
119413428,1550824,si,ටුවර්ස්-සර්-මේමොන්ට්
119413505,1550825,si,ටුවර්ස්-සර්-මාර්න්
119413582,1550826,si,ටුවර්ස් එන් විමූ
119413659,1550827,si,ටුවර්ස්-එන්-සැවෝයි
119413736,1550828,si,ටුවර්ස්
119413890,1550830,si,සංචාරකයන්
119413967,1550831,si,ටූරෙට්-ලෙවන්ස්
119414044,1550832,si,ටුවර්ට් ඩු චැටෝ
119414198,1550834,si,ටෞර්රෙන්කුඑත්ස
119414275,1550835,si,ටුවරෙයිල්ස්
119414352,1550836,si,ටූරුසෙල්
119414429,1550837,si,ටූරෝව්ර්
119414506,1550838,si,ටුවර්නි
119414583,1550839,si,ටුවර්නස්
119414737,1550841,si,ටුවර්නස්-ඩෙවන්ට්
119414814,1550842,si,ටුවර්නස් ඩාරේ
119414891,1550843,si,ටුවර්නන්-සෙන්ට්-පීර්
119414968,1550844,si,ටෝඋර්නොන්-සින්ට්-මාර්ටින්
119415045,1550845,si,ටුවර්නන්-ඩී-ඒජිනස්
119415122,1550846,si,ටුවර්නන්
119415199,1550847,si,ටුවර්නන්-සර්-රෝන්
119415276,1550848,si,ටර්නොයිසිස්
119415353,1550849,si,ටෝවිස්කෝසා
119415507,1550851,si,ටුවර්නියර්ස්
119415815,1550855,si,ටර්න්විල්
119416046,1550858,si,ටුවර්න්ස්
119416123,1550859,si,ටුවර්නෙමියර්
119416200,1550860,si,ටුවර්නෙමියර්
119416277,1550861,si,ටුවර්නෙහෙම්-සර්-ලා-හෙම්
119416354,1550862,si,ටුවර්න්ෆෝට්
119416431,1550863,si,ටුවර්නෆියුයිල්
119416585,1550865,si,ටුවර්නෙඩෝස්-සර්-සයින්
119416662,1550866,si,ටුවර්නෙඩෝස්-බොයිස්-හියුබර්ට්
119416739,1550867,si,ටුවර්නකූප්
119416816,1550868,si,ටුවර්නෙබු
119417047,1550871,si,ටුවර්නායි-සර්-ඔඩොන්
119417124,1550872,si,ටුවර්නායි
119417201,1550873,si,ටුවර්නාවාක්ස්
119417355,1550875,si,තරඟාවලි
119417432,1550876,si,ටුවර්නන් එන් බ් රී
119417509,1550877,si,ටූර්නන්
119417586,1550878,si,ටුවර්නායි-සර්-ඩයිව්
119417740,1550880,si,ටුවර්මොන්ට්
119417817,1550881,si,ටෞර්මිග්නිඑස්
119417971,1550883,si,ටුවර්ලි
119418048,1550884,si,ටුවර්ලියැක්
119418202,1550886,si,ටුර්ජ්විල්
119418279,1550887,si,ටුවරෙට්ස්-සර්-ලූප්
119418356,1550888,si,ටෝඋර්-එන-සොලොගනේ
119418433,1550889,si,ටුවර්-එන්-බෙසින්
119418510,1550890,si,ටුවර්ඩුන්
119418587,1550891,si,ටුවර් ඩි ෆෝර්
119418741,1550893,si,ටුවර්කොයිං
119418818,1550894,si,ස්පර්ශ කරන්න
119418895,1550895,si,ටුවර්සෙල්ස්-චෝමොන්ට්
119419049,1550897,si,ටුවර්බ්ස්
119419280,1550900,si,ටූරයිල්ස්
119419434,1550902,si,ටූකින්
119419511,1550903,si,ටූකෙට්
119419665,1550905,si,ටූක්ස්
119419896,1550908,si,ටූල්ක්ස්-සෙන්ට්-ක් රොයිස්
119420050,1550910,si,ටූලූසෙට්
119420127,1550911,si,ටූලූස්-ලෙ-චැටෝ
119420204,1550912,si,ටෝවුලූස්
119420281,1550913,si,ටූලූජස්
119420435,1550915,si,ටූලෝන්-සර්-ආරූක්ස්
119420512,1550916,si,ටූලෝන්-සර්-ඇලියර්
119420589,1550917,si,ටූලෝන් ලා මොන්ටාන්
119420666,1550918,si,ටූලොන්ජැක්
119420820,1550920,si,ටූලෝන්
119420974,1550922,si,ටූලිස් සහ ඇටෙන්කෝර්ට්
119421051,1550923,si,ටූලිග්නි
119421359,1550927,si,ටූලීන්
119421436,1550928,si,ටවුලාඩ්
119421744,1550932,si,ටූහෝ
119421821,1550933,si,ටූජූස්
119421898,1550934,si,ටූලියන් සහ ලූටෙලට්
119421975,1550935,si,ටූයිලන්
119422052,1550936,si,චුඉල්ලේ
119422206,1550938,si,ටූගෙට්
119422283,1550939,si,ටොෆ්රෙවිල්-සර්-යු
119422360,1550940,si,ටොෆ්රෙවිල්-ලා-කෝර්බලයින්
119422437,1550941,si,ටොෆ්රෙවිල්-ලා-කේබල්
119422591,1550943,si,ටෆ්රිවිල්
119422668,1550944,si,ටෆ්රිවිල්
119422745,1550945,si,ටෆ්ලර්ස්
119422822,1550946,si,ටෆ්ෆයිල්ස්
119422899,1550947,si,ටූට්-සර්-වර්
119422976,1550948,si,ටූට්-ඩි-එල්-එස්කැරීන්
119423053,1550949,si,ටෝඋදොන්
119423130,1550950,si,ටූසි
119423515,1550955,si,ස්පර්ශය
119423746,1550958,si,ටෝට්ස්
119423823,1550959,si,ටෝට්ස්
119423977,1550961,si,ටොටන්විල්
119424054,1550962,si,ටෝස්ටස්
119424131,1550963,si,ටොස්ටැට්
119424208,1550964,si,ටොසියාට්
119424285,1550965,si,ටෝස්
119424362,1550966,si,ටෝස්නි
119424439,1550967,si,ටෝක්ස්
119424516,1550968,si,ටෝවිලියර්ස්
119424824,1550972,si,ටෝර්ටිසම්බර්ට්
119424901,1550973,si,ටොර්තෙළෛස්
119424978,1550974,si,ටොර්ටෙවල්-උඑස්නය්
119425055,1550975,si,ටෝටෙරොන්
119425132,1550976,si,ටොර්තෙකුඑස්නෙ
119425209,1550977,si,ටොර්ටෙෆොන්ටේන්
119425286,1550978,si,ටොර්ටෙබෙස්සේ
119425363,1550979,si,ටෝසියාක්
119425440,1550980,si,ටොර්සක්
119425517,1550981,si,ටුරෙසා
119425594,1550982,si,ටොරෙයිල්ස්
119425979,1550987,si,ටෝර්ප්ස්
119426056,1550988,si,ටෝර්ප්ස්
119426210,1550990,si,ටෝනාක්
119426518,1550994,si,ටොරිග්නි-සුරැ-විරේ
119426672,1550996,si,ටොර්ෆෞ
119426749,1550997,si,ටොර්ෆෞ
119426826,1550998,si,ටෝර්ඩූට්
119426903,1550999,si,ටෝඩර්ස්
119427057,1551001,si,ටොර්ච්ය්-ලේ-පෙටිට්
119427134,1551002,si,ටොර්ච්ය්-ලේ-පෙටිට්
119427211,1551003,si,ටොර්ච්ය්-ලේ-ග්රෑන්ඩ්
119427288,1551004,si,ටොර්ච්ය්-ලේ-ග්රෑන්ඩ්
119427365,1551005,si,ටොර්ච්ය්-එට්-පොඋලිග්න්ය්
119427442,1551006,si,ටොර්ච්ය්-එන-අලොඉස්
119427519,1551007,si,ටෝර්සි
119427596,1551008,si,ටෝර්සි
119427673,1551009,si,ටෝර්සි
119427750,1551010,si,ටෝර්සියු
119427827,1551011,si,ටොර්චේවිල්ලේ
119427981,1551013,si,ටොර්චේෆෙලෝන්
119428058,1551014,si,ටෝර්චැම්ප්
119428135,1551015,si,ටොර්චෙනය්
119428212,1551016,si,ටෝර්ස්-එන්-වැලි
119428289,1551017,si,ටොර්චේ-විවිඑර්ස්-එන-ඡර්නිඑ
119428366,1551018,si,ටෝර්ස්
119428597,1551021,si,ටොන්කෙඩෙක්
119428674,1551022,si,ටොන්නොය්
119428828,1551024,si,ටොන්විල්
119428905,1551025,si,ටෝනර්
119428982,1551026,si,ටොඑඉන්ස
119429059,1551027,si,ටොන්නය්-චරෙන්ටේ
119429136,1551028,si,ටොන්නය්-බෝඋටෝන්නේ
119429367,1551031,si,ටොනාක්
119429598,1551034,si,ටොම්බේන්
119429675,1551035,si,ටොඑබොඑඋෆ්
119429752,1551036,si,ටොලෙවාස්ට්
119429829,1551037,si,කොලිමෙන්ටෝ
119430060,1551040,si,ටොලේන්කෝට්
119430137,1551041,si,ටොල්ලා
119430445,1551045,si,ටෝග්න්ය්-ඖෂ්-ඔඑඋෆ්ස
119430599,1551047,si,ටෝගේස්
119430676,1551048,si,ටොඑඋෆ්ලෙස්
119430830,1551050,si,ටොක්විල්-සර්-යු
119430907,1551051,si,ටොක්විල් ලෙස් මර්ස්
119430984,1551052,si,ටොක්විල්-එන්-කොක්ස්
119431061,1551053,si,ටොක්විල්
119431138,1551054,si,ටොක්විල්
119431215,1551055,si,ටොකේන්-සෙන්ට්-අප් රේ
119431369,1551057,si,ටිසාක්-ඩි-ලපුයාඩ්
119431446,1551058,si,ටිසාක් ඩි කර්ටන්
119431677,1551061,si,ටිවියර්ස්
119431754,1551062,si,ටිවෙර්නොන්
119431831,1551063,si,ෆිගරි
119432062,1551066,si,ටිස්සෙය්
119432370,1551070,si,මහන්සියි
119432447,1551071,si,ටිරන්ට්
119432524,1551072,si,ටිරන්ජස්
119432601,1551073,si,ටින්ටරි
119432678,1551074,si,ටින්ට්‍රි
119432755,1551075,si,ටින්ටේනියාක්
119432832,1551076,si,ටින්කුඑඋෂ්
119432986,1551078,si,ටින්ග්රි
119433063,1551079,si,ටින්ක්රි
119433217,1551081,si,ටින්ක්ක්ස්
119433294,1551082,si,ටින්චොඋර්ට්-බෝඋච්ල්ය්
119433371,1551083,si,ටින්චෙබ්රේ
119433448,1551084,si,ටින්චෙය්-එට්-ඔන්ත්රෙබෙඖ
119433679,1551087,si,ටිල්ක්ස්
119433756,1551088,si,ටිලි-සර්-සූල්ස්
119433833,1551089,si,ටිලී-සර්-මියුස්
119433910,1551090,si,ටිලී-ලා-කැම්පේන්
119433987,1551091,si,ටිල්ල්ය්-චාපෙල්ලේ
119434064,1551092,si,ටිලී
119434141,1551093,si,ටිලී
119434372,1551096,si,ටිලී
119434449,1551097,si,ටිලෝයි-ලෙස්-මාර්චියන්ස්
119434526,1551098,si,ටිල්ලොය්-ලෙස-මොෆ්ෆ්ලෛනෙස්
119434603,1551099,si,ටිලෝයි-ලෙස්-හර්මාවිල්
119434680,1551100,si,ටිලෝයි-ලෙස්-කොන්ටි
119434757,1551101,si,ටිලෝයි-ෆ්ලෝරිවිල්
119434834,1551102,si,ටිල්ලොය්-එට්-බෙල්ලය්
119434911,1551103,si,ටිලෝයි-ලෙස්-කැම්බ් රේ
119435142,1551106,si,ටිලූ
119435219,1551107,si,ටිලෝලෝයි
119435373,1551109,si,ටිලියර්ස්-සර්-අව්රේ
119435450,1551110,si,ටිලියර්ස්
119435604,1551112,si,ටිලෙක්ස්
119435681,1551113,si,ටිලියුල් ඩේම් ඇග්නස්
119435835,1551115,si,ටිලේනායි
119435989,1551117,si,ටිලේ
119436066,1551118,si,ටිලේ-ලෙ-පෙනොක්ස්
119436143,1551119,si,ටිලැක්
119436220,1551120,si,ටිල්හවුස්
119436297,1551121,si,තිල්
119436374,1551122,si,ටිල්-චැටෙල්
119436451,1551123,si,ටයිගි
119436605,1551125,si,ටිග්නි-නොයෙල්
119436759,1551127,si,ටිග්නියු
119436913,1551129,si,ටයිග්නස්
119436990,1551130,si,ටිග්නකෝර්ට්
119437067,1551131,si,ටිග්නේ
119437221,1551133,si,කොටි
119437298,1551134,si,ටිගෙඖෂ්
119437375,1551135,si,ටිෆ්ඵුගේස්
119437452,1551136,si,ටියෙස්ටේ-උරාග්නොක්ස්
119437760,1551140,si,ටියර්ස්විල්
119437837,1551141,si,ටියර්සෙලට්
119437914,1551142,si,ටියර්ස්
119437991,1551143,si,ටිඑෆ්ෆෙන්බච්
119438068,1551144,si,ටිචේ
119438145,1551145,si,ටිචෙවිල්
119438222,1551146,si,ටිබිරන්
119438453,1551149,si,\N
119438684,1551152,si,මේ විදිහට
119438838,1551154,si,තූරි-සෝස්-ක්ලෙර්මොන්ට්
119438915,1551155,si,තුරි-හාර්කෝට්
119438992,1551156,si,තූරි-එන්-වාලෝයිස්
119439069,1551157,si,තූරි
119439146,1551158,si,තූරි
119439223,1551159,si,තුරින්ස්
119439300,1551160,si,තුරේ-ලෙ-මොන්ට්
119439377,1551161,si,තුරේ
119439454,1551162,si,තුරෙට්
119439531,1551163,si,තුරේ
119439608,1551164,si,ඨුරගෙඖ
119439685,1551165,si,තුන්-සාන්ත-මාටින්
119439762,1551166,si,තුන්-සාන්ත-අමන්ඩ්
119439839,1551167,si,තන්-එල්-එව්ක්
119439916,1551168,si,තුමරීස්
119439993,1551169,si,තුමෙරවිල්
119440070,1551170,si,තුලය්
119440147,1551171,si,තුට්-හෙබට්
119440224,1551172,si,වැල්-ඩි-වෙස්ලේ
119440455,1551175,si,තුඉර්
119440532,1551176,si,ඨුඉල්ලිඑරෙස්
119440609,1551177,si,ටුයිලි-ඔක්ස්-ග් රොසීල්ස්
119440686,1551178,si,තග්නි-ට් රග්නි
119440763,1551179,si,තුයිට්ස්
119440994,1551182,si,තුයෙල්ලින්
119441071,1551183,si,තුබෝයුෆ්
119441379,1551187,si,තෝක්ස්
119441456,1551188,si,තූරි ෆෙරොට්ස්
119441533,1551189,si,තූරි
119441610,1551190,si,තුරෝට්ටේ
119441687,1551191,si,තූරන්
119441764,1551192,si,තෝරි
119441995,1551195,si,තව්ස්-සර්-ගරොන්
119442072,1551196,si,තවර්ස්-සර්-අරයිස්
119442149,1551197,si,ටෝර්සායිස්-බුයිල්ඩ් රොක්ස්
119442226,1551198,si,ඨෞඅර්ස
119442303,1551199,si,ටෝයර්-සර්-ලෝයර්
119442380,1551200,si,\N
119442457,1551201,si,\N
119442534,1551202,si,\N
119442688,1551204,si,තෝස්ටේ
119442765,1551205,si,තෝරි
119442842,1551206,si,තෝරි
119442996,1551208,si,තෝර්ස්
119443073,1551209,si,තෝර්ස්
119443150,1551210,si,තෝරන්ක්
119443304,1551212,si,තෝරිග්නි-සර්-ඔරෙස්
119443381,1551213,si,තෝරිග්නි-සර්-මාර්න්
119443535,1551215,si,තෝරිග්නි
119443612,1551216,si,තෝරිග්නි-සර්-ලෙ-මිනොන්
119443689,1551217,si,තෝරින්-ෆුයිලර්ඩ්
119443766,1551218,si,තෝරින්-සර්-ඩු
119443843,1551219,si,තෝරින්-එන්-චාර්නි
119443920,1551220,si,තෝරින්-ඩි ඇන්ජු
119443997,1551221,si,තෝර්නි
119444074,1551222,si,තෝරි-සර්-ඕචේ
119444151,1551223,si,තෝරි-සෝස්-චාර්නි
119444228,1551224,si,තෝරි-ලියාටේ
119444305,1551225,si,තෝරේ-එන්-ප්ලේන්
119444382,1551226,si,තෝරේ
119444536,1551228,si,තෝරන්ස්-ග්ලියර්ස්
119444690,1551230,si,තෝර් ලා රොෂෙට්
119444767,1551231,si,තෝරී-ලෙස්-පින්
119444844,1551232,si,තෝරස්
119444921,1551233,si,තෝරම්-හවුට්
119444998,1551234,si,තෝරම්-බස්සේ
119445075,1551235,si,තෝරයිස්
119445152,1551236,si,තෝරයිල්ස්
119445229,1551237,si,තොන්විල්
119445306,1551238,si,තොනොන් ලෙස් බේන්ස්
119445383,1551239,si,තොනෙල්
119445460,1551240,si,තොන්-ලෙ-තිල්
119445537,1551241,si,තොන් ලෙස් ප් රෙස්
119445614,1551242,si,තොන් ලා ලෝන්ග්
119445691,1551243,si,තොනාන්ස්-ලෙස්-මූලින්ස්
119445768,1551244,si,තොනන්ස් ලෙස් ජොයින්විල්
119445845,1551245,si,හෝනට්
119445922,1551246,si,තෝනැක්
119445999,1551247,si,තෝමිරේ
119446153,1551249,si,තෝමරි
119446230,1551250,si,තෝමර්-ලා-සොග්නේ
119446615,1551255,si,තොලන් ලෙස් මෙමිස්
119446692,1551256,si,තොලට්
119446923,1551259,si,තෝයික්ස්
119447000,1551260,si,තෝයිසි-ලේ-කාන්තාරය
119447077,1551261,si,තෝයිසි-ලා-බර්චර්
119447231,1551263,si,තෝයිසි
119447308,1551264,si,තොඉර්ය්
119447385,1551265,si,තොඉර්ය්
119447462,1551266,si,තොඉර්ය්
119447539,1551267,si,තෝරියා
119447616,1551268,si,ටොයිරෙට්
119447693,1551269,si,තෝයර්-සුර්-ඩිනන්
119447770,1551270,si,තෝයර්-සුස්-කොන්ටෙන්සර්
119447847,1551271,si,තොඉරෙස්
119447924,1551272,si,තෝයිරස්
119448001,1551273,si,තොයින්
119448078,1551274,si,තෝඩුරේ
119448155,1551275,si,තෝර්ඩ්
119448232,1551276,si,තිසි
119448309,1551277,si,තිසි ලෙස් බර්ග්ස්
119448463,1551279,si,තිසායි
119448540,1551280,si,තිසායි
119448617,1551281,si,විට්නිවිල්
119448694,1551282,si,තිවියර්ස්
119448771,1551283,si,තිවෙට්
119448848,1551284,si,තිවර්වල්-ග්‍රිග්නොන්
119448925,1551285,si,තිවර්නි
119449002,1551286,si,තිවන්සෙල්
119449079,1551287,si,තීබ්ස්
119449156,1551288,si,මේ
119449233,1551289,si,මේ
119449310,1551290,si,තිරෝන් ගාර්ඩයිස්
119449387,1551291,si,කිර්රේ
119449464,1551292,si,තිරෞකෝට්
119449618,1551294,si,තියෝවිල්
119449772,1551296,si,තියන්විල්
119449849,1551297,si,තියන්විල්
119449926,1551298,si,තිඔන්නේ
119450003,1551299,si,තියෝලියර්ස්
119450157,1551301,si,තින්-ලෙ-මූටියර්
119450234,1551302,si,තින්ස්
119450311,1551303,si,තිමොර්ය්
119450388,1551304,si,තිමොන්විල්
119450465,1551305,si,තිමර්ට්-ගැටෙල්ස්
119450542,1551306,si,තිල්-සර්-ආරූක්ස්
119450619,1551307,si,තිලූස්
119450696,1551308,si,තිල්-මැනවිල්
119450773,1551309,si,තිලොට්
119450927,1551311,si,තිලෝයිස්
119451004,1551312,si,තිලූක්ස්
119451158,1551314,si,තිලය්
119451235,1551315,si,තිල්
119451312,1551316,si,තිල්
119451389,1551317,si,තිල්
119451466,1551318,si,තිල්
119451543,1551319,si,තිල්
119451620,1551320,si,තිග්නොන්විල්
119451697,1551321,si,තිසැක්
119451774,1551322,si,හොරු
119451928,1551324,si,තිවිල්
119452005,1551325,si,තියුක්ස්
119452082,1551326,si,තියුක්ස්
119452159,1551327,si,තියුලෝයි-සෙන්ට්-ඇන්ටෝයින්
119452236,1551328,si,තිලෝයි ලා විල්
119452313,1551329,si,තිලෝයි-එල් ඇබේ
119452390,1551330,si,තීට්‍රෙවිල්
119452467,1551331,si,තිස්කෝට්
119452544,1551332,si,තියරි
119452621,1551333,si,ටියර්විල්-සර්-මෝස්
119452698,1551334,si,තියර්විල්
119452775,1551335,si,ටියර්ස්-සර්-තෙව්
119453006,1551338,si,තියර්ස්
119453083,1551339,si,තියෙර්නු
119453237,1551341,si,තියර්ජ්විල්
119453391,1551343,si,තිප්වල්
119453468,1551344,si,තිඑන්නේස්
119453545,1551345,si,තියන්ස්
119453622,1551346,si,තිම්බ්‍රොන්
119453699,1551347,si,තිල්-සර්-ඇකොලින්
119453930,1551350,si,තිඑෆොස්සේ
119454007,1551351,si,තිඑෆ්ෆ්රන්ස්
119454084,1551352,si,තීෆ් රේන්
119454238,1551354,si,තිබුහාන්ස්
119454315,1551355,si,තීබ්ලමන්ට් ෆරෙමොන්ට්
119454392,1551356,si,තිබුමෙනිල්
119454469,1551357,si,තිකෝට්
119454546,1551358,si,තිබුවිල්
119454623,1551359,si,තිබිවිලර්ස්
119454700,1551360,si,තිබී
119454777,1551361,si,තිබර්විල්
119454854,1551362,si,තියාවිල්-සර්-මර්ත්
119454931,1551363,si,තිවුකෝර්ට්-රෙග්නිවිල්
119455008,1551364,si,තියට්
119455085,1551365,si,තියන්ට්
119455162,1551366,si,තියාංගෙස්
119455239,1551367,si,තියන්කෝට්
119455316,1551368,si,තියයිස්
119455470,1551370,si,තේසි-ග්ලිමොන්ට්
119455547,1551371,si,තෙසිලියු
119455624,1551372,si,තේසියර්ස්
119455701,1551373,si,තෙසි-සෙන්ට්-මාටින්
119455932,1551376,si,තේසේ
119456009,1551377,si,තේසේ
119456086,1551378,si,තේසාන්-ලෙස්-බෙසියර්ස්
119456163,1551379,si,තෙසාන් ඩෙස් කෝර්බියර්ස්
119456240,1551380,si,තේසාක්
119456317,1551381,si,තේසාක්
119456394,1551382,si,තේසා
119456548,1551384,si,ඔවුන්-සුස්-මොන්ට්ෆෝර්ට්
119456625,1551385,si,හයෙස්
119456702,1551386,si,තේව්රේ
119456779,1551387,si,තේවිල්
119456856,1551388,si,තෙවෙට්-සෙන්ට්-ජුලියන්
119457164,1551392,si,තෙඋව්ය්-අචේරෙස්
119457241,1551393,si,තියුවිල්-ඔක්ස්-මේලොට්ස්
119457395,1551395,si,තියුවිල්
119457472,1551396,si,තියුවිල්
119457549,1551397,si,තෙයස්
119457703,1551399,si,තෙඋලෙය්
119457780,1551400,si,ටෙතියූ
119457857,1551401,si,තෙස්ය්
119458088,1551404,si,මේවා
119458242,1551406,si,තෙර්වය්
119458319,1551407,si,තෙරොල්ඩෙවිල්
119458396,1551408,si,තෙරුආන්
119458473,1551409,si,තෙරොන්ඩල්ස්
119458550,1551410,si,තර්ම්ස් මැග්නෝක්
119458627,1551411,si,ටර්මයින්
119458704,1551412,si,තර්ඩෝන්
119458781,1551413,si,තියෝල්-සර්-මර්
119459012,1551416,si,තෙනෝර්ගස්
119459089,1551417,si,තෙනොන්
119459166,1551418,si,තෙනස්
119459243,1551419,si,තෙනෙලියර්ස්
119459320,1551420,si,තේනිසි
119459397,1551421,si,තේනිස්සි
119459474,1551422,si,තේනියෝක්ස්
119459551,1551423,si,තෙනේසායි
119459628,1551424,si,තේනුයිල්
119459705,1551425,si,තේනුයිල්
119459859,1551427,si,තෙනසෝල්
119459936,1551428,si,තෙනෙල්ස්
119460013,1551429,si,තෙනය්
119460090,1551430,si,තෙනය්
119460167,1551431,si,තෙනයිල්ස්
119460244,1551432,si,තෙනැක්
119460321,1551433,si,තෙනැක්
119460398,1551434,si,තේමිනෙට්ස්
119460475,1551435,si,තෙමිනෙස්
119460629,1551437,si,තේරිකෝට්
119460706,1551438,si,තෙලස්
119460783,1551439,si,තෙලෝන්
119460860,1551440,si,තෙලෝඩ්
119460937,1551441,si,තෙලිස්-ලා-කොම්බේ
119461014,1551442,si,තෙලිග්නි
119461245,1551445,si,තෙල්
119461322,1551446,si,තේයිස්
119461399,1551447,si,තේක්ස්
119461553,1551449,si,තයිල්-සර්-වන්
119461630,1551450,si,තේල්-රබියර්
119461707,1551451,si,\N
119461784,1551452,si,හෙන්ඩිලා
119461938,1551454,si,තෙහිලැක්
119462015,1551455,si,තේග්රා
119462092,1551456,si,තේඩිරැක්
119462169,1551457,si,තේඩිං
119462323,1551459,si,තීබේ
119462400,1551460,si,තෞවෙනය්
119462477,1551461,si,තෝරොන්
119462554,1551462,si,තව්මියර්ස්
119462631,1551463,si,තාරට්
119462785,1551465,si,තරොයිසෝ
119462862,1551466,si,තාරොක්ස්
119462939,1551467,si,තොන් ලෙස් වොස්ජස්
119463016,1551468,si,තාඕන්
119463093,1551469,si,තන්විල්
119463170,1551470,si,තන්නන්කර්ච්
119463247,1551471,si,හන්ජන්
119463324,1551472,si,තාල්-මර්මූටියර්
119463401,1551473,si,තල්-ඩ්රුලින්ගන්
119463478,1551474,si,තාලමි
119463555,1551475,si,තායික්ස්
119463709,1551477,si,\N
119463786,1551478,si,තායිම්ස්
119463863,1551479,si,තස්
119464171,1551483,si,ටෙයිසෝඩ්
119464248,1551484,si,ටෙය්ෂිඑඋ
119464325,1551485,si,ටේසියර්ස්
119464402,1551486,si,ටෙරාන්
119464479,1551487,si,ටෙයිජාට්
119464710,1551490,si,ටූර්තෙවිල්-හේග්
119464787,1551491,si,ටියුර්ත්විල්-බොකේජ්
119464864,1551492,si,ටෙඋලට්
119464941,1551493,si,ටියුලාක්
119465095,1551495,si,ටෙටින්-සර්-නයිඩ්
119465172,1551496,si,ටෙටර්චෙන්
119465249,1551497,si,ටෙටෙගෙම්
119465326,1551498,si,ටෙටයින්
119465480,1551500,si,ටෙසි-සර්-වයිර්
119465557,1551501,si,ටෙසෝනියර්
119465634,1551502,si,ටෙසන්
119465865,1551505,si,ටෙස්සෙල්
119465942,1551506,si,ටෙස්-ෆ් රූලේ
119466173,1551509,si,ටෙසාන්කෝර්ට්-සර්-ඕබට්
119466327,1551511,si,සෙන්ටර්විල්
119466404,1551512,si,ටර්වෙස්
119466481,1551513,si,ටෙර්ට්‍ර්ය්
119466635,1551515,si,ටෙර්සැක්
119466712,1551516,si,ටෙර්සන්නේස්
119466789,1551517,si,ටෙර්සන්නේ
119466866,1551518,si,ටෙරෝ
119466943,1551519,si,ටෙරොන්-සර්-අයිස්නි
119467713,1551529,si,ටෙරෙහෝල්ට්
119467867,1551531,si,ටෙරෆොන්ඩ් රී
119468021,1551533,si,ටෙරෙබාස්
119468175,1551535,si,ටෙරාරූබ්
119468252,1551536,si,ටෙරාට්ස්
119468329,1551537,si,ටෙරාසන්-ලැවිල්ඩියු
119468406,1551538,si,ටෙරාන්ස්
119468483,1551539,si,ටෙරම්ස්නිල්
119468868,1551544,si,ටර්නි-සෝර්නි
119468945,1551545,si,ටර්නූයි-මෙලේ-එට්-සෙන්ට්-හිලර්
119469253,1551549,si,ටර්නේ
119469330,1551550,si,ටර්නේ
119469407,1551551,si,ටර්නේ
119469561,1551553,si,ටර්නාස්
119469715,1551555,si,ටර්නන්ට්
119469792,1551556,si,ටර්නන්ට්
119469869,1551557,si,ටර්නන්ට්
119470023,1551559,si,ටෙර්ණන්ඩ්
119470100,1551560,si,ටර්මිනියර්
119470177,1551561,si,එල් රින්කන්
119470254,1551562,si,ටර්ම්ස්-ඩර්මාග්නාක්
119470331,1551563,si,ටර්ම්ස්
119470408,1551564,si,ටර්ම්ස්
119470639,1551567,si,ටර්ජාට්
119470716,1551568,si,ටර්නියර්
119470870,1551570,si,ටර්ඩෙගම්
119470947,1551571,si,ටර්සිස් ලෙස් බේන්ස්
119471024,1551572,si,ටර්සිලට්
119471178,1551574,si,ටෙර්ස්
119471486,1551578,si,ටෙන්ටෙලින්ග්
119471640,1551580,si,ටෙනි
119472025,1551585,si,ටෙනියර්
119472102,1551586,si,ටෙන්ඩූ
119472179,1551587,si,ටෙන්ඩ් රන්
119472256,1551588,si,ටෙන්ඩන්
119472333,1551589,si,ටෙන්ඩේ
119472410,1551590,si,ටෙන්චින්
119472487,1551591,si,ටෙන්ස්
119472564,1551592,si,ටෙනායි
119472641,1551593,si,ටෙම්ප්ලූස්-ලෙ-ගුරාඩ්
119472718,1551594,si,ටෙම්ප්ලූක්ස් ලා ෆොස්
119472795,1551595,si,ටෙම්ප්ලුව්-එන්-පෙවෙල්
119472872,1551596,si,ටෙම්ප්ලමාර්ස්
119472949,1551597,si,පැරිස් 03 ටෙම්ප්ලේ
119473103,1551599,si,ටෙලෝචේ
119473334,1551602,si,ටෙලෙසි
119473411,1551603,si,ටෙලන්කෝට්
119473488,1551604,si,ටෙල්ග් රක්-සර්-මර්
119473796,1551608,si,ටීසියර්ස් ලෙස් බුලිස්
119473873,1551609,si,ටීසියර්ස්-ඩි-කෝර්නෙට්
119474181,1551613,si,ටීලෝට්ස්
119474720,1551620,si,ටෙයිලට්
119474797,1551621,si,ටෙයිල්
119474874,1551622,si,ටෙයිල්
119474951,1551623,si,ටයිලේ-සෙන්ට්-බෙනොයිට්
119475028,1551624,si,ටයිලේ-ලෙ-ගෝඩින්
119475105,1551625,si,ටෙකීලා
119475259,1551627,si,ටීල්හෙට්
119475336,1551628,si,ටීල්හෙට්
119475413,1551629,si,ටීල්හෙඩ්
119475490,1551630,si,ටීග්නි
119475644,1551632,si,ටෙකූ
119475798,1551634,si,ටෙචේ
119475875,1551635,si,\N
119475952,1551636,si,ටය්රක්
119476029,1551637,si,ටය්රක්
119476106,1551638,si,ටයිබොස්ක්
119476260,1551640,si,ටයැක්
119476491,1551643,si,ටැක්සීන්
119476568,1551644,si,ටැක්සාට් සෙනෙට් සභාව
119476799,1551647,si,ටවේ
119476876,1551648,si,ටවර්ස්
119476953,1551649,si,ටවර්නි
119477030,1551650,si,ටවර්න්ස්
119477184,1551652,si,ටවර්නේ
119477261,1551653,si,ටවේරා
119477338,1551654,si,ටවෙල්
119477415,1551655,si,ටාවෝ සහ පොන්සෙරිකෝට්
119477492,1551656,si,\N
119477569,1551657,si,ටාවන්ට්
119477646,1551658,si,ටවාකෝ
119477723,1551659,si,ටෞෂිග්න්ය
119477800,1551660,si,ටොක්සියර්ස්-මුට් රි
119477877,1551661,si,ටවුව්ස්
119478031,1551663,si,ටවුටවෙල්
119478185,1551665,si,ටවුසැක්
119478262,1551666,si,ටවුසැක්
119478339,1551667,si,ටෞරිළෙ
119478493,1551669,si,ටෝරිනියා
119478647,1551671,si,ටවුරිග්නන්-වික්ස්
119478724,1551672,si,ටවුරිග්නන්-කැස්ටෙට්
119478801,1551673,si,ටුරිඑර්ස්
119478878,1551674,si,ටෝරියාක්-ඩි-නවුසෙල්
119478955,1551675,si,ටෝරියාක්-ඩි-කැමරස්
119479032,1551676,si,ටෝරියාක්
119479109,1551677,si,ටෝරියාක්
119479186,1551678,si,ටෝරියාක්
119479263,1551679,si,ටුපොන්ට්
119479494,1551682,si,ටවුලිග්නන්
119479648,1551684,si,ටුලේ
119479802,1551686,si,ටවුගන්
119479956,1551688,si,ටැටින්හෙම්
119480110,1551690,si,ටාසෝ
119480187,1551691,si,ටස්සින්-ල-දෙමි-ලුනේ
119480264,1551692,si,මැසිසෙල්
119480341,1551693,si,ටැසෙනියර්ස්
119480418,1551694,si,ටසේ
119480649,1551697,si,ටාස්ක්
119480726,1551698,si,\N
119480880,1551700,si,ආර්ටෝග්නේ
119480957,1551701,si,ටාර්ට් ලෙ හවුට්
119481034,1551702,si,ටාර්ට් ලෙ බාස්
119481111,1551703,si,ටාර්ට් එල් ඇබේ
119481188,1551704,si,ටාර්ටිග්නි
119481265,1551705,si,ටාටියර්ස්
119481419,1551707,si,ටාටාස්
119481496,1551708,si,ටාටරාස්
119481650,1551710,si,තර්සුල්
119481727,1551711,si,ටාර්සාක්
119481804,1551712,si,ටාසාක්
119482266,1551718,si,ස්ටාරි ෂොම්පොලි
119482343,1551719,si,ටාරොන්-සදිරාක්-වීලෙනාව්
119482420,1551720,si,ටර්නෝස්
119482497,1551721,si,ටාර්න්ස්
119482574,1551722,si,ටර්නැක්
119482728,1551724,si,ටාර්ගන්
119482882,1551726,si,ටර්ගේට්
119482959,1551727,si,ටාර්ජ්
119483036,1551728,si,ටාගසොන්
119483190,1551730,si,ටරෙන්ටිසේ
119483344,1551732,si,ටාර්ඩින්ගන්
119483421,1551733,si,ටාඩෙට්ස්
119483498,1551734,si,ටර්දෙස්
119483575,1551735,si,ටාර්ඩයිස්
119483652,1551736,si,ටාසෙනේ
119483729,1551737,si,ටාබස්
119483806,1551738,si,ටරස්ටෙක්ස්
119483883,1551739,si,ටරස්කොන්-සර්-අරිජ්
119483960,1551740,si,ටරස්කොන්
119484037,1551741,si,ටරරේ
119484114,1551742,si,ටරදෙඖ
119484191,1551743,si,ටැරබෙල්
119484345,1551745,si,ටැපොන්නට්
119484422,1551746,si,තපෝනස්
119484807,1551751,si,ටැන්සාක්
119484884,1551752,si,ටැන්විල්
119484961,1551753,si,ටැනස්
119485038,1551754,si,ටැන්ටන්විල්
119485115,1551755,si,ටැංකි
119485269,1551757,si,ටැනොයිස්
119485423,1551759,si,ටැනර්-එන්-පුයිසායේ
119485500,1551760,si,ටැනරොන්
119485577,1551761,si,ටන්නය්
119485654,1551762,si,ටන්නය්
119485731,1551763,si,ටැන්ලේ
119485808,1551764,si,ටානිස්
119485962,1551766,si,ටැනින්ජස්
119486039,1551767,si,ටැංග්රි
119486193,1551769,si,ටැන්කුවා
119486270,1551770,si,ටැන්ක්රෝ
119486347,1551771,si,ටැන්කොන්විල්
119486424,1551772,si,ටැන්කොන්
119486501,1551773,si,ටැන්කොයින්
119486578,1551774,si,ටැන්කාර්විල්
119486655,1551775,si,ටනායි
119486732,1551776,si,තනවෙල්
119486886,1551778,si,ටැම්නිස්
119486963,1551779,si,ටම්නායි-එන්-බාසෝයිස්
119487117,1551781,si,ටැමර්විල්
119487425,1551785,si,ටලූයර්ස්
119487502,1551786,si,ටැලස්-සෙන්ට්-ප් රි
119487964,1551792,si,ටැල්මොන්ටියර්ස්
119488041,1551793,si,ටැල්මොන්ට්-සෙන්ට්-හිලර්
119488118,1551794,si,ටැල්මොන්ට්-සර්-ජිරොන්ඩ්
119488195,1551795,si,ටල්මය්
119488272,1551796,si,තල්මස්
119488426,1551798,si,ටැලුඩ්-සෙන්ට්-ජෙම්
119488503,1551799,si,ටැලෝන්
119488580,1551800,si,තලයෝර්ස්
119488734,1551802,si,උසයි
119488811,1551803,si,ටැලෙන්ඩේ
119488888,1551804,si,ටල්ලෙනය්
119488965,1551805,si,ටැලර්ඩ්
119489196,1551808,si,තලිසාට්
119489273,1551809,si,ටැලිසියු
119489427,1551811,si,ටැලන්සැක්
119489504,1551812,si,ටලෙන්කිඑඋෂ්
119489581,1551813,si,ටලේන්චේ
119489658,1551814,si,ටැල්සි
119489735,1551815,si,ටැල්සි
119489966,1551818,si,තලාසාක්
119490197,1551821,si,තලසානි
119490428,1551824,si,ටැලන්ට්
119490505,1551825,si,තලංගේ
119490582,1551826,si,තලෙයිස්
119490736,1551828,si,තලයිරාන්
119490813,1551829,si,ටජාන්
119490890,1551830,si,ටයිසි
119490967,1551831,si,\N
119491044,1551832,si,\N
119491121,1551833,si,\N
119491198,1551834,si,ටෛෂ්
119491275,1551835,si,ටිස්ස්ය්
119491429,1551837,si,ටයිස්නිල්
119491506,1551838,si,ටයිස්නියර්ස්-සර්-හොන්
119491583,1551839,si,ටයිස්නියර්ස්-එන්-තිරාෂ්
119491660,1551840,si,ටයින්ට් රක්ස්
119491737,1551841,si,ටේන්-එල් හර්මිටේජ්
119491814,1551842,si,ටයිටුන්ග්
119491891,1551843,si,වලිගය
119491968,1551844,si,වලිගය
119492045,1551845,si,වලිගය
119492199,1551847,si,ටිල්ලිස්
119492276,1551848,si,ටේල්විල්
119492353,1551849,si,ටැගුයිලලෙට්
119492430,1551850,si,ටෙලෙට්
119492584,1551852,si,ටයිල්ෆොන්ටයින්
119492661,1551853,si,ටයිල් කෝට්
119492738,1551854,si,ටේලෙකාවට්
119492815,1551855,si,ටේල්බර්ග්
119492892,1551856,si,ටේල්බර්ග්
119492969,1551857,si,ටෛල්ලෙබොඉස්
119493046,1551858,si,තිලිලාන්
119493123,1551859,si,ටයිලන්කෝට්
119493200,1551860,si,ටයිල් ලේඩ්ස්
119493354,1551862,si,ටේල්හැක්
119493431,1551863,si,ටැග්ඩෝෆ්
119493585,1551865,si,ටගෝල්ෂයිම්
119493662,1551866,si,ටැග්නොන්
119493739,1551867,si,ටැග්ලියෝ
119493970,1551870,si,ටැඩූස්-උසාවු
119494047,1551871,si,ටැඩෙන්
119494124,1551872,si,ටැකොනායි
119494201,1551873,si,ටැකෝයිනියර්ස්
119494355,1551875,si,ටැචෝයිරස්
119494509,1551877,si,ටැබ්රේ
119494740,1551880,si,ටැබනාක්
119494817,1551881,si,ටබයිල්ලේ
119494971,1551883,si,සිල්වේන්ස්
119495048,1551884,si,සියාම්
119495202,1551886,si,\N
119495279,1551887,si,සුසෝයි
119495356,1551888,si,සුසෙට්
119495510,1551890,si,සුසේ ලා රූස්
119495587,1551891,si,සුසේ
119495664,1551892,si,\N
119495741,1551893,si,සුසෑන්කෝට්
119495818,1551894,si,සුසෑන්
119495895,1551895,si,සුසෑන්
119496049,1551897,si,සුට් රියෝ
119496203,1551899,si,සුස්සෙය්
119496280,1551900,si,සුසාත්
119496357,1551901,si,සුසාර්ගස්
119496434,1551902,si,සුස්-සෙන්ට්-ලෙජර්
119496511,1551903,si,සුසැක්
119496665,1551905,si,සුස්මියෝ
119496819,1551907,si,සුස්
119496896,1551908,si,සුර්සුර්
119496973,1551909,si,සුරි ප් රෙස් ලෙර
119497050,1551910,si,සුරි-ලෙ-කොම්ටල්
119497127,1551911,si,සුරි-එස්-බොයිස්
119497204,1551912,si,සුරි-එන්-වොක්ස්
119497281,1551913,si,සුරි-ඔක්ස්-බොයිස්
119497435,1551915,si,සර්විලියර්ස්
119497512,1551916,si,සර්විල්
119497589,1551917,si,සර්විල්
119497666,1551918,si,සර්විල්
119497743,1551919,si,සමීක්ෂණය
119497897,1551921,si,සුර්ටුවිල්ලේ
119497974,1551922,si,සර්ටෙන්විල්
119498051,1551923,si,සුර්රින්
119498128,1551924,si,සර්කස්
119498282,1551926,si,සුර්මොන්ට්
119498436,1551928,si,සර්ජොක්ස්
119498513,1551929,si,සුරිස්
119498667,1551931,si,සූරීන්
119498744,1551932,si,සූරීන්
119498898,1551934,si,සූරියවිල්
119498975,1551935,si,ශල්යකර්ම
119499052,1551936,si,සැත්කම්
119499129,1551937,si,සර්ෆොන්ටයින්
119499206,1551938,si,සර්ෆොන්ඩ්ස්
119499283,1551939,si,සුරේස්නෙස්
119499360,1551940,si,ෂුවර්
119499668,1551944,si,උඩ කඳවුරු
119499745,1551945,si,සර්බර්ග්
119499899,1551947,si,සුර්බා
119499976,1551948,si,සූරත්
119500130,1551950,si,සුප්ට්
119500207,1551951,si,සුන්ධෝඋසේ
119500284,1551952,si,සුන්ධෝෆ්ෆෙන්
119500361,1551953,si,සුමේනේ
119500438,1551954,si,සල්නියැක්
119500515,1551955,si,සාලි-සර්-ලෝයර්
119500592,1551956,si,සුලී-ලා-චැපල්
119500669,1551957,si,සුලී
119500746,1551958,si,සුලී
119500900,1551960,si,සුලී
119500977,1551961,si,සුලිග්නාට්
119501054,1551962,si,සුයිසි ලෙ ෆ් රෑන්ක්
119501131,1551963,si,සුඉස්සේ
119501285,1551965,si,සුඉප්පෙස්
119501362,1551966,si,සුඉන්
119501439,1551967,si,සුඉල්ල්ය්-ල-ටෝඋර්
119501593,1551969,si,සුහේස්කුන්
119501670,1551970,si,සුග්නි
119501901,1551973,si,සුගෙරෙස්
119502132,1551976,si,සුවර්ස්
119502286,1551978,si,සුසි-එන්-බ් රී
119502363,1551979,si,සුක් සහ සෙන්ටනාක්
119502440,1551980,si,සුසේ-සර්-එර්ඩ් රේ
119502517,1551981,si,සුක්සියු
119502748,1551984,si,උප ලයිග්නි
119502825,1551985,si,උප ලයිග්නි
119502902,1551986,si,උප ලයිග්නි
119502979,1551987,si,සුබ්ලෙස්
119503056,1551988,si,සබ්ලයින්ස්
119503133,1551989,si,සුක්ස්
119503364,1551992,si,සුඅර්චේ
119503441,1551993,si,ස්ටූට්ස්හයිම්-ඔෆෙන්හයිම්
119503518,1551994,si,ස්ටර්සෙල්බ්‍රොන්
119503595,1551995,si,ස්ටුන්ද්විල්ලෙර්
119503672,1551996,si,ස්ටකන්ජ්
119503749,1551997,si,සත්යය
119503826,1551998,si,ස්ට්‍රුඑත්
119503903,1551999,si,ස්ට් රෙන්කල්ස්
119504057,1552001,si,ස්ට් රාසීල්
119504134,1552002,si,ස්ට්‍රස්බොර්ග්
119504211,1552003,si,ස්ටොට්සයිම්
119504288,1552004,si,ස්ටෝස්ස්විහ්ර්
119504365,1552005,si,ස්ටෝර්කන්සෝන්
119504673,1552009,si,ස්ටිරින්ග්-වෙන්ඩෙල්
119504750,1552010,si,ස්ටිල්ල්
119504827,1552011,si,ස්ටග්නි
119504904,1552012,si,ස්ටෙටන්
119504981,1552013,si,ස්ටේර්නේන්බෙර්ග්
119505212,1552016,si,ස්ටේනායි
119505443,1552019,si,ස්ටයින්සෝල්ට්ස්
119505520,1552020,si,ස්ටයින්සෙල්ට්ස්
119505597,1552021,si,ස්ටයින්බ් රන්-ලෙ-හවුට්
119505674,1552022,si,ස්ටයින්බ් රන්-ලෙ-බාස්
119505751,1552023,si,ස්ටයින්බර්ග්
119505828,1552024,si,ස්ටයින්බැක්
119505905,1552025,si,ස්ටයිජ්
119505982,1552026,si,ස්ටීන්වර්ක්
119506059,1552027,si,ස්ටීන්වෝර්ඩ්
119506213,1552029,si,ස්ටීන්
119506290,1552030,si,ස්ටීන්බෙක්
119506521,1552033,si,ස්ටැට්මැටන්
119506675,1552035,si,ස්ටේප්ල්
119506983,1552039,si,ස්ටේන්විල්
119507060,1552040,si,පැල්ලම්
119507137,1552041,si,ස්ටැෆල්ෆෙල්ඩන්
119507291,1552043,si,ස්ක්විෆික්
119507368,1552044,si,ස්පයිකර්
119507522,1552046,si,ස්පෝයි
119507599,1552047,si,ස්පෝයි
119507676,1552048,si,ස්පොන්විල්
119507830,1552050,si,ස්පින්කෝර්ට්
119507907,1552051,si,ස්පිචෙරන්
119507984,1552052,si,ස්පෙසෙට්
119508215,1552055,si,ස්පෙරසිඩස්
119508292,1552056,si,ස්පෙලොන්කැටෝ
119508446,1552058,si,ස්පෙච්බාක්-ලෙ-හවුට්
119508523,1552059,si,ස්පෙච්බාක්-ලෙ-බාස්
119508600,1552060,si,ස්පයි
119508677,1552061,si,ස්පාර්ස්බැච්
119508754,1552062,si,ස්පාඩා
119508908,1552064,si,සෝයෝන්ස්
119508985,1552065,si,සෙරෙෂ්ක්
119509139,1552067,si,සෝයි-එන්-සෙප්ටයින්
119509216,1552068,si,සෝයිකෝර්ට්
119509293,1552069,si,සෝයා
119509370,1552070,si,සෝයාක්ස්
119509447,1552071,si,සෝයාන්ස්
119509524,1552072,si,සෝවේරියා
119509601,1552073,si,සුසි ලා බ් රිච්
119509678,1552074,si,සුසි
119509832,1552076,si,\N
119509909,1552077,si,\N
119510063,1552079,si,සෝවිග්නි-එන්-සොලෝන්
119510140,1552080,si,සෝවිග්නි-ඩි-ටූරයින්
119510217,1552081,si,සෝවිග්නි
119510371,1552083,si,සෝවින්-සර්-සාර්ත්
119510448,1552084,si,සෝවින්-සර්-මෙම්
119510525,1552085,si,සොවිග්නේ
119510602,1552086,si,සොවිග්නේ
119510679,1552087,si,සොවිග්නේ
119510756,1552088,si,සුවිග්නර්ගස්
119510987,1552091,si,සෝවාන්
119511218,1552094,si,සවුටියර්ස්
119511372,1552096,si,සවුටර්නොන්
119511526,1552098,si,සූස්ටන්
119511603,1552099,si,සෝස්ටෙල්
119511757,1552101,si,සෝසි-සර්-බ් රියෝන්
119511911,1552103,si,සූසන්ස්
119511988,1552104,si,සූසැක්
119512065,1552105,si,සෝස්පියර්
119512142,1552106,si,සොඋස්-පර්සට්
119512219,1552107,si,සෝස්මූලින්
119512527,1552111,si,සෝස් සයිරාක්
119512681,1552113,si,සෝර්සාක්
119512758,1552114,si,සෝර්සැක්
119512835,1552115,si,සෝස්
119512912,1552116,si,සෝරිබ්ස්
119512989,1552117,si,සෝර්නියාක්
119513066,1552118,si,සෝර්නියා
119513220,1552120,si,සෝර්ඩුන්
119513297,1552121,si,සොඋර්දොන්
119513451,1552123,si,සෝර්ඩෙවාල් ලෙස් බොයිස්
119513528,1552124,si,සෝර්දේවල්
119513682,1552126,si,සෝර්සියුස් ලෙස් මයින්ස්
119513913,1552129,si,සුරාන්ස්
119513990,1552130,si,සොරයිඩ්
119514144,1552132,si,සුප්රෝස්
119514221,1552133,si,සුප්පෙස්-සර්-ලෝයිං
119514298,1552134,si,සුප්ලිකෝට්
119514375,1552135,si,සොඋපිර්
119514452,1552136,si,සුපෙක්ස්
119514760,1552140,si,සෞමූලූ
119514837,1552141,si,සොඋමොන්ට්-සින්ට්-උඑන්තින්
119514914,1552142,si,සොමොන්ට්
119515068,1552144,si,සෞමෙරස්
119515145,1552145,si,සෝමන්සාක්
119515376,1552148,si,සොඋමන්ස්
119515453,1552149,si,සෞමන්ට්රේන්
119515607,1552151,si,සෝල්වචේ
119515684,1552152,si,සෝල්ට්ස් සෝස් ෆොරෙට්ස්
119515761,1552153,si,\N
119515838,1552154,si,සෝල්ට්ස් ලෙස් බේන්ස්
119515915,1552155,si,සෝල්ට්ස්-හවුට්-රයින්
119515992,1552156,si,සෝල්ට්සෙරන්
119516069,1552157,si,සෝල්ට්ස්බාක් ලෙස් බේන්ස්
119516300,1552160,si,සෝලෝස්-සෝස්-සෙන්ට්-එලොෆ්
119516377,1552161,si,සෝලෝම්ස්
119516454,1552162,si,සොලොම්
119516531,1552163,si,සොඋල්ලෙස්
119516608,1552164,si,ආත්මයන්
119516685,1552165,si,සොලිටර්
119516762,1552166,si,සොලිග්නි
119516839,1552167,si,සොඋලිග්නොන්නේ
119516916,1552168,si,සෝලිග්න්-සූ-බැලෝන්
119516993,1552169,si,සුලිග්න් ෆ්ලේස්
119517070,1552170,si,සොලිග්නැක්
119517147,1552171,si,සෝලීවර්ස්
119517301,1552173,si,සෝලියර්ස්
119517609,1552177,si,සොඋල්ගේ-සුරැ-ඕඋඑත්තෙ
119517763,1552179,si,සෝල්ස්-සර්නේ
119517994,1552182,si,සොඋලුරෙස්
119518148,1552184,si,සුලකෝර්ට්-සර්-මූසන්
119518225,1552185,si,සුලාට්ජේ
119518456,1552188,si,සෝලංගි
119518687,1552191,si,සොලංගිස්
119518764,1552192,si,සෝලන්ජස්
119518918,1552194,si,සෝලාන්
119519149,1552197,si,සෝලෙයාර්ස්
119519226,1552198,si,සෝලෙයාර්
119519303,1552199,si,සුලේන්ස්-සර්-ඕබන්ස්
119519380,1552200,si,සුලේන්ස්-ඩුයිස්
119519534,1552202,si,සුලේජ්-බොන්වාල්
119519688,1552204,si,සෝලේස්
119519842,1552206,si,සුලාක්-සර්-මර්
119519919,1552207,si,සෝලා
119520227,1552211,si,සුයිලි
119520381,1552213,si,සුයිල්
119520535,1552215,si,සුයිලාක්
119520612,1552216,si,සුයිල්හේ
119520689,1552217,si,සුයිල්හානල්ස්
119520843,1552219,si,සෞහේ
119520997,1552221,si,සුගී-සර්-ලෝයර්
119521074,1552222,si,සෝගී
119521151,1552223,si,සෝග්රේන්
119521305,1552225,si,සුගරෙස්-එන්-පුයිසායි
119521382,1552226,si,සුජ්-ලෙ-ගැනෙලොන්
119521459,1552227,si,සුගල්
119521536,1552228,si,සොඋගේ
119521613,1552229,si,සොඋගේ
119521690,1552230,si,සෆ්රිග්නැක්
119521767,1552231,si,සුෆ්ලෙන්හයිම්
119521844,1552232,si,සුෆෙල්වේයර්ස්හයිම්
119521921,1552233,si,සොගුක්සෙස්මේ
119521998,1552234,si,සොඋඑස්
119522075,1552235,si,සොඋඑස්
119522152,1552236,si,සෝවෙල්
119522306,1552238,si,සොබෙටින්සි
119522460,1552240,si,සුඩ් රොන්
119522691,1552243,si,සුඩෝර්ග්ස්
119522768,1552244,si,සුඩ්
119522922,1552246,si,සුඩෙයිල්ස්
119522999,1552247,si,\N
119523076,1552248,si,සවුදත්
119523153,1552249,si,සෞදන්
119523230,1552250,si,සෞදන්
119523307,1552251,si,සුඩයින්-ලැවිනාඩියර්
119523384,1552252,si,සෝසි
119523461,1552253,si,සෝසි
119523538,1552254,si,සොක්ලින්
119523615,1552255,si,සොසිරැක්
119523692,1552256,si,සෝසියු-එන්-ජාරෙස්ට්
119523769,1552257,si,සෝෂියා
119523846,1552258,si,සුච්ට්
119523923,1552259,si,සුචෙස්
119524231,1552263,si,සෝසෙල්ස්
119524308,1552264,si,මූලාශ්රය
119524385,1552265,si,සුබ් රෙබොස්ට්
119524462,1552266,si,සෞබ්රන්
119524539,1552267,si,සොඋබ්ලෙචෞසේ
119524616,1552268,si,සෞබිස්
119524847,1552271,si,සුබස්
119525078,1552274,si,සුස්ට් රේ
119525232,1552276,si,සුආන්ස් ඕ පර්චේ
119525309,1552277,si,සාවුල්
119525386,1552278,si,සුආන් පර්ත්ස් ලෙස් හර්ලස්
119525540,1552280,si,සොටුරැක්
119525617,1552281,si,සොට්විල්-සර්-මර්
119525694,1552282,si,සෝට්විල්-සෝස්-ලෙ-වාල්
119525771,1552283,si,සොට්විල් ලෙස් රූන්
119525848,1552284,si,සොටෙවිල්
119525925,1552285,si,සොත්තේවාස්ට්
119526079,1552287,si,සොට්ටා
119526310,1552290,si,සොස්ට්
119526387,1552291,si,සොසෙයිස්
119526464,1552292,si,සොස්පෙල්
119526541,1552293,si,සොස්
119526618,1552294,si,සෝර්ටොස්විල්-එන්-බියුමොන්ට්
119526695,1552295,si,සෝටෝස්විල්
119526772,1552296,si,සෝර්ට් එන් චාලොස්
119527003,1552299,si,සොර්රුස්
119527157,1552301,si,සෝර්කයින්විල්
119527234,1552302,si,සෝර්නෙවිල්
119527311,1552303,si,සෝර්නේ
119527388,1552304,si,සෝර්නේ
119527465,1552305,si,සෝර්නැක්
119527542,1552306,si,සෝමෝන්
119527619,1552307,si,සෝර්මරි
119527773,1552309,si,සොරියෝ
119527850,1552310,si,සොරිග්නි
119527927,1552311,si,සෝර්ග්ස්
119528004,1552312,si,සෝර්ජස්
119528081,1552313,si,සොර්ගේඅට්
119528158,1552314,si,\N
119528312,1552316,si,සෝරල්-මූසල්
119528389,1552317,si,සොරෙල්
119528466,1552318,si,සොරෙල්-එන-ඉමෙඋ
119528543,1552319,si,සොරෙඩේ
119528697,1552321,si,සොරෙ
119528774,1552322,si,සෝර්ඩ්-එල්-අබේ
119528851,1552323,si,සෝර්සි-සෙන්ට්-මාටින්
119528928,1552324,si,සෝර්සි-බවුතෙමොන්ට්
119529082,1552326,si,සෝර්බ්ස්
119529159,1552327,si,සෝර්බෝ-ඔකැග්නානෝ
119529236,1552328,si,සෝබෝන්
119529313,1552329,si,සොර්බොල්ලානෝ
119529390,1552330,si,සෝර්බියර්ස්
119529467,1552331,si,සෝර්බියර්ස්
119529544,1552332,si,සෝර්බියර්
119529621,1552333,si,සෝර්බේ
119529698,1552334,si,සෝර්බේ
119529775,1552335,si,සොර්බෙට්ස්
119529852,1552336,si,සොර්බෙට්ස්
119529929,1552337,si,සොර්බිස්
119530006,1552338,si,සෝරන්ස් ලෙස් බ් රූරි
119530237,1552341,si,සොප්පේ-ලෙ-හවුට්
119530314,1552342,si,සොප්-ලෙ-බාස්
119530468,1552344,si,සොන්සායි
119530699,1552347,si,සොන්තොනාක්ස්-ලා-මොන්ටාන්
119530776,1552348,si,පුතුන් සහ රොන්චෙරස්
119530853,1552349,si,සෝන්විල්
119530930,1552350,si,සොනාස්
119531007,1552351,si,සොන්නයි
119531161,1552353,si,සෝනාක්-සර්-එල්-හර්ස්
119531238,1552354,si,සොනාක්
119531392,1552356,si,සොනාක්
119531469,1552357,si,සෝන්ගි
119531546,1552358,si,සොන්ජියු
119531623,1552359,si,සොන්ග්සන්
119531700,1552360,si,සොන්ගේඔන්ස්
119531777,1552361,si,සෝන්ඩර්ස්ඩෝෆ්
119531854,1552362,si,සොන්ඩර්නාච්
119531931,1552363,si,සෝන්කෝර්ට්-සර්-මාර්න්
119532008,1552364,si,සෝන්කෝර්ට්
119532085,1552365,si,සොන්චම්ප්
119532162,1552366,si,සොනාක්
119532239,1552367,si,පුතා
119532316,1552368,si,සොම්සොයිස්
119532470,1552370,si,සොම්පුයිස්
119532547,1552371,si,සෝම්ප්ට්
119532624,1552372,si,සෝමියර්ස්-ඩු-ක්ලේන්
119532701,1552373,si,සොමියර්ස්
119532778,1552374,si,සොම්මේ-යෙව්රේ
119532855,1552375,si,සොම්මෙවොයර්
119532932,1552376,si,සොම්විල්
119533086,1552378,si,සෝම් වෙස්ලේ
119533163,1552379,si,සොම්මේවල්
119533240,1552380,si,සෝමෙට්-ඊකෝර්ට්
119533317,1552381,si,සෝම් ටුවර්බේ
119533394,1552382,si,සෝම්-සුයිප්
119533471,1552383,si,සොමිසස්
119533548,1552384,si,සොමෙස්නිල්
119533625,1552385,si,සෝමරි
119533702,1552386,si,සොමර්විලර්
119533779,1552387,si,සොමර්වියු
119533856,1552388,si,සොම්මේරෝන්
119533933,1552389,si,සොමර්මොන්ට්
119534010,1552390,si,සෝමරොක්ස්
119534087,1552391,si,සමර්කෝර්ට්
119534164,1552392,si,සෝමර්ස්
119534241,1552393,si,සොමේපි-තාහුරේ
119534318,1552394,si,සොමෙලෝන්
119534395,1552395,si,සොමේලන්
119534472,1552396,si,සොමිලෙස්
119534549,1552397,si,ඔම්මෙදිඑඋඑ
119534703,1552399,si,සෝමකේස්
119534780,1552400,si,සෝම් බියොන්
119534934,1552402,si,සොම්මුතේ
119535011,1552403,si,සොමන්ට්
119535088,1552404,si,සෝමන්කෝට්
119535242,1552406,si,සොම්මින්ග්
119535319,1552407,si,සොම්ලොයර්
119535396,1552408,si,සොම්බ්රුන්
119535473,1552409,si,සොම්බ්රින්
119535627,1552411,si,සෝම්බර්නොන්
119535704,1552412,si,සොම්බකෝර්
119535781,1552413,si,සෝමින්
119535858,1552414,si,සොලූට් රේ-පවුලි
119535935,1552415,si,සොල්ටෙරේ
119536089,1552417,si,සොල්රින්ස්
119536166,1552418,si,සෝල්-ලෙ-චැටෝ
119536243,1552419,si,සොලොමියාක්
119536320,1552420,si,සොලොග්නි
119536474,1552422,si,සොලීස්-විල්
119536551,1552423,si,සොලීස්-ටූකාස්
119536628,1552424,si,සොලීස්-පොන්ට්
119536705,1552425,si,සොලියර්ස්-සර්ඩියර්ස්
119536859,1552427,si,සොල්ලකාරෝ
119536936,1552428,si,සොලිග්නි ලෙස් එටැන්ග්ස්
119537013,1552429,si,සොලිග්නි ලා ට් රැප්
119537090,1552430,si,සොලිග්නාට්
119537167,1552431,si,සොලිග්නාක්-සර්-ලෝයර්
119537244,1552432,si,සොලිග්නාක් සෝස් රොච්
119537321,1552433,si,සොලිග්නැක්
119537475,1552435,si,සොල්දාදුවන්
119537629,1552437,si,සොල්ග්නේ
119537706,1552438,si,සොල්ෆෙරිනෝ
119537860,1552440,si,සොලීමියු
119537937,1552441,si,සොලෙයිමියු
119538014,1552442,si,සොලෙස්මේස්
119538091,1552443,si,සොලෙස්මේස්
119538168,1552444,si,සොලෙර්ස්
119538245,1552445,si,සොලෙරියුක්ස්
119538476,1552448,si,සොලෙන්ටේ
119538553,1552449,si,සොල්මොන්ට්
119538630,1552450,si,සොලෙයිල්හාස්
119538707,1552451,si,සොල්බැක්
119538861,1552453,si,සොලාරෝ
119538938,1552454,si,සොලයිස්
119539092,1552456,si,සෝයිසි-ඔක්ස්-බොයිස්
119539169,1552457,si,\N
119539246,1552458,si,\N
119539323,1552459,si,සොඉස්ය්-සුරැ-සේඉනේ
119539400,1552460,si,සොඉස්ය්-සුරැ-එචොලේ
119539477,1552461,si,සෝයිසි සෝස් මොන්ට්මොරන්සි
119539554,1552462,si,සෝයිසි-බුයි
119539631,1552463,si,සොයිසන්-සර්-නාසි
119539708,1552464,si,සොයිසන්ස්
119539785,1552465,si,සොයිරන්ස්
119539862,1552466,si,සෝන්ග්ස්-එන්-සොලෝන්
119540016,1552468,si,සෝයින්ඩර්ස්
119540247,1552471,si,ඔඉග්නොල්ලෙස්-එන-රිඑ
119540324,1552472,si,ඔරිග්නොල්ලෙස්
119540478,1552474,si,සොග්නි-එන්-එල්-ඇන්ජල්
119540555,1552475,si,සොග්නි-ඔක්ස්-මූලින්ස්
119540632,1552476,si,සොග්නොල්ලෙස්-එන-ඔන්තොඉස්
119540940,1552480,si,ඔඑඋර්ද්රෙස්
119541171,1552483,si,සෝක්ස්
119541248,1552484,si,සෝකෝර්ට්
119541402,1552486,si,සොචෝ
119541479,1552487,si,සොකියා
119541556,1552488,si,ස්මර්මෙස්නිල්
119541710,1552490,si,ස්මාර්ව්ස්
119541864,1552492,si,සිසුන්
119541941,1552493,si,සික්ස්ට්-සර්-අෆ්
119542018,1552494,si,සික්ස්ට් ෆර් අ චෙවාල්
119542095,1552495,si,සික්ස් ෆෝර්ස් ලෙස් ප්ලේජ්ස්
119542172,1552496,si,සිව්රි-සර්-මෝස්
119542326,1552498,si,සිව්රි ලෙස් බුසාන්සි
119542403,1552499,si,සිව්රි ලා පර්චේ
119542480,1552500,si,සිව්රි-කෝට් රි
119542557,1552501,si,සිව්රි
119542711,1552503,si,සිවිග්නොන්
119543173,1552509,si,සහෝදරිය
119543250,1552510,si,සිස්ටල්ස්
119543327,1552511,si,සිසී
119543404,1552512,si,සිසෝන්
119543481,1552513,si,සිස්කෝ
119543558,1552514,si,සිරෝස්
119543712,1552516,si,සිරෝද්
119544097,1552521,si,සිරුයිල්
119544174,1552522,si,සිරුයිල්
119544328,1552524,si,සිරීක්ස්
119544405,1552525,si,සිරාන්
119544559,1552527,si,සිරාන්
119544636,1552528,si,සිරදාන්
119544713,1552529,si,සිරකෝට්
119544790,1552530,si,සිරාක්
119544867,1552531,si,සියුවිල්-හේග්
119545021,1552533,si,සියෝරාක්-එන්-පෙරිගෝර්ඩ්
119545098,1552534,si,සියෝරාක්-ඩි-රිබෙරාක්
119545175,1552535,si,සිඔන්විල්ලෙර්
119545329,1552537,si,සිඔන්නේ
119545406,1552538,si,සියොන් ලෙස් මයින්ස්
119545483,1552539,si,සියොනියාක්
119545637,1552541,si,සිඔන්
119545714,1552542,si,සින්සෝස්
119545791,1552543,si,සින්සැට්
119545868,1552544,si,සින්-ලෙ-නොබල්
119546099,1552547,si,සින්ග්රිස්ට්
119546176,1552548,si,සින්ග්ල්ය්
119546253,1552549,si,සිංග්ලිරැක්
119546330,1552550,si,කේවල
119546484,1552552,si,සින්ඩරෙස්
119546561,1552553,si,සින්චෙය්-ලෙස-රෝඋව්රය්
119546638,1552554,si,සින්සනි
119546715,1552555,si,සිනාඩ්
119546869,1552557,si,සරලයි
119546946,1552558,si,සිමොර්රේ
119547177,1552561,si,සිමියන් ලා රොටොන්ඩ්
119547254,1552562,si,සිමියාන්-කොලොංගු
119547331,1552563,si,සිමෙයිරෝල්ස්
119547408,1552564,si,සිමෙන්කෝට්
119547485,1552565,si,සිමාඩ්
119547562,1552566,si,සිමන්ඩ්රේ-සුර්-සුරන්
119547639,1552567,si,සිමන්ඩ්රෙස්
119547716,1552568,si,සිමන්ඩ්රේ
119547793,1552569,si,සිමාකෝර්බ්
119547870,1552570,si,සිල්වරෝවර්ස්
119547947,1552571,si,සිල්වරෙචියෝ
119548024,1552572,si,සිල්ට්ස්හයිම්
119548101,1552573,si,සිල්මොන්ට්
119548178,1552574,si,සිලි-ටිලර්ඩ්
119548255,1552575,si,සිලි-සර්-නීඩ්
119548332,1552576,si,සිලි-ලෙ-ලෝන්ග්
119548409,1552577,si,සිලි-ලා-පොටරි
119548563,1552579,si,සිල්ලින්ග්ය්
119548717,1552581,si,සිලි-එන්-ගුෆර්න්
119548794,1552582,si,සිලී-බ්ලෙෆොන්ඩ්
119548871,1552583,si,සිලී-ඇමන්සි
119548948,1552584,si,සිලරි
119549102,1552586,si,සිලේ-ලෙ-පිලිප්
119549179,1552587,si,සිලේ-ලෙ-ගුයිලම්
119549256,1552588,si,සිල්ලෙග්න්ය්
119549333,1552589,si,සිලස්
119549410,1552590,si,විලර්ඩ්ස්
119549487,1552591,si,සිල්ලන්ස්-ල-චාස්චාදේ
119549564,1552592,si,සිලන්ස්
119549641,1552593,si,සිල්හක්
119549718,1552594,si,සිල්ෆියාක්
119549872,1552596,si,සිගි-ලෙ-චැටෙල්
119549949,1552597,si,සිගි-එන්-බ්‍රේ
119550026,1552598,si,සිගි
119550103,1552599,si,සිගුරෙට්
119550180,1552600,si,සිගුඑර්
119550257,1552601,si,සිගොයෙර්
119550334,1552602,si,සිගොයෙර්
119550411,1552603,si,සිගෝර්නයිස්
119550488,1552604,si,සිගෝල්ස්
119550565,1552605,si,සිගෝටියර්
119550719,1552607,si,සිගොන්ස්
119550796,1552608,si,ඉගොල්ශෙඉම්
119550873,1552609,si,සිගොග්නේ
119550950,1552610,si,සිග්නි-සිග්නට්ස්
119551027,1552611,si,සිග්නි-මොන්ට්ලිබර්ට්
119551104,1552612,si,සිග්නි-ලෙ-පෙටිට්
119551181,1552613,si,සිග්න්ය්-ල'අබ්බයේ
119551335,1552615,si,සිග්නෙවිල්
119551412,1552616,si,සංඥා
119551489,1552617,si,සිග්නැක්
119551566,1552618,si,සිග්ලෝයි
119551643,1552619,si,සිජියන්
119551720,1552620,si,සිගලන්ස්
119551797,1552621,si,සිගාලේ
119551874,1552622,si,සිඑවිල්ලෙර්
119551951,1552623,si,ඉඑවොළ්
119552105,1552625,si,සියුරාස්
119552182,1552626,si,සියුරැක්
119552259,1552627,si,සිඑස්ට්
119552336,1552628,si,සියර්විල්
119552413,1552629,si,සියර්ස්ටල්
119552567,1552631,si,සිරෙන්ට්ස්
119552644,1552632,si,සියර්ක්-ලෙස්-බේන්ස්
119552721,1552633,si,සීගන්
119552798,1552634,si,ඉඑක්ක
119552952,1552636,si,ඉදිඓල්ලෙස්
119553029,1552637,si,සයිඩ්විල්
119553106,1552638,si,සිකර්ට්
119553260,1552640,si,සිචැම්ප්ස්
119553337,1552641,si,සික්සියු
119553491,1552643,si,සිබිවිල්
119553568,1552644,si,සිබිරිල්
119553722,1552646,si,සියරෝයි
119553876,1552648,si,ශාන්ත-රෙමිමොන්ට්
119553953,1552649,si,සින්ට්-මිචෙල්-සුරැ-ටෙර්නොඉසෙ
119554107,1552651,si,සෙසෑන්
119554184,1552652,si,සෙයිට්‍රොක්ස්
119554261,1552653,si,සෙයිතෙනෙක්ස්
119554338,1552654,si,සේය්ස්සුඑල්
119554415,1552655,si,සෙසින්ස්
119554492,1552656,si,සේය්ස්සිනෙට්-පරිසෙට්
119554646,1552658,si,සේය්ස්සෙස්-සවෙස්
119554723,1552659,si,සේය්ස්සෙස්
119554800,1552660,si,සේය්ස්සෙල්
119554877,1552661,si,සේය්ස්සෙල්
119554954,1552662,si,සේය්රෙස්සේ
119555031,1552663,si,සේය්රේ
119555262,1552666,si,සෙයින්ස්
119555339,1552667,si,සේය්නේ-ලෙස-අල්පෙස්
119555416,1552668,si,සීචස්
119555493,1552669,si,සීචෙල්ස්
119555570,1552670,si,සෙක්ස්ෆොන්ටේන්ස්
119555647,1552671,si,එෂෙය්-ලෙස-බෝඉස්
119555724,1552672,si,සෙක්සි-ඔක්ස්-ෆෝජ්ස්
119555801,1552673,si,එෂ්ක්ලෙස්
119555878,1552674,si,සෙවන්
119555955,1552675,si,සෙව්රි
119556032,1552676,si,සෙවියර්
119556109,1552677,si,සෙව්රි
119556186,1552678,si,සේව්රෙස්-ආන්ෂෞමොන්ත
119556263,1552679,si,සෙවර්ස්
119556340,1552680,si,සෙව්රන්
119556417,1552681,si,සෙව්රායි
119556494,1552682,si,සෙවිස්
119556648,1552684,si,සෙවිග්නි-වලප්පේ
119556725,1552685,si,සේවිග්න්ය්-ල-ෆොරේට්
119556802,1552686,si,සෙවිග්නි
119556879,1552687,si,සෙවිග්නැක්
119556956,1552688,si,සෙවිග්නාක්-මයිරාක්
119557033,1552689,si,සෙවිග්නැක්
119557110,1552690,si,සෙවියක්ස්
119557264,1552692,si,සෙවරැක් එල් එග්ලිස්
119557341,1552693,si,සෙවරැක්-ලෙ-චැටෝ
119557418,1552694,si,සෙවෙරැක්
119557495,1552695,si,ෂ්වේ ලින් බෑන්
119557572,1552696,si,සෙවලින්ග්ස්
119557726,1552698,si,\N
119557803,1552699,si,සෙක්ස්
119557957,1552701,si,සහතිකයි
119558034,1552702,si,සෝයිලි
119558111,1552703,si,සයිලට්
119558188,1552704,si,එඋඉල්
119558265,1552705,si,සෙයුගි
119558496,1552708,si,කට්ටල
119558727,1552711,si,සෙෂේකේ
119558804,1552712,si,සෙසන්හයිම්
119558881,1552713,si,එර්ළ්ය-එට්-ප්‍රින්
119558958,1552714,si,සෙරී මැග්නෙවල්
119559035,1552715,si,සෙරී ලෙස් මෙසියර්ස්
119559112,1552716,si,සෙරී
119559189,1552717,si,සෙරී
119559343,1552719,si,සර්වෝස්
119559497,1552721,si,සර්වෝන්-සර්-විලයින්
119559574,1552722,si,සර්වෝන්-මෙල්සිකෝට්
119559651,1552723,si,සර්වෝන්
119559728,1552724,si,සර්වෝන්
119560036,1552728,si,සර්වින්ස්
119560190,1552730,si,සර්වින්
119560267,1552731,si,සීඩර්විල්
119560344,1552732,si,සර්විල්
119560421,1552733,si,සර්විග්නි-ලෙස්-සෙන්ට්-බාර්බේ
119560498,1552734,si,සර්විග්නි-ලෙස්-රවිල්
119560575,1552735,si,සර්විග්නි
119560652,1552736,si,සර්විග්නි
119560729,1552737,si,සර්විග්නි
119560806,1552738,si,සර්විග්නාට්
119560883,1552739,si,සර්විස්-එන්-වල්
119560960,1552740,si,සේවා
119561037,1552741,si,සර්වියර්ස් සහ ලාබොම්
119561114,1552742,si,සර්වියර්ස්-ලෙ-චැටෝ
119561422,1552746,si,එර්විඑරෙස්
119561576,1552748,si,සර්වියන්
119561653,1552749,si,සර්ව්ස්-සර්-රෝන්
119561730,1552750,si,සර්වරෙට්
119561807,1552751,si,සේවය කරන්න
119561884,1552752,si,සර්වාවිල්-සැල්මන්විල්
119561961,1552753,si,සර්වාස්
119562038,1552754,si,සර්වාස්
119562115,1552755,si,සේවකයා
119562346,1552758,si,සර්වන්ටෙස්
119562423,1552759,si,ශිර්වානේහ්
119562577,1552761,si,සර්වයිස්
119562808,1552764,si,සර්ස්
119562885,1552765,si,සර්ස්
119562962,1552766,si,සෙරුවෙල්ස්
119563039,1552767,si,සෙරූවිල්
119563116,1552768,si,සෙරිස්
119563193,1552769,si,සෙරිග්නි-එන්-බ් රෙස්
119563270,1552770,si,සර්රිග්නි
119563347,1552771,si,ළදොඉෂ්-සේර්රිග්න්ය්
119563424,1552772,si,සෙරියර්ස්-සර්-අයින්
119563501,1552773,si,සෙරියර්ස්-එන්-චෝටාන්
119563655,1552775,si,සෙරියර්ස්-ඩි-බ් රියෝර්ඩ්
119563809,1552777,si,සෙරියර්ස්
119563886,1552778,si,සෙරියර්ස්
119563963,1552779,si,සෙරීරා
119564117,1552781,si,සෙරෙස්-සර්-ආර්ජට්
119564194,1552782,si,සෙරෙස්-සෙන්ට්-මාරි
119564271,1552783,si,සෙරෙස්-මෝර්ලාස්
119564348,1552784,si,සෙරෙස්ලස් සහ අරිබන්ස්
119564425,1552785,si,සෙරෙස්-ගැස්ටන්
119564502,1552786,si,සෙරෙස් සහ මොන්ට්ගුවාර්ඩ්
119564579,1552787,si,සෙරෙස්-කැස්ට්
119564656,1552788,si,සේර්රෙස්
119565272,1552796,si,සේර්රෙස්
119565503,1552799,si,සේර්රෙස්
119565734,1552802,si,සෙරෙ ලෙස් සැපින්ස්
119565811,1552803,si,සෙරෙ-ලෙස්-මූලියර්ස්
119566658,1552814,si,සෙරවාල්
119566735,1552815,si,සේරලොංගා
119566812,1552816,si,සෙරා-ඩි-ස්කොපමේන්
119566889,1552817,si,සෙරා-ඩි-ෆෙරෝ
119567043,1552819,si,සර්ක්විග්නි
119567120,1552820,si,\N
119567197,1552821,si,\N
119567274,1552822,si,සර්කස්
119567351,1552823,si,සර්පයිස්
119567505,1552825,si,සෙරොන්
119567582,1552826,si,සෙරොකෝර්ට්
119567736,1552828,si,සර්න්හැක්
119567813,1552829,si,සර්මර්
119567890,1552830,si,සර්මෝයර්
119568121,1552833,si,සර්මොයිස්
119568198,1552834,si,සර්මොයිස්-සර්-ලෝයර්
119568275,1552835,si,සර්මිසෙල්ස්
119568352,1552836,si,සර්මියර්ස්
119568506,1552838,si,සර්මෙස්
119568583,1552839,si,සර්මර්ෂයිම්
119568660,1552840,si,එර්මෙරිඑඋ
119568814,1552842,si,සර්මෙන්ටෝට්
119568891,1552843,si,සර්මෙන්ටිසන්
119569045,1552845,si,සර්මානෝ
119569122,1552846,si,සර්මන්ජ්
119569199,1552847,si,සර්මමාග්නි
119569276,1552848,si,සර්මයිස් ලෙස් බේන්ස්
119569353,1552849,si,සර්මයිස් කරන්න
119569507,1552851,si,සර්මයිස්
119569584,1552852,si,ෂර්බනිව්ස්කේ
119569738,1552854,si,ෂර්බනිව්ස්කේ
119569892,1552856,si,සේර්මගේස්
119569969,1552857,si,සර්ලි
119570200,1552860,si,සෙරිස්
119570354,1552862,si,සෙරින්ග්ස් සහ නෙස්ල්ස්
119570508,1552864,si,සෙරිල්හැක්
119570585,1552865,si,සේරිග්න්ය්
119570662,1552866,si,සේරිග්න්ය්
119570816,1552868,si,සෙරිග්නේ
119570893,1552869,si,සෙරිග්නන්-ඩු-කොම්ටාට්
119570970,1552870,si,සෙරිග්නන්
119571047,1552871,si,සෙරිනාක්-සර්-ගාරොන්
119571124,1552872,si,සෙරිනාක්-පෙබුඩෝ
119571278,1552874,si,සෙරිග්නැක්
119571355,1552875,si,සෙරිග්නැක්
119571432,1552876,si,සෙරිෆොන්ටයින්
119571509,1552877,si,ශ්රේණි
119571740,1552880,si,සර්ජි
119571817,1552881,si,සර්ජි
119571894,1552882,si,සර්ජින්ස්
119571971,1552883,si,සර්ජිනොන්
119572125,1552885,si,එර්ගෙඅක්
119572202,1552886,si,සෙරෙසින්-ඩු-රොන්
119572279,1552887,si,සෙරෙසින්-ඩි-ලා-ටුවර්
119572356,1552888,si,සෙරෙවිලර්ස්
119572510,1552890,si,සෙරෙ-රුස්ටින්
119572587,1552891,si,සෙරෙන්ට්
119572664,1552892,si,සෙරෙනාක්
119572818,1552894,si,සෙරමන්ජ්-එර්සාන්ජ්
119573049,1552897,si,සේර්රිල්ල
119573126,1552898,si,සෙරී-එන්-ලැවේඩන්
119573280,1552900,si,සෙරෙකෝර්ට්
119573357,1552901,si,සේරි
119573434,1552902,si,සර්කින් යමා
119573511,1552903,si,සේර්ච්ය්
119573588,1552904,si,සර්කස්
119573665,1552905,si,එර්කොඑඋර්
119573819,1552907,si,සර්චස්
119573896,1552908,si,සර්බෝන්ස්
119573973,1552909,si,සර්බන්ස්
119574050,1552910,si,සේරසෙරෙක්ස්
119574127,1552911,si,සේරමොන්ට්
119574204,1552912,si,සෙරොකෝර්ට්-ලෙ-ග් රෑන්ඩ්
119574358,1552914,si,සෙරන්විලර්ස්-ෆොරන්විල්
119574435,1552915,si,සෙරන්විල්
119574512,1552916,si,සෙරන්ස්
119574589,1552917,si,සෙරන්ස්
119574666,1552918,si,සෙරනොන්
119574743,1552919,si,සෙරන්ඩන්
119574820,1552920,si,සෙරෙන්කෝට්
119574897,1552921,si,සෙරෙන්කෝට්
119574974,1552922,si,සෙරයින්
119575128,1552924,si,සීක්හාර්ට්
119575205,1552925,si,සෙකෙඩින්
119575282,1552926,si,\N
119575359,1552927,si,සෙප්වෙට්
119575436,1552928,si,සෙප්විග්නි
119575513,1552929,si,සැප්තැම්බර්-වෙන්ට්ස්
119575590,1552930,si,\N
119575667,1552931,si,සෙප්ට්-සොර්ට්ස්
119575744,1552932,si,සැප්තැම්බර්-සෝල්ක්ස්
119575821,1552933,si,සේප්ට්සාර්ගේස්
119575898,1552934,si,සේප්ට්මොන්ට්ස්
119575975,1552935,si,සේප්ට්මොන්චෙල්
119576052,1552936,si,සැප්තැම්බර්-මෙයුල්ස්
119576129,1552937,si,සැප්තැම්බර්-ෆ්රෙරස්
119576206,1552938,si,සැප්තැම්බර්-ෆෝර්ජස්
119576283,1552939,si,සෙප්ෆොන්ටේන්ස්
119576360,1552940,si,සෙප්ට්ෆොන්ඩ්ස්
119576437,1552941,si,සෙප්ට්ෆොන්ඩ්ස්
119576514,1552942,si,එප්තෙඋඉල්
119576591,1552943,si,සෙප්ටම්ස් ලෙස් වැලොන්ස්
119576668,1552944,si,සැප්තැම්බර්
119576745,1552945,si,සෙප්පෝයිස්-ලෙ-හවුට්
119576822,1552946,si,සෙප්පෝයිස්-ලෙ-බාස්
119576899,1552947,si,සෙප්ම්ස්
119576976,1552948,si,සෙප්මරීස්
119577053,1552949,si,\N
119577207,1552951,si,සෙන්වන්-ලෙහාර්ට්
119577361,1552953,si,සෙනුක්
119577438,1552954,si,සෙන්සිච්
119577515,1552955,si,සෙන්ටෝඋස්
119577592,1552956,si,සංවේදීව
119577669,1552957,si,සෙන්තයිම්
119577746,1552958,si,සෙන්ටනාක්-ඩොස්ට්
119577900,1552960,si,එන්තෙලිඑ
119577977,1552961,si,සෙන්ටයින්
119578131,1552963,si,සෙන්ස්-ඩි-බ් රිටේන්
119578208,1552964,si,සෙන්ස්-බියුජු
119578285,1552965,si,සෙන්ස්
119578362,1552966,si,සෙන්ස්-සර්-සීල්
119578439,1552967,si,සෙනෝසාන්
119578516,1552968,si,ස්නෝවිල්
119578593,1552969,si,සෙනුයිලැක්
119578824,1552972,si,සෙනොට්ස්
119578978,1552974,si,සෙනොනස්
119579055,1552975,si,සෙනොංගෙස්
119579132,1552976,si,සෙනොනෙස්
119579209,1552977,si,සෙනොන්කෝර්ට් ලෙස් මවුජෝයි
119579286,1552978,si,සෙනොන්කෝට්
119579363,1552979,si,සෙනොන්චේස්
119579440,1552980,si,සෙනොන්
119579594,1552982,si,සෙනෙවොයි-ලෙ-හවුට්
119579671,1552983,si,සෙනෙවොයි-ලෙ-බාස්
119579748,1552984,si,සෙනෙවිල්-සර්-ෆෙකැම්ප්
119580056,1552988,si,සෙනෙවියර්ස්
119580133,1552989,si,සෙනෙලි
119580210,1552990,si,සෙනෙසි ලෙස් ඩයිජන්
119580287,1552991,si,සෙනෙසි ලෙ ග් රෑන්ඩ්
119580364,1552992,si,සෙනෙස්-ලෙස්-මැකොන්
119580441,1552993,si,සෙනෙකේ
119580595,1552995,si,සෙන්ලිස්
119580672,1552996,si,සෙන්ලිස්-ලෙ-සෙක්
119580749,1552997,si,සෙන්ලිස්
119580826,1552998,si,සෙන්ලිස්
119580903,1552999,si,සෙන්ලෙක්ක්ස්
119580980,1553000,si,සෙනින්හෙම්
119581057,1553001,si,සෙනිල්
119581211,1553003,si,සෙනියර්ගස්
119581288,1553004,si,සෙන්ගුවාග්නෙට්
119581365,1553005,si,සෙනෙසර්ගස්
119581519,1553007,si,සෙනෙස්
119581673,1553009,si,සෙනුජෝල්ස්
119581750,1553010,si,සෙනෙස්ටිස්
119581981,1553013,si,සෙනර්ගස්
119582135,1553015,si,සෙනෙචාස්
119582212,1553016,si,සෙනේ
119582289,1553017,si,සෙන්ඩෙට්
119582366,1553018,si,සෙන්ඩෙට්
119582520,1553020,si,සෙන්සෙනාක්-පුයි-ඩි-ෆෝර්ච්ස්
119582751,1553023,si,සෙනාස්
119582828,1553024,si,සෙනර්පොන්ට්
119583059,1553027,si,සෙනරන්ස්
119583136,1553028,si,සෙනාඩ්
119583213,1553029,si,සෙනන්ට්වරු
119583290,1553030,si,සෙනන්ට්වරු
119583444,1553032,si,සෙනාන්
119583598,1553034,si,සෙනෙකාවිල්
119583675,1553035,si,සෙනායිලාක්-ලවුස්
119583752,1553036,si,සෙනායිලාක්-ලැට් රොන්කියර්
119583829,1553037,si,සෙනයිඩ්
119583983,1553039,si,සෙනාක්
119584060,1553040,si,සෙමුයි
119584137,1553041,si,සෙමස්සැක්
119584214,1553042,si,සෙමූර්-එන්-වල්ලන්
119584291,1553043,si,සෙමුර්-එන්-බ් රියෝනායිස්
119584368,1553044,si,සෙමුර්-එන්-ඔක්සෝයිස්
119584445,1553045,si,සෙම්පි
119584522,1553046,si,සෙම්පිග්නි
119584599,1553047,si,සෙම්ප්සෙරේ
119584676,1553048,si,සෙමෝයි
119584753,1553049,si,සෙමූටියර්ස්-මොන්සැන්
119584830,1553050,si,සෙමූසැක්
119584907,1553051,si,සෙමූසීස්
119585215,1553055,si,සෙමොන්දන්ස්
119585369,1553057,si,සෙමොයින්
119585523,1553059,si,සෙම්මදොන්
119585600,1553060,si,සෙමිල්ල්ය්
119585754,1553062,si,සෙමිලැක්
119585831,1553063,si,සෙමයිඩ්
119585908,1553064,si,\N
119585985,1553065,si,සෙමර්විල්
119586062,1553066,si,සෙමරි
119586139,1553067,si,සෙමෙන්ට්රොන්
119586216,1553068,si,සෙමෙන්ස්
119586447,1553071,si,සෙමෙලය්
119586524,1553072,si,සෙමෙචොඋර්ට්
119586601,1553073,si,සෙමාක්ක් බ්ලැචොන්
119586678,1553074,si,එමෙඅක්
119586755,1553075,si,සෙම්බුස්
119586832,1553076,si,සෑම් චායි
119586909,1553077,si,සෙම්බ්ලැන්කේ
119587140,1553080,si,සෙම්බාස්
119587217,1553081,si,සෙම්බඩෙල්
119587294,1553082,si,සෙමරේ
119587371,1553083,si,සෙමල්ලේ
119587448,1553084,si,සෙමලෙන්ස්
119587679,1553087,si,සෙල්විග්නි
119587756,1553088,si,සෙල්ට්ස්
119587987,1553091,si,සෙලොනෙට්
119588064,1553092,si,සෙල්වෝන්
119588141,1553093,si,සෙලොන්කෝට්
119588218,1553094,si,සෙලෝම්ස්
119588372,1553096,si,ඇලිස් අක්කර
119588449,1553097,si,සෙල්ස්-සර්-නාහෝන්
119588526,1553098,si,සෙල්ස්-සර්-චර්
119588603,1553099,si,සෙල්ස්-සෙන්ට්-ඩෙනිස්
119588680,1553100,si,සෙලෙස්
119588757,1553101,si,සෙලෙස්
119588834,1553102,si,සෙලෙස්
119588911,1553103,si,සෙලෙස්
119589065,1553105,si,සෙලින්කෝට්
119589219,1553107,si,සෙලිග්නි
119589296,1553108,si,සෙලිග්නෙය්
119589373,1553109,si,සෙලෙස්ටැට්
119589450,1553110,si,සෙලෙන්ස්
119589604,1553112,si,සෙලේන්කෝට්
119589835,1553115,si,සීක්ස්
119590066,1553118,si,සෙයිසාන්
119590143,1553119,si,සිංබෝස්
119590220,1553120,si,සේඉනේ-පොර්ට්
119590297,1553121,si,සයිලන්ස්-සෝර්ස්-ඩර්ජන්ස්
119590374,1553122,si,සෙයිලෝනාස්
119590528,1553124,si,කැස්ටෙලන්සා
119590605,1553125,si,සෙයිලැක්
119590682,1553126,si,සෙයිල්හාන්
119590759,1553127,si,සීල්හැක්
119590836,1553128,si,සීල්හ්
119590913,1553129,si,සීගී
119590990,1553130,si,සීග්නි
119591067,1553131,si,සෙග්නෝස්
119591144,1553132,si,සීනියුල්ස්
119591298,1553134,si,එඉග්නෙලය්
119591452,1553136,si,සෙයින්
119591606,1553138,si,සීග්නලන්ස්
119591683,1553139,si,සයිචස්-සර්-ලෙ-ලොයර්
119591760,1553140,si,සීචෙප්‍රේ
119591837,1553141,si,එඉචෙබ්රිඑරෙස්
119591914,1553142,si,සීචැම්ප්ස්
119591991,1553143,si,සෙයිච්
119592145,1553145,si,සේගුස්
119592222,1553146,si,සේගුර්-ලෙස්-විලාස්
119592299,1553147,si,සේගුර්-ලෙ-චැටෝ
119592376,1553148,si,සෙගුරෙට්
119592453,1553149,si,සේගුරා
119592530,1553150,si,සේගුර්
119592607,1553151,si,සෙග්රි
119592684,1553152,si,සෙග්රෝයිස්
119592761,1553153,si,සෙග් රි-ෆොන්ටේන්
119592838,1553154,si,සෙග්රි
119592915,1553155,si,සෙග් රෙවිල්
119592992,1553156,si,සෙග් රේ
119593223,1553159,si,සෙගුෆියෙල්
119593300,1553160,si,සෙගෝස්
119593531,1553163,si,සෙගොන්සාක්
119593608,1553164,si,සෙගොන්සාක්
119593685,1553165,si,සෙගොන්සාක්
119593916,1553168,si,සේග්න්ය්
119594070,1553170,si,සෙග්ලියන්
119594224,1553172,si,සේගලස්
119594301,1553173,si,සේගලස්
119594455,1553175,si,\N
119594532,1553176,si,දකියි
119594609,1553177,si,සෙඩ්සෙරේ
119594686,1553178,si,සෙඩ්සේ-මවුබෙක්
119594763,1553179,si,සෙඩෙරොන්
119594840,1553180,si,සෙඩයිල්හැක්
119594917,1553181,si,සෙඩාන්
119594994,1553182,si,සෙක්විල්-එන්-බෙසින්
119595302,1553186,si,සේචොඋර්ට්
119595533,1553189,si,සේචොන්දිග්න්ය්
119595610,1553190,si,සෙකොන්ඩින්-සර්-බෙල්
119595687,1553191,si,සෙක්ලින්
119595764,1553192,si,සේචින්
119595841,1553193,si,සෙචිලියන්
119595995,1553195,si,සෙචෙවාල්
119596149,1553197,si,සෙචෙරස්
119596303,1553199,si,සෙචෝල්ට්
119596534,1553202,si,සෙසනන්ස්
119596611,1553203,si,සෙබි
119596688,1553204,si,සෙබ්රාසාක්
119596765,1553205,si,සෙබුවිල්
119596919,1553207,si,සේබර්ග්
119596996,1553208,si,සෙබන්කෝට්
119597227,1553211,si,සෙබකෝට්
119597304,1553212,si,සෙබසාක්-කොන්කෝර්ස්
119597381,1553213,si,සීල්ස්
119597458,1553214,si,ස්කයි
119597535,1553215,si,ස්කයි-චැසෙල්ස්
119597612,1553216,si,ස්ක් රප්ට්
119597766,1553218,si,ස්ක්රිග්නැක්
119597997,1553221,si,ස්කෝර්බ් ක්ලෙයාර්වොක්ස්
119598074,1553222,si,ස්කොල්කා
119598151,1553223,si,සයන්සියර්
119598228,1553224,si,ස්චිල්ලේ
119598305,1553225,si,\N
119598459,1553227,si,කිඑන්ත්රිඑර්
119598536,1553228,si,විද් යාව
119598613,1553229,si,ස්වොබ්ස්හයිම්
119598690,1553230,si,ස්වොබන්
119598767,1553231,si,ස්වින්ඩ් රාට්ස්හයිම්
119598844,1553232,si,ස්ච්වෙයෙන්
119598921,1553233,si,ෂ්වර්ඩෝෆ්
119598998,1553234,si,ෂ්වෙන්හයිම්
119599075,1553235,si,ස්විග්හවුස්-තන්
119599152,1553236,si,ස්විග්හවුස්-සර්-මොඩර්
119599306,1553238,si,ෂ්වාබ්විලිලර්
119599460,1553240,si,ස්කෝර්බාක්
119599537,1553241,si,ෂොපර්ටන්
119599614,1553242,si,ස්කෙන්බර්ග්
119599691,1553243,si,ෂෝනෙක්
119599768,1553244,si,ෂෝන්බර්ග්
119599845,1553245,si,ෂෝනාවු
119599922,1553246,si,ස්නර්ෂයිම්
119599999,1553247,si,ස්නෙක්න්බුෂ්
119600076,1553248,si,ෂ්මිට්විලර්
119600153,1553249,si,ස්ලියර්බාක්
119600230,1553250,si,ෂ්ලෙයිතාල්
119600307,1553251,si,ස්චිර්ර්හොෆ්ෆෙන්
119600384,1553252,si,චිර්ර්හෙඉන්
119600461,1553253,si,චාමේහ්
119600538,1553254,si,ෂිල්ටිහයිම්
119600615,1553255,si,ෂිලර්ස්ඩෝෆ්
119600769,1553257,si,ස්චේර්විල්ලෙර්
119600846,1553258,si,චෙර්ලෙන්හෙඉම්
119600923,1553259,si,චෙඉබෙන්හර්ද
119601077,1553261,si,ෂල්කෙන්ඩෝෆ්
119601154,1553262,si,ස්චල්බච්
119601231,1553263,si,ෂාෆ්හවුස්-සර්-සෝර්න්
119601308,1553264,si,ෂාෆ්හවුස් ප් රෙස් සෙල්ට්ස්
119601385,1553265,si,චැෆ්ෆෙර්ශෙඉම්
119601462,1553266,si,ස්චෙය්-සුරැ-සොනේ-එට්-සින්ට්-අල්බින්
119601539,1553267,si,ස්චෙය්-ඓසිඑරෙස්
119601693,1553269,si,කෙඖෂ්-සුරැ-හුඉස්නේ
119601770,1553270,si,සීක්ස්-ඩු-ගටිනාස්
119601847,1553271,si,සීක්ස්-ඩි ඇන්ජු
119601924,1553272,si,\N
119602001,1553273,si,\N
119602078,1553274,si,ස්කවුට් රස්
119602155,1553275,si,\N
119602463,1553279,si,බියකරු
119602540,1553280,si,සසෝස්
119602617,1553281,si,සසිලි
119602694,1553282,si,සසෙරෙට්
119602771,1553283,si,\N
119602848,1553284,si,සසේ
119602925,1553285,si,සයත්
119603079,1553287,si,සැක්සන්-සියොන්
119603156,1553288,si,සක්සි-බෝර්ඩන්
119603233,1553289,si,සැක්සෙල්
119603310,1553290,si,සැවි-බර්ලට්
119603387,1553291,si,සැවි
119603541,1553293,si,සැවොයෝ
119603618,1553294,si,සැවෝර්නොන්
119603695,1553295,si,සැවෝජ්ස්
119603849,1553297,si,සැවොනියර්ස්-එන්-පර්ටෝයිස්
119603926,1553298,si,සැවොනියර්ස්-ඩෙවන්ට්-බාර්
119604003,1553299,si,සැවෝනියර්ස්
119604080,1553300,si,සැවොල්ස්
119604157,1553301,si,සැවොයිසි
119604234,1553302,si,සැවොයිලන්
119604388,1553304,si,සවින්ස්
119604465,1553305,si,සවිනෙස්-ලේ-ළක්
119604542,1553306,si,ස්කාර්විල්
119604619,1553307,si,සැවිග්නි-සර්-සයිල්
119604696,1553308,si,සැවිග්නි-සර්-ඔර්ජ්
119604773,1553309,si,සැවිග්නි-සර්-ග් රොස්නි
119604850,1553310,si,සැවිග්නි-සර්-ක්ලෙයාරිස්
119604927,1553311,si,සැවිග්නි-සර්-බ් රේ
119605004,1553312,si,සැවිග්නි-සර්-ආර්ඩ් රස්
119605081,1553313,si,සැවිග්නි-සර්-අයිස්නි
119605158,1553314,si,සැවිග්නි-සූ-මලයින්
119605235,1553315,si,සැවිග්නි-සෝ-ෆේ
119605312,1553316,si,සැවිග්නි-පොයිල්-ෆෝල්
119605389,1553317,si,සැවිග්නි-ලෙ-වික්ස්
119605466,1553318,si,සැවිග්නි-ලෙව්ස්කෝල්ට්
119605543,1553319,si,සැවිග්නි-ලෙ-ටෙම්ප්ල්
119605620,1553320,si,සැවිග්නි ලෙ සෙක්
119605697,1553321,si,සැවිග්නි ලෙස් බෝන්
119605851,1553323,si,සවිග්න්ය්-එන-වෙරෝන්
119605928,1553324,si,සැවිග්නි-එන්-ටෙරේ-ප්ලේන්
119606005,1553325,si,සැවිග්නි-එන්-සෙප්ටයින්
119606082,1553326,si,සැවිග්නි-එන්-සැන්සර්
119606159,1553327,si,සැවිග්නි-එන්-රෙවර්මොන්ට්
119606236,1553328,si,සවිග්නි
119606313,1553329,si,සවිග්නි
119606467,1553331,si,සවිග්නි
119606698,1553334,si,සවිග්නි
119606775,1553335,si,සවිග්නි
119606852,1553336,si,සවිග්නීස්
119606929,1553337,si,සැවිග්නොක්ස්
119607006,1553338,si,සැවිග්නොක්ස්
119607083,1553339,si,සැවින්-සර්-ලතාන්
119607160,1553340,si,සැවින්-සෝස්-ලෙ-ලුඩ්
119607237,1553341,si,සැවින්-එල්-එව්ක්
119607314,1553342,si,සවිග්නේ
119607468,1553344,si,සවිඤ්ඤාර්ගුස්
119607545,1553345,si,සැවිග්නාක්-ඩි-අයිල්
119607622,1553346,si,සැවිග්නාක්-සර්-ලේස්
119607699,1553347,si,සැවිග්නැක්-මෝනා
119607776,1553348,si,සැවිග්නාක් ලෙස් ඕර්මෝ
119607853,1553349,si,සැවිග්නාක් ලෙස් එග්ලිස්
119607930,1553350,si,සැවිග්නාක් ලෙඩ් රියර්
119608007,1553351,si,සැවිග්නාක්-ඩි-නොන්ට් රෝන්
119608084,1553352,si,සැවිග්නාක්-ඩි-මිරෙමොන්ට්
119608161,1553353,si,සැවිග්නාක් ඩි ඩූරාස්
119608392,1553356,si,සැවිග්නැක්
119608546,1553358,si,සැවිග්නැක්
119608623,1553359,si,සැවිග්නැක්
119608700,1553360,si,සැවිග්නා
119608777,1553361,si,සේවියර්ස්
119608854,1553362,si,සැවියන්ජස්
119608931,1553363,si,සවෙඋසේ
119609085,1553365,si,සවර්න්
119609316,1553368,si,ඉතිරිකරන්නන්
119609393,1553369,si,සවර්ඩුන්
119609470,1553370,si,සවෙනියර්ස්
119609547,1553371,si,සැවන්ස්
119609624,1553372,si,සැවන්ස්
119609701,1553373,si,සවෙනෙස්
119609778,1553374,si,සැවේනායි
119610086,1553378,si,සවැස්සේ
119610163,1553379,si,සවාස්
119610240,1553380,si,සවාස්
119610317,1553381,si,සවර්තෙස්
119610471,1553383,si,සෝසන්
119610548,1553384,si,සෝස්-වවුසයිස්
119610856,1553388,si,සෝසෙට්
119610933,1553389,si,සෝසෙට්
119611010,1553390,si,සෝසෙට්
119611241,1553393,si,සෝසෙල්ස්
119611318,1553394,si,සෝස්
119611472,1553396,si,සක්සිලන්ජස්
119611549,1553397,si,සෝස් සහ පොමරේඩ්
119611703,1553399,si,සෝක්ස්
119611857,1553401,si,සව්වෝයි
119612011,1553403,si,සෝවිලර්ස්-මොංගිවල්
119612088,1553404,si,සෝවිල්
119612165,1553405,si,සෝවිල්
119612242,1553406,si,සෝවිග්නි ලෙස් බොයිස්
119612319,1553407,si,සෝවිග්නි-ලෙ-බොයිස්
119612396,1553408,si,සෝවිග්නි-ලෙ-බියුරල්
119612473,1553409,si,සව්විග්නි
119612781,1553413,si,සෝවිග්නි ලෙස් පෙස්ම්ස්
119612858,1553414,si,සෝවිග්නි-ලෙස්-ග්රේ
119612935,1553415,si,සෝවිග්නැක්
119613012,1553416,si,සෝවියාට්-සර්-විග්
119613089,1553417,si,සෞවිඅට්
119613166,1553418,si,අව්ලියන්
119613243,1553419,si,සෝවියාක්
119613320,1553420,si,සෝවියාක්
119613397,1553421,si,සෝවෙටර්-සෙන්ට්-ඩෙනිස්
119613474,1553422,si,සෝවෙටර් ලා ලෙමන්ස්
119613551,1553423,si,සෝවෙටර්-ඩි-රූර්ග්
119613628,1553424,si,සෝවෙටර් ඩි ගයෙනේ
119613782,1553426,si,සෞවෙටෙර්රේ
119613859,1553427,si,සෞවෙටෙර්රේ
119613936,1553428,si,සෞවෙටෙර්රේ
119614013,1553429,si,සෞවෙටෙර්රේ
119614090,1553430,si,සෞවෙටෙර්රේ
119614167,1553431,si,සෝවෙටර් ඩි බර්න්
119614244,1553432,si,සෞවෙටෙර්රේ-දේ-චොම්මින්ගේස්
119614321,1553433,si,සෝව්සැන්ජස්
119614475,1553435,si,සවර්නි
119614552,1553436,si,සෝවෙලාඩ්
119614860,1553440,si,\N
119615014,1553442,si,සෝවාට්
119615322,1553446,si,සෝවායින්
119615399,1553447,si,සවාග්නි
119615553,1553449,si,ට්සුවානෝ
119615630,1553450,si,සෝවාග්නි
119615707,1553451,si,සෝවාග්නාට්-සෙන්ට්-මාර්ත්
119615861,1553453,si,සව්වග්නාට්
119615938,1553454,si,සෝවාග්නාස්
119616015,1553455,si,සෝවාග්නැක්
119616246,1553458,si,සෝවේජ්-මැග්නි
119616708,1553464,si,සෝට්රෝන්
119617016,1553468,si,සවුටෝ
119617093,1553469,si,සවුටේරාග්ස්
119617170,1553470,si,සෝටර්නස්
119617324,1553472,si,සෞටෙල්
119617478,1553474,si,සවුසි
119617632,1553476,si,සෞස්සිනෙස්
119617709,1553477,si,සෝසිග්නාක්
119617786,1553478,si,සවුසි
119617863,1553479,si,සවුසි
119617940,1553480,si,සෝසෙස්මේර්-එන්-කොක්ස්
119618248,1553484,si,සෞස්සෙට්-ලෙස-පින්ස්
119618325,1553485,si,සසෙක්ස්
119618402,1553486,si,සෝසන්ස්
119618479,1553487,si,සොසෙනැක්
119618556,1553488,si,සෝස්මෙස්නිල්
119618633,1553489,si,සෝසේ ලා කැම්පේන්
119618710,1553490,si,\N
119618787,1553491,si,\N
119618864,1553492,si,සාස්ටවුන්
119618941,1553493,si,සෞෂයිම්
119619095,1553495,si,සයුරියර්
119619172,1553496,si,සෝරට්-බෙසර්ව්
119619249,1553497,si,සෞරට්
119619326,1553498,si,සෞරයිස්
119619403,1553499,si,සෝක්විල්
119619557,1553501,si,සෝනියර්ස්
119619634,1553502,si,සෞනය්
119619711,1553503,si,සෝමූර්
119619788,1553504,si,සෞමොස්
119619865,1553505,si,සෝමොන්ට් ලා පොටෙරි
119619942,1553506,si,සෝමන්ට්
119620019,1553507,si,සෞමෙරය්
119620173,1553509,si,සෞමේජන්
119620250,1553510,si,සෝමාන් ඩි වොක්ලූස්
119620327,1553511,si,සෞමනේ
119620404,1553512,si,සෞමනේ
119620481,1553513,si,\N
119620558,1553514,si,සෝල්සෙට් ලෙ ෆ් රොයිඩ්
119620712,1553516,si,සෝල්සෙට්
119620789,1553517,si,සෝල්සයිස්-ලෙ-පොටියර්
119620866,1553518,si,සෝල්ක්සූරස්-සර්-මොසෙලෝට්
119620943,1553519,si,සෝල්ක්සූරස් ලෙස් වැනේස්
119621020,1553520,si,සෝල්ක්සර්ස් ලෙස් නැන්සි
119621097,1553521,si,සෝල්ක්සූරස්-ලෙස්-බල්ග්නිවිල්
119621174,1553522,si,ඖල්ෂුරෙස්
119621251,1553523,si,ඖල්ෂුරෙස්
119621405,1553525,si,සෝල්ක්ස්-මාර්චේස්
119621482,1553526,si,සෝල්ක්ස් ලෙස් චාට් රොක්ස්
119621559,1553527,si,සෝල්ක්ස් ලෙ ඩක්
119621713,1553529,si,සෝල්ක්සෙරෝට්
119621790,1553530,si,සෝල්ක්ස් ලෙස් චැම්ප්ලන්
119621867,1553531,si,සෝල්වෝක්ස්
119621944,1553532,si,සෝල්ක්ස්
119622098,1553534,si,සෝල්ට්-සාන්ත-රෙමී
119622175,1553535,si,සෝල්ට්-ලෙස්-රෙතෙල්
119622252,1553536,si,සෞල්ට්
119622329,1553537,si,සෝල්ට් ඩි නවායිල්ස්
119622483,1553539,si,සෝල්ට්-බ්‍රෙනාස්
119622560,1553540,si,සෞල්ටින්
119622637,1553541,si,සෝලන් ලා රූ
119622714,1553542,si,සෝලන් ලා චැපෙල්
119622791,1553543,si,සෞල්න්ය්
119622868,1553544,si,සෝල්නොට්
119622945,1553545,si,සෝල්නියර්ස්
119623022,1553546,si,සෝල්නියර්ස්
119623176,1553548,si,සෞල්නෙස්
119623253,1553549,si,ස්ටාකුනායි
119623330,1553550,si,සෝල්මෝරි සහ විල්ෆ් රාන්ෂ්
119623407,1553551,si,සෞල්ලෙස්
119623484,1553552,si,සෝලියු
119623561,1553553,si,සෝලියාක්-සර්-සෙලේ
119623715,1553555,si,සෝල්ගොන්ඩ්
119623792,1553556,si,සෞල්ගේස්
119623869,1553557,si,සෝල්ජ්-එල් හොපිටල්
119623946,1553558,si,සෝල්ජ්
119624023,1553559,si,සෝල්ස්
119624100,1553560,si,සෝල්ස්
119624177,1553561,si,සෝල්සි-සර්-මර්ත්
119624254,1553562,si,සෝල්සි
119624485,1553565,si,සාවුල්චෝයි
119624562,1553566,si,සෝල්චරි
119624639,1553567,si,සෝල්සෙට්
119624716,1553568,si,සෝල්ස්-සර්-රෝන්
119624793,1553569,si,සෝල්ස්-මොන්ක්ලින්
119624870,1553570,si,සෝල්ස්-චැම්පෙනොයිස්
119624947,1553571,si,සවුජොන්
119625101,1553573,si,සවුජැක්
119625255,1553575,si,සෞගි
119625332,1553576,si,සවුගුයිස්
119625409,1553577,si,සෝගස්
119625486,1553578,si,සෝගන්
119625640,1553580,si,සෝග්නැක්
119625717,1553581,si,සෝග්නාක් සහ කැම්බ් රාන්
119626025,1553585,si,\N
119626179,1553587,si,සෞඩ්‍රප්ට්
119626410,1553590,si,සාඩෝ
119626487,1553591,si,සෝඩ්මොන්ට්
119626641,1553593,si,සෝකෝර්ට්-සර්-රොග්නොන්
119626795,1553595,si,සෝක්ලියර්ස්
119626872,1553596,si,සෝචි ලෙස්ට් රී
119626949,1553597,si,\N
119627026,1553598,si,සවුචේ
119627103,1553599,si,සෝස්ඩ්
119627180,1553600,si,සෞචාට්ස්
119627257,1553601,si,සෞබුස්සේ
119627334,1553602,si,සෝබ්රිගස්
119627411,1553603,si,සෞබෝලේ
119627488,1553604,si,සෞබිඔන්
119627565,1553605,si,සෝබන්ස්
119627642,1553606,si,සටුරර්ගුඑස්
119627719,1553607,si,සතෝලාස් සහ බොන්ස්
119627873,1553609,si,සැටිලියු
119627950,1553610,si,සතොනේ-ගම
119628027,1553611,si,සැතෝනේ-කඳවුර
119628104,1553612,si,සසී
119628258,1553614,si,සසිස්
119628335,1553615,si,සැසිජර්ස්-සෙන්ට් ජර්මන්
119628412,1553616,si,සසී-සර්-මෝස්
119628489,1553617,si,සසී
119628566,1553618,si,සසෙවිල්
119628643,1553619,si,සසෙටෝ-ලෙ-මොකොන්ඩියුට්
119628720,1553620,si,සසෙටෝ-ලෙ-මල්ගාඩ්
119628797,1553621,si,සසේනේ
119628874,1553622,si,සැසෙන්ජ්
119628951,1553623,si,සසෙග්නිස්
119629028,1553624,si,සස්සය්
119629105,1553625,si,සියා සංග්
119629336,1553628,si,සස්නියර්ස්
119629413,1553629,si,\N
119629567,1553631,si,\N
119629721,1553633,si,සර්ට්රෝවිල්
119629798,1553634,si,සාර්ටන්
119629875,1553635,si,සාර්ටිලි
119629952,1553636,si,සාර්ටෙස්
119630029,1553637,si,සාර්ටීන්
119630106,1553638,si,සාර්ස්-පොටරිස්
119630260,1553640,si,සාර්ස්-ලෙ-බොයිස්
119630337,1553641,si,සරස්-එට්-රෝසිඑරෙස්
119630414,1553642,si,ස්කාරෝ
119630491,1553643,si,ස්කාරෝ
119630568,1553644,si,ස්කාරෝ
119630722,1553646,si,සර්රොක්ස්
119630876,1553648,si,සර්රොයිල්ස්
119631107,1553651,si,සර්රොන්
119631184,1553652,si,සර්රෝලා
119631261,1553653,si,සර්රෝග්නා
119631415,1553655,si,සරිග්නේ
119631492,1553656,si,සාරියන්ස්
119631569,1553657,si,සාරියාක් බිගෝර්
119631646,1553658,si,සර්රෙය්
119631723,1553659,si,සර්වර්ඩන්
119631800,1553660,si,සාරේ-යුනියන්
119631954,1553662,si,සාරෙමේසාන්
119632031,1553663,si,සර්රීන්ස්මිං
119632185,1553665,si,සාරෙගුමින්ස්
119632262,1553666,si,සර්රෙකේව්
119632339,1553667,si,සාරෙබර්ග්
119632570,1553670,si,සාරසයිට්
119632647,1553671,si,සර්රාසාක්
119632724,1553672,si,සර්රාසාක්
119632878,1553674,si,සර්රාස්
119632955,1553675,si,සාරාන්ට්
119633109,1553677,si,සර්රන්කොලින්
119633186,1553678,si,සරොන්
119633263,1553679,si,සර්රන්
119633417,1553681,si,සර්රල්ට්‍රොෆ්
119633494,1553682,si,සර්රල්බේ
119633571,1553683,si,සරගුසන්
119633725,1553685,si,සාරගාචි
119633802,1553686,si,සර්පූරන්ක්ස්
119633879,1553687,si,සර්ප්
119633956,1553688,si,සාරොන්-සර්-ඕබේ
119634187,1553691,si,සර්නොයිස්
119634341,1553693,si,සර්නිගුට්
119634572,1553696,si,සර්ලියාක්-සර්-අයිල්
119634649,1553697,si,සාරලට් ලා කැනඩා
119634726,1553698,si,සාරලට්
119634880,1553700,si,සර්ලන්දේ
119634957,1553701,si,සර්ලබස්
119635034,1553702,si,සාරී ද ඕර්සිනෝ
119635111,1553703,si,සාරි-සොලෙන්සාරා
119635188,1553704,si,සරියාක්-මැග්නොක්
119635342,1553706,si,සර්ජ්-සර්-බ්‍රේ
119635419,1553707,si,සාජන් ලෙස් ලෙස් මෑන්ස්
119635496,1553708,si,සාරේ
119635573,1553709,si,සාර්ඩි ලෙස් එපිරි
119635727,1553711,si,සර්ඩොන්
119635958,1553714,si,සර්ඩියු
119636112,1553716,si,සාර්ඩන්ට්
119636189,1553717,si,සර්දාන්
119636266,1553718,si,සාර්සි
119636343,1553719,si,සර්කස්
119636420,1553720,si,සාර්කෝස්
119636497,1553721,si,සාර්සිකෝට්
119636574,1553722,si,\N
119636651,1553723,si,\N
119636805,1553725,si,සර්සෙනාස්
119636959,1553727,si,සර්සෙල්ලස්
119637036,1553728,si,\N
119637113,1553729,si,සාර්ස්
119637190,1553730,si,සර්බසාන්
119637421,1553733,si,සරන්
119637498,1553734,si,සැමන්
119637652,1553736,si,සැපෝන්කෝට්
119637729,1553737,si,සපොනායි
119637806,1553738,si,සපොයිස්
119637883,1553739,si,සපොයිස්
119637960,1553740,si,සපෝන්-සර්-මාර්ච්
119638037,1553741,si,සපොගනේ-එට්-ෆෙඋචේරෙස්
119638114,1553742,si,සපිග්නීස්
119638191,1553743,si,සපිග්නිකෝට්
119638499,1553747,si,සවු
119638576,1553748,si,සෝස්නස්
119638653,1553749,si,සොර්ගේ
119638730,1553750,si,සෝනෙට්
119638807,1553751,si,සෝන්
119638884,1553752,si,සෝන්
119638961,1553753,si,\N
119639192,1553756,si,සැන්ක්සේ
119639269,1553757,si,සැන්විග්නස් ලෙස් මයින්ස්
119639500,1553760,si,සංවෙන්සා
119639577,1553761,si,සැන්ට්රේන්ජස්
119639731,1553763,si,සැන්ටෝ පියෙට් රෝ ඩි වෙනකෝ
119639808,1553764,si,සැන්ටෝ පියෙට් රෝ ඩි ටෙන්ඩා
119639885,1553765,si,සන්තෝචේ
119640039,1553767,si,සැන්ටිලි
119640116,1553768,si,සැන්ටිලි
119640193,1553769,si,ශාන්තිග්නි
119640270,1553770,si,සැන්ටියුයිල්
119640347,1553771,si,සැන්ටියුයිල්
119640424,1553772,si,සැන්ටෙස්
119640501,1553773,si,සැන්ටේනි
119640578,1553774,si,සැන්ටෙනෝජ්
119640655,1553775,si,සන්ටෙනේ
119640732,1553776,si,සන්ටෙනේ
119640809,1553777,si,සැන්ටෙක්
119640886,1553778,si,\N
119641117,1553781,si,සැන්ටා-රෙපරතා-ඩි-බාලග්නා
119641271,1553783,si,සැන්ට් ඇන්ටෝනිනෝ
119641348,1553784,si,සැන්ටන්ස්
119641425,1553785,si,සැන්ට් ඇන්ඩ් රියා-ඩි ඕර්සිනෝ
119641579,1553787,si,සැන්ට් ඇන්ඩ් රියා-ඩි-කොටෝන්
119641656,1553788,si,සැන්ටා-මරියා-සිචේ
119641733,1553789,si,සැන්ටා-මරියා-පොජියෝ
119641887,1553791,si,සැන්ටා-මරියා
119641964,1553792,si,සැන්ටා-මරියා-ඩි-ලෝටා
119642118,1553794,si,සෛන්ටේ-ළුකිඑ-දේ-ටල්ලනෝ
119642195,1553795,si,සැන්ටා-ලුසියා-ඩි-මොරියානි
119642272,1553796,si,සැන්ටා-ලුසියා-ඩි-මර්කුරියෝ
119642349,1553797,si,සැන් කැලිස්ටෝ
119642426,1553798,si,කර්මාන්තය
119642503,1553799,si,සැන්සාක් එල් එග්ලිස්
119642580,1553800,si,සන්සිස්
119642657,1553801,si,සැන්සාක්-වයිනාසස්
119642734,1553802,si,සැන්සාක් ඩි මාර්මිස්
119643042,1553806,si,සැන්රි-සර්-නයිඩ්
119643119,1553807,si,සැන්රි ලෙස් විගි
119643196,1553808,si,සනෝස්
119643273,1553809,si,සන්නොයිස්
119643350,1553810,si,සැන්-නිකොලාඕ
119643427,1553811,si,සන්නේස්
119643504,1553812,si,සැනර්විල්
119643581,1553813,si,සන්නත්
119643735,1553815,si,සැන් මාර්ටිනෝ-ඩි-ලොටා
119643812,1553816,si,සැන්-ලොරෙන්සෝ
119644043,1553819,si,සනිල්හක්
119644120,1553820,si,සන්ගුයිනෙට්
119644505,1553825,si,සැන්-ගියුලියානෝ
119644582,1553826,si,සැන් ජොවානි ඩි මොරියානි
119644736,1553828,si,සංඝේන්
119644890,1553830,si,සැන්-ගවිනෝ-ඩි-ටෙන්ඩා
119644967,1553831,si,සැන් ගැවිනෝ-ඩි-ෆියුමෝර්බෝ
119645044,1553832,si,සැන් ගැවිනෝ-ඩි-කාබිනි
119645198,1553834,si,සංගට්ටේ
119645275,1553835,si,සැන්ඩ්‍රන්ස්
119645429,1553837,si,සැන්ඩෝවිල්
119645506,1553838,si,සැන්ඩිලන්
119645583,1553839,si,සන්ඩෝකෝට්
119645660,1553840,si,සැන්ඩර්විල්
119645814,1553842,si,වැලි
119645891,1553843,si,සැන්සි ලෙස් ප් රොවින්ස්
119645968,1553844,si,සැන්සි
119646045,1553845,si,සැන්සි-ලෙස්-කෙමිනොට්ස්
119646122,1553846,si,සැන්සි
119646276,1553848,si,සැන්කෝර්ට්
119646353,1553849,si,සැන්කෝර්ට්
119646430,1553850,si,සැන්කෝර්ට්
119646507,1553851,si,සැන්කොයින්
119646584,1553852,si,සන්චේ
119646661,1553853,si,සැන්චෙවිල්
119646738,1553854,si,සැන්සි-ලෙ-ලෝන්ග්
119646815,1553855,si,සැන්සි-ලෙ-ග්රෑන්ඩ්
119646892,1553856,si,සැන් එන්රික්
119646969,1553857,si,සැන්සර්ගස්
119647123,1553859,si,සැන්ස්
119647277,1553861,si,සනර්ය්-සුරැ-මේර
119647354,1553862,si,සනා
119647585,1553865,si,සැම්සන්ස්-සිංහයා
119647662,1553866,si,සැම්සන්
119647739,1553867,si,සන්සන්
119647816,1553868,si,සැම්ප්සන්
119647893,1553869,si,සම්පොලෝ
119647970,1553870,si,සම්පොලෝ
119648047,1553871,si,සැම්පිග්නි-ලෙස්-මාරන්ජස්
119648124,1553872,si,සැම්පිග්නි
119648201,1553873,si,පම්පාස්
119648355,1553875,si,සමොඋස්ස්ය්
119648432,1553876,si,සමූයිලන්
119648509,1553877,si,සමෝරෝ
119648586,1553878,si,සමෝනාක්
119648663,1553879,si,සැමොයිස්-සර්-සෙයින්
119648817,1553881,si,සමෝග්නාට්
119648894,1553882,si,සමෝන්ස්
119648971,1553883,si,සැමෙරොන්
119649048,1553884,si,සමර්කෝල්ස්
119649279,1553887,si,සමානයි
119649356,1553888,si,සමේරි
119649433,1553889,si,සමර්
119649510,1553890,si,සමියොන්
119649587,1553891,si,සම්බෝර්ග්
119649664,1553892,si,සම්බින්
119649741,1553893,si,සමසාන්
119649818,1553894,si,සමටන්
119649895,1553895,si,සමරන්
119649972,1553896,si,සමන්
119650049,1553897,si,සමදේට්
119650126,1553898,si,සල්සුයිට්
119650357,1553901,si,සැල්විසිනෙට්
119650434,1553902,si,සැල්වියාක්
119650588,1553904,si,සැල්වෙසීන්
119650896,1553908,si,සැල්වැග්නැක්-කජාර්ක්
119650973,1553909,si,සැල්වැග්නැක්
119651204,1553912,si,ලුණු-එන්-ඩොන්සි
119651281,1553913,si,සල්සිග්නේ
119651512,1553916,si,සැල්පර්වික්
119651743,1553919,si,සලුවෙල්
119651820,1553920,si,සාලෝර්නායි-සර්-ගුයි
119651897,1553921,si,සැලෝන්ස්
119651974,1553922,si,සැලෝන්-ලා-ටුවර්
119652051,1553923,si,සැලෝන් ඩි ප් රොවෙන්ස්
119652128,1553924,si,සැලෝන්
119652205,1553925,si,සැලෝන්
119652436,1553928,si,සලෝමි
119652667,1553931,si,සල්මිච්
119652744,1553932,si,සල්ම්බාක්
119652821,1553933,si,සල්මයිස්
119652898,1553934,si,සල්මග්නේ
119653052,1553936,si,සාලෙස්-සර්-මර්
119653129,1553937,si,සාලෙස්-සර්-එල්-හර්ස්
119653206,1553938,si,සාලෙස්-සර්-ගාරොන්
119653283,1553939,si,සාලෙස්-සෝ-බොයිස්
119653360,1553940,si,සාලෙස්පිස්
119653437,1553941,si,සාලෙස්-මොන්ගිස්කාර්ඩ්
119653514,1553942,si,සාලෙස්-ලෙස්-ඔල්නායි
119653591,1553943,si,සාලෙස්-ලාවාලෙට්
119653668,1553944,si,සාලෙස්-ලා-සෝර්ස්
119653899,1553947,si,සාලෙස්-ඩි-විල්ෆැග්නන්
119653976,1553948,si,සාලෙස්-ඩි-බෙල්ව්ස්
119654053,1553949,si,සාලෙස්-ඩි-බාර්බෙසියෝ
119654130,1553950,si,සාලෙස්-ඩී-ඕඩ්
119654207,1553951,si,සාලෙස්-ඩර්මාග්නාක්
119654284,1553952,si,සාලෙස්-ඩී-ඇන්ජල්ස්
119654361,1553953,si,සාලෙස්-කුරාන්
119654438,1553954,si,සාලෙස්-කෝර්බටිස්
119654515,1553955,si,සාලෙස්-අඩෝර්
119654823,1553959,si,විකුණුම්
119654900,1553960,si,විකුණුම්
119654977,1553961,si,විකුණුම්
119655054,1553962,si,විකුණුම්
119655131,1553963,si,සැලර්ටයින්
119655208,1553964,si,සැලෙනොව්ස්
119655285,1553965,si,සැලෙනෙල්ස්
119655439,1553967,si,සැලන්
119655516,1553968,si,සාලෙල්ස්-ඩී-ඕඩ්
119655593,1553969,si,සාලෙල්ස්-කබාර්ඩ්ස්
119655670,1553970,si,සැලෙඩේස්
119655824,1553972,si,සාලෙබෝෆ්
119655978,1553974,si,සලාම්යින්
119656132,1553976,si,සාලන්ච්ස්
119656209,1553977,si,සල්ලාග්රිෆෝන්
119656286,1553978,si,බියගුල්ලෙක්
119656363,1553979,si,සාලින්ස් ලෙස් තර්ම්ස්
119656440,1553980,si,සාලින්ස් ලෙස් බේන්ස්
119656517,1553981,si,සේලින්
119656594,1553982,si,සේලින්
119656748,1553984,si,සේලිනෙල්ස්
119656825,1553985,si,සාලින්ද්‍රෙස්
119657210,1553990,si,සාලිගෝස්
119657287,1553991,si,සාලිග්නි-සර්-රූඩන්
119657364,1553992,si,සාලිග්නි-ලෙ-විෆ්
119657518,1553994,si,සාලිනි
119657595,1553995,si,සාලිනි
119657826,1553998,si,සාලිග්නි
119657903,1553999,si,අලිග්නක්-සුරැ-චරෙන්ටේ
119657980,1554000,si,සාලිග්නාක්-ඩි-මිරම්බෝ
119658057,1554001,si,සැලිග්නැක්
119658134,1554002,si,අලිග්නක්-එය්විගුඑස්
119658288,1554004,si,සැලිග්නැක්
119658365,1554005,si,සලිඑස්-දු-සලට්
119658442,1554006,si,සලිඑස්-දේ-බෙඅර්න්
119658519,1554007,si,සාලිස්
119658596,1554008,si,සලිඑර්ස්
119658673,1554009,si,සැලිසෙටෝ
119658750,1554010,si,සාලියානෝ
119658981,1554013,si,සාලියු
119659135,1554015,si,සැලෙට්ස්
119659212,1554016,si,සැලෙට්ස්
119659366,1554018,si,සලේස්චෙස්
119659443,1554019,si,විකුණුම්
119659520,1554020,si,ෂුයිලර් ඇල්ල
119659597,1554021,si,සලේර්නෙස්
119659674,1554022,si,සල්හර්ම්
119659751,1554023,si,සැලරන්ස්
119659828,1554024,si,සැලොන්
119659905,1554025,si,සැලෙන්තල්
119659982,1554026,si,සලේන්ච්ය්
119660136,1554028,si,සේලෙයිල්ස්
119660213,1554029,si,සේලයින්ස්
119660290,1554030,si,සාලෙයිච්
119660444,1554032,si,සලේචන්
119660598,1554034,si,සල්සෙස්-ලෙ-චැටෝ
119660675,1554035,si,සල්බ්රිස්
119660752,1554036,si,සල්බට්
119660829,1554037,si,සලාසාක්
119660983,1554039,si,සාලව්රේ
119661137,1554041,si,සලවාස්
119661214,1554042,si,සලාවුන්ස්
119661368,1554044,si,සලාස්ක්
119661522,1554046,si,සලාන්ස්
119661676,1554048,si,සලිසේ-සුරැ-සන්නේ
119661753,1554049,si,සලාග්නොන්
119661907,1554051,si,සලාග්නැක්
119662061,1554053,si,සජාස්
119662138,1554054,si,සයිසි
119662215,1554055,si,සයිසෙරායිස්
119662292,1554056,si,සයිසේනයි
119662446,1554058,si,සයික්ස්
119662523,1554059,si,සයික්ස්
119662600,1554060,si,සෛව්රෙස්
119662677,1554061,si,සයිසි
119662754,1554062,si,සයිසෙවල්
119662831,1554063,si,සයිසාක්
119662908,1554064,si,සෛරෙස්-ල-එර්රෙරිඑ
119662985,1554065,si,\N
119663062,1554066,si,සේන්විල්
119663139,1554067,si,ශාන්ත-සැකරි
119663216,1554068,si,ශාන්ත යසාන්ස්-ඩි-මෙඩොක්
119663293,1554069,si,ශාන්ත යසාන්-ඩි-සුඩියාක්
119663370,1554070,si,ශාන්ත-වයිවි
119663447,1554071,si,ශාන්ත-ඉවෝයින්
119663678,1554074,si,ශාන්ත-යිතායර්
119663755,1554075,si,ශාන්ත යිරික්ස්-සර්-ෂාරන්ට්
119663832,1554076,si,ශාන්ත යිරික්ස්-සෝස්-අයික්ස්
119663909,1554077,si,සෙන්ට්-යිරික්ස්-ලෙස්-බොයිස්
119663986,1554078,si,ශාන්ත යිරික්ස්-ලෙ-ඩෙජලාට්
119664063,1554079,si,ශාන්ත යිරික්ස් ලා පර්චේ
119664140,1554080,si,ශාන්ත යිරික්ස් ලා මොන්ටාන්
119664217,1554081,si,ශාන්ත-යෝරේ
119664294,1554082,si,ශාන්ත-යොන්
119664448,1554084,si,ශාන්ත ඉබාර්ස්
119664525,1554085,si,ශාන්ත ඉබාර්ඩ්
119664602,1554086,si,ශාන්ත-යාන්
119664679,1554087,si,සින්ට්-යගුඑන්
119664833,1554089,si,ශාන්ත-ක්සැන්ඩ්රේ
119664910,1554090,si,ශාන්ත-විට්ස්
119664987,1554091,si,ශාන්ත වැන්ඩ් රිල්-රැන්කොන්
119665064,1554092,si,ශාන්ත-වස්ට්
119665218,1554094,si,ශාන්ත-වුල්බාස්
119665295,1554095,si,ශාන්ත-ව්රන්
119665372,1554096,si,ශාන්ත-ව්රේන්
119665449,1554097,si,ශාන්ත-ව්රේන්
119665526,1554098,si,සින්ට්-වොඋගය්
119665603,1554099,si,ශාන්ත-වොයර්
119665680,1554100,si,සින්ට්-විවිඑන්-දේ-මොන්සේගුර්
119665757,1554101,si,ශාන්ත-විවියන්-ඩි-මෙඩොක්
119665834,1554102,si,ශාන්ත විවියන්-ඩි-බ්ලේ
119665911,1554103,si,ශාන්ත-විවියන්
119665988,1554104,si,ශාන්ත-විවියන්
119666065,1554105,si,ශාන්ත-විවියන්
119666142,1554106,si,ශාන්ත විට්-සර්-බ් රයන්ස්
119666219,1554107,si,ශාන්ත-විට්ටේ
119666296,1554108,si,ශාන්ත විට්
119666373,1554109,si,ශාන්ත විටල්
119666450,1554110,si,ශාන්ත-විට්
119666527,1554111,si,ශාන්ත-විනමර්
119666604,1554112,si,ශාන්ත වින්සන්ට්-සර්-ඔස්ට්
119666681,1554113,si,ශාන්ත වින්සන්ට්-සර්-අයිල්
119666758,1554114,si,ශාන්ත වින්සන්ට්-සර්-ජර්ඩ්
119666835,1554115,si,ශාන්ත-වින්සන්ට්-සර්-ජබ්රොන්
119666912,1554116,si,සින්ට්-වින්චෙන්ට්-සුරැ-ග්‍රෝන්
119666989,1554117,si,සින්ට්-වින්චෙන්ට්-ස්ටේර්ලන්ගේස්
119667066,1554118,si,ශාන්ත වින්සන්ට් රිව් ඩෝල්ට්
119667143,1554119,si,සින්ට්-වින්චෙන්ට්-පුය්මුෆ්රිස්
119667220,1554120,si,ශාන්ත-වින්සන්ට්-ලෙස්පිනාසේ
119667297,1554121,si,ශාන්ත-වින්සන්ට්-ලෙස්-කොටු
119667374,1554122,si,ශාන්ත-වින්සන්ට්-බ්රැග්නි
119667451,1554123,si,ශාන්ත-වින්සන්ට්-ලෙ-පලුවෙල්
119667528,1554124,si,ශාන්ත-වින්සන්ට්-ලා-ආඥාපති
119667605,1554125,si,ශාන්ත-වින්සන්ට්-ලා-චත්රේ
119667682,1554126,si,ශාන්ත-වින්සන්ට්-ජල්මූටියර්ස්
119667759,1554127,si,ශාන්ත වින්සන්ට්-එන්-බ් රෙස්
119667836,1554128,si,ශාන්ත-වින්සන්ට්-ඩු-පෙන්ඩිට්
119667913,1554129,si,ශාන්ත වින්සන්ට් ඩු ලෝරූර්
119667990,1554130,si,ශාන්ත වින්සන්ට් ඩු බුලේ
119668067,1554131,si,ශාන්ත-වින්සන්ට්-ඩි-ටිරෝස්
119668144,1554132,si,සින්ට්-වින්චෙන්ට්-දෙස්-ප්‍රෙස්
119668221,1554133,si,සින්ට්-වින්චෙන්ට්-දෙස්-ප්‍රෙස්
119668298,1554134,si,ශාන්ත වින්සන්ට්-ඩෙස්-ලැන්ඩ්ස්
119668375,1554135,si,ශාන්ත-වින්සන්ට්-ඩෙස්-බොයිස්
119668452,1554136,si,ශාන්ත වින්සන්ට් ඩි රයින්ස්
119668529,1554137,si,ශාන්ත-වින්සන්ට්-ඩි-පර්ටිග්නාස්
119668606,1554138,si,ශාන්ත-වින්සන්ට්-ඩි-පෝල්
119668683,1554139,si,ශාන්ත-වින්සන්ට්-ඩි-පෝල්
119668760,1554140,si,ශාන්ත වින්සන්ට් ඩි මර්කුස්
119668837,1554141,si,ශාන්ත වින්සන්ට්-ඩි-ලැමොන්ට්ජෝයි
119668914,1554142,si,ශාන්ත වින්සන්ට් ඩි ඩර්ෆෝට්
119668991,1554143,si,ශාන්ත-වින්සන්ට්-ඩි-කොස්
119669068,1554144,si,ශාන්ත වින්සන්ට්-ඩි-කොනෙසාක්
119669145,1554145,si,ශාන්ත වින්සන්ට් ඩි බොයිසෙට්
119669222,1554146,si,ශාන්ත වින්සන්ට් ඩි බැරස්
119669299,1554147,si,ශාන්ත වින්සන්ට්-ඩි-බාර්බියර්ගස්
119669376,1554148,si,ශාන්ත-වින්සන්ට්-ක්‍රමස්නිල්
119669761,1554153,si,ශාන්ත-වින්සන්ට්
119669838,1554154,si,ශාන්ත වින්සන්ට් ද සැලර්ස්
119669915,1554155,si,ශාන්ත-වින්සන්ට්
119670069,1554157,si,ශාන්ත වින්සන්ට්-ඩොටෙජැක්
119670300,1554160,si,ශාන්ත වින්සන්ට්-ඩොලර්ගස්
119670377,1554161,si,ශාන්ත-වින්සන්ට්
119670454,1554162,si,ශාන්ත-වින්සන්ට්
119670531,1554163,si,ශාන්ත විගෝර් ලෙ ග් රෑන්ඩ්
119670608,1554164,si,ශාන්ත විගෝර්-ඩි ඉමොන්විල්
119670685,1554165,si,ශාන්ත විගෝර්-ඩෙස්-මොන්ට්ස්
119670762,1554166,si,ශාන්ත විගෝර්-ඩෙස්-මෙසෙරෙට්ස්
119670839,1554167,si,ශාන්ත-විගෝර්
119670916,1554168,si,ශාන්ත-විඩාල්
119670993,1554169,si,ශාන්ත-වික්ටර්නියන්
119671070,1554170,si,ශාන්ත-වික්ටර්
119671147,1554171,si,ශාන්ත-වික්ටර්-සර්-රින්ස්
119671224,1554172,si,ශාන්ත වික්ටර්-සර්-ඕචේ
119671378,1554174,si,ශාන්ත-වික්ටර්-සර්-අව්රේ
119671455,1554175,si,ශාන්ත-වික්ටර්-සර්-ආර්ලන්ක්
119671532,1554176,si,ශාන්ත-වික්ටර්-රූසාඩ්
119671609,1554177,si,ශාන්ත වික්ටර්-මොන්ට්වියානික්ස්
119671686,1554178,si,ශාන්ත වික්ටර් මැලස්කෝර්ස්
119671763,1554179,si,ශාන්ත-වික්ටර්-ලා-කොස්ට්
119671840,1554180,si,ශාන්ත-වික්ටර්-එල්'අබ්බායේ
119671917,1554181,si,ශාන්ත-වික්ටර්
119671994,1554182,si,ශාන්ත-වික්ටෝරට්
119672071,1554183,si,ශාන්ත වික්ටර්-ඩෙස්-ඔල්ස්
119672148,1554184,si,ශාන්ත-වික්ටර්-ඩි-රෙනෝ
119672225,1554185,si,ශාන්ත-වික්ටර්-ඩී එපයින්
119672302,1554186,si,සින්ට්-විච්ටෝර්-දේ-මොරෙස්ටෙල්
119672379,1554187,si,ශාන්ත-වික්ටර්-ඩි-මල්කැප්
119672456,1554188,si,ශාන්ත වික්ටර්-ඩි-ක් රෙටියන්විල්
119672533,1554189,si,ශාන්ත-වික්ටර්-ඩි-සෙසියු
119672610,1554190,si,ශාන්ත-වික්ටර්-ඩි-බුතන්
119672687,1554191,si,ශාන්ත-වික්ටර්
119672764,1554192,si,ශාන්ත වික්ටර්-එන්-මාර්ච්
119672841,1554193,si,ශාන්ත-වික්ටර්-ලා-රිවියර්
119672918,1554194,si,ශාන්ත-වික්ටර්
119672995,1554195,si,ශාන්ත-වික්ටර්
119673072,1554196,si,ශාන්ත-වික්ටර්
119673303,1554199,si,ශාන්ත-වික්ටර්
119673380,1554200,si,ශාන්ත වීඕ
119673457,1554201,si,ශාන්ත-වියට්රේ
119673534,1554202,si,ශාන්ත-වියන්ස්
119673611,1554203,si,සින්ට්-වෙර්ට්
119673688,1554204,si,ශාන්ත-වෙරන්ඩ්
119673765,1554205,si,ශාන්ත-වෙරන්ඩ්
119673842,1554206,si,ශාන්ත-වෙරන්ඩ්
119673919,1554207,si,ශාන්ත-වෙරන්
119674073,1554209,si,ශාන්ත-වෙරයින්
119674150,1554210,si,සින්ට්-වෙනේරෑන්ඩ්
119674227,1554211,si,සින්ට්-වෙනන්ට්
119674304,1554212,si,ශාන්ත-වෞරි
119674381,1554213,si,ශාන්ත-වාස්ට්-එන්-චවුසි
119674458,1554214,si,ශාන්ත-වරන්ට්
119674535,1554215,si,ශාන්ත වැලියර්-සර්-මාර්න්
119674612,1554216,si,ශාන්ත වැලියර්-ඩි-ටී
119674689,1554217,si,ශාන්ත-වැලියර්
119674766,1554218,si,ශාන්ත-වැලියර්
119674843,1554219,si,ශාන්ත-වැලියර්
119674920,1554220,si,ශාන්ත-වැලියර්
119674997,1554221,si,ශාන්ත-වැලරින්
119675074,1554222,si,සින්ට්-වලෙර්ය්-සුරැ-සොම්මේ
119675228,1554224,si,ශාන්ත වැලරි-එන්-කොක්ස්
119675305,1554225,si,ශාන්ත-වැලරියන්
119675382,1554226,si,ශාන්ත-වැලරියන්
119675459,1554227,si,ශාන්ත-වැලන්ටින්
119675536,1554228,si,ශාන්ත-වැල්බට්
119675613,1554229,si,ශාන්ත-වෛස්
119675690,1554230,si,ශාන්ත වාස්ට්-සර්-සෝල්ස්
119675767,1554231,si,ශාන්ත-වාස්ට්-ලෙස්-මෙලෝ
119675844,1554232,si,ශාන්ත-වාස්ට්-ලා-හෝග්
119675921,1554233,si,ශාන්ත වාස්ට් එන් ඕජ්
119675998,1554234,si,ශාන්ත-වාස්ට්-දු-වල්
119676075,1554235,si,ශාන්ත වාස්ට්-ඩිපෙඩල්
119676152,1554236,si,ශාන්ත වාස්ට්-ඩී-එක්විවිල්
119676229,1554237,si,සින්ට්-වාස්ට්-දේ-ලෝන්ග්මොන්ට්
119676306,1554238,si,සින්ට්-වාස්ට්-එන-චාම්බ්රෙසිස්
119676383,1554239,si,ශාන්ත උසේ
119676460,1554240,si,ශාන්ත-උටින්
119676537,1554241,si,ශාන්ත-භාවිතය
119676691,1554243,si,ශාන්ත-භාවිතය
119676768,1554244,si,ශාන්ත-භාවිතය
119676845,1554245,si,ශාන්ත-උර්සින්
119676922,1554246,si,ශාන්ත-උර්සීස්
119676999,1554247,si,ශාන්ත-උර්සිස්
119677076,1554248,si,ශාන්ත-උර්සිස්
119677153,1554249,si,ශාන්ත උර්බන්-මැකොන්කෝර්ට්
119677230,1554250,si,ශාන්ත-උර්බයින්
119677307,1554251,si,ශාන්ත-උර්බයින්
119677384,1554252,si,ශාන්ත යුනියාක්
119677461,1554253,si,ශාන්ත-උල්රිච්
119677538,1554254,si,ශාන්ත-උල්ෆේස්
119677769,1554257,si,ශාන්ත ටුග්ඩුල්
119678000,1554260,si,ශාන්ත-ට්‍රොපෙස්
119678077,1554261,si,ශාන්ත ට් රෝජන් ලෙස් බේන්ස්
119678154,1554262,si,ශාන්ත-ට්රෝජන්
119678231,1554263,si,ශාන්ත ට් රිවියර්-සර්-මොයිනන්ස්
119678308,1554264,si,ශාන්ත ට් රිවියර්-ඩි-කෝර්ට්ස්
119678385,1554265,si,ශාන්ත-ට්‍රිනිට්
119678462,1554266,si,ශාන්ත-ට්‍රිමෝයෙල්
119678539,1554267,si,ශාන්ත-ට්‍රික්කාට්
119678693,1554269,si,ශාන්ත-තුරින්
119678770,1554270,si,ශාන්ත-තුරියන්
119678847,1554271,si,ශාන්ත-තුරියන්
119678924,1554272,si,ශාන්ත-තුරියෝ
119679001,1554273,si,ශාන්ත-තුරියල්
119679078,1554274,si,ශාන්ත-තුවාල්
119679155,1554275,si,ශාන්ත-තෝනන්
119679309,1554277,si,ශාන්ත-තෝම්
119679386,1554278,si,ශාන්ත තෝමස්-ලා-ගාර්ඩ්
119679540,1554280,si,ශාන්ත-තෝමස්-එන්-රෝයන්ස්
119679617,1554281,si,ශාන්ත-තෝමස්-එන්-ආර්ගොන්
119679771,1554283,si,ශාන්ත තෝමස්-ඩි-කෝර්සියර්ස්
119679848,1554284,si,ශාන්ත තෝමස්-ඩි-කොනාක්
119679925,1554285,si,ශාන්ත තෝමස්
119680079,1554287,si,ශාන්ත තෝමස්
119680156,1554288,si,ශාන්ත-තෝයිස්
119680233,1554289,si,ශාන්ත-තියරි
119680310,1554290,si,ශාන්ත-තිබෝල්ට්
119680387,1554291,si,ශාන්ත තිබෝ
119680464,1554292,si,ශාන්ත-තිබරි
119680541,1554293,si,ශාන්ත තිබෝට්
119680695,1554295,si,ශාන්ත තිබෝ-ඩෙස්-විග්නස්
119680772,1554296,si,ශාන්ත-තිබෝල්ට්
119680849,1554297,si,ශාන්ත-තිබෝල්ට්
119680926,1554298,si,ශාන්ත-තිබෝල්ට්
119681003,1554299,si,ශාන්ත තිබෝ-ඩි-කූස්
119681157,1554301,si,සින්ට්-ඨෙඔෆ්ෆ්රෙය්
119681234,1554302,si,ශාන්ත-තියඩෝරිට්
119681388,1554304,si,ශාන්ත-තෙලෝ
119681465,1554305,si,ශාන්ත-තෙගොනෙක්
119681542,1554306,si,ශාන්ත සිම්ෆෝරියන්-සර්-සෝන්
119681619,1554307,si,ශාන්ත සිම්ෆෝරියන්-සර්-කූස්
119681696,1554308,si,ශාන්ත සිම්ෆෝරියන්-සර්-කොයිස්
119681773,1554309,si,ශාන්ත සිම්ෆෝරියන්-සෝස්-චොමරාක්
119681850,1554310,si,ශාන්ත සිම්ෆෝරියන් ලෙ වැලෝයිස්
119681927,1554311,si,ශාන්ත සිම්ෆෝරියන්-ලෙස්-බට්ස්
119682004,1554312,si,ශාන්ත සිම්ෆෝරියන්-ඩොසොන්
119682081,1554313,si,ශාන්ත සිම්ෆෝරියන්-ඩි-තෙනියර්ස්
119682158,1554314,si,ශාන්ත සිම්ෆෝරියන්-ඩෙස්-මොන්ට්ස්
119682235,1554315,si,ශාන්ත සිම්ෆෝරියන්-ඩෙස්-බ් රූයර්ස්
119682312,1554316,si,ශාන්ත සිම්ෆෝරියන්-ඩෙස්-බොයිස්
119682389,1554317,si,ශාන්ත සිම්ෆෝරියන්-ඩි-මාර්මාන්
119682466,1554318,si,ශාන්ත-සිම්ෆෝරියන්-ද-මහුන්
119682543,1554319,si,ශාන්ත සිම්ෆෝරියන්-ඩි-ලේ
119682620,1554320,si,ශාන්ත-සිම්ෆෝරියන්-ඩි ඇන්සෙල්ස්
119682697,1554321,si,ශාන්ත-සිම්ෆෝරියන්
119682774,1554322,si,ශාන්ත සිම්ෆෝරියන්-ලෙ-චැටෝ
119682928,1554324,si,ශාන්ත-සිම්ෆෝරියන්
119683005,1554325,si,ශාන්ත-සිම්ෆෝරියන්
119683313,1554329,si,ශාන්ත-සිම්ෆෝරියන්
119683390,1554330,si,ශාන්ත-සිම්ෆෝරියන්
119683467,1554331,si,ශාන්ත-සිම්ෆෝරියන්
119683544,1554332,si,ශාන්ත-සිම්ෆෝරියන්
119683698,1554334,si,ශාන්ත සිල්වෙස්ටර්-සර්-ලොට්
119683775,1554335,si,ප්රගුලින්
119683852,1554336,si,ශාන්ත සිල්වෙස්ට්-ඩි-කෝර්මේල්ස්
119683929,1554337,si,ශාන්ත-සිල්වෙස්ට්‍ර-කැපල්
119684006,1554338,si,ශාන්ත සිල්වෙස්තර
119684083,1554339,si,ශාන්ත සිල්වෙස්තර
119684160,1554340,si,ශාන්ත සිල්වෙස්තර
119684237,1554341,si,ශාන්ත-සිල්වේන්-ඩි ඇන්ජෝ
119684314,1554342,si,ශාන්ත-සිල්වයින්-බෙල්ගාර්ඩ්
119684391,1554343,si,ශාන්ත-සිල්වේන්
119684468,1554344,si,ශාන්ත-සිල්වේන්
119684545,1554345,si,ශාන්ත-සිල්වේන්
119684699,1554347,si,ශාන්ත සුප්ලට්
119684853,1554349,si,ශාන්ත සුල්පිස්-සර්-රිස්ල්
119684930,1554350,si,ශාන්ත සුල්පිස්-සර්-ලෙස්
119685084,1554352,si,ශාන්ත සුල්පිස්-ලෙ-වර්ඩන්
119685161,1554353,si,ශාන්ත සුල්පිස්-ලෙස්-ෆියුයිල්ස්
119685238,1554354,si,ශාන්ත සුල්පිස් ලෙස් චැම්ප්ස්
119685315,1554355,si,ශාන්ත සුල්පිස්-ලෙස්-බොයිස්
119685392,1554356,si,ශාන්ත සුල්පිස්-ලෙ-ගුරෙටෝයිස්
119685469,1554357,si,ශාන්ත සුල්පිස්-ලෙ-ඩූනෝයිස්
119685546,1554358,si,ශාන්ත-සුල්පිස්-ලෝරියර්
119685623,1554359,si,ශාන්ත සුල්පිස් ලා ෆොරෙට්
119685700,1554360,si,ශාන්ත-සුල්පිස්
119685777,1554361,si,ශාන්ත සුල්පිස්-එන්-පැරෙඩ්ස්
119685854,1554362,si,ශාන්ත සුල්පිස්-ඩී-ඉමෙට්
119685931,1554363,si,ශාන්ත සුල්පිස්-ඩී-එක්සිඩියුල්
119686008,1554364,si,ශාන්ත සුල්පිස්-ඩෙස්-රිවොයර්ස්
119686085,1554365,si,ශාන්ත සුල්පිස්-ඩෙස්-ලැන්ඩ්ස්
119686162,1554366,si,ශාන්ත සුල්පිස්-ඩෙස්-ලැන්ඩ්ස්
119686316,1554368,si,ශාන්ත සුල්පිස්-ඩි-රොයාන්
119686393,1554369,si,ශාන්ත සුල්පිස්-ඩි-රූමාග්නාක්
119686470,1554370,si,ශාන්ත සුල්පිස්-ඩි-පොම්මියර්ස්
119686547,1554371,si,ශාන්ත සුල්පිස්-ඩි-මරේල්
119686624,1554372,si,ශාන්ත සුල්පිස්-ඩි-ගුයිලරග්ස්
119686701,1554373,si,ශාන්ත සුල්පිස්-ඩි-ග් රිම්බුවිල්
119686778,1554374,si,ශාන්ත සුල්පිස්-ඩි-ෆේවියර්ස්
119686855,1554375,si,ශාන්ත සුල්පිස්-ඩි-ෆේලරන්ස්
119686932,1554376,si,ශාන්ත සුල්පිස්-ඩි-කොග්නැක්
119687009,1554377,si,ශාන්ත සුල්පිස්-ඩී-ආර්නෝල්ට්
119687163,1554379,si,ශාන්ත-සුල්පිස්
119687240,1554380,si,ශාන්ත-සුල්පිස්
119687317,1554381,si,ශාන්ත සුල්පිස්-ඩි-පොමරේ
119687394,1554382,si,ශාන්ත-සුල්පිස්
119687471,1554383,si,ශාන්ත-සුල්පිස්
119687548,1554384,si,ශාන්ත-සුල්පිස්
119687702,1554386,si,ශාන්ත-සුල්පිස්
119687856,1554388,si,ශාන්ත-සුල්පිස්
119687933,1554389,si,ශාන්ත-සුල්පිස්
119688087,1554391,si,ශාන්ත-සුල්පිස්
119688164,1554392,si,ශාන්ත සුල්පිස් ලා පොයින්ට්
119688241,1554393,si,ශාන්ත-සුලියාක්
119688318,1554394,si,ශාන්ත ස්ටේල්
119688395,1554395,si,ශාන්ත-සෝසි
119688472,1554396,si,ශාන්ත සුප්ලට්ස්
119688549,1554397,si,ශාන්ත සුප්ලට්-සර්-පයි
119688626,1554398,si,ශාන්ත-සුප්ලට්
119688703,1554399,si,ශාන්ත-සෝලාන්
119688780,1554400,si,ශාන්ත-සෝර්නින්-ලෙයුලැක්
119688857,1554401,si,ශාන්ත-සෝර්නින්-ලාවොල්ප්ස්
119688934,1554402,si,ශාන්ත-සෝර්නින්-ලා-මාර්ච්
119689011,1554403,si,ශාන්ත-සෝර්නින්
119689088,1554404,si,ශාන්ත-සෝර්නින්
119689242,1554406,si,ශාන්ත-සෝර්නින්
119689319,1554407,si,ශාන්ත-සෝර්නින්
119689396,1554408,si,ශාන්ත සෝර්ලින්-එන්-වොලෝයර්
119689473,1554409,si,ශාන්ත සෝර්ලින්-එන්-බුගී
119689550,1554410,si,ශාන්ත සෝර්ලින්-ඩි-මොරෙස්ටෙල්
119689627,1554411,si,ශාන්ත සෝර්ලින්-ඩි-කොනාක්
119689704,1554412,si,ශාන්ත සෝර්ලින්-ඩර්ව්ස්
119689781,1554413,si,ශාන්ත-සෝර්ලින්
119689858,1554414,si,ශාන්ත සෝර්ලින්-ඩි-වින්
119689935,1554415,si,ශාන්ත-විසඳන්න
119690012,1554416,si,ශාන්ත-සොලන්
119690089,1554417,si,ශාන්ත සික්ස්ටේ
119690243,1554419,si,ශාන්ත-හයවෙනි
119690320,1554420,si,ශාන්ත සයිමන්-ඩි-පෙලෝයිල්
119690397,1554421,si,ශාන්ත සයිමන්-ඩි-බෝර්ඩ්ස්
119690474,1554422,si,ශාන්ත සයිමන්
119690628,1554424,si,ශාන්ත සයිමන්
119690705,1554425,si,ශාන්ත සයිමන්
119690782,1554426,si,ශාන්ත සයිමන්
119690936,1554428,si,ශාන්ත සිමෝ
119691013,1554429,si,ශාන්ත සිමියොන්-ඩි-බ් රෙසියු
119691090,1554430,si,ශාන්ත-සිමියොන්
119691167,1554431,si,ශාන්ත-සිමියොන්
119691244,1554432,si,ශාන්ත-සිමියොන්
119691321,1554433,si,ශාන්ත සිල්වයින්-සෝ-ටූල්ක්ස්
119691398,1554434,si,ශාන්ත සිල්වයින් මොන්ටේගුට්
119691475,1554435,si,ශාන්ත සිල්වයින්-බාස්-ලෙ-රොක්
119691552,1554436,si,ශාන්ත සිගිස්මන්ඩ්-ඩි-ක්ලෙර්මොන්ට්
119691629,1554437,si,ශාන්ත-සිගිස්මන්ඩ්
119691706,1554438,si,ශාන්ත-සිගිස්මන්ඩ්
119691783,1554439,si,ශාන්ත-සිගිස්මන්ඩ්
119691860,1554440,si,ශාන්ත-සිගිස්මන්ඩ්
119691937,1554441,si,ශාන්ත-සිෆ්රෙට්
119692091,1554443,si,ශාන්ත සෙවරින්-සර්-බුටෝන්
119692168,1554444,si,ශාන්ත සෙවරින්-ඩි එස්ටිසාක්
119692245,1554445,si,ශාන්ත-සෙවරින්
119692322,1554446,si,ශාන්ත සෙවර්-ඩු-මූස්ටියර්
119692399,1554447,si,ශාන්ත සෙවර්-ඩි-රුස්තාන්
119692476,1554448,si,ශාන්ත සෙවර්-කැල්වාඩෝස්
119692553,1554449,si,ශාන්ත සෙවර්-ඩි-සෙන්ටොන්ජ්
119692630,1554450,si,ශාන්ත-සෙවර්
119692707,1554451,si,ශාන්ත-සෙව්
119692784,1554452,si,ශාන්ත සෙරින්-සර්-අයිල්
119692938,1554454,si,ශාන්ත සෙරින්-ඩි-ප් රැට්ස්
119693015,1554455,si,ශාන්ත සෙරින්-ඩි-පැලෙනේ
119693092,1554456,si,ශාන්ත සෙරින්-ඩි-කර්සාක්
119693169,1554457,si,ශාන්ත සෙරින්-ඩි-කැඩෝර්න්
119693246,1554458,si,ශාන්ත සෙරින්-ඩි-බර්ග්
119693323,1554459,si,ශාන්ත-සෙටියර්ස්
119693400,1554460,si,ශාන්ත-සේවකයා
119693554,1554462,si,ශාන්ත-සර්වේස්
119693631,1554463,si,ශාන්ත-සර්වේස්
119693708,1554464,si,ශාන්ත-සෙරොටින්
119693785,1554465,si,ශාන්ත සර්නින්-සර්-රන්ස්
119693862,1554466,si,ශාන්ත-සර්නින්-ලෙස්-ලවාර්
119693939,1554467,si,ශාන්ත සර්නින්-ඩු-ප්ලේන්
119694016,1554468,si,ශාන්ත-සර්නින්-ඩු-බොයිස්
119694093,1554469,si,ශාන්ත-සර්නින්
119694170,1554470,si,ශාන්ත-සර්නින්
119694324,1554472,si,ශාන්ත මාලාව
119694478,1554474,si,ශාන්ත-සෙනූක්ස්
119694555,1554475,si,ශාන්ත-සෙනොච්
119694709,1554477,si,ශාන්ත-සීනියර්-සුස්-අව්රන්චස්
119694786,1554478,si,ශාන්ත-සෙනියර්-ද-බෙව්රොන්
119694863,1554479,si,ශාන්ත-සෙල්ව්
119694940,1554480,si,සින්ට්-සේඉනේ-සුරැ-වින්ගේඅන්නේ
119695017,1554481,si,ශාන්ත සයින්-එල් ඇබේ
119695094,1554482,si,සින්ට්-සේඉනේ-එන-බචේ
119695171,1554483,si,ශාන්ත-සෙයින්
119695248,1554484,si,ශාන්ත-සෙග්ලින්
119695325,1554485,si,ශාන්ත-සීගල්
119695402,1554486,si,ශාන්ත-සෙකොන්ඩින්
119695479,1554487,si,ශාන්ත-සෙබස්තියන්-සර්-ලොයර්
119695556,1554488,si,ශාන්ත-සෙබස්තියන්-ඩි-රයිඩ්ස්
119695633,1554489,si,ශාන්ත-සෙබස්තියන්-ඩි-මෝර්සන්ට්
119695864,1554492,si,ශාන්ත සෙබස්තියන්
119695941,1554493,si,ශාන්ත සෙබස්තියන්
119696018,1554494,si,සින්ට්-එබස්තිඑන්-ද'ආඉග්රෙෆෙඋඉල්ලෙ
119696095,1554495,si,ශාන්ත සාවෝර්නින්
119696172,1554496,si,ශාන්ත-සැවියෝල්
119696249,1554497,si,ශාන්ත-සැවිනියන්
119696326,1554498,si,ශාන්ත-සැවින්
119696403,1554499,si,ශාන්ත-සැවින්
119696480,1554500,si,ශාන්ත-සැවින්
119696557,1554501,si,ශාන්ත-සැවින්
119696634,1554502,si,ශාන්ත-සව්වි
119696711,1554503,si,ශාන්ත-සෝවියර්
119696788,1554504,si,ශාන්ත සෝවර්-සර්-ටිනි
119696865,1554505,si,ශාන්ත සෝවර්-සර්-එකෝල්
119696942,1554506,si,ශාන්ත සෝවර්-ලෙ-විකොම්ට්
119697019,1554507,si,ශාන්ත සෝවර්-මාර්විල්
119697096,1554508,si,සෙන්ට් සෝවර් ලෙස් බ් රේ
119697173,1554509,si,ශාන්ත සෝවර්-ලෙන්ඩලින්
119697327,1554511,si,ශාන්ත සෝවර්-ලා-පොම්මරේ
119697404,1554512,si,ශාන්ත සෝවර්-ලලන්ඩ්
119697481,1554513,si,ශාන්ත සෝවර්-ගෝවර්නෙට්
119697558,1554514,si,ශාන්ත සෝවර්-එන්-රූ
119697635,1554515,si,ශාන්ත සෝවර්-එන්-පුයිසායි
119697712,1554516,si,ශාන්ත සෝවර්-එන්-ඩියෝස්
119697789,1554517,si,ශාන්ත සෝවර්-කැම්ප් රියෝ
119697866,1554518,si,ශාන්ත සෝවර්-ඩෙස්-ලැන්ඩ්ස්
119697943,1554519,si,සින්ට්-සෞවෙඋර්-දේ-පුය්නොර්මන්ඩ්
119698020,1554520,si,ශාන්ත සෝවර්-ඩි-පියර්පොන්ට්
119698097,1554521,si,සෙන්ට් සෝවර් ඩි පයර්
119698174,1554522,si,ශාන්ත සෝවර්-ඩි-මොන්ටගුට්
119698251,1554523,si,සින්ට්-සෞවෙඋර්-දේ-මෙඉල්හාන්
119698328,1554524,si,ශාන්ත සෝවර්-ඩී-එමාල්විල්
119698405,1554525,si,ශාන්ත සෝවර්-ඩි-ජිනෙස්ටොක්ස්
119698482,1554526,si,ශාන්ත සෝවර්-ඩි-ෆ්ලේ
119698559,1554527,si,ශාන්ත සෝවර්-ඩි-ක් රූසියර්ස්
119698636,1554528,si,ශාන්ත සෝවර්-ඩි-චෝලියු
119698713,1554529,si,ශාන්ත සෝවර්-ඩි-කැරූජ්
119698790,1554530,si,ශාන්ත සෝවර්-ඩොනිස්
119698867,1554531,si,ශාන්ත-සෝවර්
119698944,1554532,si,ශාන්ත-සෝවර්
119699175,1554535,si,ශාන්ත-සෝවර්
119699252,1554536,si,ශාන්ත-සෝවර්
119699329,1554537,si,ශාන්ත-සෝවර්
119699406,1554538,si,ශාන්ත-සෝවර්
119699483,1554539,si,ශාන්ත-සෝවර්
119699637,1554541,si,ශාන්ත-සෝවර්
119699714,1554542,si,ශාන්ත-සෝවර්
119699791,1554543,si,ශාන්ත-සෝවර්
119699868,1554544,si,ශාන්ත-සෝවර්
119700099,1554547,si,ශාන්ත-සෝවර්
119700176,1554548,si,ශාන්ත සෝව්ස්-ඩොවර්න්
119700253,1554549,si,සෙන්ට් සෝවර් ලා සැග්න්
119700330,1554550,si,ශාන්ත සෝවර්-ඩි-ලැන්ඩෙමොන්ට්
119700407,1554551,si,සින්ට්-සෞවන්ට්
119700484,1554552,si,සින්ට්-සෞවන්ට්
119700561,1554553,si,ශාන්ත-සෞරි
119700638,1554554,si,ශාන්ත-සෝල්ව්
119700715,1554555,si,ශාන්ත-සෝල්ජ්
119700792,1554556,si,ශාන්ත සෝෆ්ලියු
119700869,1554557,si,ශාන්ත සවුද්-ලැකෝසියර්
119700946,1554558,si,ශාන්ත සැටර්නින්-සර්-ලෝයර්
119701023,1554559,si,ශාන්ත-සැටර්නින්-ලෙස්-අවිග්නොන්
119701100,1554560,si,ශාන්ත සැටර්නින්-ඩු-ලිමෙට්
119701177,1554561,si,ශාන්ත-සැටර්නින්-ඩු-බොයිස්
119701254,1554562,si,ශාන්ත-සැටර්නින්
119701331,1554563,si,ශාන්ත සැටර්නින්-ඩි-ලෙනේ
119701408,1554564,si,ශාන්ත සැටර්නින් ලෙස් ඇප්ට්
119701562,1554566,si,ශාන්ත-සැටර්නින්
119701639,1554567,si,ශාන්ත-සැටර්නින්
119701716,1554568,si,ශාන්ත-සැටර්නින්
119701793,1554569,si,ශාන්ත-සැටර්නින්
119701870,1554570,si,ශාන්ත-සැටර්නින්
119701947,1554571,si,ශාන්ත-සැටර්නින්-ඩි-ලුසියන්
119702024,1554572,si,ශාන්ත-සතුර්
119702101,1554573,si,ශාන්ත-සර්ඩෝස්
119702178,1554574,si,ශාන්ත-සර්ඩෝස්
119702255,1554575,si,ශාන්ත සැන්ටින් ද මෝර්ස්
119702332,1554576,si,ශාන්ත සැන්ටින්-කැන්ටල්ස්
119702409,1554577,si,ශාන්ත-සැන්ටින්
119702486,1554578,si,ශාන්ත-සැන්ඩූක්ස්
119702563,1554579,si,ශාන්ත-සැම්සන්-ලා-පොටරි
119702640,1554580,si,ශාන්ත සැම්සන්-සර්-රන්ස්
119702717,1554581,si,ශාන්ත සැම්සන්-ඩි-ලා-රොක්
119702794,1554582,si,ශාන්ත සැම්සන්-ඩි-බොන්ෆොස්
119702871,1554583,si,ශාන්ත-සැම්සන්
119703102,1554586,si,ශාන්ත-සැම්සන්
119703179,1554587,si,ශාන්ත-සැම්සන්
119703256,1554588,si,ශාන්ත-සැල්වි-ද-ලා-බල්මේ
119703333,1554589,si,ශාන්ත-සැල්වි
119703410,1554590,si,ශාන්ත සැල්වි-ඩි-කාර්කේව්ස්
119703487,1554591,si,ශාන්ත-සැල්වදෝර්
119703564,1554592,si,ශාන්ත-සැල්වඩෝ
119703641,1554593,si,ශාන්ත-සායර්
119703718,1554594,si,ශාන්ත-සාන්ස්
119703795,1554595,si,සාන්තුවරයන්
119703872,1554596,si,සාන්තුවරයන්-එන්-පුයිසායි
119703949,1554597,si,සෙන්ට්රි-සර්-සයින්
119704026,1554598,si,ශාන්ත-රස්ටිස්
119704103,1554599,si,ශාන්ත-රොම්ෆෙයාර්
119704180,1554600,si,ශාන්ත රෝම-ඩි-ටාන්
119704257,1554601,si,ශාන්ත රෝම-ඩි-ඩෝලන්
119704334,1554602,si,ශාන්ත-රෝම-ද-සර්නන්
119704488,1554604,si,ශාන්ත-රෝමය
119704565,1554605,si,ශාන්ත-රෝමන්ස්-ලෙස්-මෙලේ
119704642,1554606,si,ශාන්ත රෝමන්ස්-ඩෙස්-චැම්ප්ස්
119704719,1554607,si,ශාන්ත-රෝම
119704796,1554608,si,ශාන්ත රෝමන්-ඩි-මැලෙගාර්ඩ්
119704873,1554609,si,ශාන්ත රෝමන්-ඩි-කොඩියර්ස්
119704950,1554610,si,ශාන්ත-රෝම
119705258,1554614,si,ශාන්ත රෝමන්-සර්-ජිරොන්ඩ්
119705335,1554615,si,ශාන්ත රෝමන්-සර්-චර්
119705412,1554616,si,ශාන්ත රෝමන්-සෝස්-වර්සිනි
119705489,1554617,si,ශාන්ත රෝමන්-සෝස්-ගුර්ඩන්
119705566,1554618,si,ශාන්ත රෝමන්-ලෙස්-අතික්ස්
119705643,1554619,si,සින්ට්-රෝමින්-ලේ-පුය්
119705720,1554620,si,ශාන්ත රෝමන් ලෙ ප් රොක්ස්
119705797,1554621,si,සින්ට්-රෝමින්-ලේ-නොබ්ලේ
119705951,1554623,si,සින්ට්-රෝමින්-ල-විර්වී
119706028,1554624,si,සින්ට්-රෝමින්-ල-මොට්ටේ
119706105,1554625,si,ශාන්ත-රොමේන්-ලාචල්ම්
119706182,1554626,si,සින්ට්-රෝමින්-එට්-සින්ට්-ච්ලේමෙන්ට්
119706259,1554627,si,සින්ට්-රෝමින්-එන-ඉඑඔඉස්
119706336,1554628,si,ශාන්ත රෝමන්-එන්-ජාරෙස්
119706413,1554629,si,ශාන්ත රෝමන්-එන්-ජියර්
119706490,1554630,si,ශාන්ත රෝමන්-එන්-ගල්
119706567,1554631,si,ශාන්ත රෝමන්-ඩර්ෆ්
119706721,1554633,si,ශාන්ත රෝමන්-ඩි-සුරියු
119706798,1554634,si,ශාන්ත රෝමන්-ඩෙස්-අයිල්ස්
119706875,1554635,si,ශාන්ත රෝමන්-ඩි-පොපී
119706952,1554636,si,ශාන්ත රෝමන්-ඩි-මොන්පසියර්
119707029,1554637,si,ශාන්ත රෝමන්-ඩි-ලර්ප්ස්
119707106,1554638,si,ශාන්ත රෝමන්-ඩි-ජලියොනාස්
119707183,1554639,si,ශාන්ත රෝමන්-ඩි-කොල්බොස්ක්
119707260,1554640,si,ශාන්ත රෝමන්-ඩි-බෙනට්
119707337,1554641,si,ශාන්ත රෝමන්-ඩී-අයි
119707491,1554643,si,ශාන්ත රෝමන් ඕ මොන්ට් ඩෝර්
119707568,1554644,si,ශාන්ත-රොමේන්
119707645,1554645,si,ශාන්ත-රොමේන්
119707799,1554647,si,ශාන්ත-රොමේන්
119707876,1554648,si,ශාන්ත-රොමේන්
119708184,1554652,si,ශාන්ත-රොගටියන්
119708261,1554653,si,ශාන්ත රොක්-සර්-එග් රන්
119708646,1554658,si,ශාන්ත-රොච්
119708954,1554662,si,ශාන්ත-රොබට්
119709031,1554663,si,ශාන්ත-රොබට්
119709108,1554664,si,ශාන්ත-ප්‍රතිවාදී
119709185,1554665,si,ශාන්ත රිරන්ඩ්
119709262,1554666,si,ශාන්ත රිකියර් එස් ප්ලේන්ස්
119709339,1554667,si,ශාන්ත රිකියර්-එන්-රිවියර්
119709416,1554668,si,ශාන්ත-රිකියර්
119709493,1554669,si,ශාන්ත-රිමේ
119709570,1554670,si,ශාන්ත-රිගෝමර්-ඩෙස්-බොයිස්
119709647,1554671,si,ශාන්ත-රියුල්
119709801,1554673,si,ශාන්ත රෙවරියන්
119709878,1554674,si,සින්ට්-රෙවෙරෙන්ඩ්
119709955,1554675,si,ශාන්ත රෙස්ටිටුට්
119710109,1554677,si,ශාන්ත-රෙනන්
119710186,1554678,si,ශාන්ත රෙමි-සර්-ඩියුරෝල්
119710263,1554679,si,ශාන්ත රෙමි-සර්-ක් රූස්
119710340,1554680,si,ශාන්ත රෙමි-සර්-බසි
119710417,1554681,si,ශාන්ත රෙමි-සර්-අව්රේ
119710494,1554682,si,ශාන්ත රෙමි-සෝස්-බ් රොයිස්
119710571,1554683,si,ශාන්ත රෙමි-සෝස්-බාර්බියුස්
119710648,1554684,si,ශාන්ත රෙමි-එල්-ඔනෝර්
119710725,1554685,si,ශාන්ත රෙමි ලෙස් චෙව්රූස්
119710879,1554687,si,ශාන්ත-රෙමි-ලා-වරෙන්
119710956,1554688,si,ශාන්ත-රෙමි-ලා-වන්නේ
119711033,1554689,si,ශාන්ත-රෙමී-ලා-කැලෝන්
119711110,1554690,si,සෙන්ට් රෙමි එන් රෝලට්
119711187,1554691,si,ශාන්ත රෙමි-එන්-මොන්ට්මොරිලියන්
119711264,1554692,si,ශාන්ත රෙමි-එන්-මොග්ස්
119711341,1554693,si,ශාන්ත රෙමි-එන්-එල්-ඕ
119711418,1554694,si,ශාන්ත රෙමි-එන්-බුසෙමොන්ට්-ශාන්ත ජෙනෙස්ට් සහ ඉසන්
119711495,1554695,si,ශාන්ත රෙමි-ඩු-ප්ලේන්
119711572,1554696,si,ශාන්ත-රෙමි-ඩු-වල්
119711649,1554697,si,ශාන්ත-රෙමි-ඩු-නෝර්ඩ්
119711726,1554698,si,ශාන්ත රෙමි-ඩෙස්-මොන්ට්ස්
119711803,1554699,si,ශාන්ත රෙමි-ඩෙස්-ලැන්ඩ්ස්
119711880,1554700,si,ශාන්ත රෙමි-ඩි-සිල්
119712034,1554702,si,ශාන්ත රෙමි-ඩි-ප් රොවෙන්ස්
119712111,1554703,si,ශාන්ත රෙමි-ඩි-චෝඩ්ස්-අයිගුස්
119712188,1554704,si,ශාන්ත රෙමි-ඩි-චාර්ග්නාට්
119712265,1554705,si,ශාන්ත රෙමි-ඩි-බ්ලොට්
119712342,1554706,si,ශාන්ත-රෙමී-චවුසි
119712419,1554707,si,ශාන්ත රෙමි-බොස්ක් රොකෝර්ට්
119712496,1554708,si,ශාන්ත-රෙමී-බ්ලැන්සි
119712573,1554709,si,ශාන්ත රෙමි-ඕ-බොයිස්
119712650,1554710,si,ශාන්ත රෙමි-ඔක්ස්-බොයිස්
119712881,1554713,si,ශාන්ත-රෙමී
119712958,1554714,si,ශාන්ත-රෙමී
119713035,1554715,si,ශාන්ත-රෙමී
119713112,1554716,si,ශාන්ත-රෙමී
119713189,1554717,si,ශාන්ත-රෙමී
119713343,1554719,si,ශාන්ත-රෙමී
119713420,1554720,si,ශාන්ත-රෙමී
119713497,1554721,si,ශාන්ත-රෙමී
119713651,1554723,si,ශාන්ත රෙමි-ඩි-මොරියන්
119713805,1554725,si,ශාන්ත-රෙමී
119713882,1554726,si,ශාන්ත-රෙමී
119713959,1554727,si,ශාන්ත-රෙමිමොන්ට්
119714036,1554728,si,ශාන්ත-රෙමේස්
119714113,1554729,si,ශාන්ත-රෙගල්
119714190,1554730,si,ශාන්ත රෙජිස්-ඩු-කොයින්
119714421,1554733,si,ශාන්ත-රෆායෙල්
119714498,1554734,si,ශාන්ත-රෆායෙල්
119714729,1554737,si,ශාන්ත රැම්බර්ට්-අයිල්-බාර්බේ
119714806,1554738,si,ශාන්ත රැම්බර්ට්-එන්-බුගී
119714883,1554739,si,ශාන්ත රැම්බර්ට්-ඩී ඇල්බන්
119714960,1554740,si,ශාන්ත-රාචෝ
119715037,1554741,si,ශාන්ත-රබියර්
119715114,1554742,si,ශාන්ත-ක්විරින්
119715191,1554743,si,ශාන්ත-ක්විර්ක්
119715268,1554744,si,ශාන්ත ක්වින්ටින්-සර්-සියෝල්
119715345,1554745,si,ශාන්ත ක්වෙන්ටින්-සර්-සොක්සිලන්ජස්
119715422,1554746,si,ශාන්ත ක්වෙන්ටින්-සර්-නොහයින්
119715499,1554747,si,ශාන්ත ක්වෙන්ටින්-සර්-ලෙ-හෝම්
119715576,1554748,si,ශාන්ත ක්වෙන්ටින්-සර්-ඉසෙර
119715653,1554749,si,ශාන්ත ක්වෙන්ටින්-සර්-කූල්
119715730,1554750,si,ශාන්ත ක්වෙන්ටින්-සර්-ෂාරන්ට්
119715884,1554752,si,සින්ට්-උඑන්තින්-ලේ-වෙර්ගේර්
119715961,1554753,si,ශාන්ත ක්වෙන්ටින් ලෙස් ට් රෝ
119716038,1554754,si,ශාන්ත-ක්වෙන්ටින්-ලෙස්-මාරයිස්
119716115,1554755,si,ශාන්ත ක්වෙන්ටින් ලෙස් චාර්ඩොනෙට්ස්
119716192,1554756,si,ශාන්ත ක්වෙන්ටින් ලෙස් බියුරෙපේර්
119716269,1554757,si,ශාන්ත-ක්වෙන්ටින්-ලෙස්-ඇන්ජස්
119716346,1554758,si,සින්ට්-උඑන්තින්-ලේ-පෙටිට්
119716423,1554759,si,ශාන්ත ක්වෙන්ටින් ලා ටුවර්
119716500,1554760,si,ශාන්ත ක්වෙන්ටින් ලා පොටරි
119716577,1554761,si,ශාන්ත ක්වෙන්ටින්-ලා-මොට්-ක් රොයිස්-ඕ-බේලි
119716654,1554762,si,ශාන්ත ක්වෙන්ටින් ලා චබාන්
119716731,1554763,si,ශාන්ත ක්වෙන්ටින් ෆැලවියර්
119716808,1554764,si,ශාන්ත ක්වෙන්ටින්-එන්-ටුවර්මොන්ට්
119716885,1554765,si,ශාන්ත ක්වෙන්ටින්-එන්-මොග්ස්
119716962,1554766,si,ශාන්ත ක්වෙන්ටින්-ඩු-ඩ් රොප්ට්
119717039,1554767,si,ශාන්ත ක්වෙන්ටින්-ඩෙස්-ප් රෙස්
119717116,1554768,si,ශාන්ත ක්වෙන්ටින්-ඩෙස්-අයිල්ස්
119717193,1554769,si,ශාන්ත-ක්වෙන්ටින්-ද-චලෙයිස්
119717270,1554770,si,ශාන්ත ක්වෙන්ටින්-ඩි-කැප්ලොන්ග්
119717347,1554771,si,ශාන්ත ක්වෙන්ටින්-ඩි-බ්ලැවෝ
119717424,1554772,si,ශාන්ත ක්වෙන්ටින්-ඩි-බාරොන්
119717501,1554773,si,ශාන්ත ක්වෙන්ටින් ඕ බොස්ක්
119717655,1554775,si,ශාන්ත-ක්වෙන්ටින්
119717809,1554777,si,ශාන්ත ක්වෙන්ටින්-සර්-ඉන්ඩ් රොයිස්
119717963,1554779,si,ශාන්ත ක්වේ-පෝට් රියෝ
119718040,1554780,si,ශාන්ත ක්වේ-පෙරොස්
119718117,1554781,si,ශාන්ත ක්වාන්ටින්-ඩි-රන්කන්
119718194,1554782,si,ශාන්ත-පයිතන්
119718271,1554783,si,ශාන්ත-පුයි
119718425,1554785,si,ශාන්ත ප් රයිව් ශාන්ත මෙස්මින්
119718502,1554786,si,ශාන්ත ප් රූන්ට්
119718579,1554787,si,ශාන්ත ප් රොජෙට්
119718656,1554788,si,සෙන්ට් ප් රොජෙට් ඩි සැලර්ස්
119718733,1554789,si,ශාන්ත ප් රොජෙට්
119718887,1554791,si,ශාන්ත ප් රොජෙට්
119718964,1554792,si,සෙන්ට් ප් රික්ස් ලෙස් ආර්නායි
119719041,1554793,si,ශාන්ත ප් රි
119719118,1554794,si,ශාන්ත ප් රි
119719195,1554795,si,ශාන්ත ප් රි
119719272,1554796,si,ශාන්ත ප් රි
119719349,1554797,si,ශාන්ත-ප්‍රයිව්
119719426,1554798,si,ශාන්ත-ප්‍රයිව්
119719503,1554799,si,ශාන්ත ප් රිවට් ලා මොන්ටාන්
119719580,1554800,si,ශාන්ත ප් රයිවට් ඩු ෆෝ
119719657,1554801,si,ශාන්ත ප් රයිවට් ඩු ඩ් රැගන්
119719734,1554802,si,ශාන්ත ප් රයිවට්-ඩි-වොලොන්ග්
119719811,1554803,si,සෙන්ට් ප් රයිවට් ඩෙස් වී
119719888,1554804,si,සෙන්ට් ප් රයිවට් ඩෙස් ප් රෙස්
119719965,1554805,si,ශාන්ත ප් රයිවට්-ඩි-චැම්ප්ක්ලෝස්
119720042,1554806,si,ශාන්ත ප් රයිවට්-ඩී ඇලියර්
119720196,1554808,si,ශාන්ත-ප්‍රයිවට්
119720273,1554809,si,ශාන්ත-ප්‍රයිවට්
119720350,1554810,si,ශාන්ත-ප්‍රයිවට්
119720427,1554811,si,ශාන්ත-ප්‍රිම්
119720504,1554812,si,ශාන්ත-පූජක-ටෝරියන්
119720581,1554813,si,ශාන්ත-පූජක-සුස්-අයික්ස්
119720735,1554815,si,ශාන්ත පූජක-ලිගෝර්
119720889,1554817,si,ශාන්ත-පූජක-ලෙස්-ෆුගර්ස්
119720966,1554818,si,ශාන්ත-පූජක-ලෙ-බෙටූක්ස්
119721043,1554819,si,ශාන්ත-පූජක-ලා-වෙට්රේ
119721120,1554820,si,සින්ට්-ප්රිඑස්ට්-ල-රෝචේ
119721197,1554821,si,සින්ට්-ප්රිඑස්ට්-ල-ප්රුගනේ
119721274,1554822,si,ශාන්ත-පූජක-ලා-ප්ලේන්
119721351,1554823,si,ශාන්ත-පූජක-ලා-මාර්ච්
119721428,1554824,si,ශාන්ත-පූජක-ලා-ෆියුයිල්
119721505,1554825,si,ශාන්ත-පූජක-එන්-මුරත්
119721582,1554826,si,ශාන්ත-පූජක-එන්-ජරෙස්
119721659,1554827,si,සින්ට්-ප්රිඑස්ට්-දෙස්-චම්ප්ස්
119721736,1554828,si,ශාන්ත-පූජක-ඩි-ගිමෙල්
119721813,1554829,si,ශාන්ත පූජක ඇන්ඩෙලෝ
119721890,1554830,si,ශාන්ත-පූජක-බ්‍රමේෆන්ට්
119721967,1554831,si,ශාන්ත-පූජක
119722044,1554832,si,ශාන්ත-පූජක
119722198,1554834,si,ශාන්ත-පූජක
119722275,1554835,si,ශාන්ත ප් රූයිල්
119722352,1554836,si,ශාන්ත-ප්රෙස්ට්
119722429,1554837,si,ශාන්ත ප් රෙජෙට්-ඩී ඇලියර්
119722506,1554838,si,ශාන්ත-ප්‍රෙජෙට්-ආර්මන්ඩන්
119722583,1554839,si,සින්ට්-ප්‍රන්චේර්
119722660,1554840,si,ශාන්ත පුර්කේන්-සර්-සියෝල්
119722737,1554841,si,ශාන්ත පුර්කේන්-සර්-බෙස්බ් රේ
119722891,1554843,si,ශාන්ත පොවාන්ජ්
119722968,1554844,si,ශාන්ත පොටන්
119723045,1554845,si,ශාන්ත-පෝර්කියර්
119723122,1554846,si,ශාන්ත පෝචර්
119723199,1554847,si,ශාන්ත පෝචර්
119723276,1554848,si,ශාන්ත-පොන්ට්
119723430,1554850,si,ශාන්ත පොන්ස් ලා කැල්ම්
119723507,1554851,si,ශාන්ත පොන්ස්-ඩි-මොචියන්ස්
119723584,1554852,si,ශාන්ත-පොන්ස්
119723661,1554853,si,ශාන්ත-පොන්ස්
119723892,1554856,si,ශාන්ත පොන්ස්-ඩි-තෝමියර්ස්
119723969,1554857,si,ශාන්ත-පොන්සි
119724046,1554858,si,ශාන්ත-පොම්පොන්
119724123,1554859,si,ශාන්ත-පොම්පේන්
119724200,1554860,si,ශාන්ත-පොලිකාර්ප්
119724277,1554861,si,ශාන්ත පෝල්-සර්-ටර්නෝයිස්
119724431,1554863,si,ශාන්ත-පොල්ගස්
119724508,1554864,si,ශාන්ත පෝල් ද ලියොන්
119724585,1554865,si,ශාන්ත-පොයික්ස්
119724662,1554866,si,ශාන්ත-පොයිස්
119724739,1554867,si,සෙන්ට් පොයින්ට් ලේක්
119724816,1554868,si,ශාන්ත-පොයින්ට්
119724893,1554869,si,ශාන්ත ප්ලාන්ටෙයාර්
119724970,1554870,si,ශාන්ත-ප්ලෑන්චර්ස්
119725047,1554871,si,ශාන්ත-ප්ලැන්කාඩ්
119725124,1554872,si,ශාන්ත-ප්ලේසර්
119725201,1554873,si,ශාන්ත පියරේ-ද ඕබෙසිස්
119725278,1554874,si,ශාන්ත-පියර්විල්
119725355,1554875,si,ශාන්ත-පියරේ-ටොයිරැක්
119725432,1554876,si,ශාන්ත පීරිස් ටැරන්ටේන්
119725509,1554877,si,ශාන්ත පියරේ-සර්-වෙන්ස්
119725586,1554878,si,ශාන්ත පියරේ-සර්-ඔර්ත්
119725740,1554880,si,ශාන්ත පියරේ-සර්-එර්ව්
119725817,1554881,si,ශාන්ත පියරේ-සර්-ඩ් රොප්ට්
119725894,1554882,si,ශාන්ත පියරේ-සර්-ඩොක්ස්
119725971,1554883,si,ශාන්ත පියරේ-සර්-ඩයිව්ස්
119726048,1554884,si,ශාන්ත පියරේ රොච්
119726202,1554886,si,ශාන්ත පීරිස් ක්විබෙරොන්
119726279,1554887,si,ශාන්ත පීරිස් මොන්ට්ලිමාර්ට්
119726356,1554888,si,ශාන්ත-පියර්මොන්ට්
119726433,1554889,si,ශාන්ත-පියර්මොන්ට්
119726510,1554890,si,ශාන්ත-පියර්මොන්ට්
119726587,1554891,si,ශාන්ත පියරේ-ලෙ-විගර්
119726664,1554892,si,ශාන්ත පියරේ-ලෙ-වික්ස්
119726741,1554893,si,ශාන්ත පියරේ-ලෙ-වික්ස්
119726818,1554894,si,ශාන්ත පියරේ-ලෙ-වික්ස්
119726895,1554895,si,ශාන්ත පියරේ-ලෙ-වික්ස්
119726972,1554896,si,ශාන්ත පීරිස් ලෙස් නෙමෝර්ස්
119727049,1554897,si,ශාන්ත පියරේ ලෙස් ෆ් රැන්ක්විල්
119727126,1554898,si,ශාන්ත පියරේ ලෙස් එටියු
119727203,1554899,si,ශාන්ත පීරිස් ලෙස් එල්බියුෆ්
119727357,1554901,si,ශාන්ත පීරිස් ලෙස් බොයිස්
119727434,1554902,si,ශාන්ත පීරිස් ලෙස් බිට් රි
119727511,1554903,si,ශාන්ත පියරේ-ලෙ-මූටියර්
119727588,1554904,si,ශාන්ත පීරිස් ශාන්ත ජෑන්
119727665,1554905,si,ශාන්ත පියරේ-ලෙ-චැස්ටල්
119727742,1554906,si,ශාන්ත පියරේ-ලෙ-බොස්ට්
119727819,1554907,si,ශාන්ත-පියරේ-ලාවිස්
119727896,1554908,si,ශාන්ත පීරිස් ලා වීල්
119727973,1554909,si,ශාන්ත-පියරේ-ලාවල්
119728127,1554911,si,ශාන්ත පීරිස් ලා රිවිරේ
119728204,1554912,si,ශාන්ත පියරේ ලා පලුඩ්
119728281,1554913,si,ශාන්ත පියරේ ලා නෝයිල්
119728358,1554914,si,ශාන්ත පීරිස් ලැන්ගර්ස්
119728435,1554915,si,ශාන්ත පියරේ ලා ගාරන්
119728512,1554916,si,ශාන්ත පියරේ-ලාෆුයිල්
119728589,1554917,si,ශාන්ත පීරිස් ලා කෝර්
119728666,1554918,si,ශාන්ත පියරේ ලා බ් රූයර්
119728743,1554919,si,ශාන්ත පියරේ ලා බෝර්ලෝන්
119728820,1554920,si,ශාන්ත පියරේ-අයිනාක්
119728897,1554921,si,ශාන්ත පියරේ-එන්-වොක්ස්
119728974,1554922,si,ශාන්ත-පියර්-එන්-වල්
119729051,1554923,si,ශාන්ත පීරිස්-එන්-පෝර්ට්
119729128,1554924,si,ශාන්ත පීරිස් එග්ලිස්
119729205,1554925,si,ශාන්ත පියරේ-ඩු-වොව්රේ
119729282,1554926,si,ශාන්ත-පියරේ-ඩු-වල්
119729359,1554927,si,ශාන්ත පියරේ-ඩු-රෙගාඩ්
119729513,1554929,si,ශාන්ත පියරේ-ඩු-පෙරේ
119729590,1554930,si,ශාන්ත පියරේ-ඩු-පැලේස්
119729667,1554931,si,ශාන්ත පියරේ-ඩු-මොන්ට්
119729744,1554932,si,ශාන්ත පියරේ-ඩු-මොන්ට්
119729821,1554933,si,ශාන්ත පියරේ-ඩු-මොන්ට්
119729898,1554934,si,ශාන්ත පියරේ-ඩු-මෙස්නිල්
119729975,1554935,si,ශාන්ත පියරේ-ඩු-ලෝරූර්
119730052,1554936,si,ශාන්ත පියරේ-ඩු-ජොන්කේ
119730129,1554937,si,ශාන්ත පියරේ-ඩු-ෆ් රෙස්
119730206,1554938,si,ශාන්ත පියරේ-ඩු-චෙමින්
119730283,1554939,si,ශාන්ත පියරේ-ඩු-චැම්ප්
119730360,1554940,si,ශාන්ත පියරේ-ඩු-බු
119730437,1554941,si,ශාන්ත පියරේ-ඩු-බොස්ගුරාඩ්
119730514,1554942,si,සින්ට්-පිඑර්රේ-ද'ඔලෙරෝන්
119730591,1554943,si,සින්ට්-පිඑර්රේ-ද'ඉරුබේ
119730668,1554944,si,සින්ට්-පිඑර්රේ-ද'එය්රුඩ්
119730745,1554945,si,ශාන්ත පීරිස්-ඩී-එක්සිඩියුල්
119730822,1554946,si,ශාන්ත පියරේ-ඩි-වාසෝල්ස්
119730899,1554947,si,ශාන්ත පියරේ-ඩි-වාරන්ස්
119730976,1554948,si,ශාන්ත පියරේ-ඩි-වොරෙන්ජිවිල්
119731053,1554949,si,ශාන්ත පියරේ-ඩි-ට් රිවිසි
119731130,1554950,si,ශාන්ත පීරිස්-ඩෙස්-ට් රිපියර්ස්
119731207,1554951,si,ශාන්ත පියරේ-ඩි-සෝසි
119731284,1554952,si,ශාන්ත පියරේ-ඩෙස්-ඔර්ම්ස්
119731361,1554953,si,ශාන්ත පියරේ-ඩෙස්-නිඩ්ස්
119731438,1554954,si,ශාන්ත පියරේ-ඩෙස්-ලොජ්
119731515,1554955,si,ශාන්ත පියරේ-ඩෙස්-ලැන්ඩ්ස්
119731592,1554956,si,ශාන්ත පියරේ-ඩෙස්-ජොන්කියර්ස්
119731669,1554957,si,ශාන්ත පීරිස්-ඩෙස්-අයිෆ්ස්
119731746,1554958,si,ශාන්ත පීරිස්-ඩෙස්-අයිෆ්ස්
119731823,1554959,si,ශාන්ත පියරේ-ඩෙස්-ෆ්ලර්ස්
119731900,1554960,si,ශාන්ත පියරේ-ඩි-සෙමිලි
119731977,1554961,si,ශාන්ත පියරේ-ඩෙස්-එචබ් රොග්නස්
119732054,1554962,si,ශාන්ත පියරේ-ඩෙස්-කෝර්ප්ස්
119732131,1554963,si,ශාන්ත පියරේ-ඩෙස්-චැම්ප්ස්
119732208,1554964,si,ශාන්ත පියරේ-ඩෙස්-බොයිස්
119732285,1554965,si,ශාන්ත පියරේ-ඩි-සැලර්න්
119732362,1554966,si,ශාන්ත පියරේ-එන්-ෆොසිග්නි
119732439,1554967,si,ශාන්ත පියරේ-ඩි-රිවියර්
119732516,1554968,si,ශාන්ත පියරේ-ඩි-ප්ලෙස්ගුන්
119732593,1554969,si,ශාන්ත පියරේ-ඩි එන්ට් රීමොන්ට්
119732670,1554970,si,ශාන්ත පියරේ-ඩි එන්ට් රීමොන්ට්
119732747,1554971,si,ශාන්ත පියරේ-ඩි එන්ට් රීමොන්ට්
119732824,1554972,si,ශාන්ත පියරේ-ඩි-නොගාරෙට්
119732978,1554974,si,ශාන්ත පියරේ-ඩි-මොන්ස්
119733055,1554975,si,ශාන්ත පියරේ-ඩි-මෙසාජ්
119733132,1554976,si,ශාන්ත පියරේ-ඩි-මීරෝස්
119733209,1554977,si,ශාන්ත පියරේ-ඩි-මැන්විල්
119733286,1554978,si,ශාන්ත පියරේ-ඩි-මයිලොක්
119733363,1554979,si,ශාන්ත පියරේ-ඩි-මේල්
119733440,1554980,si,ශාන්ත පියරේ-ඩෙල්ස්-ෆෝකාට්ස්
119733517,1554981,si,ශාන්ත පියරේ-ඩි-අයිල්
119733671,1554983,si,ශාන්ත පියරේ-ඩි-ලැජ්ස්
119733748,1554984,si,ශාන්ත පියරේ-ඩි-ලා-ෆේජ්
119733825,1554985,si,ශාන්ත පියරේ-ඩි-ජුයිලර්ස්
119733902,1554986,si,ශාන්ත පියරේ-ඩි-ජර්ඩ්ස්
119733979,1554987,si,ශාන්ත පියරේ-ඩි-ජෙනෙබ් රොස්
119734133,1554989,si,ශාන්ත පියරේ-ඩි-ෆ් රූජි
119734287,1554991,si,ශාන්ත පියරේ-ඩි-කර්ටිල්
119734364,1554992,si,ශාන්ත පියරේ-ඩි-කෝර්මේල්ස්
119734441,1554993,si,ශාන්ත පියරේ-ඩි-කොලොම්බියර්
119734518,1554994,si,ශාන්ත පියරේ-ඩි-කොල්
119734595,1554995,si,ශාන්ත පියරේ-ඩි-ක්ලෙයාර්ක්
119734672,1554996,si,ශාන්ත පියරේ-ඩි-චිග්නාක්
119734749,1554997,si,ශාන්ත පියරේ-ඩි-චෙවිල්
119734826,1554998,si,ශාන්ත පියරේ-ඩි-චෙරන්ස්
119734980,1555000,si,ශාන්ත පියරේ-ඩි-චාට් රූස්
119735057,1555001,si,ශාන්ත පියරේ-ඩි-චැන්ඩියු
119735134,1555002,si,ශාන්ත පියරේ-ඩි-සර්නියර්ස්
119735211,1555003,si,ශාන්ත පියරේ-ඩි-කොබෙල්
119735288,1555004,si,ශාන්ත පියරේ-ඩි-බුසෙට්
119735365,1555005,si,ශාන්ත පියරේ-ඩි-බ් රෙසියු
119735442,1555006,si,සින්ට්-පිඑර්රේ-දේ-ඔඑඋෆ්
119735519,1555007,si,සින්ට්-පිඑර්රේ-දේ-බෙල්ලෙවිල්ලේ
119735596,1555008,si,සින්ට්-පිඑර්රේ-දේ-බට
119735673,1555009,si,සින්ට්-පිඑර්රේ-දේ-ඓල්ලෙඋල්
119735750,1555010,si,ශාන්ත පියරේ-ඩොටිල්ස්
119735827,1555011,si,ශාන්ත පියරේ-ඩී-ඔරිලාක්
119735904,1555012,si,ශාන්ත පියරේ-ඩර්තෙග්ලිස්
119735981,1555013,si,ශාන්ත පියරේ-ඩී ආර්ජෙන්කොන්
119736058,1555014,si,ශාන්ත පියරේ-ඩි ඇමිලි
119736135,1555015,si,ශාන්ත පියරේ-ඩී ඇල්වි
119736212,1555016,si,ශාන්ත පියරේ ද ඇලෙවාර්ඩ්
119736289,1555017,si,ශාන්ත පියරේ-ඩී ඇල්බිග්නි
119736366,1555018,si,ශාන්ත පියරේ කොලමයින්
119736443,1555019,si,ශාන්ත පියරේ-චෙරිග්නාට්
119736520,1555020,si,ශාන්ත පියරේ-කනිවෙට්
119736597,1555021,si,ශාන්ත-පියර්-බෲක්
119736674,1555022,si,ශාන්ත-පියරේ-බොයිස්
119736751,1555023,si,ශාන්ත පියරේ-බෙනොවිල්
119736828,1555024,si,ශාන්ත පීරිස් බෙල්වීව්
119736905,1555025,si,ශාන්ත-පියරේ-අසීෆ්
119737059,1555027,si,ශාන්ත පියරේ-අයිගල්
119737136,1555028,si,ශාන්ත පීරිස්-ඒ-චැම්ප්
119737213,1555029,si,ශාන්ත පියරේ-අ-ආර්න්ස්
119737367,1555031,si,ශාන්ත-පියර්
119737444,1555032,si,ශාන්ත-පියර්
119737521,1555033,si,ශාන්ත-පියර්
119737675,1555035,si,ශාන්ත-පියර්
119737906,1555038,si,ශාන්ත-පියර්
119738214,1555042,si,ශාන්ත-පියර්
119738368,1555044,si,ශාන්ත-පියර්
119738522,1555046,si,ශාන්ත-පියර්
119738753,1555049,si,ශාන්ත-පියට්
119738907,1555051,si,ශාන්ත පිලිප්-ඩු-සීග්නල්
119738984,1555052,si,ශාන්ත පිලිප්-ඩී-අයිගුයිල්
119739138,1555054,si,ශාන්ත-පිලිබර්ට්
119739215,1555055,si,ශාන්ත-පිලිබර්ට්
119739369,1555057,si,ශාන්ත පිල්බට්-සර්-රිස්ල්
119739446,1555058,si,ශාන්ත-ෆිල්බර්ට්-සර්-ඕර්න්
119739523,1555059,si,ශාන්ත පිල්බට්-එන්-මොග්ස්
119739600,1555060,si,ශාන්ත-ෆිල්බර්ට්-ඩු-පොන්ට්-චරෝල්ට්
119739677,1555061,si,ශාන්ත-ෆිල්බට්-ඩු-පීපල්
119739754,1555062,si,ශාන්ත පිල්බට්-ඩෙස්-චැම්ප්ස්
119739831,1555063,si,ශාන්ත-ෆිල්බර්ට්-ඩි-ග්රෑන්ඩ්-ලියු
119739908,1555064,si,ශාන්ත පිල්බට්-ඩි-බුවාන්
119740062,1555066,si,ශාන්ත-ෆාල්
119740139,1555067,si,ශාන්ත පී-ඩි-කැස්ටෙට්ස්
119740216,1555068,si,ශාන්ත පී-ඩී-ආර්මන්ස්
119740293,1555069,si,ශාන්ත-පීවර්
119740370,1555070,si,ශාන්ත පෙරෝ
119740447,1555071,si,ශාන්ත-පර්න්
119740524,1555072,si,ශාන්ත-පෙරියුස්
119740601,1555073,si,ශාන්ත පෙරේ-සර්-ලෝයර්
119740678,1555074,si,ශාන්ත පෙරේ-එන්-රෙට්ස්
119740755,1555075,si,ශාන්ත පෙරේ මාක් එන් පොලෙට්
119740832,1555076,si,ශාන්ත-පෙරේ
119740909,1555077,si,ශාන්ත-පෙරේ
119740986,1555078,si,ශාන්ත පර්ඩෝ
119741063,1555079,si,ශාන්ත පර්ඩෝ
119741140,1555080,si,ශාන්ත-පර්ඩන්
119741217,1555081,si,ශාන්ත-පෙරේ
119741294,1555082,si,ශාන්ත-පෙරවි-ල-කොළඹ
119741371,1555083,si,ශාන්ත පෙරාවි-එප් රොක්ස්
119741525,1555085,si,ශාන්ත-පෙරන්
119741602,1555086,si,ශාන්ත-පෙල්ලරින්
119741679,1555087,si,ශාන්ත-පෙල්ලරින්
119741833,1555089,si,ශාන්ත පී-සර්-නිවෙල්
119741910,1555090,si,ශාන්ත පී ශාන්ත සයිමන්
119741987,1555091,si,ශාන්ත පී-ඩි-ලෙරන්
119742064,1555092,si,ශාන්ත පී ඩෙල්බෝස්ක්
119742141,1555093,si,ශාන්ත පී-ඩි-බිගෝර්
119742218,1555094,si,ශාන්ත පී-ඩී-ආර්ඩෙට්
119742295,1555095,si,ශාන්ත පෝල්-ට් රෝයිස්-චැටෝ
119742526,1555098,si,ශාන්ත-පෝල්-සුර්-ඉසෙරේ
119742603,1555099,si,ශාන්ත-පෝල්-මොන්ට්-පෙනිට්
119742680,1555100,si,ශාන්ත-පෝල්-ලිසොන්
119742757,1555101,si,ශාන්ත-පෝල්-ලෙස්-ඩියුරන්ස්
119742834,1555102,si,ශාන්ත-පෝල්-ලෙස්-රෝම
119742911,1555103,si,ශාන්ත-පෝල්-ලෙස්-මොනිස්ටියර්
119742988,1555104,si,ශාන්ත-පෝල්-ලෙස්-ෆොන්ට්
119743065,1555105,si,ශාන්ත-පෝල්-ලෙස්-ඩැක්ස්
119743219,1555107,si,ශාන්ත පෝල් ලෙ ජුන්
119743296,1555108,si,ශාන්ත-පෝල්-ලෙ-ගෝලියර්
119743373,1555109,si,ශාන්ත පෝල් ලෙ ෆ් රොයිඩ්
119743450,1555110,si,ශාන්ත-පෝල්-ලා-රොචේ
119743527,1555111,si,ශාන්ත-පෝල්-ලා-කොස්ට්
119743604,1555112,si,ශාන්ත-පෝලියන්
119743681,1555113,si,ශාන්ත පෝල් සහ වල්මාලේ
119743758,1555114,si,ශාන්ත පෝලට්-ඩි-කේසන්
119743835,1555115,si,ශාන්ත-පෝලට්
119743912,1555116,si,ශාන්ත-පෝල්-එන්-පරෙඩ්ස්
119743989,1555117,si,ශාන්ත-පෝල්-එන්-ජරෙස්
119744066,1555118,si,ශාන්ත-පෝල්-එන්-ගැටීන්
119744143,1555119,si,ශාන්ත පෝල්-එන්-ෆොරෙට්
119744220,1555120,si,ශාන්ත-පෝල්
119744297,1555121,si,ශාන්ත-පෝල්-එන්-චබ්ලායිස්
119744374,1555122,si,ශාන්ත පෝල්-එන්-බෝන්
119744451,1555123,si,ශාන්ත පෝල්-ඩූසෝර්
119744528,1555124,si,ශාන්ත-පෝල්-ඩු-වර්නේ
119744605,1555125,si,ශාන්ත-පෝල්-ඩු-බොයිස්
119744759,1555127,si,ශාන්ත පෝල්-ඩි අයිසෝ
119744836,1555128,si,ශාන්ත පෝල්-ඩි-වෙසෙලින්
119744913,1555129,si,ශාන්ත පෝල් ඩි වර්න්
119744990,1555130,si,ශාන්ත පෝල්-ඩි-වර්සස්
119745067,1555131,si,ශාන්ත පෝල් ද වරාක්ස්
119745144,1555132,si,ශාන්ත-පෝල්-ඩි-ටාටාස්
119745221,1555133,si,ශාන්ත පෝල්-ඩි එස්පීස්
119745298,1555134,si,ශාන්ත පෝල්-ඩෙස්-ලැන්ඩ්ස්
119745452,1555136,si,ශාන්ත පෝල් ද සෙරී
119745529,1555137,si,ශාන්ත පෝල්-ඩි-සැලර්ස්
119745606,1555138,si,ශාන්ත-පෝල්-ඩි-ජරට්
119745683,1555139,si,ශාන්ත පෝල් ඩි ෆෝක්ස්
119745760,1555140,si,ශාන්ත පෝල්-ඩි-ෆෙනොයි
119745914,1555142,si,ශාන්ත-පෝල්-ඩි-බයිස්
119745991,1555143,si,ශාන්ත පෝල් කැප් ඩි ජොක්ස්
119746068,1555144,si,ශාන්ත පෝල්-ඔක්ස්-බොයිස්
119746222,1555146,si,ශාන්ත-පෝල්
119746299,1555147,si,ශාන්ත-පෝල්
119746453,1555149,si,ශාන්ත-පෝල්
119746607,1555151,si,ශාන්ත-පෝල්
119746761,1555153,si,ශාන්ත-පෝල්
119746838,1555154,si,ශාන්ත-පෝල්
119746915,1555155,si,ශාන්ත-පෝල්-සූර්-උබයේ
119746992,1555156,si,ශාන්ත-පෝල්-ඩි-වෙන්ස්
119747069,1555157,si,ශාන්ත පෝල්-සර්-සේව්
119747146,1555158,si,ශාන්ත-පෝල්
119747223,1555159,si,ශාන්ත පැට් රිස්-ඩු-ඩෙසර්ට්
119747300,1555160,si,ශාන්ත පැට් රිස්-ඩි-ක්ලේඩ්ස්
119747454,1555162,si,ශාන්ත පැට්‍රිස්
119747531,1555163,si,ශාන්ත-පාතුස්
119747608,1555164,si,ශාන්ත පැටර්න්-රැකන්
119747762,1555166,si,ශාන්ත පැටර්න්
119747916,1555168,si,ශාන්ත-පැස්ටස්
119747993,1555169,si,ශාන්ත-පාස්ටර්
119748070,1555170,si,ශාන්ත පාර්තම්
119748147,1555171,si,ශාන්ත පැරස්-ලෙස්-වොඩ්ස්
119748224,1555172,si,ශාන්ත පැරස්-ඔක්ස්-ටර්ට්ස්
119748301,1555173,si,සෙන්ට් පැරිස් ලෙ චැටෙල්
119748378,1555174,si,ශාන්ත පැරිස්-එන්-විරි
119748455,1555175,si,ශාන්ත පර්ගෝයර්
119748532,1555176,si,ශාන්ත පර්ඩොක්ස්-එල් ඔර්ටිජියර්
119748609,1555177,si,ශාන්ත පර්ඩොක්ස්-ලෙ-වික්ස්
119748686,1555178,si,ශාන්ත පර්ඩොක්ස් ලෙස් කාඩ්ස්
119748840,1555180,si,ශාන්ත පර්ඩොක්ස්-ලෙ-නියුෆ්
119748917,1555181,si,ශාන්ත පර්ඩොක්ස්-ලෙ-නියුෆ්
119748994,1555182,si,ශාන්ත පර්ඩොක්ස්-මෝර්ටෙරෝල්ස්
119749071,1555183,si,ශාන්ත පර්ඩොක්ස් ලා රිවිරේ
119749148,1555184,si,ශාන්ත පර්ඩොක්ස්-ලා-ක් රොයිසිල්
119749225,1555185,si,ශාන්ත-පාර්ඩෝ-අයිසැක්
119749302,1555186,si,ශාන්ත පර්ඩොක්ස් සහ විල්වික්
119749379,1555187,si,ශාන්ත පර්ඩොක්ස්-ඩු-බ් රූයිල්
119749533,1555189,si,ශාන්ත පර්ඩොක්ස්-ඩි-ඩ් රෝන්
119749610,1555190,si,ශාන්ත පර්ඩොක්ස්-ඩර්නෙට්
119749687,1555191,si,ශාන්ත පර්ඩොක්ස්-කෝර්බියර්
119749841,1555193,si,ශාන්ත-පර්ඩෝක්ස්
119749918,1555194,si,ශාන්ත-පර්ඩෝක්ස්
119749995,1555195,si,ශාන්ත-පර්ඩෝක්ස්
119750149,1555197,si,ශාන්ත-පර්ඩෝල්ට්
119750226,1555198,si,ශාන්ත-සමාව-ද-කොන්කස්
119750380,1555200,si,ශාන්ත-පපෝල්
119750457,1555201,si,ශාන්ත පැන්ටලි-ඩී-එක්සිඩියුයිල්
119750534,1555202,si,ශාන්ත පැන්ටලි-ඩී-ඇන්ස්
119750611,1555203,si,ශාන්ත පැන්ටාලියන්-ලෙස්-විග්නස්
119750688,1555204,si,ශාන්ත පැන්ටාලියන්-ඩි-ලාර්ච්
119750765,1555205,si,ශාන්ත පැන්ටාලියන්-ඩි-ලැප්ලෝ
119750842,1555206,si,ශාන්ත-පැන්ටලියන්
119750919,1555207,si,ශාන්ත-පැන්ටලියන්
119750996,1555208,si,ශාන්ත-පැන්ටලියන්
119751073,1555209,si,ශාන්ත-පැන්ඩෙලෝන්
119751150,1555210,si,ශාන්ත-පැන්ක්රේ
119751304,1555212,si,ශාන්ත-පැන්ක්රේස්
119751381,1555213,si,ශාන්ත-පැන්ක්රේස්
119751458,1555214,si,ශාන්ත පල්-ඩි-චාලෙන්කොන්
119751535,1555215,si,ශාන්ත පල්-ඩි-සෙනෝයර්
119751612,1555216,si,සෙන්ට් පල් ඩි මොන්ස්
119751766,1555218,si,ශාන්ත පැලේස්-සර්-මර්
119751843,1555219,si,ශාන්ත පැලේස්-ඩු-නෙ
119751920,1555220,si,ශාන්ත පැලේස්-ඩි-ෆියෝලින්
119751997,1555221,si,ශාන්ත පැලේස්-ඩි-නෙග් රිග්නාක්
119752074,1555222,si,ශාන්ත-පැලිස්
119752151,1555223,si,ශාන්ත-පැලිස්
119752228,1555224,si,ශාන්ත-පැලිස්
119752305,1555225,si,ශාන්ත-පැලිස්
119752459,1555227,si,ශාන්ත පේර්-සර්-මර්
119752536,1555228,si,සෙන්ට්-පේර්-ඩු-මොන්ට්
119752613,1555229,si,ශාන්ත යුගල
119752690,1555230,si,ශාන්ත-පේර්
119752921,1555233,si,ශාන්ත-පාබු
119753075,1555235,si,ශාන්ත අවුට් රිල්
119753152,1555236,si,ශාන්ත-අපේ
119753229,1555237,si,ශාන්ත-අපේ
119753460,1555240,si,ශාන්ත-ඕල්ෆ්
119753537,1555241,si,ශාන්ත ඕවන්-සර්-මොරින්
119753614,1555242,si,ශාන්ත ඕවන්-සර්-මේර්
119753691,1555243,si,ශාන්ත ඕවන්-සර්-ඉටන්
119753768,1555244,si,ශාන්ත ඕවන්-සර්-ගාර්ටෙම්ප්
119753845,1555245,si,ශාන්ත ඕවන්-සෝස්-බේලි
119753922,1555246,si,ශාන්ත ඕවන්-මාර්චෙෆ්රෝයි
119753999,1555247,si,ශාන්ත ඕවන් ලෙස් විග්නස්
119754076,1555248,si,ශාන්ත ඕවන් ලෙස් පැරී
119754153,1555249,si,සෙන්ට් ඕවන් ලෙ පින්
119754230,1555250,si,ශාන්ත ඕවන් ලෙ මොගර්
119754307,1555251,si,ශාන්ත ඕවන් ලෙ හූක්ස්
119754384,1555252,si,සින්ට්-ඕඋඑන්-ලේ-බ්‍රිසොඋල්ට්
119754461,1555253,si,ශාන්ත ඕවන්-එල්-ඕමොන්
119754538,1555254,si,ශාන්ත ඕවන්-ඩොම්ප් රොට්
119754615,1555255,si,ශාන්ත ඕවන්-එන්-ෂැම්පේන්
119754692,1555256,si,ශාන්ත ඕවන්-එන්-බ් රී
119754769,1555257,si,ශාන්ත ඕවන්-එන්-බෙලින්
119754846,1555258,si,සින්ට්-ඕඋඑන්-දු-ටිල්ලෙඋල්
119754923,1555259,si,සින්ට්-ඕඋඑන්-දු-මෙස්නිල්-ඔගේර්
119755000,1555260,si,සින්ට්-ඕඋඑන්-දු-රෙඋඉල්
119755077,1555261,si,සින්ට්-ඕඋඑන්-දේ-තොඋබෙර්විල්ලේ
119755154,1555262,si,ශාන්ත ඕවන්-ඩෙස්-වොලොන්ස්
119755231,1555263,si,ශාන්ත ඕවන්-ඩෙස්-ටොයිට්ස්
119755308,1555264,si,ශාන්ත ඕවන්-ඩි-සෙචරූව්ර්
119755385,1555265,si,ශාන්ත ඕවන්-ඩෙස්-චැම්ප්ස්
119755462,1555266,si,ශාන්ත ඕවන්-ඩෙස්-බෙසාස්ස්
119755539,1555267,si,ශාන්ත ඕවන්-ඩෙස්-ඇලුක්ස්
119755616,1555268,si,ශාන්ත ඕවන්-ඩි-පොන්චුවෙල්
119755693,1555269,si,සෙන්ට් ඕවන් ඩි මිම්බ් රේ
119755770,1555270,si,ශාන්ත ඕවන් ලා රූරි
119755847,1555271,si,සෙන්ට් ඕවන් ඩි ලා කෝර්
119755924,1555272,si,ශාන්ත ඕවන්-ඩොනිස්
119756001,1555273,si,ශාන්ත ඕවන්-ඩැටෙස්
119756078,1555274,si,ශාන්ත-ඔවන්
119756309,1555277,si,ශාන්ත-ඔවන්
119756386,1555278,si,ශාන්ත-ඔවන්
119756540,1555280,si,ශාන්ත ඕවන්-සර්-ලෝයර්
119756617,1555281,si,ශාන්ත ඕවන් ලා තීන්
119756694,1555282,si,සැන්ටෝ අයෝනා
119756771,1555283,si,ශාන්ත-ඔස්ට්
119756848,1555284,si,ශාන්ත ඔරන්ස්-පොයි-පෙටි
119756925,1555285,si,ශාන්ත ඔරන්ස්-ඩි-ගේම්විල්
119757002,1555286,si,ශාන්ත-ඔරෙන්ස්
119757079,1555287,si,සෙන්ට් ඔරඩොක්ස් ප් රෙස් ක් රොක්
119757156,1555288,si,ශාන්ත ඔරඩොක්ස්-ඩි-චිරෝස්
119757233,1555289,si,ශාන්ත-ඔනෙන්-ලා-චැපල්
119757310,1555290,si,ශාන්ත-ඔන්ඩ්රාස්
119757387,1555291,si,ශාන්ත-ඔමර්-එන්-චවුසි
119757464,1555292,si,ශාන්ත-ඔමර්-කැපල්
119757541,1555293,si,ශාන්ත-ඔමර්
119757618,1555294,si,ශාන්ත-ඔමර්
119757772,1555296,si,ශාන්ත ඔෆෙන්ජ්-ඩෙසස්
119757849,1555297,si,ශාන්ත ඔෆෙන්ජ්-ඩෙසෝස්
119758157,1555301,si,සෙන්ට් නොම් ලා බ් රෙටෙච්
119758234,1555302,si,ශාන්ත-නොල්ෆ්
119758311,1555303,si,ශාන්ත නිසියර්-සර්-ආරූක්ස්
119758388,1555304,si,ශාන්ත නිසියර්-සෝස්-චාලියු
119758465,1555305,si,ශාන්ත නිසියර්-ලෙ-ඩෙසර්ට්
119758542,1555306,si,ශාන්ත නිසියර්-ලෙ-බුචෝ
119758619,1555307,si,ශාන්ත නිසියර්-ඩු-මූචරොට්
119758696,1555308,si,ශාන්ත නිසියර්-ඩි-ෆෝනාස්
119758773,1555309,si,ශාන්ත නිසියර්-ඩී-අසර්ගස්
119759004,1555312,si,ශාන්ත නිකොලස්-ලෙස්-සිටෝ
119759081,1555313,si,ශාන්ත-නිකොලස්-ලා-චැපල්
119759158,1555314,si,ශාන්ත-නිකොලස්-ලා-චැපල්
119759235,1555315,si,ශාන්ත-නිකොලස්-ඩු-ටෙර්ටර්
119759312,1555316,si,ශාන්ත-නිකොලස්-ඩු-පෙලම්
119759466,1555318,si,ශාන්ත-නිකොලස්-ඩු-බොස්ක්
119759620,1555320,si,ශාන්ත නිකොලස්-ඩි-සොමේර්
119759697,1555321,si,ශාන්ත නිකොලස්-ඩෙස්-මොටෙට්ස්
119759774,1555322,si,ශාන්ත නිකොලස්-ඩෙස්-ලයිටියර්ස්
119759851,1555323,si,ශාන්ත-නිකොලස්-ඩෙස්-බෝයිස්
119759928,1555324,si,ශාන්ත-නිකොලස්-ඩෙස්-බෝයිස්
119760005,1555325,si,ශාන්ත-නිකොලස්-ඩෙස්-බීෆ්ස්
119760082,1555326,si,ශාන්ත-නිකොලස්-ඩි-රෙඩන්
119760159,1555327,si,ශාන්ත නිකොලස්-ඩි-පෝර්ට්
119760236,1555328,si,ශාන්ත-නිකොලස්-ඩි-පියර්පොන්ට්
119760313,1555329,si,ශාන්ත-නිකොලස්-ඩි-මැචරින්
119760390,1555330,si,ශාන්ත-නිකොලස්-ඩි-ලා-ටයිල්
119760467,1555331,si,ශාන්ත-නිකොලස්-ඩි-ලා-හයි
119760544,1555332,si,ශාන්ත-නිකොලස්-ඩි-ලා-ග්රේව්
119760621,1555333,si,ශාන්ත-නිකොලස්-ඩි-ලා-බාලර්මේ
119760852,1555336,si,ශාන්ත-නිකොලස්-ඩි-බෝර්ගුයිල්
119760929,1555337,si,ශාන්ත නිකොලස්-ඩි-බ්ලික්ටියුට්
119761006,1555338,si,ශාන්ත නිකොලස්-ඩැටෙස්
119761083,1555339,si,ශාන්ත-නිකොලස්-ඩී ඇලියර්මොන්ට්
119761160,1555340,si,ශාන්ත-නිකලස්-කෝර්බෙෆි
119761237,1555341,si,ශාන්ත නිකොලස්-ඔක්ස්-බොයිස්
119761391,1555343,si,ශාන්ත-නිකලස්
119761853,1555349,si,ශාන්ත-නිකොඩේම්
119761930,1555350,si,ශාන්ත-නික්
119762007,1555351,si,ශාන්ත-නෙක්සාන්ස්
119762084,1555352,si,ශාන්ත-නෙක්ටෙයාර්
119762161,1555353,si,ශාන්ත නසීර්-සර්-ෂාරන්ට්
119762238,1555354,si,ශාන්ත නසීර්-ලෙ-ඩෙසර්ට්
119762315,1555355,si,ශාන්ත නසීර්-එන්-රොයාන්ස්
119762392,1555356,si,ශාන්ත නසීර් ද වැලන්ටේන්
119762469,1555357,si,ශාන්ත නසීර්-ඩෙස්-ගාර්ඩිස්
119762546,1555358,si,ශාන්ත නසීර්-ඩි-පෙසාන්
119762623,1555359,si,ශාන්ත නසීර්-ඩි-ලාඩරෙස්
119762700,1555360,si,ශාන්ත නසීර්-ඩොඩ්
119762777,1555361,si,ශාන්ත-නසායර්
119762854,1555362,si,ශාන්ත නසීර්-ලෙස්-අයිම්ස්
119763008,1555364,si,ශාන්ත-නසායර්
119763085,1555365,si,ශාන්ත-නසායර්
119763162,1555366,si,ශාන්ත-නසායර්
119763239,1555367,si,ශාන්ත-නෞෆරි
119763316,1555368,si,ශාන්ත නබෝර්ඩ්-සර්-ඕබ්
119763393,1555369,si,ශාන්ත-නබෝර්ඩ්
119763470,1555370,si,ශාන්ත-නබෝර්
119763547,1555371,si,ශාන්ත-මියොන්
119763624,1555372,si,ශාන්ත මුරි-මොන්ටේමන්ඩ්
119763701,1555373,si,ශාන්ත-මොරිලන්
119763778,1555374,si,ශාන්ත-මොරල්
119763855,1555375,si,ශාන්ත-මොරෙයිල්
119763932,1555376,si,ශාන්ත-මෝර්
119764163,1555379,si,ශාන්ත-මොන්ටන්
119764240,1555380,si,ශාන්ත මොන්ට්
119764317,1555381,si,ශාන්ත-මොමලින්
119764394,1555382,si,ශාන්ත-මෝල්ෆ්
119764625,1555385,si,ශාන්ත මිට්රේ ලෙස් රෙම්පාර්ට්ස්
119764702,1555386,si,ශාන්ත-මිහියෙල්
119764856,1555388,si,ශාන්ත-මිචෙල්-සුර්-සවස්සේ
119764933,1555389,si,ශාන්ත මයිකල්-සර්-රෝන්
119765010,1555390,si,ශාන්ත මයිකල්-සර්-ඔර්ජ්
119765087,1555391,si,ශාන්ත-මිචෙල්-සුර්-මූර්තේ
119765164,1555392,si,ශාන්ත මයිකල්-සර්-ලෝයර්
119765241,1555393,si,ශාන්ත-මයිකල්-සුස්-බොයිස්
119765318,1555394,si,ශාන්ත-මිෂෙල්
119765395,1555395,si,ශාන්ත-මයිකල්-මොන්ට්-මර්කුරේ
119765472,1555396,si,සින්ට්-මිචෙල්-ළෞබෙජෞ
119765549,1555397,si,ශාන්ත මයිකල්-එල් නිරීක්ෂණාගාරය
119765626,1555398,si,ශාන්ත මයිකල්-ලෙස්-පෝර්ට්ස්
119765703,1555399,si,ශාන්ත මයිකල් එල් එක්ලූස් සහ ලෙපරොන්
119765780,1555400,si,ශාන්ත මයිකල්-ලෙ-ක්ලූක්
119765857,1555401,si,ශාන්ත-මිචෙල්-ද-ලපුජාඩේ
119765934,1555402,si,ශාන්ත-මයිකල්-ටුබෝෆ්
119766011,1555403,si,ශාන්ත-මයිකල්-ලබාඩි
119766088,1555404,si,ශාන්ත මයිකල් සහ චැන්වෝ
119766165,1555405,si,එස්චාලුස්
119766242,1555406,si,ශාන්ත මයිකල්-එන්-එල් හර්ම්
119766319,1555407,si,ශාන්ත මයිකල්-එන්-ග් රීව්
119766396,1555408,si,ශාන්ත-මයිකල්-එන්-බ්‍රෙන්
119766550,1555410,si,ශාන්ත මයිකල්-ඩී-හලෙස්කෝර්ට්
119766627,1555411,si,ශාන්ත-මයිකල්-ඩි-වොලැන්ගිස්
119766704,1555412,si,ශාන්ත මයිකල්-ඩි-විලාඩෙක්ස්
119766781,1555413,si,ශාන්ත මයිකල්-ඩි-වයිස්
119766858,1555414,si,ශාන්ත-මයිකල්-ඩි-වැක්ස්
119766935,1555415,si,ශාන්ත මයිකල්-ඩී-යුසෙට්
119767012,1555416,si,ශාන්ත මයිකල්-ඩෙස්-ලොප්ස්
119767089,1555417,si,ශාන්ත මයිකල්-ඩෙස්-ඇන්ඩයින්ස්
119767166,1555418,si,ශාන්ත මයිකල්-ඩි-සෙන්ට්-ජියෝර්ස්
119767243,1555419,si,ශාන්ත-මිචෙල්-ඩි-රිවියර්
119767320,1555420,si,ශාන්ත මයිකල්-ඩි-රියෝෆ්රෙට්
119767397,1555421,si,ශාන්ත-මයිකල්-ඩි-ප්ලේලන්
119767474,1555422,si,ශාන්ත-මිචෙල්-ඩි-මොන්ට්ජෝයි
119767551,1555423,si,ශාන්ත මයිකල්-ඩි-මොන්ටේන්
119767628,1555424,si,ශාන්ත මයිකල්-ඩි-මොරියන්
119767705,1555425,si,ශාන්ත මයිකල්-ඩි-ලොට්ස්
119767782,1555426,si,ශාන්ත මයිකල්-ඩි-ලිවට්
119767859,1555427,si,ශාන්ත-මිචෙල්-ඩි-ලා-රෝ
119767936,1555428,si,ශාන්ත-මිචෙල්-ඩි-ලා-පියර්
119768013,1555429,si,ශාන්ත මයිකල්-ඩි-ලැනේස්
119768090,1555430,si,ශාන්ත-මිචෙල්-ඩි-ෆ්රොන්සැක්
119768244,1555432,si,ශාන්ත මයිකල්-ඩි-ෆයින්ස්
119768321,1555433,si,ශාන්ත-මයිකල්-ඩි-ඩබල්
119768398,1555434,si,සින්ට්-මිචෙල්-දේ-ඩෙළෙ
119768475,1555435,si,ශාන්ත-මිචෙල්-ඩි-චවේග්නස්
119768552,1555436,si,ශාන්ත-මිෂෙල්
119768629,1555437,si,ශාන්ත මයිකල්-ඩි-චබ්රිලනොක්ස්
119768706,1555438,si,ශාන්ත-මිචෙල්-ඩි-කැස්ටල්නෝ
119768783,1555439,si,ශාන්ත මයිකල්-ඩි-බූලෝන්
119768860,1555440,si,ශාන්ත-මයිකල්-ඩි-බැනියර්ස්
119768937,1555441,si,ශාන්ත මයිකල්-ඩෝරන්ස්
119769014,1555442,si,ශාන්ත-මයිකල්-චෙෆ්-චෙෆ්
119769091,1555443,si,ශාන්ත-මිෂෙල්
119769168,1555444,si,ශාන්ත-මිෂෙල්
119769553,1555449,si,ශාන්ත-මිෂෙල්
119769938,1555454,si,ශාන්ත-මිෂෙල්
119770015,1555455,si,ශාන්ත-මිෂෙල්
119770169,1555457,si,ශාන්ත-මිෂෙල්
119770246,1555458,si,ශාන්ත-මිෂෙල්
119770323,1555459,si,ශාන්ත-මිෂෙල්
119770400,1555460,si,ශාන්ත-මිකාඩ්
119770554,1555462,si,සින්ට්-ම'හෙර්වේ
119770631,1555463,si,ශාන්ත-මෙසාඩ්
119770785,1555465,si,ශාන්ත-මෙක්සන්ට්
119770862,1555466,si,ශාන්ත-මෙස්මින්
119770939,1555467,si,ශාන්ත-මෙස්මින්
119771016,1555468,si,ශාන්ත-මෙස්මින්
119771093,1555469,si,ශාන්ත-මෙස්මින්
119771170,1555470,si,ශාන්ත-මෙස්මෙස්
119771247,1555471,si,ශාන්ත මෙස්ලින්-ඩු-බොස්ක්
119771324,1555472,si,ශාන්ත-මේරි
119771401,1555473,si,ශාන්ත මර්ඩ් ලෙස් ඔසිනස්
119771478,1555474,si,ශාන්ත මර්ඩ් ලා බ් රූයිල්
119771555,1555475,si,ශාන්ත මර්ඩ්-ඩි-ලැප්ලෝ
119771632,1555476,si,ශාන්ත-මෙනූක්ස්
119771709,1555477,si,ශාන්ත-මෙන්ජස්
119771786,1555478,si,ශාන්ත-මෙන්ජ්
119771863,1555479,si,ශාන්ත-මෙමී
119771940,1555480,si,සින්ට්-මෙමෙ-ලේ-ටෙනු
119772017,1555481,si,සින්ට්-මෙමෙ-ලෙස-අර්රිඑරෙස්
119772171,1555483,si,සින්ට්-මෙලොඉර්-දෙස්-ඔන්දෙස්
119772248,1555484,si,සින්ට්-මෙලොඉර්-දෙස්-බෝඉස්
119772325,1555485,si,සින්ට්-මෙලන්ය්
119772402,1555486,si,සින්ට්-මෙලිනේ-සුරැ-ඖබන්චේ
119772556,1555488,si,සින්ට්-මීන්-ලේ-ග්රෑන්ඩ්
119772710,1555490,si,ශාන්ත-මීන්
119772787,1555491,si,සින්ට්-මෙදර්ඩ්-සුරැ-ඉල්ලේ
119772864,1555492,si,ශාන්ත-මෙඩාර්ඩ්
119773018,1555494,si,ශාන්ත මෙඩාර්ඩ්-එන්-ෆෝර්ස්
119773095,1555495,si,ශාන්ත මෙඩාර්ඩ්-ඩී-එයාන්ස්
119773172,1555496,si,ශාන්ත මෙඩාර්ඩ්-ඩී-එක්සිඩියුයිල්
119773326,1555498,si,සෙන්ට් මෙඩාර්ඩ් ඩි ප් රෙස්ක්
119773403,1555499,si,ශාන්ත මෙඩාර්ඩ්-ඩි-මුසිඩාන්
119773480,1555500,si,ශාන්ත මෙඩාර්ඩ්-ඩි-ගුයිසියර්ස්
119773557,1555501,si,ශාන්ත මෙඩාර්ඩ්-ඩොනිස්
119773634,1555502,si,ශාන්ත-මෙඩාර්ඩ්
119773711,1555503,si,ශාන්ත-මෙඩාර්ඩ්
119773788,1555504,si,ශාන්ත-මෙඩාර්ඩ්
119773865,1555505,si,ශාන්ත මෙඩාර්ඩ් ලා රොෂෙට්
119773942,1555506,si,ශාන්ත-මෙඩාර්ඩ්
119774019,1555507,si,ශාන්ත-මෙඩාර්ඩ්
119774096,1555508,si,ශාන්ත-මෙඩාර්ඩ්
119774173,1555509,si,ශාන්ත-මෙඩාර්ඩ්
119774327,1555511,si,ශාන්ත-මෙඩාර්ඩ්
119774404,1555512,si,ශාන්ත-මෙඩාර්ඩ්
119774481,1555513,si,ශාන්ත-මෙඩාර්ඩ්
119774558,1555514,si,සෙන්ට්-මෙයාර්ඩ්-ඩි-ගුර්කොන්
119774635,1555515,si,සෙන්ට්-මීඩ්-ඩි-ඩ් රෝන්
119774712,1555516,si,ශාන්ත-මර්ඩ්
119774789,1555517,si,සින්ට්-මීමේ-දේ-පෙරේය්රෝල්
119774866,1555518,si,සින්ට්-අයෙඋෂ්
119775020,1555520,si,ශාන්ත මැක්සිර්
119775097,1555521,si,ශාන්ත මැක්සිමින්-ලා-සෙන්ට්-බවුම්
119775174,1555522,si,ශාන්ත-මැක්සිමින්
119775251,1555523,si,ශාන්ත-මැක්සිමින්
119775328,1555524,si,ශාන්ත-මැක්සිමින්
119775405,1555525,si,ශාන්ත-මැක්සන්ට්
119775482,1555526,si,ශාන්ත-මැක්ස්
119775559,1555527,si,සෙන්ට්-මෝර්-සර්-ලෙ-ලොයර්
119775636,1555528,si,ශාන්ත-මවුර්
119775713,1555529,si,ශාන්ත-මෞරින්
119775867,1555531,si,ශාන්ත-මොරිස්-තිසෝවායිල්
119775944,1555532,si,ශාන්ත මොරිස්-සර්-වින්ජියන්
119776021,1555533,si,ශාන්ත මොරිස්-සර්-මොසෙල්
119776098,1555534,si,ශාන්ත මොරිස්-සර්-මෝර්ටාන්
119776252,1555536,si,ශාන්ත මොරිස්-සර්-හයිස්නේ
119776329,1555537,si,ශාන්ත මොරිස්-සර්-ෆෙසාර්ඩ්
119776406,1555538,si,ශාන්ත මොරිස්-සර්-අයිග්ස්
119776483,1555539,si,චබනිඑරේ
119776560,1555540,si,ශාන්ත මොරිස්-සර්-අවේරන්
119776637,1555541,si,ශාන්ත මොරිස්-සර්-ඇඩෝර්
119776714,1555542,si,ශාන්ත මොරිස්-සෝස්-ලෙස්-කෝට්ස්
119776791,1555543,si,ශාන්ත මොරිස්-සෙන්ට් ජර්මන්
119776868,1555544,si,ශාන්ත මොරිස් ප් රෙස් පියොන්සාට්
119776945,1555545,si,ශාන්ත මොරිස් ප් රෙස් ක් රොක්
119777022,1555546,si,ශාන්ත-මොරිස්-නවසෙල්ස්
119777099,1555547,si,ශාන්ත-මොරිස්-මොන්ට්කුරෝන්
119777176,1555548,si,ශාන්ත මොරිස්-එල්-එක්සිල්
119777253,1555549,si,ශාන්ත මොරිස්-ලෙ-වීල්
119777330,1555550,si,ශාන්ත මොරිස්-ලෙස්-කවුච්ස්
119777407,1555551,si,ශාන්ත මොරිස් ලෙස් චැටෝනියුෆ්
119777484,1555552,si,ශාන්ත මොරිස් ලෙස් චාරන්සි
119777561,1555553,si,ශාන්ත මොරිස් ලෙස් බ් රූස්
119777638,1555554,si,ශාන්ත මොරිස් ලෙ ජිරාඩ්
119777715,1555555,si,ශාන්ත මොරිස් ලා සවුටර්රයින්
119777792,1555556,si,ශාන්ත-මොරිස්
119777869,1555557,si,ශාන්ත-මොරිස්-ලා-ක්ලෝවර්
119777946,1555558,si,ශාන්ත මොරිස්-එන්-වල්ගුඩෙමාර්
119778023,1555559,si,ශාන්ත මොරිස්-එන්-ට් රීව්ස්
119778100,1555560,si,ශාන්ත මොරිස්-එන්-රිවියර්
119778177,1555561,si,ශාන්ත මොරිස්-එන්-කෙර්සි
119778254,1555562,si,ශාන්ත-මොරිස්-ක්‍රිලට්
119778331,1555563,si,ශාන්ත මොරිස්-එන්-ගෝර්ගෝයිස්
119778408,1555564,si,ශාන්ත මොරිස්-එන්-කොටෙන්ටින්
119778485,1555565,si,ශාන්ත-මොරිස්-කොලොම්බියර්
119778562,1555566,si,ශාන්ත මොරිස්-ඩු-ඩෙසර්ට්
119778639,1555567,si,ශාන්ත මොරිස්-ඩි ඉබි
119778716,1555568,si,ශාන්ත මොරිස්-ඩි-වෙන්ටලෝන්
119778793,1555569,si,ශාන්ත මොරිස්-ඩි එටෙලන්
119778870,1555570,si,ශාන්ත මොරිස්-ඩි-ටවර්නෝල්
119778947,1555571,si,ශාන්ත-මොරිස්-ඩෙස්-නූස්
119779024,1555572,si,ශාන්ත මොරිස්-ඩෙස්-ලියොන්ස්
119779101,1555573,si,ශාන්ත මොරිස්-ඩෙස්-චැම්ප්ස්
119779178,1555574,si,ශාන්ත මොරිස්-ඩි-සැටොනායි
119779486,1555578,si,ශාන්ත මොරිස්-ඩි-රෙමන්ස්
119779563,1555579,si,ශාන්ත මොරිස්-ඩි-ලිගන්
119779640,1555580,si,ශාන්ත මොරිස්-ඩි-ලෙස්ටැපල්
119779717,1555581,si,ශාන්ත-මොරිස් ද ලෝරන්කන්
119779794,1555582,si,ශාන්ත මොරිස්-ඩි-ගුර්ඩන්ස්
119779871,1555583,si,ශාන්ත මොරිස්-ඩි-කේස්විල්
119779948,1555584,si,ශාන්ත මොරිස්-ඩි-බෙයිනොස්ට්
119780025,1555585,si,ශාන්ත මොරිස්-ඩී-ආර්ඩෙච්
119780102,1555586,si,ශාන්ත මොරිස්-ඔක්ස්-රිච්ස්-හෝම්ස්
119780179,1555587,si,ශාන්ත මොරිස්-ඔක්ස්-ෆෝජ්ස්
119780333,1555589,si,ශාන්ත-මොරිස්
119780410,1555590,si,ශාන්ත-මොරිස්
119780487,1555591,si,ශාන්ත-මොරිස්
119780564,1555592,si,ශාන්ත-මොරිස්
119780718,1555594,si,ශාන්ත-මොරිස්
119780949,1555597,si,සෙන්ට්-මෝර්-ඩෙස්-ෆොස්
119781026,1555598,si,සෙන්ට්-මෝර්-ඩෙස්-බොයිස්
119781103,1555599,si,ශාන්ත-මවුර්
119781257,1555601,si,ශාන්ත-මවුර්
119781334,1555602,si,ශාන්ත-මවුර්
119781411,1555603,si,ශාන්ත-මවුර්
119781488,1555604,si,ශාන්ත මවුල්විස්
119781565,1555605,si,ශාන්ත-මෞගන්
119781719,1555607,si,ශාන්ත-මවුඩෙස්
119782027,1555611,si,අයින් ටවුජ්දත්
119782104,1555612,si,ශාන්ත-මාත්රේ
119782181,1555613,si,ශාන්ත-මතුරින්-ලියෝබසෙල්
119782258,1555614,si,ශාන්ත මාතුරින්-සර්-ලෝයර්
119782335,1555615,si,ශාන්ත-මතුරින්
119782412,1555616,si,ශාන්ත මැතිව්-ඩි-ට් රෙවියර්ස්
119782489,1555617,si,සින්ට්-අථිඑඋ
119782566,1555618,si,ශාන්ත-මාස්ම්ස්
119782643,1555619,si,ශාන්ත මේරි ලෙ ප්ලේන්
119782720,1555620,si,ශාන්ත-මරියා
119782797,1555621,si,ශාන්ත-මාර්ටෝරි
119782874,1555622,si,ශාන්ත-මාටින්-වෙසුබි
119782951,1555623,si,ශාන්ත මාටින්-වල්මෙරෝ
119783028,1555624,si,ශාන්ත-මාටින්-ටෙරෙසස්
119783105,1555625,si,ශාන්ත මාටින්-සර්-ඔස්ට්
119783182,1555626,si,ශාන්ත මාටින්-සර්-ඕවාන්
119783259,1555627,si,ශාන්ත මාටින්-සර්-ඔරෙස්
119783336,1555628,si,ශාන්ත මාටින්-සර්-ඔක්රේ
119783413,1555629,si,ශාන්ත මාටින්-සර්-ඔක්රේ
119783490,1555630,si,ශාන්ත මාටින්-සර්-නොහයින්
119783567,1555631,si,ශාන්ත මාටින්-සර්-ලෙ-ප් රේ
119783644,1555632,si,ශාන්ත මාටින්-සර්-ලා-චැම්බර්
119783721,1555633,si,ශාන්ත මාටින්-සර්-ලා-රෙන්
119783798,1555634,si,ශාන්ත මාටින්-සර්-එකෙලියන්
119783875,1555635,si,ශාන්ත මාටින්-සර්-කොජුල්
119784029,1555637,si,ශාන්ත මාටින්-සර්-ආර්මන්කොන්
119784106,1555638,si,ශාන්ත මාටින්-සෝස්-විගොරොක්ස්
119784183,1555639,si,සින්ට්-මාර්ටින් සොඋස් ඖළෙඋඉල්
119784260,1555640,si,ශාන්ත මාටින්-සෝස්-මොන්ටේගු
119784337,1555641,si,ශාන්ත-මාටින්-සෙපර්ට්
119784414,1555642,si,ශාන්ත මාටින්-ශාන්ත ෆර්මින්
119784491,1555643,si,සින්ට්-මාර්ටින්-සෛන්ටේ-චාතෙරිනේ
119784568,1555644,si,ශාන්ත-මාටින්-රිවියර්
119784722,1555646,si,සින්ට්-මාර්ටින්-පෙටිට්
119784799,1555647,si,සින්ට්-මාර්ටින්-ඔස්මොන්විල්ලේ
119784953,1555649,si,සින්ට්-මාර්ටින්-ළොඞුඑඖ
119785030,1555650,si,ශාන්ත මාටින්-එල්-හෝටියර්
119785107,1555651,si,ශාන්ත මාටින්-එල්-හියුරොක්ස්
119785184,1555652,si,ශාන්ත මාටින්-ලෙ-විනොක්ස්
119785261,1555653,si,ශාන්ත මාටින්-ලෙ-වික්ස්
119785338,1555654,si,ශාන්ත මාටින්-ලෙ-වීල්
119785415,1555655,si,ශාන්ත මාටින්-සර්-ලවේසන්
119785492,1555656,si,ශාන්ත-මාටින්-ලෙස්ට්රා
119785646,1555658,si,ශාන්ත මාටින් ලෙස් මෙල්
119785723,1555659,si,ශාන්ත මාටින් ලෙස් ලැන්ග් රස්
119785800,1555660,si,ශාන්ත මාටින්-ලෙස්-ඊක්ස්
119785877,1555661,si,ශාන්ත මාටින් ලෙ රෙඩොන්
119785954,1555662,si,ශාන්ත මාටින්-ලෙ-පින්
119786031,1555663,si,ශාන්ත මාටින්-ලෙ-නූඩ්
119786108,1555664,si,ශාන්ත මාටින්-ලෙ-මෝල්ට්
119786185,1555665,si,ශාන්ත මාටින්-ලෙ-හෙබර්ට්
119786262,1555666,si,ශාන්ත මාටින්-ලෙ-ග් රීඩ්
119786339,1555667,si,ශාන්ත මාටින්-ලෙ-ගයිලර්ඩ්
119786416,1555668,si,ශාන්ත මාටින් ලෙ කර්නල්
119786493,1555669,si,ශාන්ත මාටින්-ලෙ-චැටෙල්
119786570,1555670,si,ශාන්ත මාටින්-ලෙ-බුලියන්ට්
119786647,1555671,si,ශාන්ත මාටින්-ලෙ-බියු
119786724,1555672,si,ශාන්ත මාටින්-එල්-ඇස්ටියර්
119786801,1555673,si,ශාන්ත මාටින් ලා සෝවෙට්
119786878,1555674,si,සින්ට්-මාර්ටින්-ලාර්ස්-එන-සෛන්ටේ-හෙර්මිනේ
119786955,1555675,si,ශාන්ත මාටින්-එල්-ආර්ස්
119787032,1555676,si,වැල්ඩිවියන්
119787109,1555677,si,ශාන්ත මාටින් ලා ප්ලේන්
119787186,1555678,si,ශාන්ත මාටින් ලා පැට් රොයිල්
119787263,1555679,si,ශාන්ත මාටින් ලා මීන්
119787340,1555680,si,ශාන්ත-මාටින්-ලාලන්දේ
119787417,1555681,si,ශාන්ත මාටින්-එල්-අයිගුලියන්
119787494,1555682,si,සින්ට්-මාර්ටින්-ළගුඑපිඑ
119787571,1555683,si,ශාන්ත මාටින් ලා ගාරන්
119787648,1555684,si,සින්ට්-මාර්ටින්-ලචෞස්සදේ
119787725,1555685,si,ශාන්ත මාටින් ලා කැම්පේන්
119787802,1555686,si,ශාන්ත-මාටින්-ලබුවාල්
119787879,1555687,si,ශාන්ත මාර්ටිනියන්
119787956,1555688,si,ශාන්ත-මාටින්-ගිමෝයිස්
119788033,1555689,si,ශාන්ත මාටින්-එන්-වර්කෝර්ස්
119788110,1555690,si,ශාන්ත මාටින්-එන්-හවුට්
119788187,1555691,si,ශාන්ත මාටින්-එන්-ගටිනෝයිස්
119788341,1555693,si,ශාන්ත මාටින්-එන්-කැම්පේන්
119788418,1555694,si,ශාන්ත මාටින්-එන්-බ් රෙස්
119788495,1555695,si,ශාන්ත මාටින්-එන්-බියර්
119788572,1555696,si,ශාන්ත-මාටින්-ඩු-විවියර්
119788649,1555697,si,ශාන්ත මාටින්-ඩු-වික්ස්-බෙලෙම්
119788726,1555698,si,ශාන්ත-මාටින්-ඩු-වර්
119788803,1555699,si,ශාන්ත මාටින්-ඩු-ටිලියුල්
119788880,1555700,si,ශාන්ත මාටින්-ඩු-ටර්ට්රේ
119788957,1555701,si,ශාන්ත මාටින්-ඩු-ටර්ට්රේ
119789034,1555702,si,ශාන්ත මාටින්-ඩු-ටාර්ට්
119789111,1555703,si,ශාන්ත මාටින්-ඩියුරියාජ්
119789188,1555704,si,ශාන්ත මාටින්-ඩු-පුයි
119789265,1555705,si,ශාන්ත මාටින්-ඩු-පුයි
119789496,1555708,si,ශාන්ත මාටින්-ඩු-මොන්ට්
119789573,1555709,si,ශාන්ත මාටින්-ඩු-මොන්ට්
119789650,1555710,si,ශාන්ත මාටින්-ඩු-මොන්ට්
119789727,1555711,si,ශාන්ත මාටින්-ඩු-මෙස්නිල්-ඕරි
119789804,1555712,si,ශාන්ත මාටින්-ඩු-මැනෝර්
119789881,1555713,si,ශාන්ත මාටින්-ඩු-ලිමෙට්
119789958,1555714,si,ශාන්ත මාටින්-ඩු-ලැක්
119790035,1555715,si,ශාන්ත මාටින්-ඩු-ෆ් රෙන්
119790112,1555716,si,ශාන්ත මාටින්-ඩු-ෆුයිලෝ
119790189,1555717,si,ශාන්ත මාටින්-ඩු-ෆුයිලෝ
119790266,1555718,si,ශාන්ත-මාටින්-ඩු-ක්ලෝචර්
119790343,1555719,si,ශාන්ත මාටින්-ඩු-බොෂෙට්
119790497,1555721,si,ශාන්ත මාටින්-ඩු-බොයිස්
119790574,1555722,si,ශාන්ත මාටින්-ඩු-බොයිස්
119790651,1555723,si,ශාන්ත මාටින්-ඩු-බෙක්
119790728,1555724,si,ශාන්ත මාටින්-ඩොයිඩ්ස්
119790805,1555725,si,ශාන්ත-මාර්ටින්-ඩී ඕර්ඩන්
119790882,1555726,si,ශාන්ත මාටින්-ඩොනි
119790959,1555727,si,ශාන්ත-මාටින්-ඩොන්
119791036,1555728,si,ශාන්ත මාටින්-ඩොලියර්ස්
119791113,1555729,si,ශාන්ත මාටින්-ඩී-හියුයිල්
119791190,1555730,si,ශාන්ත මාටින්-ඩී-හෙරෙස්
119791267,1555731,si,ශාන්ත මාටින්-ඩර්ඩිංහම්
119791344,1555732,si,ශාන්ත මාටින්-ඩි-විලරෙග්ලන්
119791421,1555733,si,ශාන්ත මාටින්-ඩි-විලෙරල්
119791575,1555735,si,ශාන්ත මාටින්-ඩි-වර්ස්
119791652,1555736,si,ශාන්ත මාටින්-ඩි-වොල්සර්
119791729,1555737,si,ශාන්ත මාටින්-ඩි-වාරෙවිල්
119791806,1555738,si,ශාන්ත මාටින්-ඩි-වල්ගල්ස්
119791883,1555739,si,ශාන්ත මාටින්-ඩි-වලාමාස්
119792037,1555741,si,ශාන්ත මාටින්-ඩි-ටැලෙවෙන්ඩේ
119792114,1555742,si,ශාන්ත මාටින්-ඩි එස්ටෙරෝ
119792191,1555743,si,ශාන්ත මාටින්-ඩෙස්-ටිලියල්ස්
119792422,1555746,si,ශාන්ත මාටින්-ඩෙස්-ප් රෙස්
119792499,1555747,si,ශාන්ත මාටින්-ඩෙස්-ප්ලේන්ස්
119792576,1555748,si,ශාන්ත මාටින්-ඩෙස්-පෙසරිට්ස්
119792653,1555749,si,ශාන්ත මාටින්-ඩෙස්-ඔල්ම්ස්
119792730,1555750,si,ශාන්ත මාටින්-ඩෙස්-නොයර්ස්
119792807,1555751,si,ශාන්ත මාටින්-ඩෙස්-මොන්ට්ස්
119792884,1555752,si,ශාන්ත මාටින්-ඩෙස්-ලැන්ඩ්ස්
119792961,1555753,si,ශාන්ත මාටින්-ඩෙස්-ලයිස්
119793038,1555754,si,ශාන්ත මාටින්-ඩෙස්-ෆොන්ටේන්ස්
119793115,1555755,si,ශාන්ත මාටින්-ඩි-සෙස්කාස්
119793192,1555756,si,ශාන්ත මාටින්-ඩෙස්-එන්ට් රීස්
119793269,1555757,si,ශාන්ත මාටින්-ඩි-සයිනන්ක්ස්
119793346,1555758,si,ශාන්ත මාටින්-ඩෙස්-කොම්බ්ස්
119793500,1555760,si,ශාන්ත මාටින්-ඩෙස්-චැම්ප්ස්
119793577,1555761,si,ශාන්ත මාටින්-ඩෙස්-චැම්ප්ස්
119793654,1555762,si,ශාන්ත මාටින්-ඩෙස්-චැම්ප්ස්
119793808,1555764,si,ශාන්ත මාටින්-ඩෙස්-චැම්ප්ස්
119793885,1555765,si,ශාන්ත මාටින්-ඩෙස්-චැම්ප්ස්
119793962,1555766,si,ශාන්ත මාටින්-ඩෙස්-චැම්ප්ස්
119794039,1555767,si,ශාන්ත මාටින්-ඩෙස්-බොයිස්
119794116,1555768,si,ශාන්ත මාටින්-ඩෙස්-බෙසාස්ස්
119794193,1555769,si,ශාන්ත මාටින්-ඩි-සැන්සේ
119794270,1555770,si,ශාන්ත මාටින්-ඩි-සැලන්
119794347,1555771,si,ශාන්ත මාටින්-ඩි-සැලන්සි
119794424,1555772,si,ශාන්ත මාටින්-ඩි-සෙන්ට්-මැක්සෙන්ට්
119794501,1555773,si,ශාන්ත මාටින්-ඩි-රිබෙරාක්
119794578,1555774,si,ශාන්ත මාටින්-ඩි-රී
119794655,1555775,si,ශාන්ත මාටින්-ඩි-කෙයියර්ස්
119794732,1555776,si,ශාන්ත මාටින්-ඩී-එන්ට් රවුන්ස්
119794809,1555777,si,ශාන්ත මාටින්-ඩී-එන්ට් රයිගස්
119794886,1555778,si,ශාන්ත මාටින්-ඩි-නයිජල්ස්
119794963,1555779,si,ශාන්ත මාටින්-ඩි-මියාක්ස්
119795040,1555780,si,ශාන්ත මාටින්-ඩි-මයිලොක්
119795117,1555781,si,ශාන්ත මාටින්-ඩි-මැකොන්
119795194,1555782,si,ශාන්ත මාටින්-ඩි-ලන්ඩන්
119795271,1555783,si,ශාන්ත මාටින්-ඩි-ලික්සි
119795348,1555784,si,ශාන්ත මාටින්-ඩි-ලර්ම්
119795425,1555785,si,ශාන්ත මාටින්-ඩි-ලෙනේ
119795502,1555786,si,ශාන්ත මාටින්-ඩි-ලේ
119795579,1555787,si,ශාන්ත මාටින්-ඩි-එල්-ආර්කන්
119795656,1555788,si,ශාන්ත මාටින්-ඩි-ලා-පෝර්ට්
119795733,1555789,si,ශාන්ත මාටින්-ඩි-ලා-ප්ලේස්
119795810,1555790,si,ශාන්ත මාටින්-ඩි-ලැන්සස්කල්
119795887,1555791,si,ශාන්ත මාටින්-ඩි-ලැන්ඩෙල්ස්
119795964,1555792,si,ශාන්ත මාටින්-ඩි-ලැම්ප්ස්
119796041,1555793,si,ශාන්ත මාටින්-ඩි-ලා-මර්
119796118,1555794,si,ශාන්ත මාටින්-ඩි-ලා-ලියු
119796195,1555795,si,ශාන්ත මාටින් ද ලා කොඩ්රේ
119796272,1555796,si,ශාන්ත මාටින්-ඩි-ලා-බ් රාස්ක්
119796349,1555797,si,ශාන්ත මාටින්-ඩි-ජුසාක්
119796426,1555798,si,ශාන්ත මාටින්-ඩි-ජුයිලර්ස්
119796503,1555799,si,ශාන්ත මාටින්-ඩි-හින්ක්ස්
119796580,1555800,si,ශාන්ත මාටින්-ඩි-ගුර්සන්
119796657,1555801,si,ශාන්ත මාටින්-ඩි-ගොයින්
119796811,1555803,si,ශාන්ත මාටින්-ඩි-ෆුජරස්
119796888,1555804,si,ශාන්ත මාටින්-ඩි-ෆ් රෙසෙන්ජස්
119797042,1555806,si,ශාන්ත මාටින්-ඩි-ෆ් රයිනෝ
119797119,1555807,si,ශාන්ත මාටින්-ඩි-ෆොන්ටේ
119797196,1555808,si,ශාන්ත මාටින්-ඩී-එක්බ්ලේ
119797273,1555809,si,ශාන්ත මාටින්-ඩි-ක් රෝ
119797350,1555810,si,ශාන්ත මාටින්-ඩි-කොක්ස්
119797581,1555813,si,ශාන්ත මාටින්-ඩි-කොනි
119797658,1555814,si,ශාන්ත මාටින්-ඩි-කොමියුනය
119797735,1555815,si,ශාන්ත මාටින්-ඩි-ක්ලෙල්ස්
119797812,1555816,si,චෞලියු
119797889,1555817,si,ශාන්ත-මාටින්-ඩි-සෙනිලි
119797966,1555818,si,ශාන්ත මාටින්-ඩි-කැස්ටිලන්
119798043,1555819,si,ශාන්ත මාටින්-ඩි-කැරල්ප්
119798120,1555820,si,ශාන්ත මාටින්-ඩි-බ් රෝම්ස්
119798197,1555821,si,ශාන්ත මාටින්-ඩි-බ් රෙතන්කෝර්ට්
119798274,1555822,si,බ්රේම්-සුරැ-මේර
119798351,1555823,si,ශාන්ත මාටින්-ඩි-බුබොක්ස්
119798428,1555824,si,ශාන්ත මාටින්-ඩි-බොසෙනේ
119798505,1555825,si,ශාන්ත මාටින්-ඩි-බොෂර්විල්
119798582,1555826,si,ශාන්ත මාටින්-ඩි-බොන්ෆොස්
119798659,1555827,si,ශාන්ත මාටින්-ඩි-බ්ලැග්නි
119798736,1555828,si,ශාන්ත මාටින්-ඩි-බියන්ෆයිට්-ලා-ක් රෙසොනියර්
119798813,1555829,si,ශාන්ත මාටින්-ඩි-බර්නෙගු
119798890,1555830,si,ශාන්ත මාටින්-ඩි-බෙල්විල්
119798967,1555831,si,ශාන්ත මාටින්-ඩි-බවෙල්
119799044,1555832,si,ශාන්ත මාටින්-ඩොක්සි
119799121,1555833,si,ශාන්ත මාටින්-ඩොක්සිනි
119799198,1555834,si,ශාන්ත මාටින්-ඩොඩුවිල්
119799275,1555835,si,ශාන්ත මාටින්-ඩොබිග්නි
119799352,1555836,si,ලෙස් ඇස්ප්රස්
119799429,1555837,si,ශාන්ත මාටින්-ඩී-ආර්
119799506,1555838,si,ශාන්ත මාටින්-ඩී-ආරෝසා
119799583,1555839,si,ශාන්ත මාටින්-ඩී-ආර්මැග්නාක්
119799660,1555840,si,ශාන්ත මාටින්-ඩී-ආර්ඩෙච්
119799737,1555841,si,ශාන්ත මාටින්-ඩර්ස්
119799814,1555842,si,ශාන්ත මාටින්-ඩර්ක්
119799891,1555843,si,ශාන්ත මාටින්-ඩර්බෙරෝ
119799968,1555844,si,ශාන්ත මාටින්-ඩොට්
119800045,1555845,si,ශාන්ත මාටින්-ඩබ්ලොයිස්
119800122,1555846,si,ශාන්ත මාටින්-ඩබ්බාට්
119800199,1555847,si,ශාන්ත-මාටින්-කර්ටන්
119800276,1555848,si,ශාන්ත-මාටින්-චොකල්
119800430,1555850,si,ශාන්ත-මාටින්-චැටෝ
119800507,1555851,si,ශාන්ත මාටින්-කැන්ටල්ස්
119800584,1555852,si,ශාන්ත මාටින්-බූලෝන්
119800661,1555853,si,ශාන්ත මාටින් බෙල්වීව්
119800738,1555854,si,ශාන්ත-මාටින්-බෙල්-රොචේ
119800815,1555855,si,ශාන්ත මාටින්-ඔක්ස්-චාට් රේන්ස්
119800892,1555856,si,ශාන්ත මාටින්-ඔක්ස්-චැම්ප්ස්
119800969,1555857,si,ශාන්ත මාටින්-ඔක්ස්-බුනෝ
119801046,1555858,si,ශාන්ත මාටින්-ඔක්ස්-බොයිස්
119801123,1555859,si,ශාන්ත මාටින්-ඔක්ස්-ආර්බ් රෙස්
119801200,1555860,si,සැන් මාටින් කබල්ලෙරෝ
119801277,1555861,si,ශාන්ත මාටින්-ඕ-බොස්ක්
119801508,1555864,si,ශාන්ත-මාටින්
119801585,1555865,si,ශාන්ත-මාටින්
119801816,1555868,si,ශාන්ත-මාටින්
119802817,1555881,si,ශාන්ත මාටින්-ඩි-බොවිල්
119802894,1555882,si,ශාන්ත මාටින්-ඩි-පැලියර්ස්
119802971,1555883,si,ශාන්ත-මාටින්
119803202,1555886,si,ශාන්ත-මාටින්
119803279,1555887,si,ශාන්ත මාටින්-ඩි-ෆෙනොයි
119803356,1555888,si,ශාන්ත මාර්ෂල්-විවේරෝල්
119803433,1555889,si,ශාන්ත මාර්ෂල්-සර්-නෙ
119803510,1555890,si,ශාන්ත-මාර්ෂල්-සර්-ඉසොප්
119803587,1555891,si,ශාන්ත මාර්ෂල් ලෙ වී
119803664,1555892,si,ශාන්ත මාර්ෂල් ලෙ මොන්ට්
119803741,1555893,si,ශාන්ත මාර්ෂල්-එන්ට් රේග්ස්
119803818,1555894,si,ශාන්ත මාර්ෂල්-ඩි-විටටර්න්
119803895,1555895,si,ශාන්ත මාර්ෂල්-ඩි-වොලට්
119803972,1555896,si,ශාන්ත-මාර්ෂල්-ඩි-නබිරත්
119804049,1555897,si,ශාන්ත මාර්ෂල්-ඩි-මිරම්බෝ
119804126,1555898,si,ශාන්ත මාර්ෂල්-ඩි-ගිමෙල්
119804203,1555899,si,ශාන්ත මාර්ෂල්-ඩර්ටෙන්සෙට්
119804280,1555900,si,ශාන්ත මාර්ෂල්-ඩී ඇල්බරෙඩ්
119804434,1555902,si,ශාන්ත-මාර්ෂල්
119804511,1555903,si,ශාන්ත-මාර්ෂල්
119804588,1555904,si,ශාන්ත-මාර්ෂල්
119804665,1555905,si,ශාන්ත-මාර්ෂල්
119804742,1555906,si,ශාන්ත-මාර්ෂල්
119804819,1555907,si,ශාන්ත-මාර්ෂල්
119804973,1555909,si,ශාන්ත මාර්ස්-සර්-ලා-ෆුටේ
119805050,1555910,si,සින්ට්-මාර්ස්-සුරැ-චොල්මොන්ට්
119805127,1555911,si,ශාන්ත මාර්ස්-සූ-බැලන්
119805204,1555912,si,සින්ට්-මාර්ස්-ල-රෙඔර්තේ
119805281,1555913,si,ශාන්ත මාර්ස් ලා ජේල්
119805358,1555914,si,සින්ට්-මාර්ස්-ල-බ්‍රිඑරේ
119805435,1555915,si,ශාන්ත මාර්ස්-වික්ස්-මේසන්ස්
119805512,1555916,si,සින්ට්-මාර්ස්-දු-දෙසේර්ට්
119805589,1555917,si,සින්ට්-මාර්ස්-දු-දෙසේර්ට්
119805666,1555918,si,ශාන්ත මාර්ස්-ඩොටිල්
119805820,1555920,si,ශාන්ත මාර්ස්-ඩි-ලොක්නේ
119805897,1555921,si,ශාන්ත මාර්ස්-ඩී එග් රෙන්
119805974,1555922,si,ශාන්ත මාර්ස්-ඩි-කූටයිස්
119806051,1555923,si,ශාන්ත-මාර්සෝල්ට්
119806128,1555924,si,ශාන්ත-මාර්සල්
119806282,1555926,si,ශාන්ත-මැරියන්ස්
119806359,1555927,si,ශාන්ත-මැරියන්
119806436,1555928,si,ශාන්ත මාර්ඩ්-සර්-ලෙ-මොන්ට්
119806513,1555929,si,ශාන්ත මාර්ඩ්-සර්-ඕව්
119806590,1555930,si,ශාන්ත මාර්ඩ්ස්-එන්-ඕත්
119806667,1555931,si,ශාන්ත මාර්ඩ්ස්-ඩි-ෆ් රෙස්
119806744,1555932,si,ශාන්ත මාර්ඩ්ස්-ඩි-බ්ලැකර්විල්
119806821,1555933,si,සැන් මාකෝස්
119806898,1555934,si,ශාන්ත-මාර්ඩ්-ලෙස්-රවුෆි
119806975,1555935,si,ශාන්ත මාර්ඩ් ඩි වොක්ස්
119807052,1555936,si,ශාන්ත-මාර්ඩ්-ඩි-රෙනෝ
119807129,1555937,si,ශාන්ත-මාර්ඩ්
119807206,1555938,si,ශාන්ත-මාර්ඩ්
119807283,1555939,si,ශාන්ත-මාර්ඩ්
119807360,1555940,si,ශාන්ත-මාර්ඩ්
119807437,1555941,si,ශාන්ත-මාර්ඩ්
119807514,1555942,si,ශාන්ත මාර්ක්-සර්-සයින්
119807591,1555943,si,ශාන්ත-මාර්ක්-සර්-කූස්නොන්
119807668,1555944,si,ශාන්ත-මාර්කූෆ්
119807745,1555945,si,ශාන්ත-මාර්කූෆ්
119807822,1555946,si,ශාන්ත-මාර්කරි
119807899,1555947,si,ශාන්ත මාක් ලෙ බ්ලැන්ක්
119807976,1555948,si,ශාන්ත-මාර්ක්-ජෞමෙගාර්ඩ්
119808053,1555949,si,ශාන්ත මාර්සෙට්
119808130,1555950,si,ශාන්ත-මාසෙල්-පෝලෙල්
119808207,1555951,si,ශාන්ත-මර්සිලින්-ලෙස්-වයිසන්
119808284,1555952,si,ශාන්ත මාර්සෙලින්-එන්-ෆෝර්ස්
119808361,1555953,si,ශාන්ත-මර්සලින්
119808515,1555955,si,ශාන්ත මාර්සෙල් ලෙස් වැලන්ස්
119808592,1555956,si,ශාන්ත මාර්සෙල් ලෙස් සවුසෙට්
119808669,1555957,si,ශාන්ත මාර්සෙල් ලෙස් ඇනෝනායි
119808746,1555958,si,ශාන්ත මාර්සෙල්-එල්-එක්ලෙයාර්
119808900,1555960,si,ශාන්ත මාර්සෙලින්-ඩි-ක් රේ
119808977,1555961,si,ශාන්ත මාර්සෙල්-එන්-මුරාට්
119809054,1555962,si,ශාන්ත මාර්සෙල්-එන්-මාර්සිලාට්
119809131,1555963,si,ශාන්ත-මර්සෙල්
119809208,1555964,si,ශාන්ත මාර්සෙල්-ඩර්ෆ්
119809285,1555965,si,ශාන්ත මාර්සෙල්-ඩු-පෙරිගෝර්ඩ්
119809439,1555967,si,ශාන්ත මාර්සෙල්-ඩි-ෆෙලින්ස්
119809516,1555968,si,ශාන්ත මාර්සෙල්-ඩි-කැරීරේ
119809593,1555969,si,ශාන්ත මාර්සෙල්-ඩී-ආර්ඩෙච්
119809670,1555970,si,ශාන්ත මාර්සෙල් බෙල් ඇක්යුල්
119809747,1555971,si,ශාන්ත-මර්සෙල්
119809824,1555972,si,ශාන්ත-මර්සෙල්
119809901,1555973,si,ශාන්ත-මර්සෙල්
119809978,1555974,si,ශාන්ත-මර්සෙල්
119810055,1555975,si,ශාන්ත-මර්සෙල්
119810132,1555976,si,ශාන්ත-මර්සෙල්
119810209,1555977,si,ශාන්ත-මර්සෙල්
119810517,1555981,si,ශාන්ත මාර්සෙල් කැම්ප්ස්
119810594,1555982,si,ශාන්ත මාර්සෙල්-සර්-ඕඩ්
119810671,1555983,si,ශාන්ත-මර්සෝ
119810748,1555984,si,ශාන්ත-මර්සෝ
119810902,1555986,si,ශාන්ත-මාර්ක්-ඩු-කෝර්
119811056,1555988,si,ශාන්ත-මාර්කන්
119811133,1555989,si,ශාන්ත මාර්ක්-අ-ලූබෝ
119811210,1555990,si,ශාන්ත-මාර්ක්-ඒ-ෆ්‍රොන්ජියර්
119811595,1555995,si,ශාන්ත-මාර්ක්
119811749,1555997,si,ශාන්ත මෑන්වියු-බොකේජ්
119811826,1555998,si,ශාන්ත-මෑන්විව්
119811903,1555999,si,ශාන්ත මැන්ඩියර්-සර්-මර්
119811980,1556000,si,ශාන්ත මැන්ඩ්-සර්-බ් රෙඩෝයර්
119812057,1556001,si,ශාන්ත-මැන්ඩේ
119812134,1556002,si,ශාන්ත-මාම්ස්
119812211,1556003,si,ශාන්ත මැමෙට් ලා සැල්වට්
119812365,1556005,si,ශාන්ත-මාමෙට්
119812519,1556007,si,සෙන්ට් මැමර්ට් ඩු ගාඩ්
119812596,1556008,si,සැන් මාමෙට්
119812750,1556010,si,ශාන්ත මාලන්-සර්-මෙල්
119812827,1556011,si,ශාන්ත මාලෝ-එන්-ඩොන්සියෝස්
119812904,1556012,si,ශාන්ත-මාලෝ-ඩු-බොයිස්
119812981,1556013,si,ශාන්ත මාලෝ-ඩෙස්-ට් රෝයිස්-ෆොන්ටේන්ස්
119813058,1556014,si,ශාන්ත මාලෝ-ඩි-ෆිලි
119813135,1556015,si,ශාන්ත මාලෝ-ඩි-ලා-ලැන්ඩ්
119813212,1556016,si,ශාන්ත මාලෝ-ඩි-ගුර්සාක්
119813289,1556017,si,ශාන්ත මාලෝ-ඩි-බෙයිනොන්
119813366,1556018,si,ශාන්ත-මාලෝ
119813443,1556019,si,ශාන්ත මයික්ස්මේ-හවුටරිව්
119813520,1556020,si,ශාන්ත මයික්සෙන්ට්-සර්-වී
119813597,1556021,si,ශාන්ත මයික්සෙන්ට්-එල් එකෝල්
119813674,1556022,si,සෙන්ට්-මැක්සෙන්ට්-ඩි-බියුග්න්
119813751,1556023,si,ශාන්ත-මයික්සන්ට්
119813828,1556024,si,ශාන්ත-මයික්සන්ට්
119813905,1556025,si,ශාන්ත-මයික්සන්ට්
119813982,1556026,si,ශාන්ත-මයිම්
119814059,1556027,si,ශාන්ත-මයිග්රින්
119814136,1556028,si,ශාන්ත-මේග්නර්
119814213,1556029,si,ශාන්ත මැග්නේ-ඩි-කැස්ටිලන්
119814290,1556030,si,ශාන්ත-මැග්නේ
119814367,1556031,si,ශාන්ත-මාඩන්
119814444,1556032,si,ශාන්ත-මැකෝක්ස්
119814521,1556033,si,ශාන්ත මැක්ලෝ ලා බ් රියර්
119814598,1556034,si,ශාන්ත මැක්ලෝ-ඩි-ෆොලෙවිල්
119814675,1556035,si,ශාන්ත-මැක්ලෝ
119814752,1556036,si,ශාන්ත මැකේර්-එන්-මොග්ස්
119814829,1556037,si,ශාන්ත මැකෙයාර්-ඩු-බොයිස්
119814906,1556038,si,ශාන්ත-මැකෙයාර්
119814983,1556039,si,ශාන්ත-ලිස්
119815060,1556040,si,ශාන්ත-ලිෆාර්ඩ්
119815137,1556041,si,සෙන්ට් ලි ලා ෆොරෙට්
119815214,1556042,si,ශාන්ත-ලයි
119815291,1556043,si,ශාන්ත-ලුපියන්
119815368,1556044,si,ශාන්ත-ලුපිසින්
119815445,1556045,si,සින්ට්-ලුපෙර්චේ
119815522,1556046,si,ශාන්ත-ලුනෙයාර්
119815599,1556047,si,ශාන්ත ලුමින්-ඩි-කූටයිස්
119815676,1556048,si,ශාන්ත ලුමින්-ඩි-ක්ලිසන්
119815830,1556050,si,ශාන්ත-ලුමියර්-එන්-ෂැම්පේන්
119815907,1556051,si,ශාන්ත-ලුෂන්
119815984,1556052,si,ශාන්ත-ලුෂන්
119816061,1556053,si,ශාන්ත-ලූක්
119816138,1556054,si,සින්ට්-ලුබින්-එන-එර්ගොඔඉස්
119816215,1556055,si,සින්ට්-ලුබින්-දෙස්-ජෝන්චේරෙට්ස්
119816369,1556057,si,ශාන්ත ලුබින්-ඩි-ලා-හේ
119816446,1556058,si,ශාන්ත ලුබින්-ඩි-ක් රාවන්ට්
119816677,1556061,si,ශාන්ත ලෝයර්-ඩෙස්-චැම්ප්ස්
119816831,1556063,si,ශාන්ත-ලූප්-ටෙරියර්
119816908,1556064,si,ශාන්ත ලූප්-ලාමෙයාර්
119816985,1556065,si,ශාන්ත ලූප්-සර්-සෙමූස්
119817062,1556066,si,ශාන්ත ලූප්-සර්-ඔජොන්
119817139,1556067,si,ශාන්ත ලූප් නන්ටෝර්ඩ්
119817216,1556068,si,සින්ට්-ලොඋප්-හෝර්ස්
119817370,1556070,si,ශාන්ත ලූප්-ඩු-ගාස්ට්
119817447,1556071,si,ශාන්ත ලූප් ඩු ඩෝරාට්
119817524,1556072,si,ශාන්ත ලූප්-ඩෝර්ඩන්
119817601,1556073,si,ශාන්ත ලූප්-ඩි-වාරන්ස්
119817678,1556074,si,ශාන්ත ලූප්-ඩෙස්-විග්නස්
119817755,1556075,si,ශාන්ත ලූප්-ඩෙස්-චෝම්ස්
119817832,1556076,si,ශාන්ත-ලූප්
119817909,1556077,si,ශාන්ත ලූප්-ඩි-නෝඩ්
119817986,1556078,si,ශාන්ත ලූප්-ජියැන්ජස්
119818063,1556079,si,ශාන්ත-ලූප්-ඩි-ගොනොයිස්
119818140,1556080,si,ශාන්ත ලූප්-ඩි-ෆ් රිබෝයිස්
119818217,1556081,si,ශාන්ත ලූප්-ඩි-බුෆිග්නි
119818294,1556082,si,ශාන්ත-ලූප්-එන්-ෂැම්පේන්
119818371,1556083,si,ශාන්ත-ලූප්-කැමාස්
119818448,1556084,si,ශාන්ත-ලූප්
119818525,1556085,si,ශාන්ත-ලූප්
119818602,1556086,si,ශාන්ත-ලූප්
119818756,1556088,si,ශාන්ත-ලූප්
119818833,1556089,si,ශාන්ත-ලූප්
119818910,1556090,si,ශාන්ත-ලූප්
119818987,1556091,si,ශාන්ත-ලූප්
119819064,1556092,si,ශාන්ත-ලූප්
119819141,1556093,si,ශාන්ත-ලූප්
119819218,1556094,si,ශාන්ත-ලූප්
119819295,1556095,si,ශාන්ත ලුවී-ලෙස්-බිච්
119819449,1556097,si,ශාන්ත ලුවී-එන්-අයිල්
119819603,1556099,si,ශාන්ත ලුවී
119819834,1556102,si,ශාන්ත ලුවී
119819988,1556104,si,ශාන්ත ලූට්-සර්-වයිර්
119820065,1556105,si,ශාන්ත ලූට්-සර්-සූල්ස්
119820142,1556106,si,ශාන්ත ලුබුවර්
119820219,1556107,si,ශාන්ත-ලූබ්ස්
119820296,1556108,si,ශාන්ත-ලූබර්ට්
119820373,1556109,si,ශාන්ත-ලූබ්
119820450,1556110,si,ශාන්ත-ලෝතයින්
119820527,1556111,si,ශාන්ත-ලෝර්මෙල්
119820604,1556112,si,සෙන්ට් ලොන් ලෙස් මයින්ස්
119820681,1556113,si,ශාන්ත-ලෝන්ගිස්
119820758,1556114,si,සින්ට්-ලෝ-ද'ඔඋර්විල්ලේ
119820835,1556115,si,සැලිට්රිලෝස්
119820912,1556116,si,ශාන්ත ලිසියර්-ඩු-ප්ලාන්ට්
119820989,1556117,si,ශාන්ත-ලිසියර්
119821143,1556119,si,සබිනොටික්
119821297,1556121,si,ශාන්ත ලීක්ස්-ලෙස්-ලාවාර්
119821374,1556122,si,ශාන්ත-ලෙසින්
119821451,1556123,si,ශාන්ත-ලෙසර්
119821528,1556124,si,ශාන්ත ලියු ලා ෆොරෙට්
119821605,1556125,si,ශාන්ත ලියු-ඩී-එසරන්ට්
119821759,1556127,si,ශාන්ත-ලෙරි
119821836,1556128,si,සින්ට්-ළෙඔපර්දින්-ද'ඖග්ය්
119821990,1556130,si,ශාන්ත ලියොන්-සර්-වෙසර්
119822067,1556131,si,ශාන්ත ලියොන්-සර්-අයිල්
119822144,1556132,si,ශාන්ත-ලියොන්ස්
119822221,1556133,si,ශාන්ත ලියොන්-ඩි ඉසිජියාක්
119822298,1556134,si,ශාන්ත-ලෙනාඩ්-එන්-බියුස්
119822375,1556135,si,ශාන්ත-ලෙනාඩ්-ඩෙස්-පාර්ක්ස්
119822452,1556136,si,ශාන්ත-ලෙනාඩ්-ඩෙස්-බොයිස්
119822529,1556137,si,ශාන්ත-ලෙනාඩ්-ඩි-නොබ්ලාට්
119822606,1556138,si,ශාන්ත-ලෙනාඩ්
119822683,1556139,si,ශාන්ත-ලෙනාඩ්
119822760,1556140,si,ශාන්ත-ලෙනාඩ්
119823068,1556144,si,ශාන්ත-ලෙනාඩ්
119823299,1556147,si,ශාන්ත-ලෙනාඩ්
119823453,1556149,si,ශාන්ත-ලියොන්
119823530,1556150,si,ශාන්ත-ලියොන්
119823607,1556151,si,ශාන්ත-ලියොන්
119823684,1556152,si,ශාන්ත-ලියොන්
119823761,1556153,si,ශාන්ත-ලියෝමර්
119823838,1556154,si,ශාන්ත ලෙජර්-වොබන්
119823915,1556155,si,ශාන්ත ලෙජර් ට් රී
119823992,1556156,si,ශාන්ත ලෙජර්-සර්-වොසැන්ස්
119824069,1556157,si,ශාන්ත ලෙජර්-සර්-සාර්ත්
119824146,1556158,si,ශාන්ත ලෙජර්-සර්-රොආන්
119824223,1556159,si,ශාන්ත ලෙජර්-සර්-ඩියුන්
119824300,1556160,si,ශාන්ත ලෙජර්-සර්-බ් රෙස්ල්
119824454,1556162,si,ශාන්ත ලෙජර්-සෝස්-මාජරි
119824531,1556163,si,ශාන්ත ලෙජර්-සෝස්-ලා-බුසියර්
119824608,1556164,si,ශාන්ත ලෙජර්-සෝස්-චොලට්
119824685,1556165,si,ශාන්ත ලෙජර්-සෝස්-බ් රයන්
119824762,1556166,si,ශාන්ත ලෙජර්-සෝස්-බියුව්රේ
119824839,1556167,si,ශාන්ත ලෙජර් ප් රෙස් ට් රෝයිස්
119824916,1556168,si,ශාන්ත ලෙජර් මැග්නාසෙක්ස්
119824993,1556169,si,ශාන්ත ලෙජර් ලෙස් විග්නස්
119825070,1556170,si,ශාන්ත ලෙජර්-ඩි-ලා-මාටිනියර්
119825147,1556171,si,ශාන්ත ලෙජර් ලෙස් මෙලෙස්
119825224,1556172,si,ශාන්ත ලෙජර් ලෙස් ඩොමාර්ට්
119825301,1556173,si,ශාන්ත ලෙජර් ලෙස් ඔති
119825378,1556174,si,ශාන්ත ලෙජර් ලෙ පෙටි
119825455,1556175,si,ශාන්ත ලෙජර්-ලෙ-ගුරෙටෝයිස්
119825532,1556176,si,ශාන්ත ලෙජර් ලා මොන්ටාන්
119825609,1556177,si,ශාන්ත ලෙජර්-එන්-යෙව්ලයින්
119825686,1556178,si,ශාන්ත-ලෙගර්
119825763,1556179,si,ශාන්ත ලෙජර්-එන්-බ් රේ
119825917,1556181,si,ශාන්ත ලෙජර්-ඩු-මැල්සියු
119825994,1556182,si,ශාන්ත ලෙජර්-ඩු-ජෙනේටි
119826071,1556183,si,ශාන්ත ලෙජර්-ඩු-බර්ග්-ඩෙනිස්
119826148,1556184,si,ශාන්ත-ලෙගර්-ඩුබොස්ක්
119826225,1556185,si,සින්ට්-ලේගේර්-දු-බෝඉස්
119826379,1556187,si,සින්ට්-ලේගේර්-දෙස්-විග්නෙස්
119826456,1556188,si,ශාන්ත ලෙජර්-ඩෙස්-ප් රෙස්
119826533,1556189,si,ශාන්ත ලෙජර්-ඩෙස්-බොයිස්
119826610,1556190,si,ශාන්ත ලෙජර්-ඩෙස්-ඕබීස්
119826687,1556191,si,ශාන්ත ලෙජර්-ඩි-රොට්ස්
119826764,1556192,si,ශාන්ත ලෙජර්-ඩි-පීරේ
119826841,1556193,si,ශාන්ත ලෙජර්-ඩි-මොන්ට්බ් රන්
119826918,1556194,si,ශාන්ත ලෙජර්-ඩි-මොන්ට්බ් රිලේ
119826995,1556195,si,ශාන්ත ලෙජර්-ඩි-ෆුජරෙට්
119827072,1556196,si,ශාන්ත ලෙජර්-ඩි-බල්සන්
119827149,1556197,si,ශාන්ත ලෙජර් බ් රයිඩරෙක්ස්
119827226,1556198,si,ශාන්ත ලෙජර්-ඔක්ස්-බොයිස්
119827303,1556199,si,ශාන්ත ලෙජර්-ඔක්ස්-බොයිස්
119827457,1556201,si,ශාන්ත-ලෙගර්
119827611,1556203,si,ශාන්ත-ලෙගර්
119827688,1556204,si,ශාන්ත-ලෙගර්
119827996,1556208,si,ශාන්ත-ලෙගර්
119828073,1556209,si,ශාන්ත-ලෙගර්
119828150,1556210,si,ශාන්ත-ලෙගර්
119828227,1556211,si,ශාන්ත-ලෙගර්
119828304,1556212,si,ශාන්ත-ලෙගර්
119828689,1556217,si,ශාන්ත-ලෝර්ස්
119828766,1556218,si,සින්ට්-ලෞරෙන්ට්-සුරැ-සේව්රේ
119828843,1556219,si,සින්ට්-ලෞරෙන්ට්-සුරැ-සොනේ
119828920,1556220,si,සින්ට්-ලෞරෙන්ට්-සුරැ-ඔතින්
119828997,1556221,si,සින්ට්-ලෞරෙන්ට්-සුරැ-මේර
119829074,1556222,si,සින්ට්-ලෞරෙන්ට්-සුරැ-මනොඉරේ
119829151,1556223,si,ශාන්ත ලෝරන්ට්-සර්-ගෝර්
119829228,1556224,si,ශාන්ත ලෝරන්ට්-සෝස්-කොයිරන්
119829305,1556225,si,ශාන්ත ලෝරන්ට්-රොෂ්ෆෝට්
119829459,1556227,si,ශාන්ත ලෝරන්ට් ලෙස් ටුවර්ස්
119829536,1556228,si,ශාන්ත ලෝරන්ට් ලෙස් එග්ලිස්
119829613,1556229,si,ශාන්ත ලෝරන්ට් ලෙස් බේන්ස්
119829690,1556230,si,ශාන්ත ලෝරන්ට් ලෙ මිනියර්
119829767,1556231,si,ශාන්ත ලෝරන්ට් ලා වර්නේඩ්
119829844,1556232,si,ශාන්ත-ලෝරන්ට්-ලා-වැලි
119829921,1556233,si,සින්ට්-ලෞරෙන්ට්-ල-රෝචේ
119829998,1556234,si,ශාන්ත-ලෝරන්ට්-ලා-ගැටීන්
119830075,1556235,si,ශාන්ත-ලෝරන්ට්-ලා-කොන්චේ
119830152,1556236,si,ශාන්ත ලෝරන්ට්-එල් ඇබේ
119830229,1556237,si,සින්ට්-ලෞරෙන්ට්-එදොක්
119830306,1556238,si,ශාන්ත ලෝරන්ට්-එන්-රොයාන්ස්
119830383,1556239,si,ශාන්ත ලෝරන්ට්-එන්-ගැටින්ස්
119830460,1556240,si,සෙන්ට් ලෝරන්ට් එන් කොක්ස්
119830537,1556241,si,සින්ට්-ලෞරෙන්ට්-එන-රිඔඓස්
119830614,1556242,si,සෙන්ට් ලෝරන්ට් එන් බියුමොන්ට්
119830691,1556243,si,ශාන්ත ලෝරන්ට් ඩු වර්ඩන්
119830768,1556244,si,ශාන්ත-ලෝරන්ට්-ඩු-වර්
119830845,1556245,si,සෙන්ට් ලෝරන්ට් ඩු ටෙන්සමන්ට්
119830922,1556246,si,ශාන්ත-ලෝරන්ට්-ඩු-පොන්ට්
119830999,1556247,si,සෙන්ට් ලෝරන්ට් ඩු ප්ලෑන්
119831076,1556248,si,සෙන්ට් ලෝරන්ට් ඩු පේප්
119831153,1556249,si,සෙන්ට් ලෝරන්ට් ඩු මොටේ
119831230,1556250,si,සෙන්ට් ලෝරන්ට් ඩු මොන්ට්
119831307,1556251,si,සෙන්ට් ලෝරන්ට් එන් ග් රෑන්ඩ්වොක්ස්
119831384,1556252,si,සෙන්ට් ලෝරන්ට් ඩු ක් රොස්
119831461,1556253,si,සෙන්ට් ලෝරන්ට් ඩු බෝයිස්
119831538,1556254,si,ශාන්ත ලෝරන්ට්-ඩොනේ
119831615,1556255,si,ශාන්ත ලෝරන්ට්-ඩොල්ට්
119831692,1556256,si,ශාන්ත ලෝරන්ට්-ඩොයිංට්
119831846,1556258,si,සෙන්ට් ලෝරන්ට් ඩි වොක්ස්
119831923,1556259,si,සෙන්ට් ලෝරන්ට් ඩි ට් රෙව්ස්
119832000,1556260,si,සෙන්ට් ලෝරන්ට් ඩි ටෙරෙගාට්
119832077,1556261,si,සෙන්ට් ලෝරන්ට් ඩෙස් විග්නස්
119832154,1556262,si,ශාන්ත ලෝරන්ට් ඩෙස් මෝර්ටියර්ස්
119832231,1556263,si,සෙන්ට් ලෝරන්ට් ඩෙස් හෝම්ස්
119832308,1556264,si,ශාන්ත-ලෝරන්ට්-නූවන්
119832385,1556265,si,සින්ට්-ලෞරෙන්ට්-දෙස්-චොම්බෙස්
119832462,1556266,si,සින්ට්-ලෞරෙන්ට්-දෙස්-චොම්බෙස්
119832539,1556267,si,සෙන්ට් ලෝරන්ට් ඩෙස් බොයිස්
119832616,1556268,si,සෙන්ට් ලෝරන්ට් ඩෙස් බොයිස්
119832693,1556269,si,සෙන්ට් ලෝරන්ට් ඩෙස් බැටන්ස්
119832770,1556270,si,සෙන්ට් ලෝරන්ට් ඩෙස් ඔටෙල්ස්
119832847,1556271,si,ශාන්ත ලෝරන්ට් ඩෙස් ආර්බ් රෙස්
119832924,1556272,si,සෙන්ට් ලෝරන්ට් ඩි නෙස්ටේ
119833001,1556273,si,සෙන්ට් ලෝරන්ට් ඩි මුරෙට්
119833078,1556274,si,සෙන්ට් ලෝරන්ට් ඩි මුවර්
119833155,1556275,si,සෙන්ට් ලෝරන්ට් ඩි ලින්
119833232,1556276,si,සෙන්ට් ලෝරන්ට් ඩි ලෙවෙසෝ
119833309,1556277,si,සෙන්ට් ලෝරන්ට් ඩි ලා සාලේ
119833386,1556278,si,සෙන්ට් ලෝරන්ට් ඩි ලා සැලන්ක්
119833463,1556279,si,සෙන්ට් ලෝරන්ට් ඩි ලා ප් රී
119833540,1556280,si,සෙන්ට් ලෝරන්ට් ඩි ලා ප්ලේන්
119833694,1556282,si,සෙන්ට් ලෝරන්ට් ඩි ලා කබ්රෙරිස්
119833771,1556283,si,සින්ට්-ලෞරෙන්ට්-දේ-ල-බර්රිඑරේ
119833848,1556284,si,සෙන්ට් ලෝරන්ට් ඩි ජෝර්ඩ්ස්
119833925,1556285,si,සෙන්ට් ලෝරන්ට් ඩි ගොස්
119834002,1556286,si,සෙන්ට් ලෝරන්ට් ඩි කියුස්
119834079,1556287,si,ශාන්ත-ලෝරන්ට්-ඩි-කොන්ඩෙල්
119834156,1556288,si,සෙන්ට් ලෝරන්ට් ඩි කොග්නැක්
119834233,1556289,si,සෙන්ට් ලෝරන්ට් ඩි චමොසෙට්
119834310,1556290,si,ශාන්ත-ලෝරන්ට්-ඩි-සෙරිස්
119834387,1556291,si,සැන්ට් ලෝරන්ක් ද සර්ඩන්ස්
119834464,1556292,si,ශාන්ත ලෝරන්ට් ඩි කානෝල්ස්
119834541,1556293,si,සෙන්ට් ලෝරන්ට් ඩි බ් රෙවඩන්ට්
119834618,1556294,si,සෙන්ට් ලෝරන්ට් ඩි බෙල්සගෝ
119834695,1556295,si,ශාන්ත ලෝරන්ට්-ඩී ආර්ස්
119834772,1556296,si,ශාන්ත ලෝරන්ට්-ඩී ඇන්ඩෙනේ
119834849,1556297,si,ශාන්ත ලෝරන්ට්-ඩී-අයිගුස්
119834926,1556298,si,ශාන්ත ලෝරන්ට්-ඩී ඇග්නි
119835080,1556300,si,ශාන්ත ලෝරන්ට්-චැබ් රූජ්
119835157,1556301,si,ශාන්ත ලෝරන්ට් බ් රිටේන්
119835234,1556302,si,ශාන්ත ලෝරන්ට් බ්ලැන්ගි
119835311,1556303,si,ශාන්ත-ලෝරන්ට්
119835619,1556307,si,ශාන්ත-ලෝරන්ට්
119836081,1556313,si,සින්ට්-ලෞරෙන්ට්-සුරැ-ඔඋස්ට්
119836158,1556314,si,ශාන්ත-ලෝරන්ට්
119836235,1556315,si,ශාන්ත-ලෝරන්ට්
119836312,1556316,si,ශාන්ත-ලෝරන්ට්
119836543,1556319,si,ශාන්ත-ලෝරන්ට්
119836620,1556320,si,ශාන්ත-ලෝරන්ට්
119836697,1556321,si,ශාන්ත-ලෝර්
119836774,1556322,si,ශාන්ත-ලෝනියුක්
119836851,1556323,si,ශාන්ත-ලැටියර්
119836928,1556324,si,ශාන්ත-ලැරී-සොලාන්
119837005,1556325,si,ශාන්ත-ලැරී-බූජියන්
119837082,1556326,si,ශාන්ත-ලැරී
119837159,1556327,si,ශාන්ත-ලැරී
119837236,1556328,si,ශාන්ත-ලාඕන්
119837313,1556329,si,ශාන්ත-ලෑන්
119837390,1556330,si,ශාන්ත ලැන්ගිස්-ලෙස්-මෝර්ටාන්
119837467,1556331,si,ශාන්ත ලැම්බර්ට්-සර්-ඩයිව්
119837544,1556332,si,ශාන්ත ලැම්බර්ට් ලා පොතෙරී
119837621,1556333,si,ශාන්ත ලැම්බර්ට් සහ මොන්ට් ඩි ජියුස්
119837698,1556334,si,ශාන්ත ලැම්බර්ට්-ඩු-ලැටේ
119837775,1556335,si,ශාන්ත-ලැම්බට්
119837852,1556336,si,ශාන්ත-ලැම්බට්
119837929,1556337,si,ශාන්ත-ලැමයින්
119838006,1556338,si,ශාන්ත ලාගර් බ් රෙසාක්
119838083,1556339,si,සින්ට්-ලගේර්
119838160,1556340,si,ශාන්ත-ලැක්ටෙන්සින්
119838237,1556341,si,ශාන්ත-ජුවින්
119838314,1556342,si,ශාන්ත-ජුවාට්
119838391,1556343,si,ශාන්ත ජස්ට්-සර්-වියාර්
119838468,1556344,si,ශාන්ත ජස්ට් ශාන්ත රැම්බර්ට්
119838545,1556345,si,ශාන්ත ජස්ට්-සර්-ඩයිව්
119838622,1556346,si,ශාන්ත ජස්ට් සෝවාජ්
119838699,1556347,si,සින්ට්-ජුස්ට්-ප්‍රෙස්-රිඖදෙ
119838776,1556348,si,සින්ට්-ජුස්ට්-මල්මොන්ට්
119838853,1556349,si,ශාන්ත ජස්ට් ලෙ මාටෙල්
119838930,1556350,si,ශාන්ත ජස්ට් ලා පෙන්ඩු
119839007,1556351,si,ශාන්ත-ජස්ටින්
119839084,1556352,si,ශාන්ත-ජස්ටින්
119839161,1556353,si,ශාන්ත-ජස්ට්-ඉබාරේ
119839238,1556354,si,ශාන්ත-ජූස්ට්
119839315,1556355,si,ශාන්ත ජස්ට් සහ ලෙ බෙසු
119839392,1556356,si,සින්ට්-ජුස්ට්-එන-චෙවලේට්
119839469,1556357,si,ශාන්ත ජස්ට් එන් චෝසි
119839546,1556358,si,සෙන්ට් ජස්ට් එන් බ් රී
119839623,1556359,si,ශාන්ත ජස්ට් එන් බාස්
119839777,1556361,si,සෙන්ට් ජස්ට් ඩි ක්ලේක්ස්
119839854,1556362,si,සෙන්ට් ජස්ට් ඩි ඇව්රේ
119839931,1556363,si,ශාන්ත-ජස්ට්-චාලිසින්
119840008,1556364,si,ශාන්ත-ජූස්ට්
119840085,1556365,si,ශාන්ත-ජූස්ට්
119840162,1556366,si,ශාන්ත-ජූස්ට්
119840239,1556367,si,ශාන්ත-ජූස්ට්
119840316,1556368,si,ශාන්ත-ජස්ට්-ලුසාක්
119840470,1556370,si,ශාන්ත-ජූස්ට්
119840547,1556371,si,ශාන්ත-ජූස්ට්
119840624,1556372,si,ශාන්ත-ජූස්ට්
119840701,1556373,si,ශාන්ත ජස්ට්-ඩී-ආර්ඩෙච්
119840778,1556374,si,ශාන්ත-ජූස්ට්
119840932,1556376,si,ශාන්ත-ජුර්ස්
119841009,1556377,si,ශාන්ත-ජුරේ
119841086,1556378,si,ශාන්ත ජුනියන් ලෙස් කොම්බ්ස්
119841163,1556379,si,ශාන්ත ජුනියන් ලා බ් රෙගර්
119841240,1556380,si,ශාන්ත-ජුනියන්
119841317,1556381,si,ශාන්ත-ජුලියන්-වොකන්ස්
119841394,1556382,si,ශාන්ත-ජුලියන්-සර්-වේල්
119841471,1556383,si,ශාන්ත-ජුලියන්-සර්-සාර්තේ
119841548,1556384,si,ශාන්ත ජුලියන්-සර්-රයිසූස්
119841625,1556385,si,ශාන්ත-ජුලියන්-සුර්-ධූනේ
119841702,1556386,si,ශාන්ත-ජුලියන්-සර්-චර්
119841779,1556387,si,ශාන්ත-ජුලියන්-සර්-කැලෝන්
119841856,1556388,si,ශාන්ත-ජුලියන්-සර්-බිබොස්ට්
119841933,1556389,si,ශාන්ත ජුලියන්-සෝස්-ලෙස්-කෝට්ස්
119842010,1556390,si,ශාන්ත-ජුලියන්-පුයි-ලවේස්
119842087,1556391,si,ශාන්ත ජුලියන් ප් රෙස් බෝර්ට්
119842164,1556392,si,ශාන්ත-ජුලියන්-මොලින්-මොලෙට්
119842241,1556393,si,ශාන්ත-ජුලියන්-මොල්හෙසබේට්
119842318,1556394,si,ශාන්ත-ජුලියන්-මවුමොන්ට්
119842395,1556395,si,ශාන්ත-ජුලියන්-ලෙ-වෙන්ඩොමොයිස්
119842472,1556396,si,ශාන්ත-ජුලියන්-ලෙස්-විලාස්
119842549,1556397,si,ශාන්ත-ජුලියන්-ලෙස්-මොන්ට්බෙලියාර්ඩ්
119842626,1556398,si,ශාන්ත-ජුලියන්-ලෙස්-මෙට්ස්
119842703,1556399,si,ශාන්ත-ජුලියන්-ලෙස්-ගෝර්ස්
119842780,1556400,si,ශාන්ත-ජුලියන්-ලෙ-රූක්ස්
119842857,1556401,si,ශාන්ත-ජුලියන්-ලෙ-පෙටිට්
119842934,1556402,si,ශාන්ත-ජුලියන්-ලෙ-පෙලරින්
119843011,1556403,si,ශාන්ත-ජුලියන්-ලෙ-ෆවුකොන්
119843088,1556404,si,ශාන්ත-ජුලියන්-ලෙ-චැටෙල්
119843165,1556405,si,ශාන්ත-ජුලියන්-ලා-වෙට්රේ
119843319,1556407,si,ශාන්ත-ජුලියන්-ලා-ජෙනෙට්
119843396,1556408,si,ශාන්ත-ජුලියන්-ලා-ජෙනෙස්ටේ
119843473,1556409,si,ශාන්ත-ජුලියන්-ලබ්රූස්
119843550,1556410,si,ශාන්ත-ජූලියන්-ගෝලීන්
119843627,1556411,si,ශාන්ත ජුලියන්-එන්-වර්කෝර්ස්
119843704,1556412,si,ශාන්ත ජුලියන්-එන්-ශාන්ත ඇල්බන්
119843781,1556413,si,ශාන්ත ජුලියන්-එන්-ක්වින්ට්
119843935,1556415,si,ශාන්ත-ජුලියන්-එන්-ජෙනෙවොයිස්
119844012,1556416,si,ශාන්ත ජුලියන්-එන්-චැම්ප්සෝර්
119844089,1556417,si,ශාන්ත ජුලියන්-එන්-බෝන්
119844166,1556418,si,ශාන්ත-ජුලියන්-එන්-බියුචෙන්
119844243,1556419,si,ශාන්ත-ජුලියන්-ඩු-වර්ඩන්
119844320,1556420,si,ශාන්ත ජුලියන්-ඩු-ටුවර්නල්
119844397,1556421,si,ශාන්ත-ජුලියන්-ඩු-ටෙරෝක්ස්
119844474,1556422,si,ශාන්ත-ජුලියන්-ඩු-සෙරේ
119844551,1556423,si,ශාන්ත-ජුලියන්-ඩු-සෝල්ට්
119844628,1556424,si,ශාන්ත-ජුලියන්-ඩු-පුයි
119844705,1556425,si,ශාන්ත-ජුලියන්-ඩු-පිනෙට්
119844782,1556426,si,ශාන්ත-ජුලියන්-ඩු-ගුවා
119844859,1556427,si,ශාන්ත-ජුලියන්-ඩොඩ්ස්
119844936,1556428,si,ශාන්ත-ජූලියන්-ඩී අයිමෙට්
119845013,1556429,si,ශාන්ත-ජූලියන්-ද-වොවාන්ටෙස්
119845090,1556430,si,ශාන්ත-ජුලියන්-ලෙස්-රෝසියර්ස්
119845167,1556431,si,ශාන්ත-ජුලියන්
119845244,1556432,si,ශාන්ත-ජුලියන්-ඩෙස්-පොයින්ට්ස්
119845321,1556433,si,ශාන්ත-ජූලියන්-ඩෙස්-ලන්ඩස්
119845398,1556434,si,ශාන්ත-ජුලියන්-ඩෙස්-චේස්
119845552,1556436,si,ශාන්ත-ජුලියන්-ඩි-රාස්
119845706,1556438,si,ශාන්ත-ජුලියන්-ඩි-පෙයිරෝලස්
119845860,1556440,si,ශාන්ත-ජුලියන්-මොන්ට්-ඩෙනිස්
119845937,1556441,si,ශාන්ත ජුලියන් ඩි මයිලොක්
119846014,1556442,si,ශාන්ත ජුලියන්-ඩි-එල් හර්ම්ස්
119846091,1556443,si,ශාන්ත ජුලියන්-ඩි-එල්-එස්කැප්
119846168,1556444,si,ශාන්ත-ජුලියන්-ද-ලා-නෙෆ්
119846245,1556445,si,ශාන්ත-ජුලියන්-ඩි-ලැම්පොන්
119846322,1556446,si,ශාන්ත ජුලියන් ඩි ලා ලීග්
119846399,1556447,si,ශාන්ත-ජුලියන්-ඩි-ජෝර්ඩන්
119846476,1556448,si,ශාන්ත-ජුලියන්-ඩි-ජොන්සි
119846553,1556449,si,ශාන්ත-ජුලියන්-ඩි-ග්‍රාස්-කැපූ
119846630,1556450,si,ශාන්ත ජුලියන්-ඩි-ක් රම්ප්ස්
119846707,1556451,si,ශාන්ත-ජුලියන්-ද-කොප්පෙල්
119846784,1556452,si,ශාන්ත-ජුලියන්-ඩි-කොන්සෙල්ස්
119846861,1556453,si,ශාන්ත-ජුලියන්-ඩි-සිව්රි
119846938,1556454,si,ශාන්ත-ජුලියන්-ඩි-චෙඩොන්
119847015,1556455,si,ශාන්ත-ජුලියන්-ඩි-කැසග්නාස්
119847092,1556456,si,ශාන්ත-ජුලියන්-ඩි-බ්‍රියෝලා
119847169,1556457,si,ශාන්ත ජුලියන්-ඩි-බෝර්ඩයිල්ස්
119847246,1556458,si,ශාන්ත-ජුලියන්-ද'ඇසේ
119847400,1556460,si,ශාන්ත-ජූලියන්-ද ආර්මැග්නැක්
119847477,1556461,si,ශාන්ත-ජුලියන්-ඩී'ඇන්ස්
119847554,1556462,si,ශාන්ත-ජුලියන්-චැප්ටියුයිල්
119847631,1556463,si,ශාන්ත-ජුලියන්-බූටියර්ස්
119847708,1556464,si,ශාන්ත ජුලියන්-ඔක්ස්-බොයිස්
119847785,1556465,si,ශාන්ත-ජුලියන්
119847939,1556467,si,ශාන්ත-ජුලියන්
119848016,1556468,si,ශාන්ත-ජුලියන්
119848170,1556470,si,ශාන්ත-ජුලියන්
119848247,1556471,si,ශාන්ත-ජුලියන්-ලෙස්-රුසී
119848478,1556474,si,ශාන්ත-ජුලියන්
119848555,1556475,si,ශාන්ත-ජුලියන්
119848786,1556478,si,ශාන්ත-ජුලියන්
119848863,1556479,si,ශාන්ත-ජුලියන්
119848940,1556480,si,ශාන්ත-ජුලියන්-සර්-ගරොන්
119849094,1556482,si,ශාන්ත-ජුලියා-ඩි-බෙක්
119849171,1556483,si,ශාන්ත-ජුලියා
119849248,1556484,si,ශාන්ත ජූරි
119849325,1556485,si,ශාන්ත ජූරි
119849402,1556486,si,ශාන්ත ජූරි
119849479,1556487,si,ශාන්ත-ජුඩෝස්
119849556,1556488,si,ශාන්ත-ජුවන්
119849633,1556489,si,ශාන්ත ජොවෙන්ට්
119849710,1556490,si,ශාන්ත-ජූයින්-ඩි-මිලි
119849787,1556491,si,සෙන්ට් ජොයින් ඩි මාර්න්ස්
119849864,1556492,si,සෙන්ට් ජොයින් ඩි බ්ලැවෝ
119849941,1556493,si,ශාන්ත-ජූයින්-බෲනෙවල්
119850018,1556494,si,ශාන්ත-ජූයින්
119850095,1556495,si,ශාන්ත ජුවාන්-ඩෙස්-ගුරෙට්ස්
119850172,1556496,si,ශාන්ත ජුවාන්-ඩි-අයිල්
119850249,1556497,si,ශාන්ත-ජෝස්
119850326,1556498,si,ශාන්ත-ජෝසප්-ඩෙස්-බෑන්ක්ස්
119850403,1556499,si,ශාන්ත-ජෝසප්-ඩි-රිවියර්
119850480,1556500,si,ශාන්ත ජෝසප්
119850711,1556503,si,ශාන්ත ජෝසප්
119850865,1556505,si,සෙන්ට් ජෝරි ලාස් බ්ලූ
119850942,1556506,si,ශාන්ත ජෝරි-ඩි-චාලේස්
119851019,1556507,si,ශාන්ත-ජෝරි
119851096,1556508,si,ශාන්ත-ජෝරියෝස්
119851173,1556509,si,ශාන්ත ජෝර්ස්
119851250,1556510,si,ශාන්ත-ජෝයර්
119851327,1556511,si,ශාන්ත-ජෝඩාඩ්
119851404,1556512,si,ශාන්ත-ජෝකිම්
119851481,1556513,si,ශාන්ත-ජූරස්
119851558,1556514,si,සින්ට්-ජෙඋරේ-ද'අය
119851635,1556515,si,ශාන්ත ජියර්-ඩී-ඇන්ඩෝර්
119851712,1556516,si,ශාන්ත-ජෙයෝර්-ප්‍රියර්
119851789,1556517,si,ශාන්ත-ජෙයෝර්
119851866,1556518,si,ශාන්ත-ජෙන්ව්රින්
119851943,1556519,si,ශාන්ත-ජීන්-ට්රොලිමන්
119852020,1556520,si,ශාන්ත ජෑන්-සර්-විලයින්
119852097,1556521,si,ශාන්ත ජෑන්-සර්-වේල්
119852174,1556522,si,ශාන්ත ජෑන්-සර්-ටුවර්බේ
119852251,1556523,si,ශාන්ත ජෑන්-සර්-රයිසූස්
119852328,1556524,si,ශාන්ත ජෑන්-සර්-මොයිව්
119852405,1556525,si,ශාන්ත ජෑන්-සර්-මේයන්
119852482,1556526,si,ශාන්ත ජෑන්-සර්-එර්ව්
119852559,1556527,si,ශාන්ත ජෑන්-සර්-කූස්නන්
119852636,1556528,si,ශාන්ත ජෑන් සොලීමියු
119852713,1556529,si,ශාන්ත-ජීන්-සවර්න්
119852790,1556530,si,ශාන්ත-ජීන්
119852867,1556531,si,ශාන්ත ජෑන් ශාන්ත ජර්වායිස්
119852944,1556532,si,ශාන්ත ජෑන් ශාන්ත ජර්මන්
119853021,1556533,si,ශාන්ත-ජීන්-රූර්
119853098,1556534,si,ශාන්ත ජෑන් රෝර්බාක්
119853175,1556535,si,ශාන්ත ජෑන්-පොට්ජ්
119853252,1556536,si,ශාන්ත ජෑන් පොඩ්ජ්
119853329,1556537,si,ශාන්ත ජීන්-ප්ලා-ඩි-කෝර්ට්ස්
119853406,1556538,si,ශාන්ත ජෑන් පියරේ ෆික්ස්ටේ
119853483,1556539,si,ශාන්ත ජෑන්-පීඩ්-ඩි-පෝර්ට්
119853637,1556541,si,ශාන්ත-ජෙනට්
119853714,1556542,si,ශාන්ත-ජීන්-ලිගුරේ
119853791,1556543,si,ශාන්ත-ජීන්-ලර්ම්
119853868,1556544,si,ශාන්ත ජෑන් ලෙ වී
119853945,1556545,si,ශාන්ත ජෑන් ලෙ වී
119854022,1556546,si,ශාන්ත ජෑන් ලෙ වී
119854099,1556547,si,ශාන්ත-ජීන්-ලෙ-තෝමස්
119854176,1556548,si,ශාන්ත-ජීන්-ලෙස්පිනාසේ
119854253,1556549,si,ශාන්ත ජෑන් ලෙස් ලෝන්ගුයොන්
119854330,1556550,si,ශාන්ත ජෑන් ලෙස් ඩියුස් ජුමෝ
119854407,1556551,si,ශාන්ත ජෑන් ලෙස් බුසි
119854484,1556552,si,ශාන්ත ජෑන් ශාන්ත මොරිස් සර් ලෝයර්
119854561,1556553,si,ශාන්ත ජෑන් ලෙ ප් රිච්
119854715,1556555,si,ශාන්ත ජෑන් ලෙ කොම්ටල්
119854792,1556556,si,ශාන්ත ජෑන් ලෙ සෙන්ටෙනියර්
119854869,1556557,si,ශාන්ත ජෑන් ලෙ බ්ලැන්ක්
119854946,1556558,si,ශාන්ත ජෑන් ලෙ බ්ලැන්ක්
119855023,1556559,si,ශාන්ත ජෑන් ලා වෙට් රේ
119855100,1556560,si,ශාන්ත ජෑන් ලැසෙල්
119855254,1556562,si,ශාන්ත ජෑන් ලා පොටරි
119855331,1556563,si,ශාන්ත ජෑන් ලා ෆුයිලෝස්
119855408,1556564,si,ශාන්ත-ජීන්-ලචල්ම්
119855485,1556565,si,ශාන්ත ජෑන් ලා බුසියර්
119855562,1556566,si,ශාන්ත ජෑන්-කෝර්ට්සෙරෝඩ්
119855639,1556567,si,ශාන්ත-ජීන්-කර්ඩනියෙල්
119855716,1556568,si,ශාන්ත ජෑන් ෆ් රොයිඩ්මන්ටෙල්
119855793,1556569,si,ශාන්ත ජෑන් සහ ශාන්ත පෝල්
119855870,1556570,si,ශාන්ත-ජීන්-එන්-වල්
119855947,1556571,si,ශාන්ත ජෑන් එන් රොයාන්ස්
119856178,1556574,si,ශාන්ත-ජීන්-ඩු-තේනි
119856255,1556575,si,ශාන්ත ජෑන් ඩු මාර්ච්
119856332,1556576,si,ශාන්ත ජෑන් ඩු ගාඩ්
119856409,1556577,si,ශාන්ත-ජීන්-ඩු-ෆල්ගා
119856486,1556578,si,ශාන්ත ජෑන් ඩු ඩොයිට්
119856563,1556579,si,ශාන්ත ජෑන් ඩු කොරයිල් ඩෙස් බොයිස්
119856640,1556580,si,ශාන්ත ජෑන් ඩු කොරයිල්
119856794,1556582,si,ශාන්ත ජෑන් ඩු කාඩොනේ
119856871,1556583,si,ශාන්ත ජෑන් ඩු බ් රූල්
119856948,1556584,si,ශාන්ත ජෑන් ඩු බුසෙට්
119857025,1556585,si,ශාන්ත-ජීන්-ඩු-බොයිස්
119857102,1556586,si,ශාන්ත ජෑන් ද ඕර්මොන්ට්
119857256,1556588,si,ශාන්ත-ජීන්-ඩි ඉලැක්
119857333,1556589,si,ශාන්ත ජෑන් ද හර්ස්
119857410,1556590,si,ශාන්ත-ජීන්-ඩී හෙරන්ස්
119857487,1556591,si,ශාන්ත ජෑන්-ඩී-එරෝ
119857564,1556592,si,ශාන්ත-ජීන්-ඩි-වර්ජස්
119857641,1556593,si,ශාන්ත-ජීන්-දේ-වේදස්
119857718,1556594,si,ශාන්ත ජෑන් ද වොක්ස්
119857795,1556595,si,ශාන්ත ජෑන් ද වොල්ක්ස්
119857949,1556597,si,ශාන්ත ජෑන් ද වල්ස්
119858026,1556598,si,ශාන්ත ජෑන් ද වැලරිස්ක්
119858103,1556599,si,ශාන්ත ජෑන් ද ට් රෙසි
119858180,1556600,si,ශාන්ත ජෑන් ඩි එට් රොක්ස්
119858257,1556601,si,ශාන්ත ජෑන් ද ටූස්ලාස්
119858334,1556602,si,ශාන්ත ජෑන් ද තුරිග්නියු
119858411,1556603,si,ශාන්ත-ජීන්-ඩි-තුරැක්
119858488,1556604,si,ශාන්ත ජෑන් ද ටෝර්ස්
119858565,1556605,si,ශාන්ත-ජීන්-ඩි-තොලෝම්
119858719,1556607,si,ශාන්ත ජෑන් ඩෙස් විග්නස්
119858796,1556608,si,ශාන්ත ජෑන්-ඩි-එස්ටිසාක්
119858873,1556609,si,ශාන්ත ජෑන් ද සුඩාන්
119858950,1556610,si,ශාන්ත ජෑන් ඩෙස් ඔලියර්ස්
119859104,1556612,si,ශාන්ත ජෑන් ඩෙස් මොව්රෙට්ස්
119859258,1556614,si,ශාන්ත ජෑන් ද ලිනියර්ස්
119859335,1556615,si,ශාන්ත ජෑන් ද සික්ස්ට්
119859412,1556616,si,ශාන්ත ජෑන් ඩෙස් එස්සාර්ටියර්ස්
119859489,1556617,si,ශාන්ත ජෑන් ද සෙරෙස්
119859566,1556618,si,ශාන්ත ජෑන් ඩෙස් එචෙල්ස්
119859643,1556619,si,ශාන්ත ජෑන් ඩෙස් චැම්ප්ස්
119859720,1556620,si,ශාන්ත ජෑන් ඩෙස් බොයිස්
119859797,1556621,si,ශාන්ත ජෑන් ඩෙස් බයිසැන්ට්ස්
119859874,1556622,si,ශාන්ත ජෑන් ද සැවිග්නි
119859951,1556623,si,ශාන්ත ජෑන් ද සෝව්ස්
119860028,1556624,si,ශාන්ත ජෑන් ද රිව්ස්
119860105,1556625,si,ශාන්ත ජෑන් ද රෙබර්විලියර්ස්
119860182,1556626,si,ශාන්ත ජෑන් ද පුර්චාර්ස්
119860259,1556627,si,ශාන්ත ජෑන් ද පැරකෝල්
119860336,1556628,si,ශාන්ත-ජීන්-ඩි-නියෝස්ට්
119860413,1556629,si,ශාන්ත-ජීන්-ඩි-නයි
119860490,1556630,si,ශාන්ත ජෑන් ද මුසෝල්ස්
119860567,1556631,si,ශාන්ත ජෑන් ද මොන්ට්ස්
119860644,1556632,si,ශාන්ත ජෑන් ද මොයිරන්ස්
119860721,1556633,si,ශාන්ත ජෑන් ද මිනර්වොයිස්
119860798,1556634,si,ශාන්ත ජෑන් ද මොරියන්
119860875,1556635,si,ශාන්ත ජෑන් ද මරුජෝල්ස් සහ අවාන්
119860952,1556636,si,ශාන්ත ජෑන් ද මාර්සාක්
119861029,1556637,si,ශාන්ත ජෑන් ද මාසෙල්
119861106,1556638,si,ශාන්ත ජෑන් ද ලුස්
119861183,1556639,si,ශාන්ත ජෑන් ද ලොස්න්
119861260,1556640,si,ශාන්ත-ජීන්-ඩෙල්නොස්
119861337,1556641,si,ශාන්ත ජෑන් ද ලිවට්
119861414,1556642,si,ශාන්ත ජෑන් ද ලිවර්සේ
119861491,1556643,si,ශාන්ත ජෑන් ද ලීර්
119861568,1556644,si,ශාන්ත-ජීන්-ඩි-ලෝර්
119861645,1556645,si,ශාන්ත ජෑන් ද ලා රූල්
119861722,1556646,si,ශාන්ත ජෑන් ද ලා රිවිරේ
119861799,1556647,si,ශාන්ත ජෑන් ද ලා පෝර්ට්
119861876,1556648,si,ශාන්ත ජෑන් ද ලා නවීල්
119861953,1556649,si,ශාන්ත ජෑන් ද ලා මොට්
119862030,1556650,si,ශාන්ත ජෑන් ද ලා ලෙකෙරේ
119862107,1556651,si,ශාන්ත ජෑන් ද ලා හයිස්
119862184,1556652,si,ශාන්ත ජෑන් ද ලා ෆොරෙට්
119862261,1556653,si,ශාන්ත ජෑන් ද ලා ක් රොයිස්
119862338,1556654,si,ශාන්ත ජෑන් ද ලා බ්ලැකියර්
119862415,1556655,si,ශාන්ත ජෑන් ද ගොන්විල්
119862569,1556657,si,ශාන්ත ජෑන් ද ෆොස්
119862646,1556658,si,ශාන්ත ජෑන් ද ෆොලෙවිල්
119862723,1556659,si,ශාන්ත-ජීන්-ඩි-ඩුරස්
119862800,1556660,si,ශාන්ත ජෑන් ද ඩේ
119862877,1556661,si,ශාන්ත ජෑන් ද කුකුල්ස්
119862954,1556662,si,ශාන්ත ජෑන් ද ක් රියුලෝන්
119863031,1556663,si,ශාන්ත ජෑන් ද කූස්
119863108,1556664,si,ශාන්ත ජෑන් ද කෝර්නිස්
119863185,1556665,si,ශාන්ත-ජීන්-ඩි-කෝල්
119863262,1556666,si,ශාන්ත ජෑන් ද චෙව්ලු
119863339,1556667,si,ශාන්ත ජෑන් ද සීරාග්ස්
119863416,1556668,si,ශාන්ත ජෑන් ද බුජස්
119863493,1556669,si,ශාන්ත ජෑන් ද බ් රේ
119863570,1556670,si,සින්ට්-ජෙං-දේ-බෝඋර්නය්
119863647,1556671,si,සින්ට්-ජෙං-දේ-බොන්නේවල්
119863724,1556672,si,සින්ට්-ජෙං-දේ-ඔඉසෙඖ
119863801,1556673,si,සින්ට්-ජෙං-දේ-ඔඑඋෆ්
119863878,1556674,si,ශාන්ත ජෑන් ද බ්ලයිනාක්
119863955,1556675,si,සින්ට්-ජෙං-දේ-බෙඋගනේ
119864109,1556677,si,සින්ට්-ජෙං-දේ-බෙල්ලෙවිල්ලේ
119864186,1556678,si,ශාන්ත ජෑන් ද බියුරෙගාඩ්
119864263,1556679,si,ශාන්ත ජෑන් ද බැසල්
119864340,1556680,si,ශාන්ත ජෑන් ද බාරෝ
119864417,1556681,si,ශාන්ත ජෑන් ඩැටොක්ස්
119864494,1556682,si,ශාන්ත ජෑන් ඩි ඇවෙලන්
119864571,1556683,si,ශාන්ත ජෑන් ඩොල්ප්ස්
119864648,1556684,si,ශාන්ත ජෑන් ද ඕබ්රිගු
119864725,1556685,si,ශාන්ත-ජීන්-ඩී'ඇසේ
119864802,1556686,si,ශාන්ත ජෑන් ද ආර්වි
119864879,1556687,si,ශාන්ත ජෑන් ද ආර්ව්ස්
119864956,1556688,si,ශාන්ත ජෑන් ද ආර්ඩියර්ස්
119865033,1556689,si,ශාන්ත ජෑන් ද ඇන්ජල්
119865110,1556690,si,ශාන්ත-ජීන්-ඩ් ඇන්ජලි
119865187,1556691,si,ශාන්ත ජෑන් ද ඇල්කැපීස්
119865264,1556692,si,ශාන්ත ජෑන්-ඩී-අයිගුස්-විව්ස්
119865418,1556694,si,ශාන්ත ජෑන් චැම්බර්
119865495,1556695,si,ශාන්ත ජෑන් කැප් ෆෙරාට්
119865572,1556696,si,ශාන්ත ජෑන් බ් රෙවෙලේ
119865649,1556697,si,ශාන්ත ජෑන් බොන්ෆොන්ස්
119865726,1556698,si,ශාන්ත ජෑන් ඔක්ස් බොයිස්
119865803,1556699,si,ශාන්ත ජෑන් ඔක්ස් බොයිස්
119865880,1556700,si,ශාන්ත ජෑන් ඔක්ස් අමොග්නස්
119866265,1556705,si,ශාන්ත-ජීන්
119866419,1556707,si,ශාන්ත-ජීන්
119866650,1556710,si,ශාන්ත-ජීන්
119866881,1556713,si,ශාන්ත-ජාන්ස්-කැපල්
119866958,1556714,si,ශාන්ත-ජෑම්ස්
119867035,1556715,si,ශාන්ත-ජේම්ස්
119867266,1556718,si,ශාන්ත-ජල්
119867343,1556719,si,ශාන්ත ජැකට් ලෙස් පින්ස්
119867420,1556720,si,ශාන්ත-ජකුට්-ඩු-මෙනේ
119867497,1556721,si,ශාන්ත ජැකට්-ඩි-ලා-මර්
119867574,1556722,si,ශාන්ත ජැක්ස්-සර්-ඩර්නෙටල්
119867651,1556723,si,ශාන්ත ජැක් එන් වැල්ගොඩෙමාර්ඩ්
119867728,1556724,si,ශාන්ත ජැක්ස්-ඩි-ටෝර්ස්
119867805,1556725,si,ශාන්ත ජැක්ස්-ඩෙස්-ගුරෙට්ස්
119867882,1556726,si,ශාන්ත ජැක්ස්-ඩෙස්-බ්ලැට්ස්
119867959,1556727,si,ශාන්ත ජැක්ස්-ඩෙස්-ආර්ට්ස්
119868036,1556728,si,ශාන්ත ජැක් ද නෙහෝ
119868113,1556729,si,ශාන්ත ජැක්ස්-ඩි-ලා-ලැන්ඩ්
119868190,1556730,si,ශාන්ත ජැක්ස්-ඩැටිසියෝ
119868267,1556731,si,ශාන්ත ජැක්ස්-ඩි ඇම්බර්
119868344,1556732,si,ශාන්ත ජැක්ස්-ඩී-ඇලර්මොන්ට්
119868729,1556737,si,ශාන්ත-ජැක්
119868960,1556740,si,ශාන්ත-ඉසායර්
119869037,1556741,si,ශාන්ත-ඉස්මියර්
119869345,1556745,si,ශාන්ත ඉන්ග්ලෙවර්ට්
119869422,1556746,si,ශාන්තුවරයන්
119869499,1556747,si,සින්ට්-ඉමොගේස්
119869576,1556748,si,ශාන්ත-ඉල්පිස්
119869653,1556749,si,ශාන්ත-ඉලියර්ස්-ලෙ-බොයිස්
119869730,1556750,si,ශාන්ත-ඉලියර්ස්-ලා-විල්
119869807,1556751,si,සින්ට්-ඉල්ලිදේ
119869961,1556753,si,සින්ට්-ඉග්න්ය්-දේ-වෙරස්
119870038,1556754,si,ශාන්ත-ඉග්නි-ඩි-රොචේ
119870192,1556756,si,ශාන්ත-ඉග්නියුක්
119870269,1556757,si,ශාන්ත-ඉග්නට්
119870346,1556758,si,ශාන්ත-ඉග්නන්
119870423,1556759,si,ශාන්ත-ඉජෙස්ට්
119870500,1556760,si,\N
119870731,1556763,si,ශාන්ත-හයිමෙටියර්
119870808,1556764,si,ශාන්ත-හයිමර්
119871039,1556767,si,ශාන්ත-හුබර්ට්
119871347,1556771,si,සින්ට්-හොස්ටිඑන්
119871424,1556772,si,ශාන්ත ඔනෝර්
119871501,1556773,si,ශාන්ත හොනර් ලෙස් බේන්ස්
119871578,1556774,si,ශාන්ත ඔනෝර්
119871655,1556775,si,ශාන්ත හිපොලයිට්-ලෙ-ග් රේවීරන්
119871732,1556776,si,ශාන්ත හිපොලයිට්-ඩු-ෆෝට්
119871809,1556777,si,ශාන්ත හිපොලයිට්-ඩි-මොන්ටේගු
119871886,1556778,si,ශාන්ත හිපොලයිට්-ඩි-කැටන්
119871963,1556779,si,ශාන්ත-හිපොලයිට්
119872040,1556780,si,ශාන්ත-හිපොලයිට්
119872117,1556781,si,ශාන්ත-හිපොලයිට්
119872271,1556783,si,ශාන්ත-හිපොලයිට්
119872348,1556784,si,ශාන්ත-හිපොලයිට්
119872425,1556785,si,ශාන්ත-හිපොලයිට්
119872502,1556786,si,ශාන්ත-හිපොලයිට්
119872733,1556789,si,ශාන්ත-හිපොලයිට්
119872810,1556790,si,ශාන්ත-හිලියර්ස්
119872887,1556791,si,ශාන්ත-හිලරියන්
119872964,1556792,si,ශාන්ත හිලර්-ටෝරි
119873041,1556793,si,ශාන්ත හිලර්-සර්-යර්
119873118,1556794,si,ශාන්ත හිලර්-සර්-රිස්ල්
119873195,1556795,si,ශාන්ත හිලර්-සර්-පුසෝ
119873272,1556796,si,ශාන්ත හිලර්-සර්-හෙල්ප්
119873349,1556797,si,ශාන්ත හිලර්-ඩි-ලුසිනන්
119873426,1556798,si,ශාන්ත හිලර්-සර්-එරර්
119873503,1556799,si,ශාන්ත හිලර්-සර්-බෙනයිස්
119873580,1556800,si,ශාන්ත-හිලෙයාර්-සුස්-රොමිලි
119873657,1556801,si,ශාන්ත-හිලෙයාර්-සුස්-චාලියු
119873734,1556802,si,ශාන්ත-හිලෙයාර්-සාන්ත-මෙස්මින්
119873811,1556803,si,ශාන්ත හිලර්-පයිරොක්ස්
119873888,1556804,si,ශාන්ත-හිලෙයාර්-පෙටිට්විල්
119873965,1556805,si,ශාන්ත-හිලෙයාර්-ලූක්
119874042,1556806,si,ශාන්ත හිලර්-ලෙස්-කැම්බ් රේ
119874119,1556807,si,ශාන්ත හිලර්-ලෙ-වොහිස්
119874196,1556808,si,ශාන්ත-හිලෙයාර්-ලෙස්-ප්ලේස්
119874273,1556809,si,ශාන්ත හිලර්-ලෙස්-මොන්ග්ස්
119874350,1556810,si,ශාන්ත හිලර් ලෙස් කෝර්බ්ස්
119874427,1556811,si,ශාන්ත හිලර්-ලෙස්-ඇන්ඩ් රෙසිස්
119874504,1556812,si,ශාන්ත හිලර්-ලෙ-පෙටි
119874581,1556813,si,ශාන්ත හිලර්-ලෙ-ලියර්රු
119874658,1556814,si,සින්ට්-හිලිරේ-ලේ-ග්රෑන්ඩ්
119874735,1556815,si,ශාන්ත හිලර්-ලෙ-චැටෙල්
119874812,1556816,si,ශාන්ත හිලර්-ලෙ-චැටෝ
119874889,1556817,si,ශාන්ත හිලර් ලා ට් රේල්
119874966,1556818,si,ශාන්ත-හිලෙයාර්-ලා-ප්ලේන්
119875043,1556819,si,ශාන්ත හිලර්-ලා-පලුඩ්
119875120,1556820,si,ශාන්ත හිලර් ලා ග් රැවෙල්
119875197,1556821,si,ශාන්ත හිලර් ලා ෆොරෙට්
119875274,1556822,si,ශාන්ත හිලර් ලා ක් රොයිස්
119875351,1556823,si,ශාන්ත-හිලෙයාර්-ෆොන්ටේන්
119875428,1556824,si,ශාන්ත-හිලෙයාර්-ෆොයිසාක්
119875505,1556825,si,ශාන්ත හිලර්-එන්-වොව්ර්
119875582,1556826,si,ශාන්ත හිලර්-එන්-මෝර්වන්
119875659,1556827,si,ශාන්ත හිලර්-එන්-ලිග්නියර්ස්
119875736,1556828,si,ශාන්ත හිලර්-ඩු-රොසියර්
119875813,1556829,si,ශාන්ත හිලර්-ඩු-මේන්
119875890,1556830,si,ශාන්ත හිලර්-ඩු-හාර්කෝට්
119875967,1556831,si,ශාන්ත හිලර්-ඩු-බොයිස්
119876044,1556832,si,ශාන්ත හිලර්-ඩු-බොයිස්
119876121,1556833,si,ශාන්ත හිලර්-ඩු-බොයිස්
119876198,1556834,si,ශාන්ත හිලර්-ඩොසිල්හාන්
119876275,1556835,si,ශාන්ත හිලර්-ඩි-වොස්ට්
119876352,1556836,si,ශාන්ත හිලර්-ඩි-විල්ෆ් රාන්ෂ්
119876429,1556837,si,ශාන්ත-හිලෙයාර් ද ටැල්මොන්ට්
119876506,1556838,si,ශාන්ත හිලර්-ඩි එස්ටිසාක්
119876583,1556839,si,ශාන්ත හිලර්-ඩෙස්-ලොජ්
119876660,1556840,si,ශාන්ත හිලර්-ඩෙස්-ලැන්ඩ්ස්
119876737,1556841,si,ශාන්ත-හිලෙයාර්-ඩි-රයිස්
119876891,1556843,si,ශාන්ත හිලර්-ඩි-ලූලේ
119876968,1556844,si,ශාන්ත හිලර්-ඩි-ලැවිට්
119877045,1556845,si,ශාන්ත හිලර්-ඩි-ලා-නොයිල්
119877122,1556846,si,ශාන්ත හිලර්-ඩි-ලා-කෝට්
119877199,1556847,si,ශාන්ත හිලර්-ඩි-ගොන්ඩිලි
119877276,1556848,si,ශාන්ත හිලර්-ඩි-කෝට්
119877353,1556849,si,ශාන්ත-හිලෙයාර්-ඩි-ක්ලිසන්
119877430,1556850,si,ශාන්ත හිලර්-ඩි-චාලියන්ස්
119877507,1556851,si,ශාන්ත හිලර්-ඩි-බ් රියෝස්
119877584,1556852,si,ශාන්ත හිලර්-ඩි-බ් රෙත්මාස්
119877661,1556853,si,ශාන්ත හිලර්-ඩි-බ් රෙන්ස්
119877738,1556854,si,ශාන්ත හිලර්-ඩි-බොවොයර්
119877815,1556855,si,ශාන්ත-හිලෙයාර්-කුසන්-ලා-වල්මිට්ටේ
119877892,1556856,si,ශාන්ත-හිලෙයාර්-කෝට්ස්
119877969,1556857,si,ශාන්ත-හිලෙයාර්-බොනවල්
119878046,1556858,si,සින්ට්-හිලිරේ-ඖ-ටෙම්ප්ලේ
119878200,1556860,si,ශාන්ත-හිලෙයාර්
119878431,1556863,si,ශාන්ත-හිලෙයාර්
119878508,1556864,si,ශාන්ත-හිලෙයාර්
119878662,1556866,si,ශාන්ත-හිලෙයාර්
119878739,1556867,si,ශාන්ත-හිලෙයාර්
119878816,1556868,si,ශාන්ත-හිලෙයාර්
119878893,1556869,si,ශාන්ත-හිලෙයාර්
119878970,1556870,si,ශාන්ත-හිලෙයාර්
119879124,1556872,si,ශාන්ත-හිලෙයාර්
119879201,1556873,si,ශාන්ත-හිලෙයාර්
119879278,1556874,si,ශාන්ත-හිලෙයාර්
119879432,1556876,si,ශාන්ත හර්ව්
119879663,1556879,si,ශාන්ත-හර්නින්
119879817,1556881,si,ශාන්ත-හෙරන්ට්
119879971,1556883,si,ශාන්ත හර්බ්ලොන්
119880048,1556884,si,ශාන්ත-හර්බ්ලේන්
119880202,1556886,si,ශාන්ත-හෙලියර්
119880356,1556888,si,ශාන්ත-හෙලන්
119880433,1556889,si,ශාන්ත හිස
119880510,1556890,si,ශාන්ත හෝන් ලෙ වී
119880587,1556891,si,ශාන්ත හෝන් ලෙ චැටෙල්
119880664,1556892,si,ශාන්ත-හාඕන්
119880741,1556893,si,ශාන්ත-ගුයොමාර්ඩ්
119880818,1556894,si,ශාන්ත-ගුයිරෝඩ්
119880895,1556895,si,ශාන්ත-ගිනොක්ස්
119881126,1556898,si,ශාන්ත-ගුයිලූම්
119881280,1556900,si,ශාන්ත ගිල්හෙම්-ලෙ-ඩෙසර්ට්
119881588,1556904,si,දකුණු වේන්
119881665,1556905,si,ශාන්ත ග් රොක්ස්
119881819,1556907,si,ශාන්ත-ග්‍රීඩ්
119881896,1556908,si,ශාන්ත ග් රෙගෝයර්-ඩු-විව්ර්
119881973,1556909,si,ශාන්ත ග් රෙගෝයර්-ඩී-ආර්ඩන්ස්
119882050,1556910,si,ශාන්ත-ග්‍රෙගෝයර්
119882281,1556913,si,ශාන්ත-ග්‍රෙගෝයර්
119882435,1556915,si,සින්ට්-ග්රාවේ
119882512,1556916,si,ශාන්ත ග් රැටියන්-සැවිග්නි
119882589,1556917,si,ශාන්ත-ග්රේටියන්
119882666,1556918,si,ශාන්ත-ග්රේටියන්
119882897,1556921,si,ශාන්ත-ගූසාඩ්
119882974,1556922,si,ශාන්ත-ගෝර්සන්
119883051,1556923,si,ශාන්ත-ගෝර්ගොන්
119883128,1556924,si,ශාන්ත-ගුවේනෝ
119883205,1556925,si,ශාන්ත ගෝර්ගන්-මේන්
119883282,1556926,si,ශාන්ත-ගොර්ගන්
119883359,1556927,si,ශාන්ත-ගොර්ගන්
119883436,1556928,si,ශාන්ත-ගෝර්
119883513,1556929,si,ශාන්ත-ගොනරි
119883590,1556930,si,ශාන්ත-ගොන්ලේ
119883667,1556931,si,ශාන්ත-ගොන්ඩ්රන්
119883744,1556932,si,ශාන්ත-ගොන්ඩන්
119883821,1556933,si,ශාන්ත-ගොයින්
119883898,1556934,si,ශාන්ත-ගොබට්
119884052,1556936,si,ශාන්ත-ගොබේන්
119884129,1556937,si,ශාන්ත-ගෝසෙක්
119884206,1556938,si,ශාන්ත-ග්ලෙන්
119884283,1556939,si,ශාන්ත-ග්ලැඩි
119884437,1556941,si,ශාන්ත ජිරොන්ස්-ඩී ඇගුවිව්ස්
119884514,1556942,si,ශාන්ත ජිරොන්ස්-එන්-බර්න්
119884591,1556943,si,ශාන්ත-ගිරොන්ස්
119884745,1556945,si,ශාන්ත-ගිංගෝල්ෆ්
119884822,1556946,si,ශාන්ත ජිනීස්-එන්-කොයිරන්
119884899,1556947,si,ශාන්ත ජයිල්ස්-ක් රොයිස්-ඩි-වී
119884976,1556948,si,ශාන්ත ජයිල්ස්-ප්ලිජෝ
119885053,1556949,si,ශාන්ත ජයිල්ස් ලෙස් ෆොරෙට්ස්
119885130,1556950,si,ශාන්ත-ගිල්ස්-ලෙස්-බොයිස්
119885207,1556951,si,ශාන්ත ජයිල්ස්-වික්ස්-මාර්ච්
119885284,1556952,si,ශාන්ත-ගිල්ස්-ඩු-මෙනේ
119885361,1556953,si,ශාන්ත-ගිල්ස්-ඩෙස්-මාරයිස්
119885438,1556954,si,ශාන්ත ජයිල්ස්-ඩි-ලා-නවීල්
119885515,1556955,si,ශාන්ත ජයිල්ස්-ඩි-ක් රෙටෝ
119885592,1556956,si,ශාන්ත-ගිල්ස්
119885669,1556957,si,ශාන්ත-ගිල්ස්
119885746,1556958,si,ශාන්ත-ගිල්ස්
119886054,1556962,si,ශාන්ත-ගිල්ස්
119886131,1556963,si,ශාන්ත-ගිල්ස්
119886208,1556964,si,ශාන්ත-ගිල්ස්
119886285,1556965,si,ශාන්ත ගිල්ඩාස්-ඩෙස්-බොයිස්
119886362,1556966,si,ශාන්ත ගිල්ඩාස්-ඩි-රූස්
119886439,1556967,si,ශාන්ත-ගිල්ඩාස්
119886516,1556968,si,ශාන්ත-ගිබ්රියන්
119886593,1556969,si,ශාන්ත-ගෙයිරැක්
119886670,1556970,si,ශාන්ත-ගෙරි
119886747,1556971,si,ශාන්ත-ගෙරි
119886824,1556972,si,ශාන්ත-ගර්වාසි
119886901,1556973,si,ශාන්ත ගර්වාසි
119886978,1556974,si,ශාන්ත ජර්වායිස්-සර්-රූබියන්
119887055,1556975,si,ශාන්ත ජර්වායිස්-සර්-මේර්
119887132,1556976,si,ශාන්ත ජර්වායිස්-සර්-කවුච්ස්
119887209,1556977,si,ශාන්ත ජර්වායිස්-සූ-මේමොන්ට්
119887286,1556978,si,ශාන්ත ජර්වායිස්-ලෙස්-ට් රෝයිස්-ක්ලෝචර්ස්
119887363,1556979,si,ශාන්ත ජර්වායිස්-ලෙස්-බේන්ස්
119887440,1556980,si,ශාන්ත ජර්වායිස් ලා ෆොරෙට්
119887517,1556981,si,ශාන්ත ජර්වායිස්-එන්-වැලියර්
119887594,1556982,si,ශාන්ත ජර්වායිස්-එන්-බෙලින්
119887671,1556983,si,ශාන්ත ජර්වායිස්-ඩු-පෙරොන්
119887748,1556984,si,ශාන්ත ජර්වායිස්-ඩි-වික්
119887825,1556985,si,ශාන්ත ජර්වායිස්-ඩෙස්-සබ්ලොන්ස්
119887902,1556986,si,ශාන්ත ජර්වායිස්-ඩොවර්න්
119887979,1556987,si,ශාන්ත ගර්වයිස්
119888056,1556988,si,ශාන්ත ගර්වයිස්
119888364,1556992,si,ශාන්ත ගර්වයිස්
119888441,1556993,si,ශාන්ත ගර්වයිස්
119888672,1556996,si,ශාන්ත ගර්වයිස්
119888749,1556997,si,ශාන්ත-ගෙරොන්ස්
119888826,1556998,si,ශාන්ත-ගෙරොන්
119888903,1556999,si,ශාන්ත-ජර්මියර්
119888980,1557000,si,ශාන්ත-ජර්මියර්
119889057,1557001,si,ශාන්ත-ජර්මියර්
119889134,1557002,si,ශාන්ත-ජර්මියර්
119889211,1557003,si,ශාන්ත ජර්මර්-ඩි-ෆ්ලයි
119889288,1557004,si,ශාන්ත-ජර්ම
119889365,1557005,si,ශාන්ත-ජර්මේන්-ගම
119889442,1557006,si,ශාන්ත ජර්මන්-සර්-වියාන්
119889519,1557007,si,ශාන්ත ජර්මන්-සර්-සෙව්ස්
119889596,1557008,si,ශාන්ත ජර්මන්-සර්-සාර්ත්
119889673,1557009,si,ශාන්ත ජර්මන්-සර්-රෝන්
119889750,1557010,si,ශාන්ත ජර්මන්-සර්-රෙනන්
119889827,1557011,si,ශාන්ත ජර්මන්-සර්-මොරින්
119889904,1557012,si,සෙන්ට් ජර්මන්-සර්-මොයින්
119889981,1557013,si,ශාන්ත ජර්මන්-සර්-මෝස්
119890058,1557014,si,සෙන්ට් ජර්මන් නුවෙල්ස්
119890135,1557015,si,ශාන්ත ජර්මන්-සර්-ඉල්
119890212,1557016,si,සෙන්ට් ජර්මන්-සර්-එකෝල්
119890289,1557017,si,ශාන්ත ජර්මන්-සර්-ඊල්න්
119890366,1557018,si,ශාන්ත ජර්මන්-සර්-බ් රෙස්ල්
119890443,1557019,si,ශාන්ත ජර්මන්-සර්-අයි
119890520,1557020,si,ශාන්ත ජර්මන්-සර්-අව්රේ
119890597,1557021,si,ශාන්ත ජර්මන්-සූ-ඩෝ
119890674,1557022,si,සෙන්ට් ජර්මන් සෝස් කේලි
119890905,1557025,si,ශාන්ත ජර්මේන්මොන්ට්
119890982,1557026,si,ශාන්ත ජර්මන්-එල් හර්ම්
119891059,1557027,si,සෙන්ට් ජර්මන් ලෙ වික්ස්
119891136,1557028,si,සෙන්ට් ජර්මන් ලෙ වසොන්
119891213,1557029,si,සින්ට්-ගෙර්මින්-ලෙස-වෙර්ග්නෙස්
119891290,1557030,si,සෙන්ට් ජර්මන් ලෙස් සෙනාලි
119891367,1557031,si,ශාන්ත-ජර්මේන්-ලෙස්පිනාසේ
119891444,1557032,si,සෙන්ට් ජර්මන් ලෙස් පැරොයිස්
119891521,1557033,si,සෙන්ට් ජර්මන් ලෙස් කෝර්බෙල්
119891598,1557034,si,සෙන්ට් ජර්මන් ලෙස් බක්සි
119891675,1557035,si,සින්ට්-ගෙර්මින්-ලෙස-බෙල්ලෙස්
119891752,1557036,si,සෙන්ට් ජර්මන් ලෙස් ආර්පජොන්
119891829,1557037,si,සෙන්ට් ජර්මන් ලෙස් ආර්ලේ
119891906,1557038,si,සෙන්ට් ජර්මන් ලෙ රොෂෝ
119891983,1557039,si,ශාන්ත-ජර්මේන්-ලෙම්බ්රන්
119892137,1557041,si,ශාන්ත ජර්මන්-ලෙ-ගුයිලම්
119892291,1557043,si,සෙන්ට් ජර්මන් ලෙ ගැලර්ඩ්
119892368,1557044,si,සෙන්ට් ජර්මන් ලෙ ගැලර්ඩ්
119892445,1557045,si,සෙන්ට් ජර්මන් ලෙ ෆුයිලෝ
119892522,1557046,si,සෙන්ට් ජර්මන් ලෙ චැටෙලට්
119892599,1557047,si,ශාන්ත ජර්මන්-ලැක්සිස්
119892676,1557048,si,ශාන්ත ජර්මන්-ලාවොල්ප්ස්
119892753,1557049,si,සෙන්ට් ජර්මන් ලා විල්
119892830,1557050,si,ශාන්ත-ජර්මේන්-ලාවල්
119892907,1557051,si,ශාන්ත-ජර්මේන්-ලාවල්
119892984,1557052,si,ශාන්ත ජර්මන්-ලාප්රාඩ්
119893061,1557053,si,සෙන්ට් ජර්මන් ලා පොටෙරි
119893138,1557054,si,සෙන්ට් ජර්මන් ලැන්ගෝ
119893215,1557055,si,සෙන්ට් ජර්මන් ලා මොන්ටාන්
119893292,1557056,si,සෙන්ට් ජර්මන්-එල්-අයිගුයිලර්
119893369,1557057,si,සෙන්ට් ජර්මන් ලා ගැටින්
119893523,1557059,si,සෙන්ට් ජර්මන් ලා කැම්පේන්
119893600,1557060,si,සෙන්ට් ජර්මන් ලා බ්ලැන්ච් හර්බේ
119893677,1557061,si,සෙන්ට් ජර්මන් සහ මොන්ස්
119893754,1557062,si,ශාන්ත ජර්මන්-එන්-මොන්ටාන්
119893831,1557063,si,ශාන්ත ජර්මන්-එන්-ලේ
119893908,1557064,si,ශාන්ත ජර්මන්-එන්-කොග්ල්ස්
119893985,1557065,si,ශාන්ත ජර්මන්-එන්-බ් රියෝනායිස්
119894139,1557067,si,සෙන්ට් ජර්මන් ඩු ටේල්
119894216,1557068,si,සින්ට්-ගෙර්මින්-දු-සේඋද්රේ
119894293,1557069,si,ශාන්ත ජර්මන්-ඩු-සැලම්බ් රේ
119894370,1557070,si,සෙන්ට් ජර්මන් ඩු පුයි
119894447,1557071,si,සෙන්ට් ජර්මන් ඩු පුච්
119894524,1557072,si,සෙන්ට් ජර්මන් ඩු ප්ලේන්
119894601,1557073,si,ශාන්ත ජර්මන්-ඩු-පිනල්
119894678,1557074,si,සෙන්ට් ජර්මන් ඩු පර්ට්
119894755,1557075,si,සෙන්ට් ජර්මන් ඩු ක් රියෝල්ට්
119894832,1557076,si,ශාන්ත ජර්මන්-ඩු-කෝර්බේස්
119894909,1557077,si,ශාන්ත ජර්මන්-ඩු-බොයිස්
119894986,1557078,si,සෙන්ට් ජර්මන් ඩු බෙල් එයාර්
119895063,1557079,si,සෙන්ට් ජර්මන් ඩි විබ් රාක්
119895140,1557080,si,ශාන්ත ජර්මන්-ඩි-වාරෙවිල්
119895217,1557081,si,ශාන්ත ජර්මන්-ඩි-ටුවර්නෙබුට්
119895294,1557082,si,ශාන්ත ජර්මන්-ඩි-ටැලෙවෙන්ඩේ-ලා-ලැන්ඩ්-වොමොන්ට්
119895371,1557083,si,සින්ට්-ගෙර්මින්-ද'එටබ්ලෙස්
119895448,1557084,si,සෙන්ට් ජර්මන් ඩෙස් වොක්ස්
119895525,1557085,si,සෙන්ට් ජර්මන්-ඩි-එස්ටේල්
119895679,1557087,si,සින්ට්-ගෙර්මින්-දෙස්-ප්‍රෙස්
119895756,1557088,si,සින්ට්-ගෙර්මින්-දෙස්-ප්‍රෙස්
119895833,1557089,si,සින්ට්-ගෙර්මින්-දෙස්-ප්‍රෙස්
119895910,1557090,si,සින්ට්-ගෙර්මින්-දෙස්-ප්‍රෙස්
119895987,1557091,si,සින්ට්-ගෙර්මින්-දෙස්-ග්රෝඉස්
119896064,1557092,si,සින්ට්-ගෙර්මින්-දෙස්-ෆොස්සෙස්
119896141,1557093,si,සින්ට්-ගෙර්මින්-දෙස්-එස්සොඋර්ට්ස්
119896218,1557094,si,සින්ට්-ගෙර්මින්-දෙස්-චම්ප්ස්
119896295,1557095,si,සින්ට්-ගෙර්මින්-දෙස්-බෝඉස්
119896372,1557096,si,සින්ට්-ගෙර්මින්-දෙස්-බෝඉස්
119896449,1557097,si,සෙන්ට් ජර්මන් ඩෙස් ඇන්ජල්ස්
119896526,1557098,si,සෙන්ට් ජර්මන් ඩි සාලෙස්
119896603,1557099,si,ශාන්ත ජර්මන්-ඩි-ප් රින්සේ
119896680,1557100,si,ශාන්ත ජර්මන්-ඩි-පාස්කියර්
119896757,1557101,si,සෙන්ට් ජර්මන් ඩි මොන්ට්ගොමරි
119896834,1557102,si,සෙන්ට් ජර්මන් ඩි මොන්ට්බ් රොන්
119896911,1557103,si,සෙන්ට් ජර්මන් ඩි මොඩියන්
119896988,1557104,si,ශාන්ත ජර්මන්-ඩි-මාටිනි
119897065,1557105,si,ශාන්ත ජර්මන්-ඩි-මාරෙන්සෙන්ස්
119897142,1557106,si,ශාන්ත ජර්මන්-ඩි-ලුසිනන්
119897219,1557107,si,ශාන්ත ජර්මන්-ඩි-ලොන්ග්-චෝම්
119897296,1557108,si,සෙන්ට් ජර්මන්-ඩී-එල්
119897373,1557109,si,ශාන්ත ජර්මන්-ඩි-ලිවට්
119897527,1557111,si,සෙන්ට් ජර්මන් ඩි ලා රිවිරේ
119897604,1557112,si,සෙන්ට් ජර්මන් ඩි ලා ග් රේන්ජ්
119897681,1557113,si,සෙන්ට් ජර්මන් ඩි ලා කෝඩ් රේ
119897758,1557114,si,සෙන්ට් ජර්මන් ඩි ජොක්ස්
119897835,1557115,si,ශාන්ත ජර්මන්-ඩි-ග් රේව්
119897912,1557116,si,සින්ට්-ගෙර්මින්-දේ-ෆ්රෙස්නෙය්
119897989,1557117,si,සෙන්ට් ජර්මන්-ඩි-එක්ටෝ
119898066,1557118,si,ශාන්ත ජර්මන්-ඩි-කූලමර්
119898143,1557119,si,සෙන්ට් ජර්මන් ඩි කොන්ෆොලන්ස්
119898220,1557120,si,ශාන්ත ජර්මන්-ඩි-ක්ලෙයාර්ෆියුයිල්
119898374,1557122,si,සෙන්ට් ජර්මන් ඩි කැල්බර්ටේ
119898451,1557123,si,සෙන්ට් ජර්මන් ඩි බෙල්ව්ස්
119898528,1557124,si,සෙන්ට් ජර්මන්-ඩොනායි
119898605,1557125,si,ශාන්ත ජර්මන්-ඩර්ස්
119898682,1557126,si,ශාන්ත ජර්මන්-ඩී ඇන්ක්සූර්
119898759,1557127,si,ශාන්ත-ජර්මේන්-චැසෙනේ
119898836,1557128,si,ශාන්ත ජර්මන්-බියුප්රේ
119898913,1557129,si,සෙන්ට් ජර්මන් ඕ මොන්ට් ඩෝර්
119899298,1557134,si,ශාන්ත ජර්මේන්
119899375,1557135,si,ශාන්ත ජර්මේන්
119899683,1557139,si,ශාන්ත ජර්මේන්
119899991,1557143,si,ශාන්ත ජර්මේන්
119900222,1557146,si,ශාන්ත ජර්මේන්
119900376,1557148,si,ශාන්ත ජෙරෝ ඩි කෝප්ස්
119900453,1557149,si,ශාන්ත-ගෙරාඩ්
119900530,1557150,si,ශාන්ත ජෙරන්ඩ් ලෙ පුයි
119900607,1557151,si,ශාන්ත ජෙරන්ඩ් ඩි වොක්ස්
119900684,1557152,si,ශාන්ත ජෙරන්ඩ්
119900761,1557153,si,ශාන්ත ගෝර්ස්-ඩි-මාරම්
119900838,1557154,si,ශාන්ත ගෝර්ස්-ඩී-අරිබාට්
119900915,1557155,si,සාන්තුවරයන්-ජියෝස්ම්ස්
119900992,1557156,si,ශාන්ත ජෝර්ජස්-සර්-රෙනොන්
119901069,1557157,si,ශාන්ත ජෝර්ජස්-සර්-මූලෝන්
119901146,1557158,si,ශාන්ත ජෝර්ජ්-සර්-ලෝයර්
119901223,1557159,si,ශාන්ත ජෝර්ජස්-සර්-ලේයොන්
119901300,1557160,si,ශාන්ත ජෝර්ජ්ස්-සර්-ලා-ප් රී
119901377,1557161,si,ශාන්ත ජෝර්ජ්ස්-සර්-එල්-ආ
119901454,1557162,si,ශාන්ත ජෝර්ජ්-සර්-ෆොන්ටේන්
119901531,1557163,si,ශාන්ත ජෝර්ජ්-සර්-යුරේ
119901608,1557164,si,ශාන්ත ජෝර්ජ්-සර්-එර්ව්
119901685,1557165,si,ශාන්ත ජෝර්ජ්-සර්-චර්
119901762,1557166,si,ශාන්ත ජෝර්ජ්ස්-සර්-බවුල්ච්
119901839,1557167,si,ශාන්ත ජෝර්ජස්-සර්-ආනන්
119901916,1557168,si,ශාන්ත ජෝර්ජ්ස්-සර්-ඇලියර්
119901993,1557169,si,ශාන්ත ජෝර්ජස්-නයිග්‍රෙමොන්ට්
119902070,1557170,si,ශාන්ත ජෝර්ජස්-මෝටෙල්
119902147,1557171,si,ශාන්ත ජෝර්ජස්-මොන්ට්කොක්
119902224,1557172,si,ශාන්ත-ජෝර්ජස්-ලෙස්-ලන්ඩස්
119902301,1557173,si,ශාන්ත ජෝර්ජ් ලෙස් බේන්ස්
119902378,1557174,si,ශාන්ත ජෝර්ජ්ස්-ලෙස්-බේලර්ජෝ
119902455,1557175,si,ශාන්ත ජෝර්ජ් ලෙ ගෝල්ටියර්
119902532,1557176,si,ශාන්ත ජෝර්ජ් ලෙ ෆ්ලෙචාර්ඩ්
119902609,1557177,si,ශාන්ත ජෝර්ජස්-ලා-පෝජ්
119902686,1557178,si,ශාන්ත ජෝර්ජස්-හෝට්-විල්
119902763,1557179,si,ශාන්ත ජෝර්ජස්-එන්-කූසන්
119902840,1557180,si,ශාන්ත ජෝර්ජස්-එන්-ඕගේ
119902917,1557181,si,ශාන්ත ජෝර්ජස්-ඩු-වීවර්
119902994,1557182,si,ශාන්ත ජෝර්ජස්-ඩු-රෝසේ
119903071,1557183,si,ශාන්ත ජෝර්ජස්-ඩෙස් ගාඩ්ස්
119903148,1557184,si,ශාන්ත ජෝර්ජස්-ඩු-මෙස්නිල්
119903225,1557185,si,ශාන්ත ජෝර්ජස්-ඩු-බෝයිස්
119903302,1557186,si,ශාන්ත ජෝර්ජස්-ඩු-බෝයිස්
119903379,1557187,si,ශාන්ත ජෝර්ජස්-ඩු-බෝයිස්
119903456,1557188,si,ශාන්ත ජෝර්ජස් ඕර්ක්ස්
119903533,1557189,si,ශාන්ත ජෝර්ජස් ඩි ඔලෙරොන්
119903610,1557190,si,ශාන්ත ජෝර්ජ්-ඩෙස්-සෙප්ට්-වොයිස්
119903687,1557191,si,ශාන්ත ජෝර්ජ්-ඩි එස්පෙරන්ච්
119903764,1557192,si,ශාන්ත ජෝර්ජස් - හර්ටියර්ස්
119903841,1557193,si,ශාන්ත ජෝර්ජ්ස්-ඩෙස්-ග් රොසිලර්ස්
119903918,1557194,si,ශාන්ත ජෝර්ජ්-ඩෙස්-කොටෝ
119903995,1557195,si,ශාන්ත ජෝර්ජස්-ඩෙස්-අගෝට්ස්
119904072,1557196,si,ශාන්ත ජෝර්ජ්ස්-ඩි-රූලි
119904149,1557197,si,ශාන්ත ජෝර්ජස්-ඩි-රෙක්ස්
119904226,1557198,si,ශාන්ත ජෝර්ජස්-ඩි-රෙනයින්
119904303,1557199,si,ශාන්ත ජෝර්ජ්ස්-ඩි-රයින්ටෙම්බෝ
119904380,1557200,si,ශාන්ත ජෝර්ජස්-ඩි-පොයිසියස්
119904457,1557201,si,ශාන්ත ජෝර්ජස්-ඩි-පොයින්ටින්ඩූක්ස්
119904534,1557202,si,ශාන්ත ජෝර්ජ්ස්-ඩි-නොයිස්
119904611,1557203,si,ශාන්ත ජෝර්ජ්-ඩි-මොන්ටේගු
119904688,1557204,si,ශාන්ත ජෝර්ජස්-ඩි-මොන්ස්
119904765,1557205,si,ශාන්ත ජෝර්ජ්ස්-ඩි-මොන්ට්ක්ලාර්ඩ්
119904842,1557206,si,ශාන්ත ජෝර්ජස්-ඩි-ලුසෙන්කොන්
119904919,1557207,si,ශාන්ත ජෝර්ජ්ස්-ඩි-ලොන්ගුපියර්
119904996,1557208,si,ශාන්ත ජෝර්ජ්-ඩී-එල්
119905073,1557209,si,ශාන්ත ජෝර්ජ්ස්-ඩි-ලිවෝයි
119905150,1557210,si,ශාන්ත ජෝර්ජස්-ඩි-ලෙවෙජාක්
119905227,1557211,si,ශාන්ත ජෝර්ජ්ස්-ඩි-ලා-රිවියර්
119905304,1557212,si,ශාන්ත ජෝර්ජ්ස්-ඩි-ලා-කූයි
119905381,1557213,si,ශාන්ත ජෝර්ජ්ස්-ඩි-ග් රෙහයින්
119905458,1557214,si,ශාන්ත-ජෝර්ජස්-ඩි-ඩිඩෝන්
119905535,1557215,si,ශාන්ත ජෝර්ජස්-ඇන්ටිග්නැක්
119905612,1557216,si,ශාන්ත ජෝර්ජස්-ඩි-කොමියර්ස්
119905689,1557217,si,ශාන්ත ජෝර්ජ්-ඩි-චෙස්නේ
119905766,1557218,si,ශාන්ත ජෝර්ජ්ස්-ඩි-බෝහාන්
119905843,1557219,si,ශාන්ත ජෝර්ජස්-බ්ලැන්කේනික්ස්
119905920,1557220,si,ශාන්ත ජෝර්ජ්ස්-ඩි-බාරොයිල්
119905997,1557221,si,ශාන්ත ජෝර්ජ්-ඩෝරාක්
119906074,1557222,si,ශාන්ත ජෝර්ජ්-ඩොනායි
119906151,1557223,si,ශාන්ත ජෝර්ජ්-ඩී-ඇනෙබෙක්
119906228,1557224,si,ශාන්ත ජෝර්ජස්-බුටාවෙන්ට්
119906305,1557225,si,ශාන්ත ජෝර්ජස් ආමොන්ට්
119906382,1557226,si,ශාන්ත ජෝර්ජස්
119906459,1557227,si,ශාන්ත ජෝර්ජස්
119906536,1557228,si,ශාන්ත ජෝර්ජස්
119906844,1557232,si,ශාන්ත ජෝර්ජස්
119907152,1557236,si,ශාන්ත ජෝර්ජස්
119907306,1557238,si,ශාන්ත ජෝර්ජස්
119907383,1557239,si,ශාන්ත ජෝර්ජස්
119907460,1557240,si,ශාන්ත ජෝර්ජස්
119907537,1557241,si,ශාන්ත ජෝර්ජස්-ලැග්රිකෝල්
119907614,1557242,si,ශාන්ත-ජෝයර්ස්
119907691,1557243,si,ශාන්ත ජියෝර්-එන්-වල්ඩේන්
119907768,1557244,si,ශාන්ත-ගෙනෝෆ්
119907845,1557245,si,ශාන්ත-ජීනෝ
119907922,1557246,si,ශාන්ත ජෙනික්ස්-සර්-ගුයර්ස්
119908076,1557248,si,ශාන්ත ජෙනීස්-සර්-මෙන්තන්
119908153,1557249,si,ශාන්ත-ජෙනිස්-පොයිලි
119908230,1557250,si,ශාන්ත ජෙනීස් ලෙස් ඔලියර්ස්
119908307,1557251,si,ශාන්ත-ජෙනිස්-ලාවල්
119908384,1557252,si,ශාන්ත ජෙනීස්-එල් ආර්ජෙන්ටියර්
119908461,1557253,si,ශාන්ත-ජෙනිස්-ඩු-බොයිස්
119908538,1557254,si,ශාන්ත ජෙනීස්-ඩි හර්සාක්
119908615,1557255,si,ශාන්ත ජෙනීස්-ඩි-සෙන්ටොන්ජ්
119908692,1557256,si,ශාන්ත ජෙනීස්-ඩි-බ්ලැන්සාක්
119908846,1557258,si,ශාන්ත-ජෙනිස්
119908923,1557259,si,ශාන්ත ජෙනීස්-ඩෙස්-ෆොන්ටේන්ස්
119909000,1557260,si,ශාන්ත ජෙනීස්-ඕ-මර්ල්
119909077,1557261,si,ශාන්ත ජෙනීස්-ඩොල්ට්
119909231,1557263,si,ශාන්ත-ජෙනිස්
119909308,1557264,si,ශාන්ත ජෙනීස්-ඩි-ෆොන්ට් සංස්කරණය
119909385,1557265,si,ශාන්ත ජෙනීස්-ඩි-වාරෙන්සල්
119909539,1557267,si,ශාන්ත ජෙනීස්-ඩෙස්-මෝර්ග්ස්
119909616,1557268,si,ශාන්ත ජෙනීස්-ඩි-මැල්ගෝයර්ස්
119909693,1557269,si,ශාන්ත ජෙනීස්-ඩි-කොමෝලාස්
119909770,1557270,si,ශාන්ත-ජීනීස්-බෙල්වෙව්
119909847,1557271,si,ශාන්ත ජෙනීස්
119909924,1557272,si,ශාන්ත ජෙන්ගු-ලෙ-නැෂනල්
119910001,1557273,si,ශාන්ත ජෙන්ගු-ඩි-ස්කිස්
119910078,1557274,si,ශාන්ත-ජෙන්ගුල්ෆ්
119910155,1557275,si,සෙන්ට් ජෙනීස් ප් රෙස් සෙන්ට් පෝලියන්
119910232,1557276,si,ශාන්ත ජෙනෙස්ට්-සර්-රොසෙල්
119910309,1557277,si,ශාන්ත ජෙනෙස්ට්-මලිෆොක්ස්
119910386,1557278,si,ශාන්ත ජෙනෙස්ට්-ලර්ප්ට්
119910463,1557279,si,ශාන්ත-ජෙනස්ට්-ලචම්ප්
119910540,1557280,si,ශාන්ත ජෙනෙස්ට්-ඩි-කොන්ටස්ට්
119910617,1557281,si,ශාන්ත ජෙනෙස්ට්-ඩි-බියුසන්
119910694,1557282,si,ශාන්ත ජෙනෙස්ට්-ඩි ඇම්බියර්
119910848,1557284,si,ශාන්ත-ජෙනස්ට්
119910925,1557285,si,ශාන්ත-ජෙනස්ට්
119911079,1557287,si,සෙන්ට් ජෙනස් ලා ටුවරට්
119911156,1557288,si,සෙන්ට් ජෙනස් ඩු රෙට්ස්
119911233,1557289,si,ශාන්ත ජෙනස්-ඩි-ලොම්බෝ
119911310,1557290,si,ශාන්ත ජෙනස්-ඩි-ෆ් රොන්සාක්
119911387,1557291,si,ශාන්ත ජෙනස්-ඩි-කැස්ටිලෝන්
119911464,1557292,si,ශාන්ත ජෙනස්-ඩි-බ්ලේ
119911541,1557293,si,ශාන්ත-ජීනෙස්-චැම්පස්පේ
119911618,1557294,si,ශාන්ත-ජීන්ස්-චම්පනෙල්
119911695,1557295,si,ශාන්ත-ජෙනරොක්ස්
119911772,1557296,si,ශාන්ත-ජෙන්ස්
119911849,1557297,si,ශාන්ත-ජෙනාර්ඩ්
119911926,1557298,si,ශාන්ත ජෙලි-ඩු-ෆෙස්ක්
119912003,1557299,si,ශාන්ත-ගෙල්වන්
119912080,1557300,si,ශාන්ත-ගෙලයිස්
119912157,1557301,si,ශාන්ත-ගෙයින්
119912311,1557303,si,ශාන්ත ගවුසන්ස්
119912388,1557304,si,ශාන්ත-ගෝලියර්
119912542,1557306,si,ශාන්ත-ගෞඩරික්
119912619,1557307,si,ශාන්ත-ගෞඩන්ට්
119912696,1557308,si,ශාන්ත-ගෝඩන්ස්
119912773,1557309,si,ශාන්ත ගැටියන්-ඩෙස්-බොයිස්
119912850,1557310,si,ශාන්ත-ගැන්ටන්
119912927,1557311,si,ශාන්ත-ගැන්ඩ්
119913004,1557312,si,ශාන්ත ගල්-සර්-සියෝල්
119913081,1557313,si,ශාන්ත-ගැල්මියර්
119913235,1557315,si,සැන් ගාලෝ
119913312,1557316,si,ශාන්ත-ගේබ්‍රියෙල්-බ්‍රෙසි
119913389,1557317,si,ශාන්ත-ෆුසියන්
119913466,1557318,si,ශාන්ත ෆල්ජන්ට්-ඩෙස්-ඔර්ම්ස්
119913543,1557319,si,සින්ට්-ෆුල්ගේන්ට්
119913620,1557320,si,ශාන්ත-ෆ්රෝල්ට්
119913697,1557321,si,ශාන්ත ෆ් රන්ට්-සර්-නිසොන්
119913774,1557322,si,ශාන්ත ෆ් රන්ට්-සර්-ලෙමන්ස්
119913851,1557323,si,ශාන්ත ෆ් රන්ට් ලා රිවිරේ
119913928,1557324,si,ශාන්ත ෆ් රන්ට් ඩි ප් රඩොක්ස්
119914005,1557325,si,ශාන්ත ෆ් රන්ට්-ඩී ඇලම්ප්ස්
119914082,1557326,si,ශාන්ත-ඉදිරිපස
119914159,1557327,si,ශාන්ත-ඉදිරිපස
119914236,1557328,si,ශාන්ත-ෆ්රොමන්ඩ්
119914313,1557329,si,ශාන්ත-ෆ්‍රියන්
119914390,1557330,si,ශාන්ත ෆ් රිචෝ
119914467,1557331,si,ශාන්ත ෆ් රෙසල්-ඩි-වෙන්ටලෝන්
119914544,1557332,si,ශාන්ත ෆ් රෙසල්-ඩී ඇල්බුජ්
119914621,1557333,si,ශාන්ත ෆ් රෙජෝ
119914698,1557334,si,ශාන්ත-නිදහස්
119914775,1557335,si,ශාන්ත ෆ් රැන්චෝයිස්-ලොන්චෑම්
119914852,1557336,si,ශාන්ත-ෆ්රැන්කොයිස්
119914929,1557337,si,ශාන්ත ෆ් රැන්චෝයිස්-ඩි-සේල්ස්
119915006,1557338,si,ශාන්ත-ෆ්රැන්කොයිස්
119915083,1557339,si,ශාන්ත-ෆ්‍රැන්චි
119915160,1557340,si,ශාන්ත-ෆ්රෑන්ක්
119915237,1557341,si,ශාන්ත-ෆ්රජෝ
119915314,1557342,si,සින්ට්-ෆ්රිම්බෞල්ට්
119915391,1557343,si,ශාන්ත ෆ් රේම්බෝ-ඩි-ප් රියර්ස්
119915468,1557344,si,ශාන්ත-ෆ්රේන්
119915545,1557345,si,ශාන්ත ෆෝචුනාට්-සර්-එරික්ස්
119915622,1557346,si,ශාන්ත ෆෝට්-සර්-ලෙ-නෙ
119915699,1557347,si,ශාන්ත ෆෝට්-සර්-ජිරොන්ඩ්
119915776,1557348,si,ශාන්ත-කොටුව
119915853,1557349,si,ශාන්ත ෆෝජියු-ලෙස්පිනාස්
119915930,1557350,si,ශාන්ත ෆෝජො
119916007,1557351,si,ශාන්ත-අමතක කරන්න
119916084,1557352,si,ශාන්ත-අමතකයි
119916161,1557353,si,ශාන්ත-ෆොන්ස්
119916238,1557354,si,සින්ට්-ඔල්කුඉන්
119916315,1557355,si,ශාන්ත-ෆ්ලොක්සෙල්
119916392,1557356,si,ශාන්ත ෆ්ලෝවියර්
119916469,1557357,si,ශාන්ත ෆ්ලෝර්-ඩි-මර්කෝයර්
119916546,1557358,si,ශාන්ත-පිටි
119916623,1557359,si,ශාන්ත-පිටි
119916700,1557360,si,ශාන්ත-ෆ්ලෝරිස්
119916777,1557361,si,ශාන්ත-ෆ්ලෝරට්
119916854,1557362,si,ශාන්ත ෆ්ලෝරන්ට්-සර්-චර්
119916931,1557363,si,ශාන්ත ෆ්ලෝරන්ට්-සර්-අවුසොනෙට්
119917008,1557364,si,සින්ට්-ෆ්ලොරෙන්ට්-ලේ-ඉඑඉල්
119917085,1557365,si,ශාන්ත-ෆ්ලෝරන්ට්
119917162,1557366,si,ශාන්ත-ෆ්ලොරෙන්ටින්
119917239,1557367,si,ශාන්ත-ෆ්ලොරෙන්ටින්
119917316,1557368,si,සින්ට්-ෆ්ලොරෙන්ට්-දෙස්-බෝඉස්
119917393,1557369,si,ශාන්ත-ෆ්ලෝරන්ට්
119917470,1557370,si,ශාන්ත-ෆ්ලේවි
119917547,1557371,si,ශාන්ත ෆර්මින්-සර්-ලෝයර්
119917624,1557372,si,ශාන්ත-ෆර්මින්
119917778,1557374,si,ශාන්ත ෆර්මින්-ඩෙස්-ප් රෙස්
119917855,1557375,si,ශාන්ත ෆර්මින්-ඩෙස්-බොයිස්
119918009,1557377,si,ශාන්ත-ෆර්මින්
119918086,1557378,si,ශාන්ත-ෆර්මින්
119918163,1557379,si,ශාන්ත-ෆර්මින්
119918240,1557380,si,සැන්ටියෙලා
119918317,1557381,si,ශාන්ත ෆියාක්-සර්-මේන්
119918394,1557382,si,ශාන්ත ෆියාක්
119918625,1557385,si,ශාන්ත ෆියාක්
119918779,1557387,si,ශාන්ත-ෆෙරියෝල්
119918856,1557388,si,ශාන්ත ෆෙරෙල්-ට් රෙන්ට්-පාස්
119918933,1557389,si,ශාන්ත ෆෙරෙල්-ඩෙස්-කෝට්ස්
119919010,1557390,si,සින්ට්-ෆෙර්රෙඔල්-ද'ඖරෝඋරේ
119919087,1557391,si,ශාන්ත-ෆෙරෝල්
119919164,1557392,si,ශාන්ත ෆෙරෙල්-ඩි-කොමින්ග්ස්
119919241,1557393,si,ශාන්ත-ෆර්ම්
119919318,1557394,si,ශාන්ත-ෆර්ජියුක්ස්
119919395,1557395,si,ශාන්ත ෆර්ජෝ
119919472,1557396,si,ශාන්ත-ෆීලික්ස්-ලෝරගයිස්
119919549,1557397,si,ශාන්ත-ෆීලික්ස්-ඩි-විලඩෙයික්ස්
119919626,1557398,si,ශාන්ත ෆීලික්ස්-ඩි-ටුවර්නෙගාට්
119919703,1557399,si,ශාන්ත-ෆීලික්ස්-ඩි-සෝර්ගස්
119919780,1557400,si,ශාන්ත-ෆීලික්ස්-ඩි-රියුටෝර්ඩ්
119919857,1557401,si,ශාන්ත-ෆීලික්ස් ද රීලැක්
119919934,1557402,si,ශාන්ත-ෆීලික්ස්-ඩි-පල්ලියර්ස්
119920011,1557403,si,ශාන්ත-ෆීලික්ස්-ඩි-ලුනෙල්
119920088,1557404,si,ශාන්ත-ෆීලික්ස්-ඩි-ලෝඩෙස්
119920242,1557406,si,ශාන්ත-ෆීලික්ස්-ඩි-ෆොන්කේඩ්
119920319,1557407,si,ශාන්ත-ෆීලික්ස්-ද-බෝර්ඩීල්ස්
119920396,1557408,si,ශාන්ත-ෆීලික්ස්
119920473,1557409,si,ශාන්ත-ෆීලික්ස්
119920550,1557410,si,ශාන්ත-ෆීලික්ස්
119920627,1557411,si,ශාන්ත-ෆීලික්ස්
119920704,1557412,si,ශාන්ත-ෆීලික්ස්
119920781,1557413,si,ශාන්ත-ෆීලික්ස්
119920858,1557414,si,ශාන්ත ෆෙලියු-ඩී-අවාල්
119920935,1557415,si,සින්ට්-එලිඋ-ද'අමොන්ට්
119921012,1557416,si,සින්ට්-ෆෙලිචිඑන්
119921089,1557417,si,ශාන්ත-ෆවුස්ට්
119921166,1557418,si,සින්ට්-අර්ගෙඔල්
119921243,1557419,si,සින්ට්-අර්ගෙඖ-පොන්තිඑර්ර්ය්
119921320,1557420,si,සින්ට්-අර්ගෙඖ
119921397,1557421,si,ශාන්ත එක්ස්පෙරි ලෙස් රොච්ස්
119921474,1557422,si,ශාන්ත-එක්ස්පෙරි
119921628,1557424,si,ශාන්ත එව්රෝල්ට්-නෝට් රේ ඩේම්-ඩු-බොයිස්
119921705,1557425,si,ශාන්ත එව්රෝල්ට්-ඩි-මොන්ෆෝර්ට්
119921859,1557427,si,සාන්ත වර්ටු
119921936,1557428,si,ශාන්ත-වර්ජ්
119922013,1557429,si,ශාන්ත-වෝබර්ග්
119922090,1557430,si,ශාන්ත-එවර්සෙක්
119922167,1557431,si,ශාන්ත-වැලියර්
119922244,1557432,si,ශාන්ත යුට් රොප්-ඩි-බෝන්
119922552,1557436,si,ශාන්ත-යුට්රෝප්
119922706,1557438,si,ශාන්ත යුස්ටාෂ්-ලා-ෆොරෙට්
119922783,1557439,si,සින්ට්-එඋස්ටචේ
119922937,1557441,si,ශාන්ත යුසෙබේ-එන්-චැම්ප්සෝර්
119923014,1557442,si,ශාන්ත-යුසෙබේ
119923091,1557443,si,ශාන්ත-යුසෙබේ
119923168,1557444,si,ශාන්ත-යුෆ්රෝන්
119923245,1557445,si,ශාන්ත-ඉයුලියන්
119923322,1557446,si,සෙන්ට් යුජියන්
119923399,1557447,si,ශාන්ත-ඉයුජින්
119923476,1557448,si,ශාන්ත-ඉයුජින්
119923553,1557449,si,ශාන්ත-ඉයුජින්
119923630,1557450,si,සෛන්ටේ-ටුල්ලේ
119923784,1557452,si,ශාන්ත-ට්‍රයි
119923861,1557453,si,සෙන්ට් ට් රෙෆින්
119924015,1557455,si,සින්ට්-එටිඑන්නේ-වැළලී-ෆ්රන්චෛසේ
119924092,1557456,si,ශාන්ත එටියන්-සර්-උසන්
119924169,1557457,si,ශාන්ත එටියන්-සර්-සුයිප්
119924246,1557458,si,සින්ට්-එටිඑන්නේ-සුරැ-එය්ෂෞළෙ
119924323,1557459,si,ශාන්ත එටියන්-සර්-චාලරොන්
119924477,1557461,si,ශාන්ත එටියන්-සෝස්-බාර්බියුස්
119924554,1557462,si,ශාන්ත එටියන්-සෝස්-බයිල්
119924631,1557463,si,ශාන්ත-එටියන්-රොයිලේ
119924708,1557464,si,ශාන්ත එටියන් ලෙස් රෙමිරෙමොන්ට්
119924785,1557465,si,ශාන්ත එටියන් ලෙස් ඔර්ගස්
119924862,1557466,si,ශාන්ත එටියන් ලෙ මොලර්ඩ්
119924939,1557467,si,ශාන්ත එටියන් ලෙ ලවුස්
119925016,1557468,si,ශාන්ත එටියන්-ලා-වාරන්
119925093,1557469,si,ශාන්ත-එටියන්-ලා-තිල්ලයේ
119925170,1557470,si,සින්ට්-එටිඑන්නේ-ලර්දේය්රෝල්
119925247,1557471,si,ශාන්ත එටියන්-එල් ඇලියර්
119925324,1557472,si,ශාන්ත එටියන් ලා ජෙනෙස්ටේ
119925401,1557473,si,ශාන්ත එටියන් ලා සිගෝන්
119925478,1557474,si,ශාන්ත එටියන්-එස්ට් රෙචෝ
119925555,1557475,si,ලේ දෙවොලුය්
119925632,1557476,si,ශාන්ත එටියන්-එන්-කොග්ල්ස්
119925709,1557477,si,ශාන්ත එටියන්-එන්-බ් රෙස්
119925786,1557478,si,ශාන්ත එටියන්-ඩු-විගන්
119925863,1557479,si,ශාන්ත එටියන්-ඩු-වොව්රේ
119925940,1557480,si,ශාන්ත එටියන්-ඩු-වල්ඩොනෙස්
119926017,1557481,si,ශාන්ත එටියන්-ඩු-රූව්රේ
119926094,1557482,si,ශාන්ත එටියන්-ඩු-ගු-ඩි-අයිල්
119926171,1557483,si,ශාන්ත එටියන්-ඩු-ග් රෙස්
119926248,1557484,si,ශාන්ත එටියන්-ඩු-බොයිස්
119926325,1557485,si,ශාන්ත එටියන්-ඩු-බොයිස්
119926402,1557486,si,සින්ට්-එටිඑන්නේ-ද'ඔර්තේ
119926556,1557488,si,ශාන්ත එටියන්-ඩි-විලෙරල්
119926633,1557489,si,ශාන්ත එටියන් ද වික්
119926710,1557490,si,ශාන්ත එටියන්-ඩි-වාලොක්ස්
119926787,1557491,si,ශාන්ත එටියන්-ඩි-ටල්මොන්ට්
119926864,1557492,si,සින්ට්-එටිඑන්නේ-දේ-ටිනී
119926941,1557493,si,ශාන්ත එටියන්-ඩෙස්-සෝට්ස්
119927018,1557494,si,ශාන්ත එටියන්-ඩෙස්-ඔලියර්ස්
119927172,1557496,si,ශාන්ත එටියන්-ඩෙස්-ගුරෙට්ස්
119927249,1557497,si,සින්ට්-එටිඑන්නේ-දේ-සේර්රේ
119927403,1557499,si,ශාන්ත එටියන්-ඩෙස්-චැම්ප්ස්
119927557,1557501,si,ශාන්ත එටියන්-ඩි-සෙන්ට්-ජියෝර්ස්
119927634,1557502,si,ශාන්ත එටියන්-ඩි-පුයිකෝර්බියර්
119927788,1557504,si,ශාන්ත එටියන්-ඩි-මොන්ට්ලුක්
119927865,1557505,si,ශාන්ත එටියන්-ඩි-මර්-මෝර්ට්
119927942,1557506,si,ශාන්ත එටියන් ද මෝර්ස්
119928019,1557507,si,ශාන්ත එටියන් ද ලුග්ඩරස්
119928096,1557508,si,ශාන්ත එටියන්-ඩි-එල්-ඕල්ම්
119928173,1557509,si,ශාන්ත එටියන් ද ලිස්
119928250,1557510,si,ශාන්ත එටියන් ද ගුර්ගාස්
119928327,1557511,si,ශාන්ත එටියන්-ඩි-ෆර්සාක්
119928404,1557512,si,සින්ට්-එටිඑන්නේ-දේ-ෆොඋගේරෙස්
119928481,1557513,si,ශාන්ත එටියන්-ඩි-ෆොන්ට්බෙලෝන්
119928558,1557514,si,ශාන්ත එටියන්-ඩි-කුයින්ස්
119928635,1557515,si,ශාන්ත එටියන්-ඩි-ක් රොසි
119928712,1557516,si,ඔර්කෞඑ-සුරැ-ලෝග්නේ
119928866,1557518,si,ශාන්ත එටියන්-ඩි-චොමේල්
119928943,1557519,si,ශාන්ත එටියන්-ඩි-චිග්නි
119929020,1557520,si,ශාන්ත එටියන් ද කාර්ලට්
119929097,1557521,si,ශාන්ත එටියන්-ඩි-බ් රිලෝ
119929174,1557522,si,ශාන්ත එටියන් ද බුලෝන්
119929251,1557523,si,ශාන්ත එටියන්-ඩි-බයිගෝරි
119929328,1557524,si,ශාන්ත එටියන්-ඩී ඇල්බග්නන්
119929405,1557525,si,ශාන්ත එටියන්-කැන්ටල්ස්
119929482,1557526,si,ශාන්ත එටියන්-ඔක්ස්-ක්ලෝස්
119929559,1557527,si,ශාන්ත එටියන් ඕ ටෙම්ප්ල්
119929636,1557528,si,සින්ට්-එටිඑන්නේ-ඖ-මොන්ට්
119929713,1557529,si,ශාන්ත එටියන්-අ-ආර්න්ස්
119929944,1557532,si,ශාන්ත අයිටීන්
119930483,1557539,si,ශාන්ත ගැලවුම්කරුවා
119930560,1557540,si,ශාන්ත-තෙරන්ස්
119930714,1557542,si,සෙන්ට් ටෙරී
119930791,1557543,si,සාන්ත සුසාන්-සර්-වයිර්
119930945,1557545,si,ශාන්ත-මාරි
119931022,1557546,si,ශාන්ත-මාරි
119931099,1557547,si,ශාන්ත-මාරි
119931176,1557548,si,ශාන්ත-මාරි
119931253,1557549,si,ශාන්ත-එස්ටීව්-ජැන්සන්
119931638,1557554,si,ශාන්ත-එස්ටීව්
119931715,1557555,si,ශාන්ත-එස්ටීෆ්
119931792,1557556,si,ශාන්ත-එස්ටීෆ්
119931869,1557557,si,ශාන්ත-එස්ටීෆ්
119931946,1557558,si,සින්ට්-එස්ටෙබෙන්
119932023,1557559,si,ශාන්ත-සෝල්
119932100,1557560,si,සෙන්ට්-සූලින්
119932177,1557561,si,ශාන්ත-සොලින්
119932254,1557562,si,සෙන්ට් සොලන්ජ්
119932331,1557563,si,සෙන්ට්ස්-මාරිස්-ඩි-ලා-මර්
119932408,1557564,si,ශාන්ත සික්ස්ටේ
119932485,1557565,si,ශාන්ත-සිගොලීන්
119932562,1557566,si,සෙන්ට්-සීවර්-සර්-ඉන්ඩ් රේ
119932639,1557567,si,සැන්ටා සෙවෙරා
119932716,1557568,si,ශාන්ත-සෙව්
119932870,1557570,si,ශාන්ත-සෙග්‍රී
119932947,1557571,si,සෙන්ට් ස්කොලාස්-සර්-සාර්ත්
119933024,1557572,si,සෙන්ට් සැවින්
119933101,1557573,si,සාන්ත සබීන්-සර්-ලොන්ගෙව්
119933178,1557574,si,ශාන්ත-සබීන්
119933255,1557575,si,ශාන්ත-සබීන්-උපත
119933332,1557576,si,ශාන්තුවරයන්
119933409,1557577,si,සෙන්ට් රෆින්
119933486,1557578,si,ශාන්ත එර්ම්-ඔට් රේ-එට්-රැම්කෝර්ට්
119933563,1557579,si,සෙන්ට් රයින් ඩි බ් රිටේන්
119933717,1557581,si,සෛන්ටේ-රෙඉනේ
119933871,1557583,si,ශාන්ත-අර්බ්ලොන්
119933948,1557584,si,ශාන්ත-අර්බ්ලොන්
119934025,1557585,si,ශාන්ත-රමී
119934179,1557587,si,සෙන්ට් රැඩෙගොන්ඩ් ඩෙස් නොයර්ස්
119934333,1557589,si,සෙන්ට් රැඩෙගොන්ඩ්
119934487,1557591,si,සෙන්ට් රැඩෙගොන්ඩ්
119934564,1557592,si,සෙන්ට් රැඩෙගොන්ඩ්
119934641,1557593,si,සෙන්ට් රැඩෙගොන්ඩ්
119934718,1557594,si,සෙන්ට් රැඩෙගොන්ඩ්
119934795,1557595,si,සෙන්ට් රැඩෙගොන්ඩ්
119934949,1557597,si,සෙන්ට් රැඩෙගොන්ඩ්
119935026,1557598,si,සෙන්ට් රැඩෙගොන්ඩ්
119935103,1557599,si,ශාන්ත-එප්වර්
119935180,1557600,si,සෙන්ට් ප් රෙව්
119935257,1557601,si,ශාන්ත-ධ්රැවය
119935334,1557602,si,සාන්ත පින්ස්
119935488,1557604,si,ශාන්ත-පෙක්සීන්
119935565,1557605,si,සාන්ත පසාන්
119935642,1557606,si,ශාන්ත-පෝල්
119935719,1557607,si,ශාන්ත පල්ලයේ
119935796,1557608,si,ශාන්ත-එපයින්
119935873,1557609,si,සාන්ත ඕවන්
119935950,1557610,si,සැන්ට් ඔස්මාන්
119936027,1557611,si,ශාන්ත-ඕර්ස්
119936104,1557612,si,සැන්ට් ඔපර්ටූන් ලා මේර්
119936181,1557613,si,සෙන්ට් ඔපර්ටූන් ඩු බොස්ක්
119936258,1557614,si,සාන්ත-අවස්ථාව
119936335,1557615,si,ශාන්ත-ඔලිව්
119936489,1557617,si,ශාන්ත වෙන්ඩෙල්
119936643,1557619,si,ශාන්ත-එනමන්ඩ්
119936720,1557620,si,ශාන්ත-නියෝමේ
119936797,1557621,si,ශාන්ත-නතාලීන්
119936874,1557622,si,සෙන්ට් මොන්ටේන්
119936951,1557623,si,ශාන්ත-මොන්ඩේන්
119937028,1557624,si,ශාන්ත-එමිලියන්
119937182,1557626,si,ශාන්ත-එමිලන්ඩ්
119937259,1557627,si,ශාන්ත-මෙස්මේ
119937336,1557628,si,සාන්ත මේර එග්ලිස්
119937413,1557629,si,ශාන්ත-මෙරේ
119937490,1557630,si,ශාන්ත-මෙනෙහෝල්ඩ්
119937567,1557631,si,ශාන්ත මෙම්
119937644,1557632,si,ශාන්ත-මැක්සිම්
119937721,1557633,si,සෙන්ට්-මෝර්-ඩි-ටූරයින්
119937798,1557634,si,සෙන්ට්-මෝර්-ඩි-පීරියාක්
119937875,1557635,si,ශාන්ත-මෝරේ
119937952,1557636,si,ශාන්ත-මාර්තේ
119938029,1557637,si,ශාන්ත-මාර්තේ
119938183,1557639,si,සැන්ට්-මාරි-සර්-ඕච්
119938260,1557640,si,ශාන්ත-මාරි-ප්ලේජ්
119938337,1557641,si,සැන්ට්-මාරි-ඔට් රේ-එල්-ඕ
119938414,1557642,si,සැන්ට්-මාරි-ලෝමොන්ට්
119938491,1557643,si,සැන්ට්-මාරි-ලා-රොබට්
119938722,1557646,si,සැන්ට්-මාරි-ලා-බ්ලැන්ච්
119938799,1557647,si,සෙන්ට්-මාරි-කර්ක්
119938876,1557648,si,සෙන්ට්-මාරි-එන්-චෝස්
119938953,1557649,si,සැන්ට්-මාරි-එන්-චැනොයිස්
119939030,1557650,si,සෙන්ට්-මාරි-ඩු-මොන්ට්
119939107,1557651,si,සෙන්ට්-මාරි-ඩු-මොන්ට්
119939184,1557652,si,සෙන්ට්-මාරි-ඩු-බොයිස්
119939261,1557653,si,සෙන්ට්-මාරි-ඩු-බොයිස්
119939338,1557654,si,සැන්ට්-මාරි-ඩි-වොක්ස්
119939415,1557655,si,සැන්ට්-මාරි-ඩි-වටිමස්නිල්
119939492,1557656,si,සැන්ට්-මාරි-ඩෙස්-චැම්ප්ස්
119939646,1557658,si,සැන්ට්-මාරි-ඩි-රී
119939723,1557659,si,සැන්ට්-මාරි-ඩි-ගොස්
119939877,1557661,si,සෙන්ට්-මාරි-ඩි-කුයින්ස්
119939954,1557662,si,සැන්ට්-මාරි-ඩි-චිග්නාක්
119940108,1557664,si,සැන්ට්-මාරි-ඩී ඇල්වි
119940185,1557665,si,සැන්ට්-මාරි-ඩී-ඇලොයිස්
119940262,1557666,si,ශාන්ත-මාරි-කැපල්
119940339,1557667,si,සෙන්ට්-මාරි-ඔක්ස්-මිනස්
119940416,1557668,si,සැන්ට්-මාරි-ඔක්ස්-චෙනස්
119940570,1557670,si,සැන්ට්-මාරි-ඕ-බොස්ක්
119940647,1557671,si,සෙන්ට්-මාරි-ඒ-පයි
119940724,1557672,si,ශාන්ත-මාරි
119940801,1557673,si,ශාන්ත-මාරි
119940878,1557674,si,ශාන්ත-මාරි
119940955,1557675,si,ශාන්ත-මාරි
119941032,1557676,si,ශාන්ත-මාරි
119941186,1557678,si,ශාන්ත-මාරි
119941263,1557679,si,ශාන්ත-මාරි
119941340,1557680,si,ශාන්ත-මාරි
119941417,1557681,si,ශාන්ත-මාරි
119941494,1557682,si,සාන්ත මාගරිට්-සර්-ෆෝවිල්
119941571,1557683,si,සාන්ත මාගරිට්-සර්-ඩක්ලෙයාර්
119941648,1557684,si,සැන්ට් මාගරිට් ලාෆිගර්
119941725,1557685,si,සෙන්ට් මාගරිට් එන් ඕචේ
119941802,1557686,si,සෙන්ට් මාගරිට් ඩි වීට්
119941879,1557687,si,සැන්ට් මාගරිට් ඩෙස් ලොග්ස්
119941956,1557688,si,සාන්ත මාගරිට්-ඩී-එල්
119942033,1557689,si,සැන්ට් මාගරිට් ඩි ඔටෙල්
119942110,1557690,si,සැන්ට් මාගරිට් ඩි කැරූජ්
119942187,1557691,si,සාන්ත මාගරිට්
119942264,1557692,si,සාන්ත මාගරිට්-සර්-මර්
119942803,1557699,si,සාන්ත මාගරිට්
119943188,1557704,si,ශාන්ත-එමාන්
119943265,1557705,si,සෙන්ට් මැග්නන්ස්
119943650,1557710,si,සෙන්ට් ලූස්-සර්-ලෝයර්
119943881,1557713,si,ශාන්ත එලොයි ලෙස් ටියුලරිස්
119943958,1557714,si,සෙන්ට් එලොයි ලෙස් මයින්ස්
119944035,1557715,si,ශාන්ත එලොයි ලා ග්ලැසියර්
119944112,1557716,si,ශාන්ත එලොයි-ඩි-ගි
119944189,1557717,si,ශාන්ත එලොයි-ඩී ඇලියර්
119944497,1557721,si,ශාන්ත-එලෝයි
119944651,1557723,si,ශාන්ත එලොයි-ඩි-ෆෝක්ස්
119944959,1557727,si,ශාන්ත-එලෝයි
119945036,1557728,si,ශාන්ත-එලෝයි
119945113,1557729,si,ශාන්ත-එලෝයි
119945267,1557731,si,ශාන්ත-එලියර්-ලෙස්-බොයිස්
119945344,1557732,si,ශාන්ත-එලියර්-ඩු-මේන්
119945421,1557733,si,සෙන්ට් ලිසායින්
119945498,1557734,si,ශාන්ත-එලික්ස්-තියක්ස්
119945652,1557736,si,ශාන්ත-එලික්ස්-ලෙ-චැටෝ
119945729,1557737,si,ශාන්ත එලික්ස්-ඩැස්ටරාක්
119945806,1557738,si,සෙන්ට් ලිව්රාඩ්-සර්-ලොට්
119945883,1557739,si,ශාන්ත-ලිව්රේඩ්
119945960,1557740,si,ශාන්ත-ලිවියර්
119946037,1557741,si,ශාන්ත-එලිෆ්
119946114,1557742,si,ශාන්ත-එලියර්
119946191,1557743,si,සෛන්ටේ-ල්හෙඋරිනේ
119946268,1557744,si,ශාන්ත-ලියෝකාඩි
119946345,1557745,si,සාන්ත ජුලියට්-සර්-වියාර්
119946422,1557746,si,ශාන්ත-ජුලියට්
119946576,1557748,si,ශාන්ත-ජුලී
119946653,1557749,si,සෙන්ට් ජෑම් සර් සාර්ට්
119946730,1557750,si,සාන්ත ජාලේ
119946807,1557751,si,ශාන්ත-අහිංසකත්වය
119946884,1557752,si,සාන්ත ඔනෝරින් ලා ගිලියම්
119946961,1557753,si,සැන්ට්-ඔනොරින්-ලා-චාර්ඩෝන්
119947038,1557754,si,සාන්ත හොනරින් ඩු ෆේ
119947115,1557755,si,සාන්ත හොනරින්-ඩෙස්-පර්ට්ස්
119947192,1557756,si,සැන්ට්-ඔනෝරීන්-ඩි-ඩූසි
119947269,1557757,si,ශාන්ත-හර්මින්
119947346,1557758,si,සාන්ත හෙලීන්-සර්-ඉසෙර
119947423,1557759,si,සෙන්ට් හෙලීන් ඩු ලැක්
119947500,1557760,si,සෙන්ට් හෙලීන් බොන්ඩෙවිල්
119947577,1557761,si,ශාන්ත-හෙලීන්
119947654,1557762,si,ශාන්ත-හෙලීන්
119947808,1557764,si,ශාන්ත-හෙලීන්
119947885,1557765,si,ශාන්ත-හෙලීන්
119948193,1557769,si,සෙන්ට් ජිනීවිව්-සර්-ආර්ජන්ස්
119948270,1557770,si,සෙන්ට් ජිනීවිව් ලෙස් ගස්නි
119948347,1557771,si,සෙන්ට් ජිනීවිව් එන් කොක්ස්
119948424,1557772,si,ශාන්ත-ජිනීවිව්
119948501,1557773,si,සෙන්ට් ජිනීවිව් ඩෙස් බොයිස්
119948578,1557774,si,සෙන්ට් ජිනීවිව් ඩෙස් බොයිස්
119948655,1557775,si,ශාන්ත-ජිනීවිව්
119948732,1557776,si,ශාන්ත-ජිනීවිව්
119948809,1557777,si,ශාන්ත-ජිනීවිව්
119948886,1557778,si,ශාන්ත-ජිනීවිව්
119949040,1557780,si,සාන්ත ජෙම්ස්-සර්-ලෝයර්
119949117,1557781,si,සෙන්ට් ජෙම්ස් ලෙ රොබට්
119949194,1557782,si,ශාන්ත-මැණික්
119949271,1557783,si,සෙන්ට් ජෙම් මොරොන්වාල්
119949348,1557784,si,සාන්ත ජෙම් මාර්ටයිලාක්
119949425,1557785,si,සෙන්ට් ජෙම් ලා ප්ලේන්
119949502,1557786,si,සෙන්ට්-ජෙම්ස්-ඩී-ඇන්ඩින්
119949579,1557787,si,ශාන්ත-ගෙම්
119949656,1557788,si,සෙන්ට් ජෙම් එන් සැන්සර්රෝයිස්
119949733,1557789,si,ශාන්ත-ගෙම්
119949810,1557790,si,ශාන්ත-ගෙම්
119949887,1557791,si,ශාන්ත-ගෙම්
119949964,1557792,si,ශාන්ත-ගෙම්
119950041,1557793,si,ශාන්ත-ගෙම්
119950118,1557794,si,ශාන්ත-ගෙම්
119950195,1557795,si,සාන්ත ගෝබර්ජ් සාන්ත කොලොම්බේ
119950426,1557798,si,සෙන්ට් ෆෝයි-ටැරන්ටේස්
119950503,1557799,si,සෙන්ට් ෆෝයි සෙන්ට් සුල්පිස්
119950580,1557800,si,සෙන්ට් ෆොයි ලෙස් ලියොන්
119950657,1557801,si,සයින්ට් ෆෝයි-එල් ආර්ජෙන්ටියර්
119950734,1557802,si,සෙන්ට් ෆොයි ලා ලෝන්ග්ගේ
119950811,1557803,si,සෙන්ට් ෆොයි ලා ග් රෑන්ඩ්
119950888,1557804,si,සෙන්ට් ෆෝයි ඩි පයිරොලියර්ස්
119950965,1557805,si,සෙන්ට් ෆොයි ඩි මොන්ට්ගොමරි
119951042,1557806,si,සෙන්ට් ෆොයි ඩි ලෝන්ගාස්
119951119,1557807,si,සෙන්ට් ෆෝයි ඩි බෙල්ව්ස්
119951196,1557808,si,සෙන්ට් ෆොයි-ඩී-අයිග් රෙෆුයිල්
119951273,1557809,si,ශාන්ත-ෆෝයි
119951427,1557811,si,ශාන්ත-ෆෝයි
119951504,1557812,si,ශාන්ත-ෆෝයි
119951658,1557814,si,ශාන්ත-ෆෝයි
119951735,1557815,si,සාන්ත ෆෝටුනාඩ්
119951889,1557817,si,ශාන්ත-ෆ්ලෝරීන්
119951966,1557818,si,ශාන්ත-ෆ්ලෝරන්ස්
119952043,1557819,si,ශාන්ත-ෆ්ලෝරන්ස්
119952120,1557820,si,සයින්ට් ෆ්ලයිව් ඩෙස් ලෝප්ස්
119952351,1557823,si,සෙන්ට් ෆෙයාර් ලා මොන්ටාන්
119952428,1557824,si,ශාන්ත-ෆෙයර්
119952505,1557825,si,සෙන්ට් ෆෙරෝල්
119952582,1557826,si,සාන්ත ෆෝස්ට්
119952659,1557827,si,සෙන්ට් යුසෝයි
119952736,1557828,si,ශාන්ත යුෆ්රයිස් සහ ක්ලෙයාරිසෙට්
119952813,1557829,si,සෙන්ට්-යුෆෙමි-සර්-ඕවේස්
119952890,1557830,si,සාන්ත යුෆෙමි
119952967,1557831,si,සෙන්ට්-යුලාලි-එන්-බෝන්
119953044,1557832,si,සෙන්ට්-යුලාලි-ඩොල්ට්
119953121,1557833,si,සෙන්ට්-යුලාලි-ඩී-ඉමෙට්
119953198,1557834,si,සෙන්ට් යුලාලි ඩි සර්නන්
119953275,1557835,si,සෙන්ට්-යුලාලි-ඩී-ඇන්ස්
119953352,1557836,si,ශාන්ත-ඉයුලාලි
119953429,1557837,si,සාන්ත යුලාලි-එන්-රොයාන්ස්
119953506,1557838,si,ශාන්ත-ඉයුලාලි
119953583,1557839,si,ශාන්ත-ඉයුලාලි
119953660,1557840,si,ශාන්ත-ඉයුලාලි
119953814,1557842,si,ශාන්ත-ඉයුලාලි
119953891,1557843,si,සෙන්ට් යුජිනි ඩි විල්නියුව්
119954045,1557845,si,ශාන්ත-එස්කොබිල්
119954122,1557846,si,ශාන්ත-එනිමි
119954199,1557847,si,ශාන්ත-එන්ග්රේස්
119954276,1557848,si,ශාන්ත-එග්රේව්
119954353,1557849,si,ශාන්ත-එන්
119954430,1557850,si,සෙන්ට් ඩෝඩ්
119954507,1557851,si,ශාන්ත-එඩ්මන්ඩ්
119954661,1557853,si,සෛන්ටේ-රොඉෂ්-වැළලී-ෆ්රන්චෛසේ
119954738,1557854,si,සෙන්ට් ක් රොයිස්-සර්-ඕර්න්
119954815,1557855,si,සෙන්ට් ක් රොයිස්-සර්-මර්
119954892,1557856,si,සෙන්ට් ක් රොයිස්-සර්-බුචි
119954969,1557857,si,සෙන්ට් ක් රොයිස්-සර්-අයිසියර්
119955046,1557858,si,සෙන්ට් ක් රොයිස් හේග්
119955123,1557859,si,සෙන්ට් ක් රොයිස් ග් රෑන්ඩ් ටොන්
119955200,1557860,si,සෙන්ට් ක් රොයිස් එන් ප්ලේන්
119955277,1557861,si,සෙන්ට් ක් රොයිස් එන් ජාරෙස්
119955354,1557862,si,සෙන්ට් ක් රොයිස් ඩු මොන්ට්
119955431,1557863,si,සෛන්ටේ-රොඉෂ්-වොල්වෙස්ට්‍රේ
119955508,1557864,si,සෙන්ට් ක් රොයිස් ඩු වර්ඩන්
119955662,1557866,si,සෙන්ට් ක් රොයිස් ඩි ක්වින්ටිලර්ගස්
119955739,1557867,si,සෙන්ට් ක් රොයිස් ඩි මරේල්
119955816,1557868,si,සෙන්ට් ක් රොයිස් ඩි කැඩර්ල්
119955893,1557869,si,සෙන්ට් ක් රොයිස්
119955970,1557870,si,සෙන්ට් ක් රොයිස් ඔක්ස් මයින්ස්
119956047,1557871,si,සෙන්ට් ක් රොයිස්-අ-ලවුස්
119956124,1557872,si,සෙන්ට් ක් රොයිස්
119956201,1557873,si,සෙන්ට් ක් රොයිස්
119956278,1557874,si,සෙන්ට් ක් රොයිස්
119956355,1557875,si,සෙන්ට් ක් රොයිස්
119956432,1557876,si,සෙන්ට් ක් රොයිස්
119956509,1557877,si,සෙන්ට් ක් රොයිස්
119956586,1557878,si,සෙන්ට් ක් රොයිස්
119956740,1557880,si,ශාන්ත-කොන්සෝර්ස්
119956817,1557881,si,ශාන්ත-කොලෝම්
119956894,1557882,si,සෛන්ටේ-චොලොඹේ-සුරැ-ලොඉන්ග්
119956971,1557883,si,සෛන්ටේ-චොලොඹේ-සුරැ-ල'හෙර්ස්
119957048,1557884,si,සාන්ත කොලොම්බේ-සර්-ගුට්
119957125,1557885,si,සාන්ත කොලොම්බේ-සර්-ගන්ඩ්
119957202,1557886,si,සෙන්ට් කොලොම්බේ ප් රෙස් වර්නන්
119957279,1557887,si,සෙන්ට් කොලොම්බේ ලා කොමන්ඩරි
119957356,1557888,si,සාන්ත කොලොම්බේ-එන්-බ් රූයිලෝයිස්
119957433,1557889,si,සෙන්ට් කොලොම්බේ ඩි විල්නියුව්
119957510,1557890,si,සෙන්ට් කොලොම්බේ ඩි පයර්
119957664,1557892,si,සෙන්ට් කොලොම්බේ ඩි ඩූරාස්
119957741,1557893,si,ශාන්ත කොළඹ
119957818,1557894,si,ශාන්ත කොළඹ
119957895,1557895,si,ශාන්ත කොළඹ
119957972,1557896,si,ශාන්ත කොළඹ
119958049,1557897,si,ශාන්ත කොළඹ
119958126,1557898,si,සෙන්ට් කොලොම්බේ එන් ඔක්සෝයිස්
119958203,1557899,si,සෙන්ට් කොලොම්බේ ඩෙස් බොයිස්
119958280,1557900,si,ශාන්ත කොළඹ
119958357,1557901,si,ශාන්ත කොළඹ
119958434,1557902,si,ශාන්ත කොළඹ
119958511,1557903,si,ශාන්ත කොළඹ
119958665,1557905,si,ශාන්ත කොළඹ
119958742,1557906,si,ශාන්ත කොළඹ
119958819,1557907,si,ශාන්ත කොළඹ
119958973,1557909,si,ශාන්ත කොළඹ
119959050,1557910,si,ශාන්ත-කොළඹ-ද-ලා-ආඥාපති
119959127,1557911,si,ශාන්ත-ක්‍රිස්ටෝෆ්-ඩි-ඩබල්
119959358,1557914,si,ශාන්ත ක්‍රිස්ටීන්
119959435,1557915,si,ශාන්ත ක්‍රිස්ටීන්
119959512,1557916,si,ශාන්ත ක්‍රිස්ටීන්
119959589,1557917,si,සාන්ත ක් රිස්ටි-ඩී-ආර්මැග්නාක්
119959666,1557918,si,ශාන්ත-ක්‍රිස්ටි
119959743,1557919,si,සෙන්ට් සෙරෝට්
119959820,1557920,si,සෙන්ට්-සෙරොන්-ලෙස්-මෝර්ටාන්
119959897,1557921,si,සෙන්ට් සෙසිල් ලෙස් විග්නස්
119959974,1557922,si,සෙන්ට් සෙසිල් ඩු කයිරෝ
119960051,1557923,si,සෙන්ට්-සෙසිල්-ඩී-ඇන්ඩෝර්ජ්
119960128,1557924,si,ශාන්ත-සිසිල්
119960205,1557925,si,ශාන්ත-සිසිල්
119960282,1557926,si,ශාන්ත-සිසිල්
119960359,1557927,si,ශාන්ත-සිසිල්
119960513,1557929,si,ශාන්ත-කැතරින්
119960590,1557930,si,සෙන්ට් කැතරින් ඩි ෆියර්බෝයිස්
119960667,1557931,si,ශාන්ත-කැතරින්
119961052,1557936,si,ශාන්ත-කැතරින්
119961129,1557937,si,ශාන්ත-කැතරින්
119961206,1557938,si,ශාන්ත කැමෙල්
119961360,1557940,si,ශාන්ත-බ්‍රිජිට්
119961437,1557941,si,ශාන්ත එබ් රෙමන්ඩ්-ඩි-බොන්ෆොස්
119961591,1557943,si,සෙන්ට් බ්ලැන්ඩින්
119961668,1557944,si,සෙන්ට් බ්ලැන්ඩින්
119961822,1557946,si,සෙන්ට් බියුව් එන් රිවිරේ
119961976,1557948,si,සාන්ත බසිල්
119962053,1557949,si,සාන්ත බාර්බේ-සර්-ගයිලෝන්
119962130,1557950,si,සාන්ත බාර්බේ
119962284,1557952,si,සාන්ත බාර්බේ
119962438,1557954,si,ශාන්ත ඔස්ට්‍රෙබර්ත්
119962515,1557955,si,ශාන්ත ඔස්ට්‍රෙබර්ත්
119962592,1557956,si,සෙන්ට් ඔරන්ස්-කසෝ
119962669,1557957,si,සෙන්ට් ඕල්ඩ්
119962823,1557959,si,සෙන්ට් ඇන් සර් විලේන්
119962900,1557960,si,සෙන්ට් ඇන් සර් ජර්වොන්ඩ්
119962977,1557961,si,ශාන්ත-ආන්-ශාන්ත-පූජක
119963208,1557964,si,සෙන්ට් ඇන් සර් බ් රයිවෙට්
119963285,1557965,si,සෙන්ට් ඇන් ඩෝරේ
119963593,1557969,si,ශාන්ත-ඇන්
119963901,1557973,si,ශාන්ත-ඇන්
119963978,1557974,si,සාන්ත ඇනස්ටාසි-සර්-ඉසෝල්
119964055,1557975,si,ශාන්ත-ඇනස්ටේසි
119964132,1557976,si,සෛන්ටේ-ආලෞළිඑ
119964209,1557977,si,ශාන්ත-ඇග්නස්
119964286,1557978,si,ශාන්ත-ඇග්නස්
119964363,1557979,si,ශාන්ත-ඇග්නස්
119964440,1557980,si,සෙන්ට් ඇගතේ ලා බූටරෙස්
119964517,1557981,si,සෙන්ට් ඇගතේ එන් ඩොන්සි
119964594,1557982,si,සාන්ත ඇගතේ-ඩී-ඇලර්මොන්ට්
119964671,1557983,si,සාන්ත ඇගතේ
119964748,1557984,si,ශාන්ත-ඇඩ්රස්
119964825,1557985,si,ශාන්ත ඩයි-සර්-ලෝයර්
119965056,1557988,si,ශාන්ත-ඩ්රෙස්රි
119965210,1557990,si,ශාන්ත-ඩෝල්චාර්ඩ්
119965287,1557991,si,ශාන්ත-ඩොස්
119965364,1557992,si,ශාන්ත ඩොනට්-සර්-එල් හර්බාස්
119965441,1557993,si,ශාන්ත-ඩොනට්
119965518,1557994,si,ශාන්ත-ඩොනන්
119965595,1557995,si,ශාන්ත-ඩොමිනියුක්
119965672,1557996,si,ශාන්ත-ඩොමට්
119965749,1557997,si,ශාන්ත-ඩෝලේ
119965903,1557999,si,සින්ට්-ඩිළිඑර්-ලේය්රෙන්නේ
119965980,1558000,si,ශාන්ත ඩිසියර්-එව්ක්
119966057,1558001,si,ශාන්ත ඩිසියර්-ලෙස්-ඩොමේන්ස්
119966134,1558002,si,ශාන්ත-ඩිසියර්
119966288,1558004,si,ශාන්ත-ඩිසියර්
119966442,1558006,si,ශාන්ත-ඩිසන්ට්-ඩු-ගුවා
119966519,1558007,si,සෙන්ට් ඩිසැන්ට් ඩු බොයිස්
119966673,1558009,si,ශාන්ත-දිවි
119966750,1558010,si,ශාන්ත-ඩිස්ඩියර්
119966827,1558011,si,ශාන්ත-ඩෙනිස්
119966904,1558012,si,ශාන්ත-ඩයරි
119966981,1558013,si,ශාන්ත ඩියර්-ඩී ඕවර්න්
119967058,1558014,si,සෙන්ට් ඩයි ඩෙස් වොස්ජස්
119967135,1558015,si,ශාන්ත ඩිඩියර්-සර්-රොෂ්ෆෝර්ට්
119967212,1558016,si,ශාන්ත ඩිඩියර්-සර්-ඩූලන්
119967289,1558017,si,ශාන්ත ඩිඩියර්-සර්-චාලරොන්
119967366,1558018,si,ශාන්ත ඩිඩියර්-සර්-බියුජු
119967443,1558019,si,ශාන්ත ඩිඩියර්-සර්-ආරොක්ස්
119967520,1558020,si,ශාන්ත ඩිඩියර්-සෝස්-රිවේරි
119967597,1558021,si,ශාන්ත ඩිඩියර්-සූ-එකෝව්ස්
119967674,1558022,si,ශාන්ත ඩිඩියර්-සූ-ඕබෙනාස්
119967751,1558023,si,ශාන්ත-ඩිඩියර්-එන්-වේලේ
119967828,1558024,si,ශාන්ත-ඩිඩියර්-ලා-ෆෝරෙට්
119967905,1558025,si,ශාන්ත-ඩිඩියර්-එන්-ඩොන්ජොන්
119968059,1558027,si,ශාන්ත ඩිඩියර්-එන්-බ් රියෝනායිස්
119968136,1558028,si,ශාන්ත ඩිඩියර්-එන්-බ් රෙස්
119968213,1558029,si,ශාන්ත ඩිඩියර්-ඩෙස්-බොයිස්
119968290,1558030,si,ශාන්ත ඩිඩියර්-ඩි-ලා-ටුවර්
119968367,1558031,si,ශාන්ත ඩිඩියර්-ඩි-ෆෝමන්ස්
119968444,1558032,si,ශාන්ත ඩිඩියර්-ඩි-බිසොන්ස්
119968521,1558033,si,ශාන්ත ඩිඩියර්-ඩොසියාට්
119968675,1558035,si,ශාන්ත ඩිඩියර් ඕ මොන්ට් ඩෝර්
119968752,1558036,si,ශාන්ත-ඩිඩියර්
119968906,1558038,si,ශාන්ත-ඩිඩියර්
119968983,1558039,si,ශාන්ත-ඩිඩියර්
119969291,1558043,si,ශාන්ත-ඩිඩියර්
119969368,1558044,si,ශාන්ත-ඩෙසරි
119969445,1558045,si,ශාන්ත-ඩෙසරි
119969522,1558046,si,ශාන්ත ආශාව
119969599,1558047,si,ශාන්ත-දෙසිරාට්
119969676,1558048,si,ශාන්ත-දේසිර්
119969753,1558049,si,සින්ට්-දෙසේර්ට්
119969830,1558050,si,ශාන්ත-ඩෙරියන්
119969984,1558052,si,ශාන්ත-ඩෙනෝවාල්
119970061,1558053,si,ශාන්ත-ඩෙනොක්ස්
119970138,1558054,si,ශාන්ත ඩෙනිස්-සර්-ස්කි
119970215,1558055,si,ශාන්ත ඩෙනිස්-සර්-සර්තන්
119970292,1558056,si,ශාන්ත ඩෙනිස්-සර්-ඕවාන්
119970369,1558057,si,ශාන්ත ඩෙනිස්-සර්-ලෝයර්
119970446,1558058,si,ශාන්ත ඩෙනිස්-සර්-හයිස්නේ
119970523,1558059,si,ශාන්ත ඩෙනිස්-සර්-කොයිස්
119970600,1558060,si,ශාන්ත-ඩෙනිස්-මයිසන්සෙල්ලස්
119970677,1558061,si,ශාන්ත-ඩෙනිස්-ලෙ-වෙටු
119970754,1558062,si,ශාන්ත ඩෙනිස්-ලෙ-තිබෝල්ට්
119970831,1558063,si,ශාන්ත-ඩෙනිස්-ලෙස්-රෙබයිස්
119970908,1558064,si,ශාන්ත-ඩෙනිස්-ලෙස්-පොන්ට්ස්
119970985,1558065,si,ශාන්ත ඩෙනිස්-ලෙස්-මාටෙල්
119971062,1558066,si,සින්ට්-ඩෙනිස්-ලෙස-බෝඋර්ග්
119971139,1558067,si,ශාන්ත ඩෙනිස්-ලෙ-ගාස්ට්
119971216,1558068,si,ශාන්ත ඩෙනිස්-ලෙ-ෆර්මන්ට්
119971293,1558069,si,ශාන්ත-ඩෙනිස්-ලා-චෙවාස්සේ
119971447,1558071,si,ශාන්ත-ඩෙනිස්-එන්-වල්
119971524,1558072,si,සින්ට්-ඩෙනිස්-එන-බුගෙය්
119971601,1558073,si,ශාන්ත ඩෙනිස්-ඩු-පේර්
119971678,1558074,si,ශාන්ත-ඩෙනිස්-ඩු-මේන්
119971755,1558075,si,ශාන්ත-ඩෙනිස්-ඩු-බෙහෙලන්
119971832,1558076,si,ශාන්ත ඩෙනිස්-ඩෝර්ක්ස්
119971909,1558077,si,ශාන්ත ඩෙනිස්-ඩොලෙරොන්
119971986,1558078,si,ශාන්ත ඩෙනිස්-ඩි-විලෙනෙට්
119972063,1558079,si,ශාන්ත ඩෙනිස්-ඩි-වොක්ස්
119972140,1558080,si,ශාන්ත ඩෙනිස්-ඩෙස්-පුයිට්ස්
119972217,1558081,si,ශාන්ත ඩෙනිස්-ඩෙස්-මර්ස්
119972294,1558082,si,ශාන්ත-ඩෙනිස්-ඩෙස්-මොන්ට්
119972371,1558083,si,ශාන්ත-ඩෙනිස්-ඩෙස්-කුඩ්රයිස්
119972448,1558084,si,ශාන්ත ඩෙනිස්-ඩි-පයිල්
119972525,1558085,si,ශාන්ත ඩෙනිස්-ඩි-පැලින්
119972602,1558086,si,ශාන්ත-ඩෙනිස්-ඩි-මෙරේ
119972679,1558087,si,ශාන්ත ඩෙනිස්-ඩි-මයිලොක්
119972756,1558088,si,ශාන්ත ඩෙනිස්-ඩි-එල් හෝටලය
119972910,1558090,si,ශාන්ත ඩෙනිස්-ඩි-ජොහෙට්
119972987,1558091,si,ශාන්ත ඩෙනිස්-ඩි-ගස්ටින්ස්
119973064,1558092,si,ශාන්ත ඩෙනිස්-ඩි-කබාන්
119973141,1558093,si,ශාන්ත ඩෙනිස්-ඩෝ ඔටූ
119973218,1558094,si,ශාන්ත ඩෙනිස්-ඩොජරොන්ස්
119973295,1558095,si,ශාන්ත ඩෙනිස්-ඩි ඇන්ජෝ
119973372,1558096,si,ශාන්ත ඩෙනිස්-ඩැක්ලොන්
119973449,1558097,si,ශාන්ත-ඩෙනිස්කෝට්
119973526,1558098,si,ශාන්ත-ඩෙනිස්
119973603,1558099,si,ශාන්ත-ඩෙනිස්-කැටස්
119973680,1558100,si,ශාන්ත-ඩෙනිස්
119973757,1558101,si,ශාන්ත-ඩෙනිස්-ලෙස්-සෙන්ස්
119974065,1558105,si,ශාන්ත ඩෙනිස්-එන්-මාජරයිඩ්
119974142,1558106,si,ශාන්ත-ඩෙනිස්
119974219,1558107,si,ශාන්ත-ඩෙනිස්
119974296,1558108,si,ශාන්ත-ඩෝන්ස්
119974604,1558112,si,ශාන්ත ඩල්මාස්-ලෙ-සෙල්වාජ්
119974835,1558115,si,ශාන්ත සයිර්-සර්-මොරින්
119974912,1558116,si,ශාන්ත සයිර්-සර්-මර්
119974989,1558117,si,ශාන්ත සයිර්-සර්-මෙන්තන්
119975066,1558118,si,සින්ට්-ච්ය්ර්-සුරැ-ලොඉරේ
119975143,1558119,si,සින්ට්-ච්ය්ර්-සුරැ-ලේ-ර්හොනේ
119975220,1558120,si,ශාන්ත සයිර්-සූ-ඩෝර්ඩන්
119975297,1558121,si,ශාන්ත සයිර් ලෙස් විග්නස්
119975374,1558122,si,සෙන්ට් සයිර් ලෙස් කොලොන්ස්
119975451,1558123,si,ශාන්ත සයිර් ලෙස් ෂැම්පේන්
119975528,1558124,si,ශාන්ත සයිර්-ලෙ-ග් රේව්ලයිස්
119975605,1558125,si,ශාන්ත සයිර්-එල්-එකෝල්
119975682,1558126,si,සෙන්ට් සයිර් ලෙ චැටෝ
119975759,1558127,si,ශාන්ත සයිර් ලා රොසියර්
119975836,1558128,si,සෙන්ට් සයිර් ලා රොච්
119975913,1558129,si,ශාන්ත-සිර්-ලා-රිවියර්
119975990,1558130,si,ශාන්ත සයිර් ලා ලැන්ඩ්
119976067,1558131,si,ශාන්ත-සිර්-ලා-කැම්පේන්
119976221,1558133,si,ශාන්ත-සිර්-එන්-වල්
119976298,1558134,si,ශාන්ත සයිර්-එන්-ටල්මන්ඩේස්
119976375,1558135,si,ශාන්ත සයිර්-එන්-පේල්
119976452,1558136,si,ශාන්ත සයිර්-එන්-බර්ග්
119976529,1558137,si,ශාන්ත සයිර්-එන්-ආර්තිස්
119976683,1558139,si,සෙන්ට් සයිර් ඩු රොන්සෙරේ
119976760,1558140,si,සෙන්ට් සයිර් ඩු ගෝල්ට්
119976837,1558141,si,සෙන්ට් සයිර් ඩු ඩොරට්
119976914,1558142,si,සෙන්ට් සයිර් ඩු බේලියුල්
119976991,1558143,si,ශාන්ත සයිර්-ඩි-වොලර්ජස්
119977068,1558144,si,සෙන්ට් සයිර් ඩෙස් ගැට්ස්
119977145,1558145,si,ශාන්ත සයිර්-ඩි-සැලර්න්
119977222,1558146,si,සෙන්ට් සයිර් ඩි ෆේවියර්ස්
119977299,1558147,si,සෙන්ට් සයිර් ඕ මොන්ට් ඩෝර්
119977376,1558148,si,ශාන්ත සයිරන්-ඩු-ජම්බොට්
119977453,1558149,si,ශාන්ත-සිරාන්
119977530,1558150,si,ශාන්ත-සිර්
119977607,1558151,si,ශාන්ත සයිර් මොන්ට්මාලින්
119977684,1558152,si,ශාන්ත-සිර්
119977761,1558153,si,ශාන්ත-සිර්
119977838,1558154,si,ශාන්ත-සිර්
119977915,1558155,si,ශාන්ත-සිර්
119977992,1558156,si,ශාන්ත සයිප් රියන්-සර්-ඩෝර්ඩෝ
119978069,1558157,si,ශාන්ත සයිප් රියන් ප්ලේජ්
119978223,1558159,si,ශාන්ත-සිප්රියන්
119978300,1558160,si,ශාන්ත-සිප්රියන්
119978377,1558161,si,ශාන්ත-සිප්රියන්
119978454,1558162,si,ශාන්ත-සිප්රියන්
119978531,1558163,si,ශාන්ත-සිප්රියන්
119978685,1558165,si,ශාන්ත සයිබ් රානෙට්
119978762,1558166,si,ශාන්ත-සයිබර්ඩෝ
119978916,1558168,si,ශාන්ත ක් රික් විල්නියුව්
119978993,1558169,si,ශාන්ත ක් රික්-ඩු-ගව්
119979070,1558170,si,ශාන්ත-ක්රික්-චලෝස්
119979147,1558171,si,ශාන්ත ක් රික්
119979224,1558172,si,ශාන්ත ක් රෙස්පින්-සර්-මොයින්
119979301,1558173,si,ශාන්ත-ක්රෙස්පින්
119979455,1558175,si,ශාන්ත ක් රෙපින්-ඉබුවිලර්ස්
119979532,1558176,si,ශාන්ත ක් රෙපින් සහ කාර්ලූසෙට්
119979609,1558177,si,ශාන්ත ක් රෙපින්-ඩි-රිච්මොන්ට්
119979686,1558178,si,සින්ට්-ච්රෙපින්-ද'ඖබෙරෝචේ
119979763,1558179,si,ශාන්ත ක් රෙපින්-ඔක්ස්-බොයිස්
119979840,1558180,si,සින්ට්-ච්රෙපින්
119979917,1558181,si,සින්ට්-ච්රෙපින්
119979994,1558182,si,සෙන්ට් ක් රීක්
119980071,1558183,si,සෙන්ට් ක් රීක්
119980148,1558184,si,සින්ට්-චොඋටන්ට්-ලේ-ග්රෑන්ඩ්
119980225,1558185,si,ශාන්ත-කවුටන්ට්
119980302,1558186,si,ශාන්ත-කවුටන්ට්
119980379,1558187,si,ශාන්ත-කූලොම්බ්
119980456,1558188,si,ශාන්ත-කොලිට්ස්
119980610,1558190,si,සෙන්ට්-කූට්-ඩු-රේස්ස්
119980687,1558191,si,ශාන්ත කූට්-ඩොඩ්
119980764,1558192,si,ශාන්ත-කොස්මේ-එන්-වයිරයිස්
119980841,1558193,si,ශාන්ත-කොස්මේ
119980918,1558194,si,ශාන්ත කෝර්නියර්-ඩෙස්-ලැන්ඩ්ස්
119980995,1558195,si,ශාන්ත-කෝර්නෙයිල්
119981149,1558197,si,ශාන්ත-තරගය
119981303,1558199,si,ශාන්ත-කොන්ස්ටන්
119981380,1558200,si,ශාන්ත කොනෙක්
119981534,1558202,si,ශාන්ත-කොනන්
119981611,1558203,si,ශාන්ත-කොන්ගාඩ්
119981688,1558204,si,ශාන්ත කොම් සහ මරුජෝල්ස්
119981765,1558205,si,ශාන්ත කොම් ඩු මොන්ට්
119981842,1558206,si,ශාන්ත කොම් ඩෝල්ට්
119981919,1558207,si,ශාන්ත කොම් ඩි ෆ් රෙස්නි
119982073,1558209,si,ශාන්ත-එන්න
119982304,1558212,si,ශාන්ත-කොලොම්බන්
119982458,1558214,si,සෛන්ටේ-චොලොඹේ-සුරැ-සේඉනේ
119982535,1558215,si,ශාන්ත කොලොම්බ්-ඩි-ලවුසන්
119982612,1558216,si,ශාන්ත කොලොම්බන්-ඩෙස්-විලාර්ඩ්ස්
119982843,1558219,si,ශාන්ත වලාකුළු
119982920,1558220,si,සෙන්ට් ක්ලවුඩ් එන් ඩූනෝයිස්
119982997,1558221,si,ශාන්ත-ක්ලෙට්
119983074,1558222,si,ශාන්ත ක්ලෙමන්ට්-සර්-වල්සෝන්
119983151,1558223,si,ශාන්ත ක්ලෙමන්ට්-සර්-ගුයි
119983228,1558224,si,ශාන්ත-ක්ලෙමන්ට්-ලෙස්-ප්ලේස්
119983305,1558225,si,වොල්මෙන්ටින්
119983382,1558226,si,ශාන්ත-ක්ලෙමන්ට්-ඩි-වර්ස්
119983459,1558227,si,ශාන්ත-ක්ලෙමන්ට්-ඩෙස්-ලෙවීස්
119983536,1558228,si,සින්ට්-ච්ලේමෙන්ට්-දෙස්-අලෙඉනෙස්
119983613,1558229,si,ශාන්ත-ක්ලෙමන්ට්-ඩි-රෙග්නට්
119983690,1558230,si,ශාන්ත-ක්ලෙමන්ට්-ඩි-ලා-ප්ලේස්
119983767,1558231,si,ශාන්ත-ක්ලෙමන්ට්-ඒ-ආර්න්ස්
119983844,1558232,si,ශාන්ත-ක්ලෙමන්ට්
119983921,1558233,si,ශාන්ත-ක්ලෙමන්ට්-රන්කුඩ්රේ
119983998,1558234,si,ශාන්ත-ක්ලෙමන්ට්
119984075,1558235,si,ශාන්ත-ක්ලෙමන්ට්
119984306,1558238,si,ශාන්ත-ක්ලෙමන්ට්
119984383,1558239,si,ශාන්ත ක්ලෙමන්ට් ඩි වැලෝර්ග්
119984460,1558240,si,ශාන්ත-ක්ලෙමන්ට්
119984537,1558241,si,ශාන්ත-ක්ලෙමන්ට්
119984614,1558242,si,ශාන්ත-ක්ලෙමන්ට්
119984691,1558243,si,සින්ට්-ච්ලේමෙන්ට්-සුරැ-දුරන්චේ
119984999,1558247,si,ශාන්ත-ක්ලෙමන්ට්
119985076,1558248,si,ශාන්ත-ක්ලෙමන්ට්-ඩි-රිවියර්
119985153,1558249,si,ශාන්ත-ක්ලෝඩ්-ඩි-ඩිරේ
119985230,1558250,si,ශාන්ත-ක්ලෝඩ්
119985307,1558251,si,ශාන්ත ක්ලවුඩ්
119985384,1558252,si,ශාන්ත ක්ලාර්-ඩි-රිවියර්
119985461,1558253,si,ශාන්ත-ක්ලාර්
119985538,1558254,si,ශාන්ත ක්ලෙයාර්-සර්-ලෙස්-මොන්ට්ස්
119985615,1558255,si,ශාන්ත ක්ලෙයාර්-සර්-එල්
119985692,1558256,si,ශාන්ත ක්ලෙයාර්-සර්-ගාලෝර්
119985769,1558257,si,ශාන්ත ක්ලෙයාර්-සර්-එප්ට්
119985846,1558258,si,සෙන්ට් ක්ලෙයාර් ඩු රෝන්
119986000,1558260,si,සෙන්ට් ක්ලෙයාර් ඩි ලා ටුවර්
119986077,1558261,si,ශාන්ත ක්ලෙයාර්-ඩි-හලූස්
119986154,1558262,si,ශාන්ත ක්ලෙයාර්-ඩර්සි
119986462,1558266,si,ශාන්ත-ක්ලෙයාර්
119986539,1558267,si,ශාන්ත-ක්ලෙයාර්
119986616,1558268,si,ශාන්ත-ක්ලෙයාර්
119986847,1558271,si,ශාන්ත-සිව්රන්
119986924,1558272,si,ශාන්ත සර්ක්-සුයිලාගුට්
119987001,1558273,si,ශාන්ත-සර්ක්-මැඩලන්
119987078,1558274,si,ශාන්ත සර්ක්-ලාපෝපි
119987155,1558275,si,ශාන්ත-සර්ක්
119987232,1558276,si,ශාන්ත-සර්ක්
119987386,1558278,si,ශාන්ත-සිරිස්
119987463,1558279,si,ශාන්ත සිර්ගස්-සර්-කූස්
119987540,1558280,si,ශාන්ත සර්ග්ස් ලා ලූට් රේ
119987617,1558281,si,ශාන්ත සිර්ගස්-එන්-මොන්ටාන්
119987694,1558282,si,ශාන්ත සිර්ගස්-ඩි-මැල්බට්
119987771,1558283,si,ශාන්ත සිර්ගස්-ඩි-ජෝර්දාන්
119987848,1558284,si,ශාන්ත-සර්ගස්
119987925,1558285,si,ශාන්ත-සර්ගස්
119988002,1558286,si,ශාන්ත-සර්ගු
119988079,1558287,si,ශාන්ත සියර්ස්-සර්-ජිරොන්ඩ්
119988156,1558288,si,ශාන්ත සියර්ස්-සර්-බොනියුර්
119988233,1558289,si,ශාන්ත-සියර්ස්-ඩු-ටයිලන්
119988310,1558290,si,ශාන්ත සියර්ස්-ඩි-කැනෙස්
119988387,1558291,si,ශාන්ත සියර්ස්-ඩි අබ්සැක්
119988464,1558292,si,ශාන්ත-සියර්ස්-ෂැම්පේන්
119988541,1558293,si,ශාන්ත-සියර්ගස්
119988618,1558294,si,සෙන්ට්-සර්ජ්-සෝස්-ලෙ-චේලර්ඩ්
119988695,1558295,si,සෙන්ට්-සර්ජ්-ලා-සර්
119988772,1558296,si,ශාන්ත-සිබාර්ඩ්
119988849,1558297,si,ශාන්ත-ක්රිස්ටෝෆ්-වොලන්
119988926,1558298,si,සින්ට්-ච්රිස්ටෝෆේ-සුරැ-ඔක්
119989003,1558299,si,ශාන්ත-ක්රිස්ටෝෆ්-සර්-ලෙ-නයිස්
119989080,1558300,si,සින්ට්-ච්රිස්ටෝෆේ-සුරැ-උඉඑර්ස
119989157,1558301,si,ශාන්ත-ක්රිස්ටෝෆ්-සර්-ඩොලයිසන්
119989234,1558302,si,ශාන්ත-ක්‍රිස්ටෝෆ්-සුර්-කොන්ඩේ
119989311,1558303,si,ශාන්ත-ක්‍රිස්ටෝෆ්-සූර්-අව්රේ
119989388,1558304,si,ශාන්ත-ක්‍රිස්ටෝෆ්-ලෙස්-ගෝර්ජස්
119989465,1558305,si,ශාන්ත-ක්‍රිස්ටෝෆ්-ලෙ-ජජොලට්
119989542,1558306,si,ශාන්ත-ක්රිස්ටෝෆ්-ලෙ-චෞද්රි
119989619,1558307,si,ශාන්ත-ක්රිස්ටෝෆ්-ලා-කූපේරි
119989696,1558308,si,ශාන්ත-ක්රිස්ටෝෆ්
119989773,1558309,si,සින්ට්-ච්රිස්ටෝෆේ-එන-ඕඉසංස්
119989850,1558310,si,ශාන්ත-ක්‍රිස්ටෝෆ්-එන්-ෂැම්පේන්
119989927,1558311,si,ශාන්ත-ක්‍රිස්ටෝෆ්-එන්-බ්‍රියෝනයිස්
119990004,1558312,si,සින්ට්-ච්රිස්ටෝෆේ-එන-බ්රෙස්සේ
119990081,1558313,si,සින්ට්-ච්රිස්ටෝෆේ-එන-ඖචෙරිඑ
119990158,1558314,si,සින්ට්-ච්රිස්ටෝෆේ-එන-අළෙල්ලෙ
119990235,1558315,si,ශාන්ත-ක්රිස්ටෝෆ්-ඩු-ලුආට්
119990312,1558316,si,ශාන්ත-ක්රිස්ටෝෆ්-ඩු-ලිග්නෙරොන්
119990389,1558317,si,ශාන්ත-ක්රිස්ටෝෆ්-ඩු-ජම්බෙට්
119990466,1558318,si,සින්ට්-ච්රිස්ටෝෆේ-දු-ඔක්
119990543,1558319,si,ශාන්ත-ක්රිස්ටෝෆ්-ඩු-බොයිස්
119990697,1558321,si,ශාන්ත-ක්රිස්ටෝෆ්-ඩි-වලයින්ස්
119990774,1558322,si,ශාන්ත-ක්රිස්ටෝෆ්-ඩෙස්-බොයිස්
