id,city_id,language_key,name
364026571,4727618,sq,Al Jurayn
364026648,4727619,sq,Al `Aridah
364026725,4727620,sq,Al Jurayn
364026879,4727622,sq,Al Balad
364026956,4727623,sq,jkham
364027341,4727628,sq,jkham
364027418,4727629,sq,Hisn ad Dawr
364027495,4727630,sq,Bejt Kurdum
364027572,4727631,sq,Ash Shi`b
364027726,4727633,sq,Ash Shi`b
364027880,4727635,sq,Al Farshah
364028034,4727637,sq,Gaul Sa`id
364028111,4727638,sq,Al Mi`mari
364028188,4727639,sq,Al Wadi
364028265,4727640,sq,Ash Shu`bah
364028342,4727641,sq,Al Qataba
364028496,4727643,sq,Al Kasr
364028573,4727644,sq,almʿmar
364028804,4727647,sq,Ash Sharzah
364028881,4727648,sq,Dar an Najd
364029112,4727651,sq,Dar as Sayyid
364029189,4727652,sq,El Hamah ue el Hadade
364029266,4727653,sq,Al Khash`ah
364029420,4727655,sq,Al Khash'ah
364029882,4727661,sq,Bayt Sa`d
364029959,4727662,sq,Al Xhebel
364030036,4727663,sq,Mi`mar al Ma`zulah
364030113,4727664,sq,Ad Dur
364030190,4727665,sq,Mi`mar el Ma`zulah
364030421,4727668,sq,Si Sarm al Asfal
364030575,4727670,sq,Ad Dimnah
364030729,4727672,sq,As Sarm al Asfal al Qani`
364030806,4727673,sq,hzm almʿmar
364030883,4727674,sq,Si Sarm al Asfal al Qani`
364031114,4727677,sq,Ad Daghmah
364031499,4727682,sq,almʿmar
364031730,4727685,sq,El Hazm el A`la
364031807,4727686,sq,Si Sulbah
364032115,4727690,sq,Sulbat si Sabi
364032192,4727691,sq,Dar al Hamah
364032346,4727693,sq,Al Wadi
364032731,4727698,sq,Al Hanakah
364032808,4727699,sq,almʿmar
364034194,4727717,sq,El Ma`had el`Ilmi
364034502,4727721,sq,almʿmar
364034579,4727722,sq,Al `Ard
364034810,4727725,sq,almʿmar
364034887,4727726,sq,Bayt Jahzar
364035041,4727728,sq,Bejt Jahzar
364035349,4727732,sq,Al I`mar
364035426,4727733,sq,Hazmul Ulejb
364035503,4727734,sq,Al Wadi`iyah
364035734,4727737,sq,Al ' Ishrah
364035811,4727738,sq,bab alʿqr
364035965,4727740,sq,An Nasiriyah
364036042,4727741,sq,Khallat al 'Aqd
364036196,4727743,sq,Al Jalabib
364036581,4727748,sq,Al Medresah
364037197,4727756,sq,`Ali el Fakki Mazra`at el Abqar
364037736,4727763,sq,bab aljrf
364037890,4727765,sq,Zufur el Mi`mar
364038198,4727769,sq,Al Haymah
364038352,4727771,sq,almʿmar
364038583,4727774,sq,Maktab ez Zira'ah
364038660,4727775,sq,Mal el Qufu`
364038814,4727777,sq,bab dafr
364038968,4727779,sq,Kavlat `Ali
364039199,4727782,sq,Hijar al Ghurub
364039430,4727785,sq,Al Mityarah
364039507,4727786,sq,Xhebel Subejh
364039584,4727787,sq,Një Nuqteh
364039738,4727789,sq,Xhenub Maktab ez Zira'ah
364040046,4727793,sq,Al Hamrah
364040123,4727794,sq,Xhurejn el Hajd
364040354,4727797,sq,almʿmar
364040508,4727799,sq,Si Suqkah
364040585,4727800,sq,almʿmar
364040739,4727802,sq,Al I`mar
364040816,4727803,sq,Mashabah
364040893,4727804,sq,Al I`mar
364041047,4727806,sq,almʿmar
364041124,4727807,sq,Al I`mar
364041201,4727808,sq,Alorosh
364041278,4727809,sq,Bayn al Bir
364041355,4727810,sq,Khallat al 'Aqd
364041432,4727811,sq,Si Saribah
364041509,4727812,sq,Në Talhah
364041586,4727813,sq,Al Maqadib
364041740,4727815,sq,El Makadib
364041817,4727816,sq,Mararah
364042048,4727819,sq,Suretul A`xhem
364042664,4727827,sq,Një Nahdiyah
364042741,4727828,sq,Az Zahrah
364042818,4727829,sq,Një Nahdiyah
364042895,4727830,sq,Azzah
364042972,4727831,sq,rhban
364043049,4727832,sq,An Nasiriyah
364043203,4727834,sq,Një Nasiriyah
364043357,4727836,sq,Al Madnuf
364043434,4727837,sq,Al I`mar
364043588,4727839,sq,Al I`mar
364043896,4727843,sq,Ar Ribat
364044127,4727846,sq,Al Kawlah
364044281,4727848,sq,Al Kawlah
364044512,4727851,sq,Al Gharar
364044589,4727852,sq,Al Medresah
364044666,4727853,sq,Al Jirrah
364044743,4727854,sq,Bilas
364044974,4727857,sq,Al Majil
364045128,4727859,sq,Al Medresah
364045205,4727860,sq,Al Magribah
364045436,4727863,sq,Ghudhrur
364045513,4727864,sq,Ash Sha`mali
364045898,4727869,sq,Al Akabe
364046052,4727871,sq,Beni Xhafer
364046206,4727873,sq,Si Sinima
364046283,4727874,sq,Jarf si Sisah
364046360,4727875,sq,Al Markabah
364046437,4727876,sq,Al Hanakah
364046591,4727878,sq,Al Hanakah
364046668,4727879,sq,Al Hamrah
364046745,4727880,sq,Al Jurayn
364046822,4727881,sq,El Hudejrah
364046899,4727882,sq,Al Jurayn
364047207,4727886,sq,Mi`mar Mayfa`
364047361,4727888,sq,mʿmar sahb
364047438,4727889,sq,almʿmar
364047515,4727890,sq,Bani `Izz ad Din
364047669,4727892,sq,almʿmar
364048054,4727897,sq,Bir el A`nab
364048131,4727898,sq,Bejt ash Shallali
364048208,4727899,sq,byt hmdan
364048439,4727902,sq,Ash Shi`b
364048516,4727903,sq,dar alʿlya
364048593,4727904,sq,Bejt an Naxhar
364048824,4727907,sq,Harat ad Dahhah
364048901,4727908,sq,Harat as Surm
364048978,4727909,sq,Harat ad Dahhah
364049055,4727910,sq,Harat si Surm
364049132,4727911,sq,Al Khash`ah
364049286,4727913,sq,Al Khash'ah
364049363,4727914,sq,Hisn si Sawda'
364049594,4727917,sq,Ash Shahiliyah
364050133,4727924,sq,alljm
364050287,4727926,sq,Bejtul Uelani
364050364,4727927,sq,Bejt el Ma`zibah
364050518,4727929,sq,Bejt el Ma`zibah
364050595,4727930,sq,Bayt ad Dalali
364050672,4727931,sq,Adh Dhira`
364050749,4727932,sq,Al Ma`azib
364050826,4727933,sq,Adh Dhira`
364050903,4727934,sq,El Ma`azib
364050980,4727935,sq,Al Balad
364051057,4727936,sq,Ad Dala`ah
364051211,4727938,sq,Ad Dala`ah
364051288,4727939,sq,As Suq
364051365,4727940,sq,Si Sablah
364051442,4727941,sq,Khadashah
364051981,4727948,sq,Ar Razm
364052135,4727950,sq,Ar Ribat
364052289,4727952,sq,El Maqlah
364052443,4727954,sq,qaʿ dhraʾ
364052520,4727955,sq,Al Fuqah
364052597,4727956,sq,Harat ar Rakah
364052674,4727957,sq,Nijam
364052751,4727958,sq,alhys
364052982,4727961,sq,Mastah
364053136,4727963,sq,Harat al `Aqabah
364053213,4727964,sq,Bejt Qaza
364053290,4727965,sq,Haratul Akabe
364053444,4727967,sq,Mazna`
364053521,4727968,sq,Al Hamra'
364053598,4727969,sq,Al Ahqarijah
364053675,4727970,sq,As Sawadah
364053752,4727971,sq,Al Ahqariyah
364053829,4727972,sq,Si Sawadah
364053906,4727973,sq,Al Haqib
364053983,4727974,sq,Adh Dhari
364054060,4727975,sq,Al Gharbi
364054214,4727977,sq,Shi`b el Qita`
364054368,4727979,sq,Shi`b al Qita`
364054599,4727982,sq,Bejt Ganam
364054984,4727987,sq,Suq Hashif
364055138,4727989,sq,Al Matari
364055446,4727993,sq,Al Humayra'
364055600,4727995,sq,El Abr el Ala
364055677,4727996,sq,Al Hatabah
364055908,4727999,sq,Khanazir
364055985,4728000,sq,Ad Duwayr
364056062,4728001,sq,Ghurabah
364056216,4728003,sq,Masna'ah
364056447,4728006,sq,Ar Raqqaq
364056986,4728013,sq,qaʿ almdawr
364057217,4728016,sq,Al Madnuf
364057294,4728017,sq,Al Hamra'
364057371,4728018,sq,Ad Dar
364057602,4728021,sq,alhaqr
364057679,4728022,sq,Labid
364058141,4728028,sq,Al Qarah
364058218,4728029,sq,Bejt Ahmed 'Abd Allah
364058295,4728030,sq,Al Qarah
364058449,4728032,sq,El Ushshah
364058526,4728033,sq,Ar Rawdah
364058757,4728036,sq,Ad Dil`ayn
364058988,4728039,sq,El Maqatir
364059142,4728041,sq,Bejt Ali el Haxhi
364059219,4728042,sq,Bahman
364059373,4728044,sq,Bab Shi`b as Suq
364059450,4728045,sq,Al `Urr
364059527,4728046,sq,Bab Shi`b si Suq
364059604,4728047,sq,Al U`mus
364059758,4728049,sq,Al Khalsah
364059835,4728050,sq,Al Hazm
364059912,4728051,sq,bab hwd
364059989,4728052,sq,Al Maqdad
364060066,4728053,sq,ansham
364060220,4728055,sq,Beni Khawli
364060451,4728058,sq,Wasit
364060605,4728060,sq,El Ushshah
364060759,4728062,sq,Darihah el Ulya
364060836,4728063,sq,El Hixhre
364060913,4728064,sq,Qarin
364060990,4728065,sq,El Hixhre
364061144,4728067,sq,Al Wadi`ah
364061221,4728068,sq,Al Haffah
364061298,4728069,sq,Zahrat `Ajjaj
364061375,4728070,sq,Ash Sharqi
364061606,4728073,sq,Al Khirbah
364062222,4728081,sq,Ash Shurf
364062376,4728083,sq,Al Balad
364062530,4728085,sq,Al Balad
364062607,4728086,sq,Si Sartahah
364062684,4728087,sq,Al Manajid
364062761,4728088,sq,Al Balad
364062992,4728091,sq,Ad Dar
364063069,4728092,sq,El Hixhlah
364063146,4728093,sq,Adh Dhira`
364063223,4728094,sq,Ash Shurf
364063300,4728095,sq,Al Wadi al Asfal
364063377,4728096,sq,El Karyah ad Dakhiliyah
364063454,4728097,sq,Adh Dhira`
364063531,4728098,sq,Ash Sha`mali
364063608,4728099,sq,Nexhd el-Ma`in
364063993,4728104,sq,Adh Dhari
364064070,4728105,sq,Ad Day`ah
364064224,4728107,sq,Sayh
364064301,4728108,sq,Al Kharabah
364064455,4728110,sq,Bayt Hanzal
364064532,4728111,sq,Bejt el Haruji
364064609,4728112,sq,Ash Shu`bah
364064763,4728114,sq,Ash Shurf
364064840,4728115,sq,Al Mawsitah
364064917,4728116,sq,`Anmah
364064994,4728117,sq,El Mawsitah
364065071,4728118,sq,Al Xhelhuf
364065148,4728119,sq,El Wadi al A`la
364065225,4728120,sq,Kharar
364065302,4728121,sq,Ajet
364065379,4728122,sq,Adh Dhari
364065456,4728123,sq,Al Manajid
364065533,4728124,sq,Adh Dhari
364065687,4728126,sq,Ash Shaqrani
364065764,4728127,sq,Wadi as Sahlah
364065841,4728128,sq,Al Hamarah
364065918,4728129,sq,Shi'b el Hasak
364065995,4728130,sq,alhbl
364066149,4728132,sq,Ad Day`ah
364066226,4728133,sq,alhqf
364066303,4728134,sq,Al Hamarah
364066380,4728135,sq,Si Saratih
364066457,4728136,sq,Al Hadibah
364066611,4728138,sq,Qit`at ar Rubashi
364066688,4728139,sq,Bab ad Da'ir
364066842,4728141,sq,Bab ad Dair
364066996,4728143,sq,Lakamat Sabbah
364067073,4728144,sq,Xhebel el Ghaul
364067150,4728145,sq,Lakamat Sabbah
364067458,4728149,sq,Sabbah
364067535,4728150,sq,Qafa el Jarn
364067612,4728151,sq,Saratih
364067766,4728153,sq,Hisn al Qaryah
364068074,4728157,sq,Al Hamarah
364068382,4728161,sq,Bejt Sufan
364068459,4728162,sq,Al Balad
364068536,4728163,sq,Bejt el Haduri
364068613,4728164,sq,Al Lakimah
364068690,4728165,sq,Hajd al Balad
364068844,4728167,sq,Hisn al Qaryah
364069383,4728174,sq,Një Nufah
364069537,4728176,sq,Bayt si Saqfi
364069614,4728177,sq,Beni Ali
364069768,4728179,sq,Al Balad
364070923,4728194,sq,El Uklah
364071616,4728203,sq,Kasam Tha`il
364071693,4728204,sq,Bejt an Naxhar
364071770,4728205,sq,arnban
364072078,4728209,sq,`Ambar
364072540,4728215,sq,Al `Aridah
364072694,4728217,sq,Bin Zahir
364072848,4728219,sq,Bin Zahir
364072925,4728220,sq,Al Jaww
364073002,4728221,sq,Bayt Khizindar
364073079,4728222,sq,Al Jirfah
364073156,4728223,sq,`Abr Tuffah
364073233,4728224,sq,Alorosh
364073310,4728225,sq,`Abr Tuffah
364073387,4728226,sq,alqyd
364073541,4728228,sq,Ad Dur
364073618,4728229,sq,Al Masharib
364073695,4728230,sq,Zulumah
364073926,4728233,sq,Mahnus
364074003,4728234,sq,Hajsin
364074080,4728235,sq,Mahnus
364074234,4728237,sq,Al Hisn
364074311,4728238,sq,El Mawaqirah
364074773,4728244,sq,Mahall 'Abd Allah Ebu al Gayth
364074850,4728245,sq,Al Wa`rah
364075004,4728247,sq,Al Habil
364075312,4728251,sq,Ad Dabr
364075389,4728252,sq,Mahall al Kadhiyah
364075466,4728253,sq,Ad Dabr
364076390,4728265,sq,Al Kadamah
364076467,4728266,sq,As Safasif
364076544,4728267,sq,Al Fuqah
364076621,4728268,sq,Si Safasif
364076698,4728269,sq,Si Sa`iyah
364076775,4728270,sq,Ash Shi`b
364077391,4728278,sq,Bani Shamhan
364077545,4728280,sq,Al Kubbah
364077699,4728282,sq,Al Kubbah
364077776,4728283,sq,Ad Dakhnah
364078007,4728286,sq,Al Jazirah
364078084,4728287,sq,Si Salimi
364078238,4728289,sq,Një Nu'us
364078315,4728290,sq,Ad Dahrah
364078392,4728291,sq,qhtan
364078777,4728296,sq,El Akam el Ali
364078854,4728297,sq,El Hurejvah
364078931,4728298,sq,Ash Shawir
364079008,4728299,sq,El Hurejvah
364079085,4728300,sq,Ash Shawir
364079316,4728303,sq,Al Majzar
364079393,4728304,sq,Az Zahir
364080240,4728315,sq,As Sahl al `Ali
364080317,4728316,sq,Al Harrah
364080394,4728317,sq,Si Sahlul Ali
364080471,4728318,sq,Si Sahl si Safil
364081241,4728328,sq,Qawz ar Ruway`
364082242,4728341,sq,El Maktiyah
364082396,4728343,sq,Manzil As`ad wa Shi`b
364082550,4728345,sq,Malan
364082704,4728347,sq,Si Sahwah
364083474,4728357,sq,Al Hawali
364083628,4728359,sq,Ad Dumajnah
364083782,4728361,sq,Al Hadiyah
364083936,4728363,sq,Al Hadinah
364084167,4728366,sq,Al `Armah
364084398,4728369,sq,Al Qarin
364084629,4728372,sq,El Huxhfah
364084706,4728373,sq,Habil er Rahajbe
364085476,4728383,sq,Zahrat al Haddad
364085630,4728385,sq,Al Ghuwaydiyah
364085784,4728387,sq,Al Ghuwaydiyah
364086092,4728391,sq,Al Kawlah
364086169,4728392,sq,Al Kharabah
364086708,4728399,sq,alfjr
364087016,4728403,sq,almjran
364087324,4728407,sq,Al Haymah
364087940,4728415,sq,Ad Dawghah
364088248,4728419,sq,Al Gharbi
364088479,4728422,sq,Ad Dar
364088864,4728427,sq,Al Kardamah
364088941,4728428,sq,Ar Rujayf
364089018,4728429,sq,Rawwas
364089095,4728430,sq,Ar Ruxhajf
364089172,4728431,sq,Rawwas
364089634,4728437,sq,As Saliyah
364089711,4728438,sq,alhlj
364089788,4728439,sq,Si Saliyah
364090019,4728442,sq,Ad Dawha
364090250,4728445,sq,Ash Shurf
364090327,4728446,sq,Alorosh
364090481,4728448,sq,Ad Dakhlah
364090712,4728451,sq,Haydah
364090789,4728452,sq,`Umq
364090866,4728453,sq,Urqub
364091020,4728455,sq,`Urqub
364091097,4728456,sq,Ad Darm
364091174,4728457,sq,babat
364091405,4728460,sq,Habil el Azab
364091944,4728467,sq,Al Marbu`
364092098,4728469,sq,Al Marbu`
364092175,4728470,sq,Huxhfah
364092637,4728476,sq,Al Jabbanah
364092714,4728477,sq,Al Lakamah
364093099,4728482,sq,Al Bakali
364093330,4728485,sq,Al Xhebel
364093484,4728487,sq,Al Xhebel
364093792,4728491,sq,Ash Sharaqi
364094639,4728502,sq,Al Mahlafiyah
364094716,4728503,sq,Al Juhrah
364094793,4728504,sq,El Mahlafijah
364095178,4728509,sq,Ash Sharrah
364095255,4728510,sq,Al Kadhah
364095640,4728515,sq,Al U`mus
364095717,4728516,sq,Al Mirza`
364095794,4728517,sq,Ad Daburah
364095948,4728519,sq,Al Magribah
364096179,4728522,sq,`Atikah
364096256,4728523,sq,Bajiah
364096333,4728524,sq,`Atikah
364096410,4728525,sq,Bajiah
364096564,4728527,sq,As Sabkhah
364096795,4728530,sq,Gajlamah
364096872,4728531,sq,Al Makhruqah
364097026,4728533,sq,El Makhrukah
364097180,4728535,sq,Sharj el Kardi
364097334,4728537,sq,Al Gharsah
364097411,4728538,sq,As Sumayliyah
364097488,4728539,sq,Al Gharsah
364097565,4728540,sq,Al Khalsah
364097642,4728541,sq,Al Khawbah
364097719,4728542,sq,Ar Rabu` al Kharib
364097796,4728543,sq,\N
364097873,4728544,sq,Ar Rabu` al Kharib
364098027,4728546,sq,aljlb
364098489,4728552,sq,Habil el Da`sah
364098720,4728555,sq,Al Marrah
364098874,4728557,sq,Al Farhah
364099028,4728559,sq,Al Hisn
364099182,4728561,sq,Al Harrah
364099259,4728562,sq,El Mavadi`
364099336,4728563,sq,Al Harrah
364099721,4728568,sq,Jibal el Haswah
364099798,4728569,sq,Al Jadid
364099952,4728571,sq,Al Masfa
364100876,4728583,sq,Ar Raknah
364100953,4728584,sq,Dhari Lahkum
364101107,4728586,sq,Hisn al Qaryah
364101184,4728587,sq,Sahafah
364101261,4728588,sq,Adh Dhari
364101415,4728590,sq,Habil el Hilu
364101646,4728593,sq,Dahal
364101723,4728594,sq,Habil al Wazi`
364101877,4728596,sq,Al Lakamah
364101954,4728597,sq,Si Samsarah
364102031,4728598,sq,Al Lakamah
364102493,4728604,sq,Eth Thev'ah
364102647,4728606,sq,Qariyah
364102724,4728607,sq,Al Khadshah
364102801,4728608,sq,El Amarah el Aliyah
364103263,4728614,sq,El Mij`arah
364103417,4728616,sq,Ar Rakan
364103648,4728619,sq,Al Wablah
364103802,4728621,sq,Al Manzar
364103956,4728623,sq,alhtab
364104264,4728627,sq,Wadi as Suq
364104341,4728628,sq,Wadi Bukarsh
364104418,4728629,sq,Wadi as Suq
364105496,4728643,sq,Al Hasusah
364105573,4728644,sq,Habil ar Rajayah
364105650,4728645,sq,Qahlah
364105727,4728646,sq,Habil ar Rajayah
364105804,4728647,sq,Qahlah
364105881,4728648,sq,alahwb
364106035,4728650,sq,Tasul
364106112,4728651,sq,Hawwa'
364106266,4728653,sq,Një Naqil
364106343,4728654,sq,Habil al Bahri
364106420,4728655,sq,Ash Shami
364106497,4728656,sq,Habil el Bahri
364106574,4728657,sq,Sabsab
364106805,4728660,sq,Al Fuqah
364107036,4728663,sq,bab alashqar
364107113,4728664,sq,Durmah
364107575,4728670,sq,Ad Dawir
364108807,4728686,sq,almshkhad
364109269,4728692,sq,Darm
364109500,4728695,sq,Al Kadhah
364109808,4728699,sq,Al Markaz
364109962,4728701,sq,Al Marah
364110270,4728705,sq,Ad Dar
364110424,4728707,sq,Mati`ah
364110886,4728713,sq,`Abr `Ushr
364111117,4728716,sq,Hadakah
364111810,4728725,sq,Az Zali`
364112888,4728739,sq,Al Gharsah
364113042,4728741,sq,Qahfal
364113196,4728743,sq,El Mij`arah
364114043,4728754,sq,Një Naqil
364114197,4728756,sq,Në Tashra`
364114813,4728764,sq,Si Savafi
364115044,4728767,sq,El Arisah
364115506,4728773,sq,Një Nahiyah
364116199,4728782,sq,Al Manajid
364116430,4728785,sq,alkhayʿ
364116507,4728786,sq,As Safa
364117662,4728801,sq,Ad Day`ah
364119587,4728826,sq,El Karnah el Ulya
364120203,4728834,sq,almdhab
364120588,4728839,sq,Muti`
364120742,4728841,sq,Muti`
364120896,4728843,sq,Bejt el Xhezi
364122205,4728860,sq,El Madman al `Ali
364122590,4728865,sq,`Adan Madfan
364123206,4728873,sq,Taht an Nawbah
364123437,4728876,sq,Al Mahjar
364123591,4728878,sq,Al Mahjar
364123668,4728879,sq,Ra's një Naqil
364123976,4728883,sq,Al Mahall
364124361,4728888,sq,Ash Shujuf
364125054,4728897,sq,Qism al Qatin
364125208,4728899,sq,Qism al Qatin
364125439,4728902,sq,Az Zarafiyah
364125516,4728903,sq,Al Juhrah
364125593,4728904,sq,Ez Zarafijah
364125670,4728905,sq,Al Mabkar
364125824,4728907,sq,Al Hawlayn
364126055,4728910,sq,`Amirah al `Ulya
364126132,4728911,sq,Sharr
364126286,4728913,sq,Shi`b az Zahir
364126363,4728914,sq,El Xhevf si Safil
364126440,4728915,sq,Shi`b ez Zahir
364126594,4728917,sq,Al Majarayn
364126671,4728918,sq,Bayt al ' Ushuq
364126748,4728919,sq,shʿb alʿls
364126825,4728920,sq,Al Mahjan
364126902,4728921,sq,Bayt al Manayis
364127056,4728923,sq,Al Jarrar
364127133,4728924,sq,El Mawsitah
364127210,4728925,sq,Al Jarrar
364127287,4728926,sq,Në Tayarin
364127364,4728927,sq,Al Jujayr
364127441,4728928,sq,Al Majahimah
364127595,4728930,sq,Al Mahallah
364127749,4728932,sq,Al Mahallah
364127903,4728934,sq,Naqil ad Dajri
364127980,4728935,sq,Mu`inah
364128057,4728936,sq,Ash Shahti
364128134,4728937,sq,Adan el Mahall
364128288,4728939,sq,`Adan al Mahall
364128365,4728940,sq,Al Masharib
364128519,4728942,sq,`Adan edh Dhib
364128827,4728946,sq,El Hadabah el Ulya
364128904,4728947,sq,Esh Shi'b el Kabir
364129212,4728951,sq,Al Akamah
364129289,4728952,sq,Ahwal Muthanna
364129366,4728953,sq,El Muaxhalah
364129443,4728954,sq,Ad Dawghah
364129520,4728955,sq,El Muaxhalah
364129597,4728956,sq,Shi'b el Haram
364129674,4728957,sq,Bejt ar Rahub
364129751,4728958,sq,Al Malawiyah
364129828,4728959,sq,khlban
364129905,4728960,sq,Hadd al Badi
364129982,4728961,sq,Jalabah
364130136,4728963,sq,Ar Ra's
364130213,4728964,sq,Al `Ashshah
364130290,4728965,sq,alaswal
364130444,4728967,sq,Shuhrah
364130598,4728969,sq,Shuhrah
364130906,4728973,sq,Hasayah
364130983,4728974,sq,Al Markabah
364131137,4728976,sq,Al Markabah
364131445,4728980,sq,Dar al Marjum
364131522,4728981,sq,Esh Shi`b ad Dakhil
364131599,4728982,sq,Xhebel Merjem
364131676,4728983,sq,As Sawafi
364131984,4728987,sq,shʿb hlal
364132061,4728988,sq,Një Nakhrah
364132831,4728998,sq,El Makbarah
364132985,4729000,sq,hmyan
364133293,4729004,sq,alqyf
364133755,4729010,sq,Al Manzil
364133909,4729012,sq,Al Masharit
364134140,4729015,sq,Al Havajiz
364134217,4729016,sq,Al Karbah
364134294,4729017,sq,`Adan `Amir
364134371,4729018,sq,Bejt ar Rub`
364134448,4729019,sq,Adan Amir
364134525,4729020,sq,El Hukajbe
364134602,4729021,sq,Al Humayra'
364134987,4729026,sq,Ahwal an Nawb
364135526,4729033,sq,alqrantyn
364135603,4729034,sq,Al Karbah al `Ulya
364135680,4729035,sq,almsnan
364135757,4729036,sq,Wadi al Bir
364135988,4729039,sq,Al Kawma`ah
364136065,4729040,sq,Ash Shuwayhitah
364136142,4729041,sq,El Kaumaah
364136219,4729042,sq,Ash Shuwayhitah
364136296,4729043,sq,Shi`b an Najjar
364136373,4729044,sq,Al Murays
364136450,4729045,sq,El Habil el 'Ali
364136527,4729046,sq,Al Murays
364136835,4729050,sq,Al Hamrah
364136989,4729052,sq,Al Hamrah
364137143,4729054,sq,Al Khurfah
364137297,4729056,sq,Adfah
364137374,4729057,sq,El Mij`arah
364137451,4729058,sq,Mawsi`ah
364137759,4729062,sq,Al Akamah
364137836,4729063,sq,Azzah
364137913,4729064,sq,Si Silaq
364137990,4729065,sq,Azzah
364138067,4729066,sq,Mahkar
364138144,4729067,sq,El Musejlim
364138375,4729070,sq,Akamat al Haddadin
364138606,4729073,sq,Esh Shu'ubah
364138683,4729074,sq,Er Roseires
364138914,4729077,sq,Al Hawkalah
364139068,4729079,sq,Makhdarah
364139145,4729080,sq,Al Haram
364139222,4729081,sq,Mashwaq
364139299,4729082,sq,Al Haram
364139453,4729084,sq,Si Sariyah
364139530,4729085,sq,Al Makhabitah
364139607,4729086,sq,Madara
364139684,4729087,sq,Al Makhabitah
364140069,4729092,sq,almsnan
364140223,4729094,sq,Esh Shurafah si Sufla
364140300,4729095,sq,Jahram
364140377,4729096,sq,alamlak
364140454,4729097,sq,Qaryat ad Dar
364140531,4729098,sq,Karjat ad Dakhilah
364140608,4729099,sq,Qaryat ad Dar
364141070,4729105,sq,El Mu`inah
364141224,4729107,sq,alʿrasm alʿlya
364141301,4729108,sq,Al `Arasim as Sufla
364141609,4729112,sq,Az Zawba'ah
364141686,4729113,sq,Al Khulfah
364141763,4729114,sq,Harf al `Amirah
364141917,4729116,sq,Harf el Amirah
364142148,4729119,sq,Al Kurajbah
364142302,4729121,sq,El Kurejbah
364142379,4729122,sq,El Murabba'ah
364142533,4729124,sq,As Suwayq
364143226,4729133,sq,Si Sanafi
364143457,4729136,sq,Al Qu`ah
364143534,4729137,sq,Bayt Hayyan
364143611,4729138,sq,Akamat al `Ajjumi
364143688,4729139,sq,Bayt Hayyan
364143765,4729140,sq,Akamet el Axhumi
364143842,4729141,sq,Bejt al Maliki
364143996,4729143,sq,El Khara'ib
364144843,4729154,sq,El Karajah
364145382,4729161,sq,Jimam esh Shu`ub
364145536,4729163,sq,El Mi`sarah
364145613,4729164,sq,Dhi Hamid
364145767,4729166,sq,Xhebel Miqtar
364145921,4729168,sq,Shura al Wadi
364146460,4729175,sq,Al Jarrar
364146537,4729176,sq,Shi`b as Satta`
364146614,4729177,sq,Al Jarrar
364146691,4729178,sq,Ash Shuqqah
364146768,4729179,sq,`Adan Fajrah
364146845,4729180,sq,Al Mishadah
364146922,4729181,sq,Ash Shawbah
364147076,4729183,sq,Al Madirah
364147615,4729190,sq,Al Makbarah
364148385,4729200,sq,Al `Aridah
364148539,4729202,sq,El Mukaybirah
364148770,4729205,sq,Qubba`at
364148847,4729206,sq,Al Qal`ah
364148924,4729207,sq,Najd ar Ruhub
364149078,4729209,sq,Nexhd ar Ruhub
364149155,4729210,sq,Shi'b el Kabir
364149232,4729211,sq,Al Haymah
364149463,4729214,sq,Ash Shakhdah
364150233,4729224,sq,Si Sawati el Ulya
364150310,4729225,sq,El Hadabah ad Dakhiliyah
364150387,4729226,sq,Al Hadabat al Wasitah
364150541,4729228,sq,Al Musallah
364150618,4729229,sq,Shi'b al Balas
364151157,4729236,sq,Bejt ad Dakhl
364151234,4729237,sq,Nakil el Ikab
364151465,4729240,sq,Al Karbah
364152081,4729248,sq,Një Nadirah
364152620,4729255,sq,Dhi Kashabah
364153005,4729260,sq,Bayt në Tawlaqah
364153929,4729272,sq,Al Wa`rah
364154545,4729280,sq,Dhi Umejje
364154853,4729284,sq,Ar Rajm
364156316,4729303,sq,Al Jirrah
364156393,4729304,sq,Al Hardub
364156470,4729305,sq,Shi'b Abas
364156624,4729307,sq,almqmah
364156701,4729308,sq,Ad Diyamatayn
364157086,4729313,sq,`Adan Humejd
364157394,4729317,sq,Ad Davdahah
364158010,4729325,sq,Al Mahall
364158241,4729328,sq,El Meka'il
364158318,4729329,sq,Nexhd el Masra`
364158395,4729330,sq,Al Jawalib
364158549,4729332,sq,Al Hufrah
364158703,4729334,sq,Al Hufrah
364158780,4729335,sq,El Maqrud
364158934,4729337,sq,Az Zahrah
364159088,4729339,sq,Azzah
364159319,4729342,sq,Al Mahashi'ah
364159473,4729344,sq,El Mahashiah
364159627,4729346,sq,Ahval el Mukajbil
364159781,4729348,sq,Dhi Baqlah
364159858,4729349,sq,Si Sath
364159935,4729350,sq,Al `Adawin
364160089,4729352,sq,El Adawin
364160166,4729353,sq,Sunayd ash Sharqi
364160320,4729355,sq,Sunejd esh Sharqi
364160782,4729361,sq,Al Mahlalah
364160859,4729362,sq,Ez Zuhejr
364160936,4729363,sq,Al Qub`
364161013,4729364,sq,Shi'b `Amir
364161090,4729365,sq,Ad Damdam
364161244,4729367,sq,Si Sandaf
364161321,4729368,sq,Një Nexhdul Ulya
364161398,4729369,sq,\N
364161552,4729371,sq,Al Marafidah
364161629,4729372,sq,El Mihdadah el Ulya
364161783,4729374,sq,almkhfaj
364162014,4729377,sq,Akamat `Abdah
364162091,4729378,sq,Al Mihdadah si Sufla
364162168,4729379,sq,Akamat `Abdah
364162245,4729380,sq,El Mihdade si Sufla
364162322,4729381,sq,Në Turbah
364162399,4729382,sq,Akamat ar Ruhaysh
364162707,4729386,sq,Al Balasinah
364162861,4729388,sq,almabn
364162938,4729389,sq,Një Naqil
364163092,4729391,sq,El Muaxhalah
364163169,4729392,sq,Qaraqir
364163400,4729395,sq,Al Ana
364163477,4729396,sq,Dannah
364163554,4729397,sq,Al `Inwi
364163708,4729399,sq,Al Mikhbar al Asfal
364163785,4729400,sq,Ar Ribat
364163862,4729401,sq,Al Hajafah
364163939,4729402,sq,Ar Ribat
364164016,4729403,sq,Al Hajafah
364164170,4729405,sq,Ra's al Jabal
364164247,4729406,sq,Xhebel Qimash
364164324,4729407,sq,Al Kharabah
364164401,4729408,sq,Al Markiyah
364164478,4729409,sq,Al Kharabah
364164555,4729410,sq,almdrab
364164632,4729411,sq,drʿan
364164709,4729412,sq,\N
364164863,4729414,sq,alahnak
364165017,4729416,sq,El 'Aba'il
364165248,4729419,sq,Al `Aridah
364165325,4729420,sq,Al Mafraq
364165402,4729421,sq,Al `Aridah
364165479,4729422,sq,Al Maglaq
364165633,4729424,sq,`Ard Salih
364165710,4729425,sq,Ad Daym
364165787,4729426,sq,`Ard Salih
364165864,4729427,sq,Jurn el Adan
364165941,4729428,sq,Ad Darb
364166018,4729429,sq,Jurn el Adan
364166095,4729430,sq,Al Mashjanah
364166249,4729432,sq,El Atharibah
364166326,4729433,sq,El Fajrah
364166403,4729434,sq,Al Wat'ah
364166480,4729435,sq,Al Kharuf
364166557,4729436,sq,Dar al Xhebel
364166634,4729437,sq,Al Kharuf
364166711,4729438,sq,Ash Shi`b
364166865,4729440,sq,Hajjar ar Rubadi
364167019,4729442,sq,Hajjar ar Rubadi
364167096,4729443,sq,Al `Aridah
364167173,4729444,sq,Al Akabe
364167327,4729446,sq,Al Nubijah
364167404,4729447,sq,Al Hajaf
364167481,4729448,sq,Shaqab
364167558,4729449,sq,Al Qushub
364167635,4729450,sq,Shakab
364167712,4729451,sq,Si Sawlayn
364167943,4729454,sq,Al Haybah
364168020,4729455,sq,Al Huwayb
364168174,4729457,sq,Al Huvejb
364168251,4729458,sq,Ash Shurf
364168328,4729459,sq,El Mi`sarah el`Ulya
364168405,4729460,sq,Ash Shurf
364168482,4729461,sq,Shihah
364168559,4729462,sq,Al Mi`sarah as Sufla
364168636,4729463,sq,Bayt as Sarhi
364168713,4729464,sq,El Mi`sarah si Sufla
364168790,4729465,sq,Bayt si Sarhi
364168867,4729466,sq,Ar Rajmah
364169021,4729468,sq,El Harsah si Sufla
364169098,4729469,sq,Ash Shurf
364169252,4729471,sq,Ash Shurf
364169329,4729472,sq,Al `Aridah
364169483,4729474,sq,Bayt Khizindar
364169637,4729476,sq,Balas
364169714,4729477,sq,Al Jabbanah
364169791,4729478,sq,Balas
364169945,4729480,sq,Juhb
364170099,4729482,sq,Dar ash Shurf
364170253,4729484,sq,Edh Dhanabah
364170407,4729486,sq,Adh Dhanabah
364170561,4729488,sq,Az Zahrayn
364170715,4729490,sq,Al Akamah
364170869,4729492,sq,Al Akamah
364171100,4729495,sq,Ash Shi`b
364171177,4729496,sq,Ash Shurf
364171254,4729497,sq,alajdal
364171331,4729498,sq,Bejt Nasir
364171485,4729500,sq,alkdf
364171716,4729503,sq,Bayt Salam
364171793,4729504,sq,Bayt Humaydan
364171870,4729505,sq,Al Mashnah
364171947,4729506,sq,Bejt el Ma'la'
364172024,4729507,sq,Al `Ukaiyah
364172178,4729509,sq,El Ukajah
364172255,4729510,sq,Al Qaryah
364172409,4729512,sq,Hisn al Qaryah
364172640,4729515,sq,Ash Shu`ayb
364172871,4729518,sq,Al `Akdah
364172948,4729519,sq,Al Makbarah
364173025,4729520,sq,Al Qufayfah
364173102,4729521,sq,El Makbarah
364173256,4729523,sq,Dhi Sahban
364173333,4729524,sq,Al Ku'ub al Asfal
364173795,4729530,sq,El Anakib
364174334,4729537,sq,Hurayban
364174411,4729538,sq,`Adan al Kubar
364174488,4729539,sq,As Sur
364174873,4729544,sq,Al Qal`ah
364175027,4729546,sq,Al Karafs
364175104,4729547,sq,Al Ja'ah
364175181,4729548,sq,Bejt esh Shuja`
364175489,4729552,sq,Al Hajaf
364175566,4729553,sq,Madarah
364175797,4729556,sq,Ad Dakhlah
364175874,4729557,sq,Esh Shajarah
364175951,4729558,sq,Si Sawadayn
364176413,4729564,sq,El Masna'ah
364176567,4729566,sq,aladbar
364176644,4729567,sq,Ath Thayd
364176721,4729568,sq,Al `Adanah
364176798,4729569,sq,ajdal abrash
364176875,4729570,sq,Ad Diyarah
364176952,4729571,sq,Al Mafadil
364177106,4729573,sq,Al Mij`arah
364177183,4729574,sq,Al Minjadah
364177260,4729575,sq,El Mij`arah
364177491,4729578,sq,Esh Shejt
364177568,4729579,sq,Ash Shu`bat
364177645,4729580,sq,Në Tiwal
364177722,4729581,sq,Samu` as Sufli
364178030,4729585,sq,El Makbarah
364178184,4729587,sq,Ash Shurf
364178338,4729589,sq,Shatwah
364178492,4729591,sq,alʿqam
364178569,4729592,sq,Al Huwaytah
364178646,4729593,sq,Ash Shurf
364178723,4729594,sq,Al Huwaytah
364178800,4729595,sq,Ash Shurf
364178877,4729596,sq,naʿat
364178954,4729597,sq,Hulayn si Sufla
364179031,4729598,sq,Hulejn el Ulja
364179108,4729599,sq,Hulayn si Sufla
364179185,4729600,sq,Në Tewaliqah
364179339,4729602,sq,Shibl as Sufla
364179647,4729606,sq,Al Hajar
364179801,4729608,sq,Al Hajar
364179878,4729609,sq,Sarmah al `Ulya
364179955,4729610,sq,Sarmah si Sufla
364180032,4729611,sq,Al `Aridah as Sufla
364180186,4729613,sq,Një Naqil
364180263,4729614,sq,Al `Aridah
364180340,4729615,sq,Një Naqil
364180417,4729616,sq,Kharshabah
364180571,4729618,sq,Harshabah
364180648,4729619,sq,qrs
364181110,4729625,sq,Az Zahar
364181187,4729626,sq,Ez Zaribah el Ulya
364181264,4729627,sq,Ez Zaribah si Sufla
364181418,4729629,sq,Al Mahjar
364181495,4729630,sq,Ath Thamad
364181649,4729632,sq,Mazar
364181726,4729633,sq,Ash Shurf
364181803,4729634,sq,Mazar
364181880,4729635,sq,Ash Shurf
364181957,4729636,sq,Adh Dhira`
364182111,4729638,sq,Al Karda
364182188,4729639,sq,Al Ma`tan
364182342,4729641,sq,Al Mabkar
364182419,4729642,sq,Ad Dawghah
364182496,4729643,sq,Al `Akdah
364182650,4729645,sq,Al Qufayfah
364182727,4729646,sq,alhrja
364182804,4729647,sq,Al Akamah
364183035,4729650,sq,Sayrah
364183189,4729652,sq,Edh Dhanabah
364183343,4729654,sq,Adh Dhanabah
364183420,4729655,sq,Al Wali
364183497,4729656,sq,Habil al `Ansa
364184267,4729666,sq,Al Quhayfah
364184421,4729668,sq,Al Jirrah
364184498,4729669,sq,Bejt el Fakih
364184575,4729670,sq,Bayt Ghazi
364184729,4729672,sq,Al Mihdadah
364185037,4729676,sq,alasfah
364185191,4729678,sq,Bejt Xhubejr
364185345,4729680,sq,Qabnah
364185499,4729682,sq,Al Hannayah
364185576,4729683,sq,Haul Ebu Salih
364185730,4729685,sq,Bayt Haydar
364185807,4729686,sq,Ad Dayr al A`la
364185884,4729687,sq,Bejt Hajdar
364186038,4729689,sq,Manzil As`ad wa Shi`b
364186115,4729690,sq,Një Nawb
364186192,4729691,sq,Al Mashhad
364186269,4729692,sq,Al Makamid
364186346,4729693,sq,As Salwah
364186423,4729694,sq,Al Makamid
364186500,4729695,sq,Markuz
364186577,4729696,sq,Al Hasabir
364186731,4729698,sq,Ar Ruhub
364186808,4729699,sq,Al Wasirah
364186885,4729700,sq,Al Karbah
364187270,4729705,sq,Az Zarf
364187347,4729706,sq,Bejt 'Ulvan
364187578,4729709,sq,Ar Raxha
364187809,4729712,sq,byt ghsab
364187963,4729714,sq,Al Madba`
364188271,4729718,sq,qtran
364188348,4729719,sq,Shi`b ad Dar
364188425,4729720,sq,Ad Dayyiq
364188502,4729721,sq,Dhi `Ejvam
364189041,4729728,sq,Shi'b el Hud
364189503,4729734,sq,Ez Zahrah si Sufli
364190196,4729743,sq,aljazʿ
364190427,4729746,sq,Ash Shuqrah
364190735,4729750,sq,Bejt 'Ajs
364190812,4729751,sq,El Mashra'ah
364190889,4729752,sq,Al Qahi
364190966,4729753,sq,Ad Dabr
364191043,4729754,sq,Ash Shaqahi
364191120,4729755,sq,Bejt el Hadadin
364191197,4729756,sq,Hisn ash Sharaf
364191505,4729760,sq,Bayt Jayda`
364191582,4729761,sq,Mushejri'ah
364191659,4729762,sq,Bayt Mujammal
364191736,4729763,sq,Shi'b an Namis
364192121,4729768,sq,El Makadih
364192352,4729771,sq,Ez Zahrah el Ulya
364192506,4729773,sq,alwshz
364192583,4729774,sq,Al Quhayfah
364192737,4729776,sq,Al Maghalik
364192814,4729777,sq,Jabrati
364193045,4729780,sq,Al Qabnah
364193122,4729781,sq,Adami
364193199,4729782,sq,alashjʿ
364193276,4729783,sq,Az Zahrayn
364193430,4729785,sq,Al Jubb
364193507,4729786,sq,Në Tahhan
364193738,4729789,sq,Al Hajar
364193815,4729790,sq,Jabal si Sudan
364193892,4729791,sq,Al Hajar
364194431,4729798,sq,Ad Dabri
364194585,4729800,sq,Ad Dabri
364194816,4729803,sq,Bejt Adan
364195663,4729814,sq,Dhi Salm
364196433,4729824,sq,Al Aluj
364196587,4729826,sq,Al Jubub
364196972,4729831,sq,aqwaz alghrab
364197126,4729833,sq,Bejt an Nafil
364197511,4729838,sq,Ra's Kammah
364197588,4729839,sq,El Mi`sarah
364197665,4729840,sq,Thajah
364197819,4729842,sq,Thajah
364199282,4729861,sq,Dilkhushum
364199436,4729863,sq,Wadi Bukayr
364199744,4729867,sq,Zarmah
364200129,4729872,sq,Khizrah
364200206,4729873,sq,Al Jadal
364200360,4729875,sq,Xhebel el Uadi
364200591,4729878,sq,Al Hillah
364200899,4729882,sq,Al Harim
364201284,4729887,sq,Al Mihsan
364201438,4729889,sq,Al Mihsan
364201823,4729894,sq,El Matnah
364201900,4729895,sq,Sharqi an Najari
364201977,4729896,sq,Si Sahal
364202593,4729904,sq,Al U`zub
364202670,4729905,sq,Adh Dhari
364202747,4729906,sq,Di Nimr
364202901,4729908,sq,Di Nimr
364203055,4729910,sq,Në Tinah
364203209,4729912,sq,Hajt el Harf
364203440,4729915,sq,Al Bariq
364203594,4729917,sq,Sablah
364203671,4729918,sq,Ar Rakab
364203748,4729919,sq,Al Marun
364204364,4729927,sq,Haqqar
364204518,4729929,sq,Haqqar
364205134,4729937,sq,Hasal
364205519,4729942,sq,Al Manakh
364205596,4729943,sq,sarwr
364206366,4729953,sq,Ad Diman
364206597,4729956,sq,Bejt el Xhelal
364207059,4729962,sq,Di Masharr
364207136,4729963,sq,Lamdi
364207290,4729965,sq,Mudayrah
364207521,4729968,sq,Mahsubah
364207983,4729974,sq,Xhejrah
364208445,4729980,sq,Al Masrabah
364208753,4729984,sq,Rajmijah
364209754,4729997,sq,Dhi `Usejk
364209831,4729998,sq,ghras
364210524,4730007,sq,Dijamun
364211679,4730022,sq,El Mevthab si Safil
364212141,4730028,sq,`Ayt al Busayli
364213758,4730049,sq,As Sayh
364215683,4730074,sq,El Makbarah
364215760,4730075,sq,Esh Shu'ub el Ali
364215837,4730076,sq,Qa` as Salahi
364216068,4730079,sq,Hawd një Nahari
364218763,4730114,sq,Al Jad`
364220303,4730134,sq,Du Mawdan
364220534,4730137,sq,Jabal `Adan
364220688,4730139,sq,Xhebel Adan
364220842,4730141,sq,Al Kabali
364220996,4730143,sq,Al Kabali
364221073,4730144,sq,Makrudah
364221535,4730150,sq,Al `Unayn
364221843,4730154,sq,Xhebel Mutejhin
364222151,4730158,sq,Al Gharbi
364222844,4730167,sq,Di Jahil
364223691,4730178,sq,Khallat al 'Aqd
364223999,4730182,sq,Hajjat ​​`Aqlan
364224076,4730183,sq,Dhi Jabah
364224461,4730188,sq,Al Magharib
364224615,4730190,sq,El Magharib
364225077,4730196,sq,El Maqrud
364225154,4730197,sq,Al Majarin
364225308,4730199,sq,Al Majarin
364225385,4730200,sq,Medret Fajsal
364225462,4730201,sq,Al Kadshi
364226232,4730211,sq,Al `Uwayd
364226386,4730213,sq,Ubejlah
364226540,4730215,sq,Ubejlah
364227233,4730224,sq,Si Sulul
364227310,4730225,sq,Hadijah
364227695,4730230,sq,Dhu Sa'ninah
364227849,4730232,sq,Mashaqib
364228234,4730237,sq,Rashajn
364228311,4730238,sq,alhys
364228542,4730241,sq,Haswayah
364228696,4730243,sq,Samn
364228850,4730245,sq,Samn
364229004,4730247,sq,Si Sadmah
364229389,4730252,sq,Si Sab`ah
364229928,4730259,sq,Hidrah
364230236,4730263,sq,Al Haqib
364230698,4730269,sq,Al `Aqur
364231237,4730276,sq,Al Manubah
364231314,4730277,sq,Az Zayl
364231391,4730278,sq,Al Manzil
364231622,4730281,sq,Al `Aridah
364231776,4730283,sq,Wadi al Baha'
364232777,4730296,sq,Al Mijannah
364233162,4730301,sq,Si Sulul
364233239,4730302,sq,Shi`b ar Rifa`i
364233393,4730304,sq,Shi`b ar Rifa`i
364233470,4730305,sq,Ad Diman
364233624,4730307,sq,Al Maramid
364235780,4730335,sq,El Mala`ib
364236242,4730341,sq,Di Qayn
364236935,4730350,sq,Hajjat Abiyah
364237320,4730355,sq,Al Kadamah
364237397,4730356,sq,Al Jab
364237936,4730363,sq,ashraf
364238013,4730364,sq,Ad Dahir
364238552,4730371,sq,Xhebel Ibrahim
364239861,4730388,sq,Al Haybah
364240015,4730390,sq,Xhebel 'Urr
364240631,4730398,sq,Sarurah
364240939,4730402,sq,Al Khirbah
364241324,4730407,sq,El Walidah
364241632,4730411,sq,Al Karbah
364241709,4730412,sq,Si Sayla
364241786,4730413,sq,Al Manzar
364241940,4730415,sq,Al Manzar
364242017,4730416,sq,El Maskaf
364242248,4730419,sq,Muhayz
364242325,4730420,sq,Ar Rakb
364242710,4730425,sq,El Miqra'i
364242787,4730426,sq,aljbjab
364242864,4730427,sq,Zahret Umm Umar
364242941,4730428,sq,Ad Dawahi
364243095,4730430,sq,Ad Dawahi
364243249,4730432,sq,Al Qahamish
364243326,4730433,sq,aljbjab
364243403,4730434,sq,Al Haja'if
364243480,4730435,sq,alkhrf
364243711,4730438,sq,Al Mawkirah
364244404,4730447,sq,alʿlaw
364244635,4730450,sq,Al Kawabil
364244789,4730452,sq,Ash Shawb
364244866,4730453,sq,Ash Shaqahi
364244943,4730454,sq,Kawlat ash Shu`aybah
364245097,4730456,sq,Kawlat esh Shuajbe
364246021,4730468,sq,Shi`b Maq`am
364246252,4730471,sq,El Eshush
364246406,4730473,sq,shʿb mqtar
364246560,4730475,sq,Al Ujayn
364246637,4730476,sq,Ar Rakb
364246714,4730477,sq,Hisn al Qaryah
364246868,4730479,sq,El Marza'ah
364247099,4730482,sq,Al Muhayrah
364247176,4730483,sq,Harf ad Dab`
364247484,4730487,sq,Bejt Buhejr
364247561,4730488,sq,ryban
364247715,4730490,sq,Rakhmah
364248716,4730503,sq,alqays
364248870,4730505,sq,Si Sabrah
364249024,4730507,sq,Ra's një Naqil
364249178,4730509,sq,Shubranets
364249332,4730511,sq,Al Misbanah
364249563,4730514,sq,Shi'b al Hina'
364249640,4730515,sq,Zahrat Avdeh
364249871,4730518,sq,Ash Shazbi
364250256,4730523,sq,Dhi Hujayb
364250410,4730525,sq,Al Ja'shishah
364250564,4730527,sq,Zahrat Rashid
364250641,4730528,sq,Warakh
364250872,4730531,sq,Mafkhutah
364251026,4730533,sq,qrhan
364251103,4730534,sq,Hanafah
364251257,4730536,sq,Saran
364251411,4730538,sq,El Ma`qil
364251488,4730539,sq,Bani esh Shi`ri
364251642,4730541,sq,Beni el Ash`ur
364251719,4730542,sq,Ad Dali`
364251796,4730543,sq,Al Maqatinah
364251873,4730544,sq,Ad Dakhlah
364251950,4730545,sq,El Maqatinah
364252027,4730546,sq,Hayrah
364252104,4730547,sq,dhalmthl
364252181,4730548,sq,Al Khashabah
364252258,4730549,sq,Mashra'ah
364252489,4730552,sq,Wadi Asad
364252797,4730556,sq,\N
364253028,4730559,sq,sarat
364253182,4730561,sq,Bejt el Fakih
364253259,4730562,sq,Një Nafazi
364253490,4730565,sq,Madar
364253952,4730571,sq,shʿb zyad
364254029,4730572,sq,Nuh
364254106,4730573,sq,Al `Aridah
364254183,4730574,sq,Nuh
364254337,4730576,sq,alhtk
364254722,4730581,sq,Satwah
364254876,4730583,sq,Juman
364254953,4730584,sq,Al ' Alafiqi
364255107,4730586,sq,Al Manarah
364255184,4730587,sq,Al Qasabah
364255338,4730589,sq,Al Hadabah
364255415,4730590,sq,Nu`man si Sufla
364255492,4730591,sq,El Maskaf
364255569,4730592,sq,Al `Adanah
364255723,4730594,sq,Al Jabbanah
364255800,4730595,sq,Si Sa`asi`
364255954,4730597,sq,El Muharrem
364256031,4730598,sq,Jildah
364256570,4730605,sq,nʿman alʿlya
364256724,4730607,sq,El Hissah
364256801,4730608,sq,Al `Arisah
364257032,4730611,sq,Khaydaban Jawalib
364257186,4730613,sq,Hajdaban Xhevalib
364257571,4730618,sq,As Sarahiyah
364257648,4730619,sq,Zahratul Adan
364258033,4730624,sq,Sana'
364258110,4730625,sq,Ash Shu`aybah
364258187,4730626,sq,Ra's al Wadi
364258264,4730627,sq,Al Kabah
364258341,4730628,sq,Ra's al Wadi
364258418,4730629,sq,Al Kabah
364258649,4730632,sq,Shawkah
364258880,4730635,sq,Al Haybah
364258957,4730636,sq,Al Haqari
364259034,4730637,sq,Al Hashashi
364259111,4730638,sq,byt alʿsar
364259188,4730639,sq,Al Hadiyah
364259265,4730640,sq,Qaraqir
364259342,4730641,sq,Al Karathi
364259496,4730643,sq,Al Karathi
364259650,4730645,sq,Si Salbah
364259727,4730646,sq,Zahrat al Wali
364259804,4730647,sq,Bejt ar Rawnah
364259881,4730648,sq,Zahrat al Wali
364260112,4730651,sq,Një Nadirah
364260266,4730653,sq,Një Nadirah
364260343,4730654,sq,Al Qubba`ah
364260497,4730656,sq,Al Quhayfah
364260651,4730658,sq,Al Jidrah
364260805,4730660,sq,Barak si Salb
364260882,4730661,sq,El Masna'ah
364260959,4730662,sq,Barak si Salb
364261036,4730663,sq,Al Hawamir
364261113,4730664,sq,Kahid
364261267,4730666,sq,Kahid
364261652,4730671,sq,shʿb thwban
364261806,4730673,sq,Kambal
364262037,4730676,sq,El Mirba'ah
364262268,4730679,sq,Bejt Hajvah
364262422,4730681,sq,Nexhd Sahib
364262730,4730685,sq,Bejt Darim
364262807,4730686,sq,albnaʾ
364263115,4730690,sq,Al Mikrab
364263192,4730691,sq,Ra's një Naqil
364263269,4730692,sq,Ar Rabadi
364263346,4730693,sq,Jahamah
364263577,4730696,sq,Al Habil si Safil
364263731,4730698,sq,El Habil si Safil
364263808,4730699,sq,Al Quhaym si Safil
364263962,4730701,sq,Bayt an Nakhlani
364264039,4730702,sq,El Kuhajm el 'Ali
364264116,4730703,sq,Bejt an Nakhlani
364264578,4730709,sq,Khaydaban
364264732,4730711,sq,Khajdaban
364264963,4730714,sq,Al Hasharif
364265117,4730716,sq,Shi`b në Ta`ami
364265194,4730717,sq,Mijran edh Dhira`
364265348,4730719,sq,Al Qasabah
364265656,4730723,sq,alajlam
364265733,4730724,sq,Në Tayyar
364265810,4730725,sq,Ar Rijade
364265887,4730726,sq,Al Qubbah
364266118,4730729,sq,Ash Shu`ayb
364266195,4730730,sq,Taraf ez Zahrah
364266426,4730733,sq,Al Lamis
364266503,4730734,sq,Al Karif
364266580,4730735,sq,Humaydan
364266734,4730737,sq,Humejdani
364266965,4730740,sq,`Adan Shaybal
364267042,4730741,sq,Maqhar
364267119,4730742,sq,Safa si Sufla
364267196,4730743,sq,Vadi el Musejnaah
364267273,4730744,sq,`Aqd
364267504,4730747,sq,`Urwah
364267658,4730749,sq,Az Zawahir
364267735,4730750,sq,Nexhdul Ka`zi
364267812,4730751,sq,Al Kharabah
364268274,4730757,sq,Ni`b
364268505,4730760,sq,`Asran
364268659,4730762,sq,Ar Rajmah
364268813,4730764,sq,Harisa
364268890,4730765,sq,El Mihdadah
364268967,4730766,sq,Al Maghribi
364269044,4730767,sq,dar qrwash
364269121,4730768,sq,El Maghribi
364269198,4730769,sq,Qasami si Sufli
364269352,4730771,sq,Kasami si Sufli
364269429,4730772,sq,As Safa' al `Ulya
364269506,4730773,sq,Bayt ash Shalif
364269583,4730774,sq,Si Safa' al 'Ulya
364269660,4730775,sq,Bejt ash Shalif
364269814,4730777,sq,Dar al Xhebel
364269891,4730778,sq,Al Hamrah
364270199,4730782,sq,Al `Atawa
364270507,4730786,sq,Dhi Hassan
364270661,4730788,sq,Dhi Hassan
364270738,4730789,sq,Al Hajabah
364270969,4730792,sq,Al Hajafah
364271046,4730793,sq,Wasat al Qaryah
364271123,4730794,sq,Ghamamah
364271200,4730795,sq,Al Farjadi
364271431,4730798,sq,Ad Dawali`
364271508,4730799,sq,Dhi Shubayli
364271585,4730800,sq,Ad Daali`
364271662,4730801,sq,Dhi Shubejli
364271893,4730804,sq,Shi'b ad Daba'
364271970,4730805,sq,Ar Rafd
364272047,4730806,sq,Al Majal
364272124,4730807,sq,Ar Rammanah
364272201,4730808,sq,Saham
364272278,4730809,sq,Az Zahirah
364272432,4730811,sq,Qarn ash Sharah
364272586,4730813,sq,Al Habil
364272663,4730814,sq,alqyl
364272817,4730816,sq,Al Ma`nan
364272894,4730817,sq,Al Khadra'
364272971,4730818,sq,Al Manan
364273202,4730821,sq,El Muharrem
364273510,4730825,sq,almʿshash
364273587,4730826,sq,Al Basra
364273664,4730827,sq,Al Kadaf
364273741,4730828,sq,Al Basrah
364273818,4730829,sq,Bayt Muhammad Zayn
364273895,4730830,sq,Mëhallati `Ali Jusuf
364273972,4730831,sq,Dayr al Hayjah
364274049,4730832,sq,Baswah
364274126,4730833,sq,Adh Dhanab
364274203,4730834,sq,Baswah
364274280,4730835,sq,Mahall Sha`uf
364274665,4730840,sq,Mahall ' Ali
364274742,4730841,sq,Dayr az Zayn
364274819,4730842,sq,El Muamar
364274896,4730843,sq,Dayr az Zeyn
364275050,4730845,sq,Qawfash
364275204,4730847,sq,Mahall Sarah
364275358,4730849,sq,Mahall Wuhan
364275435,4730850,sq,Bayt Watit
364275512,4730851,sq,Al Mukhtafi
364275589,4730852,sq,Al Humr
364275666,4730853,sq,El Mukhtafi
364276436,4730863,sq,Mahall Bustan
364276667,4730866,sq,Beni el Adabi
364276821,4730868,sq,Sawt al `Arab
364276898,4730869,sq,Buyut Suvejd
364276975,4730870,sq,Sawt al `Arab
364277052,4730871,sq,Buyut Ahmad Khamis
364277283,4730874,sq,Bejt Dala`
364277437,4730876,sq,Ash Shi`b
364277591,4730878,sq,Ash Shi`b
364278438,4730889,sq,Muxharab Jarad
364278669,4730892,sq,Bejt 'Abd Allah Bashir
364278823,4730894,sq,Bejt 'Abd Allah Bashir
364279131,4730898,sq,Dairat Beni Hadi
364279362,4730901,sq,`Araf
364279439,4730902,sq,Ar Rawgh al Asfal
364279593,4730904,sq,Shi`b al Mawz
364279747,4730906,sq,El Mawaqirah
364279901,4730908,sq,almʿsad
364280209,4730912,sq,almhmaʾ
364280363,4730914,sq,Al Hanxherah
364280440,4730915,sq,mlhan
364280517,4730916,sq,Bejt el Hajxh
364281749,4730932,sq,Esh Shamla el A`la
364281826,4730933,sq,Ash Shamla al Asfal
364282134,4730937,sq,Hadit ad Darah
364282519,4730942,sq,Një Nasirah
364282596,4730943,sq,Kawlat al Maqtal
364282981,4730948,sq,Ad Dahl
364283828,4730959,sq,Ad Damirah
364284290,4730965,sq,Al 'Ala'
364284367,4730966,sq,alarbaʿ
364284598,4730969,sq,Ar Rahbijah
364284752,4730971,sq,Ar Rahbiyah
364285753,4730984,sq,Ath Thawjan
364286215,4730990,sq,Dhira` esh Shawata
364286446,4730993,sq,Ash Shurukh
364286908,4730999,sq,almshaq
364286985,4731000,sq,Vajrat Umniyah
364287216,4731003,sq,Wadi ash Shabak
364287370,4731005,sq,El Mahafir
364287678,4731009,sq,Al Lamhil al `Ali
364287986,4731013,sq,Beni en Nexhari
364288063,4731014,sq,Al Gharbi
364288448,4731019,sq,alkwr
364288525,4731020,sq,dhraʿ aljbal
364288602,4731021,sq,Bejt el Matari
364288833,4731024,sq,El Armumah
364289141,4731028,sq,Wadi ash Shahili
364289526,4731033,sq,El Maqtal
364289603,4731034,sq,Al Labiyah
364289680,4731035,sq,alqshab
364289911,4731038,sq,Al Fasil
364290219,4731042,sq,Akam në Tays
364290296,4731043,sq,almhsab
364290604,4731047,sq,Ash Shami
364290758,4731049,sq,Xhebel Hadad
364290835,4731050,sq,tfyan
364291066,4731053,sq,alqrby
364291374,4731057,sq,Al Hawiyah
364291528,4731059,sq,alqshab
364291682,4731061,sq,Dakhnah
364291836,4731063,sq,Akam Ebu Shuajre
364291913,4731064,sq,Al Hamra'
364291990,4731065,sq,Az Zahar
364292067,4731066,sq,Al Magribah
364292144,4731067,sq,Al Xhamilijah
364292298,4731069,sq,Kawlat si Sadah
364292375,4731070,sq,alʿlaya
364292452,4731071,sq,Bejt Nafi`
364292529,4731072,sq,albtn
364292606,4731073,sq,Shi`b al Ghurabi
364292683,4731074,sq,Në Tiwal
364292760,4731075,sq,Shi`b al Ghurabi
364292837,4731076,sq,Bejt Salim
364292991,4731078,sq,Bejt el Abdali
364293299,4731082,sq,Al Halamah
364293376,4731083,sq,Bejt el Waraqi
364293530,4731085,sq,Al Maqbul
364293684,4731087,sq,Al Lamhil al `Ali
364293915,4731090,sq,byt alkhald
364294069,4731092,sq,Al Qataba
364294146,4731093,sq,Al Gharbi
364294300,4731095,sq,Al Gharbi
364294377,4731096,sq,Ghab si Suq
364294531,4731098,sq,Wadi Rahhal
364294608,4731099,sq,Al Gharbi
364294685,4731100,sq,Kawlat Qarawit
364294762,4731101,sq,Al Gharbi
364294916,4731103,sq,Wadi Mutahhar
364295147,4731106,sq,alqryaʾ
364295378,4731109,sq,Si Saru
364295532,4731111,sq,Al Lajij
364295609,4731112,sq,Al Hudur
364295686,4731113,sq,Në Taraf
364295763,4731114,sq,Al Qarib
364295840,4731115,sq,Ad Damdum
364295917,4731116,sq,Al Qasha`ah
364296148,4731119,sq,Al Khanan
364296610,4731125,sq,Esh Sha'ib
364296687,4731126,sq,Huwayjah
364296841,4731128,sq,Ash Sharqi
364297226,4731133,sq,Al Kayyal
364297380,4731135,sq,Az Zawagh
364298150,4731145,sq,Dayr al ' Asal
364298227,4731146,sq,Al Qal`ah
364298304,4731147,sq,Al Karata
364298458,4731149,sq,rhban
364298612,4731151,sq,El Mi`zab
364298689,4731152,sq,Al Markun
364299151,4731158,sq,alkrsh
364299536,4731163,sq,Wadi al Kadim
364299844,4731167,sq,albnaʾ
364299921,4731168,sq,shʿb alhlah
364300152,4731171,sq,hysan
364300229,4731172,sq,Shi`b Sud
364300383,4731174,sq,Xhebel Qallut
364300999,4731182,sq,Al Minxharah
364301076,4731183,sq,Al Jallah
364301153,4731184,sq,Zahr al Hammar
364301230,4731185,sq,Al Mazbar
364301307,4731186,sq,Al Madraji
364301384,4731187,sq,Al Maqta`
364301461,4731188,sq,Al Matarih
364301538,4731189,sq,Al Marbad
364301615,4731190,sq,Al Matarih
364301692,4731191,sq,Al Haddad
364301769,4731192,sq,Ash Sha`aliyah
364301923,4731194,sq,Esh Sha`aliyah
364302000,4731195,sq,alkhms
364302077,4731196,sq,Shajwah
364302154,4731197,sq,Al Jazirah
364302231,4731198,sq,Bayt Khizindar
364302616,4731203,sq,Xhehal Xhamil
364302693,4731204,sq,Shu'ub al Ball
364302847,4731206,sq,Si Sil`ah
364303386,4731213,sq,Kaud el Hak
364303463,4731214,sq,qlʿt alajzaf
364304002,4731221,sq,almkhwat
364304079,4731222,sq,Bajir
364304926,4731233,sq,Al Matayin
364305080,4731235,sq,Al Mazaff
364305157,4731236,sq,Al Ghawit
364305234,4731237,sq,Fuhajkah
364305311,4731238,sq,Qal`at al `Ashshah
364305465,4731240,sq,Ar Rafsah as Sufla
364305542,4731241,sq,Al Madar
364305619,4731242,sq,Al Mujawir
364305696,4731243,sq,El Makhdur
364305773,4731244,sq,Al Muhim
364306081,4731248,sq,Al Qal`ah
364306389,4731252,sq,Suq al Hajjah
364306543,4731254,sq,`Arish ad Dar
364306697,4731256,sq,`Arish ad Dar
364306774,4731257,sq,Adh Dhari
364307005,4731260,sq,Ad Dil`ah
364307159,4731262,sq,Al Karawi
364307544,4731267,sq,byt almdar
364307621,4731268,sq,Xhebel esh Shubejkeh
364307698,4731269,sq,Al Haymah
364308314,4731277,sq,Al Midla`
364308622,4731281,sq,Adh Dhari
364308776,4731283,sq,Bejt në Tavf
364309777,4731296,sq,Dhi ad Darb
364309854,4731297,sq,alkhwar
364310008,4731299,sq,Al Junfur al A`la
364310085,4731300,sq,Al Hayarah
364310162,4731301,sq,El Xhunfur el A`la
364310470,4731305,sq,En Nayd al A`la
364310855,4731310,sq,Al Qal`ah
364310932,4731311,sq,Bani Manawis
364311317,4731316,sq,El Kharijiyah
364311625,4731320,sq,Al Masharib
364311933,4731324,sq,Bejt Kaba'il
364313550,4731345,sq,Bayt al ' Urayji
364313627,4731346,sq,shʿb nasr
364313704,4731347,sq,shʿb thamr
364314243,4731354,sq,Dhu `Alayyan
364314320,4731355,sq,Al Masharib
364314397,4731356,sq,Wadi al `Urqub
364314628,4731359,sq,El Ulu
364315090,4731365,sq,Ad Daghmah
364315244,4731367,sq,Si Simar
364315706,4731373,sq,Al Baqilah
364316091,4731378,sq,Xhebali si Selam
364316476,4731383,sq,Ash Sharqiyah
364316553,4731384,sq,Ash Shabiri
364316630,4731385,sq,albyan
364316707,4731386,sq,Udhr
364316861,4731388,sq,`Udhrit
364316938,4731389,sq,Al Jallah
364317092,4731391,sq,Al `Alim
364317169,4731392,sq,Shi`b Khayri
364317246,4731393,sq,El Maz`at
364317323,4731394,sq,Habil al Wazi`
364317400,4731395,sq,dbran
364317554,4731397,sq,Al Hasami
364317708,4731399,sq,Siç tha Sa`idi
364317939,4731402,sq,alʿqar
364318093,4731404,sq,Si Safijah
364318247,4731406,sq,Shawqabah
364318401,4731408,sq,alqrʿa
364318478,4731409,sq,Ar Riwayah
364318555,4731410,sq,Al Kasah
364318632,4731411,sq,Al Khirshamah
364318786,4731413,sq,Al Khirshamah
364319248,4731419,sq,Safirah
364319325,4731420,sq,Al Haymah
364319402,4731421,sq,Al `Arzah
364319633,4731424,sq,Al Jarubah
364319710,4731425,sq,Wadi Khatim
364319787,4731426,sq,Al Jarubah
364320095,4731430,sq,Funun
364320326,4731433,sq,Al Ka`mum
364320634,4731437,sq,Si Sab`in
364320711,4731438,sq,Ajwan
364320788,4731439,sq,Al Maqraniyah
364320865,4731440,sq,Wadi al `Arj
364320942,4731441,sq,Zahr as Salam
364321019,4731442,sq,Wadi el `Arj
364321096,4731443,sq,Zahr si Selam
364321250,4731445,sq,shʿb tahr
364321327,4731446,sq,Zahr Jarad
364321635,4731450,sq,Al Khabil
364321866,4731453,sq,Al Malkadah
364322405,4731460,sq,El Mahall al A`la
364322559,4731462,sq,almqfal
364322713,4731464,sq,Bin Kumejt
364322867,4731466,sq,Zafal
364323252,4731471,sq,Al Milah
364323483,4731474,sq,Al Madhkur
364323637,4731476,sq,Al Madhkur
364323714,4731477,sq,Gharib `Umaysh
364323868,4731479,sq,Gharib `Umejsh
364324022,4731481,sq,Al Maramid
364324176,4731483,sq,El Iyarah
364324715,4731490,sq,Al Markun
364324869,4731492,sq,As Sawani`
364324946,4731493,sq,Ad Dimnah
364325023,4731494,sq,As Sawani`
364325100,4731495,sq,Ad Dimnah
364325947,4731506,sq,albazkh
364326332,4731511,sq,Duwayh
364326563,4731514,sq,Wadi al Bir al Asfal
364326640,4731515,sq,Ghallat al Jurb
364326717,4731516,sq,Jawwash
364326871,4731518,sq,Jawwash
364327256,4731523,sq,Ad Darb
364327410,4731525,sq,Ad Darb
364327487,4731526,sq,El Makbarah
364327564,4731527,sq,Kharab Qa`shush
364328411,4731538,sq,Si Sablah
364328642,4731541,sq,shʿb khrban
364328719,4731542,sq,Ad Dimnah
364328796,4731543,sq,Zahr si Saghir
364328950,4731545,sq,Zahr si Saghir
364329566,4731553,sq,Jaws al Matari
364329643,4731554,sq,Tremseh
364330105,4731560,sq,Khafishah
364330259,4731562,sq,El Hixhre
364330336,4731563,sq,Esh Shurayj
364330644,4731567,sq,Kal'at si Sawda'
364330952,4731571,sq,Al Jabhah
364331106,4731573,sq,Al Mabkar
364331183,4731574,sq,Al Munifah
364331414,4731577,sq,El Xhabirah
364331568,4731579,sq,Khurj
364331645,4731580,sq,Kabrul Kal`ah
364331722,4731581,sq,Khurj
364331953,4731584,sq,Bejt Manavis
364332107,4731586,sq,alqtbaʾ
364332184,4731587,sq,Ad Dabrah
364332723,4731594,sq,Al Akabe
364333801,4731608,sq,As Sahl
364333878,4731609,sq,Qawd al ' Aqabah
364334263,4731614,sq,Al Maktab
364334340,4731615,sq,Al Jama'im
364334417,4731616,sq,El Musejni'ah
364334802,4731621,sq,Zulumah
364335341,4731628,sq,Ash Shurf
364335418,4731629,sq,Majran el Hadidi
364335649,4731632,sq,Ad Dimneh ue el Karif
364336265,4731640,sq,Al I`mar
364336342,4731641,sq,Al Masbah
364336496,4731643,sq,El Musejni'ah ue el Marad
364336573,4731644,sq,Lajj el Madafin
364336804,4731647,sq,Lajj si Sadah
364337189,4731652,sq,Ez Zaavije
364337266,4731653,sq,Bayt ad Dabis
364337574,4731657,sq,Ar Rawha'
364337651,4731658,sq,Adh Dhari
364337805,4731660,sq,Adh Dhari
364338036,4731663,sq,Al Haluq
364338190,4731665,sq,Al Haluk
364338344,4731667,sq,As Sahl
364338498,4731669,sq,Al Kadamah
364338575,4731670,sq,Qanza`
364338652,4731671,sq,Al Kharabah
364338729,4731672,sq,alkdm
364338960,4731675,sq,Wadi `Awam
364339037,4731676,sq,Në Tarifah
364339191,4731678,sq,Ar Rukub
364339345,4731680,sq,byt alkhrab
364339422,4731681,sq,shl shʿlan
364339730,4731685,sq,Al Hariz
364339884,4731687,sq,aljlbah
364339961,4731688,sq,Al Gharbi
364340038,4731689,sq,As Suq
364340192,4731691,sq,Er Ruxhmah el Ulya
364340269,4731692,sq,Buras
364340346,4731693,sq,As Sahl
364340423,4731694,sq,bwras
364340654,4731697,sq,Al Kaah
364340962,4731701,sq,Zahr el Utbah
364341039,4731702,sq,Al Hadan
364341193,4731704,sq,Al Qafil ash Shami
364341270,4731705,sq,Al Qafil el Yamani
364341347,4731706,sq,Wadi Qasim
364341501,4731708,sq,Ad Darah
364341655,4731710,sq,Al Mashrafah
364341963,4731714,sq,Al `Awshah
364342271,4731718,sq,Si Saru
364342348,4731719,sq,mqdam
364342425,4731720,sq,As Salabah
364342502,4731721,sq,Al Majil
364342579,4731722,sq,Ash Shu`aybah
364342656,4731723,sq,Al `Atanah
364342733,4731724,sq,Al Makarith
364343041,4731728,sq,Në Taffah
364343195,4731730,sq,Bejt ash Shami
364343349,4731732,sq,Al Mathawi
364343580,4731735,sq,Bejt al Ha'it
364343657,4731736,sq,Al Jabiriyah
364344119,4731742,sq,Bejt ash Shami
364344427,4731746,sq,Al Mabrak
364344504,4731747,sq,Dayr Jarad
364344735,4731750,sq,El Hajavirah
364345043,4731754,sq,Suq Hajar
364345120,4731755,sq,Mejil Buhejr
364345428,4731759,sq,El Vakhi
364345659,4731762,sq,almʿraj
364345736,4731763,sq,Ash Shuwami
364345890,4731765,sq,Ash Shuwami
364346121,4731768,sq,El Marajiq
364346198,4731769,sq,Ar Ruxhmah
364346275,4731770,sq,byt ghrab
364346352,4731771,sq,Ar Ruxhmah
364346429,4731772,sq,Ash Shatt
364346891,4731778,sq,El Magharib
364347045,4731780,sq,Al Waqab
364347122,4731781,sq,Adh Dhari
364347199,4731782,sq,Adh Dhib
364347507,4731786,sq,Ash Shi`b
364347661,4731788,sq,Al Khashabah
364347815,4731790,sq,Ar Rukn
364347969,4731792,sq,Dijam el Udhra
364348046,4731793,sq,Wadi Bin Dhib
364348431,4731798,sq,El Makfijah
364348508,4731799,sq,Një Nautah
364348739,4731802,sq,Al Gharbi
364348816,4731803,sq,Al Habil
364348893,4731804,sq,As Sahl
364349432,4731811,sq,Karawi al Mashya`
364349740,4731815,sq,Radah
364349971,4731818,sq,Bejt el Xhahimi
364350125,4731820,sq,Bejt el Xhahimi
364350279,4731822,sq,Mahall Bani Mansur
364350356,4731823,sq,El Atmah
364350433,4731824,sq,Mahall Bani Mansur
364350510,4731825,sq,Bayt Khizindar
364350895,4731830,sq,alhwaj
364350972,4731831,sq,Al Hadan
364351049,4731832,sq,Bejt Muxhammal
364351203,4731834,sq,Bayt `Itaf
364351280,4731835,sq,Sharqi el Hadd
364351357,4731836,sq,Sahl al Hamrah
364351511,4731838,sq,Sahl el Hamrah
364351819,4731842,sq,Al Jamayim
364351896,4731843,sq,Bejt el Kasabah
364351973,4731844,sq,Ash Shajinah
364352281,4731848,sq,Al Bahsah
364352358,4731849,sq,Ash Sharjah
364352435,4731850,sq,Al Madarimah
364352589,4731852,sq,Ar Ra's
364352666,4731853,sq,Al Haqafir
364352743,4731854,sq,Ar Ra's
364352897,4731856,sq,Al Wa`rah
364352974,4731857,sq,Qa` si Suq
364353282,4731861,sq,At Tarif
364353359,4731862,sq,Wadi as Sa`u
364353667,4731866,sq,Ez Zukajka
364353975,4731870,sq,Al Khamaj
364354052,4731871,sq,Dimnat el Afiyah
364354206,4731873,sq,Bani Sud
364354283,4731874,sq,Al Akabe
364354360,4731875,sq,Al Ahmar
364354514,4731877,sq,Jawf Lahib
364354668,4731879,sq,Jawf Lahib
364354745,4731880,sq,Humar si Sadah
364354899,4731882,sq,Shawk
364355053,4731884,sq,Al Mathrad
364355130,4731885,sq,Al Mashrab
364355207,4731886,sq,Masilat Khamsin
364355284,4731887,sq,Al Mashrab
364355361,4731888,sq,Ebu Imam el Ulya
364355438,4731889,sq,alʿwjaʾ
364355515,4731890,sq,Ash Sharsi al A`la
364355669,4731892,sq,Esh Sharsi el A`la
364355977,4731896,sq,Al Mahlalah al `Ulya
364356054,4731897,sq,Ar Rafsah
364356131,4731898,sq,Al Mahdurah
364356208,4731899,sq,Al Lawhah
364356285,4731900,sq,Al `Aqam
364356362,4731901,sq,Al `Awahimah
364356439,4731902,sq,Ar Rafsah as Sufla
364356516,4731903,sq,El Awahimeh
364356593,4731904,sq,Al Jahwah
364356747,4731906,sq,Al Jahwah
364356901,4731908,sq,Zuhur Rajih
364356978,4731909,sq,Wahan
364357055,4731910,sq,Ar Rafi` al Janubi
364357132,4731911,sq,Al Kadamah
364357209,4731912,sq,Ar Rafi` el Janubi
364357286,4731913,sq,Al Jabhah
364357440,4731915,sq,El Bajlijah
364357517,4731916,sq,Al Makasirah
364357594,4731917,sq,El Uruk
364357671,4731918,sq,Alyasah
364357748,4731919,sq,Al Hawasilah
364357825,4731920,sq,Alyasah
364357902,4731921,sq,Al Haddad
364358056,4731923,sq,Al Latiyah
364358133,4731924,sq,Al Mansurah
364358210,4731925,sq,Al Latiyah
364358287,4731926,sq,Ez Zahajinah
364358595,4731930,sq,aljrbaʾ
364358672,4731931,sq,alhqam
364358903,4731934,sq,Mahall Ja'l
364358980,4731935,sq,Bani Farhan
364359057,4731936,sq,Adh Dhahbaniyah
364359365,4731940,sq,Qal'at Jamil
364359596,4731943,sq,As Sahl
364359904,4731947,sq,Bani al Makhtar
364360289,4731952,sq,Al Mahjar
364360443,4731954,sq,Ad Dahlah
364360674,4731957,sq,Bayt Ma`lif
364360751,4731958,sq,Al Hillah
364360905,4731960,sq,Al Jirfah
364360982,4731961,sq,Al Jarmah
364361136,4731963,sq,Al `Arshah
364361213,4731964,sq,Ad Darb
364361290,4731965,sq,Al Muqir
364361367,4731966,sq,Al Qara`iyah
364361444,4731967,sq,Al Muqir
364361521,4731968,sq,Al Kara'iyah
364361598,4731969,sq,Ash Sharaqi
364361752,4731971,sq,Ash Sharaqi
364362060,4731975,sq,alhdayaʾ
364362214,4731977,sq,Al Malhamah
364362291,4731978,sq,Al Kansar
364362445,4731980,sq,Al Kansar
364362830,4731985,sq,Havamir el Xhubejriyah
364362907,4731986,sq,Bani Ra`wan
364363061,4731988,sq,Beni Ra`van
364363138,4731989,sq,Shu`bat Jahja Ali
364363523,4731994,sq,Xhurejshët
364363600,4731995,sq,Al Mujawwar
364363677,4731996,sq,Al Hasak
364363754,4731997,sq,Al Mujavwar
364364062,4732001,sq,Al Khirshamah
364364909,4732012,sq,Shu'bat në Tayrah
364364986,4732013,sq,Al Maramid
364365140,4732015,sq,zhr alwast
364365294,4732017,sq,Në Talak
364365371,4732018,sq,Habil Mashqur
364365525,4732020,sq,Al Midbar al Marsaf
364365602,4732021,sq,shʿb alʿraj
364366449,4732032,sq,Al Hattani
364366603,4732034,sq,Al Hattani
364366911,4732038,sq,Ad Dahlah
364367450,4732045,sq,Shi`b an Nawb
364367912,4732051,sq,Esh Shuj`ah
364368374,4732057,sq,Wadi al Mu`in
364368759,4732062,sq,Zahr al Marwa
364369375,4732070,sq,El Hurkah
364369452,4732071,sq,Al 'Akash
364369606,4732073,sq,Ad Dani`i
364369760,4732075,sq,Al Jaw'
364369837,4732076,sq,Saran
364369914,4732077,sq,Al Jaw'
364370684,4732087,sq,Wadi Faraj
364370838,4732089,sq,Wadi Faraj
364371300,4732095,sq,Al Qassah
364371531,4732098,sq,Al Masahil
364371608,4732099,sq,Kal'et esh Sharif
364371839,4732102,sq,Al Madafin
364372224,4732107,sq,Ka'idet Beni el Jemani
364372378,4732109,sq,Si Sanam
364372609,4732112,sq,Ar Radh
364372686,4732113,sq,Al Xhurfah
364372840,4732115,sq,khshm
364373071,4732118,sq,Al Khirshamah
364373764,4732127,sq,Zahr si Saghir
364373841,4732128,sq,Al `Awshah
364374149,4732132,sq,Kutu` Mahawim
364374380,4732135,sq,Gharib si Saq
364374611,4732138,sq,Qutu` Mahawim
364374688,4732139,sq,khrab zbl
364374842,4732141,sq,Wadi Matir
364375073,4732144,sq,Bani Sawlan
364375150,4732145,sq,Al Maru
364375304,4732147,sq,zhr alqysh
364375535,4732150,sq,Zahab Faraj
364375689,4732152,sq,Al Badah
364375766,4732153,sq,El Maqdhulah si Sufla
364376305,4732160,sq,Al Mal`ab
364376459,4732162,sq,Batirah
364376613,4732164,sq,Batirah
364377075,4732170,sq,Beni Qinmah
364377306,4732173,sq,Beni Zaid el Asfal
364377383,4732174,sq,Ash Shurf
364377691,4732178,sq,El Kufejsh
364377845,4732180,sq,Bani Hibah
364378076,4732183,sq,Habil ad Dawlah
364378230,4732185,sq,Al Matarijah
364378384,4732187,sq,Al Matarijah
364378538,4732189,sq,Qanza`
364378692,4732191,sq,Qanza`
364379154,4732197,sq,Bejt Khamis
364379231,4732198,sq,Ghawbar
364379308,4732199,sq,alhqr
364379385,4732200,sq,Ash Sharqi
364379539,4732202,sq,Ash Sharqi
364379616,4732203,sq,Shi`b al Hawmarah
364379693,4732204,sq,Ad Diman
364379847,4732206,sq,Al Maramid
364380155,4732210,sq,Ad Dabr
364380309,4732212,sq,alkwr
364380386,4732213,sq,Kadm Bani `Arajan
364380463,4732214,sq,Beni si sufi
364380540,4732215,sq,alabrs
364380617,4732216,sq,Ad Dimnah
364380694,4732217,sq,Al Khirshamah
364380925,4732220,sq,Ar Rasus
364381002,4732221,sq,Al Hadayyah
364381618,4732229,sq,Bejt Kuku
364381926,4732233,sq,Ad Dayiliyah
364382003,4732234,sq,As Salimiyah
364382157,4732236,sq,Si Salimiyah
364382465,4732240,sq,El Aruj
364382542,4732241,sq,Adh Dhibah
364382619,4732242,sq,Në Tarawir
364382696,4732243,sq,Da`shal
364383004,4732247,sq,Mahall Raqabah
364383158,4732249,sq,Mahall Rakabah
364383389,4732252,sq,Mahall al Mahnab
364383466,4732253,sq,Mahall si Sahl
364383774,4732257,sq,Mahall al Kunayf
364384005,4732260,sq,Dayr al Hasy
364384159,4732262,sq,Mahall al Medresah
364384236,4732263,sq,Mahall al Bajhi
364384313,4732264,sq,Qism al Qatin
364384467,4732266,sq,Mahall al Mirdaf
364384544,4732267,sq,Dimnat Hamat
364384698,4732269,sq,As Sahl
364385083,4732274,sq,Al Jarranah
364385237,4732276,sq,Ad Dimnah
364385391,4732278,sq,El Qimah si Sufla
364385468,4732279,sq,El Qimah el 'Ulya
364385545,4732280,sq,Ad Darbah
364386315,4732290,sq,Ghamamah
364386392,4732291,sq,El Muajin
364386469,4732292,sq,Ghamamah
364386700,4732295,sq,almhmaʾ
364386777,4732296,sq,Mahall el Jara'ib
364386854,4732297,sq,Mahall al Jillah
364387008,4732299,sq,Mahall al Jillah
364387085,4732300,sq,Ash Shi`b
364387162,4732301,sq,El Muajtin
364387393,4732304,sq,alqbr
364387547,4732306,sq,Edh Dhubejlah
364388163,4732314,sq,Al Mahajir
364388240,4732315,sq,Mahall al Jalabih
364388625,4732320,sq,shjban
364388702,4732321,sq,gharb alqʿsh
364388856,4732323,sq,khfat
364389010,4732325,sq,Al Qasabah
364389087,4732326,sq,Al Ka'biyah al Gharbiyah
364389164,4732327,sq,Al Hadabah
364389395,4732330,sq,Ash Sharaqi
364389549,4732332,sq,Al Miswadah
364389857,4732336,sq,alarbaʿ
364389934,4732337,sq,Bejt al Hamami
364390319,4732342,sq,Bejt el Xhahimi
364390473,4732344,sq,El Ukajlijah
364390935,4732350,sq,Bejt Hadi Umer
364391012,4732351,sq,Al Karawi
364391089,4732352,sq,Bejt Hadi Umer
364391166,4732353,sq,Al Mahjar
364391474,4732357,sq,Qal`at as Subayhi
364391551,4732358,sq,Al Ghawaribah
364391628,4732359,sq,Kal`at as Subejhi
364391705,4732360,sq,Bejt el Hajxh
364391859,4732362,sq,Bejt el Hajxh
364391936,4732363,sq,Mihjan
364392090,4732365,sq,Si Saru
364392167,4732366,sq,Akab
364392475,4732370,sq,Majrab al Jaradi
364392629,4732372,sq,Mejrab el Xheradi
364392937,4732376,sq,Al Marad
364393014,4732377,sq,Al Miqra`i
364393091,4732378,sq,gharb shtr
364393168,4732379,sq,Al Miqra`i
364393245,4732380,sq,Al Mal`ayan
364393399,4732382,sq,Al Mal`ayan
364393476,4732383,sq,Al Maskiniyah
364393784,4732387,sq,Ad Dahj
364393861,4732388,sq,gharb salm
364393938,4732389,sq,Ad Dahj
364394015,4732390,sq,El Mi`zab
364394092,4732391,sq,Al Magribah
364394169,4732392,sq,Hubejsh
364394246,4732393,sq,Al Magribah
364394400,4732395,sq,Al Madanif
364394708,4732399,sq,Ad Dimnah
364394785,4732400,sq,Bejt 'Abd Allah Bashir
364394862,4732401,sq,Gharib Thabbah
364394939,4732402,sq,Al Muqwiyah
364395016,4732403,sq,Gharib Thabbah
364395093,4732404,sq,El Muqwiyah
364395401,4732408,sq,Al Mityanah
364395555,4732410,sq,Al Mityanah
364395786,4732413,sq,Wadi al Ashyam
364395863,4732414,sq,Al Hadabah
364395940,4732415,sq,Në Tara'if
364396017,4732416,sq,Ash Sharqi
364396094,4732417,sq,Al Magribah
364396171,4732418,sq,almdhan
364396248,4732419,sq,Al Halbasiyah
364396325,4732420,sq,Bejt Jahag
364396402,4732421,sq,Ash Sharaqi
364396556,4732423,sq,Ash Sharaqi
364396633,4732424,sq,Al Wada
364396710,4732425,sq,almkan
364397172,4732431,sq,El Muxhabbir
364397634,4732437,sq,Al Haxhal
364397788,4732439,sq,Si Samtah
364397865,4732440,sq,Ad Dimnah
364397942,4732441,sq,Si Sinn
364398019,4732442,sq,Al Kadamah
364398173,4732444,sq,Shi`b al Hawd
364398327,4732446,sq,Al Midyar
364398481,4732448,sq,Al Midyar
364398712,4732451,sq,Ar Ranafah
364399020,4732455,sq,Al Jalayil
364399174,4732457,sq,alqʿsaʾ
364399251,4732458,sq,shl alqad
364399328,4732459,sq,Al Farshah
364399482,4732461,sq,Sharr
364399944,4732467,sq,Wadi Bahr
364400175,4732470,sq,Në Taranjah
364400406,4732473,sq,Al Mukhaylifah
364400483,4732474,sq,Al Halhalah
364400560,4732475,sq,El Muhaylifah
364400714,4732477,sq,Si Saru
364400945,4732480,sq,Bejt ad Dayr
364401330,4732485,sq,Gharib Ghazi
364401484,4732487,sq,Al Jurb
364401561,4732488,sq,Ash Shi`b
364401792,4732491,sq,Dhira' al Kasabah
364401869,4732492,sq,Al Marbad
364402562,4732501,sq,Hadijat Ra`iha
364402639,4732502,sq,Al Mathwah
364402716,4732503,sq,almrwat
364402793,4732504,sq,El Methwah
364402947,4732506,sq,Al Mahallah
364403101,4732508,sq,Ash Shati
364403563,4732514,sq,Kal'et 'Uthman
364403717,4732516,sq,khbaq
364404102,4732521,sq,Al Khaww
364404179,4732522,sq,Shi'b el Arraj
364404256,4732523,sq,Al `Atmah
364404487,4732526,sq,jmʿan
364404564,4732527,sq,Beni Musa
364404795,4732530,sq,Al Masharib
364405334,4732537,sq,almkhraq
364405411,4732538,sq,Al Kadamah
364405642,4732541,sq,Al Jawdalah
364406027,4732546,sq,Al Mahjar
364406104,4732547,sq,Si Salihu
364406181,4732548,sq,El Mihdadah
364406566,4732553,sq,Ad Dawali`
364406797,4732556,sq,Ad Dawa`in
364407105,4732560,sq,El Hajalah
364407259,4732562,sq,Al Bahlah
364407336,4732563,sq,gharb qhr
364407490,4732565,sq,Vadi el Hulejs
364408260,4732575,sq,Al Hawl
364408876,4732583,sq,Bayt Wannah
364409569,4732592,sq,Al Harazi
364409877,4732596,sq,Al Hawshah
364409954,4732597,sq,Qal`at ad Diman
364410031,4732598,sq,Al Hawshah
364410108,4732599,sq,Kal`et ad Diman
364410339,4732602,sq,Ar Raddah
364410493,4732604,sq,Ar Raddah
364410570,4732605,sq,Al `Udaynah
364410647,4732606,sq,Al Ma`sarah
364410724,4732607,sq,Al Makdudah
364410801,4732608,sq,alʿwjaʾ
364411263,4732614,sq,El Kal'ah si Sawda'
364411879,4732622,sq,Shi`b al Kashwa
364412418,4732629,sq,dahr alkhadm
364412880,4732635,sq,Zahr el Mexhham
364412957,4732636,sq,El Wa`rah el Ajmanah
364413496,4732643,sq,Al Hatwah
364413650,4732645,sq,Al Hatwah
364413727,4732646,sq,Si Suvejhir
364413804,4732647,sq,Shi'b Asr
364414420,4732655,sq,Shi`b Suwaydah
364414574,4732657,sq,Shi'b Suvejde
364414651,4732658,sq,Qazzan
364416807,4732686,sq,Al Jaws
364416884,4732687,sq,Ad Dabr
364417346,4732693,sq,Mahall `Ali Shi`bayn
364417500,4732695,sq,Mahall `Ali Shi`bejn
364417577,4732696,sq,Al Farahi
364417654,4732697,sq,Ghuruz al Adan
364417731,4732698,sq,Mararijat ar Radhah
364417885,4732700,sq,Mararijat ar Radhah
364417962,4732701,sq,Ar Rawhah Mahall Hasan si Saghir
364418193,4732704,sq,Kal'at al Arfat
364418270,4732705,sq,Zahr al Birkah
364418501,4732708,sq,Zahr el Hisa el Farxhiah
364418809,4732712,sq,Al Qal'us
364418963,4732714,sq,Mabrat
364419040,4732715,sq,qlaʿ almhraq
364419194,4732717,sq,Az Zahir
364419271,4732718,sq,Al Mukarfad
364419425,4732720,sq,Al Muqarfad
364419656,4732723,sq,Dayr al Haqq
364419733,4732724,sq,Jurb Khubayb
364419810,4732725,sq,Beni el Khamj
364419964,4732727,sq,Wadi al Bab
364420118,4732729,sq,Wadi el Bab
364420272,4732731,sq,byt alashwl
364420426,4732733,sq,Zahr el Kubb
364420503,4732734,sq,Ash Shabiri
364420580,4732735,sq,As Sayyabah
364420657,4732736,sq,Esh Shabiri
364420734,4732737,sq,Si Sayyabah
364420811,4732738,sq,Al Khanan
364420888,4732739,sq,Al Majadil
364421119,4732742,sq,`Arj al Habil
364421196,4732743,sq,Ar Rahiyah
364421504,4732747,sq,Al Madabb si Saghir
364421581,4732748,sq,Al Matayin
364421658,4732749,sq,Al Kadamah
364421735,4732750,sq,Jabr ad Daymah
364421812,4732751,sq,Al Habil
364421889,4732752,sq,Jabr ad Daymah
364421966,4732753,sq,Al Kalhuf
364422197,4732756,sq,Zabrat al Miqsal
364422274,4732757,sq,Ash Shawati
364422351,4732758,sq,Zabrat el Miqsal
364422428,4732759,sq,Habil ad Dik
364422659,4732762,sq,Ash Sharajih
364422736,4732763,sq,Mahall ar Rasus
364422813,4732764,sq,Esh Sharajih
364422890,4732765,sq,Mahall ar Rasus
364423352,4732771,sq,Ad Dahiya
364423429,4732772,sq,Qal`at al `Ashshah
364423506,4732773,sq,Ad Dahiyah
364424045,4732780,sq,Al Mashhad
364424199,4732782,sq,Lajj el Mahjub
364424584,4732787,sq,Ad Darbah
364424661,4732788,sq,El Miklahiyah
364424738,4732789,sq,Ad Day`ah
364424892,4732791,sq,Ad Dimnah
364424969,4732792,sq,Al Madfan
364425046,4732793,sq,Ad Dimnah
364425200,4732795,sq,Al Jarubah
364425354,4732797,sq,Shi`b al Hayd
364425662,4732801,sq,El Kaufah
364425893,4732804,sq,Al Jabbanah
364425970,4732805,sq,shʿb almajl
364426047,4732806,sq,Shi`b si Salih
364426124,4732807,sq,qʿbab
364426278,4732809,sq,Salabat al Mandar
364426355,4732810,sq,Shi'b el Qushub
364427048,4732819,sq,Shi`b si Saudah
364427356,4732823,sq,El Misyarah
364427664,4732827,sq,Dhi ad Darb
364427818,4732829,sq,Az Zawagh
364428049,4732832,sq,As Salah
364428203,4732834,sq,Shi'b al Ghawit
364428280,4732835,sq,Al Hassan
364428434,4732837,sq,Al Ma`aqib
364428511,4732838,sq,Dhira` al Qasabah
364428588,4732839,sq,El Ma'aqib
364428665,4732840,sq,Zahr as Sakifah
364428742,4732841,sq,Kal'at al Mishaf
364428819,4732842,sq,Ash Shabat
364428973,4732844,sq,Ash Shabat
364429127,4732846,sq,Ar Rakb
364429281,4732848,sq,Al Mahjar
364429435,4732850,sq,Ash Shu`bah
364429512,4732851,sq,Ad Dawr
364429589,4732852,sq,Ash Shurf
364429743,4732854,sq,Al Kadamah
364429820,4732855,sq,Labbadah
364429897,4732856,sq,Az Zahirayn
364430051,4732858,sq,Ez Zahirejn
364430128,4732859,sq,Al Maramid
364430205,4732860,sq,Mahall Kinah
364430282,4732861,sq,Mahall Ja'l
364430359,4732862,sq,Al `Aqbiyah
364430513,4732864,sq,Al Hallal
364430590,4732865,sq,Badi` Sari
364430667,4732866,sq,Al Hallal
364430744,4732867,sq,Al Qaz'ah al Ashimah
364430975,4732870,sq,Al Mabtanah
364431283,4732874,sq,Dayr Qawbah
364431360,4732875,sq,Al Hadabah
364431514,4732877,sq,El Mazra'ah
364431591,4732878,sq,Esh Shatavirah
364431668,4732879,sq,Zahr el Qimah
364432130,4732885,sq,Mashmat
364432207,4732886,sq,Sudan
364432284,4732887,sq,Al Halas
364432361,4732888,sq,Abkar
364432515,4732890,sq,Abkar
364432592,4732891,sq,Abrat
364432900,4732895,sq,alkas
364433362,4732901,sq,Bayt Salim
364433593,4732904,sq,Adh Dhavaliyah
364433747,4732906,sq,Bejt el Xherm
364434440,4732915,sq,Ghamrat Bani Mufrih
364434594,4732917,sq,Al Ghurayf
364434748,4732919,sq,Batha'
364434902,4732921,sq,Gharib `Azi
364434979,4732922,sq,Wadi Labarra
364435287,4732926,sq,Al Wasit
364435364,4732927,sq,Al Khashabah
364435441,4732928,sq,Ash Sharqiyah
364436288,4732939,sq,Ad Dimnah
364436365,4732940,sq,Dufay`an
364436442,4732941,sq,alghrab
364436519,4732942,sq,Dufay`an
364436904,4732947,sq,Bani Hasan
364437058,4732949,sq,Bani Hasan
364437135,4732950,sq,Ghurejni
364437212,4732951,sq,Ash Shatrah
364437443,4732954,sq,Ad Dakhnah
364437520,4732955,sq,Al Lajj
364437982,4732961,sq,Kal`et an Nuni
364438059,4732962,sq,Bejt al Ghashum
364438136,4732963,sq,shʿb almajl
364438213,4732964,sq,Bejt al Ghashum
364438367,4732966,sq,Al Jirab
364439137,4732976,sq,Bayt Zayn
364439676,4732983,sq,Shi`b Beni Tahir
364439753,4732984,sq,El Mahall al A`la
364439907,4732986,sq,Ar Ruqud
364440061,4732988,sq,Ash Shajnah
364440215,4732990,sq,Ash Shajnah
364440600,4732995,sq,El Mi`zab
364440754,4732997,sq,Al Ghawit
364440831,4732998,sq,Al Xhenadil
364440985,4733000,sq,almdbab
364441062,4733001,sq,Beni Musa
364441216,4733003,sq,Zahr në Turbah
364441755,4733010,sq,Al Qal`ah
364441909,4733012,sq,mjran alʿabd
364442217,4733016,sq,shʿb almajl
364442294,4733017,sq,Në Taluk
364442371,4733018,sq,Azzah
364442448,4733019,sq,Gharib Matar
364442525,4733020,sq,'Azan
364443064,4733027,sq,Shi`b edh Dhafran
364443372,4733031,sq,Zahr Hajash
364443526,4733033,sq,Katimah
364444142,4733041,sq,Si Selef
364444219,4733042,sq,Bejt Harun
364444373,4733044,sq,Bejt Harun
364444450,4733045,sq,ard alkhyr
364444758,4733049,sq,shʿb alʿbd
364444989,4733052,sq,Al Hayadinah
364446837,4733076,sq,Dhira` si Sikkin
364447068,4733079,sq,alwhsh
364447453,4733084,sq,`Abbar al Bunn
364447530,4733085,sq,shʿb almhraq
364447838,4733089,sq,alqnan
364448069,4733092,sq,Mahall Mas'ad
364448146,4733093,sq,Al Ghallah
364448223,4733094,sq,Al Hadabah
364448300,4733095,sq,Al Ghallah
364448377,4733096,sq,Al Khafiq al A`la
364448531,4733098,sq,El Khafik el A`la
364448916,4733103,sq,Zabbun
364448993,4733104,sq,dhraʿ alwast
364449378,4733109,sq,Al Magharib
364449455,4733110,sq,El Axhmah
364449763,4733114,sq,`Awhabah
364449840,4733115,sq,As Sawalim
364449917,4733116,sq,Rahabah
364449994,4733117,sq,Si Sawalim
364450071,4733118,sq,Shi'b el Hajari
364450687,4733126,sq,Në Tahunah
364450841,4733128,sq,Ar Rakin
364450918,4733129,sq,Al Haddadiyah
364450995,4733130,sq,Ad Daghashah
364451457,4733136,sq,Mahall Xhabir
364451611,4733138,sq,Mahall Xhabir
364451688,4733139,sq,Mashqar
364451765,4733140,sq,Al Madarah
364452073,4733144,sq,Al Qal`ah
364452381,4733148,sq,Adh Dhib
364452458,4733149,sq,Al Qandah
364452612,4733151,sq,Al Kandah
364452689,4733152,sq,Al Kajsiah
364452920,4733155,sq,Ar Rafi`i
364453074,4733157,sq,Ar Rafi`i
364453151,4733158,sq,Si Sakayif
364453228,4733159,sq,'Abd Allah Jahja
364453305,4733160,sq,alkhafq alasfl
364453536,4733163,sq,alqfl
364453921,4733168,sq,El Mislam el Gharbiyah
364454383,4733174,sq,Al Qalfah
364454537,4733176,sq,Taht al Madaqqah
364454691,4733178,sq,Si Sahdariyah
364454845,4733180,sq,Sharaqi el Badri
364454999,4733182,sq,El Maramah
364455076,4733183,sq,Si Sathah
364455230,4733185,sq,Kurejshët
364455307,4733186,sq,Al Mikhbar al Asfal
364455461,4733188,sq,Al Kadamah
364455538,4733189,sq,Ash Sharqan
364455615,4733190,sq,Një Nawiyah
364456000,4733195,sq,Al Ma`rash al Kibli
364456077,4733196,sq,Al Marash el Jamani
364456154,4733197,sq,El Marash el Qibli
364456385,4733200,sq,Ad Dahrah el Awsatah
364456616,4733203,sq,Al Mawram
364456770,4733205,sq,Al Ghamar
364457309,4733212,sq,Shumus
364457386,4733213,sq,Bejt `Antar
364457540,4733215,sq,alfrq
364457925,4733220,sq,Ash Shanzabi
364458002,4733221,sq,Al Karawi
364458310,4733225,sq,Bejt Duraym
364458387,4733226,sq,Gajl Hurah
364458464,4733227,sq,Al Jabjabah
364458695,4733230,sq,Dhu `Alayyan
364458772,4733231,sq,jshar
364458849,4733232,sq,Al Hisn
364459388,4733239,sq,El Lutejfi
364459619,4733242,sq,`Abr al Athab
364459850,4733245,sq,Si Salal
364459927,4733246,sq,Shatt Salim
364460004,4733247,sq,Arabah
364460081,4733248,sq,Si Sabil
364460158,4733249,sq,Al Khatu
364460235,4733250,sq,Hadabat Qabban
364460312,4733251,sq,Al Khatu
364460697,4733256,sq,Si Salb
364460774,4733257,sq,El Mahrurah
364460851,4733258,sq,Al Makhabiz
364460928,4733259,sq,`Ebr Ez Zahr
364461159,4733262,sq,Al Maghraz
364461313,4733264,sq,Gharib në Tawilah
364461390,4733265,sq,Zahr Hajar
364461775,4733270,sq,shʿb alʿrjan
364461929,4733272,sq,Al Malkad
364462083,4733274,sq,Al Malkad
364462160,4733275,sq,Shi'b el Xhafr
364462391,4733278,sq,El Qushub
364462468,4733279,sq,Ad Dimnah
364462622,4733281,sq,Shi'b el Hisn
364462699,4733282,sq,Shi`b ad Dimnah
364462776,4733283,sq,Qa`` Asirah
364462930,4733285,sq,Hajd Maqar
364463084,4733287,sq,El Mu`inah
364463161,4733288,sq,Al Waqayir
364463238,4733289,sq,Azzah
364463469,4733292,sq,Ash Shu`bah
364463623,4733294,sq,Ash Shurf
364463777,4733296,sq,Badi` Sari
364463854,4733297,sq,Al Bir
364464085,4733300,sq,Al Ghayzah
364464393,4733304,sq,Si Suhul
364464547,4733306,sq,Shi`b an Nimr
364465086,4733313,sq,`Abr Hind
364465471,4733318,sq,Sahl Marud
364465548,4733319,sq,Bejt Nur
364465702,4733321,sq,Suq ath Thuluth
364465856,4733323,sq,Sawadah
364466010,4733325,sq,Shi'b Jawhar
364466241,4733328,sq,Ad Dil`ah
364466318,4733329,sq,alwark
364466395,4733330,sq,As Sahl
364466472,4733331,sq,Al Majarin
364466549,4733332,sq,Ad Dur
364466626,4733333,sq,Al Majarin
364466780,4733335,sq,Al `Udayn
364467011,4733338,sq,Ath Thamin
364467242,4733341,sq,Bayt ar Rawwas
364467396,4733343,sq,Bayt ar Rawwas
364467781,4733348,sq,Al Malamidah
364467858,4733349,sq,Sharaqi al Ghayl
364468089,4733352,sq,Ni`am
364468166,4733353,sq,Mahall 'Abd al Vahid
364468243,4733354,sq,Al Mahjar
364468474,4733357,sq,Matraf
364468551,4733358,sq,Sahl Madarr
364468628,4733359,sq,Al Hadab
364468782,4733361,sq,Al Hadab
364468859,4733362,sq,Al Masrabajn
364468936,4733363,sq,Al Kasidah
364469167,4733366,sq,Hadabat el Uxhejri
364469398,4733369,sq,Al Qashaqish
364469552,4733371,sq,aljtmaʾ
364469629,4733372,sq,Mahrurah
364470091,4733378,sq,Al Qarrah
364470245,4733380,sq,`Izz
364470322,4733381,sq,Bani Waqish
364470476,4733383,sq,Beni Waqish
364470553,4733384,sq,Al Hatwah
364470630,4733385,sq,Al Qa`shamiyah
364470707,4733386,sq,Al Hatwah
364470861,4733388,sq,Kal'at al Matari
364470938,4733389,sq,Sharaqi el Ghayl
364471169,4733392,sq,Bajjash
364471400,4733395,sq,Bejt Sa`id Mehdiu
364471477,4733396,sq,Shi`b ar Rawb
364471631,4733398,sq,As Sahl
364471785,4733400,sq,Al Bathah
364472093,4733404,sq,Hakma
364472170,4733405,sq,Kammah el Ulya
364472863,4733414,sq,Dhu Mus`id
364472940,4733415,sq,Mahall Abu Labdah
364473017,4733416,sq,Dhu Husejn
364473094,4733417,sq,Mahall Ebu Labdah
364473325,4733420,sq,Al Hadab
364473402,4733421,sq,Al Karihiyah
364473556,4733423,sq,Ghallat Kadhiyah
364473633,4733424,sq,Al `Unayn
364473710,4733425,sq,Ghallat Kadhiyah
364473787,4733426,sq,Al Kubbah
364474172,4733431,sq,Al Majarin
364474249,4733432,sq,Kharab Mus`id
364474403,4733434,sq,Kharab Mus`id
364474711,4733438,sq,Si Sariyah
364474788,4733439,sq,Si Sarbah
364475327,4733446,sq,Qabi
364475404,4733447,sq,alqdwr
364475866,4733453,sq,Hadabat el Hajxhe
364476174,4733457,sq,Mikarah
364476251,4733458,sq,Ar Rawnah
364476405,4733460,sq,Bejt Ali Kasim
364477329,4733472,sq,Nukhbah al `Ulya
364477483,4733474,sq,Nuhbah el Ulya
364477714,4733477,sq,alhwaz
364478099,4733482,sq,Bani Hibah
364478330,4733485,sq,Al Ghulayli
364478407,4733486,sq,Al Masakhin
364479023,4733494,sq,alwjar
364479177,4733496,sq,El Bavakil
364479485,4733500,sq,Bejt el Qazqazi
364479793,4733504,sq,Al Jahri
364479870,4733505,sq,Si Sirar
364480101,4733508,sq,alʿlyaʾ
364480178,4733509,sq,Naqam
364480255,4733510,sq,Bejt Hatrum
364480332,4733511,sq,Naqam
364480563,4733514,sq,Darb ar Rihab
364480717,4733516,sq,Bejt el Ajtari
364480794,4733517,sq,Ar Ruways
364480871,4733518,sq,aljhar
364481025,4733520,sq,alkdam
364481102,4733521,sq,Al Mihdadah
364481487,4733526,sq,Qariyah
364481641,4733528,sq,Wadi al Bir al Asfal
364482180,4733535,sq,Al Ghuwayr
364482565,4733540,sq,Awlah
364482719,4733542,sq,Al `Unayn
364483258,4733549,sq,Hakbah
364483643,4733554,sq,Al Qaz'ah al Bayda'
364483874,4733557,sq,Bi'r an Najd
364484028,4733559,sq,Bi'r an Najd
364484105,4733560,sq,Kuhejf Beni Hubejsh
364484182,4733561,sq,Bejt el Asida
364484721,4733568,sq,Bayt Buri
364484875,4733570,sq,Bejt Buri
364484952,4733571,sq,byt qhman
364485260,4733575,sq,Beni Qit`ah
364485722,4733581,sq,aʿdan
364486338,4733589,sq,Ar Rutbah
364486415,4733590,sq,almshraq
364486646,4733593,sq,Ash Shi`bayn
364486723,4733594,sq,Zaharat Shubayl
364486800,4733595,sq,Ash Shu`ayb
364486877,4733596,sq,Tahyanah
364487031,4733598,sq,Tahyanah
364487339,4733602,sq,Bejtul Vakah
364487416,4733603,sq,Beni Shejban
364487570,4733605,sq,Al Hisn
364487724,4733607,sq,Bejt ad Duhajs
364487955,4733610,sq,Al Akhdur
364488032,4733611,sq,Al Hisn
364488109,4733612,sq,Al Qaryah as Sufla
364488571,4733618,sq,Al Haymah
364488648,4733619,sq,Ad Darb
364488725,4733620,sq,Al Hamra'
364488802,4733621,sq,Bawt
364488879,4733622,sq,Al Hashimi
364489033,4733624,sq,Al Hashimi
364489110,4733625,sq,Bayt Salim
364489187,4733626,sq,Bayt Salah
364489264,4733627,sq,Bejt Salim
364489341,4733628,sq,byt mʿsar
364490034,4733637,sq,Al Mahjar
364490265,4733640,sq,Bejt Fari`
364490419,4733642,sq,Jurn al Hajar
364490573,4733644,sq,Jurn al Hajar
364490650,4733645,sq,Bejt an Naxhar
364491035,4733650,sq,Al Hisn
364491112,4733651,sq,Hisn al Qaryah
364491497,4733656,sq,Al Hujayrah
364491651,4733658,sq,El Huxhejra
364492113,4733664,sq,El Hixhre
364492267,4733666,sq,Al Qaflah
364492344,4733667,sq,Ad Dair
364492498,4733669,sq,alajwaf
364492575,4733670,sq,El Mukawbil
364492883,4733674,sq,Al Magribah
364493345,4733680,sq,Një Nadirah
364493499,4733682,sq,Halzam
364493576,4733683,sq,Mashra'ah
364493884,4733687,sq,Mihjan
364493961,4733688,sq,El Hixhre
364494269,4733692,sq,Al Haffah
364494423,4733694,sq,Esh Shakah
364494500,4733695,sq,Al Jarmiyah
364494654,4733697,sq,Al Qal`ah
364494731,4733698,sq,Bejt el Murkusi
364494808,4733699,sq,Al Musalla
364494885,4733700,sq,Al Hakawiyah
364494962,4733701,sq,Sa'dah
364495578,4733709,sq,Al Mintih
364495655,4733710,sq,Madiyah
364495963,4733714,sq,Ash Shajinah
364496040,4733715,sq,Salim
364496194,4733717,sq,khafsh
364496271,4733718,sq,Ad Dimnah
364496502,4733721,sq,Bejtul Azab
364496656,4733723,sq,Bejtul Azab
364496964,4733727,sq,alwjar
364497041,4733728,sq,Bejt Nur
364497580,4733735,sq,Bejt Nadab
364497965,4733740,sq,Bayt Salim
364498119,4733742,sq,Një Nakhil
364498273,4733744,sq,El Kurna'ah
364498658,4733749,sq,Thajjah al `Ulya
364498735,4733750,sq,Hadabet el Udejn
364498812,4733751,sq,Thajxhe el Ulya
364498966,4733753,sq,Al Qal`ah
364499120,4733755,sq,Al Qal`ah
364499197,4733756,sq,Hisn al Qaryah
364499274,4733757,sq,Shi'b Sawadah
364499505,4733760,sq,Al `Izyawiyah
364499659,4733762,sq,El Izavije
364500044,4733767,sq,Kawlat Buri
364500121,4733768,sq,Shi`b ar Rabah
364500352,4733771,sq,Shi'b el Hajd
364500429,4733772,sq,Al Jaws
364500506,4733773,sq,'Azan
364500583,4733774,sq,Al Qaradi`
364500660,4733775,sq,Ad Dahrah
364500737,4733776,sq,hyd almʿzab
364500814,4733777,sq,Mi`zab Beni Muslim
364500891,4733778,sq,Hadabat `Uthman
364501045,4733780,sq,Hadabet 'Uthman
364501122,4733781,sq,Shatt al Jadhm
364501199,4733782,sq,Al `Abdiyah
364501353,4733784,sq,El Abdiyah
364501430,4733785,sq,Al Khalaf
364501892,4733791,sq,Ash Shajan
364501969,4733792,sq,Qaz'et ad Dahir
364502046,4733793,sq,Ma`karah
364502123,4733794,sq,Tuhamah
364502277,4733796,sq,Al Marad
364502354,4733797,sq,`Anqa'
364502508,4733799,sq,Al `Awlaqiah
364502585,4733800,sq,Shi`b an Nimr
364502739,4733802,sq,Shi'b Ajde
364502816,4733803,sq,El Milkat
364502970,4733805,sq,Al Gharbi
364503663,4733814,sq,El Masavid
364503740,4733815,sq,Hajshah
364503817,4733816,sq,Bayt Khamis
364503971,4733818,sq,Badi` Sari
364504356,4733823,sq,Ar Rakib
364504433,4733824,sq,Dira` Shammar
364504510,4733825,sq,shʿb sʿdan
364504741,4733828,sq,Bejt Akam
364504818,4733829,sq,Al Maljam
364505049,4733832,sq,Hawlat el Mihraq
364505665,4733840,sq,alwjar
364505742,4733841,sq,Ash Shajnah
364505819,4733842,sq,Al Khalidiyah si Sufla
364505896,4733843,sq,Ash Shajnah
364505973,4733844,sq,Al Jaww
364506127,4733846,sq,Al Jaww
364506204,4733847,sq,Qandah
364506281,4733848,sq,shʿb alhlah
364506358,4733849,sq,albhr
364506512,4733851,sq,Al Muqanza`
364506589,4733852,sq,Al Khawamis
364506666,4733853,sq,El Mukanza`
364506897,4733856,sq,Adh Dhunubi
364506974,4733857,sq,Ad Dimnah
364507051,4733858,sq,almsyal
364507282,4733861,sq,Adh Dhir`ah
364507359,4733862,sq,Al Hablah
364507513,4733864,sq,Al Lakmah
364507744,4733867,sq,Al Minashshah
364507821,4733868,sq,Yashi`
364508052,4733871,sq,shʿb alathb
364508437,4733876,sq,`Azzan al Gharbi
364508668,4733879,sq,Al Mansa`
364508745,4733880,sq,byt shʿlan
364508822,4733881,sq,bab hwsan
364509130,4733885,sq,Ar Rahah
364509207,4733886,sq,Ash Sharqi
364509284,4733887,sq,alhamy
364509361,4733888,sq,Ash Sharqi
364509669,4733892,sq,Al Hajar
364509746,4733893,sq,Al-Allah
364509823,4733894,sq,Shi`b al Hawd
364509977,4733896,sq,Az Zahar
364510054,4733897,sq,Al Manarah
364510131,4733898,sq,Bejtul Haxh Hadi
364510208,4733899,sq,Al Marwi
364510285,4733900,sq,Mu`id
364510362,4733901,sq,Al `Anaqib
364510516,4733903,sq,Një Nakhli
364510593,4733904,sq,Al Kasiyah
364510670,4733905,sq,Zahrat `Ajjaj
364510747,4733906,sq,As Sawdah
364510824,4733907,sq,Zahrat `Ajjaj
364510901,4733908,sq,`Alkamah
364510978,4733909,sq,Barh al Mihrabah
364511132,4733911,sq,hrdan
364511209,4733912,sq,Ar Rasawi`
364511440,4733915,sq,Talf
364511517,4733916,sq,Miran
364511748,4733919,sq,Ar Rukb
364511825,4733920,sq,Bejt Hammud
364511902,4733921,sq,Al Magribah
364511979,4733922,sq,Ash Shari`
364512056,4733923,sq,Az Zawagh
364512133,4733924,sq,Ash Sharawijah
364512210,4733925,sq,Qu`ad Nasiyah
364512364,4733927,sq,Kuad Nasiyah
364512518,4733929,sq,Beni el Udhri
364512595,4733930,sq,Az Zahrayn
364512749,4733932,sq,Ad Dil`ah
364512826,4733933,sq,El Vakbejn
364513134,4733937,sq,almrkh
364513365,4733940,sq,Sulb `Ukayl
364513519,4733942,sq,Al Mithnab
364513596,4733943,sq,Al ' Awwash
364513673,4733944,sq,Sahl el A`raj
364514135,4733950,sq,Al Makruth
364514366,4733953,sq,Al Mayahir
364514520,4733955,sq,Sahl el Qila`
364514828,4733959,sq,Al Hawa
364514905,4733960,sq,almjran
364515367,4733966,sq,Shi`b esh Shakara
364515906,4733973,sq,Bejt el Mus
364516522,4733981,sq,Ra's al Karyah
364516907,4733986,sq,Bejt esh Shatbi
364517523,4733994,sq,byt jhlan
364517985,4734000,sq,Al Hayrah
364518370,4734005,sq,Bejt Jahi Ali
364518447,4734006,sq,Al Juruf
364518832,4734011,sq,Al Akamah
364519063,4734014,sq,Bejt el Xhurejn
364519679,4734022,sq,Al Qal`ah
364520064,4734027,sq,bab alhjar
364520526,4734033,sq,Bejt Rizq
364520603,4734034,sq,Mi`zab esh Shejbari
364520680,4734035,sq,Bejt al Gajjathi
364521142,4734041,sq,Akabat ar Rukbe
364521989,4734052,sq,byt alqtyl
364522297,4734056,sq,Rukn si Sulb
364522528,4734059,sq,Shi'b ash Shahah
364522836,4734063,sq,Bejt Muhsin Dhiban
364523144,4734067,sq,Bejt al Maghribah
364523606,4734073,sq,Ja`darah
364523837,4734076,sq,Bejt el Lawzi
364524299,4734082,sq,Bejt Halid ez Zubejri
364524376,4734083,sq,Beni Xhu`ejmil
364525377,4734096,sq,dʿfan
364525993,4734104,sq,Ghawlat al Harit
364526147,4734106,sq,Ghawlat el Harit
364526609,4734112,sq,Shira`
364526763,4734114,sq,Bejt Zimam Hizam
364526840,4734115,sq,Bayt adh Dhayfani
364526994,4734117,sq,Al Mi`zab al Gharbi
364527071,4734118,sq,Bayt Naji Yahi
364527148,4734119,sq,Bejt Dirham
364527225,4734120,sq,Ez Zaylah al `Ulya
364527302,4734121,sq,Az Zaylah si Sufla
364527379,4734122,sq,Ez Zejlah el Ulya
364527456,4734123,sq,Ez Zejlah si Sufla
364527841,4734128,sq,El Khajsa'ah
364528842,4734141,sq,Qaflat an Nusayri
364528996,4734143,sq,Ath Thadl
364529073,4734144,sq,Bejt Marit
364529689,4734152,sq,Një Nashmah
364530382,4734161,sq,`Arjat al Kadami
364530690,4734165,sq,`Izz
364531306,4734173,sq,Al Qat`
364531460,4734175,sq,ras shfl
364531691,4734178,sq,El Xhumejma
364531768,4734179,sq,El Akkad
364531845,4734180,sq,Bejt Zimam
364532307,4734186,sq,Al Magribah
364533077,4734196,sq,As Salwah
364533539,4734202,sq,Bejt el Kharifi
364533616,4734203,sq,Jubjub
364534309,4734212,sq,Si Sawa'il
364534925,4734220,sq,Wadi al Hashr
364535156,4734223,sq,Bejt Ebu Salim
364535233,4734224,sq,Zahr Qullah
364535387,4734226,sq,alqʿrat
364535464,4734227,sq,Al Qalahi
364535618,4734229,sq,Al Qalahi
364535772,4734231,sq,alqnan
364535849,4734232,sq,As Sayh
364535926,4734233,sq,Ash Shaw`
364536003,4734234,sq,Al Ma`zub
364536157,4734236,sq,Një Nawa`im
364536234,4734237,sq,Bayt Rassam
364536388,4734239,sq,Bejt Rassam
364536927,4734246,sq,Al Hadan
364537851,4734258,sq,Tarakah
364539160,4734275,sq,Al Lamhil si Safil
364539545,4734280,sq,Ash Shuwayhitah
364540084,4734287,sq,Shi`b në Turab
364540392,4734291,sq,Azzah
364540700,4734295,sq,Shi`b al Mawz
364540777,4734296,sq,Huvejda
364540854,4734297,sq,Shi'b al Mawz
364541393,4734304,sq,Al Mihdadah
364541624,4734307,sq,Kavlat Hizam
364541701,4734308,sq,Zulumah
364541932,4734311,sq,Al Kanadih
364542317,4734316,sq,Rukn al Washla
364542394,4734317,sq,Al Ma`arid
364542548,4734319,sq,Qabr al Qal`ah
364542702,4734321,sq,Mahall el Ubejd
364542933,4734324,sq,Bejt el Hashaf
364543318,4734329,sq,Bayt Hadi
364543472,4734331,sq,Al Akamah
364543857,4734336,sq,Ad Darm
364544242,4734341,sq,El Magharib
364544550,4734345,sq,Salaha
364544704,4734347,sq,Al Hamit
364544935,4734350,sq,Az Zaharah
364545089,4734352,sq,Az Zahrayn
364545166,4734353,sq,El Qushub
364545936,4734363,sq,Ma`tan
364546167,4734366,sq,Bab Ma`takah
364546475,4734370,sq,Al Maraghah
364546552,4734371,sq,Bejt el Khawlani
364546937,4734376,sq,Kamal
364547091,4734378,sq,aljhar
364547399,4734382,sq,Zahrat el Maqsh
364547553,4734384,sq,Al Junah
364547707,4734386,sq,Ad Darrab
364547784,4734387,sq,Ath Thawiyah
364547861,4734388,sq,Ad Darrab
364547938,4734389,sq,Al Kasabah si Sufla
364548092,4734391,sq,Al I`mar
364548246,4734393,sq,Miran
364548862,4734401,sq,Bejt në Tamm
364549093,4734404,sq,`Uqab
364549324,4734407,sq,Shi'b el Hillah
364549555,4734410,sq,El Athrabah
364549632,4734411,sq,Sanamah
364550094,4734417,sq,As Sawh
364550171,4734418,sq,Bejt ad Dahmi
364550248,4734419,sq,Ash Shurh
364550479,4734422,sq,Bayt Rassam
364550633,4734424,sq,Bejt Rassam
364550941,4734428,sq,Rasid
364551634,4734437,sq,byt aladwr
364551865,4734440,sq,khdar
364551942,4734441,sq,Nawah
364552173,4734444,sq,byt alʿwraʾ
364552481,4734448,sq,El Hixhre
364552635,4734450,sq,El Hixhre
364552712,4734451,sq,Bejt Zumar
364552943,4734454,sq,Bejt Ghasham ue Bejt Zejd
364553020,4734455,sq,Al Khawaqirah
364553636,4734463,sq,As Sawani`
364553790,4734465,sq,Tarhalah
364553944,4734467,sq,Masallah
364554021,4734468,sq,Zafal
364554098,4734469,sq,Masallah
364554329,4734472,sq,Bayt Salim
364554483,4734474,sq,Qa` ash Sharqi
364554637,4734476,sq,Qa ' ash Sharqi
364554714,4734477,sq,Bejt Mutahar
364554791,4734478,sq,Bejt `Asari
364555022,4734481,sq,Ash Shalali
364555099,4734482,sq,byt nashr
364555176,4734483,sq,Ash Shalal
364555484,4734487,sq,Asfarah
364555792,4734491,sq,Az Zahar
364556331,4734498,sq,Bejt Mubarak
364556716,4734503,sq,Bejt Humejlah
364556793,4734504,sq,Kasan
364556870,4734505,sq,El 'Atfah
364556947,4734506,sq,Ez Zejnabi
364557024,4734507,sq,Al Lujayn
364557178,4734509,sq,Al Lujayn
364557255,4734510,sq,Al `Arajish
364557409,4734512,sq,Si Selef
364557486,4734513,sq,Shi`b el Kajsi
364557563,4734514,sq,Gharib Ruzajq
364557640,4734515,sq,Mihrak al Qutri
364557794,4734517,sq,Ad Dahawir
364557948,4734519,sq,Ad Dahawir
364558102,4734521,sq,Shi'b el Hajuri
364558179,4734522,sq,Al Ghadir
364558256,4734523,sq,Salqu`
364558487,4734526,sq,Al Kubayshi
364558641,4734528,sq,aljyshyat
364559488,4734539,sq,Bejt el Xheushai
364559565,4734540,sq,Zahr Bani Dhibah
364559642,4734541,sq,Adh Dhira`
364559719,4734542,sq,Qal`at al Hanash
364559796,4734543,sq,Al Mashbah
364559873,4734544,sq,Kal'et al Hanash
364559950,4734545,sq,Al Bush
364560104,4734547,sq,Mihwal
364560181,4734548,sq,Nadlah
364560335,4734550,sq,alhwq
364560489,4734552,sq,Al Mabruq
364560643,4734554,sq,Al Ma`bar
364560720,4734555,sq,`Azzan
364560874,4734557,sq,Një Nakif
364560951,4734558,sq,Wadi as San`ani
364561259,4734562,sq,El Kufahah
364561490,4734565,sq,Habil as Suq
364561644,4734567,sq,Ju'abah
364561721,4734568,sq,Ad Dal`ah si Sufla
364561875,4734570,sq,Al Hadayir
364561952,4734571,sq,Ad Dal'ah el 'Ulya
364562414,4734577,sq,Bayt Khammash
364562568,4734579,sq,Bejt Khammash
364562876,4734583,sq,Al Misann
364563030,4734585,sq,Një Nasirah
364563184,4734587,sq,Një Nasirah
364563261,4734588,sq,El Mihsarah
364563415,4734590,sq,Al Haswah
364563723,4734594,sq,El Mawsitah
364563954,4734597,sq,Bejt 'Anan
364564031,4734598,sq,byt slʿan
364564185,4734600,sq,Si Sanamah
364564262,4734601,sq,Qa'el Xhihari
364564339,4734602,sq,Bejt el Harithi
364564570,4734605,sq,Bejt Abdah Ali
364564801,4734608,sq,El Akah
364565109,4734612,sq,Bejt el Xhefali
364565263,4734614,sq,alhayl
364565494,4734617,sq,Hixhret ue Bejt Matir
364565571,4734618,sq,Bejt `Arasim
364565802,4734621,sq,El Mervah si Sufla
364567034,4734637,sq,Sahl Salim
364567265,4734640,sq,El Makdudeh
364567727,4734646,sq,Ash Shu`ub
364567804,4734647,sq,Si Suhul
364567881,4734648,sq,Ash Shuqrah
364568189,4734652,sq,Al Mukhalif
364568882,4734661,sq,Al Hawmari
364568959,4734662,sq,Qaradi
364569113,4734664,sq,Bejt Ebu Had`esh
364569267,4734666,sq,Bejt Ebu Had`esh
364569344,4734667,sq,Sur Ja`dan
364569729,4734672,sq,Dhira` al Qasabah
364569806,4734673,sq,Adh Dhira` ue as Sa`wah
364569883,4734674,sq,Dhira' al Kasabah
364570114,4734677,sq,Al Akamah al `Ulya
364570191,4734678,sq,Adh Dhira`
364570422,4734681,sq,Al Burdah
364570576,4734683,sq,Xhebel Hisn
364570653,4734684,sq,Gharib si Suq
364570730,4734685,sq,Wadi al-Kal`ah
364570807,4734686,sq,Kuad Rejde
364570884,4734687,sq,Bayt Shawki
364570961,4734688,sq,Ash Sharaqi
364571038,4734689,sq,Al Qaryah al `Ulya
364571192,4734691,sq,Al Qaryah as Sufla
364571346,4734693,sq,Bejt el Khuza'i
364571423,4734694,sq,Kal`et Hadi
364571731,4734698,sq,Bejt Muhamed
364572039,4734702,sq,Al Haffah
364572116,4734703,sq,Al Qaryah as Sufla
364572270,4734705,sq,Al Akhdur
364572578,4734709,sq,Bejt el Xhafari
364572732,4734711,sq,Bejt ad Diba'
364572809,4734712,sq,Al Xharbah
364573040,4734715,sq,Bejt Xhebr
364573271,4734718,sq,Jubjub
364573425,4734720,sq,El 'Inab
364573502,4734721,sq,Al Ma`ali
364573656,4734723,sq,El Ma`ali
364573733,4734724,sq,Shawhat
364573964,4734727,sq,Bayt Ghazi
364574041,4734728,sq,Hamatah
364574503,4734734,sq,Ar Ramadijah
364574657,4734736,sq,Ar Ramadiyah
364574734,4734737,sq,Habil al Maqsa`
364575427,4734746,sq,jwʿan
364575658,4734749,sq,Al Qarah
364575735,4734750,sq,Al Akhdur
364576582,4734761,sq,Qal`at ar Rih
364576736,4734763,sq,Kal`at ar Rih
364576813,4734764,sq,Mahsabah
364576890,4734765,sq,Bejt el Makin
364577429,4734772,sq,Bejt al Xhezar
364577506,4734773,sq,Bejt Hadi Ali
364578045,4734780,sq,Si Saru
364578122,4734781,sq,Bejt el Mihjar
364578276,4734783,sq,Bejt el Mihjar
364578584,4734787,sq,Badah
364579585,4734800,sq,Dhira'ul Adanah
364579970,4734805,sq,El Ashshash
364580047,4734806,sq,Al Qanhah
364580124,4734807,sq,Bejt në Talhi
364580201,4734808,sq,Mahall `Abd al Wahid
364580432,4734811,sq,Kuad Husejn
364580509,4734812,sq,Hawbah
364580586,4734813,sq,alʿjwat
364580663,4734814,sq,hwsan
364580740,4734815,sq,Ash Shu`ayib
364581510,4734825,sq,Al Gharnuq
364581664,4734827,sq,Bayt ad Dawasi
364581818,4734829,sq,Bejt ad Davasi
364582203,4734834,sq,Mahall al Karyah
364582665,4734840,sq,Al Khaya`il
364583127,4734846,sq,Bejt el Muxhavvib
364583512,4734851,sq,Bejtul Arsah
364583820,4734855,sq,Al Kalathimah
364583897,4734856,sq,Al Hayarah
364583974,4734857,sq,Qu`ad Marzuq
364584128,4734859,sq,Ku`ad Marzuq
364584359,4734862,sq,Bejt esh Shu`ub
364584513,4734864,sq,alhyafa
364584667,4734866,sq,Qaflat an Nusayri
364584744,4734867,sq,Al Hamayit
364585206,4734873,sq,byt shrhan
364586284,4734887,sq,byt alʿms
364586515,4734890,sq,Ar Rajayim
364586592,4734891,sq,Al Marbukh
364586669,4734892,sq,Al Bukur
364586746,4734893,sq,Al Marbukh
364586823,4734894,sq,Bejt esh Shurfi
364587285,4734900,sq,Al Qarranah
364587439,4734902,sq,Al Karranah
364587516,4734903,sq,Ra's al Ghawlah
364587670,4734905,sq,Ra's al Ghawlah
364587978,4734909,sq,Bejt Gajlan
364588055,4734910,sq,Ghayl Hurah
364588979,4734922,sq,Si Sananah
364589133,4734924,sq,El Ma`azib
364589518,4734929,sq,Seiyun
364590134,4734937,sq,Beni el Umari
364590673,4734944,sq,Al Gharbi
364590750,4734945,sq,alqhd
364590827,4734946,sq,Al Gharbi
364590904,4734947,sq,Al 'Ammash
364590981,4734948,sq,Bayt Salah
364591212,4734951,sq,Esh Sha`ali
364591289,4734952,sq,Al Mahjar
364591366,4734953,sq,Si Saddah
364591597,4734956,sq,El Qu`ri
364591751,4734958,sq,Tallan
364592136,4734963,sq,Ash Shaqqah
364592213,4734964,sq,Az Zarfah
364592290,4734965,sq,Esh Shakah
364592752,4734971,sq,Bayt as Surayhi
364592829,4734972,sq,Al Mahalli
364593214,4734977,sq,Buyut Faris
364593368,4734979,sq,mʿyan
364593522,4734981,sq,Al Ghayzah
364593599,4734982,sq,Al Khawi
364593753,4734984,sq,byt jar allh
364593830,4734985,sq,Wadi al Ghimar
364593984,4734987,sq,As Salwah
364594061,4734988,sq,As Safayah
364594138,4734989,sq,Raydat az Zil'ah
364594215,4734990,sq,Si Safayah
364594292,4734991,sq,Si Sirar
364594677,4734996,sq,Al `Aridah
364594831,4734998,sq,Bejt Kittan
364595062,4735001,sq,Al Maribiyah
364595601,4735008,sq,El 'Ansiyah
364595755,4735010,sq,Bejt Ahmed el A`la
364595832,4735011,sq,Al Washal
364595909,4735012,sq,Dhi Khisa`
364595986,4735013,sq,Al Khawjah
364596371,4735018,sq,Bejt ad Dawba`i
364596525,4735020,sq,Bejt ad Dawba`i
364596679,4735022,sq,Bayt Ma`lif
364596833,4735024,sq,Bejt Ma`lif
364596910,4735025,sq,Hazirat Hayy
364597064,4735027,sq,As Safiyah
364597141,4735028,sq,Bir `Ayid
364597218,4735029,sq,Si Safijah
364597295,4735030,sq,Bejt el Bavra'i
364597372,4735031,sq,Bayt Hujayrah
364597449,4735032,sq,Bejt el Bavra'i
364597526,4735033,sq,Ad Dik
364597680,4735035,sq,Ad Dik
364597757,4735036,sq,Si Safijah
364597834,4735037,sq,Za`mah
364597911,4735038,sq,Al Haddali
364597988,4735039,sq,Bayt Salah
364598065,4735040,sq,Al Qa` Bidah
364598142,4735041,sq,Shawa'it
364598219,4735042,sq,Bejt el Himah
364598296,4735043,sq,Ar Rayisi
364598373,4735044,sq,Hallus
364598450,4735045,sq,El Mushejme
364598527,4735046,sq,Al Manqad
364598604,4735047,sq,Në Tuffah
364598681,4735048,sq,Wadi al Qurud
364598835,4735050,sq,Vadi el Qurud
364598989,4735052,sq,almnʿaʾ
364599066,4735053,sq,Al Gharibah
364599297,4735056,sq,Al Khamis
364599374,4735057,sq,Ad Dala`
364599451,4735058,sq,Bejt ash Shami
364599605,4735060,sq,Ar Ramadah
364599682,4735061,sq,Al `Adaf
364599759,4735062,sq,Ar Ramadah
364599836,4735063,sq,Bejt al Muganni
364599913,4735064,sq,Bayt Salah
364599990,4735065,sq,Bejt al Muganni
364600221,4735068,sq,Al Hisn
364600298,4735069,sq,Rakib al 'Akshi
364600375,4735070,sq,Bejt Hamid
364600452,4735071,sq,Shahitah
364600529,4735072,sq,Al Qasabah
364600606,4735073,sq,Bayt Khizindar
364600683,4735074,sq,Al Hadabah
364600760,4735075,sq,Bayt Suwaydan
364600914,4735077,sq,byt ghdban
364601068,4735079,sq,Al Hajaz
364601222,4735081,sq,Al Hajaz
364601299,4735082,sq,Al Fadawir
364601376,4735083,sq,Bejt esh Shubejri
364601453,4735084,sq,Bejt Axhib
364601684,4735087,sq,Al Manajid
364601761,4735088,sq,Si Sarar
364601992,4735091,sq,Fauk el Hajd
364602300,4735095,sq,Ad Dabrah
364602454,4735097,sq,Bayt Busays
364602531,4735098,sq,Bejt al Wijari
364602685,4735100,sq,Al Barayik
364602762,4735101,sq,Ez Zafaq
364602839,4735102,sq,`Arsh
364602993,4735104,sq,Ar Ruwayd
364603532,4735111,sq,Az Zubayra'
364603686,4735113,sq,Bayt Hibah
364603763,4735114,sq,Bejt Muhawish
364603840,4735115,sq,Al Qaryah al `Ulya
364603994,4735117,sq,Al Qaryah as Sufla
364604071,4735118,sq,ghythan
364604148,4735119,sq,Bejt Muflih
364604225,4735120,sq,albtan
364604302,4735121,sq,Bayt Hizam
364604379,4735122,sq,Bayt Jahzar
364604456,4735123,sq,Bejt Hizam
364604533,4735124,sq,Bejt Jahzar
364604610,4735125,sq,Bejt el Kabsi
364604764,4735127,sq,Al Haffah
364604841,4735128,sq,Bayt Tamim
364604918,4735129,sq,Al Haffah
364604995,4735130,sq,Bayt Tamim
364605072,4735131,sq,Bejt Xhabir
364605149,4735132,sq,Bayt Salah
364605226,4735133,sq,Bejt Xhabir
364605380,4735135,sq,Bejt el Katuf
364605611,4735138,sq,`Asran
364605765,4735140,sq,Mashiq
364605842,4735141,sq,El Hixhre
364605919,4735142,sq,byt mʿsar
364606073,4735144,sq,Bejt el Xheudah
364606304,4735147,sq,El Fukaha'
364606381,4735148,sq,Harat al Hablayn
364606458,4735149,sq,El Fukaha'
364607074,4735157,sq,Ad Dabr
364607151,4735158,sq,Al Mawqifah
364607228,4735159,sq,Habil as Suq
364607382,4735161,sq,Silah
364607767,4735166,sq,Bejt Ali Muslih
364607844,4735167,sq,Bejt Muajad
364607921,4735168,sq,Bejt Xherah
364608152,4735171,sq,Bejt el Hammudi
364608383,4735174,sq,'Aqidah
364608614,4735177,sq,ʿyzr alashraf
364608922,4735181,sq,As Sahl
364609076,4735183,sq,Bejt Mahir
364609615,4735190,sq,si Suqya'
364610231,4735198,sq,El Mikshab
364610385,4735200,sq,Al Kawlah
364610462,4735201,sq,`Adhak
364610693,4735204,sq,Al Xhurfah
364611463,4735214,sq,Ra's al Wajiyah
364612926,4735233,sq,Në Tiwal
364613003,4735234,sq,Manqad
364613388,4735239,sq,Hisn al Qaryah
364614312,4735251,sq,Bab Milkatah
364614466,4735253,sq,Al Magribah
364614620,4735255,sq,Ar Raydah
364614774,4735257,sq,Bejt Nasir
364615236,4735263,sq,Bejt Hizam
364615544,4735267,sq,jhran
364615698,4735269,sq,Rejd edh Dhanabah
364615775,4735270,sq,Qabr Gharib
364616391,4735278,sq,Shamari
364616699,4735282,sq,Dil`at al Manzar
364616853,4735284,sq,Dil`at al Manzar
364617392,4735291,sq,Mahall ad Dali`i
364617546,4735293,sq,Bayt në Tayyar
364618162,4735301,sq,Bejt Mansur
364619394,4735317,sq,Al Wali
364619856,4735323,sq,Ash Shamikh
364620241,4735328,sq,Adana
364620395,4735330,sq,`Adanah
364620472,4735331,sq,Bayt Jazzah
364620857,4735336,sq,Bejt Sa`d Kasim
364620934,4735337,sq,Al Balad
364621011,4735338,sq,Bayt al Qimmah
364621088,4735339,sq,Ad Dahhah
364621165,4735340,sq,Bejt esh Shahari
364621319,4735342,sq,Bejt Tahir
364621473,4735344,sq,almsya
364621627,4735346,sq,Bayt Sa`id
364621704,4735347,sq,Umejre
364621781,4735348,sq,Bejt Sa`id
364622782,4735361,sq,Al Hububah
364622859,4735362,sq,Bayt Fari`
364623013,4735364,sq,Bejt Fari`
364623090,4735365,sq,Al Mikhzaq
364623167,4735366,sq,Një Nasibah
364623244,4735367,sq,Al Hawamit
364623321,4735368,sq,Khallat al 'Aqd
364623398,4735369,sq,Al Qinhah
364623552,4735371,sq,Bayt Salim
364623629,4735372,sq,El Mikhza'i
364623783,4735374,sq,Al Jahda`i
364624014,4735377,sq,ghras jabr
364624091,4735378,sq,Jirbat al Bir
364624168,4735379,sq,Ad Darbayn
364624322,4735381,sq,Al Hamra'
364624399,4735382,sq,Hadabet esh Shejrijah
364624476,4735383,sq,Al Hamrani
364624553,4735384,sq,Xhabejb el Avaj
364624630,4735385,sq,Al Fajrah
364624707,4735386,sq,Bejt Rashid
364624784,4735387,sq,Bejt Utejif
364625169,4735392,sq,Ash Shu`kulah
364625400,4735395,sq,Bejt Raxhih
364626093,4735404,sq,byt frhan
364626324,4735407,sq,Bejt el Xhabiri
364626401,4735408,sq,ryʿan
364626478,4735409,sq,Al Magribah
364626632,4735411,sq,Al Hamzi
364626863,4735414,sq,Një Nabitah
364626940,4735415,sq,Bayt Zayn
364627171,4735418,sq,Një Naqil
364627787,4735426,sq,Al Lakamah
364628249,4735432,sq,Bejt Matar
364628711,4735438,sq,Një Naqil
364628788,4735439,sq,Al Mansurah
364629327,4735446,sq,Si Salahi el A`la
364629404,4735447,sq,Si Salahi el Asfal
364629866,4735453,sq,Al `Ard
364629943,4735454,sq,Bejt Gavlah
364630251,4735458,sq,Bejt Ardah
364630328,4735459,sq,Në Talhah
364630944,4735467,sq,Bejt Jahja Mehdiu
364631021,4735468,sq,Bejt el Muharibi
364631175,4735470,sq,Bejt el Muharibi
364631252,4735471,sq,Kal`at Sanad
364631406,4735473,sq,Ad Dimanah
364631560,4735475,sq,Ad Dimanah
364631714,4735477,sq,Bejt el Ajani
364631791,4735478,sq,Bejt ad Dukah
364631945,4735480,sq,Al Maknah
364632407,4735486,sq,Shi`b an Nawb
364632484,4735487,sq,Bejt el Qamli
364633023,4735494,sq,Al Balad
364633639,4735502,sq,Gajl el Eshsheh
364633716,4735503,sq,Mandari si Sawma`ah
364634024,4735507,sq,Mahall si Safa'
364634255,4735510,sq,Dhi Maljam
364634409,4735512,sq,Dhi Maljam
364634871,4735518,sq,Al Hatabah
364635102,4735521,sq,Thu'ayl
364635256,4735523,sq,alʿbrat
364635333,4735524,sq,Mawkil
364635410,4735525,sq,El Bejt el 'Ali
364635641,4735528,sq,Al `Alafiqi
364635718,4735529,sq,Al Xharfah
364636180,4735535,sq,Al Mudawwar
364636257,4735536,sq,Al Hariq
364636411,4735538,sq,Rashida
364637489,4735552,sq,Al Jawjabi
364637720,4735555,sq,Ma`far
364637797,4735556,sq,Al Kahdah si Safil
364637874,4735557,sq,Al Hisn
364637951,4735558,sq,almqlaʿ
364638105,4735560,sq,El Ma`rib
364638490,4735565,sq,Adh Dh`nah
364638875,4735570,sq,El Magharib
364638952,4735571,sq,Wuhayban
364639106,4735573,sq,Hajura
364639260,4735575,sq,Al `Aridah
364639414,4735577,sq,alqrdaʿ
364639645,4735580,sq,Maswarah
364639953,4735584,sq,Mawqi`
364640261,4735588,sq,Al Hisn
364640338,4735589,sq,Al Ashkharah
364640569,4735592,sq,Bayt si Siwah
364641185,4735600,sq,Ash Sha`mali
364642879,4735622,sq,almsl
364644265,4735640,sq,Ad Darrab
364644342,4735641,sq,Al Humr
364644419,4735642,sq,Ad Darrab
364644650,4735645,sq,Bayt Ghazi
364644727,4735646,sq,Ramada
364644881,4735648,sq,Najd al Madfan
364645035,4735650,sq,Nexhd el Madfan
364645266,4735653,sq,Bayt Rassam
364645420,4735655,sq,Bejt Rassam
364645574,4735657,sq,Al Jiyah
364645651,4735658,sq,Wadi Sha`ir
364645728,4735659,sq,Al Jiyah
364645959,4735662,sq,Al Marjalah
364646652,4735671,sq,Si Sanahinah
364646883,4735674,sq,Bab Khamis
364647191,4735678,sq,Al Kubbah
364647576,4735683,sq,Az Zawagh
364647807,4735686,sq,Hasban
364647961,4735688,sq,Galfi
364648346,4735693,sq,Al Mahallah
364649039,4735702,sq,Buhajt
364649809,4735712,sq,Ad Dathan
364650271,4735718,sq,Havdah
364650887,4735726,sq,Ar Ruqawa`i
364652119,4735742,sq,hmran
364652350,4735745,sq,Al Hawamir
364652966,4735753,sq,Surm el 'Atbijah
364653043,4735754,sq,Zahrat si Silfah
364653351,4735758,sq,Al Hanani
364653428,4735759,sq,'Abahirah
364653505,4735760,sq,Si Safijah
364653736,4735763,sq,Bejt Shuvejtir
364654044,4735767,sq,Ash Shadu
364654352,4735771,sq,Hauf al Wadi
364654506,4735773,sq,Hawf al Wadi
364657586,4735813,sq,Si Selam
364659049,4735832,sq,El Kufejli
364660435,4735850,sq,Zahr Qazan
364660743,4735854,sq,bab qʿwan
364661051,4735858,sq,Ad Durrah
364662437,4735876,sq,Ad Dabrah
364662591,4735878,sq,dhwad
364662745,4735880,sq,zawa alghrf
364662822,4735881,sq,Zahrat ad Dahami
364662899,4735882,sq,Zahrat el Kabd
364662976,4735883,sq,alqfl
364663284,4735887,sq,Al Ma`sar
364664670,4735905,sq,Al Manjiyah
364664824,4735907,sq,Ba`sanah
364664978,4735909,sq,`Adan Hawr
364665055,4735910,sq,Adh Dhibah
364665132,4735911,sq,Zahrat el Maja`ir
364665209,4735912,sq,Adh Dhibah
364665594,4735917,sq,Ar Rammanah
364665748,4735919,sq,Dal`ah
364666595,4735930,sq,Al Manajid
364667211,4735938,sq,Ash Sharkhah
364667288,4735939,sq,Al Julub
364667365,4735940,sq,Al Mujaz
364667442,4735941,sq,Adh Dhira`
364667519,4735942,sq,Bayt Khizindar
364667673,4735944,sq,Qa'el Balsan
364667750,4735945,sq,Shi'bat si Safa'
364667827,4735946,sq,byt almdar
364668058,4735949,sq,Al Madhabihah
364668135,4735950,sq,almʿmar
364668289,4735952,sq,Bejt Esad
364668366,4735953,sq,Al Jububah
364668674,4735957,sq,Al Habil
364669213,4735964,sq,shʿb almtrab
364669367,4735966,sq,Zulumah
364669983,4735974,sq,Ad Dar
364670676,4735983,sq,Ra's një Naqil
364670907,4735986,sq,Manarah
364671600,4735995,sq,El Kahdah el 'Ali
364672062,4736001,sq,Al Qubbah
364672139,4736002,sq,Rijaf
364672293,4736004,sq,Në Tarhah
364672524,4736007,sq,Dhamwah
364672986,4736013,sq,Dirah
364673063,4736014,sq,Al Jara`imah
364673140,4736015,sq,Dirah
364673217,4736016,sq,Al Jara`imah
364673371,4736018,sq,\N
364673679,4736022,sq,Safa' al Karyah
364673756,4736023,sq,Al Huwaydin
364673910,4736025,sq,Al Huvejdin
364673987,4736026,sq,Ar Raznah
364674141,4736028,sq,Shazab
364674218,4736029,sq,Al Fuqah
364674295,4736030,sq,Shazab
364674372,4736031,sq,Si Sa`dat
364674526,4736033,sq,Dakamah
364674603,4736034,sq,`Adimah
364674834,4736037,sq,An Najiyah
364674911,4736038,sq,Bani Dabyan
364675065,4736040,sq,Habashah
364675373,4736044,sq,Al Maqta`
364675604,4736047,sq,Si Sanja
364675681,4736048,sq,Jububat `Adan
364675758,4736049,sq,Al Qaramish
364675912,4736051,sq,Al Qaramish
364675989,4736052,sq,Bejt ash Shami
364676066,4736053,sq,Al Hasbi
364676143,4736054,sq,`Aran
364676220,4736055,sq,Salimah
364676297,4736056,sq,`Aran
364676605,4736060,sq,alakhtwr
364676836,4736063,sq,El Ak
364676990,4736065,sq,alhym
364677375,4736070,sq,Al Hisn
364677452,4736071,sq,Si Sardahah
364677837,4736076,sq,Al Fuqah
364677991,4736078,sq,Bejt el Fakih
364678068,4736079,sq,byt alʿtaʾ
364678145,4736080,sq,Bejt el Fakih
364678299,4736082,sq,El Masna'ah
364678915,4736090,sq,Al Jabbanah
364679069,4736092,sq,Si Samsarah
364679146,4736093,sq,Bejt el Jashush
364679377,4736096,sq,Hakideh
364679531,4736098,sq,Lahjat `Ulya
364679685,4736100,sq,Lahjat `Ulya
364679762,4736101,sq,Mihjan
364680147,4736106,sq,Kawlat `Anan
364680532,4736111,sq,Sadih
364681841,4736128,sq,Selef al Makhdarah
364681918,4736129,sq,Si selef
364681995,4736130,sq,alqsf
364682303,4736134,sq,Al Ja`ar
364682380,4736135,sq,Al Hanak
364682457,4736136,sq,Al Qusay`
364682534,4736137,sq,Hisn Najmayn
364682611,4736138,sq,Al Kusay`
364682688,4736139,sq,Hisn Bin Shaya`
364682765,4736140,sq,Si sure
364682996,4736143,sq,Al Harijah
364683073,4736144,sq,Xhebel ad Darbas
364683150,4736145,sq,Al Qin
364683304,4736147,sq,Al Mishrafah
364683458,4736149,sq,El Mishrafah
364683997,4736156,sq,Al Qarah
364684998,4736169,sq,El Fajrah
364685537,4736176,sq,Az Zawahirah
364685614,4736177,sq,El Masna'ah
364686230,4736185,sq,Ash Sha`mali
364687462,4736201,sq,Maghribat Jahlan
364687539,4736202,sq,Hisn Barah
364687924,4736207,sq,El Karyah el Aliyah
364688155,4736210,sq,El Xher'ah
364688386,4736213,sq,Tamuhab
364688694,4736217,sq,Al Haymah
364688925,4736220,sq,Umdah
364689079,4736222,sq,Si Selef al 'Ali
364689310,4736225,sq,Ad Dar
364689387,4736226,sq,Bejt Rudum
364690465,4736240,sq,Mahall Qass
364690619,4736242,sq,Mahall Qass
364690696,4736243,sq,Si Sablah
364690927,4736246,sq,Bani Nukay`
364691235,4736250,sq,Mahall al Marwah
364691466,4736253,sq,Al Gharbi
364691543,4736254,sq,Al Mahallah
364691620,4736255,sq,Qaf'ah
364691774,4736257,sq,Jub Hablah
364691851,4736258,sq,Hisn Yumah
364691928,4736259,sq,Jub Hablah
364692082,4736261,sq,Al Maqatir
364692159,4736262,sq,Al Miqwari
364692236,4736263,sq,El Maqatir
364692852,4736271,sq,Yanad
364694007,4736286,sq,Al Majil
364694623,4736294,sq,Adh Dhubub
364694854,4736297,sq,Si Salm
364695162,4736301,sq,Al Magribah
364696548,4736319,sq,alqwz
364696933,4736324,sq,Al Madhkharah
364697087,4736326,sq,El Madhharah
364697164,4736327,sq,Qarnab
364698704,4736347,sq,Al Qarin
364699705,4736360,sq,Si Suqkah
364700321,4736368,sq,El Mab`arah
364700552,4736371,sq,Al Hudah
364701168,4736379,sq,El Masna'ah
364701322,4736381,sq,nwshan
364701399,4736382,sq,Ash Sharawijah
364701553,4736384,sq,Esh Sheravijah
364701707,4736386,sq,Si Selefah
364701861,4736388,sq,Dannah
364702169,4736392,sq,Al Jamumah
364702631,4736398,sq,Shaqa'
364702708,4736399,sq,Wadi Rahhal
364702939,4736402,sq,El Ma`zibah
364703478,4736409,sq,Al Habil
364703555,4736410,sq,As Safaqayn
364703863,4736414,sq,Habil Qazan
364704017,4736416,sq,Zahrat Hasibah
364704094,4736417,sq,Ash Sharw
364704171,4736418,sq,Zahrat Hasibah
364704248,4736419,sq,Ash Sharw
364704325,4736420,sq,Al Ghurfah
364704402,4736421,sq,Al Hazzah
364704556,4736423,sq,Jabahi
364704710,4736425,sq,Ash Sha`mali
364704787,4736426,sq,Jabbah
364704864,4736427,sq,Maharij
364704941,4736428,sq,Al Qarhamah
364705018,4736429,sq,almtrab
364705095,4736430,sq,Ad Darqit
364705249,4736432,sq,Ad Darqit
364705326,4736433,sq,Esh Shifiyah
364705403,4736434,sq,Al Karif
364705788,4736439,sq,Ez Zehab
364706096,4736443,sq,Ez Zehab
364706173,4736444,sq,aljlb
364706327,4736446,sq,Karbah
364706404,4736447,sq,Haxhi
364706789,4736452,sq,alhdn
364706866,4736453,sq,El Maqatir
364706943,4736454,sq,Al Qarin
364707020,4736455,sq,alhwaz
364707097,4736456,sq,Al Qarin
364707174,4736457,sq,Al Huqul
364707251,4736458,sq,Al Maramid
364707405,4736460,sq,Al Hubayl
364707636,4736463,sq,Si Selef
364707790,4736465,sq,Al Akamah
364707867,4736466,sq,Një Nakhli
364708021,4736468,sq,Një Naqil
364708175,4736470,sq,Një Naqil
364708252,4736471,sq,Ni`mah
364708329,4736472,sq,Al Wasat
364708637,4736476,sq,Al Kassah
364708945,4736480,sq,Al Mihdadah
364709176,4736483,sq,Al Mahjar
364709330,4736485,sq,Ad Diyarah
364710254,4736497,sq,Al Magribah
364710562,4736501,sq,El Mishrafah
364710639,4736502,sq,As Sahl
364710947,4736506,sq,Ash Shurf
364711024,4736507,sq,Al Mansurah
364711255,4736510,sq,El Hakli
364711563,4736514,sq,Al Magribah
364713026,4736533,sq,Al Wadi
364713642,4736541,sq,Hawrah
364714027,4736546,sq,Ad Dimnah
364714720,4736555,sq,As Sayh
364714951,4736558,sq,Al Batnah
364715105,4736560,sq,Al `Udayn
364716260,4736575,sq,Ash Shi`b
364717954,4736597,sq,Ash Shurf
364718185,4736600,sq,Al Mahall
364718493,4736604,sq,Al Kusay`
364720264,4736627,sq,Suq Hashif
364720341,4736628,sq,Një Nuwayrah
364720418,4736629,sq,Bejt an Naqil
364720495,4736630,sq,Hamrat ad Dar
364720649,4736632,sq,Mujayninah
364720726,4736633,sq,Al Qanahid
364720880,4736635,sq,Al Qanahid
364720957,4736636,sq,Al Manjidah
364721111,4736638,sq,Al Kawlah
364721188,4736639,sq,Si Sarjah
364721265,4736640,sq,Aflah
364721342,4736641,sq,Ar Rakabah
364721419,4736642,sq,`Aflah
364721650,4736645,sq,Al Abrahi
364721727,4736646,sq,alqfa
364721881,4736648,sq,Huxhfah
364721958,4736649,sq,alkham
364722189,4736652,sq,Al Mashra`ah
364722266,4736653,sq,Al Hillah
364722343,4736654,sq,El Mashra'ah
364722420,4736655,sq,Al Jirfah
364722497,4736656,sq,Shaqar
364722574,4736657,sq,Al Kharabah
364722651,4736658,sq,Shaqar
364722882,4736661,sq,Si Sarakah
364722959,4736662,sq,Al Gharibah
364723190,4736665,sq,As Sayh
364723267,4736666,sq,Az Zahrah si Sufla
364723344,4736667,sq,Zahrat Bani `Isa
364723421,4736668,sq,Ez Zahrah si Sufla
364723498,4736669,sq,Zahrat Beni `Isa
364723575,4736670,sq,Al Waljah
364723729,4736672,sq,almhsha
364723806,4736673,sq,Al Jashah
364723883,4736674,sq,Al Manasib
364724037,4736676,sq,Al Ghul
364724191,4736678,sq,Al Jurayn
364724268,4736679,sq,Al Mij`arah
364724345,4736680,sq,Al Jurayn
364724422,4736681,sq,El Mij`arah
364724499,4736682,sq,El Majdamah
364724730,4736685,sq,Al Wadi
364724807,4736686,sq,Al Manamah
364724884,4736687,sq,Ash Shurf
364724961,4736688,sq,Ja`r
364725038,4736689,sq,`Adf
364725115,4736690,sq,Masnah
364725192,4736691,sq,Esh Shanifijah
364725269,4736692,sq,Masnah
364725346,4736693,sq,Al Jirfah
364725885,4736700,sq,Dhahani
364726116,4736703,sq,Al Kadakid
364726347,4736706,sq,dnghar
364726501,4736708,sq,Ad Dar
364726655,4736710,sq,Al Mahqari
364726732,4736711,sq,Shi`b as Sani`
364726963,4736714,sq,Ad Darmah
364727040,4736715,sq,Al Mahattah
364727117,4736716,sq,Ad Darmah
364727194,4736717,sq,atnwb
364727425,4736720,sq,El Khirbah si Sufla
364727502,4736721,sq,alʿbr
364727733,4736724,sq,Ad Dar
364727810,4736725,sq,Shamir
364727887,4736726,sq,Rukbat Davudi
364727964,4736727,sq,Al Majarayn
364728041,4736728,sq,Magharib al Juzur
364728118,4736729,sq,Qardi
364728195,4736730,sq,alamrad
364728580,4736735,sq,Al Mishraqi
364728657,4736736,sq,Rukbat ez Zahr
364728734,4736737,sq,Al Mishraqi
364728811,4736738,sq,Si Sakah
364729042,4736741,sq,Al Marham
364729273,4736744,sq,Qarakir
364729889,4736752,sq,Al Jazab
364730274,4736757,sq,Al Qitta`
364730505,4736760,sq,alaqwaz
364730582,4736761,sq,Al Gharsah
364730659,4736762,sq,As Saradifah
364730813,4736764,sq,Sahmal
364731121,4736768,sq,Al Maqla`
364731198,4736769,sq,El Kharf al `Ali
364731275,4736770,sq,El Maqla`
364731583,4736774,sq,Al Kharf si Safil
364731814,4736777,sq,Al Mahall
364731891,4736778,sq,Al Haffah
364731968,4736779,sq,Al Mahall
364732045,4736780,sq,El Hakli
364732507,4736786,sq,Al Qal`ah
364732815,4736790,sq,Larkah
364732892,4736791,sq,Al Marabikh
364733046,4736793,sq,Al Muraba`ah
364733123,4736794,sq,Si Subayh
364733200,4736795,sq,El Muraba'ah
364733277,4736796,sq,Ash Shafar
364733354,4736797,sq,Ad Dar
364733431,4736798,sq,Al Hamra'
364733508,4736799,sq,Al Gharibah
364733585,4736800,sq,Në Tih
364733662,4736801,sq,Al Gharibah
364734201,4736808,sq,Al Haffah
364734278,4736809,sq,Al Huqul
364735048,4736819,sq,Al Khandha`
364735125,4736820,sq,Al Jablaniyah
364735433,4736824,sq,El Hakli
364735664,4736827,sq,Al Ghariqah
364736434,4736837,sq,Al Khazajah
364736511,4736838,sq,El Maxhalah
364736588,4736839,sq,Një Nabk
364736665,4736840,sq,As Sulayf
364736819,4736842,sq,Kammat `Amir
364737050,4736845,sq,alhyaj
364737127,4736846,sq,Al Mabrak
364737204,4736847,sq,Ash Shi`bayn
364737435,4736850,sq,Al Mabrak
364737512,4736851,sq,Sarh
364737743,4736854,sq,Al Jamun
364738282,4736861,sq,mqlas
364739129,4736872,sq,Ath Thawjan
364739591,4736878,sq,Al Jarjarah
364739668,4736879,sq,Shaws
364739822,4736881,sq,Edh Dhanmah
364739976,4736883,sq,Adh Dhanmah
364740053,4736884,sq,Al Majarin
364740207,4736886,sq,Al Masbahi
364740361,4736888,sq,`Ibadet
364740438,4736889,sq,Al Hillah
364740823,4736894,sq,alqwh
364740900,4736895,sq,Ad Darb
364741131,4736898,sq,Ash Shasar
364741362,4736901,sq,alqrd
364741439,4736902,sq,Një Naqil
364741747,4736906,sq,Ash Shurf
364741824,4736907,sq,Al Yafa`
364741901,4736908,sq,Beni Qari`
364742132,4736911,sq,Al Majarayn
364742286,4736913,sq,Ar Razmah
364742517,4736916,sq,Ash Shatt
364742594,4736917,sq,Bani Murrah
364742671,4736918,sq,almshraq
364742825,4736920,sq,Rijaf
364742979,4736922,sq,Samijah
364743056,4736923,sq,Al Mahall
364743210,4736925,sq,Si Sayhi
364743287,4736926,sq,Al Mahqari
364743441,4736928,sq,Adar
364743826,4736933,sq,Wadi Bardan
364744365,4736940,sq,Sharkah
364744596,4736943,sq,Ash Shurf
364744750,4736945,sq,Ash Shurf
364744827,4736946,sq,Al Akamah
364744904,4736947,sq,Xhandalah
364744981,4736948,sq,Al Bush
364745135,4736950,sq,Al Kubbah
364745366,4736953,sq,Al Mahjar
364745443,4736954,sq,Al Jaybal
364745520,4736955,sq,Al Mahjar
364745751,4736958,sq,Al Humr
364746059,4736962,sq,Al Maqrin
364746136,4736963,sq,Al ' Alu
364746213,4736964,sq,El Maqrin
364746290,4736965,sq,Al Hinna
364746521,4736968,sq,Al Xhebel
364746598,4736969,sq,Al Haqab
364746675,4736970,sq,Asah
364746752,4736971,sq,Al Mishraqi
364746906,4736973,sq,Manqad
364747522,4736981,sq,Ad Dabr
364747984,4736987,sq,El Mervah si Sufla
364748061,4736988,sq,`Urwah
364748292,4736991,sq,Si Sulul
364749370,4737005,sq,Si Sahi
364749447,4737006,sq,El Kut`ah
364749524,4737007,sq,ras ahyan
364749601,4737008,sq,Al Qal`ah
364749755,4737010,sq,Al Khazjah
364749909,4737012,sq,meshë
364749986,4737013,sq,Si Sultanijah
364750294,4737017,sq,Taraf el Xhurejn
364750525,4737020,sq,Talfatah
364750602,4737021,sq,Jahud
364750756,4737023,sq,jahwd
364751064,4737027,sq,Rahah
364751141,4737028,sq,Ni`mah
364751218,4737029,sq,Rahah
364751372,4737031,sq,aljhr
364751449,4737032,sq,Al Akamah
364751526,4737033,sq,alwrsh
364751603,4737034,sq,Al Akamah
364751680,4737035,sq,Al Hashami
364751834,4737037,sq,Hisn al Qaryah
364751911,4737038,sq,Majbanah
364751988,4737039,sq,Al Wusta
364752142,4737041,sq,Al Wadi`ah
364752219,4737042,sq,Al Maradd
364752373,4737044,sq,Al Mahaqirah al `Ulya
364752527,4737046,sq,Magharib Sa`id
364752681,4737048,sq,Magharib Sa`id
364752758,4737049,sq,As Salah
364752912,4737051,sq,Si Salah
364752989,4737052,sq,Tal'asal
364753143,4737054,sq,Al Wadi
364753528,4737059,sq,Eth Thu`bah
364754221,4737068,sq,Al Barh
364754606,4737073,sq,Ad Dar
364754837,4737076,sq,Al Fuqah
364754914,4737077,sq,El Hakib
364756223,4737094,sq,Timar
364756685,4737100,sq,Ad Dar
364758302,4737121,sq,alqbl
364758456,4737123,sq,Sudan
364758533,4737124,sq,Mashra'ah
364758610,4737125,sq,Abkar
364758918,4737129,sq,Mukhaymir
364759072,4737131,sq,Mukhaymir
364759534,4737137,sq,almjdar
364759611,4737138,sq,Qawahishah
364759765,4737140,sq,Kawahishah
364759842,4737141,sq,almksh
364760304,4737147,sq,Tamara
364760458,4737149,sq,Tamarah
364760612,4737151,sq,Shi'b el Xhemal
364760997,4737156,sq,Al Mabrak
364761074,4737157,sq,Al Marmadah
364761228,4737159,sq,Hawshab
364761305,4737160,sq,Në Turbah
364761382,4737161,sq,Hawshab
364761690,4737165,sq,Zahr el Hixhrah
364761921,4737168,sq,Az Zinaq
364761998,4737169,sq,Jadhaniyah
364762306,4737173,sq,Tha`lab
364762537,4737176,sq,Al Quhaym si Safil
364762614,4737177,sq,El Habil si Safil
364762999,4737182,sq,Za'mah el Aliyah
364763384,4737187,sq,Al Masnah
364763615,4737190,sq,Kavijah
364763692,4737191,sq,alaʿswq
364763846,4737193,sq,Al `Awarid
364764462,4737201,sq,Al Khirbah
364765001,4737208,sq,Qardah
364765463,4737214,sq,`Atrah
364765540,4737215,sq,Al Qahalah
364765848,4737219,sq,Hanish
364766618,4737229,sq,Si Selefah
364766849,4737232,sq,Qidrah
364767003,4737234,sq,Ash Shawiriyah ash Shamiyah
364767080,4737235,sq,Ash Shawiriyah al Yamaniyah
364767157,4737236,sq,Ash Shawiriyah esh Shamijah
364767234,4737237,sq,Ash Shawiriyah al Yamaniyah
364767542,4737241,sq,El Urr el Ali
364769082,4737261,sq,Al Masbahi
364769390,4737265,sq,Rahbun
364770006,4737273,sq,Al Lakamah
364770083,4737274,sq,Makal
364770391,4737278,sq,Al Jubur
364774318,4737329,sq,Al Haddah
364774395,4737330,sq,Si Suhul
364775704,4737347,sq,Rahiqah
364778091,4737378,sq,Në Tiwal
364778784,4737387,sq,Sablah
364779246,4737393,sq,Al Masul
364780093,4737404,sq,Al Mawdanah
364781171,4737418,sq,Sayl
364782788,4737439,sq,El Hakli
364785406,4737473,sq,Al Karfah
364785945,4737480,sq,Al Kadhah
364787562,4737501,sq,Rasbun
364787947,4737506,sq,Harxhab
364788717,4737516,sq,Ash Shurf
364789256,4737523,sq,Si sure
364790873,4737544,sq,Ad Darumah
364791797,4737556,sq,Hisn al Qaryah
364791874,4737557,sq,Al Hisn
364792182,4737561,sq,aljhar
364792952,4737571,sq,Al Haymah
364793722,4737581,sq,rhban
364793799,4737582,sq,Al `Awarid
364794030,4737585,sq,Jarizbah
364794184,4737587,sq,Sadah
364794338,4737589,sq,Sadah
364794415,4737590,sq,`Atharib
364794569,4737592,sq,Al Hassar
364794877,4737596,sq,`Asham
364794954,4737597,sq,`Arunah
364795031,4737598,sq,Asham
364795262,4737601,sq,Jahamah
364795570,4737605,sq,Al Jadid
364795647,4737606,sq,Al Jabajib
364796263,4737614,sq,Ma`sun
364796340,4737615,sq,Al Hansah
364797187,4737626,sq,Al `Urr
364797264,4737627,sq,Ad Dar
364797341,4737628,sq,Sabt
364797495,4737630,sq,Sabt
364797726,4737633,sq,Hisn al Qaryah
364798034,4737637,sq,Si sure
364798111,4737638,sq,Al Maysim
364798188,4737639,sq,Sunub
364798342,4737641,sq,Al Balasah
364798496,4737643,sq,Hisn al Qaryah
364798650,4737645,sq,Ash Shurf
364798804,4737647,sq,Al Karif
364798881,4737648,sq,Lumah
364799112,4737651,sq,alaʿwr
364799343,4737654,sq,Az Zahar
364799420,4737655,sq,Ad Dar
364799497,4737656,sq,alqbl
364799574,4737657,sq,Al Ma`ras
364799728,4737659,sq,Madr
364799882,4737661,sq,Madr
364799959,4737662,sq,Al Khansah
364800575,4737670,sq,Ash Shatt
364800806,4737673,sq,El Bukah si Sufla
364800883,4737674,sq,El Bukah el Ulya
364800960,4737675,sq,El Arjah
364801037,4737676,sq,Ar Raknah
364801345,4737680,sq,Zamarah
364801422,4737681,sq,Al Hajan
364801576,4737683,sq,Hadrun
364801653,4737684,sq,Shaqa'
364801730,4737685,sq,Hadruni
364801961,4737688,sq,Al Qubay`
364802038,4737689,sq,Al Jabjabah
364802192,4737691,sq,Dhu Khalqah
364803193,4737704,sq,Sha`bejn el Matari
364803655,4737710,sq,Adfah
364803809,4737712,sq,Sadad
364803886,4737713,sq,`Adunah
364803963,4737714,sq,Sadadi
364805195,4737730,sq,Si Silfah
364805734,4737737,sq,Al Jubub
364808506,4737773,sq,Al Akabe
364810585,4737800,sq,Esh Sharaf al 'Ali
364810893,4737804,sq,El Kut`ah
364811201,4737808,sq,Al Barh
364811509,4737812,sq,Ar Rahabah
364811817,4737816,sq,alhbs
364812125,4737820,sq,Al Mawram
364812202,4737821,sq,alqtal
364813434,4737837,sq,Ash Shurf
364813896,4737843,sq,Al Kadid
364814127,4737846,sq,Safa' Harwal
364815205,4737860,sq,Kavanoz`
364815975,4737870,sq,almdnay
364817207,4737886,sq,Ilah
364817361,4737888,sq,Al `Arin
364817438,4737889,sq,`Umq
364817746,4737893,sq,Qahit
364817900,4737895,sq,Qahit
364818208,4737899,sq,Matar
364820287,4737926,sq,Al Mahallah
364820364,4737927,sq,Ash Shurf
364821365,4737940,sq,Al Xhebel
364821596,4737943,sq,Shaqa'
364823906,4737973,sq,Al Haddah
364824445,4737980,sq,Al Bartah
364826447,4738006,sq,Në Taraf
364826601,4738008,sq,Al Mahjar
364827063,4738014,sq,Ad Dar
364827756,4738023,sq,Zahrun
364827910,4738025,sq,Al Haybah
364829835,4738050,sq,El Mawsitah
364829989,4738052,sq,Ya`lun
364830066,4738053,sq,Al Jubub
364830451,4738058,sq,Al Wathan
364830605,4738060,sq,alhyth
364830682,4738061,sq,Dhi `Aq
364830836,4738063,sq,dhy ʿaq
364831298,4738069,sq,Mu`inah
364831529,4738072,sq,Al Wasat
364832453,4738084,sq,Al Qufayli
364833223,4738094,sq,Wadi an Nayah
364833300,4738095,sq,almawr
364833685,4738100,sq,Hisn al Qaryah
364834147,4738106,sq,`Arwah
364834224,4738107,sq,Al Mij`arah
364834301,4738108,sq,alqfl
364834532,4738111,sq,Mankatah
364834609,4738112,sq,Sufar
364834840,4738115,sq,Al Qat`
364834917,4738116,sq,Al `Ulwi
364835071,4738118,sq,Hanab
364835302,4738121,sq,`Amukah
364835379,4738122,sq,alhyth
364835918,4738129,sq,Al Barh
364836534,4738137,sq,Në Taraf
364836688,4738139,sq,Al Jadid
364836919,4738142,sq,El Mawsitah
364837073,4738144,sq,Al Mahall si Safil
364837612,4738151,sq,alkrf
364837997,4738156,sq,Daush
364838074,4738157,sq,Al Khuluww
364838151,4738158,sq,Da'ush
364838613,4738164,sq,Mankhar
364838921,4738168,sq,Vakishah
364838998,4738169,sq,Ash Shawsar
364839383,4738174,sq,Qafu`
364839845,4738180,sq,Ar Rammanah
364839922,4738181,sq,Qabal
364839999,4738182,sq,Dal`ah
364840076,4738183,sq,Qabal
364840153,4738184,sq,Al Habtah
364840307,4738186,sq,Habqah
364840461,4738188,sq,Habkah
364840538,4738189,sq,El Hilal
364841924,4738207,sq,Al Juhrah
364842463,4738214,sq,Adh Dhi Balsan
364842848,4738219,sq,Al Barh
364843156,4738223,sq,Ash Shurf
364844311,4738238,sq,Ar Rahah
364845004,4738247,sq,dram
364845235,4738250,sq,Za`mah
364846082,4738261,sq,Al Mahallah
364847083,4738274,sq,Al Wadi
364847468,4738279,sq,Dhi Zabran
364848700,4738295,sq,'Akkah
364849316,4738303,sq,Ath Thajjah
364849624,4738307,sq,Bejt Nasir
364851087,4738326,sq,Mahraq
364851549,4738332,sq,El Maghz al `Ali
364851626,4738333,sq,Al Mihdadah
364852242,4738341,sq,Hisn al Qaryah
364853705,4738360,sq,Al Marad
364853782,4738361,sq,alahql
364854475,4738370,sq,Al Lakamah
364854783,4738374,sq,Al Libanah
364854937,4738376,sq,Habil as Suq
364855091,4738378,sq,Markuz
364855245,4738380,sq,Al `Urr
364855399,4738382,sq,Al U`mus
364856092,4738391,sq,Khadashah
364856169,4738392,sq,Az Zayl
364856246,4738393,sq,Al Fuqah
364856323,4738394,sq,Al Karif
364856400,4738395,sq,Hawrah
364856477,4738396,sq,Al Karif
364856554,4738397,sq,As Salwah
364856631,4738398,sq,Al Majarayn
364856785,4738400,sq,Al `Aridah
364856862,4738401,sq,Ad Difal
364857016,4738403,sq,Al `Arjaz
364857170,4738405,sq,Al `Arjaz
364857401,4738408,sq,alkran
364857555,4738410,sq,Ash Shajzah
364857632,4738411,sq,Maklal
364857863,4738414,sq,Si Sayaw
364858017,4738416,sq,Sahl al Bi'r
364858171,4738418,sq,Sahl el Bi'r
364858248,4738419,sq,ʿthlaha
364858556,4738423,sq,Al Mahall
364858710,4738425,sq,Shayuf
364858864,4738427,sq,Shajufi
364858941,4738428,sq,Al Wadi
364859249,4738432,sq,Al Muzaffar
364859326,4738433,sq,Mabhal
364859865,4738440,sq,Al Karif
364860712,4738451,sq,Hulah
364860789,4738452,sq,Sarun
364860866,4738453,sq,allwshaq
364860943,4738454,sq,Sarun
364861251,4738458,sq,Karmadah
364861482,4738461,sq,El Masna'ah
364861559,4738462,sq,`Anturun
364861636,4738463,sq,Al U`mus
364862098,4738469,sq,Sajunah
364862175,4738470,sq,Ya`lun
364862483,4738474,sq,Sharfalah
364862560,4738475,sq,Ilah
364862714,4738477,sq,byt almhraq
364862945,4738480,sq,Al Mahrum
364863022,4738481,sq,Maqtarah
364863099,4738482,sq,Al Mahrum
364863407,4738486,sq,Al `Akad
364863484,4738487,sq,Rahab
364863561,4738488,sq,As Safa'
364863638,4738489,sq,Saninah
364863715,4738490,sq,Al Jadid
364863792,4738491,sq,almswad
364863869,4738492,sq,Al Jadid
364863946,4738493,sq,Al Xhenzirah
364864177,4738496,sq,Ad Dayus
364864331,4738498,sq,aljhar
364864485,4738500,sq,Mashqun
364864562,4738501,sq,Mashra'ah
364864639,4738502,sq,Wadi el Hashr el A`la
364865024,4738507,sq,Al Kubab
364865101,4738508,sq,Al Jaylah
364867565,4738540,sq,Al Fajrah
364867642,4738541,sq,El Mi`zab
364867719,4738542,sq,El Fajrah
364867796,4738543,sq,Al Jubub
364867873,4738544,sq,Yar`as
364868027,4738546,sq,Khatmah
364868489,4738552,sq,Al Jazirah
364868874,4738557,sq,El Haffah si Sufla
364868951,4738558,sq,El Fajrah
364869336,4738563,sq,Ad Daali`
364869567,4738566,sq,Azzah
364869644,4738567,sq,Hawl Mahrur
364869952,4738571,sq,Al Jubub
364870106,4738573,sq,Ra's një Naqil
364870183,4738574,sq,Al `Awarid
364870260,4738575,sq,jʿran
364870337,4738576,sq,Wadi Bardan
364870414,4738577,sq,Qaraqir
364870491,4738578,sq,El Aravid
364870722,4738581,sq,Al Ma`adin
364870799,4738582,sq,Mu`in Zahr
364870953,4738584,sq,Mu`in Zahr
364871261,4738588,sq,El Ma`zibah
364871338,4738589,sq,Al Akabe
364871415,4738590,sq,Si Sadadi
364871492,4738591,sq,Al Akabe
364871800,4738595,sq,Hafizi
364871877,4738596,sq,Sifal el Karyah
364872185,4738600,sq,byt alghban
364872262,4738601,sq,Bejt el Fakih
364873186,4738613,sq,Al `Aridah
364873417,4738616,sq,Esh Shajaf
364874726,4738633,sq,zydan
364874803,4738634,sq,Naqil ash Shu`bah
364874880,4738635,sq,alaras
364874957,4738636,sq,Al Fajrah
364875034,4738637,sq,Mahmidah
364875111,4738638,sq,El Fajrah
364875188,4738639,sq,Al Marad
364875265,4738640,sq,Al Haybah
364875342,4738641,sq,Al Mahanibah
364875496,4738643,sq,Al Mahanibah
364876343,4738654,sq,Qahan si Sufla
364876497,4738656,sq,Manzil Harf
364876574,4738657,sq,Zirah
364876651,4738658,sq,Manzil Harf
364877036,4738663,sq,Si Sulb
364877498,4738669,sq,Ad Dakhlah si Sufla
364877575,4738670,sq,Al Mahraq al Asfal
364877652,4738671,sq,Habil Mahmud
364877806,4738673,sq,Al Ma`arid
364877883,4738674,sq,almʿzab alasfl
364877960,4738675,sq,Qabr al Qal`ah
364878037,4738676,sq,Al Huvejb
364878345,4738680,sq,aljnd
364878422,4738681,sq,albasq
364878499,4738682,sq,El Mihraq
364878576,4738683,sq,Al Jurayn
364878653,4738684,sq,Al Mihdadah
364878730,4738685,sq,Al Jurayn
364878807,4738686,sq,Al Karyah el Kadim
364878884,4738687,sq,El Ma`muq
364878961,4738688,sq,Al `Akud
364879115,4738690,sq,Si Sawadah
364879269,4738692,sq,Ash Shurf al A`la
364879346,4738693,sq,Al Qaryah as Sufla
364879423,4738694,sq,alhatyn
364879885,4738700,sq,alashʿab
364880116,4738703,sq,`Ajad
364880193,4738704,sq,Manzil `Ayyad
364880501,4738708,sq,Dhul Baklah
364880655,4738710,sq,aylan
364880809,4738712,sq,Bejt el Uasi
364880886,4738713,sq,Al Qarin
364880963,4738714,sq,Bejt ar Rawnah
364881040,4738715,sq,Haul al Arba`
364881117,4738716,sq,Harabah
364881194,4738717,sq,Hawl al Arba`
364881271,4738718,sq,Jaran ad Dar
364881348,4738719,sq,'Atman
364881425,4738720,sq,Mir
364881502,4738721,sq,Ash Shu`ayb
364881579,4738722,sq,Mir
364881656,4738723,sq,Ash Shuqqah
364881810,4738725,sq,El Mudawwarah
364881887,4738726,sq,Hamatah
364881964,4738727,sq,Haul ad Dajaj
364882118,4738729,sq,Hawl ad Dajaj
364882349,4738732,sq,almnsam
364882426,4738733,sq,Al Hakali
364882503,4738734,sq,Al Haqami
364882657,4738736,sq,Karjatul Metan
364882888,4738739,sq,Madr
364883119,4738742,sq,Ad Dabrah
364883350,4738745,sq,Nexhd el Unsur
364883581,4738748,sq,Manzil Khunays
364883812,4738751,sq,akhbab
364883889,4738752,sq,El Maklah
364883966,4738753,sq,dar bn zyad
364884197,4738756,sq,Hawl al Jah
364884659,4738762,sq,El Mashqarah
364884967,4738766,sq,ajdal alʿrsh
364885044,4738767,sq,Al Akhdur
364885121,4738768,sq,alaqbl
364885198,4738769,sq,Hawl Hijn
364885275,4738770,sq,Al Balasinah
364885506,4738773,sq,alʿrmat
364885583,4738774,sq,El Makbarah
364885737,4738776,sq,Si Salulah
364885814,4738777,sq,El Qiflah
364885968,4738779,sq,Al Hawbah
364886045,4738780,sq,El 'Ansiyah
364886122,4738781,sq,Al Mij`arah
364886430,4738785,sq,allfj
364886815,4738790,sq,El Haffah el Ulya
364886892,4738791,sq,El Haffah si Sufla
364887046,4738793,sq,Xhebel Hud
364887123,4738794,sq,`Arm al Hawd
364887200,4738795,sq,Si Sufli
364887585,4738800,sq,Al Wali
364887739,4738802,sq,Ash Shurf
364887816,4738803,sq,Al `Adan
364887893,4738804,sq,Al Minjadah
364888047,4738806,sq,El Arsukejnah
364888124,4738807,sq,Ra's al Karyah
364888278,4738809,sq,Sifl el Karjah
364888509,4738812,sq,Nexhd esh Sharif
364888586,4738813,sq,Ra's një Naqil
364889125,4738820,sq,Al Hariri
364889202,4738821,sq,Al `Aridah
364889279,4738822,sq,Nexhdi si Sadih
364889356,4738823,sq,Ash Shurf
364889510,4738825,sq,Al `Aridah
364889587,4738826,sq,Al Xhurfah
364889741,4738828,sq,Kumejhah
364889972,4738831,sq,Nexhd el Mash`ab
364890434,4738837,sq,Al Karif
364890665,4738840,sq,Al Kharshabah
364890742,4738841,sq,alahwad
364890819,4738842,sq,Al Kharshabah
364890973,4738844,sq,Al Bajada
364891050,4738845,sq,Al Jardah
364891127,4738846,sq,Al Jahshayn
364891358,4738849,sq,Al Mahjar
364891435,4738850,sq,`Ard esh Shu`bah
364891666,4738853,sq,Al Jubub
364891820,4738855,sq,Al Jubub
364892205,4738860,sq,Al Mahawirah
364892282,4738861,sq,Një Namiah
364892359,4738862,sq,Al Manzilah
364892590,4738865,sq,Al Manzilah
364892821,4738868,sq,Ar Raddah
364892975,4738870,sq,Hawrah
364893052,4738871,sq,Ar Rayyan
364893129,4738872,sq,Al Hawmarah
364893206,4738873,sq,Al Haymah
364893283,4738874,sq,alajrab
364893360,4738875,sq,Al Hillah
364893437,4738876,sq,Dita Salmah
364893668,4738879,sq,Al `Akad
364893822,4738881,sq,As Safa'
364893899,4738882,sq,El Hissah
364893976,4738883,sq,Az Zayl
364894053,4738884,sq,El Midaqinah
364894284,4738887,sq,ahwal ʿsar
364894438,4738889,sq,Ra's al Karyah
364894515,4738890,sq,Shi`b `Ubayd
364894592,4738891,sq,Al Madaris
364894669,4738892,sq,Shi`b Ubejd
364894823,4738894,sq,almzrab
364894900,4738895,sq,Al Medresah
364894977,4738896,sq,Al Burayhi
364895054,4738897,sq,Si Salhit
364895285,4738900,sq,Manzil ar Ruba`i
364895439,4738902,sq,Manzil ar Ruba`i
364895516,4738903,sq,Xhedhrah
364895670,4738905,sq,Bejt er Raavi
364895901,4738908,sq,El Uhajbi
364896209,4738912,sq,El Huxhrah
364896286,4738913,sq,Al Xhurfah
364896363,4738914,sq,El Huxhrah
364896440,4738915,sq,Ar Riqab
364896517,4738916,sq,Al Mawhin
364896594,4738917,sq,Al Majarayn
364896671,4738918,sq,Ash Shi`b
364896748,4738919,sq,Al Majarayn
364897056,4738923,sq,Taraf esh Shaghah el Kabirah
364897980,4738935,sq,Taraf el Xhurfah
364898134,4738937,sq,Taraf el Xhurfah
364898211,4738938,sq,Nexhd el `Idari
364898442,4738941,sq,Ra's Habl al Wali
364898673,4738944,sq,El Miqtalah
364898981,4738948,sq,Al Xhurfah
364899289,4738952,sq,El Ma`muq
364899443,4738954,sq,Akamat si Sabil
364899520,4738955,sq,Akamat el Aridah
364899674,4738957,sq,Al Mikrabah
364899751,4738958,sq,Hubejl el Bark
364900059,4738962,sq,Harat el Mekbarah
364900136,4738963,sq,alwʿar
364900290,4738965,sq,As Sawilah
364900444,4738967,sq,Al Batnah
364900598,4738969,sq,Al `Udayn
364900675,4738970,sq,Rakb ash Sharih
364900829,4738972,sq,Rakb esh Sherih
364900906,4738973,sq,alʿlal
364901214,4738977,sq,El Xheram'ah
364901599,4738982,sq,Al Karif
364901753,4738984,sq,Akamat al Bir
364902061,4738988,sq,Tarik al Kiblah
364902138,4738989,sq,`Ard Subejh
364902215,4738990,sq,Al Haybah
364902292,4738991,sq,Në Turbah
364902523,4738994,sq,Ash Shahs
364902600,4738995,sq,Agua Limpia
364902754,4738997,sq,Al Jadid
364902985,4739000,sq,Al Balkha
364903293,4739004,sq,Shi`b ar Ra`i
364903447,4739006,sq,Al Haybah
364903524,4739007,sq,Al Majarayn
364903755,4739010,sq,Al `Aridah
364904063,4739014,sq,Si Sawa'il
364904140,4739015,sq,El Havxhaf
364904448,4739019,sq,Ad Dabbah
364904525,4739020,sq,Shark al Karyah
364904602,4739021,sq,Ad Dabbah
364904987,4739026,sq,Hawbat el Ji`shani
364905064,4739027,sq,Hawbat al `Aqabah
364905218,4739029,sq,Hawbetul Akabe
364905757,4739036,sq,Al Misbarah
364905911,4739038,sq,Al Jubub
364906065,4739040,sq,Al Jubub
364906142,4739041,sq,Hawbat Shayi`
364906219,4739042,sq,Mejdabi
364906296,4739043,sq,Hawbat Shayi`
364906527,4739046,sq,Si Sulb
364906681,4739048,sq,Al Qubay`
364906758,4739049,sq,Al Majahish
364906989,4739052,sq,Ad Dabr
364907066,4739053,sq,Al Midalah
364907143,4739054,sq,Ad Dabr
364907220,4739055,sq,Al Midalah
364907297,4739056,sq,Si Sufli
364907759,4739062,sq,Al `Adanah
364907990,4739065,sq,Edh Dhafara
364908144,4739067,sq,Al Karif
364908221,4739068,sq,Al Bir
364908298,4739069,sq,`Izaj
364908606,4739073,sq,Al Ujayn
364908991,4739078,sq,El Maqrud
364909915,4739090,sq,Al `Arari
364909992,4739091,sq,Si Samsarah
364910069,4739092,sq,Ar Ribat
364910377,4739096,sq,Një Nadirah
364910531,4739098,sq,Një Nadirah
364910685,4739100,sq,`Adan Dhiyal
364910762,4739101,sq,Al Ashahibah
364911070,4739105,sq,Habadhir
364911224,4739107,sq,Al Musalla
364911301,4739108,sq,Ajdal në Tubul
364911455,4739110,sq,jdl alakam
364911609,4739112,sq,Sidah
364911763,4739114,sq,Sidah
364911840,4739115,sq,Al `Aridah
364912225,4739120,sq,Hawbet el Mat`amah
364912302,4739121,sq,Juhb
364912379,4739122,sq,Hawbat në Tuyur
364912687,4739126,sq,Al Jubub
364912918,4739129,sq,Hawbat al Kasir
364913072,4739131,sq,Al Mirfadayn
364913380,4739135,sq,Ad Dar el A`la
364913457,4739136,sq,Al Qaryah as Sufla
364913611,4739138,sq,Ad Dayyam
364913996,4739143,sq,Al `Aridah
364914227,4739146,sq,Al Wadi
364914458,4739149,sq,El Makahi
364914535,4739150,sq,Al Manajid
364914766,4739153,sq,almnab
364914920,4739155,sq,Hisn al Qaryah
364914997,4739156,sq,El Fajrah
364915074,4739157,sq,Hubejl Mukbil
364915151,4739158,sq,Al Mishrafah
364915382,4739161,sq,Al Jamajim
364915459,4739162,sq,`Adan Hayd
364915613,4739164,sq,Al Ma`azib
364915690,4739165,sq,Al Haybah
364915767,4739166,sq,El Ma`azib
364915921,4739168,sq,Al Wa`rah
364915998,4739169,sq,Një Naqil
364916075,4739170,sq,Az Zawhah
364916152,4739171,sq,Al Huvejb
364916229,4739172,sq,Akamat `Abdah
364916306,4739173,sq,Hawbet dhe Nexhd
364916537,4739176,sq,Al Akhyush
364916691,4739178,sq,alhyk
364916999,4739182,sq,Si Sejid
364917076,4739183,sq,Ad Dakhlah
364917153,4739184,sq,Manzil si Sunna`
364917230,4739185,sq,Ad Dakhlah
364917307,4739186,sq,Si Sakin
364917384,4739187,sq,albab
364917538,4739189,sq,Al Hamra'
364917923,4739194,sq,Al Kharabah
364918000,4739195,sq,Al Haymah
364918385,4739200,sq,Hubejli si Sulb
364918462,4739201,sq,El Ma`muq
364918539,4739202,sq,Huwayjah
364918616,4739203,sq,Al Mahall
364918770,4739205,sq,Hawbet ez Zamili
364918924,4739207,sq,Suq al Manasib
364919078,4739209,sq,Thard
364919232,4739211,sq,Thard
364919386,4739213,sq,Al `Aridah
364919463,4739214,sq,Al Akabe
364919694,4739217,sq,Një Nakib 'Ali
364919925,4739220,sq,Shi`b Haxhaxh
364920233,4739224,sq,Ar Rawda
364920387,4739226,sq,Al Jarafi
364920464,4739227,sq,El Kurejneh
364920541,4739228,sq,Al `Adani
364920695,4739230,sq,Al `Adanah
364921003,4739234,sq,Dhi Qatilah
364921080,4739235,sq,Al `Akrah al `Ulya
364921157,4739236,sq,Dhi Katilah
364921388,4739239,sq,hwl amlah
364921619,4739242,sq,Al Mansurah
364921850,4739245,sq,mwran
364921927,4739246,sq,Një Nubah
364922158,4739249,sq,Al Hajar
364922312,4739251,sq,El Muxhajziah
364922620,4739255,sq,Jurayn ash Shurf
364922697,4739256,sq,Taraf ad Dahah
364922851,4739258,sq,khsaf
364923005,4739260,sq,Ash Shu`ub
364923082,4739261,sq,Dar edh Dhira`
364923159,4739262,sq,Ash Shuqrah
364923313,4739264,sq,Al Jurayn
364923467,4739266,sq,Al Jurayn
364923544,4739267,sq,Al Jirrah
364923775,4739270,sq,Haffat si Sa'ilah
364923852,4739271,sq,Ra's al Karyah
364923929,4739272,sq,Haffat si Sa'ilah
364924006,4739273,sq,'Aqabat si Sakijeh
364924237,4739276,sq,'Aqabat al Asnad
364924314,4739277,sq,Shi'b an Nimr
364924391,4739278,sq,'Aqabat al Asnad
364924468,4739279,sq,Shi`b an Nimr
364924622,4739281,sq,Al Jashah
364924699,4739282,sq,njd alʿyn
364924776,4739283,sq,Adh Dhari
364924930,4739285,sq,Adh Dhari
364925007,4739286,sq,Si Sumr
364925084,4739287,sq,Al Xhurfah
364925315,4739290,sq,Ad Dara'im
364925469,4739292,sq,Ad Dara'im
364925546,4739293,sq,alajwas
364925623,4739294,sq,Si Sakin
364925777,4739296,sq,Al Ma`radah
364925854,4739297,sq,Si Sarib
364925931,4739298,sq,Dhi Hujayb
364926008,4739299,sq,Al Mijwazah
364926393,4739304,sq,Shi'b Sadi
364926624,4739307,sq,Në Tibsha'ah
364926701,4739308,sq,Al Khadra'
364926778,4739309,sq,Al Jarshab
364926855,4739310,sq,Si Sibaq
364926932,4739311,sq,Esh Shafati
364927163,4739314,sq,Habil Makhla`
364927394,4739317,sq,El Hillavi
364927471,4739318,sq,Te Talahi
364927625,4739320,sq,Al Jabbanah
364927779,4739322,sq,Al Jabbanah
364928010,4739325,sq,Mënyrat Bani
364928087,4739326,sq,Darb
364928164,4739327,sq,Al `Alafiqi
364928318,4739329,sq,Warrad
364928703,4739334,sq,Danadil
364928780,4739335,sq,Habil Dawm
364929165,4739340,sq,Esh Shi'b el Kabir
364929319,4739342,sq,Al Khadra'
364929396,4739343,sq,Ash Shuqrah
364929473,4739344,sq,El Ma`zibah
364929550,4739345,sq,Al Mahall
364929627,4739346,sq,Al Ma`muq
364929704,4739347,sq,Ash Shurf
364929781,4739348,sq,El Ma`muq
364930243,4739354,sq,El Maklah
364930782,4739361,sq,Ad Diyar
364930859,4739362,sq,Al Julub
364931398,4739369,sq,Al Mayadin
364931629,4739372,sq,Al Lukajmah
364931860,4739375,sq,Al Qaflah
364931937,4739376,sq,Al Bajirah
364932091,4739378,sq,almhshash
364932245,4739380,sq,Al Julub
364932322,4739381,sq,El Ma`inah
364932553,4739384,sq,Ghaul `Abd Allah
364932630,4739385,sq,Ghawl Balasi
364932707,4739386,sq,Jari `Arwan
364932784,4739387,sq,Ghawl Balasi
364932861,4739388,sq,Jari `Arvan
364933323,4739394,sq,El Fajrah
364933631,4739398,sq,El Mudawwarah
364933708,4739399,sq,Al Janjali
364933939,4739402,sq,Al Muzhid
364934093,4739404,sq,Habil al Murayyam
364934170,4739405,sq,`Adan al Azhur
364934247,4739406,sq,Mi`zab si Sina`i
364934401,4739408,sq,Mi`zab si Sina`i
364934632,4739411,sq,Ash Sharqi
364934786,4739413,sq,Ash Sharqi
364934863,4739414,sq,El Mi`zab
364935171,4739418,sq,Al Xhuvejsh
364935402,4739421,sq,Afal
364935479,4739422,sq,Al Mahall
364935556,4739423,sq,`Afal
364935633,4739424,sq,Al Kattarah
364935941,4739428,sq,Al Humayra'
364936018,4739429,sq,Al Hawmarah
364936326,4739433,sq,Habil Mashqur
364936480,4739435,sq,Al Misyu
364936557,4739436,sq,As Safa
364936634,4739437,sq,Al Misyu
364936942,4739441,sq,Al Jabbanah
364937019,4739442,sq,Al `Adaniyah
364937250,4739445,sq,Al Jazzah
364937327,4739446,sq,Al Madajir
364937404,4739447,sq,Dhi Haxhur
364937789,4739452,sq,`Ard an Nubah
364938097,4739456,sq,Shi`b ad Darsi
364938251,4739458,sq,Al `Aradib
364938713,4739464,sq,El Fakih Naxhi
364939021,4739468,sq,Al Mish`ab
364939252,4739471,sq,Al Jabbanah
364939329,4739472,sq,Xhurejn el Xhevalib
364939483,4739474,sq,Akamat el Xhin
364939714,4739477,sq,`Adan Rimah
364939945,4739480,sq,jat nbhan
364940022,4739481,sq,Al Maramid
364940176,4739483,sq,El Ma`zibah
364940407,4739486,sq,Shi`b ash Sha`ir
364940484,4739487,sq,Al Qiflah
364940561,4739488,sq,Shi`b esh Sha`ir
364940792,4739491,sq,Hawrah
364941100,4739495,sq,Al `Udayn
364941254,4739497,sq,Si Samsarah
364941331,4739498,sq,Al Mawsha`
364941408,4739499,sq,El Adhmaki
364941485,4739500,sq,Habil Mahmud
364941639,4739502,sq,As Safa'
364941793,4739504,sq,As Safa
364941870,4739505,sq,Ad Dar el A`la
364941947,4739506,sq,Azzah
364942101,4739508,sq,Al Khadra'
364942178,4739509,sq,Al Xhurfah
364942332,4739511,sq,Al Xhurfah
364942486,4739513,sq,Sawlal
364942563,4739514,sq,Shi`b Ghurbah
364942640,4739515,sq,Sawlal
364942717,4739516,sq,Daniq
364942871,4739518,sq,Daniq
364942948,4739519,sq,Al Xhurfah
364943025,4739520,sq,Si Siba`i
364943179,4739522,sq,Habil el Adar
364943333,4739524,sq,Al Amra
364943487,4739526,sq,Akamat el Qirsh
364943564,4739527,sq,Dhi Dab`
364943718,4739529,sq,Ad Dayyiq
364943872,4739531,sq,Munif
364944026,4739533,sq,shayb
364944180,4739535,sq,Al Majal
364944257,4739536,sq,Ra's al Wadi
364944334,4739537,sq,Al Haymah
364944411,4739538,sq,Si Sulbah
364944488,4739539,sq,Në Tamami
364944796,4739543,sq,Al Jurun
364945104,4739547,sq,Ad Dumajnah
364945258,4739549,sq,Karif al `Arsh
364945412,4739551,sq,Shi`b al Hawd
364945489,4739552,sq,El Mihraqah
364945643,4739554,sq,Akamat në Tawmajah
364945720,4739555,sq,Al Khazjah
364945951,4739558,sq,Hadari
364946028,4739559,sq,Al Mawasi`
364946182,4739561,sq,Al Mawasi`
364946259,4739562,sq,Si Saradifi
364946413,4739564,sq,Bayt si Suwaydi
364946490,4739565,sq,Dhi Shadhar
364946644,4739567,sq,Al Mikhbar al Asfal
364946721,4739568,sq,Al Kub`
364946798,4739569,sq,Dhi al `Atharib
364946875,4739570,sq,Al Hujuf
364946952,4739571,sq,Al Huwaydayn
364947029,4739572,sq,As Safa'
364947106,4739573,sq,Al Huwaydayn
364947183,4739574,sq,Al Madarah
364947799,4739582,sq,Havbat al Gharb
364947953,4739584,sq,Hawbat al Gharb
364948492,4739591,sq,Siç tha Sa`idi
364948646,4739593,sq,Al Jirrah
364948723,4739594,sq,El Uejrah
364949185,4739600,sq,Al Ja'ah
364949493,4739604,sq,Al Xhurfah
364949570,4739605,sq,Al Xhurajf
364949647,4739606,sq,Al Hawmarah
364949724,4739607,sq,ajran
364950186,4739613,sq,El Ma`zibah
364950263,4739614,sq,Al Muraqqa`ah
364950340,4739615,sq,El Ma`zub
364950571,4739618,sq,As Siyahi
364950648,4739619,sq,Al Majal
364951033,4739624,sq,Al Musalla
364951187,4739626,sq,'Ard Mashahirah
364951341,4739628,sq,El Mi`danah
364951495,4739630,sq,Si Sahri
364951572,4739631,sq,Er Rakami 'Abd Allah
364951803,4739634,sq,Al Mawkirah
364951880,4739635,sq,Al Jaylah
364952111,4739638,sq,Ar Rishah
364952265,4739640,sq,Ad Du`ays
364952342,4739641,sq,Al Watanah
364952727,4739646,sq,Ribat Shuja` ad Din
364952804,4739647,sq,Kharabat Marwah
364952881,4739648,sq,Ribat Shuja` ad Din
364952958,4739649,sq,Kharabat Marwah
364953112,4739651,sq,Al Wali
364953189,4739652,sq,Ad Dawghah
364953574,4739657,sq,Dar el Khuza`i
364953651,4739658,sq,Al Madarib
364953728,4739659,sq,damr alasfl
364953805,4739660,sq,Ar Rukbah
364953959,4739662,sq,Ar Rukbah
364954267,4739666,sq,Al Mihdadah
364954421,4739668,sq,Al Mislaqah
364954498,4739669,sq,Al Qub`
364954575,4739670,sq,El Kibla ue Ku`tube
364954652,4739671,sq,Al Kub`
364954729,4739672,sq,njd alqbʿ
364955037,4739676,sq,Al Hawbah
364955114,4739677,sq,qshysh
364955345,4739680,sq,Xhebel el Fariq
364955499,4739682,sq,El Mijlasah
364955576,4739683,sq,Shalashil
364955961,4739688,sq,Al Mijann
364956038,4739689,sq,`Ard ad Dar
364956115,4739690,sq,Al Magribah
364956192,4739691,sq,thaʿl
364956346,4739693,sq,Midhbalah
364956423,4739694,sq,El Ma`muq
364956654,4739697,sq,Sabal
364956731,4739698,sq,Al Hajafi
364956808,4739699,sq,Sabal
364956885,4739700,sq,Al Jabjab
364956962,4739701,sq,Al Akamah al Hamra'
364957116,4739703,sq,`Amirah al `Ulya
364957270,4739705,sq,Al Qashabah
364957347,4739706,sq,`Ard el Xhebel
364957424,4739707,sq,Al Qashabah
364957501,4739708,sq,Al Madarib
364957655,4739710,sq,Al Khawbah
364957732,4739711,sq,Al Manzil si Sufla
364957809,4739712,sq,`Urayb
364957963,4739714,sq,`Urayb
364958040,4739715,sq,Ad Day`ah
364958194,4739717,sq,As Sur
364958579,4739722,sq,Al Hadab
364958733,4739724,sq,`Athad
364958810,4739725,sq,Dhiul Kamin
364959118,4739729,sq,Ash Shi`ab
364959272,4739731,sq,Al Qushub
364959426,4739733,sq,Xhurf Mas`ud
364959580,4739735,sq,Ad Duhur
364959734,4739737,sq,Një Nakash
364959888,4739739,sq,Ad Dafir
364960042,4739741,sq,Xhaubah
364960119,4739742,sq,Al Miqtar
364960273,4739744,sq,Ar Rumaydiyah
364960350,4739745,sq,Habil Salim
364960427,4739746,sq,`Afilah
364960658,4739749,sq,alarwan
364960735,4739750,sq,Habili si Sikajeh
364960812,4739751,sq,Di Baqlah
364960889,4739752,sq,Një Nakah
364961274,4739757,sq,Jahkib
364961582,4739761,sq,Devrah
364962275,4739770,sq,Ez Zillah
364963507,4739786,sq,Al Matrah
364963584,4739787,sq,Al Madarah
364963661,4739788,sq,Habil Ma`zabah
364963815,4739790,sq,Ad Day`ah
364963969,4739792,sq,Ad Day`ah
364964431,4739798,sq,Al Mahrur
364964508,4739799,sq,Al Maideh
364964739,4739802,sq,Habil Haud
364964970,4739805,sq,Ash Shi`b
364965124,4739807,sq,Habil Udejl
364965432,4739811,sq,El Udejnah el Ulya
364965509,4739812,sq,Al Karbah
364965663,4739814,sq,Al Karbah
364965894,4739817,sq,Jurf
364966279,4739822,sq,`Adal
364966356,4739823,sq,Masahid
364966433,4739824,sq,Bejt el Khadir
364966510,4739825,sq,Masahid
364966741,4739828,sq,Al Wa`rah
364966818,4739829,sq,Al Mahwi
364966972,4739831,sq,Bejt el Qamli
364967126,4739833,sq,Najd ad Dimah
364967203,4739834,sq,Az Zahr
364967280,4739835,sq,Nexhd ad Dimah
364967357,4739836,sq,Az Zawagh
364967434,4739837,sq,El Habil esh Shahiri
364967511,4739838,sq,Ash Shaqq
364967665,4739840,sq,Esh Shaqq
364967742,4739841,sq,aljrab
364967973,4739844,sq,Bejt Bashir
364968050,4739845,sq,Zahrat `Ajjaj
364968127,4739846,sq,Në Taxh'ah
364968281,4739848,sq,byn alaqwaz
364968358,4739849,sq,Suq al Khamis
364968435,4739850,sq,Al Ghayzah
364968512,4739851,sq,Suq al Khamis
364968589,4739852,sq,Bejt az Zandani
364968743,4739854,sq,Al Bad`
364968897,4739856,sq,Dar Sabrah
364968974,4739857,sq,Ar Radmah
364969205,4739860,sq,albasq
364969282,4739861,sq,Al Kabsah
364969590,4739865,sq,Al Jalbayn
364969744,4739867,sq,Dar al Qadi
364969898,4739869,sq,Dar al Kadi
364969975,4739870,sq,Hasayah
364970129,4739872,sq,Hasayah
364970206,4739873,sq,Një Nams
364970360,4739875,sq,nyʿan
364970437,4739876,sq,Azzah
364970591,4739878,sq,Al Mawrah
364970668,4739879,sq,Qa` al Kurayf
364970745,4739880,sq,El Mawrah
364970822,4739881,sq,Ad Day`ah
364970976,4739883,sq,Ad Day`ah
364971053,4739884,sq,Ar Ribat
364971207,4739886,sq,Ar Ribat
364971361,4739888,sq,Al Wahdah
364971515,4739890,sq,Al Wahdah
364971669,4739892,sq,Al Jaylah
364971823,4739894,sq,Al Mizab
364971977,4739896,sq,Al `Alah
364972054,4739897,sq,Si Safijah
364972131,4739898,sq,Ash Shu`ub
364972208,4739899,sq,Ad Dabab
364972285,4739900,sq,Ash Shuqrah
364972747,4739906,sq,Az Zarbiyah
364972824,4739907,sq,zamr alʿlya
364972978,4739909,sq,Bejt el Kutejni
364973363,4739914,sq,Ad Day`ah
364973517,4739916,sq,Habil al Munakh
364973594,4739917,sq,Bejt el Abili
364973671,4739918,sq,Habil el Munakh
364973748,4739919,sq,Buhami
364973979,4739922,sq,Hulejman
364974210,4739925,sq,As Safa
364974441,4739928,sq,Ar Ribat
364974595,4739930,sq,Ar Ribat
364974672,4739931,sq,Naman
364974903,4739934,sq,Salal
364974980,4739935,sq,Khalani`
364975057,4739936,sq,ashʿab
364975211,4739938,sq,dar ajraf
364975288,4739939,sq,Rudab
364975365,4739940,sq,Al Xhurfah
364975519,4739942,sq,Al Xhurfah
364975596,4739943,sq,Habil el Ajjaniyah
364975673,4739944,sq,Al Ma`radah
364975827,4739946,sq,Dhi Hujayb
364976212,4739951,sq,El Muharib
364976443,4739954,sq,El Maslah
364976751,4739958,sq,Dira` al Manzar
364976828,4739959,sq,Wadi al Majrab
364976905,4739960,sq,Dira ' al Manzar
364976982,4739961,sq,Al Jabbanah
364977059,4739962,sq,Sanabah
364977136,4739963,sq,Al Jabbanah
364977290,4739965,sq,Bayt Salam
364977444,4739967,sq,Al Mashnah
364978291,4739978,sq,`Awafi al `Ulya
364978676,4739983,sq,El Khumejm el A`la
364978753,4739984,sq,Al Jahadi`
364978907,4739986,sq,Ajham
364978984,4739987,sq,Al Qat`
364979138,4739989,sq,Al Qat`
364979523,4739994,sq,Dhi Harith
364979677,4739996,sq,Adh Dhanabah
364979754,4739997,sq,El Ma`azib
364979908,4739999,sq,Khirbah
364979985,4740000,sq,Bejt el Muxhahid
364980216,4740003,sq,As Safa
364980524,4740007,sq,Ad Dawmalah
364980601,4740008,sq,Akamat si Sulb
364980678,4740009,sq,Ad Dawmalah
364980832,4740011,sq,Dawmah
364980909,4740012,sq,Al Khayriyah
364981063,4740014,sq,Nexhd ez Zahrah
364981140,4740015,sq,Al Kharabah
364981217,4740016,sq,Shi`b az Zab`
364981294,4740017,sq,Ad Dawar
364981448,4740019,sq,Al Xhawarif
364981679,4740022,sq,Akamat el Miqtar
364981910,4740025,sq,almdrab
364981987,4740026,sq,khbzan
364982218,4740029,sq,albtn
364982449,4740032,sq,blad ahwb
364982526,4740033,sq,Nexhdul Akajir
364982988,4740039,sq,Al Mahall
364983142,4740041,sq,Ad Dubayr
364983219,4740042,sq,Ash Shurf
364983373,4740044,sq,As Suwayyah
364983450,4740045,sq,alqrb alasfl
364983527,4740046,sq,Si Suwayyah
364983604,4740047,sq,Al Mawridah
364983758,4740049,sq,El Mala`ib
364984066,4740053,sq,Shi`b al Uhjub
364984143,4740054,sq,`Atawir
364984220,4740055,sq,Al Qurb al A`la
364984374,4740057,sq,alqrb alaʿly
364984605,4740060,sq,Xhebel Hammadi
364984836,4740063,sq,Al Mashqarah
364984913,4740064,sq,Një Nakb
364985144,4740067,sq,El Khara'ib
364985452,4740071,sq,Habil ad Diwan
364985991,4740078,sq,Habil Makki
364986145,4740080,sq,Habil Makki
364986376,4740083,sq,Al Julub
364986530,4740085,sq,Al Minshaqqah
364986684,4740087,sq,Wadi as Sarh
364987146,4740093,sq,`Amirah al `Ulya
364987300,4740095,sq,Amirah el Ulya
364987377,4740096,sq,`Amirah as Sufla
364987454,4740097,sq,Nexhd ue Amirah
364987531,4740098,sq,`Amirah si Sufla
364987762,4740101,sq,Si Sirfah
364987839,4740102,sq,As Sa`ar
364987993,4740104,sq,Al Julub
364988070,4740105,sq,Shi`b Mushrife
364988147,4740106,sq,Al Julub
364988224,4740107,sq,Al Jarabinah
364988455,4740110,sq,Habil Ishah
364988763,4740114,sq,Al Khirbah
364988840,4740115,sq,Al Mudawwarah
364988917,4740116,sq,Al Khirbah
364988994,4740117,sq,El Mudawwarah
364989148,4740119,sq,Ad Daqiq
364989225,4740120,sq,alʿqar
364989379,4740122,sq,El Mudawwarah
364989687,4740126,sq,Al Quwayd
364989764,4740127,sq,Al Manzil
364989841,4740128,sq,alqwyd
364989918,4740129,sq,Al Manzil
364990226,4740133,sq,Sirafah
364990457,4740136,sq,Shallallah
364990534,4740137,sq,Habil al Akamah
364990765,4740140,sq,Ad Darubah
364990919,4740142,sq,Si selef
364990996,4740143,sq,Si Selefi
364991150,4740145,sq,Al Manajid
364991458,4740149,sq,Al 'Anin
364991535,4740150,sq,Namadi
364991689,4740152,sq,Namadi
364991766,4740153,sq,Mi`sadah
364992151,4740158,sq,qyran
364992228,4740159,sq,Al Mansurah
364992305,4740160,sq,Ash Shi`b
364992382,4740161,sq,El Hixhre
364992613,4740164,sq,Al Haybah
364992690,4740165,sq,Xhurejnah
364992767,4740166,sq,Az Zarfah
364992844,4740167,sq,Akamat ad Daba'
364992921,4740168,sq,El Mi`sarah
364992998,4740169,sq,Akamat ad Daba'
364993075,4740170,sq,aljazʿ
364993229,4740172,sq,Ad Dab`ah
364993537,4740176,sq,alkhdad
364993691,4740178,sq,Hisn al Qaryah
364993768,4740179,sq,Qa` ash Sharqi
364993845,4740180,sq,Si Suvejhir el Asfal
364993999,4740182,sq,Si Sirfah
364994076,4740183,sq,Habil Baqi
364994153,4740184,sq,Akamat Xhabir
364994307,4740186,sq,Si Sabri
364994384,4740187,sq,Al Hashah
364994461,4740188,sq,Habil al Asla`
364994615,4740190,sq,Al Qarinah
364994769,4740192,sq,Al Akamijtayn
364994846,4740193,sq,El Faqrah
364994923,4740194,sq,Al Akamiytayn
364995154,4740197,sq,almqlaʿ
364995231,4740198,sq,Akamat el Kadhah
364995385,4740200,sq,Një Naxhide
364995462,4740201,sq,Masnah
364995539,4740202,sq,mrʿad
364995693,4740204,sq,shjaf
364995847,4740206,sq,Ash Sharjah
364996078,4740209,sq,Bayt Habis
364996463,4740214,sq,Julb el Qar`i
364996694,4740217,sq,`Ukashah
364996925,4740220,sq,Ghulayt
364997156,4740223,sq,El Uejrah
364997233,4740224,sq,Ad Darajah
364997387,4740226,sq,Ad Darajah
364997541,4740228,sq,Ar Rahwah
364997618,4740229,sq,Al Jazi`ah
364997695,4740230,sq,Ar Rahwah
364997772,4740231,sq,El Xhaziah
364997926,4740233,sq,Al `Anaqib
364998003,4740234,sq,Al Hariq
364998157,4740236,sq,`Umur si Sughra
364998234,4740237,sq,`Umur al Kubra
364998311,4740238,sq,`Umur si Sughra
364998388,4740239,sq,`Umur el Kubra
364998619,4740242,sq,Aslum
364998696,4740243,sq,Hababah
364998773,4740244,sq,`Aslum
364998850,4740245,sq,`Adnat si Sufla
364998927,4740246,sq,Mawkar
364999081,4740248,sq,Mawkar
364999158,4740249,sq,Dhi al Jidar
364999235,4740250,sq,Al Harf
364999312,4740251,sq,Najd Shaddad
364999620,4740255,sq,Si Sa`ida
365000159,4740262,sq,shhr alashʿab
365000698,4740269,sq,Al Haniy
365001006,4740273,sq,Khurfah
365001237,4740276,sq,Bitah
365001314,4740277,sq,Habil al Madafin
365001391,4740278,sq,Bishriyah
365001468,4740279,sq,Habil el Madafin
365001545,4740280,sq,As Salabi
365001622,4740281,sq,alqbqab
365001699,4740282,sq,Si Salabiu
365001853,4740284,sq,Ash Shurf
365001930,4740285,sq,Al Ha'il
365002007,4740286,sq,Al Mishrafah
365002546,4740293,sq,Al Akamah
365002623,4740294,sq,Al Hasw
365003008,4740299,sq,Një Nashami
365003239,4740302,sq,Al Ghabari
365003470,4740305,sq,Al Jarajir
365003932,4740311,sq,Kasharit
365004086,4740313,sq,Su`ut
365004163,4740314,sq,Kadarat al Khariji
365004240,4740315,sq,Al Far`
365004317,4740316,sq,Kadarat el Khariji
365004394,4740317,sq,'Unejsira
365004625,4740320,sq,Al `Aradib
365004702,4740321,sq,Al Mahallah
365004779,4740322,sq,El Muhasarah
365005010,4740325,sq,Al Mishrajah
365005241,4740328,sq,Al `Udayn
365005395,4740330,sq,As Safa'
365005626,4740333,sq,El Huxhrah
365005857,4740336,sq,Jarranah
365006011,4740338,sq,Jarranah
365006165,4740340,sq,Al 'Atami
365006396,4740343,sq,Al `Arshah
365006473,4740344,sq,Manad
365006550,4740345,sq,Ash Shahik
365006781,4740348,sq,Al Jazirah
365007089,4740352,sq,El Muafid
365007782,4740361,sq,As Safa'
365007859,4740362,sq,Al Jarrar
365007936,4740363,sq,As Safa
365008013,4740364,sq,Al Kubbah
365008244,4740367,sq,Si Sarbi
365008398,4740369,sq,Si Sufayra'
365008629,4740372,sq,Kash'at el Xhurf
365008937,4740376,sq,Al Akamah
365009091,4740378,sq,Al Hadabah
365009168,4740379,sq,Habil el-Ansa
365009399,4740382,sq,Shi`b ar Ruzz
365009630,4740385,sq,El Maqatir
365009938,4740389,sq,Al Jahmaliyah
365010015,4740390,sq,aljrab
365010323,4740394,sq,Ash Shana'
365010400,4740395,sq,Hafas
365010477,4740396,sq,Kharabat al Ghul
365010554,4740397,sq,Hafas
365010631,4740398,sq,Kharabat al Ghul
365010708,4740399,sq,qrm alʿlya
365011016,4740403,sq,Si Salama
365011247,4740406,sq,El Mirda'ah
365011324,4740407,sq,Hajar
365011401,4740408,sq,El Mirda'ah
365011478,4740409,sq,Hajar
365011632,4740411,sq,Ez Za`faranah
365011786,4740413,sq,alqbʿ alaswd
365011863,4740414,sq,Al Maslul
365012017,4740416,sq,Si Saghirah
365012248,4740419,sq,ʿar asfl
365012325,4740420,sq,Az Zar`ani
365012402,4740421,sq,Udhejr
365012479,4740422,sq,Julb el Xhumah
365012556,4740423,sq,Habil Sha`af
365012633,4740424,sq,Julb el Xhumah
365012864,4740427,sq,Al Adib
365012941,4740428,sq,Tahawmar
365013018,4740429,sq,alashʿab
365013249,4740432,sq,Al Kadkud
365013326,4740433,sq,Taksam si Sufla
365013403,4740434,sq,Al Hajmah
365013865,4740440,sq,Si Samsarah
365014173,4740444,sq,Akmat el Mesxhid
365014250,4740445,sq,alakshar
365014558,4740449,sq,Vahib
365014635,4740450,sq,Al Haymah
365015251,4740458,sq,El Wakilah
365015328,4740459,sq,alqfl
365015405,4740460,sq,`Abr ar Run
365015559,4740462,sq,`Abr ar Run
365015867,4740466,sq,Al `Aridah
365016021,4740468,sq,Al Qarin
365016714,4740477,sq,Al Miqtar
365016868,4740479,sq,Qarin `Ambasah
365016945,4740480,sq,Al Akamah
365017022,4740481,sq,Qarin `Ambasah
365017099,4740482,sq,Al Hurayf
365017176,4740483,sq,almjran
365017253,4740484,sq,Al Hurayf
365017561,4740488,sq,Si Sal`a
365017638,4740489,sq,Ar Radah
365018485,4740500,sq,El Ukurat
365018562,4740501,sq,Ash Sharqani
365018716,4740503,sq,Hawbat al Aksub
365019024,4740507,sq,Al Munayzil
365019101,4740508,sq,Al Faqrah
365019255,4740510,sq,Al Hukkam
365019332,4740511,sq,As Safa
365019563,4740514,sq,Al Julub
365019794,4740517,sq,Al Miqtar
365020025,4740520,sq,Al Kadhah
365020256,4740523,sq,almjran
365020333,4740524,sq,Al Mahjar
365020410,4740525,sq,Al Makamid
365020487,4740526,sq,khrbt alwad
365020564,4740527,sq,Al Hajmah
365020641,4740528,sq,alqshʿ
365020872,4740531,sq,Sha`f
365020949,4740532,sq,Al Masrabah
365021026,4740533,sq,Sha`f
365021257,4740536,sq,Shi'b al Arak
365021411,4740538,sq,Al Makhnuq
365021488,4740539,sq,Al Qubbah
365021565,4740540,sq,Al Manarah
365022258,4740549,sq,qtban
365022489,4740552,sq,Ar Rifad
365022643,4740554,sq,Al Wa`rah
365022951,4740558,sq,Shaqa'
365023413,4740564,sq,Hawbat an Naqil
365023567,4740566,sq,Hawbet an Nakil
365023644,4740567,sq,Al Mana
365024106,4740573,sq,Sajal
365024183,4740574,sq,Hawl `Arsh
365024337,4740576,sq,Hawl `Arsh
365024491,4740578,sq,Shi`b në Tarik
365024568,4740579,sq,Jalayah
365024645,4740580,sq,An Najd al Asfal
365024799,4740582,sq,Sha`rah
365024876,4740583,sq,Al Hajafah
365024953,4740584,sq,Sha`rah
365025030,4740585,sq,Waraz
365025261,4740588,sq,Ar Riyabah
365025492,4740591,sq,Ad Dar al Ahmar
365025569,4740592,sq,Ar Rubejt
365025877,4740596,sq,Al Hamra'
365025954,4740597,sq,Ruwayhah
365026185,4740600,sq,Al Mahrabah
365026262,4740601,sq,Al Jid
365026570,4740605,sq,El Maqrud
365027032,4740611,sq,Al `Armah
365027340,4740615,sq,Al Masaliq
365027417,4740616,sq,aljayr
365027494,4740617,sq,Mashawiz
365027879,4740622,sq,El Maj`amah
365028033,4740624,sq,Habil al `Amrata
365028187,4740626,sq,Habil el Amrata
365028418,4740629,sq,Jarabulus
365028649,4740632,sq,alqhymaʾ
365028880,4740635,sq,Mashjab ad Dar
365029034,4740637,sq,Mashjab ad Dar
365029111,4740638,sq,alfqar
365029265,4740640,sq,Al Mashjab
365029342,4740641,sq,Dumejhah
365029419,4740642,sq,Al Xharbah
365029496,4740643,sq,Al Karbi si Sufla
365029573,4740644,sq,almjran
365029650,4740645,sq,El Karbi si Sufla
365029727,4740646,sq,El Mistahah
365029958,4740649,sq,Akamet el Qihaf
365030035,4740650,sq,Al Hasami
365030266,4740653,sq,Si Saniyah
365030420,4740655,sq,alashtat
365030497,4740656,sq,Mawjih
365030574,4740657,sq,Al Gharibah
365030728,4740659,sq,Qaranah
365030805,4740660,sq,Shi'b al Jammal
365030882,4740661,sq,Qaranah
365031036,4740663,sq,Suq Hamid
365031113,4740664,sq,Al Manahir
365031344,4740667,sq,Ghudhrur
365031498,4740669,sq,Ghudhhrur
365031575,4740670,sq,almqsas
365031729,4740672,sq,Al Jahaqir
365031806,4740673,sq,Al Jarjarah
365031960,4740675,sq,Shi`b Haddad
365032037,4740676,sq,Shi`b ar Rifa`i
365032191,4740678,sq,Adh Dhanbatayn
365032268,4740679,sq,Uwaymirah
365032345,4740680,sq,El Maklah
365032422,4740681,sq,'Uwaymirah
365032499,4740682,sq,Akamat ad Dar
365032576,4740683,sq,Al Husam
365032653,4740684,sq,Al Musakah
365032730,4740685,sq,aljwba
365032807,4740686,sq,Al Mafraq
365032961,4740688,sq,Al Maglaq
365033038,4740689,sq,Si Sahfah
365033115,4740690,sq,Ad Dawawin
365033192,4740691,sq,Al Hajar
365033269,4740692,sq,Ar Radifah
365033423,4740694,sq,Ar Radif
365033500,4740695,sq,Al Mudayhin
365033654,4740697,sq,Al Kusays
365033808,4740699,sq,Al Kusays
365033962,4740701,sq,almkhshab
365034039,4740702,sq,syman
365034193,4740704,sq,Jurn el Adan
365034270,4740705,sq,Al Mashkhaf
365034347,4740706,sq,Al Hariq
365034424,4740707,sq,Shi'b el Karif
365034578,4740709,sq,El Adafi
365034809,4740712,sq,Rabbah
365035040,4740715,sq,Al Mahras
365035117,4740716,sq,Al Hisn
365035194,4740717,sq,Bani Murrah
365035348,4740719,sq,Ad Diya'
365035656,4740723,sq,Al Kadarah
365035810,4740725,sq,Al Karyah al Wasit
365035887,4740726,sq,Akametul Ikam
365036272,4740731,sq,Akamat el Harazi
365036349,4740732,sq,Al 'Arasim
365036503,4740734,sq,Al Mij`arah
365036580,4740735,sq,Mahram Saylan
365036657,4740736,sq,Al Hisn
365036734,4740737,sq,Al Mishraf
365036888,4740739,sq,Ar Rakiz
365036965,4740740,sq,alaʿsal
365037042,4740741,sq,Ar Rakiz
365037889,4740752,sq,Al Karabi
365038428,4740759,sq,Al Maqatir
365039198,4740769,sq,almthlat
365039352,4740771,sq,Sayd
365039429,4740772,sq,El Akair
365039583,4740774,sq,El Mawsitah
365039891,4740778,sq,Si Sakin
365039968,4740779,sq,hbyl fakhr
365040045,4740780,sq,Ad Dar
365040122,4740781,sq,Al Qubay`
365040199,4740782,sq,Habil el Kubbah
365040276,4740783,sq,Al Kubbah
365040353,4740784,sq,ras almradʿ
365040584,4740787,sq,Hubejl Abjad
365040815,4740790,sq,El Lafj el A`la
365040969,4740792,sq,allfj alasfl
365041123,4740794,sq,El Xhuhejr
365041200,4740795,sq,Hajjat `Ubejd
365041354,4740797,sq,Ez Zuhejre
365041431,4740798,sq,Dhi esh Sharh
365041893,4740804,sq,Al Harqah
365041970,4740805,sq,Ar Rawn
365042047,4740806,sq,Al `Aridah
365042355,4740810,sq,El Arir
365042432,4740811,sq,Dar Muhamed Sa`d
365042509,4740812,sq,alʿqsh
365042663,4740814,sq,Akamat el Harmali
365042740,4740815,sq,Hubejl el Hamrah
365043048,4740819,sq,Një Nakil el Ulya
365043125,4740820,sq,Një Naqil si Sufla
365043279,4740822,sq,Si Sirajiyah
365043356,4740823,sq,Nir
365043433,4740824,sq,Hawb al Hiqf
365043664,4740827,sq,almlsaʾ
365043972,4740831,sq,Al Qubay`
365044049,4740832,sq,Al Mawridah
365044126,4740833,sq,Habil as Suq
365044203,4740834,sq,Ath Thawjan
365044280,4740835,sq,Al Mahrur
365044357,4740836,sq,Ath Thawjan
365044434,4740837,sq,Al Masajid
365044511,4740838,sq,Një Nayadah
365044588,4740839,sq,`Aqan
365044665,4740840,sq,Al Maksar
365044819,4740842,sq,Sanfin
365044896,4740843,sq,As Salawiyat
365045050,4740845,sq,El Mahras al A`la
365045435,4740850,sq,Dar al Wadi
365045512,4740851,sq,alqrban
365045589,4740852,sq,Dar al Wadi
365045666,4740853,sq,Al Maghalik
365045743,4740854,sq,Si San`ah
365045820,4740855,sq,shʿar
365045897,4740856,sq,Mihjan
365046128,4740859,sq,khrban
365046205,4740860,sq,El Musejni'ah
365046282,4740861,sq,alqtwan
365046359,4740862,sq,El Murayqib
365046436,4740863,sq,Al `Urr
365046513,4740864,sq,Al Haffah
365046898,4740869,sq,Al Gharsah
365047360,4740875,sq,Ash Shahid
365047514,4740877,sq,Sadd el Fajrah
365047668,4740879,sq,Al Mahjar
365047745,4740880,sq,Akamet el Unejn
365047822,4740881,sq,Ad Diraj
365047899,4740882,sq,Al `Aridah
365047976,4740883,sq,Al Jadid
365048207,4740886,sq,Ad Dar el A`la
365048284,4740887,sq,dar almnqaf
365048361,4740888,sq,Al Maharib
365048515,4740890,sq,Al Mishrafah
365049054,4740897,sq,Al Gharbi
365049208,4740899,sq,El Kurej'at
365049285,4740900,sq,Edh Dhanabah
365049362,4740901,sq,alqryʿat
365049439,4740902,sq,Wadi al Kubbah
365049747,4740906,sq,Vahib
365049901,4740908,sq,Al Hawlayn
365049978,4740909,sq,Dha Hammur
365050132,4740911,sq,Al Marfad
365050209,4740912,sq,Al Khadarib
365050286,4740913,sq,Al Marfad
365050363,4740914,sq,alarkan
365050440,4740915,sq,aljrn
365050517,4740916,sq,Al Ma'a'in
365050594,4740917,sq,Al Qufayli
365050671,4740918,sq,El Ma'in
365050825,4740920,sq,Ad Dar
365050902,4740921,sq,Makhmaq
365050979,4740922,sq,almshyaf
365051056,4740923,sq,Al `Ukdah
365051210,4740925,sq,Shi`b as Suq
365051441,4740928,sq,Al Ha'it
365051518,4740929,sq,Wadi al Qarin
365051595,4740930,sq,alʿbr
365051672,4740931,sq,Al Majarin
365051749,4740932,sq,Al Jubbah
365051980,4740935,sq,As Safa'
365052211,4740938,sq,Idrisi
365052288,4740939,sq,Al Mira`iyah
365052442,4740941,sq,Al Mira`iyah
365052519,4740942,sq,Ar Ramis
365052596,4740943,sq,Në Tuwaynah
365052673,4740944,sq,Al Jabajib
365052750,4740945,sq,Ra's al Jubbah
365052827,4740946,sq,Al Jabajib
365052981,4740948,sq,Al Ghayzah
365053058,4740949,sq,Al Huwayjah
365053135,4740950,sq,Al Ghayzah
365053212,4740951,sq,alkhsf
365053289,4740952,sq,Al Maideh
365053366,4740953,sq,Najd ash Sharif
365053443,4740954,sq,Shi`b as Sayfi
365053751,4740958,sq,Al Akhdur
365053982,4740961,sq,Si Sahwah
365054136,4740963,sq,Haxher esh Shu`bah
365054290,4740965,sq,Ar Rajm
365054521,4740968,sq,Haxher el Xhemal
365054752,4740971,sq,Hawb al Hiqf
365055137,4740976,sq,Ra's një Naqil
365055291,4740978,sq,Ra's një Naqil
365055522,4740981,sq,Akamat al Madajir
365055599,4740982,sq,Al `Adanah
365055676,4740983,sq,Ad Dab
365055830,4740985,sq,Ad Dab
365055984,4740987,sq,Al Madajir
365056138,4740989,sq,Al Madajir
365056215,4740990,sq,Az Zahit
365056292,4740991,sq,Al Mahrabah
365056446,4740993,sq,Al Mahrabah
365056523,4740994,sq,El Ukajma
365056600,4740995,sq,Në Tawlaqah
365056677,4740996,sq,Al Hasani
365056754,4740997,sq,Një Nasibah
365057216,4741003,sq,Al Wa`rah
365057370,4741005,sq,bwran
365057447,4741006,sq,Dar al Qadiri
365057601,4741008,sq,Al Quhayfah
365057678,4741009,sq,aljyban
365057755,4741010,sq,Al Akamah
365057832,4741011,sq,Hawb al Hiqf
365057909,4741012,sq,Al Haymah
365057986,4741013,sq,alqrf
365058063,4741014,sq,Al Barahah
365058140,4741015,sq,Si Sabrah
365058217,4741016,sq,Al Haymah
365058371,4741018,sq,Al Hajjajah
365058525,4741020,sq,Al Kuhliyah
365058679,4741022,sq,Një Nusajriyah
365058833,4741024,sq,Një Nusajriyah
365058910,4741025,sq,Ad Darajah
365058987,4741026,sq,Al Mahajir
365059064,4741027,sq,Al Qal`ah
365059372,4741031,sq,Jahud
365059449,4741032,sq,Ad Davari
365059526,4741033,sq,Ash Shu`ubah
365059680,4741035,sq,Esh Shu'ubah
365059757,4741036,sq,Një Nafisah
365060065,4741040,sq,Al Maghalik
365060142,4741041,sq,As Suwayq
365060219,4741042,sq,Al Khashabah
365060296,4741043,sq,Si Suwayq
365060373,4741044,sq,alqhaf alʿlya
365060527,4741046,sq,Al Quhayfah
365060758,4741049,sq,Al Jadid
365060835,4741050,sq,Al Usaymad
365060912,4741051,sq,Al Jadid
365060989,4741052,sq,Al Ukaymah
365061066,4741053,sq,Al Akamah
365061143,4741054,sq,Al `Ulaywah
365061220,4741055,sq,Al Akamah
365061297,4741056,sq,El Awramah
365061374,4741057,sq,Ehli Muhamed bin Ahmed
365061605,4741060,sq,Esh Shejh Salah
365061682,4741061,sq,Habil an Nawbah
365061990,4741065,sq,Në Turs
365062067,4741066,sq,albasq
365062375,4741070,sq,Mafraq Mawiyah
365062452,4741071,sq,Ad Daqduq
365062529,4741072,sq,Mafrak Mawiyah
365062683,4741074,sq,Al Akim
365062837,4741076,sq,aljlb
365062914,4741077,sq,Habil Baqsh
365063068,4741079,sq,Al Hajafah
365063145,4741080,sq,Busays
365063222,4741081,sq,Habil al Munakh
365063376,4741083,sq,Qahib
365063530,4741085,sq,Kahibi
365063684,4741087,sq,Si Surhin
365063838,4741089,sq,Al Fadilah
365063992,4741091,sq,Ad Duwayr
365064069,4741092,sq,Akamet el Asla`i
365064146,4741093,sq,Ad Dawahi
365064377,4741096,sq,Abijar
365064454,4741097,sq,Wad si Sudan
365064608,4741099,sq,Al Fuqah
365064685,4741100,sq,Akamat Haul an Najd
365064839,4741102,sq,Al Madafin
365064916,4741103,sq,alqhymaʾ
365064993,4741104,sq,Al Hariq
365065147,4741106,sq,Ash Sharajibah
365065224,4741107,sq,Al Aqyus
365065301,4741108,sq,Wadi as Sahab
365065455,4741110,sq,Litaf
365065532,4741111,sq,Al Qarah
365065609,4741112,sq,Al Mahattah
365065763,4741114,sq,Al Mahattah
365065840,4741115,sq,Al Hanakah
365065917,4741116,sq,Al Aqyus
365066071,4741118,sq,Al Aqyus
365066148,4741119,sq,Al Marhab
365066225,4741120,sq,El 'Eshari el A'la
365066302,4741121,sq,Al Hamadinah
365066456,4741123,sq,Al Hamadinah
365066533,4741124,sq,alakbwr
365066687,4741126,sq,Al Jazirah
365066764,4741127,sq,Al Mahfad
365066841,4741128,sq,Ash Shaqah
365066918,4741129,sq,Al Manajid
365066995,4741130,sq,Esh Shakah
365067226,4741133,sq,Suk al Ahad
365067303,4741134,sq,Ad Duwayhah
365067534,4741137,sq,El Kusajr
365067611,4741138,sq,Ja`ar
365067765,4741140,sq,Ash Shaddad
365067842,4741141,sq,Aradah
365067919,4741142,sq,Al Majidi
365068073,4741144,sq,Al Hariw
365068227,4741146,sq,Dakhwah
365068304,4741147,sq,Al Jabin
365068381,4741148,sq,Dakhwah
365068612,4741151,sq,Al Wa`rah
365068766,4741153,sq,almʿtab
365068843,4741154,sq,Akamat ad Dimah
365068920,4741155,sq,Habil Xhabar
365068997,4741156,sq,byt alʿtab
365069305,4741160,sq,Umk al Bayda
365069459,4741162,sq,"""Umk al Bejda"""
365069536,4741163,sq,qdat waʿyan
365069767,4741166,sq,Harb
365069998,4741169,sq,Al `Uduf
365070075,4741170,sq,Al Hariq
365070152,4741171,sq,Si Sarihah
365070306,4741173,sq,Milahah
365070383,4741174,sq,Një Nuqub
365070537,4741176,sq,aljhdan
365071307,4741186,sq,Kari`
365071384,4741187,sq,Za`buq
365071692,4741191,sq,Dar al Jaradi
365071769,4741192,sq,mswal
365072000,4741195,sq,Hibr
365072077,4741196,sq,Al Kharabah
365072154,4741197,sq,Al Jalab al Asfal
365072231,4741198,sq,Al Kharabah
365072308,4741199,sq,Al Jalab al Asfal
365072385,4741200,sq,Ad Daribah
365072462,4741201,sq,Hisn al Qaryah
365072539,4741202,sq,almkhshab
365072770,4741205,sq,alʿrar
365072847,4741206,sq,Shi`b si Sami`
365072924,4741207,sq,Si Sabl
365073078,4741209,sq,Mahar
365073155,4741210,sq,El Maklah
365073232,4741211,sq,dkhla sakn
365073309,4741212,sq,Habil Jaydal
365073463,4741214,sq,Habil Jaydal
365074387,4741226,sq,Al Khirbah
365074618,4741229,sq,Al Jahlah
365074772,4741231,sq,Al Mashhad
365074849,4741232,sq,Ad Dala`
365074926,4741233,sq,Al Mashhad
365075080,4741235,sq,El Uklah
365075157,4741236,sq,Guraysah
365075234,4741237,sq,Al Haffah
365075311,4741238,sq,Guraysah
365075542,4741241,sq,Ar Ribat
365075619,4741242,sq,alakhzaj
365075696,4741243,sq,Al Khadra'
365075773,4741244,sq,Al `Aridah
365075850,4741245,sq,ras ʿram
365075927,4741246,sq,Al Hankah
365076004,4741247,sq,Al Harjah
365076158,4741249,sq,Al Harjah
365076235,4741250,sq,alkhbt
365076312,4741251,sq,Lakamat dhe Naxhar
365076389,4741252,sq,Hayy al Medresah
365076466,4741253,sq,El Mevjir el A`la
365076543,4741254,sq,Hatab al Asfal
365076620,4741255,sq,Husejn esh Sharji
365076697,4741256,sq,Hatab al Asfal
365076774,4741257,sq,Hatab el A`la
365076851,4741258,sq,alaghwal
365077005,4741260,sq,Habil el Abda
365077159,4741262,sq,Mahrabah
365077313,4741264,sq,Habil ash Shi`b
365077390,4741265,sq,Habil `Azub
365077467,4741266,sq,Habil esh Shi`b
365077544,4741267,sq,Habil Diblah
365077698,4741269,sq,Habil Baqsh
365077852,4741271,sq,Ad Dih
365078083,4741274,sq,jyshan
365078160,4741275,sq,El Mewsaf
365079084,4741287,sq,aljnab
365079546,4741293,sq,Shi`b edh Dh'ib
365079623,4741294,sq,Mahraq
365079700,4741295,sq,Shi`b edh Dh'ib
365079777,4741296,sq,Ma`zub Shabrakah
365079854,4741297,sq,Al Miqbabah
365079931,4741298,sq,As Sawdah
365080008,4741299,sq,Habil al Aghwal
365080085,4741300,sq,Habil ad Dumejh
365080316,4741303,sq,Ma'zub Shawraban
365080393,4741304,sq,Ma`zub Ebu Talib
365080470,4741305,sq,Al Mirdamah
365081009,4741312,sq,aljhr
365081163,4741314,sq,Jarsh
365081240,4741315,sq,El Haudah
365081471,4741318,sq,Himmah
365081625,4741320,sq,Dhi Badir
365081779,4741322,sq,Dhi Badir
365081856,4741323,sq,Katab
365082010,4741325,sq,Ash Sha`tha'
365082087,4741326,sq,Al Haymah
365082164,4741327,sq,Al Qasabah
365082241,4741328,sq,El Mahrurah
365082318,4741329,sq,Al Hadabah
365082395,4741330,sq,El Marda'ah
365082472,4741331,sq,Adh Dhira`
365082703,4741334,sq,Al Qisah
365083011,4741338,sq,Al Ghuwayl
365083165,4741340,sq,El Ma`zabah
365083242,4741341,sq,Hamdunah
365083319,4741342,sq,Al Habil
365083396,4741343,sq,Ar Rahbah
365083473,4741344,sq,As Safa'
365083550,4741345,sq,Ar Rahbah
365083627,4741346,sq,El Usejdije
365083704,4741347,sq,Al Khirbah
365083781,4741348,sq,Ra's al Wadi
365083858,4741349,sq,Al Qaflah
365083935,4741350,sq,Rasabah
365084012,4741351,sq,Al Mabra`
365084166,4741353,sq,Ash Sha`mali
365084397,4741356,sq,Al Mashbak
365084474,4741357,sq,Ar Rahbah
365084705,4741360,sq,Adh Dhanijah
365084859,4741362,sq,Adh Dhaniyah
365085475,4741370,sq,Ar Rahbah
365085552,4741371,sq,El Ma`zabah
365085783,4741374,sq,Al Jaylah
365086245,4741380,sq,Al Jububah
365087477,4741396,sq,Rajdi
365087708,4741399,sq,Bayh
365088016,4741403,sq,almhjaʾ
365088170,4741405,sq,Al `Umqah
365088247,4741406,sq,Si Sahraban
365088324,4741407,sq,Nufay`
365088401,4741408,sq,Habil el Manasib
365088478,4741409,sq,Nufaj`
365088709,4741412,sq,Al Mansurah
365088786,4741413,sq,Hadar
365088863,4741414,sq,Al Mansurah
365088940,4741415,sq,Hafaf
365089017,4741416,sq,Saruvah
365089094,4741417,sq,Al Quway`
365089248,4741419,sq,Al Wa`rah
365089325,4741420,sq,Lakam Sa`d
365089402,4741421,sq,Al Wa`rah
365089479,4741422,sq,alqfal
365089556,4741423,sq,alawswn
365089633,4741424,sq,Al Kharabah
365089787,4741426,sq,Al Hisn
365089941,4741428,sq,Al Qarin
365090018,4741429,sq,El Ma`zub
365090095,4741430,sq,alqfl
365090172,4741431,sq,Habil al Qasirah
365090326,4741433,sq,Habil el Kasirah
365090403,4741434,sq,Al Jayshaniyah
365090557,4741436,sq,Al Jayshaniyah
365090634,4741437,sq,Mushejri'ah
365090711,4741438,sq,El Ma`zub
365090788,4741439,sq,Al Manajid
365090865,4741440,sq,Habil el Xherbah
365090942,4741441,sq,Al Minyasah
365091019,4741442,sq,Ash Shu`bah
365091173,4741444,sq,Ash Shurf
365091250,4741445,sq,Al Haffah
365091327,4741446,sq,Al Mashbah
365091404,4741447,sq,Al `Arimah
365091635,4741450,sq,Al Jubjub
365091712,4741451,sq,Al Ghadir
365091789,4741452,sq,Qaraqir
365091866,4741453,sq,Al Ghashshah
365092328,4741459,sq,Al Khash`ah
365092405,4741460,sq,Ez Zem`ari
365092482,4741461,sq,Shaka`
365092559,4741462,sq,alqrʿaʾ
365092790,4741465,sq,Shi`b az Zaylah
365092944,4741467,sq,Shi`b ez Zejlah
365093175,4741470,sq,Ar Raddah
365093252,4741471,sq,Jurb al Misk
365093329,4741472,sq,Ar Raddah
365093637,4741476,sq,El Asalah
365093714,4741477,sq,Ad Daram
365093868,4741479,sq,Al `Ukdah
365093945,4741480,sq,Al Mawahisah
365094022,4741481,sq,Ar Rihab
365094099,4741482,sq,frthan
365094176,4741483,sq,Al Makashilah
365094253,4741484,sq,Maknaf
365094330,4741485,sq,El Makashilah
365094561,4741488,sq,Al Xhebel
365094638,4741489,sq,alhjnaʾ
365094715,4741490,sq,Al Jurayn
365094869,4741492,sq,Humar si Sadah
365094946,4741493,sq,Al Qahirah
365095023,4741494,sq,Humar si Sadah
365095100,4741495,sq,Al Jazirah
365095254,4741497,sq,Al Qarn
365095331,4741498,sq,Uhrah
365095408,4741499,sq,Habil al Maqsa`
365095485,4741500,sq,Al Mahjar
365095562,4741501,sq,Habil el Maksa`
365095639,4741502,sq,Al Mahjar
365095716,4741503,sq,akam alghbra
365095793,4741504,sq,El Ma`zabah
365096101,4741508,sq,tsʿan
365096332,4741511,sq,Al Habil
365096563,4741514,sq,El Mudawwarah
365096640,4741515,sq,Dhira` Labrak
365096871,4741518,sq,Ad Dayq
365097025,4741520,sq,Ad Dayq
365097102,4741521,sq,alʿrm
365097179,4741522,sq,Al Lakmah
365097256,4741523,sq,Si Salqah
365097487,4741526,sq,Al Ashahibah
365097564,4741527,sq,Al `Adufin
365097718,4741529,sq,El Adufin
365097795,4741530,sq,Bayt ash Shuway`
365097949,4741532,sq,Al Maduri
365098026,4741533,sq,Al Kurayf
365098103,4741534,sq,Dar al Hur
365098180,4741535,sq,Al `Arshah
365098257,4741536,sq,Kabala
365098334,4741537,sq,Al Muqir
365098411,4741538,sq,Mixhba'ah
365098488,4741539,sq,Dhi Furay`
365098565,4741540,sq,Al Waxhiah
365098796,4741543,sq,Al Bahu
365098873,4741544,sq,Esh Shujuf
365099104,4741547,sq,Mishhaz
365099258,4741549,sq,alʿlyaʾ
365099412,4741551,sq,Jaradah
365099489,4741552,sq,Esh Shu`ubat
365099566,4741553,sq,alʿrs
365099643,4741554,sq,El Mishrafah
365099797,4741556,sq,Si Samman
365099874,4741557,sq,asl alwady
365099951,4741558,sq,ʿshqat
365100028,4741559,sq,Al Ma`rum
365100105,4741560,sq,Al Mikrab
365100182,4741561,sq,Madara
365100259,4741562,sq,Al Huqar
365100336,4741563,sq,El Mi`sarah
365100413,4741564,sq,Al Mash`ab
365100567,4741566,sq,Al Hawiyah
365100644,4741567,sq,Az Zaghrur
365100721,4741568,sq,Al Majal
365100875,4741570,sq,Al `Awfah
365100952,4741571,sq,Saqf el Udejn
365101106,4741573,sq,alarmd
365101183,4741574,sq,Si Sarifah
365101260,4741575,sq,Al Kadamah
365101337,4741576,sq,Naqil el Mesxhidejn
365101414,4741577,sq,Një Nadirah
365101491,4741578,sq,Qaryat as Suq
365101568,4741579,sq,Dar si Safil
365101645,4741580,sq,Al Maqrudah
365101799,4741582,sq,Al Maqabin
365101876,4741583,sq,Jarba'
365101953,4741584,sq,Dar ash Sharaf
365102107,4741586,sq,Al Hawamir
365102261,4741588,sq,Al Hawamir
365102338,4741589,sq,Dhi Khisa`
365102492,4741591,sq,Ra's al Wadi
365102569,4741592,sq,Al Kurayf
365102646,4741593,sq,Ra's al Wadi
365102723,4741594,sq,Di Thiyab
365102800,4741595,sq,Asfal al Wadi
365102954,4741597,sq,Nakil el Hablah
365103031,4741598,sq,Nexhd ar Rukejb
365103262,4741601,sq,Mashra'ah
365103493,4741604,sq,Al Hadafah
365103570,4741605,sq,Shukajri
365103647,4741606,sq,Al Hadafah
365104417,4741616,sq,Një Nabib
365104571,4741618,sq,Ad Dur
365104725,4741620,sq,Ad Dur
365105110,4741625,sq,El Maqatir
365105187,4741626,sq,Hawj al Math`ad
365105341,4741628,sq,Hawj al Math'ad
365105572,4741631,sq,Al Madraj
365105803,4741634,sq,Një Nasl
365105957,4741636,sq,Karif al Faras
365106188,4741639,sq,Al Kharabah
365106342,4741641,sq,Dar Wahhas
365106496,4741643,sq,Dar Wahhas
365106573,4741644,sq,nʿran
365106650,4741645,sq,Ad Dimnah
365107497,4741656,sq,awjnat
365108190,4741665,sq,Al Badiyah
365108267,4741666,sq,Wadi Bardan
365108344,4741667,sq,El Kavrayn
365108652,4741671,sq,Ar Ris
365108883,4741674,sq,Asfal al Wadi
365109037,4741676,sq,Shi`b Rahmah
365109114,4741677,sq,Hawl si Suq
365109576,4741683,sq,khdshat
365109653,4741684,sq,Adh Dhubub
365109730,4741685,sq,`Adani si sunit
365109884,4741687,sq,`Adan Mi`zab
365110115,4741690,sq,El Mishrafah
365110192,4741691,sq,Al Man`az
365110423,4741694,sq,ras ghabr
365110654,4741697,sq,Al Jirah
365110731,4741698,sq,El Lusejb
365111039,4741702,sq,Al Ma`akish
365111116,4741703,sq,Ash Shu`lah
365111270,4741705,sq,Esh Shu`lah
365111578,4741709,sq,Al Xhebel
365111886,4741713,sq,Al Mi`sarah
365111963,4741714,sq,Wadan
365112040,4741715,sq,El Mi`sarah
365112194,4741717,sq,Al Muraykib
365112348,4741719,sq,El Murayqib
365112502,4741721,sq,El Akamah si Sufla
365112579,4741722,sq,Hajma
365112810,4741725,sq,Ra's Qasa`
365112887,4741726,sq,Al `Adani
365112964,4741727,sq,Ra's Qasa`
365113041,4741728,sq,Al `Adanah
365113272,4741731,sq,Al Mij`arah as Sufla
365113349,4741732,sq,Al Hawlayn
365113426,4741733,sq,El Mij`arah si Sufla
365113503,4741734,sq,El Mij`arah el Ulya
365113580,4741735,sq,`Usayb
365113657,4741736,sq,aljaw
365113811,4741738,sq,Al Awjibah
365113965,4741740,sq,Al `Afazi
365114042,4741741,sq,As Sulbah
365114119,4741742,sq,`Adan el Qard
365114196,4741743,sq,Si Sulbah
365114273,4741744,sq,Al Jundiyah
365114350,4741745,sq,Al Maramid
365114427,4741746,sq,Al Jundijah
365114504,4741747,sq,Al Maramid
365114581,4741748,sq,Mashawiz
365114658,4741749,sq,Dhi Jazir
365114735,4741750,sq,Al Manzil
365114889,4741752,sq,Ash Shatt
365114966,4741753,sq,Al Khirbah
365115120,4741755,sq,Bejt ar Ribat
365115197,4741756,sq,alaqrad
365116044,4741767,sq,Një Namik
365116506,4741773,sq,Bejt al Manzar
365116814,4741777,sq,El Madkah
365116891,4741778,sq,Dar al Khuza`i
365117045,4741780,sq,Al Jalab al Asfal
365117353,4741784,sq,El Maslak
365117430,4741785,sq,El Uvejkah
365117661,4741788,sq,Al `Inwi
365117815,4741790,sq,Al `Inwi
365118277,4741796,sq,El Amarah si Sufla
365118508,4741799,sq,El Amarah el Ulya
365118739,4741802,sq,Ash Shu`bah
365118893,4741804,sq,Ash Shurf
365118970,4741805,sq,ahwal albur
365119047,4741806,sq,Al Mahdar
365119124,4741807,sq,Ad Dahir
365119201,4741808,sq,Ad Dabr
365119740,4741815,sq,Al Khanan
365121357,4741836,sq,Kabakbah
365121511,4741838,sq,El Adaif
365122435,4741850,sq,Al Milbajah
365122743,4741854,sq,Ar Ribat
365123128,4741859,sq,Ind ad Dar
365123205,4741860,sq,Al Hajaf
365123282,4741861,sq,Az Zara'im
365123359,4741862,sq,El Maqban
365123590,4741865,sq,Bani Jawhar
365123821,4741868,sq,brhat
365124129,4741872,sq,Al Mizab
365124283,4741874,sq,Al Mandami
365124360,4741875,sq,Al Muqir
365124591,4741878,sq,alarkab
365124745,4741880,sq,Thuwayb
365124899,4741882,sq,Al Huwayd
365125053,4741884,sq,Al Huvejd
365125130,4741885,sq,El Masharih
365125284,4741887,sq,alakhraf
365125361,4741888,sq,almswal
365125823,4741894,sq,Dhi Ejub
365126131,4741898,sq,Si Sihhah
365126285,4741900,sq,El Habil el 'Ali
365126362,4741901,sq,Al Mudayhis
365126593,4741904,sq,Al Khushur
365126901,4741908,sq,'Azan
365126978,4741909,sq,Al `Abadilah
365127055,4741910,sq,Al Bir
365127132,4741911,sq,El Abadilah
365127286,4741913,sq,Daba'ah
365127363,4741914,sq,Al Hisn
365127748,4741919,sq,Al Khazjah
365127902,4741921,sq,Një Nafa'ir
365128133,4741924,sq,Al Mashru`
365129288,4741939,sq,Sawm ash Sharaf
365129519,4741942,sq,Bejt ash Shibr
365129981,4741948,sq,Si Sulbah
365130058,4741949,sq,Si Sar'iyah
365130135,4741950,sq,Ash Shu`ayb
365130212,4741951,sq,Ad Dimnat
365130289,4741952,sq,Al Makshah
365130443,4741954,sq,Si Sawahir
365130520,4741955,sq,Al Jarrar
365130597,4741956,sq,alajbaʾ
365130828,4741959,sq,El Adiyah
365130905,4741960,sq,Al Muqbil
365130982,4741961,sq,Al Qahatin
365131059,4741962,sq,Al Nubijah
365131213,4741964,sq,Asl si Safa'
365131290,4741965,sq,Shi'b ar Rummanah
365131367,4741966,sq,Al Mahallah
365132060,4741975,sq,Bejt el Hamrah
365132214,4741977,sq,Al Miqtar
365132368,4741979,sq,Al Mahall
365132522,4741981,sq,Al Mahall
365132676,4741983,sq,almshwab
365132830,4741985,sq,Az Zahiriyah
365132984,4741987,sq,Asfal al Wadi
365133061,4741988,sq,Sunwah
365133215,4741990,sq,Dhi Ghunayn
365133292,4741991,sq,Kur'um
365133369,4741992,sq,Dhi Ghunayn
365133523,4741994,sq,Bejt el Hamrah
365133677,4741996,sq,Bejt el Hamrah
365133754,4741997,sq,Wasat al Qaryah
365133831,4741998,sq,Bejt Ismail
365133985,4742000,sq,Al `Akdah as Sufli
365134062,4742001,sq,Az Zahar
365134139,4742002,sq,Humr si Safil
365134216,4742003,sq,Az Zahar
365134293,4742004,sq,Humr si Safil
365134370,4742005,sq,As Sawamirah
365134524,4742007,sq,Al Azazi
365134678,4742009,sq,Si Sunayd
365134909,4742012,sq,Hajjatul Ulb
365134986,4742013,sq,Si Safijah
365135217,4742016,sq,Al Mashbarah
365135294,4742017,sq,Dhi Shadid
365135371,4742018,sq,almnaw
365135525,4742020,sq,Dibjan
365135602,4742021,sq,Al Mij`arah
365135679,4742022,sq,Bab an Najd
365135756,4742023,sq,El Mij`arah
365135833,4742024,sq,Ad Dahdaf
365135910,4742025,sq,alqrnat
365135987,4742026,sq,Al Karif
365136064,4742027,sq,alawlyaʾ
365136141,4742028,sq,Al Karif
365136911,4742038,sq,Ad Darayib
365136988,4742039,sq,El Mahajib
365137219,4742042,sq,El Jidhwah
365137835,4742050,sq,Wadi Bardan
365137989,4742052,sq,Wadi Bardan
365138220,4742055,sq,Al Qafa`ideh
365138297,4742056,sq,Al Ikam
365138451,4742058,sq,alakam
365138682,4742061,sq,shʿb kndash
365139683,4742074,sq,Al Masadah
365139760,4742075,sq,akmt alawbar
365140145,4742080,sq,Qayhamah
365140530,4742085,sq,almrbaʿ
365140607,4742086,sq,ʿjrash
365140684,4742087,sq,Al Qassah
365140761,4742088,sq,Al Mashriq
365140838,4742089,sq,Al Kassah
365140915,4742090,sq,Al Wali
365141069,4742092,sq,alakhraf
365141454,4742097,sq,El Maqban
365141531,4742098,sq,Manqad
365141762,4742101,sq,Al La`ili
365141839,4742102,sq,Di Haqli
365141916,4742103,sq,Ash Sharif
365142070,4742105,sq,Esh Sharif
365142224,4742107,sq,Shi`b al Adhush
365142301,4742108,sq,El Masha'ibah
365142378,4742109,sq,Nuwayr
365142455,4742110,sq,Udejn el Milh
365142532,4742111,sq,Dujayr
365142609,4742112,sq,Al Gharsah
365142763,4742114,sq,almʿthan
365142840,4742115,sq,Al Qahatin
365142917,4742116,sq,Al Manzar
365143071,4742118,sq,Bejt esh Sha`iri
365143148,4742119,sq,Ar Rawnah as Sufla
365143302,4742121,sq,Ar Rawnah si Sufla
365143379,4742122,sq,Al Mahjar
365143456,4742123,sq,Kawz `Usajq
365143533,4742124,sq,Ash Sharj
365143610,4742125,sq,Al Halsah
365143841,4742128,sq,Al Qufayfah
365143918,4742129,sq,El Ma`ziyah
365144149,4742132,sq,Si Sarifah
365144226,4742133,sq,Riba'ah
365144380,4742135,sq,qʿbat
365144457,4742136,sq,Dar Mansur
365144688,4742139,sq,Al Maqatinah
365144842,4742141,sq,El Maqatinah
365144919,4742142,sq,Naqil ash Shajarah
365145381,4742148,sq,Al Majahish
365145458,4742149,sq,Ar Rayyan
365145612,4742151,sq,Al Wadar
365145843,4742154,sq,Ad Daji`
365146305,4742160,sq,Al Mihdadah al `Ulya
365146382,4742161,sq,Mashrafah
365146613,4742164,sq,Si Sayrat
365146690,4742165,sq,Adh Dhunajb
365146767,4742166,sq,Kabakbah
365146844,4742167,sq,Hajjatul Fajir
365146921,4742168,sq,Kabakbah
365146998,4742169,sq,Si Sabib
365147075,4742170,sq,Hubayl Abyad
365147306,4742173,sq,Safa al Mayahir
365147383,4742174,sq,Si Sarasir
365147537,4742176,sq,Bahdah
365147768,4742179,sq,alwyn
365147845,4742180,sq,Ash Shu`bat
365147999,4742182,sq,Al Kalifin
365148230,4742185,sq,El Fawri
365148307,4742186,sq,Hajd Husejn
365148538,4742189,sq,Hib Asabih
365149077,4742196,sq,Si Sabil
365149154,4742197,sq,El Asafir
365149539,4742202,sq,Al Mashbak
365149693,4742204,sq,Si Siqayah
365150078,4742209,sq,Kahfat el Avra
365150155,4742210,sq,Ez Zawlim
365150386,4742213,sq,Al Badiyah
365150540,4742215,sq,Dar an Naqil
365150617,4742216,sq,almybara
365150694,4742217,sq,Al Haddiyah
365150848,4742219,sq,Al Mashjab
365150925,4742220,sq,Kuvejrih
365151002,4742221,sq,Dar al Kadrah
365151079,4742222,sq,`Afir
365151233,4742224,sq,alkshr
365151310,4742225,sq,Misayjdin
365151387,4742226,sq,Kahfat Ahmedi
365151541,4742228,sq,Ajann Qahmu
365151618,4742229,sq,Ad Darajah
365151695,4742230,sq,Qanihu
365151772,4742231,sq,Al Mashaqib
365151849,4742232,sq,Al Hawbayn
365151926,4742233,sq,El Mashaqib
365152003,4742234,sq,Al Hawbayn
365152080,4742235,sq,Al Manzil
365152157,4742236,sq,Wahru
365152234,4742237,sq,El Anah
365152542,4742241,sq,almrqas
365152850,4742245,sq,Qahfat Hamar
365152927,4742246,sq,Al Maysim
365153081,4742248,sq,El Ukdah
365153158,4742249,sq,Al Qab`
365153235,4742250,sq,El Ukdah
365153389,4742252,sq,Ash Shurf
365153466,4742253,sq,Esh Sharj el A`la
365153620,4742255,sq,Zahdah
365153697,4742256,sq,`Uqruhijeh
365153774,4742257,sq,Wudud
365153851,4742258,sq,Az Zafaj
365153928,4742259,sq,alawkar
365154005,4742260,sq,Az Zafaj
365154082,4742261,sq,Ash Sharj al Asfal
365154390,4742265,sq,El Akur
365154467,4742266,sq,Ash Shurf
365154544,4742267,sq,hyjt alabd
365154775,4742270,sq,Al `Asaqah
365154852,4742271,sq,Al Hazirah
365154929,4742272,sq,Hajjat ​​al Ajann
365155006,4742273,sq,Al Mahjar
365155083,4742274,sq,Al Masir
365155160,4742275,sq,Ez Zaram
365155237,4742276,sq,Al Masir
365155468,4742279,sq,Marayfiq
365155545,4742280,sq,aljrat
365156238,4742289,sq,El Kaide si Sufla
365156315,4742290,sq,Al Gharaghir
365156623,4742294,sq,Hawb esh Shakah
365156777,4742296,sq,Ar Rida`
365156854,4742297,sq,hwb ghalb
365157008,4742299,sq,El Maskunah
365157239,4742302,sq,Ez Zahrur
365157316,4742303,sq,Sufal an Naqil
365157470,4742305,sq,alawqan
365158163,4742314,sq,mwdad
365158240,4742315,sq,Al Hasahis
365158471,4742318,sq,Safa al Karif
365158548,4742319,sq,Shawkah
365158702,4742321,sq,Marah
365158779,4742322,sq,syna
365158856,4742323,sq,alhyrat
365159010,4742325,sq,El Ibn el Asfal
365159087,4742326,sq,Rajuzah
365159164,4742327,sq,dar alhyaj alasfl
365159549,4742332,sq,El Ibn el A`la
365159857,4742336,sq,Al Majarin
365160088,4742339,sq,Al Mahawir
365160242,4742341,sq,`Abr Jirab
365160550,4742345,sq,Ash Shurf
365160627,4742346,sq,alqbqab
365160781,4742348,sq,Al Jabbanah
365160935,4742350,sq,Al Jabbanah
365161012,4742351,sq,Dhilbah
365161166,4742353,sq,Dhilbah
365161397,4742356,sq,As Safiyah
365161551,4742358,sq,Akavir esh Sha`ir
365161628,4742359,sq,Al Kadkud
365161782,4742361,sq,Al Hajmah
365161859,4742362,sq,Al Bahbah
365161936,4742363,sq,Al Jabbanah
365162013,4742364,sq,Al Batahah
365162167,4742366,sq,Esh Shurayj
365162244,4742367,sq,Al Qab`
365162321,4742368,sq,Al Hadd
365162398,4742369,sq,Sharaf bin Isa
365162475,4742370,sq,Al Kadaf
365162629,4742372,sq,Al Jabbanah
365162706,4742373,sq,Maqarid
365162860,4742375,sq,Maqarid
365163168,4742379,sq,Akmat al `Adnah
365163245,4742380,sq,Akmet el Ajlah
365163322,4742381,sq,Akmet el Adnah
365163399,4742382,sq,Një Nakaq
365163630,4742385,sq,Qahfat Mahin
365163707,4742386,sq,El Mukajlib
365163861,4742388,sq,Mahajsran
365163938,4742389,sq,Si Sawn
365164092,4742391,sq,El Matnah
365164169,4742392,sq,Hadah
365164246,4742393,sq,Kahfat `Ajash
365164400,4742395,sq,Hajjatul Hawb
365164477,4742396,sq,El Khuzajjah
365164631,4742398,sq,almad
365164785,4742400,sq,Al Fajawir
365164862,4742401,sq,Muhajlika
365165016,4742403,sq,Al Khurut
365165170,4742405,sq,Ash Sharaf
365165401,4742408,sq,Ad Dawmalah
365165478,4742409,sq,Ad Darkamah
365165709,4742412,sq,Al Mahjar
365165940,4742415,sq,Sakarah
365166017,4742416,sq,Makshalah
365166171,4742418,sq,Halalah
365166248,4742419,sq,Ma`bal
365166325,4742420,sq,Al Qahirah
365166402,4742421,sq,Safirah
365166556,4742423,sq,Al `Arzah
365166710,4742425,sq,Maqarid
365166787,4742426,sq,Kuvejl'ah
365166864,4742427,sq,Kahfat al Maqhwa
365167095,4742430,sq,alqwz
365167172,4742431,sq,alaslm
365167249,4742432,sq,Si Silaq
365167634,4742437,sq,Al Kadrah
365167711,4742438,sq,Al Haymah
365167788,4742439,sq,El Kuvej`idah
365168173,4742444,sq,alqbaʿ
365168250,4742445,sq,Ad Dahimah
365168327,4742446,sq,Masheyr`at
365168404,4742447,sq,Qahfat Ramadan
365168558,4742449,sq,Qahfat al Ghadrah
365168635,4742450,sq,Dha ar Rajiz
365168712,4742451,sq,Kahfat al Ghadrah
365168789,4742452,sq,alkdash
365169020,4742455,sq,Ash Shakl
365169097,4742456,sq,qhbat
365169174,4742457,sq,Ash Shakl
365169482,4742461,sq,Kahfat el Haxherayn
365169636,4742463,sq,Shi`b Rashid
365169713,4742464,sq,Kamarah
365169790,4742465,sq,Kahfat esh Shuajb
365169867,4742466,sq,aljaya
365169944,4742467,sq,Qihfat el Karif
365170021,4742468,sq,Kahfat Rajm
365170329,4742472,sq,Sarira
365170483,4742474,sq,'Akkah
365170560,4742475,sq,Al Faruq
365170637,4742476,sq,Al Barhah
365170714,4742477,sq,Kahfat el Faruk
365170791,4742478,sq,Al Haddah
365171253,4742484,sq,Dhihnah
365171407,4742486,sq,ʿrd alahwab
365171484,4742487,sq,Hawb Masjah
365171792,4742491,sq,Al Khabb
365171946,4742493,sq,Al Khabb
365172100,4742495,sq,Mavbikah
365172177,4742496,sq,Khasaru
365172408,4742499,sq,Al Barahah
365172716,4742503,sq,Sharaf al Wakir
365173332,4742511,sq,Qaryat el Bir
365173486,4742513,sq,aljrat
365173640,4742515,sq,Ad Dar
365173717,4742516,sq,Jahliar
365173794,4742517,sq,Ad Dar
365173871,4742518,sq,Ad Dar el A`la
365173948,4742519,sq,aljlb
365174025,4742520,sq,Si Sadd
365174256,4742523,sq,Ash Shurf
365174410,4742525,sq,Ash Shurf
365174487,4742526,sq,Al `Usaymah
365174564,4742527,sq,Haqnun
365175103,4742534,sq,An Nakb al Aswad
365175257,4742536,sq,Al Jurayn
365175334,4742537,sq,Al Masha`ir
365175411,4742538,sq,Al Jurayn
365175488,4742539,sq,Ash Shazif
365175565,4742540,sq,Jamiah
365175642,4742541,sq,Al Khalij
365176258,4742549,sq,Kuvejl'ah
365176335,4742550,sq,El Makasis
365176566,4742553,sq,Ad Dakhini
365176643,4742554,sq,Al Mazabir
365177182,4742561,sq,Karjat el Barah
365177259,4742562,sq,Kahfat si Sadd
365177413,4742564,sq,alʿbrat
365177644,4742567,sq,Al Majarin
365177721,4742568,sq,Najadah
365177798,4742569,sq,Si Sanbah
365177875,4742570,sq,Najadah
365178029,4742572,sq,almnbaʾ
365178491,4742578,sq,El Humejra
365178568,4742579,sq,`Aramah
365178722,4742581,sq,`Aramah
365178799,4742582,sq,alqrf
365178953,4742584,sq,El Haqnun
365179107,4742586,sq,Daush
365179184,4742587,sq,Ar Rafsah as Sufla
365179261,4742588,sq,Al Hariz
365179415,4742590,sq,Al Akabe
365179723,4742594,sq,Al Waxhiah
365179954,4742597,sq,Al Hasab
365180031,4742598,sq,El Bajrah si Sufla
365180108,4742599,sq,Sung Noen
365180185,4742600,sq,almʿrad
365180647,4742606,sq,Kahfati si Suvejkah
365180801,4742608,sq,Manshaz
365180878,4742609,sq,alqhaf
365180955,4742610,sq,Manshaz
365181032,4742611,sq,`Abr al A`la
365181417,4742616,sq,Al Maqtar
365181571,4742618,sq,Al Maqtar
365181725,4742620,sq,Esh Shejh Muhamed
365181802,4742621,sq,Ez Zahrur
365182033,4742624,sq,`Asharat
365182110,4742625,sq,Ash Shu`bat
365182187,4742626,sq,Al Faridat
365182264,4742627,sq,Ar Rahbah
365182341,4742628,sq,El Faridat
365182418,4742629,sq,Sifl edh Dhira`
365182572,4742631,sq,Al Mi`bar
365182649,4742632,sq,qhft aljab
365182880,4742635,sq,alʿynat
365183265,4742640,sq,Ad Daym
365183342,4742641,sq,Si Sayrah
365183496,4742643,sq,Rahadah el Ulya
365183958,4742649,sq,El Kahfah si Sufla
365184035,4742650,sq,Hajd Husejn
365184189,4742652,sq,Al Madafin
365184266,4742653,sq,Karif al Faras
365184343,4742654,sq,Al Hariq
365184420,4742655,sq,Karif al Faras
365184497,4742656,sq,Qawalah
365184728,4742659,sq,alkdash
365184959,4742662,sq,Al Hawiyah
365185113,4742664,sq,Al Hawiyah
365185575,4742670,sq,Mayfa`
365185652,4742671,sq,qtn
365185729,4742672,sq,Si Sa`iriyah
365186037,4742676,sq,Jahusin
365186191,4742678,sq,Jahusin
365186268,4742679,sq,Al Mimlahah
365186422,4742681,sq,Uhdah el Ulya
365186499,4742682,sq,`Uhdeh si Sufla
365186653,4742684,sq,almargh
365186730,4742685,sq,Barh el Asak
365186884,4742687,sq,Al Akamah
365187038,4742689,sq,Al Akamah
365187192,4742691,sq,`Aran
365187423,4742694,sq,Al Kubbah
365187654,4742697,sq,Esh Shajbah
365187962,4742701,sq,Akamat si Sariq
365188270,4742705,sq,Al Haybah
365189117,4742716,sq,brh alqshb
365189579,4742722,sq,Al Lahin
365189656,4742723,sq,Al Fununah
365189810,4742725,sq,alhrz
365190657,4742736,sq,Qahfat esh Shawt
365190811,4742738,sq,Naqil el Mesxhidejn
365190965,4742740,sq,Muxharab el Bin
365191042,4742741,sq,Ar Rihab
365191273,4742744,sq,Ad Daur al `Ali
365191581,4742748,sq,El Hixhre
365191658,4742749,sq,Al `Aramiyah
365191735,4742750,sq,Hasab esh Shawa
365191812,4742751,sq,Al Quwaysib
365191966,4742753,sq,Al Hasab al A`la
365192120,4742755,sq,El Hasab el A`la
365192428,4742759,sq,Al Hasab
365192505,4742760,sq,almnqaf
365192582,4742761,sq,Al Haybah
365192659,4742762,sq,Ubejlah
365192736,4742763,sq,Al Makush
365193121,4742768,sq,Ar Raji` al Asfal
365193352,4742771,sq,Al Fuqah
365193506,4742773,sq,Al Xhaferiyah
365193583,4742774,sq,Al Hubub
365193814,4742777,sq,Al Xhebel el Asfal
365193968,4742779,sq,Hasab el Manqam
365194122,4742781,sq,El Fakihah
365194353,4742784,sq,Al Mawazif
365194584,4742787,sq,Ad Darih
365194738,4742789,sq,Dar al Mu`alla
365194815,4742790,sq,Dhira` ad Dakhal
365194892,4742791,sq,Al Mada
365195046,4742793,sq,Jadhr ar Rakb
365195123,4742794,sq,San`af
365195200,4742795,sq,Jadhr ar Rakb
365195277,4742796,sq,Dhira` al Qarshi
365195431,4742798,sq,Dhira` el Qarshi
365195508,4742799,sq,Al Harf
365195585,4742800,sq,Al Karahid
365195662,4742801,sq,Jabinu
365195893,4742804,sq,Hawb el Habir
365196124,4742807,sq,Ad Dar el A`la
365196201,4742808,sq,Hajjatul Mu`in
365196278,4742809,sq,Shuajbe
365196509,4742812,sq,Dhira` `Anhu
365197125,4742820,sq,byt alʿyan
365197202,4742821,sq,byt shmsan
365197356,4742823,sq,almrkham
365197433,4742824,sq,Jurn al Mahall
365197664,4742827,sq,Ibn
365197895,4742830,sq,almrdaʿ
365197972,4742831,sq,Një Naxhariyah
365198203,4742834,sq,Marat
365198434,4742837,sq,Bayt ad Dubli
365198511,4742838,sq,Al Haydayn
365198665,4742840,sq,Xhem
365199897,4742856,sq,Bejt el Kahdi
365200590,4742865,sq,Ash Sha`mali
365200821,4742868,sq,El Maqtarah
365201283,4742874,sq,Salbat Hajad
365201514,4742877,sq,byt slman
365201591,4742878,sq,Al Manhit
365202361,4742888,sq,Habab
365202515,4742890,sq,Al Ghurabiyah
365202669,4742892,sq,Si Sawadayn
365202746,4742893,sq,Ad Dala`ah
365202823,4742894,sq,Azzah
365202900,4742895,sq,El Xhuhejre
365202977,4742896,sq,byt alkashf
365203054,4742897,sq,Bejt el Lubud
365203131,4742898,sq,Al Qubay`
365203285,4742900,sq,Bejt Murrah el Ulya
365203439,4742902,sq,Bejt Sufan
365203516,4742903,sq,Al Lakmah
365203593,4742904,sq,Ar Ribat
365203670,4742905,sq,Ad Dafr
365203747,4742906,sq,Al Mahim
365203978,4742909,sq,Azzah
365204132,4742911,sq,Bejt el Vakidi
365204209,4742912,sq,Haxherja Isa
365204286,4742913,sq,Al Mustawsaf
365204440,4742915,sq,Al Mustawsaf
365205133,4742924,sq,Al Hasiyah
365205441,4742928,sq,Kawlat el Hajah
365205826,4742933,sq,Si Sulbah
365205903,4742934,sq,Al Balad
365205980,4742935,sq,Lakamat Salah
365206057,4742936,sq,Lakamat Shaqah
365206134,4742937,sq,Lakamat ad Dahqah
365206211,4742938,sq,Lakamat Shakah
365206288,4742939,sq,Al Fujayr
365206442,4742941,sq,Al Fujayr
365206519,4742942,sq,Al Mashhad
365206596,4742943,sq,Bejt el Mahnashah
365206750,4742945,sq,Al Masabih
365206904,4742947,sq,Al Maslul
365207135,4742950,sq,Al Majarin
365207289,4742952,sq,Al Majarin
365207443,4742954,sq,Az Zahirah
365207597,4742956,sq,Mahall ash Sharaf
365207905,4742960,sq,Bejt Katran si Safil
365208367,4742966,sq,El Huxhrah
365208444,4742967,sq,Adh Dhira`
365208521,4742968,sq,Tanh
365208675,4742970,sq,Tanh
365208752,4742971,sq,Si Sarhat
365209060,4742975,sq,Al Madnuf
365209214,4742977,sq,Al Mizab
365209291,4742978,sq,Al Hasharif
365209907,4742986,sq,Azzah
365210061,4742988,sq,alarhb
365210215,4742990,sq,Az Zahar
365210292,4742991,sq,Az Zaghrur
365210754,4742997,sq,Si Siwar
365210831,4742998,sq,Az Zahr
365210985,4743000,sq,Az Zawagh
365211293,4743004,sq,Ar Rifad
365211370,4743005,sq,Al Manajid
365211447,4743006,sq,El Mi`zab
365211678,4743009,sq,Al Maryum
365211909,4743012,sq,Wadi Hazan
365211986,4743013,sq,alhwaz
365212140,4743015,sq,Ez Za'ila
365212294,4743017,sq,Në Taffah
365212371,4743018,sq,Al Hakiq
365212602,4743021,sq,Bejt el Fakih
365212679,4743022,sq,Ash Sharzah
365213064,4743027,sq,Al Jarin
365213372,4743031,sq,Shi`b as Sani`
365213526,4743033,sq,Hisn al Qaryah
365213603,4743034,sq,Al Kavwal
365213680,4743035,sq,Bejt ar Ribasi
365213911,4743038,sq,Bejt Ahmed Hadi
365214450,4743045,sq,Al Farshah
365214835,4743050,sq,Hisn al Qaryah
365215143,4743054,sq,Hisn al Qaryah
365215374,4743057,sq,Wadi Adwaj
365215605,4743060,sq,Ar Ribat
365215759,4743062,sq,Ar Ribat
365215836,4743063,sq,Salfut
365215913,4743064,sq,Bejt Rassam
365215990,4743065,sq,Ad Dala`ah
365216144,4743067,sq,Ad Dala`ah
365216221,4743068,sq,Al Jurayn
365216606,4743073,sq,Buyut Faris
365217068,4743079,sq,Milhah
365217145,4743080,sq,Uad'ah
365217222,4743081,sq,Si Salm
365217299,4743082,sq,alʿryat
365217453,4743084,sq,Mirhab
365217915,4743090,sq,Bayt Sharf
365217992,4743091,sq,Bayt as Sabl
365218069,4743092,sq,Bayt Sharf
365218146,4743093,sq,Xherr el Vakr
365218454,4743097,sq,Hisn Sab`
365218531,4743098,sq,Hadin
365218608,4743099,sq,Suq al `Aqah
365218685,4743100,sq,Harf Nusayr
365218762,4743101,sq,Suk al Akah
365218839,4743102,sq,Harf Nusayr
365218916,4743103,sq,As Sawbah
365218993,4743104,sq,Al I`mar
365219070,4743105,sq,Bejt Savade
365219147,4743106,sq,Bayt ar Ra's
365219224,4743107,sq,Bejt el Mehdi
365219301,4743108,sq,Bejt el Khabani
365219378,4743109,sq,Bayt as Samhi
365219455,4743110,sq,Ar Radih
365219532,4743111,sq,Al Jurayn
365219609,4743112,sq,Ad Dar
365219686,4743113,sq,Al Jurayn
365219763,4743114,sq,Azhal
365219917,4743116,sq,`Azhal
365220071,4743118,sq,Bejt el Hadadi
365220148,4743119,sq,Bejt el Matawimah
365220225,4743120,sq,Al Khawarifah
365220302,4743121,sq,Bejt el Matawimah
365220456,4743123,sq,As Sabhah
365220610,4743125,sq,Si Sabhah
365220918,4743129,sq,alarym
365221765,4743140,sq,Lakamat al Wadi
365221842,4743141,sq,El Mawsitah
365222073,4743144,sq,Al Mawrah
365222227,4743146,sq,El Mawrah
365222381,4743148,sq,Masudah
365222535,4743150,sq,Al `Umqah
365222843,4743154,sq,'Athathah
365222997,4743156,sq,Al Magharib
365223151,4743158,sq,El Magharib
365223305,4743160,sq,Adh Dhira`
365223690,4743165,sq,El 'Araqah
365223921,4743168,sq,Ash Shu`ub
365224383,4743174,sq,Bejt Miftah
365224537,4743176,sq,Bayt ad Dabis
365224691,4743178,sq,Al Akhdur
365224768,4743179,sq,Al Ghayzah
365224845,4743180,sq,Al Qaryah as Sufla
365224999,4743182,sq,alajran
365225384,4743187,sq,Bejt el Khabi
365225615,4743190,sq,Si Sakhl
365225769,4743192,sq,Al Jarin
365226000,4743195,sq,Dhi Kard
365226770,4743205,sq,Shibam si Safil
365226847,4743206,sq,Shibam al `Ali
365227078,4743209,sq,Bani Ghushaym
365227155,4743210,sq,Ad Dar
365227309,4743212,sq,Al I`mar
365227386,4743213,sq,Si Sablah
365227694,4743217,sq,Si Siyaqil
365227925,4743220,sq,Al Kawlah
365228002,4743221,sq,Zanah
365228233,4743224,sq,Al `Ukad
365228464,4743227,sq,alawraʿ
365228849,4743232,sq,Bejt Mahfuz
365229003,4743234,sq,Al Mahajir
365229234,4743237,sq,Al Ladamah
365229388,4743239,sq,Al Ladamah
365229465,4743240,sq,Baqimah
365229696,4743243,sq,Samarah
365229773,4743244,sq,Ash Shadid
365229927,4743246,sq,Al Hazzah
365230004,4743247,sq,Nahd `Asfar
365230081,4743248,sq,Si Saradih
365231313,4743264,sq,El Lajmah
365231698,4743269,sq,Mahlib
365231775,4743270,sq,Si Safaq
365231852,4743271,sq,Al Qaryah al Bayda'
365232006,4743273,sq,Al Majal
365232083,4743274,sq,alhdas
365232160,4743275,sq,Buyut al `Asal
365232314,4743277,sq,Bejtul Ulfi
365232776,4743283,sq,El Madahiq
365233623,4743294,sq,alazram
365233700,4743295,sq,Mawthibah
365233777,4743296,sq,Al Jabjabi
365234008,4743299,sq,Ash Sha`mali
365234085,4743300,sq,almshwaf
365234162,4743301,sq,Al Azrakiyah
365234239,4743302,sq,Al Qaryah al `Ulya
365234393,4743304,sq,Al Qaryah as Sufla
365234470,4743305,sq,alhsn alʿlya
365234547,4743306,sq,Al Akhdur
365234778,4743309,sq,Qaryat al Dar
365234855,4743310,sq,Az Zahiriyah
365235086,4743313,sq,Al Lakamah
365235163,4743314,sq,Një Nadab
365235240,4743315,sq,Al Ma`zub
365235394,4743317,sq,Ra's al Wadi
365235471,4743318,sq,Al Khuraybah
365235702,4743321,sq,Jurn el Qurdah
365235779,4743322,sq,Si Sablah
365235856,4743323,sq,Al Kadam
365235933,4743324,sq,Ez Zaram
365236010,4743325,sq,As Sur
365236241,4743328,sq,Al Haffah
365236318,4743329,sq,Ash Shurf
365236549,4743332,sq,mʿmar shahr
365236703,4743334,sq,Hisn në Tibi
365236857,4743336,sq,Al Mash`ar
365236934,4743337,sq,Sarf
365237011,4743338,sq,Al Mash`ar
365237242,4743341,sq,Al Hamra'
365237473,4743344,sq,Al Hisn
365237935,4743350,sq,Bayt si Salay
365238243,4743354,sq,dar almajl
365238320,4743355,sq,Bejt dhe Nuvejdi
365238397,4743356,sq,Al Jabbanah
365238551,4743358,sq,Al Hisn
365238705,4743360,sq,Bayt as Salab
365238859,4743362,sq,Haqili
365238936,4743363,sq,Ramada
365239090,4743365,sq,Ar Rammanah
365239244,4743367,sq,Zahrat si Selami
365239321,4743368,sq,Ad Dar
365239629,4743372,sq,Shi`b Rashid
365239860,4743375,sq,El Karani`ah
365240091,4743378,sq,Ar Rajnah
365240168,4743379,sq,Ad Dakhiliyah
365240245,4743380,sq,Ad Dar
365240399,4743382,sq,sʿad
365240476,4743383,sq,Banjladish
365240784,4743387,sq,Bejt Tahir
365241169,4743392,sq,Al Maknah
365241246,4743393,sq,Tejshah
365241400,4743395,sq,Al Hamra'
365241631,4743398,sq,Yahqar
365241708,4743399,sq,Hadarah
365241862,4743401,sq,Hadarah
365241939,4743402,sq,El Mi`zab
365242016,4743403,sq,Rahaba
365242324,4743407,sq,Bal`ah
365242401,4743408,sq,Bayt an Nasim
365242478,4743409,sq,Al Karfah
365242632,4743411,sq,Kawlat al Hayyah
365242709,4743412,sq,Al Ma`dhar
365242863,4743414,sq,Jadilah
365242940,4743415,sq,Harf al Huwani
365243017,4743416,sq,Manzit
365243094,4743417,sq,Harf al Huwani
365243171,4743418,sq,Manzit
365243556,4743423,sq,Një Nizar
365243941,4743428,sq,`Anmah
365244095,4743430,sq,'Anmah
365244172,4743431,sq,Ash Shahthuth
365244249,4743432,sq,Safra' Bin Kajid
365244480,4743435,sq,Jahud
365244942,4743441,sq,Xhirn el Badawi
365245250,4743445,sq,Al Madarah
365245404,4743447,sq,Si Selef
365245789,4743452,sq,Bab el Milaji
365245866,4743453,sq,Jub al `Ir
365246174,4743457,sq,Masan
365246328,4743459,sq,Masan
365246405,4743460,sq,Shallall
365246713,4743464,sq,Bejt Jakub
365246790,4743465,sq,El Ma`zabah
365248099,4743482,sq,Hisn al Qaryah
365248176,4743483,sq,`Avafi al`Ulya
365248330,4743485,sq,Al Hamayim
365248407,4743486,sq,Al Hinnah
365248638,4743489,sq,El Mi`sarah
365248715,4743490,sq,jrdam
365248792,4743491,sq,Si Sawad
365248869,4743492,sq,Bejt Ahmed Sa`d
365248946,4743493,sq,Hibah
365249100,4743495,sq,Hibah
365249177,4743496,sq,Ad Darb
365249254,4743497,sq,Al `Uqlah
365249331,4743498,sq,Al Wasat
365249408,4743499,sq,El Uklah
365249639,4743502,sq,As Salwah
365249716,4743503,sq,Taljanah
365249870,4743505,sq,Taljanah
365250794,4743517,sq,Zahbat Naji
365251410,4743525,sq,Al `Alah
365251641,4743528,sq,Bayt si Siba'i
365251949,4743532,sq,Zahrat Hama
365252103,4743534,sq,Zahrat Hama
365252334,4743537,sq,Al Mizab
365252488,4743539,sq,Al `Alah
365253104,4743547,sq,Al Mashhad
365253181,4743548,sq,Hajjat ​​`Aqlan
365254336,4743563,sq,Bejt Xheradah
365255183,4743574,sq,Man`ak
365255260,4743575,sq,Al Ghayzah
365255568,4743579,sq,El Mi`mar el Baradah
365255645,4743580,sq,Dar al Qubba
365255722,4743581,sq,Al Iskan
365255799,4743582,sq,byt alahsb
365255876,4743583,sq,Al Mahlalah
365255953,4743584,sq,Si Suwayd
365256030,4743585,sq,Al Iskan
365256107,4743586,sq,Mi`mar al Jiyub
365256184,4743587,sq,ghbthan
365256261,4743588,sq,Dhi Shahwah
365256338,4743589,sq,Al Hisn
365256415,4743590,sq,Dhi Shahvah
365256723,4743594,sq,Hays el Mu`in si Safil
365256800,4743595,sq,almʿmar
365257031,4743598,sq,Adh Dhabbah
365257185,4743600,sq,Za`mah
365257570,4743605,sq,Ni`mah
365257647,4743606,sq,`Irq el Hisn
365257955,4743610,sq,Ar Rajn
365258032,4743611,sq,wqash
365258109,4743612,sq,Al `Ashshah
365258186,4743613,sq,El Miqtalah
365258340,4743615,sq,Al Fadam
365259110,4743625,sq,Al Haybah
365259418,4743629,sq,Hisn Gharb
365259495,4743630,sq,As Sa`ar
365259649,4743632,sq,Al Julub
365259803,4743634,sq,Hawbsari
365259880,4743635,sq,Markuz
365260111,4743638,sq,bab almsmh
365260650,4743645,sq,Ma`zabat Hayash
365260881,4743648,sq,Al Jabjabi
365260958,4743649,sq,Al Haffah
365261651,4743658,sq,Al Jabjabah
365261805,4743660,sq,Dhu Khalqah
365262190,4743665,sq,Sahil al Madhrah
365262344,4743667,sq,Sahil el Madhrah
365262421,4743668,sq,Al Mishraqi
365262575,4743670,sq,Al Harrah
365262729,4743672,sq,Ad Dakhlah
365263191,4743678,sq,Jurn si Suq
365263499,4743682,sq,Al Mahjar
365263576,4743683,sq,Jurn az Zad
365265270,4743705,sq,Hauf al Wadi
365265501,4743708,sq,Al Bajada
365266194,4743717,sq,Al Jirfah
365266271,4743718,sq,Al Mabrak
365266425,4743720,sq,Al Mabrak
365266733,4743724,sq,Ash Shatt
365267349,4743732,sq,Al Hawamir
365267426,4743733,sq,Al Majarrah
365267503,4743734,sq,Al Barakah
365267657,4743736,sq,Bejt el Xhabiri
365267734,4743737,sq,Al Mabkar
365267965,4743740,sq,Bejt Uehmah
365268042,4743741,sq,El Uklah
365268427,4743746,sq,Al Hijarayn
365268504,4743747,sq,Ath Thawmi
365268581,4743748,sq,alʿyan
365268658,4743749,sq,Eth Thawmi
365268812,4743751,sq,Khallat al 'Aqd
365269197,4743756,sq,Timar
365269582,4743761,sq,El Mukalah
365269659,4743762,sq,Bejt Xheradah
365269890,4743765,sq,Tash`ir
365269967,4743766,sq,Azzah
365270352,4743771,sq,Sayh
365270506,4743773,sq,Ghayl Hurah
365270583,4743774,sq,Nexhd el Mekajid
365270814,4743777,sq,Al Balawus
365271122,4743781,sq,Bejt Kulejb
365271199,4743782,sq,Mi`mar al Ma`zulah
365271969,4743792,sq,Bayt si Sufi
365272046,4743793,sq,El Mi`zab
365272123,4743794,sq,'Awman
365273740,4743815,sq,Al Wathan
365273817,4743816,sq,Zahratul Ala
365274510,4743825,sq,El Ualah
365275126,4743833,sq,Ad Diyarah
365276204,4743847,sq,Ad Dakmah
365277590,4743865,sq,Ash Sha`mali
365278129,4743872,sq,Al Ma`zubah
365278206,4743873,sq,Bab el Kadhiyah
365278745,4743880,sq,Shi`b al Ma`ayin
365278822,4743881,sq,Azzah
365278899,4743882,sq,Shi'b al Ma'ajin
365280054,4743897,sq,El Utbijah
365280285,4743900,sq,Najd Tahir
365280593,4743904,sq,Al Hisn
365280824,4743907,sq,As Safa
365281209,4743912,sq,Bejt Ez Zahiri
365281286,4743913,sq,Al Mahall
365281363,4743914,sq,Bayt Siwar
365281440,4743915,sq,Bayt Diyan
365281517,4743916,sq,Majzar
365281594,4743917,sq,Bayt `Adiyah
365281671,4743918,sq,Al Humaydah
365281748,4743919,sq,Bejt Adiyah
365281825,4743920,sq,Mahall ad Dahqah
365281979,4743922,sq,Mahall ad Dahkah
365282056,4743923,sq,Al `Aridah
365282903,4743934,sq,Bejt ad Daghash
365283365,4743940,sq,Hisn al Qaryah
365283750,4743945,sq,El Makduhah
365283981,4743948,sq,Bejt Zejd
365284905,4743960,sq,Al Ghadir
365284982,4743961,sq,Al Ma`zibah
365285136,4743963,sq,byt alqabl
365285906,4743973,sq,Jawran ad Dakhili
365285983,4743974,sq,Bejt si Salibi el A`la
365286060,4743975,sq,Si Sarbah
365286368,4743979,sq,Harf al Kadam
365287831,4743998,sq,El Karna'ah
365288909,4744012,sq,Al Hillah
365288986,4744013,sq,Al Milhah
365289063,4744014,sq,Al Jirfah
365289140,4744015,sq,Al Hayfah
365289217,4744016,sq,Ad Darmah
365289371,4744018,sq,Al Jurayn
365290295,4744030,sq,alghawb
365290372,4744031,sq,Al Lakamah
365290526,4744033,sq,Al Maraghah
365290603,4744034,sq,Si Sanab
365290680,4744035,sq,Al Maraghah
365290911,4744038,sq,Al Lakamah
365290988,4744039,sq,Bejtul Evbali
365291450,4744045,sq,Qa` ash Sharqi
365291527,4744046,sq,Al Mahrabah
365291604,4744047,sq,Ash Shurf
365291681,4744048,sq,Ghiyal al Khariji
365291758,4744049,sq,Rajama
365291912,4744051,sq,Daliyah
365291989,4744052,sq,El Qiflah
365292220,4744055,sq,El Maaviq
365293144,4744067,sq,Wadi al Ansi
365294299,4744082,sq,byt ʿbd allah
365294376,4744083,sq,Bejt ar Radmi
365294607,4744086,sq,Suk al Ahad
365294684,4744087,sq,Az Zal`ah
365294838,4744089,sq,Ez Zal'ah
365294915,4744090,sq,Sha`ban ad Dakhil
365294992,4744091,sq,Sha'ban el Kharij ue el Felakah
365295300,4744095,sq,Al Kadar
365295531,4744098,sq,Al Qushub
365295685,4744100,sq,Markuz
365295762,4744101,sq,Sibal al Hadid
365295839,4744102,sq,Bejt el Gharabani
365295916,4744103,sq,alasfy
365296301,4744108,sq,Al Magribah
365297379,4744122,sq,Az Zahar
365297456,4744123,sq,Al Hayfah
365298226,4744133,sq,Ar Rawah
365298534,4744137,sq,El Medhabihah
365299381,4744148,sq,Lahaf el Hajd
365300074,4744157,sq,Al Maslah
365300228,4744159,sq,El Maslah
365300305,4744160,sq,Al Madrab
365300382,4744161,sq,shryaf
365300536,4744163,sq,byt dblan
365300844,4744167,sq,Jandah
365301152,4744171,sq,Në Tarifah
365301229,4744172,sq,Al Harazi
365301306,4744173,sq,Ad Dafir
365301383,4744174,sq,Al Harazi
365301460,4744175,sq,ahmd alhaj
365301614,4744177,sq,Bejt el Makrami
365301922,4744181,sq,Si Salbah
365301999,4744182,sq,El Azimah
365302076,4744183,sq,Haul Mahrur
365302230,4744185,sq,Mesxhid al Akhdar
365302307,4744186,sq,Xhi'abah
365302461,4744188,sq,Radayid Bani `Ali
365302615,4744190,sq,Radejid Beni 'Ali
365302846,4744193,sq,Madara
365303000,4744195,sq,Madarah
365303154,4744197,sq,Ar Rukn
365303616,4744203,sq,Lakamat ash Shath
365303770,4744205,sq,Qafa al Masalif
365303847,4744206,sq,Za`faranah
365303924,4744207,sq,Qafa al Masalif
365304155,4744210,sq,Al Ghammah
365304386,4744213,sq,Ad Dala`
365304463,4744214,sq,Az Zahar
365305002,4744221,sq,Al Huwaydin
365305233,4744224,sq,Al Balad
365305387,4744226,sq,Al Qashab
365305618,4744229,sq,Bejt ad Daghshi
365305772,4744231,sq,Bejt Shubejl
365305849,4744232,sq,Ash Shurf
365306080,4744235,sq,Al Mahajir
365306234,4744237,sq,Al Makbarah
365306542,4744241,sq,Kardat al Madad
365306696,4744243,sq,Shavakib
365306773,4744244,sq,Say`am el Asfal
365306850,4744245,sq,El Lawahif
365307004,4744247,sq,Takfar
365307081,4744248,sq,Beni Selam
365307158,4744249,sq,Dila`
365307312,4744251,sq,Bejt `Aqqar
365307389,4744252,sq,Adh Dhari el A`la ue el Asfal
365307466,4744253,sq,Bejt `Aqqar
365307774,4744257,sq,byt alʿmad
365307851,4744258,sq,byt jar allh
365308082,4744261,sq,alaslab
365308236,4744263,sq,El Fukaha
365308390,4744265,sq,El Ma`jufah
365308467,4744266,sq,Jurn al Hajar
365308544,4744267,sq,Al Batahi
365308698,4744269,sq,Al Qubay`
365309083,4744274,sq,`Abr ad Dejrah
365309314,4744277,sq,Al Masjidayn
365309699,4744282,sq,aljaby
365310161,4744288,sq,Ghaul al Maghribi
365310623,4744294,sq,El Masna'ah
365310854,4744297,sq,El Musejni'ah
365310931,4744298,sq,Al Jaljalah
365311008,4744299,sq,Al Mahjar
365311085,4744300,sq,El Xhurejd
365311316,4744303,sq,ahwad
365311470,4744305,sq,Ma` si Saratih
365311547,4744306,sq,ghyl nʿam
365311778,4744309,sq,Bejt Zejd
365311932,4744311,sq,Bejt Zejd
365312163,4744314,sq,Al Khirbah
365312779,4744322,sq,Bayt Sukkar
365313087,4744326,sq,Al Haydayn
365313164,4744327,sq,Hidab
365313241,4744328,sq,Al Akabe
365313472,4744331,sq,Bayt ar Rish
365313626,4744333,sq,Bayt ar Rish
365314088,4744339,sq,Si Sawid
365314319,4744342,sq,Al Haliyah
365314858,4744349,sq,ʿqshan
365316167,4744366,sq,El Masna'ah
365316398,4744369,sq,Al Gharbi
365316783,4744374,sq,`Axhnebi si Safil
365317322,4744381,sq,almsyad
365317399,4744382,sq,Al Akamah
365318092,4744391,sq,Ad Dabr
365320402,4744421,sq,alkdf
365320710,4744425,sq,Al Magribah
365320864,4744427,sq,Një Nashmah
365321018,4744429,sq,Al Hisn
365321557,4744436,sq,Al Hawiyah
365321634,4744437,sq,Ablus
365321711,4744438,sq,Az Zayl
365321788,4744439,sq,Ablus
365321942,4744441,sq,allwdan
365322250,4744445,sq,Al Barihah
365322404,4744447,sq,El Barihah
365322481,4744448,sq,Az Zahiyah
365322635,4744450,sq,Ez Zahiyah
365323020,4744455,sq,Mahrasah
365323097,4744456,sq,As Sarifah
365323251,4744458,sq,Dhi Nawf
365323405,4744460,sq,Az Zahar
365323482,4744461,sq,almjban
365323559,4744462,sq,alqfl
365323636,4744463,sq,Al Harazi
365323713,4744464,sq,Al Madhar
365323790,4744465,sq,Al Harazi
365324021,4744468,sq,Al Kukari
365324252,4744471,sq,'Athimah
365325022,4744481,sq,'Unayqibah
365325407,4744486,sq,Dhi Taban
365325715,4744490,sq,Dhi Kubr
365326100,4744495,sq,Al Hamrah
365326177,4744496,sq,Ar Ribat
365326331,4744498,sq,El Maqasim
365326408,4744499,sq,Sha`bun
365326485,4744500,sq,El Akat
365326562,4744501,sq,Al Harrah
365326716,4744503,sq,Një Nakhl
365327024,4744507,sq,Madwah
365327101,4744508,sq,Jandah
365327332,4744511,sq,Wadi al Bir
365327486,4744513,sq,Al Mahjar al Bakali
365327563,4744514,sq,Jadirah
365327717,4744516,sq,Al Hawshabah
365327871,4744518,sq,Al Hawshabah
365329488,4744539,sq,Masbahah
365329950,4744545,sq,Ash Shafar
365330951,4744558,sq,Si Selefah
365332260,4744575,sq,Al Huqul
365332414,4744577,sq,Al Huqul
365333338,4744589,sq,Dhi Shams
365333569,4744592,sq,Ad Dahiya
365333646,4744593,sq,El Xhebel el 'Ali
365333723,4744594,sq,Al Xhebel si Safil
365334031,4744598,sq,Al Kathib
365334339,4744602,sq,Masbahah
365334493,4744604,sq,Al Makmad
365334724,4744607,sq,El Mawrid
365334878,4744609,sq,alasqaf
365335032,4744611,sq,Dhari al Karyah
365335109,4744612,sq,almsab
365335186,4744613,sq,El Barah el 'Ali
365335956,4744623,sq,Bejt el Jabah
365336495,4744630,sq,Al Xharbah
365336649,4744632,sq,Al Xharbah
365337188,4744639,sq,Mesxhid el Harrah
365337419,4744642,sq,El Bejt el 'Ali
365337650,4744645,sq,Qa`ar Rim
365337804,4744647,sq,Ar Rim
365337881,4744648,sq,Ash Shu`ub
365337958,4744649,sq,Ar Rim
365338035,4744650,sq,Ash Shuqrah
365338112,4744651,sq,alqrnat
365338420,4744655,sq,Masna'ah
365338497,4744656,sq,Al Qataw
365338651,4744658,sq,Al Kataw
365338959,4744662,sq,Al 'Awash al' Ali
365339036,4744663,sq,El Xhebel el 'Ali
365339652,4744671,sq,Al Hazzah
365339960,4744675,sq,El Awash
365340576,4744683,sq,Al Makwa si Sufla
365340807,4744686,sq,Havan
365340884,4744687,sq,Al Ka'shari
365341500,4744695,sq,Al Hawbah
365341577,4744696,sq,Ar Rahmaniyah
365342039,4744702,sq,Katmah
365342578,4744709,sq,Razim
365342886,4744713,sq,El Magharib
365343040,4744715,sq,Al Qitta`
365343348,4744719,sq,El Ismah
365343579,4744722,sq,Al Maltah
365343656,4744723,sq,Al `Usaymah
365343733,4744724,sq,Si Sah
365344041,4744728,sq,Al Qahalah
365344195,4744730,sq,shmran
365344426,4744733,sq,Labkh
365344734,4744737,sq,El Ma`imah
365348892,4744791,sq,Al Haqlah
365349046,4744793,sq,El Haklah
365350509,4744812,sq,Si Sanfah
365350663,4744814,sq,Al Mahjar
365351279,4744822,sq,Tarnajah
365351587,4744826,sq,El Hakli
365353897,4744856,sq,Al Jazirah
365354282,4744861,sq,Al Hajar
365354975,4744870,sq,Al Xhebel
365356207,4744886,sq,Dhu Khalqah
365356361,4744888,sq,Ad Dimnah
365356515,4744890,sq,Ad Dimnah
365356746,4744893,sq,Al Xhebel
365357285,4744900,sq,Haddah
365357362,4744901,sq,Shajhah
365357516,4744903,sq,Dhira` `Ali
365357593,4744904,sq,Al Jubub
365357670,4744905,sq,alahwad
365357747,4744906,sq,Al Jubub
365357824,4744907,sq,alaqwaz
365357901,4744908,sq,Al Hamrah
365357978,4744909,sq,Al Mahjar
365358055,4744910,sq,Az Zahrah al `Aliyah
365358132,4744911,sq,Al Haym al Jamani
365358209,4744912,sq,Al Haym al Kibli
365358286,4744913,sq,Al Haym al Yamani
365358363,4744914,sq,El Haym el Qibli
365358440,4744915,sq,alaʿtaq
365358671,4744918,sq,Al Marah
365358748,4744919,sq,Al Magharib
365358902,4744921,sq,El Magharib
365358979,4744922,sq,Al Lamhil al `Ali
365359056,4744923,sq,Al Lamhil si Safil
365359133,4744924,sq,El Lamhil el 'Ali
365359210,4744925,sq,Kahnah
365359364,4744927,sq,Jawadah
365359441,4744928,sq,Al Mahazi`
365359518,4744929,sq,`Awdat al Kalbah
365359672,4744931,sq,`Audat al Kalbah
365359749,4744932,sq,Si Sakrah
365359826,4744933,sq,dhrwan
365359903,4744934,sq,Al Magribah
365360057,4744936,sq,Mihjan
365360365,4744940,sq,Bayt Rassam
365360519,4744942,sq,Rida`
365360596,4744943,sq,Qahiz
365360750,4744945,sq,Al Mawrid
365360827,4744946,sq,Qars
365360981,4744948,sq,Al Magribah
365361058,4744949,sq,El Maqtar el 'Ali
365361289,4744952,sq,El Mawrid
365361366,4744953,sq,Al Mahmarah
365361443,4744954,sq,Az Zahrah
365361520,4744955,sq,mlhan
365361597,4744956,sq,Azzah
365361751,4744958,sq,Adh Dhari
365361828,4744959,sq,Al Xhebel
365361905,4744960,sq,Adh Dhari
365361982,4744961,sq,Al Masbahi
365362059,4744962,sq,As Sahl
365362136,4744963,sq,El Mawhid
365362213,4744964,sq,Al Kadah
365362367,4744966,sq,Ar Razami
365362598,4744969,sq,Az Zari
365362752,4744971,sq,Al Gharib
365362906,4744973,sq,Bani `Ulwan
365363060,4744975,sq,Al Xhebel
365363137,4744976,sq,Al Limah
365363214,4744977,sq,Jamahiyah
365363522,4744981,sq,Ash Shurf
365363599,4744982,sq,Al Gharsah
365363676,4744983,sq,Al Magribah
365363753,4744984,sq,Al Gharsah
365363830,4744985,sq,El Hajnah
365364138,4744989,sq,almrayaʾ
365364292,4744991,sq,Azzah
365364446,4744993,sq,Al Mabrak
365364831,4744998,sq,alaqtab
365364908,4744999,sq,Ghawi Hajm
365365447,4745006,sq,Shakhzah
365365986,4745013,sq,Al Kasr
365366525,4745020,sq,alqwz
365366602,4745021,sq,Al Masbahi
365366756,4745023,sq,Hudi si Sejid
365369220,4745055,sq,Al Maqta`
365371068,4745079,sq,Beni Muhamed
365372146,4745093,sq,`Anturah
365374995,4745130,sq,Ablah
365376381,4745148,sq,Marsi
365376458,4745149,sq,Tuhud
365376612,4745151,sq,Tuhud
365376689,4745152,sq,El Ma'akim
365379846,4745193,sq,Al Hamari
365380077,4745196,sq,Si Sifarah
365380154,4745197,sq,Al Hassar
365380231,4745198,sq,Bejt Asalah
365380616,4745203,sq,Al Madraj
365380770,4745205,sq,alʿwjaʾ
365380847,4745206,sq,Al Janahi
365380924,4745207,sq,'Anukah
365381001,4745208,sq,Al Janahi
365381155,4745210,sq,hart alqsr
365381309,4745212,sq,Al Lakamah
365381463,4745214,sq,Al Lakamah
365381540,4745215,sq,Ad Daym
365381694,4745217,sq,Jurn el Adan
365382002,4745221,sq,Al Khawarifah
365382079,4745222,sq,Al Hisn
365382156,4745223,sq,Al Ka`z
365382233,4745224,sq,Si Sadamah
365382310,4745225,sq,As Sayh
365382387,4745226,sq,Ash Sha'is
365382541,4745228,sq,Esh Sha'is
365382618,4745229,sq,Dhir Dad
365382772,4745231,sq,Al Ma`afira
365382849,4745232,sq,Si Safijah
365382926,4745233,sq,El Ma`afira
365383003,4745234,sq,Halyah
365383388,4745239,sq,Si Sidq
365383542,4745241,sq,ahwal srj
365385544,4745267,sq,daghsh
365385621,4745268,sq,Dhi Sharahah
365385775,4745270,sq,Al Mahajimah
365385852,4745271,sq,Shi`b an Nexharin
365385929,4745272,sq,El Mahajimah
365386083,4745274,sq,Në Tiwal
365386160,4745275,sq,Dhi Shu`bah
365386237,4745276,sq,Fawdam
365386314,4745277,sq,Dhi Shu'bah
365386468,4745279,sq,Al Manbal
365386545,4745280,sq,Al Haymah
365386699,4745282,sq,Al Fallah
365386776,4745283,sq,'Arsh al Mukammal
365386853,4745284,sq,El Midba'ah
365386930,4745285,sq,Al Wasitah
365387084,4745287,sq,Dhi Kasam
365388855,4745310,sq,Si Saradih
365389086,4745313,sq,Al Karahizah
365389548,4745319,sq,Ad Dabr
365389625,4745320,sq,El Mukaybirah
365389856,4745323,sq,hnadh
365390241,4745328,sq,Al Maramid
365390472,4745331,sq,Arid el Mukaybirah
365390549,4745332,sq,Al Harf
365390703,4745334,sq,Wadi al Karabi
365391319,4745342,sq,thajr
365391550,4745345,sq,El Xhaziah
365391627,4745346,sq,Në Taliq
365391704,4745347,sq,Al Khab'
365391781,4745348,sq,Al Quhayfah
365392012,4745351,sq,Një Nusayl
365392089,4745352,sq,Sidr
365392166,4745353,sq,Ash Shuqqah
365392320,4745355,sq,Al Mishadah
365392397,4745356,sq,Far` si Sukran
365392474,4745357,sq,Al Lafjayn
365392628,4745359,sq,Al Lafjayn
365392782,4745361,sq,almjran
365392936,4745363,sq,Al Maradd
365393013,4745364,sq,Ad Durubah
365393090,4745365,sq,Al Mahaqirah al `Ulya
365393167,4745366,sq,El Xhurejbah
365393244,4745367,sq,Bejt Idris
365393321,4745368,sq,Al Jarirah
365393398,4745369,sq,alfash
365393552,4745371,sq,Al Mishadah
365393629,4745372,sq,Al Maqrud
365393783,4745374,sq,Dhi Far`
365393860,4745375,sq,Al Mashahit
365394091,4745378,sq,Si Sarhayn
365394245,4745380,sq,Akamat al Wadi
365394707,4745386,sq,Naqil al Jurah
365394784,4745387,sq,Akamat al Mashari`
365394861,4745388,sq,Nakil el Xhurah
365394938,4745389,sq,Akamat el Mashari`
365395092,4745391,sq,Al Qarfi
365395169,4745392,sq,Wadi al Mawthib
365395246,4745393,sq,Al Qarfi
365395323,4745394,sq,Vadi el-Mawthib
365395477,4745396,sq,Në Tini
365395554,4745397,sq,alhjm
365395785,4745400,sq,Al Gharsah
365395862,4745401,sq,Al Kurayf
365395939,4745402,sq,`Adan el Barh
365396016,4745403,sq,Qarhaz
365396093,4745404,sq,`Adan al Barh
365396170,4745405,sq,Qarhaz
365396324,4745407,sq,alajlb
365396401,4745408,sq,Al Mahazi`ah
365396478,4745409,sq,Shurejdhijan
365396555,4745410,sq,El Mahazi'ah
365396632,4745411,sq,Al Hawbah
365396709,4745412,sq,Si Sa`tar
365396786,4745413,sq,Al Hawbah
365397094,4745417,sq,Adh Dhawr
365397248,4745419,sq,Adh Dhawr
365397479,4745422,sq,El Akab
365397556,4745423,sq,Haffarah
365397633,4745424,sq,Dhi `Alhani
365397864,4745427,sq,'Aqmat el Mexhlis
365398249,4745432,sq,Dar al Wali
365398326,4745433,sq,Sakin el Uqrud
365398480,4745435,sq,Al Wat'ah
365398557,4745436,sq,Ad Darajah
365398865,4745440,sq,Al Madbub
365399019,4745442,sq,Al Madbub
365399327,4745446,sq,Ad Darbah
365399481,4745448,sq,Ad Day`ah
365399558,4745449,sq,almshnan
365399635,4745450,sq,Si Sakin al A`la
365399789,4745452,sq,Si Sakin el A`la
365399866,4745453,sq,Si Sakin al Wasat
365399943,4745454,sq,mdrat
365400020,4745455,sq,Al Hajafah
365400174,4745457,sq,Habil ash Shawab
365400328,4745459,sq,Habil esh Shawab
365400405,4745460,sq,Hantam
365400636,4745463,sq,Dhi Lah
365400713,4745464,sq,Dhi Warid
365400790,4745465,sq,Bejt el-Asad
365400867,4745466,sq,Bejt esh Shejab
365400944,4745467,sq,Bejt el-Asad
365401098,4745469,sq,El Hawxherah
365401175,4745470,sq,Al Markabah
365401483,4745474,sq,Si Sidrah
365401637,4745476,sq,Al Hawatim
365401714,4745477,sq,Ash Shi`bah
365401791,4745478,sq,Al Majahish
365401868,4745479,sq,alarkan
365401945,4745480,sq,Dhi Sama`il
365402022,4745481,sq,Al Makalidah
365402099,4745482,sq,Dhi Xhubejb
365402176,4745483,sq,El Mekalidah
365402253,4745484,sq,Shi`b al Mashali
365402407,4745486,sq,Shi'b al Mashali
365402561,4745488,sq,Ash Shu`ayb
365402715,4745490,sq,Ash Shuqqah
365402792,4745491,sq,Dhi `Arim
365402869,4745492,sq,Shi`b ez Zuhur
365402946,4745493,sq,Xhebel el Adan
365403177,4745496,sq,Nukhuli
365403408,4745499,sq,qhman
365403485,4745500,sq,Al U`dun
365403639,4745502,sq,Sina`ah
365403793,4745504,sq,Sinaah
365403947,4745506,sq,Al Makawa'ah
365404024,4745507,sq,El `Urf si Sufla
365404101,4745508,sq,alʿrf alʿlya
365404255,4745510,sq,Mabyan
365404794,4745517,sq,Dhi Suwwadah
365404871,4745518,sq,Zasah
365404948,4745519,sq,El Madhafir
365405025,4745520,sq,Zasah
365405102,4745521,sq,aljhaf
365405256,4745523,sq,Ath Thawman
365405487,4745526,sq,Rajda
365405872,4745531,sq,Al Mij`arah
365406026,4745533,sq,As Safih
365406411,4745538,sq,Al `Urr
365406488,4745539,sq,Al Madarah
365406565,4745540,sq,El Muhabiyah
365406719,4745542,sq,Si Silaq
365406873,4745544,sq,Bejt el Amri
365407027,4745546,sq,Bejt el Amri
365407104,4745547,sq,Shi`b edh Dhira`
365407335,4745550,sq,Az Zabur
365407412,4745551,sq,Al Waji
365407489,4745552,sq,Az Zabur
365407566,4745553,sq,Wadi adh Dhib
365407720,4745555,sq,Wadi edh Dhib
365407797,4745556,sq,El Ma`muq
365407874,4745557,sq,`Adan Zejd
365408105,4745560,sq,fjrat
365408336,4745563,sq,El Hudejrah
365408413,4745564,sq,Habil al Wadan
365408490,4745565,sq,El Maqrud
365408567,4745566,sq,El Mishrafah
365408721,4745568,sq,alakhbab
365408875,4745570,sq,Sharaf el Abali
365408952,4745571,sq,Al Hatabah
365409183,4745574,sq,Shakh
365409414,4745577,sq,Mamjah
365409491,4745578,sq,Al Madhun
365409645,4745580,sq,Al Mahrur
365409799,4745582,sq,Al Qufayfah
365409876,4745583,sq,Ar Ranfah
365409953,4745584,sq,Hamrah
365410107,4745586,sq,Hamrah
365410184,4745587,sq,Dar as Sarh
365410261,4745588,sq,Bayt si Sahbani
365410338,4745589,sq,Dar si Sarh
365410415,4745590,sq,nwfan
365410492,4745591,sq,Al Jarjarah
365410569,4745592,sq,Al Hawa'it
365410723,4745594,sq,alqyd
365411031,4745598,sq,Al Magribah
365411185,4745600,sq,Al Magribah
365411262,4745601,sq,hmran
365411493,4745604,sq,Manzil esh Shu`bah
365411724,4745607,sq,Bejt al Xhundi
365411801,4745608,sq,Xhebel al Mankath
365411878,4745609,sq,Bejt al Maliki
365412109,4745612,sq,Al Karbah
365412186,4745613,sq,Ar Ra'is
365412263,4745614,sq,Al `Aridah
365412340,4745615,sq,alajran
365412417,4745616,sq,El Musheyrihi
365412494,4745617,sq,Një Nuwayrah
365412571,4745618,sq,Al Hajajim
365412648,4745619,sq,Al Kashawir
365412725,4745620,sq,Al Hajajim
365412802,4745621,sq,arjaʿ almdar
365412956,4745623,sq,Akamat Shaddad
365413033,4745624,sq,Akamet ez Zabib
365413110,4745625,sq,Akamat Shaddad
365413341,4745628,sq,El Kawrah
365413418,4745629,sq,Al Huwayd
365413649,4745632,sq,Al Qaryah as Sufla
365413726,4745633,sq,Në Takid
365413803,4745634,sq,`Arzat
365413880,4745635,sq,Al Marqab
365413957,4745636,sq,Hazzat el Xhebel
365414188,4745639,sq,Al Mibrakah
365414265,4745640,sq,Az Zabari
365414342,4745641,sq,Al Mash'al
365414419,4745642,sq,Az Zabari
365414496,4745643,sq,Al Mash`al
365414881,4745648,sq,`Adan esh Sharif
365415497,4745656,sq,Al Fajawir
365415574,4745657,sq,Haxhari esh Shurf
365415805,4745660,sq,Al Hudud
365416036,4745663,sq,Sadahah
365416498,4745669,sq,Ad Dajlaj
365416575,4745670,sq,Akamat al Madarisah
365416729,4745672,sq,Ad Duhnah
365416806,4745673,sq,Al Hadali
365416883,4745674,sq,Edh Dhunayb
365417037,4745676,sq,Shi`b Rabi`ah
365417114,4745677,sq,As Safa'
365417268,4745679,sq,Esh Shujuf
365417345,4745680,sq,Një Naqi`
365417499,4745682,sq,aljlb
365417576,4745683,sq,Sakasik `Ulya
365417807,4745686,sq,Sakasik Sufla
365418269,4745692,sq,Al Majazi`
365418423,4745694,sq,Az Zabadiyah
365418500,4745695,sq,Al Madin
365418577,4745696,sq,Az Zabadiyah
365418808,4745699,sq,Shawa'it
365419116,4745703,sq,Najd Al Athayeb
365419193,4745704,sq,As Sarw al Asfal
365419270,4745705,sq,Nexhd El Theub
365419347,4745706,sq,Si Sarw al Asfal
365419655,4745710,sq,As Safa
365419809,4745712,sq,Ash Shi`bah
365420194,4745717,sq,Maxhahisah
365420348,4745719,sq,Dayr në Tubayn
365420425,4745720,sq,Khalilah
365420502,4745721,sq,Dayr Mansur
365420579,4745722,sq,Bayt Radm
365420656,4745723,sq,bshar
365420733,4745724,sq,Bejt Radm
365421503,4745734,sq,Al Kharabah
365422042,4745741,sq,Al Mahsus
365422119,4745742,sq,Ad Dumajnah
365422196,4745743,sq,Al Miqtar
365422273,4745744,sq,alqhar
365422427,4745746,sq,Ad Dar
365422504,4745747,sq,Al Jadidah
365422581,4745748,sq,almshraq
365422966,4745753,sq,Si Sakin
365423351,4745758,sq,Al Mahall
365423505,4745760,sq,Al Kharabah
365423582,4745761,sq,Al Mahall
365423736,4745763,sq,Bani Sari
365423813,4745764,sq,Si Salulah
365423890,4745765,sq,Al Malhamah
365423967,4745766,sq,Al Muhayrah
365424198,4745769,sq,Bani Hibah
365424275,4745770,sq,Rahah
365424352,4745771,sq,Shararah
365424583,4745774,sq,Mahsan
365424737,4745776,sq,Al Qaranba`
365425122,4745781,sq,Al Hamra'
365425276,4745783,sq,Beni Husejn
365425815,4745790,sq,Bayt an Nasim
365425892,4745791,sq,Dejr Xhabir
365426354,4745797,sq,Al Haymah
365426431,4745798,sq,Al Mudayyirah
365426508,4745799,sq,Al Hajar
365426739,4745802,sq,Al Habil
365426816,4745803,sq,Al Hadan
365427047,4745806,sq,Ad Dahiyah
365427355,4745810,sq,Al Qarn
365427432,4745811,sq,Al Wasit
365427740,4745815,sq,El Mexhbarah
365427894,4745817,sq,Al Bidah
365427971,4745818,sq,Ad Darb
365428125,4745820,sq,Al Mihsam
365428202,4745821,sq,Ad Darb
365428279,4745822,sq,Al Magribah
365428433,4745824,sq,Al Hadab
365428510,4745825,sq,Al Bidah
365428664,4745827,sq,El Mahdade
365428972,4745831,sq,Ad Darb
365429126,4745833,sq,Al Magribah
365429203,4745834,sq,Qarn ash Sharah
365429280,4745835,sq,Al Haymah
365429434,4745837,sq,As Sawdah
365429511,4745838,sq,Al Kawlah
365429588,4745839,sq,Humar si Sadah
365429665,4745840,sq,Al Kawlah
365429819,4745842,sq,alqahr
365429896,4745843,sq,Al Gharib
365430050,4745845,sq,Ash Sharqi
365430358,4745849,sq,Al Gharib
365430666,4745853,sq,Ad Darb
365430743,4745854,sq,Al Gharib
365430974,4745857,sq,Al Magribah
365431667,4745866,sq,Bejt el Xhebar
365431975,4745870,sq,Al Magribah
365432206,4745873,sq,Si Sawadayn
365432360,4745875,sq,Al Markuzah
365432591,4745878,sq,Al Hadab
365432899,4745882,sq,Al Xhurfah
365432976,4745883,sq,Al Hadabah
365433053,4745884,sq,Ad Dimnah
365433515,4745890,sq,Ad Dimnah
365433592,4745891,sq,El Mahraq
365433823,4745894,sq,Al Wasit
365433900,4745895,sq,Ad Darb
365433977,4745896,sq,Ad Dimnat
365434131,4745898,sq,Qal`at al `Ashshah
365434208,4745899,sq,Al Hadab
365434285,4745900,sq,Al Habil
365435209,4745912,sq,Ash Sharqi
365435363,4745914,sq,Al Mashab
365435440,4745915,sq,Hisn al Qaryah
365435594,4745917,sq,Samiri
365435671,4745918,sq,Al Watan
365435748,4745919,sq,rhwan
365435825,4745920,sq,Al Ghallah
365436056,4745923,sq,Marzukah
365436595,4745930,sq,Al Hani
365436826,4745933,sq,Ad Darb
365436903,4745934,sq,almbdaʾ
365437134,4745937,sq,Al Balad
365437365,4745940,sq,Al Kadimi
365437442,4745941,sq,Ad Darb
365437519,4745942,sq,Si Sarw
365437750,4745945,sq,Al Balaqi
365438058,4745949,sq,El Hixhlah
365438135,4745950,sq,albazkh
365438212,4745951,sq,Ez Zihar
365438443,4745954,sq,Adh Dhari
365438520,4745955,sq,Suq Shamar
365438597,4745956,sq,Ash Sharaw
365438674,4745957,sq,Si Sarw
365438751,4745958,sq,Al Manzar
365438905,4745960,sq,Al Manzar
365438982,4745961,sq,Al Manzar
365439059,4745962,sq,Qawar
365439367,4745966,sq,Al Hadabah
365439521,4745968,sq,Bejt Xhabir
365439598,4745969,sq,Al Qaranba`
365439752,4745971,sq,Al Gharib
365439983,4745974,sq,Al Hadibah
365440445,4745980,sq,Al Qarn
365440830,4745985,sq,Shadnah
365440907,4745986,sq,Al Jaylah
365441138,4745989,sq,jtham
365441292,4745991,sq,Al Hammah
365441831,4745998,sq,Al Hajar
365441985,4746000,sq,Al Qahfah
365442062,4746001,sq,Al Minbar
365442139,4746002,sq,Al Akamah
365442293,4746004,sq,Al Qahfah
365442370,4746005,sq,Al Qahfah
365442447,4746006,sq,Al Qahfah
365442601,4746008,sq,Al Qas`ah
365442832,4746011,sq,Al Kharabah
365442986,4746013,sq,Adh Dhanabah
365443063,4746014,sq,Al Qahfah
365443371,4746018,sq,El Kufejl
365443448,4746019,sq,Al Jidar
365443525,4746020,sq,Ash Sharaw
365443910,4746025,sq,Adh Dhari
365443987,4746026,sq,Rajh
365444603,4746034,sq,Al Burqah
365444680,4746035,sq,Al Hardub
365444988,4746039,sq,Al Hadabah
365445065,4746040,sq,Dhu Saydah
365445142,4746041,sq,Al Ghawiyah
365445219,4746042,sq,Si Safra
365445296,4746043,sq,Al Ghawiyah
365445373,4746044,sq,Matraf
365445450,4746045,sq,Si Safijah
365445527,4746046,sq,aryash
365445758,4746049,sq,Al Kathiriyah
365445835,4746050,sq,El Uklah
365446066,4746053,sq,Al Qal`ah
365446836,4746063,sq,El Masna'ah
365447067,4746066,sq,Al Kasr
365447221,4746068,sq,Ar Raydah
365447606,4746073,sq,As Sanafiyah
365447760,4746075,sq,Al Manajid
365447837,4746076,sq,Al Balad
365448145,4746080,sq,Bani Hibah
365448222,4746081,sq,Manqad
365448299,4746082,sq,Al Kawlah
365448838,4746089,sq,As Sayh
365448992,4746091,sq,Safa
365449223,4746094,sq,Al Balad
365449300,4746095,sq,Al Mahjar
365449377,4746096,sq,Al Kawlah
365449454,4746097,sq,Ad Dabr
365449608,4746099,sq,Ad Dabr
365449685,4746100,sq,Si Sufla
365449762,4746101,sq,Al 'Ulya
365449839,4746102,sq,Ad Damim
365449916,4746103,sq,Al Haymah
365450147,4746106,sq,Al Mawasit
365450301,4746108,sq,Al Jayah
365450378,4746109,sq,Al Barh
365450532,4746111,sq,Al `Ukdah
365450609,4746112,sq,Al Marqab
365450686,4746113,sq,Al Xhebel
365450763,4746114,sq,Al `Ukdah
365450840,4746115,sq,Mankal
365450917,4746116,sq,Një Naqil
365451225,4746120,sq,Al Jayah
365451610,4746125,sq,Al Barh
365451764,4746127,sq,Ash Shu`bah
365451841,4746128,sq,Al Barh
365451918,4746129,sq,Ash Shurf
365451995,4746130,sq,Al Khirbah
365452072,4746131,sq,Al Hisn
365452149,4746132,sq,Al `Awarid
365452226,4746133,sq,Ar Rukbah
365452380,4746135,sq,Al Jarin
365452457,4746136,sq,Adh Dhira`
365452688,4746139,sq,Al Kharabah
365453073,4746144,sq,Halili
365453150,4746145,sq,Tubajsh
365453381,4746148,sq,Muhamed Ali
365453458,4746149,sq,Bani al Maqbul
365453535,4746150,sq,Në Turabiyah
365453612,4746151,sq,Beni el Mekbul
365453766,4746153,sq,Bukejra
365453843,4746154,sq,Abkar Sulejman
365454074,4746157,sq,Darwish
365454305,4746160,sq,Al Bir
365454459,4746162,sq,El Faraxhijah
365454767,4746166,sq,Dayr `Abd Allah
365454921,4746168,sq,Dejr 'Abd Allah
365454998,4746169,sq,Ath Thawabit
365455152,4746171,sq,Eth Thawabit
365455229,4746172,sq,Al Kudayrah
365455383,4746174,sq,Ash Shi`bah
365455460,4746175,sq,Al Hajar
365455691,4746178,sq,Al Kharabah
365455845,4746180,sq,Beni Ali
365455999,4746182,sq,Al Maqta`
365456230,4746185,sq,Al Mansurah
365456307,4746186,sq,Al Kharabah
365456384,4746187,sq,Al Mansurah
365456538,4746189,sq,Al Wadi
365456692,4746191,sq,Al Jamimah
365456923,4746194,sq,Hawtat Sudayr
365457077,4746196,sq,Hisn al Qaryah
365457308,4746199,sq,Al Jaylah
365457385,4746200,sq,Al Wadi
365457616,4746203,sq,Al Kharabah
365457847,4746206,sq,almʿmar
365457924,4746207,sq,almʿmar
365458001,4746208,sq,almʿmar
365458155,4746210,sq,El Mirahah
365458309,4746212,sq,Al Kharabah
365458386,4746213,sq,El Ma`zub
365458463,4746214,sq,Al Jaylah
365458540,4746215,sq,Al Mansurah
365458617,4746216,sq,As Sulul
365458694,4746217,sq,Al Kharabah
365458848,4746219,sq,Ad Dawahi
365459002,4746221,sq,El Hixhre
365459079,4746222,sq,Al Harf
365459233,4746224,sq,Al Madarah
365459310,4746225,sq,El Musejni'ah
365459618,4746229,sq,Hisn al Qaryah
365459695,4746230,sq,Al Ma`zub
365459772,4746231,sq,Al Fuqah
365459849,4746232,sq,El Ma`zub
365460080,4746235,sq,Al Bejt si Safil
365460388,4746239,sq,Az Zahir
365460773,4746244,sq,Ad Dar
365460850,4746245,sq,Al Wadi si Safil
365460927,4746246,sq,Al Mahjar
365461158,4746249,sq,Ash Shi`b
365461389,4746252,sq,El Magharib
365461466,4746253,sq,Ash Shi`b
365461928,4746259,sq,Si Sanif
365462005,4746260,sq,Al Xhebel
365462159,4746262,sq,Mashra'ah
365462313,4746264,sq,Al Hisn
365462390,4746265,sq,El Fajrah
365462621,4746268,sq,As Safiyah
365462698,4746269,sq,Ad Dar
365463006,4746273,sq,Ar Ribat
365463622,4746281,sq,Al Mahall
365463776,4746283,sq,Ash Shi`b
365464007,4746286,sq,Al Hisn
365464161,4746288,sq,Al Hisn
365465085,4746300,sq,Al Kharabah
365465624,4746307,sq,Al Hisn
365465701,4746308,sq,alhym
365466086,4746313,sq,Maqatir
365466317,4746316,sq,Ad Dar
365466779,4746322,sq,Khadashah
365466856,4746323,sq,Beni Ali
365467010,4746325,sq,Al Hisn
365467164,4746327,sq,Një Naqil
365467241,4746328,sq,Një Nujud
365467395,4746330,sq,Al Jibali
365467934,4746337,sq,Ad Dimnah
365468165,4746340,sq,Al Fuqah
365470013,4746364,sq,Ad Diyarah
365470321,4746368,sq,Al Wadi
365470706,4746373,sq,Adh Dhira`
365470860,4746375,sq,Al Magribah
365471091,4746378,sq,Al Mahall
365471168,4746379,sq,Ad Dar
365471245,4746380,sq,Si Suhub
365471399,4746382,sq,Mishra'ah
365471476,4746383,sq,Al Manajid
365471707,4746386,sq,Al Haymah
365471938,4746389,sq,Al Juhrah
365472400,4746395,sq,Ad Dimnah
365472708,4746399,sq,Ad Dar
365473016,4746403,sq,Al Harf
365473324,4746407,sq,Al Haddah
365473478,4746409,sq,Al Haddah
365473555,4746410,sq,Zulumah
365473863,4746414,sq,Al Hawiyah
365474017,4746416,sq,Beni 'Abd Allah
365474171,4746418,sq,As Sayh
365474402,4746421,sq,Ad Dar
365474556,4746423,sq,Nawabah al `Ulya
365474864,4746427,sq,Adh Dhira`
365474941,4746428,sq,Al Hawair
365475018,4746429,sq,Al Mahall
365475326,4746433,sq,alatraf
365475403,4746434,sq,Ad Dar
365475557,4746436,sq,Zulumah
365475634,4746437,sq,Shi`b Rashid
365475865,4746440,sq,Si Sufla
365475942,4746441,sq,Në Tiwal
365476250,4746445,sq,Al Hamra'
365476481,4746448,sq,Al Qubbah
365476558,4746449,sq,El Lakmah
365476635,4746450,sq,Al Hajaf
365476712,4746451,sq,Ad Dar
365476943,4746454,sq,Ash Shi`b
365477020,4746455,sq,Bejt al Vadi
365477097,4746456,sq,Ash Shutayt
365477174,4746457,sq,Al Hadan
365477328,4746459,sq,Al Mahall
365477405,4746460,sq,alhyaj
365477636,4746463,sq,Al Majarin
365477713,4746464,sq,Al Harf
365477790,4746465,sq,As Sayh
365477944,4746467,sq,Ad Dar
365478098,4746469,sq,Al Kubbah
365478252,4746471,sq,Ad Dar
365478483,4746474,sq,Al Akamah
365478560,4746475,sq,Al Wadi
365478637,4746476,sq,Ar Rakib
365478714,4746477,sq,Hisn al Qaryah
365478945,4746480,sq,Al Mudayhis
365479099,4746482,sq,Ash Shuqrah
365479869,4746492,sq,Azzah
365479946,4746493,sq,Al `Aridah
365480485,4746500,sq,Ad Dabr
365480562,4746501,sq,alkhrf
365480947,4746506,sq,Za`mah
365481178,4746509,sq,Al Makbarah
365481255,4746510,sq,Një Niyah
365481717,4746516,sq,Ash Sharj
365481871,4746518,sq,Si Sulbah
365481948,4746519,sq,Si Sarwah
365482025,4746520,sq,Ar Ribat
365482333,4746524,sq,El Mij`arah
365482487,4746526,sq,Si Safijah
365482641,4746528,sq,Ash Shi`b
365483026,4746533,sq,Al Khirbah
365483180,4746535,sq,Al Birkah
365483334,4746537,sq,Ad Daym
365483411,4746538,sq,`Uqba
365483488,4746539,sq,Jurn el Adan
365483642,4746541,sq,Ar Rajn
365483719,4746542,sq,almjran
365484027,4746546,sq,Azzah
365484258,4746549,sq,Al Muhayrah
365484335,4746550,sq,Mashra'ah
365484412,4746551,sq,Al Hisn
365484566,4746553,sq,Al Hisn
365484720,4746555,sq,Al Muhayrah
365485182,4746561,sq,Al Manzil
365485336,4746563,sq,thʿlan
365485413,4746564,sq,Al `Awarid
365485490,4746565,sq,Ad Dar
365485567,4746566,sq,Al Xhebel
365485798,4746569,sq,Al Hisn
365485875,4746570,sq,Al Manzil
365485952,4746571,sq,El Lakmah
365486029,4746572,sq,Al Habari
365486106,4746573,sq,Al Manzil
365486568,4746579,sq,Al Mihjanah
365486799,4746582,sq,Xhebel Hadad
365486876,4746583,sq,Al Manzil
365487030,4746585,sq,Al Khirbah
365487107,4746586,sq,Si Sawadah
365487184,4746587,sq,Al Harf
365487261,4746588,sq,Al Kawlah
365487569,4746592,sq,Ash Shurf
365487800,4746595,sq,Al Hadibah
365487877,4746596,sq,Al Jarin
365488031,4746598,sq,Ad Dar
365488108,4746599,sq,Al `Ard
365488339,4746602,sq,Al Harf
365488416,4746603,sq,Ad Day`ah
365488570,4746605,sq,Al Kharabah
365488724,4746607,sq,Si Salulah
365488801,4746608,sq,Ad Day`ah
365489109,4746612,sq,Ash Shurf
365489263,4746614,sq,Ad Day`ah
365489417,4746616,sq,Al Jaylah
365489571,4746618,sq,Al Mij`arah
365489648,4746619,sq,Al Jaylah
365490033,4746624,sq,Al Kawlah
365490110,4746625,sq,Adh Dhari
365490264,4746627,sq,Al Mashhad
365490341,4746628,sq,Si Sayrah
365490726,4746633,sq,Al Qal`ah
365491419,4746642,sq,Al Akamah
365491496,4746643,sq,Al Manzil
365491573,4746644,sq,Al Akamah
365491650,4746645,sq,Ad Dawghah
365491727,4746646,sq,Ad Diyarah
365492112,4746651,sq,Al Akamah
365492343,4746654,sq,Al Jabbanah
365492651,4746658,sq,Adh Dhira`
365493113,4746664,sq,Al Kawlah
365493267,4746666,sq,Al Kharabah
365493344,4746667,sq,Azzah
365493421,4746668,sq,Al Mihjanah
365493498,4746669,sq,Hisn al Qaryah
365493575,4746670,sq,Ad Dur
365493652,4746671,sq,Al `Aridah
365493729,4746672,sq,Al Kawlah
365493806,4746673,sq,Ar Ribat
365493883,4746674,sq,Al Kharabah
365494114,4746677,sq,Al Maqabin
365494268,4746679,sq,Al Jadid
365494422,4746681,sq,Ash Sharjah
365494730,4746685,sq,Al Manzil
365494807,4746686,sq,Al Mihjanah
365494961,4746688,sq,El Fajrah
365495269,4746692,sq,Ad Dab`at
365495500,4746695,sq,Al Khirbah
365495654,4746697,sq,almhshash
365495808,4746699,sq,Al Jarranah
365495885,4746700,sq,Al Manzil
365495962,4746701,sq,Al Manzar
365496039,4746702,sq,Jurn
365496347,4746706,sq,Al Hisn
365496501,4746708,sq,Ar Rawnah
365496578,4746709,sq,Al U`mus
365496809,4746712,sq,As Sayh
365496886,4746713,sq,Al `Aridah
365496963,4746714,sq,Al Jabbanah
365497040,4746715,sq,Al Hajafah
365497117,4746716,sq,Al Xhebel
365497271,4746718,sq,Ash Shuqrah
365497348,4746719,sq,Al Mahallah
365497425,4746720,sq,El Xhumejma
365497656,4746723,sq,Al Mi`zab al Gharbi
365497733,4746724,sq,As Suwayq
365497887,4746726,sq,Al Qarin
365497964,4746727,sq,Ash Shurf
365498272,4746731,sq,Al Jabbanah
365498426,4746733,sq,As Salwah
365498580,4746735,sq,Markuz
365498734,4746737,sq,Al `Aridah
365498965,4746740,sq,Al Mahallah
365499350,4746745,sq,Azzah
365499427,4746746,sq,As Sayh
365499504,4746747,sq,Një Nujud
365499658,4746749,sq,Al Jabbanah
365499966,4746753,sq,As Sayh
365500197,4746756,sq,Al Akamah
365500274,4746757,sq,Al Akamah
365500351,4746758,sq,Al Manzil
365500428,4746759,sq,Ar Rawnah
365500582,4746761,sq,As Safa
365500813,4746764,sq,Al Manajid
365500967,4746766,sq,Wadi al `Arsh
365501044,4746767,sq,Al Mahattah
365501275,4746770,sq,Al `Aridah
365501352,4746771,sq,As Sayh
365501506,4746773,sq,Al Qubbah
365501660,4746775,sq,Al Hisn
365501737,4746776,sq,Azzah
365501814,4746777,sq,Al Hajafah
365501968,4746779,sq,Al `Adan
365502045,4746780,sq,Ad Dahdaf
365502122,4746781,sq,Al `Awarid
365502199,4746782,sq,Al Jabbanah
365502276,4746783,sq,Al Manajid
365502507,4746786,sq,Al Wadi
365502661,4746788,sq,Azzah
365502738,4746789,sq,Az Zawaqir
365502969,4746792,sq,Al Kudadah
365503046,4746793,sq,Ash Shurf
365503123,4746794,sq,Azzah
365503200,4746795,sq,Al Jabbanah
365503277,4746796,sq,Al Haybah
365503354,4746797,sq,Ash Shurf
365503662,4746801,sq,Hisn al Qaryah
365503739,4746802,sq,Hisn al Qaryah
365503893,4746804,sq,Al Mantaha
365504047,4746806,sq,Bayt Bisharah
365504124,4746807,sq,Al Kubbah
365504201,4746808,sq,Bejt Bisharah
365504278,4746809,sq,Al Kubbah
365504355,4746810,sq,Al `Awarid
365504509,4746812,sq,Adh Dhanabah
365504586,4746813,sq,Al Haybah
365504663,4746814,sq,Al `Uzlah
365504740,4746815,sq,Al Madhatijah
365504817,4746816,sq,El Uzlah
365504894,4746817,sq,Ad Duyur
365505125,4746820,sq,Al Barh
365505202,4746821,sq,Edh Dhanabah
365505279,4746822,sq,Al Karyat
365505356,4746823,sq,Adh Dhanabah
365505510,4746825,sq,Al Manajid
365505587,4746826,sq,Si Sarifah
365505664,4746827,sq,Al Akamah
365505741,4746828,sq,El Magharib
365505818,4746829,sq,Al Qasfah
365505895,4746830,sq,Azzah
365505972,4746831,sq,Azzah
365506049,4746832,sq,Al Madabi
365506280,4746835,sq,Al Akamah
365506434,4746837,sq,Al Mahall
365506588,4746839,sq,Al Qash`ah
365506742,4746841,sq,Azzah
365506896,4746843,sq,Al Hajaf
365506973,4746844,sq,Al Qubay`
365507050,4746845,sq,Azzah
365507127,4746846,sq,Ad Dar
365507204,4746847,sq,As Safa'
365507358,4746849,sq,As Safa
365507435,4746850,sq,As Sayh
365507666,4746853,sq,As Safa
365507897,4746856,sq,Al Kadaf
365508128,4746859,sq,Ad Dar
365508205,4746860,sq,Al Manajid
365508282,4746861,sq,As Sayh
365508359,4746862,sq,Al Manzil
365508436,4746863,sq,Al Xhebel
365508590,4746865,sq,Al Bir
365508667,4746866,sq,Al Wadi
365508744,4746867,sq,Al Manzil
365508821,4746868,sq,Si Sidri
365508898,4746869,sq,Al Qal`ah
365509129,4746872,sq,Al Manajid
365509283,4746874,sq,As Sayh
365509360,4746875,sq,Al Manajid
365509514,4746877,sq,Al Manajid
365509745,4746880,sq,Azzah
365509822,4746881,sq,Al Mahrur
365509899,4746882,sq,Al Qubbah
365510053,4746884,sq,Al Habisah
365510130,4746885,sq,Një Naqil
365510207,4746886,sq,Ad Dawghah
365510361,4746888,sq,Një Naqil
365510438,4746889,sq,Adh Dhira`
365510515,4746890,sq,El Makbarah
365510592,4746891,sq,Al Miqtar
365510669,4746892,sq,Esh Shu'ubah
365510746,4746893,sq,Shi`b
365510900,4746895,sq,Makra'ah
365510977,4746896,sq,Al Mahall
365511131,4746898,sq,El Magharib
365511208,4746899,sq,Al Khirbah
365511362,4746901,sq,Al Khirbah
365511439,4746902,sq,Azzah
365511516,4746903,sq,El Miqsasah
365511593,4746904,sq,Al Akabe
365511670,4746905,sq,Ar Rajah
365511747,4746906,sq,Al Mahall
365511824,4746907,sq,Jahud
365512055,4746910,sq,Al Karduhah
365512209,4746912,sq,El Mihdadah
365512286,4746913,sq,Thuwayb
365512363,4746914,sq,Azzah
365512440,4746915,sq,Al Hawmarah
365512594,4746917,sq,Ad Dar
365512671,4746918,sq,zrman
365512825,4746920,sq,Al Madin
365512902,4746921,sq,Ash Shi`b
365512979,4746922,sq,Al Hajaf
365513056,4746923,sq,Hisn al Qaryah
365513133,4746924,sq,Al Manajid
365513210,4746925,sq,alashʿb
365513287,4746926,sq,Jahud
365513364,4746927,sq,Al Harf
365513441,4746928,sq,Ad Dar
365513518,4746929,sq,Wadi Bardan
365513672,4746931,sq,Ramada
365513749,4746932,sq,Al Miqtar
365513826,4746933,sq,Al Miqtar
365513980,4746935,sq,Hisn al Qaryah
365514288,4746939,sq,Al Qash`ah
365514365,4746940,sq,Qarin
365514596,4746943,sq,As Suwayq
365514673,4746944,sq,As Suwayq
365514750,4746945,sq,Adh Dhira`
365514827,4746946,sq,Al Manajid
365514904,4746947,sq,El Ukajme
365514981,4746948,sq,El Xhaziah
365515135,4746950,sq,Zulumah
365515212,4746951,sq,Al Fuqah
365515289,4746952,sq,Al Manajid
365515674,4746957,sq,Al Harf
365515751,4746958,sq,Mashqab
365515828,4746959,sq,Al Qarn
365515982,4746961,sq,El Miqdahah
365516213,4746964,sq,Mihjan
365516367,4746966,sq,Al Qubbah
365516444,4746967,sq,alkdf
365516521,4746968,sq,Al Qubbah
365516675,4746970,sq,Ash Shi`b
365516752,4746971,sq,Al Mansurah
365516829,4746972,sq,Ash Shi`b
365516906,4746973,sq,Al Mansurah
365516983,4746974,sq,Al Marqab
365517214,4746977,sq,El Mukaybirah
365517445,4746980,sq,Al Manajid
365517522,4746981,sq,Hisn al Qaryah
365517599,4746982,sq,Ar Ribat
365517753,4746984,sq,El Khara'ib
365517830,4746985,sq,Al Qasfah
365518138,4746989,sq,Al Mishrafah
365518215,4746990,sq,Al Haybah
365518292,4746991,sq,Al Mishadah
365518369,4746992,sq,Al Akamah
365518446,4746993,sq,As Safa'
365518600,4746995,sq,Za`mah
365518677,4746996,sq,allwaʾ
365518831,4746998,sq,El Ukud
365518908,4746999,sq,Al Haymah
365518985,4747000,sq,As Sayh
365519062,4747001,sq,El Maqrud
365519139,4747002,sq,El Mihdadah
365519293,4747004,sq,Al `Ukdah
365519447,4747006,sq,Al Qash`ah
365519601,4747008,sq,Al Haymah
365519678,4747009,sq,Qaryat ad Dar
365519832,4747011,sq,Al Qash`ah
365519986,4747013,sq,Ad Dar
365520063,4747014,sq,`Adanah
365520140,4747015,sq,Adh Dhanabah
365520294,4747017,sq,Al Hajafah
365520448,4747019,sq,Al Karbah
365520525,4747020,sq,Ad Dawahi
365520602,4747021,sq,Al Qash`ah
365520679,4747022,sq,Al Akamah
365520756,4747023,sq,Al Hawmarah
365520833,4747024,sq,Nexhd el Kahfah
365520910,4747025,sq,alamarkh
365520987,4747026,sq,Al Wadi
365521064,4747027,sq,Al Qubbah
365521218,4747029,sq,alqrf
365521295,4747030,sq,Ad Daribah
365521372,4747031,sq,Nejzirah
365521449,4747032,sq,Al 'Anin
365521680,4747035,sq,Al Haybah
365521757,4747036,sq,Wadi Bukayr
365521834,4747037,sq,Al Khirbah
365521911,4747038,sq,Al `Udayn
365522065,4747040,sq,As Safa'
365522296,4747043,sq,Al `Ukdah
365522373,4747044,sq,Al Akabe
365522758,4747049,sq,Al Manajid
365522912,4747051,sq,Al Mada
365522989,4747052,sq,Al Mahall
365523066,4747053,sq,Al Haybah
365523297,4747056,sq,alqrf
365523374,4747057,sq,Si Sayfiyah
365523451,4747058,sq,Al `Aridah
365523528,4747059,sq,Hisn al Qaryah
365523605,4747060,sq,Al Qaryah as Sufla
365523682,4747061,sq,Wadi Bukayr
365523759,4747062,sq,Al Hasab
365523836,4747063,sq,Ash Shatt
365523913,4747064,sq,Si Sakin
365523990,4747065,sq,Adh Dhira`
365524067,4747066,sq,Ar Ribat
365524144,4747067,sq,El Kuhajfa
365524221,4747068,sq,Ad Dar
365524298,4747069,sq,almragh
365524375,4747070,sq,Al Ghayzah
365524452,4747071,sq,Ad Dar
365524529,4747072,sq,alqhaf
365524683,4747074,sq,Al Haybah
365524760,4747075,sq,Al Hajar
365524837,4747076,sq,Mashawiz
365524914,4747077,sq,Azzah
365524991,4747078,sq,Al `Awarid
365525222,4747081,sq,Al Ghayzah
365525453,4747084,sq,Al Karbah
365525530,4747085,sq,Al Qasir
365525684,4747087,sq,El Uqur
365525838,4747089,sq,Al Haybah
365525915,4747090,sq,Al Haddah
365525992,4747091,sq,Al Wadi
365526300,4747095,sq,Al Jadlayn
365526454,4747097,sq,Az Zahar
365526531,4747098,sq,alqrf
365526685,4747100,sq,Al Manajid
365526762,4747101,sq,Al Qubbah
365526839,4747102,sq,Al `Adan
365526916,4747103,sq,Al `Awarid
365526993,4747104,sq,Al `Awarid
365527070,4747105,sq,alashʿab
365527147,4747106,sq,Al Mahall
365527224,4747107,sq,Al Mishrafah
365527301,4747108,sq,El Mukaybirah
365527378,4747109,sq,Ash Shi`b
365527455,4747110,sq,El Khara'ib
365527532,4747111,sq,Al Ukaymah
365527609,4747112,sq,Al Wadi
365527763,4747114,sq,Ad Dahah
365527840,4747115,sq,Ad Duyur
365527917,4747116,sq,Edh Dhanabah
365527994,4747117,sq,Al `Aridah
365528071,4747118,sq,Adh Dhanabah
365528148,4747119,sq,alqrf
365528225,4747120,sq,Al Ghuwayl
365528456,4747123,sq,Al Mashjab
365528533,4747124,sq,Al Hajafah
365528610,4747125,sq,El Xhumejma
365528687,4747126,sq,Al Hajafah
365528841,4747128,sq,El Uzlah
365528995,4747130,sq,Ash Shuqqah
365529072,4747131,sq,Ash Shatt
365529149,4747132,sq,Al Ghuwayl
365529226,4747133,sq,Adh Dhanabah
365529457,4747136,sq,Al Akamah
365529534,4747137,sq,Al Ujayn
365529611,4747138,sq,Al Xhebel
365529688,4747139,sq,Al Ujayn
365529765,4747140,sq,Al Ghuwayl
365529919,4747142,sq,Adh Dhanabah
365529996,4747143,sq,El Usejbah
365530073,4747144,sq,Al Barh
365530304,4747147,sq,Hadd al Badi
365530381,4747148,sq,Al Jazirah
365530458,4747149,sq,Ash Shurf
365530535,4747150,sq,Ash Shuqqah
365530612,4747151,sq,El Ma`atib
365530689,4747152,sq,Al Karduhah
365530766,4747153,sq,Al Mishrafah
365530843,4747154,sq,alkdf
365531151,4747158,sq,Hasan Husam
365531228,4747159,sq,Al Qasfah
365531305,4747160,sq,Dar edh Dhira`
365531382,4747161,sq,Ar Rukbah
365531459,4747162,sq,Ash Shamsarah
365531536,4747163,sq,Al 'Umrah
365531613,4747164,sq,Al Mashjab
365531844,4747167,sq,Al Khirbah
365531921,4747168,sq,Si Sidrah
365531998,4747169,sq,Al Hadabah
365532075,4747170,sq,Al `Aridah
365532152,4747171,sq,Al `Ukdah
365532229,4747172,sq,Al Ukaymah
365532306,4747173,sq,Al `Awarid
365532383,4747174,sq,El Ukajma
365532460,4747175,sq,Al 'Anin
365532614,4747177,sq,Al Hawjalah
365532691,4747178,sq,Si Saradih
365532768,4747179,sq,El Havjalah
365532845,4747180,sq,Al Haymah
365532999,4747182,sq,alʿhar
365533307,4747186,sq,Al Marqab
365533384,4747187,sq,Al Mashjab
365533538,4747189,sq,Al Mashjab
365533692,4747191,sq,Al Wadi
365534000,4747195,sq,Al Madajir
365534154,4747197,sq,Al Haydayn
365534308,4747199,sq,El Ukajma
365534385,4747200,sq,El Ukajma
365534539,4747202,sq,El Juraynah
365534616,4747203,sq,Al Jabbanah
365534693,4747204,sq,El Juraynah
365534770,4747205,sq,El Mushejrih
365534847,4747206,sq,Al Haybah
365535001,4747208,sq,Një Nuxhejbe
365535078,4747209,sq,Al Haybah
365535155,4747210,sq,Al `Armah
365535232,4747211,sq,El Huxhrejn
365535309,4747212,sq,Al Barh
365535386,4747213,sq,Al 'Anin
365535463,4747214,sq,Ad Dar
365535540,4747215,sq,Al Akamah
365535694,4747217,sq,Al Wadi
365535771,4747218,sq,Al Haymah
365535848,4747219,sq,Al Miqtar
365535925,4747220,sq,Al `Ukdah
365536079,4747222,sq,almmtar
365536156,4747223,sq,Al Akamah
365536233,4747224,sq,Suxhajriyah
365536387,4747226,sq,Al Kharabah
365536695,4747230,sq,Khadashah
365536849,4747232,sq,Si Saradihah
365536926,4747233,sq,El Ukajma
365537080,4747235,sq,Ash Shi`b
365537157,4747236,sq,Ad Dimnah
365537234,4747237,sq,Ash Shi`b
365537311,4747238,sq,Al Haydayn
365537388,4747239,sq,Al Qubay`
365537773,4747244,sq,Al Mishrafah
365537927,4747246,sq,Al Ukaymah
365538158,4747249,sq,Al `Ukdah
365538235,4747250,sq,Harb
365538312,4747251,sq,Al Akabe
365538466,4747253,sq,As Salal
365538543,4747254,sq,alqhaf
365538697,4747256,sq,Një Nuxhejbe
365538851,4747258,sq,Al Muhayrah
365538928,4747259,sq,Ad Dawmalah
365539005,4747260,sq,Ad Daym
365539159,4747262,sq,Al Hubayl
365539236,4747263,sq,Al Jabbanah
365539313,4747264,sq,Al Qubay`
365539390,4747265,sq,As Safa
365539467,4747266,sq,Khaba'ah
365539544,4747267,sq,Al Ma`suq
365539852,4747271,sq,Al Madarah
365539929,4747272,sq,alwjd
365540083,4747274,sq,Al 'Anin
365540160,4747275,sq,El Mushejrih
365540237,4747276,sq,Një Naqil
365540314,4747277,sq,Adh Dhira`
365540468,4747279,sq,Sarah
365540699,4747282,sq,Adh Dhira`
365540930,4747285,sq,Al Hajar
365541084,4747287,sq,Al `Aridah
365541161,4747288,sq,Al Mashjab
365541238,4747289,sq,Al Mishrafah
365541315,4747290,sq,Si Sabil
365541392,4747291,sq,Ash Shatt
365541546,4747293,sq,Al Mahjar
365541623,4747294,sq,Ad Duqm
365541777,4747296,sq,Al Manajid
365541931,4747298,sq,aljnd
365542008,4747299,sq,Al Hamra'
365542162,4747301,sq,Al `Aridah
365542239,4747302,sq,El Unejn
365542470,4747305,sq,Al Miqtar
365542701,4747308,sq,alqhaf
365543086,4747313,sq,Al Harf
365543163,4747314,sq,Ash Shi`b
365543240,4747315,sq,Al Akamah
365543471,4747318,sq,Mashrafah
365543548,4747319,sq,Al Qubay`
365543625,4747320,sq,Al Qaryah as Sufla
365543702,4747321,sq,Al Hashusah
365543779,4747322,sq,Al Akamah
365543856,4747323,sq,Al Haybah
365543933,4747324,sq,Al Kadam
365544087,4747326,sq,alqhaf
365544318,4747329,sq,Al Xhebel
365544703,4747334,sq,Al Haydayn
365544780,4747335,sq,Al Akamah
365544857,4747336,sq,Al Kadaf
365544934,4747337,sq,Al `Ukdah
365545088,4747339,sq,Al Manajid
365545165,4747340,sq,Al Jabbanah
365545242,4747341,sq,Al Barh
365545319,4747342,sq,Al Haybah
365545473,4747344,sq,El Xhaziah
365545550,4747345,sq,Al Jabbanah
365545858,4747349,sq,alqhaf
365545935,4747350,sq,Adh Dhira`
365546012,4747351,sq,Al Mishrafah
365546166,4747353,sq,As Safa
365546320,4747355,sq,Al Qasfah
365546397,4747356,sq,Al `Ukdah
365546474,4747357,sq,Ash Shuqqah
365546628,4747359,sq,Al Akamah
365546936,4747363,sq,El Maqrud
365547013,4747364,sq,alqbaʿ
365547167,4747366,sq,Ad Dimnah
365547321,4747368,sq,Al Haymah
365547398,4747369,sq,Al Hurayf
365547629,4747372,sq,Al Akamah
365547706,4747373,sq,Al Mishrafah
365547860,4747375,sq,allfj
365547937,4747376,sq,Një Nuwaydirah
365548091,4747378,sq,Al Artawiyah
365548168,4747379,sq,almʿlaf
365548322,4747381,sq,Al Haybah
365548553,4747384,sq,Al Haybah
365548861,4747388,sq,Al Haydayn
365548938,4747389,sq,Al Akamah
365549015,4747390,sq,Al Hurayf
365549323,4747394,sq,Si Sayrah
365549400,4747395,sq,Al Akamah
365549554,4747397,sq,Al Mishrafah
365549708,4747399,sq,Hisn al Qaryah
365550170,4747405,sq,Një Nuwaydirah
365550478,4747409,sq,Ash Sharjah
365550632,4747411,sq,Al Haybah
365550709,4747412,sq,As Safa
365550786,4747413,sq,Ad Dimnah
365550940,4747415,sq,Al Akamah
365551017,4747416,sq,El Ukajma
365551094,4747417,sq,El Ukajma
365551171,4747418,sq,El Ma`inah
365551325,4747420,sq,El Ma`inah
365551402,4747421,sq,Al Mishrafah
365551556,4747423,sq,Adh Dhira`
365551633,4747424,sq,Ad Dar el A`la
365551787,4747426,sq,Një Nuwaydirah
365551864,4747427,sq,El Ma`inah
365551941,4747428,sq,Al Jabbanah
365552018,4747429,sq,Al Ujayn
365552326,4747433,sq,Al Mushayrih
365552403,4747434,sq,Mashrafah
365552480,4747435,sq,El Mushejrih
365552557,4747436,sq,Al `Ukdah
365553019,4747442,sq,Al Manajid
365553096,4747443,sq,Az Zahrur
365553404,4747447,sq,Al Ha'it
365553635,4747450,sq,Al Haydayn
365553712,4747451,sq,Al Jabbanah
365553789,4747452,sq,Al Akamah
365553866,4747453,sq,Al Mishrafah
365554020,4747455,sq,Al Manajid
365554097,4747456,sq,El Murayqib
365554174,4747457,sq,Al Artawiyah
365554328,4747459,sq,El Makbarah
365554405,4747460,sq,Mashawiz
365554482,4747461,sq,Al Haysah
365554559,4747462,sq,Mahraq
365554790,4747465,sq,El Ujlub
365555098,4747469,sq,Al Akabe
365555252,4747471,sq,Al Akabe
365555406,4747473,sq,Adh Dhanabah
365555483,4747474,sq,Adh Dhanabah
365555637,4747476,sq,Nu`man
365555714,4747477,sq,Ash Shuqqah
365555791,4747478,sq,Adh Dhira`
365556099,4747482,sq,Al Qubbah
365556253,4747484,sq,Al Qubay`
365556407,4747486,sq,Al Qubay`
365556638,4747489,sq,Si Sakin
365557254,4747497,sq,Al `Aridah
365557408,4747499,sq,Al Manajid
365557639,4747502,sq,Az Zayyal
365557793,4747504,sq,Al `Arin
365557870,4747505,sq,Al Hadid
365557947,4747506,sq,Adh Dhira`
365558101,4747508,sq,Al Manajid
365558332,4747511,sq,El Makbarah
365558409,4747512,sq,El Uqur
365558486,4747513,sq,Al Malawiyah
365558563,4747514,sq,Al Qab`
365558717,4747516,sq,almʿlaf
365559102,4747521,sq,Khadashah
365559179,4747522,sq,Mashawiz
365559256,4747523,sq,Mahraq
365559410,4747525,sq,Al Kub`
365559487,4747526,sq,El Kurejde
365559564,4747527,sq,Al Quhayfah
365559795,4747530,sq,Al Akamah
365559872,4747531,sq,Al Buhayri
365560180,4747535,sq,Një Naqil
365560565,4747540,sq,Al Haydayn
365560642,4747541,sq,aljnd
365560873,4747544,sq,El Xhulejb
365560950,4747545,sq,Al Manajid
365561104,4747547,sq,Al Qubay`
365561258,4747549,sq,Esh Shurayj
365561489,4747552,sq,Ash Shi`b
365561643,4747554,sq,Adh Dhira`
365561797,4747556,sq,Al Qab`
365561951,4747558,sq,Ash Shurf
365562105,4747560,sq,Al Akamah
365562259,4747562,sq,Al Akamah
365562413,4747564,sq,Al Akabe
365562490,4747565,sq,Esh Shu'bah el Ulya
365562644,4747567,sq,Si Sahsah
365562798,4747569,sq,Al Manajid
365562952,4747571,sq,Ad Dumajnah
365563337,4747576,sq,El Mavdim
365563414,4747577,sq,El Musejjid
365563645,4747580,sq,Një Naqil
365563722,4747581,sq,Al Lakamah
365563876,4747583,sq,El Musejni'ah
365564030,4747585,sq,Al `Ukdah
365564107,4747586,sq,El Xhuhejlah
365564338,4747589,sq,Satwah
365564415,4747590,sq,Adh Dhira`
365564492,4747591,sq,Al Qubay`
365564646,4747593,sq,Al Qubay`
365564723,4747594,sq,Al Mawram
365564800,4747595,sq,Mashrafah
365565108,4747599,sq,Al Magribah
365565262,4747601,sq,El Lakmah
365565339,4747602,sq,alʿash
365565416,4747603,sq,Al Haydayn
365565493,4747604,sq,Adh Dhira`
365565570,4747605,sq,Al Jadidah
365565647,4747606,sq,Al Hubayl
365565801,4747608,sq,Al Qubay`
365565878,4747609,sq,Al Hisn
365566032,4747611,sq,Dhira` ad Dar
365566109,4747612,sq,Al 'Anin
365566186,4747613,sq,Al Mishrafah
365566571,4747618,sq,Al Miqtar
365566802,4747621,sq,Adh Dhira`
365566879,4747622,sq,Al Kubbah
365566956,4747623,sq,Al Qubay`
365567033,4747624,sq,Al Kubbah
365567110,4747625,sq,Al Magribah
365567187,4747626,sq,Ar Rakiz
365567264,4747627,sq,El Magharib
365567418,4747629,sq,El Mexhnah
365567572,4747631,sq,Al Lakamah
365567649,4747632,sq,Al Mahall
365567880,4747635,sq,Al U`mus
365568188,4747639,sq,Manakhah
365568265,4747640,sq,Al Mahall
365568342,4747641,sq,Manakhah
365568419,4747642,sq,Si Sablah
365568496,4747643,sq,Al Hisn
365568573,4747644,sq,Al Hisn
365568650,4747645,sq,Beni Muhamed
365568727,4747646,sq,Ash Sha`mali
365568804,4747647,sq,Bayt ' Ali Hajj
365568881,4747648,sq,Haqari
365568958,4747649,sq,almʿmar
365569035,4747650,sq,Al Hisn
365569112,4747651,sq,Al Akabe
365569189,4747652,sq,Ad Dur
365569266,4747653,sq,aljrn
365569343,4747654,sq,almʿmar
365569420,4747655,sq,almʿmar
365569497,4747656,sq,Al Akhdur
365569805,4747660,sq,Hisn al Qaryah
365569882,4747661,sq,El Ushshah
365569959,4747662,sq,Al Hisn
365570036,4747663,sq,Al Lakamah
365570113,4747664,sq,Bejt el Fakih
365570190,4747665,sq,Si Sartahah
365570267,4747666,sq,Ash Sharqi
365570421,4747668,sq,El Magharib
365570498,4747669,sq,Hisn al Qaryah
365570729,4747672,sq,Wasat al Qaryah
365571114,4747677,sq,Al Mahrur
365571345,4747680,sq,El Magharib
365571422,4747681,sq,Al Mabrak
365571499,4747682,sq,Al Qarn
365571807,4747686,sq,Al Mahall
365571884,4747687,sq,Ar Ribat
365572192,4747691,sq,Ash Sharqi
365572346,4747693,sq,Ash Sharqi
365572731,4747698,sq,Al Mathwah
365573039,4747702,sq,Hafaf
365573501,4747708,sq,Al Jabbanah
365573578,4747709,sq,Ad Dar al Asfal
365573655,4747710,sq,Ad Dar el A`la
365573732,4747711,sq,Al `Ukdah
365573886,4747713,sq,Ad Dar el A`la
365573963,4747714,sq,Ash Shurf
365574117,4747716,sq,Al Mihdadah
365574194,4747717,sq,As Sayh
365574348,4747719,sq,Al `Awarid
365574425,4747720,sq,Al Jurayn
365574502,4747721,sq,Al Haddah
365574579,4747722,sq,`Alyab
365574810,4747725,sq,Al Jabbanah
365574887,4747726,sq,Al Manajid
365575041,4747728,sq,Ad Dar
365575195,4747730,sq,Si Safijah
365575272,4747731,sq,Khadashah
365575349,4747732,sq,Al Jubub
365576042,4747741,sq,Al `Aridah
365576119,4747742,sq,Një Naqil
365576273,4747744,sq,Një Naqil
365576427,4747746,sq,As Sayh
365576581,4747748,sq,Al `Aridah
365576658,4747749,sq,Ad Daribah
365576735,4747750,sq,Al Manzil
365576812,4747751,sq,Ad Daribah
365576889,4747752,sq,Al Ma`in
365576966,4747753,sq,Ash Shurf
365577043,4747754,sq,alkhrf
365577274,4747757,sq,Ad Daribah
365577351,4747758,sq,Al `Aridah
365577582,4747761,sq,Ash Shu`bah
365577659,4747762,sq,Ad Daribah
365577736,4747763,sq,Al Magribah
365577890,4747765,sq,Wadi as Sarh
365577967,4747766,sq,Al `Awarid
365578121,4747768,sq,Al Matluh
365578198,4747769,sq,Al Qaryah as Sufla
365578275,4747770,sq,Ash Shi`b
365578352,4747771,sq,Ash Shawb
365578737,4747776,sq,Një Naqil
365579122,4747781,sq,Al Qaryah as Sufla
365579199,4747782,sq,Al Akhdur
365579507,4747786,sq,As Safa
365579584,4747787,sq,alkhrf
365579661,4747788,sq,Al Khirbah
365579892,4747791,sq,Hadabah
365579969,4747792,sq,Sarmah al `Ulya
365580046,4747793,sq,Al Magribah
365580123,4747794,sq,Al `Awarid
365580200,4747795,sq,Al Manzil
365580277,4747796,sq,Ad Dar
365580354,4747797,sq,Al Manzil
365580431,4747798,sq,Al Manzil
365580508,4747799,sq,E vështirë
365580662,4747801,sq,As Safa'
365580816,4747803,sq,As Safa
365581124,4747807,sq,Al Qaryah as Sufla
365581278,4747809,sq,Një Naqil
365581355,4747810,sq,Al Wadi
365581432,4747811,sq,As Safa
365581509,4747812,sq,Al Wadi
365581663,4747814,sq,Al Jabbanah
365581740,4747815,sq,Al Akamah
365581971,4747818,sq,Da'ah
365582202,4747821,sq,El Ma`bal
365582664,4747827,sq,Al Mahallah
365582818,4747829,sq,Harf
365583280,4747835,sq,Al Habil
365583434,4747837,sq,El Mishrafah
365583588,4747839,sq,Sablah
365584050,4747845,sq,Al Manajid
365584127,4747846,sq,Al Marun
365584204,4747847,sq,Mahallah
365584281,4747848,sq,Sawadah
365584358,4747849,sq,Al Muhayrah
365584820,4747855,sq,Salah
365584974,4747857,sq,Si Selef
365585128,4747859,sq,Zahari
365585282,4747861,sq,Azzah
365585359,4747862,sq,Mishrahah
365585667,4747866,sq,Al Kawhah
365585744,4747867,sq,Al `Adi
365585821,4747868,sq,Ad Dar
365586437,4747876,sq,Al Mawjim
365586514,4747877,sq,Az Zahir
365586591,4747878,sq,El Mevjim
365586668,4747879,sq,Al `Ashshah
365586745,4747880,sq,Al Haqib
365587515,4747890,sq,Al Mij`arah
365587592,4747891,sq,Al Buqa`
365587746,4747893,sq,Ad Dar
365587977,4747896,sq,Al Mahallah
365588439,4747902,sq,Ash Shuqrah
365588670,4747905,sq,Wadi Bardan
365589055,4747910,sq,Ash Shuqrah
365589132,4747911,sq,El Fajrah
365589517,4747916,sq,Al Magribah
365589671,4747918,sq,Si Safijah
365589825,4747920,sq,Adh Dhira`
365590056,4747923,sq,dar hatm
365590364,4747927,sq,Qarn ash Sharah
365590441,4747928,sq,Al `Awarid
365590518,4747929,sq,Al Qarn
365590595,4747930,sq,Si Selef
365590672,4747931,sq,Azzah
365590749,4747932,sq,Ath Thawabi
365590980,4747935,sq,Bejt el Bir
365591288,4747939,sq,Azzah
365592058,4747949,sq,Al Haybah
365592289,4747952,sq,Al Haymah
365592443,4747954,sq,`Arishah
365592674,4747957,sq,Al Wadi
365592828,4747959,sq,Ad Dabr
365593213,4747964,sq,Al Hamra'
365593521,4747968,sq,As Safa
365593675,4747970,sq,Ash Shatt
365593752,4747971,sq,Azzah
365593829,4747972,sq,Si Salulah
365593906,4747973,sq,Al Muhayrah
365594137,4747976,sq,Al Kawlah
365594291,4747978,sq,Al Kawlah
365594368,4747979,sq,Ar Rukbah
365594522,4747981,sq,Marah
365594753,4747984,sq,Al Kharabah
365594830,4747985,sq,Ad Diyarah
365594907,4747986,sq,Ad Dar
365595061,4747988,sq,Al Khirbah
365595138,4747989,sq,Al Ahmar
365595292,4747991,sq,As Sayh
365595446,4747993,sq,Al `Aridah
365595677,4747996,sq,Al Akhdur
365595754,4747997,sq,Al Manajid
365595908,4747999,sq,Al `Aridah
365596139,4748002,sq,Azzah
365596293,4748004,sq,Ad Dar
365596370,4748005,sq,Një Naqil
365596447,4748006,sq,Ad Dar
365596524,4748007,sq,Al `Awarid
365596601,4748008,sq,Al Kawlah
365596755,4748010,sq,Dhi Sama`ah
365596986,4748013,sq,Ar Ribat
365597063,4748014,sq,Al Manajid
365597140,4748015,sq,Al Kharabah
365597217,4748016,sq,Al `Aridah
365597294,4748017,sq,Ar Rayd
365597448,4748019,sq,Adh Dhira`
365597525,4748020,sq,Al Karyat
365597679,4748022,sq,Al Kawlah
365597987,4748026,sq,Al Qubbah
365598064,4748027,sq,almshwaf
365598218,4748029,sq,Ad Dimnah
365598680,4748035,sq,Al Manimah
365598757,4748036,sq,Ad Darb
365598988,4748039,sq,Al Jadid
365599142,4748041,sq,almhzaʿ
365599219,4748042,sq,As Safa
365599373,4748044,sq,Al Manajid
365599527,4748046,sq,Al Magribah
365599604,4748047,sq,Al Habil
365599835,4748050,sq,Al Mahattah
365599989,4748052,sq,Al Kawlah
365600066,4748053,sq,Al Hariq
365600143,4748054,sq,Al Akabe
365600451,4748058,sq,Al Qati`
365600759,4748062,sq,almshaf
365600836,4748063,sq,allwaʾ
365600990,4748065,sq,Al Mawram
365601067,4748066,sq,Al Hazzah
365601452,4748071,sq,Ad Dawr
365601529,4748072,sq,Al Magribah
365601606,4748073,sq,Al Ghurabi
365601683,4748074,sq,Al Malamah
365601914,4748077,sq,Al Gharib
365602068,4748079,sq,Al Majarin
365602145,4748080,sq,Al Malaqi
365602376,4748083,sq,Azzah
365602453,4748084,sq,Al Qal`ah
365602530,4748085,sq,Al Mihdadah
365602761,4748088,sq,Al Akabe
365602915,4748090,sq,Al Kawlah
365602992,4748091,sq,Al Magribah
365603146,4748093,sq,Qal`at ad Diman
365603223,4748094,sq,Ez Zal'ah
365603454,4748097,sq,Al Madafin
365603608,4748099,sq,Al Hariq
365603685,4748100,sq,Al Hadabah
365603762,4748101,sq,Ad Darb
365603839,4748102,sq,Ad Darb
365603993,4748104,sq,Al Makdudah
365604070,4748105,sq,Alorosh
365604147,4748106,sq,Al Magribah
365604301,4748108,sq,Al Hadabah
365604455,4748110,sq,Esh Shabakah
365604532,4748111,sq,Musallam
365604609,4748112,sq,almʿraj
365604917,4748116,sq,Ad Dahir
365604994,4748117,sq,Az Zawagh
365605071,4748118,sq,Al Magribah
365605225,4748120,sq,Qal`at al `Ashshah
365605302,4748121,sq,Al Magribah
365605456,4748123,sq,Al Hisn
365605610,4748125,sq,Adh Dhira`
365605841,4748128,sq,Al Azrakiyah
365606072,4748131,sq,Bejt az Zanin
365606149,4748132,sq,Sa'dah
365606303,4748134,sq,Al Habil
365606611,4748138,sq,Al Mihsam
365606688,4748139,sq,Al Qarn
365606765,4748140,sq,Al Marabih
365606996,4748143,sq,As Sawani`
365607227,4748146,sq,Al Gharib
365607304,4748147,sq,Al Kidf
365607458,4748149,sq,Al Qal`ah
365607535,4748150,sq,El Muamar
365607689,4748152,sq,Al Wadi
365607766,4748153,sq,Al Kawlah
365607997,4748156,sq,almrkham
365608074,4748157,sq,Al Gharib
365608228,4748159,sq,As Sahl
365608305,4748160,sq,Al Ghalf
365608382,4748161,sq,As Sahl
365608536,4748163,sq,As Sahl
365608613,4748164,sq,El Hixhre
365608767,4748166,sq,El Mi`zab
365609075,4748170,sq,Al Hajaf
365609152,4748171,sq,El Mi`sarah
365609306,4748173,sq,Al Hadabah
365609383,4748174,sq,Azzah
365609460,4748175,sq,Dhu Mus`id
365609537,4748176,sq,Ad Darb
365609691,4748178,sq,Ad Darb
365609768,4748179,sq,Al Qaranba`
365609922,4748181,sq,Ar Risa`
365610153,4748184,sq,Al Qal`ah
365610230,4748185,sq,Bejt el A`la
365610461,4748188,sq,Al Qarn
365610769,4748192,sq,Al Qasabah
365610846,4748193,sq,Azzah
365610923,4748194,sq,Al Hadabah
365611077,4748196,sq,Ash Sharqi
365611539,4748202,sq,Ad Devrah
365611847,4748206,sq,Bayt si Sawdi
365612078,4748209,sq,Bejt Kasim
365612309,4748212,sq,Bejt el Xhevf
365612386,4748213,sq,Al Qal`ah
365612463,4748214,sq,Qabr al Qal`ah
365612617,4748216,sq,El Hixhre
365612925,4748220,sq,Bejt Mahmud
365613156,4748223,sq,byt alghwl
365614157,4748236,sq,El Ma`azib
365614465,4748240,sq,Al Qal`ah
365614542,4748241,sq,Az Zahrayn
365615004,4748247,sq,El Mi`zab
365615158,4748249,sq,Al Karawi
365615235,4748250,sq,Al Qaflah
365615312,4748251,sq,Al Karawi
365615620,4748255,sq,Al `Aridah
365615774,4748257,sq,Al Qushub
365615851,4748258,sq,Ad Dimnah
365615928,4748259,sq,Ad Dahir
365616005,4748260,sq,Ad Dimnah
365616082,4748261,sq,Al Qal`ah
365616159,4748262,sq,Azzah
365616236,4748263,sq,Al Hadabah
365616390,4748265,sq,Al Qal`ah
365616467,4748266,sq,Al Hadd
365616544,4748267,sq,Al Karawi
365616852,4748271,sq,Hisn al Qaryah
365617006,4748273,sq,Ad Darb
365617237,4748276,sq,El Akshah
365617314,4748277,sq,Al Makman
365617391,4748278,sq,Bayt si Sayidi
365617468,4748279,sq,Al Khashabah
365617699,4748282,sq,Al Magribah
365617853,4748284,sq,Al Magribah
365617930,4748285,sq,Al Haymah
365618084,4748287,sq,Bejt el Ghurabi
365618161,4748288,sq,Bejt Ez Zahrah
365618238,4748289,sq,Bejt al Vadi
365618315,4748290,sq,Al Waqari
365618392,4748291,sq,El Mi`sarah
365618469,4748292,sq,Al Waqari
365618700,4748295,sq,El Mi`zab
365618777,4748296,sq,Ad Darb
365618854,4748297,sq,Bejt në Tavil
365619085,4748300,sq,El Medhejb
365619470,4748305,sq,Al Hadabah
365619855,4748310,sq,Shawa'it
365619932,4748311,sq,Bejt Zejd
365620009,4748312,sq,Al Mamar
365620086,4748313,sq,Bejt Zejd
365620240,4748315,sq,Ad Darb
365620317,4748316,sq,Nu`man
365620394,4748317,sq,Al Haymah
365620779,4748322,sq,Khadashah
365621010,4748325,sq,Al Xhebel
365621087,4748326,sq,Al Akabe
365621164,4748327,sq,Ad Dar
365621703,4748334,sq,Al Qal`ah
365622088,4748339,sq,Az Zawagh
365622165,4748340,sq,Al Karyat
365622319,4748342,sq,Azzah
365622473,4748344,sq,Ash Shurf
365622704,4748347,sq,Al Akabe
365622781,4748348,sq,Al Mahall
365622858,4748349,sq,Ad Dar
365622935,4748350,sq,Adh Dhubub
365623012,4748351,sq,Al Jirfah
365623243,4748354,sq,Ad Dar
365623859,4748362,sq,Al `Aridah
365624090,4748365,sq,Al Hisn
365624244,4748367,sq,Si Sawadayn
365624629,4748372,sq,Al Mahall
365625476,4748383,sq,Adh Dhubub
365625707,4748386,sq,Ar Ribat
365625938,4748389,sq,Al Mahall
365626708,4748399,sq,Ar Rajn
365626862,4748401,sq,Ad Daram
365627555,4748410,sq,Al Xhebel
365627863,4748414,sq,Al Mahallah
365627940,4748415,sq,Hisn al Qaryah
365628017,4748416,sq,Al Qahalah
365628094,4748417,sq,Al Gharbi
365628171,4748418,sq,Al Qahalah
365628248,4748419,sq,Hadd al Badi
365628402,4748421,sq,Al Akabe
365628864,4748427,sq,Al Huqul
365629095,4748430,sq,Hisn al Qaryah
365629788,4748439,sq,Ar Ribat
365629865,4748440,sq,Ar Ribat
365630558,4748449,sq,As Sayh
365631713,4748464,sq,Ad Dar
365631867,4748466,sq,Hamrah
365632791,4748478,sq,El Mi`zab
365632945,4748480,sq,Al Magribah
365633253,4748484,sq,Al Magribah
365633946,4748493,sq,Al Haddah
365634100,4748495,sq,Ad Dar
365634177,4748496,sq,Al Mahall
365634408,4748499,sq,Al Magribah
365635024,4748507,sq,Az Zawagh
365636256,4748523,sq,Ash Shurf
365636487,4748526,sq,Al Magribah
365636718,4748529,sq,Al Magribah
365636872,4748531,sq,Hisn al Qaryah
365637488,4748539,sq,Ad Dimnah
365637719,4748542,sq,Al `Aridah
365637796,4748543,sq,Al Xhebel
365637873,4748544,sq,Al `Aridah
365638027,4748546,sq,Adh Dhira`
365638258,4748549,sq,Al Akabe
365638335,4748550,sq,As Safa
365638412,4748551,sq,Az Zawagh
365638489,4748552,sq,Al Qal`ah
365638566,4748553,sq,Ad Daymah
365638874,4748557,sq,Dar al Xhebel
365639105,4748560,sq,Al Hisn
365639182,4748561,sq,Al `Awarid
365639413,4748564,sq,Al Wadi
365639567,4748566,sq,As Sayh
365639644,4748567,sq,Al Manzil
365639721,4748568,sq,Er Roseires
365640106,4748573,sq,Al Haybah
365640337,4748576,sq,Ash Shurf
365640414,4748577,sq,Al Xhebel
365640491,4748578,sq,Al `Awarid
365640876,4748583,sq,Al Haymah
365640953,4748584,sq,Azzah
365641030,4748585,sq,Al Akamah
365641107,4748586,sq,Al Kharabah
365641261,4748588,sq,Ash Shurf
365641338,4748589,sq,El Mij`arah
365641415,4748590,sq,Ash Shurf
365641492,4748591,sq,Al Jirrah
365641569,4748592,sq,Al Akamah
365641646,4748593,sq,Al Kharabah
365641723,4748594,sq,Hisn al Qaryah
365641800,4748595,sq,Ash Shi`b
365641954,4748597,sq,El Mij`arah
365642108,4748599,sq,Al Mahasin
365642185,4748600,sq,Al Qubbah
365642262,4748601,sq,Al Xhebel
365642339,4748602,sq,Ash Shi`b
365642493,4748604,sq,alashʿab
365642647,4748606,sq,Al 'Ulya
365642724,4748607,sq,Al Wadi
365642801,4748608,sq,Al Wat'ah
365642878,4748609,sq,Az Zanh
365642955,4748610,sq,Al Qushub
365643109,4748612,sq,Al Akabe
365643186,4748613,sq,Al Xhebel
365643263,4748614,sq,Esh Shu'ubah
365643340,4748615,sq,Al `Awarid
365643417,4748616,sq,Al Qubbah
365643648,4748619,sq,Al Hisn
365643725,4748620,sq,Al `Awarid
365643879,4748622,sq,Jawlabah
365643956,4748623,sq,Adh Dhanabah
365644187,4748626,sq,As Safa'
365644418,4748629,sq,alajarf
365644495,4748630,sq,Al Jaws
365644649,4748632,sq,Al Hisn
365644803,4748634,sq,Shi`b ar Rifa`i
365645111,4748638,sq,Al Kharabah
365645188,4748639,sq,Al `Awarid
365645265,4748640,sq,Al Qubbah
365645342,4748641,sq,Shalashil
365645419,4748642,sq,Ar Ribat
365645496,4748643,sq,Adh Dhira`
365645573,4748644,sq,`Araf
365645650,4748645,sq,Adh Dhira`
365645727,4748646,sq,Al `Awarid
365645804,4748647,sq,Al Habil
365646266,4748653,sq,Al `Aridah
365646343,4748654,sq,Ar Ribat
365646574,4748657,sq,Al Xhebel
365646651,4748658,sq,Al Fajahi
365646728,4748659,sq,Al `Awarid
365646959,4748662,sq,Ash Shi`b
365647036,4748663,sq,Mahmidah
365647113,4748664,sq,Ash Shi`b
365647190,4748665,sq,Al Akamah
365647267,4748666,sq,Al Jaws
365647421,4748668,sq,Si Sulbah
365647498,4748669,sq,Ash Shurf
365647575,4748670,sq,Dar an Naqil
365647729,4748672,sq,Si Sayrat
365647883,4748674,sq,Si Suwayda'
365647960,4748675,sq,Al Jurayn
365648345,4748680,sq,Al Wadi
365648422,4748681,sq,El Ma`zabah
365648499,4748682,sq,Al Habil
365648576,4748683,sq,Si Sakin
365648653,4748684,sq,Adh Dhanabah
365648730,4748685,sq,El Ma`zabah
365648807,4748686,sq,Al Khirbah
365649269,4748692,sq,Al Xhurfah
365649346,4748693,sq,Si Sakin
365649423,4748694,sq,Al Xhurfah
365649500,4748695,sq,Adh Dhira`
365649577,4748696,sq,Al Kharabah
365649654,4748697,sq,El Ma`zabah
365649885,4748700,sq,Adh Dhira`
365650039,4748702,sq,Al Khirbah
365650116,4748703,sq,El Ukajma
365650270,4748705,sq,Al `Ukdah
365650347,4748706,sq,Si Sirfah
365650424,4748707,sq,Al Mahall
365650809,4748712,sq,alqrf
365650886,4748713,sq,Al Kharabah
365651040,4748715,sq,Al Kharabah
365651117,4748716,sq,Al Mahattah
365651194,4748717,sq,alqrf
365651271,4748718,sq,Al Hablah
365651348,4748719,sq,Al Kharabah
365651425,4748720,sq,Al Lakmah
365651502,4748721,sq,Ar Rawis
365651733,4748724,sq,`Abr
365651810,4748725,sq,Al Akamah
365651887,4748726,sq,Al Akamah
365651964,4748727,sq,Khuzajxhe
365652041,4748728,sq,Al Habil
365652195,4748730,sq,Al Manzil
365652272,4748731,sq,Al Habil
365652503,4748734,sq,Al Kharabah
365652580,4748735,sq,Al Akamah
365652811,4748738,sq,Al Harf
365652888,4748739,sq,Ash Shi`b
365653196,4748743,sq,Al Akamah
365653273,4748744,sq,Al Mahall
365653427,4748746,sq,Al Akamah
365653504,4748747,sq,Al Miqtar
365653658,4748749,sq,Kamaran
365653735,4748750,sq,`Arakim
365653966,4748753,sq,Në Tibsha'ah
365654043,4748754,sq,Al Habil
365654274,4748757,sq,Al Manajid
365654351,4748758,sq,Al Akamah
365654890,4748765,sq,Al Maraghah
365655044,4748767,sq,Al Manajid
365655275,4748770,sq,Ad Daribah
365655737,4748776,sq,El Mexhma'ah
365655891,4748778,sq,Al Wadi
365655968,4748779,sq,Një Naqil
365656045,4748780,sq,Al Waq`ah
365656199,4748782,sq,El Muhabiyah
365656430,4748785,sq,shʿb shʿb
365656507,4748786,sq,Një Nadirah
365656584,4748787,sq,El Xhaziah
365656738,4748789,sq,Yazd
365656815,4748790,sq,Ar Rukn
365656892,4748791,sq,Adh Dhira`
365656969,4748792,sq,Ash Sha`mali
365657200,4748795,sq,Al Wadi
365657662,4748801,sq,Dar al Akamah
365658047,4748806,sq,Al Akamah
365658124,4748807,sq,Mashar
365658201,4748808,sq,Hattab
365658432,4748811,sq,Al Kubbah
365658509,4748812,sq,Al Harf
365658586,4748813,sq,Ar Ribat
365658663,4748814,sq,alwjd
365658817,4748816,sq,Al `Awarid
365659048,4748819,sq,Ar Rahabah
365659125,4748820,sq,Al Akamah
365659279,4748822,sq,Al Khashabah
365659356,4748823,sq,As Siyahi
365659433,4748824,sq,Al Maraghah
365659510,4748825,sq,Al Miqbabah
365659818,4748829,sq,almmtar
365659895,4748830,sq,Al Mashjab
365659972,4748831,sq,Adh Dhira`
365660049,4748832,sq,Al Wadi
365660126,4748833,sq,Al Kubbah
365660203,4748834,sq,Si Sawa'il
365660280,4748835,sq,Hisn al Qaryah
365660357,4748836,sq,Një Naqil
365660434,4748837,sq,Dar an Najd
365660511,4748838,sq,alhdath
365660588,4748839,sq,Hasanat
365660665,4748840,sq,Al Haybah
365660819,4748842,sq,Al Habil
365661204,4748847,sq,Al Akamah
365661281,4748848,sq,As Sarih
365661358,4748849,sq,Al Kharabah
365661435,4748850,sq,Ash Shi`bah
365661512,4748851,sq,Al Habil
365661666,4748853,sq,Al Habil
365661820,4748855,sq,Al Wa`rah
365661897,4748856,sq,Al Akamah
365662128,4748859,sq,Hisn al Qaryah
365662282,4748861,sq,aljshm
365662590,4748865,sq,Al Habil
365662821,4748868,sq,Al Khirbah
365662975,4748870,sq,Al Wa`rah
365663052,4748871,sq,Al Jabbanah
365663206,4748873,sq,Ad Dar
365663360,4748875,sq,Adh Dhira`
365663437,4748876,sq,Khadashah
365663591,4748878,sq,Al Manajid
365663668,4748879,sq,Mahallah
365663745,4748880,sq,Al Jabbanah
365663822,4748881,sq,Mahallah
365663899,4748882,sq,Al Batahah
365663976,4748883,sq,Mihjan
365664053,4748884,sq,Al Hajafah
365664130,4748885,sq,Al Madin
365664207,4748886,sq,Ghaul al Majih
365664284,4748887,sq,Al Ujayn
365664361,4748888,sq,Ra's al Karyah
365664515,4748890,sq,El Mishrafah
365664592,4748891,sq,Al Mabrak
365664669,4748892,sq,Al Mahallah
365664746,4748893,sq,Al Mansurah
365664823,4748894,sq,As Sayh
365664900,4748895,sq,As Sayh
365665054,4748897,sq,Adh Dhira`
365665131,4748898,sq,Azzah
365665208,4748899,sq,Al Qufayfah
365665285,4748900,sq,alkdf
365665516,4748903,sq,Hisn al Qaryah
365665747,4748906,sq,Al Khirbah
365665824,4748907,sq,Al Karbah
365665901,4748908,sq,El Mawsitah
365665978,4748909,sq,Al Hajafah
365666055,4748910,sq,El Khara'ib
365666132,4748911,sq,Al Magribah
365666209,4748912,sq,dar alʿdn
365666440,4748915,sq,El Mihdadah
365666517,4748916,sq,As Safa
365666594,4748917,sq,Al Muhaylilah
365666825,4748920,sq,Al Hajafah
365667210,4748925,sq,Al Jabbanah
365667518,4748929,sq,Ash Shuqrah
365667749,4748932,sq,Al `Aridah
365667826,4748933,sq,Al Jabbanah
365667903,4748934,sq,Al Ajinnah
365667980,4748935,sq,Bejt an Naqil
365668211,4748938,sq,Në Turbah
365668673,4748944,sq,Al `Aridah
365668827,4748946,sq,Hisn al Qaryah
365668904,4748947,sq,As Safa
365669135,4748950,sq,Ar Rajmah
365669520,4748955,sq,Jarranah
365669751,4748958,sq,Al Qaban
365669828,4748959,sq,Lakamat ash Shath
365670059,4748962,sq,Mahall `Abd Allah `Umar
365670367,4748966,sq,Al Hamra'
365670521,4748968,sq,Ad Dahah
365670598,4748969,sq,Al Mishrafah
365670675,4748970,sq,Al Madraj
365670906,4748973,sq,Esh Shurayj
365671060,4748975,sq,Esh Shurayj
365671214,4748977,sq,Al Hajafah
365671291,4748978,sq,Al Magribah
365671368,4748979,sq,Al Qubbah
365671445,4748980,sq,Si Sabahi
365671599,4748982,sq,El Maqrud
365671676,4748983,sq,Shi`b al Kabir
365671830,4748985,sq,Shi'b el Kabir
365672369,4748992,sq,alqhaf
365672446,4748993,sq,Al Karmadi
365672523,4748994,sq,Ash Shuqrah
365672677,4748996,sq,As Sayh
365672831,4748998,sq,Ash Sharqi
365672908,4748999,sq,Al Hajar
365672985,4749000,sq,Al Batahah
365673062,4749001,sq,El Uzlah
365673139,4749002,sq,Al Magribah
365673216,4749003,sq,alahwab
365673293,4749004,sq,Al Magribah
365673370,4749005,sq,Al Manajid
365673524,4749007,sq,Al Hamrah
365673678,4749009,sq,Al Marqab
365673832,4749011,sq,Hajjat ​​`Aqlan
365673986,4749013,sq,Al Marati`
365674294,4749017,sq,Al Hamra'
365674525,4749020,sq,Al Jabbanah
365674602,4749021,sq,Në Turbah
365674679,4749022,sq,Al Mahallah
365674833,4749024,sq,Al Jabbanah
365675218,4749029,sq,Al Akamah
365675295,4749030,sq,Ra's një Naqil
365675526,4749033,sq,Al Manajid
365675834,4749037,sq,Al Jabbanah
365675988,4749039,sq,Al Akabe
365676065,4749040,sq,Al Wadi
365676142,4749041,sq,Al Haymah
365676219,4749042,sq,El Miqdahah
365676296,4749043,sq,Al `Uwayd
365676527,4749046,sq,Al Jarrar
365676604,4749047,sq,Al `Adan
365676681,4749048,sq,Al Jarrar
365676758,4749049,sq,Azzah
365676835,4749050,sq,Al Xhebel
365676912,4749051,sq,Al Akamah
365677066,4749053,sq,Shi`b ar Rifa`i
365677297,4749056,sq,Adh Dhira`
365677451,4749058,sq,`Ajlaniyah
365677528,4749059,sq,Al Mahallah
365677836,4749063,sq,Një Nakb
365677990,4749065,sq,Al Haybah
365678221,4749068,sq,Al Mashjab
365678375,4749070,sq,Al Kasir
365678606,4749073,sq,Al Mabrak
365678683,4749074,sq,Al Qahfah
365678760,4749075,sq,Al Mishrafah
365678837,4749076,sq,Al Qahfah
365678914,4749077,sq,El Maqrud
365679068,4749079,sq,Al Mishrafah
365679145,4749080,sq,qhfat
365679222,4749081,sq,Al Kadrah
365679453,4749084,sq,alʿbar
365679530,4749085,sq,almqlaʿ
365679607,4749086,sq,Ash Sharjah
365679684,4749087,sq,Ash Shatt
365679761,4749088,sq,Ash Sharj
365679838,4749089,sq,Al Masaliq
365679915,4749090,sq,Ash Shi`b
365679992,4749091,sq,Mashawiz
365680069,4749092,sq,Al Mansurah
365680146,4749093,sq,Al Manzil
365680223,4749094,sq,Ad Dimnah
365680454,4749097,sq,Al Haymah
365680531,4749098,sq,aljnd
365680685,4749100,sq,Ad Dur
365680762,4749101,sq,alabtal
365680839,4749102,sq,Mashawiz
365680916,4749103,sq,Ash Shi`b
365681070,4749105,sq,As Sufah
365681147,4749106,sq,Al Malawiyah
365681301,4749108,sq,Ar Rakz
365681378,4749109,sq,Al Mishrafah
365681455,4749110,sq,Ad Dur
365681532,4749111,sq,Al Mishrafah
365681609,4749112,sq,Al Akamah
365681763,4749114,sq,Al Qubay`
365681917,4749116,sq,Al Burqah
365681994,4749117,sq,alasfl
365682071,4749118,sq,Al Qaryah as Sufla
365682302,4749121,sq,Al Kubab
365682841,4749128,sq,Ash Shurf
365682995,4749130,sq,Al Mishrafah
365683072,4749131,sq,Al Akamah
365683457,4749136,sq,Al Hajar
365683534,4749137,sq,Ash Shi`b
365683611,4749138,sq,Al Manajid
365683842,4749141,sq,Al Kadmah
365683919,4749142,sq,Al Harf
365684073,4749144,sq,Al Hasab
365684304,4749147,sq,Adh Dhira`
365684381,4749148,sq,almjnan
365684458,4749149,sq,Ash Sharj
365684535,4749150,sq,Adh Dhira`
365684920,4749155,sq,Qubbah
365685151,4749158,sq,Mi`mar al Ma`zulah
365685382,4749161,sq,Al Kawlah
365685459,4749162,sq,Al Kawlah
365685767,4749166,sq,Ad Dabyani
365685844,4749167,sq,Hisn al Qaryah
365685998,4749169,sq,Al Mahall
365686075,4749170,sq,Al Harf
365686383,4749174,sq,Al Karyat
365686460,4749175,sq,Esh Shu`ubi
365686614,4749177,sq,almʿmar
365686768,4749179,sq,El Hixhre
365687307,4749186,sq,Al Jarin
365687384,4749187,sq,Bejt el Huvejt
365687461,4749188,sq,Madar
365687769,4749192,sq,Ad Dayy
365687846,4749193,sq,almjran
365688154,4749197,sq,Ad Dakhlah
365688231,4749198,sq,Al Kammah
365688385,4749200,sq,almjran
365688462,4749201,sq,Ar Rahah
365688847,4749206,sq,almʿmar
365688924,4749207,sq,El Hixhre
365689001,4749208,sq,almʿmar
365689386,4749213,sq,Safah
365689540,4749215,sq,Al Hisn
365689848,4749219,sq,Al Hisn
365690002,4749221,sq,Bani Nukay`
365690233,4749224,sq,Al Hisn
365690772,4749231,sq,Al Hadabah
365690926,4749233,sq,Ad Dar
365691388,4749239,sq,Al Karyat
365692004,4749247,sq,Al Hisn
365692081,4749248,sq,Al Mahall
365692851,4749258,sq,Hamrah
365693082,4749261,sq,Hamrah
365693236,4749263,sq,Al Artawiyah
365693544,4749267,sq,Një Naqil
365693621,4749268,sq,Al Magribah
365693775,4749270,sq,Al Magribah
365693852,4749271,sq,Kutbah
365694160,4749275,sq,Barhah
365694776,4749283,sq,Ash Shurf
365694853,4749284,sq,Dhurajmi
365694930,4749285,sq,Ash Shurf
365695392,4749291,sq,Al Hajar
365695546,4749293,sq,Hisn al Qaryah
365695777,4749296,sq,Hamrah
365696008,4749299,sq,Al Haddah
365697317,4749316,sq,Ash Shurf
365698318,4749329,sq,El Mi`zab
365698472,4749331,sq,Adh Dhira`
365699011,4749338,sq,As Safa
365699550,4749345,sq,El Mishrafah
365700089,4749352,sq,Hisn al Qaryah
365700397,4749356,sq,Ash Shurf
365700705,4749360,sq,Ash Shurf
365701013,4749364,sq,Marba'ah
365701090,4749365,sq,El Kut`ah
365701244,4749367,sq,Hamrah
365702014,4749377,sq,Si Selef
365702245,4749380,sq,El Hakli
365702861,4749388,sq,Al Harf
365703477,4749396,sq,Marham
365704940,4749415,sq,Mashra'ah
365705017,4749416,sq,Ad Dawghah
365705094,4749417,sq,Al Jurayn
365705556,4749423,sq,Sufar
365706326,4749433,sq,Al Qubay`
365706480,4749435,sq,Al Madra
365706557,4749436,sq,Al Jubjub
365706634,4749437,sq,Al `Aridah
365706711,4749438,sq,Qaraqir
365707019,4749442,sq,El Mihdadah
365707481,4749448,sq,Azzah
365707789,4749452,sq,Al `Aridah
365708174,4749457,sq,Hisn al Qaryah
365708405,4749460,sq,Al Hajar
365708559,4749462,sq,alasfah
365708636,4749463,sq,alʿmq
365708713,4749464,sq,Al `Azazi
365708790,4749465,sq,Ad Dar
365709175,4749470,sq,Al Qarani
365709252,4749471,sq,Një Naqil
365709483,4749474,sq,Ash Shurf
365709560,4749475,sq,Al Mahjar
365709714,4749477,sq,Al Kadi
365709791,4749478,sq,Az Zahar
365709868,4749479,sq,Al Mikhbar al Asfal
365709945,4749480,sq,Asfal al Wadi
365710253,4749484,sq,Adh Dhira`
365710330,4749485,sq,Al Hamra'
365710407,4749486,sq,Al Wa`rah
365710484,4749487,sq,Ar Ribat
365710561,4749488,sq,Al Jabbanah
365710715,4749490,sq,Al Madbaghah
365710792,4749491,sq,Al Akamah
365710869,4749492,sq,El Mashra'ah
365710946,4749493,sq,Al Mahariq
365711177,4749496,sq,Al Mikrab
365711254,4749497,sq,Al Jabahah
365711331,4749498,sq,As Sayh
365711562,4749501,sq,Al Manzil
365711639,4749502,sq,Ash Shurf
365711793,4749504,sq,Al Musalla
365711870,4749505,sq,Shakab
365711947,4749506,sq,Al Mahall
365712024,4749507,sq,Al Mishrafah
