id,city_id,language_key,name
134382420,1745227,et,Vrbnica
134382497,1745228,et,Zvonik
134382574,1745229,et,Zvoneca
134382651,1745230,et,Zverinac
134382728,1745231,et,Zvekovac
134382805,1745232,et,Zvecanje
134383267,1745238,et,Zupanja
134383344,1745239,et,Zupanec
134383421,1745240,et,Zunci
134383498,1745241,et,Zumberak
134383575,1745242,et,Zuljana
134383652,1745243,et,Zubrica
134383729,1745244,et,Zubovici
134383806,1745245,et,Zrnovo
134383883,1745246,et,Zrnovnica
134383960,1745247,et,Zrnici
134384191,1745250,et,Zrinski Topolovac
134384268,1745251,et,Zrinska
134384345,1745252,et,Zrinscina
134384499,1745254,et,Zrenj
134384576,1745255,et,Zreme
134384730,1745257,et,Zorkovac na Kupi
134384884,1745259,et,Zminj
134384961,1745260,et,Zman
134385038,1745261,et,Zmajevac
134385115,1745262,et,Zlobin
134385192,1745263,et,Zlatar
134385269,1745264,et,Zlarin
134385346,1745265,et,Zitomir
134385500,1745267,et,Zitnic
134385577,1745268,et,Ziskovec
134385654,1745269,et,Zirje
134385731,1745270,et,Zircica
134385808,1745271,et,Zibrinovec
134385962,1745273,et,Zgaljici
134386039,1745274,et,Zezevica
134386116,1745275,et,Zetkan
134386193,1745276,et,Zerjavinec
134386347,1745278,et,Zeliski
134386424,1745279,et,Zelinska Gora
134386578,1745281,et,Sveti Ivan Zelina
134386732,1745283,et,Zelengrad
134386809,1745284,et,Zelcin
134386886,1745285,et,Zejane
134387040,1745287,et,Zedno
134387194,1745289,et,Zecevo Rogoznicko
134387271,1745290,et,Zebanec Selo
134387348,1745291,et,Zdrelac
134387425,1745292,et,Zdralovi
134387502,1745293,et,Zdihovo
134387656,1745295,et,Brodski Zdenci
134387733,1745296,et,Zdenci Brdovecki
134387810,1745297,et,Zdenci
134387887,1745298,et,Zdencec
134387964,1745299,et,Zdencac
134388041,1745300,et,Zdenac
134388118,1745301,et,Zdala
134388195,1745302,et,Zbjegovaca
134388272,1745303,et,Zbjeg
134388426,1745305,et,Zbelava
134388503,1745306,et,Zbandaj
134388657,1745308,et,Zazina
134388811,1745310,et,Zabnica
134389042,1745313,et,Zaton Obrovacki
134389119,1745314,et,Zaton
134389196,1745315,et,Zaton
134389273,1745316,et,Zaton
134389427,1745318,et,Zastrazisce
134389581,1745320,et,Zasadbreg
134389658,1745321,et,Zarovnica
134389735,1745322,et,Zarecje
134389966,1745325,et,Zaprešić
134390120,1745327,et,Zaostrog
134390274,1745329,et,Zamrsje
134390351,1745330,et,Zamlaka
134390428,1745331,et,Zamlaca
134390505,1745332,et,Zamlaca
134390659,1745334,et,Zambratija
134390736,1745335,et,Zamask
134390813,1745336,et,Zaluznica
134390890,1745337,et,Zaluzje
134390967,1745338,et,Zaluki
134391275,1745342,et,Zakucac
134391429,1745344,et,Zakorenje
134391506,1745345,et,Zaklepica
134391583,1745346,et,Zakanje
134391737,1745348,et,Zajezda
134391814,1745349,et,Zaistovec
134391891,1745350,et,Zagvozd
134391968,1745351,et,Zagrovic
134392122,1745353,et,Zagreb
134392199,1745354,et,Zagrage
134392276,1745355,et,Zagore
134392430,1745357,et,Zaglav
134392507,1745358,et,Zadvorsko
134392584,1745359,et,Zadvarje
134392661,1745360,et,Zadubravlje
134392738,1745361,et,Zadrkovec
134392815,1745362,et,Zadobarje
134392892,1745363,et,Zadar
134392969,1745364,et,Sveti Kriz Zacretje
134393046,1745365,et,Zabrge
134393123,1745366,et,Zabrge
134393200,1745367,et,Zabok
134393277,1745368,et,Sveti Ivan Zabno
134393354,1745369,et,Zabno
134393431,1745370,et,Zabnjak
134393585,1745372,et,Zabnik
134393662,1745373,et,Zabjak
134393739,1745374,et,Zablatje
134393816,1745375,et,Zabica
134393893,1745376,et,Vurot
134393970,1745377,et,Vularija
134394047,1745378,et,Vuksin Sipak
134394124,1745379,et,Vuksic
134394201,1745380,et,Vukovoj
134394355,1745382,et,Vukovina
134394432,1745383,et,Vukovec
134394509,1745384,et,Vukovar
134394586,1745385,et,Vukova Gorica
134394740,1745387,et,Vukosavljevica
134394817,1745388,et,Vukomeric
134395048,1745391,et,Vukoder
134395125,1745392,et,Vukmanic
134395202,1745393,et,Vuka
134395279,1745394,et,Vuglovec
134395587,1745398,et,Vucevica
134395664,1745399,et,Vucevci
134395741,1745400,et,Vucani
134395818,1745401,et,Vucak
134395895,1745402,et,Vrznaveri
134395972,1745403,et,Varvari
134396126,1745405,et,Vrtlinska
134396203,1745406,et,Vrtlinovec
134396280,1745407,et,Vrsine
134396357,1745408,et,Vrsi
134396434,1745409,et,Vrsar
134396511,1745410,et,Vrpolje
134396588,1745411,et,Vrpolje
134396665,1745412,et,Vrpolje
134396742,1745413,et,Vrpolje
134396896,1745415,et,Vrlika
134396973,1745416,et,Vrisnik
134397050,1745417,et,Vrhovine
134397127,1745418,et,Vrhovina
134397358,1745421,et,Vrhovci
134397435,1745422,et,Vrhovcak
134397512,1745423,et,Vrhovac Sokolovacki
134397589,1745424,et,Vrhovac
134397666,1745425,et,Vrh Letovanicki
134397820,1745427,et,Vrh
134397897,1745428,et,Vrh
134397974,1745429,et,Vrgorac
134398051,1745430,et,Vrginmost
134398128,1745431,et,Vrgada
134398205,1745432,et,Vrelo Korenicko
134398282,1745433,et,Pavlovac
134398436,1745435,et,Vrbovsko
134398513,1745436,et,Vrbovo
134398590,1745437,et,Vrbovljani
134398667,1745438,et,Vrhovec Rakovecki
134398744,1745439,et,Vrbovec
134398821,1745440,et,Vrbovec Samoborski
134398898,1745441,et,Vrbovac Podborski
134398975,1745442,et,Vrbova
134399052,1745443,et,Vrboska
134399129,1745444,et,Vrbno
134399206,1745445,et,Vrbnik
134399283,1745446,et,Vrbnik
134399360,1745447,et,Vrbje
134399437,1745448,et,Vrbica Trojstvena
134399514,1745449,et,Vrbica
134399591,1745450,et,Vrbanovec
134399668,1745451,et,Vrbanja
134399745,1745452,et,Vrbanj
134399822,1745453,et,Vratisinec
134400053,1745456,et,Vrata
134400207,1745458,et,Vranov Dol
134400284,1745459,et,Vranojelje
134400361,1745460,et,Vranesevci
134400438,1745461,et,Seget Vranjica
134400515,1745462,et,Vranja
134400823,1745466,et,Vrana
134400900,1745467,et,Vozilici
134401131,1745470,et,Voloder
134401285,1745472,et,Volinja
134401362,1745473,et,Volavje
134401439,1745474,et,Volarice
134401516,1745475,et,Vojnovac
134401593,1745476,et,Vojnic
134401670,1745477,et,Vojisnica
134401747,1745478,et,Vojakovac
134401824,1745479,et,Vodotec
134401901,1745480,et,Vodostaj
134401978,1745481,et,Vodnjan
134402055,1745482,et,Voginci
134402286,1745485,et,Vodice
134402440,1745487,et,Vocin
134402517,1745488,et,Vlatkovac
134402594,1745489,et,Vlasici
134402671,1745490,et,Vlahovic
134402748,1745491,et,Vladislavci
134402825,1745492,et,Vizovlje
134402902,1745493,et,Vizinada
134402979,1745494,et,Vivodina
134403056,1745495,et,Vitunj
134403133,1745496,et,Visoko
134403210,1745497,et,Visoka Greda
134403287,1745498,et,Visoka
134403441,1745500,et,Vysochanske
134403595,1745502,et,Visnjevac
134403672,1745503,et,Visnjevac
134403749,1745504,et,Višnjan - Visignano
134403826,1745505,et,Viskovici
134403903,1745506,et,Liskovets
134404057,1745508,et,Vis
134404134,1745509,et,Virovitica
134404211,1745510,et,Virje Krizovljansko
134404288,1745511,et,Virje
134404365,1745512,et,Vir
134404442,1745513,et,Vinogradi Ludbreski
134404519,1745514,et,Vinogradci
134404596,1745515,et,Vinkuran
134404673,1745516,et,Vinkovci
134404750,1745517,et,Vinkovacki Banovci
134404827,1745518,et,Vinkovac
134404904,1745519,et,Vinjerac
134404981,1745520,et,Voinycheve
134405058,1745521,et,Vinica
134405135,1745522,et,Vinez
134405212,1745523,et,Vinarec
134405366,1745525,et,Vina
134405443,1745526,et,Viljevo
134405520,1745527,et,Vilic Selo
134405597,1745528,et,Vilanija
134405674,1745529,et,Viganj
134405828,1745531,et,Vidrenjak
134405982,1745533,et,Vidovec Petrovski
134406059,1745534,et,Vidovec Krapinski
134406136,1745535,et,Vidovec
134406213,1745536,et,Vidovac
134406290,1745537,et,Vid
134406444,1745539,et,Vezisce
134406521,1745540,et,Vetovo
134406752,1745543,et,Vera
134406829,1745544,et,Veprinac
134406906,1745545,et,Venje
134406983,1745546,et,Velusic
134407060,1745547,et,Veljun
134407214,1745549,et,Veliskovci
134407291,1745550,et,Veli Rat
134407368,1745551,et,Veli Mlun
134407445,1745552,et,Velimirovac
134407599,1745554,et,Veli Lošinj
134407676,1745555,et,Veliko Vukovje
134407753,1745556,et,Veliko Trojstvo
134407830,1745557,et,Veliko Trgovisce
134407907,1745558,et,Veliko Svinjicko
134407984,1745559,et,Veliko Korenovo
134408215,1745562,et,Veliko Brdo
134408292,1745563,et,Veliki Zdenci
134408369,1745564,et,Veliki Vrh Kamanjski
134408523,1745566,et,Veliki Raven
134408600,1745567,et,Velõkyi Rakovets
134408677,1745568,et,Veliki Prolog
134408754,1745569,et,Veliki Potocec
134408908,1745571,et,Veliki Poganac
134408985,1745572,et,Veliki Pasijan
134409062,1745573,et,Veliki Otok
134409216,1745575,et,Veliki Miletinac
134409293,1745576,et,Veliki Lovrecan
134409370,1745577,et,Veliki Lipovec
134409447,1745578,et,Veliki Komor
134409524,1745579,et,Veliki Jadrc
134409601,1745580,et,Veliki Grdevac
134409678,1745581,et,Veliki Gradac
134409755,1745582,et,Veliki Grabicani
134409986,1745585,et,Veliki Drvenik
134410063,1745586,et,Veliki Bukovec
134410217,1745588,et,Broćanac
134410371,1745590,et,Veliki Bastaji
134410525,1745592,et,Velike Sesvete
134410756,1745595,et,Velika Vranovina
134410833,1745596,et,Velika Ves
134410910,1745597,et,Velika Trnovitica
134410987,1745598,et,Velika Trnava
134411064,1745599,et,Velika Solina
134411141,1745600,et,Velika Rakovica
134411218,1745601,et,Velika Popina
134411295,1745602,et,Velika Pisanica
134411526,1745605,et,Velika Ostrna
134411603,1745606,et,Velika Mucna
134411680,1745607,et,Velika Mlinska
134411757,1745608,et,Velika Mlaka
134411911,1745610,et,Velika Ludina
134411988,1745611,et,Lovrecka Velika
134412142,1745613,et,Kraljeva Velika
134412219,1745614,et,Velika Kopanica
134412373,1745616,et,Velika Jasenovaca
134412450,1745617,et,Velika Jamnicka
134412527,1745618,et,Velika Hrastilnica
134412604,1745619,et,Velika Horvatska
134412681,1745620,et,Velika Gradusa
134412758,1745621,et,Velika Gorica
134412835,1745622,et,Velika Erpenja
134412989,1745624,et,Velika Cresnjevica
134413066,1745625,et,Velika Cista
134413143,1745626,et,Cista Velika
134413220,1745627,et,Velika Buna
134413297,1745628,et,Velika Brsljanica
134413528,1745631,et,Velika Barna
134413605,1745632,et,Velika Babina Gora
134413682,1745633,et,Velika
134413759,1745634,et,Veli Ježeňj
134413836,1745635,et,Veli Iz
134413913,1745636,et,Veli Dol
134413990,1745637,et,Velic
134414067,1745638,et,Veli Brgud
134414221,1745640,et,Velesevec
134414298,1745641,et,Veleniki
134414375,1745642,et,Vele Mune
134414606,1745645,et,Vela Luka
134414683,1745646,et,Vedro Polje
134414837,1745648,et,Veceslavec
134414991,1745650,et,Vaska
134415068,1745651,et,Varos Lovrecka
134415222,1745653,et,Varivode
134415299,1745654,et,Vardarac
134415376,1745655,et,Varazdinske Toplice
134415453,1745656,et,Varazdin Breg
134415530,1745657,et,Varazdin
134415607,1745658,et,Vantacici
134415684,1745659,et,Valun
134415761,1745660,et,Valtura
134415838,1745661,et,Valpovo
134415915,1745662,et,Valkarin
134416069,1745664,et,Valica
134416223,1745666,et,Valenovac
134416377,1745668,et,Vagovina
134416454,1745669,et,Vacani
134416531,1745670,et,Vabriga
134416608,1745671,et,Utiskani
134416839,1745674,et,Ustica
134416916,1745675,et,Urinj
134416993,1745676,et,Unije
134417070,1745677,et,Unesic
134417147,1745678,et,Uncani
134417301,1745680,et,Umljanovic
134417378,1745681,et,Umcani
134417455,1745682,et,Umag
134417532,1745683,et,Uljanik
134417609,1745684,et,Ugrinic
134417686,1745685,et,Ugljes
134417763,1745686,et,Ugljan
134417840,1745687,et,Ugarci
134417917,1745688,et,Udovicic
134417994,1745689,et,Udovicici
134418225,1745692,et,Udbina
134418302,1745693,et,Ubli
134418379,1745694,et,Tvrgavica
134418456,1745695,et,Tuzno
134418610,1745697,et,Tuskani
134418687,1745698,et,Tusilovic
134418764,1745699,et,Turopolje
134418841,1745700,et,Turnisce
134418918,1745701,et,Turnasica
134418995,1745702,et,Turkovici Ogulinski
134419072,1745703,et,Turkovcina
134419226,1745705,et,Turjaci
134419303,1745706,et,Turcisce
134419457,1745708,et,Turanovac
134419534,1745709,et,Turanj
134419842,1745713,et,Tulisevica
134420073,1745716,et,Tuk
134420150,1745717,et,Tuhovec
134420227,1745718,et,Tuhelj
134420304,1745719,et,Tugonica
134420381,1745720,et,Tugare
134420458,1745721,et,Tucepi
134420689,1745724,et,Trviz
134420766,1745725,et,Trsteno
134420843,1745726,et,Trstenik Puscanski
134420920,1745727,et,Trstenik Nartski
134421074,1745729,et,Trstenik
134421151,1745730,et,Trsce
134421305,1745732,et,Trpinja
134421382,1745733,et,Trpanj
134421459,1745734,et,Trosmarija
134421536,1745735,et,Trolokve
134421613,1745736,et,Trojeglava
134421690,1745737,et,Trojeglava
134421767,1745738,et,Trogir
134421844,1745739,et,Trnoviticki Popovac
134421998,1745741,et,Trnovec Bartolovecki
134422075,1745742,et,Trnovec
134422152,1745743,et,Trnovac
134422229,1745744,et,Trnovac
134422383,1745746,et,Trnjani
134422460,1745747,et,Trnbusi
134422691,1745750,et,Trnava
134422768,1745751,et,Trnakovac
134422845,1745752,et,Trn
134422922,1745753,et,Trilj
134422999,1745754,et,Tribunj
134423153,1745756,et,Tribanj
134423230,1745757,et,Triban
134423307,1745758,et,Tribalj
134423384,1745759,et,Trgovisce
134423461,1745760,et,Trgetari
134423615,1745762,et,Trg
134423692,1745763,et,Trestanovci
134423846,1745765,et,Trenkovo
134424000,1745767,et,Trema
134424077,1745768,et,Trebovec
134424231,1745770,et,Trbounje
134424308,1745771,et,Trapari
134424462,1745773,et,Tovarnik
134424539,1745774,et,Tounj
134424616,1745775,et,Totovec
134424693,1745776,et,Torjanci
134424770,1745777,et,Tordinci
134424847,1745778,et,Torcec
134424924,1745779,et,Toranj Požeski
134425001,1745780,et,Toranj
134425078,1745781,et,Topusko
134425232,1745783,et,Topolovec Pisarovinski
134425309,1745784,et,Topolovac Vrbovecki
134425386,1745785,et,Topolovac
134425463,1745786,et,Topolo
134425540,1745787,et,Topolje
134425617,1745788,et,Topolje
134425771,1745790,et,Tompojevci
134425848,1745791,et,Tomislavovac
134425925,1745792,et,Tominovac
134426156,1745795,et,Tomasnica
134426233,1745796,et,Tomasici
134426310,1745797,et,Tomasica
134426387,1745798,et,Tomasevec Bisacki
134426541,1745800,et,Tomasanci
134426618,1745801,et,Tomas
134426926,1745805,et,Tkon
134427003,1745806,et,Korenica
134427157,1745808,et,Tisovac
134427234,1745809,et,Tisina Kaptolska
134427311,1745810,et,Tisina Erdedska
134427388,1745811,et,Tinjan
134427465,1745812,et,Tinj
134427542,1745813,et,Timarci
134427696,1745815,et,Tisno
134427850,1745817,et,Tiborjanci
134427927,1745818,et,Terezino Polje
134428004,1745819,et,Tepljuh
134428158,1745821,et,Tenja
134428235,1745822,et,Tekic
134428312,1745823,et,Tedrovec
134428389,1745824,et,Tarno
134428466,1745825,et,Tar
134428620,1745827,et,Taboriste
134428774,1745829,et,Svirce
134428851,1745830,et,Svinjarevci
134429005,1745832,et,Svinisce
134429159,1745834,et,Svilaj
134429236,1745835,et,Svica
134429313,1745836,et,Svibovec Podravski
134429390,1745837,et,Svibovec
134429467,1745838,et,Svib
134429544,1745839,et,Svetvincenat
134429621,1745840,et,Svetoblazje
134429775,1745842,et,Sveti Vid-Miholjice
134429852,1745843,et,Sveti Urban
134429929,1745844,et,Sveti Rok
134430006,1745845,et,Sveti Petar u Sumi
134430083,1745846,et,Sveti Petar Ludbreski
134430237,1745848,et,Sveti Petar
134430468,1745851,et,Sveti Matej
134430545,1745852,et,Sveti Martin na Muri
134430622,1745853,et,Sveti Martin
134430699,1745854,et,Sveti Martin
134430853,1745856,et,Sveti Kriz
134430930,1745857,et,Sveti Kriz
134431084,1745859,et,Sveti Juraj u Trnju
134431161,1745860,et,Sveti Jakov
134431238,1745861,et,Sveti Ivan
134431315,1745862,et,Sveti Ilija
134431392,1745863,et,Sveti Durd
134431469,1745864,et,Sveti Durad
134431623,1745866,et,Sveti Donat
134431777,1745868,et,Sv. Ana vs Slov. Goricah
134432008,1745871,et,Sveta Nedelja
134432085,1745872,et,Sveta Nedjelja
134432162,1745873,et,Sveta Marija
134432316,1745875,et,Sveta Ana
134432393,1745876,et,Svajcarnica
134432470,1745877,et,Suzan
134432547,1745878,et,Suza
134432778,1745881,et,Sutomiscica
134432855,1745882,et,Sutivan
134432932,1745883,et,Sustjepan
134433009,1745884,et,Susnjevica
134433086,1745885,et,Susnjevci
134433163,1745886,et,Susnjari
134433240,1745887,et,Susine
134433548,1745891,et,Susak
134433625,1745892,et,Susa
134433702,1745893,et,Supetarska Draga
134433779,1745894,et,Supetar
134433856,1745895,et,Sunja
134433933,1745896,et,Sunger
134434010,1745897,et,Sumetlica Černicka
134434087,1745898,et,Sumet
134434241,1745900,et,Sumece
134434318,1745901,et,Sumecani
134434395,1745902,et,Sumber
134434472,1745903,et,Sumartin
134434549,1745904,et,Sumarina
134434626,1745905,et,Sumanovci
134434703,1745906,et,Sulkovci
134434780,1745907,et,Sukosan
134434857,1745908,et,Suhovare
134434934,1745909,et,Suhopolje
134435011,1745910,et,Suha Mlaka
134435088,1745911,et,Suhaja
134435165,1745912,et,Sudurad
134435242,1745913,et,Sudovec
134435319,1745914,et,Sucuraj
134435396,1745915,et,Subotica Podravska
134435473,1745916,et,Stupno
134435550,1745917,et,Stuparje
134435704,1745919,et,Studenci
134435781,1745920,et,Studena
134435858,1745921,et,Stubalj
134435935,1745922,et,Struzec
134436012,1745923,et,Struzani
134436089,1745924,et,Strukovec
134436166,1745925,et,Struga
134436243,1745926,et,Struga Banska
134436320,1745927,et,Strucljevo
134436397,1745928,et,Strped
134436474,1745929,et,Strozanac - Donji
134436551,1745930,et,Strosinci
134436628,1745931,et,Strmica
134436705,1745932,et,Strmen
134436782,1745933,et,Strmec Stubicki
134436859,1745934,et,Strmec Podravski
134436936,1745935,et,Strmec Bukevski
134437013,1745936,et,Strmec
134437090,1745937,et,Strmec
134437167,1745938,et,Strmac
134437244,1745939,et,Strizivojna
134437398,1745941,et,Strigova
134437475,1745942,et,Strezoj
134437552,1745943,et,Strelecko
134437629,1745944,et,Strelec
134437706,1745945,et,Strazeman
134437860,1745947,et,Stravca
134437937,1745948,et,Strasnik
134438091,1745950,et,Strahoninec
134438168,1745951,et,Ston
134438245,1745952,et,Stomorska
134438399,1745954,et,Stojdraga
134438630,1745957,et,Stobrec
134438707,1745958,et,Stivica
134438861,1745960,et,Stitar
134438938,1745961,et,Stipanovci
134439015,1745962,et,Stipan
134439246,1745965,et,Stinica
134439477,1745968,et,Stikada
134439554,1745969,et,Sterna
134439631,1745970,et,Stefanje
134439708,1745971,et,Stefanec
134439785,1745972,et,Stefanec
134439862,1745973,et,Stedrica
134439939,1745974,et,Staznjevec
134440016,1745975,et,Staza
134440093,1745976,et,Staro Topolje
134440170,1745977,et,Staro Stefanje
134440247,1745978,et,Staro Selo Topusko
134440324,1745979,et,Staro Selo
134440401,1745980,et,Staro Petrovo Selo
134440478,1745981,et,Staro Cice
134440555,1745982,et,Starjak
134440709,1745984,et,Stari Slatinik
134440786,1745985,et,Stari Perkovci
134440940,1745987,et,Stari Pavljani
134441017,1745988,et,Starin
134441094,1745989,et,Stari Mikanovci
134441248,1745991,et,Stari Laz
134441325,1745992,et,Stari Laminac
134441402,1745993,et,Stari Jankovci
134441479,1745994,et,Stari Gradac
134441633,1745996,et,Starigrad
134441710,1745997,et,Stari Grad
134441787,1745998,et,Stari Grabovac
134441864,1745999,et,Stari Golubovec
134441941,1746000,et,Stari Glog
134442018,1746001,et,Stari Farkasic
134442095,1746002,et,Budakovac
134442172,1746003,et,Stari Brod
134442249,1746004,et,Stari Bosnjani
134442326,1746005,et,Stare Plavnice
134442403,1746006,et,Starcevljani
134442480,1746007,et,Stara Susica
134442557,1746008,et,Stara Subocka
134442634,1746009,et,Stara Raca
134442711,1746010,et,Stara Ploscica
134442788,1746011,et,Stara Novalja
134442865,1746012,et,Stara Marca
134443096,1746015,et,Stara Kapela
134443250,1746017,et,Stara Josava
134443327,1746018,et,Stara Gradiska
134443404,1746019,et,Gradina
134443481,1746020,et,Stara Diklenica
134443558,1746021,et,Stara Brezovica
134443635,1746022,et,Stara Baska
134443712,1746023,et,Stankovo
134443789,1746024,et,Stankovci
134444097,1746028,et,Stancic
134444251,1746030,et,Stakorovec
134444328,1746031,et,Stajnica
134444713,1746036,et,Moravice
134444790,1746037,et,Nova Kapela
134444867,1746038,et,Srinjine
134444944,1746039,et,Srima
134445021,1746040,et,Srijemske Laze
134445098,1746041,et,Srijem
134445175,1746042,et,Sreser
134445252,1746043,et,Srijedska
134445406,1746045,et,Srednji Mosti
134445560,1746047,et,Srednji Dubovec
134445714,1746049,et,Srednje Selo na Solti
134445791,1746050,et,Srednje Selo
134445868,1746051,et,Srednja Velika
134445945,1746052,et,Srednja Meminska
134446022,1746053,et,Srednja Diklenica
134446099,1746054,et,Sir ed Danniye
134446176,1746055,et,Srebreno
134446484,1746059,et,Strachinci
134446638,1746061,et,Splitska
134446715,1746062,et,Špyli
134446792,1746063,et,Spisic Bukovica
134446869,1746064,et,Spiranec
134446946,1746065,et,Sparagovici
134447100,1746067,et,Spanat
134447177,1746068,et,Sovski Dol
134447254,1746069,et,Sobra
134447331,1746070,et,Sovinjak
134447408,1746071,et,Sovari
134447485,1746072,et,Sotin
134447562,1746073,et,Sosici
134447639,1746074,et,Sosice
134447716,1746075,et,Sorici
134447793,1746076,et,Sopot
134447947,1746078,et,Sopje
134448178,1746081,et,Sop Bukevski
134448255,1746082,et,Sonkovic
134448332,1746083,et,Soljani
134448486,1746085,et,Soline
134448563,1746086,et,Soline
134448640,1746087,et,Solin
134448717,1746088,et,Sokolovac Daruvarski
134448794,1746089,et,Sokolovac
134449102,1746093,et,Sodolovci
134449256,1746095,et,Soboli
134449333,1746096,et,Sobocani
134449564,1746099,et,Smrtic
134449641,1746100,et,Smrika
134449718,1746101,et,Smrecje
134449795,1746102,et,Smrdelje
134449872,1746103,et,Smolonje
134449949,1746104,et,Smoljanci
134450026,1746105,et,Smokvica
134450257,1746108,et,Smiljan
134450334,1746109,et,Smilcic
134450488,1746111,et,Slunj
134450642,1746113,et,Slokovec
134450796,1746115,et,Slobodyshche
134450873,1746116,et,Slobodna Vlast
134451027,1746118,et,Sljivosevci
134451181,1746120,et,Slivno
134451258,1746121,et,Slivnica
134451335,1746122,et,Sim
134451412,1746123,et,Slavsko Polje
134451489,1746124,et,Slavonski Kobas
134451566,1746125,et,Slavonski Brod
134451643,1746126,et,Slavonske Bare
134451720,1746127,et,Požega
134451874,1746129,et,Slavetic
134452105,1746132,et,Slatinik Drenjski
134452182,1746133,et,As Sulayf
134452259,1746134,et,Slatina Ravenska
134452336,1746135,et,Slapno
134452490,1746137,et,Slano
134452567,1746138,et,Slanje
134452644,1746139,et,Slani Potok
134452721,1746140,et,Slani Dol
134452875,1746142,et,Slana
134452952,1746143,et,Slakovec
134453029,1746144,et,Slakovci
134453106,1746145,et,Sladojevci
134453260,1746147,et,Skuljari
134453337,1746148,et,Skrljevo
134453414,1746149,et,Skrip
134453491,1746150,et,Skriljevec
134453568,1746151,et,Skrbcici
134453722,1746153,et,Skradnik
134453799,1746154,et,Skradin
134453876,1746155,et,Skrad
134454107,1746158,et,Skopljak
134454261,1746160,et,Skenderovci
134454338,1746161,et,Skaricevo
134454415,1746162,et,Skalnica
134454492,1746163,et,Skakavac
134454569,1746164,et,Skabrnje
134454646,1746165,et,Sjenicak Lasinjski
134454723,1746166,et,Sivica
134454800,1746167,et,Siveric
134454877,1746168,et,Sitno Donje
134454954,1746169,et,Donje Sitno
134455031,1746170,et,Sisljavic
134455108,1746171,et,Siskovci
134455185,1746172,et,Sisinec
134455262,1746173,et,Siscani
134455339,1746174,et,Sisan
134455416,1746175,et,Sisak
134455493,1746176,et,Sirova Katalena
134455647,1746178,et,Siroko Polje
134455724,1746179,et,Siroke
134455801,1746180,et,Siroka Kula
134455878,1746181,et,Siritovci
134455955,1746182,et,Sirinec
134456109,1746184,et,Sirac
134456186,1746185,et,Sipanska Luka
134456263,1746186,et,Sinozici
134456340,1746187,et,Sinj
134456417,1746188,et,Sinac
134456494,1746189,et,Simuni
134456725,1746192,et,Simljanica
134456802,1746193,et,Simljana
134456956,1746195,et,Silo
134457033,1746196,et,Siljakovina
134457110,1746197,et,Silba
134457187,1746198,et,Silas
134457264,1746199,et,Sikovo
134457341,1746200,et,Sikirevci
134457418,1746201,et,Sigetec Ludbreski
134457495,1746202,et,Sigetec
134457572,1746203,et,Sigetac Novovski
134457649,1746204,et,Banovci
134457726,1746205,et,Sicice
134457803,1746206,et,Sice
134457880,1746207,et,Sica
134458034,1746209,et,Sibovac
134458188,1746211,et,Sibinj
134458419,1746214,et,Šibenik
134458496,1746215,et,Sevid
134458573,1746216,et,Severin na Kupi
134458650,1746217,et,Severin
134458727,1746218,et,Setus
134458804,1746219,et,Sesvete
134458881,1746220,et,Sesvete
134459112,1746223,et,Sestanovac
134459189,1746224,et,Sestak Brdo
134459420,1746227,et,Seovica
134459497,1746228,et,Seona
134459574,1746229,et,Seoce
134459728,1746231,et,Seoca
134459805,1746232,et,Senkovec
134459882,1746233,et,Novi Senkovac
134460113,1746236,et,Senj
134460190,1746237,et,Semovec
134460267,1746238,et,Semovci
134460344,1746239,et,Semic
134460421,1746240,et,Semeljci
134460498,1746241,et,Selsko Brdo
134460575,1746242,et,Salovec
134460652,1746243,et,Selno
134460729,1746244,et,Selnik Marusevecki
134460806,1746245,et,Selnik
134460883,1746246,et,Selnica Scitarjevska
134460960,1746247,et,Selnica Podravska
134461037,1746248,et,Selnica Miholecka
134461114,1746249,et,Selnica
134461191,1746250,et,Selnica
134461268,1746251,et,Selna
134461499,1746254,et,Seline
134461576,1746255,et,Selina
134461730,1746257,et,Selci Dakovacki
134461807,1746258,et,Selce
134462038,1746261,et,Selca
134462115,1746262,et,Sela
134462423,1746266,et,Seketin
134462577,1746268,et,Seget
134462731,1746270,et,Sedramic
134462808,1746271,et,Sedlarica
134462962,1746273,et,Scitarjevo
134463039,1746274,et,Scepanje
134463116,1746275,et,Scapovec
134463270,1746277,et,Savudrija
134463501,1746280,et,Satornja
134463655,1746282,et,Satnica Dakovacka
134463732,1746283,et,Satnica
134463809,1746284,et,Sasovac
134463886,1746285,et,Sasinovec
134463963,1746286,et,Sasa
134464040,1746287,et,Sas
134464117,1746288,et,Sarvaš
134464194,1746289,et,Sartovac
134464271,1746290,et,Sarengrad
134464348,1746291,et,Saptinovci
134464425,1746292,et,Sapna
134464502,1746293,et,Sapjane
134464579,1746294,et,Sapci
134464656,1746295,et,Santalezi
134464733,1746296,et,Sandrovac
134464810,1746297,et,Sandorovec
134464887,1746298,et,Samoborec
134464964,1746299,et,Samobor
134465041,1746300,et,Samci
134465118,1746301,et,Samatovci
134465195,1746302,et,Samarica
134465272,1746303,et,Slavonski Samac
134465349,1746304,et,Salnik
134465426,1746305,et,Salinovec
134465503,1746306,et,Sali
134465657,1746308,et,Sajini
134465734,1746309,et,Sagudovec
134465811,1746310,et,Sag
134465965,1746312,et,Saborsko
134466042,1746313,et,Ruzici
134466119,1746314,et,Ruzici
134466196,1746315,et,Ruzic
134466273,1746316,et,Ruskovica
134466350,1746317,et,Ruskovac
134466504,1746319,et,Rusevac
134466581,1746320,et,Ruscica
134466658,1746321,et,Rusani
134466735,1746322,et,Darupey
134466812,1746323,et,Rupa
134466889,1746324,et,Runovic
134466966,1746325,et,Rumin
134467043,1746326,et,Rukavac
134467120,1746327,et,Rukavac
134467274,1746329,et,Rujevac
134467351,1746330,et,Rgavica
134467505,1746332,et,Rudopolje
134467582,1746333,et,Rudina
134467736,1746335,et,Ebaviisakas
134467813,1746336,et,Rudani
134467890,1746337,et,Ruca
134468044,1746339,et,Rtina
134468198,1746341,et,Rozenica
134468275,1746342,et,Rozdanik
134468352,1746343,et,Rozat
134468506,1746345,et,Rovisce
134468583,1746346,et,Rovinjsko Selo
134468660,1746347,et,Rovinj
134468737,1746348,et,Rokovci
134468968,1746351,et,Rogoznica
134469045,1746352,et,Rogoza
134469122,1746353,et,Rogovac
134469199,1746354,et,Rogotin
134469276,1746355,et,Rogac
134469353,1746356,et,Rodaljice
134469430,1746357,et,Roc
134469661,1746360,et,Risika
134469815,1746362,et,Rijeka
134469892,1746363,et,Rigane
134469969,1746364,et,Ricice
134470046,1746365,et,Ricice
134470200,1746367,et,Ribnjacka
134470277,1746368,et,Ribnik
134470354,1746369,et,Ribnica
134470431,1746370,et,Ribari
134470508,1746371,et,Rezanci
134470585,1746372,et,Retkovci
134470739,1746374,et,Restovo
134470816,1746375,et,Resnik
134470893,1746376,et,Resetari
134470970,1746377,et,Repusnica
134471278,1746381,et,Remetinec
134471432,1746383,et,Reka
134471509,1746384,et,Recica Kriska
134471586,1746385,et,Recica
134471663,1746386,et,Rebrovici
134471740,1746387,et,Rebici
134471817,1746388,et,Razvoge
134472125,1746392,et,Razbojiste
134472202,1746393,et,Razan
134472356,1746395,et,Ravnice
134472510,1746397,et,Ravni
134472587,1746398,et,Ravnes
134472664,1746399,et,Ravna Gora
134472741,1746400,et,Ravan
134472818,1746401,et,Rava
134472895,1746402,et,Ratkovica
134472972,1746403,et,Ratkovec Zlatarski
134473203,1746406,et,Rastusje
134473434,1746409,et,Rastovac
134473511,1746410,et,Rastevic
134473665,1746412,et,Rasopasno
134473742,1746413,et,Raslina
134473819,1746414,et,Rasinja
134473896,1746415,et,Rascani
134473973,1746416,et,Rasa
134474050,1746417,et,Rapavel
134474127,1746418,et,Ramljani
134474204,1746419,et,Ramljane
134474281,1746420,et,Ramljane
134474358,1746421,et,Ramanovci
134474435,1746422,et,Rakov Potok
134474512,1746423,et,Rakovica
134474589,1746424,et,Rakovec
134474666,1746425,et,Rakotule
134474743,1746426,et,Rakitovica
134474820,1746427,et,Rakitovec
134474897,1746428,et,Rakitnica
134474974,1746429,et,Rakitje
134475051,1746430,et,Rakalj
134475282,1746433,et,Rajic Gudovacki
134475359,1746434,et,Rajevo Selo
134475513,1746436,et,Radunic
134475590,1746437,et,Raducic
134475744,1746439,et,Radovin
134475898,1746441,et,Radovanci
134475975,1746442,et,Radosinovac
134476052,1746443,et,Radosic
134476206,1746445,et,Radosavci
134476360,1746447,et,Radonic
134476437,1746448,et,Radoisce
134476514,1746449,et,Radoboj
134476591,1746450,et,Radmani
134476668,1746451,et,Radljevac
134476745,1746452,et,Radini
134476822,1746453,et,Radikovci
134476899,1746454,et,Radetici
134476976,1746455,et,Radeljevo Selo
134477053,1746456,et,Radakovo
134477207,1746458,et,Racisce
134477284,1746459,et,Racinovci
134477438,1746461,et,GJa Bac
134477515,1746462,et,Rab
134477669,1746464,et,Putnikovic
134477746,1746465,et,Putkovec
134477900,1746467,et,Puticanje
134477977,1746468,et,Pustodol
134478054,1746469,et,Pustakovec
134478131,1746470,et,Puska
134478285,1746472,et,Puscine
134478362,1746473,et,Pupnat
134478439,1746474,et,Pupelica
134478516,1746475,et,Puntera
134478593,1746476,et,Punta Kriza
134478670,1746477,et,Punitovci
134478747,1746478,et,Punat
134478824,1746479,et,Puljane
134478901,1746480,et,Pula
134478978,1746481,et,Puklica
134479055,1746482,et,Puhovo
134479132,1746483,et,Pucisca
134479209,1746484,et,Prvic Sepurine
134479286,1746485,et,Prvic Luka
134479363,1746486,et,Prvca
134479440,1746487,et,Prvan Selo
134479517,1746488,et,Prugovac
134479594,1746489,et,Prsurici
134479748,1746491,et,Provic
134479825,1746492,et,Prosenik
134479902,1746493,et,Promajna
134479979,1746494,et,Prokike
134480056,1746495,et,Prodani
134480133,1746496,et,Prnjavor Slavonski
134480210,1746497,et,Prnjavor Cunticki
134480364,1746499,et,Prnjarovac
134480441,1746500,et,Prkovci
134480595,1746502,et,Prkos
134480826,1746505,et,Privlaka
134480903,1746506,et,Privlaka
134480980,1746507,et,Pristeg
134481057,1746508,et,Prislin
134481211,1746510,et,Primosten
134481288,1746511,et,Primorski Dolac
134481442,1746513,et,Prilesje
134481519,1746514,et,Priles
134481596,1746515,et,Prikraj Krizevacki
134481673,1746516,et,Prikraj
134481750,1746517,et,Prijevor
134481827,1746518,et,Prijeka
134482058,1746521,et,Prigorje Brdovecko
134482135,1746522,et,Prigorje
134482212,1746523,et,Prigorec
134482289,1746524,et,Pridvorje
134482366,1746525,et,Pridraga
134482443,1746526,et,Pricac
134482520,1746527,et,Pribude
134482597,1746528,et,Pribislavec
134482674,1746529,et,Pribisevci
134482751,1746530,et,Pribic
134482828,1746531,et,Pribanjci
134482905,1746532,et,Prhovec
134482982,1746533,et,Prhoc
134483059,1746534,et,Prhati
134483136,1746535,et,Prgomet
134483213,1746536,et,Prgomelje
134483290,1746537,et,Prezid
134483367,1746538,et,Prevrsac
134483444,1746539,et,Prevlaka
134483521,1746540,et,Previz
134483598,1746541,et,Pretkovec
134483675,1746542,et,Prespa
134483752,1746543,et,Preslatinci
134483829,1746544,et,Preseka Oborovska
134483906,1746545,et,Preseka
134483983,1746546,et,Preseka
134484060,1746547,et,Prerovec
134484137,1746548,et,Prepustovec
134484214,1746549,et,Premuda
134484291,1746550,et,Premantura
134484368,1746551,et,Preloscica
134484445,1746552,et,Prelog
134484676,1746555,et,Pregrada
134484830,1746557,et,Predavec Krizevacki
134484907,1746558,et,Predavec
134484984,1746559,et,Predavac
134485061,1746560,et,Precno
134485138,1746561,et,Precec
134485215,1746562,et,Prebukovje
134485292,1746563,et,Praznice
134485369,1746564,et,Pravutina
134485446,1746565,et,Prascevac
134485600,1746567,et,Praputnjak
134485677,1746568,et,Praporcan
134485831,1746570,et,Prapatnica
134485908,1746571,et,Novo Pracno
134485985,1746572,et,Poznanovec
134486139,1746574,et,Povljana
134486216,1746575,et,Povlja
134486293,1746576,et,Povile
134486370,1746577,et,Povelic
134486447,1746578,et,Potomje
134486524,1746579,et,Potok Tounjski
134486601,1746580,et,Potok
134486678,1746581,et,Potocec
134486755,1746582,et,Potocani
134486832,1746583,et,Potnjani
134486909,1746584,et,Postira
134486986,1746585,et,Posedarje
134487140,1746587,et,Porec
134487217,1746588,et,Poreč
134487294,1746589,et,Porat
134487448,1746591,et,Popovic Brdo
134487525,1746592,et,Popovici
134487602,1746593,et,Popovec
134487910,1746597,et,Popovaca
134487987,1746598,et,Popovac
134488141,1746600,et,Ponikve
134488218,1746601,et,Ponikvari
134488295,1746602,et,Pomer
134488372,1746603,et,Polonje Tomasevecko
134488526,1746605,et,Poljica
134488603,1746606,et,Poljica
134488680,1746607,et,Poljica
134488757,1746608,et,Polje
134488834,1746609,et,Poljanski Lug
134488911,1746610,et,Poljanska
134488988,1746611,et,Poljanica Bistricka
134489065,1746612,et,Poljanica Bistranska
134489142,1746613,et,Poljanec
134489219,1746614,et,Poljane
134489296,1746615,et,Poljane
134489373,1746616,et,Poljanci
134489450,1746617,et,Poljana Vrbovecka
134489527,1746618,et,Poljana
134489604,1746619,et,Poljana Lekenicka
134489681,1746620,et,Poljanak
134489758,1746621,et,Poljana Biskupecka
134489835,1746622,et,Poljana
134489912,1746623,et,Policnik
134489989,1746624,et,Police Pirisce
134490066,1746625,et,Polace
134490143,1746626,et,Polaca
134490220,1746627,et,Pokupsko
134490297,1746628,et,Pokrovnik
134490374,1746629,et,Pokasin
134490451,1746630,et,Pojatno
134490528,1746631,et,Poganovci
134490605,1746632,et,Pogancec
134490682,1746633,et,Podvrsko
134490759,1746634,et,Podvozic
134490836,1746635,et,Podvornica
134490913,1746636,et,Podvorec
134490990,1746637,et,Podvinje
134491221,1746640,et,Podumci
134491298,1746641,et,Podturen
134491452,1746643,et,Podstrazje
134491683,1746646,et,Podrute
134491760,1746647,et,Podravske Sesvete
134491837,1746648,et,Slatina
134491914,1746649,et,Podravlje
134491991,1746650,et,Potpican
134492068,1746651,et,Podosoje
134492145,1746652,et,Podolje
134492376,1746655,et,Podluzan
134492453,1746656,et,Podlug
134492684,1746659,et,Podkilavac
134492761,1746660,et,Podjales
134492838,1746661,et,Podhum
134492915,1746662,et,Podgrage
134492992,1746663,et,Podgrage
134493146,1746665,et,Podgorje
134493300,1746667,et,Podgorje Požesko
134493531,1746670,et,Podgorci
134493685,1746672,et,Podgorac
134493762,1746673,et,Podgora
134493839,1746674,et,Podgajec
134493916,1746675,et,Posavski Podgajci
134493993,1746676,et,Podgajci Podravski
134494070,1746677,et,Podgace
134494147,1746678,et,Podevcevo
134494224,1746679,et,Podcrkavlje
134494378,1746681,et,Podbrezje
134494455,1746682,et,Podbrest
134494532,1746683,et,Podbrge
134494686,1746685,et,Podaca
134494840,1746687,et,Pobjenik
134494994,1746689,et,Plotinnoje
134495148,1746691,et,Plomin
134495225,1746692,et,Plocice
134495379,1746694,et,Ploce
134495533,1746696,et,Jezerce
134495610,1746697,et,Pleternica
134495764,1746699,et,Plesmo
134495841,1746700,et,Pleskovec
134495918,1746701,et,Plesivica
134495995,1746702,et,Plesce
134496072,1746703,et,Ples
134496226,1746705,et,Plavsinac
134496303,1746706,et,Plavno
134496457,1746708,et,Plavic
134496534,1746709,et,Plat
134496611,1746710,et,Plastovo
134496688,1746711,et,Plaski
134496842,1746713,et,Gornje Planjane
134496919,1746714,et,Planina Gornja
134497073,1746716,et,Pjescanica
134497227,1746718,et,Pitve
134497381,1746720,et,Pitomaca
134497458,1746721,et,Piskorevci
134497612,1746723,et,Pisarovina
134497689,1746724,et,Pisak
134497766,1746725,et,Pirovac
134497843,1746726,et,Piramatovci
134497920,1746727,et,Pirakovec Vrbovecki
134498074,1746729,et,Piljenice
134498228,1746731,et,Pijavicino
134498459,1746734,et,Pican
134498536,1746735,et,Petrusevec
134498613,1746736,et,Petrovsko
134498690,1746737,et,Petrovina Turopoljska
134498767,1746738,et,Petrovina
134498844,1746739,et,Petrovija
134498921,1746740,et,Petrovec
134498998,1746741,et,Petrovcy
134499075,1746742,et,Petrova Slatina
134499229,1746744,et,Petrinjci
134499306,1746745,et,Petrinja
134499383,1746746,et,Petrijevci
134499460,1746747,et,Petrijanec
134499614,1746749,et,Petraca
134499691,1746750,et,Petlovac
134499845,1746752,et,Petina
134499922,1746753,et,Peteranec
134499999,1746754,et,Petehi
134500076,1746755,et,Peskovec
134500153,1746756,et,Pesceno
134500230,1746757,et,Pescenik
134500307,1746758,et,Pescenica
134500384,1746759,et,Peruski
134500461,1746760,et,Perusic Benkovacki
134500538,1746761,et,Perusic
134500615,1746762,et,Persaves
134500692,1746763,et,Peroj
134500846,1746765,et,Perna
134500923,1746766,et,Permani
134501077,1746768,et,Perkovic
134501231,1746770,et,Pepelana
134501308,1746771,et,Peklenica
134501462,1746773,et,Pecki
134501616,1746775,et,Pece
134501693,1746776,et,Pcelic
134501770,1746777,et,Pazin
134501847,1746778,et,Paz
134501924,1746779,et,Pavucnjak
134502001,1746780,et,Pavlovec Gradecki
134502078,1746781,et,Pavlović Požeski
134502155,1746782,et,Pavlin Klostar
134502232,1746783,et,Pavlicani
134502463,1746786,et,Pausinci
134502617,1746788,et,Paukovec
134502848,1746791,et,Patkovac
134502925,1746792,et,Pasman
134503002,1746793,et,Pasjak
134503156,1746795,et,Paruževec
134503233,1746796,et,Dreznica
134503387,1746798,et,Papici
134503464,1746799,et,Panjani
134503541,1746800,et,Palovec
134503618,1746801,et,Paljuv
134503772,1746803,et,Paljevine
134503849,1746804,et,Paljevina
134503926,1746805,et,Palinovec
134504003,1746806,et,Palesnik
134504234,1746809,et,Palanjek
134504311,1746810,et,Palancani
134504388,1746811,et,Palaca
134504465,1746812,et,Pakrani
134504542,1746813,et,Pakrac
134504619,1746814,et,Pakovo Selo
134504696,1746815,et,Pakostane
134504773,1746816,et,Paklenica
134504927,1746818,et,Pagubice
134505004,1746819,et,Pag
134505081,1746820,et,Pagene
134505158,1746821,et,Pacetin
134505389,1746824,et,Ozalj
134505466,1746825,et,Ovrlje
134505620,1746827,et,Otrusevec
134505697,1746828,et,Otrovanec
134505774,1746829,et,Oton
134505851,1746830,et,Otok Ostarijski
134505928,1746831,et,Otok na Dobri
134506005,1746832,et,Otok
134506082,1746833,et,Otok
134506159,1746834,et,Otok
134506236,1746835,et,Otocac
134506313,1746836,et,Ostrozno Ponikvas - osa
134506390,1746837,et,Ostrvica
134506544,1746839,et,Ostrovo
134506621,1746840,et,Ostrovica
134506698,1746841,et,Ostrosinci
134506852,1746843,et,Ostri Zid
134506929,1746844,et,Ostri Vrh
134507006,1746845,et,Ostrice
134507083,1746846,et,Ostarije
134507314,1746849,et,Osojnik
134507391,1746850,et,Osojnik
134507468,1746851,et,Osobjava
134507545,1746852,et,Oslje
134507622,1746853,et,Oskorusno
134507699,1746854,et,Osijek Vojakovacki
134507776,1746855,et,Osijek
134507853,1746856,et,Osekovo
134507930,1746857,et,Orubica
134508007,1746858,et,Orovac
134508084,1746859,et,Oroslavje
134508161,1746860,et,Orolik
134508238,1746861,et,Orlovac
134508315,1746862,et,Orljavac
134508392,1746863,et,Orlic
134508469,1746864,et,Orlec
134508546,1746865,et,Orle
134508623,1746866,et,Oriovcic
134508700,1746867,et,Oriovac
134508777,1746868,et,Orihi
134508931,1746870,et,Oresje
134509008,1746871,et,Oresac
134509085,1746872,et,Orehovica
134509162,1746873,et,Orehovica
134509239,1746874,et,Sveti Petar Orehovec
134509316,1746875,et,Orebic
134509393,1746876,et,Ordanja
134509470,1746877,et,Orbanici
134509547,1746878,et,Orasac
134509624,1746879,et,Orahovica
134509701,1746880,et,Opuzen
134509778,1746881,et,Oprtalj
134509855,1746882,et,Oprisavci
134509932,1746883,et,Oporovec
134510009,1746884,et,Opatovac
134510086,1746885,et,Opatovac
134510163,1746886,et,Opatinec
134510240,1746887,et,Opatija
134510317,1746888,et,Opatija
134510394,1746889,et,Opanci
134510471,1746890,et,Omisalj
134510548,1746891,et,Omis
134510702,1746893,et,Omanovac
134510779,1746894,et,Oljasi
134510856,1746895,et,Olib
134510933,1746896,et,Okunscak
134511010,1746897,et,Okucani
134511087,1746898,et,Okrugljaca
134511164,1746899,et,Okrugli Vrh
134511241,1746900,et,Okrug
134511472,1746903,et,Okoli
134511626,1746905,et,Oklaj
134511703,1746906,et,Okesinec
134511780,1746907,et,Ogulinec
134511857,1746908,et,Ogulin
134511934,1746909,et,Odra Sisacka
134512011,1746910,et,Odra
134512088,1746911,et,Ocestovo
134512165,1746912,et,Obrovnica
134512242,1746913,et,Obrovac Sinjski
134512319,1746914,et,Obrovac
134512396,1746915,et,Obrez Kalnicki
134512473,1746916,et,Obrezina
134512550,1746917,et,Odranski Obrez
134512627,1746918,et,Obrankovec
134512704,1746919,et,Obradovci
134512781,1746920,et,Oborovo
134513012,1746923,et,Obedisce Jezevsko
134513089,1746924,et,Obedisce
134513166,1746925,et,Nustar
134513243,1746926,et,Novska
134513320,1746927,et,Novo Topolje
134513397,1746928,et,Novo Selo Rok
134513474,1746929,et,Novo Selo Podravsko
134513551,1746930,et,Novo Selo na Dravi
134513628,1746931,et,Novo Selo
134513782,1746933,et,Novo Selo Glinsko
134513936,1746935,et,Novo Selo Požesko
134514013,1746936,et,Novo Selo
134514090,1746937,et,Novoseljani
134514167,1746938,et,Novoselec
134514244,1746939,et,Novo Obilicevo
134514321,1746940,et,Novo Mjesto
134514398,1746941,et,Novo Cice
134514552,1746943,et,Novi Vinodolski
134514629,1746944,et,Novi Varos
134514706,1746945,et,Novi Perkovci
134514783,1746946,et,Novi Pavljani
134514860,1746947,et,Novi Mikanovci
134514937,1746948,et,Novi Marof
134515091,1746950,et,Novi Jankovci
134515168,1746951,et,Novigrad Podravski
134515245,1746952,et,Novi Grad
134515322,1746953,et,Novigrad na Dobri
134515399,1746954,et,Novi Gradac
134515476,1746955,et,Novigrad
134515553,1746956,et,Novigrad
134515707,1746958,et,Novi Golubovec
134515784,1746959,et,Novi Farkasic
134515861,1746960,et,Novi Ceminac
134516015,1746962,et,Novi Bosnjani
134516092,1746963,et,Novi Bezdan
134516169,1746964,et,Nova Ves
134516246,1746965,et,Nova Vas
134516323,1746966,et,Nova Vas
134516400,1746967,et,Nova Vas
134516477,1746968,et,Nova Subocka
134516631,1746970,et,Nova Raca
134516708,1746971,et,Nova Ploscica
134516862,1746973,et,Nova Ljeskovica
134516939,1746974,et,Novalja
134517016,1746975,et,Nova Krivaja
134517093,1746976,et,Novakovec
134517170,1746977,et,Novakovec
134517247,1746978,et,Novaki Scitarjevski
134517324,1746979,et,Novaki Ravenski
134517401,1746980,et,Novaki Pazinski
134517478,1746981,et,Novaki Oborovski
134517555,1746982,et,Novaki Marusevecki
134517632,1746983,et,Novaki Bizovacki
134517709,1746984,et,Novaki Bistranski
134517786,1746985,et,Novaki
134517863,1746986,et,Novaki
134517940,1746987,et,Novaki
134518017,1746988,et,Novaki
134518171,1746990,et,Nova Kapela
134518248,1746991,et,Nova Josava
134518325,1746992,et,Nova Gradiska
134518479,1746994,et,Nova Diklenica
134518556,1746995,et,Novacka
134518633,1746996,et,Nova Bukovica
134518787,1746998,et,Noskovci
134518941,1747000,et,Norsic Selo
134519018,1747001,et,Njivice
134519095,1747002,et,Niza
134519172,1747003,et,Nisko
134519249,1747004,et,Ninski Stanovi
134519326,1747005,et,Nijemci
134519403,1747006,et,Nevinac
134519480,1747007,et,Nevigane
134519557,1747008,et,Nevest
134519634,1747009,et,Neteka
134519788,1747011,et,Nespes
134519865,1747012,et,Nerezisce
134519942,1747013,et,Nerezine
134520096,1747015,et,Negovec
134520173,1747016,et,Negoslavci
134520250,1747017,et,Nedescina
134520327,1747018,et,Nedeljanec
134520404,1747019,et,Nedelisce
134520481,1747020,et,Nebojan
134520558,1747021,et,Nebljusi
134520635,1747022,et,Naudovac
134520712,1747023,et,Nasice
134520789,1747024,et,Nart Savski
134520866,1747025,et,Narta
134520943,1747026,et,Nard
134521174,1747029,et,Nadin
134521251,1747030,et,Muzilovcica
134521405,1747032,et,Musulinski Potok
134521482,1747033,et,Mustafina Klada
134521559,1747034,et,Mursko Sredisce
134521636,1747035,et,Muskovci
134521713,1747036,et,Muusika
134521790,1747037,et,Musalez
134521867,1747038,et,Murvica
134522021,1747040,et,Murter
134522098,1747041,et,Muntrilj
134522175,1747042,et,Muntic
134522252,1747043,et,Munjava
134522406,1747045,et,Mundanije
134522637,1747048,et,Mugeba
134522714,1747049,et,Mucici
134522791,1747050,et,Mrzovic
134523330,1747057,et,Mrljane
134523484,1747059,et,Mrkopalj
134523638,1747061,et,Mrcevo
134523792,1747063,et,Mravinjac
134523869,1747064,et,Mravince
134524023,1747066,et,Mratovo
134524100,1747067,et,Mraclin
134524177,1747068,et,Mracin
134524331,1747070,et,Mozgenec
134524408,1747071,et,Movrac
134524485,1747072,et,Novaki Motovunski
134524562,1747073,et,Motovun
134524639,1747074,et,Mostari
134524793,1747076,et,Mostanica
134524870,1747077,et,Podravska Moslavina
134525024,1747079,et,Moslavacka Slatina
134525101,1747080,et,Mosec
134525178,1747081,et,Moscenicka Draga
134525255,1747082,et,Moscenice
134525332,1747083,et,Moscenica
134525409,1747084,et,Moravce
134525486,1747085,et,Momjan
134525563,1747086,et,Molvice
134525640,1747087,et,Molve
134525717,1747088,et,Molunat
134525794,1747089,et,Mokro Polje
134525871,1747090,et,Mokrice Miholecke
134526025,1747092,et,Mokosica
134526102,1747093,et,Mohovo
134526256,1747095,et,Modrusani
134526333,1747096,et,Modrus
134526487,1747098,et,Mocici
134526564,1747099,et,Mlini
134526641,1747100,et,Mlaka Rakovecka
134526718,1747101,et,Mlaka
134526872,1747103,et,Mitrovac
134527026,1747105,et,Mitlo
134527180,1747107,et,Mislina
134527257,1747108,et,Misinci
134527334,1747109,et,Mirlovic Zagora
134527411,1747110,et,Mirkovec
134527488,1747111,et,Mirkovci
134527565,1747112,et,Mirkovac
134527642,1747113,et,Mirce
134527719,1747114,et,Miranje
134527796,1747115,et,Dulovac
134527873,1747116,et,Miocic
134527950,1747117,et,Milotski Breg
134528027,1747118,et,Milohnici
134528104,1747119,et,Milna
134528181,1747120,et,Miljevci
134528258,1747121,et,Miljanovac
134528335,1747122,et,Miljana
134528566,1747125,et,Milicani
134528720,1747127,et,Milasevci
134528874,1747129,et,Milanlug
134529028,1747131,et,Miladini
134529182,1747133,et,Mikulici
134529259,1747134,et,Miklosevcy
134529336,1747135,et,Mikleuska
134529413,1747136,et,Mikleus
134529490,1747137,et,Miklavec
134529567,1747138,et,Mihovljan
134529644,1747139,et,Mihovljan
134529721,1747140,et,Miholjsko
134529798,1747141,et,Miholjanec
134529875,1747142,et,Miholjacki Porec
134529952,1747143,et,Miholec
134530106,1747145,et,Mihaljevci
134530183,1747146,et,Mihaljevci
134530260,1747147,et,Migalovci
134530337,1747148,et,Micevec
134530414,1747149,et,Micetinac
134530568,1747151,et,Metković
134530645,1747152,et,Metajna
134530799,1747154,et,Merhatovec
134530953,1747156,et,Melnice
134531107,1747158,et,Medviga
134531184,1747159,et,Medveja
134531338,1747161,et,Meguric
134531415,1747162,et,Meguraca
134531492,1747163,et,Medulin
134531569,1747164,et,Medsave
134531646,1747165,et,Medovdolac
134531723,1747166,et,Medinci
134531800,1747167,et,Medari
134531954,1747169,et,Medak
134532031,1747170,et,Mecencani
134532108,1747171,et,Mece
134532339,1747174,et,Matulji
134532493,1747176,et,Matohanci
134532724,1747179,et,Materada
134532801,1747180,et,Matenci
134532878,1747181,et,Maslinica
134532955,1747182,et,Maslenica
134533032,1747183,et,Marusici
134533109,1747184,et,Marusevec
134533186,1747185,et,Martinski
134533263,1747186,et,Martinscina
134533340,1747187,et,Martinscica
134533417,1747188,et,Martinic
134533725,1747192,et,Cepinski Martinci
134533802,1747193,et,Martinac Trojstveni
134533879,1747194,et,Martinac
134533956,1747195,et,Martina
134534033,1747196,et,Martin
134534110,1747197,et,Malõi Trostianets
134534187,1747198,et,Marof
134534264,1747199,et,Amakusa
134534341,1747200,et,Markusevec Turopoljski
134534495,1747202,et,Markovaci Trojstveni
134534572,1747203,et,Markovac Nasicki
134534649,1747204,et,Markovac Krizevacki
134534726,1747205,et,Markovac Dubravski
134534803,1747206,et,Markovac
134534880,1747207,et,Markovac
134534957,1747208,et,Markovac
134535034,1747209,et,Marijanci
134535111,1747210,et,Marjancaci
134535188,1747211,et,Marino Selo
134535265,1747212,et,Marinici
134535342,1747213,et,Marinci
134535419,1747214,et,Marinbrod
134535496,1747215,et,Marina
134535650,1747217,et,Marija na Krasu
134535727,1747218,et,Marija Gorica
134535804,1747219,et,Marija Bistrica
134535881,1747220,et,Marici
134535958,1747221,et,Margecan
134536035,1747222,et,Maretic
134536112,1747223,et,Marcelji
134536189,1747224,et,Marcani
134536266,1747225,et,Marcana
134536343,1747226,et,Marcan
134536420,1747227,et,Marasi
134536574,1747229,et,Maovice
134536651,1747230,et,Manja Vas
134536728,1747231,et,Manjadvorci
134536882,1747233,et,Mandre
134536959,1747234,et,Malunje
134537036,1747235,et,Malo Vukovje
134537113,1747236,et,Malo Trojstvo
134537267,1747238,et,Malo Selo
134537344,1747239,et,Malo Korenovo
134537498,1747241,et,Maljkovo
134537575,1747242,et,Mali Zdenci
134537652,1747243,et,Mali Vrh Kamanjski
134537729,1747244,et,Mali Vareski
134537883,1747246,et,Mali Ston
134538037,1747248,et,Mali Rastovac
134538191,1747250,et,Potok
134538268,1747251,et,Mali Potocec
134538422,1747253,et,Mali Poganac
134538576,1747255,et,Mali Pasijan
134538653,1747256,et,Mali Otok
134538730,1747257,et,Malinska
134538884,1747259,et,Mali Mlun
134539115,1747262,et,Mali Lug
134539192,1747263,et,Mali Lovrecan
134539269,1747264,et,Mali Lošinj
134539346,1747265,et,Mali Lipovec
134539423,1747266,et,Mali Komor
134539731,1747270,et,Mali Gradac
134539808,1747271,et,Mali Gorenec
134539885,1747272,et,Mali Erjavec
134539962,1747273,et,Mali Dol
134540039,1747274,et,Mali Bukovec
134540193,1747276,et,Mali Bastaji
134540270,1747277,et,Maletici
134540501,1747280,et,Male Mune
134540886,1747285,et,Mala Trnovitica
134541040,1747287,et,Mala Subotica
134541194,1747289,et,Mala Rakovica
134541348,1747291,et,Mala Pisanica
134541425,1747292,et,Mala Peratovica
134541579,1747294,et,Mala Ostrna
134541656,1747295,et,Mala Mlaka
134541810,1747297,et,Mala Ludina
134541964,1747299,et,Mala Kopanica
134542041,1747300,et,Jakacina Mala
134542118,1747301,et,Mala Hrastilnica
134542272,1747303,et,Mala Gorica
134542349,1747304,et,Mala Erpenja
134542503,1747306,et,Mala Cresnjevica
134542580,1747307,et,Mala Cista
134542657,1747308,et,Mala Buna
134542811,1747310,et,Mala Brajinska
134543042,1747313,et,Maklosevac
134543119,1747314,et,Makarska
134543273,1747316,et,Majur Farkasevacki
134543350,1747317,et,Majurec
134543427,1747318,et,Majske Poljane
134543581,1747320,et,Majkovec
134543735,1747322,et,Majske Mede
134543812,1747323,et,Majerje
134543966,1747325,et,Majar
134544043,1747326,et,Maja
134544120,1747327,et,Mahovo
134544197,1747328,et,Mahicno
134544274,1747329,et,Maglenca
134544351,1747330,et,Magic Mala
134544428,1747331,et,Madzari
134544659,1747334,et,Mackovec
134544813,1747336,et,Mackovac
134544890,1747337,et,Macinec
134544967,1747338,et,Gornji Macelj
134545044,1747339,et,Muskaatõis
134545121,1747340,et,Luzani
134545198,1747341,et,Luzan Biskupecki
134545275,1747342,et,Luzan
134545352,1747343,et,Luscani
134545429,1747344,et,Lupoglav
134545506,1747345,et,Lupoglav
134545583,1747346,et,Lupinjak
134545660,1747347,et,Lunjkovec
134545737,1747348,et,Lun
134545814,1747349,et,Lumbarda
134545968,1747351,et,Lukovo Sugarje
134546045,1747352,et,Lukovo Lovrecko
134546122,1747353,et,Lukovo
134546199,1747354,et,Lukovdol
134546276,1747355,et,Lukovcak
134546353,1747356,et,Lukoran
134546430,1747357,et,Lukinic Brdo
134546507,1747358,et,Lukezi
134546584,1747359,et,Luka Vrbovecka
134546661,1747360,et,Lukavec Sutlanski
134546738,1747361,et,Lukavec Posavski
134546815,1747362,et,Lukavec
134546892,1747363,et,Lukavac
134546969,1747364,et,Luka Ludbreska
134547200,1747367,et,Lukac Požeski
134547277,1747368,et,Lukh
134547354,1747369,et,Luka
134547431,1747370,et,Luka
134547508,1747371,et,Lug Suboticki
134547585,1747372,et,Lug
134547662,1747373,et,Ludvinci
134547816,1747375,et,Ludbreg
134547893,1747376,et,Lucko
134547970,1747377,et,Lucinci
134548047,1747378,et,Lucelnica
134548124,1747379,et,Luc
134548278,1747381,et,Lozovac
134548432,1747383,et,Lozisce
134548509,1747384,et,Lozan
134548663,1747386,et,Lovrečica
134548740,1747387,et,Lovrecan Podbelski
134548817,1747388,et,Lovrecan
134548894,1747389,et,Sveti Lovrec
134548971,1747390,et,Lovrec
134549048,1747391,et,Lovranska Draga
134549125,1747392,et,Lovran
134549202,1747393,et,Lovorno
134549279,1747394,et,Loviste
134549356,1747395,et,Lovinac
134549433,1747396,et,Lovcic
134549587,1747398,et,Lovas
134549741,1747400,et,Lopud
134549818,1747401,et,Lopatinec
134549895,1747402,et,Lopar
134549972,1747403,et,Lonjica
134550049,1747404,et,Lonja
134550126,1747405,et,Londzica
134550203,1747406,et,Loncarica
134550280,1747407,et,Lokvicici
134550357,1747408,et,Lokve
134550434,1747409,et,Lokosin Dol
134550511,1747410,et,Loborika
134550588,1747411,et,Ljupina
134550665,1747412,et,Ljudevit Selo
134550742,1747413,et,Ljubostinje
134550819,1747414,et,Ljubosina
134550973,1747416,et,Ljubitovica
134551050,1747417,et,Ljubescica
134551127,1747418,et,Ljubac
134551204,1747419,et,Ljubac
134551281,1747420,et,Liznjan
134551358,1747421,et,Livade
134551589,1747424,et,Lisicic
134551666,1747425,et,Lisane Tinjske
134551743,1747426,et,Lisane Ostrovicke
134551820,1747427,et,Lisac
134551974,1747429,et,Lipovo Brdo
134552128,1747431,et,Lipovac
134552205,1747432,et,Lipovaca
134552359,1747434,et,Lipovac
134552436,1747435,et,Lipnik
134552513,1747436,et,Lipnica
134552590,1747437,et,Liplje
134552821,1747440,et,Lipik
134552898,1747441,et,Lipice
134552975,1747442,et,Lipa
134553129,1747444,et,Lindar
134553206,1747445,et,Linardici
134553283,1747446,et,Lila
134553437,1747448,et,Lijevo Trebarjevo
134553514,1747449,et,Lijevo Sredicko
134553591,1747450,et,Lijevi Stefanki
134553668,1747451,et,Lijevi Dubrovcak
134553745,1747452,et,Lijevi Degoj
134553822,1747453,et,Martinska Ves
134553899,1747454,et,Lijeva Luka
134554053,1747456,et,Licko Petrovo Selo
134554130,1747457,et,Licko Novo Selo
134554207,1747458,et,Licko Lesce
134554284,1747459,et,Licko Cerje
134554361,1747460,et,Licki Ribnik
134554438,1747461,et,Licki Osik
134554515,1747462,et,Licki Novi
134554669,1747464,et,Licka Jesenica
134554823,1747466,et,Lic
134554900,1747467,et,Levkusje
134554977,1747468,et,Levinovac
134555054,1747469,et,Levanjska Varos
134555131,1747470,et,Letovcan Tomasevecki
134555208,1747471,et,Letovanic
134555285,1747472,et,Letovanci
134555362,1747473,et,Leticani
134555439,1747474,et,Lestakovec
134555516,1747475,et,Leskovec Toplicki
134555593,1747476,et,Leskovac Barilovicki
134555670,1747477,et,Leprovica
134555747,1747478,et,Lepoglava
134555824,1747479,et,Lepenica
134555901,1747480,et,Lepavina
134555978,1747481,et,Lepa Ves
134556055,1747482,et,Lemes Krizevacki
134556132,1747483,et,Lemes
134556209,1747484,et,Lekneno
134556286,1747485,et,Lekenik
134556363,1747486,et,Legrad
134556517,1747488,et,Ledina
134556671,1747490,et,Ledenik
134556748,1747491,et,Ledenice
134556825,1747492,et,Lecevica
134556902,1747493,et,Laz Stubicki
134557287,1747498,et,Laz Bistricki
134557364,1747499,et,Latinovac
134557441,1747500,et,Latin
134557518,1747501,et,Lastovo
134557595,1747502,et,Lasovac
134557672,1747503,et,Laslovo
134557749,1747504,et,Lasinja
134557826,1747505,et,Lapovci
134557903,1747506,et,Lapat
134558057,1747508,et,Lanisce
134558134,1747509,et,Laktec
134558519,1747514,et,Ladvenjak
134558596,1747515,et,Ladrovici
134558673,1747516,et,Ladislav
134558750,1747517,et,Ladislav
134558827,1747518,et,Ladinec
134558904,1747519,et,Ladina
134558981,1747520,et,Ladimirevci
134559135,1747522,et,Lagevci
134559212,1747523,et,Lagevac
134559289,1747524,et,Laganska
134559366,1747525,et,Lacici
134559443,1747526,et,Labinci
134559520,1747527,et,Labin
134559597,1747528,et,Labin
134559674,1747529,et,Kuzminec
134559905,1747532,et,Kutovi
134559982,1747533,et,Kutnjak
134560136,1747535,et,Kutjevo
134560213,1747536,et,Kuti Trnjanski
134560290,1747537,et,Katolicke Caire
134560367,1747538,et,Kutinska Slatina
134560444,1747539,et,Kutinica
134560521,1747540,et,Kutina
134560598,1747541,et,Kuterevo
134560752,1747543,et,Kusonje
134560829,1747544,et,Kusevac
134560983,1747546,et,Kuraneh
134561060,1747547,et,Kupljensko
134561137,1747548,et,Kupljenovo
134561214,1747549,et,Kupinovac
134561291,1747550,et,Kupinec
134561368,1747551,et,Kupina
134561522,1747553,et,Kupari
134561676,1747555,et,Kunovec
134561753,1747556,et,Kunovci
134561907,1747558,et,Kunj
134561984,1747559,et,Kunisinci
134562292,1747563,et,Kuna Peljeska
134562446,1747565,et,Kumrovec
134562523,1747566,et,Kula Norinska
134562600,1747567,et,Kula Atlagic
134562677,1747568,et,Kuekuertlue
134562754,1747569,et,Kukuljanovo
134562831,1747570,et,Kukuljani
134562985,1747572,et,Kuciste
134563139,1747574,et,Kucilovina
134563216,1747575,et,Kucice
134563370,1747577,et,Kucevice
134563447,1747578,et,Khuchireh
134563524,1747579,et,Kucan Marof
134563601,1747580,et,Kucan Ludbreski
134563678,1747581,et,Kucanci Dakovacki
134563755,1747582,et,Kucanci
134563909,1747584,et,Krvavica
134563986,1747585,et,Krusljevo Selo
134564063,1747586,et,Krusljevec
134564140,1747587,et,Krusljevec
134564371,1747590,et,Krusevo
134564448,1747591,et,Krusevo
134564525,1747592,et,Krusevica
134564679,1747594,et,Krupa
134564756,1747595,et,Krunoslavje
134564833,1747596,et,Kruncici
134564910,1747597,et,Krstinja
134565064,1747599,et,Krsinci
134565218,1747601,et,Krsan
134565295,1747602,et,Krnjak
134565372,1747603,et,Krnica
134565603,1747606,et,Krmed
134565757,1747608,et,Krkac
134565834,1747609,et,Krk
134565911,1747610,et,Krizpolje
134565988,1747611,et,Krizovec
134566065,1747612,et,Krizisce
134566142,1747613,et,Krizic
134566219,1747614,et,Kriz Hrastovacki
134566296,1747615,et,Krizevci
134566373,1747616,et,Krizevcec
134566450,1747617,et,Sveti Kriz
134566527,1747618,et,Krizance
134566604,1747619,et,Kriz
134566835,1747622,et,Krivaja
134566989,1747624,et,Krivaj
134567143,1747626,et,Kristanovec
134567220,1747627,et,Krisci
134567297,1747628,et,Kringa
134567528,1747631,et,Kricke
134567605,1747632,et,Krestelovac
134567682,1747633,et,Kresevo
134567759,1747634,et,Krecaves
134567836,1747635,et,Krcenik Moslavacki
134568221,1747640,et,Kravarsko
134568298,1747641,et,Kratecko
134568375,1747642,et,Krasno Polje
134568529,1747644,et,Krasica
134568606,1747645,et,Krasica
134568683,1747646,et,Qasim
134568837,1747648,et,Kras
134568914,1747649,et,Krapje
134568991,1747650,et,Krapinske Toplice
134569068,1747651,et,Krapina
134569145,1747652,et,Krapanj
134569222,1747653,et,Krapan
134569376,1747655,et,Kraljice
134569453,1747656,et,Kraljev Vrh
134569530,1747657,et,Kraljevica
134569607,1747658,et,Kraljevec na Sutli
134569684,1747659,et,Kraljevec Kupinecki
134569761,1747660,et,Kraljevcani
134569838,1747661,et,Kraljevac Križevacki
134569992,1747663,et,Krajska Ves
134570146,1747665,et,Krajacici
134570223,1747666,et,Kraj
134570300,1747667,et,Kraj
134570377,1747668,et,Dicmo Kraj
134570454,1747669,et,Kraguj
134570608,1747671,et,Kozljak
134570685,1747672,et,Kozji Vrh
134570839,1747674,et,Kozawa
134570916,1747675,et,Kozinscak
134570993,1747676,et,Kozino
134571070,1747677,et,Kozice
134571147,1747678,et,Kozibrod
134571224,1747679,et,Kozarice
134571378,1747681,et,Kozarevac Racanski
134571455,1747682,et,Kozarevac
134571532,1747683,et,Kozarac
134571609,1747684,et,Kozarac
134571686,1747685,et,Kovacica Slovinska
134571763,1747686,et,Kovacevac Križevacki
134571840,1747687,et,Kovacevac
134571917,1747688,et,Kotoriba
134571994,1747689,et,Kotlina
134572148,1747691,et,Kosute
134572225,1747692,et,Kostrena
134572456,1747695,et,Kostel
134572533,1747696,et,Kostanjica
134572610,1747697,et,Kostanjevec Rijecki
134572687,1747698,et,Kostanjevec Podvrski
134572764,1747699,et,Kostanjevac
134572841,1747700,et,Kostanjevac
134572918,1747701,et,Kostanj
134572995,1747702,et,Kostanje
134573072,1747703,et,Majur
134573149,1747704,et,Hrvatska Kostajnica
134573226,1747705,et,Koska
134573303,1747706,et,Kosinozici
134573457,1747708,et,Korusce
134573534,1747709,et,Koromacno
134573611,1747710,et,Korog
134573688,1747711,et,Kornic
134573842,1747713,et,Korlat
134573919,1747714,et,Koritna
134573996,1747715,et,Koritinja
134574227,1747718,et,Korita
134574381,1747720,et,Korenicani
134574458,1747721,et,Korelici
134574535,1747722,et,Kordusevci
134574612,1747723,et,Korčula
134574689,1747724,et,Koprno
134574766,1747725,et,Koprivno
134574843,1747726,et,Koprivnicka Rijeka
134574920,1747727,et,Pozeska Koprivnica
134574997,1747728,et,Koprivnica
134575074,1747729,et,Koprivna
134575151,1747730,et,Kopacevo
134575228,1747731,et,Konscani
134575305,1747732,et,Konjsko Brdo
134575459,1747734,et,Konjsko
134575536,1747735,et,Konscica
134575613,1747736,et,Konjevrate
134575690,1747737,et,Kondric
134575844,1747739,et,Koncanica
134575921,1747740,et,Komusevci
134575998,1747741,et,Kompator
134576075,1747742,et,Komolac
134576152,1747743,et,Komogovina
134576229,1747744,et,Komletinci
134576306,1747745,et,Komiza
134576383,1747746,et,Komin
134576460,1747747,et,Komin
134576691,1747750,et,Komesarac
134576768,1747751,et,Komarnica
134576845,1747752,et,Komaji
134577153,1747756,et,Koledinec
134577230,1747757,et,Kolarovec
134577384,1747759,et,Kolarevo Selo
134577461,1747760,et,Kolarec
134577538,1747761,et,Kolan
134577692,1747763,et,Kokinac
134577846,1747765,et,Kroblice
134577923,1747766,et,Kobasicari
134578077,1747768,et,Kninsko Polje
134578154,1747769,et,Knin
134578231,1747770,et,Knezovljani
134578308,1747771,et,Knezevo
134578385,1747772,et,Knezevi Vinogradi
134578462,1747773,et,Knezevac
134578539,1747774,et,Knezci
134578616,1747775,et,Kmeti
134578847,1747778,et,Klostar Vojakovacki
134578924,1747779,et,Klostar Podravski
134579001,1747780,et,Klostar Ivanic
134579078,1747781,et,Klokocevik
134579155,1747782,et,Klokocevci
134579232,1747783,et,Klokocevac Ilovski
134579309,1747784,et,Klokocevac
134579386,1747785,et,Kljucic Brdo
134579463,1747786,et,Kljuc Brdovecki
134579540,1747787,et,Kljucar
134579617,1747788,et,Kljuc
134579694,1747789,et,Kljake
134579771,1747790,et,Klisevo
134579848,1747791,et,Klisa
134579925,1747792,et,Klis
134580002,1747793,et,Klinca Sela
134580079,1747794,et,Klimno
134580233,1747796,et,Klenovnik
134580310,1747797,et,Klenovica
134580541,1747800,et,Klanjec
134580618,1747801,et,Klanac
134580695,1747802,et,Klana
134580772,1747803,et,Klake
134580849,1747804,et,Klakar
134580926,1747805,et,Kladnjice
134581003,1747806,et,Kladare
134581157,1747808,et,Kistanje
134581311,1747810,et,Kirin
134581388,1747811,et,Kip
134581465,1747812,et,Kinjacka
134581542,1747813,et,Kindrovo
134581696,1747815,et,Kijevo
134581927,1747818,et,Kesinci
134582004,1747819,et,Kerestinec
134582081,1747820,et,Keleminovec
134582158,1747821,et,Kelemen
134582235,1747822,et,Kegljevac
134582312,1747823,et,Kebel
134582389,1747824,et,Kavran
134582466,1747825,et,Vela Traba
134582620,1747827,et,Katuni
134582697,1747828,et,Katun
134582774,1747829,et,Katolicko Selisce
134582851,1747830,et,Kastel Sucurac
134582928,1747831,et,Kastel Stari
134583005,1747832,et,Kastel Stafilic
134583082,1747833,et,Kastel Novi
134583159,1747834,et,Kastel Luksic
134583236,1747835,et,Kastel Kambelovac
134583313,1747836,et,Kastelir
134583390,1747837,et,Kastel Gomilica
134583544,1747839,et,Kastelanec
134583621,1747840,et,Kastel
134583698,1747841,et,Kastav
134583852,1747843,et,Kasljavac
134583929,1747844,et,Kasina
134584006,1747845,et,Kasic
134584083,1747846,et,Donji Kasic
134584160,1747847,et,Kascerga
134584237,1747848,et,Karsete
134584314,1747849,et,Karojba
134584391,1747850,et,Karlovec Ludbreski
134584545,1747852,et,Karlobag
134584699,1747854,et,Karane
134584776,1747855,et,Karanac
134584853,1747856,et,Karakasica
134584930,1747857,et,Karadzicevo
134585007,1747858,et,Kaptol
134585084,1747859,et,Kaprije
134585161,1747860,et,Kapinci
134585315,1747862,et,Kapelna
134585392,1747863,et,Kapelica
134585469,1747864,et,Kapelec
134585546,1747865,et,Kapela Ravenska
134585623,1747866,et,Kapela Podravska
134585777,1747868,et,Kapela Kalnicka
134585854,1747869,et,Kapela
134586008,1747871,et,Kaocine
134586162,1747873,et,Kaniza
134586239,1747874,et,Kaniska Iva
134586316,1747875,et,Kanfanar
134586393,1747876,et,Kampor
134586470,1747877,et,Kamesnica
134586624,1747879,et,Kamenica Skradnicka
134586701,1747880,et,Kamenac
134586778,1747881,et,Kamanje
134586932,1747883,et,Kalnik
134587086,1747885,et,Kalinovica
134587163,1747886,et,Kalinovac
134587240,1747887,et,Kalinic
134587317,1747888,et,Kali
134587471,1747890,et,Kaldanija
134587548,1747891,et,Kakma
134587625,1747892,et,Kakinac
134587702,1747893,et,Kadina Glavica
134587779,1747894,et,Kadanovci
134587856,1747895,et,Kablar
134588010,1747897,et,Kabal
134588087,1747898,et,Jusici
134588164,1747899,et,Jursici
134588241,1747900,et,Jurovski Brod
134588395,1747902,et,Sveti Juraj
134588549,1747904,et,Jurjevac Punitovacki
134588626,1747905,et,Jurici
134588703,1747906,et,Juricani
134588780,1747907,et,Jurdani
134588934,1747909,et,Jurandvor
134589165,1747912,et,Ivanovac
134589242,1747913,et,Josipovac Punitovacki
134589319,1747914,et,Josipovac
134589396,1747915,et,Josipdol
134589550,1747917,et,Josavica
134589627,1747918,et,Johovac
134589704,1747919,et,Jezovec
134589781,1747920,et,Jezevo
134589858,1747921,et,Jezevik
134589935,1747922,et,Jezevic
134590012,1747923,et,Jezero Posavsko
134590089,1747924,et,Jezero
134590320,1747927,et,Jezerane
134590397,1747928,et,Jezera
134590474,1747929,et,Jezdovec
134590551,1747930,et,Jesenovec
134590628,1747931,et,Jesenice
134590705,1747932,et,Jesenice
134590782,1747933,et,Jertovec
134590859,1747934,et,Jerovec
134591013,1747936,et,Jelsa
134591167,1747938,et,Jelovec
134591321,1747940,et,Jelisavac
134591398,1747941,et,Jelenje
134591475,1747942,et,Jazvenik
134591706,1747945,et,Javorje
134591860,1747947,et,Javorek
134591937,1747948,et,Jastrebarsko
134592014,1747949,et,Jaskovo
134592168,1747951,et,Jasenovića
134592322,1747953,et,Zasenova
134592399,1747954,et,Jasenik
134592476,1747955,et,Jasenice
134592553,1747956,et,Jasenas
134592630,1747957,et,Jasenak
134592707,1747958,et,Jarusje
134592784,1747959,et,Jaruge
134592861,1747960,et,Jarmina
134593015,1747962,et,Jarki
134593169,1747964,et,Jarek Bisaski
134593246,1747965,et,Janjina
134593323,1747966,et,Janja Lipa
134593400,1747967,et,Janja Gora
134593477,1747968,et,Jamno
134593554,1747969,et,Jamnica Pisarovinska
134593631,1747970,et,Jamarica
134593708,1747971,et,Jalzabet
134593785,1747972,et,Jalsovec
134593939,1747974,et,Jalkovec
134594016,1747975,et,Jaksic
134594093,1747976,et,Baidakove
134594170,1747977,et,Jakopovac Kapelski
134594324,1747979,et,Jaguplije
134594401,1747980,et,Jagodno
134594555,1747982,et,Jagodnjak
134594632,1747983,et,Jadrtovac
134594786,1747985,et,Jadreski
134594863,1747986,et,Jadranovo
134594940,1747987,et,Jabukovac
134595017,1747988,et,Jabuceta
134595094,1747989,et,Jablanovec
134595248,1747991,et,Jablanac
134595325,1747992,et,Jablan
134595479,1747994,et,Izimje
134595556,1747995,et,Ivosevci
134595633,1747996,et,Ivanska
134595710,1747997,et,Ivanovo Selo
134595787,1747998,et,Ivanovec
134595864,1747999,et,Ivanovci Gorjanski
134595941,1748000,et,Ivanovci
134596172,1748003,et,Ivankovo
134596403,1748006,et,Ivanja Reka
134596634,1748009,et,Ivanic-Grad
134596711,1748010,et,Ivanec Vojakovacki
134596788,1748011,et,Ludbreski Ivanac
134596865,1748012,et,Ivanec Bistranski
134596942,1748013,et,Ivanec
134597019,1748014,et,Ivancici
134597250,1748017,et,Ivancani
134597327,1748018,et,Ist
134597404,1748019,et,Islam Latinski
134597481,1748020,et,Islam Grcki
134597558,1748021,et,Imsovac
134597635,1748022,et,Imotski
134597712,1748023,et,Imotica
134597789,1748024,et,Imbriovec Jalzabetski
134597866,1748025,et,Imbriovec
134598020,1748027,et,Ilovik
134598174,1748029,et,Ilova
134598251,1748030,et,Ilok
134598328,1748031,et,Ilaca
134598405,1748032,et,Ika
134598482,1748033,et,Igrisce
134598559,1748034,et,Igrane
134598636,1748035,et,Icici
134598713,1748036,et,Icevo
134598790,1748037,et,Hvar
134598867,1748038,et,Husinec
134598944,1748039,et,Hua Sai
134599021,1748040,et,Hum
134599175,1748042,et,Hum Stubicki
134599252,1748043,et,Hum na Sutli
134599329,1748044,et,Humljani
134599406,1748045,et,Berezniaky
134599483,1748046,et,Hum
134599560,1748047,et,Hudovo
134599637,1748048,et,Hudovljani
134599714,1748049,et,Hudi Bitek
134599791,1748050,et,Hrzenik
134599868,1748051,et,Hrzenica
134599945,1748052,et,Hrvatsko Selo
134600022,1748053,et,Hrvatski Leskovac
134600099,1748054,et,Hrvatski Cuntic
134600330,1748057,et,Hrvace
134600407,1748058,et,Hruskovica
134600484,1748059,et,Hruskovec
134600561,1748060,et,Hruscica
134600638,1748061,et,Hrtic
134600715,1748062,et,Hrsovo
134600869,1748064,et,Hrnjevac
134600946,1748065,et,Hrnjanec
134601023,1748066,et,Hrkanovci Dakovacki
134601100,1748067,et,Hrib
134601331,1748070,et,Hreljin Ogulinski
134601408,1748071,et,Hreljin
134601485,1748072,et,Hreljici
134601562,1748073,et,Hrboki
134601639,1748074,et,Hrastovsko
134601716,1748075,et,Hrastovljan
134601793,1748076,et,Hrastovica
134601870,1748077,et,Hrastovac
134601947,1748078,et,Hrastje
134602024,1748079,et,Hrastin
134602178,1748081,et,Hrascina
134602255,1748082,et,Hrasce Turopoljsko
134602409,1748084,et,Hotnja
134602563,1748086,et,Horvati
134602717,1748088,et,Homeros
134602794,1748089,et,Hodosan
134602871,1748090,et,Hodilje
134602948,1748091,et,Hlevnica
134603102,1748093,et,Hlebine
134603179,1748094,et,Hlapicina
134603256,1748095,et,Heresin
134603333,1748096,et,Hercegovac
134603410,1748097,et,Hemusevec
134603487,1748098,et,Helena
134603564,1748099,et,Sveta Helena
134603641,1748100,et,Heki
134603795,1748102,et,Harmica
134603872,1748103,et,Harkanovci
134603949,1748104,et,Hampovica
134604026,1748105,et,Haganj
134604103,1748106,et,Hager
134604180,1748107,et,Habjanovci
134604257,1748108,et,Habjanovac
134604411,1748110,et,Gustirna
134604488,1748111,et,Gustelnica
134604565,1748112,et,Guscerovec
134604642,1748113,et,Gusce
134604719,1748114,et,Gunjavci
134604796,1748115,et,Gunja
134604873,1748116,et,Gundinci
134604950,1748117,et,Gudovac
134605027,1748118,et,Gudci
134605181,1748120,et,Gruda
134605258,1748121,et,Grubisno Polje
134605412,1748123,et,Groznjan
134605489,1748124,et,Gromacnik
134605566,1748125,et,Gromaca
134605643,1748126,et,Grohote
134605720,1748127,et,Grobnik
134605874,1748129,et,Grkavescak
134605951,1748130,et,Grizici
134606028,1748131,et,Grizane
134606105,1748132,et,Grimalda
134606182,1748133,et,Grice
134606336,1748135,et,Grgurevici
134606413,1748136,et,Grginac
134606490,1748137,et,Gregurovec
134606567,1748138,et,Greguric Breg
134606644,1748139,et,Donje Gredice
134606721,1748140,et,Greda Sunjska
134606798,1748141,et,Greda Peskovecka
134606875,1748142,et,Gregani
134606952,1748143,et,Gregani
134607029,1748144,et,Greda Marusevecka
134607106,1748145,et,Greda
134607183,1748146,et,Grebaštica
134607260,1748147,et,Grdoselo
134607414,1748149,et,Grdak
134607491,1748150,et,Grbavac
134607568,1748151,et,Granice
134607722,1748153,et,Grandici
134607799,1748154,et,Grancari
134607876,1748155,et,Gradusa Posavska
134607953,1748156,et,Gradiste Bektesko
134608030,1748157,et,Gradiste
134608107,1748158,et,Gradisce
134608184,1748159,et,Gradisce
134608261,1748160,et,Gradinje
134608338,1748161,et,Gradine
134608492,1748163,et,Gradici
134608569,1748164,et,Gradec
134608646,1748165,et,Gradac
134608723,1748166,et,Gradac Nasicki
134608800,1748167,et,Gradac
134608954,1748169,et,Gradac
134609031,1748170,et,Gradac
134609108,1748171,et,Gracisce
134609185,1748172,et,Gracec
134609493,1748176,et,Gracac
134609570,1748177,et,Gracac
134609647,1748178,et,Grabrov Potok
134609724,1748179,et,Grabrovnik
134609801,1748180,et,Grabrovnica
134609878,1748181,et,Grabrk
134609955,1748182,et,Grabovnica
134610032,1748183,et,Grabovac
134610109,1748184,et,Grabovac
134610186,1748185,et,Grabovac
134610263,1748186,et,Grabic
134610340,1748187,et,Graberje Ivanicko
134610417,1748188,et,Graberje
134610494,1748189,et,Graberec
134610571,1748190,et,Grabarje Brodsko
134610648,1748191,et,Grabarje
134610802,1748193,et,Grab
134610879,1748194,et,Grab
134610956,1748195,et,Govede Polje
134611033,1748196,et,Govegari
134611110,1748197,et,Gotalovo
134611187,1748198,et,Gostinjac
134611264,1748199,et,Gospic
134611341,1748200,et,Gorusevnjak
134611418,1748201,et,Gornji Zvecaj
134611495,1748202,et,Zemunik Gornji
134611572,1748203,et,Gornji Zebanec
134611649,1748204,et,Gornji Zagari
134611726,1748205,et,Gornji Vuksinac
134611803,1748206,et,Gornji Vukojevac
134611880,1748207,et,Gornji Velemeric
134611957,1748208,et,Gornji Varos
134612034,1748209,et,Gornji Vaganac
134612111,1748210,et,Gornji Uljanik
134612188,1748211,et,Gornji Trpuci
134612265,1748212,et,Gornji Tkalec
134612342,1748213,et,Gornji Sredani
134612496,1748215,et,Gornji Slatinik
134612650,1748217,et,Gornji Sjenicak
134612804,1748219,et,Gornji Seget
134613112,1748223,et,Gornji Prnjarovec
134613266,1748225,et,Gornji Ostrc
134613343,1748226,et,Okrug Gornji
134613420,1748227,et,Gornji Mosti
134613497,1748228,et,Gornji Miklous
134613574,1748229,et,Gornji Miholjac
134613651,1748230,et,Gornji Mihaljevec
134614036,1748235,et,Gornji Marinkovac
134614190,1748237,et,Gornji Lipovac
134614267,1748238,et,Gornji Lapac
134614344,1748239,et,Gornji Laduc
134614421,1748240,et,Gornji Ladevac
134614498,1748241,et,Kucan Gornji
134614575,1748242,et,Gornji Kriz
134614652,1748243,et,Gornji Kraljevec
134614729,1748244,et,Gornji Kraljevec
134614806,1748245,et,Gornji kraj
134614883,1748246,et,Gornji Kosinj
134614960,1748247,et,Gornji Koncovcak
134615037,1748248,et,Gornji Kneginec
134615191,1748250,et,Gornji Karin
134615268,1748251,et,Gornji Javoranj
134615345,1748252,et,Gornji Humac
134615422,1748253,et,Gornji Hrusevec
134615499,1748254,et,Gornji Hrascan
134615653,1748256,et,Gornji Furjan
134615730,1748257,et,Gornji Emovci
134615884,1748259,et,Gornji Dragonozec
134615961,1748260,et,Gornji Dolac
134616038,1748261,et,Gornji Desinec
134616115,1748262,et,Gornji Daruvar
134616192,1748263,et,Gornji Crnogovci
134616269,1748264,et,Gornji Cehi
134616577,1748268,et,Gornji Brgat
134616731,1748270,et,Gornji Bogicevci
134616808,1748271,et,Gornji Bjelovac
134616885,1748272,et,Gornji Babin Potok
134616962,1748273,et,Gornji Andrijevci
134617039,1748274,et,Gornje Zdelice
134617116,1748275,et,Zagorje
134617193,1748276,et,Gornje Vratno
134617424,1748279,et,Gornje Utore
134617578,1748281,et,Gornje Stative
134617655,1748282,et,Gornje Sredice
134617732,1748283,et,Gornje Selo
134617809,1748284,et,Gornje Seliste
134617963,1748286,et,Gornje Psarjevo
134618117,1748288,et,Gornje Prekrizje
134618194,1748289,et,Gornje Predrijevo
134618271,1748290,et,Gornje Postinje
134618348,1748291,et,Gornje Pokupje
134618425,1748292,et,Gornje Podotocje
134618502,1748293,et,Podbablje Gornje
134618579,1748294,et,Gornje Plavnice
134618810,1748297,et,Gornje Makojisce
134618887,1748298,et,Gornje Ladanje
134619041,1748300,et,Gornje Komarevo
134619118,1748301,et,Gornje Jesenje
134619349,1748304,et,Gornje Dubrave
134619657,1748308,et,Gornje Ceranje
134619734,1748309,et,Gornje Bukovlje
134619811,1748310,et,Gornje Biljane
134619888,1748311,et,Gornje Bazje
134619965,1748312,et,Gornja Zdencina
134620196,1748315,et,Gornja Vrba
134620273,1748316,et,Gornja Voca
134620350,1748317,et,Gornja Visnjica
134620427,1748318,et,Gornja Velika
134620504,1748319,et,Gornja Velika
134620581,1748320,et,Gornja Velesnja
134620658,1748321,et,Gornja Trstenica
134620735,1748322,et,Gornja Trebinja
134620812,1748323,et,Gornja Toplicica
134620889,1748324,et,Tijarica
134621120,1748327,et,Gornja Sumetlica
134621197,1748328,et,Gornja Stupnica
134621274,1748329,et,Gornja Stubica
134621351,1748330,et,Gornja Selnica
134621428,1748331,et,Gornja Rijeka
134621505,1748332,et,Gornja Rasenica
134621582,1748333,et,Gornja Pusca
134621659,1748334,et,Gornja Poljana
134621813,1748336,et,Gornja Plemenscina
134621967,1748338,et,Gornja Petricka
134622044,1748339,et,Gornja Pacetina
134622198,1748341,et,Gornja Obrijez
134622275,1748342,et,Gornja Obreska
134622352,1748343,et,Gornja Nugla
134622737,1748348,et,Gornja Lomnica
134622814,1748349,et,Gornja Letina
134622891,1748350,et,Gornja Kupcina
134623045,1748352,et,Gornja Kovacica
134623122,1748353,et,Gornja Konjscina
134623353,1748356,et,Gornja Jelenska
134623430,1748357,et,Gornja Jagodnja
134623507,1748358,et,Gornja Greda
134623584,1748359,et,Gornja Gracenica
134623661,1748360,et,Gornja Glina
134623738,1748361,et,Gornja Glavnica
134623815,1748362,et,Gornja Garesnica
134623892,1748363,et,Gornja Dubrava
134624046,1748365,et,Gornja Cemernica
134624277,1748368,et,Gornja Bucica
134624354,1748369,et,Gornja Brela
134624431,1748370,et,Gornja Brckovcina
134624508,1748371,et,Gornja Bistra
134624585,1748372,et,Gornja Bebrina
134624662,1748373,et,Gornja Batina
134624739,1748374,et,Gornja Bacuga
134624816,1748375,et,Gorjani
134624893,1748376,et,Gorjakovo
134624970,1748377,et,Goris
134625047,1748378,et,Goricko
134625124,1748379,et,Gorica Valpovacka
134625201,1748380,et,Gorica Svetojanska
134625278,1748381,et,Gorican
134625355,1748382,et,Gorica Miholecka
134625432,1748383,et,Gorica Jamnicka
134625509,1748384,et,Gorica
134625586,1748385,et,Gorica
134625663,1748386,et,Gorica
134625817,1748388,et,Goranec
134625894,1748389,et,Goraci
134625971,1748390,et,Gora
134626048,1748391,et,Gomirje
134626125,1748392,et,Golubinjak
134626202,1748393,et,Golubic
134626279,1748394,et,Golubic
134626356,1748395,et,Gologorica
134626433,1748396,et,Golobrdci
134626510,1748397,et,Veli Golji
134626818,1748401,et,Golinci
134626895,1748402,et,Goli Breg
134626972,1748403,et,Golas
134627049,1748404,et,Gola
134627203,1748406,et,Gojanec
134627357,1748408,et,Glusci
134627511,1748410,et,Donja Glogovnica
134627588,1748411,et,Glogovica
134627665,1748412,et,Glogovac
134627742,1748413,et,Gljev
134627819,1748414,et,Glinska Poljana
134627973,1748416,et,Glina
134628127,1748418,et,Glavnicica
134628358,1748421,et,Glavani
134628435,1748422,et,Gladovec Pokupski
134628512,1748423,et,Gladovec Kravarski
134628589,1748424,et,Gizdavac
134628666,1748425,et,Giletinci
134628743,1748426,et,Gerovski Kraj
134628820,1748427,et,Gerovo Tounjsko
134628897,1748428,et,Gerovo
134628974,1748429,et,Generalski Stol
134629051,1748430,et,Gedici
134629128,1748431,et,Gdinj
134629282,1748433,et,Gata
134629359,1748434,et,Gat
134629513,1748436,et,Gasinci
134629590,1748437,et,Garjak
134629667,1748438,et,Garica
134629744,1748439,et,Garesnica
134629821,1748440,et,Gardinovec
134629898,1748441,et,Garcin
134629975,1748442,et,Gamboci
134630052,1748443,et,Galovic Selo
134630129,1748444,et,Galovac
134630206,1748445,et,Galovac
134630283,1748446,et,Galizana
134630437,1748448,et,Galgovo
134630514,1748449,et,Gaj Vrbovecki
134630591,1748450,et,Gajic
134630668,1748451,et,Gajana
134630745,1748452,et,Gaj
134630822,1748453,et,Gage
134630899,1748454,et,Gaciste
134630976,1748455,et,Gacice
134631053,1748456,et,Gacelezi
134631130,1748457,et,Gabrili
134631207,1748458,et,Gabos
134631284,1748459,et,Gabonjin
134631361,1748460,et,Fuzine
134631438,1748461,et,Fuskulin
134631515,1748462,et,Funtana
134631592,1748463,et,Fuka
134631746,1748465,et,Frata
134631900,1748467,et,Forkusevci
134631977,1748468,et,Fodrovec Rijecki
134632054,1748469,et,Lengeh Biz
134632131,1748470,et,Fiorini
134632285,1748472,et,Sveti Filip i Jakov
134632362,1748473,et,Filipana
134632439,1748474,et,Festinec
134632516,1748475,et,Ferketinec
134632593,1748476,et,Fericanci
134632670,1748477,et,Ferdinandovac
134632747,1748478,et,Fazana
134632824,1748479,et,Farini
134632978,1748481,et,Ervenik
134633055,1748482,et,Ervenik
134633132,1748483,et,Ernestinovo
134633286,1748485,et,Erdut
134633363,1748486,et,Erdovec
134633440,1748487,et,Erdelj
134633517,1748488,et,Erdelj
134633594,1748489,et,Eminovci
134633671,1748490,et,Dvorisce
134633748,1748491,et,Dvorišče Rakovecko
134633902,1748493,et,Dvoranci
134633979,1748494,et,Dvor
134634056,1748495,et,Duzluk
134634133,1748496,et,Duzica
134634210,1748497,et,Durmanec
134634364,1748499,et,Durinovec
134634441,1748500,et,Durici
134634518,1748501,et,Durgic
134634595,1748502,et,Durgic
134634672,1748503,et,GJurgevac
134634749,1748504,et,Durdenovac
134634826,1748505,et,Durdekovec
134634903,1748506,et,Durganci
134634980,1748507,et,Dunjkovec
134635134,1748509,et,Dunave Krajnje
134635211,1748510,et,Dumovec
134635288,1748511,et,Dumace
134635365,1748512,et,Duhovi
134635519,1748514,et,Dugo Selo Lukacko
134635596,1748515,et,Dugo Selo
134635673,1748516,et,Dugopolje
134635750,1748517,et,Dugobabe
134635827,1748518,et,Dugi Rat
134635981,1748520,et,Duga Rijeka
134636058,1748521,et,Duga Resa
134636135,1748522,et,Duga Mega
134636212,1748523,et,Duce
134636289,1748524,et,Dubrovnik
134636366,1748525,et,Dubravcani
134636443,1748526,et,Dubrovcan
134636520,1748527,et,Dubravice
134636597,1748528,et,Dubravica
134636751,1748530,et,Dubravec
134636828,1748531,et,Dubrava
134636905,1748532,et,Dubrava
134636982,1748533,et,Dubrava
134637136,1748535,et,Dubrava
134637213,1748536,et,Dubrynychi
134637290,1748537,et,Dubovik
134637367,1748538,et,Dubovica
134637444,1748539,et,Dubovac
134637521,1748540,et,Dubosevica
134637675,1748542,et,Duboka
134637752,1748543,et,Dubocac
134637829,1748544,et,Hrvatska Dubica
134637906,1748545,et,Duba Stonska
134638060,1748547,et,Duba Konavoska
134638137,1748548,et,Drzimurec
134638214,1748549,et,Drvenik
134638291,1748550,et,Druzbinec
134638368,1748551,et,Druskovec
134638445,1748552,et,Drnje
134638522,1748553,et,Drnis
134638599,1748554,et,Drljanovac
134638676,1748555,et,Drljaca
134638753,1748556,et,Drinovci
134638830,1748557,et,Dreznik Grad
134638907,1748558,et,Novo Virje
134638984,1748559,et,Drenovec
134639061,1748560,et,Drenovci
134639138,1748561,et,Drenov Bok
134639369,1748564,et,Drenje
134639523,1748566,et,Stara Drencina
134639600,1748567,et,Drazice
134639677,1748568,et,Drazica
134639754,1748569,et,Drazevitici
134639831,1748570,et,Draz
134639908,1748571,et,Drasnice
134639985,1748572,et,Draskovic
134640216,1748575,et,Draguc
134640370,1748577,et,Dragovic
134640524,1748579,et,Dragovci
134640601,1748580,et,Dragotin
134640678,1748581,et,Dragosicka
134640832,1748583,et,Drage
134640909,1748584,et,Draga Požeska
134640986,1748585,et,Draganje Selo
134641063,1748586,et,Draganic
134641140,1748587,et,Dragalic
134641217,1748588,et,Draga Bascanska
134641448,1748591,et,Dracevica
134641602,1748593,et,Dracevac Ninski
134641679,1748594,et,Dracevac
134641756,1748595,et,Drace
134641833,1748596,et,Dopsin
134641987,1748598,et,Donji Zvecaj
134642064,1748599,et,Zemunik Donji
134642141,1748600,et,Donji Zebanec
134642218,1748601,et,Donji Zagon
134642372,1748603,et,Donji Vuksinac
134642449,1748604,et,Donji Vukojevac
134642526,1748605,et,Donji Vidovec
134642603,1748606,et,Donji Velemeric
134642680,1748607,et,Donji Varos
134642834,1748609,et,Donji Trpuci
134642911,1748610,et,Donji Tkalec
134642988,1748611,et,Donji Sredani
134643142,1748613,et,Donji Slatinik
134643219,1748614,et,Donji Sjenicak
134643373,1748616,et,Donji Seget
134643758,1748621,et,Donji Prolozac
134643835,1748622,et,Donji Prnjarovec
134643989,1748624,et,Donji Ostrc
134644066,1748625,et,Okrug Donji
134644143,1748626,et,Donji Muc
134644220,1748627,et,Donji Mosti
134644297,1748628,et,Donji Miklous
134644374,1748629,et,Donji Miholjac
134644451,1748630,et,Donji Mihaljevec
134644528,1748631,et,Donji Meljani
134644682,1748633,et,Donji Maslarac
134644836,1748635,et,Donji Marinkovac
134644913,1748636,et,Majkovi
134645067,1748638,et,Donji Lipovac
134645144,1748639,et,Lepuri
134645221,1748640,et,Donji Lapac
134645298,1748641,et,Donji Laduc
134645452,1748643,et,Donji Kucan
134645529,1748644,et,Donji Kraljevec
134645606,1748645,et,Donji Kraljevec
134645683,1748646,et,Donji kraj
134645760,1748647,et,Donji Koncovcak
134645837,1748648,et,Donji Kneginec
134645914,1748649,et,Donji Karin
134645991,1748650,et,Donji Javoranj
134646068,1748651,et,Donji Humac
134646145,1748652,et,Donji Hrusevec
134646222,1748653,et,Donji Hrascan
134646376,1748655,et,Donji Furjan
134646453,1748656,et,Donji Emovci
134646530,1748657,et,Donji Dragonozec
134646607,1748658,et,Donji Dolac
134646684,1748659,et,Donji Desinec
134646761,1748660,et,Donji Daruvar
134646838,1748661,et,Donji Crnogovci
134646915,1748662,et,Donji Cehi
134646992,1748663,et,Donji Caglic
134647146,1748665,et,Donji Budacki
134647223,1748666,et,Donji Brgat
134647300,1748667,et,Donji Borki
134647377,1748668,et,Donji Bogicevci
134647531,1748670,et,Donji Bitelic
134647608,1748671,et,Donji Babin Potok
134647685,1748672,et,Donji Andrijevci
134647762,1748673,et,Donje Zdjelice
134647839,1748674,et,Donje Zagorje
134647916,1748675,et,Donje Vratno
134647993,1748676,et,Donje Vinovo
134648224,1748679,et,Donje Stative
134648301,1748680,et,Donje Selo na Solti
134648378,1748681,et,Donje Selo
134648455,1748682,et,Donje Seliste
134648532,1748683,et,Donje Psarjevo
134648609,1748684,et,Donje Prilisce
134648686,1748685,et,Donje Prekrizje
134648763,1748686,et,Donje Predrijevo
134648840,1748687,et,Donje Postinje
134648994,1748689,et,Donje Podotocje
134649071,1748690,et,Petrcane
134649148,1748691,et,Donje Pazariste
134649225,1748692,et,Donje Oresje
134649302,1748693,et,Donje Ogorje
134649379,1748694,et,Donje Novo Selo
134649456,1748695,et,Donje Makojisce
134649533,1748696,et,Donje Ladanje
134649687,1748698,et,Donje Komarevo
134649764,1748699,et,Donje Dubrave
134650149,1748704,et,Donje Bukovlje
134650226,1748705,et,Donje Biljane
134650303,1748706,et,Donje Bazije
134650380,1748707,et,Donja Zelina
134650457,1748708,et,Donja Zdencina
134650611,1748710,et,Donja Vrijeska
134650688,1748711,et,Donja Vrba
134650765,1748712,et,Dornava
134650842,1748713,et,Donja Visnjica
134650919,1748714,et,Donja Velika
134650996,1748715,et,Donja Velika
134651073,1748716,et,Donja Velesnja
134651304,1748719,et,Donja Toplicica
134651381,1748720,et,Donja Suvaja
134651535,1748722,et,Donja Stupnica
134651612,1748723,et,Donja Stubica
134651766,1748725,et,Donja Susnjara
134651843,1748726,et,Donja Selnica
134651920,1748727,et,Donja Rasenica
134651997,1748728,et,Donja Pusca
134652074,1748729,et,Donja Poljana
134652151,1748730,et,Donja Plemenscina
134652228,1748731,et,Donja Pistana
134652305,1748732,et,Donja Petricka
134652459,1748734,et,Donja Pacetina
134652613,1748736,et,Donja Obrijez
134652690,1748737,et,Donja Obreska
134652767,1748738,et,Donja Moticina
134652921,1748740,et,Donja Mlinoga
134652998,1748741,et,Donja Lomnica
134653152,1748743,et,Donja Kupcina
134653306,1748745,et,Donja Kovacica
134653383,1748746,et,Donja Konjscina
134653614,1748749,et,Donja Jelenska
134653691,1748750,et,Donja Jagodnja
134653768,1748751,et,Donja Greda
134653845,1748752,et,Donja Gracenica
134653922,1748753,et,Glavnica Donja
134653999,1748754,et,Donja Dubrava
134654076,1748755,et,Donja Cemernica
134654153,1748756,et,Donja Bukovica
134654230,1748757,et,Donja Budicina
134654384,1748759,et,Brela
134654461,1748760,et,Donja Brckovcina
134654538,1748761,et,Donja Bistra
134654692,1748763,et,Donja Bebrina
134654769,1748764,et,Donja Batina
134654846,1748765,et,Donja Bacuga
134655000,1748767,et,Domaslovec
134655077,1748768,et,Domasinec
134655154,1748769,et,Domankus
134655231,1748770,et,Domaji
134655308,1748771,et,Domahovo
134655385,1748772,et,Domagovic
134655462,1748773,et,Doljanovci
134655616,1748775,et,Doljani
134655693,1748776,et,Doljanec
134655770,1748777,et,Dolina
134655924,1748779,et,Doli
134656001,1748780,et,Dolci
134656232,1748783,et,Dol
134656309,1748784,et,Dol
134656386,1748785,et,Dol
134656540,1748787,et,Dobrovic
134656617,1748788,et,Dobrovac
134656694,1748789,et,Dobroselo
134656848,1748791,et,Dobropoljana
134657002,1748793,et,Dobrodol
134657079,1748794,et,Dobrinj
134657233,1748796,et,Dnopolje
134657310,1748797,et,Djedina Rijeka
134657387,1748798,et,Divusa
134657464,1748799,et,Divulje
134657541,1748800,et,Divosevci
134657618,1748801,et,Divos
134657849,1748804,et,Dinjiska
134657926,1748805,et,Dinjevac
134658234,1748809,et,Dijankovec
134658311,1748810,et,Dijanes
134658388,1748811,et,Dezevci
134658465,1748812,et,Dezanovac
134658542,1748813,et,Devrske
134658619,1748814,et,Detkovac
134658696,1748815,et,Desno Zeljezno
134658773,1748816,et,Desno Trebarjevo
134658850,1748817,et,Desno Sredicko
134658927,1748818,et,Desni Stefanki
134659004,1748819,et,Desni Dubrovcak
134659081,1748820,et,Desni Degoj
134659158,1748821,et,Desmerice
134659235,1748822,et,Desinic
134659312,1748823,et,Deringaj
134659389,1748824,et,Derezani
134659620,1748827,et,Delnice
134659697,1748828,et,Deletovci
134659774,1748829,et,Delekovec
134659851,1748830,et,Dekanovec
134659928,1748831,et,Dedina
134660005,1748832,et,Debeljak
134660082,1748833,et,Deanovec
134660236,1748835,et,Davor
134660313,1748836,et,Dautan
134660390,1748837,et,Daskatica
134660467,1748838,et,Daruvar
134660621,1748840,et,Darda
134660698,1748841,et,Daranovci
134660775,1748842,et,Danilo Biranj
134661083,1748846,et,Dalj
134661160,1748847,et,GJakovo
134661314,1748849,et,Dajla
134661391,1748850,et,Dabrina
134661545,1748852,et,Dabar
134661699,1748854,et,Sveti Petar Cvrstec
134661853,1748856,et,Cvetkovic
134661930,1748857,et,Cvetkovec
134662007,1748858,et,Curlovac
134662084,1748859,et,Cunski
134662392,1748863,et,Cukrici
134662469,1748864,et,Cukovec
134662546,1748865,et,Cukovec
134662623,1748866,et,Cugovec
134662854,1748869,et,Cubinec
134662931,1748870,et,Cervar - Cervera
134663008,1748871,et,Crno
134663085,1748872,et,Crnkovec
134663162,1748873,et,Crnkovci
134663316,1748875,et,Crni Lug
134663393,1748876,et,Crni Lazi
134663470,1748877,et,Crni Kal
134663701,1748880,et,Crnec Rugvicki
134663778,1748881,et,Crnec Biskupecki
134663855,1748882,et,Crnac
134664009,1748884,et,Crkveni Pribic
134664086,1748885,et,Crkveni Bok
134664163,1748886,et,Crkvari
134664240,1748887,et,Crklada
134664317,1748888,et,Riva
134664394,1748889,et,Crikvenica
134664471,1748890,et,Cret Viljevski
134664548,1748891,et,Cret Bizovacki
134664625,1748892,et,Cresi saar
134664702,1748893,et,Cremusnica
134664856,1748895,et,Crecan
134664933,1748896,et,Covici
134665010,1748897,et,Covac
134665164,1748899,et,Cokadinci
134665241,1748900,et,Cizici
134665318,1748901,et,Civljane
134665395,1748902,et,Citluk
134665472,1748903,et,Cista Provo
134665549,1748904,et,Cisla
134665626,1748905,et,Cirkvena
134665703,1748906,et,Cirkovljan
134665857,1748908,et,Cigoc
134665934,1748909,et,Ciglenik
134666011,1748910,et,Ciglenik
134666088,1748911,et,Ciglenica
134666165,1748912,et,Ciglenica
134666242,1748913,et,Ciglena
134666396,1748915,et,Cickovina
134666473,1748916,et,Cetvrtkovac
134666550,1748917,et,Cetingrad
134666627,1748918,et,Cetina
134666704,1748919,et,Cetekovac
134666781,1748920,et,Cesvinica
134666858,1748921,et,Cestica
134666935,1748922,et,Cesljakovci
134667012,1748923,et,Cesarica
134667089,1748924,et,Cerovski Vrh
134667166,1748925,et,Cerovnik
134667243,1748926,et,Cerovlje
134667320,1748927,et,Cerovac Barilovicki
134667397,1748928,et,Cernik
134667474,1748929,et,Cernik
134667551,1748930,et,Cerna
134667628,1748931,et,Čerje Vrbovecko
134667705,1748932,et,Cerje Nebojse
134667859,1748934,et,Čerje
134667936,1748935,et,Čerje
134668090,1748937,et,Cerina
134668167,1748938,et,Beckerich
134668244,1748939,et,Ceremosnjak
134668321,1748940,et,Ceralije
134668398,1748941,et,Cera
134668552,1748943,et,Čepljani
134668629,1748944,et,Cepin
134668706,1748945,et,Cepikuce
134668783,1748946,et,Cepidlak
134668860,1748947,et,Cepic
134668937,1748948,et,Purgarija Cepic
134669014,1748949,et,Cepelovac
134669091,1748950,et,Cepelis
134669322,1748953,et,Ceminac
134669399,1748954,et,Cemernica Lonjska
134669476,1748955,et,Celikovici
134669553,1748956,et,Cehovec
134669630,1748957,et,Ceglje
134669784,1748959,et,Čazma
134669861,1748960,et,Cavtat
134669938,1748961,et,Cavoglave
134670015,1748962,et,Cavle
134670092,1748963,et,Catrnja
134670169,1748964,et,Carevdar
134670246,1748965,et,Cara
134670400,1748967,et,Canjevo
134670554,1748969,et,Camagajevci
134670631,1748970,et,Yakymove
134670708,1748971,et,Cakovci
134670862,1748973,et,Cajkovci
134671016,1748975,et,Caglin
134671093,1748976,et,Cage
134671170,1748977,et,Cagavica
134671247,1748978,et,Cagavac
134671324,1748979,et,Cacinci
134671401,1748980,et,Cabuna
134671478,1748981,et,Cabrunici
134671555,1748982,et,Cabdin
134671632,1748983,et,Bakirca
134671709,1748984,et,Buzinija
134671786,1748985,et,Buzin
134671863,1748986,et,Buzet
134671940,1748987,et,Buzadovac
134672017,1748988,et,Butkovici
134672094,1748989,et,Busnovi
134672171,1748990,et,Busevec
134672248,1748991,et,Busetina
134672325,1748992,et,Buroli
134672402,1748993,et,Burici
134672479,1748994,et,Bunjani
134672556,1748995,et,Bulinac
134672633,1748996,et,Bulic
134672710,1748997,et,Bukvik-Blatni Lug
134672864,1748999,et,Bukovlje
134672941,1749000,et,Bukovje Bistransko
134673018,1749001,et,Bukovje Krizevacko
134673172,1749003,et,Bukovic
134673249,1749004,et,Bukovec Zelinski
134673480,1749007,et,Bukovac
134673557,1749008,et,Bukevje
134673634,1749009,et,Buk
134673711,1749010,et,Buje
134673865,1749012,et,Budrovci
134673942,1749013,et,Budrovac Lukacki
134674019,1749014,et,Budrovac
134674096,1749015,et,Budinscina
134674250,1749017,et,Budimci
134674327,1749018,et,Budasevo
134674404,1749019,et,Budanica
134674481,1749020,et,Budancevica
134674558,1749021,et,Guevercinli
134674635,1749022,et,Guevercinli
134674712,1749023,et,Budacka Rijeka
134674789,1749024,et,Bucje Gorjansko
134674866,1749025,et,Bucje
134675020,1749027,et,Slatina Pokupska
134675097,1749028,et,Bubnjarci
134675174,1749029,et,Bubani
134675328,1749031,et,Brzac
134675405,1749032,et,Bruvno
134675482,1749033,et,Bruska
134675559,1749034,et,Brusje
134675713,1749036,et,Brusane
134675867,1749038,et,Brtonigla
134675944,1749039,et,Brstanovo
134676021,1749040,et,Brsecine
134676098,1749041,et,Brsec
134676175,1749042,et,Brsadin
134676252,1749043,et,Brovinje
134676483,1749046,et,Brodski Varos
134676560,1749047,et,Brodski Stupnik
134676637,1749048,et,Drenovac
134676714,1749049,et,Brod na Kupi
134676791,1749050,et,Brod Moravice
134676945,1749052,et,Broganci
134677022,1749053,et,Brocice
134677099,1749054,et,Broce
134677330,1749057,et,Brlenic
134677407,1749058,et,Brlekovo
134677484,1749059,et,Brkisevina
134677561,1749060,et,Brkac
134677638,1749061,et,Bristivica
134677715,1749062,et,Bristane
134677792,1749063,et,Brist
134677869,1749064,et,Brisevo
134677946,1749065,et,Brinje
134678023,1749066,et,Brinjani
134678100,1749067,et,Brijesta
134678177,1749068,et,Brig
134678254,1749069,et,Bribir
134678331,1749070,et,Bribir
134678408,1749071,et,Brgulje
134678639,1749074,et,Brezovljani
134678793,1749076,et,Brezovica
134678947,1749078,et,Brezovec
134679178,1749081,et,Brezovac
134679255,1749082,et,Brezno Gora
134679409,1749084,et,Breznica Nasicka
134679486,1749085,et,Breznica Dakovacka
134679563,1749086,et,Brezge
134679640,1749087,et,Brezje Miholecko
134679717,1749088,et,Brezje Dubravsko
134679794,1749089,et,Brežice
134679871,1749090,et,Brezine
134679948,1749091,et,Brezik
134680179,1749094,et,Brezani
134680256,1749095,et,Brezane Lekenicke
134680333,1749096,et,Breza
134680410,1749097,et,Breza
134680487,1749098,et,Brest Pokupski
134680564,1749099,et,Brestova Draga
134680641,1749100,et,Brestovac
134680718,1749101,et,Brestovac Daruvarski
134680949,1749104,et,Brestanovci
134681026,1749105,et,Brestaca
134681257,1749108,et,Brijesce
134681334,1749109,et,Brekinska
134681411,1749110,et,Bregi Radobojski
134681488,1749111,et,Bregi Kostelski
134681565,1749112,et,Koprivnicki Bregi
134681642,1749113,et,Bregana
134681719,1749114,et,Brebrovac
134681873,1749116,et,Brdovec
134682258,1749121,et,Brdani Cesta
134682566,1749125,et,Brckovljani
134682643,1749126,et,Brcino
134682720,1749127,et,Brcevec
134682797,1749128,et,Brbinj
134682951,1749130,et,Bratovanci
134683028,1749131,et,Bratiskovci
134683105,1749132,et,Bratina
134683182,1749133,et,Braslovje
134683259,1749134,et,Branjin Vrh
134683336,1749135,et,Branjina
134683490,1749137,et,Brajkovici
134683567,1749138,et,Brajakovo Brdo
134683644,1749139,et,Bracevic
134683798,1749141,et,Bracevci
134683875,1749142,et,Bozjakovina
134683952,1749143,et,Bozava
134684029,1749144,et,Bovic
134684106,1749145,et,Botovo
134684183,1749146,et,Botinovec
134684337,1749148,et,Botinac
134684414,1749149,et,Bosnjaci
134684491,1749150,et,Bosna
134684568,1749151,et,Bosiljevo Česmansko
134684645,1749152,et,Bosiljevo
134684799,1749154,et,Borut
134684953,1749156,et,Borova
134685030,1749157,et,Borova Kosa
134685107,1749158,et,Borovac
134685184,1749159,et,Borojevici
134685492,1749163,et,Boraja
134685646,1749165,et,Bolman
134685723,1749166,et,Bolfan
134685800,1749167,et,Bolc
134685877,1749168,et,Bol
134685954,1749169,et,Boksic Lug
134686031,1749170,et,Boksic
134686108,1749171,et,Boksic
134686185,1749172,et,Bokordici
134686339,1749174,et,Bokane
134686416,1749175,et,Bok Palanjecki
134686493,1749176,et,Bojana
134686570,1749177,et,Bogomolje
134686724,1749179,et,Bogdanovec
134686801,1749180,et,Bogdanovci
134687032,1749183,et,Bodovaljci
134687109,1749184,et,Bodegraj
134687263,1749186,et,Bockinci
134687340,1749187,et,Bocanjevci
134687494,1749189,et,Bobovica
134687571,1749190,et,Bobovac
134687648,1749191,et,Bobota
134687802,1749193,et,Blizna Gornja
134687879,1749194,et,Blinjski Kut
134687956,1749195,et,Blinja
134688033,1749196,et,Blazevdol
134688110,1749197,et,Blatusa
134688264,1749199,et,Blato
134688341,1749200,et,Blatnica
134688495,1749202,et,Blata
134688572,1749203,et,Blato
134688649,1749204,et,Blaskovec
134688726,1749205,et,Blagorodovac
134688803,1749206,et,Blacko
134688880,1749207,et,Bjelovar
134688957,1749208,et,Bjelopolje
134689034,1749209,et,Bjelkovac
134689111,1749210,et,Bjelisevac
134689188,1749211,et,Bjelina
134689419,1749214,et,Bizovac
134689496,1749215,et,Bistrinci
134689573,1749216,et,Bistrica
134689727,1749218,et,Biskupija
134689804,1749219,et,Biskupec Zelinski
134689958,1749221,et,Biskupci
134690112,1749223,et,Bisag
134690189,1749224,et,Biovicino Selo
134690266,1749225,et,Biograd na Moru
134690343,1749226,et,Biocic
134690497,1749228,et,Bilje
134690574,1749229,et,Bijeli Vir
134690728,1749231,et,Bilisane
134690805,1749232,et,Bilice
134690882,1749233,et,Bilice
134690959,1749234,et,Bili Brig
134691190,1749237,et,Bijelo Brdo
134691575,1749242,et,Bijela
134691652,1749243,et,Bicko Selo
134691806,1749245,et,Bicici
134691883,1749246,et,Bibinje
134691960,1749247,et,Bibici
134692114,1749249,et,Betina
134692191,1749250,et,Beter
134692268,1749251,et,Beslinec
134692345,1749252,et,Beretinec
134692422,1749253,et,Berek
134692499,1749254,et,Beravci
134692576,1749255,et,Beram
134692653,1749256,et,Berak
134692730,1749257,et,Benkovac Okucanski
134692884,1749259,et,Benkovac
134692961,1749260,et,Benicanci
134693038,1749261,et,Bencici
134693269,1749264,et,Belovar
134693346,1749265,et,Belo Selo
134693423,1749266,et,Beljevina
134693500,1749267,et,Belisce
134693577,1749268,et,Beli Manastir
134693654,1749269,et,Belica
134693731,1749270,et,Beli
134693885,1749272,et,Beletinec
134693962,1749273,et,Belej
134694039,1749274,et,Belec
134694116,1749275,et,Belavici
134694193,1749276,et,Bijela Loza
134694270,1749277,et,Belaj
134694347,1749278,et,Bektez
134694501,1749280,et,Beketinci
134694655,1749282,et,Begovici
134694809,1749284,et,Bednja
134694886,1749285,et,Beder
134694963,1749286,et,Bedenik
134695117,1749288,et,Bennichchab
134695194,1749289,et,Bedenec
134695271,1749290,et,Bedekovcina
134695348,1749291,et,Becic
134695425,1749292,et,Bebrina
134695502,1749293,et,Batrina
134695579,1749294,et,Batlug
134695656,1749295,et,Batinska
134695733,1749296,et,Batinova Kosa
134695810,1749297,et,Batinjani Podborski
134695964,1749299,et,Batina
134696041,1749300,et,Batina
134696118,1749301,et,Bast
134696195,1749302,et,Baska Voda
134696272,1749303,et,Baska
134696503,1749306,et,Basanija
134696657,1749308,et,Bartolovec
134696734,1749309,et,Barilovic
134696811,1749310,et,Baric Draga
134696888,1749311,et,Barica
134697042,1749313,et,Baredine
134697196,1749315,et,Barbici
134697273,1749316,et,Barbat
134697350,1749317,et,Barbarici Kravarski
134697427,1749318,et,Barban
134697581,1749320,et,Barat
134697658,1749321,et,Baranjsko Petrovo Selo
134697735,1749322,et,Bapska
134697889,1749324,et,Banski Kovacevac
134697966,1749325,et,Banska Selnica
134698043,1749326,et,Banscica
134698274,1749329,et,Banovci
134698351,1749330,et,Banova Jaruga
134698428,1749331,et,Bankovci
134698505,1749332,et,Banjole
134698582,1749333,et,Banjol
134698659,1749334,et,Banjevci
134698736,1749335,et,Banje Selo
134698813,1749336,et,Banja
134698890,1749337,et,Banj
134698967,1749338,et,Banici
134699044,1749339,et,Banicevec Rakovecki
134699121,1749340,et,Banicevac
134699352,1749343,et,Balinci
134699583,1749346,et,Pall
134699737,1749348,et,Bakovcica
134699814,1749349,et,Bakic
134699891,1749350,et,Bakarac
134699968,1749351,et,Bakar
134700045,1749352,et,Bajcici
134700199,1749354,et,Badzula
134700353,1749356,et,Badljevina
134700430,1749357,et,Badlican
134700507,1749358,et,Baginec
134700584,1749359,et,Baderna
134700892,1749363,et,Bacin Dol
134700969,1749364,et,Bacina
134701046,1749365,et,Bacin
134701123,1749366,et,Bacevac
134701200,1749367,et,Babotok
134701354,1749369,et,Babino Polje
134701508,1749371,et,Babina Rijeka
134701585,1749372,et,Babina Greda
134701662,1749373,et,Babinac Ivanski
134701739,1749374,et,Babinac
134702047,1749378,et,Augustanovec
134702124,1749379,et,Asikovci
134702278,1749381,et,Arbanija
134702509,1749384,et,Apsevci
134702586,1749385,et,Apatovec
134702663,1749386,et,Apatija
134702817,1749388,et,Antunovac
134702894,1749389,et,Antunovac
134703125,1749392,et,Antonci
134703202,1749393,et,Antolovec
134703279,1749394,et,Antin
134703356,1749395,et,Antenal
134703433,1749396,et,Andrilovec
134703510,1749397,et,Andrijasevci
134703587,1749398,et,Andrasevec
134703664,1749399,et,Aljmas
134703741,1749400,et,Alilovci
134703818,1749401,et,Aleksinica
134703895,1749402,et,Bukovacki Antunovac
134703972,1749403,et,Aleksandrovac Požeski
134704126,1749405,et,Adzamovci
134704357,1749408,et,Adamovec
134704511,1749410,et,Ada
134704665,1749412,et,Mliniste
134704742,1749413,et,Mihalj
134704973,1749416,et,Klek
134705127,1749418,et,Metohija
134705204,1749419,et,Zaton Mali
134705281,1749420,et,Zvekovica
134705358,1749421,et,Zastolje
134705512,1749423,et,Dubravka
134705589,1749424,et,Lovorje
134705743,1749426,et,Zamasline
134706975,1749442,et,Jagnjedovec
134707052,1749443,et,Sveti Martin Pod Okicem
134707129,1749444,et,Mala Gorica
134707206,1749445,et,Stupnicki Obrez
134707283,1749446,et,Gornji Stupnik
134707360,1749447,et,Kladje
134707437,1749448,et,Novaki
134707591,1749450,et,Bestovje
134707899,1749454,et,Plano
134708977,1749468,et,Gorice
134709208,1749471,et,Bicine
134709978,1749481,et,Brodarica
134710363,1749486,et,Podglavica
134710517,1749488,et,Vadalj
134710979,1749494,et,Razanj
134711441,1749500,et,Bila Vlaka
134711980,1749507,et,Sikovo
134712673,1749516,et,Divsici
134712750,1749517,et,Sarici
134713212,1749523,et,Vintijan
134713751,1749530,et,Hum Zabocki
134713828,1749531,et,Pavlovec Zabocki
134713905,1749532,et,Martinisce
134713982,1749533,et,Vrtnjakovec
134714059,1749534,et,Lepajci
134714136,1749535,et,Gornja Pacetina
134714213,1749536,et,Donje Jesenje
134714367,1749538,et,Lukavec Klanjecki
134714444,1749539,et,Ravno Brezje
134714521,1749540,et,Ravnice Desinicke
134714598,1749541,et,Kosnica
134714675,1749542,et,Zagorska Sela
134715753,1749556,et,Veljun
134718833,1749596,et,Tomica
134721220,1749627,et,Podrvanj
134721374,1749629,et,Buzdohanj
134721451,1749630,et,Otric-Seoci
134721836,1749635,et,Srb
134721913,1749636,et,Stasevica
134722375,1749642,et,Peracko Blato
134722837,1749648,et,Blace
134723684,1749659,et,Borje
134724300,1749667,et,Lucice
134725070,1749677,et,Glibote
134726841,1749700,et,Dobrince
134727149,1749704,et,Vukojevci
134727303,1749706,et,Vanici
134727380,1749707,et,Golubovac Divuski
134727611,1749710,et,Maruzini
134727996,1749715,et,Tuk
134728381,1749720,et,Stokovci
134728458,1749721,et,Mocile
134728997,1749728,et,Melnica
134729074,1749729,et,Juricev Kal
134729305,1749732,et,Lokva Rogoznica
134729382,1749733,et,Celina
134729459,1749734,et,Tanac
134729998,1749741,et,Podrinje
134730229,1749744,et,Dubovac Okucanski
134730460,1749747,et,Jabuka
134730999,1749754,et,Vedrine
134731230,1749757,et,Liska
134731461,1749760,et,Trnava
134731538,1749761,et,Masic
134732000,1749767,et,Brgani
134732231,1749770,et,Tomisici
134732308,1749771,et,Godinjak
134733001,1749780,et,Zivike
134733463,1749786,et,Duga Gora
134733925,1749792,et,Popovici
134734233,1749796,et,Krcenik
134734695,1749802,et,Frketic Selo
134734926,1749805,et,Netretic
134735003,1749806,et,Komorica
134735157,1749808,et,Donje Mrzlo Polje
134735234,1749809,et,Udbinja
134735311,1749810,et,Pavlovci
134735696,1749815,et,Nunic
134736774,1749829,et,Stupnicki Kuti
134738314,1749849,et,Susci
134739007,1749858,et,Brezani
134740085,1749872,et,Prekopa
134740316,1749875,et,Brezova Glava
134740470,1749877,et,Okic
134740701,1749880,et,Orbanici
134741086,1749885,et,Vratecko
134742626,1749905,et,Kastel Zegarski
134742780,1749907,et,Bogatnik
134742934,1749909,et,Donji Kukuruzari
134743627,1749918,et,Podgrade
134743935,1749922,et,Bukovic
134744782,1749933,et,Zagrad
134744859,1749934,et,Klobucak
134745013,1749936,et,Pamici
134745244,1749939,et,Mastrinka
134745398,1749941,et,Stifanici
134746861,1749960,et,Brajkovici
134746938,1749961,et,Podorljak
134747092,1749963,et,Vezac
134747169,1749964,et,Dograde
134747400,1749967,et,Skropeti
134748016,1749975,et,Seliste
134748093,1749976,et,Veliko Krcevo
134748324,1749979,et,Cvrljevo
134748401,1749980,et,Brnjica
134748555,1749982,et,Kljuc
134749171,1749990,et,Lapsina
134749479,1749994,et,Marcenegla
134749556,1749995,et,Krivaj Sunjski
134749941,1750000,et,Barusici
134750403,1750006,et,Butoniga
134750942,1750013,et,Robadje
134751019,1750014,et,Mirlovic Polje
134751789,1750024,et,Donje Rastane
134752174,1750029,et,Krizanci
134752482,1750033,et,Lipovljani
134752867,1750038,et,Lukar
134752944,1750039,et,Suknovci
134753329,1750044,et,Zvjerinac
134753483,1750046,et,Uzdolje
134755177,1750068,et,Cerovac
134755639,1750074,et,Rosini
134755870,1750077,et,Dreznik
134756101,1750080,et,Sagovina-Cernicka
134757179,1750094,et,Draskovec
134757564,1750099,et,Smokovic
134758026,1750105,et,Topolje
134758411,1750110,et,Brezik Nasicki
134758642,1750113,et,Vulisinec
134758719,1750114,et,Kamenicki Vrhovec
134758796,1750115,et,Kamenica
134759104,1750119,et,Veternicka Velika
134759181,1750120,et,Lobor
134759335,1750122,et,Kukljica
134759874,1750129,et,Milna
134759951,1750130,et,Vukanci
134760028,1750131,et,Ladislavec
134760105,1750132,et,Cetinovec
134760490,1750137,et,Preko
134760567,1750138,et,Rajsavci
134761029,1750144,et,Borkovec
134761337,1750148,et,Dubovec
134761491,1750150,et,Zavala
134761645,1750152,et,Ivan Dolac
134761722,1750153,et,Zlatar-Bistrica
134761799,1750154,et,Brestovec
134761876,1750155,et,Gusakovec
134762415,1750162,et,Gornje Oresje
134762569,1750164,et,Madzarevo
134762646,1750165,et,Kaldir
134763108,1750171,et,Okuje
134763339,1750174,et,Mega
134763878,1750181,et,Cabraji
134764109,1750184,et,Draganovec
134764263,1750186,et,Starigrad
134764340,1750187,et,Koprivnicki Ivanec
134764648,1750191,et,Necujam
134764802,1750193,et,Delovi
134764956,1750195,et,Verunic
134765033,1750196,et,Repas
134765418,1750201,et,Vlaistav
134767420,1750227,et,Mala Mlinska
134769114,1750249,et,Kijani
134769884,1750259,et,Bibali
134769961,1750260,et,Ivanovo Polje
134770115,1750262,et,Dubrava
134770192,1750263,et,Makovci
134770577,1750268,et,Krseuine
134770654,1750269,et,Suplja Lipa
134773349,1750304,et,Rovanjska
134774658,1750321,et,Cista Mlaka
134775043,1750326,et,Kasinska Sopnica
134775120,1750327,et,Blagusa
134775582,1750333,et,Rupalj
134775659,1750334,et,Podgradina
134775967,1750338,et,Grgurica
134776044,1750339,et,Lovinac
134776891,1750350,et,Jovici
134777892,1750363,et,Zerava
134777969,1750364,et,Poljica-Brig
134778123,1750366,et,Celine
134778431,1750370,et,Krnesa
134778508,1750371,et,Pavlovec Vrbovecki
134778585,1750372,et,Sulinec
134778662,1750373,et,Donji Lipovcani
134778739,1750374,et,Gornji Draganec
134778816,1750375,et,Koritna
134779201,1750380,et,Farkasevac
134781280,1750407,et,Nin
134781357,1750408,et,Grbe
134781665,1750412,et,Novi Skucani
134781973,1750416,et,Smokvica
134782050,1750417,et,Miskovici
134782666,1750425,et,Ziroslavlje
134782743,1750426,et,Molat
134787748,1750491,et,Sveti Ivan
134789134,1750509,et,Stari Vas
134789288,1750511,et,Kosljun
134789519,1750514,et,Stari Grad
134789596,1750515,et,Gorica
134792522,1750553,et,Novoselo Bilajsko
134793677,1750568,et,Mali Drvenik
134793831,1750570,et,Birovaca
134794755,1750582,et,Budzak
134796603,1750606,et,Volarice
134797142,1750613,et,Novoselo
134797219,1750614,et,Podostra
134797681,1750620,et,Debelo Brdo
134797758,1750621,et,Kaniza
134799067,1750638,et,Sikic- Drazica
134801531,1750670,et,Kustici
134802301,1750680,et,Pavkovici
134802378,1750681,et,Catrnja
134802609,1750684,et,Kolaric
134802763,1750686,et,Loskunja
134802840,1750687,et,Radonja
134802917,1750688,et,Knezevic Kosa
134806536,1750735,et,Musaluk
134807460,1750747,et,Novo Brdo
134807537,1750748,et,Petravec
134807845,1750752,et,Malo Polje
134809308,1750771,et,Podastrana
134811849,1750804,et,Jakisnica
134812850,1750817,et,Smrecje
134813543,1750826,et,Kompolje
134815237,1750848,et,Horvati
134816546,1750865,et,Oborovo
134816623,1750866,et,Bijela Gorica
134819164,1750899,et,Pila
134819241,1750900,et,Stubicka Slatina
134819395,1750902,et,Kampor
134819703,1750906,et,Kapelski Vrh
134819780,1750907,et,Senkovec
134820165,1750912,et,Goljak
134820242,1750913,et,Strmac Pribicki
134820319,1750914,et,Goli Vrh
134823091,1750950,et,Zajacko Selo
134825786,1750985,et,Irinovac
134826017,1750988,et,Brajdici
134826864,1750999,et,Zapolje
134830791,1751050,et,Batomalj
134831869,1751064,et,Segotici
134832254,1751069,et,Makov Hrib
134833409,1751084,et,Donji Cerovac
134833563,1751086,et,Slunj Novo Selo
134833948,1751091,et,Tatar Varos
134834025,1751092,et,Donja Brusovaca
134834102,1751093,et,Vranovci
134834256,1751095,et,Prevlaka
134834333,1751096,et,Mali Iz
134834487,1751098,et,Mandicevac
134835642,1751113,et,Kajgana
134836104,1751119,et,Salopek Selo
134836181,1751120,et,Nikolici
134836335,1751122,et,Deraseleh
134836412,1751123,et,Sopot
134836874,1751129,et,Seoci
134837028,1751131,et,Drskovci
134837105,1751132,et,Zavrsje Požesko
134837182,1751133,et,Nurkovac
134837259,1751134,et,Dolac
134837413,1751136,et,Komusina
134837567,1751138,et,Donji Gucani
134837644,1751139,et,Gornji Gucani
134837721,1751140,et,Ivandol
134837875,1751142,et,Stara Lipa
134838029,1751144,et,Nova Lipa
134838260,1751147,et,Marindvor
134838337,1751148,et,Boricevci
134838491,1751150,et,Novi Mihaljevci
134838568,1751151,et,Bankovci Požeski
134838645,1751152,et,Krivaja Požeška
134839184,1751159,et,Potocani Požeski
134839261,1751160,et,Doljanci
134839646,1751165,et,Trnovac Požeski
134839800,1751167,et,Vidovci
134839877,1751168,et,Alaginci
134839954,1751169,et,Turnic
134840031,1751170,et,Seovci
134840185,1751172,et,Komarovci
134840262,1751173,et,Golo Brdo
134840339,1751174,et,Dervisaga
134840416,1751175,et,Svetinja
134840493,1751176,et,Novi Besinci
134840570,1751177,et,Besinci
134840647,1751178,et,Bertelovci
134840801,1751180,et,Kuzmica
134840878,1751181,et,Viskovci-Požeski
134840955,1751182,et,Bzenica
134841032,1751183,et,Frkljevci
134841263,1751186,et,Svilna
134841340,1751187,et,Resnik Požeski
134841417,1751188,et,Bresnica Požeška
134841571,1751190,et,Rusevo
134841648,1751191,et,Novoselci Jaksicki
134841725,1751192,et,Lakusije
134841802,1751193,et,Cerovac Jaksicki
134841879,1751194,et,Granje
134841956,1751195,et,Radnovac
134842033,1751196,et,Zarilac
134842264,1751199,et,Vukojevica
134842341,1751200,et,Ferovac
134842418,1751201,et,Ovcara
134842572,1751203,et,Gornji Mitrovac
134842880,1751207,et,Malino
134842957,1751208,et,Kujnik
134843111,1751210,et,Bartolovci
134843419,1751214,et,Radovanje
134844420,1751227,et,Zavrsje
134844959,1751234,et,Paulin Dvor
134845036,1751235,et,Srednji Lipovac
134846037,1751248,et,Velika Mlaka
134846807,1751258,et,Borovo
134847808,1751271,et,Stupa
134849194,1751289,et,Podimoc
134849887,1751298,et,Smokovljani
134850349,1751304,et,Kotezi
134850580,1751307,et,Mihatovici
134851812,1751323,et,Vodovoga
134852120,1751327,et,Palje Brdo
134853275,1751342,et,Bosanka
134854122,1751353,et,Grbavac
134854199,1751354,et,Martinovici
134854276,1751355,et,Buici
134854584,1751359,et,Knezica
134854661,1751360,et,Cajkovica
134854892,1751363,et,Pobrezje
134855046,1751365,et,Brasina
134855123,1751366,et,Zavrelje
134855585,1751372,et,Poljice
134856971,1751390,et,Cilipi
134857587,1751398,et,Celopeci
134857664,1751399,et,Mandaljena
134857741,1751400,et,Majsperk
134858357,1751408,et,Zaton Doli
134859281,1751420,et,Celije
134865903,1751506,et,Bukovac
134866211,1751510,et,Varos
134867135,1751522,et,Smiljansko Polje
134876760,1751647,et,Rosulje
134879378,1751681,et,Prazici
134879686,1751685,et,Buzim
134879840,1751687,et,Otes
134881303,1751706,et,Stampari
134881765,1751712,et,Gornje Vrhovine
134883921,1751740,et,Vratnik
134888849,1751804,et,Gradina
134892160,1751847,et,Seliste
134896703,1751906,et,Stanici
134897704,1751919,et,Kraljevac
134900707,1751958,et,Buzeta
134903941,1752000,et,Vucipolje
134910794,1752089,et,Primorci
134917955,1752182,et,Salopek Selo
134920650,1752217,et,Mededak
134920804,1752219,et,Nova Krslja
134923653,1752256,et,Babici
134925039,1752274,et,Citluk
134926656,1752295,et,Vrabac
134927734,1752309,et,Podkonje
134928427,1752318,et,Kovacic
134930429,1752344,et,Ugljane
134931276,1752355,et,Zivaja
134932816,1752375,et,Veliki Cukur
134933201,1752380,et,Seliste Kostajnicko
134936897,1752428,et,Rosulje
134942826,1752505,et,Skukani
134942903,1752506,et,Ercegovci
134944597,1752528,et,Osoje
134945675,1752542,et,Dubrava
134945983,1752546,et,Gornje Sitno
134946907,1752558,et,Gornja Siljkovaca
134947831,1752570,et,Grabarska
134950449,1752604,et,Sutina
134951758,1752621,et,Pasin Potok
134954915,1752662,et,Radosic
134956147,1752678,et,Budimiri
134957379,1752694,et,Ljeskovac
134960074,1752729,et,Borojevici
134961152,1752743,et,Celine
134961614,1752749,et,Prgomet
134961999,1752754,et,Jasensko
134964848,1752791,et,Suhac
134969160,1752847,et,Draga
134969391,1752850,et,Kamen
134969930,1752857,et,Kucine
134970238,1752861,et,Zupa
134970469,1752864,et,Strazica
134971008,1752871,et,Glavina
134978862,1752973,et,Kelebude
134979093,1752976,et,Vucinici
134981557,1753008,et,Zmijavci
134982173,1753016,et,Kamenmost
134982866,1753025,et,Ivanbegovina
134983790,1753037,et,Paukovac
134983944,1753039,et,Kepcije
134986870,1753077,et,Radocaji
134986947,1753078,et,Sumet
134987640,1753087,et,Gornji Popovac
134988949,1753104,et,Puskarici
134989334,1753109,et,Mali Vukovic
134989565,1753112,et,Marindolsko Brdo
134992337,1753148,et,Greda
134993569,1753164,et,Calugari
134996726,1753205,et,Matijevici
135000345,1753252,et,Grabovci
135006890,1753337,et,Dicmo Osoje
135008661,1753360,et,Kraj
135015206,1753445,et,Mijaca
135016823,1753466,et,Dubrava
135025216,1753575,et,Uskoci
135025832,1753583,et,Kujici
135036766,1753725,et,Kremena
135036920,1753727,et,Komarna
135036997,1753728,et,Duboka
135038152,1753743,et,Boljenovici
135038383,1753746,et,Misinka
135039615,1753762,et,Seliste
135041001,1753780,et,Luka
135042233,1753796,et,Glavice
135043311,1753810,et,Tustevac
135044081,1753820,et,Dubravica
135044697,1753828,et,Vlaka
135044928,1753831,et,Prud
135047546,1753865,et,Banja
135047854,1753869,et,Podgradina
135048393,1753876,et,Matijevici
135048470,1753877,et,Krvavac
135048778,1753881,et,Momici
135049086,1753885,et,Masline
135050010,1753897,et,Jazavica
135050087,1753898,et,Vocarica
135050934,1753909,et,Otok
135051165,1753912,et,Saric Struga
135054399,1753954,et,Kobiljaca
135055246,1753965,et,Podprolog
135057248,1753991,et,Laze
135057787,1753998,et,Korenica
135058634,1754009,et,Cvitovic
135058711,1754010,et,Gornje Taboriste
135062099,1754054,et,Kozica
135062176,1754055,et,Brijest
135062869,1754064,et,Novi Bolman
135063023,1754066,et,Vucjak Fericanacki
135063177,1754068,et,Livana
135063562,1754073,et,Nemetin
135063870,1754077,et,Seline
135063947,1754078,et,Vitaljina
135064255,1754082,et,Poljice
135064948,1754091,et,Kuzminec-Veternicki
135065025,1754092,et,Cvetlin
135065102,1754093,et,Gornji Vidusevac
135065179,1754094,et,Novo Seliste
135065256,1754095,et,Grabovac Banski
135065333,1754096,et,Martinovici
135065410,1754097,et,Umetic
135065487,1754098,et,Grabostani
135065718,1754101,et,Posavski Bregi
135065795,1754102,et,Hrastelnica
135065872,1754103,et,Milanovac
135066796,1754115,et,Montizana
135066950,1754117,et,Bonaci
135067104,1754119,et,Zuzici
135067181,1754120,et,Brecevici
135067258,1754121,et,Cere
135067412,1754123,et,Koromani
135067489,1754124,et,Marici
135067566,1754125,et,Sivati
135067643,1754126,et,Foli
135067797,1754128,et,Krizanci
135068105,1754132,et,Cervar-Porat
135068336,1754135,et,Karigador
135068567,1754138,et,Crveni Vrh
135068644,1754139,et,\N
135068721,1754140,et,Babici
135068952,1754143,et,Plovanija
135069183,1754146,et,Bijele Zemlje
135069414,1754149,et,Babici
135069491,1754150,et,Ferenci
135069876,1754155,et,Juuradi
135069953,1754156,et,Racicki Brijeg
135070261,1754160,et,Karlovac
135070415,1754162,et,Pomena
135070569,1754164,et,Dropkovec
135070646,1754165,et,Pavicini
135070723,1754166,et,Lozica
135070877,1754168,et,Kremenici
135070954,1754169,et,Ostrobradic
135071031,1754170,et,Pustike
135071108,1754171,et,Banski Moravci
135071262,1754173,et,Cerovac Vukmanicki
135071647,1754178,et,Knez Gorica
135071801,1754180,et,Slunjski Moravci
135071878,1754181,et,Grabovci
135071955,1754182,et,Runovici
135072032,1754183,et,Zupa dubrovacka
135072109,1754184,et,Dubrovacko primorje
135072186,1754185,et,Donje Obuljeno
135072263,1754186,et,Gornje Obuljeno
135072340,1754187,et,Pojezerje
135072417,1754188,et,Zazablje
135072571,1754190,et,Dramalj
135072725,1754192,et,Mimice
135072879,1754194,et,Zaboric
135072956,1754195,et,Pasadur
135073033,1754196,et,Stubicke Toplice
135073110,1754197,et,Sveti Juraj na Bregu
135073187,1754198,et,Viskovo
135073264,1754199,et,Magadenovac
135073341,1754200,et,Solta
135073418,1754201,et,Lazina Cicka
135073572,1754203,et,Velika Kosnica
135073649,1754204,et,Poljana Cicka
135073803,1754206,et,Stanici
135073880,1754207,et,Krizine
135073957,1754208,et,Klanice
135074188,1754211,et,Donji Stupnik
135074342,1754213,et,Dvornica
135074419,1754214,et,Kanica
135074496,1754215,et,Svinca
135074650,1754217,et,Brezje Dravsko
135074727,1754218,et,Grljevac
135074804,1754219,et,Hrascica
135074881,1754220,et,Jalsevec Nartski
135074958,1754221,et,Struga Nartska
135075035,1754222,et,Novaki Nartski
135075112,1754223,et,Otok Nartski
135075189,1754224,et,Svibje
135075266,1754225,et,Otok Svibovski
135075343,1754226,et,Mihotici
135075420,1754227,et,Radovec
135075497,1754228,et,Turcin
135075574,1754229,et,Bela
135075651,1754230,et,Paka
135075728,1754231,et,Visnjica
135075882,1754233,et,Prodol
135075959,1754234,et,Opric
135076036,1754235,et,Poljica
135076113,1754236,et,Pinezici
135076190,1754237,et,Plitvicka Jezera
135076575,1754242,et,Finida
135076652,1754243,et,Gajac
135076729,1754244,et,Dobrec
135076806,1754245,et,Cancini
135077114,1754249,et,Salakovci
135077191,1754250,et,Ripenda Kras
135077268,1754251,et,Rocko Polje
135077576,1754255,et,Plomin Luka
135077807,1754258,et,Pjescana Uvala
135077961,1754260,et,Mareda
135078115,1754262,et,Kukci
135078269,1754264,et,Jadruhi
135078346,1754265,et,Liganj
135078423,1754266,et,Tribulje
135078500,1754267,et,Sveti Bartol
135078577,1754268,et,Valbandon
135078654,1754269,et,Valica
135078808,1754271,et,Zaklopatica
135078962,1754273,et,Brnobici
135079039,1754274,et,Sveti Petar na Moru
135079347,1754278,et,Konjscina
135079424,1754279,et,Vucetinec
135079655,1754282,et,Milcetici
135080733,1754296,et,Marusici
135080887,1754298,et,Saplunara
135081118,1754301,et,Mirca
135081657,1754308,et,Palit
135081965,1754312,et,Presika
135082119,1754314,et,Zatoglav
135083120,1754327,et,Kapelica
135083736,1754335,et,Buici
135083813,1754336,et,Sveti Martin
135084352,1754343,et,Stranici
135084506,1754345,et,Borak
135084583,1754346,et,Sveti Bartul
135084660,1754347,et,Sveta Jelena
135085738,1754361,et,Mali Golji
135085815,1754362,et,Golovik
135085969,1754364,et,Blaskovici
135086354,1754369,et,Naklice
135086431,1754370,et,Zajci
135086508,1754371,et,Milovcici
135086585,1754372,et,Basarinka
135086893,1754376,et,Kapelscak
135087586,1754385,et,Tuheljske Toplice
135087663,1754386,et,Banfi
135087740,1754387,et,Zelezna Gora
135087817,1754388,et,Parag
135087894,1754389,et,Vrhovljan
135087971,1754390,et,Leskovec
135088048,1754391,et,Stanetinec
135088125,1754392,et,Cestijanec
135088202,1754393,et,Prekopa
135088279,1754394,et,Jurovec
135088356,1754395,et,Toplice Sveti Martin
135088433,1754396,et,Gradiscak
135088510,1754397,et,Jurovcak
135088587,1754398,et,Bukovec
135088664,1754399,et,Zavescak
135088741,1754400,et,Plesivica
135088818,1754401,et,Zabnik
135088895,1754402,et,Tupkovec
135088972,1754403,et,Vugrisinec
135089049,1754404,et,Dragoslavec
135089126,1754405,et,Dragoslavec Breg
135089203,1754406,et,Dragoslavec Selo
135089280,1754407,et,Vukanovec
135089357,1754408,et,Martinusevec
135089434,1754409,et,Nova Drencina
135089511,1754410,et,Staro Pracno
135089665,1754412,et,Zupic
135089742,1754413,et,Sibic
135089819,1754414,et,Mali Mihaljevec
135089896,1754415,et,Frkanovec
135089973,1754416,et,Slemenice
135090050,1754417,et,Knezovec
135090127,1754418,et,Pretetinec
135090204,1754419,et,Gornji Kursanec
135090281,1754420,et,Savska Ves
135090358,1754421,et,Piskorovec
135090435,1754422,et,Celine
135090512,1754423,et,Crevarska Strana
135090589,1754424,et,Podgorje
135090666,1754425,et,Cakanec
135090743,1754426,et,Zitkovcica
135090820,1754427,et,Sibice
135090974,1754429,et,Sop
135091051,1754430,et,Kopcevec
135091128,1754431,et,Demerje
135091205,1754432,et,Brdani Kosa
135091282,1754433,et,Veliko Polje
135091359,1754434,et,Bapca
135091436,1754435,et,Sasi
135091513,1754436,et,Drenje Scitarjevsko
135091590,1754437,et,Lukarisce
135091667,1754438,et,Prozorje
135091744,1754439,et,Trnje
135091821,1754440,et,Donji Pustakovec
135091898,1754441,et,Soblinec
135091975,1754442,et,Zitarka
135092052,1754443,et,Desprim
135092129,1754444,et,Dreznik Brezovicki
135092206,1754445,et,Zejinci
135092283,1754446,et,Stankovic
135092360,1754447,et,Podgorje
135092437,1754448,et,Cret Posavski
135092514,1754449,et,Drnek
135092591,1754450,et,Zablatje Posavsko
135092745,1754452,et,Donje Taboriste
135092822,1754453,et,Nikšić
135093053,1754456,et,Presecno
135093130,1754457,et,Babinec
135093207,1754458,et,Bednjica
135093284,1754459,et,Benkovec
135093361,1754460,et,Rinkovec
135093438,1754461,et,Brezova Gora
135093515,1754462,et,Jazbina Cvetlinska
135093592,1754463,et,Meljan
135093823,1754466,et,Gornji Tomas
135093977,1754468,et,Prokuvljani
135094054,1754469,et,Puricani
135094131,1754470,et,Stancici
135094208,1754471,et,Zvijerci
135094362,1754473,et,Dapci
135094439,1754474,et,Dereza
135094516,1754475,et,Donji Draganec
135094670,1754477,et,Gornji Dragicevci
135094747,1754478,et,Sroki
135094824,1754479,et,Sarsoni
135094901,1754480,et,Brežice
135094978,1754481,et,Brežice
135095055,1754482,et,Mladenici
135095132,1754483,et,Postranje
135095209,1754484,et,Mavrinci
135095286,1754485,et,Kosi
135095363,1754486,et,Prekopakra
135095440,1754487,et,Lug Samoborski
135095517,1754488,et,Mreznicki Varos
135095594,1754489,et,Hrastina Samoborska
135095671,1754490,et,Donja Semnica
135095748,1754491,et,Zavrsje Podbelsko
135095825,1754492,et,Garesnicki Brestovac
135095902,1754493,et,Spickovina
135095979,1754494,et,Klokovec
135096056,1754495,et,Podgorje
135096133,1754496,et,Cresnjevo
135096210,1754497,et,Podstrana - Miljevac
135096287,1754498,et,Podstrana - Zminjaca
135096364,1754499,et,Podstrana - Sv. Martin
135096441,1754500,et,Podstrana - Grbavac
135096518,1754501,et,Primosten Burnji
135096595,1754502,et,Bregi
135096672,1754503,et,Crnac
135096749,1754504,et,Prudnice
135096826,1754505,et,Korija
135096903,1754506,et,Cemernica
135096980,1754507,et,Zoljan
135097057,1754508,et,Benkovacko Selo
135097134,1754509,et,Podstrana - Strozanac Gornji
135097211,1754510,et,Polje Krapinsko
135097288,1754511,et,Gorica
135097365,1754512,et,Samoborski Otok
135097442,1754513,et,Lug Poznanovecki
135097519,1754514,et,Ivanovci Dakovacki
135097596,1754515,et,Secerana
135097673,1754516,et,Mokrice
135097750,1754517,et,Drenje Brdovecko
135097827,1754518,et,Lug Zabocki
135097904,1754519,et,Kunovec Breg
135097981,1754520,et,Dubrava Zabocka
135098058,1754521,et,Gornja Semnica
135098135,1754522,et,Belajske Poljice
135098212,1754523,et,Ciglenica Zagorska
135098289,1754524,et,Podgora Krapinska
135098366,1754525,et,Gradna
135098443,1754526,et,Podvrh
135098520,1754527,et,Donji Macelj
135098597,1754528,et,Calinec
135098674,1754529,et,Caginec
135098751,1754530,et,Nova Mokosica
135098828,1754531,et,Gornje Mrzlo Polje
135098905,1754532,et,Grana
135098982,1754533,et,Globocec
135099213,1754536,et,Sleme
135099290,1754537,et,Vugrovec
135099367,1754538,et,Prekvrsje
135099444,1754539,et,Markovo Polje
135099521,1754540,et,Paruzevina
135099598,1754541,et,Planina Donja
135099675,1754542,et,Budenec
135099752,1754543,et,Gajec
135099829,1754544,et,Vugrovec Gornji
135099906,1754545,et,Simuncevec
135099983,1754546,et,Vurnovec
135100060,1754547,et,Drencec
135100137,1754548,et,Havidic Selo
135100214,1754549,et,Mala Jazbina
135100291,1754550,et,Püha Jüri
135100368,1754551,et,Cret
135100445,1754552,et,Buk Vlaka
135100522,1754553,et,Podcudnic
135100599,1754554,et,Jagnjic Dol
135100676,1754555,et,Farkasevec Samoborski
135100753,1754556,et,Strmec Remetinecki
135100830,1754557,et,Bobovje
135100907,1754558,et,Zabrezani
135100984,1754559,et,Staglinec
135101061,1754560,et,Kuceli-gornji
135101138,1754561,et,Mihaljekov Jarek
135101215,1754562,et,Grdenci
135101292,1754563,et,Sesvete Ludbreske
135101369,1754564,et,Hum Bistricki
135101446,1754565,et,Hrusevec Kupljenski
135101523,1754566,et,Gornje Rastane
135101600,1754567,et,Jakopovec
135101677,1754568,et,Punikve
135101754,1754569,et,Globocec Ludbreski
135101831,1754570,et,Dolice
135101908,1754571,et,Vukovo Selo
135101985,1754572,et,Ivanic Desinicki
135102062,1754573,et,Petrova Gora
135102139,1754574,et,Tkalci
135102216,1754575,et,Trski Vrh
135102293,1754576,et,Strahinje
135102370,1754577,et,Zutnica
135102447,1754578,et,Pristava Krapinska
135102524,1754579,et,Grabe
135102601,1754580,et,Martinec Orehovicki
135102678,1754581,et,Pustodol Orehovicki
135102755,1754582,et,Lug Orehovicki
135102832,1754583,et,Zidovinjak
135102909,1754584,et,Krizance
135102986,1754585,et,Vojnic-Breg
135103063,1754586,et,Zadravec
135103140,1754587,et,Belovar Zlatarski
135103217,1754588,et,Markusbrijeg
135103294,1754589,et,Vojnovec Loborski
135103371,1754590,et,Vinipotok
135103448,1754591,et,Zavrsje Loborsko
135103525,1754592,et,Velika Petrovagorska
135103602,1754593,et,Sipki
135103679,1754594,et,Purga Bednjanska
135103833,1754596,et,Zelendvor
135103910,1754597,et,Doljan
135103987,1754598,et,Tomasevec Biskupecki
135104064,1754599,et,Krizanec
135104141,1754600,et,Zigrovec
135104218,1754601,et,Jurketinec
135104295,1754602,et,Koretinec
135104372,1754603,et,Biljevec
135104449,1754604,et,Koskovec
135104526,1754605,et,Bikovec
135104603,1754606,et,Brodarovec
135104680,1754607,et,Krc
135104757,1754608,et,Toplicica
135104834,1754609,et,Kamena Gorica
135104911,1754610,et,Jelenscak
135104988,1754611,et,Filipici
135105065,1754612,et,Orehovec
135105142,1754613,et,Zlogonje
135105219,1754614,et,Kamenicko Podgorje
135105296,1754615,et,Ocura
135105373,1754616,et,Viletinec
135105450,1754617,et,Muricevec
135105527,1754618,et,Crkovec
135105604,1754619,et,Cargovec
135105681,1754620,et,Domitrovec
135105758,1754621,et,Krkanec
135105835,1754622,et,Budislavec
135105912,1754623,et,Sijanec
135105989,1754624,et,Prekno
135106066,1754625,et,Papinec
135106143,1754626,et,Lipovnik
135106220,1754627,et,Radovan
135106297,1754628,et,Lancic
135106374,1754629,et,Ivanecki Vrhovec
135106451,1754630,et,Ivanecko Naselje
135106528,1754631,et,Kaniza
135106605,1754632,et,Seljanec
135106682,1754633,et,Ivanecka Zeljeznica
135106759,1754634,et,Osecka
135106836,1754635,et,Horvatsko
135106913,1754636,et,Ribic Breg
135106990,1754637,et,Cerje Tuzno
135107067,1754638,et,Lukavec
135107144,1754639,et,Geckovec
135107221,1754640,et,Sudovcina
135107298,1754641,et,Krizovljan
135107375,1754642,et,Madarasevec
135107452,1754643,et,Jalsevec Svibovecki
135107529,1754644,et,Petkovec Toplicki
135107606,1754645,et,Hrastovec Toplicki
135107683,1754646,et,Crnile
135107760,1754647,et,Curilovec
135107837,1754648,et,Grescevina
135107914,1754649,et,Natkrizovljan
135107991,1754650,et,Krizovljan Radovecki
135108068,1754651,et,Otok Virje
135108145,1754652,et,Selci Krizovljanski
135108222,1754653,et,Radovec Polje
135108299,1754654,et,Malo Gradisce
135108376,1754655,et,Vinicno
135108453,1754656,et,Presecno Visocko
135108530,1754657,et,Kracevec
135108607,1754658,et,Vinica Breg
135108684,1754659,et,Pescenica Vinicka
135108761,1754660,et,Butkovec
135108838,1754661,et,Radesic
135108915,1754662,et,Krscenovec
135108992,1754663,et,Rijeka Vocanska
135109069,1754664,et,Slivarsko
135109146,1754665,et,Budinscak
135109223,1754666,et,Ledinec
135109300,1754667,et,Ledinec Gornji
135109377,1754668,et,Komarnica Ludbreska
135109454,1754669,et,Ljubelj Kalnicki
135109531,1754670,et,Borenec
135109608,1754671,et,Jales Breznicki
135109685,1754672,et,Sutivanac
135109762,1754673,et,Prhati
135109839,1754674,et,Draguzeti
135109916,1754675,et,Vadres
135109993,1754676,et,Kozljani
135110070,1754677,et,Vrecari
135110147,1754678,et,Zupanici
135110224,1754679,et,Snasici
135110301,1754680,et,Bertosi
135110378,1754681,et,Lovrin
135110532,1754683,et,Sveta Katarina
135110609,1754684,et,Tupljak
135110686,1754685,et,Kukurini
135110763,1754686,et,Jakomici
135110840,1754687,et,Oric
135110917,1754688,et,Montovani
135110994,1754689,et,Djuba
135111071,1754690,et,Vardica
135111302,1754693,et,Jakovici
135111379,1754694,et,Mandalencici
135111456,1754695,et,Bazgalji
135111533,1754696,et,Jakacici
135111610,1754697,et,Sveti Ivan
135111687,1754698,et,Pracana
135111764,1754699,et,Krusvari
135111841,1754700,et,Most
135111918,1754701,et,Marinci
135111995,1754702,et,Brnobici
135112072,1754703,et,Penicici
135112149,1754704,et,Stanica Roc
135112226,1754705,et,Selca
135112457,1754708,et,Krbavcici
135112688,1754711,et,Strana
135113227,1754718,et,Sveti Bartul
135113304,1754719,et,Brgod
135113381,1754720,et,Most-Rasa
135113458,1754721,et,Topid
135113766,1754725,et,Kadumi
135113843,1754726,et,Radosi kod Zbandaja
135113920,1754727,et,Brcici
135113997,1754728,et,Mihatovici
135114074,1754729,et,Stancija Vodopia
135114151,1754730,et,Garbina
135114228,1754731,et,Mihelici
135115075,1754742,et,Marceljani
135115152,1754743,et,Rogocana
135115229,1754744,et,Ripenda Verbanci
135115383,1754746,et,Kranjci
135115460,1754747,et,Gondolici
135115537,1754748,et,Bartici
135115845,1754752,et,Gologoricki Dol
135115922,1754753,et,Cusi
135115999,1754754,et,Oslici
135116230,1754757,et,Cambarelici
135116384,1754759,et,Boljevici
135116461,1754760,et,Lazarici
135116538,1754761,et,Veljaki
135116615,1754762,et,Lanisce
135116692,1754763,et,Zagorje
135116769,1754764,et,Jesenovik
135116846,1754765,et,Laginji
135116923,1754766,et,Krculi
135117000,1754767,et,Domijanici
135117077,1754768,et,Grzini
135117154,1754769,et,Debeljuhi
135117231,1754770,et,Perci
135117308,1754771,et,Martincici
135117385,1754772,et,Rogovici
135117539,1754774,et,Kovaci
135117616,1754775,et,Rojci
135117693,1754776,et,Tadini
135117770,1754777,et,Krancici
135117847,1754778,et,Dvori
135118001,1754780,et,Valentici
135118155,1754782,et,Roskici
135118232,1754783,et,Putini
135118540,1754787,et,Lesiscina
135118617,1754788,et,Cokuni
135118694,1754789,et,Anzici
135118848,1754791,et,Paradiz
135118925,1754792,et,Markoci
135119002,1754793,et,Erzisce
135119079,1754794,et,Jurazini
135119156,1754795,et,Kraj Drage
135119310,1754797,et,Donja Vlahinicka
135119387,1754798,et,Gornja Vlahinicka
135119541,1754800,et,Donji Vidusevac
135119618,1754801,et,Dolnjaki
135119695,1754802,et,Ravno Rasce
135120465,1754812,et,Gornje Mokrice
135120619,1754814,et,Donje Mokrice
135120773,1754816,et,Veliki Susnjar
135121158,1754821,et,Bukovsko
135121312,1754823,et,Brnjavac
135121620,1754827,et,Kostresi Saski
135121697,1754828,et,Novoselci
135122313,1754836,et,Ribarici
135122390,1754837,et,Sabljak Selo
135122467,1754838,et,Dujmic Selo
135122544,1754839,et,Markovic Selo
135122698,1754841,et,Luka Pokupska
135122775,1754842,et,Donje Mekusje
135122852,1754843,et,Husje
135123006,1754845,et,Gorscaki
135123083,1754846,et,Zagraj
135123160,1754847,et,Priselci
135123237,1754848,et,Slunjska Selnica
135123314,1754849,et,Karasi
135123545,1754852,et,Mreznicki Brig
135123622,1754853,et,Lisnica
135123699,1754854,et,Mreznicki Novaki
135123776,1754855,et,Bost
135123853,1754856,et,Dobrenici
135124007,1754858,et,Zagradci
135124084,1754859,et,Skupica
135124238,1754861,et,Vinski Vrh
135124315,1754862,et,Jarce Polje
135124392,1754863,et,Dubravci
135124469,1754864,et,Straza
135124546,1754865,et,Toncici
135124700,1754867,et,Zavrsje Netreticko
135125547,1754878,et,Polje Ozaljsko
135125624,1754879,et,Podgraj
135125701,1754880,et,Grdun
135125778,1754881,et,Sveticko Hrasce
135126240,1754887,et,Obrez Vivodinski
135126317,1754888,et,Durlinci
135126548,1754891,et,Bosevci
135127010,1754897,et,Skaljevica
135127087,1754898,et,Lovic Prekriski
135127472,1754903,et,Vrhovacki Sopot
135127549,1754904,et,Trescerovac
135127703,1754906,et,Vrskovac
135128011,1754910,et,Celine Goricke
135128088,1754911,et,Zlebec Goricki
135128165,1754912,et,Hrastina
135128242,1754913,et,Sveti Kriz
135128319,1754914,et,Oplaznik
135128396,1754915,et,Hrscevani
135128473,1754916,et,Vrhi Vinagorski
135128550,1754917,et,Vrhi Pregradski
135128627,1754918,et,Busin
135128704,1754919,et,Svetojurski Vrh
135128781,1754920,et,Cigrovec
135128858,1754921,et,Benkovo
135128935,1754922,et,Pavlovec Pregradski
135129012,1754923,et,Velika Gora
135129089,1754924,et,Gabrovec
135129166,1754925,et,Mala Gora
135129320,1754927,et,Marinci
135129397,1754928,et,Stipernica
135129474,1754929,et,Visnjevec
135129551,1754930,et,Kostelsko
135129628,1754931,et,Vojsak
135129705,1754932,et,Klenice
135129782,1754933,et,Mali Tabor
135129859,1754934,et,Oresje Humsko
135129936,1754935,et,Rusnica
135130013,1754936,et,Druskovec Humski
135130090,1754937,et,Grletinec
135130167,1754938,et,Gornje Brezno
135130244,1754939,et,Zalug
135130321,1754940,et,Poredje
135130398,1754941,et,Vrbisnica
135130475,1754942,et,Klenovec Humski
135130552,1754943,et,Strmec Humski
135130629,1754944,et,Donje Brezno
135130706,1754945,et,Druskovec Gora
135130783,1754946,et,Castiglione
135130860,1754947,et,Jazvine
135130937,1754948,et,Orehovec Radobojski
135131091,1754950,et,Kraljevec Semnicki
135131168,1754951,et,Gorjani Sutinski
135131245,1754952,et,Strahinje Radobojsko
135131322,1754953,et,Jezerisce
135131399,1754954,et,Podbrezovica
135131476,1754955,et,Ravninsko
135131553,1754956,et,Koprivnica Zagorska
135131630,1754957,et,Goricanovec
135131707,1754958,et,Donja Purgarija
135131784,1754959,et,Gornja Purgarija
135131861,1754960,et,Repisce
135132015,1754962,et,Trzic
135132092,1754963,et,Kozlikovo
135132246,1754965,et,Novo Selo Okicko
135132323,1754966,et,Zidarici
135132400,1754967,et,Bogovici
135132477,1754968,et,Zgombici
135132554,1754969,et,Sveti Ivan
135132862,1754973,et,Radici
135133016,1754975,et,Selnica Psarjevacka
135133093,1754976,et,Bunjak
135133170,1754977,et,Donja Drenova
135133247,1754978,et,Gornja Drenova
135133324,1754979,et,Suhodol Zelinski
135133401,1754980,et,Curkovec
135133478,1754981,et,Obrez Zelinski
135133555,1754982,et,Marinovec Zelinski
135133709,1754984,et,Polonje
135133786,1754985,et,Crecan
135133863,1754986,et,Kalinje
135134017,1754988,et,Goricanec
135134248,1754991,et,Filipovici
135134402,1754993,et,Pretoki
135134479,1754994,et,Brezovec Zelinski
135134556,1754995,et,Bukevje
135134633,1754996,et,Goricica
135134710,1754997,et,Vukovje Zelinsko
135134787,1754998,et,Jakusevec Zabocki
135134864,1754999,et,Tisanic Jarek
135134941,1755000,et,Repovec
135135018,1755001,et,Gubasevo
135135095,1755002,et,Prosenik Gubasevski
135135172,1755003,et,Prosenik Zacretski
135135326,1755005,et,Bobovec Rozganski
135135403,1755006,et,Rozga
135135480,1755007,et,Lugarski Breg
135135557,1755008,et,Vucilcevo
135135634,1755009,et,Prosinec
135135788,1755011,et,Pologi
135135865,1755012,et,Gregurovec
135135942,1755013,et,Frkuljevec Mihovljanski
135136019,1755014,et,Zastenice
135136173,1755016,et,Klisa
135136250,1755017,et,Filipovac
135136327,1755018,et,Japaga
135136635,1755022,et,Gornja Reka
135136712,1755023,et,Donja Reka
135136789,1755024,et,Pavlovcani
135136866,1755025,et,Breznik Plesivicki
135136943,1755026,et,Hrastje Plesivicko
135137020,1755027,et,Crnilovec
135137097,1755028,et,Guci Draganicki
135137174,1755029,et,Belcici
135137251,1755030,et,Brezari
135137328,1755031,et,Celine
135137636,1755035,et,Rastoki
135137790,1755037,et,Hriatska
135137867,1755038,et,Toplice
135137944,1755039,et,Dragovanscak
135138021,1755040,et,Prilipje
135138098,1755041,et,Draga Svetojanska
135138252,1755043,et,Jurjevcani
135138406,1755045,et,Vlaskovec
135138483,1755046,et,Kupec Dol
135138560,1755047,et,Prodin Dol
135138637,1755048,et,Dukovec
135138714,1755049,et,Svaljkovec
135138791,1755050,et,Vrankovec
135138868,1755051,et,Sekirisce
135138945,1755052,et,Kozjak Zacretski
135139022,1755053,et,Pustodol Zacretski
135139099,1755054,et,Klupci Zacretski
135139253,1755056,et,Galovec Zacretski
135139330,1755057,et,Temovec
135139407,1755058,et,Zlec
135139484,1755059,et,Kotarice
135139561,1755060,et,Brezova
135139638,1755061,et,Komor Zacretski
135139715,1755062,et,Dol Klanjecki
135139792,1755063,et,Rakovec Tomasevecki
135139869,1755064,et,Mihanovicev Dol
135139946,1755065,et,Lepoglavec
135140100,1755067,et,Police
135140177,1755068,et,Lucelnica Tomasevecka
135140254,1755069,et,Tomasevec
135140331,1755070,et,Novi Dvori Klanjecki
135140639,1755074,et,Ledine Klanjecke
135140716,1755075,et,Letovcan Novodvorski
135140793,1755076,et,Goljak Klanjecki
135140947,1755078,et,Badanj
135141024,1755079,et,Parcic
135141101,1755080,et,Karalic
135141178,1755081,et,Klokocevec Samoborski
135141255,1755082,et,Celine Samoborske
135141332,1755083,et,Grdanjci
135141409,1755084,et,Dubrava Samoborska
135141486,1755085,et,Vratnik Samoborski
135141563,1755086,et,Slavagora
135141640,1755087,et,Falascak
135141717,1755088,et,Podgrade Podokicko
135141794,1755089,et,Dreznik Podokicki
135141871,1755090,et,Petkov Breg
135141948,1755091,et,Savrscak
135142025,1755092,et,Dolec Podokicki
135142256,1755095,et,Kotari
135142333,1755096,et,Smerovisce
135143180,1755107,et,Breganica
135143642,1755113,et,Modrovec
135143796,1755115,et,Orehova Gorica
135143873,1755116,et,Pasanska Gorica
135143950,1755117,et,Dobri Zdenci
135144181,1755120,et,Jaksinec
135144258,1755121,et,Karivaros
135144335,1755122,et,Hizakovec
135144412,1755123,et,Gornja Podgora
135144489,1755124,et,Donja Podgora
135144566,1755125,et,Milekovo Selo
135144643,1755126,et,Danilo
135144720,1755127,et,Donje Polje
135144797,1755128,et,Vrsno
135144951,1755130,et,Slatina Svedruska
135145028,1755131,et,Svedruza
135145105,1755132,et,Preseka Petrovska
135145182,1755133,et,Podgaj Petrovski
135145259,1755134,et,Brezovica Petrovska
135145336,1755135,et,Benkovec Petrovski
135145413,1755136,et,Stara Ves Petrovska
135145490,1755137,et,Rovno
135145567,1755138,et,Mala Pacetina
135145644,1755139,et,Gredenec
135145721,1755140,et,Dolica Draga
135145798,1755141,et,Golo Brdo
135145875,1755142,et,Podgrage
135145952,1755143,et,Susobreg Bistricki
135146029,1755144,et,Poljana Krizevacka
135146106,1755145,et,Gracina
135146183,1755146,et,Novi Durdic
135146260,1755147,et,Bojnikovec
135146568,1755151,et,Pavlovec Ravenski
135146645,1755152,et,Pesek
135146722,1755153,et,Vujici Vojakovacki
135146876,1755155,et,Gornja Glogovnica
135146953,1755156,et,Jabrani
135147030,1755157,et,Marinovec
135147184,1755159,et,Micijevac
135147261,1755160,et,Sveti Martin
135147415,1755162,et,Jalsje
135147492,1755163,et,Strmec
135147646,1755165,et,Pozarkovec
135147723,1755166,et,Jezero Klanjecko
135147800,1755167,et,Mrzlo Polje
135147877,1755168,et,Vilanci
135147954,1755169,et,Grtovec
135148031,1755170,et,Gotalovec
135148108,1755171,et,Toplicica
135148185,1755172,et,Pece
135148262,1755173,et,Krapinica
135148339,1755174,et,Pazurovec
135148493,1755176,et,Prepustovec
135148647,1755178,et,Veliki Bukovec
135148724,1755179,et,Mali Bukovec
135148801,1755180,et,Frkuljevec Persaveski
135148878,1755181,et,Delkovec
135148955,1755182,et,Starine
135149032,1755183,et,Hrusevec Puscanski
135149109,1755184,et,Bregovljana
135149186,1755185,et,Zlebec Puscanski
135149263,1755186,et,Hrebine
135149340,1755187,et,Dubrava Puscanska
135149417,1755188,et,Marija Magdalena
135149494,1755189,et,Severovci
135149571,1755190,et,Grkine
135149648,1755191,et,Suha Katalena
135149725,1755192,et,Lipovec Lonjski
135149802,1755193,et,Nasicko Novo Selo
135149879,1755194,et,Gabrilovac
135149956,1755195,et,Krcevina
135150033,1755196,et,Josipovo
135150110,1755197,et,Nova Sarovka
135150264,1755199,et,Normanci
135150341,1755200,et,Topoline
135150418,1755201,et,Andrijevac
135150495,1755202,et,Branimirovac
135150572,1755203,et,Zvonimirovo
135150649,1755204,et,Jugovo Polje
135150726,1755205,et,Mala Trapinska
135151188,1755211,et,Cresnjevec
135151265,1755212,et,Pristava
135151342,1755213,et,Lenisce
135151419,1755214,et,Trsteno
135151496,1755215,et,Lipnica Zagorska
135151573,1755216,et,Glogovec Zagorski
135151727,1755218,et,Risvica
135151804,1755219,et,Razdrto Tuheljsko
135151881,1755220,et,Kladnik
135151958,1755221,et,Razvor
135152035,1755222,et,Donji Skrnik
135152189,1755224,et,Dugnjevec
135152266,1755225,et,Velinci
135152343,1755226,et,Bockovec
135152574,1755229,et,Orehovec
135152651,1755230,et,Zamladinec
135152728,1755231,et,Zamladinec
135152805,1755232,et,Mikovec
135152882,1755233,et,Crncevec
135152959,1755234,et,Selanec
135153113,1755236,et,Gornji Fodrovec
135153190,1755237,et,Donji Fodrovec
135153267,1755238,et,Ferezani
135153344,1755239,et,Sela Ravenska
135153421,1755240,et,Kusijevec
135153498,1755241,et,Hizanovec
135153575,1755242,et,Fincevec
135153652,1755243,et,Bogacevo
135153729,1755244,et,Bogacevo Rijecko
135153960,1755247,et,Poljani
135154037,1755248,et,Orlovac Zdenacki
135154268,1755251,et,Veleskovec
135154345,1755252,et,Lipovec
135154422,1755253,et,Opasanjek
135154499,1755254,et,Brezaric
135154576,1755255,et,Krupace
135154730,1755257,et,Mirkopolje
135154807,1755258,et,Hutin
135156039,1755274,et,Hrebinec
135156116,1755275,et,Gornje Dvorisce
135156193,1755276,et,Naselje Stjepana Radica
135156270,1755277,et,Novo Selo
135156424,1755279,et,Podolec
135156501,1755280,et,Marenic
135156578,1755281,et,Banovo
135156655,1755282,et,Gostovic
135156732,1755283,et,Graberscak
135156809,1755284,et,Savska Cesta
135156886,1755285,et,Dulepska
135157040,1755287,et,Konak
135157271,1755290,et,Stivasnica
135157425,1755292,et,Paulovac
135157502,1755293,et,Ivanovo
135157579,1755294,et,Repinec
135157656,1755295,et,Veliki Brezovec
135157733,1755296,et,Mali Brezovec
135157810,1755297,et,Grabric
135157887,1755298,et,Salajci
135157964,1755299,et,Lubena
135158041,1755300,et,Tucenik
135158195,1755302,et,Sladojevacki Lug
135158272,1755303,et,Markovo
135158349,1755304,et,Omamno
135158503,1755306,et,Beloslavec
135158580,1755307,et,Blizna Donja
135158657,1755308,et,Vinovac
135158734,1755309,et,Pozorac
135158811,1755310,et,Najevi
135158888,1755311,et,Bregana Pisarovinska
135158965,1755312,et,Kungevac
135159042,1755313,et,Radulec
135159119,1755314,et,Zukovec
135159196,1755315,et,Zgalisce
135159350,1755317,et,Otocka
135159427,1755318,et,Zlebina
135159504,1755319,et,Lug Gradinski
135159658,1755321,et,Lipovac
135159735,1755322,et,Cadavicki Lug
135159812,1755323,et,Noskovacka Dubrava
135159889,1755324,et,Ilmin Dvor
135159966,1755325,et,Zvonimirovac
135160043,1755326,et,Sasevo
135160120,1755327,et,Kapela Dvor
135160197,1755328,et,Veliko Polje
135160428,1755331,et,Zrinj Lukacki
135160505,1755332,et,Gora Veternicka
135160582,1755333,et,Veternica
135160659,1755334,et,Ocura
135160813,1755336,et,Molve Grede
135160890,1755337,et,Dobra Voda
135160967,1755338,et,Zapuzane
135161044,1755339,et,Lovreca Sela
135161121,1755340,et,Jasenovac Zagorski
135161198,1755341,et,Donje Vino
135161275,1755342,et,Klupci
135161352,1755343,et,Maturovec
135161429,1755344,et,Oratje
135161506,1755345,et,Jurjevec
135161583,1755346,et,Gregurovec
135161660,1755347,et,Vica Sela
135161737,1755348,et,Slivonja Jarek
135161814,1755349,et,Hrsak Breg
135161891,1755350,et,Bocadir
135161968,1755351,et,Krapina Selo
135162045,1755352,et,Galovec
135162122,1755353,et,Klimen
135162199,1755354,et,Donja Batina - dio
135162276,1755355,et,Kosovecko
135162353,1755356,et,Susobreg - dio
135162430,1755357,et,Bocaki
135163046,1755365,et,Donja Dobra
135163585,1755372,et,Klepece Selo
135163662,1755373,et,Naglici
135163739,1755374,et,Dolus
135163816,1755375,et,Pluska
135163893,1755376,et,Vadina
135163970,1755377,et,Kriznica
135164047,1755378,et,Starogradacki Marof
135164124,1755379,et,Pofuki
135164201,1755380,et,Vuksinec Rijecki
135164278,1755381,et,Donja Rijeka
135164355,1755382,et,Fajerovec
135164586,1755385,et,Deklesanec
135164663,1755386,et,Ervenik Zlatarski
135164894,1755389,et,Repno
135164971,1755390,et,Juranscina
135165048,1755391,et,Zavrsje Belecko
135165125,1755392,et,Vizanovec
135165202,1755393,et,Borovljani
135165279,1755394,et,Javorovac
135165356,1755395,et,Daruvarski Vinogradi
135165433,1755396,et,Lipovac Majur
135165510,1755397,et,Kendelovec
135165587,1755398,et,Novi Glog
135165664,1755399,et,Brdo Cirkvensko
135165741,1755400,et,Kustani
135165818,1755401,et,Skrinjari
135165895,1755402,et,Svetonedeljski Breg
135165972,1755403,et,Srebrnjak
135166049,1755404,et,Borik
135166203,1755406,et,Kriz Kamenica
135166280,1755407,et,Donje Dvorisce
135166357,1755408,et,Bresca
135166434,1755409,et,Mali Brgud
135166511,1755410,et,Brdce
135166588,1755411,et,Gornji Cerovac
135166742,1755413,et,Tocak
135167589,1755424,et,Crnec Dugoselski
135167666,1755425,et,Brlog Ozaljski
135167820,1755427,et,Orljakovo
135167974,1755429,et,Greda Breska
135168051,1755430,et,Zelina Breska
135168128,1755431,et,Semovec Breski
135168205,1755432,et,Nenadici
135168282,1755433,et,Muraj
135168359,1755434,et,Belajska Vinica
135168436,1755435,et,Pecurkovo Brdo
135168513,1755436,et,Dvorjanci
135168590,1755437,et,Kozalj Vrh
135168667,1755438,et,Venac Mreznicki
135168744,1755439,et,Cerovacki Galovici
135168821,1755440,et,Mihalic Selo
135168975,1755442,et,Zvecaj
135169052,1755443,et,Seketino Brdo
135169129,1755444,et,Mreznicke Poljice
135169206,1755445,et,Mreznicko Dvoriste
135169283,1755446,et,Sveti Petar Mreznicki
135169360,1755447,et,Petrakovo Brdo
135169437,1755448,et,Novo Brdo Mreznicko
135169514,1755449,et,Grscaki
135169591,1755450,et,Carevo Polje
135169668,1755451,et,Munjava Modruska
135169745,1755452,et,Salopeki Modruski
135170053,1755456,et,Debelo Brdo I
135170207,1755458,et,Strmendolac
135170284,1755459,et,Selovec
135170438,1755461,et,Kamenica
135170515,1755462,et,Kraljev Vrh
135170669,1755464,et,Dedin
135171208,1755471,et,Potok Kalnicki
135171285,1755472,et,Sopron
135171362,1755473,et,Borje
135171439,1755474,et,Popovec Kalnicki
135171516,1755475,et,Vojnovec Kalnicki
135171593,1755476,et,Staro Petrovo Polje
135171670,1755477,et,Novo Petrovo Polje
135171747,1755478,et,Gaber
135171901,1755480,et,Trnovec Desinicki
135172055,1755482,et,Desinic Gora
135172132,1755483,et,Gora Kosnicka
135172209,1755484,et,Hum Kosnicki
135172440,1755487,et,Turnisce Desinicko
135172517,1755488,et,Gornji Jalsovec
135172671,1755490,et,Donji Zbilj
135172902,1755493,et,Jelenjak
135172979,1755494,et,Simunci
135173210,1755497,et,Nebojse
135173364,1755499,et,Gostenje
135173518,1755501,et,Cerje Pokupsko
135173672,1755503,et,Skradinsko Polje
135173903,1755506,et,Krkovic
135174057,1755508,et,Brihovo
135174134,1755509,et,Zaluka Lipnicka
135174211,1755510,et,Kohanjac
135174288,1755511,et,Sela Zakanjska
135174442,1755513,et,Bubnjaracki Brod
135174519,1755514,et,Donji Bukovac Zakanjski
135174673,1755516,et,Jurovo
135174981,1755520,et,Kosovac
135175058,1755521,et,Ratkovac
135175135,1755522,et,Struzec Posavski
135175212,1755523,et,Vrbovo Posavsko
135175289,1755524,et,Brdo Jesenjsko
135175366,1755525,et,Cerje Jesenjsko
135175443,1755526,et,Luzani Zagorski
135175520,1755527,et,Strmec Sutlanski
135175674,1755529,et,Gornji Cemehovec
135175751,1755530,et,Kackovec
135175828,1755531,et,Rastovac
135175982,1755533,et,Kitisanci
135176059,1755534,et,Sculac
135176367,1755538,et,Koranski Brijeg
135176444,1755539,et,Banjsko Selo
135177676,1755555,et,Jarek Habekov
135177753,1755556,et,Domovec
135177830,1755557,et,Gornjaki
135177907,1755558,et,Katinac
135178215,1755562,et,Maslenjaca
135178292,1755563,et,Vukovije
135178523,1755566,et,Novi Majur
135178677,1755568,et,Veliki Banovac
135178754,1755569,et,Kosore
135178831,1755570,et,Vinalic
135178908,1755571,et,Bogdanovitsi
135178985,1755572,et,Sitno
135179062,1755573,et,Brezine
135179139,1755574,et,Macki
135179216,1755575,et,Nadvoda
135179370,1755577,et,Bukovica
135179447,1755578,et,Hrvatsko Polje
135179601,1755580,et,Prnjavor Lepavinski
135179755,1755582,et,Veliki Botinovac
135179832,1755583,et,Mali Grabicani
135179909,1755584,et,Mala Mucna
135180294,1755589,et,Velim
135180371,1755590,et,Crljenik
135180448,1755591,et,Morpolaca
135180525,1755592,et,Brezik
135180602,1755593,et,Gabajeva Greda
135180679,1755594,et,Komatnica
135180756,1755595,et,Zelovo
135180833,1755596,et,Crna Draga
135180910,1755597,et,Novo Selo Lasinjsko
135181372,1755603,et,Vojvodinec
135181526,1755605,et,Dios
135181603,1755606,et,Otkopi
135181757,1755608,et,Strazanac
135181911,1755610,et,Jurga
135182065,1755612,et,Megegak Utinjski
135182219,1755614,et,Bukovica Utinjska
135182296,1755615,et,Mandic Selo
135182373,1755616,et,Podsedlo
135182758,1755621,et,Utinja Vrelo
135182835,1755622,et,Zivkovic Kosa
135182912,1755623,et,Stari Skucani
135182989,1755624,et,Stanici
135183066,1755625,et,Siptari
135183451,1755630,et,Prnjavor
135183682,1755633,et,Prekobrdo
135183759,1755634,et,Gornje Rovisce
135183836,1755635,et,Merenje
135183913,1755636,et,Lopaca
135183990,1755637,et,Martinovo Selo
135184067,1755638,et,Lubarska
135184298,1755641,et,Ratulje
135184375,1755642,et,Zoretici
135184529,1755644,et,Milasi
135184606,1755645,et,Brnelici
135184683,1755646,et,Vucinici
135186069,1755664,et,Musulini
135186223,1755666,et,Hajdine
135187840,1755687,et,Vesela
135187917,1755688,et,Poloje
135187994,1755689,et,Mlakovac
135188148,1755691,et,Brebornica
135188764,1755699,et,Grabovac Krnjacki
135188841,1755700,et,Zagorje
135189226,1755705,et,Dugi Dol
135189534,1755709,et,Brezakovec
135189611,1755710,et,Pusca
135189765,1755712,et,Poljana Sutlanska
135189919,1755714,et,Luke Poljanske
135190227,1755718,et,Sinkovica Bednjanska
135190304,1755719,et,Pasnik
135190381,1755720,et,Sinkovica Saska
135190535,1755722,et,Zeljeznica
135190612,1755723,et,Vitesinec
135190689,1755724,et,Knapic
135190843,1755726,et,Bater
135191151,1755730,et,Novo Selo
135191305,1755732,et,Opcevac
135191382,1755733,et,Prokljuvani
135191459,1755734,et,Gornji Lipovcani
135191536,1755735,et,Grabik
135191613,1755736,et,Zdrilo
135191690,1755737,et,Novi Stitnjak
135191844,1755739,et,Sveti Vid Dobrinjski
135191921,1755740,et,Hlapa
135192075,1755742,et,Malinovac
135192152,1755743,et,Falinic Breg
135192229,1755744,et,Vratno Otok
135192306,1755745,et,Muzini
135192383,1755746,et,Klimni
135192614,1755749,et,Matijasi
135192691,1755750,et,Krsanci
135192768,1755751,et,Krnicari
135192922,1755753,et,Vadediji
135192999,1755754,et,Balici I
135193384,1755759,et,Zagora
135193461,1755760,et,Lazi Krapinski
135193615,1755762,et,Piscanovec
135193692,1755763,et,Skarnik
135193769,1755764,et,Lovrentovec
135194000,1755767,et,Martinkovec
135194231,1755770,et,Mirkovec Breznicki
135194308,1755771,et,Tkalec
135194462,1755773,et,Ljubelj
135194539,1755774,et,Rakovec
135194616,1755775,et,Vrh Visocki
135194693,1755776,et,Jedusevac
135194770,1755777,et,Barotul
135194847,1755778,et,Zokov Gaj
135195001,1755780,et,Korenjak
135195078,1755781,et,Tociljevac
135195155,1755782,et,Brcici
135195232,1755783,et,Ljubac
135195309,1755784,et,Senjska Draga
135195463,1755786,et,Bunica
135195540,1755787,et,Pijavica
135195617,1755788,et,Novi Antunovac
135196156,1755795,et,Parg
135196926,1755805,et,Lazi
135197003,1755806,et,Plemenscina
135197773,1755816,et,Lipnica
135197850,1755817,et,Dropcevec
135198004,1755819,et,Dubovec Bisaski
135198081,1755820,et,Gornji Vinkovec
135198158,1755821,et,Prepolno
135199082,1755833,et,Veliko Selce
135199159,1755834,et,Pucak
135199467,1755838,et,Kranjcici
135199544,1755839,et,Raponji
135199621,1755840,et,Pajkovici
135199775,1755842,et,Bricanci
135200006,1755845,et,Krnjeuve
135200160,1755847,et,Brodic
135200391,1755850,et,Bukovcak
135200699,1755854,et,Jelovec Vocanski
135200776,1755855,et,Fotez Breg
135200853,1755856,et,Plitvica Vocanska
135201623,1755866,et,Orisje
135201700,1755867,et,Podrebar
135201777,1755868,et,Liposcaki
135201854,1755869,et,Krc Bosiljevski
135202085,1755872,et,Kasuni
135202162,1755873,et,Sela Bosiljevska
135203086,1755885,et,Matese
135203625,1755892,et,Markovici
135204626,1755905,et,Jankovo Seliste
135205088,1755911,et,Goricice Dobranske
135205473,1755916,et,Jurkovo Selo
135206397,1755928,et,Marinje Zemlje
135206859,1755934,et,Diklici
135207167,1755938,et,Cerion
135207244,1755939,et,Baskoti
135208091,1755950,et,Valbonasa
135208707,1755958,et,Isevnica
135209554,1755969,et,Sveta Marina
135210324,1755979,et,Vijenac Barilovicki
135212634,1756009,et,Gornja Trnovitica
135214174,1756029,et,Veliki Prokop
135217100,1756067,et,Donje Vratno-dio
135217177,1756068,et,Martinska Ves
135217254,1756069,et,Novo Selo Palanjecko
135217408,1756071,et,Rajic
135217485,1756072,et,Radonic
135217562,1756073,et,Gornje Zagorje
135217639,1756074,et,Velika Jazbina
135217716,1756075,et,Krvavac II
135217793,1756076,et,Murvica Gornja
135217870,1756077,et,Zorkovac
135217947,1756078,et,Radovcici
135218024,1756079,et,Sevid na moru
135218101,1756080,et,Nova Sela
135218178,1756081,et,Gornji Policnik
135218255,1756082,et,Hrastovac
135218332,1756083,et,Cerovljani
135218409,1756084,et,Perusic Donji
135218486,1756085,et,Bregi Zabocki Donji
135218640,1756087,et,Bogatic
135218794,1756089,et,Dubac-Varsan
135223953,1756156,et,Donja Banda
135224492,1756163,et,Kraj Gornji Dubravicki
135224646,1756165,et,Gornja Podstrana
135224723,1756166,et,Podstrana - Mutogras
135224800,1756167,et,Podstrana - Sita
135224954,1756169,et,Glavica
135225031,1756170,et,Gorinci
135225493,1756176,et,Liberpolis
