id,city_id,language_key,name
122353271,1589004,lt,Etalante
122353348,1589005,lt,Étalans
122353425,1589006,lt,Étais-la-Sauvin
122353502,1589007,lt,Etais
122353579,1589008,lt,Etainhus
122353656,1589009,lt,Etaing
122353810,1589011,lt,Etain
122353887,1589012,lt,Etaimpuis
122354041,1589014,lt,Étagnac
122354118,1589015,lt,Étables-sur-Mer
122354195,1589016,lt,Etables
122354426,1589019,lt,Eswars
122354503,1589020,lt,Esvres
122354580,1589021,lt,Esves-le-Moutier
122354734,1589023,lt,Estry
122354811,1589024,lt,Estrun
122354888,1589025,lt,Estreux
122354965,1589026,lt,Estrennes
122355042,1589027,lt,Estree-Wamin
122355119,1589028,lt,Estrees-sur-Noye
122355196,1589029,lt,Estrees-Saint-Denis
122355273,1589030,lt,Estrees-les-Crecy
122355350,1589031,lt,Estrees-la-Campagne
122355427,1589032,lt,Estrees-Mons
122355504,1589033,lt,Estrees-Deniecourt
122355581,1589034,lt,Estrees
122355658,1589035,lt,Estrees
122355735,1589036,lt,Estreelles
122355812,1589037,lt,Estree-Cauchy
122355889,1589038,lt,Estree-Blanche
122355966,1589039,lt,Estree
122356043,1589040,lt,Estrébœuf
122356120,1589041,lt,Estrebay
122356197,1589042,lt,Estramiac
122356351,1589044,lt,Estrablin
122356428,1589045,lt,Estouy
122356505,1589046,lt,Estouteville-Ecalles
122356582,1589047,lt,Estourmel
122356736,1589049,lt,Estouches
122356813,1589050,lt,Estoublon
122356890,1589051,lt,Estos
122356967,1589052,lt,Estoher
122357044,1589053,lt,Estivaux
122357121,1589054,lt,Estivareilles
122357198,1589055,lt,Estivareilles
122357275,1589056,lt,Estivals
122357429,1589058,lt,Estissac
122357506,1589059,lt,Estirac
122357583,1589060,lt,Estipouy
122357737,1589062,lt,Estillac
122357814,1589063,lt,Estigarde
122357891,1589064,lt,Estibeaux
122357968,1589065,lt,Estialescq
122358045,1589066,lt,Estezargues
122358199,1589068,lt,Esteville
122358276,1589069,lt,Estevelles
122358353,1589070,lt,Esterre
122358507,1589072,lt,Esternay
122358584,1589073,lt,Estérençuby
122358738,1589075,lt,Estenos
122358892,1589077,lt,Esteil
122358969,1589078,lt,Estavar
122359123,1589080,lt,Estang
122359277,1589082,lt,Estandeuil
122359354,1589083,lt,Estancarbon
122359431,1589084,lt,Estampures
122359508,1589085,lt,Estampes
122359662,1589087,lt,Estal
122359739,1589088,lt,Estaires
122359816,1589089,lt,Estaing
122359893,1589090,lt,Estaing
122359970,1589091,lt,Estagel
122360047,1589092,lt,Estadens
122360201,1589094,lt,Estables
122360355,1589096,lt,Essuiles
122360432,1589097,lt,Essoyes
122360509,1589098,lt,Esson
122360586,1589099,lt,Essomes-sur-Marne
122360663,1589100,lt,Essises
122360740,1589101,lt,Essigny-le-Petit
122360817,1589102,lt,Essigny-le-Grand
122360894,1589103,lt,Essia
122360971,1589104,lt,Essey-les-Ponts
122361048,1589105,lt,Essey-lès-Nancy
122361125,1589106,lt,Essey-les-Eaux
122361202,1589107,lt,Essey-la-Cote
122361279,1589108,lt,Essey-et-Maizerais
122361356,1589109,lt,Essey
122361433,1589110,lt,Esserval-Tartre
122361510,1589111,lt,Esserts-Saleve
122361587,1589112,lt,Esserts-Blay
122361664,1589113,lt,Essert-Romand
122361741,1589114,lt,Essertines-en-Donzy
122361818,1589115,lt,Essertines-en-Chatelneuf
122361895,1589116,lt,Essertenne-et-Cecey
122361972,1589117,lt,Essertenne
122362049,1589118,lt,Essertaux
122362126,1589119,lt,Essert
122362203,1589120,lt,Essert
122362280,1589121,lt,Essegney
122362357,1589122,lt,Esse
122362434,1589123,lt,Esse
122362511,1589124,lt,Essay
122362588,1589125,lt,Essavilly
122362742,1589127,lt,Essars
122362819,1589128,lt,Essarois
122362896,1589129,lt,Esquiule
122362973,1589130,lt,Esquieze-Sere
122363050,1589131,lt,Esquibien
122363127,1589132,lt,Esquerdes
122363204,1589133,lt,Esquerchin
122363281,1589134,lt,Esquennoy
122363358,1589135,lt,Esquelbecq
122363435,1589136,lt,Esqueheries
122363512,1589137,lt,Esquay-sur-Seulles
122363589,1589138,lt,Esquay-Notre-Dame
122363666,1589139,lt,Esprels
122363743,1589140,lt,Espondeilhan
122363820,1589141,lt,Espoey
122363974,1589143,lt,Esplas
122364051,1589144,lt,Esplas-de-Serou
122364128,1589145,lt,Esplantas
122364205,1589146,lt,Espiute
122364282,1589147,lt,Espirat
122364359,1589148,lt,Espira-de-l'Agly
122364436,1589149,lt,Espira-de-Conflent
122364513,1589150,lt,Espins
122364975,1589156,lt,Espinasse-Vozelle
122365052,1589157,lt,Espinasses
122365129,1589158,lt,Espinasse
122365206,1589159,lt,Espinasse
122365514,1589163,lt,Espinasse
122365591,1589164,lt,Espinas
122365668,1589165,lt,Espiet
122365822,1589167,lt,Espiens
122366053,1589170,lt,Espezel
122366207,1589172,lt,Espeyroux
122366284,1589173,lt,Espeyrac
122366361,1589174,lt,Espès-Undurein
122366592,1589177,lt,Espere
122366669,1589178,lt,Esperce
122366746,1589179,lt,Espéraza
122366823,1589180,lt,Esperausses
122366900,1589181,lt,Espenel
122366977,1589182,lt,Espeluche
122367054,1589183,lt,Espelette
122367131,1589184,lt,Espedaillac
122367208,1589185,lt,Espéchède
122367285,1589186,lt,Espeche
122367362,1589187,lt,Espaubourg
122367439,1589188,lt,Espas
122367516,1589189,lt,Espartignac
122367593,1589190,lt,Esparsac
122367670,1589191,lt,Esparros
122367824,1589193,lt,Esparron-de-Verdon
122367978,1589195,lt,Esparron
122368132,1589197,lt,Espaon
122368209,1589198,lt,Espanes
122368286,1589199,lt,Espaly-Saint-Marcel
122368363,1589200,lt,Espalion
122368440,1589201,lt,Espalem
122368517,1589202,lt,Espalais
122368748,1589205,lt,Espagnac-Sainte-Eulalie
122368825,1589206,lt,Espagnac
122368979,1589208,lt,Esnouveaux
122369056,1589209,lt,Esnon
122369210,1589211,lt,Esnes-en-Argonne
122369287,1589212,lt,Esnes
122369441,1589214,lt,Esnandes
122369518,1589215,lt,Esmoulins
122369595,1589216,lt,Esmoulieres
122369672,1589217,lt,Esmery-Hallon
122369749,1589218,lt,Esmans
122369826,1589219,lt,Eslourenties-Daban
122369903,1589220,lt,Esley
122369980,1589221,lt,Eslettes
122370211,1589224,lt,Escurolles
122370288,1589225,lt,Escures-sur-Favieres
122370365,1589226,lt,Escurès
122370442,1589227,lt,Escueillens-et-Saint-Just-de-Belengard
122370673,1589230,lt,Escrignelles
122370750,1589231,lt,Escrennes
122370827,1589232,lt,Escragnolles
122370904,1589233,lt,Escoville
122370981,1589234,lt,Escoutoux
122371058,1589235,lt,Escout
122371135,1589236,lt,Escoussens
122371212,1589237,lt,Escoussans
122371366,1589239,lt,Escource
122371443,1589240,lt,Escouloubre
122371597,1589242,lt,La Baule-Escoublac
122371674,1589243,lt,Escoubes
122371751,1589244,lt,Escoubes
122371828,1589245,lt,Escou
122371982,1589247,lt,Escot
122372059,1589248,lt,Escosse
122372136,1589249,lt,Escos
122372213,1589250,lt,Escorpain
122372290,1589251,lt,Escorneboeuf
122372444,1589253,lt,Escorailles
122372598,1589255,lt,Escondeaux
122372675,1589256,lt,Escombres-et-le-Chesnois
122372752,1589257,lt,Escolives-Sainte-Camille
122372906,1589259,lt,Escoire
122373060,1589261,lt,Escœuilles
122373137,1589262,lt,Escobecques
122373291,1589264,lt,Esclottes
122373368,1589265,lt,Escles-Saint-Pierre
122373445,1589266,lt,Escles
122373522,1589267,lt,Esclavolles-Lurey
122373599,1589268,lt,Esclavelles
122373676,1589269,lt,Esclauzels
122373753,1589270,lt,Esclassan-Labastide
122373907,1589272,lt,Esclanedes
122373984,1589273,lt,Esclainvillers
122374061,1589274,lt,Esclagne
122374138,1589275,lt,Eschwiller
122374215,1589276,lt,Esches
122374292,1589277,lt,Escherange
122374369,1589278,lt,Eschentzwiller
122374446,1589279,lt,Autrechene
122374523,1589280,lt,Eschbourg
122374600,1589281,lt,Eschbach-au-Val
122374677,1589282,lt,Eschbach
122374754,1589283,lt,Eschau
122374831,1589284,lt,Escazeaux
122374908,1589285,lt,Escautpont
122374985,1589286,lt,Escaunets
122375062,1589287,lt,Escaufourt
122375139,1589288,lt,Escaudœuvres
122375216,1589289,lt,Escaudes
122375293,1589290,lt,Escaudain
122375370,1589291,lt,Escatalens
122375447,1589292,lt,Escassefort
122375524,1589293,lt,Escaro
122375601,1589294,lt,Escarmain
122375678,1589295,lt,Escardes
122375832,1589297,lt,Escanecrabe
122375909,1589298,lt,Escandolières
122375986,1589299,lt,Escamps
122376063,1589300,lt,Escamps
122376140,1589301,lt,Escames
122376217,1589302,lt,Escalquens
122376294,1589303,lt,Escalles
122376371,1589304,lt,Escales
122376448,1589305,lt,Escalans
122376525,1589306,lt,Escala
122376602,1589307,lt,Esboz-Brest
122376679,1589308,lt,Esbly
122376756,1589309,lt,Esbarres
122376833,1589310,lt,Esbareich
122376910,1589311,lt,Ervy-le-Chatel
122376987,1589312,lt,Ervillers
122377064,1589313,lt,Ervauville
122377141,1589314,lt,Erstroff
122377218,1589315,lt,Erstein
122377295,1589316,lt,Errouville
122377449,1589318,lt,Errevet
122377526,1589319,lt,Erre
122377603,1589320,lt,Err
122377680,1589321,lt,Erquy
122377757,1589322,lt,Erquinvillers
122377834,1589323,lt,Erquinghem-Lys
122377911,1589324,lt,Erquinghem-le-Sec
122377988,1589325,lt,Erquières
122378065,1589326,lt,Erquery
122378142,1589327,lt,Erp
122378219,1589328,lt,Eroudeville
122378373,1589330,lt,Erondelle
122378450,1589331,lt,Erome
122378527,1589332,lt,Erny-Saint-Julien
122378604,1589333,lt,Ernolsheim-les-Saverne
122378681,1589334,lt,Ernolsheimas-Bruche
122378835,1589336,lt,Ernestwiller
122378912,1589337,lt,Ernes
122378989,1589338,lt,Ernemont-sur-Buchy
122379066,1589339,lt,Ernemont-Bouavent
122379143,1589340,lt,Ernée
122379220,1589341,lt,Erneville-aux-Bois
122379297,1589342,lt,Ermont
122379451,1589344,lt,Ermenouville
122379528,1589345,lt,Ermenonville-la-Petite
122379605,1589346,lt,Ermenonville-la-Grande
122379682,1589347,lt,Ermenonville
122379759,1589348,lt,Erloy
122379836,1589349,lt,Erlon
122379913,1589350,lt,Erize-Saint-Dizier
122379990,1589351,lt,Erize-la-Petite
122380067,1589352,lt,Erize la Grande
122380144,1589353,lt,Erize-la-Brulee
122380298,1589355,lt,Eringhem
122380375,1589356,lt,Eringes
122380452,1589357,lt,Erin
122380606,1589359,lt,Ergué-Gabéric
122380760,1589361,lt,Erginkoey
122380837,1589362,lt,Ergnies
122380914,1589363,lt,Ergersheim
122380991,1589364,lt,Erembeaucourt
122381068,1589365,lt,Ereac
122381145,1589366,lt,Erdeven
122381222,1589367,lt,Ercuis
122381299,1589368,lt,Ercourt
122381376,1589369,lt,Erkartswiller
122381453,1589370,lt,Erching
122381530,1589371,lt,Erchin
122381607,1589372,lt,Ercheu
122381684,1589373,lt,Erceville
122381761,1589374,lt,Erce-pres-Liffre
122381838,1589375,lt,Erce-en-Lamee
122381915,1589376,lt,Erce
122381992,1589377,lt,Erbrée
122382069,1589378,lt,Erbray
122382146,1589379,lt,Erbeviller-sur-Amezule
122382223,1589380,lt,Erbalunga
122382300,1589381,lt,Erbajolo
122382377,1589382,lt,Éraville
122382531,1589384,lt,Eraines
122382608,1589385,lt,Eragny-sur-Epte
122382685,1589386,lt,Eragny
122382762,1589387,lt,Equirre
122382993,1589390,lt,Equilly
122383070,1589391,lt,Équihen-Plage
122383147,1589392,lt,Equevillon
122383224,1589393,lt,Equevilley
122383378,1589395,lt,Equennes-Eramecourt
122383455,1589396,lt,Equemauville
122383532,1589397,lt,Equancourt
122383763,1589400,lt,Épuisay
122383840,1589401,lt,Eps
122383917,1589402,lt,Epron
122383994,1589403,lt,Epreville-pres-le-Neubourg
122384071,1589404,lt,Epreville-en-Roumois
122384148,1589405,lt,Epreville-en-Lieuvin
122384225,1589406,lt,Epreville
122384379,1589408,lt,Epretot
122384456,1589409,lt,Epping
122384533,1589410,lt,Eppeville
122384610,1589411,lt,Eppe-Sauvage
122384687,1589412,lt,Eppes
122384764,1589413,lt,Epoye
122384841,1589414,lt,Epouville
122384918,1589415,lt,Epothemont
122385149,1589418,lt,Épône
122385303,1589420,lt,Epoisses
122385380,1589421,lt,Éply
122385611,1589424,lt,Eplessier
122385688,1589425,lt,Epizon
122385842,1589427,lt,Episy
122385919,1589428,lt,Epiry
122386150,1589431,lt,Epinoy
122386227,1589432,lt,Epinoy
122386304,1589433,lt,Epinouze
122386381,1589434,lt,Epinonville
122386458,1589435,lt,Epiniac
122386535,1589436,lt,Epineux-le-Seguin
122386612,1589437,lt,Épineuse
122386689,1589438,lt,Epineu-le-Chevreuil
122386766,1589439,lt,Epineuil-le-Fleuriel
122386843,1589440,lt,Epineuil
122386997,1589442,lt,Epineau-les-Vovs
122387151,1589444,lt,Epinay-sur-Seine
122387228,1589445,lt,Épinay-sur-Orge
122387305,1589446,lt,Epinay-sur-Odon
122387382,1589447,lt,Epinay-sur-Duclair
122387459,1589448,lt,Epinay-sous-Senart
122387536,1589449,lt,Épinay-Champlâtreux
122387767,1589452,lt,Epinay
122387844,1589453,lt,Epinant
122387921,1589454,lt,Epinalis
122387998,1589455,lt,Epinac
122388229,1589458,lt,Epiez-sur-Chiers
122388383,1589460,lt,Epierre
122388460,1589461,lt,Epieds-en-Beauce
122388537,1589462,lt,Epieds
122388614,1589463,lt,Epieds
122388691,1589464,lt,Epieds
122388768,1589465,lt,Épiais-Rhus
122388845,1589466,lt,Épiais-lès-Louvres
122388922,1589467,lt,Épiais
122388999,1589468,lt,Epfig
122389076,1589469,lt,Epeugney
122389153,1589470,lt,Épervans
122389230,1589471,lt,Epertully
122389384,1589473,lt,Eperrais
122389461,1589474,lt,Épernon
122389615,1589476,lt,Epernay-sous-Gevrey
122389692,1589477,lt,Epernay
122389769,1589478,lt,Éperlecques
122389846,1589479,lt,Epercieux-Saint-Paul
122389923,1589480,lt,Epense
122390000,1589481,lt,Erenkoey
122390077,1589482,lt,Epenouse
122390154,1589483,lt,Épenède
122390231,1589484,lt,Epenancourt
122390308,1589485,lt,Epeigne-sur-Deme
122390385,1589486,lt,Epeigne-les-Bois
122390462,1589487,lt,Epehy
122390539,1589488,lt,Epegard
122390770,1589491,lt,Epeautrolles
122390924,1589493,lt,Épaux-Bézu
122391001,1589494,lt,Epaumesnil
122391078,1589495,lt,Epargnes
122391155,1589496,lt,Eparcy
122391232,1589497,lt,Epannes
122391309,1589498,lt,Epaney
122391386,1589499,lt,Epalais
122391463,1589500,lt,Epaignes
122391540,1589501,lt,Epagny
122391617,1589502,lt,Epagny
122391694,1589503,lt,Epagny
122391771,1589504,lt,Epagne-Epagnette
122391848,1589505,lt,Epagne
122391925,1589506,lt,Eoux
122392002,1589507,lt,Éourres
122392079,1589508,lt,Eoulx
122392310,1589511,lt,Envronville
122392387,1589512,lt,Envermeu
122392464,1589513,lt,Enveitg
122392695,1589516,lt,Enval
122392926,1589519,lt,Entzheim
122393003,1589520,lt,Entrevernes
122393080,1589521,lt,Entrevennes
122393157,1589522,lt,Entrevaux
122393311,1589524,lt,Entrepierres
122393388,1589525,lt,Entremont-le-Vieux
122393465,1589526,lt,Entremont
122393696,1589529,lt,Entre-deux-Monts
122393850,1589531,lt,Entre-Deux-Guiers
122393927,1589532,lt,Entre-deux-Eaux
122394004,1589533,lt,Entrechaux
122394081,1589534,lt,Entrecasteaux
122394158,1589535,lt,Entraygues-sur-Truyère
122394312,1589537,lt,Entraunes
122394389,1589538,lt,Tsentralne
122394466,1589539,lt,Entrammes
122394620,1589541,lt,Entrains-sur-Nohain
122394697,1589542,lt,Entraigues-sur-Sorgue
122394928,1589545,lt,Entraigues
122395005,1589546,lt,Entraigues
122395082,1589547,lt,Entraigues
122395159,1589548,lt,Entrages
122395236,1589549,lt,Ensuès-la-Redonne
122395467,1589552,lt,Ensisheim
122395544,1589553,lt,Ensigne
122395698,1589555,lt,Senbernardas
122395852,1589557,lt,Enquin-sur-Baillons
122395929,1589558,lt,Enquin-les-Mines
122396006,1589559,lt,Enguinegatte
122396160,1589561,lt,Ennordres
122396237,1589562,lt,Ennezat
122396314,1589563,lt,Ennevelin
122396391,1589564,lt,Ennetieres-en-Weppes
122396545,1589566,lt,Ennery
122396622,1589567,lt,Ennery
122396699,1589568,lt,Ennemain
122396853,1589570,lt,Engwiller
122397084,1589573,lt,Engraviès
122397161,1589574,lt,Engomer
122397238,1589575,lt,Englos
122397315,1589576,lt,Englesqueville-la-Percee
122397392,1589577,lt,Englesqueville-en-Auge
122397546,1589579,lt,Englefontaine
122397623,1589580,lt,Englebelmer
122397700,1589581,lt,Englancourt
122397777,1589582,lt,Engins
122397854,1589583,lt,Enghien-les-Bains
122397931,1589584,lt,Engenville
122398085,1589586,lt,Engente
122398162,1589587,lt,Engayrac
122398239,1589588,lt,Enfonvelle
122398393,1589590,lt,Enencourt-le-Sec
122398470,1589591,lt,Enencourt-Leage
122398624,1589593,lt,Endoufielle
122398701,1589594,lt,Paris 10 Entrepot
122398932,1589597,lt,Enchenberg
122399009,1589598,lt,Enchastrayes
122399163,1589600,lt,Encausse-les-Thermes
122399240,1589601,lt,Encausse
122399394,1589603,lt,Empury
122399471,1589604,lt,Empuré
122399548,1589605,lt,Empurany
122399702,1589607,lt,Empeaux
122399856,1589609,lt,Emondeville
122399933,1589610,lt,Emmerin
122400010,1589611,lt,Emlingen
122400164,1589613,lt,Emieville
122400318,1589615,lt,Éméville
122400472,1589617,lt,Emeringes
122400549,1589618,lt,Emerchicourt
122400626,1589619,lt,Emerainville
122400780,1589621,lt,Embry
122400934,1589623,lt,Embrun
122401011,1589624,lt,Embreville
122401088,1589625,lt,Embres-et-Castelmaure
122401165,1589626,lt,Embourie
122401550,1589631,lt,Embermenil
122401627,1589632,lt,Emanville
122401704,1589633,lt,Emanville
122401781,1589634,lt,Emance
122401935,1589636,lt,Emalleville
122402012,1589637,lt,Emagny
122402089,1589638,lt,Elzange
122402166,1589639,lt,Paryžius 08 Eliziejus
122402243,1589640,lt,Elven
122402320,1589641,lt,Elvange
122402397,1589642,lt,Elsenheim
122402474,1589643,lt,Éloyes
122402551,1589644,lt,Eloise
122402628,1589645,lt,Eloie
122402705,1589646,lt,Elnes
122402782,1589647,lt,Elne
122402859,1589648,lt,Ellon
122402936,1589649,lt,Elliant
122403013,1589650,lt,Ellecourt
122403090,1589651,lt,Elise-Daucourt
122403244,1589653,lt,Elincourt-Sainte-Marguerite
122403398,1589655,lt,Elincourt
122403706,1589659,lt,Eleu-dit-Leauwette
122403783,1589660,lt,Életot
122403860,1589661,lt,Élesmes
122404014,1589663,lt,Elbeuf-sur-Andelle
122404091,1589664,lt,Elbeuf-en-Bray
122404168,1589665,lt,Elbeuf
122404245,1589666,lt,Elbach
122404322,1589667,lt,Élancourt
122404399,1589668,lt,Briedis
122404476,1589669,lt,Eix
122404553,1589670,lt,Einville-au-Jard
122404630,1589671,lt,Einvaux
122404707,1589672,lt,Eincheville
122404784,1589673,lt,Eichhoffen
122404861,1589674,lt,Ehuns
122405092,1589677,lt,Éguzon-Chantôme
122405169,1589678,lt,Eguisheim
122405246,1589679,lt,Eguilly-sous-Bois
122405477,1589682,lt,Éguilles
122405554,1589683,lt,Eguenigue
122405631,1589684,lt,Éguelshardt
122405708,1589685,lt,Egry
122405785,1589686,lt,Egriselles-le-Bocage
122405862,1589687,lt,Égreville
122406170,1589691,lt,Égly
122406247,1589692,lt,Eglisolles
122406324,1589693,lt,Egliseneuve-pres-Billom
122406401,1589694,lt,Eglise-Neuve-d'Issac
122406478,1589695,lt,Église-Neuve-de-Vergt
122406555,1589696,lt,Egliseneuve-des-Liards
122406632,1589697,lt,Égliseneuve-d'Entraigues
122406709,1589698,lt,Eglingen
122406786,1589699,lt,Egligny
122406940,1589701,lt,Egletons
122407017,1589702,lt,Egleny
122407325,1589706,lt,Egat
122407402,1589707,lt,Effry
122407479,1589708,lt,Effincourt
122407556,1589709,lt,Effiat
122407710,1589711,lt,Eecke
122407864,1589713,lt,Edon
122408018,1589715,lt,Edern
122408095,1589716,lt,Ecuvilly
122408249,1589718,lt,Ecutigny
122408326,1589719,lt,Ecury-sur-Coole
122408403,1589720,lt,Ecury-le-Repos
122408557,1589722,lt,Ecurie
122408711,1589724,lt,Ecurey-en-Verdunois
122408865,1589726,lt,Ecurcey
122409096,1589729,lt,Ecurat
122409173,1589730,lt,Écuras
122409327,1589732,lt,Écully
122409635,1589736,lt,Ecuisses
122409712,1589737,lt,Ecuires
122409943,1589740,lt,Écuillé
122410020,1589741,lt,Ecuelles
122410097,1589742,lt,Ecuelles
122410174,1589743,lt,Buecueklue
122410251,1589744,lt,Ecuelin
122410328,1589745,lt,Écueillé
122410405,1589746,lt,Ecueil
122410482,1589747,lt,Ecuble
122410559,1589748,lt,Ectot-les-Baons
122410636,1589749,lt,Ectot-l'Auber
122410713,1589750,lt,Écrouves
122410790,1589751,lt,Ecrosnes
122410867,1589752,lt,Ecromagny
122410944,1589753,lt,Ecrille
122411098,1589755,lt,Ecriennes
122411175,1589756,lt,Ecretteville-sur-Mer
122411252,1589757,lt,Ecretteville-les-Baons
122411483,1589760,lt,Ecrammeville
122411560,1589761,lt,Ecrainville
122411637,1589762,lt,Ecquevilly
122411791,1589764,lt,Ecquetot
122411868,1589765,lt,Ecques
122411945,1589766,lt,Ecquemicourt
122412022,1589767,lt,Ecquedecques
122412099,1589768,lt,Écoyeux
122412176,1589769,lt,Ecouviez
122412253,1589770,lt,Ecoust-Saint-Mein
122412330,1589771,lt,Ecourt-St-Quentin
122412407,1589772,lt,Ecouis
122412484,1589773,lt,Écouflant
122412561,1589774,lt,Écouen
122412638,1589775,lt,Écouché
122412792,1589777,lt,Ecots
122413023,1589780,lt,Ecot
122413254,1589783,lt,Ecos
122413408,1589785,lt,Ecorpain
122413485,1589786,lt,Ecordal
122413639,1589788,lt,Ecorches
122413716,1589789,lt,Ecorcei
122413793,1589790,lt,Ecoqueneauville
122413870,1589791,lt,Écommoy
122413947,1589792,lt,Ecoman
122414255,1589796,lt,Ecole-Valentin
122414332,1589797,lt,Ecole
122414486,1589799,lt,Ecoivres
122414563,1589800,lt,Ecoche
122414640,1589801,lt,Ecly
122414717,1589802,lt,Ecluzelles
122414794,1589803,lt,Eclusier-Vaux
122414871,1589804,lt,Eclose
122414948,1589805,lt,Eclimeux
122415025,1589806,lt,Ecleux
122415179,1589808,lt,Eclassan
122415256,1589809,lt,Éclaron-Braucourt-Sainte-Livière
122415333,1589810,lt,Éclans-Nenon
122415410,1589811,lt,Eclance
122415487,1589812,lt,Eclaires
122415564,1589813,lt,Eclaibes
122415641,1589814,lt,Eckwersheim
122415718,1589815,lt,Eckbolsheim
122415795,1589816,lt,Eckartswiller
122415872,1589817,lt,Échourgnac
122415949,1589818,lt,Echouboulains
122416103,1589820,lt,Echirolles
122416257,1589822,lt,Echire
122416334,1589823,lt,Echinghen
122416411,1589824,lt,Echilleuses
122416488,1589825,lt,Echillais
122416565,1589826,lt,Echigey
122416642,1589827,lt,Echevronne
122416719,1589828,lt,Echevis
122416796,1589829,lt,Echevannes
122416873,1589830,lt,Echevanne
122416950,1589831,lt,Echevannes
122417104,1589833,lt,Echenoz-le-Sec
122417181,1589834,lt,Echenoz-la-Meline
122417258,1589835,lt,Echenon
122417335,1589836,lt,Echenevex
122417412,1589837,lt,Echenay
122417489,1589838,lt,Échenans-sous-Mont-Vaudois
122417566,1589839,lt,Echenans
122417643,1589840,lt,Echemire
122417720,1589841,lt,Echemines
122417874,1589843,lt,Echebrune
122417951,1589844,lt,Echay
122418028,1589845,lt,Echavanne
122418105,1589846,lt,Echauffour
122418259,1589848,lt,Echassieres
122418413,1589850,lt,Écharcon
122418567,1589852,lt,Echannay
122418644,1589853,lt,Echandelys
122418875,1589856,lt,Echalou
122418952,1589857,lt,Echalot
122419029,1589858,lt,Échallat
122419106,1589859,lt,Echalas
122419337,1589862,lt,Eccles
122419414,1589863,lt,Eccica-Suarella
122419491,1589864,lt,Ecauville
122419568,1589865,lt,Ecausseville
122419722,1589867,lt,Ecardenville-sur-Eure
122419799,1589868,lt,Ecardenville-la-Campagne
122419876,1589869,lt,Ecaquelon
122419953,1589870,lt,Ecalles-Alix
122420107,1589872,lt,Rečaje
122420184,1589873,lt,Ecaillon
122420415,1589876,lt,Ébreuil
122420492,1589877,lt,Ébréon
122420646,1589879,lt,Ebouleau
122420723,1589880,lt,Bangė
122420800,1589881,lt,Ebersviller
122420877,1589882,lt,Ebermunster
122420954,1589883,lt,Ebersheimas
122421108,1589885,lt,Eberbach-Seltz
122421262,1589887,lt,Ebblinghem
122421339,1589888,lt,Ebaty
122421493,1589890,lt,Eauze
122421570,1589891,lt,Eaux-Puiseaux
122421724,1589893,lt,Eaux-Bonnes
122421801,1589894,lt,Eaunes
122421955,1589896,lt,Eaucourt-sur-Somme
122422109,1589898,lt,Eaubonne
122422186,1589899,lt,Eance
122422263,1589900,lt,Dyo
122422340,1589901,lt,Dye
122422494,1589903,lt,Duvy
122422571,1589904,lt,Duttlenheim
122422648,1589905,lt,Dussac
122422725,1589906,lt,Dury
122422802,1589907,lt,Dury
122422879,1589908,lt,Dury
122423033,1589910,lt,Durtol
122423110,1589911,lt,Durtal
122423187,1589912,lt,Durstel
122423264,1589913,lt,Durrenentzen
122423341,1589914,lt,Durrenbach
122423495,1589916,lt,Durningen
122423572,1589917,lt,Durnes
122423649,1589918,lt,Durmignat
122423726,1589919,lt,Durmenach
122423803,1589920,lt,Durlinsdorf
122423957,1589922,lt,Durfort-et-Saint-Martin-de-Sossenac
122424111,1589924,lt,Durfort-Lacapelette
122424188,1589925,lt,Durfort
122424265,1589926,lt,Durfort
122424342,1589927,lt,Durette
122424496,1589929,lt,Durenque
122424573,1589930,lt,Dureil
122424650,1589931,lt,La Treille
122424804,1589933,lt,Durcet
122424881,1589934,lt,Durbon
122425035,1589936,lt,Durban-sur-Arize
122425112,1589937,lt,Durbans
122425189,1589938,lt,Durban-Corbieres
122425266,1589939,lt,Durban
122425343,1589940,lt,Duravel
122425420,1589941,lt,Duras
122425497,1589942,lt,Duranus
122425728,1589945,lt,Durance
122425805,1589946,lt,Duranas
122425882,1589947,lt,Duppigheim
122426036,1589949,lt,Duntzenheim
122426113,1589950,lt,Dun-sur-Meuse
122426190,1589951,lt,Dun-sur-Grandry
122426267,1589952,lt,Dun-sur-Auron
122426344,1589953,lt,Dun-les-Places
122426421,1589954,lt,Dun-le-Poelier
122426498,1589955,lt,Dun-le-Palestel
122426575,1589956,lt,Diunkerkas
122426652,1589957,lt,Duniere-sur-Eyrieux
122426729,1589958,lt,Dunieres
122426883,1589960,lt,Dung
122426960,1589961,lt,Dunet
122427037,1589962,lt,Dunes
122427114,1589963,lt,Duneau
122427191,1589964,lt,Dun
122427345,1589966,lt,Dumes
122427422,1589967,lt,Dullin
122427499,1589968,lt,Duisans
122427576,1589969,lt,Duingt
122427653,1589970,lt,Duilhac-sous-Peyrepertuse
122427730,1589971,lt,Duhort-Bachen
122427884,1589973,lt,Dugny-sur-Meuse
122427961,1589974,lt,Djunji
122428038,1589975,lt,Duffort
122428115,1589976,lt,Duesme
122428192,1589977,lt,Duerne
122428269,1589978,lt,Ducy-Sainte-Marguerite
122428423,1589980,lt,Duclair
122428500,1589981,lt,Ducey
122428577,1589982,lt,Duault
122428654,1589983,lt,Dry
122428731,1589984,lt,Druy-Parigny
122428808,1589985,lt,Druyes-les-Belles-Fontaines
122428885,1589986,lt,Druye
122429039,1589988,lt,Drusenheim
122429270,1589991,lt,Drulingen
122429424,1589993,lt,Drulhe
122429501,1589994,lt,Druisy
122429578,1589995,lt,Druillat
122429655,1589996,lt,Drugeac
122429732,1589997,lt,Doerduelis
122429809,1589998,lt,Drudas
122429886,1589999,lt,Drucourt
122429963,1590000,lt,Drucat
122430040,1590001,lt,Drubec
122430117,1590002,lt,Droyes
122430194,1590003,lt,Droux
122430271,1590004,lt,Druvin-le-Marais
122430348,1590005,lt,Drouville
122430425,1590006,lt,Droupt-Sainte-Marie
122430502,1590007,lt,Droupt-Saint-Basle
122430579,1590008,lt,Drouilly
122430810,1590011,lt,Drouges
122430887,1590012,lt,Droue-sur-Drouette
122430964,1590013,lt,Droué
122431041,1590014,lt,Drossac
122431118,1590015,lt,Drosnay
122431195,1590016,lt,Drosay
122431272,1590017,lt,Dromesnil
122431349,1590018,lt,Drom
122431426,1590019,lt,Droizy
122431503,1590020,lt,Droiturier
122431734,1590023,lt,Droisy
122431811,1590024,lt,Droisy
122431888,1590025,lt,Drocourt
122431965,1590026,lt,Drocourt
122432119,1590028,lt,Drincham
122432350,1590031,lt,Drignac
122432427,1590032,lt,Driencourt
122432504,1590033,lt,Dricourt
122432812,1590037,lt,Drevant
122432889,1590038,lt,Drė
122433043,1590040,lt,Dreuil-les-Molliens
122433120,1590041,lt,Dreuil-les-Amiens
122433197,1590042,lt,Dreuilhe
122433428,1590045,lt,Dreslincourt
122433736,1590049,lt,Dremil-Lafage
122433967,1590052,lt,Drefféac
122434121,1590054,lt,Draveil
122434198,1590055,lt,Dravegny
122434275,1590056,lt,Drap
122434429,1590058,lt,Drancy
122434737,1590062,lt,Drambon
122434814,1590063,lt,Draize
122434891,1590064,lt,Draix
122434968,1590065,lt,Drain
122435045,1590066,lt,Draillant
122435122,1590067,lt,Draginjanas
122435199,1590068,lt,Dragey-Ronthon
122435276,1590069,lt,Dracy
122435353,1590070,lt,Dracy-Saint-Loup
122435430,1590071,lt,Dracy-les-Couches
122435507,1590072,lt,Dracy-le-Fort
122435738,1590075,lt,Drachenbronn-Birlenbach
122435815,1590076,lt,Draché
122435892,1590077,lt,Drace
122435969,1590078,lt,Dozulé
122436046,1590079,lt,Doyet
122436123,1590080,lt,Doye
122436200,1590081,lt,Doville
122436277,1590082,lt,Dokuzkoey
122436431,1590084,lt,Douzillac
122436508,1590085,lt,Douzens
122436585,1590086,lt,Douzat
122436662,1590087,lt,Duzanas
122436739,1590088,lt,Douy-la-Ramee
122436816,1590089,lt,Douy
122436893,1590090,lt,Doux
122436970,1590091,lt,Doux
122437124,1590093,lt,Douvrin
122437201,1590094,lt,Douvres-la-Delivrande
122437278,1590095,lt,Douvres
122437355,1590096,lt,Douvrend
122437432,1590097,lt,Douville-sur-Andelle
122437509,1590098,lt,Douville-en-Auge
122437586,1590099,lt,Douville
122437663,1590100,lt,Douvaine
122437817,1590102,lt,Dobrusa
122437894,1590103,lt,Doussard
122438125,1590106,lt,Dours
122438356,1590109,lt,Dournon
122438433,1590110,lt,Dournazac
122438664,1590113,lt,Dourlers
122438818,1590115,lt,Douriez
122438895,1590116,lt,Dourgne
122438972,1590117,lt,Dourges
122439049,1590118,lt,Dourdoigne
122439203,1590120,lt,Dourdan
122439280,1590121,lt,Dourdain
122439357,1590122,lt,Dourbies
122439588,1590125,lt,Dounoux
122439742,1590127,lt,Doumy
122440050,1590131,lt,Doumely-Begny
122440281,1590134,lt,Doullens
122440435,1590136,lt,Doulezon
122440589,1590138,lt,Doulevant-le-Chateau
122440666,1590139,lt,Doulcon
122440974,1590143,lt,Doulaincourt-Saucourt
122441051,1590144,lt,Douilly
122441128,1590145,lt,Douillet
122441359,1590148,lt,Douelle
122441513,1590150,lt,Doué-la-Fontaine
122441590,1590151,lt,Doue
122441667,1590152,lt,Doudrac
122441821,1590154,lt,Doudeville
122441898,1590155,lt,Doudelainville
122441975,1590156,lt,Doudeauville
122442052,1590157,lt,Doudeauville
122442129,1590158,lt,Doudeauville-en-Vexin
122442206,1590159,lt,Doucy-en-Bauges
122442283,1590160,lt,Doucy
122442360,1590161,lt,Doucier
122442437,1590162,lt,Douchy-les-Mines
122442514,1590163,lt,Douchy-les-Ayette
122442591,1590164,lt,Douchy
122442668,1590165,lt,Douchy
122442745,1590166,lt,Douchapt
122442822,1590167,lt,Val-de-Viere
122442976,1590169,lt,Doucelles
122443053,1590170,lt,Doubs
122443207,1590172,lt,Douarnenez
122443284,1590173,lt,Dogansu
122443361,1590174,lt,Douai
122443438,1590175,lt,Douadic
122443515,1590176,lt,Dossenheim-sur-Zinsel
122443592,1590177,lt,Dossenheim-Kochersberg
122443746,1590179,lt,Dosnon
122443823,1590180,lt,Dosches
122444054,1590183,lt,Dortan
122444131,1590184,lt,Dorres
122444208,1590185,lt,Dornot
122444362,1590187,lt,Dornes
122444439,1590188,lt,Dornecy
122444516,1590189,lt,Dornas
122444593,1590190,lt,Dormelles
122444670,1590191,lt,Dormans
122444747,1590192,lt,Dorlisheim
122444901,1590194,lt,Dorengt
122444978,1590195,lt,Dore-l'Eglise
122445132,1590197,lt,Dordives
122445286,1590199,lt,Dorceau
122445363,1590200,lt,Doratas
122445440,1590201,lt,Dorans
122445517,1590202,lt,Doranges
122445671,1590204,lt,Donzy-le-Pertuis
122445748,1590205,lt,Donzy-le-National
122445902,1590207,lt,Donzy
122446056,1590209,lt,Donzère
122446133,1590210,lt,Donzenac
122446210,1590211,lt,Donzacq
122446287,1590212,lt,Donzakas
122446364,1590213,lt,Donzakas
122446441,1590214,lt,Donville-les-Bains
122446595,1590216,lt,Dontrien
122446672,1590217,lt,Dontreix
122446903,1590220,lt,Donnezac
122446980,1590221,lt,Donneville
122447057,1590222,lt,Donnery
122447134,1590223,lt,Donnenheim
122447211,1590224,lt,Donnement
122447288,1590225,lt,Donnemarie-Dontilly
122447365,1590226,lt,Donnemarie
122447442,1590227,lt,Donnemain-Saint-Mames
122447519,1590228,lt,Donnelay
122447596,1590229,lt,Donnazac
122447673,1590230,lt,Donnay
122447827,1590232,lt,Donjeux
122447904,1590233,lt,Donjeux
122447981,1590234,lt,Donges
122448058,1590235,lt,Dondas
122448212,1590237,lt,Doncourt-les-Longuyon
122448289,1590238,lt,Doncourt-les-Conflans
122448366,1590239,lt,Doncourt-aux-Templiers
122448443,1590240,lt,Doncieres
122448520,1590241,lt,Donchery
122448597,1590242,lt,Donazac
122448751,1590244,lt,Don
122448828,1590245,lt,Domvast
122448905,1590246,lt,Domvallier
122448982,1590247,lt,Domsure
122449059,1590248,lt,Domremy-la-Pucelle
122449213,1590250,lt,Domremy-Landeville
122449367,1590252,lt,Domqueur
122449444,1590253,lt,Domptin
122449521,1590254,lt,Domptail-en-l'Air
122449598,1590255,lt,Domptail
122449675,1590256,lt,Domps
122449829,1590258,lt,Domprix
122449906,1590259,lt,Dompremy
122449983,1590260,lt,Domprel
122450060,1590261,lt,Dompnac
122450137,1590262,lt,Dompierre-sur-Yon
122450214,1590263,lt,Dompierre-sur-Veyle
122450291,1590264,lt,Dompierre-sur-Nievre
122450368,1590265,lt,Dompierre-sur-Mont
122450445,1590266,lt,Dompierre-sur-Mer
122450522,1590267,lt,Dompierre-sur-Hery
122450599,1590268,lt,Dompierre-sur-Helpe
122450676,1590269,lt,Dompierre-sur-Charente
122450753,1590270,lt,Dompierre-sur-Chalaronne
122450830,1590271,lt,Dompierre-sur-Besbre
122450907,1590272,lt,Dompierre-sur-Authie
122450984,1590273,lt,Dompierre-sous-Sanvignes
122451061,1590274,lt,Dompierre-les-Tilleuls
122451138,1590275,lt,Dompierre-les-Ormes
122451215,1590276,lt,Dompierre-les-Eglises
122451292,1590277,lt,Dompierre-Bequincourt
122451369,1590278,lt,Dompierre-en-Morvan
122451446,1590279,lt,Dompierre-du-Chemin
122451523,1590280,lt,Dompierre-aux-Bois
122451600,1590281,lt,Dompierre
122451677,1590282,lt,Dompierre
122451754,1590283,lt,Dompierre
122451908,1590285,lt,Dompcevrin
122451985,1590286,lt,Dompaire
122452062,1590287,lt,Domont
122452216,1590289,lt,Dommiers
122452293,1590290,lt,Dommery
122452370,1590291,lt,Dommerville
122452447,1590292,lt,Domme
122452524,1590293,lt,Dommary-Baroncourt
122452678,1590295,lt,Dommartin-Varimont
122452755,1590296,lt,Dommartin-sur-Vraine
122452832,1590297,lt,Dommartin-sous-Hans
122452909,1590298,lt,Dommartin-Lettree
122452986,1590299,lt,Dommartin-les-Vallois
122453063,1590300,lt,Dommartin-lès-Toul
122453140,1590301,lt,Dommartin-lès-Remiremont
122453217,1590302,lt,Dommartin-les-Cuiseaux
122453294,1590303,lt,Dommartin-le-St-Pere
122453371,1590304,lt,Dommartin-le-Franc
122453448,1590305,lt,Dommartin-le-Coq
122453525,1590306,lt,Donmartin-Dampierre
122453602,1590307,lt,Dommartin-la-Montagne
122453756,1590309,lt,Dommartin-aux-Bois
122453833,1590310,lt,Dommartin
122453910,1590311,lt,Dommartin
122453987,1590312,lt,Dommartin
122454064,1590313,lt,Dommartin
122454141,1590314,lt,Dommartemont
122454218,1590315,lt,Dommarien
122454295,1590316,lt,Dommarie
122454372,1590317,lt,Dom-le-Mesnil
122454449,1590318,lt,Domleger-Longvillers
122454526,1590319,lt,Domjulien
122454603,1590320,lt,Domjevin
122454680,1590321,lt,Domjean
122454757,1590322,lt,Dominois
122454988,1590325,lt,Domgermain
122455065,1590326,lt,Domfront-en-Champagne
122455142,1590327,lt,Domfront
122455219,1590328,lt,Domfront
122455296,1590329,lt,Domfessel
122455373,1590330,lt,Domfaing
122455450,1590331,lt,Domezain
122455527,1590332,lt,Domeyrot
122455604,1590333,lt,Domeyrat
122455681,1590334,lt,Domèvre-sur-Vezouze
122455758,1590335,lt,Domevre-sur-Durbion
122455835,1590336,lt,Domevre-sur-Aviere
122455912,1590337,lt,Domevre-sous-Montfort
122455989,1590338,lt,Domevre-en-Haye
122456066,1590339,lt,Domessin
122456143,1590340,lt,Domessargues
122456374,1590343,lt,Domerat
122456451,1590344,lt,Domene
122456605,1590346,lt,Domeliers
122456682,1590347,lt,Domecy-sur-Cure
122456759,1590348,lt,Dombrot-sur-Vair
122456836,1590349,lt,Dombrot-le-Sek
122456913,1590350,lt,Dombras
122456990,1590351,lt,Domblans
122457067,1590352,lt,Dombasle-sur-Meurthe
122457144,1590353,lt,Dombasle-en-Xaintois
122457221,1590354,lt,Dombasle-en-Argonne
122457298,1590355,lt,Dombasle-devant-Darney
122457375,1590356,lt,Domazan
122457452,1590357,lt,Domats
122457606,1590359,lt,Domart-sur-la-Luce
122457683,1590360,lt,Domart-en-Ponthieu
122457760,1590361,lt,Domarin
122457914,1590363,lt,Domancy
122458068,1590365,lt,Domalain
122458145,1590366,lt,Domaize
122458299,1590368,lt,Domagné
122458376,1590369,lt,Dolving
122458453,1590370,lt,Dolus-le-Sec
122458530,1590371,lt,Dolus-d'Oleron
122458607,1590372,lt,Dolomieu
122458684,1590373,lt,Doloù
122458838,1590375,lt,Dolmayrac
122458915,1590376,lt,Dollot
122458992,1590377,lt,Dollon
122459069,1590378,lt,Dagoerenas
122459377,1590382,lt,Dole
122459454,1590383,lt,Dol-de-Bretagne
122459531,1590384,lt,Dolcourt
122459608,1590385,lt,Dolancourt
122459762,1590387,lt,Dolaincourt
122459916,1590389,lt,Doizieu
122459993,1590390,lt,Doix
122460070,1590391,lt,Doissin
122460147,1590392,lt,Doissat
122460224,1590393,lt,Doingt
122460301,1590394,lt,Doignies
122460378,1590395,lt,Dohis
122460455,1590396,lt,Dohem
122460532,1590397,lt,Dogneville
122460609,1590398,lt,Dognen
122460686,1590399,lt,Doeuil-sur-le-Mignon
122460917,1590402,lt,Docelles
122460994,1590403,lt,Doazon
122461071,1590404,lt,Doazit
122461148,1590405,lt,Dizy-le-Gros
122461225,1590406,lt,Dizy
122461302,1590407,lt,Dizimieu
122461379,1590408,lt,Dixmont
122461456,1590409,lt,Divonne-les-Bains
122461610,1590411,lt,Divion
122461687,1590412,lt,Dives-sur-Mer
122461764,1590413,lt,Dives
122461995,1590416,lt,Haut Divajeu
122462072,1590417,lt,Diusse
122462149,1590418,lt,Distroff
122462226,1590419,lt,Distre
122462303,1590420,lt,Dissé-sous-le-Lude
122462380,1590421,lt,Disse-sous-Ballon
122462457,1590422,lt,Dissay-sous-Courcillon
122462534,1590423,lt,Dissay
122462688,1590425,lt,Dissangis
122462765,1590426,lt,Diz Jadiz
122463073,1590430,lt,Dirol
122463227,1590432,lt,Dirinon
122463304,1590433,lt,Dirac
122463458,1590435,lt,Diou
122463535,1590436,lt,Diou
122463612,1590437,lt,Diors
122463689,1590438,lt,Dions
122463766,1590439,lt,Dionay
122463843,1590440,lt,Dio-et-Valquieres
122463920,1590441,lt,Dinteville
122463997,1590442,lt,Dinsheim-sur-Bruche
122464074,1590443,lt,Dinsac
122464151,1590444,lt,Dinoze
122464228,1590445,lt,Dingy-Saint-Clair
122464305,1590446,lt,Dingy-en-Vuache
122464382,1590447,lt,Dingsheim
122464459,1590448,lt,Dinge
122464536,1590449,lt,Dinéault
122464613,1590450,lt,Dinard
122464690,1590451,lt,Dinan
122464921,1590454,lt,Dimont
122465075,1590456,lt,Dimechaux
122465152,1590457,lt,Dimbsthal
122465229,1590458,lt,Dimancheville
122465383,1590460,lt,Dilo
122465614,1590463,lt,Dižonas
122465845,1590466,lt,Digulleville
122465922,1590467,lt,Digosville
122465999,1590468,lt,Digoin
122466076,1590469,lt,Digny
122466230,1590471,lt,Dignonville
122466307,1590472,lt,Din le Benas
122466384,1590473,lt,Dignac
122466615,1590476,lt,Digna
122466692,1590477,lt,Diges
122466846,1590479,lt,Diffembach-lès-Hellimer
122466923,1590480,lt,Dieval
122467000,1590481,lt,Dieuze
122467077,1590482,lt,Dieupentale
122467154,1590483,lt,Dieulouard
122467231,1590484,lt,Dieulivol
122467308,1590485,lt,Dieulefit
122467385,1590486,lt,Dieue-sur-Meuse
122467462,1590487,lt,Dieudonne
122467616,1590489,lt,Dietwiller
122467693,1590490,lt,Diesen
122467770,1590491,lt,Dierrey-Saint-Pierre
122467847,1590492,lt,Dierrey-Saint-Julien
122467924,1590493,lt,Dierre
122468001,1590494,lt,Dieppe-sous-Douaumont
122468155,1590496,lt,Djepas
122468232,1590497,lt,Dienville
122468309,1590498,lt,Diennes-Aubigny
122468386,1590499,lt,Dikence
122468463,1590500,lt,Dikence
122468540,1590501,lt,Dienay
122468617,1590502,lt,Diemoz
122468694,1590503,lt,Diemeringen
122468771,1590504,lt,Dieme
122468925,1590506,lt,Diefmatten
122469002,1590507,lt,Dieffenthal
122469079,1590508,lt,Dieffenbach-les-Woerth
122469156,1590509,lt,Dieffenbach-au-Val
122469233,1590510,lt,Diedendorf
122469310,1590511,lt,Diebolsheim
122469387,1590512,lt,Diebling
122469464,1590513,lt,Die
122469618,1590515,lt,Didenheim
122469695,1590516,lt,Dicy
122469772,1590517,lt,Diconne
122469926,1590519,lt,Diarville
122470003,1590520,lt,Diant
122470157,1590522,lt,Diane-Capelle
122470311,1590524,lt,Diancey
122470388,1590525,lt,Dhuizon
122470465,1590526,lt,Dhuizel
122470542,1590527,lt,Dhuisy
122470619,1590528,lt,D'Huison-Longueville
122470773,1590530,lt,Dheury
122470927,1590532,lt,Dezize-les-Maranges
122471004,1590533,lt,Dezejoul
122471081,1590534,lt,Deyvillers
122471312,1590537,lt,Deyme
122471389,1590538,lt,Deycimont
122471466,1590539,lt,Devrouze
122471543,1590540,lt,Devise
122471620,1590541,lt,Deville-les-Rouen
122471697,1590542,lt,Deville
122471774,1590543,lt,Deville
122471851,1590544,lt,Devillac
122471928,1590545,lt,Deviat
122472005,1590546,lt,Deveze
122472082,1590547,lt,Devesset
122472159,1590548,lt,Devecey
122472236,1590549,lt,Dedaye
122472390,1590551,lt,Deuxville
122472467,1590552,lt,Deux-Verges
122472544,1590553,lt,Deuxnouds-devant-Beauzee
122472621,1590554,lt,Deuxnouds-aux-Bois
122472852,1590557,lt,Deux-Jumeaux
122472929,1590558,lt,Deux-Evailles
122473083,1590560,lt,Deux-Chaises
122473237,1590562,lt,Deulemont
122473314,1590563,lt,Deuillet
122473391,1590564,lt,Deuil-la-Barre
122473545,1590566,lt,Dettwiller
122473622,1590567,lt,Dettey
122473699,1590568,lt,Detrier
122473853,1590570,lt,Detain-et-Bruant
122473930,1590571,lt,Desvres
122474007,1590572,lt,Destry
122474084,1590573,lt,Destord
122474238,1590575,lt,Dessia
122474315,1590576,lt,Dessenheim
122474392,1590577,lt,Desseling
122474469,1590578,lt,Desnes
122474546,1590579,lt,Desmonts
122474623,1590580,lt,Desingy
122474700,1590581,lt,Desges
122474777,1590582,lt,Déservillers
122474854,1590583,lt,Desertines
122474931,1590584,lt,Desertines
122475008,1590585,lt,Desandans
122475085,1590586,lt,Desaignes
122475162,1590587,lt,Derval
122475239,1590588,lt,Dernancourt
122475316,1590589,lt,Dernacueillette
122475547,1590592,lt,Dercy
122475624,1590593,lt,Derchigny
122475778,1590595,lt,Derbamont
122475855,1590596,lt,Déols
122475932,1590597,lt,Denting
122476009,1590598,lt,Dentillat
122476086,1590599,lt,Denonville
122476163,1590600,lt,Denney
122476240,1590601,lt,Dennevy
122476394,1590603,lt,Denneville
122476548,1590605,lt,Dennebroeucq
122476702,1590607,lt,Denipaire
122476779,1590608,lt,Denier
122476856,1590609,lt,Denice
122476933,1590610,lt,Denguin
122477010,1590611,lt,Denezieres
122477087,1590612,lt,Dénezé-sous-le-Lude
122477164,1590613,lt,Deneze-sous-Doue
122477241,1590614,lt,Denevre
122477318,1590615,lt,Deneuvre
122477395,1590616,lt,Deneuille-les-Mines
122477472,1590617,lt,Deneuille-les-Chantelle
122477549,1590618,lt,Denestanville
122477626,1590619,lt,Denee
122477703,1590620,lt,Denaze
122477780,1590621,lt,Denat
122477934,1590623,lt,Denain
122478011,1590624,lt,Demuin
122478088,1590625,lt,Demu
122478242,1590627,lt,Demouville
122478319,1590628,lt,Demky
122478473,1590630,lt,Demangevelle
122478550,1590631,lt,Demange-aux-Eaux
122478627,1590632,lt,Demandolx
122478781,1590634,lt,Deluz
122478858,1590635,lt,Delut
122478935,1590636,lt,Delouze-Rosieres
122479012,1590637,lt,Delme
122479166,1590639,lt,Delzhyleris
122479243,1590640,lt,Delincourt
122479320,1590641,lt,Delettes
122479474,1590643,lt,Delain
122479628,1590645,lt,Deinvillers
122479705,1590646,lt,Dehlingen
122479859,1590648,lt,Dehault
122480013,1590650,lt,Degre
122480167,1590652,lt,Degagnac
122480398,1590655,lt,Decize
122480475,1590656,lt,Décines-Charpieu
122480552,1590657,lt,Dechy
122480629,1590658,lt,Decazeville
122480706,1590659,lt,Debats-Riviere-d'Orpra
122480783,1590660,lt,Deaux
122480860,1590661,lt,Deauville
122480937,1590662,lt,Dax
122481014,1590663,lt,Davron
122481091,1590664,lt,Davrey
122481168,1590665,lt,Davignac
122481245,1590666,lt,Davezieux
122481322,1590667,lt,Davenescourt
122481399,1590668,lt,Davejean
122481476,1590669,lt,Davayé
122481553,1590670,lt,Davayat
122481630,1590671,lt,Dauzat-sur-Vodable
122481707,1590672,lt,Daux
122481784,1590673,lt,Dausse
122481861,1590674,lt,Dofinas
122481938,1590675,lt,Daumeray
122482015,1590676,lt,Daumazan-sur-Arize
122482169,1590678,lt,Dauendorf
122482477,1590682,lt,Daubeze
122482554,1590683,lt,Daubeuf-Serville
122482631,1590684,lt,Daubeuf-pres-Vatteville
122482708,1590685,lt,Daubeuf-la-Campagne
122482862,1590687,lt,Daubensand
122483093,1590690,lt,Dasle
122483170,1590691,lt,Darvoy
122483247,1590692,lt,Darvault
122483401,1590694,lt,Darois
122483555,1590696,lt,Darnieulles
122483709,1590698,lt,Darney
122483786,1590699,lt,Darnétal
122484017,1590702,lt,Darnac
122484171,1590704,lt,Darmannes
122484325,1590706,lt,Dargoire
122484402,1590707,lt,Dargnies
122484556,1590709,lt,Dargies
122484633,1590710,lt,Dareize
122484710,1590711,lt,Dardilly
122484787,1590712,lt,Dardez
122484941,1590714,lt,Dardenay
122485018,1590715,lt,Dardenac
122485172,1590717,lt,Darcey
122485249,1590718,lt,Darbres
122485326,1590719,lt,Darbonnay
122485403,1590720,lt,Darazac
122485557,1590722,lt,Daours
122485634,1590723,lt,Daoulas
122485711,1590724,lt,Daon
122485788,1590725,lt,Danzé
122485865,1590726,lt,Danvou-la-Ferriere
122486096,1590729,lt,Dannevoux
122486173,1590730,lt,Dannes
122486250,1590731,lt,Dannemois
122486327,1590732,lt,Dannemoine
122486404,1590733,lt,Dannemarie-sur-Crete
122486481,1590734,lt,Dannemarie
122486558,1590735,lt,Dannemarie
122486635,1590736,lt,Dannemarie
122486712,1590737,lt,Dannelbourg
122486789,1590738,lt,Danne
122486866,1590739,lt,Danjoutin
122486943,1590740,lt,Danizy
122487020,1590741,lt,Dangy
122487097,1590742,lt,Dangu
122487174,1590743,lt,Dangolsheim
122487251,1590744,lt,Dangez
122487328,1590745,lt,Dangers
122487405,1590746,lt,Dangeau
122487482,1590747,lt,Dangé-Saint-Romain
122487559,1590748,lt,Danestal
122487636,1590749,lt,Dancy
122487713,1590750,lt,Dancourt
122487790,1590751,lt,Dancourt-Popincourt
122488021,1590754,lt,Dancevoir
122488098,1590755,lt,Dance
122488175,1590756,lt,Dance
122488252,1590757,lt,Damvix
122488329,1590758,lt,Damvillers
122488406,1590759,lt,Damville
122488560,1590761,lt,Damremont
122488637,1590762,lt,Dampvitoux
122488791,1590764,lt,Dampvalley-les-Colombe
122488868,1590765,lt,Dampsmesnil
122488945,1590766,lt,Damprichard
122489099,1590768,lt,Dampniat
122489176,1590769,lt,Dampmart
122489253,1590770,lt,Dampleux
122489330,1590771,lt,Dampjoux
122489407,1590772,lt,Dampierre-sur-Salon
122489484,1590773,lt,Dampierre-sur-Moivre
122489561,1590774,lt,Dampierre-sur-Linotte
122489638,1590775,lt,Dampierre-sur-le-Doubs
122489715,1590776,lt,Dampierre-sur-Boutonne
122489792,1590777,lt,Dampierre-sur-Blevy
122489869,1590778,lt,Dampierre-sur-Avre
122490023,1590780,lt,Dampierre-sous-Brou
122490100,1590781,lt,Dampierre-sous-Bouhy
122490177,1590782,lt,Dampierre-St-Nicolas
122490254,1590783,lt,Dampierre-les-Conflans
122490331,1590784,lt,Dampierre-les-Bois
122490408,1590785,lt,Dampierre-le-Chateau
122490485,1590786,lt,Dampierre-et-Flee
122490562,1590787,lt,Dampierre-en-Montagne
122490716,1590789,lt,Dampierre-en-Gracay
122490793,1590790,lt,Dampierre-en-Crot
122490870,1590791,lt,Dampierre-en-Burly
122490947,1590792,lt,Dampierre-en-Bresse
122491024,1590793,lt,Dampierre-au-Temple
122491101,1590794,lt,Dampierre-en-Bray
122491178,1590795,lt,Dampierre
122491255,1590796,lt,Dampierre-en-Yvelines
122491332,1590797,lt,Dampierre
122491486,1590799,lt,Dampierre
122491563,1590800,lt,Dampierre
122491717,1590802,lt,Damparis
122491794,1590803,lt,Damouzy
122491871,1590804,lt,Darmortu'iyeh
122491948,1590805,lt,Dammartin-sur-Tigeaux
122492025,1590806,lt,Dammartin-sur-Meuse
122492102,1590807,lt,Dammartin-les-Templiers
122492179,1590808,lt,Dammartin-en-Serve
122492256,1590809,lt,Dammartin-en-Goele
122492333,1590810,lt,Dammartin-Marpain
122492410,1590811,lt,Dammarie-sur-Saulx
122492487,1590812,lt,Dammarie-sur-Loing
122492564,1590813,lt,Dammarie-les-Lys
122492641,1590814,lt,Dammarie-en-Puisaye
122492718,1590815,lt,Dammarie
122492795,1590816,lt,Dammard
122492872,1590817,lt,Damloup
122492949,1590818,lt,Damigny
122493026,1590819,lt,Damiatte
122493103,1590820,lt,Damgan
122493180,1590821,lt,Damery
122493257,1590822,lt,Damery
122493334,1590823,lt,Damerey
122493411,1590824,lt,Dameraucourt
122493488,1590825,lt,Dame-Marie-les-Bois
122493565,1590826,lt,Dame-Marie
122493642,1590827,lt,Dame-Marie
122493719,1590828,lt,Damelevieres
122493796,1590829,lt,Dambron
122493873,1590830,lt,Damblainville
122493950,1590831,lt,Damblain
122494027,1590832,lt,Dambenoit-les-Colombe
122494104,1590833,lt,Dambenois
122494181,1590834,lt,Dambelin
122494335,1590836,lt,Dambach-la-Ville
122494412,1590837,lt,Dambach
122494489,1590838,lt,Damazanas
122494566,1590839,lt,Damas-et-Bettegney
122494643,1590840,lt,Damas-aux-Bois
122494720,1590841,lt,Daluis
122494797,1590842,lt,Dalstein
122494874,1590843,lt,GJa Loc
122495259,1590848,lt,Dallon
122495336,1590849,lt,Dallet
122495490,1590851,lt,Dalhunden
122495567,1590852,lt,Dalhain
122495721,1590854,lt,Dalem
122495875,1590856,lt,Daix
122495952,1590857,lt,Dainville-Bertheleville
122496029,1590858,lt,Dainville
122496183,1590860,lt,Daillecourt
122496260,1590861,lt,Daillancourt
122496414,1590863,lt,Daigny
122496491,1590864,lt,Daignac
122496645,1590866,lt,Dahlenheim
122496876,1590869,lt,Dagonville
122496953,1590870,lt,Dagny-Lambercy
122497030,1590871,lt,Dagny
122497107,1590872,lt,Dagneux
122497184,1590873,lt,Daglan
122497261,1590874,lt,Dadonville
122497338,1590875,lt,Dachstein
122497415,1590876,lt,Dabo
122497569,1590878,lt,Cysoing
122497646,1590879,lt,Cys-la-Commune
122497723,1590880,lt,Cuzy
122497954,1590883,lt,Cuzorn
122498108,1590885,lt,Cuzion
122498185,1590886,lt,Cuzieu
122498262,1590887,lt,Cuzieu
122498339,1590888,lt,Cuzance
122498416,1590889,lt,Cuzac
122498493,1590890,lt,Cuy-Saint-Fiacre
122498570,1590891,lt,Cuy
122498647,1590892,lt,Cuy
122498724,1590893,lt,Cuxac-d'Aude
122498801,1590894,lt,Cuxac-Cabardès
122498878,1590895,lt,Cuvry
122499032,1590897,lt,Cuvilly
122499109,1590898,lt,Cuvillers
122499186,1590899,lt,Cuvier
122499263,1590900,lt,Cuves
122499417,1590902,lt,Cuverville-sur-Yeres
122499494,1590903,lt,Cuverville
122499571,1590904,lt,Cuverville
122499648,1590905,lt,Cuverville
122499725,1590906,lt,Cuvergnon
122499802,1590907,lt,Cuve
122499879,1590908,lt,Cuvat
122499956,1590909,lt,Cuttura
122500033,1590910,lt,Pjovimas
122500110,1590911,lt,Cuts
122500187,1590912,lt,Cutry
122500264,1590913,lt,Cutry
122500418,1590915,lt,Cuttoli-Corticchiato
122500495,1590916,lt,Cusy
122500572,1590917,lt,Cusy
122500726,1590919,lt,Custines
122500803,1590920,lt,Cussy-les-Forges
122500880,1590921,lt,Cussy-le-Chatel
122501034,1590923,lt,Cussy-en-Morvan
122501111,1590924,lt,Cussy
122501342,1590927,lt,Cussigny
122501496,1590929,lt,Cussey-sur-l'Ognon
122501573,1590930,lt,Cussey-les-Forges
122501650,1590931,lt,Cusset
122501804,1590933,lt,Cussay
122501881,1590934,lt,Cussangy
122502035,1590936,lt,Cussac
122502266,1590939,lt,Cussac-Fort-Medoc
122502343,1590940,lt,Cussac-sur-Loire
122502420,1590941,lt,Cussac
122502574,1590943,lt,Cusey
122502651,1590944,lt,Cuse-et-Adrisans
122502728,1590945,lt,Cusance
122502805,1590946,lt,Curzon
122502959,1590948,lt,Curzay-sur-Vonne
122503036,1590949,lt,Curvalle
122503190,1590951,lt,Vézeronce-Curtin
122503267,1590952,lt,Curtil-Vergy
122503344,1590953,lt,Curtil-sous-Burnand
122503421,1590954,lt,Curtil-sous-Buffieres
122503498,1590955,lt,Curtil-Saint-Seine
122503652,1590957,lt,Curtafond
122503729,1590958,lt,Cursan
122503960,1590961,lt,Curnier
122504191,1590964,lt,Curlu
122504268,1590965,lt,Curley
122504422,1590967,lt,Curis-au-Mont-d'Or
122504576,1590969,lt,Curières
122504653,1590970,lt,Curienne
122504730,1590971,lt,Curgy
122504807,1590972,lt,Curgies
122504961,1590974,lt,Curey
122505192,1590977,lt,Cures
122505269,1590978,lt,Curemonte
122505346,1590979,lt,Curel
122505423,1590980,lt,Curel
122505577,1590982,lt,Curdin
122505654,1590983,lt,Curcy-sur-Orne
122505731,1590984,lt,Curciat-Dongalon
122505808,1590985,lt,Curchy
122505885,1590986,lt,Curçay-sur-Dive
122505962,1590987,lt,Curbigny
122506039,1590988,lt,Curbans
122506116,1590989,lt,Curan
122506193,1590990,lt,Curac
122506270,1590991,lt,Cuqueron
122506347,1590992,lt,Cuq-Toulza
122506424,1590993,lt,Cuq
122506501,1590994,lt,Cuq
122506578,1590995,lt,Cuperly
122506655,1590996,lt,Cuon
122506809,1590998,lt,Cunlhat
122506963,1591000,lt,Cunfin
122507040,1591001,lt,Cunelières
122507194,1591003,lt,Cunèges
122507271,1591004,lt,Cuncy-lès-Varzy
122507348,1591005,lt,Cunac
122507579,1591008,lt,Cumont
122507810,1591011,lt,Cumieres
122507964,1591013,lt,Cultures
122508118,1591015,lt,Cult
122508195,1591016,lt,Culoz
122508272,1591017,lt,Culoison
122508349,1591018,lt,Culmont
122508503,1591020,lt,Culles-les-Roches
122508580,1591021,lt,Culin
122508657,1591022,lt,Culhat
122508734,1591023,lt,Culey-le-Patry
122508811,1591024,lt,Culey
122508888,1591025,lt,Culetre
122509196,1591029,lt,Culan
122509273,1591030,lt,Guisy-en-Almont
122509427,1591032,lt,Cuisy
122509504,1591033,lt,Cuissy-et-Geny
122509735,1591036,lt,Cuissai
122509812,1591037,lt,Cuisles
122509889,1591038,lt,Cuisiat
122509966,1591039,lt,Cuisia
122510043,1591040,lt,Cuisery
122510120,1591041,lt,Cuiserey
122510197,1591042,lt,Cuise-la-Motte
122510274,1591043,lt,Cuiseaux
122510351,1591044,lt,Cuis
122510428,1591045,lt,Cuiry-lès-Chaudardes
122510582,1591047,lt,Cuiry-Housse
122510659,1591048,lt,Cuirieux
122510813,1591050,lt,Cuinzier
122510890,1591051,lt,Cuincy
122510967,1591052,lt,Cuinchy
122511121,1591054,lt,Cuillé
122511275,1591056,lt,Cuigy-en-Bray
122511352,1591057,lt,Cuignières
122511506,1591059,lt,Cuhon
122511660,1591061,lt,Cuguron
122511737,1591062,lt,Cuguen
122511891,1591064,lt,Cugny
122512045,1591066,lt,Cugney
122512199,1591068,lt,Cugnaux
122512276,1591069,lt,Cuges-les-Pins
122512353,1591070,lt,Cugand
122512430,1591071,lt,Cuffy
122512507,1591072,lt,Cuffies
122512584,1591073,lt,Cuers
122512661,1591074,lt,Cuelas
122512815,1591076,lt,Cuebris
122512892,1591077,lt,Cudot
122512969,1591078,lt,Cudos
122513046,1591079,lt,Cucuron
122513123,1591080,lt,Cucugnan
122513200,1591081,lt,Cucq
122513354,1591083,lt,Cuchery
122513431,1591084,lt,Cucharmoy
122513508,1591085,lt,Cubzac-les-Ponts
122513662,1591087,lt,Cubry-les-Soing
122513739,1591088,lt,Cubry-lès-Faverney
122513816,1591089,lt,Cubry
122513970,1591091,lt,Cubrial
122514201,1591094,lt,Cubnezais
122514278,1591095,lt,Cublize
122514663,1591100,lt,Cublac
122514740,1591101,lt,Cubjac
122514817,1591102,lt,Cubierettes
122514894,1591103,lt,Cubieres-sur-Cinoble
122514971,1591104,lt,Cubieres
122515125,1591106,lt,Cubelles
122515279,1591108,lt,Cry
122515356,1591109,lt,Cruzy-le-Chatelis
122515433,1591110,lt,Cruzy
122515510,1591111,lt,Cruzilles-les-Mepillat
122515587,1591112,lt,Cruzille
122515741,1591114,lt,Crux-la-Ville
122515895,1591116,lt,Cruviers-Lascours
122515972,1591117,lt,Crusnes
122516049,1591118,lt,Cruseilles
122516126,1591119,lt,Cruscades
122516280,1591121,lt,Crupilly
122516357,1591122,lt,Crupies
122516434,1591123,lt,Crulai
122516511,1591124,lt,Cruis
122516588,1591125,lt,Cruguel
122516665,1591126,lt,Crugny
122516742,1591127,lt,Crugey
122516819,1591128,lt,Cruet
122516896,1591129,lt,Cruejouls
122517127,1591132,lt,Crucheray
122517204,1591133,lt,Crucey-Villages
122517281,1591134,lt,Cruas
122517435,1591136,lt,Crozon-sur-Vauvre
122517512,1591137,lt,Crozon
122517743,1591140,lt,Crozet
122518128,1591145,lt,Croze-l'Hermitage
122518205,1591146,lt,Croze
122518359,1591148,lt,Crozant
122518744,1591153,lt,Crouzilles
122518821,1591154,lt,Crouzet-Migette
122518975,1591156,lt,Crouy-sur-Ourcq
122519052,1591157,lt,Crouy-sur-Cosson
122519129,1591158,lt,Crouy-en-Thelle
122519206,1591159,lt,Crouy-Saint-Pierre
122519283,1591160,lt,Crouy
122519437,1591162,lt,Crouttes
122519514,1591163,lt,Croutoy
122519668,1591165,lt,Croutelle
122519745,1591166,lt,Crouseilles
122519822,1591167,lt,Crouay
122519899,1591168,lt,Crottet
122519976,1591169,lt,Crottes-en-Pithiverais
122520130,1591171,lt,Croth
122520207,1591172,lt,Crotenay
122520284,1591173,lt,Crotelles
122520438,1591175,lt,Crosville-sur-Scie
122520515,1591176,lt,Crosville-sur-Douve
122520592,1591177,lt,Crosville-la-Vieille
122520746,1591179,lt,Crosses
122520900,1591181,lt,Crossac
122520977,1591182,lt,Crosne
122521054,1591183,lt,Crosmières
122521131,1591184,lt,Crosey-le-Petit
122521208,1591185,lt,Crosey-le-Grand
122521362,1591187,lt,Cros-de-Ronesque
122521439,1591188,lt,Cros-de-Montvert
122521516,1591189,lt,„Cros-de-Georand“.
122521901,1591194,lt,Cros
122522209,1591198,lt,Cros
122522440,1591201,lt,Cropus
122522594,1591203,lt,Cronce
122522671,1591204,lt,Cronat
122522825,1591206,lt,Cromary
122522902,1591207,lt,Cromac
122522979,1591208,lt,Crollon
122523056,1591209,lt,Crolles
122523287,1591212,lt,Croizet-sur-Gand
122523364,1591213,lt,Croixrault
122523441,1591214,lt,Croix-Molignaux
122523518,1591215,lt,Croix-Mare
122523595,1591216,lt,Croix-Fonsomme
122523749,1591218,lt,Croix-en-Ternois
122523980,1591221,lt,Croixdale
122524057,1591222,lt,Croix-Chapeau
122524134,1591223,lt,Croix-Caluyau
122524365,1591226,lt,Croixanvec
122524442,1591227,lt,Croix
122524519,1591228,lt,Croix
122524596,1591229,lt,Croisy-sur-Eure
122524673,1591230,lt,Croisy
122524750,1591231,lt,Croissy-sur-Seine
122524827,1591232,lt,Croissy-sur-Celle
122524904,1591233,lt,Croissy-Beaubourg
122524981,1591234,lt,Croissanville
122525058,1591235,lt,Croismare
122525135,1591236,lt,Croisilles
122525212,1591237,lt,Croisilles
122525289,1591238,lt,Croisilles
122525366,1591239,lt,Croisilles
122525520,1591241,lt,Croisette
122525674,1591243,lt,Croignon
122525905,1591246,lt,Croettwiller
122525982,1591247,lt,Crocy
122526059,1591248,lt,Crocq
122526136,1591249,lt,Crocicchia
122526213,1591250,lt,Crochte
122526598,1591255,lt,Croce
122527137,1591262,lt,Critot
122527214,1591263,lt,Criteuil-la-Magdeleine
122527291,1591264,lt,Cristot
122527368,1591265,lt,Cristinacce
122527445,1591266,lt,Crissey
122527522,1591267,lt,Crissey
122527599,1591268,lt,Crisse
122527676,1591269,lt,Crissay-sur-Manse
122527753,1591270,lt,Crisolles
122527907,1591272,lt,Crisenoy
122527984,1591273,lt,Criquiers
122528061,1591274,lt,Criquetot-sur-Ouville
122528138,1591275,lt,Criquetot-sur-Longueville
122528215,1591276,lt,Criquetot-l'Esneval
122528292,1591277,lt,Criquetot-le-Mauconduit
122528369,1591278,lt,Criquebeuf-sur-Seine
122528446,1591279,lt,Criquebeuf-la-Campagne
122528523,1591280,lt,Criquebeuf-en-Caux
122528600,1591281,lt,Crion
122528677,1591282,lt,Crimolois
122528831,1591284,lt,Crillon-le-Brave
122528908,1591285,lt,Crillon
122529139,1591288,lt,Criel-sur-Mer
122529293,1591290,lt,Cricqueville-en-Bessin
122529370,1591291,lt,Cricqueville-en-Auge
122529447,1591292,lt,Criqueboeuf
122529524,1591293,lt,Crezilles
122529678,1591295,lt,Crézières
122529755,1591296,lt,Crezancy
122529832,1591297,lt,Crezancy-en-Sancerre
122529909,1591298,lt,Crezancay-sur-Cher
122529986,1591299,lt,Creyssensac-et-Pissot
122530063,1591300,lt,Creysseilles
122530140,1591301,lt,Creysse
122530217,1591302,lt,Creysse
122530294,1591303,lt,Creyssac
122530371,1591304,lt,Creys-Mepieu
122530448,1591305,lt,Creyers
122530525,1591306,lt,Crévoux
122530602,1591307,lt,Crevin
122530756,1591309,lt,Crevic
122530833,1591310,lt,Creveney
122530910,1591311,lt,Crèvecœur-sur-l'Escaut
122530987,1591312,lt,Crevecoeur-le-Petit
122531064,1591313,lt,Crèvecœur-le-Grand
122531141,1591314,lt,Crevecoeur-en-Brie
122531218,1591315,lt,Crevecoeur-en-Auge
122531295,1591316,lt,Crevechamps
122531372,1591317,lt,Crevant-Laveine
122531526,1591319,lt,Crevant
122531680,1591321,lt,Crevans-et-la-Chapelle-les-Granges
122531834,1591323,lt,Creuzier-le-Vieux
122531911,1591324,lt,Creuzier-le-Neuf
122531988,1591325,lt,Creutzwald
122532142,1591327,lt,Creuse
122532219,1591328,lt,Creully
122532296,1591329,lt,Creuë
122532373,1591330,lt,Cretteville
122532527,1591332,lt,Créton
122532758,1591335,lt,Kretėjus
122532989,1591338,lt,Crest-Voland
122533066,1591339,lt,Crestot
122533143,1591340,lt,Crestet
122533297,1591342,lt,Crest
122533374,1591343,lt,Cressy-sur-Somme
122533451,1591344,lt,Cressy-Omencourt
122533528,1591345,lt,Cressy
122533605,1591346,lt,Cressonsacq
122533682,1591347,lt,Cressin
122533759,1591348,lt,Cressia
122533836,1591349,lt,Cresseveuille
122533913,1591350,lt,Cresserons
122533990,1591351,lt,Cressensac
122534067,1591352,lt,Cresse
122534144,1591353,lt,Cressat
122534221,1591354,lt,Cressanges
122534375,1591356,lt,Cressac-Saint-Genis
122534529,1591358,lt,Crespy-le-Neuf
122534606,1591359,lt,Crespinet
122534683,1591360,lt,Crespin
122534760,1591361,lt,Crespin
122534837,1591362,lt,Crespin
122534914,1591363,lt,Crespieres
122534991,1591364,lt,Crespian
122535145,1591366,lt,Cresantignes
122535222,1591367,lt,Cresancey
122535299,1591368,lt,Crequy
122535376,1591369,lt,Crépy-en-Valois
122535453,1591370,lt,Crepy
122535530,1591371,lt,Crepy
122535607,1591372,lt,Crepon
122535684,1591373,lt,Crepol
122535761,1591374,lt,Crepion
122536069,1591378,lt,Crepey
122536146,1591379,lt,Crepand
122536300,1591381,lt,Creot
122536377,1591382,lt,Kreonas d'Armanjakas
122536454,1591383,lt,Creon
122536531,1591384,lt,Crennes-sur-Fraubee
122536685,1591386,lt,Creney-pres-Troyes
122536762,1591387,lt,Crenay
122536839,1591388,lt,Crenans
122536916,1591389,lt,Cremps
122537224,1591393,lt,Crémieu
122537301,1591394,lt,Cremery
122537455,1591396,lt,Cremeaux
122537609,1591398,lt,Crémarest
122537763,1591400,lt,Creissels
122537840,1591401,lt,Creissan
122537917,1591402,lt,Creil
122537994,1591403,lt,Créhen
122538071,1591404,lt,Crehange
122538148,1591405,lt,Cregy-les-Meaux
122538225,1591406,lt,Cregols
122538302,1591407,lt,Cregnards
122538456,1591409,lt,Crédin
122538533,1591410,lt,Crécy-sur-Serre
122538687,1591412,lt,Crécy-en-Ponthieu
122538764,1591413,lt,Crécy-la-Chapelle
122538841,1591414,lt,Crecy-Couve
122538918,1591415,lt,Crecy-au-Mont
122538995,1591416,lt,Crechy
122539380,1591421,lt,Creches-sur-Saone
122539457,1591422,lt,Crechat
122539534,1591423,lt,Crecey-sur-Tille
122539611,1591424,lt,Creancey
122539688,1591425,lt,Creancey
122539765,1591426,lt,Creances
122540458,1591435,lt,Creac'h
122540535,1591436,lt,Cre-sur-Loir
122540612,1591437,lt,Crazannes
122540689,1591438,lt,Craz
122540766,1591439,lt,Craywick
122540843,1591440,lt,Crayssac
122540997,1591442,lt,Cravent
122541074,1591443,lt,Cravenceres
122541151,1591444,lt,Cravant-les-Côteaux
122541228,1591445,lt,Cravant
122541305,1591446,lt,Cravant
122541382,1591447,lt,Cravans
122541459,1591448,lt,Cravanche
122541536,1591449,lt,Cratere
122541613,1591450,lt,Crasville-la-Rocquefort
122541690,1591451,lt,Crasville-la-Mallet
122541767,1591452,lt,Crasville
122541844,1591453,lt,Crasville
122541921,1591454,lt,Crastes
122541998,1591455,lt,Cras-sur-Reyssouze
122542152,1591457,lt,Cras
122542229,1591458,lt,Cras
122542306,1591459,lt,Craponne-sur-Arzon
122542383,1591460,lt,Craponne
122542537,1591462,lt,Crapeaumesnil
122542614,1591463,lt,Craonnelle
122542691,1591464,lt,Craonne
122542768,1591465,lt,Craon
122542845,1591466,lt,Craon
122542922,1591467,lt,Cranves-Sales
122542999,1591468,lt,Crantenoy
122543076,1591469,lt,Cransac-les-Thermes
122543153,1591470,lt,Crans
122543230,1591471,lt,Crans
122543307,1591472,lt,Crannes-en-Champagne
122543461,1591474,lt,Craney
122543538,1591475,lt,Crancot
122543615,1591476,lt,Crancey
122543692,1591477,lt,Crampagna
122543769,1591478,lt,Cramont
122543846,1591479,lt,Cramoisy
122544000,1591481,lt,Craménil
122544077,1591482,lt,Cramchaban
122544154,1591483,lt,Cramant
122544231,1591484,lt,Cramans
122544308,1591485,lt,Cramaille
122544385,1591486,lt,Craissac
122544539,1591488,lt,Crainvilliers
122544616,1591489,lt,Craintilleux
122544693,1591490,lt,Craincourt
122544770,1591491,lt,Crain
122544924,1591493,lt,Crachier
122545078,1591495,lt,Crach
122545232,1591497,lt,Cozzano
122545386,1591499,lt,Cozes
122545540,1591501,lt,Coyviller
122545617,1591502,lt,Coyron
122545694,1591503,lt,Coyriere
122545771,1591504,lt,Coyolles
122545848,1591505,lt,Coye-la-Forêt
122545925,1591506,lt,Coyecques
122546002,1591507,lt,Cox
122546079,1591508,lt,Couzou
122546233,1591510,lt,Couzon-au-Mont-d'Or
122546310,1591511,lt,Couzon
122546464,1591513,lt,Couziers
122546541,1591514,lt,Couzeix
122546618,1591515,lt,Couze-et-Saint-Front
122546772,1591517,lt,Couy
122546926,1591519,lt,Coux-et-Bigaroque
122547003,1591520,lt,Coux
122547080,1591521,lt,Coux
122547157,1591522,lt,Couvrot
122547234,1591523,lt,Couvron-et-Aumencourt
122547311,1591524,lt,Couvrelles
122547388,1591525,lt,Couvonges
122547465,1591526,lt,Couville
122547542,1591527,lt,Couvignon
122547696,1591529,lt,Couvertpuis
122547850,1591531,lt,Couvains
122547927,1591532,lt,Couvains
122548158,1591535,lt,Couture-sur-Loir
122548235,1591536,lt,Coutures
122548312,1591537,lt,Coutures
122548389,1591538,lt,Coutures
122548466,1591539,lt,Coutures
122548543,1591540,lt,Couturelle
122548620,1591541,lt,Couture-d'Argenson
122548851,1591544,lt,Couture
122549005,1591546,lt,Coutras
122549082,1591547,lt,Coutouvre
122549236,1591549,lt,Coutieres
122549313,1591550,lt,Coutiches
122549390,1591551,lt,Couthures-sur-Garonne
122549544,1591553,lt,Couthenans
122549621,1591554,lt,Coutevroult
122549698,1591555,lt,Couteuges
122549852,1591557,lt,Couternon
122549929,1591558,lt,Couterne
122550083,1591560,lt,Coutens
122550160,1591561,lt,Coutencon
122550468,1591565,lt,Coutarnoux
122550622,1591567,lt,Coutansouze
122550776,1591569,lt,Coutances
122550930,1591571,lt,Kostoja
122551007,1591572,lt,Coustouge
122551238,1591575,lt,Coustaussa
122551392,1591577,lt,Coust
122551546,1591579,lt,Coussey
122551623,1591580,lt,Coussergues
122551700,1591581,lt,Coussegrey
122551777,1591582,lt,Coussay-les-Bois
122551854,1591583,lt,Coussay
122552008,1591585,lt,Coussan
122552085,1591586,lt,Coussac-Bonneval
122552162,1591587,lt,Coussa
122552239,1591588,lt,Cousolre
122552470,1591591,lt,Cousances-les-Forges
122552701,1591594,lt,Cousance
122552778,1591595,lt,Courzieu
122553009,1591598,lt,Courville-sur-Eure
122553086,1591599,lt,Courville
122553163,1591600,lt,Courvieres
122553394,1591603,lt,Courtry
122553548,1591605,lt,Courtrizy-et-Fussigny
122553702,1591607,lt,Courtonne-les-Deux-Eglises
122553779,1591608,lt,Courtonne-la-Meurdrac
122553856,1591609,lt,Courtomer
122553933,1591610,lt,Courtomer
122554010,1591611,lt,Courtois-sur-Yonne
122554241,1591614,lt,Courtivron
122554318,1591615,lt,Courtisols
122554626,1591619,lt,Courtils
122554703,1591620,lt,Courtillers
122554857,1591622,lt,Courtieux
122554934,1591623,lt,Courties
122555088,1591625,lt,Courthiezy
122555165,1591626,lt,Courthézon
122555396,1591629,lt,Courteuil
122555550,1591631,lt,Courtetain-et-Salans
122555704,1591633,lt,Courtesoult-et-Gatey
122555781,1591634,lt,Courtes
122555858,1591635,lt,Courteron
122556012,1591637,lt,Courteranges
122556089,1591638,lt,Courtenot
122556166,1591639,lt,Courtenay
122556320,1591641,lt,Courtenay
122556397,1591642,lt,Courtempierre
122556474,1591643,lt,Courtemont-Varennes
122556551,1591644,lt,Courtemont
122556628,1591645,lt,Courtemaux
122556705,1591646,lt,Courtemanche
122556859,1591648,lt,Courtelevant
122556936,1591649,lt,Courteix
122557013,1591650,lt,Courteilles
122557090,1591651,lt,Courteilles
122557167,1591652,lt,Courtefontaine
122557244,1591653,lt,Courtefontaine
122557398,1591655,lt,Courtavon
122557552,1591657,lt,Courtauly
122557706,1591659,lt,Courtaoult
122557860,1591661,lt,Courtalain
122557937,1591662,lt,Courtacon
122558014,1591663,lt,Cour-sur-Loire
122558091,1591664,lt,Courson-Monteloup
122558168,1591665,lt,Courson-les-Carrieres
122558245,1591666,lt,Courson
122558322,1591667,lt,Cours-les-Barres
122558399,1591668,lt,Cours-les-Bains
122558553,1591670,lt,Courseulles-sur-Mer
122558630,1591671,lt,Courset
122558784,1591673,lt,Coursegoules
122558938,1591675,lt,Cours-de-Pile
122559015,1591676,lt,Cours-de-Monsegur
122559092,1591677,lt,Coursan-en-Othe
122559169,1591678,lt,Coursan
122559246,1591679,lt,Cour-Saint-Maurice
122559400,1591681,lt,Coursac
122559631,1591684,lt,Cours
122559708,1591685,lt,Cours
122559785,1591686,lt,Cours-la-Ville
122559862,1591687,lt,Cours
122559939,1591688,lt,Cours
122560016,1591689,lt,Courry
122560093,1591690,lt,Courris
122560170,1591691,lt,Courrières
122560247,1591692,lt,Courrensan
122560478,1591695,lt,Courvaudon
122560555,1591696,lt,Courquetaine
122560632,1591697,lt,Courpignac
122560709,1591698,lt,Courpiere
122560786,1591699,lt,Courpiac
122560940,1591701,lt,Courpalay
122561094,1591703,lt,Courouvre
122561171,1591704,lt,Courotte
122561248,1591705,lt,Cournonterral
122561325,1591706,lt,Cournonsec
122561402,1591707,lt,Cournon-d'Auvergne
122561479,1591708,lt,Cournon
122561556,1591709,lt,Cournols
122561633,1591710,lt,Courniou
122561941,1591714,lt,Cournanel
122562018,1591715,lt,Courmont
122562095,1591716,lt,Courmont
122562249,1591718,lt,Courmes
122562403,1591720,lt,Courmenil
122562480,1591721,lt,Courmemin
122562711,1591724,lt,Courmelles
122562788,1591725,lt,Courmas
122562865,1591726,lt,Courmangoux
122562942,1591727,lt,Courlon-sur-Yonne
122563019,1591728,lt,Courlon
122563096,1591729,lt,Cour-l'Eveque
122563173,1591730,lt,Courleon
122563250,1591731,lt,Courlay
122563327,1591732,lt,Courlaoux
122563404,1591733,lt,Courlans
122563558,1591735,lt,Courlandon
122563635,1591736,lt,Courlac
122563712,1591737,lt,Courjeonnet
122563866,1591739,lt,Courgoul
122563943,1591740,lt,Courgivaux
122564020,1591741,lt,Courgis
122564174,1591743,lt,Courgeout
122564251,1591744,lt,Courgeon
122564405,1591746,lt,Courgent
122564482,1591747,lt,Courgenay
122564559,1591748,lt,Courgenard
122564636,1591749,lt,Courgeac
122564790,1591751,lt,Kurgainsas
122564867,1591752,lt,Cour-et-Buis
122564944,1591753,lt,Churet
122565175,1591756,lt,Courdimanche-sur-Essonne
122565252,1591757,lt,Courdimanche
122565406,1591759,lt,Courdemanges
122565483,1591760,lt,Courdemanche
122565560,1591761,lt,Courdemanche
122565637,1591762,lt,Courcy-aux-Loges
122565714,1591763,lt,Courcy
122565791,1591764,lt,Courcy
122565868,1591765,lt,Courcy
122565945,1591766,lt,Courcuire
122566022,1591767,lt,Courcoury
122566176,1591769,lt,Courcoué
122566253,1591770,lt,Courçon
122566330,1591771,lt,Courcôme
122566407,1591772,lt,Courcival
122566484,1591773,lt,Courcite
122566638,1591775,lt,Cour-Cheverny
122566715,1591776,lt,Kurševelis
122566792,1591777,lt,Courchelettes
122566869,1591778,lt,Courchaton
122566946,1591779,lt,Courchapon
122567023,1591780,lt,Courchamps
122567100,1591781,lt,Courchamps
122567177,1591782,lt,Courchamp
122567331,1591784,lt,Courchamp
122567408,1591785,lt,Kurjeras
122567485,1591786,lt,Courcerault
122567562,1591787,lt,Courcerac
122567716,1591789,lt,Courcemont
122567793,1591790,lt,Courcemain
122567947,1591792,lt,Courcelles-Val-d'Esnoms
122568101,1591794,lt,Courcelles-sur-Viosne
122568178,1591795,lt,Courcelles-sur-Vesle
122568255,1591796,lt,Courcelles-sur-Seine
122568332,1591797,lt,Courcelles-sur-Nied
122568409,1591798,lt,Courcelles-sur-Blaise
122568563,1591800,lt,Courcelles-sur-Aire
122568640,1591801,lt,Courcelles-sous-Thoix
122568717,1591802,lt,Courcelles-sous-Moyencourt
122568794,1591803,lt,Courcelles-sous-Chatenois
122568871,1591804,lt,Courcelles-Sapicourt
122568948,1591805,lt,Courcelles-les-Semur
122569025,1591806,lt,Courcelles-les-Montbeliard
122569102,1591807,lt,Courcelles-les-Montbard
122569179,1591808,lt,Courcelles-les-Lens
122569256,1591809,lt,Courcelles-les-Gisors
122569410,1591811,lt,Courcelles-le-Comte
122569487,1591812,lt,Courcelles-la-Foret
122569564,1591813,lt,Courcelles-Fremoy
122569641,1591814,lt,Courcelles-Epayelles
122569718,1591815,lt,Courcelles-en-Montagne
122569872,1591817,lt,Courcelles de Touraine
122569949,1591818,lt,Courcelles-Chaussy
122570026,1591819,lt,Courcelles-au-Bois
122570334,1591823,lt,Courcelles-en-Bassee
122570411,1591824,lt,Courcelles
122570488,1591825,lt,Courcelles-le-Roi
122570719,1591828,lt,Courcelles
122570796,1591829,lt,Courcelles
122570950,1591831,lt,Courcelles
122571027,1591832,lt,Courcelette
122571104,1591833,lt,Courceboeufs
122571335,1591836,lt,Courcay
122571412,1591837,lt,Courcais
122571489,1591838,lt,Courbouzon
122571566,1591839,lt,Courbouzon
122571874,1591843,lt,Courboin
122571951,1591844,lt,Courbillac
122572105,1591846,lt,Courbiac
122572182,1591847,lt,Courbevoie
122572259,1591848,lt,Courbeveille
122572567,1591852,lt,Courbesseaux
122572798,1591855,lt,Courbépine
122572875,1591856,lt,Courbehaye
122572952,1591857,lt,Courbefy
122573260,1591861,lt,Courban
122573414,1591863,lt,Courant
122573491,1591864,lt,Courances
122573568,1591865,lt,Couqueques
122573722,1591867,lt,Coupvray
122573799,1591868,lt,Couptrain
122573876,1591869,lt,Coupru
122573953,1591870,lt,Coupray
122574261,1591874,lt,Coupiac
122574338,1591875,lt,Coupeville
122574415,1591876,lt,Coupetz
122574646,1591879,lt,Coupelle-Vieille
122574723,1591880,lt,Coupelle-Neuve
122575108,1591885,lt,Coume
122575185,1591886,lt,Coulx
122575262,1591887,lt,Coulvain
122575339,1591888,lt,Coulouvray-Boisbenatre
122575416,1591889,lt,Couloutre
122575570,1591891,lt,Coulours
122575724,1591893,lt,Coulounieix-Chamiers
122575801,1591894,lt,Couloume-Mondebat
122575955,1591896,lt,Coulonvillers
122576109,1591898,lt,Coulonges-Thouarsais
122576186,1591899,lt,Coulonges-sur-Sarthe
122576263,1591900,lt,Coulonges-sur-l'Autize
122576340,1591901,lt,Coulonges-les-Sablons
122576417,1591902,lt,Coulonges-Cohan
122576648,1591905,lt,Coulonges
122576725,1591906,lt,Coulonges
122576802,1591907,lt,Coulonge
122576879,1591908,lt,Coulonces
122576956,1591909,lt,Coulonces
122577264,1591913,lt,Coulon
122577341,1591914,lt,Coulommiers-la-Tour
122577418,1591915,lt,Coulommiers
122577649,1591918,lt,Coulommes-la-Montagne
122577726,1591919,lt,Coulommes-et-Markeny
122577803,1591920,lt,Coulommes
122577880,1591921,lt,Coulomby
122577957,1591922,lt,Coulombs
122578034,1591923,lt,Coulombs-en-Valois
122578111,1591924,lt,Coulombs
122578265,1591926,lt,Coulombiers
122578342,1591927,lt,Coulombiers
122578419,1591928,lt,Couloisy
122578496,1591929,lt,Coulogne
122578573,1591930,lt,Coulobres
122578650,1591931,lt,Coulmiers
122578727,1591932,lt,Coulmier-le-Sec
122578804,1591933,lt,Coulmer
122578881,1591934,lt,Coullons
122578958,1591935,lt,Coullemont
122579035,1591936,lt,Coullemelle
122579112,1591937,lt,Couliniere
122579189,1591938,lt,Coulimer
122579343,1591940,lt,Coulgens
122579420,1591941,lt,Coulevon
122579497,1591942,lt,Couleuvre
122579651,1591944,lt,Coulaures
122579728,1591945,lt,Coulans-sur-Gee
122579805,1591946,lt,Coulanges-sur-Yonne
122579882,1591947,lt,Coulanges-les-Nevers
122579959,1591948,lt,Coulanges-la-Vineuse
122580036,1591949,lt,Coulanges
122580113,1591950,lt,Coulanges
122580190,1591951,lt,Coulangeron
122580344,1591953,lt,Coulandon
122580421,1591954,lt,Coulaines
122580498,1591955,lt,Couladere
122580575,1591956,lt,Couiza
122580652,1591957,lt,Couin
122580729,1591958,lt,Couilly-Pont-aux-Dames
122581037,1591962,lt,Couhé
122581422,1591967,lt,Coufouleux
122581499,1591968,lt,Couflens
122581576,1591969,lt,Couffy-sur-Sarsonne
122581730,1591971,lt,Couffoulens
122581807,1591972,lt,Couffy
122581884,1591973,lt,Couffé
122582038,1591975,lt,Couesmes-Vauce
122582115,1591976,lt,Couesmes
122582269,1591978,lt,Couëron
122582346,1591979,lt,Coueilles
122582500,1591981,lt,Coudures
122582577,1591982,lt,Coudun
122582654,1591983,lt,Coudroy
122582808,1591985,lt,Coudres
122582885,1591986,lt,Coudrecieux
122582962,1591987,lt,Coudreceau
122583039,1591988,lt,Coudray-Rabut
122583116,1591989,lt,Coudray-au-Perche
122583193,1591990,lt,Coudray
122583347,1591992,lt,Coudray
122583424,1591993,lt,Coudray
122583578,1591995,lt,Coudoux
122583886,1591999,lt,Coudons
122583963,1592000,lt,Coudeville-sur-Mer
122584040,1592001,lt,Coudes
122584425,1592006,lt,Coudekerque-Branche
122584502,1592007,lt,Coudekerque-Village
122584579,1592008,lt,Coudehard
122584733,1592010,lt,Couddes
122584887,1592012,lt,Coucy-les-Eppes
122584964,1592013,lt,Coucy-le-Chateau-Auffrique
122585041,1592014,lt,Coucy-la-Ville
122585118,1592015,lt,Coucy
122585272,1592017,lt,Coucouron
122585426,1592019,lt,Couchey
122585503,1592020,lt,Couches
122585811,1592024,lt,Kubronas
122585888,1592025,lt,Coubon
122585965,1592026,lt,Coublucq
122586042,1592027,lt,Coublevie
122586196,1592029,lt,Coublanc
122586273,1592030,lt,Coublanc
122586427,1592032,lt,Coubjours
122586504,1592033,lt,Coubisou
122586581,1592034,lt,Coubeyrac
122586658,1592035,lt,Coubert
122586812,1592037,lt,Couargues
122587043,1592040,lt,Cottun
122587120,1592041,lt,Cottier
122587197,1592042,lt,Cottevrard
122587274,1592043,lt,Cottenchy
122587428,1592045,lt,Cottance
122587505,1592046,lt,Cotignac
122587582,1592047,lt,Coti-Chiavari
122587890,1592051,lt,Cotebrune
122588737,1592062,lt,Costaros
122588891,1592064,lt,Kosta
122589122,1592067,lt,Cosswiller
122589430,1592071,lt,Cossesseville
122589507,1592072,lt,Cossé-le-Vivien
122589584,1592073,lt,Cosse-en-Champagne
122589661,1592074,lt,Cosse-d'Anjou
122589815,1592076,lt,Cossaye
122589969,1592078,lt,Cosqueville
122590123,1592080,lt,Cosne-Cours-sur-Loire
122590200,1592081,lt,Cosnes
122590277,1592082,lt,Cosne-d'Allier
122590431,1592084,lt,Cosnay
122590508,1592085,lt,Cosnac
122590585,1592086,lt,Cosmes
122590662,1592087,lt,Coslédaà-Lube-Boast
122590739,1592088,lt,Cosges
122590816,1592089,lt,Cos
122590893,1592090,lt,Corze
122590970,1592091,lt,Corvol-l'Orgueilleux
122591047,1592092,lt,Corvol-d'Embernard
122591201,1592094,lt,Corveissiat
122591355,1592096,lt,Cortrat
122591586,1592099,lt,Cortevaix
122591663,1592100,lt,Corte
122591740,1592101,lt,Cortambert
122591817,1592102,lt,Cortaint
122591894,1592103,lt,Corseul
122591971,1592104,lt,Corsept
122592048,1592105,lt,Corscia
122592125,1592106,lt,Corsavy
122592202,1592107,lt,Corsaint
122592587,1592112,lt,Corroy
122592664,1592113,lt,Corronsac
122592741,1592114,lt,Corrombles
122592818,1592115,lt,Corrobert
122592895,1592116,lt,Corribert
122592972,1592117,lt,Correze
122593049,1592118,lt,Correns
122593126,1592119,lt,Corrençon-en-Vercors
122593203,1592120,lt,Corre
122593280,1592121,lt,Corrano
122593357,1592122,lt,Corquoy
122593434,1592123,lt,Corquilleroy
122593588,1592125,lt,Corps-Nuds
122593665,1592126,lt,korpusas
122593742,1592127,lt,korpusas
122593973,1592130,lt,Corpeau
122594050,1592131,lt,Corpe
122594127,1592132,lt,Coron
122594281,1592134,lt,Corny-sur-Moselle
122594358,1592135,lt,Corny-Machéroménil
122594435,1592136,lt,Corny
122594512,1592137,lt,Cornusse
122594589,1592138,lt,Cornus
122594820,1592141,lt,Cornot
122594974,1592143,lt,Cornod
122595051,1592144,lt,Cornimont
122595128,1592145,lt,Cornillon-sur-l'Oule
122595205,1592146,lt,Cornillon-en-Trièves
122595282,1592147,lt,Cornillon-Confoux
122595359,1592148,lt,Cornillon
122595436,1592149,lt,Cornille-les-Caves
122595513,1592150,lt,Cornillé
122595667,1592152,lt,Cornille
122595744,1592153,lt,Cornillac
122595898,1592155,lt,Cornil
122595975,1592156,lt,Cornieville
122596052,1592157,lt,Cornier
122596129,1592158,lt,Corneville-sur-Risle
122596206,1592159,lt,Corneville-la-Fouquetiere
122596283,1592160,lt,Corneuil
122596591,1592164,lt,Corneillan
122596668,1592165,lt,Corneilla-la-Riviere
122596745,1592166,lt,Corneilla-del-Vercol
122596822,1592167,lt,Corneilla-de-Conflent
122596899,1592168,lt,Corneilhan
122597207,1592172,lt,Cornebarrieu
122597284,1592173,lt,Corne
122597361,1592174,lt,Cornay
122597515,1592176,lt,Cornas
122597592,1592177,lt,Cornant
122597823,1592180,lt,Cornac
122597900,1592181,lt,Corn
122597977,1592182,lt,Hormozas
122598054,1592183,lt,Cormoyeux
122598131,1592184,lt,Cormot-le-Grand
122598208,1592185,lt,Cormost
122598285,1592186,lt,Cormoranche-sur-Saone
122598362,1592187,lt,Cormontreuil
122598439,1592188,lt,Cormont
122598516,1592189,lt,Cormolain
122598593,1592190,lt,Cormicy
122598747,1592192,lt,Cormes
122598824,1592193,lt,Cormery
122598901,1592194,lt,Corme-Royal
122599055,1592196,lt,Cormeray
122599132,1592197,lt,Cormeray
122599209,1592198,lt,Cormenon
122599286,1592199,lt,Cormelles-le-Royal
122599363,1592200,lt,Cormeilles-en-Vexin
122599440,1592201,lt,Cormeilles-en-Parisis
122599517,1592202,lt,Cormeilles
122599594,1592203,lt,Cormeilles
122599671,1592204,lt,Corme-Écluse
122599902,1592207,lt,Cormatin
122600056,1592209,lt,Cormaranche-en-Bugey
122600133,1592210,lt,Cormainville
122600287,1592212,lt,Corlier
122600441,1592214,lt,Corlay
122600595,1592216,lt,Corignac
122600749,1592218,lt,Corgoloin
122600826,1592219,lt,Corgnac-sur-l'Isle
122600980,1592221,lt,Corgengoux
122601057,1592222,lt,Corfelix
122601134,1592223,lt,Corent
122601211,1592224,lt,Corenc
122601288,1592225,lt,Coren
122601596,1592229,lt,Cordon
122601750,1592231,lt,Cordiron
122601827,1592232,lt,Cordieux
122601904,1592233,lt,Cordey
122601981,1592234,lt,Cordes-Tolosannes
122602058,1592235,lt,Cordesse
122602212,1592237,lt,Cordes
122602289,1592238,lt,Cordes-sur-Ciel
122602366,1592239,lt,Cordemais
122602443,1592240,lt,Cordelle
122602674,1592243,lt,Cordebugle
122602751,1592244,lt,Cordeac
122602828,1592245,lt,Corcy
122602905,1592246,lt,Corconne
122602982,1592247,lt,Corcondray
122603136,1592249,lt,Corcieux
122603290,1592251,lt,Corcelles-les-Monts
122603367,1592252,lt,Corcelles-les-Citeaux
122603444,1592253,lt,Corcelles-les-Arts
122603521,1592254,lt,Corcelles-Ferrieres
122603598,1592255,lt,Corcelles-en-Beaujolais
122603675,1592256,lt,Corcelles
122603906,1592259,lt,Corcelle
122603983,1592260,lt,Corcelle-Mieslot
122604137,1592262,lt,Corbreuse
122604368,1592265,lt,Corbonod
122604522,1592267,lt,Corbon
122604599,1592268,lt,Corbon
122604676,1592269,lt,Corbigny
122604753,1592270,lt,Corbieres-en-Provence
122604984,1592273,lt,Corbie
122605292,1592277,lt,Corbes
122605446,1592279,lt,Corberon
122605523,1592280,lt,Corbère-Abères
122605600,1592281,lt,Corbere-les-Cabanes
122605677,1592282,lt,Corbere
122605754,1592283,lt,Corbeny
122605831,1592284,lt,Corbenay
122606062,1592287,lt,Corbelin
122606139,1592288,lt,Corbel
122606216,1592289,lt,Corbeilles
122606293,1592290,lt,Corbeil-Essonnes
122606370,1592291,lt,Corbeil-Cerf
122606447,1592292,lt,Corbeil
122606524,1592293,lt,Corbehem
122606601,1592294,lt,Corbas
122606678,1592295,lt,Corbarieu
122606755,1592296,lt,Corbara
122606909,1592298,lt,Coray
122606986,1592299,lt,Corancy
122607063,1592300,lt,Corancez
122607448,1592305,lt,Coquelles
122607602,1592307,lt,Coquainvilliers
122607679,1592308,lt,Copponex
122608064,1592313,lt,Coolus
122608141,1592314,lt,Coole
122608218,1592315,lt,Conzieu
122608372,1592317,lt,Contz-les-Bains
122608449,1592318,lt,Conty
122608603,1592320,lt,Contrisson
122608680,1592321,lt,Contrières
122608757,1592322,lt,Contrexéville
122608834,1592323,lt,Contrevoz
122608911,1592324,lt,Contreuve
122609065,1592326,lt,Contres
122609219,1592328,lt,Contremoulins
122609296,1592329,lt,Contreglise
122609373,1592330,lt,Contre
122609450,1592331,lt,Contre
122609527,1592332,lt,Contrazy
122609912,1592337,lt,Continvoir
122609989,1592338,lt,Contilly
122610066,1592339,lt,Contigny
122610143,1592340,lt,Contigné
122610220,1592341,lt,Conthil
122610374,1592343,lt,Conteville-les-Boulogne
122610451,1592344,lt,Conteville-en-Ternois
122610528,1592345,lt,Conteville
122610605,1592346,lt,Conteville
122610682,1592347,lt,Conteville
122610759,1592348,lt,Conteville
122610836,1592349,lt,Conteville
122610913,1592350,lt,Contest
122610990,1592351,lt,Contescourt
122611067,1592352,lt,Contes
122611144,1592353,lt,Contes
122611298,1592355,lt,Conte
122611375,1592356,lt,Conte
122611452,1592357,lt,Contay
122611529,1592358,lt,Contault
122611606,1592359,lt,Contamine-sur-Arve
122611683,1592360,lt,Contamine-Sarzin
122611760,1592361,lt,Contalmaison
122611991,1592364,lt,Constant
122612222,1592367,lt,Cons-Sainte-Colombe
122612376,1592369,lt,Cons-la-Grandville
122612453,1592370,lt,Consigny
122612607,1592372,lt,Consenvoye
122612684,1592373,lt,Consegudes
122612761,1592374,lt,Consac
122612915,1592376,lt,Conqueyrac
122612992,1592377,lt,Conques
122613069,1592378,lt,Conques-sur-Orbiel
122613146,1592379,lt,Conquereuil
122613454,1592383,lt,Connigis
122613531,1592384,lt,Connezac
122613608,1592385,lt,Connerre
122613685,1592386,lt,Connelles
122613762,1592387,lt,Conne-de-Labarde
122613839,1592388,lt,Connaux
122613916,1592389,lt,Connantre
122613993,1592390,lt,Connantray-Vaurefroy
122614070,1592391,lt,Connangles
122614301,1592394,lt,Connac
122614378,1592395,lt,Conliege
122614455,1592396,lt,Conlie
122614532,1592397,lt,Conjux
122614994,1592403,lt,Conilhac-de-la-Montagne
122615071,1592404,lt,Conilhac-Corbieres
122615302,1592407,lt,Conie-Molitard
122615379,1592408,lt,Congy
122615533,1592410,lt,Congrier
122615610,1592411,lt,Congis-sur-Thérouanne
122615687,1592412,lt,Conge-sur-Orne
122615764,1592413,lt,Congerville-Thionville
122615841,1592414,lt,Congénies
122615918,1592415,lt,Confrancon
122615995,1592416,lt,Confracourt
122616072,1592417,lt,Confort-Meilars
122616149,1592418,lt,Confort
122616303,1592420,lt,Confolens
122616380,1592421,lt,Conflans-sur-Seine
122616457,1592422,lt,Conflans-sur-Loing
122616534,1592423,lt,Conflans-sur-Anille
122616611,1592424,lt,Conflans-Sainte-Honorine
122616688,1592425,lt,Conflans-en-Jarnisy
122616765,1592426,lt,Conflans-sur-Lanterne
122616996,1592429,lt,Conflandey
122617150,1592431,lt,Condrieu
122617227,1592432,lt,Condren
122617381,1592434,lt,Condom-d'Aubrac
122617458,1592435,lt,Condom
122617535,1592436,lt,Condillac
122617612,1592437,lt,Condezaygues
122617689,1592438,lt,Condette
122617766,1592439,lt,Condé-sur-Vire
122617843,1592440,lt,Conde-sur-Vesgre
122617920,1592441,lt,Condé-sur-Suippe
122617997,1592442,lt,Conde-sur-Seulles
122618074,1592443,lt,Condé-sur-Sarthe
122618151,1592444,lt,Conde-sur-Risle
122618228,1592445,lt,Condé-sur-Noireau
122618305,1592446,lt,Conde-sur-Marne
122618382,1592447,lt,Conde-sur-l'Escaut
122618459,1592448,lt,Conde-sur-Iton
122618536,1592449,lt,Conde-sur-Ifs
122618613,1592450,lt,Conde-sur-Huisne
122618690,1592451,lt,Conde-sur-Aisne
122618767,1592452,lt,Conde-Sainte-Libiaire
122618844,1592453,lt,Condes
122618921,1592454,lt,Condes
122618998,1592455,lt,Condéon
122619075,1592456,lt,Condé-Northen
122619152,1592457,lt,Condé-lès-Vouziers
122619229,1592458,lt,Conde-les-Herpy
122619306,1592459,lt,Conde-les-Autry
122619383,1592460,lt,Condeissiat
122619460,1592461,lt,Conde-Folie
122619537,1592462,lt,Conde-en-Brie
122619614,1592463,lt,Les Hauts-de-Chee
122619691,1592464,lt,Condecourt
122619768,1592465,lt,Condeau
122619845,1592466,lt,Conde
122619999,1592468,lt,Condat-sur-Vienne
122620076,1592469,lt,Condat-sur-Vezere
122620153,1592470,lt,Condat-sur-Trincou
122620230,1592471,lt,Condat-sur-Ganaveix
122620307,1592472,lt,Condat-en-Combraille
122620461,1592474,lt,Condat-les-Montboissier
122620538,1592475,lt,Condat
122620692,1592477,lt,Condat
122620923,1592480,lt,La Condamine-Chatelard
122621000,1592481,lt,Condamine
122621231,1592484,lt,Condal
122621385,1592486,lt,Condac
122621539,1592488,lt,Concriers
122621616,1592489,lt,Concressault
122621693,1592490,lt,Concremiers
122621770,1592491,lt,Concourson-sur-Layon
122622078,1592495,lt,Concoules
122622155,1592496,lt,Hontsosh
122622232,1592497,lt,Concoret
122622309,1592498,lt,Concores
122622386,1592499,lt,Concœur-et-Corboin
122622771,1592504,lt,Conchy-sur-Canche
122622848,1592505,lt,Conchy-les-Pots
122622925,1592506,lt,Conchil-le-Temple
122623079,1592508,lt,Conchez-de-Béarn
122623156,1592509,lt,Conches-en-Ouche
122623233,1592510,lt,Conches-sur-Gondoire
122623387,1592512,lt,Conceze
122623464,1592513,lt,Concevreux
122623541,1592514,lt,Konkarno
122623618,1592515,lt,Conca
122623772,1592517,lt,Conand
122623849,1592518,lt,Conan
122624080,1592521,lt,Comps-sur-Artuby
122624157,1592522,lt,Comps-la-Grand-Ville
122624311,1592524,lt,Comps
122624388,1592525,lt,Comps
122624542,1592527,lt,Comps
122624619,1592528,lt,Compreignac
122624696,1592529,lt,Compregnac
122624773,1592530,lt,Compolibat
122624927,1592532,lt,Compigny
122625004,1592533,lt,Kompjenė
122625081,1592534,lt,Compeyre
122625158,1592535,lt,Compertrix
122625235,1592536,lt,Compans
122625312,1592537,lt,Compainville
122625389,1592538,lt,Compains
122625466,1592539,lt,Communay
122625620,1592541,lt,Communailles-en-Montagne
122625697,1592542,lt,Commissey
122625774,1592543,lt,Commes
122625851,1592544,lt,Commerveil
122625928,1592545,lt,Commercy
122626005,1592546,lt,Commer
122626082,1592547,lt,Commequiers
122626159,1592548,lt,Commeny
122626236,1592549,lt,Commentry
122626313,1592550,lt,Commensacq
122626390,1592551,lt,Commenchon
122626467,1592552,lt,Commenailles
122626544,1592553,lt,Commelle
122626775,1592556,lt,Commeaux
122626852,1592557,lt,Commarin
122626929,1592558,lt,Commana
122627006,1592559,lt,Comines
122627083,1592560,lt,Comigne
122627160,1592561,lt,Comiac
122627314,1592563,lt,Combs-la-Ville
122627545,1592566,lt,Combronde
122627622,1592567,lt,Combrit
122627776,1592569,lt,Combrimont
122627853,1592570,lt,Combreux
122628315,1592576,lt,Combret
122628392,1592577,lt,Combres-sous-les-Cotes
122628469,1592578,lt,Combressol
122628546,1592579,lt,Combres
122628700,1592581,lt,Combrée
122628777,1592582,lt,Combre
122629008,1592585,lt,Combray
122629085,1592586,lt,Combrand
122629162,1592587,lt,Combrailles
122629316,1592589,lt,Combovin
122629393,1592590,lt,Combourtillé
122629547,1592592,lt,Combourg
122629701,1592594,lt,Combon
122629778,1592595,lt,Combloux
122629855,1592596,lt,Comblot
122629932,1592597,lt,Comblizy
122630009,1592598,lt,Combleux
122630086,1592599,lt,Comblessac
122630163,1592600,lt,Combles-en-Barrois
122630240,1592601,lt,Combles
122630471,1592604,lt,Comblanchien
122630548,1592605,lt,Combiers
122631087,1592612,lt,Šukos
122631164,1592613,lt,Combertault
122631318,1592615,lt,Comberouger
122631395,1592616,lt,Comberjon
122631549,1592618,lt,Comberanche-et-Épeluche
122632011,1592624,lt,Combefa
122632242,1592627,lt,Combeaufontaine
122632473,1592630,lt,Pontault-Combault
122632627,1592632,lt,Combas
122632858,1592635,lt,Combaillaux
122632935,1592636,lt,Coly
122633012,1592637,lt,Coltines
122633089,1592638,lt,Coltainville
122633166,1592639,lt,Colroy-la-Roche
122633243,1592640,lt,Colroy-la-Grande
122633320,1592641,lt,Colpo
122633397,1592642,lt,Colonzelle
122633474,1592643,lt,Colonne
122633551,1592644,lt,Colonfay
122633628,1592645,lt,Colondannes
122633705,1592646,lt,Colonard-Corubert
122633782,1592647,lt,Colomieu
122633859,1592648,lt,Colomiers
122633936,1592649,lt,Colomby-sur-Thaon
122634013,1592650,lt,Colomby
122634244,1592653,lt,Colombies
122634321,1592654,lt,Colombiers-sur-Seulles
122634398,1592655,lt,Colombiers-du-Plessis
122634475,1592656,lt,Colombier
122634552,1592657,lt,Colombiers
122634629,1592658,lt,Colombier
122634706,1592659,lt,Colombier
122634783,1592660,lt,Colombiers
122634860,1592661,lt,Colombiers
122634937,1592662,lt,Colombier-le-Vieux
122635014,1592663,lt,Colombier-le-Jeune
122635091,1592664,lt,Colombier-le-Cardinal
122635168,1592665,lt,Colombier-Fontaine
122635245,1592666,lt,Colombieres
122635322,1592667,lt,Colombières-sur-Orb
122635399,1592668,lt,Colombier-en-Brionnais
122635553,1592670,lt,Colombier
122635630,1592671,lt,Colombier
122635707,1592672,lt,Colombier
122636015,1592676,lt,Colombier
122636169,1592678,lt,Colombier
122636323,1592680,lt,Colombey-les-Deux-Eglises
122636400,1592681,lt,Colombey-les-Choiseul
122636477,1592682,lt,Colombey-les-Belles
122636554,1592683,lt,Kolombas
122636631,1592684,lt,Colombelles
122636708,1592685,lt,Colombe-les-Vesoul
122636785,1592686,lt,Colombe-le-Sec
122636939,1592688,lt,Colombe-la-Fosse
122637093,1592690,lt,Colombe
122637170,1592691,lt,Colomars
122637401,1592694,lt,Cologne
122637478,1592695,lt,Colognac
122637632,1592697,lt,Colmier-le-Haut
122637786,1592699,lt,Colmey
122637863,1592700,lt,Colmesnil-Manneville
122637940,1592701,lt,Colméry
122638017,1592702,lt,Colmen
122638094,1592703,lt,Colmars
122638248,1592705,lt,Colmar
122638325,1592706,lt,Collorgues
122638402,1592707,lt,Collorec
122638479,1592708,lt,Collongues
122638556,1592709,lt,Collongues
122638633,1592710,lt,Collonges-sous-Saleve
122638710,1592711,lt,Collonges-les-Premieres
122638787,1592712,lt,Collonges-les-Bevy
122638864,1592713,lt,Collonges-au-Mont-d'Or
122638941,1592714,lt,Collonges
122639018,1592715,lt,Collonges-la-Rouge
122639095,1592716,lt,Collonge-la-Madeleine
122639172,1592717,lt,Collonge-en-Charollais
122639403,1592720,lt,Collobrieres
122639480,1592721,lt,Collioure
122639557,1592722,lt,Collinee
122639634,1592723,lt,Colline-Beaumont
122639711,1592724,lt,Colligny
122639788,1592725,lt,Colligis-Crandelain
122639865,1592726,lt,Collias
122639942,1592727,lt,Colleville-sur-Mer
122640019,1592728,lt,Colleville-Montgomery
122640096,1592729,lt,Colleville
122640173,1592730,lt,Colletot
122640250,1592731,lt,Colleret
122640327,1592732,lt,Collemiers
122640404,1592733,lt,Collegien
122640481,1592734,lt,Collaud
122640558,1592735,lt,Collat
122640712,1592737,lt,Collanges
122641020,1592741,lt,Collandres-Quincarnon
122641097,1592742,lt,Collandres
122641174,1592743,lt,Collandre
122641251,1592744,lt,Collan
122641328,1592745,lt,Colincamps
122641482,1592747,lt,Coligny
122641559,1592748,lt,Colembert
122641636,1592749,lt,Colayrac-Saint-Cirq
122641867,1592752,lt,Coizard-Joches
122641944,1592753,lt,Coivrel
122642021,1592754,lt,Coivert
122642175,1592756,lt,Coisy
122642560,1592761,lt,Coisia
122642637,1592762,lt,Coisevaux
122642714,1592763,lt,Coise
122642868,1592765,lt,Coise
122643099,1592768,lt,Obiracho
122643176,1592769,lt,Coin-sur-Seille
122643253,1592770,lt,Coin-les-Cuvry
122643330,1592771,lt,Coingt
122643407,1592772,lt,Coings
122643638,1592775,lt,Coincy
122643715,1592776,lt,Coincy
122643792,1592777,lt,Coincourt
122643869,1592778,lt,Coinches
122643946,1592779,lt,Coinces
122644100,1592781,lt,Coimères
122644177,1592782,lt,Coigny
122644254,1592783,lt,Coignières
122644331,1592784,lt,Coigneux
122644562,1592787,lt,Coiffy-le-Haut
122644639,1592788,lt,Coiffy-le-Bas
122644870,1592791,lt,Cohons
122644947,1592792,lt,Cohiniac
122645024,1592793,lt,Cohennoz
122645178,1592795,lt,Cohan
122645255,1592796,lt,Cohade
122645332,1592797,lt,Cogulot
122645409,1592798,lt,Cogolin
122645563,1592800,lt,Cogun
122645640,1592801,lt,Cognocoli-Monticchi
122645717,1592802,lt,Cognin-les-Gorges
122645794,1592803,lt,Cognin
122645871,1592804,lt,Cognieres
122646102,1592807,lt,Cogners
122646333,1592810,lt,Cognat-Lyonne
122646487,1592812,lt,Konjakas-la-Foret
122646564,1592813,lt,Cognac
122646718,1592815,lt,Cogna
122646795,1592816,lt,Cogles
122646872,1592817,lt,Coggia Maio
122647026,1592819,lt,Coëx
122647103,1592820,lt,Cœuvres-et-Valsery
122647488,1592825,lt,Coetmieux
122647565,1592826,lt,Coëtlogon
122647719,1592828,lt,Coësmes
122647796,1592829,lt,Codolet
122647873,1592830,lt,Codognan
122647950,1592831,lt,Codalet
122648027,1592832,lt,Cocusseville
122648104,1592833,lt,Cocures
122648181,1592834,lt,Cocumont
122648258,1592835,lt,Cocquerel
122648335,1592836,lt,Coclois
122648566,1592839,lt,Cocheren
122648643,1592840,lt,Cocherel
122648797,1592842,lt,Cobrieux
122648874,1592843,lt,Cobonne
122649413,1592850,lt,Coatreven
122650029,1592858,lt,Coat-Méal
122650799,1592868,lt,Coatascorn
122651184,1592873,lt,Coarraze
122651261,1592874,lt,Coaraze
122651415,1592876,lt,Coadout
122651492,1592877,lt,Clux
122651569,1592878,lt,Clussais
122651646,1592879,lt,Cluses
122651800,1592881,lt,Kliuni abatija
122651877,1592882,lt,Clumanc
122652031,1592884,lt,Cluis
122652108,1592885,lt,Clugnat
122652185,1592886,lt,Clucy
122652339,1592888,lt,Cloyes-sur-Marne
122652416,1592889,lt,Cloyes-sur-le-Luir
122652724,1592893,lt,Cloue
122652878,1592895,lt,Clouange
122653494,1592903,lt,Clonas-sur-Vareze
122653571,1592904,lt,Clomot
122653648,1592905,lt,Clois
122653725,1592906,lt,Clohars-Fouesnant
122653802,1592907,lt,Clohars-Carnoet
122654033,1592910,lt,Clitourps
122654110,1592911,lt,Clisson
122654341,1592914,lt,Cliron
122654495,1592916,lt,Cliponville
122654572,1592917,lt,Cliousclat
122654649,1592918,lt,Clion
122654726,1592919,lt,Clion
122654803,1592920,lt,Clinchamps-sur-Orne
122654880,1592921,lt,Clinchamps
122654957,1592922,lt,Climbach
122655188,1592925,lt,Kliši su Bua
122655265,1592926,lt,Clichy
122655342,1592927,lt,Clezentaine
122655419,1592928,lt,Cleyzieu
122655496,1592929,lt,Cleyrac
122655573,1592930,lt,Clevilliers
122655650,1592931,lt,Cleville
122655727,1592932,lt,Cleville
122655804,1592933,lt,Cleuville
122656112,1592937,lt,Clety
122656189,1592938,lt,Clessy
122656266,1592939,lt,Clesse
122656343,1592940,lt,Clesse
122656420,1592941,lt,Clesles
122656497,1592942,lt,Clery-sur-Somme
122656574,1592943,lt,Cléry-Saint-André
122656651,1592944,lt,Clery-Petit
122656728,1592945,lt,Clery-le-Grand
122656805,1592946,lt,Cléry-en-Vexin
122656882,1592947,lt,Clery
122656959,1592948,lt,Clery
122657036,1592949,lt,Clery
122657113,1592950,lt,Clerval
122657267,1592952,lt,Clerques
122657344,1592953,lt,Cléron
122657498,1592955,lt,Clermont-Saves
122657575,1592956,lt,Clermont-Pouyguilles
122657652,1592957,lt,Clermont Herault
122657729,1592958,lt,Clermont-les-Fermes
122657806,1592959,lt,Clermont-le-Fort
122657883,1592960,lt,Klermonas-Feranas
122657960,1592961,lt,Clermont-en-Argonne
122658037,1592962,lt,Clermont-d'Excideuil
122658114,1592963,lt,Klermonas-Soubiranas
122658191,1592964,lt,Clermont-Dessous
122658268,1592965,lt,Clermont-de-Beauregard
122658345,1592966,lt,Clermont-Creans
122658422,1592967,lt,Clermont
122658576,1592969,lt,Clermont
122658653,1592970,lt,Clermont
122658730,1592971,lt,Clermont
122658807,1592972,lt,Clermain
122658884,1592973,lt,Clerlande
122658961,1592974,lt,Clerieux
122659038,1592975,lt,Clergoux
122659115,1592976,lt,Clerey-sur-Brenon
122659269,1592978,lt,Clerey
122659423,1592980,lt,Clere-sur-Layon
122659500,1592981,lt,Cleres
122659577,1592982,lt,Clere-les-Pins
122659654,1592983,lt,Clere-du-Bois
122659885,1592986,lt,Clérac
122659962,1592987,lt,Cleppe
122660039,1592988,lt,Cleon-d'Andran
122660116,1592989,lt,Cléon
122660193,1592990,lt,Clenleu
122660270,1592991,lt,Clenay
122660347,1592992,lt,Clemont
122660424,1592993,lt,Clemery
122660655,1592996,lt,Clemensat
122660886,1592999,lt,Clemance
122660963,1593000,lt,Clelles
122661040,1593001,lt,Cléguérec
122661117,1593002,lt,Cleguer
122661271,1593004,lt,Clefs-Val d'Anjou
122661348,1593005,lt,Clefmont
122661425,1593006,lt,Ban-sur-Meurthe-Clefcy
122661502,1593007,lt,Cleebourg
122661579,1593008,lt,Cledes
122661656,1593009,lt,Cléder
122661733,1593010,lt,Cléden-Poher
122661810,1593011,lt,Cléden-Cap-Sizun
122661887,1593012,lt,Clecy
122662041,1593014,lt,Clazay
122662195,1593016,lt,Clayeures
122662272,1593017,lt,Claye-Souilly
122662349,1593018,lt,Clayes
122662426,1593019,lt,Clavy-Warby
122662503,1593020,lt,Claville-Motteville
122662580,1593021,lt,Claville
122662734,1593023,lt,Claviers
122662888,1593025,lt,Clavieres
122663119,1593028,lt,Claveyson
122663196,1593029,lt,Clavette
122663504,1593033,lt,Claveisolles
122663581,1593034,lt,Claveau
122663658,1593035,lt,Clave
122663812,1593037,lt,Clavans-en-Haut-Oisans
122664274,1593043,lt,Claudon
122664351,1593044,lt,Clasville
122664428,1593045,lt,Clastres
122664505,1593046,lt,Classun
122664582,1593047,lt,Clary
122664659,1593048,lt,Clarques
122664813,1593050,lt,Claret
122664890,1593051,lt,Claret
122664967,1593052,lt,Clarensac
122665044,1593053,lt,Klarensas
122665121,1593054,lt,Clarbec
122665352,1593057,lt,Claracq
122665429,1593058,lt,Clarac
122665506,1593059,lt,Clarac
122665583,1593060,lt,Klara
122665660,1593061,lt,Clapiers
122665814,1593063,lt,Clansayes
122665891,1593064,lt,Clans
122666045,1593066,lt,Clans
122666507,1593072,lt,Clamerey
122666584,1593073,lt,Clamensane
122666661,1593074,lt,Clamecy
122666738,1593075,lt,Clamecy
122666815,1593076,lt,Clamart
122666892,1593077,lt,Clamanges
122666969,1593078,lt,Clam
122667046,1593079,lt,Claix
122667123,1593080,lt,Claix
122667277,1593082,lt,Clais
122667354,1593083,lt,Clairy-Saulchoix
122667508,1593085,lt,Clairvaux-les-Lacs
122667585,1593086,lt,Clairvaux-d'Aveyron
122667739,1593088,lt,Clairoix
122667816,1593089,lt,Clairmarais
122667893,1593090,lt,Clairfontaine
122668047,1593092,lt,Clairfayts
122668124,1593093,lt,Clairegoutte
122668201,1593094,lt,Clairefougère
122668355,1593096,lt,Clairefontaine-en-Yvelines
122668432,1593097,lt,Clairavaux
122668509,1593098,lt,Clairac
122668586,1593099,lt,Claira
122668740,1593101,lt,Cladech
122668817,1593102,lt,Clacy-et-Thierret
122668971,1593104,lt,Cizos
122669125,1593106,lt,Cizely
122669202,1593107,lt,Cize
122669279,1593108,lt,Cize
122669356,1593109,lt,Cizay-la-Madeleine
122669587,1593112,lt,Civry-la-Forêt
122669664,1593113,lt,Civry-en-Montagne
122669741,1593114,lt,Civry
122669895,1593116,lt,Civrieux-d'Azergues
122669972,1593117,lt,Civrieux
122670126,1593119,lt,Civray-sur-Esves
122670203,1593120,lt,Civray-de-Touraine
122670280,1593121,lt,Civray
122670357,1593122,lt,Civray
122670434,1593123,lt,Civrac-en-Medoc
122670511,1593124,lt,Civrac-sur-Dordogne
122670588,1593125,lt,Civrac-de-Blaye
122670665,1593126,lt,Civieres
122670819,1593128,lt,Civens
122670896,1593129,lt,Civaux
122670973,1593130,lt,Citry
122671050,1593131,lt,Citou
122671127,1593132,lt,Citey
122671204,1593133,lt,Citers
122671281,1593134,lt,Citerne
122671435,1593136,lt,Varennes-Vauzelles
122672128,1593145,lt,Cistrieres
122672282,1593147,lt,Cisternes-la-Foret
122672436,1593149,lt,Cisse
122672513,1593150,lt,Cissac-Medoc
122672590,1593151,lt,Cisery
122672667,1593152,lt,Cisai-Saint-Aubin
122672744,1593153,lt,Ciry-Salsogne
122672821,1593154,lt,Ciry-le-Noble
122672898,1593155,lt,Ciron
122672975,1593156,lt,Ciriere
122673052,1593157,lt,Cirfontaines-en-Ornois
122673129,1593158,lt,Cirfontaines-en-Azois
122673206,1593159,lt,Cirey-sur-Vezouze
122673283,1593160,lt,Cirey-sur-Blaise
122673360,1593161,lt,Cirey-les-Pontailler
122673437,1593162,lt,Cirey-les-Mareilles
122673514,1593163,lt,Cirey
122673668,1593165,lt,Cires-les-Mello
122673899,1593168,lt,Ciré-d'Aunis
122674053,1593170,lt,Circourt-sur-Mouzon
122674130,1593171,lt,Circourt
122674284,1593173,lt,Ciran
122674361,1593174,lt,Ciral
122674438,1593175,lt,Cipieres
122674669,1593178,lt,Cintrey
122674746,1593179,lt,Cintré
122674823,1593180,lt,Cintray
122674900,1593181,lt,Cintray
122674977,1593182,lt,Cintheaux
122675054,1593183,lt,Cintegabelle
122675208,1593185,lt,Cinqueux
122675439,1593188,lt,Cinq-Mars-la-Pile
122675670,1593191,lt,Cindre
122675747,1593192,lt,Cinais
122676055,1593196,lt,Cilly
122676286,1593199,lt,Cigogne
122676363,1593200,lt,Cigné
122676440,1593201,lt,Cizoezue
122676517,1593202,lt,Cieux
122676594,1593203,lt,Cieutat
122676671,1593204,lt,Cieurac
122676748,1593205,lt,Cierzac
122676825,1593206,lt,Cierrey
122676902,1593207,lt,Cierp-Gaud
122677133,1593210,lt,Cierges
122677210,1593211,lt,Cier-de-Riviere
122677287,1593212,lt,Cier-de-Luchon
122677364,1593213,lt,Ciel
122677441,1593214,lt,Cideville
122677595,1593216,lt,Ciboure
122677672,1593217,lt,Ciamannacce
122677749,1593218,lt,Ciadoux
122677903,1593220,lt,Chuzelles
122677980,1593221,lt,Chuyer
122678057,1593222,lt,Chusclan
122678134,1593223,lt,Chuisnes
122678211,1593224,lt,Chuignolles
122678288,1593225,lt,Chuignes
122678365,1593226,lt,Chuffilly-Roche
122678442,1593227,lt,Chuelles
122678596,1593229,lt,Chozeau
122678673,1593230,lt,Choye
122678750,1593231,lt,Chouzy-sur-Cisse
122678827,1593232,lt,Chouzé-sur-Loire
122678904,1593233,lt,Chouzelot
122678981,1593234,lt,Chouy
122679058,1593235,lt,Choux
122679135,1593236,lt,Chouvigny
122679212,1593237,lt,Choussy
122679289,1593238,lt,Chourgnac
122679366,1593239,lt,Chouppes
122679520,1593241,lt,Chouilly
122679674,1593243,lt,Chougny
122679751,1593244,lt,Choue
122679828,1593245,lt,Chouday
122679905,1593246,lt,Chouain
122680367,1593252,lt,Chorges
122680444,1593253,lt,Chorey-les-Beaune
122680521,1593254,lt,Choranche
122680598,1593255,lt,Choqueuse-les-Benards
122680752,1593257,lt,Chooz
122680829,1593258,lt,Chonville-Malaumont
122680906,1593259,lt,Chonas-l'Amballan
122680983,1593260,lt,Chomerac
122681060,1593261,lt,Chomelix
122681368,1593265,lt,Cholonge
122681445,1593266,lt,Šolė
122681522,1593267,lt,Choisy-le-Roi
122681599,1593268,lt,Choisy-la-Victoire
122681676,1593269,lt,Choisy-en-Brie
122681753,1593270,lt,Choisy-au-Bac
122681830,1593271,lt,Išrankus
122681984,1593273,lt,Choisey
122682061,1593274,lt,Choiseul
122682138,1593275,lt,Choisel
122682292,1593277,lt,Choilley-Dardenay
122682446,1593279,lt,Choques
122682677,1593282,lt,Chizé
122682754,1593283,lt,Chivy-les-Etouvelles
122682831,1593284,lt,Chivres-Val
122682908,1593285,lt,Chivres-en-Laonnois
122683062,1593287,lt,Chivres
122683216,1593289,lt,Chives
122683370,1593291,lt,Chitry-les-Mines
122683447,1593292,lt,Chitry
122683601,1593294,lt,Chitray
122683678,1593295,lt,Chitenay
122683755,1593296,lt,Chissey-les-Macon
122683832,1593297,lt,Chissey-en-Morvan
122683909,1593298,lt,Chissey-sur-Loue
122683986,1593299,lt,Chisseria
122684063,1593300,lt,Chisseaux
122684140,1593301,lt,Chissay-en-Touraine
122684294,1593303,lt,Chisa
122684371,1593304,lt,Chis
122684448,1593305,lt,Chiry-Ourscamp
122684679,1593308,lt,Chiroubles
122684833,1593310,lt,Chirols
122684987,1593312,lt,Chirmont
122685141,1593314,lt,Chirens
122685295,1593316,lt,Chiré-en-Montreuil
122685449,1593318,lt,Chirat-l'Eglise
122685603,1593320,lt,Chirassimont
122685680,1593321,lt,Chirac-Bellevue
122685757,1593322,lt,Chirac
122685834,1593323,lt,Chirac
122685911,1593324,lt,Chipilly
122686142,1593327,lt,Chinon
122686373,1593330,lt,Chindrieux
122686604,1593333,lt,Chimilin
122686758,1593335,lt,Chilly-sur-Salins
122686835,1593336,lt,Chilly-Mazarin
122686912,1593337,lt,Chilly-le-Vignoble
122686989,1593338,lt,Chilly
122687066,1593339,lt,Chilly
122687143,1593340,lt,Chilly
122687374,1593343,lt,Chilleurs-aux-Bois
122687451,1593344,lt,Chille
122687528,1593345,lt,Chillac
122687605,1593346,lt,Chilhac
122687682,1593347,lt,Chigy
122687759,1593348,lt,Chigros
122687836,1593349,lt,Chigny-les-Roses
122687913,1593350,lt,Chigny
122687990,1593351,lt,Chignin
122688144,1593353,lt,Chigné
122688760,1593361,lt,Chieulles
122688914,1593363,lt,Chierry
122689068,1593365,lt,Chidrac
122689145,1593366,lt,Chiddes
122689222,1593367,lt,Chiddes
122689376,1593369,lt,Chicourt
122689530,1593371,lt,Chichilianne
122689684,1593373,lt,Chichey
122689838,1593375,lt,Chichery
122689915,1593376,lt,Chiche
122689992,1593377,lt,Chicheboville
122690069,1593378,lt,Chiche
122690223,1593380,lt,Chiatra
122690300,1593381,lt,Chezy-sur-Marne
122690377,1593382,lt,Chezy-en-Orxois
122690454,1593383,lt,Chezy
122691994,1593403,lt,Chézery-Forens
122692071,1593404,lt,Chezeneuve
122692225,1593406,lt,Chezelles
122692302,1593407,lt,Chezelles
122692456,1593409,lt,Chezelle
122692533,1593410,lt,Chezeaux
122693688,1593425,lt,Chezal-Benoit
122693765,1593426,lt,Cheyssieu
122694458,1593435,lt,Cheylard-l'Eveque
122694535,1593436,lt,Cheylade
122694689,1593438,lt,Chey
122694766,1593439,lt,Chevry-sous-le-Bignon
122694843,1593440,lt,Chevry-en-Sereine
122694920,1593441,lt,Chevry-Cossigny
122694997,1593442,lt,Chevry
122695228,1593445,lt,Chevry
122695305,1593446,lt,Chevru
122695459,1593448,lt,Chevroz
122695536,1593449,lt,Chevoux
122695767,1593452,lt,Chevroches
122695844,1593453,lt,Chevrieres
122695921,1593454,lt,Chevrieres
122695998,1593455,lt,Chevrieres
122696075,1593456,lt,Chevrier
122696152,1593457,lt,Chevreville
122696229,1593458,lt,Chevreville
122696306,1593459,lt,Chevreuse
122696460,1593461,lt,Chevresis-Monceau
122696614,1593463,lt,Chevremont
122696691,1593464,lt,Chevregny
122696768,1593465,lt,Chevreaux
122696999,1593468,lt,Chevrainvilliers
122697153,1593470,lt,Chevire-le-Rouge
122697230,1593471,lt,Chevincourt
122697307,1593472,lt,Chevinay
122697384,1593473,lt,Chevilly-Larue
122697461,1593474,lt,Chevilly
122697538,1593475,lt,Chevillon-sur-Huillard
122697692,1593477,lt,Chevillon
122697769,1593478,lt,Chevillon
122697923,1593480,lt,Cheville
122698000,1593481,lt,Chevillard
122698154,1593483,lt,Chevigny-Saint-Sauveur
122698308,1593485,lt,Chevigny-en-Valiere
122698539,1593488,lt,Chevigny
122698847,1593492,lt,Chevigney-sur-l'Ognon
122699001,1593494,lt,Chevigney-les-Vercel
122699155,1593496,lt,Cheveuges
122699386,1593499,lt,Cheverny
122699463,1593500,lt,Chevenoz
122699540,1593501,lt,Chevenon
122699617,1593502,lt,Chevannes-Changy
122699694,1593503,lt,Chevennes
122699925,1593506,lt,Chevannes
122700079,1593508,lt,Chevannes
122700156,1593509,lt,Chevannes
122700387,1593512,lt,Chevannes
122700618,1593515,lt,Chevanceaux
122700695,1593516,lt,Chevaline
122700849,1593518,lt,Cheval-Blanc
122701003,1593520,lt,Chevaigne-du-Maine
122701080,1593521,lt,Chevaigne
122701157,1593522,lt,Chevagny-sur-Guye
122701234,1593523,lt,Chevagny-les-Chevrieres
122701311,1593524,lt,Chevagnes
122701388,1593525,lt,Cheux
122701465,1593526,lt,Cheust
122701696,1593529,lt,Cheuge
122701850,1593531,lt,Cheu
122702081,1593534,lt,Chessy-les-Pres
122702158,1593535,lt,Chessy
122702235,1593536,lt,Chessy
122702312,1593537,lt,Chessenaz
122702389,1593538,lt,Chesny
122702466,1593539,lt,Chesnois-Auboncourt
122702774,1593543,lt,Chesley
122702851,1593544,lt,Chery-les-Rozoy
122702928,1593545,lt,Chery-les-Pouilly
122703005,1593546,lt,Chery-Chartreuve
122703082,1593547,lt,Chery
122703236,1593549,lt,Cherville
122703467,1593552,lt,Chervey
122703544,1593553,lt,Cherveux
122703621,1593554,lt,Chervettes
122703698,1593555,lt,Cherves-Richemont
122703775,1593556,lt,Cherves-Châtelars
122703852,1593557,lt,Cherves
122703929,1593558,lt,Cherveix-Cubas
122704006,1593559,lt,Cherval
122704237,1593562,lt,Cherrueix
122704314,1593563,lt,Cherreau
122704391,1593564,lt,Cherre
122704468,1593565,lt,Cherre
122704545,1593566,lt,Cheroy
122704699,1593568,lt,Cheronvilliers
122704776,1593569,lt,Cheronnac
122704930,1593571,lt,Chermizy-Ailles
122705007,1593572,lt,Chermisey
122705084,1593573,lt,Chermignac
122705315,1593576,lt,Cherisy
122705392,1593577,lt,Cherisy
122705469,1593578,lt,Chérisey
122705546,1593579,lt,Cherisay
122705777,1593582,lt,Cherigne
122705854,1593583,lt,Cherier
122705931,1593584,lt,Cheriennes
122706008,1593585,lt,Chérêt
122706085,1593586,lt,Chéreng
122706162,1593587,lt,Cherence-le-Heron
122706239,1593588,lt,Cherence-le-Roussel
122706316,1593589,lt,Chérence
122706547,1593592,lt,Cherbourg
122706701,1593594,lt,Cherbonnières
122707009,1593598,lt,Chéraute
122707163,1593600,lt,Cherance
122707240,1593601,lt,Cherance
122707317,1593602,lt,Chérac
122707471,1593604,lt,Chepy
122707548,1593605,lt,Chepy
122707625,1593606,lt,Cheptainville
122707702,1593607,lt,Cheppy
122707779,1593608,lt,Cheppes-la-Prairie
122707856,1593609,lt,Chepoix
122707933,1593610,lt,Chepniers
122708010,1593611,lt,Cheny
122708087,1593612,lt,Chenu
122708164,1593613,lt,Chens-sur-Leman
122708241,1593614,lt,Chenoves
122708318,1593615,lt,Chenove
122708549,1593618,lt,Chenou
122708703,1593620,lt,Chenonceaux
122708780,1593621,lt,Chenon
122708857,1593622,lt,Chenommet
122708934,1593623,lt,Chenoise
122709011,1593624,lt,Chenois
122709088,1593625,lt,Chennevieres-sur-Marne
122709165,1593626,lt,Chennevieres-les-Louvres
122709550,1593631,lt,Chennegy
122709627,1593632,lt,Chennebrun
122709704,1593633,lt,Chenimenil
122709858,1593635,lt,Chenille-Change
122710012,1593637,lt,Cheniers
122710089,1593638,lt,Cheniers
122710166,1593639,lt,Chenieres
122710320,1593641,lt,Chenicourt
122710551,1593644,lt,Cheney
122710628,1593645,lt,Chenex
122710705,1593646,lt,Chenevrey-et-Morogne
122710859,1593648,lt,Chenevieres
122711090,1593651,lt,Chenevelles
122711398,1593655,lt,Chenereilles
122711475,1593656,lt,Chenereilles
122711552,1593657,lt,Chenerailles
122711783,1593660,lt,Chénelette
122711937,1593662,lt,Chenehutte-Treves-Cunault
122712168,1593665,lt,Chene-en-Semine
122712245,1593666,lt,Chenedouit
122712399,1593668,lt,Chênedollé
122712476,1593669,lt,Chene-Chenu
122712553,1593670,lt,Cheneche
122712630,1593671,lt,Chenecey-Buillon
122712707,1593672,lt,Chenebier
122712784,1593673,lt,Chene-Bernard
122712861,1593674,lt,Chene-Arnoult
122713092,1593677,lt,Chenay-le-Chatel
122713169,1593678,lt,Chenay
122713246,1593679,lt,Chenay
122713323,1593680,lt,Chenay
122713477,1593682,lt,Chenaud
122713554,1593683,lt,Chenas
122713708,1593685,lt,Chenaillers-Mascheix
122713785,1593686,lt,Chenac-Saint-Seurin-d'Uzet
122713862,1593687,lt,Chemy
122714016,1593689,lt,Chemire-sur-Sarthe
122714093,1593690,lt,Chemire-le-Gaudin
122714170,1593691,lt,Chemiré-en-Charnie
122714247,1593692,lt,Cheminot
122714324,1593693,lt,Cheminon
122714478,1593695,lt,Chemin-d'Aisey
122714555,1593696,lt,Cheminas
122714632,1593697,lt,Chemin
122714709,1593698,lt,Chemilly-sur-Yonne
122714786,1593699,lt,Chemilly-sur-Serein
122714863,1593700,lt,Chemilly
122714940,1593701,lt,Chemilly
122715017,1593702,lt,Chemilli
122715094,1593703,lt,Chemille-sur-Indrois
122715171,1593704,lt,Chemille-sur-Deme
122715248,1593705,lt,Chemille-Melay
122715325,1593706,lt,Chemilla
122715402,1593707,lt,Chemery-les-Deux
122715479,1593708,lt,Chemery-sur-Bar
122715556,1593709,lt,Chémery
122715633,1593710,lt,Chemery
122715710,1593711,lt,Chemere-le-Roi
122715787,1593712,lt,Chemere
122715941,1593714,lt,Chemellier
122716018,1593715,lt,Chemaze
122716095,1593716,lt,Chemault
122716172,1593717,lt,Chemaudin
122716249,1593718,lt,Chelun
122716403,1593720,lt,Chelle-Spou
122716480,1593721,lt,Chelles
122716557,1593722,lt,Chelles
122716634,1593723,lt,Chelle-Debat
122716711,1593724,lt,Chelieu
122716788,1593725,lt,Chelers
122716865,1593726,lt,Chelan
122716942,1593727,lt,Cheix-en-Retz
122717019,1593728,lt,Cheissoux
122717173,1593730,lt,Chein-Dessus
122717250,1593731,lt,Cheilly-les-Maranges
122717327,1593732,lt,Čepilmė
122717404,1593733,lt,Cheignieu-Labalme
122717635,1593736,lt,Chef-Haut
122717712,1593737,lt,Cheffreville-Tonnencourt
122717789,1593738,lt,Cheffois
122717866,1593739,lt,Cheffes
122717943,1593740,lt,Chef-du-Pont
122718020,1593741,lt,Chef-Boutonne
122718097,1593742,lt,Chedigny
122718251,1593744,lt,Chécy
122718482,1593747,lt,Chazot
122718636,1593749,lt,Chazilly
122718713,1593750,lt,Chazey-sur-Ain
122718790,1593751,lt,Chazey-Bons
122718867,1593752,lt,Chazeuil
122718944,1593753,lt,Chazeuil
122719098,1593755,lt,Chazé-sur-Argos
122719252,1593757,lt,Chazemais
122719406,1593759,lt,Chazelot
122719483,1593760,lt,Chazelles-sur-Lyon
122719560,1593761,lt,Chazelles-sur-Lavieu
122719791,1593764,lt,Chazelles
122719868,1593765,lt,Chazelles
122720253,1593770,lt,Chazelet
122720484,1593773,lt,Chazé-Henry
122720792,1593777,lt,Chazeaux
122720869,1593778,lt,Chazeaux
122720946,1593779,lt,Chazeaux
122721254,1593783,lt,Chazay-d'Azergues
122721793,1593790,lt,Chay
122722024,1593793,lt,Chavroches
122722101,1593794,lt,Chavoy
122722178,1593795,lt,Chavot-Courcourt
122722255,1593796,lt,Chavornay
122722409,1593798,lt,Chavonne
122722640,1593801,lt,C. P. Huanja
122722871,1593804,lt,Chaville
122723025,1593806,lt,Chavigny-Bailleul
122723102,1593807,lt,Chavigny
122723179,1593808,lt,Chavigny
122723256,1593809,lt,Chavignon
122723410,1593811,lt,Chaveyriat
122723487,1593812,lt,Chaveroche
122723564,1593813,lt,Chaveria
122723641,1593814,lt,Chavenon
122723718,1593815,lt,Chavannes
122723872,1593817,lt,Chavencon
122723949,1593818,lt,Chavenay
122724026,1593819,lt,Chavenat
122724103,1593820,lt,Chavelot
122724180,1593821,lt,Chaveignes
122724257,1593822,lt,Chavaroux
122724488,1593825,lt,Chavanoz
122724719,1593828,lt,Chavanod
122724796,1593829,lt,Chavannes-sur-Suran
122724873,1593830,lt,Chavannes-sur-Reyssouze
122724950,1593831,lt,Chavannes-sur-l'Etang
122725027,1593832,lt,Chavannes-les-Grands
122725258,1593835,lt,Chavannes
122725335,1593836,lt,Chavanne
122725489,1593838,lt,Chavannaz
122725566,1593839,lt,Chavaniac-Lafayette
122725643,1593840,lt,Chavanges
122725720,1593841,lt,Chavanay
122725797,1593842,lt,Chavanatte
122725874,1593843,lt,Chavanat
122725951,1593844,lt,Chavanac
122726182,1593847,lt,Chavaignes
122726413,1593850,lt,Chavagnes-les-Redoux
122726490,1593851,lt,Chavagnes-en-Paillers
122726567,1593852,lt,Chavagnes
122726644,1593853,lt,Chavagne
122727106,1593859,lt,Chavagnac
122727183,1593860,lt,Chavagnac
122727414,1593863,lt,Chauzon
122727568,1593865,lt,Chaux-Champagny
122727645,1593866,lt,Chaux-les-Port
122727722,1593867,lt,Chaux-les-Passavant
122727799,1593868,lt,Chaux-les-Clerval
122727953,1593870,lt,Chaux-la-Lotiere
122728030,1593871,lt,Chaux-des-Pres
122728107,1593872,lt,Chaux-des-Crotenay
122728184,1593873,lt,Chaux
122728261,1593874,lt,Chaux
122728415,1593876,lt,Chauvy
122728492,1593877,lt,Chauvry
122728569,1593878,lt,Chauvoncourt
122728723,1593880,lt,Chauvirey-le-Chatel
122728800,1593881,lt,Chauvincourt-Provemont
122728877,1593882,lt,Chauvigny-du-Perche
122728954,1593883,lt,Chauvigny
122729031,1593884,lt,Chauvigné
122729262,1593887,lt,Les Chauvets
122729493,1593890,lt,Chauvency-St-Hubert
122729570,1593891,lt,Chauvency-le-Chateau
122729647,1593892,lt,Chauvé
122729724,1593893,lt,Chauvaye
122729878,1593895,lt,Chauvac-Laux-Montaux
122729955,1593896,lt,Chaussy
122730032,1593897,lt,Chaussy
122730109,1593898,lt,Chaussoy-Epagny
122730417,1593902,lt,Chaussin
122730494,1593903,lt,Chausseterre
122730725,1593906,lt,Chaussenans
122730802,1593907,lt,Chaussenac
122731033,1593910,lt,Chaussan
122731110,1593911,lt,Chauriat
122731187,1593912,lt,Chauray
122731495,1593916,lt,Chauny
122731649,1593918,lt,Chaunay
122731726,1593919,lt,Chaunac
122731803,1593920,lt,Chaumuzy
122731957,1593922,lt,Chaumussay
122732034,1593923,lt,Chaumoux-Marcilly
122732265,1593926,lt,Chaumousey
122732419,1593928,lt,Chaumot
122732496,1593929,lt,Chaumot
122732573,1593930,lt,Chaumont-sur-Tharonne
122732650,1593931,lt,Chaumont-sur-Loire
122732727,1593932,lt,Chaumont-sur-Aire
122732804,1593933,lt,Chaumont-Porcien
122732881,1593934,lt,Chaumont-le-Bois
122732958,1593935,lt,Chaumont-la-Ville
122733035,1593936,lt,Chaumont-en-Vexin
122733112,1593937,lt,Chaumontel
122733266,1593939,lt,Chaumont-d'Anjou
122733420,1593941,lt,Chaumont
122733497,1593942,lt,Chaumont
122733574,1593943,lt,Šomonas
122733882,1593947,lt,Chaumont
122734036,1593949,lt,Chaumont
122734652,1593957,lt,Chaumesnil
122734729,1593958,lt,Chaumes-en-Brie
122734960,1593961,lt,Chaumergy
122735037,1593962,lt,Chaumeré
122735114,1593963,lt,Chaumercenne
122735268,1593965,lt,Chaume-les-Baigneux
122735730,1593971,lt,Chaumeil
122735884,1593973,lt,Chaume ir Courchamp
122736423,1593980,lt,Chaumard
122736577,1593982,lt,Chaum
122736654,1593983,lt,Chaulnes
122736731,1593984,lt,Chaulhac
122736808,1593985,lt,Chaulgnes
122737116,1593989,lt,Chaufour-Notre-Dame
122737193,1593990,lt,Chaufour-lès-Bonnières
122737501,1593994,lt,Chauffry
122737578,1593995,lt,Chauffourt
122737655,1593996,lt,Chauffour-sur-Vell
122737732,1593997,lt,Chauffours
122737809,1593998,lt,Chauffour-les-Etrechy
122737886,1593999,lt,Chauffour-les-Bailly
122738117,1594002,lt,Chauffayer
122738194,1594003,lt,Chauffailles
122738348,1594005,lt,Chaudun
122738579,1594008,lt,Chaudron-en-Mauges
122738656,1594009,lt,Chaudrey
122738810,1594011,lt,Chaudon
122738887,1594012,lt,Chaudon
122739118,1594015,lt,Chaudeyrolles
122739272,1594017,lt,Chaudeyrac
122739349,1594018,lt,Chaudes-Aigues
122739426,1594019,lt,Chaudeney-sur-Moselle
122739657,1594022,lt,Chaudenay
122739734,1594023,lt,Chaudenay
122739965,1594026,lt,Chaudefontaine
122740042,1594027,lt,Chaudefontaine
122740119,1594028,lt,Chaudefonds-sur-Layon
122740196,1594029,lt,Chaudebonne
122740273,1594030,lt,Chaudardes
122740581,1594034,lt,Chauconin-Neufmontiers
122740658,1594035,lt,Chauchigny
122740812,1594037,lt,Chauché
122740889,1594038,lt,Chauchailles
122740966,1594039,lt,Chunchenan
122741043,1594040,lt,Chatuzange-le-Goubet
122741120,1594041,lt,Chattuse Haute
122741351,1594044,lt,Chatte
122741428,1594045,lt,Chattancourt
122741582,1594047,lt,Châtres-sur-Cher
122741659,1594048,lt,Chatres-la-Foret
122741736,1594049,lt,Chatres
122741813,1594050,lt,Chatres
122741967,1594052,lt,Chatres
122742352,1594057,lt,Chatouille
122742506,1594059,lt,Chatou
122742660,1594061,lt,Chatonrupt-Sommermont
122742891,1594064,lt,Chatonnay
122742968,1594065,lt,Chatonnay
122743122,1594067,lt,Chatoillenot
122743199,1594068,lt,Chatin
122743276,1594069,lt,Chatillon-sur-Thouet
122743353,1594070,lt,Mauleon
122743430,1594071,lt,Châtillon-sur-Seine
122743507,1594072,lt,Chatillon-sur-Seiche
122743584,1594073,lt,Chatillon-sur-Saone
122743661,1594074,lt,Chatillon-sur-Oise
122743738,1594075,lt,Chatillon-sur-Morin
122743815,1594076,lt,Châtillon-sur-Marne
122743892,1594077,lt,Châtillon-sur-Loire
122743969,1594078,lt,Châtillon-sur-Indre
122744046,1594079,lt,Chatillon-sur-Colmont
122744123,1594080,lt,Chatillon-sur-Cluses
122744200,1594081,lt,Châtillon-sur-Cher
122744277,1594082,lt,Châtillon-sur-Chalaronne
122744354,1594083,lt,Chatillon-sur-Broue
122744431,1594084,lt,Châtillon-sur-Bar
122744585,1594086,lt,Chatillon-sous-les-Cotes
122744662,1594087,lt,Châtillon-Saint-Jean
122744739,1594088,lt,Chatillon-les-Sons
122744816,1594089,lt,Chatillon-le-Roi
122744893,1594090,lt,Chatillon-le-Duc
122744970,1594091,lt,Chatillon-le-Desert
122745047,1594092,lt,Chatillon-la-Palud
122745124,1594093,lt,Chatillon-la-Borde
122745201,1594094,lt,Chatillon-Guyotte
122745278,1594095,lt,Chatillon-en-Vendelais
122745355,1594096,lt,Chatillon-en-Dunois
122745432,1594097,lt,Chatillon-en-Diois
122745509,1594098,lt,Chatillon-en-Bazois
122745586,1594099,lt,Châtillon-en-Michaille
122745663,1594100,lt,Chatillon
122745740,1594101,lt,Châtillon-Coligny
122745817,1594102,lt,Chatillon
122746048,1594105,lt,Chatillon
122746125,1594106,lt,Chatillon
122746202,1594107,lt,Chatillon
122746279,1594108,lt,Chatillon
122746356,1594109,lt,Chatignonville
122746433,1594110,lt,Châtignac
122746587,1594112,lt,Chatenoy-le-Royal
122746664,1594113,lt,Chatenoy-en-Bresse
122746741,1594114,lt,Chatenoy
122746818,1594115,lt,Chatenoy
122746895,1594116,lt,Chatenois-les-Forges
122746972,1594117,lt,Chatenois
122747049,1594118,lt,Chatenois
122747126,1594119,lt,Chatenois
122747203,1594120,lt,Chatenois
122747434,1594123,lt,Chatenet
122747511,1594124,lt,Chatenay-Vaudin
122747588,1594125,lt,Chatenay-sur-Seine
122747665,1594126,lt,Châtenay-Malabry
122747742,1594127,lt,Chatenay-Macheron
122747819,1594128,lt,Châtenay-en-France
122747973,1594130,lt,Chatenay
122748050,1594131,lt,Chatenay
122748358,1594135,lt,Chatenay
122748435,1594136,lt,Chatenay
122748589,1594138,lt,Chatenay
122748743,1594140,lt,Chatelus-Malvaleix
122748820,1594141,lt,Châtelus-le-Marcheix
122748974,1594143,lt,Chatelus
122749051,1594144,lt,Chatelus
122749128,1594145,lt,Chatelus
122749205,1594146,lt,Châtel-sur-Moselle
122749282,1594147,lt,Châtel-Saint-Germain
122749359,1594148,lt,Châtelraould-Saint-Louvent
122749436,1594149,lt,Châtelperron
122749513,1594150,lt,Chatelneuf
122749590,1594151,lt,Chatelneuf
122749667,1594152,lt,Chatel-Moron
122749744,1594153,lt,Chatel-Montagne
122749821,1594154,lt,Châtellerault
122749975,1594156,lt,Chatellenot
122750052,1594157,lt,Chatelguyon
122750129,1594158,lt,Chatel-Gerard
122750206,1594159,lt,Chatelet
122750360,1594161,lt,Châteldon
122750437,1594162,lt,Chatel-de-Neuvre
122750514,1594163,lt,Chatel-de-Joux
122750591,1594164,lt,Chatel-Chery
122750668,1594165,lt,Chatel-Censoir
122750745,1594166,lt,Châtelblanc
122750822,1594167,lt,Chatelay
122750899,1594168,lt,Chatelaudren
122751361,1594174,lt,Chatelais
122751515,1594176,lt,Chatelain
122751592,1594177,lt,Châtelaillon-Plage
122751669,1594178,lt,Chatel
122751746,1594179,lt,Château-Voué
122751823,1594180,lt,Chateau-Ville-Vieille
122751900,1594181,lt,Châteauvillain
122751977,1594182,lt,Chateauvilain
122752054,1594183,lt,Chateauvieux
122752285,1594186,lt,Chateauvieux
122752362,1594187,lt,Chateauvieux
122752439,1594188,lt,Châteauvert
122752593,1594190,lt,Château-Thierry
122752670,1594191,lt,Château-Thébaud
122752747,1594192,lt,Chateau-sur-Epte
122752824,1594193,lt,Chateau-sur-Cher
122752901,1594194,lt,Chateau-sur-Allier
122752978,1594195,lt,Château-Salins
122753132,1594197,lt,Šatoru
122753209,1594198,lt,Chateauroux-les-Alpes
122753286,1594199,lt,Chateau-Rouge
122753363,1594200,lt,Chateau-Renault
122753517,1594202,lt,Château-Renard
122753594,1594203,lt,Châteaurenard
122753671,1594204,lt,Chateau-Regnault
122753748,1594205,lt,Châteauredon
122753902,1594207,lt,Chateau-Porcien
122753979,1594208,lt,Chateauponsac
122754133,1594210,lt,Châteauneuf-Val-Saint-Donat
122754210,1594211,lt,Châteauneuf-Val-de-Bargis
122754287,1594212,lt,Chateauneuf-sur-Sarthe
122754364,1594213,lt,Châteauneuf-sur-Loire
122754441,1594214,lt,Chateauneuf-sur-Cher
122754518,1594215,lt,Châteauneuf-sur-Charente
122754595,1594216,lt,Châteauneuf-Miravail
122754672,1594217,lt,Chateneuf les Martiques
122754749,1594218,lt,Chateauneuf-les-Bains
122754826,1594219,lt,Châteauneuf-le-Rouge
122754903,1594220,lt,Chateauneuf-la-Foret
122754980,1594221,lt,Châteauneuf-en-Thymerais
122755057,1594222,lt,Châteauneuf-du-Rhône
122755134,1594223,lt,Châteauneuf-du-Pape
122755211,1594224,lt,Châteauneuf-du-Faou
122755365,1594226,lt,Chateauneuf-sur-Isere
122755442,1594227,lt,Chateauneuf-d'Ille-et-Vilaine
122755519,1594228,lt,Chateauneuf-de-Vernoux
122755596,1594229,lt,Châteauneuf-de-Randon
122755673,1594230,lt,Chateauneuf-d'Entraunes
122755750,1594231,lt,Châteauneuf-de-Galaure
122755827,1594232,lt,Châteauneuf-de-Gadagne
122755904,1594233,lt,Châteauneuf-Villevieille
122755981,1594234,lt,Chateauneuf-de-Chabre
122756058,1594235,lt,Châteauneuf-de-Bordette
122756135,1594236,lt,Chateauneuf
122756212,1594237,lt,Chateauneuf
122756289,1594238,lt,Chateau Neuf
122756366,1594239,lt,Chateauneuf
122756443,1594240,lt,Chateauneuf
122756520,1594241,lt,Chateauneuf
122756674,1594243,lt,Châteauneuf-Grasse
122756828,1594245,lt,Châteaumeillant
122756905,1594246,lt,Chateau Mea
122756982,1594247,lt,Châteaulin
122757059,1594248,lt,Chateau-l'Eveque
122757136,1594249,lt,Chateau la Ville
122757213,1594250,lt,Chateau-la-Valliere
122757290,1594251,lt,Château-Larcher
122757367,1594252,lt,Château-Landon
122757521,1594254,lt,Château-l'Abbaye
122757598,1594255,lt,Château-Guibert
122757675,1594256,lt,Château-Gontier
122757752,1594257,lt,Chateaugiron
122757829,1594258,lt,Chateaugay
122757906,1594259,lt,Chateau-Garnier
122758137,1594262,lt,Chateau-Gaillard
122758214,1594263,lt,Chateaufort
122758445,1594266,lt,Châteaudun
122758522,1594267,lt,Château-du-Loir
122758676,1594269,lt,Chateaudouble
122758753,1594270,lt,Chateaudouble
122758830,1594271,lt,Chateau d'Olouise
122758907,1594272,lt,Château-d'Olonne
122759061,1594274,lt,Chateau-des-Pres
122759215,1594276,lt,Chateau-Chinon (Ville)
122759292,1594277,lt,Chateau-Chervix
122759369,1594278,lt,Château-Chalon
122759446,1594279,lt,Châteaubriant
122759600,1594281,lt,Chateau-Brehain
122759677,1594282,lt,Châteaubourg
122759754,1594283,lt,Chateaubourg
122759908,1594285,lt,Châteaubleau
122759985,1594286,lt,Châteaubernard
122760062,1594287,lt,Chateau-Bernard
122760139,1594288,lt,Château-Arnoux-Saint-Auban
122760216,1594289,lt,Chateau
122760447,1594292,lt,Chataincourt
122760601,1594294,lt,Chatain
122760909,1594298,lt,Chastrix
122761063,1594300,lt,Chastreix
122761371,1594304,lt,Chastenuel
122761448,1594305,lt,Chastenay
122761525,1594306,lt,Chastel-sur-Murat
122761679,1594308,lt,Chastel-Nouvel
122761833,1594310,lt,Chastellux-sur-Cure
122761910,1594311,lt,Chastel-Arnaud
122761987,1594312,lt,Chastel
122762141,1594314,lt,Chasteaux
122762218,1594315,lt,Chastanier
122762295,1594316,lt,Chassy
122762449,1594318,lt,Chassy
122762603,1594320,lt,Chassy
122762680,1594321,lt,Chassors
122762988,1594325,lt,Chassille
122763065,1594326,lt,Chassigny-sous-Dun
122763142,1594327,lt,Chassigny
122763450,1594331,lt,Chassignolles
122763527,1594332,lt,Chassignoles
122763758,1594335,lt,Chassignieu
122763912,1594337,lt,Chassignelles
122763989,1594338,lt,Chassieu
122764066,1594339,lt,Važiuoklės
122764220,1594341,lt,Chassiecq
122764297,1594342,lt,Chassey-les-Scey
122764374,1594343,lt,Chassey-lès-Montbozon
122764451,1594344,lt,Chassey-le-Camp
122764528,1594345,lt,Chassey-Beaupre
122764605,1594346,lt,Chassey
122764682,1594347,lt,Chasse-sur-Rhône
122764836,1594349,lt,Chasserades
122764990,1594351,lt,Chassenon
122765067,1594352,lt,Chasseneuil-du-Poitou
122765144,1594353,lt,Chasseneuil
122765221,1594354,lt,Chasseneuil-sur-Bonnieure
122765375,1594356,lt,Chassenay
122765452,1594357,lt,Chassenard
122765529,1594358,lt,Chassemy
122765606,1594359,lt,Chasselay
122765683,1594360,lt,Chasselay
122765760,1594361,lt,Chasselas
122765837,1594362,lt,Chasseigne
122765914,1594363,lt,Chasseguey
122765991,1594364,lt,Chasse
122766068,1594365,lt,Chasse
122766222,1594367,lt,Chassat
122766299,1594368,lt,Chassant
122766530,1594371,lt,Chassal
122766607,1594372,lt,Chassaignes
122766684,1594373,lt,Chassagny
122766761,1594374,lt,Chassagny
122766992,1594377,lt,Chassagne-Saint-Denis
122767069,1594378,lt,Chassagnes
122767146,1594379,lt,Chassagnes
122767223,1594380,lt,Chassagne-Montrachet
122767454,1594383,lt,Chassagnes
122767839,1594388,lt,Chaspuzac
122767916,1594389,lt,Chaspinhac
122767993,1594390,lt,Chasne-sur-Illet
122768070,1594391,lt,Chasnay
122768147,1594392,lt,Chasnans
122768224,1594393,lt,Chasnais
122768455,1594396,lt,Chas
122768532,1594397,lt,Charzais
122768609,1594398,lt,Charvonnex
122768763,1594400,lt,Charvieu-Chavagneux
122768917,1594402,lt,Charves
122768994,1594403,lt,Chartuzac
122769071,1594404,lt,Chartronges
122769148,1594405,lt,Chartrier
122769225,1594406,lt,Chartrettes
122769302,1594407,lt,Chartres-de-Bretagne
122769379,1594408,lt,Šartras
122769456,1594409,lt,Chartrene
122769533,1594410,lt,Charteves
122769610,1594411,lt,Chartainvilliers
122769687,1594412,lt,Charsonville
122769841,1594414,lt,Chars
122769995,1594416,lt,Charroux
122770072,1594417,lt,Charroux
122770226,1594419,lt,Charron
122770303,1594420,lt,Charron
122770457,1594422,lt,Charritte-de-Bas
122770534,1594423,lt,Charrin
122770611,1594424,lt,Charrey-sur-Saone
122770688,1594425,lt,Charrey-sur-Seine
122770919,1594428,lt,Charrecey
122770996,1594429,lt,Charre
122771073,1594430,lt,Charray
122771227,1594432,lt,Charras
122771304,1594433,lt,Charraix
122771381,1594434,lt,Charrais
122771458,1594435,lt,Charquemont
122771535,1594436,lt,Charpont
122771612,1594437,lt,Charpey
122771997,1594442,lt,Charost
122772074,1594443,lt,Charonville
122772151,1594444,lt,Charols
122772228,1594445,lt,Charolles
122772305,1594446,lt,Charny-sur-Meuse
122772382,1594447,lt,Charny-le-Bachot
122772536,1594449,lt,Charny
122772613,1594450,lt,Charny
122772767,1594452,lt,Charnoz-sur-Ain
122772921,1594454,lt,Charnois
122772998,1594455,lt,Charnod
122773075,1594456,lt,Charnizay
122773152,1594457,lt,Charnecles
122773229,1594458,lt,Charnay-les-Macon
122773306,1594459,lt,Charnay-les-Chalon
122773383,1594460,lt,Charnay
122773460,1594461,lt,Charnay
122773614,1594463,lt,Charnat
122773691,1594464,lt,Charnas
122773922,1594467,lt,Charmoy
122774076,1594469,lt,Charmoy
122774153,1594470,lt,Charmoy
122774230,1594471,lt,Charmoy
122774307,1594472,lt,Charmont-sous-Barbuise
122774384,1594473,lt,Charmont-en-Beauce
122774538,1594475,lt,Charmont
122774692,1594477,lt,Charmois-l'Orgueilleux
122774769,1594478,lt,Charmois-devant-Bruyeres
122774923,1594480,lt,Charmois
122775000,1594481,lt,Charmois
122775154,1594483,lt,Charmoilles
122775231,1594484,lt,Charmoille
122775308,1594485,lt,Charmoille
122775385,1594486,lt,Charmes-sur-Rhône
122775462,1594487,lt,Charmes-sur-l'Herbasse
122775616,1594489,lt,Charmes
122775693,1594490,lt,Charmes-la-Grande
122775770,1594491,lt,Charmes-la-Côte
122775847,1594492,lt,Charmes-en-l'Angle
122775924,1594493,lt,Charmes
122776001,1594494,lt,Charmes
122776078,1594495,lt,Charmes
122776155,1594496,lt,Charmes
122776232,1594497,lt,Charmentray
122776309,1594498,lt,Charmensac
122776386,1594499,lt,Charmeil
122776463,1594500,lt,Charmé
122776540,1594501,lt,Charmauvillers
122776617,1594502,lt,Charmant
122776694,1594503,lt,Charmaix
122776771,1594504,lt,Charly-sur-Marne
122776848,1594505,lt,Charly-Oradour
122776925,1594506,lt,Charly
122777002,1594507,lt,Charly
122777233,1594510,lt,Charlieu
122777310,1594511,lt,Charleville-sous-Bois
122777387,1594512,lt,Šarlevilis-Mezjeras
122777464,1594513,lt,Charleville
122777541,1594514,lt,Charleval
122777618,1594515,lt,Charleval
122777849,1594518,lt,Charlas
122778003,1594520,lt,Charix
122778157,1594522,lt,Chariez
122778234,1594523,lt,Chargey-les-Port
122778311,1594524,lt,Chargey-les-Gray
122778388,1594525,lt,Chargerieye
122778465,1594526,lt,Charge
122778542,1594527,lt,Charezier
122778619,1594528,lt,Charey
122778696,1594529,lt,Charette-Varennes
122778773,1594530,lt,Charette
122778850,1594531,lt,Charentonnay
122778927,1594532,lt,Charenton-le-Pont
122779004,1594533,lt,Charenton-du-Cher
122779235,1594536,lt,Charentilly
122779312,1594537,lt,Charentenay
122779389,1594538,lt,Charentenay
122779466,1594539,lt,Charentay
122779543,1594540,lt,Charensat
122779697,1594542,lt,Charency-Vezin
122780159,1594548,lt,Chareire
122780236,1594549,lt,Chareil-Cintrat
122780544,1594553,lt,Chardonnay
122780698,1594555,lt,Chardogne
122781237,1594562,lt,Chard
122781314,1594563,lt,Charcier
122781391,1594564,lt,Charchilla
122781468,1594565,lt,Charchigne
122781545,1594566,lt,Charcenne
122781622,1594567,lt,Charcé-Saint-Ellier-sur-Aubance
122781699,1594568,lt,Charbuy
122781930,1594571,lt,Charbonnier-les-Mines
122782007,1594572,lt,Charbonnieres-les-Vieilles
122782084,1594573,lt,Charbonnières-les-Varennes
122782161,1594574,lt,Charbonnieres-les-Sapins
122782238,1594575,lt,Charbonnieres-les-Bains
122782315,1594576,lt,Charbonnieres
122782392,1594577,lt,Charbonnieres
122782931,1594584,lt,Charbonnat
122783008,1594585,lt,Charbogne
122783162,1594587,lt,Charavines
122783624,1594593,lt,Charantonnay
122783701,1594594,lt,Charancin
122783778,1594595,lt,Charancieu
122783932,1594597,lt,Chaptuzat
122784086,1594599,lt,Chaptelat
122784240,1594601,lt,Chappes
122784317,1594602,lt,Chappes
122784471,1594604,lt,Chappes
122784548,1594605,lt,Chappes
122784702,1594607,lt,Chappe
122785087,1594612,lt,Chaponost
122785164,1594613,lt,Chaponnay
122785241,1594614,lt,Chapois
122785472,1594617,lt,Chapet
122785549,1594618,lt,Chapeiry
122785626,1594619,lt,Chapelon
122785703,1594620,lt,Chapelle-Voland
122785780,1594621,lt,Chapelle-Vallon
122785934,1594623,lt,Chapelle-Royale
122786088,1594625,lt,La Chapelle-Montreuil
122786165,1594626,lt,Chapelle-Guillaume
122786242,1594627,lt,Chapelle-d'Huin
122786319,1594628,lt,Chapelle-des-Bois
122786550,1594631,lt,La Chapelle-Agnon
122786858,1594635,lt,Chapelaine
122787089,1594638,lt,Chapeau
122787243,1594640,lt,Chapdeuil
122787320,1594641,lt,Chapdes-Beaufort
122787474,1594643,lt,Chapareillan
122787628,1594645,lt,Chapaize
122787782,1594647,lt,Chaourse
122787859,1594648,lt,Chaource
122787936,1594649,lt,Chaouilley
122788013,1594650,lt,Chaon
122788090,1594651,lt,Chanzeaux
122788244,1594653,lt,Chanville
122788629,1594658,lt,Chanu
122788706,1594659,lt,Chantrigne
122788783,1594660,lt,Chantrezac
122788860,1594661,lt,Chantrans
122788937,1594662,lt,Chantraine
122789014,1594663,lt,Chantraine
122789091,1594664,lt,Chantonnay
122789168,1594665,lt,Chantome
122789322,1594667,lt,Chantilly
122789399,1594668,lt,Chantillac
122789553,1594670,lt,Chanteuges
122789630,1594671,lt,Chantesse
122789707,1594672,lt,Chantes
122789861,1594674,lt,Chanterelle
122790092,1594677,lt,Chantérac
122790323,1594680,lt,Chantepie
122790477,1594682,lt,Chantenay-Villedieu
122790631,1594684,lt,Chantenay-Saint-Imbert
122790862,1594687,lt,Chantemerle-sur-la-Soie
122790939,1594688,lt,Chantemerle-les-Grignan
122791016,1594689,lt,Chantemerle-les-Bles
122791632,1594697,lt,Chanteloup-les-Vignes
122791709,1594698,lt,Chanteloup-les-Bois
122791786,1594699,lt,Chanteloup
122791863,1594700,lt,Chanteloup
122791940,1594701,lt,Chanteloup-en-Brie
122792171,1594704,lt,Chanteloup
122792479,1594708,lt,Chanteloup
122793249,1594718,lt,Chantelle
122793326,1594719,lt,Chanteix
122793403,1594720,lt,Chanteheux
122793634,1594723,lt,Chantecorps
122793865,1594726,lt,Chantecoq
122793942,1594727,lt,Chanteau
122794404,1594733,lt,Chanoz-Chatenay
122794481,1594734,lt,Chanoy
122794789,1594738,lt,Chanos-Curson
122794866,1594739,lt,Chanonat
122795097,1594742,lt,Channes
122795174,1594743,lt,Channay-sur-Lathan
122795251,1594744,lt,Channay
122795559,1594748,lt,Chaniers
122795636,1594749,lt,Chaniat
122795713,1594750,lt,Changy-les-Bois
122795790,1594751,lt,Changy
122796021,1594754,lt,Changy
122796098,1594755,lt,Changy
122796175,1594756,lt,Changis-sur-Marne
122796329,1594758,lt,Changey
122796483,1594760,lt,Change
122796560,1594761,lt,Change
122796637,1594762,lt,Change
122796791,1594764,lt,Chanes
122796945,1594766,lt,Chaneins
122797022,1594767,lt,Chanéac
122797176,1594769,lt,Chandon
122797330,1594771,lt,Chandolas
122797484,1594773,lt,Chandai
122797638,1594775,lt,Chancia
122797715,1594776,lt,Chancey
122797869,1594778,lt,Chancenay
122798023,1594780,lt,Chancelade
122798177,1594782,lt,Chanceaux-sur-Choisille
122798254,1594783,lt,Chanceaux-pres-Loches
122798331,1594784,lt,Chanceaux
122798408,1594785,lt,Chance
122798485,1594786,lt,Chancay
122798562,1594787,lt,Chanaz
122798639,1594788,lt,Chanay
122798716,1594789,lt,Chanat-la-Mouteyre
122798870,1594791,lt,Chanas
122798947,1594792,lt,Chanaleilles
122799101,1594794,lt,Chanac-les-Mines
122799178,1594795,lt,Chanac
122799255,1594796,lt,Chamvres
122799332,1594797,lt,Chamrousse
122799486,1594799,lt,Champvoux
122799563,1594800,lt,Champvoisy
122799640,1594801,lt,Champvert
122799717,1594802,lt,Champvans-les-Moulins
122799871,1594804,lt,Champvans
122799948,1594805,lt,Champvans
122800025,1594806,lt,Champvallon
122800256,1594809,lt,Champtonnay
122800487,1594812,lt,Champtocé-sur-Loire
122800564,1594813,lt,Champtoceaux
122800641,1594814,lt,Champteusse-sur-Baconne
122800718,1594815,lt,Champtercier
122800795,1594816,lt,Champ-sur-Drac
122800949,1594818,lt,Champs-sur-Tarentaine-Marchal
122801026,1594819,lt,Champs-sur-Marne
122801103,1594820,lt,Champs-Romain
122801411,1594824,lt,Champseru
122801488,1594825,lt,Champsecret
122801642,1594827,lt,Champsanglard
122801796,1594829,lt,Champsac
122801873,1594830,lt,Champs
122801950,1594831,lt,Champs
122802027,1594832,lt,Champs-sur-Yonne
122802181,1594834,lt,Champs
122802489,1594838,lt,Champrougier
122802643,1594840,lt,Champrond-en-Gatine
122802720,1594841,lt,Champrond-en-Perchet
122802874,1594843,lt,Champrepus
122803105,1594846,lt,Champoux
122803336,1594849,lt,Champoulet
122803490,1594851,lt,Champougny
122803567,1594852,lt,Champosoult
122803721,1594854,lt,Champoly
122803798,1594855,lt,Champoleon
122803875,1594856,lt,Champniers-et-Reillac
122803952,1594857,lt,Champniers
122804029,1594858,lt,Champniers
122804106,1594859,lt,Champneuville
122804183,1594860,lt,Champnétery
122804260,1594861,lt,Champmotteux
122804414,1594863,lt,Champmillon
122804568,1594865,lt,Champlost
122805030,1594871,lt,Champlive
122805107,1594872,lt,Champlitte-la-Ville
122805184,1594873,lt,Champlitte
122805261,1594874,lt,Champlin
122805492,1594877,lt,Champlemy
122805569,1594878,lt,Champ-le-Duc
122805646,1594879,lt,Champlecy
122805723,1594880,lt,Champlay
122805877,1594882,lt,Champlat-et-Boujacourt
122806031,1594884,lt,Champlan
122806185,1594886,lt,Champillon
122806262,1594887,lt,Champillet
122806339,1594888,lt,Champigny
122806416,1594889,lt,Champigny-sur-Veude
122806493,1594890,lt,Champigny-sur-Marne
122806570,1594891,lt,Champigny-sur-Aube
122806647,1594892,lt,Champigny-sous-Varennes
122806724,1594893,lt,Champigny-les-Langres
122806801,1594894,lt,Champigny-le-Sec
122806878,1594895,lt,Champigny-la-Futelaye
122806955,1594896,lt,Champigny-en-Beauce
122807032,1594897,lt,Champigny
122807186,1594899,lt,Champignol-lez-Mondeville
122807340,1594901,lt,Champignolles
122807571,1594904,lt,Champigneul-sur-Vence
122807648,1594905,lt,Champigneulles-en-Bassigny
122807725,1594906,lt,Champigneulles
122807802,1594907,lt,Champigneulle
122807879,1594908,lt,Champigneul-Champagne
122807956,1594909,lt,Champignelles
122808033,1594910,lt,Champigne
122808110,1594911,lt,Champier
122808187,1594912,lt,Champien
122808341,1594914,lt,Champhol
122808418,1594915,lt,Champ-Haut
122808572,1594917,lt,Champguyon
122808803,1594920,lt,Champgeneteux
122808957,1594922,lt,Champfromier
122809034,1594923,lt,Champfremont
122809111,1594924,lt,Champforgeuil
122809265,1594926,lt,Champfleury
122809342,1594927,lt,Champfleury
122809496,1594929,lt,Champfleur
122809573,1594930,lt,Champey-sur-Moselle
122809650,1594931,lt,Champey
122809727,1594932,lt,Champetieres
122809881,1594934,lt,Champeon
122810035,1594936,lt,Champenoux
122810189,1594938,lt,Champenard
122810343,1594940,lt,Champelause
122810497,1594942,lt,Champeix
122810651,1594944,lt,Champeaux-sur-Sarthe
122810728,1594945,lt,Champeaux-et-la-Chapelle-Pommier
122810805,1594946,lt,Champeaux
122810882,1594947,lt,Champeaux
122811036,1594949,lt,Champeaux
122811267,1594952,lt,Champeau-en-Morvan
122811344,1594953,lt,Champ-du-Boult
122811421,1594954,lt,Champdray
122811498,1594955,lt,Champdôtre
122811575,1594956,lt,Champdor
122811806,1594959,lt,Champdolent
122811883,1594960,lt,Champ-d'Oiseau
122811960,1594961,lt,Champdivers
122812114,1594963,lt,Champdieu
122812268,1594965,lt,Champdeuil
122812345,1594966,lt,Champdeniers-Saint-Denis
122812499,1594968,lt,Champcueil
122812576,1594969,lt,Champcourt
122812884,1594973,lt,Champcey
122812961,1594974,lt,Champcevrais
122813038,1594975,lt,Champcevinel
122813115,1594976,lt,Champcervon
122813192,1594977,lt,Champcerie
122813269,1594978,lt,Champcenest
122813500,1594981,lt,Champcella
122813962,1594987,lt,Champaubert-aux-Bois
122814039,1594988,lt,Champaubert
122814270,1594991,lt,Champanges
122814655,1594996,lt,Champagny-sous-Uxelles
122814809,1594998,lt,Champagny
122814886,1594999,lt,Champagny-en-Vanoise
122814963,1595000,lt,Champagnolles
122815040,1595001,lt,Champagnole
122815117,1595002,lt,Champagnier
122815194,1595003,lt,Champagney
122815271,1595004,lt,Champagney
122815348,1595005,lt,Champagney
122815425,1595006,lt,Champagneux
122815502,1595007,lt,Champagne-sur-Vingeanne
122815579,1595008,lt,Champagne-sur-Seine
122815656,1595009,lt,Champagne-sur-Oise
122815733,1595010,lt,Champagne-sur-Loue
122815810,1595011,lt,Champagné-Saint-Hilaire
122815964,1595013,lt,Champagne-Mouton
122816195,1595016,lt,Champagné-les-Marais
122816272,1595017,lt,Champagne-le-Sec
122816349,1595018,lt,Champagne-et-Fontaine
122816426,1595019,lt,Champagne-en-valromy
122816503,1595020,lt,Champagne-Vigny
122816580,1595021,lt,Champagne-au-Mont-d'Or
122816657,1595022,lt,Champagne
122816734,1595023,lt,Champagne
122817119,1595028,lt,Champagne
122817196,1595029,lt,Champagne
122817350,1595031,lt,Champagnat-le-Jeune
122817427,1595032,lt,Champagnat
122817504,1595033,lt,Champagnat
122817581,1595034,lt,Champagnac-le-Vieux
122817658,1595035,lt,Champagnac-la-Riviere
122817735,1595036,lt,Champagnac-la-Prune
122817812,1595037,lt,Champagnac-la-Noaille
122817889,1595038,lt,Champagnac-de-Belair
122818043,1595040,lt,Champagnac
122818120,1595041,lt,Champagnac
122818582,1595047,lt,Chamoy
122818659,1595048,lt,Chamoux-sur-Gelon
122818736,1595049,lt,Chamoux
122818813,1595050,lt,Chamousset
122818890,1595051,lt,Chamouilley
122818967,1595052,lt,Chamouille
122819044,1595053,lt,Chamouillac
122819275,1595056,lt,Šamoni
122819429,1595058,lt,Chamole
122819506,1595059,lt,Chammes
122819583,1595060,lt,Chamilly
122819660,1595061,lt,Chamigny
122819737,1595062,lt,Chameyrat
122819891,1595064,lt,Chamesson
122819968,1595065,lt,Chamesol
122820045,1595066,lt,Chamesey
122820122,1595067,lt,Chamery
122820507,1595072,lt,Chamelet
122820815,1595076,lt,Chaméane
122820969,1595078,lt,Chambry
122821046,1595079,lt,Chambry
122821200,1595081,lt,Chambroutet
122821354,1595083,lt,Chambrey
122821431,1595084,lt,Chambretaud
122821662,1595087,lt,Chambrecy
122821893,1595090,lt,Chambray-lès-Tours
122821970,1595091,lt,Chambray
122822278,1595095,lt,Chambourg-sur-Indre
122822355,1595096,lt,Chambourcy
122822509,1595098,lt,Chamboulive
122822663,1595100,lt,Chambost-Longessaigne
122822740,1595101,lt,Chambost-Allieres
122822817,1595102,lt,Chambors
122822971,1595104,lt,Chambornay-les-Pin
122823048,1595105,lt,Chambornay-les-Bellevaux
122823125,1595106,lt,Chamborigaud
122823202,1595107,lt,Chamboret
122823279,1595108,lt,Chambord
122823356,1595109,lt,Chambord
122823433,1595110,lt,Chamborand
122823510,1595111,lt,Chambon-sur-Voueize
122823587,1595112,lt,Chambon-sur-Lac
122823664,1595113,lt,Chambon-sur-Dolore
122823741,1595114,lt,Chambon-sur-Cisse
122823818,1595115,lt,Chambon-Sainte-Croix
122823972,1595117,lt,Chambon-le-Chateau
122824049,1595118,lt,Chambon-la-Foret
122824126,1595119,lt,Chambonchard
122824203,1595120,lt,Chambonas
122824511,1595124,lt,Chambon
122824588,1595125,lt,Chambon
122824742,1595127,lt,Chambon
122824896,1595129,lt,Chambon
122824973,1595130,lt,Chambolle-Musigny
122825050,1595131,lt,Chambois
122825281,1595134,lt,Chambœuf
122825358,1595135,lt,Chamboeuf
122825435,1595136,lt,Chambly
122825589,1595138,lt,Chambley
122825666,1595139,lt,Chamblet
122825743,1595140,lt,Chambles
122825897,1595142,lt,Chamblay
122825974,1595143,lt,Chamblay
122826205,1595146,lt,Chamblanc
122826282,1595147,lt,Chamblac
122826359,1595148,lt,Chambilly
122826513,1595150,lt,Chambezon
122826821,1595154,lt,Chambeugle
122826975,1595156,lt,Šamberi
122827206,1595159,lt,Chamberia
122827283,1595160,lt,Chamberet
122827360,1595161,lt,Chamberaud
122827437,1595162,lt,Chamberat
122827514,1595163,lt,Chambeon
122827591,1595164,lt,Chambellay
122827668,1595165,lt,Chambeire
122828361,1595174,lt,Chamaret
122828438,1595175,lt,Chamarandes-Choignes
122828515,1595176,lt,Chamarande
122828592,1595177,lt,Chamant
122828900,1595181,lt,Chamaloc
122828977,1595182,lt,Chamalieres-sur-Loire
122829054,1595183,lt,Chamalieres
122829208,1595185,lt,Chamagnieu
122829285,1595186,lt,Chamagne
122829362,1595187,lt,Chamadelle
122829516,1595189,lt,Chalvraines
122829670,1595191,lt,Chalvignac
122830055,1595196,lt,Châlus
122830132,1595197,lt,Chalus
122830286,1595199,lt,Chaltrait
122830440,1595201,lt,Chalou-Moulineux
122830517,1595202,lt,Chalo-Saint-Mars
122830671,1595204,lt,Chalonvillars
122830748,1595205,lt,Chalon-sur-Saone
122830825,1595206,lt,Châlons-sur-Vesle
122830902,1595207,lt,Šampanės Šalonas
122830979,1595208,lt,Chalons-du-Maine
122831133,1595210,lt,Chalon
122831210,1595211,lt,Chalonnes-sur-Loire
122831287,1595212,lt,Chalonnes-sous-le-Lude
122831441,1595214,lt,Chalmoux
122831518,1595215,lt,Vals-des-Tilles
122831672,1595217,lt,Chalmazel
122831749,1595218,lt,Chalmaison
122831826,1595219,lt,Chaluy
122831903,1595220,lt,Challonges
122831980,1595221,lt,Challignac
122832057,1595222,lt,Challex
122832134,1595223,lt,Challet
122832211,1595224,lt,Challes-les-Eaux
122832288,1595225,lt,Challes
122832365,1595226,lt,Challes-la-Montagne
122832442,1595227,lt,Challerange
122832519,1595228,lt,Challement
122832596,1595229,lt,Challans
122832673,1595230,lt,Challain-la-Potherie
122832750,1595231,lt,Chalivoy-Milon
122832981,1595234,lt,Chalindrey
122833058,1595235,lt,Chalinargues
122833135,1595236,lt,Chaligny
122833289,1595238,lt,Chalifert
122833366,1595239,lt,Chaliers
122833520,1595241,lt,Chalezeule
122833597,1595242,lt,Chaleze
122833674,1595243,lt,Chaley
122833751,1595244,lt,Chalette-sur-Voire
122833828,1595245,lt,Châlette-sur-Loing
122834829,1595258,lt,Chalencon
122834983,1595260,lt,Chalais
122835060,1595261,lt,Chaleins
122835137,1595262,lt,Chalaux
122835368,1595265,lt,Chalautre-la-Petite
122835445,1595266,lt,Chalautre-la-Grande
122835676,1595269,lt,Chalandry-Elaire
122835753,1595270,lt,Chalandry
122835830,1595271,lt,Chalandrey
122835907,1595272,lt,Chalandray
122836061,1595274,lt,Chalancon
122836138,1595275,lt,Chalancey
122836292,1595277,lt,Chalampé
122836369,1595278,lt,Chalamont
122836446,1595279,lt,Chalais
122836523,1595280,lt,Chalais
122836600,1595281,lt,Chalais
122836677,1595282,lt,Chalain-le-Comtal
122836754,1595283,lt,Chalaines
122836831,1595284,lt,Chalain-d'Uzore
122836908,1595285,lt,Chalagnac
122836985,1595286,lt,Chalabre
122837062,1595287,lt,Chaix
122837216,1595289,lt,Chaise-Dieu-du-Theil
122837293,1595290,lt,Chaintrix-Bierges
122837370,1595291,lt,Chaintreaux
122837601,1595294,lt,Chaintre
122837755,1595296,lt,Chaingy
122837909,1595298,lt,Chainee-des-Coupis
122837986,1595299,lt,Chainaz-les-Frasses
122838063,1595300,lt,Chailly-sur-Armancon
122838140,1595301,lt,Chailly-les-Ennery
122838217,1595302,lt,Chailly-en-Gatinais
122838294,1595303,lt,Chailly-en-Brie
122838371,1595304,lt,Chailly-en-Biere
122838525,1595306,lt,Chailloue
122838602,1595307,lt,Chaillon
122838833,1595310,lt,Chailley
122838910,1595311,lt,Chaillevois
122838987,1595312,lt,Chaillevette
122839218,1595315,lt,Chailles
122839372,1595317,lt,Chaillé-les-Marais
122839526,1595319,lt,Chailland
122839680,1595321,lt,Chaillac-sur-Vienne
122839757,1595322,lt,Chaillac
122839834,1595323,lt,Chail
122839988,1595325,lt,Chaignes
122840065,1595326,lt,Chaignay
122840219,1595328,lt,Chahains
122840296,1595329,lt,Chahaignes
122840450,1595331,lt,Chagny
122840527,1595332,lt,Chagny
122840604,1595333,lt,Chagnon
122840681,1595334,lt,Chagey
122840758,1595335,lt,Chaffois
122840835,1595336,lt,Le Chaffaut-Saint-Jurson
122840989,1595338,lt,Chadurie
122841066,1595339,lt,Chadron
122841220,1595341,lt,Chadrac
122841759,1595348,lt,Chadenet
122841836,1595349,lt,Chadenac
122841990,1595351,lt,Chadeleuf
122842298,1595355,lt,Chacrise
122842452,1595357,lt,Chacenay
122842529,1595358,lt,Chace
122842760,1595361,lt,Chabris
122842837,1595362,lt,Chabrillan
122842914,1595363,lt,Chabrignac
122843299,1595368,lt,Chabreloche
122843453,1595370,lt,Chabrac
122843530,1595371,lt,Chabournay
122843684,1595373,lt,Chabottes
122843761,1595374,lt,Chabons
122843992,1595377,lt,Chablis
122844377,1595382,lt,Chabeuil
122844608,1595385,lt,Chabestanas
122844685,1595386,lt,Chabenet
122845532,1595397,lt,Chabanais
122845686,1595399,lt,Cézy
122845763,1595400,lt,Cezia
122845994,1595403,lt,Cezens
122846071,1595404,lt,Cezay
122846225,1595406,lt,Cezan
122846302,1595407,lt,Cezac
122846379,1595408,lt,Cezac
122846456,1595409,lt,Ceyzerieu
122846533,1595410,lt,Ceyzériat
122846610,1595411,lt,Ceyssat
122846687,1595412,lt,Ceyssat
122846764,1595413,lt,Ceyssac
122846841,1595414,lt,Ceyroux
122846918,1595415,lt,Ceyreste
122846995,1595416,lt,Ceyrat
122847380,1595421,lt,Cevins
122847457,1595422,lt,Cette-Eygun
122847534,1595423,lt,Ceton
122847765,1595426,lt,Cestayrols
122847842,1595427,lt,Cestas
122847919,1595428,lt,Cessy-les-Bois
122847996,1595429,lt,Cessy
122848073,1595430,lt,Cessoy-en-Montois
122848150,1595431,lt,Cesson-Sévigné
122848227,1595432,lt,Cesson
122848381,1595434,lt,Cessieu
122848458,1595435,lt,Cessières
122848535,1595436,lt,Cessey-sur-Tille
122848766,1595439,lt,Cessey
122848843,1595440,lt,Cesseville
122848920,1595441,lt,Cesset
122848997,1595442,lt,Cesseras
122849151,1595444,lt,Cessenon-sur-Orb
122849305,1595446,lt,Cesseins
122849382,1595447,lt,Cesse
122849459,1595448,lt,Cessales
122849613,1595450,lt,Cessac
122849767,1595452,lt,Cesny-Bois-Halbout
122849844,1595453,lt,Cesny-aux-Vignes
122849921,1595454,lt,Cescau
122849998,1595455,lt,Cescau
122850075,1595456,lt,Cesarville-Dossainville
122850152,1595457,lt,Cesarchesas
122850383,1595460,lt,Cesancey
122850537,1595462,lt,Cerzat
122850614,1595463,lt,Cervon
122850691,1595464,lt,Cervione
122850768,1595465,lt,Cervilis
122850845,1595466,lt,Cervieres
122850922,1595467,lt,Cervieres
122851076,1595469,lt,Cervens
122851307,1595472,lt,Certines
122851384,1595473,lt,Certilleux
122851615,1595476,lt,Cersot
122851692,1595477,lt,Cerseuil
122851769,1595478,lt,Cersay
122851846,1595479,lt,Cers
122851923,1595480,lt,Cerre-lès-Noroy
122852000,1595481,lt,Cerqueux
122852231,1595484,lt,Cerons
122852308,1595485,lt,Cerons
122852462,1595487,lt,Cerny-les-Bucy
122852539,1595488,lt,Cerny-en-Laonnois
122852616,1595489,lt,Cerny
122852693,1595490,lt,Cernusson
122852770,1595491,lt,Cernoy-en-Berry
122852847,1595492,lt,Cernoy
122852924,1595493,lt,Cernon
122853001,1595494,lt,Cernon
122853232,1595497,lt,Cernion
122853309,1595498,lt,Cerniebaud
122853386,1595499,lt,Cernex
122853463,1595500,lt,Cerneux
122853540,1595501,lt,Cernay-les-Reims
122853617,1595502,lt,Cernay-l'Eglise
122853694,1595503,lt,Cernay-la-Ville
122853771,1595504,lt,Cernay-en-Dormois
122853848,1595505,lt,Cernay
122853925,1595506,lt,Cernay
122854002,1595507,lt,Cernay
122854156,1595509,lt,Cernay
122854233,1595510,lt,Cernans
122854387,1595512,lt,Cerizy
122854464,1595513,lt,Cerizols
122854541,1595514,lt,Cerisieres
122854618,1595515,lt,Cerizay
122854695,1595516,lt,Cerisy-la-Salle
122854772,1595517,lt,Cerisy-la-Foret
122854849,1595518,lt,Cerisy
122854926,1595519,lt,Cerisy-Bulex
122855003,1595520,lt,Cerisiers
122855080,1595521,lt,Cerisy-Belle-Etoile
122855157,1595522,lt,Cerise
122855388,1595525,lt,Cerilly
122855465,1595526,lt,Cerilly
122855542,1595527,lt,Cerilly
122855696,1595529,lt,Cergy
122855773,1595530,lt,Cerfontaine
122855850,1595531,lt,Céret
122855927,1595532,lt,Cereste
122856081,1595534,lt,Cerences
122856158,1595535,lt,Cerelles
122856235,1595536,lt,Cere-la-Ronde
122856389,1595538,lt,Cere
122856466,1595539,lt,Cerdon
122856543,1595540,lt,Cerdon
122856620,1595541,lt,Cercy-la-Tour
122856697,1595542,lt,Cercy
122856774,1595543,lt,Cercoux
122856851,1595544,lt,Cercottes
122856928,1595545,lt,Cercles
122857005,1595546,lt,Cercier
122857082,1595547,lt,Cercie
122857236,1595549,lt,Cerbois
122857313,1595550,lt,Cerbère
122857544,1595553,lt,Cerans-Fulletourte
122857621,1595554,lt,Ceran
122857775,1595556,lt,Cepoy
122857852,1595557,lt,Cepie
122857929,1595558,lt,Cepet
122858006,1595559,lt,Cenves
122858083,1595560,lt,Centuri
122858237,1595562,lt,Centres
122858314,1595563,lt,Censy
122858391,1595564,lt,Censerey
122858468,1595565,lt,Censeau
122858622,1595567,lt,Cenon-sur-Vienne
122858699,1595568,lt,Cenon
122858853,1595570,lt,Cenne-Monesties
122858930,1595571,lt,Cenevieres
122859007,1595572,lt,Cendrieux
122859084,1595573,lt,Cendrey
122859161,1595574,lt,Cendrecourt
122859238,1595575,lt,Cendras
122859315,1595576,lt,Cenans
122859469,1595578,lt,Cenac
122859623,1595580,lt,Cenac
122859700,1595581,lt,Cempuis
122859777,1595582,lt,Cemboing
122859854,1595583,lt,Cely
122859931,1595584,lt,Celsoy
122860085,1595586,lt,Celoux
122860239,1595588,lt,Celon
122860316,1595589,lt,Cellule
122860470,1595591,lt,Cellieu
122860701,1595594,lt,Cellier-du-Luc
122860778,1595595,lt,Cellettes
122860855,1595596,lt,Cellettes
122860932,1595597,lt,Celles-sur-Plaine
122861009,1595598,lt,Celles-sur-Ource
122861086,1595599,lt,Celles-sur-Durolle
122861163,1595600,lt,Celles-sur-Belle
122861240,1595601,lt,Celles-sur-Aisne
122861317,1595602,lt,Celles-les-Conde
122861394,1595603,lt,Celles-en-Bassigny
122861471,1595604,lt,Celles
122861548,1595605,lt,Celles
122861625,1595606,lt,Celles
122861779,1595608,lt,Celles
122861933,1595610,lt,Celle-Lévescault
122862010,1595611,lt,Cellefrouin
122862087,1595612,lt,Cellé
122862549,1595618,lt,Ceintrey
122862626,1595619,lt,Ceilloux
122862780,1595621,lt,Ceillac
122862857,1595622,lt,Ceilhes-et-Rocozels
122862934,1595623,lt,Ceignes
122863011,1595624,lt,Ceffonds
122863242,1595627,lt,Cébazat
122863319,1595628,lt,Cebazan
122863396,1595629,lt,Ceaux-en-Loudun
122863473,1595630,lt,Ceaux-en-Couhe
122863550,1595631,lt,Ceaux-d'Allegre
122863627,1595632,lt,Ceaux
122863858,1595635,lt,Ceaulmont
122863935,1595636,lt,Ceauce
122864012,1595637,lt,Cazouls-lès-Béziers
122864089,1595638,lt,Cazouls-d'Herault
122864166,1595639,lt,Cazoulès
122864320,1595641,lt,Cazillac
122864397,1595642,lt,Cazilhac
122864474,1595643,lt,Cazilhac
122864551,1595644,lt,Cazideroque
122864628,1595645,lt,Cazevieille
122864705,1595646,lt,Cazes-Mondenard
122864782,1595647,lt,Cazeres-sur-l'Adour
122864859,1595648,lt,Cazeres
122864936,1595649,lt,Cazeneuve-Montaut
122865013,1595650,lt,Cazeneuve
122865090,1595651,lt,Cazenave-Serres-et-Allens
122865321,1595654,lt,Cazedarnes
122865398,1595655,lt,Cazeaux-de-Larboust
122865475,1595656,lt,Cazavet
122865552,1595657,lt,Cazaux-Villecomtal
122865629,1595658,lt,Cazaux-Saves
122865706,1595659,lt,Cazaux-Layrisse
122865937,1595662,lt,Cazaux-d'Angles
122866168,1595665,lt,Cazaunous
122866245,1595666,lt,Cazaugitat
122866322,1595667,lt,Cazaubon
122866399,1595668,lt,Chaat
122866476,1595669,lt,Cazaril-Tamboures
122866861,1595674,lt,Cazals
122866938,1595675,lt,Cazals
122867015,1595676,lt,Cazalrenoux
122867169,1595678,lt,Cazalis
122867246,1595679,lt,Cazalis
122867477,1595682,lt,Cayrols
122867554,1595683,lt,Cayriech
122867631,1595684,lt,Cayres
122867708,1595685,lt,Caracol
122867785,1595686,lt,Caylus
122867862,1595687,lt,Cayeux-sur-Mer
122867939,1595688,lt,Cayeux-en-Santerre
122868093,1595690,lt,Cavron-Saint-Martin
122868247,1595692,lt,Cavillon
122868324,1595693,lt,Cavillargues
122868478,1595695,lt,Cavigny
122868555,1595696,lt,Cavignac
122868632,1595697,lt,Caves
122868709,1595698,lt,Caveirac
122868940,1595701,lt,Avar
122869017,1595702,lt,Cavanac
122869094,1595703,lt,Cavan
122869479,1595708,lt,Cavalaire-sur-Mer
122869556,1595709,lt,Cavaillon
122869633,1595710,lt,Cavagnac
122869787,1595712,lt,Cauzac le Vieux
122869864,1595713,lt,Caux-et-Sauzens
122870172,1595717,lt,Caux
122870249,1595718,lt,Cauville-sur-Mer
122870326,1595719,lt,Cauville
122870403,1595720,lt,Cauvigny
122870480,1595721,lt,Cauvignac
122870557,1595722,lt,Cauvicourt
122870634,1595723,lt,Cauverville-en-Roumois
122870788,1595725,lt,Cauterets
122870865,1595726,lt,Cavuskoeyue
122870942,1595727,lt,Caussiniojouls
122871019,1595728,lt,Causses-et-Veyran
122871173,1595730,lt,Caussens
122871250,1595731,lt,Causse-de-la-Selle
122871404,1595733,lt,Caussade-Riviere
122871481,1595734,lt,Caussade
122871558,1595735,lt,Cause-de-Clérans
122871712,1595737,lt,Cauroy-lès-Hermonville
122871789,1595738,lt,Cauroy
122871866,1595739,lt,Cauroir
122871943,1595740,lt,Cauro
122872097,1595742,lt,Caurel
122872174,1595743,lt,Caurel
122872251,1595744,lt,Caupenne-d'Armagnac
122872328,1595745,lt,Caupenne
122872559,1595748,lt,Caunes-Minervois
122872636,1595749,lt,Cauneille
122872713,1595750,lt,Al `Unayb
122872790,1595751,lt,Cauna
122872867,1595752,lt,Caumont-sur-Orne
122872944,1595753,lt,Caumont-sur-Garonne
122873021,1595754,lt,Caumont-sur-Durance
122873098,1595755,lt,Caumont-l'Evente
122873175,1595756,lt,Caumont
122873329,1595758,lt,Caumont
122873406,1595759,lt,Caumont
122873483,1595760,lt,Caumont
122873560,1595761,lt,Caumont
122873637,1595762,lt,Caumont
122873714,1595763,lt,Caumont
122873945,1595766,lt,Caulnes
122874022,1595767,lt,Caullery
122874099,1595768,lt,Caulieres
122874176,1595769,lt,Caulaincourt
122874253,1595770,lt,Chau GJoc
122874330,1595771,lt,Cauge
122874407,1595772,lt,Cauffry
122874484,1595773,lt,Caudry
122874561,1595774,lt,Caudrot
122874638,1595775,lt,Caudies-de-Fenouilledes
122874792,1595777,lt,Caudeval
122874946,1595779,lt,Caudecoste
122875023,1595780,lt,Caudebronde
122875177,1595782,lt,Caudebec-les-Elbeuf
122875254,1595783,lt,Caudebec-en-Caux
122875331,1595784,lt,Caudan
122875408,1595785,lt,Caucourt
122875485,1595786,lt,Cauchy-a-la-Tour
122875562,1595787,lt,Caucalières
122875793,1595790,lt,Caubon-Saint-Sauveur
122875870,1595791,lt,Caubios-Loos
122875947,1595792,lt,Caubiac
122876024,1595793,lt,Caubeyres
122876178,1595795,lt,Catz
122876332,1595797,lt,Catus
122876563,1595800,lt,Catteville
122876640,1595801,lt,Cattenom
122876717,1595802,lt,Cattenières
122876871,1595804,lt,Catonvielle
122877025,1595806,lt,Catllar
122877102,1595807,lt,Catillon-sur-Sambre
122877179,1595808,lt,Catillon-Fumechon
122877333,1595810,lt,Catigny
122877410,1595811,lt,Catheux
122877564,1595813,lt,Cateri
122877718,1595815,lt,Catenoy
122877795,1595816,lt,Catenay
122877949,1595818,lt,Castries
122878026,1595819,lt,Castres-Gironde
122878103,1595820,lt,Castres
122878180,1595821,lt,Castres
122878257,1595822,lt,Castres
122878334,1595823,lt,Castirla
122878411,1595824,lt,Castineta
122878488,1595825,lt,Castin
122878565,1595826,lt,Castilly
122878642,1595827,lt,Castillon-Saves
122878719,1595828,lt,Castillonnes
122878796,1595829,lt,Castillon-Massas
122878873,1595830,lt,Castillon-la-Bataille
122878950,1595831,lt,Castillon-en-Couserans
122879027,1595832,lt,Castillon-en-Auge
122879104,1595833,lt,Castillon-du-Gard
122879181,1595834,lt,Castillon-de-Saint-Martory
122879258,1595835,lt,Castillon-de-Larboust
122879412,1595837,lt,Castillon-de-Castets
122879489,1595838,lt,Castillon-Debats
122879566,1595839,lt,Castillon
122879643,1595840,lt,Castillon
122879874,1595843,lt,Castillon
122880028,1595845,lt,Castifao
122880105,1595846,lt,Casties-Labrande
122880182,1595847,lt,Castex-d'Armagnac
122880259,1595848,lt,Castex
122880336,1595849,lt,Castex
122880413,1595850,lt,Castets-en-Dorthe
122880490,1595851,lt,Kastetos
122880567,1595852,lt,Castetpugon
122880644,1595853,lt,Castetner
122880721,1595854,lt,Castetnau-Camblong
122880798,1595855,lt,Castétis
122880875,1595856,lt,Castetbon
122880952,1595857,lt,Castet-Arrouy
122881029,1595858,lt,Castets
122881106,1595859,lt,Casteron
122881260,1595861,lt,Castera-Vignoles
122881337,1595862,lt,Castera-Verduzan
122881414,1595863,lt,Castera-Bouzet
122881568,1595865,lt,Castéra-Loubix
122881645,1595866,lt,Castera-Lou
122881722,1595867,lt,Castera-Lectourois
122881876,1595869,lt,Castelviel
122881953,1595870,lt,Castelvieilh
122882107,1595872,lt,Castel-Sarrazin
122882184,1595873,lt,Castelsarrasin
122882261,1595874,lt,Castelsagrat
122882338,1595875,lt,Castels
122882415,1595876,lt,Castelreng
122882569,1595878,lt,Castelnou
122882646,1595879,lt,Castelner
122882723,1595880,lt,Castelnavet
122882800,1595881,lt,Castelnau-Tursan
122882877,1595882,lt,Castelnau-sur-l'Auvignon
122882954,1595883,lt,Castelnau-sur-Gupie
122883031,1595884,lt,Castelnau-Rivière-Basse
122883108,1595885,lt,Castelnau-Picampeau
122883185,1595886,lt,Castelnau-Pegayrols
122883262,1595887,lt,Castelnau-Magnoac
122883339,1595888,lt,Castelnau-le-Lez
122883416,1595889,lt,Kastelnau-Durbanas
122883493,1595890,lt,Castelnaud-la-Chapelle
122883570,1595891,lt,Kastelnau-d'Estretefonds
122883647,1595892,lt,Castelnau-Montratier
122883724,1595893,lt,Castelnau-de-Montmiral
122883801,1595894,lt,Kastelnau de Medokas
122883878,1595895,lt,Castelnau-de-Mandailles
122883955,1595896,lt,Kastelnau-de-Levis
122884032,1595897,lt,Castelnau-de-Guers
122884109,1595898,lt,Castelnau-de-Brassac
122884186,1595899,lt,Kastelnaud-de-Gratecambe
122884340,1595901,lt,Castelnau-d'Aude
122884417,1595902,lt,Castelnaudary
122884494,1595903,lt,Castelnau-d'Arbieu
122884571,1595904,lt,Castelnau-d'Angles
122884648,1595905,lt,Castelnau-Chalosse
122884725,1595906,lt,Castelnau-Barbarens
122884956,1595909,lt,Kastelmoronas prie Lotas
122885033,1595910,lt,Castelmoron-d'Albret
122885110,1595911,lt,Castelmayran
122885187,1595912,lt,Castelmary
122885264,1595913,lt,Castello-di-Rostino
122885341,1595914,lt,Val-de-Chalvagne
122885418,1595915,lt,Castellet-lès-Sausses
122885495,1595916,lt,Castellet-en-Luberon
122885649,1595918,lt,Castellare-di-Casinca
122885726,1595919,lt,Castellar
122885803,1595920,lt,Kastelanas
122885880,1595921,lt,Castella
122886034,1595923,lt,Casteljaloux
122886111,1595924,lt,Castelginest
122886188,1595925,lt,Castelgaillard
122886265,1595926,lt,Castelfranc
122886342,1595927,lt,Castelculier
122886419,1595928,lt,Castelbiague
122886496,1595929,lt,Castelbajac
122886727,1595932,lt,Casteil
122886804,1595933,lt,Casteide-Doat
122886881,1595934,lt,Casteide-Candau
122886958,1595935,lt,Casteide-Cami
122887035,1595936,lt,Castans
122887420,1595941,lt,Castanet-Tolosan
122887497,1595942,lt,Castanet-le-Haut
122887574,1595943,lt,Castanet
122887651,1595944,lt,Castanet
122887728,1595945,lt,Castanet
122887805,1595946,lt,Castandet
122887882,1595947,lt,Castaignos-Souslens
122888113,1595950,lt,Castagniers
122888190,1595951,lt,Castagnede
122888267,1595952,lt,Castagnede
122888344,1595953,lt,Castagnac
122888498,1595955,lt,Cast
122888652,1595957,lt,Cassuejouls
122888729,1595958,lt,Casson
122888806,1595959,lt,Kasis
122888883,1595960,lt,Cassignas
122888960,1595961,lt,Casseuil
122889037,1595962,lt,Casseneuil
122889114,1595963,lt,Cassen
122889191,1595964,lt,Cassel
122889345,1595966,lt,Cassano
122889422,1595967,lt,Cassaniouze
122889499,1595968,lt,Cassaignes
122889576,1595969,lt,Cassaigne
122889653,1595970,lt,Cassagnoles
122889730,1595971,lt,Cassagnoles
122889807,1595972,lt,Cassagnes-Bégonhès
122889884,1595973,lt,Cassagnes
122889961,1595974,lt,Cassagnes
122890038,1595975,lt,Cassagne
122890115,1595976,lt,Cassagnas
122890192,1595977,lt,Cassagnabere-Tournas
122890269,1595978,lt,Cassaber
122890577,1595982,lt,Casevecchie
122890654,1595983,lt,Cases-de-Pene
122890731,1595984,lt,Caseneuve
122890885,1595986,lt,Cascastel-des-Corbières
122891193,1595990,lt,Casanova
122891424,1595993,lt,Casamaccioli
122891578,1595995,lt,Casalabriva
122891655,1595996,lt,Casaglione
122891886,1595999,lt,Casabianca
122892040,1596001,lt,Carvin
122892117,1596002,lt,Carville-Pot-de-Fer
122892194,1596003,lt,Carville-la-Folletiere
122892271,1596004,lt,Carville
122892348,1596005,lt,Carves
122892425,1596006,lt,Cartigny-l'Epinay
122892502,1596007,lt,Cartigny
122892579,1596008,lt,Cartignies
122892887,1596012,lt,Cartelegue
122893041,1596014,lt,Carspach
122893118,1596015,lt,Carsix
122893195,1596016,lt,Carsan
122893272,1596017,lt,Carsac-de-Gurson
122893349,1596018,lt,Carsac-Aillac
122893426,1596019,lt,Cars
122893503,1596020,lt,Carry-le-Rouet
122893580,1596021,lt,Carrouges
122893657,1596022,lt,Carros
122893888,1596025,lt,Carros
122893965,1596026,lt,Carrieres-sur-Seine
122894042,1596027,lt,Carrieres-sous-Poissy
122894119,1596028,lt,Carresse-Cassaber
122894196,1596029,lt,Carrere
122894273,1596030,lt,Carrepuis
122894350,1596031,lt,Carquieranne
122894427,1596032,lt,Carquefou
122894504,1596033,lt,Carquebut
122894581,1596034,lt,Carpiquet
122894735,1596036,lt,Carpentras
122895043,1596040,lt,Caromb
122895120,1596041,lt,Carolles
122895274,1596043,lt,Caro
122895351,1596044,lt,Caro
122895428,1596045,lt,Carnoy
122895582,1596047,lt,Carnoules
122895736,1596049,lt,Carnoët
122895890,1596051,lt,Carnin
122895967,1596052,lt,Carnieres
122896044,1596053,lt,Carneville
122896198,1596055,lt,Carnetin
122896275,1596056,lt,Carnet
122896429,1596058,lt,Carnas
122896506,1596059,lt,Carnac
122896583,1596060,lt,Carnac
122896891,1596064,lt,Carmaux
122897122,1596067,lt,Carly
122897199,1596068,lt,Carlux
122897276,1596069,lt,Carlus
122897353,1596070,lt,Carlucet
122897430,1596071,lt,Carlipa
122897507,1596072,lt,Carling
122897584,1596073,lt,Carlepont
122897661,1596074,lt,Carlencas-et-Levas
122897738,1596075,lt,Carlat
122897815,1596076,lt,Carla-de-Roquefort
122897892,1596077,lt,Carla-Bayle
122898046,1596079,lt,Carisey
122898123,1596080,lt,Carignan
122898200,1596081,lt,Carignan-de-Bordeaux
122898354,1596083,lt,Carhaix-Plouguer
122898431,1596084,lt,Cargiaca
122898508,1596085,lt,Cargèse
122898662,1596087,lt,Carentoir
122898739,1596088,lt,Carentan
122898816,1596089,lt,Carennac
122898893,1596090,lt,Carency
122898970,1596091,lt,Carelles
122899124,1596093,lt,Cardroc
122899278,1596095,lt,Cardonville
122899355,1596096,lt,Cardonnette
122899663,1596100,lt,Cardet
122899740,1596101,lt,Cardesse
122899817,1596102,lt,Cardeilhac
122899894,1596103,lt,Cardan
122899971,1596104,lt,Cardaillac
122900279,1596108,lt,Carcès
122900356,1596109,lt,Carcen-Ponson
122900433,1596110,lt,Carcenac-Peyralès
122900510,1596111,lt,Karkasonas
122900587,1596112,lt,Carcares-Sainte-Croix
122900664,1596113,lt,Carcans
122900818,1596115,lt,Carcagny
122900895,1596116,lt,Carbuccia
122900972,1596117,lt,Carbonne
122901049,1596118,lt,Carbon-Blanc
122901203,1596120,lt,Carbini
122901280,1596121,lt,Carbes
122901434,1596123,lt,Carbay
122901588,1596125,lt,Carayac
122901665,1596126,lt,Carantilly
122901742,1596127,lt,Carantec
122901819,1596128,lt,Caramany
122901896,1596129,lt,Karamanas
122901973,1596130,lt,Caragoudes
122902127,1596132,lt,Capvern
122902281,1596134,lt,Captieux
122902358,1596135,lt,Cappy
122902435,1596136,lt,Cappelle-la-Grand
122902512,1596137,lt,Cappelle-en-Pévèle
122902589,1596138,lt,Cappelle-Brouck
122902666,1596139,lt,Cappel
122902743,1596140,lt,Capoulet-et-Junac
122903128,1596145,lt,Caplong
122903205,1596146,lt,Capinghem
122903282,1596147,lt,Capian
122903513,1596150,lt,Capestang
122903590,1596151,lt,Capens
122903667,1596152,lt,Capendu
122903744,1596153,lt,Capdenac
122903898,1596155,lt,Capelle-lès-Hesdin
122903975,1596156,lt,Capelle-les-Grands
122904052,1596157,lt,Capelle-Fermont
122904206,1596159,lt,Capelle
122904283,1596160,lt,Capdrot
122904514,1596163,lt,Capdenac-Gare
122904591,1596164,lt,Cap-d'Ail
122904668,1596165,lt,Kapbretonas
122904745,1596166,lt,Capbis
122904899,1596168,lt,Caours
122904976,1596169,lt,Caouennec-Lanvezeac
122905053,1596170,lt,Caorches-Saint-Nicolas
122905207,1596172,lt,Cany-Barville
122905284,1596173,lt,Canville-les-Deux-Eglises
122905361,1596174,lt,Canville-la-Rocque
122905592,1596177,lt,Cantois
122905746,1596179,lt,Cantoin
122905900,1596181,lt,Cantin
122905977,1596182,lt,Cantillac
122906054,1596183,lt,Cantigny
122906131,1596184,lt,Cantiers
122906285,1596186,lt,Cantenay-Epinard
122906362,1596187,lt,Cantenac
122906516,1596189,lt,Canteloup
122906670,1596191,lt,Canteloup
122906747,1596192,lt,Canteleu
122906978,1596195,lt,Cante
122907055,1596196,lt,Cantaron
122907440,1596201,lt,Cantaing-sur-Escaut
122907594,1596203,lt,Canouville
122907748,1596205,lt,Canohès
122907825,1596206,lt,Canny-sur-Therain
122907902,1596207,lt,Canny-sur-Matz
122908056,1596209,lt,Cannet
122908133,1596210,lt,Cannessieres
122908210,1596211,lt,Cannes-Clairan
122908287,1596212,lt,Cannes-Écluse
122908364,1596213,lt,Kanai
122908518,1596215,lt,Cannectancourt
122908595,1596216,lt,Canly
122908672,1596217,lt,Canlers
122908749,1596218,lt,Canisy
122908826,1596219,lt,Canilhac
122908903,1596220,lt,Canihuel
122908980,1596221,lt,Caniac-du-Causse
122909057,1596222,lt,Cangey
122909134,1596223,lt,Canettemont
122909288,1596225,lt,Canet-de-Salars
122909365,1596226,lt,Canet
122909442,1596227,lt,Canet
122909519,1596228,lt,Canet-en-Roussillon
122909596,1596229,lt,Canenx-et-Reaut
122909673,1596230,lt,Canens
122909827,1596232,lt,Canéjan
122909904,1596233,lt,Canehan
122909981,1596234,lt,Candresse
122910135,1596236,lt,Candor
122910212,1596237,lt,Candillarguesas
122910289,1596238,lt,Candé-sur-Beuvron
122910366,1596239,lt,Candes-Saint-Martin
122910443,1596240,lt,Candé
122910520,1596241,lt,Candas
122910751,1596244,lt,Cancon
122910828,1596245,lt,Canchy
122910982,1596247,lt,Canchy
122911213,1596250,lt,Cancale
122911290,1596251,lt,Canaveilles
122911367,1596252,lt,Canavaggia
122911444,1596253,lt,Canaules-et-Argentieres
122911521,1596254,lt,Canari
122911598,1596255,lt,Canapville
122911675,1596256,lt,Canapville
122911752,1596257,lt,Canappeville
122911829,1596258,lt,Canaples
122911906,1596259,lt,Canals
122911983,1596260,lt,Canale-di-Verde
122912522,1596267,lt,Camurac
122912599,1596268,lt,Campuzan
122912676,1596269,lt,Campugnan
122912753,1596270,lt,Campuac
122912830,1596271,lt,Camps-sur-l'Agly
122912907,1596272,lt,Camps-la-Source
122913061,1596274,lt,Camps-en-Amienois
122913138,1596275,lt,Campsegret
122913292,1596277,lt,Campsas
122913446,1596279,lt,Camps-sur-l'Isle
122913600,1596281,lt,Camprond
122913831,1596284,lt,Campremy
122913985,1596286,lt,Campouriez
122914062,1596287,lt,Campomoro
122914139,1596288,lt,Campome
122914524,1596293,lt,Campo
122914601,1596294,lt,Campneuseville
122914678,1596295,lt,Camplong-d'Aude
122914755,1596296,lt,Camplong
122914909,1596298,lt,Campitello
122914986,1596299,lt,Campistrous
122915140,1596301,lt,Campile
122915217,1596302,lt,Campigny
122915294,1596303,lt,Campigny
122915371,1596304,lt,Campigneulles-les-Petites
122915448,1596305,lt,Campigneulles-les-Grandes
122915602,1596307,lt,Camphin-en-Pevele
122915679,1596308,lt,Camphin-en-Carembault
122915833,1596310,lt,Campet-et-Lamolere
122916064,1596313,lt,Campes
122916141,1596314,lt,Campénéac
122916218,1596315,lt,Campel
122916295,1596316,lt,Campeaux
122916372,1596317,lt,Campeaux
122916757,1596322,lt,Campbon
122916911,1596324,lt,Camparan
122917142,1596327,lt,Campandre-Valcongrain
122917296,1596329,lt,Campan
122917373,1596330,lt,Campagnolles
122917604,1596333,lt,Campagne-sur-Aude
122917681,1596334,lt,Campagne-sur-Arize
122917758,1596335,lt,Campagne-les-Wardrecques
122917835,1596336,lt,Campagne-les-Hesdin
122917912,1596337,lt,Campagne-les-Guines
122917989,1596338,lt,Campagne-les-Boulonnais
122918066,1596339,lt,Campagne-d'Armagnac
122918220,1596341,lt,Campagne
122918297,1596342,lt,Campagne
122918374,1596343,lt,Campagne
122918451,1596344,lt,Campagne
122918528,1596345,lt,Campagnan
122918682,1596347,lt,Campagnac-lès-Quercy
122918759,1596348,lt,Campagnac
122918836,1596349,lt,Campagnac
122919067,1596352,lt,Camou
122919144,1596353,lt,Camors
122919221,1596354,lt,Camon
122919298,1596355,lt,Camon
122919375,1596356,lt,Camoel
122919529,1596358,lt,Camlez
122919606,1596359,lt,Camjac
122919683,1596360,lt,Camiran
122919837,1596362,lt,Camiers
122919914,1596363,lt,Camiac-et-Saint-Denis
122920068,1596365,lt,Cametours
122920299,1596368,lt,Camembert
122920376,1596369,lt,Camelas
122920453,1596370,lt,Came
122920530,1596371,lt,Camburat
122920607,1596372,lt,Cambronne-les-Ribecourt
122920684,1596373,lt,Cambronne-les-Clermont
122920761,1596374,lt,Cambron
122920838,1596375,lt,Cambrin
122920915,1596376,lt,Cambremer
122920992,1596377,lt,Kambrė
122921069,1596378,lt,Cambounet-sur-le-Sor
122921146,1596379,lt,Cambounès
122921223,1596380,lt,Camboulit
122921300,1596381,lt,Camboulazet
122921531,1596384,lt,Cambon
122921608,1596385,lt,Cambon
122921685,1596386,lt,Cambon-les-Lavaur
122921762,1596387,lt,Cambo-les-Bains
122921916,1596389,lt,Cambligneul
122921993,1596390,lt,Camblanes-et-Meynac
122922070,1596391,lt,Camblain-l'Abbe
122922147,1596392,lt,Camblain-Chatelain
122922224,1596393,lt,Cambieure
122922378,1596395,lt,Cambiac
122922455,1596396,lt,Cambia
122922532,1596397,lt,Cambes-en-Plaine
122922609,1596398,lt,Cambes
122922686,1596399,lt,Cambes
122922763,1596400,lt,Cambes
122922917,1596402,lt,Cambernon
122922994,1596403,lt,Cambernard
122923148,1596405,lt,Cambayrac
122923225,1596406,lt,Camarsac
122923379,1596408,lt,Camaret-sur-Mer
122923456,1596409,lt,Camaret-sur-Aigues
122923533,1596410,lt,Camarès
122923610,1596411,lt,Al Ma`rad
122923764,1596413,lt,Camalès
122924072,1596417,lt,Calvisson
122924149,1596418,lt,Calvinet
122924226,1596419,lt,Calvignac
122924380,1596421,lt,Calviac
122924457,1596422,lt,Calviac-en-Périgord
122924611,1596424,lt,Calvi
122924765,1596426,lt,Caluire-et-Cuire
122924842,1596427,lt,Calonne-sur-la-Lys
122924919,1596428,lt,Calonne-Ricouart
122924996,1596429,lt,Calonges
122925073,1596430,lt,Caloire
122925150,1596431,lt,Calmoutier
122925304,1596433,lt,Calmont
122925381,1596434,lt,Calmont
122925458,1596435,lt,Calmels-et-le-Viala
122925689,1596438,lt,Callian
122925766,1596439,lt,Callian
122925843,1596440,lt,Calleville-les-Deux-Eglises
122925920,1596441,lt,Calleville
122925997,1596442,lt,Callen
122926074,1596443,lt,Callas
122926151,1596444,lt,Callac
122926382,1596447,lt,Caligny
122926459,1596448,lt,Calignac
122926613,1596450,lt,Cales
122926690,1596451,lt,Cales
122926767,1596452,lt,Calenzana
122926998,1596455,lt,Calce
122927075,1596456,lt,Calcatoggio
122927152,1596457,lt,Calavante
122927460,1596461,lt,Calanhel
122927537,1596462,lt,Calan
122927614,1596463,lt,Calamane
122927691,1596464,lt,Kalė
122927922,1596467,lt,Calacuccia
122927999,1596468,lt,Cajarc
122928076,1596469,lt,Caixon
122928153,1596470,lt,Caixas
122928230,1596471,lt,Caix
122928384,1596473,lt,Caissargues
122928461,1596474,lt,Caisnes
122928538,1596475,lt,Cairon
122928615,1596476,lt,Cairanne
122928692,1596477,lt,Cailly-sur-Eure
122928769,1596478,lt,Cailly
122928846,1596479,lt,Cailloux-sur-Fontaines
122928923,1596480,lt,Caillouet-Orgeville
122929000,1596481,lt,Caillouël-Crépigny
122929154,1596483,lt,Cailleville
122929231,1596484,lt,Caille
122929308,1596485,lt,Caillavet
122929770,1596491,lt,Caillac
122929847,1596492,lt,Cailla
122929924,1596493,lt,Cailhavel
122930001,1596494,lt,Cailhau
122930078,1596495,lt,Caignac
122930155,1596496,lt,Cuhuzac-sur-Vere
122930232,1596497,lt,Cahuzac
122930309,1596498,lt,Cahuzac-sur-Adour
122930386,1596499,lt,Cahuzac
122930540,1596501,lt,Cahus
122930617,1596502,lt,Cahors
122930694,1596503,lt,Cahon
122931002,1596507,lt,Cahan
122931079,1596508,lt,Cahaignes
122931156,1596509,lt,Cahagnolles
122931233,1596510,lt,Cahagnes
122931310,1596511,lt,Cagny
122931387,1596512,lt,Cagny
122931464,1596513,lt,Cagnotte
122931541,1596514,lt,Cagnoncles
122931618,1596515,lt,Cagnicourt
122931695,1596516,lt,Cagnes-sur-Mer
122931772,1596517,lt,Cagnac-les-Mines
122931849,1596518,lt,Caffiers
122931926,1596519,lt,Caestre
122932157,1596522,lt,Kanas
122932311,1596524,lt,Cadrieu
122932388,1596525,lt,Cadours
122932465,1596526,lt,Cadouin
122932542,1596527,lt,Cadolive
122932619,1596528,lt,Cadix
122932696,1596529,lt,Cadillon
122932773,1596530,lt,Cadillac-en-Fronsadais
122932850,1596531,lt,Cadillac
122932927,1596532,lt,Caderousse
122933081,1596534,lt,Cadenet
122933158,1596535,lt,Caden
122933235,1596536,lt,Cademène
122933312,1596537,lt,Cadeillan
122933389,1596538,lt,Cadeilhan-Trachere
122933466,1596539,lt,Cadeilhan
122933543,1596540,lt,Cadeac
122933697,1596542,lt,Cadaujac
122933774,1596543,lt,Cadarsac
122933928,1596545,lt,Cadarcet
122934005,1596546,lt,Cadalen
122934082,1596547,lt,Cachy
122934159,1596548,lt,Cachen
122934236,1596549,lt,Cachan
122934621,1596554,lt,Cabris
122934698,1596555,lt,Cabriès
122934775,1596556,lt,Cabrieres-d'Avignon
122934852,1596557,lt,Cabrières-d'Aigues
122934929,1596558,lt,Cabrieres
122935006,1596559,lt,Cabrieres
122935237,1596562,lt,Cabrespine
122935314,1596563,lt,Cabrerolles
122935391,1596564,lt,Cabrerets
122935468,1596565,lt,Cabourg
122935622,1596567,lt,Cabidos
122935776,1596569,lt,Cabestany
122935930,1596571,lt,Cabasse
122936084,1596573,lt,Cabariot
122936161,1596574,lt,Cabara
122936315,1596576,lt,Cabannes
122936469,1596578,lt,Cabanes
122936546,1596579,lt,Cabanes
122936623,1596580,lt,Cabanac-Seguenville
122936700,1596581,lt,Cabanac-et-Villagrains
122936777,1596582,lt,Cabanac-Cazaux
122936854,1596583,lt,Cabanac
122937008,1596585,lt,Byans-sur-Doubs
122937162,1596587,lt,By
122937239,1596588,lt,Buzy-Darmont
122937393,1596590,lt,Buzy
122937547,1596592,lt,Buzon
122937624,1596593,lt,Buzignargues
122937701,1596594,lt,Buziet
122937778,1596595,lt,Buzet-sur-Tarn
122937855,1596596,lt,Buzet-sur-Baïse
122938009,1596598,lt,Buzeins
122938086,1596599,lt,Buzancy
122938163,1596600,lt,Buzancy
122938240,1596601,lt,Buzançais
122938394,1596603,lt,Buysscheure
122938548,1596605,lt,Buxy
122938625,1596606,lt,Buxieres-sur-Arce
122938702,1596607,lt,Buxieres-sous-Montaigut
122938779,1596608,lt,Buxieres-sous-les-Cotes
122938856,1596609,lt,Buxieres-les-Villiers
122938933,1596610,lt,Buxieres-les-Mines
122939164,1596613,lt,Buxières-d'Aillac
122939318,1596615,lt,Buxeuil
122939395,1596616,lt,Buxeuil
122939472,1596617,lt,Buxeuil
122939549,1596618,lt,Buxerulles
122939703,1596620,lt,Buxerolles
122939934,1596623,lt,Buvilly
122940242,1596627,lt,Butten
122940473,1596630,lt,Butteaux
122940550,1596631,lt,Butry-sur-Oise
122940627,1596632,lt,Butot-Venesville
122940704,1596633,lt,Butot
122940781,1596634,lt,Buthiers
122940858,1596635,lt,Buthiers
122940935,1596636,lt,Butgnéville
122941089,1596638,lt,Busy
122941166,1596639,lt,Buswiller
122941243,1596640,lt,Bustince-Iriberry
122941320,1596641,lt,Bustanico
122941397,1596642,lt,Bust
122941474,1596643,lt,Bussy-Saint-Martin
122941551,1596644,lt,Bussy-St-Georges
122941628,1596645,lt,Bussy-Lettree
122941705,1596646,lt,Bussy-les-Poix
122941782,1596647,lt,Bussy-les-Daours
122941859,1596648,lt,Bussy-le-Repos
122941936,1596649,lt,Bussy-le-Repos
122942013,1596650,lt,Bussy-le-Grand
122942090,1596651,lt,Bussy-le-Chateau
122942167,1596652,lt,Bussy-la-Pesle
122942244,1596653,lt,Bussy-la-Pesle
122942321,1596654,lt,Bussy-la-Cote
122942398,1596655,lt,Bussy-en-Othe
122942475,1596656,lt,Bussy-aux-Bois
122942552,1596657,lt,Bussy-Albieux
122942629,1596658,lt,Bussy
122942783,1596660,lt,Bussy
122942860,1596661,lt,Bussus-Busuel
122942937,1596662,lt,Bussurel
122943014,1596663,lt,Bussunarits-Sarrasquette
122943091,1596664,lt,Bussu
122943322,1596667,lt,Bussières-lès-Belmont
122943399,1596668,lt,Bussieres-et-Pruns
122943476,1596669,lt,Bussiere-Saint-Georges
122943553,1596670,lt,Bussieres
122943630,1596671,lt,Bussieres
122943707,1596672,lt,Bussieres
122943784,1596673,lt,Bussieres
122943861,1596674,lt,Bussieres
122943938,1596675,lt,Bussieres
122944015,1596676,lt,Bussieres
122944092,1596677,lt,Bussiere-Poitevine
122944169,1596678,lt,Bussiere-Nouvelle
122944323,1596680,lt,Bussiere-Galant
122944400,1596681,lt,Bussière-Dunoise
122944477,1596682,lt,Bussiere-Boffy
122944554,1596683,lt,Bussière-Badil
122945093,1596690,lt,Bussiares
122945324,1596693,lt,Busset
122945555,1596696,lt,Busserolles
122945709,1596698,lt,Busseol
122946094,1596703,lt,Busseaut
122946402,1596707,lt,Bussang
122946479,1596708,lt,Bus-Saint-Remy
122946556,1596709,lt,Bussac-Foret
122946633,1596710,lt,Bussac-sur-Charente
122946787,1596712,lt,Bussac
122947018,1596715,lt,Busque
122947172,1596717,lt,Busnes
122947326,1596719,lt,Busloup
122947403,1596720,lt,Bus-la-Mesiere
122947480,1596721,lt,Busigny
122947557,1596722,lt,Buschwiller
122947711,1596724,lt,Autobusas
122947788,1596725,lt,Burzy
122947865,1596726,lt,Burzet
122947942,1596727,lt,Bury
122948096,1596729,lt,Burtoncourt
122948173,1596730,lt,Burthecourt-aux-Chenes
122948250,1596731,lt,Bursard
122948404,1596733,lt,Burosse-Mendousse
122948481,1596734,lt,Buros
122948558,1596735,lt,Burnhaupt-le-Haut
122948635,1596736,lt,Burnhaupt-le-Bas
122948866,1596739,lt,Burnand
122948943,1596740,lt,Burlats
122949097,1596742,lt,Burie
122949251,1596744,lt,Burgy
122949405,1596746,lt,Burgnac
122949482,1596747,lt,Burgille
122949559,1596748,lt,Burgaronne
122949636,1596749,lt,Burgalays
122949790,1596751,lt,Burg
122949867,1596752,lt,Burey-la-Cote
122949944,1596753,lt,Burey-en-Vaux
122950021,1596754,lt,Burey
122950175,1596756,lt,Bures-sur-Yvette
122950252,1596757,lt,Bures-sur-Dives
122950329,1596758,lt,Bures-les-Monts
122950406,1596759,lt,Bures-en-Bray
122950483,1596760,lt,Bures
122950560,1596761,lt,Bures
122950637,1596762,lt,Burelles
122950714,1596763,lt,Bure-les-Templiers
122950945,1596766,lt,Bure
122951022,1596767,lt,Bure
122951099,1596768,lt,Burdignin
122951176,1596769,lt,Burdignes
122951253,1596770,lt,Burcy
122951330,1596771,lt,Burcy
122951407,1596772,lt,Burcin
122951484,1596773,lt,Burbure
122951561,1596774,lt,Burbach
122951638,1596775,lt,Buoux
122951715,1596776,lt,Bunzac
122951792,1596777,lt,Bunus
122951869,1596778,lt,Buno-Bonnevaux
122952023,1596780,lt,Buneville
122952100,1596781,lt,Buncey
122952254,1596783,lt,Bun
122952331,1596784,lt,Bult
122952408,1596785,lt,Bulson
122952562,1596787,lt,Bully-les-Mines
122952639,1596788,lt,Bully
122952716,1596789,lt,Bully
122952793,1596790,lt,Bully
122952870,1596791,lt,Bully
122952947,1596792,lt,Bullou
122953024,1596793,lt,Bullion
122953101,1596794,lt,Bulligny
122953255,1596796,lt,Bulles
122953332,1596797,lt,Bullecourt
122953409,1596798,lt,Bulle
122953486,1596799,lt,Bullainville
122953563,1596800,lt,Bulhon
122953640,1596801,lt,Bulgneville
122953717,1596802,lt,Buléon
122953794,1596803,lt,Bulcy
122953871,1596804,lt,Bulat-Pestivien
122953948,1596805,lt,Bulan
122954025,1596806,lt,Bulainville
122954102,1596807,lt,Bujaleuf
122954256,1596809,lt,Buissy
122954564,1596813,lt,Buissoncourt
122954872,1596817,lt,Buisson
122955103,1596820,lt,Buissard
122955180,1596821,lt,Buis-les-Baronnies
122955334,1596823,lt,Buironfosse
122955411,1596824,lt,Buire-sur-l'Ancre
122955488,1596825,lt,Buire-le-Sec
122955565,1596826,lt,Buire-Courcelles
122955642,1596827,lt,Buire-au-Bois
122955719,1596828,lt,Buire
122955796,1596829,lt,Buigny-Saint-Maclou
122955873,1596830,lt,Buigny-les-Gamaches
122955950,1596831,lt,Buigny-l'Abbe
122956027,1596832,lt,Buicourt
122956104,1596833,lt,Buhy
122956258,1596835,lt,Buhl-Lorraine
122956335,1596836,lt,Buhl
122956412,1596837,lt,Buhl
122956643,1596840,lt,Bubny
122956720,1596841,lt,Bugnieres
122956797,1596842,lt,Bugnicourt
122956874,1596843,lt,Bugnein
122957336,1596849,lt,Bugeat
122957490,1596851,lt,Bugard
122957567,1596852,lt,Bugarach
122957644,1596853,lt,Buffon
122957721,1596854,lt,Buffignecourt
122957798,1596855,lt,Buffieres
122957875,1596856,lt,Buffard
122957952,1596857,lt,Buethwiller
122958029,1596858,lt,Buellas
122958106,1596859,lt,Bueil
122958260,1596861,lt,Bue
122958337,1596862,lt,Budos
122958414,1596863,lt,Budling
122958491,1596864,lt,Buding
122958568,1596865,lt,Budeliere
122958722,1596867,lt,Bucy-Saint-Liphard
122958799,1596868,lt,Bucy-les-Pierrepont
122958876,1596869,lt,Bucy-les-Cerny
122958953,1596870,lt,Bucy-le-Roi
122959030,1596871,lt,Bucy-le-Long
122959107,1596872,lt,Bucquoy
122959184,1596873,lt,Bucilly
122959338,1596875,lt,Buchy
122959415,1596876,lt,Buchy
122959492,1596877,lt,Buchey
122959723,1596880,lt,Bucheres
122959800,1596881,lt,Buchelay
122959954,1596883,lt,Bucey-les-Traves
122960031,1596884,lt,Biucey-les-Gy
122960108,1596885,lt,Bucey-en-Othe
122960185,1596886,lt,Buceels
122960262,1596887,lt,Bucamps
122960339,1596888,lt,Bucak
122960416,1596889,lt,Bucak
122960493,1596890,lt,Bubry
122960724,1596893,lt,Bubertre
122960801,1596894,lt,Buanes
122960878,1596895,lt,Buais
122960955,1596896,lt,Bû
122961032,1596897,lt,Bry-sur-Marne
122961109,1596898,lt,Brias
122961186,1596899,lt,Bry
122961340,1596901,lt,Gilhac-et-Bruzac
122961417,1596902,lt,Bruz
122961571,1596904,lt,Bruyères-sur-Oise
122961648,1596905,lt,Bruyeres-sur-Fere
122961725,1596906,lt,Bruyères-le-Châtel
122961802,1596907,lt,Bruyères-et-Montberault
122962264,1596913,lt,Bruyères
122962418,1596915,lt,Brux
122962495,1596916,lt,Bruville
122962572,1596917,lt,Brutelles
122962649,1596918,lt,Brusvily
122962803,1596920,lt,Brusson
122962880,1596921,lt,Brussieu
122962957,1596922,lt,Brussey
122963034,1596923,lt,Brusque
122963265,1596926,lt,Brunvillers-la-Motte
122963342,1596927,lt,Brunville
122963419,1596928,lt,Brunstatt
122963573,1596930,lt,Brunoy
122963727,1596932,lt,Bruniquel
122963881,1596934,lt,Brunet
122963958,1596935,lt,Brunémont
122964035,1596936,lt,Brunembert
122964112,1596937,lt,Brunelles
122964266,1596939,lt,Brunehamel
122964343,1596940,lt,Brumetz
122964420,1596941,lt,Brumath
122964574,1596943,lt,Brûlon
122964651,1596944,lt,Brullioles
122964728,1596945,lt,Brullemail
122964805,1596946,lt,Bruley
122964882,1596947,lt,Brulange
122964959,1596948,lt,Brulain
122965113,1596950,lt,Bruis
122965190,1596951,lt,Bruille-Saint-Amand
122965267,1596952,lt,Bruille-lez-Marchiennes
122965344,1596953,lt,Bruguières
122965421,1596954,lt,Brugny-Vaudancourt
122965498,1596955,lt,Brugnens
122965575,1596956,lt,Brugnac
122965652,1596957,lt,Brugheas
122965729,1596958,lt,Bruges
122965806,1596959,lt,Bruges-Capbis-Mifaget
122966191,1596964,lt,Brugairolles
122966268,1596965,lt,Bruère-Allichamps
122966345,1596966,lt,Bruebach
122966422,1596967,lt,Brue-Auriac
122966576,1596969,lt,Bruc-sur-Aff
122966730,1596971,lt,Brucourt
122966807,1596972,lt,Brucheville
122966961,1596974,lt,Bruch
122967038,1596975,lt,Brucamps
122967192,1596977,lt,Bruay-sur-l'Escaut
122967269,1596978,lt,Bruay-la-Buissière
122967423,1596980,lt,Bruailles
122967577,1596982,lt,Bru
122967731,1596984,lt,Broze
122967808,1596985,lt,Broyes
122967885,1596986,lt,Broyes
122968039,1596988,lt,Broye-les-Loups-et-Verfontaine
122968116,1596989,lt,Broye
122968193,1596990,lt,Broxeele
122968347,1596992,lt,Brouzet-les-Ales
122968424,1596993,lt,Brouzet-les-Quissac
122968501,1596994,lt,Brouy
122968655,1596996,lt,Brouviller
122968732,1596997,lt,Brouville
122968886,1596999,lt,Brouvelieures
122968963,1597000,lt,Brout-Vernet
122969194,1597003,lt,Brou-sur-Chantereine
122969271,1597004,lt,Broussy-le-Petit
122969348,1597005,lt,Broussy-le-Grand
122969502,1597007,lt,Broussey-Raulecourt
122969579,1597008,lt,Broussey-en-Blois
122969656,1597009,lt,Brousseval
122969733,1597010,lt,Brousses-et-Villaret
122969810,1597011,lt,Brousse-le-Chateau
122969964,1597013,lt,Brousse
122970195,1597016,lt,Brousse
122970272,1597017,lt,Brouqueyran
122970580,1597021,lt,Brouillet
122970811,1597024,lt,Brouilla
122970888,1597025,lt,Brouennes
122971042,1597027,lt,Broue
122971119,1597028,lt,Brouderdorff
122971196,1597029,lt,Brouckerque
122971273,1597030,lt,Brouck
122971350,1597031,lt,Brouchy
122971427,1597032,lt,Brouchaud
122971504,1597033,lt,Brouay
122971581,1597034,lt,Broualan
122971735,1597036,lt,Brou
122971966,1597039,lt,Brotte-les-Ray
122972043,1597040,lt,Brotte-les-Luxeuil
122972197,1597042,lt,Brosville
122972351,1597044,lt,Brosses
122972505,1597046,lt,Brossay
122972582,1597047,lt,Brossainc
122972659,1597048,lt,Brossac
122972736,1597049,lt,Broquies
122972813,1597050,lt,Broquiers
122972890,1597051,lt,Broons-sur-Vilaine
122972967,1597052,lt,Broons
122973121,1597054,lt,Bronvaux
122973198,1597055,lt,Broncourt
122973429,1597058,lt,Bron
122973660,1597061,lt,Bromont-Lamothe
122973814,1597063,lt,Brommat
122973891,1597064,lt,Bromeilles
122973968,1597065,lt,Brombos
122974353,1597070,lt,Broindon
122974430,1597071,lt,Broin
122974584,1597073,lt,Brognon
122974661,1597074,lt,Brognon
122974738,1597075,lt,Brognard
122974815,1597076,lt,Broglie
122975200,1597081,lt,Brocourt
122975354,1597083,lt,Brochon
122975508,1597085,lt,Brocas
122975585,1597086,lt,Broc
122975662,1597087,lt,Brizon
122975739,1597088,lt,Brizeaux
122975816,1597089,lt,Brizay
122975893,1597090,lt,Brizambourg
122975970,1597091,lt,Brixey-aux-Chanoines
122976047,1597092,lt,Brix
122976124,1597093,lt,Brivezac
122976201,1597094,lt,Brives-sur-Charente
122976278,1597095,lt,Brives-Charensac
122976432,1597097,lt,Bivels
122976509,1597098,lt,Briv la Gajardas
122976663,1597100,lt,Brissay-Choigny
122976740,1597101,lt,Brissarthe
122976971,1597104,lt,Brissac-Quince
122977048,1597105,lt,Brissac
122977125,1597106,lt,Brison-St-Innocent
122977202,1597107,lt,Briscous
122977279,1597108,lt,Briquenay
122977356,1597109,lt,Briquemesnil-Floxicourt
122977433,1597110,lt,Briouze
122977510,1597111,lt,Brioux-sur-Boutonne
122977664,1597113,lt,Brioude
122977741,1597114,lt,Briou
122977895,1597116,lt,Briot
122977972,1597117,lt,Briosne-lès-Sables
122978049,1597118,lt,Briord
122978126,1597119,lt,Brion-sur-Ource
122978203,1597120,lt,Brion-près-Thouet
122978357,1597122,lt,Brionne
122978434,1597123,lt,Brion
122978511,1597124,lt,Brion
122978588,1597125,lt,Brion
122978665,1597126,lt,Brion
122978742,1597127,lt,Brion
122978819,1597128,lt,Brion
122978973,1597130,lt,Brion
122979050,1597131,lt,Brion
122979204,1597133,lt,Briollay
122979281,1597134,lt,Briod
122979435,1597136,lt,Brin-sur-Seille
122979512,1597137,lt,Brinon-sur-Sauldre
122979589,1597138,lt,Brinon-sur-Beuvron
122979743,1597140,lt,Bringolo
122979897,1597142,lt,Brindas
122979974,1597143,lt,Brinckheim
122980051,1597144,lt,Brinay
122980128,1597145,lt,Brinay
122980205,1597146,lt,Brimont
122980282,1597147,lt,Brimeux
122980359,1597148,lt,Brillon-en-Barrois
122980436,1597149,lt,Brillon
122980513,1597150,lt,Brillevast
122980590,1597151,lt,Brillecourt
122980744,1597153,lt,Brillac
122980821,1597154,lt,Briis-sous-Forges
122980898,1597155,lt,Brigueuil
122980975,1597156,lt,Brigueil-le-Chantre
122981206,1597159,lt,Brignon
122981283,1597160,lt,Brignoles
122981360,1597161,lt,Brignogan-Plages
122981514,1597163,lt,Brignemont
122981591,1597164,lt,Brigne
122981668,1597165,lt,Brignancourt
122981745,1597166,lt,Brignais
122981822,1597167,lt,Brignac-la-Plaine
122981899,1597168,lt,Brignac
122981976,1597169,lt,Brignac
122982053,1597170,lt,Briffons
122982130,1597171,lt,Briey
122982207,1597172,lt,Brieux
122982361,1597174,lt,Brieulles-sur-Meuse
122982438,1597175,lt,Brieulles-sur-Bar
122982515,1597176,lt,Brieuil-sur-Chize
122982746,1597179,lt,Brie-sous-Mortagne
122982823,1597180,lt,Brie-sous-Matha
122982900,1597181,lt,Brie-sous-Chalais
122982977,1597182,lt,Brie-sous-Barbezieux
122983054,1597183,lt,Brie-sous-Archiac
122983208,1597185,lt,Brières-les-Scellés
122983516,1597189,lt,Brienon-sur-Armançon
122983593,1597190,lt,Briennon
122983670,1597191,lt,Brienne-sur-Aisne
122983747,1597192,lt,Brienne-le-Château
122983824,1597193,lt,Brienne-la-Vieille
122983901,1597194,lt,Brienne
122983978,1597195,lt,Briel-sur-Barse
122984055,1597196,lt,Brielles
122984132,1597197,lt,Brie-et-Angonnes
122984209,1597198,lt,Brie-Comte-Robert
122984286,1597199,lt,Briec
122984363,1597200,lt,brie
122984440,1597201,lt,Brie
122984517,1597202,lt,Brie
122984594,1597203,lt,Brie
122984671,1597204,lt,Brie
122984748,1597205,lt,Brie
122984825,1597206,lt,Bridoré
122984979,1597208,lt,Brides-les-Bains
122985056,1597209,lt,Bricy
122985133,1597210,lt,Bricqueville-sur-Mer
122985210,1597211,lt,Bricqueville-la-Blouette
122985287,1597212,lt,Bricqueville
122985364,1597213,lt,Bricquebosq
122985441,1597214,lt,Bricquebec
122985595,1597216,lt,Briconville
122985672,1597217,lt,Bricon
122985749,1597218,lt,Briaucourt
122985826,1597219,lt,Briaucourt
122985903,1597220,lt,Briatexte
122985980,1597221,lt,Briastre
122986057,1597222,lt,Briarres-sur-Essonne
122986134,1597223,lt,Briare
122986211,1597224,lt,Briantes
122986288,1597225,lt,Briant
122986365,1597226,lt,Brianny
122986519,1597228,lt,Brianconnet
122986673,1597230,lt,Briansonas
122986750,1597231,lt,Brezons
122986827,1597232,lt,Brezolles
122986904,1597233,lt,Bni Rzine
122987058,1597235,lt,Brezilhac
122987135,1597236,lt,Breziers
122987212,1597237,lt,Breze
122987289,1597238,lt,Brey-et-Maison-du-Bois
122987366,1597239,lt,Brexent-Enocq
122987443,1597240,lt,Brevonne
122987597,1597242,lt,Brevilly
122987674,1597243,lt,Brevilliers
122987751,1597244,lt,Breville-sur-Mer
122987828,1597245,lt,Brevillers
122987905,1597246,lt,Brevillers
122987982,1597247,lt,Breville-les-Monts
122988059,1597248,lt,Breville
122988136,1597249,lt,Breviande
122988213,1597250,lt,Breves
122988290,1597251,lt,Brevans
122988444,1597253,lt,Brévands
122988521,1597254,lt,Bréval
122988598,1597255,lt,Brévainville
122988675,1597256,lt,Breux-sur-Avre
122988752,1597257,lt,Breux-Jouy
122988829,1597258,lt,Breux
122988983,1597260,lt,Breuville
122989060,1597261,lt,Breuvery-sur-Coole
122989137,1597262,lt,Breuvannes-en-Bassigny
122989291,1597264,lt,Breuschwickersheim
122989368,1597265,lt,Breurey-les-Faverney
122989445,1597266,lt,Breuil
122989522,1597267,lt,Breuil-sur-Marne
122989599,1597268,lt,Breuilpont
122989753,1597270,lt,Breuil-Magné
122990138,1597275,lt,Breuil-le-Vert
122990215,1597276,lt,Breuillet
122990292,1597277,lt,Breuillet
122990369,1597278,lt,Breuil-le-Sec
122990523,1597280,lt,Breuil-la-Réorte
122990600,1597281,lt,Breuilh
122990754,1597283,lt,Brueil-en-Vexin
122990831,1597284,lt,Bueil-en-Touraine
122990908,1597285,lt,Breuil-Chaussee
122990985,1597286,lt,Breuil-Bois-Robert
122991062,1597287,lt,Breuil-Barret
122991139,1597288,lt,Breuilaufa
122991216,1597289,lt,Breuil
122991601,1597294,lt,Breugnon
122991678,1597295,lt,Breuchotte
122991755,1597296,lt,Breuches
122991832,1597297,lt,Bretx
122991909,1597298,lt,Brettnach
122991986,1597299,lt,Bretteville-sur-Odon
122992063,1597300,lt,Bretteville-sur-Laize
122992140,1597301,lt,Bretteville-sur-Dives
122992217,1597302,lt,Bretteville-sur-Ay
122992294,1597303,lt,Bretteville-St-Laurent
122992371,1597304,lt,Bretteville-l'orgueilluse
122992448,1597305,lt,Bretteville-le-Rabet
122992525,1597306,lt,Bretteville-du-Grand-Caux
122992679,1597308,lt,Bretteville
122992756,1597309,lt,Brettes
122992833,1597310,lt,Bretten
122992910,1597311,lt,Brette-les-Pins
122993141,1597314,lt,Bretonvillers
122993295,1597316,lt,Bretoncelles
122993372,1597317,lt,Bretigny-sur-Orge
122993526,1597319,lt,Bretigny
122993603,1597320,lt,Bretigny
122993680,1597321,lt,Bretigny
122993757,1597322,lt,Bretigny
122993834,1597323,lt,Bretignolles-sur-Mer
122993911,1597324,lt,Brétignolles-le-Moulin
122993988,1597325,lt,Bretignolle
122994065,1597326,lt,Bretigney-Notre-Dame
122994142,1597327,lt,Bretigney
122994527,1597332,lt,Brethenay
122994604,1597333,lt,Brethel
122994681,1597334,lt,Breteuil
122994758,1597335,lt,Breteuil
122994835,1597336,lt,Bretenoux
122994989,1597338,lt,Bretenière
122995220,1597341,lt,Breteil
122995297,1597342,lt,Breteau
122995451,1597344,lt,Bretagne-de-Marsan
122995528,1597345,lt,Bretagne-d'Armagnac
122995605,1597346,lt,Bretagne
122995682,1597347,lt,Bretagne
122995913,1597350,lt,Brestot
122996067,1597352,lt,Brestas
122996144,1597353,lt,Bressuire
122996375,1597356,lt,Bresson
122996452,1597357,lt,Bressols
122996529,1597358,lt,Bressolles
122996606,1597359,lt,Bressolles
122996760,1597361,lt,Bressieux
122996837,1597362,lt,Bressey-sur-Tille
122996914,1597363,lt,Bresse-sur-Grosne
122997222,1597367,lt,Bresnay
122997299,1597368,lt,Bresles
122997376,1597369,lt,Bresle
122997530,1597371,lt,Bresilley
122997607,1597372,lt,Bresdon
122997684,1597373,lt,Brery
122997838,1597375,lt,Breny
122997915,1597376,lt,Brenthonne
122998069,1597378,lt,Brens
122998146,1597379,lt,Brens
122998223,1597380,lt,Brenoux
122998300,1597381,lt,Brenouille
122998454,1597383,lt,Brénod
122998531,1597384,lt,Brennilis
122998685,1597386,lt,Brennes
122998762,1597387,lt,Brengues
122998916,1597389,lt,Brenelle
122999070,1597391,lt,Brenaz
122999147,1597392,lt,Brenat
122999378,1597395,lt,Brenac
122999455,1597396,lt,Bren
122999532,1597397,lt,Bremur-et-Vaurois
122999609,1597398,lt,Bremoy
122999686,1597399,lt,Bremontier-Merval
122999840,1597401,lt,Bremondans
122999917,1597402,lt,Bremoncourt
123000071,1597404,lt,Bremmelbach
123000148,1597405,lt,Bremes
123000225,1597406,lt,Bremenil
123000379,1597408,lt,La Crèche
123000456,1597409,lt,Brelidy
123000533,1597410,lt,Brelevenez
123000687,1597412,lt,Breles
123000764,1597413,lt,Breitenbach-Haut-Rhin
123000841,1597414,lt,Breitenbachas
123000918,1597415,lt,Breitenau
123000995,1597416,lt,Breistroff-la-Grande
123001072,1597417,lt,Breil-sur-Roya
123001149,1597418,lt,Breilly
123001303,1597420,lt,Breil
123001457,1597422,lt,Breidenbach
123001534,1597423,lt,Breheville
123001611,1597424,lt,Brehemont
123001765,1597426,lt,Île-de-Bréhat
123001842,1597427,lt,Bréhan
123001919,1597428,lt,Bréhand
123001996,1597429,lt,Bréhal
123002073,1597430,lt,Brehain-la-Ville
123002150,1597431,lt,Brehain
123002227,1597432,lt,Bregy
123002381,1597434,lt,Brégnier-Cordon
123002612,1597437,lt,Breel
123002689,1597438,lt,Bree
123002920,1597441,lt,Brecy-Brieres
123003074,1597443,lt,Brecy
123003228,1597445,lt,Brecy
123003305,1597446,lt,Brectouville
123003459,1597448,lt,Breconchaux
123003613,1597450,lt,Breches
123003767,1597452,lt,Brechaumont
123003844,1597453,lt,Brechamps
123003998,1597455,lt,Brech
123004152,1597457,lt,Brécey
123004229,1597458,lt,Brece
123004306,1597459,lt,Brece
123004383,1597460,lt,Brebotte
123004460,1597461,lt,Brebières
123004537,1597462,lt,Breban
123004614,1597463,lt,Breaute
123004768,1597465,lt,Breau
123004922,1597467,lt,Bréançon
123004999,1597468,lt,Breal-sous-Vitre
123005076,1597469,lt,Bréal-sous-Montfort
123005153,1597470,lt,Brazey-en-Plaine
123005230,1597471,lt,Brazey-en-Morvan
123005307,1597472,lt,Bray-sur-Somme
123005384,1597473,lt,Bray-sur-Seine
123005461,1597474,lt,Bray-Saint-Christophe
123005538,1597475,lt,Bray-les-Mareuil
123005615,1597476,lt,Bray-la-Campagne
123005692,1597477,lt,Bray-et-Lu
123005769,1597478,lt,Braye-sur-Maulne
123005846,1597479,lt,Braye-sous-Faye
123005923,1597480,lt,Bray-en-Val
123006000,1597481,lt,Braye-en-Thierache
123006077,1597482,lt,Braye-en-Laonnois
123006154,1597483,lt,Braye
123006231,1597484,lt,Bray-Dunes
123006462,1597487,lt,Bray
123006770,1597491,lt,Bray
123006847,1597492,lt,Brax
123006924,1597493,lt,Brax
123007078,1597495,lt,Braux-Saint-Remy
123007155,1597496,lt,Braux-Sainte-Cohière
123007309,1597498,lt,Braux-le-Chatel
123007463,1597500,lt,Braux
123007540,1597501,lt,Braux
123007617,1597502,lt,Braux
123007694,1597503,lt,Brauvilliers
123007925,1597506,lt,Braud-et-Saint-Louis
123008002,1597507,lt,Braucourt
123008156,1597509,lt,Brassy
123008233,1597510,lt,Brassy
123008310,1597511,lt,Bras-sur-Meuse
123008464,1597513,lt,Brasseuse
123008541,1597514,lt,Brassempouy
123008618,1597515,lt,Brasseitte
123008772,1597517,lt,Brassac-les-Mines
123008849,1597518,lt,Brassac
123008926,1597519,lt,Brassac
123009003,1597520,lt,Brassac
123009080,1597521,lt,Brasparts
123009157,1597522,lt,Braslou
123009234,1597523,lt,Brasles
123009311,1597524,lt,Bras-d'Asse
123009388,1597525,lt,Brasc
123009465,1597526,lt,Bras
123009542,1597527,lt,Braquis
123009619,1597528,lt,Branville-Hague
123009696,1597529,lt,Branville
123009773,1597530,lt,Brantome
123009927,1597532,lt,Brantigny
123010004,1597533,lt,Brantes
123010081,1597534,lt,Bransles
123010158,1597535,lt,Branscourt
123010235,1597536,lt,Bransat
123010312,1597537,lt,Brans
123010389,1597538,lt,Branoux-les-Taillades
123010466,1597539,lt,Brannens
123010543,1597540,lt,Branne
123010620,1597541,lt,Branne
123010697,1597542,lt,Brannay
123010774,1597543,lt,Brangues
123010851,1597544,lt,Branges
123010928,1597545,lt,Branges
123011159,1597548,lt,Brandonvillers
123011236,1597549,lt,Brandonnet
123011313,1597550,lt,Brandonas
123011390,1597551,lt,Brando
123011467,1597552,lt,Brandivy
123011621,1597554,lt,Brandeville
123011698,1597555,lt,Brandérion
123011929,1597558,lt,Brancourt-le-Grand
123012006,1597559,lt,Brancourt-en-Laonnois
123012160,1597561,lt,Branches
123012314,1597563,lt,Branceilles
123012391,1597564,lt,Bran
123012622,1597567,lt,Brametot
123013007,1597572,lt,Bram
123013084,1597573,lt,Bralleville
123013161,1597574,lt,Braize
123013238,1597575,lt,Braisnes-sur-Aronde
123013392,1597577,lt,Brainville-sur-Meuse
123013469,1597578,lt,Brainville
123013546,1597579,lt,Brainville
123013623,1597580,lt,Brain-sur-Vilaine
123013700,1597581,lt,Brain-sur-Longuenee
123013777,1597582,lt,Brain-sur-l'Authion
123013854,1597583,lt,Brain-sur-Allonnes
123013931,1597584,lt,Brains-sur-les-Marches
123014008,1597585,lt,Brains-sur-Gee
123014085,1597586,lt,Brains
123014162,1597587,lt,Braine
123014239,1597588,lt,Brainans
123014470,1597591,lt,Brailly-Cornehotte
123014547,1597592,lt,Braillans
123014624,1597593,lt,Brahic
123014701,1597594,lt,Bragny-sur-Saône
123014855,1597596,lt,Bragelogne-Beauvoir
123014932,1597597,lt,Brageac
123015009,1597598,lt,Bragayrac
123015086,1597599,lt,Bragassargues
123015163,1597600,lt,Braffais
123015240,1597601,lt,Bradiancourt
123015317,1597602,lt,Bracquetuit
123015394,1597603,lt,Bracquemont
123015548,1597605,lt,Bracon
123015625,1597606,lt,Bracieux
123015702,1597607,lt,Brachy
123015779,1597608,lt,Braches
123015933,1597610,lt,Brachay
123016010,1597611,lt,Brach
123016164,1597613,lt,Brabantas prie Maso
123016241,1597614,lt,Brabant-le-Roi
123016318,1597615,lt,Brabant-en-Argonne
123016395,1597616,lt,Bozouls
123016472,1597617,lt,Bozel
123016549,1597618,lt,Boz
123016626,1597619,lt,Boynes
123016780,1597621,lt,Boyeux
123016934,1597623,lt,Boyer
123017011,1597624,lt,Boyer
123017165,1597626,lt,Boyelles
123017319,1597628,lt,Boyaval
123017396,1597629,lt,Boyardville
123017473,1597630,lt,Boviolles
123017550,1597631,lt,Boves
123017627,1597632,lt,Bovelles
123017704,1597633,lt,Bovel
123017781,1597634,lt,Bovee-sur-Barboure
123017858,1597635,lt,Bouzy-la-Foret
123017935,1597636,lt,Bozoy
123018166,1597639,lt,Bouzonville-en-Beauce
123018243,1597640,lt,Bouzonville
123018474,1597643,lt,Bouzon
123018628,1597645,lt,Bouzincourt
123018705,1597646,lt,Bouzin
123018782,1597647,lt,Bouzille
123018859,1597648,lt,Bozgušas
123019090,1597651,lt,Bouzies
123019167,1597652,lt,Bouzic
123019244,1597653,lt,Bouzeron
123019321,1597654,lt,Bouzonville-aux-Bois
123019475,1597656,lt,Bouze-les-Beaune
123019552,1597657,lt,Bouzel
123019706,1597659,lt,Bouzanville
123019783,1597660,lt,Bouzancourt
123019860,1597661,lt,Bouzais
123020014,1597663,lt,Bouy-sur-Orvin
123020399,1597668,lt,Bouyrissac
123020553,1597670,lt,Bouyon
123020630,1597671,lt,Bouy-Luxembourg
123020784,1597673,lt,Bouy
123021015,1597676,lt,Bouxwiller
123021092,1597677,lt,Bouxwiller
123021169,1597678,lt,Bouxurulles
123021246,1597679,lt,Boux-sous-Salmaise
123021323,1597680,lt,Bouxieres-sous-Froidmont
123021400,1597681,lt,Bouxieres-aux-Dames
123021477,1597682,lt,Bouxieres-aux-Chenes
123021554,1597683,lt,Bouxieres-aux-Bois
123021708,1597685,lt,Bouvron
123021785,1597686,lt,Bouvron
123021862,1597687,lt,Bouvresse
123021939,1597688,lt,Bouvines
123022016,1597689,lt,Bouvincourt-en-Vermandois
123022093,1597690,lt,Bouville
123022170,1597691,lt,Bouville
123022247,1597692,lt,Bouville
123022324,1597693,lt,Bouville
123022401,1597694,lt,Bouvigny-Boyeffles
123022478,1597695,lt,Bouvignies
123022555,1597696,lt,Bouvieres
123022786,1597699,lt,Bouvesse-Quirieu
123022863,1597700,lt,Bouverans
123022940,1597701,lt,Bouvent
123023017,1597702,lt,Bouvellemont
123023094,1597703,lt,Bouvelinghem
123023171,1597704,lt,Bouvante-le-Haut
123023248,1597705,lt,Bouvancourt
123023325,1597706,lt,Bouvaincourt-sur-Bresle
123023402,1597707,lt,Boutx
123023479,1597708,lt,Boutteville
123023556,1597709,lt,Bouttencourt
123024249,1597718,lt,Boutigny-sur-Essonne
123024326,1597719,lt,Boutigny
123024403,1597720,lt,Boutiers-Saint-Trojan
123024711,1597724,lt,Bouteville
123024788,1597725,lt,Boutervilliers
123024865,1597726,lt,Boutencourt
123024942,1597727,lt,Boutenac-Touvent
123025019,1597728,lt,Boutenac
123025096,1597729,lt,Bouteilles-Saint-Sébastien
123025327,1597732,lt,Bout-du-Pont-de-Larn
123025866,1597739,lt,Boutavent
123025943,1597740,lt,Boutavent
123026097,1597742,lt,Boutancourt
123026251,1597744,lt,Boustroff
123026328,1597745,lt,Boust
123026405,1597746,lt,Boussy-Saint-Antoine
123026482,1597747,lt,Boussy
123026790,1597751,lt,Boussois
123026944,1597753,lt,Boussieres-sur-Sambre
123027021,1597754,lt,Boussières-en-Cambresis
123027098,1597755,lt,Boussieres
123027252,1597757,lt,Boussicourt
123027406,1597759,lt,Bousseviller
123027791,1597764,lt,Bousseraucourt
123027868,1597765,lt,Boussens
123027945,1597766,lt,Boussenois
123028022,1597767,lt,Boussenac
123028253,1597770,lt,Bousselange
123028330,1597771,lt,Bousse
123028407,1597772,lt,Bousse
123028484,1597773,lt,Boussay
123028561,1597774,lt,Boussay
123028638,1597775,lt,Boussan
123028715,1597776,lt,Boussais
123029023,1597780,lt,Boussac-le-Bourg
123029177,1597782,lt,Boussac
123029562,1597787,lt,Boussac
123029716,1597789,lt,Boussac
123030024,1597793,lt,Bousignies-sur-Roc
123030101,1597794,lt,Bousignies
123030178,1597795,lt,Bousies
123030255,1597796,lt,Bousbecque
123030332,1597797,lt,Bousbach
123030486,1597799,lt,Bourzat
123030563,1597800,lt,Boury-en-Vexin
123030640,1597801,lt,Bourville
123030871,1597804,lt,Bourthes
123030948,1597805,lt,Bourth
123031025,1597806,lt,Boursonne
123031102,1597807,lt,Boursin
123031179,1597808,lt,Boursies
123031256,1597809,lt,Boursieres
123031333,1597810,lt,Bourseville
123031410,1597811,lt,Bourseul
123031487,1597812,lt,Paryžiaus 02 Bourse
123031564,1597813,lt,Bourglinster
123031641,1597814,lt,Boursay
123031718,1597815,lt,Boursault
123031872,1597817,lt,Bours
123031949,1597818,lt,Bours
123032103,1597820,lt,Bourrouillan
123032180,1597821,lt,Bourrou
123032257,1597822,lt,Bourron-Marlotte
123032334,1597823,lt,Bourriot-Bergonce
123032411,1597824,lt,Bourret
123032565,1597826,lt,Bourréac
123032642,1597827,lt,Bourre
123032796,1597829,lt,Bourran
123032950,1597831,lt,Bourogne
123033027,1597832,lt,Bournos
123033104,1597833,lt,Bournonville
123033258,1597835,lt,Bournoncle-Saint-Pierre
123033566,1597839,lt,Bournois
123033720,1597841,lt,Bourniquel
123033797,1597842,lt,Bournezeau
123033874,1597843,lt,Bourneville
123034028,1597845,lt,Bournel
123034105,1597846,lt,Bourneau
123034259,1597848,lt,Bournazel
123034336,1597849,lt,Bournazel
123034490,1597851,lt,Bournand
123034567,1597852,lt,Bournan
123034644,1597853,lt,Bournainville-Faverolles
123034875,1597856,lt,Bourmont
123034952,1597857,lt,Bourlon
123035029,1597858,lt,Bourlens
123035183,1597860,lt,Bourgeal
123035260,1597861,lt,Bourisp
123035491,1597864,lt,Bouriège
123035568,1597865,lt,Bourideys
123035876,1597869,lt,Bourgvilain
123035953,1597870,lt,Bourguignon-sous-Montbavin
123036030,1597871,lt,Bourguignon-sous-Coucy
123036107,1597872,lt,Bourguignons
123036184,1597873,lt,Bourguignon-les-Morey
123036261,1597874,lt,Bourguignon-les-la-Charite
123036338,1597875,lt,Bourguignon-les-Conflans
123036415,1597876,lt,Bourguignons
123036569,1597878,lt,Bourguenolles
123036646,1597879,lt,Bourgueil
123036723,1597880,lt,Bourguebus
123036800,1597881,lt,Bourgtheroulde-Infreville
123036877,1597882,lt,Borgo
123036954,1597883,lt,Bourg-sous-Chatelet
123037031,1597884,lt,Bourg-Saint-Maurice
123037108,1597885,lt,Bourg-Sainte-Marie
123037185,1597886,lt,Bourg-Saint-Christophe
123037262,1597887,lt,Bourg-Saint-Bernard
123037339,1597888,lt,Bourg-Saint-Andeol
123037493,1597890,lt,Bourgougnague
123037570,1597891,lt,Bourgon
123037724,1597893,lt,Bourgogne
123037955,1597896,lt,Bourgneuf-en-Retz
123038032,1597897,lt,Bourgneuf-en-Mauges
123038571,1597904,lt,Bourgneuf
123038648,1597905,lt,Bourgneuf
123038802,1597907,lt,Bourgnac
123038879,1597908,lt,La Guingueta d'Ix
123038956,1597909,lt,Bourg-l'Eveque
123039033,1597910,lt,Bourg-les-Valence
123039110,1597911,lt,Bourg-le-Roi
123039187,1597912,lt,Bourg-le-Comte
123039341,1597914,lt,Bourg-Lastic
123039418,1597915,lt,Bourg-la-Reine
123039649,1597918,lt,Bourghelles
123039726,1597919,lt,Bourgheim
123039803,1597920,lt,Bourg-Fidele
123039880,1597921,lt,Bourget-en-Huile
123039957,1597922,lt,Bourg-et-Comin
123040188,1597925,lt,Buržas
123040342,1597927,lt,Bourg-en-Bresse
123040419,1597928,lt,Bourgeauville
123040650,1597931,lt,Bourg-du-Bost
123040804,1597933,lt,Bourg-d'Ire
123040881,1597934,lt,Burg de Visa
123040958,1597935,lt,Bourg-de-Thizy
123041035,1597936,lt,Bourg-des-Maisons
123041112,1597937,lt,Bourg-des-Comptes
123041189,1597938,lt,Bourg-de-Péage
123041574,1597943,lt,Bourg-Charente
123041651,1597944,lt,Bourg-Bruche
123041728,1597945,lt,Bourg-Blanc
123041805,1597946,lt,Bourg-Beaudouin
123041882,1597947,lt,Bourgbarré
123041959,1597948,lt,Bourg-Argental
123042036,1597949,lt,Bourg-Archambault
123042113,1597950,lt,Bourganeuf
123042190,1597951,lt,Bourgaltroff
123042267,1597952,lt,Bourg-Achard
123042344,1597953,lt,Borgo
123042421,1597954,lt,Bourg-de-Bigorre
123042575,1597956,lt,Boureuilles
123042652,1597957,lt,Bouresse
123042729,1597958,lt,Bouresches
123042806,1597959,lt,Bourecq
123042960,1597961,lt,Bourdons-sur-Rognon
123043114,1597963,lt,Bourdonné
123043191,1597964,lt,Bourdonnay
123043268,1597965,lt,Bourdon
123043422,1597967,lt,Bourdic
123043499,1597968,lt,Bourdettes
123043653,1597970,lt,Bourdenay
123043730,1597971,lt,Bourdelles
123043961,1597974,lt,Bourdeilles
123044038,1597975,lt,Bourdeaux
123044192,1597977,lt,Bowdela
123044346,1597979,lt,Bourdalat
123044423,1597980,lt,Bourdainville
123044500,1597981,lt,Bourcq
123044577,1597982,lt,Bourcia
123044731,1597984,lt,Bourcefranc-le-Chapus
123044808,1597985,lt,Bourbriac
123044962,1597987,lt,Burburgas
123045039,1597988,lt,Bourbonne-les-Bains
123045116,1597989,lt,Bourbon-l'Archambault
123045193,1597990,lt,Bourbon-Lancy
123045347,1597992,lt,Bourbevelle
123045424,1597993,lt,Bourberain
123045501,1597994,lt,Bourbach-le-Haut
123045578,1597995,lt,Bourbach-le-Bas
123045655,1597996,lt,Bouray-sur-Juine
123045809,1597998,lt,Bouranton
123045886,1597999,lt,Bouqueval
123045963,1598000,lt,Bouquetot
123046040,1598001,lt,Bouquet
123046117,1598002,lt,Bouquemont
123046194,1598003,lt,Bouquemaison
123046271,1598004,lt,Bouquelon
123046348,1598005,lt,Bouquehault
123046502,1598007,lt,Bouniagues
123046579,1598008,lt,Boumourt
123046656,1598009,lt,Boulzicourt
123046733,1598010,lt,Boult-sur-Suippe
123046810,1598011,lt,Boult-aux-Bois
123046887,1598012,lt,Boult
123047118,1598015,lt,Boulot
123047195,1598016,lt,Boulon
123047349,1598018,lt,Bouloire
123047426,1598019,lt,Pajūrio Bulonė
123047503,1598020,lt,Boulogne-sur-Helpe
123047580,1598021,lt,Boulogne-sur-Gesse
123047657,1598022,lt,Boulogne-la-Grasse
123047734,1598023,lt,Bulonė-Bijankūras
123047811,1598024,lt,Boulogne
123047965,1598026,lt,Bouloc
123048042,1598027,lt,Bouloc
123048119,1598028,lt,Boulleville
123048196,1598029,lt,Boulleret
123048273,1598030,lt,Boullay-les-Troux
123048350,1598031,lt,Le Boullay-les-Deux-Eglises
123048504,1598033,lt,Boullarre
123048735,1598036,lt,Boulin
123048812,1598037,lt,Bouligny
123048889,1598038,lt,Bouligney
123048966,1598039,lt,Bouligneux
123049043,1598040,lt,Boulieu-les-Annonay
123049274,1598043,lt,Bouliac
123049351,1598044,lt,Bouleuse
123049428,1598045,lt,Bouleurs
123049505,1598046,lt,Bouleternère
123049659,1598048,lt,Boule-d'Amont
123049813,1598050,lt,Boulc
123049890,1598051,lt,Bulbonas
123049967,1598052,lt,Boulazac
123050044,1598053,lt,Boulay-Moselle
123050121,1598054,lt,Boulay-les-Barres
123050275,1598056,lt,Boulay-les-Ifs
123050429,1598058,lt,Boulaur
123050583,1598060,lt,Boulange
123050737,1598062,lt,Boulancourt
123051122,1598067,lt,Boulages
123051276,1598069,lt,Boujeons
123051353,1598070,lt,Boujan-sur-Libron
123051430,1598071,lt,Boujailles
123051507,1598072,lt,Bouix
123051584,1598073,lt,Bouisse
123051815,1598076,lt,Bouiron
123051892,1598077,lt,Bouin-Plumoison
123051969,1598078,lt,Bouin
123052046,1598079,lt,Bouin
123052123,1598080,lt,Bouilly-en-Gatinais
123052200,1598081,lt,Bouilly
123052277,1598082,lt,Bouilly
123052431,1598084,lt,Bouilly
123052508,1598085,lt,Bouillonville
123052662,1598087,lt,Bouillon
123052816,1598089,lt,Bouille-Saint-Paul
123052893,1598090,lt,Bouille-Menard
123052970,1598091,lt,Bouillé-Loretz
123053047,1598092,lt,Bouille-Courdault
123053124,1598093,lt,Bouillargues
123053278,1598095,lt,Bouilland
123053355,1598096,lt,Bouillancy
123053432,1598097,lt,Bouillancourt-la-Bataille
123053509,1598098,lt,Bouillancourt-en-Sery
123053740,1598101,lt,Bouillac
123053817,1598102,lt,Bouillac
123053894,1598103,lt,Bouillac
123053971,1598104,lt,Bouilh-Pereuilh
123054048,1598105,lt,Bouilhonnac
123054279,1598108,lt,Bouhy
123054433,1598110,lt,Bouhey
123054510,1598111,lt,Bouhet
123054587,1598112,lt,Bouhans-les-Montbozon
123054664,1598113,lt,Bouhans-les-Lure
123054741,1598114,lt,Bouhans-et-Feurg
123054818,1598115,lt,Bouhans
123054895,1598116,lt,Bougy-lez-Neuville
123054972,1598117,lt,Bougy
123055049,1598118,lt,Bouguenais
123055126,1598119,lt,Bougue
123055203,1598120,lt,Bougon
123055280,1598121,lt,Bougnon
123055357,1598122,lt,Bougneau
123055434,1598123,lt,Bouglon
123055511,1598124,lt,Bougligny
123055588,1598125,lt,Bouglainval
123055665,1598126,lt,Bougival
123055819,1598128,lt,Bougey
123055896,1598129,lt,Bouges-le-Chateau
123056127,1598132,lt,Bouge-Chambalud
123056281,1598134,lt,Bougarber
123056358,1598135,lt,Bougainville
123056435,1598136,lt,Bouffry
123056512,1598137,lt,Boufflers
123056589,1598138,lt,Bouffignereux
123056666,1598139,lt,Boufféré
123056743,1598140,lt,Bouffémont
123057051,1598144,lt,Bouex
123057128,1598145,lt,Bouesse
123057359,1598148,lt,Bouessay
123057436,1598149,lt,Bouere
123057513,1598150,lt,Bouer
123057667,1598152,lt,Bouelles
123057821,1598154,lt,Boueilh-Boueilho-Lasque
123057898,1598155,lt,Boyabuekue
123057975,1598156,lt,Boue
123058052,1598157,lt,Boudy-de-Beauregard
123058283,1598160,lt,Boudreville
123058360,1598161,lt,Boudrac
123058514,1598163,lt,Boudou
123058668,1598165,lt,Boudeville
123058745,1598166,lt,Boudes
123058976,1598169,lt,Boucq
123059053,1598170,lt,Bouconville-Vauclair
123059130,1598171,lt,Bouconville-sur-Madt
123059207,1598172,lt,Bouconvillers
123059284,1598173,lt,Bouconville
123059438,1598175,lt,Boucoiran
123059515,1598176,lt,Bouclans
123059592,1598177,lt,Bouchy-Saint-Genest
123059746,1598179,lt,Bouchoir
123059977,1598182,lt,Bouchevilliers
123060131,1598184,lt,Bouchet
123060439,1598188,lt,Boucheporn
123060747,1598192,lt,Bouchemaine
123060901,1598194,lt,Bouchavesnes-Bergen
123061132,1598197,lt,Bouchamps-les-Craon
123061286,1598199,lt,Bouchain
123061517,1598202,lt,Boucey
123061594,1598203,lt,Boeluecek
123061671,1598204,lt,Boeluecek
123061825,1598206,lt,Bouc-Bel-Air
123061902,1598207,lt,Boucau
123062056,1598209,lt,Boucagneres
123062210,1598211,lt,Boubiers
123062364,1598213,lt,Boubers-sur-Canche
123062441,1598214,lt,Boubers-les-Hesmond
123062672,1598217,lt,Bouaye
123062980,1598221,lt,Bouafles
123063057,1598222,lt,Bouafle
123063134,1598223,lt,Bou
123063211,1598224,lt,Botz-en-Mauges
123063442,1598227,lt,Botsorhel
123063596,1598229,lt,Botmeur
123064289,1598238,lt,Botans
123064366,1598239,lt,Bosville
123064597,1598242,lt,Bostens
123064905,1598246,lt,Bost
123064982,1598247,lt,Bossus-les-Rumigny
123065059,1598248,lt,Bossugan
123065136,1598249,lt,Bossieu
123065213,1598250,lt,Bossey
123065290,1598251,lt,Bosseval-et-Briancourt
123065367,1598252,lt,Bosset
123065444,1598253,lt,Bossendorf
123065598,1598255,lt,Bosselshausen
123065675,1598256,lt,Bossee
123065752,1598257,lt,Bossay-sur-Claise
123065829,1598258,lt,Bossancourt
123065906,1598259,lt,Bosrobert
123065983,1598260,lt,Bosquentin
123066060,1598261,lt,Bosnormand
123066137,1598262,lt,Bosmoreau-les-Mines
123066214,1598263,lt,Bosmont-sur-Serre
123066291,1598264,lt,Bosmie-l'Aiguille
123066368,1598265,lt,Bosjean
123066445,1598266,lt,Bosguerard-de-Marcouville
123066522,1598267,lt,Bosgouet
123066599,1598268,lt,Bosdarros
123066676,1598269,lt,Bosc-Roger-sur-Buchy
123066830,1598271,lt,Bosc-Renoult-en-Ouche
123067061,1598274,lt,Bosc-Renoult-en-Roumois
123067292,1598277,lt,Bosc-Mesnil
123067369,1598278,lt,Bosc-le-Hard
123067600,1598281,lt,Bosc-Hyons
123067754,1598283,lt,Bosc-Guerard-Saint-Adrien
123067831,1598284,lt,Callengeville
123067908,1598285,lt,Bosc-Edeline
123067985,1598286,lt,Bosc-Bordel
123068062,1598287,lt,Bosc-Berenger
123068139,1598288,lt,Bosc-Benard-Crescy
123068216,1598289,lt,Bosc-Benard-Commin
123068370,1598291,lt,Boscamnant
123068601,1598294,lt,Bozas
123068832,1598297,lt,Borville
123068909,1598298,lt,Bort-l'Etang
123068986,1598299,lt,Bort-les-Orgues
123069140,1598301,lt,Bors
123069217,1598302,lt,Bors
123069294,1598303,lt,Borrèze
123069448,1598305,lt,Borre
123069525,1598306,lt,Boras
123069679,1598308,lt,Bornel
123069756,1598309,lt,Borne
123069910,1598311,lt,Born-de-Champs
123069987,1598312,lt,Bornay
123070141,1598314,lt,Bornambusc
123070526,1598319,lt,Bormes-les-Mimosas
123070834,1598323,lt,Borgo
123070988,1598325,lt,Borey
123071065,1598326,lt,Bor-et-Bar
123071142,1598327,lt,Borest
123071219,1598328,lt,Boresse-et-Martron
123071373,1598330,lt,Boegruepek
123071527,1598332,lt,Bord-St-Georges
123071604,1598333,lt,Bords
123071912,1598337,lt,Bordezac
123072220,1598341,lt,Bordes-de-Riviere
123072374,1598343,lt,Bordes
123072451,1598344,lt,Bordes
123072605,1598346,lt,Borderes-sur-l'Echez
123072682,1598347,lt,Borderes-Louron
123072759,1598348,lt,Borderes
123072836,1598349,lt,Borderes
123073067,1598352,lt,Bordo-Saint-Clair
123073144,1598353,lt,Bordeaux-en-Gâtinais
123073221,1598354,lt,Bordo
123073606,1598359,lt,Bordas
123073991,1598364,lt,Borcq-sur-Airvault
123074068,1598365,lt,Borce
123074145,1598366,lt,Boran-sur-Oise
123074222,1598367,lt,Boqueho
123074299,1598368,lt,Bootzheim
123074376,1598369,lt,Boo-Silhen
123074453,1598370,lt,Boos
123074530,1598371,lt,Boos
123074761,1598374,lt,Boofzheim
123074915,1598376,lt,Boztepe
123074992,1598377,lt,Bonzac
123075069,1598378,lt,Bony
123075223,1598380,lt,Bonvillers
123075300,1598381,lt,Bonvillers
123075454,1598383,lt,Bonvillaret
123075531,1598384,lt,Bonvillard
123076070,1598391,lt,Bons-Tassilly
123076147,1598392,lt,Bonson
123076224,1598393,lt,Bonson
123076301,1598394,lt,Bonsmoulins
123076455,1598396,lt,Bons-en-Chablais
123076532,1598397,lt,Bonrepos-sur-Aussonnelle
123076609,1598398,lt,Bonrepos-Riquet
123076686,1598399,lt,Bonrepos
123076917,1598402,lt,Bonny-sur-Loire
123076994,1598403,lt,Bonnut
123077148,1598405,lt,Bonnœuvre
123077225,1598406,lt,Bonnoeil
123077302,1598407,lt,Bonningues-les-Calais
123077379,1598408,lt,Bonningues-les-Ardres
123077610,1598411,lt,Bonnieux
123077687,1598412,lt,Bonnieres-sur-Seine
123077764,1598413,lt,Bonnieres
123077841,1598414,lt,Bonnieres
123077918,1598415,lt,Bonneville-sur-Touques
123077995,1598416,lt,Bonneville-la-Louvet
123078072,1598417,lt,Bonneville-et-Saint-Avit-de-Fumadieres
123078149,1598418,lt,Bonneville-Aptot
123078226,1598419,lt,Bonneville
123078380,1598421,lt,Bonneville
123078534,1598423,lt,Bonneville
123078688,1598425,lt,Bonnevent-Velloreille
123078842,1598427,lt,Bonneveau
123078919,1598428,lt,Bonnevaux-le-Prieure
123078996,1598429,lt,Bonnevaux
123079150,1598431,lt,Bonnevaux
123079227,1598432,lt,Bonnevaux
123079381,1598434,lt,Bonneval-sur-Arc
123079535,1598436,lt,Bonneval
123079689,1598438,lt,Bonneval
123079766,1598439,lt,Bonneval
123079997,1598442,lt,Bonneuil-sur-Marne
123080074,1598443,lt,Bonneuil-Matours
123080151,1598444,lt,Bonneuil-les-Eaux
123080228,1598445,lt,Bonneuil-en-Valois
123080305,1598446,lt,Bonneuil-en-France
123080382,1598447,lt,Bonneuil
123080536,1598449,lt,Bonneuil
123080690,1598451,lt,Bonnetan
123080844,1598453,lt,Bonnetage
123080921,1598454,lt,Bonnétable
123080998,1598455,lt,Bonnet
123081229,1598458,lt,Bonnesvalyn
123081306,1598459,lt,Bonne
123081537,1598462,lt,Bonnes
123081691,1598464,lt,Bonnes
123081999,1598468,lt,Bonnencontre
123082076,1598469,lt,Bonnemazon
123082230,1598471,lt,Bonnemaison
123082307,1598472,lt,Bonnemain
123082384,1598473,lt,Bonnelles
123082615,1598476,lt,Bonneil
123082692,1598477,lt,Bonneguete
123082769,1598478,lt,Bonnegarde
123082923,1598480,lt,Bonnefontaine
123083231,1598484,lt,Bonnefont
123083616,1598489,lt,Bonnefond
123083770,1598491,lt,Bonnefoi
123083924,1598493,lt,Bonnefamille
123084001,1598494,lt,Bonnee
123084078,1598495,lt,Bonnecourt
123084309,1598498,lt,Bonnebosq
123084463,1598500,lt,Bonnay
123084540,1598501,lt,Bonnay
123084617,1598502,lt,Bonnay
123084694,1598503,lt,Bonnaud
123084771,1598504,lt,Bonnat
123084848,1598505,lt,Bonnard
123085156,1598509,lt,Bonnac-la-Cote
123085233,1598510,lt,Bonnac
123085310,1598511,lt,Bonnac
123085387,1598512,lt,Bonloc
123085464,1598513,lt,Bonlieu-sur-Roubion
123085541,1598514,lt,Bonlieu
123085618,1598515,lt,Bonlier
123085772,1598517,lt,Bonifacio
123085849,1598518,lt,Bongheat
123086080,1598521,lt,Bon-Encontre
123086234,1598523,lt,Bondi
123086388,1598525,lt,Bondues
123086465,1598526,lt,Bondoufle
123086619,1598528,lt,Bondigoux
123086850,1598531,lt,Bondeval
123086927,1598532,lt,Bondaroy
123087004,1598533,lt,Boncourt-sur-Meuse
123087081,1598534,lt,Boncourt-le-Bois
123087235,1598536,lt,Boncourt
123087312,1598537,lt,Boncourt
123087389,1598538,lt,Boncourt
123087466,1598539,lt,Boncourt
123087543,1598540,lt,Bonchamp-lès-Laval
123087697,1598542,lt,Bonce
123087774,1598543,lt,Bonboillon
123087851,1598544,lt,Bonas
123088082,1598547,lt,Bonac-Irazein
123088159,1598548,lt,Bona
123088236,1598549,lt,Bomy
123088390,1598551,lt,Bompas
123088467,1598552,lt,Bompas
123088621,1598554,lt,Bommiers
123088698,1598555,lt,Bommes
123088852,1598557,lt,Bombon
123088929,1598558,lt,Bolsenheim
123089006,1598559,lt,Bolquère
123089083,1598560,lt,Bolozon
123089160,1598561,lt,Bologne
123089237,1598562,lt,Bollwiller
123089314,1598563,lt,Bollezeele
123089391,1598564,lt,Bolleville
123089468,1598565,lt,Bolleville
123089545,1598566,lt,Bollene
123089699,1598568,lt,Bolbec
123089776,1598569,lt,Bolazec
123089853,1598570,lt,Bolandoz
123090007,1598572,lt,Boitron
123090084,1598573,lt,Boitron
123090392,1598577,lt,Boisyvon
123090546,1598579,lt,Boisville-la-Saint-Pere
123090931,1598584,lt,Boistrudan
123091162,1598587,lt,Buis-sur-Damville
123091239,1598588,lt,Boissy-sous-Saint-Yon
123091316,1598589,lt,Boissy-sans-Avoir
123091393,1598590,lt,Boissy-Saint-Leger
123091470,1598591,lt,Boissy-Mauvoisin
123091547,1598592,lt,Boissy-Maugis
123091624,1598593,lt,Boissy-les-Perche
123091701,1598594,lt,Boissy-le-Sec
123091778,1598595,lt,Boissy-le-Repos
123091932,1598597,lt,Boissy-le-Cutte
123092009,1598598,lt,Boissy-le-Chatel
123092163,1598600,lt,Boissy-le-Bois
123092240,1598601,lt,Boissy-la-Riviere
123092317,1598602,lt,Boissy-Lamberville
123092394,1598603,lt,Boissy-l'Aillerie
123092471,1598604,lt,Boissy-Fresnoy
123092548,1598605,lt,Boissy-en-Drouais
123092625,1598606,lt,Boissy-aux-Cailles
123092702,1598607,lt,Boissy
123092856,1598609,lt,Boissise-le-Roi
123092933,1598610,lt,Boissise-la-Bertrand
123093241,1598614,lt,Boissieres
123093318,1598615,lt,Boissieres
123093395,1598616,lt,Boissezon
123093549,1598618,lt,Boissey-le-Chatel
123093626,1598619,lt,Boissey
123093703,1598620,lt,Boissey
123093780,1598621,lt,Boisseuilh
123093857,1598622,lt,Boisseuil
123094165,1598626,lt,Boissettes
123094242,1598627,lt,Boisset-Saint-Priest
123094319,1598628,lt,Boissets
123094473,1598630,lt,Boisset-les-Prevanches
123094550,1598631,lt,Boisset-les-Montrond
123094704,1598633,lt,Boisset
123094858,1598635,lt,Boisset
123095012,1598637,lt,Boissets
123095320,1598641,lt,Boisseron
123095397,1598642,lt,Boisserolles
123095551,1598644,lt,Boisse-Penchot
123095936,1598649,lt,Boissei-la-Lande
123096013,1598650,lt,Boissede
123096167,1598652,lt,Boisseaux
123096244,1598653,lt,Boisseau
123096398,1598655,lt,Boisse
123096552,1598657,lt,Boissay
123097168,1598665,lt,Bois-Sainte-Marie
123097476,1598669,lt,Boisroger
123097861,1598674,lt,Boisredon
123097938,1598675,lt,Boisrault
123098092,1598677,lt,Bois-Normand-pres-Lyre
123098246,1598679,lt,Boisney
123098400,1598681,lt,Boismorand
123098477,1598682,lt,Boismont
123098554,1598683,lt,Boismont
123098708,1598685,lt,Boismé
123098862,1598687,lt,Bois-l'Eveque
123098939,1598688,lt,Boisleux-Saint-Mark
123099016,1598689,lt,Boisleux-au-Mont
123099170,1598691,lt,Bois-les-Pargny
123099247,1598692,lt,Bois-le-Roi
123099324,1598693,lt,Bois-le-Roi
123099709,1598698,lt,Bois-Jerome-Saint-Ouen
123099786,1598699,lt,Boisjean
123099940,1598701,lt,Bois-Himont
123100017,1598702,lt,Bois-Herpin
123100094,1598703,lt,Bois-Heroult
123100248,1598705,lt,Bois-Guillaume
123100325,1598706,lt,Bois-Guilbert
123100402,1598707,lt,Bois-Grenier
123100710,1598711,lt,Boisgervilly
123100941,1598714,lt,Boisgasson
123101249,1598718,lt,Boisemont
123101326,1598719,lt,Boisemont
123101480,1598721,lt,Boisdon
123101557,1598722,lt,Boisdinghem
123101711,1598724,lt,Bois-d'Ennebourg
123102019,1598728,lt,Bois-de-la-Pierre
123102173,1598730,lt,Bois-de-Gand
123102327,1598732,lt,Bois-de-Céné
123102404,1598733,lt,Bois-d'Arcy
123102635,1598736,lt,Bois-d'Amont
123102712,1598737,lt,Boiscommun
123102789,1598738,lt,Bois-Colombes
123103251,1598744,lt,Boisbreteau
123103482,1598747,lt,Bois-Bernard
123103559,1598748,lt,Boisbergues
123104252,1598757,lt,Bois-Arnault
123104329,1598758,lt,Bois-Anzeray
123104406,1598759,lt,Bois
123104483,1598760,lt,Boiry-Saint-Martin
123104560,1598761,lt,Boiry-Sainte-Rictrude
123104637,1598762,lt,Boiry-Notre-Dame
123104714,1598763,lt,Boiry-Becquerelle
123104945,1598766,lt,Boinvilliers
123105022,1598767,lt,Boinville-le-Gaillard
123105099,1598768,lt,Boinville-en-Woevre
123105176,1598769,lt,Boinville-en-Mantois
123105484,1598773,lt,Boigny-sur-Bionne
123105715,1598776,lt,Boigneville
123105946,1598779,lt,Bohas-Meyriat-Rignat
123106023,1598780,lt,Bohars
123106100,1598781,lt,Bohal
123106177,1598782,lt,Bohain-en-Vermandois
123106254,1598783,lt,Bogy
123106408,1598785,lt,Bogeve
123106562,1598787,lt,Boffres
123106793,1598790,lt,Boeurs-en-Othe
123106870,1598791,lt,Boesse-le-Sec
123106947,1598792,lt,Boesses
123107024,1598793,lt,Boesse
123107101,1598794,lt,Bœsenbiesen
123107178,1598795,lt,Boeseghem
123107255,1598796,lt,Boeschepe
123107332,1598797,lt,Bœrsch
123107640,1598801,lt,Boen-sur-Lignon
123107717,1598802,lt,Boeil-Bezing
123107794,1598803,lt,Boege
123107871,1598804,lt,Boece
123107948,1598805,lt,Boé
123108256,1598809,lt,Bodilis
123108795,1598816,lt,Bocquence
123108872,1598817,lt,Bocquegney
123108949,1598818,lt,Bocognano
123109103,1598820,lt,Boce
123109257,1598822,lt,Le Bocasse
123109334,1598823,lt,Bobital
123109411,1598824,lt,Bobinji
123109488,1598825,lt,Blyes
123109565,1598826,lt,Blye
123109642,1598827,lt,Blussans
123109719,1598828,lt,Blussangeaux
123109873,1598830,lt,Blumeray
123109950,1598831,lt,Bluffy
123110104,1598833,lt,Bloye
123110258,1598835,lt,Bloussonas
123110335,1598836,lt,Blou
123110412,1598837,lt,Blotzheim
123110489,1598838,lt,Blot-l'Eglise
123110643,1598840,lt,Blosville
123110720,1598841,lt,Bonsecours
123110797,1598842,lt,Blosseville
123110874,1598843,lt,Blonville-sur-Mer
123110951,1598844,lt,Blondefontaine
123111105,1598846,lt,Blond
123111182,1598847,lt,Pablo Amaya
123111259,1598848,lt,Blomard
123111336,1598849,lt,Blomac
123111413,1598850,lt,Blois-sur-Seille
123111490,1598851,lt,Blua
123111567,1598852,lt,Blodelsheim
123111644,1598853,lt,Blismes
123111721,1598854,lt,Blis-et-Born
123111875,1598856,lt,Blingel
123111952,1598857,lt,Blincourt
123112029,1598858,lt,Bligny-sur-Ouche
123112106,1598859,lt,Bligny-le-Sec
123112183,1598860,lt,Bligny-les-Beaune
123112260,1598861,lt,Byliny Nowe
123112337,1598862,lt,Bligny
123112414,1598863,lt,Bligny
123112568,1598865,lt,Blignicourt
123112645,1598866,lt,Blieux
123112722,1598867,lt,Blies-Guersviller
123112799,1598868,lt,Blies-Ebersing
123112876,1598869,lt,Bliesbruck
123112953,1598870,lt,Blienschwiller
123113030,1598871,lt,Blicourt
123113184,1598873,lt,Blevy
123113415,1598876,lt,Bleves
123113492,1598877,lt,Blevaincourt
123113569,1598878,lt,Bleury
123113723,1598880,lt,Bleurville
123113800,1598881,lt,Bletterans
123113877,1598882,lt,Blet
123113954,1598883,lt,Blessy
123114031,1598884,lt,Blessonville
123114262,1598887,lt,Blessac
123114339,1598888,lt,Blesmes
123114416,1598889,lt,Blesme
123114493,1598890,lt,Blesle
123114570,1598891,lt,Blesignac
123114724,1598893,lt,Bléruais
123114878,1598895,lt,Bléré
123114955,1598896,lt,Blercourt
123115032,1598897,lt,Blérancourt
123115186,1598899,lt,Blequin
123115263,1598900,lt,Blenod-les-Toul
123115340,1598901,lt,Blenod-les-Pont-a-Mousson
123115417,1598902,lt,Blennes
123115494,1598903,lt,Bleneau
123115571,1598904,lt,Blendecques
123115725,1598906,lt,Blemerey
123115802,1598907,lt,Bleigny-le-Carreau
123115956,1598909,lt,Blégiers
123116033,1598910,lt,Blecourt
123116110,1598911,lt,Blecourt
123116264,1598913,lt,Blaziert
123116341,1598914,lt,Blaymont
123116418,1598915,lt,Blaye-les-Mines
123116495,1598916,lt,Blay
123116572,1598917,lt,Blavozy
123116726,1598919,lt,Blavignac
123116880,1598921,lt,Blauzac
123116957,1598922,lt,Blauvac
123117034,1598923,lt,Blausasc
123117188,1598925,lt,Blaudeix
123117265,1598926,lt,Blassac
123117342,1598927,lt,La Isla
123117419,1598928,lt,Blasimon
123117496,1598929,lt,Blaru
123117573,1598930,lt,Blars
123117650,1598931,lt,Blaringhem
123117804,1598933,lt,Blargies
123117881,1598934,lt,Blanzy-lès-Fismes
123117958,1598935,lt,Blanzy-la-Salonnaise
123118035,1598936,lt,Blanzy
123118189,1598938,lt,Blanzay-sur-Boutonne
123118266,1598939,lt,Blanzay
123118420,1598941,lt,Blanzat
123118497,1598942,lt,Blanzaguet-Saint-Cybard
123118651,1598944,lt,Blanzac-les-Matha
123118728,1598945,lt,Blanzakas
123118805,1598946,lt,Blanzac-Porcheresse
123118959,1598948,lt,Blanzakas
123119036,1598949,lt,Blanquefort-sur-Briolance
123119267,1598952,lt,Blanot
123119344,1598953,lt,Blanot
123119421,1598954,lt,Ban Na Hy
123119575,1598956,lt,Blangy-Tronville
123119652,1598957,lt,Blangy-sur-Ternoise
123119729,1598958,lt,Blangy-sur-Bresle
123119806,1598959,lt,Blangy-sous-Poix
123119883,1598960,lt,Blangy-le-Chateau
123120114,1598963,lt,Blangerval-Blangermont
123120191,1598964,lt,Blangermont
123120268,1598965,lt,Blandy
123120345,1598966,lt,Blandy
123120499,1598968,lt,Blandouet
123120576,1598969,lt,Blandin
123120730,1598971,lt,Blandas
123120807,1598972,lt,Blandainville
123121038,1598975,lt,Blancheville
123121500,1598981,lt,Blanchefontaine
123121654,1598983,lt,Blanche-Eglise
123122116,1598989,lt,Blancfosse
123122193,1598990,lt,Blancey
123122270,1598991,lt,Blancafort
123122655,1598996,lt,Blan
123122732,1598997,lt,Blâmont
123122809,1598998,lt,Blamont
123122963,1599000,lt,Blajan
123123117,1599002,lt,Blaisy-Haut
123123194,1599003,lt,La Ceiba
123123271,1599004,lt,Blaisy
123123425,1599006,lt,Blaison-Gohier
123123579,1599008,lt,Blaise-sous-Arzillieres
123123656,1599009,lt,Blaise
123123733,1599010,lt,Blaise
123123810,1599011,lt,Blairville
123123887,1599012,lt,Blainville-sur-Orne
123123964,1599013,lt,Blainville-sur-Mer
123124041,1599014,lt,Blainville-sur-l'Eau
123124118,1599015,lt,Blainville-Crevon
123124349,1599018,lt,Blaincourt-sur-Aube
123124426,1599019,lt,Blaincourt-lès-Précy
123124503,1599020,lt,Blain
123124580,1599021,lt,Lignan
123124657,1599022,lt,Blaignac
123124734,1599023,lt,Blagny-sur-Vingeanne
123124811,1599024,lt,Blagny
123124888,1599025,lt,Blagnac
123124965,1599026,lt,Blaesheim
123125042,1599027,lt,Blacy
123125119,1599028,lt,Blacy
123125196,1599029,lt,Blacqueville
123125273,1599030,lt,Blacourt
123125504,1599033,lt,Blace
123125735,1599036,lt,Bizous
123125812,1599037,lt,Bizou
123125889,1599038,lt,Bizonnes
123125966,1599039,lt,Biziat
123126043,1599040,lt,Bizeneuille
123126120,1599041,lt,Bize-Minervois
123126197,1599042,lt,Bize
123126274,1599043,lt,Bize
123126351,1599044,lt,Bizanos
123126428,1599045,lt,Bizanet
123126582,1599047,lt,Bivilliers
123126659,1599048,lt,Biville-sur-Mer
123126736,1599049,lt,Biville-la-Riviere
123126813,1599050,lt,Biville-la-Baignarde
123126967,1599052,lt,Biville
123127044,1599053,lt,Biviers
123127121,1599054,lt,Bives
123127275,1599056,lt,Bitschwiller-les-Thann
123127352,1599057,lt,Bitschhoffen
123127429,1599058,lt,Bitry
123127583,1599060,lt,Bitry
123127814,1599063,lt,Bitche
123127968,1599065,lt,Bistroff
123128045,1599066,lt,Bisten-en-Lorraine
123128122,1599067,lt,Bissy-sur-Fley
123128199,1599068,lt,Bissy-sous-Uxelles
123128276,1599069,lt,Bissy-la-Maconnaise
123128430,1599071,lt,Bissieres
123128507,1599072,lt,Bissezeele
123128584,1599073,lt,Bissey-sous-Cruchaud
123128661,1599074,lt,Bissey-la-Pierre
123128738,1599075,lt,Bissey-la-Cote
123128815,1599076,lt,Bisseuil
123128892,1599077,lt,Bissert
123129200,1599081,lt,Bislee
123129277,1599082,lt,Bisinchi
123129508,1599085,lt,Bisel
123129585,1599086,lt,Bischwiller
123129662,1599087,lt,Bischwihr
123129816,1599089,lt,Bischoffsheim
123129893,1599090,lt,Bischholtz
123129970,1599091,lt,Bischheim
123130124,1599093,lt,Biscarrosse
123130201,1599094,lt,Bironas
123130278,1599095,lt,Bironas
123130355,1599096,lt,Bironas
123130432,1599097,lt,Birlenbach
123130509,1599098,lt,Birkenwald
123130586,1599099,lt,Birieux
123130663,1599100,lt,Biriatou
123130740,1599101,lt,Biras
123130817,1599102,lt,Biran
123130971,1599104,lt,Birac-sur-Trec
123131048,1599105,lt,Birac
123131125,1599106,lt,Birac
123131202,1599107,lt,Biozat
123131279,1599108,lt,Bioussac
123131433,1599110,lt,Bioule
123131587,1599112,lt,Biot
123131664,1599113,lt,Bionville-sur-Nied
123131741,1599114,lt,Bionville
123131972,1599117,lt,Bioncourt
123132049,1599118,lt,Bion
123132126,1599119,lt,Biollet
123132203,1599120,lt,Bio
123132280,1599121,lt,Binson-et-Orquigny
123132434,1599123,lt,Biniville
123132511,1599124,lt,Bining
123132588,1599125,lt,Binic
123132665,1599126,lt,Binges
123132742,1599127,lt,Bindernheim
123132819,1599128,lt,Binas
123132973,1599130,lt,Binarville
123133050,1599131,lt,Bimont
123133127,1599132,lt,Bilwisheim
123133204,1599133,lt,Biltzheim
123133358,1599135,lt,Billy-sur-Ourcq
123133435,1599136,lt,Billy-sur-Oisy
123133512,1599137,lt,Billy-sur-Aisne
123133589,1599138,lt,Billy-sous-Mangiennes
123133666,1599139,lt,Billy-sous-les-Côtes
123133743,1599140,lt,Billy-Montigny
123133820,1599141,lt,Billy-les-Chanceaux
123133897,1599142,lt,Billy-le-Grand
123133974,1599143,lt,Billy-Chevannes
123134051,1599144,lt,Billy-Berclau
123134128,1599145,lt,Billy
123134205,1599146,lt,Billy
123134282,1599147,lt,Billy
123134513,1599150,lt,Billom
123134590,1599151,lt,Billio
123134744,1599153,lt,Billiers
123134898,1599155,lt,Billieme
123134975,1599156,lt,Bilylivka
123135052,1599157,lt,Billezois
123135129,1599158,lt,Billey
123135206,1599159,lt,Billère
123135360,1599161,lt,Billé
123135591,1599164,lt,Billancourt
123135668,1599165,lt,Billancelles
123135745,1599166,lt,Bilhac
123135822,1599167,lt,Bilieu
123136130,1599171,lt,Bilhères
123136515,1599176,lt,Bihucourt
123136669,1599178,lt,Bihorel
123136900,1599181,lt,Biguglia
123137208,1599185,lt,Bigorno
123137439,1599188,lt,Bignoux
123137593,1599190,lt,Bignicourt-sur-Saulx
123137670,1599191,lt,Bignicourt-sur-Marne
123137747,1599192,lt,Bignicourt
123137824,1599193,lt,Bignay
123137901,1599194,lt,Bignan
123137978,1599195,lt,Bignac
123138055,1599196,lt,Bigaroque
123138132,1599197,lt,Biganos
123138286,1599199,lt,Biffontaine
123138440,1599201,lt,Bievres
123138517,1599202,lt,Bievres
123138594,1599203,lt,Bievre
123138671,1599204,lt,Biéville-Beuville
123138748,1599205,lt,Bieville-Quetieville
123138825,1599206,lt,Bieville
123138902,1599207,lt,Bieuzy
123139056,1599209,lt,Bieujac
123139133,1599210,lt,Bietlenheim
123139287,1599212,lt,Biesles
123139364,1599213,lt,Biesheim
123139441,1599214,lt,Bierville
123139672,1599217,lt,Biert
123139749,1599218,lt,Bierry-les-Belles-Fontaines
123139903,1599220,lt,Bierre-les-Semur
123140134,1599223,lt,Bierne
123140288,1599225,lt,Bierne
123140365,1599226,lt,Biermont
123140442,1599227,lt,Biemes
123140750,1599231,lt,Bienvillers-au-Bois
123140904,1599233,lt,Bienville
123141366,1599239,lt,Biencourt-sur-Orge
123141443,1599240,lt,Biencourt
123141597,1599242,lt,Bielle
123141674,1599243,lt,Biefvillers-les-Bapaume
123141751,1599244,lt,Biefmorin
123141828,1599245,lt,Bief-du-Fourg
123141905,1599246,lt,Bief-des-Maisons
123141982,1599247,lt,Bief
123142059,1599248,lt,Biederthal
123142136,1599249,lt,Biecourt
123142290,1599251,lt,Bidon
123142367,1599252,lt,Biding
123142444,1599253,lt,Bidestroff
123142521,1599254,lt,Bidart
123142598,1599255,lt,Bidarray
123142675,1599256,lt,Bidache
123142752,1599257,lt,Bicqueley
123142829,1599258,lt,Bickenholtz
123142906,1599259,lt,Biches
123143137,1599262,lt,Bichancourt
123143291,1599264,lt,Bibost
123143368,1599265,lt,Biblisheim
123143445,1599266,lt,Bibiche
123143676,1599269,lt,Biaudos
123143753,1599270,lt,Bias
123143830,1599271,lt,Bias
123143984,1599273,lt,Biars-sur-Cere
123144061,1599274,lt,Biarrotte
123144138,1599275,lt,Bjaricas
123144215,1599276,lt,Biarre
123144292,1599277,lt,Biarne
123144523,1599280,lt,Biard
123144600,1599281,lt,Bians-les-Usiers
123144677,1599282,lt,Biache-Saint-Vaast
123144754,1599283,lt,Biaches
123144831,1599284,lt,Bezu-Saint-Germain
123144908,1599285,lt,Bezu-Saint-Eloi
123144985,1599286,lt,Bezu-le-Guery
123145062,1599287,lt,Bezu-la-Foret
123145139,1599288,lt,Bezues-Bajon
123145216,1599289,lt,Bezouotte
123145293,1599290,lt,Bezouce
123145370,1599291,lt,Bezons
123145447,1599292,lt,Bezolles
123145601,1599294,lt,Bezinghem
123145678,1599295,lt,Bezjė
123145755,1599296,lt,Bez-et-Esparon
123145832,1599297,lt,Bezeril
123145909,1599298,lt,Bézenet
123146140,1599301,lt,Bézenac
123146217,1599302,lt,Bèze
123146294,1599303,lt,Bezaumont
123146371,1599304,lt,Bezaudun-sur-Bine
123146448,1599305,lt,Bezaudun-les-Alpes
123146525,1599306,lt,Bezannes
123146602,1599307,lt,Bezange-la-Petite
123146679,1599308,lt,Bezange-la-Grande
123146756,1599309,lt,Bezancourt
123146833,1599310,lt,Bezalles
123146987,1599312,lt,Bezac
123147141,1599314,lt,Bey-sur-Seille
123147218,1599315,lt,Beyssenac
123147295,1599316,lt,Beyssac
123147526,1599319,lt,Beris
123147603,1599320,lt,Beyrie-en-Béarn
123147680,1599321,lt,Beyrie-sur-Joyeuse
123147757,1599322,lt,Beyren-les-Sierck
123147834,1599323,lt,Beyrede
123147911,1599324,lt,Beynost
123148065,1599326,lt,Buenues
123148142,1599327,lt,Buenues
123148296,1599329,lt,Beynat
123148373,1599330,lt,Beynac-et-Cazenac
123148450,1599331,lt,Beynac
123148604,1599333,lt,Beylongue
123148681,1599334,lt,Beychakas
123148758,1599335,lt,Bey
123148835,1599336,lt,bey
123148912,1599337,lt,Bevy
123148989,1599338,lt,Bevons
123149066,1599339,lt,Bevillers
123149143,1599340,lt,Beville-le-Comte
123149220,1599341,lt,Beveuge
123149297,1599342,lt,Bevenais
123149374,1599343,lt,Beuzevillette
123149451,1599344,lt,Beuzeville-la-Guerard
123149528,1599345,lt,Beuzeville-la-Grenier
123149682,1599347,lt,Beuzeville-la-Bastille
123149836,1599349,lt,Beuzeville
123149990,1599351,lt,Beuzec-Cap-Sizun
123150067,1599352,lt,Beuxes
123150144,1599353,lt,Beux
123150221,1599354,lt,Beuvry-la-Foret
123150298,1599355,lt,Beuvry
123150375,1599356,lt,Beuvron-en-Auge
123150452,1599357,lt,Beuvron
123150529,1599358,lt,Beuvrigny
123150606,1599359,lt,Beuvrequen
123150760,1599361,lt,Beuvraignes
123150837,1599362,lt,Beuvrages
123150914,1599363,lt,Beuvillers
123150991,1599364,lt,Beuvillers
123151222,1599367,lt,Beuvezin
123151299,1599368,lt,Beuveille
123151376,1599369,lt,Beuvardes
123151530,1599371,lt,Beutin
123151607,1599372,lt,Beutal
123151684,1599373,lt,Beuste
123151761,1599374,lt,Beussent
123151838,1599375,lt,Beurville
123151915,1599376,lt,Beurieres
123151992,1599377,lt,Beurlay
123152069,1599378,lt,Beurizot
123152146,1599379,lt,Beurey-sur-Saulx
123152223,1599380,lt,Beurey-Bauguay
123152300,1599381,lt,Beurey
123152454,1599383,lt,Beure
123152531,1599384,lt,Beulotte-Saint-Laurent
123152762,1599387,lt,Beuil
123152839,1599388,lt,Beugny
123152916,1599389,lt,Beugnon
123153070,1599391,lt,Beugnies
123153147,1599392,lt,Beugneux
123153224,1599393,lt,Beugnatre
123153301,1599394,lt,Beugin
123153378,1599395,lt,Betz-le-Château
123153455,1599396,lt,Betz
123153609,1599398,lt,Bettwiller
123153686,1599399,lt,Bettviller
123153763,1599400,lt,Bettrechies
123153917,1599402,lt,Bettoncourt
123153994,1599403,lt,Betton-Bettonet
123154071,1599404,lt,Betton
123154148,1599405,lt,Bettlach
123154225,1599406,lt,Betting
123154302,1599407,lt,Bettignies
123154379,1599408,lt,Betteville
123154456,1599409,lt,Bettes
123154533,1599410,lt,Bettendorfas
123154610,1599411,lt,Bettencourt-Saint-Ouen
123154687,1599412,lt,Bettencourt-Riviere
123154764,1599413,lt,Bettembos
123154841,1599414,lt,Bettelainville
123154918,1599415,lt,Bettegney-Saint-Brice
123154995,1599416,lt,Bettange-sur-Mess
123155072,1599417,lt,Bettant
123155149,1599418,lt,Bettange
123155226,1599419,lt,Bettancourt-la-Longue
123155303,1599420,lt,Bettancourt-la-Ferree
123155380,1599421,lt,Bettainvillers
123155457,1599422,lt,Bettaincourt-sur-Rognon
123155611,1599424,lt,Bétracq
123155688,1599425,lt,Betpouy
123155765,1599426,lt,Betpouey
123155842,1599427,lt,Betplan
123155919,1599428,lt,Betous
123156073,1599430,lt,Betoncourt-sur-Mance
123156150,1599431,lt,Betoncourt-Saint-Pancras
123156227,1599432,lt,Betoncourt-les-Menetriers
123156304,1599433,lt,Betoncourt-les-Brotte
123156381,1599434,lt,Beton-Bazoches
123156612,1599437,lt,Bethune
123156689,1599438,lt,Bethonvilliers
123156766,1599439,lt,Bethonvilliers
123156843,1599440,lt,Béthonsart
123156920,1599441,lt,Bethoncourt
123156997,1599442,lt,Bethon
123157074,1599443,lt,Bethon
123157151,1599444,lt,Bethmale
123157228,1599445,lt,Béthisy-Saint-Pierre
123157305,1599446,lt,Béthisy-Saint-Martin
123157382,1599447,lt,Bethines
123157536,1599449,lt,Bétheny
123157613,1599450,lt,Betheniville
123157767,1599452,lt,Bethencourt-sur-Somme
123157844,1599453,lt,Bethencourt-sur-Mer
123157998,1599455,lt,Béthencourt
123158229,1599458,lt,Béthemont-la-Forêt
123158306,1599459,lt,Béthelainville
123158383,1599460,lt,Bethancourt-en-vaux
123158460,1599461,lt,Bethancourt-en-Valois
123158537,1599462,lt,Betete
123158614,1599463,lt,Betchat
123158691,1599464,lt,Betcave-Aguin
123158768,1599465,lt,Betbezer-d'Armagnac
123158922,1599467,lt,Betaucourt
123159076,1599469,lt,Betaille
123159384,1599473,lt,Bessy-sur-Cure
123159538,1599475,lt,Bessuejouls
123159769,1599478,lt,Bessonies
123159846,1599479,lt,Bessoncourt
123159923,1599480,lt,Besson
123160231,1599484,lt,Bessines
123160308,1599485,lt,Bessines-sur-Gartempe
123160385,1599486,lt,Bessines
123160539,1599488,lt,Bessieres
123160770,1599491,lt,Bessey-les-Citeaux
123160847,1599492,lt,Bessey-la-Cour
123160924,1599493,lt,Bessey-en-Chaume
123161001,1599494,lt,Bessey
123161155,1599496,lt,Besset
123161232,1599497,lt,Besse-sur-Issole
123161309,1599498,lt,Besse-sur-Braye
123161617,1599502,lt,Bessens
123161694,1599503,lt,Bessenay
123161848,1599505,lt,Bessèges
123161925,1599506,lt,Besse-et-Saint-Anastaise
123162002,1599507,lt,Bessede-de-Sault
123162156,1599509,lt,Besse
123162387,1599512,lt,Besse
123162541,1599514,lt,Besse
123162618,1599515,lt,Besse
123162695,1599516,lt,Besse
123162772,1599517,lt,Bessay-sur-Allier
123163003,1599520,lt,Bessay
123163234,1599523,lt,Bessas
123163388,1599525,lt,Bessans
123163465,1599526,lt,Bessancourt
123163542,1599527,lt,Bessan
123163619,1599528,lt,Bessais-le-Fromental
123163773,1599530,lt,Bessac
123163850,1599531,lt,Besny-et-Loizy
123164004,1599533,lt,Besneville
123164081,1599534,lt,Besnė
123164235,1599536,lt,Besnans
123164312,1599537,lt,Besmont
123164389,1599538,lt,Besme
123164466,1599539,lt,Beslon
123164697,1599542,lt,Bésingrand
123164774,1599543,lt,Besignan
123164851,1599544,lt,Bescat
123164928,1599545,lt,Besayes
123165005,1599546,lt,Bezansonas
123165082,1599547,lt,Besain
123165159,1599548,lt,Berzy-le-Sec
123165236,1599549,lt,Berzieux
123165390,1599551,lt,Berzeme
123165467,1599552,lt,Berze-le-Chatel
123165544,1599553,lt,Berze-la-Ville
123165621,1599554,lt,Berville-sur-Seine
123165698,1599555,lt,Berville-sur-Mer
123165775,1599556,lt,Berviller-en-Moselle
123165852,1599557,lt,Berville-la-Campagne
123165929,1599558,lt,Berville-en-Roumois
123166160,1599561,lt,Berville
123166237,1599562,lt,Berville
123166391,1599564,lt,Berus
123166468,1599565,lt,Berulle
123166545,1599566,lt,Béruges
123166622,1599567,lt,Beru
123166699,1599568,lt,Bertry
123166930,1599571,lt,Bertrimoutier
123167007,1599572,lt,Bertrimont
123167084,1599573,lt,Bertricourt
123167161,1599574,lt,Bertrichamps
123167238,1599575,lt,Bertric-Burée
123167315,1599576,lt,Bertreville-Saint-Ouen
123167392,1599577,lt,Bertreville
123167469,1599578,lt,Bertren
123167546,1599579,lt,Bertre
123167700,1599581,lt,Bertrange
123167931,1599584,lt,Bertrancourt
123168085,1599586,lt,Bertrambois
123168316,1599589,lt,Bertoncourt
123168547,1599592,lt,Bertincourtas
123168701,1599594,lt,Bertignolles
123169009,1599598,lt,Bertignat
123169240,1599601,lt,Berthouville
123169394,1599603,lt,Bertholene
123169471,1599604,lt,Berthez
123169625,1599606,lt,Berthenonville
123169702,1599607,lt,Berthenicourt
123169779,1599608,lt,Berthenay
123169856,1599609,lt,Berthen
123170087,1599612,lt,Berthelming
123170164,1599613,lt,Berthelange
123170241,1599614,lt,Berthegon
123170318,1599615,lt,Berthecourt
123170472,1599617,lt,Bertheauville
123170626,1599619,lt,Berteaucourt-les-Thennes
123170703,1599620,lt,Berteaucourt-les-Dames
123170780,1599621,lt,Bertaucourt-Epourdon
123170857,1599622,lt,Bertangles
123171088,1599625,lt,Bert
123171242,1599627,lt,Berstheim
123171319,1599628,lt,Berstett
123171396,1599629,lt,Berson
123171473,1599630,lt,Bersillies
123171550,1599631,lt,Berehovė
123171627,1599632,lt,Bersaillin
123171704,1599633,lt,Bersac-sur-Rivalier
123171781,1599634,lt,Berry-Bouy
123171858,1599635,lt,Berry-au-Bac
123172012,1599637,lt,Berrwiller
123172089,1599638,lt,Berru
123172166,1599639,lt,Berrogain-Laruns
123172243,1599640,lt,Berrieux
123172320,1599641,lt,Berrien
123172397,1599642,lt,Berrie
123172474,1599643,lt,Berric
123172551,1599644,lt,Berrias-et-Casteljau
123172628,1599645,lt,Berriac
123172705,1599646,lt,Berre-l'Étang
123172782,1599647,lt,Berre-les-Alpes
123172936,1599649,lt,Berrac
123173090,1599651,lt,Berou-la-Mulotiere
123173244,1599653,lt,Berny-Riviere
123173321,1599654,lt,Berny-en-Santerre
123173398,1599655,lt,Bernwiller
123173475,1599656,lt,Bernouville
123173552,1599657,lt,Bernouil
123173629,1599658,lt,Bernot
123173706,1599659,lt,Bernos-Beaulac
123173783,1599660,lt,Bernon
123173937,1599662,lt,Bernolsheim
123174014,1599663,lt,Bernis
123174091,1599664,lt,Bernin
123174168,1599665,lt,Bernieulles
123174245,1599666,lt,Bernieres-sur-Seine
123174322,1599667,lt,Bernieres-sur-Mer
123174399,1599668,lt,Bernieres-le-Patry
123174476,1599669,lt,Bernieres-d'Ailly
123174553,1599670,lt,Bernieres
123174861,1599674,lt,Bernienville
123175015,1599676,lt,Bernex
123175092,1599677,lt,Berneville
123175169,1599678,lt,Berneval-le-Grand
123175323,1599680,lt,Berneuil-sur-Aisne
123175400,1599681,lt,Berneuil-en-Bray
123175477,1599682,lt,Berneuil
123175554,1599683,lt,Berneuil
123175631,1599684,lt,Berneuil
123175708,1599685,lt,Berneuil
123175785,1599686,lt,Bernes-sur-Oise
123175862,1599687,lt,Bernesq
123176016,1599689,lt,Bernes
123176247,1599692,lt,Bernede
123176324,1599693,lt,Bernecourt
123176401,1599694,lt,Berne
123176478,1599695,lt,Bernay-en-Ponthieu
123176555,1599696,lt,Bernay-Vilbert
123176632,1599697,lt,Bernay
123176709,1599698,lt,Bernay-en-Champagne
123176863,1599700,lt,Bernay-Saint-Martin
123176940,1599701,lt,Bernaville
123177094,1599703,lt,Bernardville
123177171,1599704,lt,Bernardswiller
123177556,1599709,lt,Bernadets-Dessus
123177633,1599710,lt,Bernadets-Debat
123177710,1599711,lt,Bernadets
123177787,1599712,lt,Bernac-Dessus
123177864,1599713,lt,Bernac-Debat
123177941,1599714,lt,Bernac
123178095,1599716,lt,Bernac
123178172,1599717,lt,Bermonville
123178249,1599718,lt,Bermontas
123178326,1599719,lt,Bermicourt
123178403,1599720,lt,Bermering
123178557,1599722,lt,Bermericourt
123178634,1599723,lt,Bermerain
123178788,1599725,lt,Berlou
123178865,1599726,lt,Berlise
123178942,1599727,lt,Berling
123179019,1599728,lt,Berles-Monchel
123179096,1599729,lt,Berles-au-Bois
123179173,1599730,lt,Berlencourt-le-Cauroy
123179250,1599731,lt,Berlats
123179327,1599732,lt,Berlancourt
123179404,1599733,lt,Berlancourt
123179481,1599734,lt,Berlaimont
123179558,1599735,lt,Berjou
123179635,1599736,lt,Berig-Vintrange
123179712,1599737,lt,Berigny
123179789,1599738,lt,Berhet
123179943,1599740,lt,Bergues-sur-Sambre
123180020,1599741,lt,Bergues
123180097,1599742,lt,Bergueneuse
123180174,1599743,lt,Berg-sur-Moselle
123180251,1599744,lt,Yergoemue
123180328,1599745,lt,Bergouey-Viellenave
123180405,1599746,lt,Bergonne
123180559,1599748,lt,Bergnicourt
123180636,1599749,lt,Bergicourt
123180790,1599751,lt,Bergholtzzell
123180867,1599752,lt,Bergholtz
123181021,1599754,lt,Bergheimas
123181098,1599755,lt,Bergesserin
123181329,1599758,lt,Bergeres-sous-Montmirail
123181406,1599759,lt,Bergeres-les-Vertus
123181483,1599760,lt,Bergeres
123181560,1599761,lt,Beržerakas
123181637,1599762,lt,Bergbieten
123181714,1599763,lt,Berganty
123181868,1599765,lt,Bergas
123181945,1599766,lt,Berfay
123182022,1599767,lt,Bereziat
123182099,1599768,lt,Bérenx
123182176,1599769,lt,Berentzwiller
123182253,1599770,lt,Berengeville-la-Campagne
123182330,1599771,lt,Berelles
123182407,1599772,lt,Berdoues
123182484,1599773,lt,Berd'huis
123182638,1599775,lt,Bercloux
123182792,1599777,lt,Berck
123182869,1599778,lt,Berck-Plage
123183100,1599781,lt,Bercheres-sur-Vesgre
123183177,1599782,lt,Bercheres-les-Pierres
123183254,1599783,lt,Bercheres-la-Maingot
123183331,1599784,lt,Berche
123183485,1599786,lt,Bercenay-le-Hayer
123183562,1599787,lt,Bercenay-en-Othe
123183716,1599789,lt,Berbiguières
123183793,1599790,lt,Berbezit
123183947,1599792,lt,Beraut
123184101,1599794,lt,Berat
123184332,1599797,lt,Béost
123184409,1599798,lt,Beon
123184486,1599799,lt,Beon
123184640,1599801,lt,Beny-sur-Mer
123184717,1599802,lt,Beny
123184794,1599803,lt,Bentayou
123184871,1599804,lt,Benquet
123185025,1599806,lt,Benque
123185102,1599807,lt,Benque
123185179,1599808,lt,Benouville
123185256,1599809,lt,Benouville
123185333,1599810,lt,Benonces
123185410,1599811,lt,Benon
123185487,1599812,lt,Benoitville
123185641,1599814,lt,Benoisey
123185718,1599815,lt,Bénodet
123185795,1599816,lt,Bennwihr
123185872,1599817,lt,Benney
123186026,1599819,lt,Bennetot
123186103,1599820,lt,Bennecourt
123186257,1599822,lt,Benivay-Ollon
123186334,1599823,lt,Bening-les-Saint-Avold
123186411,1599824,lt,Benifontaine
123186488,1599825,lt,Bengy-sur-Craon
123186565,1599826,lt,Benfeld
123186642,1599827,lt,Beney-en-Woevre
123186796,1599829,lt,Benevent-l'Abbaye
123186873,1599830,lt,Beneuvre
123187027,1599832,lt,Benet
123187104,1599833,lt,Benesville
123187181,1599834,lt,Benestroff
123187258,1599835,lt,Benest
123187335,1599836,lt,Benesse-Maremne
123187412,1599837,lt,Benesse-les-Dax
123187489,1599838,lt,Benerville-sur-Mer
123187566,1599839,lt,Bénéjacq
123187643,1599840,lt,Bendorf
123187720,1599841,lt,Bendejun
123187797,1599842,lt,Benayes
123187874,1599843,lt,Benay
123188259,1599848,lt,Benassay
123188336,1599849,lt,Benarville
123188413,1599850,lt,Benamenil
123188490,1599851,lt,Benaix
123188567,1599852,lt,Benais
123188644,1599853,lt,Benagues
123188721,1599854,lt,Benac
123188798,1599855,lt,Benac
123188875,1599856,lt,Bemecourt
123189029,1599858,lt,Belz
123189106,1599859,lt,Belvoir
123189183,1599860,lt,Belvis
123189260,1599861,lt,Belvianes-et-Cavirac
123189414,1599863,lt,Belvezet
123189491,1599864,lt,Belvézet
123189645,1599866,lt,Belveze-du-Razes
123189722,1599867,lt,Belveze
123189876,1599869,lt,Belves-de-Castillon
123189953,1599870,lt,Belvès
123190030,1599871,lt,Belverne
123190107,1599872,lt,Belvederis
123190261,1599874,lt,Belval-sous-Châtillon
123190338,1599875,lt,Belval-en-Argonne
123190415,1599876,lt,Belval-Boas-des-Dames
123190492,1599877,lt,Belval
123190569,1599878,lt,Belval
123190646,1599879,lt,Belval
123190723,1599880,lt,Belus
123190800,1599881,lt,Belrupt-en-Verdunois
123190877,1599882,lt,Belrupt
123191108,1599885,lt,Belpech
123191262,1599887,lt,Belonchamp
123191339,1599888,lt,Belmont-Tramonet
123191416,1599889,lt,Belmont-sur-Vair
123191493,1599890,lt,Belmont-sur-Rance
123191570,1599891,lt,Belmont-sur-Buttant
123191647,1599892,lt,Belmont-Sainte-Foi
123191724,1599893,lt,Belmont-les-Darney
123191801,1599894,lt,Belmontet
123191878,1599895,lt,Belmont-de-la-Loire
123191955,1599896,lt,Belmont-Bretenoux
123192032,1599897,lt,Belmontas
123192109,1599898,lt,Belmontas
123192186,1599899,lt,Belmontas
123192263,1599900,lt,Belmontas
123192340,1599901,lt,Belmontas
123192417,1599902,lt,Belmontas
123192571,1599904,lt,Belmontas
123192725,1599906,lt,Belmontas
123192802,1599907,lt,Belmesnil
123193033,1599910,lt,Belluire
123193110,1599911,lt,Belloy-Saint-Leonard
123193187,1599912,lt,Belloy-en-Santerre
123193264,1599913,lt,Belloy-en-France
123193341,1599914,lt,Belloy
123193418,1599915,lt,Belloy
123193495,1599916,lt,Bellou-sur-Huisne
123193572,1599917,lt,Bellou-le-Trichard
123193649,1599918,lt,Bellou-en-Houlme
123193726,1599919,lt,Bellou
123193803,1599920,lt,Bellot
123194034,1599923,lt,Bellonne
123194111,1599924,lt,Bellon
123194188,1599925,lt,Belloc-Saint-Clamens
123194265,1599926,lt,Bellocq
123194342,1599927,lt,Belloc
123194496,1599929,lt,Bellignies
123194573,1599930,lt,Belligné
123194650,1599931,lt,Bellignat
123194804,1599933,lt,Bellicourt
123194881,1599934,lt,Belleydoux
123195035,1599936,lt,Belley
123195112,1599937,lt,Bellevue-la-Montagne
123195728,1599945,lt,Belleville-sur-Vie
123195805,1599946,lt,Belleville
123195882,1599947,lt,Belleville-sur-Meuse
123195959,1599948,lt,Belleville-sur-Mer
123196036,1599949,lt,Belleville-et-Chatillon-sur-Bar
123196113,1599950,lt,Belleville-en-Caux
123196267,1599952,lt,Belleville
123196421,1599954,lt,Belleville-sur-Loire
123196575,1599956,lt,Belleville
123196729,1599958,lt,Bellevesvre
123196806,1599959,lt,Bellevaux
123196960,1599961,lt,Belleuse
123197037,1599962,lt,Belleu
123197268,1599965,lt,Bellesserre
123197345,1599966,lt,Belleserre
123197653,1599970,lt,Belleroche
123197730,1599971,lt,Bellerive-sur-Allier
123197807,1599972,lt,Belleray
123197884,1599973,lt,Bellentre
123197961,1599974,lt,Bellenot-sous-Pouilly
123198038,1599975,lt,Bellenod-sur-Seine
123198115,1599976,lt,Bellengreville
123198192,1599977,lt,Bellengreville
123198269,1599978,lt,Bellenglise
123198346,1599979,lt,Belenoezue
123198423,1599980,lt,Belencombre
123198500,1599981,lt,Bellenaves
123198577,1599982,lt,Bellême
123198654,1599983,lt,Bellemagny
123198731,1599984,lt,Belle-Isle-en-Terre
123198808,1599985,lt,Belleherbe
123198962,1599987,lt,Bellegarde-sur-Valserine
123199039,1599988,lt,Bellegarde-Poussieu
123199116,1599989,lt,Bellegarde-en-Marche
123199193,1599990,lt,Bellegarde-en-Forez
123199270,1599991,lt,Bellegarde-en-Diois
123199347,1599992,lt,Bellegarde-du-Razes
123199424,1599993,lt,Bellegarde
123199501,1599994,lt,Bellegarde
123199732,1599997,lt,Bellegarde
123199809,1599998,lt,Bellegarde
123199963,1600000,lt,Bellegarde-Sainte-Marie
123200117,1600002,lt,Bellefosse
123200271,1600004,lt,Bellefontaine
123200425,1600006,lt,Bellefontaine
123200502,1600007,lt,Bellefontaine
123200579,1600008,lt,Bellefontaine
123200656,1600009,lt,Bellefond
123200733,1600010,lt,Bellefond
123200810,1600011,lt,Bellefond
123200964,1600013,lt,Belle-et-Houllefort
123201041,1600014,lt,Belle-Eglise
123201195,1600016,lt,Bellecombe-Tarendol
123201272,1600017,lt,Bellecombe-en-Bauges
123201503,1600020,lt,Bellechaume
123201657,1600022,lt,Bellechassagne
123201734,1600023,lt,Bellebrune
123201811,1600024,lt,Bellebat
123201888,1600025,lt,Belle
123201965,1600026,lt,Belle
123202042,1600027,lt,Bellavilliers
123202273,1600030,lt,Bellancourt
123202350,1600031,lt,Bellaing
123202427,1600032,lt,Bellaffaire
123202658,1600035,lt,Bellac
123202889,1600038,lt,Bélis
123203197,1600042,lt,Belin-Béliet
123203351,1600044,lt,Beligneux
123203659,1600048,lt,Belhomert-Guehouville
123203813,1600050,lt,Belhade
123203967,1600052,lt,Belgodère
123204044,1600053,lt,Belgentier
123204121,1600054,lt,Belgeard
123204275,1600056,lt,Belfort-du-Quercy
123204352,1600057,lt,Belforas
123204429,1600058,lt,Belfondsas
123204506,1600059,lt,Belflou
123204583,1600060,lt,Belfays
123204660,1600061,lt,Belfahy
123204737,1600062,lt,Beleymas
123204814,1600063,lt,Belesta-en-Lauragais
123204891,1600064,lt,Belesta
123204968,1600065,lt,Belesta
123205122,1600067,lt,Belcodene
123205199,1600068,lt,Belcastel-et-Buc
123205276,1600069,lt,Belcastel
123205353,1600070,lt,Belcastel
123205430,1600071,lt,Belcaire
123205507,1600072,lt,Belbeze-en-Comminges
123205584,1600073,lt,Belbeze-de-Lauragais
123205661,1600074,lt,Belbeuf
123205738,1600075,lt,Belbeze-en-Lomagne
123205815,1600076,lt,Belberaud
123205892,1600077,lt,Bélaye
123205969,1600078,lt,Belarga
123206123,1600080,lt,Belan-sur-Ource
123206893,1600090,lt,Bélâbre
123207201,1600094,lt,Beire-le-Fort
123207278,1600095,lt,Beire-le-Chatel
123207355,1600096,lt,Beinheim
123207432,1600097,lt,Beine-Nauroy
123207509,1600098,lt,Beine
123207586,1600099,lt,Beille
123207740,1600101,lt,Beignon
123207817,1600102,lt,Béhuard
123207894,1600103,lt,Behren-lès-Forbach
123207971,1600104,lt,Béhoust
123208048,1600105,lt,Béhorléguy
123208125,1600106,lt,Behonne
123208356,1600109,lt,Behericourt
123208433,1600110,lt,Béhencourt
123208510,1600111,lt,Behen
123208587,1600112,lt,Béhasque-Lapiste
123208664,1600113,lt,Behagnies
123208741,1600114,lt,Béguios
123208818,1600115,lt,Beguey
123208895,1600116,lt,Begues
123208972,1600117,lt,Begrolles-en-Mauges
123209203,1600120,lt,Begole
123209280,1600121,lt,Begnecourt
123209434,1600123,lt,Bègles
123209511,1600124,lt,Bégard
123209588,1600125,lt,Beganne
123209665,1600126,lt,Begadan
123209742,1600127,lt,Begaar
123209819,1600128,lt,Beffu-et-le-Morthomme
123209896,1600129,lt,Beffia
123209973,1600130,lt,Beffes
123210127,1600132,lt,Béduer
123210204,1600133,lt,Bedous
123210358,1600135,lt,Bedoues
123210512,1600137,lt,Bédoin
123210743,1600140,lt,Bedenac
123210897,1600142,lt,Bedeille
123210974,1600143,lt,Bedeille
123211051,1600144,lt,Bedeilhac-et-Aynat
123211128,1600145,lt,Bédée
123211205,1600146,lt,Bedechan
123211282,1600147,lt,Beddes
123211359,1600148,lt,Bédarrides
123211436,1600149,lt,Bédarieux
123211667,1600152,lt,Becquincourt
123211744,1600153,lt,Becquigny
123211821,1600154,lt,Becquigny
123211975,1600156,lt,Becourt
123212129,1600158,lt,Becordel-Becourt
123212283,1600160,lt,Becon-les-Granits
123212437,1600162,lt,Bechy
123212745,1600166,lt,Bécheresse
123212822,1600167,lt,Becherel
123212976,1600169,lt,Bechamps
123213130,1600171,lt,Beceleuf
123213207,1600172,lt,Bec-de-Mortagne
123213361,1600174,lt,Beccas
123213438,1600175,lt,Beblenheim
123213515,1600176,lt,Bebing
123213592,1600177,lt,Beauziac
123213669,1600178,lt,Beauzelle
123213823,1600180,lt,Bauzac
123213900,1600181,lt,Beaux
123213977,1600182,lt,Beauvoisin
123214054,1600183,lt,Beauvoisin
123214131,1600184,lt,Beauvoisin
123214208,1600185,lt,Beauvois-en-Vermandois
123214285,1600186,lt,Beauvois-en-Cambresis
123214362,1600187,lt,Beauvois
123214516,1600189,lt,Beauvoir-sur-Sarce
123214593,1600190,lt,Beauvoir-sur-Niort
123214670,1600191,lt,Beauvoir-sur-Mer
123214747,1600192,lt,Beauvoir-Wavans
123214824,1600193,lt,Beauvoir-en-Lyons
123214901,1600194,lt,Beauvoir-de-Marc
123214978,1600195,lt,Beauvoir
123215055,1600196,lt,Beauvoir
123215132,1600197,lt,Beauvoir
123215440,1600201,lt,Beauvoir
123215748,1600205,lt,Beauvoir-en-Royans
123215825,1600206,lt,Beauvilliers
123215979,1600208,lt,Beauvilliers
123216056,1600209,lt,Beauvilliers
123216133,1600210,lt,Beauville
123216210,1600211,lt,Beauville
123216364,1600213,lt,Beauvezer
123216518,1600215,lt,Beauvernois
123216595,1600216,lt,Beauvene
123216749,1600218,lt,Beauvau
123216826,1600219,lt,Beauvallon
123216903,1600220,lt,Beauvallon
123216980,1600221,lt,Beauval
123217057,1600222,lt,Beauval-en-Caux
123217134,1600223,lt,Beauvais-sur-Tescou
123217211,1600224,lt,Beauvais-sur-Matha
123217288,1600225,lt,Bovė
123217673,1600230,lt,Beauvais
123218289,1600238,lt,Beauvain
123218443,1600240,lt,Beautot
123218520,1600241,lt,Beautor
123218597,1600242,lt,Bautiran
123218751,1600244,lt,Beautheil
123218828,1600245,lt,Beauteville
123218982,1600247,lt,Beausse
123219059,1600248,lt,Beaussault
123219290,1600251,lt,Beaussais
123219367,1600252,lt,Beaussac
123219752,1600257,lt,Beausoleil
123219829,1600258,lt,Beausemblant
123219983,1600260,lt,Beauronne
123220060,1600261,lt,Beaurieux
123220137,1600262,lt,Beaurieux
123220214,1600263,lt,Beaurieres
123220368,1600265,lt,Beaurevoir
123220445,1600266,lt,Beaurepaire-sur-Sambre
123220522,1600267,lt,Beaurepaire-en-Bresse
123220676,1600269,lt,Beaurepaire
123220830,1600271,lt,Beaurepaire
123220984,1600273,lt,Beaurepaire
123221138,1600275,lt,Beaurepaire
123221292,1600277,lt,Beauregard-Vendon
123221369,1600278,lt,Beauregard-l'Eveque
123221446,1600279,lt,Beauregard-et-Bassac
123221523,1600280,lt,Beauregard-de-Terrasson
123221600,1600281,lt,Beauregard
123222524,1600293,lt,Beauregard
123222909,1600298,lt,Beauregard
123222986,1600299,lt,Beaurecueil
123223140,1600301,lt,Beaurainville
123223217,1600302,lt,Beaurains-les-Noyon
123223294,1600303,lt,Beaurains
123223371,1600304,lt,Beaurain
123223448,1600305,lt,Beauquesne
123223525,1600306,lt,Beaupuy
123223602,1600307,lt,Beaupuy
123223679,1600308,lt,Beaupuy
123223756,1600309,lt,Beaupuy
123223833,1600310,lt,Beaupréau
123223910,1600311,lt,Beaupouyet
123223987,1600312,lt,Beaupont
123224218,1600315,lt,Beaune-sur-Arzon
123224372,1600317,lt,Beaune-la-Rolande
123224449,1600318,lt,Beaune-d'Allier
123224526,1600319,lt,Bonas
123224834,1600323,lt,Beaune
123225065,1600326,lt,Beaunay
123225219,1600328,lt,Beaumotte-les-Pin
123225373,1600330,lt,Beaumont-Village
123225450,1600331,lt,Beaumont-sur-Vingeanne
123225527,1600332,lt,Beaumont-sur-Vesle
123225604,1600333,lt,Beaumont-sur-Sarthe
123225681,1600334,lt,Beaumont-sur-Oise
123225758,1600335,lt,Beaumont-sur-Leze
123225835,1600336,lt,Beaumont-sur-Grosne
123225912,1600337,lt,Beaumont-sur-Deme
123225989,1600338,lt,Beaumont-Sardolles
123226066,1600339,lt,Beaumont-Pied-de-Boeuf
123226143,1600340,lt,Beaumont-Pied-de-Boeuf
123226220,1600341,lt,Beaumont-Monteux
123226297,1600342,lt,Beaumont-les-Valence
123226374,1600343,lt,Beaumont-les-Randan
123226451,1600344,lt,Beaumont-les-Nonains
123226528,1600345,lt,Beaumont-les-Autels
123226605,1600346,lt,Beaumont-le-Roger
123226682,1600347,lt,Beaumont-le-Hareng
123226759,1600348,lt,Beaumont-la-Ronce
123226836,1600349,lt,Beaumont-la-Ferriere
123226913,1600350,lt,Beaumont-Hamel
123226990,1600351,lt,Beaumont-Hague
123227067,1600352,lt,Beaumont-en-Veron
123227144,1600353,lt,Beaumont-en-Gatinais
123227221,1600354,lt,Beaumont-en-Diois
123227298,1600355,lt,Beaumont-en-Cambresis
123227375,1600356,lt,Beaumont-en-Beine
123227452,1600357,lt,Beaumont-en-Auge
123227529,1600358,lt,Beaumont-en-Argonne
123227606,1600359,lt,Beaumontel
123227683,1600360,lt,Beaumont-du-Ventoux
123227760,1600361,lt,Beaumont-du-Périgord
123227837,1600362,lt,Beaumont-de-Pertuis
123227914,1600363,lt,Beaumont-de-Lomagne
123228453,1600370,lt,Bomontas
123228761,1600374,lt,Bomontas
123228915,1600376,lt,Bomontas
123229146,1600379,lt,Bomontas
123229300,1600381,lt,Beaumont-du-Lac
123229377,1600382,lt,Bomontas
123229454,1600383,lt,Bomontas
123229608,1600385,lt,Bomontas
123229685,1600386,lt,Bomontas
123229762,1600387,lt,Bomontas
123229993,1600390,lt,Beaumetz-les-Loges
123230070,1600391,lt,Beaumetz-les-Cambrai
123230147,1600392,lt,Beaumetz-les-Aire
123230224,1600393,lt,Beaumetz
123230301,1600394,lt,Beaumettes
123230455,1600396,lt,Beaumesnil
123230532,1600397,lt,Beaumesnil
123230609,1600398,lt,Beaumes-de-Venise
123230763,1600400,lt,Beaumerie-Saint-Martin
123230840,1600401,lt,Beaumenil
123230917,1600402,lt,Beaume
123230994,1600403,lt,Beaumat
123231148,1600405,lt,Beaumarches
123231302,1600407,lt,Beaumais
123231456,1600409,lt,Beaulon
123231610,1600411,lt,Beaulieu-sur-Sonnette
123231687,1600412,lt,Beaulieu-sur-Oudon
123231764,1600413,lt,Beaulieu-sur-Mer
123231841,1600414,lt,Beaulieu-sur-Loire
123231918,1600415,lt,Beaulieu-sur-Layon
123231995,1600416,lt,Beaulieu-sur-Dordogne
123232072,1600417,lt,Beaulieu-sous-Parthenay
123232149,1600418,lt,Beaulieu-sous-la-Roche
123232226,1600419,lt,Beaulieu-sous-Bressuire
123232303,1600420,lt,Beaulieu-lès-Loches
123232380,1600421,lt,Beaulieu-les-Fontaines
123232534,1600423,lt,Beaulieu
123232765,1600426,lt,Beaulieu
123232842,1600427,lt,Beaulieu
123233073,1600430,lt,Beaulieu
123233227,1600432,lt,Beaulieu
123233458,1600435,lt,Beaulieu
123233535,1600436,lt,Beaulieu
123233612,1600437,lt,Beaulieu
123233689,1600438,lt,Beaulieu
123233766,1600439,lt,Beaulieu
123233843,1600440,lt,Beaulieu
123234074,1600443,lt,Beaulencourt
123234151,1600444,lt,Beaulandais
123234228,1600445,lt,Beaujeu-Saint-Vallier-Pierrejux-et-Quitteur
123234305,1600446,lt,Beaujeu
123234382,1600447,lt,Beaujeu
123234767,1600452,lt,Baugies-sous-Bois
123234921,1600454,lt,Beaugency
123234998,1600455,lt,Beaugeay
123235152,1600457,lt,Beaugas
123235383,1600460,lt,Beaufremont
123235460,1600461,lt,Beaufour-Druval
123235614,1600463,lt,Beaufort-sur Gervane
123235768,1600465,lt,Beaufort-en-Vallée
123235845,1600466,lt,Beaufort-en-Santerre
123235922,1600467,lt,Beaufort-en-Argonne
123235999,1600468,lt,Beaufort-Blavincourt
123236076,1600469,lt,Bofortas
123236153,1600470,lt,Bofortas
123236230,1600471,lt,Bofortas
123236307,1600472,lt,Bofortas
123236461,1600474,lt,Bofortas
123236538,1600475,lt,Bofortas
123236692,1600477,lt,Beauficel-en-Lyons
123236769,1600478,lt,Beauficel
123236846,1600479,lt,Beaufay
123236923,1600480,lt,Beaufai
123237077,1600482,lt,Beaudricourt
123237385,1600486,lt,Beaudignies
123237539,1600488,lt,Beaudeduit
123237616,1600489,lt,Beaudean
123237693,1600490,lt,Beauroissant
123237770,1600491,lt,Beaucouzé
123237847,1600492,lt,Beaucourt-sur-l'Hallue
123237924,1600493,lt,Beaucourt-sur-l'Ancre
123238001,1600494,lt,Beaucourt-en-Santerre
123238078,1600495,lt,Beaucourt
123238155,1600496,lt,Beaucoudray
123238309,1600498,lt,Beauclair
123238540,1600501,lt,Beauchery-Saint-Martin
123238848,1600505,lt,Beauchene
123239079,1600508,lt,Beauchene
123239310,1600511,lt,Beauchemin
123239387,1600512,lt,Beauche
123239541,1600514,lt,Beauchastel
123239695,1600516,lt,Beauchamps-sur-Huillard
123239772,1600517,lt,Beauchamps
123239849,1600518,lt,Beauchamps
123239926,1600519,lt,Beauchamp
123240003,1600520,lt,Beauchalot
123240080,1600521,lt,Beaucens
123240157,1600522,lt,Beauce
123240234,1600523,lt,Beaucamps-Ligny
123240311,1600524,lt,Beaucamps-le-Vieu
123240388,1600525,lt,Beaucamps-le-Jeune
123240619,1600528,lt,Beaucaire
123240696,1600529,lt,Beaucaire
123240850,1600531,lt,Beaubray
123240927,1600532,lt,Baubigny
123241158,1600535,lt,Beaubery
123241235,1600536,lt,Beaubec-la-Rosiere
123241466,1600539,lt,Beard
123241543,1600540,lt,Bealencourt
123241620,1600541,lt,Bealcourt
123241774,1600543,lt,Bazus-Aure
123241851,1600544,lt,Bazus
123241928,1600545,lt,Bazugues
123242005,1600546,lt,Bazuel
123242082,1600547,lt,Bazouges-sur-le-Loir
123242159,1600548,lt,Bazouges-sous-Hede
123242236,1600549,lt,Bazouges-la-Perouse
123242390,1600551,lt,Bazougers
123242467,1600552,lt,Bazordan
123242544,1600553,lt,Bazoques
123242621,1600554,lt,Bazoncourt
123242698,1600555,lt,Bazolles
123242775,1600556,lt,Bazoilles-sur-Meuse
123242852,1600557,lt,Bazoilles-et-Menil
123242929,1600558,lt,Bazoges-en-Pareds
123243006,1600559,lt,Bazoges-en-Paillers
123243083,1600560,lt,Bazoches-sur-Vesle
123243160,1600561,lt,Bazoches-sur-le-Betz
123243237,1600562,lt,Bazoches-sur-Hoene
123243314,1600563,lt,Bazoches-sur-Guyonne
123243391,1600564,lt,Bazoches-les-Hautes
123243468,1600565,lt,Bazoches-les-Gallerandes
123243545,1600566,lt,Bazoches-les-Bray
123243622,1600567,lt,Bazoches-en-Dunois
123243699,1600568,lt,Bazoches-au-Houlme
123243776,1600569,lt,Bazoches
123243853,1600570,lt,Bazinval
123243930,1600571,lt,Bazinghen
123244007,1600572,lt,Bazincourt-sur-Saulx
123244084,1600573,lt,Bazincourt-sur-Epte
123244238,1600575,lt,Az Zillah
123244315,1600576,lt,Bazien
123244392,1600577,lt,Baziege
123244469,1600578,lt,Bazicourt
123244546,1600579,lt,Bazian
123244700,1600581,lt,Bazet
123244777,1600582,lt,Bazenville
123244854,1600583,lt,Bazentin
123244931,1600584,lt,Bazens
123245008,1600585,lt,Bazemont
123245085,1600586,lt,Bazelat
123245162,1600587,lt,Bazeilles-sur-Othain
123245239,1600588,lt,Bazeilles
123245393,1600590,lt,Bazegney
123245470,1600591,lt,Bazauges
123245547,1600592,lt,Bazas
123245624,1600593,lt,Bazarnes
123245701,1600594,lt,Bazancourt
123245778,1600595,lt,Bazancourt
123245855,1600596,lt,Bazainville
123245932,1600597,lt,Bazaiges
123246009,1600598,lt,Bazac
123246086,1600599,lt,Bay-sur-Aube
123246163,1600600,lt,Bayonville-sur-Mad
123246240,1600601,lt,Bayonvillers
123246317,1600602,lt,Bayonville
123246394,1600603,lt,Bayons
123246471,1600604,lt,Bajona
123246548,1600605,lt,Bayonas
123246625,1600606,lt,Bayon-sur-Gironde
123246856,1600609,lt,Bayeux
123246933,1600610,lt,Bayet
123247010,1600611,lt,Bayers
123247087,1600612,lt,Bayenghem-les-Seninghem
123247164,1600613,lt,Bayenghem-les-Eperlecques
123247241,1600614,lt,Bayencourt
123247318,1600615,lt,Bayel
123247395,1600616,lt,Bayecourt
123247472,1600617,lt,Baye
123247549,1600618,lt,Baye
123247703,1600620,lt,Bayas
123247780,1600621,lt,Bayac
123247857,1600622,lt,\N
123247934,1600623,lt,Bax
123248088,1600625,lt,Bavincourt
123248165,1600626,lt,Bavinchove
123248242,1600627,lt,Bavilliers
123248319,1600628,lt,Baverans
123248396,1600629,lt,Bavent
123248473,1600630,lt,Bavelincourt
123248550,1600631,lt,Bavay
123248627,1600632,lt,Bavans
123248704,1600633,lt,Bauzy
123248781,1600634,lt,Bauzemont
123248935,1600636,lt,Bauvin
123249012,1600637,lt,Baurech
123249089,1600638,lt,Bauquay
123249166,1600639,lt,Baupte
123249320,1600641,lt,Baune
123249397,1600642,lt,Baume-les-Messieurs
123249474,1600643,lt,Baume-les-Dames
123249551,1600644,lt,Baulou
123249628,1600645,lt,Baulon
123249782,1600647,lt,Baulne-en-Brie
123249859,1600648,lt,Baulne
123249936,1600649,lt,Baulme-la-Roche
123250013,1600650,lt,Baule
123250090,1600651,lt,Baulay
123250167,1600652,lt,Baugy
123250244,1600653,lt,Baugy
123250475,1600656,lt,Baugy
123250552,1600657,lt,Baugé-en-Anjou
123250629,1600658,lt,Bauduen
123250783,1600660,lt,Baudrieres
123250860,1600661,lt,Baudricourt
123251014,1600663,lt,Baudreville
123251091,1600664,lt,Baudreville
123251168,1600665,lt,Baudreville
123251245,1600666,lt,Baudres
123251399,1600668,lt,Baudreix
123251476,1600669,lt,Baudrecourt
123251553,1600670,lt,Baudrecourt
123251630,1600671,lt,Baudre
123251707,1600672,lt,Baudonvilliers
123251784,1600673,lt,Baudoncourt
123251861,1600674,lt,Baudinard-sur-Verdon
123251938,1600675,lt,Baudignecourt
123252246,1600679,lt,Baudemont
123252323,1600680,lt,Baudement
123252477,1600682,lt,Baud
123252631,1600684,lt,Baubigny
123252708,1600685,lt,Batz-sur-Mer
123252785,1600686,lt,Batzendorf
123253016,1600689,lt,Battrans
123253093,1600690,lt,Battigny
123253247,1600692,lt,Battenheim
123253324,1600693,lt,Battenans-les-Mines
123253478,1600695,lt,Bats
123253555,1600696,lt,Batilly-en-Puisaye
123253632,1600697,lt,Batilly-en-Gatinais
123253709,1600698,lt,Batilly
123253786,1600699,lt,Batilly
123253863,1600700,lt,Paryžius 17 Batignolles-Monceau
123253940,1600701,lt,Bathernay
123254017,1600702,lt,Bathelemont
123254325,1600706,lt,Basville
123254787,1600712,lt,Bastja
123254864,1600713,lt,Bastennes
123254941,1600714,lt,Bastelica
123255018,1600715,lt,Bastanès
123255095,1600716,lt,Bassy
123255172,1600717,lt,Bassussarry
123255249,1600718,lt,Bassurels
123255326,1600719,lt,Bassoeguet
123255403,1600720,lt,Bassu
123255480,1600721,lt,Bassoues
123255557,1600722,lt,Bassou
123255634,1600723,lt,Bassoncourt
123255865,1600726,lt,Bassoles-Aulers
123255942,1600727,lt,Bassing
123256096,1600729,lt,Bassillon-Vauzé
123256173,1600730,lt,Bassillac
123256250,1600731,lt,Bassigney
123256327,1600732,lt,Bassignac-le-Haut
123256404,1600733,lt,Bassignac-le-Bas
123256481,1600734,lt,Bassignac
123256558,1600735,lt,Bassevelle
123256635,1600736,lt,Basseux
123256866,1600739,lt,Basse-sur-le-Rupt
123257174,1600743,lt,Bosai
123257251,1600744,lt,Basse-Rentgen
123257328,1600745,lt,Bassercles
123257559,1600748,lt,Bassens
123257636,1600749,lt,Bassens
123257713,1600750,lt,Basseneville
123257790,1600751,lt,Bassemberg
123257944,1600753,lt,Indre
123258021,1600754,lt,Basse-Ham
123258098,1600755,lt,Basse-Goulaine
123258329,1600758,lt,Bassanne
123258406,1600759,lt,Bassan
123258483,1600760,lt,Bassac
123259253,1600770,lt,Basly
123259330,1600771,lt,Baslieux-sous-Chatillon
123259407,1600772,lt,Baslieux-les-Fismes
123259484,1600773,lt,Baslieux
123259561,1600774,lt,Bas-Lieu
123259946,1600779,lt,Bas-et-Lezat
123260023,1600780,lt,Bas-en-Basset
123260331,1600784,lt,Bascous
123260408,1600785,lt,Bascons
123260639,1600788,lt,Bouvante
123261255,1600796,lt,Barzy-sur-Marne
123261332,1600797,lt,Barzy-en-Thierache
123261409,1600798,lt,Barzun
123261563,1600800,lt,Barzan
123261640,1600801,lt,Barville-en-Gatinais
123261794,1600803,lt,Barville
123261871,1600804,lt,Barville
123261948,1600805,lt,Barville
123262025,1600806,lt,Bartres
123262179,1600808,lt,Bartherans
123262410,1600811,lt,Bartenheim
123262487,1600812,lt,Bart
123262641,1600814,lt,Bar-sur-Seine
123262718,1600815,lt,Bar-sur-Aube
123262795,1600816,lt,Barst
123262949,1600818,lt,Barsac
123263026,1600819,lt,Barsac
123263103,1600820,lt,Bars
123263257,1600822,lt,Bars
123263334,1600823,lt,Barry-d'Islemade
123263565,1600826,lt,Barry
123263642,1600827,lt,Barrou
123263873,1600830,lt,Barro
123264027,1600832,lt,Barricourt
123264104,1600833,lt,Barriac-les-Bosquets
123264335,1600836,lt,Barret-le-Haut
123264412,1600837,lt,Baret-sur-Meouge
123264489,1600838,lt,Barret-de-Lioure
123264566,1600839,lt,Barretaine
123264643,1600840,lt,Barret
123264720,1600841,lt,Barrême
123265028,1600845,lt,Barre-des-Cevennes
123265105,1600846,lt,Barre
123265182,1600847,lt,Barraux
123265259,1600848,lt,Barraute-Camu
123265490,1600851,lt,Barras
123265721,1600854,lt,Barran
123265798,1600855,lt,Barrais-Bussolles
123266029,1600858,lt,Barr
123266106,1600859,lt,Barquet
123266183,1600860,lt,Barou-en-Auge
123266260,1600861,lt,Baronville
123266337,1600862,lt,Baron-sur-Odon
123266491,1600864,lt,baronas
123266568,1600865,lt,baronas
123266645,1600866,lt,baronas
123266722,1600867,lt,baronas
123266799,1600868,lt,Baromesnil
123266953,1600870,lt,Barneville-sur-Seine
123267030,1600871,lt,Barneville-Carteret
123267107,1600872,lt,Barneville-Plage
123267184,1600873,lt,Barneville-la-Bertran
123267415,1600876,lt,Barnay
123267492,1600877,lt,Barnave
123267569,1600878,lt,Barnas
123267954,1600883,lt,Barmainville
123268031,1600884,lt,Barly
123268108,1600885,lt,Barly
123268185,1600886,lt,Barlin
123268262,1600887,lt,Barlieu
123268339,1600888,lt,Barleux
123268493,1600890,lt,Barlest
123268570,1600891,lt,Bar-les-Buzancy
123268647,1600892,lt,Barles
123268724,1600893,lt,Bar-le-Duc
123268801,1600894,lt,Barjouville
123269032,1600897,lt,Barjols
123269109,1600898,lt,Barjac
123269186,1600899,lt,Barjac
123269340,1600901,lt,Barizey
123269494,1600903,lt,Barisis
123269571,1600904,lt,Barizey-la-Cote
123269648,1600905,lt,Barizey-au-Plain
123269802,1600907,lt,Barinque
123269879,1600908,lt,Barie
123270110,1600911,lt,Bargny
123270264,1600913,lt,Barges
123270341,1600914,lt,Barge
123270418,1600915,lt,Barges
123270495,1600916,lt,Bargemon
123270572,1600917,lt,Bargème
123270726,1600919,lt,Barfleur
123270803,1600920,lt,Baresia-sur-l'Ain
123270880,1600921,lt,Barenton-sur-Serre
123270957,1600922,lt,Barenton-Cel
123271034,1600923,lt,Barenton-Bugny
123271111,1600924,lt,Barenton
123271188,1600925,lt,Barentin
123271419,1600928,lt,Barembach
123271727,1600932,lt,Bardouville
123271881,1600934,lt,Bardos
123271958,1600935,lt,Bard-lès-Pesmes
123272035,1600936,lt,Bard-les-Epoisses
123272112,1600937,lt,Bard-le-Regulier
123272189,1600938,lt,Bardigues
123272266,1600939,lt,Bardenac
123272574,1600943,lt,Bardas
123273036,1600949,lt,Barcy
123273113,1600950,lt,Barcus
123273190,1600951,lt,Barcugnan
123273267,1600952,lt,Barcillonnette
123273498,1600955,lt,Barchain
123273575,1600956,lt,Barcelonnette
123273652,1600957,lt,Barcelonne-du-Gers
123273729,1600958,lt,Barcelonne
123273883,1600960,lt,Barc
123273960,1600961,lt,Barby
123274037,1600962,lt,Barby
123274114,1600963,lt,Barbuise
123274268,1600965,lt,Barbonville
123274345,1600966,lt,Barbonval
123274422,1600967,lt,Barbonne-Fayel
123274499,1600968,lt,Barbizon
123274576,1600969,lt,Barbirey-sur-Ouche
123274807,1600972,lt,Barbieres
123274884,1600973,lt,Barbezieux-Saint-Hilaire
123274961,1600974,lt,Barbezières
123275038,1600975,lt,Barbey-Seroux
123275192,1600977,lt,Barbey
123275269,1600978,lt,Barbeville
123275423,1600980,lt,Barbery
123275500,1600981,lt,Barbery
123275731,1600984,lt,Barberier
123275808,1600985,lt,Barberey-Saint-Sulpice
123275962,1600987,lt,Barberaz
123276039,1600988,lt,Barbentane
123276270,1600991,lt,Barbechat
123276347,1600992,lt,Barbazan-Dessus
123276424,1600993,lt,Barbazan-Debat
123276501,1600994,lt,Barbazan
123276578,1600995,lt,Barbatre
123276655,1600996,lt,Barbaste
123276732,1600997,lt,Barbas
123277117,1601002,lt,Barbaise
123277194,1601003,lt,Barbaira
123277348,1601005,lt,Baratier
123277425,1601006,lt,Barastre
123277579,1601008,lt,Baraqueville
123277810,1601011,lt,Baralle
123277964,1601013,lt,Baraize
123278118,1601015,lt,Baraigne
123278272,1601017,lt,Barace
123278349,1601018,lt,Baras
123278503,1601020,lt,Bapaume
123278580,1601021,lt,Baons-le-Comte
123278657,1601022,lt,Baon
123278734,1601023,lt,Banyuls de la Marenda
123278811,1601024,lt,Banyuls-dels-Aspres
123278888,1601025,lt,Banvou
123278965,1601026,lt,Banville
123279042,1601027,lt,Banvillars
123279119,1601028,lt,Bantzenheim
123279196,1601029,lt,Bantouzelle
123279273,1601030,lt,Bantigny
123279350,1601031,lt,Bantheville
123279427,1601032,lt,Banthelu
123279504,1601033,lt,Banteux
123279581,1601034,lt,Bantanges
123279735,1601036,lt,Bansat
123279812,1601037,lt,\N
123279966,1601039,lt,Banos
123280120,1601041,lt,Banon
123280197,1601042,lt,Banogne-Recouvrance
123280274,1601043,lt,Bannost-Villegagnon
123280351,1601044,lt,Bannoncourt
123280505,1601046,lt,Bannieres
123280582,1601047,lt,Banneville-sur-Ajon
123280659,1601048,lt,Banneville-la-Campagne
123280736,1601049,lt,Bannes
123280813,1601050,lt,Bannes
123280890,1601051,lt,Bannes
123280967,1601052,lt,Bannes
123281121,1601054,lt,Bannegon
123281198,1601055,lt,Banne
123281275,1601056,lt,Bannay
123281429,1601058,lt,Bannay
123281506,1601059,lt,Ban Yen Nhan
123281583,1601060,lt,Bannalec
123281660,1601061,lt,Banize
123281737,1601062,lt,Banize
123281968,1601065,lt,Bangor
123282122,1601067,lt,Baneuil
123282276,1601069,lt,Baneins
123282430,1601071,lt,Bandol
123282584,1601073,lt,Ban-de-Laveline
123282661,1601074,lt,Bancourt
123282969,1601078,lt,Banca
123283046,1601079,lt,Banat
123283200,1601081,lt,Banassac
123283431,1601084,lt,Bambiderstroff
123283508,1601085,lt,Bambecque
123283585,1601086,lt,Balzac
123283662,1601087,lt,Baltzenheim
123283739,1601088,lt,Sal Si Puedes
123283816,1601089,lt,Balschwiller
123283893,1601090,lt,Balsac
123284047,1601092,lt,Balot
123284201,1601094,lt,Balogna
123284278,1601095,lt,Balnot-sur-Laignes
123284355,1601096,lt,Balnot-la-Grange
123284509,1601098,lt,Balma
123284586,1601099,lt,Balloy
123284663,1601100,lt,Ballots
123284817,1601102,lt,Ballore
123284894,1601103,lt,Ballons
123284971,1601104,lt,Ballon
123285125,1601106,lt,Ballon
123285202,1601107,lt,Balleville
123285356,1601109,lt,Ballesdorf
123285433,1601110,lt,Balleroy
123285510,1601111,lt,Balleray
123285587,1601112,lt,Ballée
123285664,1601113,lt,Balledent
123285741,1601114,lt,Ballay
123285895,1601116,lt,Ballans
123285972,1601117,lt,Ballan-Miré
123286126,1601119,lt,Ballancourt-sur-Essonne
123286203,1601120,lt,Ballaison
123286280,1601121,lt,Ballainvilliers
123286434,1601123,lt,Balizac
123286511,1601124,lt,Baliros
123286588,1601125,lt,Baliracq-Maumusson
123286665,1601126,lt,Balinghem
123286742,1601127,lt,Balignicourt
123286896,1601129,lt,Balham
123286973,1601130,lt,Balgau
123287050,1601131,lt,Baleyssagues
123287204,1601133,lt,Balesta
123287281,1601134,lt,Balesmes-sur-Marne
123287435,1601136,lt,Baleix
123287666,1601139,lt,Baldersheim
123287743,1601140,lt,Baldenheim
123287897,1601142,lt,Balbigny
123288051,1601144,lt,Balazuc
123288128,1601145,lt,Balazé
123288282,1601147,lt,Balatre
123288436,1601149,lt,Balaruc-le-Vieux
123288513,1601150,lt,Balaruc-les-Bains
123288590,1601151,lt,Balanzac
123288667,1601152,lt,Balansun
123288744,1601153,lt,Balanod
123288898,1601155,lt,Balanas
123288975,1601156,lt,Balanas
123289052,1601157,lt,Balaives-et-Butz
123289129,1601158,lt,Balaiseaux
123289206,1601159,lt,Balaguier-sur-Rance
123289283,1601160,lt,Balaguier-d'Olt
123289360,1601161,lt,Balagueres
123289437,1601162,lt,Balagny-sur-Thérain
123289591,1601164,lt,Baladou
123289745,1601166,lt,Bajus
123289899,1601168,lt,Bajonnette
123289976,1601169,lt,Baizieux
123290053,1601170,lt,Baixas
123290130,1601171,lt,Baix
123290207,1601172,lt,Baives
123290284,1601173,lt,Baissey
123290515,1601176,lt,Baisieux
123290592,1601177,lt,Bais
123290669,1601178,lt,Bais
123290746,1601179,lt,Bairols
123290900,1601181,lt,Bainville-sur-Madon
123290977,1601182,lt,Bainville-aux-Saules
123291054,1601183,lt,Bainville-aux-Miroirs
123291131,1601184,lt,Bains-sur-Oust
123291208,1601185,lt,Bains-les-Bains
123291516,1601189,lt,Bains
123291593,1601190,lt,Bainghen
123291670,1601191,lt,Bain-de-Bretagne
123291747,1601192,lt,Baincthun
123291901,1601194,lt,Bailly-Romainvilliers
123292055,1601196,lt,Bailly-en-Riviere
123292209,1601198,lt,Bailly-Carrois
123292286,1601199,lt,Bailly-aux-Forges
123292363,1601200,lt,Bailly
123292440,1601201,lt,Bailly
123292671,1601204,lt,Baillou
123292825,1601206,lt,Ban I Loet
123292979,1601208,lt,Bailleval
123293056,1601209,lt,Bailleulval
123293133,1601210,lt,Bailleul-sur-Therain
123293210,1601211,lt,Bailleul-Sir-Berthoult
123293287,1601212,lt,Bailleul-Neuville
123293364,1601213,lt,Bailleulmont
123293441,1601214,lt,Bailleul-les-Pernes
123293518,1601215,lt,Bailleul-le-Soc
123293595,1601216,lt,Bailleul-la-Vallee
123293672,1601217,lt,Bailleul-aux-Cornailles
123293749,1601218,lt,Bailleul
123293826,1601219,lt,Bailleul
123293903,1601220,lt,Bailleul
123293980,1601221,lt,Baillet-en-France
123294057,1601222,lt,Baillestavy
123294211,1601224,lt,Bailleau-l'Eveque
123294288,1601225,lt,Bailleau-le-Pin
123294365,1601226,lt,Baille
123294442,1601227,lt,Baillargues
123294596,1601229,lt,Baigts-de-Béarn
123294673,1601230,lt,Baigts
123294750,1601231,lt,Baignolet
123294827,1601232,lt,Baigneux-les-Juifs
123294904,1601233,lt,Baignes-Sainte-Radegonde
123294981,1601234,lt,Baignes
123295289,1601238,lt,Baigneaux
123295443,1601240,lt,Baigneaux
123295520,1601241,lt,Bahus-Soubiran
123295597,1601242,lt,Baho
123295674,1601243,lt,Baguer-Pican
123295751,1601244,lt,Baguer-Morvan
123295905,1601246,lt,Bagnot
123295982,1601247,lt,Bagnols-sur-Ceze
123296059,1601248,lt,Bagnols-les-Bains
123296136,1601249,lt,Bagnols-en-Foret
123296213,1601250,lt,Bagnols
123296290,1601251,lt,Bagnols
123296367,1601252,lt,Banjolė
123296444,1601253,lt,Bagnoles-de-l'Orne
123296521,1601254,lt,Bagnizeau
123296598,1601255,lt,Bagneux-la-Fosse
123296675,1601256,lt,Bagneux
123296752,1601257,lt,Bagneux
123296829,1601258,lt,Bagneux
123296906,1601259,lt,Bagneux
123296983,1601260,lt,Bagneux
123297060,1601261,lt,Bagneux
123297137,1601262,lt,Bagneux
123297214,1601263,lt,Bagneres-de-Luchon
123297291,1601264,lt,Bagneres-de-Bigorre
123297368,1601265,lt,Bagneaux-sur-Loing
123297522,1601267,lt,Bagneaux
123297676,1601269,lt,Bagnac-sur-Cele
123297753,1601270,lt,Bala Gir
123297907,1601272,lt,Bages
123297984,1601273,lt,Bages
123298061,1601274,lt,Bagert
123298138,1601275,lt,Bage-le-Chatel
123298215,1601276,lt,Bage-la-Ville
123298292,1601277,lt,Bagat-en-Quercy
123298369,1601278,lt,Bagas
123298446,1601279,lt,Bagard
123298677,1601282,lt,Baffie
123298754,1601283,lt,Baerenthal
123298831,1601284,lt,Baerendorf
123298908,1601285,lt,Badonvilliers-Gerauvilliers
123298985,1601286,lt,Badonviller
123299139,1601288,lt,Badmenil-aux-Bois
123299216,1601289,lt,Badinieres
123299293,1601290,lt,Badevel
123299370,1601291,lt,Badens
123299447,1601292,lt,Badenas
123299601,1601294,lt,Badefols-sur-Dordogne
123299678,1601295,lt,Badefols-d'Ans
123299755,1601296,lt,Badecon-le-Pin
123299909,1601298,lt,Badaroux
123300140,1601301,lt,Badailhac
123300217,1601302,lt,Bacqueville-en-Caux
123300294,1601303,lt,Bacqueville
123300371,1601304,lt,Bacquepuis
123300448,1601305,lt,Bacourt
123300525,1601306,lt,Bacouel-sur-Selle
123300602,1601307,lt,Bacouel
123300679,1601308,lt,Baconnes
123300756,1601309,lt,Bacilly
123300833,1601310,lt,Bachy
123300987,1601312,lt,Bachivillers
123301218,1601315,lt,Bachas
123301295,1601316,lt,Bachant
123301372,1601317,lt,Bachas
123301449,1601318,lt,Baccon
123301526,1601319,lt,Bakara
123301603,1601320,lt,Baby
123301834,1601323,lt,Baboeuf
123301988,1601325,lt,Baboyahui
123302142,1601327,lt,Baalon
123302219,1601328,lt,Azzana
123302296,1601329,lt,Azy-sur-Marne
123302373,1601330,lt,Azy-le-Vif
123302450,1601331,lt,Azy
123302604,1601333,lt,Azur
123302681,1601334,lt,Azoudange
123302758,1601335,lt,Azolette
123302835,1601336,lt,Azincourt
123302912,1601337,lt,Azilone-Ampaza
123302989,1601338,lt,Azille
123303066,1601339,lt,Azillanet
123303451,1601344,lt,Azeville
123303528,1601345,lt,Azet
123303605,1601346,lt,Azereix
123303682,1601347,lt,Azérat
123303759,1601348,lt,Azerat
123303836,1601349,lt,Azerailles
123303913,1601350,lt,Azerables
123303990,1601351,lt,Azelot
123304067,1601352,lt,Aze
123304144,1601353,lt,Aze
123304298,1601355,lt,Aze
123304375,1601356,lt,Azay-sur-Thouet
123304452,1601357,lt,Azay-sur-Indre
123304529,1601358,lt,Azay-sur-Cher
123304606,1601359,lt,Azay-le-Rideau
123304683,1601360,lt,Azay-le-Ferron
123304760,1601361,lt,Azay-le-Brule
123304837,1601362,lt,Azat-le-Riz
123304914,1601363,lt,Azat-Chatenet
123305068,1601365,lt,Azas
123305222,1601367,lt,Azannes-et-Soumazannes
123305376,1601369,lt,Ayzieu
123305453,1601370,lt,Ayzac-Ost
123305530,1601371,lt,Aytré
123305607,1601372,lt,Ay-sur-Moselle
123305684,1601373,lt,Ayssenes
123305761,1601374,lt,Ayse
123305838,1601375,lt,Ayros-Arbouix
123305915,1601376,lt,Ayron
123305992,1601377,lt,Ayrens
123306146,1601379,lt,Aynac
123306223,1601380,lt,'Ajanas
123306454,1601383,lt,Ayherre
123306531,1601384,lt,Ayguesvives
123306608,1601385,lt,Ayguemorte-les-Graves
123306685,1601386,lt,Ayguatébia-Talau
123306839,1601388,lt,Ayette
123306916,1601389,lt,Ayencourt
123306993,1601390,lt,Rayen
123307070,1601391,lt,Aydoilles
123307147,1601392,lt,Aydius
123307224,1601393,lt,Aydie
123307301,1601394,lt,Aydat
123307455,1601396,lt,Ayat-sur-Sioule
123307532,1601397,lt,Ay
123307609,1601398,lt,Ax-les-Thermes
123307763,1601400,lt,Axat
123307840,1601401,lt,Awoingt
123307917,1601402,lt,Avy
123308071,1601404,lt,Avroult
123308225,1601406,lt,Avril-sur-Loire
123308379,1601408,lt,Avrilly
123308456,1601409,lt,Avrilly
123308533,1601410,lt,Avrilly
123308687,1601412,lt,Avrille-les-Ponceaux
123308764,1601413,lt,Avrille
123308841,1601414,lt,Avrille
123308918,1601415,lt,Avril
123308995,1601416,lt,Avrigny
123309226,1601419,lt,Avrigney-Virey
123309303,1601420,lt,Avrieux
123309380,1601421,lt,Avricourt
123309457,1601422,lt,Avricourt
123309534,1601423,lt,Avreuil
123309611,1601424,lt,Avressieux
123309688,1601425,lt,Avremesnil
123309842,1601427,lt,Avbeze
123309919,1601428,lt,Avrecourt
123309996,1601429,lt,Avrechy
123310073,1601430,lt,Avranville
123310150,1601431,lt,Avranšas
123310227,1601432,lt,Avrainville
123310304,1601433,lt,Avrainville
123310381,1601434,lt,Avrainville
123310458,1601435,lt,Avrainville
123310535,1601436,lt,Avoudrey
123310689,1601438,lt,Avot
123310766,1601439,lt,Avosnes
123310920,1601441,lt,Avord
123310997,1601442,lt,Avon-les-Roches
123311074,1601443,lt,Avon-la-Peze
123311228,1601445,lt,Avon
123311305,1601446,lt,Avon
123311382,1601447,lt,Avolsheim
123311459,1601448,lt,Avoise
123311536,1601449,lt,Avoine
123311613,1601450,lt,Avoine
123311690,1601451,lt,Avocourt
123311767,1601452,lt,Avize
123311844,1601453,lt,Aviron
123311921,1601454,lt,Avirey-Lingey
123311998,1601455,lt,Avire
123312075,1601456,lt,Avioth
123312152,1601457,lt,Avion
123312306,1601459,lt,Avilly-Saint-Léonard
123312383,1601460,lt,Avilley
123312460,1601461,lt,Avillers-Sainte-Croix
123312537,1601462,lt,Avillers
123312614,1601463,lt,Avillers
123312768,1601465,lt,Avignonet-Lauragais
123312845,1601466,lt,Avignonet
123312922,1601467,lt,Avignon-les-St-Claude
123312999,1601468,lt,Avinjonas
123313230,1601471,lt,Aviernoz
123313307,1601472,lt,Aveze
123313384,1601473,lt,Aveze
123313461,1601474,lt,Aveze
123313538,1601475,lt,Avezan
123313615,1601476,lt,Avezac-Prat-Lahitte
123313769,1601478,lt,Avesse
123313846,1601479,lt,Avessac
123313923,1601480,lt,Avesnes-sur-Helpe
123314000,1601481,lt,Avesnes-le-Sec
123314077,1601482,lt,Avesnes-les-Bapaume
123314154,1601483,lt,Avesnes-les-Aubert
123314231,1601484,lt,Avesnes-le-Comte
123314308,1601485,lt,Avesnes-en-Val
123314385,1601486,lt,Avesnes-en-Bray
123314462,1601487,lt,Avesnes-Chaussoy
123314616,1601489,lt,Avesnelles
123314693,1601490,lt,Averton
123314847,1601492,lt,Averon-Bergelle
123315001,1601494,lt,Avernes-sous-Exmes
123315078,1601495,lt,Avernes-Saint-Gourgon
123315155,1601496,lt,Avernes
123315232,1601497,lt,Avermes
123315386,1601499,lt,Averdon
123315463,1601500,lt,Averdoingt
123315540,1601501,lt,Averan
123315694,1601503,lt,Aventignan
123315848,1601505,lt,Avensan
123315925,1601506,lt,Avensac
123316002,1601507,lt,Avenheim
123316079,1601508,lt,Aveney
123316156,1601509,lt,Avene
123316233,1601510,lt,Avenay-Val-d'Or
123316310,1601511,lt,Avenay
123316387,1601512,lt,Avenas
123316464,1601513,lt,Aveluy
123316541,1601514,lt,Avelin
123316618,1601515,lt,Avelesges
123316849,1601518,lt,Aveizieux
123316926,1601519,lt,Aveize
123317080,1601521,lt,Avaux
123317234,1601523,lt,Avaray
123317311,1601524,lt,Avapessa
123317388,1601525,lt,Avanton
123317465,1601526,lt,Avant-le-Ramerupt
123317542,1601527,lt,Avant-les-Marcilly
123317696,1601529,lt,Avanne-Aveney
123317850,1601531,lt,Avancon
123317927,1601532,lt,Avancon
123318004,1601533,lt,Avallon
123318158,1601535,lt,Avajan
123318235,1601536,lt,Availles-Thouarsais
123318312,1601537,lt,Availles-sur-Seiche
123318389,1601538,lt,Availles-sur-Chize
123318466,1601539,lt,Availles-Limouzine
123318543,1601540,lt,Availles-en-Chatellerault
123318928,1601545,lt,Auzouville-sur-Saane
123319005,1601546,lt,Auzouville-sur-Ry
123319082,1601547,lt,Auzouville-l'Esneval
123319159,1601548,lt,Auzouville-Auberbosc
123319236,1601549,lt,Auzouer-en-Touraine
123319313,1601550,lt,Val-d'Auzon
123319390,1601551,lt,Auzon
123319698,1601555,lt,Auzits
123319929,1601558,lt,Caselle
123320006,1601559,lt,Azeville-Tolosane
123320083,1601560,lt,Auzéville-en-Argonne
123320160,1601561,lt,Auzet
123320237,1601562,lt,Auzers
123320314,1601563,lt,Auzelles
123320391,1601564,lt,Auzecourt
123320468,1601565,lt,Auzebosc
123320545,1601566,lt,Auzay
123320622,1601567,lt,Auzat-la-Combelle
123320776,1601569,lt,Auzat
123320853,1601570,lt,Auzas
123320930,1601571,lt,Auzances
123321084,1601573,lt,Auzainvilliers
123321315,1601576,lt,Auxy
123321392,1601577,lt,Auxy
123321469,1601578,lt,Auxy
123321546,1601579,lt,Aux Rois
123321777,1601582,lt,Auxonne
123322008,1601585,lt,Auxon
123322085,1601586,lt,Auxon
123322239,1601588,lt,Aux-marais
123322393,1601590,lt,Auxi-le-Chateau
123322547,1601592,lt,Auxey-Duresses
123322624,1601593,lt,Oseras
123322701,1601594,lt,Auxelles-Haut
123322778,1601595,lt,Auxelles-Bas
123322855,1601596,lt,Aux-Aussat
123322932,1601597,lt,Auxant
123323009,1601598,lt,Auxange
123323163,1601600,lt,Auxais
123323240,1601601,lt,Auvilliers-en-Gatinais
123323317,1601602,lt,Auvilliers
123323471,1601604,lt,Auvillers-les-Forges
123323548,1601605,lt,Auvillars-sur-Saone
123323625,1601606,lt,Auvillars
123323702,1601607,lt,Auvillar
123323779,1601608,lt,Auvet-et-la-Chapelotte
123323856,1601609,lt,Auvers-sur-Oise
123323933,1601610,lt,Auvers-sous-Montfaucon
123324010,1601611,lt,Auvers-St-Georges
123324087,1601612,lt,Auvers-le-Hamon
123324164,1601613,lt,Auverse
123324241,1601614,lt,Auvers
123324395,1601616,lt,Auvers
123324472,1601617,lt,Auvernaux
123324549,1601618,lt,Auvergny
123324626,1601619,lt,Auve
123324780,1601621,lt,Bakuty
123324857,1601622,lt,Autun
123324934,1601623,lt,Autry-le-Chatel
123325011,1601624,lt,Autry-Issards
123325088,1601625,lt,Autry
123325242,1601627,lt,Autruy-sur-Juine
123325473,1601630,lt,Autricourt
123325550,1601631,lt,Autrey-le-Vay
123325627,1601632,lt,Autrey-les-Gray
123325704,1601633,lt,Autrey-les-Cerre
123325781,1601634,lt,Autrey
123325858,1601635,lt,Autrey
123325935,1601636,lt,Autreville-sur-Moselle
123326012,1601637,lt,Autreville-sur-la-Renne
123326166,1601639,lt,Autreville
123326243,1601640,lt,Autreville
123326397,1601642,lt,Autreppes
123326474,1601643,lt,Autrepierre
123326551,1601644,lt,Autremencourt
123326628,1601645,lt,Autrecourt-sur-Aire
123326705,1601646,lt,Autrecourt-et-Pourron
123326859,1601648,lt,Autreches
123326936,1601649,lt,Autreche
123327013,1601650,lt,Autrans
123327167,1601652,lt,Autrac
123327244,1601653,lt,Autouillet
123327321,1601654,lt,Autoreille
123327398,1601655,lt,Autoire
123327475,1601656,lt,Autingues
123327552,1601657,lt,Autigny-le-Petit
123327629,1601658,lt,Autigny-le-Grand
123327706,1601659,lt,Autigny-la-Tour
123327783,1601660,lt,Autigny
123327860,1601661,lt,Autignac
123327937,1601662,lt,Autichamp
123328014,1601663,lt,Authumes
123328091,1601664,lt,Authumes
123328168,1601665,lt,Authuille
123328322,1601667,lt,Authou
123328399,1601668,lt,Authon-la-Plaine
123328476,1601669,lt,Authon-du-Perche
123328553,1601670,lt,Authon
123328630,1601671,lt,Authon-Ebeon
123328707,1601672,lt,Authon
123328784,1601673,lt,Authoison
123328938,1601675,lt,Authieux-Ratieville
123329015,1601676,lt,Authieule
123329092,1601677,lt,Authie
123329169,1601678,lt,Authie
123329246,1601679,lt,Authezat
123329323,1601680,lt,Authevernes
123329400,1601681,lt,Autheux
123329477,1601682,lt,Autheuil-en-Valois
123329554,1601683,lt,Autheuil-Authouillet
123329631,1601684,lt,Autheuil
123329708,1601685,lt,Autheuil
123329785,1601686,lt,Authenay
123329862,1601687,lt,Authe
123329939,1601688,lt,Autevielle-Saint-Martin-Bideren
123330016,1601689,lt,Auteuil
123330093,1601690,lt,Auteuil
123330170,1601691,lt,Autet
123330247,1601692,lt,Auterrive
123330401,1601694,lt,Auterive
123330478,1601695,lt,Auterive
123330555,1601696,lt,Auterive
123330632,1601697,lt,Autechaux-Roide
123330709,1601698,lt,Autechaux
123330863,1601700,lt,Autainville
123330940,1601701,lt,Aussurucq
123331017,1601702,lt,Aussos
123331094,1601703,lt,Paso Xonene
123331171,1601704,lt,Aussonce
123331248,1601705,lt,Ausson
123331325,1601706,lt,Aussois
123331479,1601708,lt,Aussillon
123331556,1601709,lt,Aussevielle
123331633,1601710,lt,Ausseing
123331710,1601711,lt,Aussac-Vadalle
123331864,1601713,lt,Aurouze
123331941,1601714,lt,Auroux
