id,city_id,language_key,name
45413053,589780,to,ban xi
45413130,589781,to,huang sha tan
45413207,589782,to,xu jia zhuang
45413284,589783,to,long shang
45413592,589787,to,ai men
45413746,589789,to,huang bai
45413977,589792,to,lei jia shan
45414208,589795,to,genzhu
45414285,589796,to,han keng
45414362,589797,to,hao heng
45414516,589799,to,shang ping
45414670,589801,to,huang jin jin
45414747,589802,to,shang luo pai
45414824,589803,to,cun li
45414901,589804,to,ye fang
45415363,589810,to,wu zhang ping
45415671,589814,to,yan qian
45415748,589815,to,zhang de ling
45415979,589818,to,da yang
45416056,589819,to,xia guan liao
45416364,589823,to,qing tang
45416441,589824,to,zuo keng
45416595,589826,to,shui kou
45416672,589827,to,guan xia ke
45416826,589829,to,hu tou
45417057,589832,to,keng kou
45417211,589834,to,Sikeng Sesukuni
45417442,589837,to,lin pu she
45417750,589841,to,henglu
45417904,589843,to,banshan
45418058,589845,to,zaohetian
45418135,589846,to,wu ceng
45418366,589849,to,da ling
45418674,589853,to,li pai
45419059,589858,to,qing ping
45419213,589860,to,ye liao
45419290,589861,to,han gu
45419598,589865,to,chucha keng
45419675,589866,to,chou lu
45419829,589868,to,dong shan
45419906,589869,to,gao ping
45419983,589870,to,zhang keng
45420060,589871,to,chen jia
45420137,589872,to,xia cun
45420291,589874,to,Huangdi
45420522,589877,to,Wujia
45420676,589879,to,lin gao ao
45420984,589883,to,\N
45421061,589884,to,sha ping
45421138,589885,to,da ping de
45421215,589886,to,jiang kou
45421292,589887,to,ma yuan ting
45421369,589888,to,zhiping she zu
45421446,589889,to,Xianan
45421600,589891,to,ma liao
45421754,589893,to,Wubeipai
45421908,589895,to,ding keng kou cun
45422062,589897,to,qing yao
45422139,589898,to,Fo' anbei
45422293,589900,to,Ranjiangpai
45422447,589902,to,Qixia
45422524,589903,to,Qishang
45422601,589904,to,Zhudi
45422755,589906,to,Lukeng
45422909,589908,to,Kexi
45423063,589910,to,Qunguang
45423602,589917,to,Hongyuan
45423833,589920,to,Qishang
45423910,589921,to,Kengli
45423987,589922,to,jixia cun
45424064,589923,to,Wenfang
45424218,589925,to,Chenfang
45424449,589928,to,tian liao xia
45424526,589929,to,xia caocun
45424603,589930,to,Huqishang
45424757,589932,to,Chengongduan
45424834,589933,to,Gaoqikeng
45424911,589934,to,Yulongpu
45424988,589935,to,Hejiayuan
45425373,589940,to,ma tang
45425450,589941,to,zhai xia tang
45425604,589943,to,he bei
45425835,589946,to,xiao long tang
45425989,589948,to,ling gan
45426297,589952,to,yu fang
45427683,589970,to,liao wu ping
45427760,589971,to,li fang
45427837,589972,to,bu yun
45427914,589973,to,yuan shan
45427991,589974,to,da yuan
45428299,589978,to,xin ji
45428453,589980,to,qing jia
45428607,589982,to,huang jiao
45428761,589984,to,shi zhong
45428838,589985,to,shu keng
45428915,589986,to,xia xiao ji tou
45429377,589992,to,qing shan
45429454,589993,to,lian gang
45429839,589998,to,yao fang
45429993,590000,to,baita
45430070,590001,to,shi xia
45430224,590003,to,louxia
45430532,590007,to,ge xi
45430609,590008,to,ya mu keng
45430686,590009,to,she keng
45430763,590010,to,tian fu
45430917,590012,to,huang shi keng
45431071,590014,to,wu shang
45431148,590015,to,huang fang
45431302,590017,to,da lu kou
45431379,590018,to,xin qian pai
45431533,590020,to,gao lai
45431610,590021,to,wu jia zhai
45431687,590022,to,ban cun
45431841,590024,to,chi tu gang
45431995,590026,to,liao fang
45432226,590029,to,ma wu ping
45432303,590030,to,xiang yang
45432380,590031,to,kuangchang
45432534,590033,to,xia yao fan
45432919,590038,to,he lin
45433073,590040,to,he keng
45433150,590041,to,shang ping
45433458,590045,to,yu long gang
45433612,590047,to,tao jia shan
45433689,590048,to,Qingkou
45433843,590050,to,baishi wei
45433920,590051,to,li jia bian
45433997,590052,to,gu keng
45434074,590053,to,huang bai yang
45434151,590054,to,he yuan
45434459,590058,to,da feng keng
45434690,590061,to,nan shan
45434767,590062,to,yuan jia ting
45434921,590064,to,san jiao wei
45435152,590067,to,yang zhuang
45435306,590069,to,wu lu keng
45435614,590073,to,he pai
45435999,590078,to,shu cao
45436461,590084,to,Cunli
45436538,590085,to,Yangfang
45436692,590087,to,Yudikeng
45436769,590088,to,Yanqian
45436846,590089,to,Linfang
45436923,590090,to,xie de
45437077,590092,to,zhang de
45437308,590095,to,Yangduan
45437693,590100,to,gong fang cun
45438001,590104,to,Daqiao
45438232,590107,to,Luoyuan
45438386,590109,to,Shuidijia
45438540,590111,to,Dinglishang
45438925,590116,to,tie shi cun
45439002,590117,to,xia ke cun
45439079,590118,to,Qitou
45439156,590119,to,Zhangjiashi
45439310,590121,to,Xigang
45439464,590123,to,Guanfang
45439618,590125,to,Zhugang
45439695,590126,to,Caokeng
45439772,590127,to,Dapingtou
45439849,590128,to,Hengtangbei
45440080,590131,to,Nitan
45440157,590132,to,Jueping
45440465,590136,to,Xiaokengcun
45440542,590137,to,Wenshang
45440619,590138,to,Fangke
45440696,590139,to,Shenshui
45440773,590140,to,Shangmo
45440927,590142,to,Youtianshang
45441081,590144,to,Shangshuyuan
45441158,590145,to,Bakouqiao Shangbu
45441235,590146,to,Wangjia
45441312,590147,to,Maxie' ao
45441389,590148,to,Datangke
45441466,590149,to,Daozhuangtang
45441774,590153,to,Chentian
45441851,590154,to,Langjunqiao
45441928,590155,to,Qixing
45442082,590157,to,Xiazengjia
45442236,590159,to,Laowuxia
45442390,590161,to,Zhangshucun
45442467,590162,to,Tongxiecun
45442621,590164,to,Zhangyangcun
45442775,590166,to,Yaoxia
45443006,590169,to,Zhumakeng
45443237,590172,to,Longgangcun
45444315,590186,to,Tangke
45444623,590190,to,Guobei
45445008,590195,to,Ailingbei
45445239,590198,to,Shuangxicun
45445316,590199,to,Laifangcun
45445393,590200,to,Changke
45445470,590201,to,Shunhuacun
45445624,590203,to,Jiangbachang
45445855,590206,to,Bianjiecun
45445932,590207,to,Dongkengcun
45446009,590208,to,Shangluxie
45446163,590210,to,Shabei
45446240,590211,to,Zhongshe
45446317,590212,to,Shiliangcun
45446394,590213,to,Raojiabei
45446471,590214,to,Zhushubei
45446625,590216,to,Yangxi
45446702,590217,to,Keshuxiang
45446779,590218,to,tou pi zhen
45447318,590225,to,Libiqi
45447626,590229,to,Xiaguikeng
45447703,590230,to,Shuidong
45447780,590231,to,Nantian
45447934,590233,to,Wangshapai
45448473,590240,to,Xinmincun
45448550,590241,to,Xinwuxia
45449089,590248,to,Xinpeng
45450090,590261,to,Siazuang
45450783,590270,to,Shipingshang
45451014,590273,to,Dapingtou
45451091,590274,to,Guolukeng
45451322,590277,to,Hengkeng
45451399,590278,to,Zhujia
45451476,590279,to,Luokeng
45451553,590280,to,Liantang
45451630,590281,to,Liutian
45451707,590282,to,Yangliudong
45451784,590283,to,Zhaixia
45451861,590284,to,Poxia
45451938,590285,to,Shangshan
45452092,590287,to,Shantang
45452169,590288,to,Yaoliqian
45452400,590291,to,Wushixia
45452477,590292,to,Wangkeng
45452631,590294,to,Guangfangkou
45452785,590296,to,Xiling
45452939,590298,to,Siazuang
45453093,590300,to,Xiatangyuan
45453170,590301,to,Dapingtou
45453401,590304,to,Diaozikeng
45453478,590305,to,Luoce
45453555,590306,to,Xiaheng
45453632,590307,to,Lanitian
45453709,590308,to,Liaoiuani
45453940,590311,to,Lizhuang
45454171,590314,to,Gaomulingxia
45454248,590315,to,Shang' an
45454325,590316,to,Getengzui
45454479,590318,to,Siutian
45454556,590319,to,Tianyuanshan
45454633,590320,to,Longtou
45454787,590322,to,Xiacun
45454864,590323,to,Aobei
45455095,590326,to,Shitousheng
45455249,590328,to,Qiancun
45455326,590329,to,Gaoqiu
45455557,590332,to,Gaikeng
45455634,590333,to,Hulingzui
45455788,590335,to,Gaosheng
45455865,590336,to,Libixing
45455942,590337,to,Xinfang
45456019,590338,to,Shangxinwu
45456327,590342,to,Pengtang
45456789,590348,to,Pingling
45456866,590349,to,Lengshuikeng
45456943,590350,to,Hanyuan
45457097,590352,to,Tuqiangpai
45457174,590353,to,Laowuchang
45457251,590354,to,Licun
45457482,590357,to,Taiyangba
45457559,590358,to,Xin' anxia
45457636,590359,to,Kuchexia
45457713,590360,to,Ganbeicun
45457790,590361,to,Chibucun
45457867,590362,to,Shangkancun
45457944,590363,to,Lanxicun
45458098,590365,to,Tuanshui
45458406,590369,to,Bailuqian
45458560,590371,to,Momukeng
45458637,590372,to,Qingbeiling
45458714,590373,to,Yangxiejing
45459022,590377,to,Niuzhuanjiang
45459176,590379,to,qiao tou zhen
45459253,590380,to,Wucuncun
45459638,590385,to,Dapai
45459715,590386,to,Shangpingcun
45459792,590387,to,Dalixie
45459869,590388,to,Wulicun
45460023,590390,to,Xiabanling
45460177,590392,to,Xiaoyincun
45460408,590395,to,Shangnanqiao
45460562,590397,to,Wankeng
45460716,590399,to,Taqianpai
45460870,590401,to,Dapingli
45461332,590407,to,Xizikou
45461409,590408,to,Shigongqiu
45462256,590419,to,Changmukeng
45462333,590420,to,Makeng
45462872,590427,to,Ruinuan
45463180,590431,to,Maojiaxie
45463334,590433,to,Changtang
45463719,590438,to,Lukengcun
45464104,590443,to,Shangzhou
45464258,590445,to,Chengtoucun
45464412,590447,to,Zhongcun
45464643,590450,to,Zhongpai
45464797,590452,to,Guoziyuancun
45464874,590453,to,Dashecun
45465028,590455,to,Chenfang
45465105,590456,to,Yangjiacun
45465413,590460,to,Yaoxia
45465490,590461,to,Chenluo
45465567,590462,to,Tianbeiling
45465644,590463,to,Yaohujiang
45465798,590465,to,Qulaicun
45466029,590468,to,pan tian zhen
45466183,590470,to,Jinglicun
45466337,590472,to,Jiaojingcun
45466491,590474,to,Qiancuncun
45466568,590475,to,Tongyuan
45466645,590476,to,Changlancun
45466722,590477,to,Gushan
45466799,590478,to,Zhangwu
45466876,590479,to,Shiyukeng
45467107,590482,to,Hujiabei
45467184,590483,to,Xinpingcun
45467261,590484,to,Xiaoruo
45467415,590486,to,Yaquesou
45467492,590487,to,Fuzhu Shuxia
45467723,590490,to,Hupei
45467877,590492,to,Fengshutang
45467954,590493,to,Zuoshupai
45468108,590495,to,Huilongcun
45468185,590496,to,Hankengcun
45468262,590497,to,Baijiacun
45468339,590498,to,Shangxuguan
45468416,590499,to,Jingyuancun
45468493,590500,to,Yuantou
45468647,590502,to,Lixiang
45468878,590505,to,Futoushi
45469032,590507,to,Luowushan
45469109,590508,to,Xintangpai
45469186,590509,to,xikou zhen
45469340,590511,to,Gangzinao
45469494,590513,to,Qianjiangcun
45469648,590515,to,Mukeng
45469725,590516,to,Jiaobei
45469879,590518,to,Luojingcun
45469956,590519,to,Yuelipai
45470187,590522,to,Wawuxia
45470341,590524,to,Genzhuba
45470572,590527,to,Zhouyuancun
45470649,590528,to,Chenxiangpai
45470726,590529,to,Gaiziling
45470957,590532,to,Changpusheng
45471111,590534,to,Chiwu
45471342,590537,to,Shajiancun
45471881,590544,to,Nanling
45471958,590545,to,Taiyangling
45472266,590549,to,Wubaiqiu
45472343,590550,to,Yuantou
45472497,590552,to,Yongbu
45472574,590553,to,Jiaokeng
45472651,590554,to,Chijia' ao
45472728,590555,to,Shimenkeng
45473190,590561,to,Ujiasani
45473575,590566,to,Shanxiacun
45473729,590568,to,Longshe
45473883,590570,to,Hengjiangcun
45474037,590572,to,Tangjiao
45474191,590574,to,Chutoushan
45474268,590575,to,Fuzhu
45474345,590576,to,Fuxi
45474576,590579,to,Laitian
45474653,590580,to,Leiyuping
45474730,590581,to,Yangjiaoshan
45474884,590583,to,Shegongnao
45474961,590584,to,Longkeng
45475038,590585,to,Xinloushang
45475192,590587,to,Hepei
45475346,590589,to,Qiufangcun
45475423,590590,to,Shabaicun
45475500,590591,to,Chenfang
45475654,590593,to,Hulingmian
45475808,590595,to,Caojia
45475885,590596,to,Qishi' ao
45476116,590599,to,Shelingxia
45476578,590605,to,Gantoucun
45476732,590607,to,Tieshucun
45477040,590611,to,Shekeng
45477117,590612,to,Xingekouqian
45477194,590613,to,Zhangjiapai
45477348,590615,to,Songshanxia
45477425,590616,to,Luomatang
45477579,590618,to,Yangmeilingxia
45477656,590619,to,Lanbei
45477733,590620,to,Yangxie
45477887,590622,to,Yifucun
45478195,590626,to,Lingipei
45478426,590629,to,Matian
45478503,590630,to,Xianankeng
45479581,590644,to,Fucun
45479735,590646,to,Baiye
45479889,590648,to,Longfang
45479966,590649,to,Yueyuan
45480043,590650,to,Xiaoxiyuan
45480120,590651,to,Dalongli
45480197,590652,to,Shangqumaliao
45480351,590654,to,Banjing
45480582,590657,to,Yapotang
45480967,590662,to,Xinhuacun
45481044,590663,to,Linchicun
45481121,590664,to,Liuani
45481198,590665,to,Shangxiyuan
45481506,590669,to,Cetian
45481814,590673,to,Pingzhangkou
45481891,590674,to,Fengshupai
45482045,590676,to,Sankeng
45482353,590680,to,Xiaogaocun
45482584,590683,to,Meifucun
45482661,590684,to,Shaoyuan
45482969,590688,to,Wuchao
45483046,590689,to,Shuinan
45483123,590690,to,Ganwu
45483354,590693,to,Hetian
45483508,590695,to,Huangbaicun
45483585,590696,to,Luojiaqiu
45483816,590699,to,Fengshuxia
45483893,590700,to,Zhuliaopai
45484047,590702,to,Luocuncun
45484124,590703,to,Laikengcun
45484201,590704,to,Guxicun
45484509,590708,to,Lianjiatan
45484586,590709,to,Linqiancun
45484663,590710,to,Shangjiangshan
45484740,590711,to,Meikou
45484894,590713,to,Yangmeikeng
45484971,590714,to,Shangtan
45485048,590715,to,Xianankeng
45485664,590723,to,Wangzhucun
45485741,590724,to,Xinxucun
45486049,590728,to,Liangxicun
45486126,590729,to,Chetoucun
45486203,590730,to,Fangkengcun
45486511,590734,to,Yanghe
45486588,590735,to,Yigongkeng
45487050,590741,to,Xiexia
45487127,590742,to,Damasheng
45487204,590743,to,Tongshuwo
45487358,590745,to,Dalongli
45487512,590747,to,Chayuanxia
45487589,590748,to,Shantangxia
45487743,590750,to,Xiefangcun
45487974,590753,to,Shakou
45488051,590754,to,Chuanqiu
45488359,590758,to,Laowuli
45488436,590759,to,yang mei zhen
45488667,590762,to,Hankengzi
45488744,590763,to,Citangxia
45488821,590764,to,Shangping
45488898,590765,to,Taozhu
45488975,590766,to,Xialong
45489052,590767,to,Chidong
45489283,590770,to,Yonglecun
45489360,590771,to,Jiantiancun
45489437,590772,to,Tuanxicun
45489899,590778,to,Changtian
45490053,590780,to,Laowuli
45490130,590781,to,Hengjiaoqian
45490207,590782,to,Zhongcun
45490361,590784,to,Jinjishi
45490438,590785,to,Gaoqikeng
45490515,590786,to,Shuyuanqi
45490669,590788,to,Qishang
45490746,590789,to,Shangqi
45490900,590791,to,Daqi
45490977,590792,to,Zhongbu
45491131,590794,to,Cuntou
45491208,590795,to,Fengxingpai
45491285,590796,to,Xiashan
45491516,590799,to,Huanglongkeng
45491901,590804,to,Tianxin
45492055,590806,to,Shaduan
45492286,590809,to,Tangbeiling
45492363,590810,to,Lashuxia
45492440,590811,to,Shouduan
45492594,590813,to,Jiuqi
45493056,590819,to,Shiziba
45493133,590820,to,Lannikeng
45493287,590822,to,Zhangnaosi
45493364,590823,to,Bajiaoxian
45493441,590824,to,Renyuan
45493672,590827,to,Piantangkeng
45493749,590828,to,Chakeng
45493826,590829,to,qiao tou zhen
45494134,590833,to,Chenwu
45494211,590834,to,Aobei
45494596,590839,to,Xikeng
45494827,590842,to,zhubei shi
45494981,590844,to,Xiawudu
45495058,590845,to,Lujimian
45495212,590847,to,Xiaoya
45495443,590850,to,Shitoukeng
45495674,590853,to,Hulumian
45495828,590855,to,Dengjie
45495982,590857,to,Yeyutang
45496136,590859,to,Longwu
45496752,590867,to,Makouping
45496983,590870,to,Zongshuxia
45497060,590871,to,Yajilingxia
45497137,590872,to,Laocitang
45497214,590873,to,Wushixia
45497522,590877,to,Lidi
45497676,590879,to,xibian
45498292,590887,to,feng jia qi
45498369,590888,to,Xujiaqi
45498523,590890,to,Lanniwu
45498754,590893,to,yang fang cun
45498985,590896,to,qiu jia
45499062,590897,to,da long
45499216,590899,to,bei dou cun
45499601,590904,to,huang jin keng
45499678,590905,to,yan de
45499755,590906,to,ge shui kou
45500063,590910,to,dong keng
45500140,590911,to,de yuan
45500294,590913,to,guan qiu fang
45500525,590916,to,yan keng
45500679,590918,to,feng jia
45500756,590919,to,men qian
45500833,590920,to,li keng cun
45500910,590921,to,huang shi keng cun
45501064,590923,to,xia jia de
45501141,590924,to,liu de
45501372,590927,to,xia jue chang
45501526,590929,to,Pengjia
45501603,590930,to,huang de tang
45501757,590932,to,shan xicun
45502296,590939,to,Shangxiejia
45502758,590945,to,Yanshacun
45502912,590947,to,Chengjiang
45503066,590949,to,Huangfang
45503297,590952,to,Bi' an
45503374,590953,to,Zengfang
45503759,590958,to,Neigaobei
45503990,590961,to,Xikeng
45504067,590962,to,Zhangshutang
45504144,590963,to,Xiali
45504221,590964,to,Shanqian
45504298,590965,to,Bamaokeng
45504452,590967,to,Chafang
45505068,590975,to,Hetou
45505299,590978,to,Qiguling
45505376,590979,to,tang keng zhen
45505607,590982,to,Panzikeng
45505838,590985,to,Shangmaocun
45505915,590986,to,Yunlongcun
45505992,590987,to,Tangbeicun
45506069,590988,to,Xipai
45506146,590989,to,Lingangcun
45506454,590993,to,Shuikou
45506608,590995,to,Liupei
45506685,590996,to,Datangmian
45506762,590997,to,Jinshiping
45506839,590998,to,Chuanxing
45506916,590999,to,Huangtangkeng
45506993,591000,to,Lingzixia
45507070,591001,to,Pingshan
45507301,591004,to,lai wu shi
45507378,591005,to,Baizhukeng
45507532,591007,to,Mamiao
45507686,591009,to,Xiadongguaping
45507763,591010,to,Jiangxiatang
45507840,591011,to,Jiangbei
45507917,591012,to,Yaoxia
45508071,591014,to,Guanyuan
45508148,591015,to,Wannei
45508456,591019,to,Yajuling
45508610,591021,to,Qikoucun
45508841,591024,to,Shangfang
45508995,591026,to,Liaodi
45509149,591028,to,Lingjiaoxia
45509303,591030,to,Tianjing
45509380,591031,to,Xintianpai
45509457,591032,to,Shuizaikeng
45509534,591033,to,Yingzhukeng
45509611,591034,to,Shangba
45509688,591035,to,Shuikou
45509765,591036,to,Hengkengwei
45509842,591037,to,Shangshengbei
45509996,591039,to,Maoping
45510073,591040,to,Mukeng
45510535,591046,to,Shipingshang
45510766,591049,to,Zhangjiadi
45510920,591051,to,Zhangjikeng
45511074,591053,to,Singilongsani
45511228,591055,to,Liutian
45511459,591058,to,Shuigukeng
45511613,591060,to,Hepei
45511690,591061,to,Gaoshanjiao
45511921,591064,to,Shangcun
45512075,591066,to,Zhongxie
45512306,591069,to,Tangwo
45512383,591070,to,Duijiangpai
45512460,591071,to,Zhangxia
45512537,591072,to,Baizhuyuan
45512614,591073,to,Zhangshutan
45512691,591074,to,Tangjiao
45512922,591077,to,Shiguji
45513307,591082,to,Tuzhukeng
45513461,591084,to,Zhangkeng
45513615,591086,to,Luopei
45513846,591089,to,Changkengcun
45513923,591090,to,Zhongluocun
45514000,591091,to,Nanlincun
45514077,591092,to,Shanlingcun
45514462,591097,to,Hekisi
45514616,591099,to,Jilongshan
45514693,591100,to,Zhushanbei
45514924,591103,to,Wuxiansheng
45515001,591104,to,Chenyudi
45515078,591105,to,Jiangwei
45515232,591107,to,Gushan
45515386,591109,to,Xishanmiao
45515463,591110,to,Pingbeinao
45515771,591114,to,Shangwan
45516002,591117,to,Lishupai
45516387,591122,to,Jingbeitou
45516464,591123,to,Nanxicun
45516772,591127,to,Hejiangkou
45517003,591130,to,Daping
45517465,591136,to,Tangtouxia
45517542,591137,to,Dalongba
45518004,591143,to,Lengshuicun
45518081,591144,to,Gongqiancun
45518158,591145,to,Genggushui
45518235,591146,to,Shuikou
45518312,591147,to,Shegongsheng
45518466,591149,to,Youzui
45518620,591151,to,Shankou
45518774,591153,to,Wanyaoxia
45518928,591155,to,Liubaiyuan
45519159,591158,to,Simaoping
45519236,591159,to,Zhangjiadi
45519313,591160,to,Shuihunao
45519390,591161,to,Datangwei
45519544,591163,to,Yangkengwei
45519621,591164,to,Tuzikeng
45519698,591165,to,Chetoucun
45519775,591166,to,Yaoqiancun
45519929,591168,to,Tongluocun
45520160,591171,to,Lijia
45520391,591174,to,Luokeng
45520468,591175,to,Laowuchang
45520622,591177,to,Niujiaoqiu
45521238,591185,to,Gaoche
45521392,591187,to,Xinwushang
45521469,591188,to,Xiazuokengcun
45521546,591189,to,Jiaotoucun
45521700,591191,to,Xiaolingcun
45521777,591192,to,Liantangbei
45522008,591195,to,Yazijing
45522162,591197,to,Naitou
45522470,591201,to,Sikeng
45522547,591202,to,Canbeicun
45522624,591203,to,Zhaigongba
45522855,591206,to,Huamei' ao
45522932,591207,to,Taoshanwo
45523009,591208,to,Ludongcun
45523086,591209,to,Xindiancun
45523317,591212,to,Zhaishang
45523394,591213,to,Luowu
45523471,591214,to,Dayaping
45523702,591217,to,Ma' anshi
45523856,591219,to,Yunfeng
45523933,591220,to,Changkeng
45524010,591221,to,Haoyan
45524087,591222,to,Meixicun
45524318,591225,to,Wanghualing
45524703,591230,to,Tuoshang
45524780,591231,to,Kengxili
45524857,591232,to,Xianglushan
45525011,591234,to,Xincun
45525165,591236,to,Datianxu
45525396,591239,to,Shangshiqiu
45525473,591240,to,Tiandan
45525550,591241,to,Chuxi
45525704,591243,to,Wuzaikeng
45525781,591244,to,Hongtangi
45526166,591249,to,Dongjiakeng
45526320,591251,to,Yuanbei
45526551,591254,to,Huangnitang
45526705,591256,to,Fenli
45526782,591257,to,Shanpengxia
45526859,591258,to,Hongqipai
45527013,591260,to,Jiaogongkeng
45527244,591263,to,Gaozhai
45527321,591264,to,Poxia
45527398,591265,to,Changbucun
45527475,591266,to,Liantangcun
45527552,591267,to,Yangmeicun
45527783,591270,to,Shizao
45527860,591271,to,Yanglongcun
45528014,591273,to,Dachakeng
45528168,591275,to,Shangshiyou
45528245,591276,to,Longshansi
45528399,591278,to,Nanmuping
45528476,591279,to,Shishengling
45528553,591280,to,Wangzhu
45528630,591281,to,Hengyuan
45528938,591285,to,Lijiadi
45529092,591287,to,Luojingdi
45529169,591288,to,Dongping
45529323,591290,to,Wukeng
45529400,591291,to,Liangshang
45529554,591293,to,Dalingbei
45529631,591294,to,Xikengba
45529708,591295,to,Heshanbei
45529785,591296,to,Lifangcun
45529862,591297,to,E' xingzai
45530016,591299,to,Zhuyuancun
45530247,591302,to,Yeyuancun
45530401,591304,to,Huangyuan
45530555,591306,to,Jingli
45530632,591307,to,Guanjiatang
45531094,591313,to,Wanli
45531325,591316,to,Qiaoxia
45531402,591317,to,Gaowu
45531633,591320,to,Shangtiancun
45531710,591321,to,Dalingcun
45532172,591327,to,Xiangjiang
45532326,591329,to,Bogongnao
45532557,591332,to,Chenfang
45532634,591333,to,Lisi
45532788,591335,to,Anzinao
45533019,591338,to,Wujingcun
45533096,591339,to,Chengbeicun
45533250,591341,to,Chishuicun
45533404,591343,to,Qinchaling
45533481,591344,to,Zhebu
45533558,591345,to,Wangzhukeng
45533789,591348,to,Neilukeng
45533866,591349,to,Zhukeng
45534097,591352,to,Duimenpai
45534713,591360,to,Zhongjingcun
45534867,591362,to,Gaohunao
45535021,591364,to,Longwangkeng
45535098,591365,to,Hongmuliao
45535252,591367,to,Ejing
45535329,591368,to,Shuanglong
45535406,591369,to,Xianrenwo
45535483,591370,to,Luxia
45535560,591371,to,Xiaxie
45535637,591372,to,Aobei
45535791,591374,to,Xuezhucun
45535868,591375,to,Pogang
45535945,591376,to,Huangbei' ou
45536022,591377,to,Linhuiwo
45536176,591379,to,Shannihu
45536330,591381,to,Shiyincun
45536561,591384,to,Xinmincun
45536638,591385,to,Tuwei
45536715,591386,to,Jiutangcun
45536869,591388,to,Donglingcun
45537100,591391,to,Jishang
45537177,591392,to,Youxi
45537331,591394,to,Dawunei
45537485,591396,to,Qiyuan
45537562,591397,to,Xinanping
45537947,591402,to,Xiongge
45538024,591403,to,Makeng
45538178,591405,to,Exing
45538255,591406,to,Sanxicun
45538486,591409,to,Qianzuoping
45538640,591411,to,Nanqiaocun
45538717,591412,to,Luoxinqian
45539025,591416,to,Jinglicun
45539179,591418,to,Kengwei
45539256,591419,to,Nankeng
45539410,591421,to,Cengkeng
45539487,591422,to,Lixitang
45539564,591423,to,Xialeikeng
45539641,591424,to,Xiazhan
45539718,591425,to,Gaoxiao
45539795,591426,to,Wujiubei
45539949,591428,to,Xinwujia
45540180,591431,to,Zuoshupai
45540488,591435,to,Shibikeng
45540642,591437,to,Zhongyunping
45540873,591440,to,Meinancun
45540950,591441,to,Shijiecun
45541566,591449,to,Liaogongkeng
45541643,591450,to,Wujiacun
45541720,591451,to,Dalianshan
45541874,591453,to,Liutianjing
45541951,591454,to,Sanmentan
45542259,591458,to,Hufengcun
45542336,591459,to,Jiangbei
45542413,591460,to,Xifencun
45542567,591462,to,Zhuyuancun
45542644,591463,to,Tangwaicun
45542721,591464,to,Shangjingcun
45542798,591465,to,Tanglang
45542875,591466,to,Sekisia
45542952,591467,to,Hengjiang
45543106,591469,to,Tiandongxi
45543183,591470,to,Luobuli
45543337,591472,to,Cengyuan
45543491,591474,to,Heshupai
45543568,591475,to,Nanjingkeng
45543645,591476,to,Yangshijie
45543722,591477,to,Fengshuxia
45543799,591478,to,Shuangkengji
45543953,591480,to,Egongcun
45544030,591481,to,Banxi
45544107,591482,to,Pipacun
45544184,591483,to,Zhongshicun
45544261,591484,to,Tangkengcun
45544492,591487,to,Shangshegong
45544723,591490,to,Sanjiacun
45544877,591492,to,Luojiaxing
45544954,591493,to,Songshanxia
45545031,591494,to,Manaopai
45545185,591496,to,Chishui
45545416,591499,to,Ping' ancun
45545647,591502,to,Nanjiangxia
45545878,591505,to,Shuikoubei
45546109,591508,to,Longwocun
45546186,591509,to,Pingxicun
45546263,591510,to,Luxiecun
45546340,591511,to,Shuilaoxia
45546494,591513,to,Liukeng
45546571,591514,to,Baizhuling
45546648,591515,to,Longwangge
45546725,591516,to,Sanjiangpai
45546879,591518,to,Lannipai
45547033,591520,to,Yuanshu' an
45547264,591523,to,Xietang
45547341,591524,to,Zhangmukeng
45547495,591526,to,Sinitini
45547572,591527,to,Changpai
45547726,591529,to,Huanglingkeng
45548034,591533,to,Shizitoucun
45548419,591538,to,Shazhouping
45548496,591539,to,Dashuikeng
45548650,591541,to,Xiacun
45548727,591542,to,Huangjinkeng
45548804,591543,to,Sumuzhang
45548958,591545,to,Xinyutang
45549112,591547,to,Zhuyuanzhai
45549343,591550,to,Shiyunkeng
45549497,591552,to,Zhangxia
45549805,591556,to,Zoukengcun
45550190,591561,to,Lishucun
45550267,591562,to,Wangjia
45550575,591566,to,Dufu
45550652,591567,to,Changxia
45550960,591571,to,shi long zhen
45551037,591572,to,Shanmen' ao
45551114,591573,to,Miaoqian
45551345,591576,to,Yangtuobei
45551422,591577,to,Tangwu
45551499,591578,to,Tangbei
45551576,591579,to,Hankengkou
45551730,591581,to,Muzipai
45551807,591582,to,Shuangbei
45552038,591585,to,Tudikeng
45552115,591586,to,Shangsanguan
45552346,591589,to,Fukengcun
45552500,591591,to,Beitiancun
45552731,591594,to,Zhuangtoucun
45552808,591595,to,Gaojiadi
45552962,591597,to,Waipokeng
45553347,591602,to,Xiaoshan
45553501,591604,to,Xiaoxicun
45553732,591607,to,Laoshi' an
45553809,591608,to,Daoliu
45553886,591609,to,Dengbei
45553963,591610,to,Xiawan
45554040,591611,to,Hanzhai
45554117,591612,to,Xiaxinwu
45554194,591613,to,Zengwujing
45554425,591616,to,Jicuncun
45554502,591617,to,Miaoziqian
45554579,591618,to,Longxiacun
45554733,591620,to,Huamenlou
45554887,591622,to,Baijiawo
45555118,591625,to,Dakengcun
45555426,591629,to,Hengkengzi
45555657,591632,to,Xiacun
45555734,591633,to,Gentangxu
45555811,591634,to,Huangnikeng
45555888,591635,to,Xinwujia
45556042,591637,to,Diaozishan
45556350,591641,to,Tianluoxing
45556427,591642,to,Cangxia
45556504,591643,to,Dawu
45556735,591646,to,Dakeng
45556889,591648,to,Qikengcun
45556966,591649,to,Zhongpingcun
45557043,591650,to,Sudicun
45557197,591652,to,Hetangcun
45557351,591654,to,Lianzicun
45557428,591655,to,Tangbeicun
45557582,591657,to,Tangtou
45557813,591660,to,Changjing
45558198,591665,to,Shangwei
45558352,591667,to,Liutian
45558429,591668,to,Penxing
45558737,591672,to,Huangkengkou
45558891,591674,to,Liziwo
45558968,591675,to,Shangseni
45559045,591676,to,Painao
45559199,591678,to,Shuiyuancun
45559276,591679,to,Yanggongcun
45559353,591680,to,Weishangcun
45559430,591681,to,Huwucun
45559507,591682,to,Huangshancun
45559584,591683,to,Shangnaocun
45559661,591684,to,Huilong
45559738,591685,to,Gaobacun
45559892,591687,to,Sheyuanbei
45559969,591688,to,Fulongling
45560046,591689,to,Longxicun
45560354,591693,to,Xugongshan
45560431,591694,to,Gantian
45560508,591695,to,Gaoling
45560739,591698,to,Yapoqiu
45560893,591700,to,Wushixia
45560970,591701,to,Yangmeikeng
45561124,591703,to,Jingzikou
45561278,591705,to,Baixi
45561509,591708,to,Tian' ou
45561663,591710,to,Shegangcun
45561817,591712,to,Wangkengcun
45561894,591713,to,Nanjiangbeicun
45561971,591714,to,Longxingcun
45562048,591715,to,Songshanbei
45562279,591718,to,Jiangfangling
45562356,591719,to,Yugupai
45562433,591720,to,Niugudong
45562510,591721,to,Chijinping
45562664,591723,to,Gaozikeng
45562818,591725,to,Guanjiadi
45562895,591726,to,Luotang
45563357,591732,to,Wangwu
45563819,591738,to,Yuanweicun
45564050,591741,to,Sanjiangcun
45564127,591742,to,Wanggancun
45564281,591744,to,Yangjiukeng
45564358,591745,to,Lankou
45564435,591746,to,Fengshuping
45564512,591747,to,Shangjiao
45564589,591748,to,Wujiaxie
45564666,591749,to,Huangcaokeng
45564743,591750,to,Xiagutang
45564820,591751,to,Baimaling
45564974,591753,to,Xiangzuibei
45565051,591754,to,Kantiancun
45565128,591755,to,Chahui
45565282,591757,to,Anhu
45565359,591758,to,Jingdi
45565513,591760,to,Ankeng
45565744,591763,to,Jiangjunqian
45565821,591764,to,Gongjiang Beicun
45566052,591767,to,Zhuzexiang
45566129,591768,to,Gaolong
45566283,591770,to,Fenkeng
45566360,591771,to,Meiyao
45566437,591772,to,Dagu
45566514,591773,to,che xixiang
45566591,591774,to,Ma'an
45566668,591775,to,ge ao zhen
45566745,591776,to,Gangmian
45566822,591777,to,\N
45566899,591778,to,Zaocun
45566976,591779,to,Chengjiashan
45567130,591781,to,Maozhou
45567207,591782,to,Zhoujia
45567284,591783,to,Beixi
45567515,591786,to,Gucheng
45567592,591787,to,Xikeng
45567823,591790,to,Lixi
45568208,591795,to,Youcaoxing
45568593,591800,to,Huangfen
45568670,591801,to,Huxing
45568747,591802,to,Foyuan
45568824,591803,to,Lijia
45568901,591804,to,Baishihu
45568978,591805,to,Shepoling
45569209,591808,to,Liushuxia
45569286,591809,to,Paizishang
45569363,591810,to,Jiangxia
45569517,591812,to,Huangniwan
45569748,591815,to,Xiaoduan
45569979,591818,to,Aobei
45570056,591819,to,Qiwei
45570518,591825,to,Qiujiafang
45570595,591826,to,Chengjiaduan
45570826,591829,to,Xuexijing
45570980,591831,to,Aoshang
45571057,591832,to,Wuchangqiu
45571134,591833,to,Huangsha
45571519,591838,to,Weinao
45571596,591839,to,Zhuangxia
45571673,591840,to,Luokeng
45571827,591842,to,Juntun
45572135,591846,to,Zhongxinqian
45572520,591851,to,Xiyangba
45572674,591853,to,Shangduan
45572828,591855,to,Duanzinao
45572982,591857,to,Qinao
45573367,591862,to,Miaoxia
45573521,591864,to,Daduan
45573675,591866,to,Wubaiduan
45573829,591868,to,Jingwan
45573906,591869,to,nan zhuang xiang
45574060,591871,to,Tudijiao
45574137,591872,to,Lingnao
45574291,591874,to,Painao
45574445,591876,to,Tianduan
45574753,591880,to,Yueshan
45574984,591883,to,Guantang
45575061,591884,to,Qingxi
45575138,591885,to,Sanshanli
45575215,591886,to,Yongtang
45575292,591887,to,shexia cun
45575369,591888,to,an shan shi
45575677,591892,to,Tutian
45575754,591893,to,Daduan
45576062,591897,to,Shangjiang
45576139,591898,to,Daichengbei
45576293,591900,to,Chaolingbei
45576447,591902,to,Liujia
45576524,591903,to,Daijiafang
45576601,591904,to,Xiajia
45576755,591906,to,Shexing
45576909,591908,to,Qixia
45576986,591909,to,Sixia
45577217,591912,to,Luzhu
45577294,591913,to,Tianxipai
45577371,591914,to,Tudiduan
45577525,591916,to,Shizi' ao
45577602,591917,to,Ao' tangbei
45577756,591919,to,Yinqi
45577833,591920,to,Juntian
45578141,591924,to,Zhangkeng
45578680,591931,to,Hejiangkou
45578911,591934,to,Qiaoshi
45579065,591936,to,Shiyanping
45579219,591938,to,Qilongkeng
45579296,591939,to,Liaojun' ao
45579373,591940,to,Aozibei
45579604,591943,to,Dazhuang
45579681,591944,to,Lao' anqian
45579835,591946,to,Gangshang
45580220,591951,to,chang ping cun
45580528,591955,to,jiang an pu
45580913,591960,to,Wudi
45581298,591965,to,teng ling gan
45581375,591966,to,lin de cun
45581529,591968,to,wu li qiao
45581606,591969,to,huang tu dong
45581760,591971,to,xiao mei xi
45581914,591973,to,tong lin xia
45581991,591974,to,yang de cun
45582145,591976,to,huang sha keng
45582299,591978,to,san hu keng xia
45582530,591981,to,liu jia
45582761,591984,to,zhang keng
45582838,591985,to,xu keng
45582992,591987,to,nan hui cun
45583069,591988,to,tai shang cun
45583146,591989,to,ba li qiao
45583223,591990,to,wenle keng
45583300,591991,to,gong jia de
45583377,591992,to,shang ju yang
45583454,591993,to,xin tian cun
45583608,591995,to,shan tou cun
45583685,591996,to,yang keng
45583993,592000,to,ji zi ku
45584070,592001,to,shang xia
45584147,592002,to,cuo keng tou
45584224,592003,to,\N
45584455,592006,to,qian bian
45584609,592008,to,gai zhuyang
45585071,592014,to,wu jia ping
45585148,592015,to,wang bei
45585610,592021,to,qian ping cun
45585687,592022,to,an qian keng
45585764,592023,to,qiao xia
45585995,592026,to,shui nan cun
45586226,592029,to,wannei cun
45586380,592031,to,mei xicun
45586534,592033,to,qing cun cun
45586688,592035,to,yi xicun
45586919,592038,to,yao pai
45586996,592039,to,dong shi cun
45587150,592041,to,shang hua cun
45587304,592043,to,cao shi
45587535,592046,to,lei xi cun
45587612,592047,to,yu lian cun
45587766,592049,to,shi xi
45587997,592052,to,yao she cun
45588151,592054,to,yu cuo keng
45588228,592055,to,chi xi
45588536,592059,to,ba xikou
45588613,592060,to,liang keng cun
45588690,592061,to,feng se
45588767,592062,to,yang men de
45588844,592063,to,shan men cun
45588921,592064,to,xie de cun
45589229,592068,to,feng cuo
45589306,592069,to,shang fang cun
45589383,592070,to,niu jiao keng
45589460,592071,to,shui qi cun
45589614,592073,to,nan xicun
45589691,592074,to,mai keng cun
45589845,592076,to,Sekeng
45589922,592077,to,nan keng
45589999,592078,to,zhang keng
45590153,592080,to,chi keng
45590307,592082,to,sha xi
45590384,592083,to,zhang de cun
45590538,592085,to,da yan
45590615,592086,to,jiang fang cun
45590846,592089,to,ji kou cun
45591000,592091,to,xiao jiang fang
45591154,592093,to,ban tou cun
45591308,592095,to,yu fang cun
45591385,592096,to,qing shan
45591462,592097,to,yu jia ling
45591693,592100,to,Yangbu
45591847,592102,to,\N
45591924,592103,to,\N
45592001,592104,to,sha keng
45592078,592105,to,ping hu
45592232,592107,to,li fang cun
45592309,592108,to,xia bei keng
45592463,592110,to,luo ling
45592617,592112,to,niu jiao cun
45592694,592113,to,zhang gan
45593002,592117,to,yang chuan cun
45593233,592120,to,nan keng wei
45593310,592121,to,cun tou
45593618,592125,to,liu ji
45593695,592126,to,lao hu shi
45593772,592127,to,hou yu cuo keng
45593849,592128,to,hu shang cun
45593926,592129,to,shang long keng
45594388,592135,to,nan ban cun
45594542,592137,to,da yan cun
45594850,592141,to,chong er cun
45595081,592144,to,zhou jia fang
45595158,592145,to,zhou cuo cun
45595235,592146,to,xi xi
45595312,592147,to,niu fu ling
45595543,592150,to,zhang lin
45595620,592151,to,yuan se cun
45595697,592152,to,san hu
45595774,592153,to,wai fang
45595851,592154,to,shi fu cun
45596159,592158,to,xi yan
45596313,592160,to,yuan li cun
45596390,592161,to,weng de
45596467,592162,to,lin de keng
45596852,592167,to,wu cuo de
45596929,592168,to,xiao keng cun
45597160,592171,to,da keng cun
45597314,592173,to,qu yuan
45597776,592179,to,yangde cun
45598161,592184,to,sha kou
45598315,592186,to,jiang wang keng
45598469,592188,to,zhang gan cun
45598700,592191,to,hong de cun
45598777,592192,to,gao ping cun
45598854,592193,to,han tang
45598931,592194,to,ban keng
45599162,592197,to,bu xi
45599239,592198,to,xiyuan
45599316,592199,to,xia keng
45599393,592200,to,zhong shan cun
45599470,592201,to,shu cai cun
45599547,592202,to,yi cun
45599624,592203,to,wu li ting
45599701,592204,to,ma si keng
45599778,592205,to,long du
45599932,592207,to,chang an cun
45600009,592208,to,yan keng cun
45600086,592209,to,yuan li
45600163,592210,to,shui kou
45600240,592211,to,lin cuo
45600471,592214,to,zuo ba
45600625,592216,to,hong an cun
45600779,592218,to,feng cuo cun
45600856,592219,to,yangkeng
45600933,592220,to,yu keng
45601010,592221,to,zu jiao
45601087,592222,to,weng cuo
45601164,592223,to,Changqi
45601318,592225,to,meng keng
45601395,592226,to,lian de
45601549,592228,to,zeng tian cun
45601626,592229,to,long shui yan
45601703,592230,to,jiang hou cun
45601857,592232,to,zhu ling tou
45601934,592233,to,da qu cun
45602088,592235,to,wang keng kou
45602242,592237,to,tao cun cun
45602396,592239,to,yan li cun
45602473,592240,to,shang de
45602550,592241,to,ju yang ke
45602704,592243,to,shang yangmei ao
45602781,592244,to,yin shan cun
45602858,592245,to,mei xi
45603012,592247,to,shang de cun
45603166,592249,to,sha zhou keng
45603243,592250,to,xia sha de
45603397,592252,to,zhumu qian
45603551,592254,to,wang keng cun
45603628,592255,to,tao yuan
45603705,592256,to,xie keng
45603782,592257,to,gao fang cun
45603859,592258,to,da yang
45603936,592259,to,deng jia ping
45604090,592261,to,dong shang
45604167,592262,to,jiao ling
45604321,592264,to,xia bian cun
45604398,592265,to,shi quan ping
45604629,592268,to,yu yuan cun
45604783,592270,to,xiao jia de
45604937,592272,to,chen yuan cun
45605014,592273,to,tang keng
45605168,592275,to,tai cun
45605245,592276,to,qi fu tang
45605322,592277,to,shang de
45605476,592279,to,\N
45606015,592286,to,tao zhikeng
45606323,592290,to,san xicun
45606477,592292,to,jin keng cun
45606554,592293,to,xia shi tang
45606631,592294,to,yao bian keng
45606785,592296,to,xiao keng
45606862,592297,to,wai ke
45606939,592298,to,chi xi
45607016,592299,to,li jia ling
45607170,592301,to,yi zhou
45607247,592302,to,fang tou
45607632,592307,to,wei fang cun
45607863,592310,to,jiang jia ling
45608017,592312,to,hu lu xing
45608171,592314,to,wu tong ao
45608248,592315,to,ding de
45608325,592316,to,liao keng
45608479,592318,to,chen keng wei
45608556,592319,to,da ping
45608633,592320,to,qiao tou
45608710,592321,to,pi pa long
45608864,592323,to,bi zhou cun
45609095,592326,to,yang jia shan
45609403,592330,to,cun tou cun
45609634,592333,to,liao fang
45609711,592334,to,da ji xi
45610019,592338,to,qi xicun
45610096,592339,to,da yang cun
45610250,592341,to,da ma xu
45610327,592342,to,zhang dou cun
45610481,592344,to,ji xia cun
45610558,592345,to,keng tou
45610789,592348,to,wang gao
45611020,592351,to,yu ling cun
45611097,592352,to,da yang cun
45611251,592354,to,pan keng
45611328,592355,to,lu ci cun
45611482,592357,to,fei qiao cun
45611713,592360,to,fang tou cun
45611867,592362,to,shang zhang yuan
45611944,592363,to,xiao keng
45612021,592364,to,ping shang cun
45612252,592367,to,da wang cun
45612560,592371,to,luo han
45612714,592373,to,ping wei
45612791,592374,to,yuan sha
45612868,592375,to,xia keng long
45612945,592376,to,chen cuo cun
45613022,592377,to,xin keng
45613099,592378,to,hao li
45613176,592379,to,jing bian
45613253,592380,to,zhu bu
45613330,592381,to,wang xidong
45613407,592382,to,ge fang
45613484,592383,to,dang xing ao
45613638,592385,to,tou qiao
45613946,592389,to,mei kou cun
45614023,592390,to,wenfang cun
45614177,592392,to,feng yan
45614254,592393,to,yang de
45614408,592395,to,xi hu cun
45614485,592396,to,huang cuo
45615794,592413,to,chi ling gan
45616564,592423,to,quan shui xia cun
45616641,592424,to,po hou cun
45616718,592425,to,yue bang cun
45616795,592426,to,shang songde
45616872,592427,to,\N
45617026,592429,to,caobang
45617257,592432,to,weng keng
45617334,592433,to,dao ma ling
45617411,592434,to,yang hua keng cun
45617488,592435,to,liu keng cun
45617642,592437,to,da ping
45617719,592438,to,zhang dun
45617873,592440,to,zhang zhen tou
45617950,592441,to,long keng cun
45618027,592442,to,xiao keng
45618181,592444,to,hou di
45618258,592445,to,hua qiao shang
45618412,592447,to,long dong cun
45618489,592448,to,yang kou zi
45619336,592459,to,keng di
45619413,592460,to,hou keng yang
45619490,592461,to,bailu xia
45619721,592464,to,shang du cun
45619875,592466,to,shang gan shan
45620106,592469,to,xia yu tian
45620260,592471,to,caode
45620568,592475,to,wen xin cun
45620645,592476,to,shang tang
45620799,592478,to,shi men xi
45620876,592479,to,loushan pu
45621030,592481,to,qu cun
45621107,592482,to,wu li ting
45621184,592483,to,geng tou
45621338,592485,to,he ping cun
45621492,592487,to,caoxi
45621569,592488,to,san yuan
45621800,592491,to,su yuan
45621877,592492,to,huang keng
45621954,592493,to,tian ping
45622031,592494,to,di caoyuan
45622108,592495,to,xia wa keng
45622262,592497,to,xi ji cun
45622570,592501,to,keng tou
45622724,592503,to,long ling cun
45622801,592504,to,ya mu long
45622955,592506,to,long quan cun
45623109,592508,to,chi yan keng
45623186,592509,to,huang ni ling
45623263,592510,to,qing li shan
45623340,592511,to,pan gu keng
45623417,592512,to,he cuo
45623648,592515,to,Da'an
45623725,592516,to,ta tou
45624110,592521,to,sheng li cun
45624495,592526,to,mao ping
45624572,592527,to,hongtian
45624726,592529,to,dong ren cun
45624803,592530,to,wan choucun
45624880,592531,to,guang ping cun
45624957,592532,to,lian fang
45625881,592544,to,enjia
45626035,592546,to,dong keng
45626343,592550,to,\N
45626420,592551,to,fang shang cun
45626574,592553,to,shan fang
45626882,592557,to,nan keng cun
45626959,592558,to,hongzhai
45627036,592559,to,xinan cun
45627113,592560,to,xin qiao cun
45627267,592562,to,da ban cun
45627575,592566,to,san jian du
45627960,592571,to,xia fang
45628037,592572,to,xie fang
45628114,592573,to,lu li
45628191,592574,to,shang dui cun
45628345,592576,to,xiao hu
45628422,592577,to,jing xi cun
45628499,592578,to,zhang keng
45628653,592580,to,da fang cun
45628884,592583,to,zheng xicun
45629038,592585,to,kou qian cun
45629192,592587,to,jiu cun
45629269,592588,to,yu fang
45629654,592593,to,luo xicun
45629731,592594,to,xia keng
45630039,592598,to,ban keng
45630270,592601,to,zhang zu keng
45630347,592602,to,jing gang cun
45630424,592603,to,yangmei lan
45630655,592606,to,wang yuan
45630732,592607,to,xia sha cun
45630809,592608,to,yang jiao ling
45631040,592611,to,an ju ban
45631271,592614,to,shan feng
45631348,592615,to,zhuzhou
45631425,592616,to,peng yan
45631579,592618,to,hou qu
45631656,592619,to,yang chu xi
45631887,592622,to,zhong yang xi
45631964,592623,to,hu guan cun
45632118,592625,to,xi jie cun
45632195,592626,to,pu tou cheng
45632349,592628,to,fu zhou
45632426,592629,to,jing long cun
45632503,592630,to,da ba kou
45632657,592632,to,luo keng cun
45632734,592633,to,chi ke cun
45632888,592635,to,gu xian cun
45633196,592639,to,baishi
45633273,592640,to,zhang gong cun
45633350,592641,to,Xikeng
45633427,592642,to,\N
45633504,592643,to,shang yang cun
45633658,592645,to,hecun
45633889,592648,to,shang ping
45634120,592651,to,zhang keng wan
45634197,592652,to,xia keng yuan
45634428,592655,to,shuang jian
45634505,592656,to,long feng chang
45634582,592657,to,ling tou
45634659,592658,to,lie dong cun
45634736,592659,to,wu long cun
45634813,592660,to,caoyuan cun
45634967,592662,to,shui kou zhai
45635121,592664,to,ma liao keng
45635198,592665,to,zhang dun cun
45635583,592670,to,qiao tou
45635660,592671,to,sha jiao cun
45635737,592672,to,Xikeng
45635891,592674,to,songshu ling
45636122,592677,to,xiao qian cun
45636353,592680,to,tian yu tang
45636430,592681,to,luo jia shan
45636507,592682,to,ban ling cun
45636584,592683,to,hesha keng
45636969,592688,to,shan kou
45637200,592691,to,xia cun yang
45637893,592700,to,wang lin keng
45637970,592701,to,lai de cun
45638201,592704,to,wa xicun
45638278,592705,to,xing cun
45638355,592706,to,yang shan cun
45638432,592707,to,da bei keng
45638586,592709,to,Xikeng
45638817,592712,to,xiao jiao
45639510,592721,to,du tou
45639587,592722,to,lai yuan cun
45640049,592728,to,ding hou ling
45640126,592729,to,shuang jiang
45640203,592730,to,louyuan cun
45640434,592733,to,shan feng yuan
45640511,592734,to,xi yuan cun
45640896,592739,to,shi men ling
45641050,592741,to,ku zhu
45641127,592742,to,bang shan cun
45641281,592744,to,luo de
45641743,592750,to,huang long
45642128,592755,to,chen fang cun
45642282,592757,to,long gui qiang
45642436,592759,to,da ba cun
45642513,592760,to,shan ling xia
45642821,592764,to,hou yang cun
45642898,592765,to,chang rong cun
45642975,592766,to,mian zhubian
45643052,592767,to,yan xia cun
45643283,592770,to,hao fang cun
45643437,592772,to,yuan yang cun
45643822,592777,to,yang men
45643899,592778,to,deng fang cun
45644592,592787,to,ren cun
45644746,592789,to,zheng keng
45644900,592791,to,yang ban
45645054,592793,to,jia tou cun
45645131,592794,to,fu shan cun
45645208,592795,to,songlin cun
45645439,592798,to,ce shang
45645670,592801,to,paixi
45645747,592802,to,xu keng
45645824,592803,to,tang zhang keng
45645901,592804,to,nan qi
45646209,592808,to,gao keng yang
45646440,592811,to,yang le
45646902,592817,to,shan ban keng
45647056,592819,to,liu cheng cun
45647133,592820,to,shu sha yang
45647210,592821,to,peng keng cun
45647287,592822,to,du shui cun
45647364,592823,to,ge yu keng
45647441,592824,to,du tou cun
45647518,592825,to,zhang xicun
45647595,592826,to,gao shan cun
45647749,592828,to,yu dun cun
45647826,592829,to,cun wei
45647980,592831,to,wu fang cun
45648057,592832,to,Shangyuan
45648211,592834,to,xia zhuang yang
45648288,592835,to,gong keng
45648442,592837,to,shan tuncun
45648519,592838,to,Longxi
45648750,592841,to,du tou ping
45648827,592842,to,mi yang cun
45648904,592843,to,nai jia shan
45648981,592844,to,fa long feng
45649058,592845,to,huang xikeng cun
45649135,592846,to,nan sheng cun
45649443,592850,to,ji xia cun
45649751,592854,to,he feng
45649828,592855,to,ji she
45650136,592859,to,xia yang
45650290,592861,to,wu fang cun
45650367,592862,to,Jiangxi
45650521,592864,to,zhan cuo
45650598,592865,to,ling tou
45650675,592866,to,xia cun
45650752,592867,to,cao long
45651137,592872,to,bao zhuang cun
45651368,592875,to,lian keng cun
45651676,592879,to,feng ling mian
45651907,592882,to,banshan
45651984,592883,to,luo keng
45652061,592884,to,genkeng cun
45652215,592886,to,huang ji
45652600,592891,to,xie keng
45652677,592892,to,he dun
45652754,592893,to,zhong jie cun
45653293,592900,to,xia lu
45653447,592902,to,zizhuxi
45653524,592903,to,yan keng cun
45653601,592904,to,baixicun
45653909,592908,to,da ban yang
45654063,592910,to,Paisa Seku
45654679,592918,to,ban lu yang
45654756,592919,to,Shangyang
45654987,592922,to,feng zhuang cun
45655064,592923,to,yu yun ban cun
45655372,592927,to,yang fang cun
45655449,592928,to,chen banbu
45655526,592929,to,shang fu long
45655757,592932,to,ru yuan cun
45655988,592935,to,ju yang cun tou
45656142,592937,to,cao yang cun
45656219,592938,to,long hu
45656296,592939,to,long gong
45656373,592940,to,shuang feng cun
45656527,592942,to,wan zhai cun
45656681,592944,to,yu keng cun
45656758,592945,to,feng ling cun
45656835,592946,to,ling yuan cun
45656912,592947,to,caoyuan
45657143,592950,to,yang yuan cun
45657297,592952,to,tu ling
45657374,592953,to,mushan
45657451,592954,to,shui mei cun
45657605,592956,to,guan tian
45657682,592957,to,chi shan
45657913,592960,to,tao zhou
45657990,592961,to,lai bu cun
45658144,592963,to,mai yuan
45658529,592968,to,yan sha keng
45658606,592969,to,liu keng
45658683,592970,to,jia tou
45658760,592971,to,xiao ji
45658837,592972,to,zhong wu fang
45659068,592975,to,gui xiyang
45659222,592977,to,keng yuan cun
45659376,592979,to,chi ping
45659607,592982,to,shen kou
45659684,592983,to,qiu jiang
45659992,592987,to,Miankou
45660146,592989,to,Tangkengkou
45660223,592990,to,Tiannan
45660377,592992,to,Zhenbei
45660454,592993,to,Mukeng
45660531,592994,to,Xiafukeng
45660839,592998,to,Gaowan
45661070,593001,to,Xianankeng
45661147,593002,to,Luokeng
45661378,593005,to,Longzixian
45661455,593006,to,Motangxia
45661532,593007,to,Sanduan
45661609,593008,to,Hengbei
45661840,593011,to,Yantongkeng
45661917,593012,to,Beikeng
45662071,593014,to,Yingpankeng
45662225,593016,to,Guozhouli
45662302,593017,to,Tangbei
45662379,593018,to,Fengshuguo
45662764,593023,to,Xiadong
45662841,593024,to,Zengjia
45663072,593027,to,Lixi
45663303,593030,to,Xinpeng
45663534,593033,to,Duntang
45663765,593036,to,Hepei
45663842,593037,to,Dachuan
45664304,593043,to,Gaopei
45664381,593044,to,Shankou
45664612,593047,to,Shangfang
45664766,593049,to,Gantian
45664843,593050,to,Chuankengwei
45664920,593051,to,Xuexing
45665228,593055,to,Tiansitan
45665382,593057,to,Jiudan
45665536,593059,to,Huangyuandong
45665690,593061,to,Zhupoqie
45665844,593063,to,Shuikou
45666229,593068,to,Shuijingpai
45666614,593073,to,Baohua
45666922,593077,to,Shangping
45667230,593081,to,Jiudou
45667307,593082,to,Diwuchang
45667384,593083,to,Xin'an
45667461,593084,to,qiao tou zhen
45667615,593086,to,Huangkeng
45667692,593087,to,Xiawudu
45668154,593093,to,Yangmeikeng
45668385,593096,to,Wulipai
45668462,593097,to,Sheqian
45668539,593098,to,Shizhu' an
45668770,593101,to,Guantian
45668847,593102,to,Xinkaihe
45668924,593103,to,Yuexing
45669001,593104,to,Kangjiayuan
45669078,593105,to,Jiangnan
45669155,593106,to,Xiashan
45669540,593111,to,Huangkeng
45669617,593112,to,dong keng zhen
45669771,593114,to,Leifang
45669925,593116,to,Dashan Lingshan
45670156,593119,to,Zoujia
45670541,593124,to,Kuzhu
45670772,593127,to,Hexibu
45670926,593129,to,Nantang
45671080,593131,to,Shanghe Jiabei
45671234,593133,to,Hutian
45671311,593134,to,Luling
45671465,593136,to,Dicangsi
45671696,593139,to,Shixigang
45671773,593140,to,Gangxia
45671850,593141,to,Xiacun
45671927,593142,to,Yangjia
45672081,593144,to,Wuli
45672158,593145,to,Longtan
45672235,593146,to,Dakeng
45672312,593147,to,Shangnijiang
45672389,593148,to,Zengfang
45672543,593150,to,Xiabu
45672774,593153,to,Jinniuji
45673005,593156,to,Zhutangcun
45673082,593157,to,Dakeng
45673467,593162,to,Shebucun
45673621,593164,to,Hekengwei
45673852,593167,to,Hepingi
45674006,593169,to,Wangjiashe
45674083,593170,to,Wangjiashan
45674160,593171,to,Yangmeiqiao Wangjia
45674237,593172,to,Qingcaohu
45674468,593175,to,Quling
45674699,593178,to,Wangjia
45674776,593179,to,Patang
45674853,593180,to,Qinglongpai
45674930,593181,to,Gaotang
45675238,593185,to,Fanli
45675315,593186,to,Liujialong
45675392,593187,to,Lingyangwu
45675469,593188,to,Hengkeng
45675546,593189,to,Baishaba
45675623,593190,to,Banguan
45675700,593191,to,Guannei
45675854,593193,to,Shangshandi
45676085,593196,to,Yanjia
45676162,593197,to,Potangwu
45676239,593198,to,Sekou
45676393,593200,to,Huang' ao
45676778,593205,to,Taiyangping
45677317,593212,to,Baishikeng
45677471,593214,to,Quantang
45677548,593215,to,Duijiang
45677625,593216,to,Changpai
45677779,593218,to,Houguan
45677933,593220,to,Taoshuguo
45678087,593222,to,Fengyuan
45678164,593223,to,Zujiakiao
45678395,593226,to,Egongkeng
45678626,593229,to,Lingxia Ruanjia
45678703,593230,to,Hengkeng
45678780,593231,to,Shegongbei
45678934,593233,to,Zhushanwo
45679011,593234,to,Zhongkeng
45679088,593235,to,Longxia
45679242,593237,to,Shanglong Kengkou
45679473,593240,to,Peisia
45679550,593241,to,Niuxing
45679704,593243,to,Taxingbei
45679935,593246,to,Zhangjiatang
45680012,593247,to,Lannilong
45680089,593248,to,Xinju
45680166,593249,to,xiang kou zhen
45680243,593250,to,huang gang shi
45680551,593254,to,Beikeng
45680859,593258,to,Yijia
45681475,593266,to,Nantouyuan
45681706,593269,to,Kuisia
45681783,593270,to,Yangxieling
45681937,593272,to,Xiaokeng
45682014,593273,to,Shegongwan
45682322,593277,to,Meixi
45682553,593280,to,Baixiqian
45682707,593282,to,Gangtou
45682784,593283,to,Longxia
45682938,593285,to,Ningxi
45683015,593286,to,Yuepingcun
45683169,593288,to,Chetian
45683246,593289,to,Fengshukeng
45683323,593290,to,Peijia
45683400,593291,to,Pantang
45683477,593292,to,Liaojia
45683554,593293,to,Yuanxi
45683708,593295,to,Shuangbei
45683862,593297,to,Tangjikou
45684170,593301,to,Xiawu
45684324,593303,to,Yaoli
45684478,593305,to,Shadou
45684555,593306,to,Dutang
45684632,593307,to,Jiangjia
45684786,593309,to,Dongyuan
45684863,593310,to,Zhangmukeng
45685017,593312,to,Gaopei
45685094,593313,to,Shijia
45685248,593315,to,Shangyao
45685325,593316,to,Shelong
45685710,593321,to,Lingtouzi
45685787,593322,to,Weili
45685941,593324,to,Qingcaowo
45686480,593331,to,Laoxiazhuang
45686557,593332,to,zhang shu shi
45686711,593334,to,Kangjia
45686865,593336,to,Caotang
45687019,593338,to,Daping
45687250,593341,to,Shantian
45687635,593346,to,Caofang
45688174,593353,to,Wanshougong
45688251,593354,to,Caikeng
45688405,593356,to,Jinyitang
45688790,593361,to,Shifengwei
45688867,593362,to,Baishi
45689252,593367,to,Shibijing
45689406,593369,to,Fengshuxia
45689483,593370,to,Xinwunei
45689560,593371,to,Zhoutang
45689637,593372,to,Wuli
45689714,593373,to,Xiyuancun
45689791,593374,to,Gumao
45689868,593375,to,Shiyuan
45690022,593377,to,Gaokeng
45690099,593378,to,Caojia
45690176,593379,to,Yaozaobei
45690253,593380,to,Jiangjiazhou
45690330,593381,to,Xiabantuan
45690638,593385,to,Longmen
45691254,593393,to,Longshang
45691331,593394,to,Xiaoyaogang
45691408,593395,to,Shangcun
45691485,593396,to,Tongzipai
45691716,593399,to,Shanniutang
45691793,593400,to,Potang
45692178,593405,to,Lingnaocun
45692255,593406,to,Zhuangxia
45692332,593407,to,Huangtian
45692409,593408,to,Haifeng
45692640,593411,to,Xiaojie
45692871,593414,to,Yuelongkeng
45693025,593416,to,Qiuwu
45693256,593419,to,Liushuikeng
45693333,593420,to,Zhubaoshan
45693410,593421,to,cheng dou shi
45693487,593422,to,Lianhualing
45693564,593423,to,Jiangshang
45693641,593424,to,Yunfengzhang
45693795,593426,to,Shangba
45694103,593430,to,sha tian
45694411,593434,to,Shangmicun
45694565,593436,to,Yufang
45694796,593439,to,Mengkoucun
45694873,593440,to,she nan cun
45695027,593442,to,Shuikou
45695412,593447,to,Pengjialong
45695489,593448,to,Bengjiaxia
45695566,593449,to,Dawo
45695643,593450,to,Siliu
45695720,593451,to,Gaopingnao
45695797,593452,to,Dianxia
45695874,593453,to,Huangbian
45696413,593460,to,Zuoshi
45696490,593461,to,Xiamianshan
45696567,593462,to,Ailingxia
45696721,593464,to,Yuantou
45696875,593466,to,Laoshancun
45696952,593467,to,Lukeng
45697106,593469,to,Shangjie
45697260,593471,to,Zhaiqian
45697337,593472,to,Shenkou
45697491,593474,to,Xiawan
45697568,593475,to,Taohua
45697645,593476,to,Tongyuanling
45697722,593477,to,Shizibei
45698030,593481,to,Qijiaoshan
45698569,593488,to,tang keng zhen
45698723,593490,to,Ansheng
45698800,593491,to,Duyuan
45698877,593492,to,Yinkeng
45698954,593493,to,Laopengxia
45699416,593499,to,Fenglin
45699570,593501,to,Kanxia
45699647,593502,to,Tantou
45699724,593503,to,Huayuan
45699801,593504,to,Hekeng
45699878,593505,to,Shuikou
45699955,593506,to,Laogumiao
45700032,593507,to,Longjiaping
45700109,593508,to,Laowujia
45700186,593509,to,Fuyixing
45700263,593510,to,Shangluokeng
45700340,593511,to,Shibei
45700417,593512,to,Fenglin
45700571,593514,to,Xishan' an
45700725,593516,to,Youjiukeng
45700956,593519,to,Xiayingshui
45701033,593520,to,Zhenbei
45701110,593521,to,Shexing
45701649,593528,to,Chitang
45702034,593533,to,Xialong
45702265,593536,to,Gaomingshan
45702650,593541,to,Meitou
45703035,593546,to,Chuanxingtang
45703112,593547,to,Shangbu
45703189,593548,to,Shanbeicun
45703266,593549,to,Huangnitan
45703574,593553,to,Hengchuan
45703651,593554,to,you xin cun
45703805,593556,to,Yuanjiaxiang
45703959,593558,to,Shangluowu
45704036,593559,to,Jiexi
45704190,593561,to,Xinwuxia
45704267,593562,to,Jinpanxing
45704498,593565,to,Qiantoushan
45704575,593566,to,Leiwu
45705037,593572,to,Tainei
45705114,593573,to,Huashan
45705807,593582,to,Xiaojia Xincun
45706038,593585,to,Shixingwei
45706192,593587,to,Dongtou
45706346,593589,to,Wenshui
45706423,593590,to,Xiaobikeng
45706500,593591,to,Shechang
45706577,593592,to,Gaolongkeng
45706654,593593,to,Lixikeng
45706808,593595,to,Lashuxia
45707039,593598,to,Nantuancun
45707501,593604,to,Gaoshiping
45707578,593605,to,Tianxin
45708040,593611,to,Baimang
45708425,593616,to,Zhangmian
45708579,593618,to,Tianjing
45708810,593621,to,Maoping
45708887,593622,to,Gaonaoping
45709041,593624,to,Fengjiang
45709195,593626,to,Lingshangcun
45709272,593627,to,Shixikou
45709349,593628,to,Qianzhuang
45709426,593629,to,Anziqian
45709503,593630,to,Hebu
45709580,593631,to,Dachawo
45709657,593632,to,dong keng zhen
45709888,593635,to,Zhongdong
45710042,593637,to,Diankeng
45710119,593638,to,Guojia
45710427,593642,to,Dongshanxia
45710658,593645,to,Egongzhou
45710966,593649,to,Liaowubei
45711043,593650,to,Guanyinshan
45711274,593653,to,yang mei zhen
45711351,593654,to,Zhaixia
45711736,593659,to,Tonga
45712044,593663,to,Qiaozixia
45712275,593666,to,Penxing
45712660,593671,to,Xiacun
45712737,593672,to,Baizhutan
45712891,593674,to,gao ping shi
45713199,593678,to,Yangqiucun
45713276,593679,to,Xiafangcun
45713584,593683,to,Yangdu
45713815,593686,to,Huangjiayuan
45713892,593687,to,Laoliaochang
45713969,593688,to,Shangshu
45714123,593690,to,Lanniwu
45714200,593691,to,Shiqiaokeng
45714662,593697,to,Nanlong
45715124,593703,to,Qingming
45715201,593704,to,Liaoxicun
45715278,593705,to,Dajiang
45715432,593707,to,Shantang
45715894,593713,to,Dianbian
45716202,593717,to,Tuoping
45716356,593719,to,Zhouwu
45716510,593721,to,Songshanxu
45716741,593724,to,Youdianbei
45717049,593728,to,Bishan
45717203,593730,to,he long shi
45717434,593733,to,Xiantan
45717819,593738,to,Shangxiekeng
45717896,593739,to,Zhangshubei
45717973,593740,to,Chaling
45718127,593742,to,Beiweikeng
45718281,593744,to,Wangtianshan
45718435,593746,to,Qimukeng
45718589,593748,to,Houtang
45718897,593752,to,Changleguan
45719975,593766,to,Zhuyuanbei
45720052,593767,to,Raoyuan
45720129,593768,to,Kengwei
45720206,593769,to,Zhuyuan
45720360,593771,to,Qiluokeng
45720437,593772,to,Dayuan
45720514,593773,to,Shiwupai
45720668,593775,to,Shibeizi
45720745,593776,to,Yaoqian
45720899,593778,to,Gujing
45721130,593781,to,Wushixia
45721284,593783,to,Liantian
45721515,593786,to,Liren
45721592,593787,to,Taoxi
45721669,593788,to,Siwang
45721746,593789,to,Nankeng
45721977,593792,to,Gaobeinao
45722131,593794,to,Xiashuidong
45722362,593797,to,Jiankeng
45722516,593799,to,Shangping
45722670,593801,to,Xiacun
45722824,593803,to,Chenwu
45722978,593805,to,Shang' ekeng
45723132,593807,to,Baimang
45723902,593817,to,Shangwutou
45723979,593818,to,Dabeikeng
45724056,593819,to,Fengshuxia
45724210,593821,to,Hekisi
45724287,593822,to,Ditou
45724595,593826,to,Lishuxia
45724672,593827,to,Siaopei
45725134,593833,to,Nankeng
45725365,593836,to,Wulingbei
45725519,593838,to,Xinshijia
45725596,593839,to,Xinwuxia
45725827,593842,to,Xiangtian
45725904,593843,to,Jiaoyuankeng
45726058,593845,to,Shuijiangshan
45726674,593853,to,Tangji
45726751,593854,to,Yuantou
45726828,593855,to,Wanhu
45726982,593857,to,Zhangjiadu
45727059,593858,to,Baizhukeng
45727136,593859,to,Liwu
45727213,593860,to,Wukeng
45728060,593871,to,Shangwuzi
45728214,593873,to,Shangying
45728445,593876,to,Anziqian
45728753,593880,to,Qingcaokeng
45728830,593881,to,Luogonglong
45728907,593882,to,Taibei
45728984,593883,to,Huisi
45729061,593884,to,Chuiyu
45729215,593886,to,Fengling
45729292,593887,to,Shanisia
45729369,593888,to,Yazihu
45729446,593889,to,Zhongfangcun
45729523,593890,to,Xianong
45729677,593892,to,Chashi
45729754,593893,to,Xiyangcun
45729831,593894,to,Baigaobei
45729908,593895,to,Taipingcun
45730062,593897,to,Dalong
45730447,593902,to,Shejiazi
45730524,593903,to,Aolingxia
45730678,593905,to,Tongluobei
45730755,593906,to,Cangling
45731063,593910,to,Shazibei
45731140,593911,to,Hecangqian
45731217,593912,to,Dagushi
45731371,593914,to,Pengxia
45731525,593916,to,Linwu
45731910,593921,to,Tiantaishan
45731987,593922,to,Xiaji Longshan
45732064,593923,to,Xiahekeng
45732295,593926,to,Luozhongtang
45732526,593929,to,Sanjiacun
45732603,593930,to,Huanglong
45732680,593931,to,Laoju
45732757,593932,to,Xinxing
45732834,593933,to,Haoxing
45733065,593936,to,yuan qian zhen
45733142,593937,to,Benjuesi Ta
45733296,593939,to,shun feng xiang
45733450,593941,to,zhong long xiang
45733604,593943,to,bao shan xiang
45733681,593944,to,Sanxixiang
45733758,593945,to,shang yi xiang
45734143,593950,to,Nanjiantou
45734297,593952,to,Hekoucun
45734451,593954,to,Chunjiedong
45734605,593956,to,yanjiang cun
45734836,593959,to,Hezhengdong
45734990,593961,to,Guyanlong
45735144,593963,to,Xilaidong Shangcun
45735221,593964,to,Xilaidong Zhongcun
45735375,593966,to,Nanxingdong
45735452,593967,to,Yongjuanpu
45735529,593968,to,Guangbude
45735683,593970,to,Shengdidong
45735914,593973,to,Hongjingdong
45736068,593975,to,Guanzhuli
45736145,593976,to,Shangtan
45736299,593978,to,Qingshuidong
45736530,593981,to,Fuyu
45736992,593987,to,Jiameisuo
45737146,593989,to,bao quan zhuang
45737454,593993,to,xia shi jie yu
45737531,593994,to,liang de
45737608,593995,to,Hesiuang
45737685,593996,to,wang hua zhuang
45737916,593999,to,he hui
45737993,594000,to,xu cun
45738070,594001,to,nan xin zhai
45738147,594002,to,xiao tu gao
45738301,594004,to,guan de
45738378,594005,to,shang zhong po
45738532,594007,to,xia tuan
45738609,594008,to,Sinzhai
45738686,594009,to,qing zhong
45738840,594011,to,nan caocun
45738994,594013,to,niu jia ling
45739071,594014,to,jiu ge ta
45739225,594016,to,xia sha leng he
45739533,594020,to,\N
45739610,594021,to,zhu zhuang
45739841,594024,to,xia guan cheng
45740149,594028,to,dong guan jing
45740226,594029,to,gao yu cun
45740380,594031,to,gao sheng zhuang
45740457,594032,to,xi xiao zhai
45740534,594033,to,huang er zhuang
45740611,594034,to,nan xi gou
45740842,594037,to,xin an zhuang
45740919,594038,to,shuang hua ling
45740996,594039,to,lu ming cun
45741535,594046,to,zhang cai zhuang xiang
45741612,594047,to,li lin zhuang
45741920,594051,to,wang jie zhuang
45741997,594052,to,Zirunxiang
45742074,594053,to,an zi ping
45742382,594057,to,tai ping yao
45742459,594058,to,xiao huo jia ying
45742921,594064,to,san qing liang
45743152,594067,to,xin jin tuan
45743383,594070,to,ye chang
45743537,594072,to,san jia dian
45743614,594073,to,xiao bei cha
45743691,594074,to,jiang jia yu
45743768,594075,to,zhu jia zhuang
45743845,594076,to,li jia yao
45743922,594077,to,dong wang ku lue
45744230,594081,to,xia zhuang tou
45744384,594083,to,songzi zui
45744692,594087,to,hou feng yu cun
45744769,594088,to,an zhuang
45744923,594090,to,chen xi he di
45745308,594095,to,ma tiao zhuang
45745385,594096,to,xia moshi gou
45745462,594097,to,Dafuzhuang
45745770,594101,to,liu jia yao
45745847,594102,to,lin jia kou
45745924,594103,to,sha tuan
45746001,594104,to,yu gou
45746155,594106,to,Laobaojia Dongwozi
45746232,594107,to,Hulutao
45746386,594109,to,ha ma chuan cun
45746540,594111,to,Shiyidaogou
45746694,594113,to,Yingfengxian
45747156,594119,to,Chimatai
45747464,594123,to,Quanhe
45747618,594125,to,Sidaopaocun
45747695,594126,to,liu dao pao zi
45747772,594127,to,Zhulincun
45748311,594134,to,Yushi
45748619,594138,to,Nandongshan
45748696,594139,to,Wulingshan
45748773,594140,to,Shangjiaoshan
45749004,594143,to,Situnli
45749158,594145,to,Sandaopaozi
45749543,594150,to,lu tian cun
45749774,594153,to,Daludong
45749851,594154,to,Chaoyanggou
45749928,594155,to,Pipadong
45750082,594157,to,Ersuo
45750159,594158,to,Liangdongshan
45750236,594159,to,yi shu ting
45750313,594160,to,Zhabadeng
45750544,594163,to,he kou
45750852,594167,to,Shangjieshan
45750929,594168,to,Dapanling
45751006,594169,to,Xiweizicun
45751083,594170,to,Baishicun
45751160,594171,to,Xiatianping Shazhou
45751314,594173,to,bian jiang
45751391,594174,to,Shangjiedong
45751468,594175,to,Xiaohetian
45751545,594176,to,banshi gou tun
45751622,594177,to,pan ling gou tun
45751699,594178,to,Daduchuancun
45751776,594179,to,xiao pan ling
45751853,594180,to,xi jia shan cun
45752007,594182,to,Tanjiadian
45752084,594183,to,shang cun
45752238,594185,to,xing long
45752315,594186,to,qing long
45752469,594188,to,jia jia
45752700,594191,to,zhong xia
45752931,594194,to,jichang
45753162,594197,to,ding fang
45753547,594202,to,shao sheng
45754009,594208,to,he xin cun
45754086,594209,to,Yongning
45754163,594210,to,\N
45754240,594211,to,\N
45755010,594221,to,Dongbatou
45755087,594222,to,Xiaobaidu
45755164,594223,to,xin zhou shi
45755241,594224,to,Danqiao
45755318,594225,to,Yuezihe
45755549,594228,to,Heilongmiao
45755626,594229,to,Hepingi
45755780,594231,to,bailong
45755857,594232,to,Xinhua
45756011,594234,to,Luxi
45756242,594237,to,Donghu
45756319,594238,to,Chaoyang
45756396,594239,to,Suoshi
45756704,594243,to,Guantang
45756781,594244,to,Qingxi
45756858,594245,to,Xiaodongshan
45757243,594250,to,Wuhaogou
45757397,594252,to,Changba
45757628,594255,to,Dinglin
45757705,594256,to,jian nan
45757782,594257,to,Wubian
45757936,594259,to,Xihu
45758013,594260,to,dong yang shi
45758321,594264,to,Xuzhuang
45758629,594268,to,Paishan
45758706,594269,to,Guquan
45758860,594271,to,Fenliu
45758937,594272,to,heng yang shi
45759014,594273,to,zhang qiao
45759091,594274,to,Paotaqiao
45759168,594275,to,shan wei shi
45759399,594278,to,Changjiang
45759553,594280,to,Xuqiao
45759707,594282,to,Xiaba
45759784,594283,to,Fuxing
45759861,594284,to,Qiaobei
45759938,594285,to,Mufusani
45760015,594286,to,weng jia ying
45760169,594288,to,Shannan
45760246,594289,to,Da'ao
45760323,594290,to,Yuanjiabian
45760400,594291,to,Chenguang
45760477,594292,to,xi lin yao
45760554,594293,to,ni tang
45760631,594294,to,zhang cun
45761093,594300,to,Jiuligeng
45761170,594301,to,Changcheng
45761247,594302,to,\N
45761324,594303,to,Jiangbei
45761478,594305,to,xia bu
45761555,594306,to,\N
45761786,594309,to,Shakeng
45761863,594310,to,Shandou
45762017,594312,to,Xiaobu
45762094,594313,to,hou long cun
45762402,594317,to,Xialou
45762479,594318,to,youcuo xia cun
45762787,594322,to,liyang zhong cun
45763018,594325,to,Shanliling
45763403,594330,to,Yangjiaping
45763557,594332,to,chan yang cun
45763634,594333,to,Xibian
45763711,594334,to,Nanmilou
45763942,594337,to,Chuanbian
45764096,594339,to,kecuo
45764327,594342,to,ting gen
45764712,594347,to,da luo tang
45764866,594349,to,shi gang
45765020,594351,to,guan qiao huang
45765097,594352,to,xia cun
45765713,594360,to,yong bian
45765790,594361,to,zini
45766098,594365,to,nan bian yue kou
45766406,594369,to,shang ni
45766483,594370,to,Dama
45766791,594374,to,hai lian
45766868,594375,to,wu zhen
45766945,594376,to,dong sheng
45767099,594378,to,de xuan
45767253,594380,to,shang shi pai
45767407,594382,to,xi ya
45767484,594383,to,hai xin sha
45767561,594384,to,xin lian
45767715,594386,to,sha tou yong
45768023,594390,to,gao sha xin yong
45768177,594392,to,long sheng wei
45768408,594395,to,wu zhou
45768639,594398,to,xin yong
45768793,594400,to,xi shui jiao
45768947,594402,to,mei shan
45769024,594403,to,piao feng wei
45769101,594404,to,jingzi hao
45769178,594405,to,fei sha jiao
45769717,594412,to,liu shui jing
45770025,594416,to,shang ba qing
45770179,594418,to,bei wei
45770487,594422,to,zhilong
45770641,594424,to,hou lun wei
45770872,594427,to,xiang he sheng
45770949,594428,to,shi liu qing
45771026,594429,to,tuan jie wei
45771565,594436,to,cang zhu tai
45771719,594438,to,caodong
45771796,594439,to,wen tang
45771873,594440,to,dan zhuba
45772181,594444,to,xi cao tang
45772335,594446,to,Changkeng
45772412,594447,to,fen shui
45772566,594449,to,tian xin tang
45772797,594452,to,xin zhuang
45772874,594453,to,huozhuan wu
45773105,594456,to,shi qiao tou
45773182,594457,to,huang zhuhu
45773259,594458,to,da zhu cun
45773336,594459,to,zhou wu
45773952,594467,to,tian xin
45774106,594469,to,jiu hu
45774337,594472,to,dong bian ling
45774414,594473,to,Pingshanxu
45774568,594475,to,niu bei ling
45774722,594477,to,Changgangxu
45774953,594480,to,dong bian cun
45775030,594481,to,xin hua zhuang
45775261,594484,to,ren bin zhuang
45775569,594488,to,shi gang tou
45775877,594492,to,chi mi
45776108,594495,to,dong hu
45776647,594502,to,long gang
45777032,594507,to,fu tian gang
45777186,594509,to,bi cun
45777340,594511,to,luo han tang
45777494,594513,to,li wu
45777648,594515,to,kuang jia zhuang
45777725,594516,to,xi cheng zhuang
45777802,594517,to,jiang jun tan
45778033,594520,to,zhong ling
45778418,594525,to,tian xin
45778495,594526,to,liang tian
45778649,594528,to,ma xi
45779111,594534,to,guan keng
45779342,594537,to,xia she
45779496,594539,to,xin cun
45779573,594540,to,shang she
45780035,594546,to,tang chun
45780189,594548,to,zhang geng
45780266,594549,to,wa yao zhuang
45780343,594550,to,nan sheng
45780497,594552,to,Changgang
45780959,594558,to,Dali
45781036,594559,to,Silongu
45781190,594561,to,gao wu
45781344,594563,to,Iangsani
45781883,594570,to,huang ma tang
45782037,594572,to,jiao shi
45782268,594575,to,sui feng
45782422,594577,to,rong shu keng
45782499,594578,to,shi ma cun
45782576,594579,to,hai kou
45782653,594580,to,long hu
45782961,594584,to,tian xin
45783038,594585,to,nan gang
45783115,594586,to,mu yuan
45783192,594587,to,huang deng
45783423,594590,to,bailu
45783500,594591,to,jia heshi
45783808,594595,to,xia mao
45784270,594601,to,ting gang
45784347,594602,to,ma wu
45784424,594603,to,huang po dong
45784732,594607,to,tancun
45784963,594610,to,Tangtou
45785040,594611,to,xiangang
45785271,594614,to,wang shu
45785348,594615,to,cen cun
45785425,594616,to,xin tang
45785656,594619,to,songnan
45785810,594621,to,da lin gang
45785887,594622,to,ji tang
45785964,594623,to,lei zhu
45786041,594624,to,bi cun
45786657,594632,to,guan zhou
45786811,594634,to,bei gang
45786888,594635,to,xiao zhou
45787196,594639,to,nan pu shi san cun
45787427,594642,to,dong zhuang
45787504,594643,to,shi tou
45787581,594644,to,zhi cun
45787735,594646,to,Minjingxu
45787966,594649,to,shi bi
45788043,594650,to,ya yao
45788120,594651,to,bang hu
45788274,594653,to,lian xing cun
45788505,594656,to,he ting cun
45788813,594660,to,hua qiao
45789044,594663,to,xiong ji dai
45789429,594668,to,Yangjiabaozi
45789891,594674,to,Wangjiabaozi
45790276,594679,to,Gangyaolingshangbao
45790353,594680,to,Songjiabaozi
45790507,594682,to,Lijiabaozi
45790661,594684,to,Libao
45790738,594685,to,Zhangjiabaozi
45790969,594688,to,Ping' anbaocun
45791046,594689,to,Nanxiaobao
45791123,594690,to,Baoshanbaocun
45791354,594693,to,Xinbao
45791816,594699,to,Jiangxiaobao
45791893,594700,to,Wangdabao
45791970,594701,to,Wangxiaobao
45792047,594702,to,Dabao
45792124,594703,to,Xibao
45792278,594705,to,Yanxiaobao
45792432,594707,to,Zhaojiabao
45792663,594710,to,Houbao
45793125,594716,to,Beiyaobao
45793587,594722,to,Hejiabao
45793741,594724,to,Wuzu Miao
45793818,594725,to,Yujia Tan
45793895,594726,to,Qili Dian
45794049,594728,to,Sidu Shan
45794280,594731,to,xing jiang xiang
45794357,594732,to,cheng dong
45794588,594735,to,Shiwanzi
45794742,594737,to,Lujiaogou
45794819,594738,to,Caochang
45794896,594739,to,Baijiabu
45795050,594741,to,Majuanwan
45795281,594744,to,Longquansi
45795512,594747,to,Dayuwan
45795666,594749,to,Jiudungou
45795820,594751,to,Houwan
45795897,594752,to,Zhangjiayao
45796051,594754,to,Qiannuangou
45796205,594756,to,Baijiayao
45796590,594761,to,Huaguoyao
45796667,594762,to,Wangjiacun
45797052,594767,to,Yanjiayao
45797437,594772,to,Tunjungou
45797514,594773,to,Lucaowa
45797591,594774,to,Xiaowa
45797745,594776,to,Qianmalianggou
45797976,594779,to,Caojinggou
45798130,594781,to,Huangtugou
45798284,594783,to,Liubaihu
45798438,594785,to,Xiaxufu
45798515,594786,to,Wuyuanjing
45798669,594788,to,Beihanjing
45798746,594789,to,Chengjiacun
45798900,594791,to,Taoxiaofeng
45798977,594792,to,Shangchicha
45799131,594794,to,Fuzuzhuang
45799208,594795,to,Banpodun
45799285,594796,to,Wujiagou
45799516,594799,to,bei bu xiang
45799824,594803,to,Haoxiaofeng
45799978,594805,to,Liushuzui
45800132,594807,to,Dagou
45800209,594808,to,Quan' ergou
45800286,594809,to,Weizhuang
45800671,594814,to,Dongwa
45800825,594816,to,Luanyubu
45801287,594822,to,Dapo
45801364,594823,to,Xinfuzhuang
45801672,594827,to,Nanwa
45801749,594828,to,Zhuanjing
45801826,594829,to,Xishihu
45802057,594832,to,Qiangfengling
45802211,594834,to,Xingyuan
45802288,594835,to,Liugaodeng
45802596,594839,to,Zhangjiawa
45802673,594840,to,Taizuogou
45802750,594841,to,Tiezuogou
45802981,594844,to,Dongposhang
45803289,594848,to,Luzigou
45803443,594850,to,Caozhuang
45803597,594852,to,Dangjiagou
45803674,594853,to,Taixi
45803751,594854,to,Matigou
45803905,594856,to,Kangjiayao
45803982,594857,to,Wochang
45804290,594861,to,Xiaosonggou
45804367,594862,to,Baozigou
45804675,594866,to,Xiaoyinzhuang
45804752,594867,to,Hounangou
45805060,594871,to,Xiashiyao
45805214,594873,to,Houshagou
45805599,594878,to,Gujiadian
45805907,594882,to,Donghujie
45806138,594885,to,Si' ergou
45806446,594889,to,Panjinggou
45806600,594891,to,gan chai gou
45806677,594892,to,xin an zhuang
45806831,594894,to,hao gou
45807062,594897,to,xie ma guan
45807139,594898,to,xi hu jie
45807216,594899,to,baidiangou
45807370,594901,to,baidao gou
45807601,594904,to,bian zhuang
45807678,594905,to,shizhuang
45807832,594907,to,\N
45807909,594908,to,da ying gou
45807986,594909,to,xi yi cun
45808063,594910,to,guang ming
45808217,594912,to,liu xin zhuang
45808448,594915,to,gu bei ling
45808525,594916,to,wo wo hui
45808833,594920,to,baijia xin yao
45809064,594923,to,zhi ni quan
45809218,594925,to,shi wa
45809295,594926,to,shang jing cun
45809603,594930,to,wang gao deng
45809680,594931,to,baiyang gou
45809911,594934,to,qian si huai
45810219,594938,to,meng jia shan
45810296,594939,to,ma de gou
45810373,594940,to,zhang jia shan
45810835,594946,to,gao jia po
45810989,594948,to,bei shui
45811066,594949,to,shang shui tou
45811143,594950,to,shang hong gou
45811374,594953,to,xia nai he
45811528,594955,to,xia hong gou
45811605,594956,to,ping fancheng
45812221,594964,to,da quan gou
45812298,594965,to,chao yang wan
45812375,594966,to,da you ping
45812452,594967,to,hou tang gou
45812683,594970,to,dan zi shan
45812837,594972,to,xiao zhuang
45813068,594975,to,zhao zhuang
45813299,594978,to,dai jing gou
45813376,594979,to,qiao gou
45813453,594980,to,jiao jie
45813530,594981,to,qiao xiao feng
45813761,594984,to,zhang xiao feng
45814223,594990,to,hou gangcun
45814377,594992,to,gou jia cun
45814608,594995,to,yu jia yao
45814916,594999,to,yu bo wa
45814993,595000,to,xiao chuan cun
45815070,595001,to,xi jia dao
45815224,595003,to,ba chi gou
45815455,595006,to,da shi hu
45815840,595011,to,an jia shan
45816148,595015,to,xi jing cun
45816225,595016,to,zhao xiao cun
45816302,595017,to,feng huang cheng
45816379,595018,to,hei jia shi
45816533,595020,to,jing wa
45816610,595021,to,si huai
45816841,595024,to,xiao guo jia yao
45816995,595026,to,sun jia shicun
45817226,595029,to,huang jia lou
45817303,595030,to,zhou jia zhuang
45817380,595031,to,shang shui po
45817688,595035,to,bai hu
45817996,595039,to,er dun
45818073,595040,to,yan bo luo
45818227,595042,to,ba dun
45818381,595044,to,xue jia yao
45818535,595046,to,dian wan
45818843,595050,to,suo jia yao
45819074,595053,to,Houkaosisuuang
45819151,595054,to,Jigaodeng
45819459,595058,to,Qianfengyu
45819844,595063,to,Lujialing
45819921,595064,to,Jinggou
45819998,595065,to,Cangfang
45820075,595066,to,Dabaipo
45820229,595068,to,Shuanggeta
45820460,595071,to,Weijiayao
45820614,595073,to,Gengzhuang
45820691,595074,to,Shangzhuangtou
45820768,595075,to,Pushang
45820845,595076,to,Changtou
45821076,595079,to,Tianjiayao
45821153,595080,to,Xiaocun
45821230,595081,to,Zhangjiayao
45821307,595082,to,Xiguojiayao
45821461,595084,to,Haiziyan
45821538,595085,to,nan zhuang xiang
45821692,595087,to,Laofuya
45822077,595092,to,Xitao
45822462,595097,to,Jupo
45822539,595098,to,Dongzhuang
45822770,595101,to,Yuquling
45822847,595102,to,Fengzhuang
45823463,595110,to,Huangjiayao
45823617,595112,to,Yehe
45823694,595113,to,Shanyaozi
45823771,595114,to,Qiangetafeng
45823925,595116,to,Xiguanjing
45824002,595117,to,Houzhai
45824079,595118,to,Jingziwa
45824464,595123,to,Luo' erzhuang
45824541,595124,to,Xiahe
45824618,595125,to,Dadaibu
45824695,595126,to,Qiaojialiang
45824772,595127,to,Zhoujiayao
45824849,595128,to,Yezhuwa
45825003,595130,to,Sanquan
45825157,595132,to,Yehuliang
45825311,595134,to,Niujuanliang
45825773,595140,to,Chenzhuang
45825850,595141,to,Shawa
45826004,595143,to,Xiazhai
45826081,595144,to,Chenjiayao
45826389,595148,to,Xiaoba
45826466,595149,to,Sunsiasui
45826697,595152,to,er shi li pu
45826851,595154,to,qi li he cun
45826928,595155,to,Yangjialiang
45827236,595159,to,Dawa
45827313,595160,to,Simapo
45827390,595161,to,Fusuuang
45827544,595163,to,Xiaopo
45827621,595164,to,Beishaozhuang
45828006,595169,to,Qiaozhuang
45828160,595171,to,Jiuying
45828237,595172,to,Helinqin
45828391,595174,to,Gaozhuang
45828468,595175,to,Yaozhuang
45828545,595176,to,Taliangi
45828622,595177,to,Shilihou
45828699,595178,to,Dishang
45828776,595179,to,Jinjiawa
45828853,595180,to,Nanwa
45829084,595183,to,Yangjialing
45829161,595184,to,Xishirenpo
45829315,595186,to,Beizu
45829546,595189,to,Jinggou
45829623,595190,to,Lijiazhuangwo
45829777,595192,to,Gedao
45830008,595195,to,Zhangjiagou
45830085,595196,to,Shuiquan
45830316,595199,to,Hesiuang
45830393,595200,to,Beiluozhuang
45830624,595203,to,Qiligou
45830701,595204,to,Dongzhuangwo
45830778,595205,to,Tungang
45831086,595209,to,Jianshan
45831394,595213,to,Qingyanggou
45831779,595218,to,Xiaozhuangwo
45832087,595222,to,Shangshahe
45832472,595227,to,Hejiayao
45832549,595228,to,Babuyan
45832626,595229,to,Xiaoyang
45833011,595234,to,Laiyuan
45833088,595235,to,Xishuangshan
45833165,595236,to,Hejiabu
45833242,595237,to,Beiguozhuang
45833319,595238,to,Xingshengbu
45833396,595239,to,Shangxiaohe
45833473,595240,to,Dongxiaohe
45833550,595241,to,Iangcun
45833704,595243,to,Anjufang
45833858,595245,to,Housheduo
45834397,595252,to,Quanzigou
45834474,595253,to,Miaojiayao
45834782,595257,to,Jiajiayao
45834859,595258,to,Fengjiayao
45834936,595259,to,Xinxingzhuang
45835167,595262,to,Houzhangbu
45835321,595264,to,Shuangzhaipu
45835475,595266,to,Nanlizhuang
45835552,595267,to,Dongshadui
45835706,595269,to,Dongzhai
45835937,595272,to,Eryaotai
45836014,595273,to,Nankouqian
45836245,595276,to,Xinmaying
45836476,595279,to,Yangjuanpu
45836553,595280,to,Yangjuantou
45836707,595282,to,Daying
45836861,595284,to,Nanyanchi
45837092,595287,to,Xishanhe
45837246,595289,to,Heyangbu
45837631,595294,to,nan si cun
45837708,595295,to,dong cha han pu
45838016,595299,to,su zhuang
45838093,595300,to,shan yin zhuang
45838247,595302,to,lu zhuang
45838324,595303,to,xin li zhuang
45838709,595308,to,Yiduqiang
45838940,595311,to,yuan ying cun
45839171,595314,to,gao zhuang
45839325,595316,to,yun shui zhuang
45839402,595317,to,xi an yu
45840095,595326,to,dong shan he
45840172,595327,to,nan luo zhuang
45840249,595328,to,hu tuan
45840480,595331,to,gu cheng
45840557,595332,to,wang zhuang
45840634,595333,to,da yang cun
45840942,595337,to,bei yan chi
45841019,595338,to,dong xin zhuang
45842020,595351,to,gao shan tuan
45842097,595352,to,yu shu wa
45842251,595354,to,liu jia yao
45842328,595355,to,guo jia yao
45842405,595356,to,lan jia yao
45842482,595357,to,\N
45842559,595358,to,yuan yang hui
45842713,595360,to,dong shuang shan cun
45842944,595363,to,kou zi liang
45843175,595366,to,shang shen quan
45843329,595368,to,zheng zhuang
45843868,595375,to,Wanjiabu
45844099,595378,to,qian jing
45844253,595380,to,shen zhuang wo
45844407,595382,to,mi zhuang wo
45844561,595384,to,lu jia yao
45844792,595387,to,bao jia ling
45844869,595388,to,Nanhe
45844946,595389,to,hou yu ling
45845023,595390,to,xia shi jing
45845100,595391,to,wu jia ping
45845254,595393,to,song jia gou
45845331,595394,to,guan yin tang
45845485,595396,to,Zhangjiabu
45845562,595397,to,liang jia dian
45845639,595398,to,qing yangling
45845793,595400,to,Duzhuang
45845947,595402,to,Lugou Xiaocun
45846101,595404,to,Qiancun
45846332,595407,to,Zhiminzhuang
45846717,595412,to,Zhongliuhui
45846948,595415,to,Jiuzhan
45847102,595417,to,Fenghuotai
45847487,595422,to,Yantou
45847641,595424,to,Yuejin
45847795,595426,to,Nanpu
45847872,595427,to,Duanjiapu
45848103,595430,to,Xiaodongzhuang
45848180,595431,to,Mengzhuang
45848257,595432,to,Pushang
45848334,595433,to,Nanjiabu
45848488,595435,to,Zirun
45848565,595436,to,Zhifengshan
45848642,595437,to,Hongshanyu
45848719,595438,to,Wangxiazhuang
45848796,595439,to,Xiaomo
45848873,595440,to,Sinpu
45849027,595442,to,Beiqilizhai
45849104,595443,to,Beiyao
45849258,595445,to,Xingwangzhuang
45849489,595448,to,yi jian fang
45849566,595449,to,caozhuang
45850105,595456,to,Liufutang
45850182,595457,to,Hepingi
45850259,595458,to,Xiaodongtan
45850490,595461,to,Nanshacheng
45850798,595465,to,Qinzhuang
45850875,595466,to,Caozhuangpu
45850952,595467,to,Shijiafang
45851106,595469,to,tian zhuang
45851337,595472,to,an su tuan
45851491,595474,to,wei zhuang
45851645,595476,to,xue jia dian
45851722,595477,to,\N
45851876,595479,to,an da zhuang
45851953,595480,to,shi zhuang
45852107,595482,to,chan fang
45852261,595484,to,lu zhuang
45852338,595485,to,xia yu
45852646,595489,to,da yu kou
45852800,595491,to,cao de
45853031,595494,to,wang hao tuan
45853416,595499,to,wan jin qiao
45853493,595500,to,da tantou
45853724,595503,to,zhuang tou
45853801,595504,to,dong shan cun
45854032,595507,to,guan zhuang
45854494,595513,to,chen zhuang
45854571,595514,to,da yan fang
45854648,595515,to,ma xin zhuang xiang
45854725,595516,to,xin fa cun
45854802,595517,to,gu jia po
45855033,595520,to,yangling
45855110,595521,to,dong zuo li
45855418,595525,to,bei yao zi tou
45855495,595526,to,bei xin zhuang
45855649,595528,to,bian dian
45855726,595529,to,yang quan gou
45855803,595530,to,nan yan zhuang
45856034,595533,to,hou cun
45856111,595534,to,wenzhuang
45856342,595537,to,Nanisani
45856496,595539,to,jiang er tang
45856573,595540,to,Sinitini
45856650,595541,to,mao shan bei
45856727,595542,to,song dong
45856881,595544,to,si mei lou
45857112,595547,to,tong mushan
45857189,595548,to,yin guang
45857497,595552,to,yuan tan
45857574,595553,to,jiao tang
45857805,595556,to,guo wu li
45858190,595561,to,zhang xia
45858498,595565,to,zhai gang
45858652,595567,to,tan shi qiao
45858729,595568,to,bai shui tang
45858806,595569,to,ru zhai
45858883,595570,to,xi xicun
45859114,595573,to,zhao dong
45859268,595575,to,xi dong
45859499,595578,to,cha ping
45859576,595579,to,shang ba
45859653,595580,to,ji wu jing
45860192,595587,to,he he
45860577,595592,to,ye zhu ya
45860808,595595,to,Shangshipei
45860885,595596,to,beng gang xia
45861039,595598,to,yin tian
45861116,595599,to,qiao zi tou
45861424,595603,to,mao dian
45861963,595610,to,san qiu tian
45862348,595615,to,wu wu
45862579,595618,to,xi mulong
45862656,595619,to,dengxin hu
45862810,595621,to,huang tu ling
45863041,595624,to,keshu xia
45863195,595626,to,xin wei
45863349,595628,to,huang jing pai
45863580,595631,to,san keng kou
45863811,595634,to,dong keng
45864042,595637,to,ye zhu keng
45864196,595639,to,zhan wu
45864350,595641,to,qian li
45864504,595643,to,si jia ye bu
45864581,595644,to,hua xi
45864658,595645,to,pei qun
45864735,595646,to,banling tou
45864812,595647,to,sha pai
45864889,595648,to,da ping
45864966,595649,to,da keng wei
45865043,595650,to,tian luo hu
45865120,595651,to,jiao tang
45865274,595653,to,qing shui cun
45865428,595655,to,Tupei
45865582,595657,to,dong wei
45865659,595658,to,pu tian
45865967,595662,to,zhu wu
45866044,595663,to,cengdong keng
45866121,595664,to,dou xiang
45866275,595666,to,da an zheng
45866583,595670,to,shu zi du
45866660,595671,to,cen tian
45866891,595674,to,ban keng
45866968,595675,to,xia jing
45867122,595677,to,tie chang bu
45867276,595679,to,feihu
45867353,595680,to,san jia cun
45867430,595681,to,nan she
45868046,595689,to,si gan wu
45868200,595691,to,xia ge
45868277,595692,to,xia ma tang
45868662,595697,to,aiba
45868816,595699,to,shi gu keng
45868893,595700,to,Sinimini
45869047,595702,to,dong bao ling
45869278,595705,to,niu zi tian
45869355,595706,to,paitou
45869509,595708,to,shi hui keng
45869663,595710,to,jiao keng
45869740,595711,to,mei zi keng
45870279,595718,to,xin cun
45870741,595724,to,peng jiao bu
45870895,595726,to,lu xi
45871049,595728,to,zeng jiang bu
45871126,595729,to,su keng
45871203,595730,to,zhuo shui wei
45871588,595735,to,Siaping
45871742,595737,to,xia ou
45871896,595739,to,shui keng li
45871973,595740,to,si jiao lou
45872050,595741,to,dong keng
45872127,595742,to,wu dou song
45872435,595746,to,hou dong
45872512,595747,to,zhong ge
45872897,595752,to,yang jin keng
45872974,595753,to,jiang zi bei
45873051,595754,to,shui kou pai
45873205,595756,to,kui tian
45873282,595757,to,niu tou ao
45873359,595758,to,dong keng
45873436,595759,to,heliao kou
45873513,595760,to,shang dong
45873590,595761,to,fen shui ao
45873667,595762,to,yun xia
45873744,595763,to,gou li keng
45873975,595766,to,she bu
45874129,595768,to,keng zi
45874206,595769,to,xin ao
45874283,595770,to,ping zi
45874514,595773,to,Lipei
45874668,595775,to,ya tang
45874745,595776,to,yue keng
45874822,595777,to,huang tang mian
45875284,595783,to,zhang feng
45875669,595788,to,pan hu shui
45875746,595789,to,qi keng
45875900,595791,to,niu lan wu
45876208,595795,to,shejianzhai
45876285,595796,to,hu du
45876516,595799,to,yu keng
45876670,595801,to,zhandun
45876824,595803,to,yangmei
45876901,595804,to,jiao keng
45876978,595805,to,he da yang
45877055,595806,to,qing gang
45877209,595808,to,Hekisi
45877517,595812,to,yangkeng
45877594,595813,to,hong jun ying
45877748,595815,to,zhang keng
45877825,595816,to,mei keng
45878441,595824,to,cheng shui
45878749,595828,to,xian ke dong
45878826,595829,to,fei shui keng
45878903,595830,to,qi dong
45879596,595839,to,Changpugang
45879750,595841,to,yin gang ling
45880289,595848,to,ping zi
45880366,595849,to,zuo tang du
45880597,595852,to,shang ping tian
45880751,595854,to,Xiayang
45881521,595864,to,gou bi li
45881752,595867,to,ma zhukeng
45881829,595868,to,zhong xin cun
45881906,595869,to,san dong
45882060,595871,to,yu wu
45882522,595877,to,ping keng di
45882599,595878,to,yuan keng li
45882676,595879,to,da shi pai
45882753,595880,to,gao wu shan
45883215,595886,to,shang qi cun
45883523,595890,to,gang ding
45884139,595898,to,zhang xia
45884370,595901,to,Xikeng
45884601,595904,to,tian keng kou
45884678,595905,to,xia ying
45884755,595906,to,baimao ping
45884832,595907,to,an jing
45884986,595909,to,huang sha
45885063,595910,to,kongxia
45885217,595912,to,da ba li
45885294,595913,to,shui tou cun
45885371,595914,to,henggang
45885525,595916,to,tao jun tang
45885602,595917,to,wu dou zu
45885679,595918,to,luo wu
45885833,595920,to,qu long cun
45886141,595924,to,Dongpu
45886295,595926,to,Dayan
45886372,595927,to,chen cun wei
45886449,595928,to,ku zi yuan
45886603,595930,to,da zhao ba
45886680,595931,to,gao qiao keng
45886757,595932,to,zeng tang
45886834,595933,to,ma zhuwo
45887450,595941,to,huang shi keng
45887604,595943,to,tong zi wo
45887835,595946,to,huang zhujing
45887912,595947,to,mei zi ba
45887989,595948,to,Kangipei
45888143,595950,to,tian keng
45888374,595953,to,shi jiao long
45888451,595954,to,nan shan xia
45888682,595957,to,rong shu xia
45888759,595958,to,hua keng wei
45888836,595959,to,yang tang du
45889375,595966,to,yang zi e
45889683,595970,to,Xiaoxi
45889991,595974,to,che jiao tang
45890222,595977,to,zhe gu keng
45890607,595982,to,ma zhuwo
45890684,595983,to,shi lan teng
45890838,595985,to,jin kou
45890915,595986,to,xiwei
45891069,595988,to,xia ba
45891146,595989,to,san banshi
45891223,595990,to,yangmei ba
45891300,595991,to,baizhao bi
45891377,595992,to,ji lu
45891531,595994,to,bei keng tang
45891608,595995,to,fanghu
45891762,595997,to,youtang li
45891916,595999,to,hengkeng
45892224,596003,to,shui bei
45892301,596004,to,yin zi tou
45892455,596006,to,xia shi
45892532,596007,to,guan keng tou
45892686,596009,to,cengwu zhang
45892763,596010,to,lian tang
45892840,596011,to,bei keng zi
45893071,596014,to,jing du
45893148,596015,to,Siusui
45893302,596017,to,guang ao
45893610,596021,to,he guang
45893995,596026,to,ma zhuang ba
45894226,596029,to,cheng tang
45894457,596032,to,si fangwei
45894842,596037,to,xin cun
45894919,596038,to,Linbu
45895304,596043,to,gong qiao
45895381,596044,to,jiao chu bu
45895458,596045,to,tian xin ling
45895612,596047,to,long tankou
45895766,596049,to,xia ao
45895997,596052,to,da po tou
45896074,596053,to,tie zhang
45896151,596054,to,xia lou
45896305,596056,to,tao kou
45896382,596057,to,hu yang
45896613,596060,to,gao tian
45896767,596062,to,tian tou wei
45897229,596068,to,xin lou
45897460,596071,to,chi cao tang
45897537,596072,to,gao che
45897691,596074,to,li zi hu
45897768,596075,to,dong wei
45897845,596076,to,san keng
45897999,596078,to,Jijian
45898076,596079,to,he shui ba
45898538,596085,to,yangwu dun
45898692,596087,to,he mutian
45898923,596090,to,xia zhai
45899077,596092,to,chen wu
45899231,596094,to,da po
45899308,596095,to,qi zhai
45899462,596097,to,zhong wu
45899616,596099,to,zhong bu
45899693,596100,to,ye wu
45899770,596101,to,shang yangmei bu
45899847,596102,to,li wu ping
45899924,596103,to,yao wu
45900155,596106,to,he shu pai
45900232,596107,to,zhen tang xia
45900309,596108,to,xia jing
45900386,596109,to,tian xin tang
45900463,596110,to,tian xin
45900540,596111,to,tantou
45900617,596112,to,che jiao
45900694,596113,to,baixidian
45900771,596114,to,lao liu keng
45901387,596122,to,lin wu keng wei
45901464,596123,to,long wei
45901541,596124,to,qiu he
45901618,596125,to,xia tang du
45901849,596128,to,mei shu xia
45902080,596131,to,hu yang keng
45902465,596136,to,shang xi tian
45902619,596138,to,lao wu chang
45902850,596141,to,huang jin keng
45903004,596143,to,Shanisia
45903081,596144,to,shen xia
45903235,596146,to,ma tou shan
45903312,596147,to,lian tang jiao
45903389,596148,to,li keng
45903466,596149,to,di keng kou
45903620,596151,to,liu shu ba
45903697,596152,to,mutou tang
45904082,596157,to,tang bu
45904159,596158,to,da tian cun
45904313,596160,to,rong chu xia
45904390,596161,to,xia wei
45904698,596165,to,tian zi zhang
45904852,596167,to,Tangbei
45904929,596168,to,peng xia pai
45905006,596169,to,zheng wu
45905083,596170,to,Hewu
45905160,596171,to,lishu xia
45905314,596173,to,xia wan
45905699,596178,to,chao keng
45905853,596180,to,rong feng
45906084,596183,to,bu ding
45906469,596188,to,fu wei tang
45906623,596190,to,tie bu ping
45906777,596192,to,kuangba
45906854,596193,to,ling pai xia
45907008,596195,to,bao dong wei
45907085,596196,to,zhai men
45907239,596198,to,ao xia
45907778,596205,to,xin wei
45907855,596206,to,chuan chang ba
45908009,596208,to,qiao tou
45908163,596210,to,xin cun bu
45908240,596211,to,bu tou
45908394,596213,to,hou ai tang
45908702,596217,to,xin lai chen
45908856,596219,to,yan tou
45908933,596220,to,bo gong ao
45909087,596222,to,shui kou wei
45909164,596223,to,pian tang
45909241,596224,to,ping shang
45909857,596232,to,aichang xia
45909934,596233,to,ya gong tang
45910319,596238,to,da ling xia
45910550,596241,to,geli
45910935,596246,to,hua jiao keng
45911320,596251,to,shang jing
45911397,596252,to,zhutou ping
45911474,596253,to,ling xia
45911782,596257,to,huojia wu
45912013,596260,to,xia jing
45912244,596263,to,jin guang zi
45912321,596264,to,da tian
45912475,596266,to,xia qi shan
45912552,596267,to,shi dui ba
45912629,596268,to,dong gu tang
45912706,596269,to,Shanisia
45912783,596270,to,louxia
45913014,596273,to,shang dong
45913091,596274,to,nan she feng
45913168,596275,to,gao shi keng
45913322,596277,to,bei keng
45913399,596278,to,gao zhen
45913476,596279,to,jia ma po
45913630,596281,to,baimei shu
45913707,596282,to,huang ni liu
45914092,596287,to,dian bei
45914169,596288,to,wei zi xia
45914323,596290,to,rong keng wei
45914400,596291,to,nan keng
45914785,596296,to,aiwei zi
45914939,596298,to,lian tang
45915016,596299,to,qing dong tian
45915170,596301,to,ao tou
45915324,596303,to,gui shan
45915401,596304,to,feng wo zi
45915478,596305,to,keng wei
45915632,596307,to,lao wu chang
45915709,596308,to,jiyu hu
45916094,596313,to,deng lao wo
45916248,596315,to,Liubu
45916402,596317,to,ailing zi
45916479,596318,to,yuan ji
45916710,596321,to,fu ling
45916864,596323,to,xue zi gang
45917018,596325,to,fansima
45917095,596326,to,gong cun ping
45917172,596327,to,ren li
45917249,596328,to,ling ping
45917326,596329,to,baixi lou
45917480,596331,to,\N
45917557,596332,to,zhao liu shan
45917634,596333,to,lu chun
45917942,596337,to,zhang muao
45918019,596338,to,Tangbei
45918096,596339,to,po tang
45918250,596341,to,san dong lou
45918404,596343,to,tao ping
45918481,596344,to,tian xin
45918558,596345,to,shang ya keng
45918712,596347,to,shen jiang bu
45918789,596348,to,duo hetan
45918943,596350,to,hengjing di
45919097,596352,to,he tang
45919482,596357,to,lao lu xia
45919790,596361,to,baijia liao
45919867,596362,to,dao mulong
45919944,596363,to,xia tian
45920098,596365,to,he tang
45920329,596368,to,pai xiang
45920637,596372,to,che tian jiao
45920868,596375,to,gang xiang
45921022,596377,to,hui long
45921099,596378,to,lan hu yang
45921176,596379,to,Hepei
45921330,596381,to,baimu yang
45921484,596383,to,ping shang
45921561,596384,to,tang du
45921946,596389,to,nan keng tian
45922023,596390,to,tang tian
45922100,596391,to,shi jie zi
45922254,596393,to,dan zhu
45922408,596395,to,huang zhuli
45922562,596397,to,shi gu ao
45922716,596399,to,hu qi long
45923101,596404,to,guo he
45923178,596405,to,keng kou
45923794,596413,to,fen shui ao
45924025,596416,to,zhong he
45924102,596417,to,ma tian
45924179,596418,to,guang hui
45924256,596419,to,ling tou wei
45924333,596420,to,yao jiao
45924641,596424,to,tan cun
45924795,596426,to,baimian shi
45924872,596427,to,lan kou zhen
45924949,596428,to,yuan nan zhen
45925026,596429,to,Fucheng
45925103,596430,to,Shangcheng
45925334,596433,to,Wujialing
45925411,596434,to,Zhangjiaying
45925488,596435,to,Mizhai
45925642,596437,to,Liangting
45925719,596438,to,Xinyi
45925796,596439,to,Dongxinzhai
45926412,596447,to,xi li zhuang
45926643,596450,to,chen zhuang
45926797,596452,to,san cha kou
45926874,596453,to,Nanitianisiuang
45926951,596454,to,zhu yan gou
45927182,596457,to,ji zhuang
45927490,596461,to,Siazuang
45927875,596466,to,dianlou
45928183,596470,to,li gang
45928414,596473,to,tian he ling
45928491,596474,to,wai de an
45928568,596475,to,xiao liu zhuang
45928722,596477,to,banqiao
45928953,596480,to,lao dai zhuang
45929030,596481,to,wu xing
45929338,596485,to,hutuo
45929415,596486,to,ma zhuang
45929800,596491,to,da liang zhuang
45929877,596492,to,ma dao
45930031,596494,to,seng guan zhuang
45930108,596495,to,dong ba li gou
45930185,596496,to,da ling tou
45930262,596497,to,chen lou
45930339,596498,to,cheng zhuang
45930493,596500,to,wu gou
45930647,596502,to,bao dian
45930724,596503,to,hou zhuang
45931109,596508,to,hou san li he
45931263,596510,to,yao zhuang
45931340,596511,to,hou chen wa
45931417,596512,to,xiao lu zhuang
45931494,596513,to,lao yuan zhuang
45931648,596515,to,da yue zhuang
45931879,596518,to,Houpanisiuang
45932264,596523,to,miao gang
45932341,596524,to,xi er li zhuang
45932495,596526,to,pan zhuang
45932572,596527,to,zhu zhuang
45932880,596531,to,qin gang
45933034,596533,to,qu wan
45933111,596534,to,shu gang
45933650,596541,to,mei zhuang
45933881,596544,to,wu gou
45933958,596545,to,ban jing
45934112,596547,to,yan zhuang
45934497,596552,to,Laoiuansiuang
45934574,596553,to,wang ying
45934728,596555,to,san li he
45935267,596562,to,jin yin dian
45935498,596565,to,ma gang
45935575,596566,to,zhang miao
45935806,596569,to,huolong quan
45935960,596571,to,dong da mai gou
45936114,596573,to,Lizhuang
45936422,596577,to,Zhangzhuang
45936730,596581,to,Daliuzhuang
45936807,596582,to,zao zhuang
45936884,596583,to,xia zhuang
45936961,596584,to,lao he zhuang
45937038,596585,to,liu fangzhuang
45937115,596586,to,zheng zhuang
45937269,596588,to,hu li
45937346,596589,to,chuai wa
45937500,596591,to,shang kang
45937731,596594,to,shi qiao cun
45937808,596595,to,liao zhuang
45937885,596596,to,xiao an tou
45938039,596598,to,hou jia zhuang
45938116,596599,to,huang tu zhuang
45938270,596601,to,du zhuang
45938424,596603,to,shi hui yao
45938655,596606,to,xiao wen zhuang
45938732,596607,to,ban zha dian
45938809,596608,to,Nansusuhuang
45939194,596613,to,shi miao zhang zhuang
45939348,596615,to,da feng zhuang
45939425,596616,to,shi men
45939656,596619,to,Guojiazhuang
45939733,596620,to,Hejiadi
45939810,596621,to,Xiaozhaihe
45940195,596626,to,Jiubu
45940272,596627,to,Jinzhuang
45940426,596629,to,Changzhuang
45940503,596630,to,Xitan
45940811,596634,to,Beigaozhuang
45940965,596636,to,Heilaqiao
45941273,596640,to,Xingshengbu
45941735,596646,to,Sinangou
45941889,596648,to,Xiazhuangzi
45941966,596649,to,Beifengtuan
45942043,596650,to,Bao' anzhuang
45942120,596651,to,Yangbao
45942505,596656,to,Piaoliukuni
45942659,596658,to,han jia
45942890,596661,to,xiao chang cun
45943044,596663,to,wei chong cun
45943121,596664,to,nan ding zhuang
45943275,596666,to,ma chang cun
45943429,596668,to,hu loucun
45943506,596669,to,xiao ying cun
45943583,596670,to,li wa yao gou
45943660,596671,to,dong ge zhuang
45943737,596672,to,luo zhuang
45944045,596676,to,dong tu lou
45944122,596677,to,jing quan cun
45944353,596680,to,liu lin cun
45944430,596681,to,song kou cun
45944661,596684,to,yu zhuang cun
45944815,596686,to,wachen cun
45944892,596687,to,xiao du zhuang
45945200,596691,to,bailiantang
45945277,596692,to,hu ying cun
45945354,596693,to,sun jie cun
45945431,596694,to,hao loucun
45945508,596695,to,guan miao du
45945662,596697,to,cheng cun xi
45945739,596698,to,deng zhai cun
45945970,596701,to,huang cun
45946509,596708,to,baishi ying
45946663,596710,to,shang zhao zhuang
45947048,596715,to,ma qi ying
45947125,596716,to,jia zhai cun
45947202,596717,to,feng huang ling
45947356,596719,to,yuan zhuang cun
45947510,596721,to,da wenzhuang
45947587,596722,to,ji zhuang
45947895,596726,to,shi wacun
45948049,596728,to,dong huang cun
45948203,596730,to,xi peng zhuang
45948357,596732,to,di dong cun
45948434,596733,to,xie tang
45948819,596738,to,shang li cun
45948896,596739,to,li guan ying
45948973,596740,to,lin ying
45949204,596743,to,ma chang cun
45949281,596744,to,shuang kou cun
45949435,596746,to,zhou ying cun
45949666,596749,to,kong wan dong
45949743,596750,to,shi qiao dian
45949820,596751,to,\N
45949897,596752,to,shi zhuang xi
45950051,596754,to,wei zhuang cun
45950128,596755,to,han dian cun
45950359,596758,to,guo zhuang cun
45950513,596760,to,xiao fen cun
45950590,596761,to,chai tang cun
45950667,596762,to,Changqiao
45950898,596765,to,xiao cheng zhuang
45951052,596767,to,ling tou wang
45951206,596769,to,po zhao cun
45951437,596772,to,qing long miao
45951514,596773,to,Kaohuangmiaokuni
45951591,596774,to,po ma cun
45951668,596775,to,zhao er cun
45951822,596777,to,Tatuni Seku
45951899,596778,to,wang ji xiang
45951976,596779,to,zhu zhuang cun
45952207,596782,to,da li lou
45952361,596784,to,da li wang
45952438,596785,to,da han cun
45952592,596787,to,jicun
45952900,596791,to,zhao zhuang xiang
45953054,596793,to,guan ya cun
45953208,596795,to,wang zhai cun
45953516,596799,to,tian de miao
45953824,596803,to,yue zhai cun
45953901,596804,to,zhao zhuang cun
45953978,596805,to,lin cun
45954132,596807,to,tong cun
45954517,596812,to,liu ge xiang
45954748,596815,to,dang zhuang
45954825,596816,to,ci yuan
45955056,596819,to,hou gao zhuang
45955210,596821,to,wang zhuang
45955441,596824,to,lao jia he
45955672,596827,to,xiao dang lou
45955826,596829,to,zao gou li
45956365,596836,to,yan zhuang
45956442,596837,to,ma lao zhuang
45956519,596838,to,qiao chen
45956750,596841,to,di zhuang
45956904,596843,to,da long zhuang
45957135,596846,to,gao wei lou
45957212,596847,to,pen guan jiao
45957366,596849,to,ma zhuang
45957443,596850,to,guan wang miao
45957520,596851,to,huang po lu
45957674,596853,to,wei zhuang cun
45957828,596855,to,zao jiao shu
45958213,596860,to,xue lou
45958290,596861,to,Yantang
45958367,596862,to,chu tang
45958521,596864,to,gan shi qiao
45958752,596867,to,qu zhuang cun
45958906,596869,to,tian du kou
45959137,596872,to,baima zhong
45959214,596873,to,wang cengzhuang
45959368,596875,to,mei zhuang
45959445,596876,to,lao peng zhuang
45959753,596880,to,wang zhuang
45959984,596883,to,suo dian cun
45960061,596884,to,caozhuang
45960215,596886,to,li zhuang
45960523,596890,to,gao zhuang
45960600,596891,to,yan zhuang
45960754,596893,to,lao dai gou
45961139,596898,to,shi wan
45961216,596899,to,yan chong
45961293,596900,to,hai yancun
45961447,596902,to,chang zhuang
45961678,596905,to,xu zhuang
45961755,596906,to,xiao zhang zhuang
45961832,596907,to,hou huang zhuang
45961986,596909,to,chai wangtai
45962063,596910,to,tong zhuang
45962371,596914,to,wu zhai cun
45962679,596918,to,su zhuang
45962756,596919,to,da li wang
45962987,596922,to,tu shan cun
45963064,596923,to,xiao wang zhuang
45963141,596924,to,shan zhao
45963603,596930,to,lao huang zhuang
45963680,596931,to,gao zhuang cun
45963757,596932,to,shen zhuang
45963911,596934,to,liu ge cun
45964142,596937,to,gang zhao cun
45964219,596938,to,shi zhuang
45964373,596940,to,gao zhuang cun
45964604,596943,to,huo zhuang cun
45964758,596945,to,jiang zhuang
45964835,596946,to,zhuan qiao cun
45964912,596947,to,xiao zhai cun
45965066,596949,to,shen gou miao cun
45965220,596951,to,feng lao zhuang
45965297,596952,to,ye lu cheng
45965528,596955,to,luo chi keng cun
45965913,596960,to,liu xing
45965990,596961,to,men gang
45966067,596962,to,shuang he cun
45966144,596963,to,zhao lao zhuang
45966221,596964,to,er lang xiang
45966298,596965,to,jiao zhuang
45966375,596966,to,wu hai
45966452,596967,to,lu zhuang cun
45966760,596971,to,gu he cun
45966914,596973,to,jun wang cun
45966991,596974,to,heng po cun
45967068,596975,to,fan tang cun
45967145,596976,to,\N
45967299,596978,to,yu huang miao
45967530,596981,to,Wangsuangcun
45967684,596983,to,Pisuangi Seku
45967838,596985,to,yu zhuang cun
45967915,596986,to,ba zhang
45968223,596990,to,shui quan wang
45968300,596991,to,liang zhuang
45968454,596993,to,wang ji baizhuang
45968762,596997,to,geng dun
45969070,597001,to,Kuili Seku
45969224,597003,to,zhang dian cun
45969378,597005,to,zhou fan cun
45969609,597008,to,gong zhuang cun
45969840,597011,to,cang wang miao
45969917,597012,to,lu zhuang
45969994,597013,to,li lou
45970071,597014,to,guan qiao cun
45970302,597017,to,boji zhang
45970610,597021,to,youfang zhang
45970687,597022,to,mao zhuang cun
45970995,597026,to,zhang wancun
45971072,597027,to,dong yuan po
45971149,597028,to,zheng loucun
45971303,597030,to,gao zhuang cun
45971380,597031,to,\N
45971688,597035,to,guan zhuang cun
45971765,597036,to,ban po cun
45971842,597037,to,po chen
45971996,597039,to,wang guan cun
45972150,597041,to,qian yuan cun
45972227,597042,to,kongzhong guo
45972381,597044,to,zhou zhuang cun
45972458,597045,to,baisi cun
45972689,597048,to,xi liu cun
45972920,597051,to,san li qiao cun
45973151,597054,to,hou zhai cun
45973228,597055,to,yin yang zhao
45973305,597056,to,\N
45973459,597058,to,li wancun
45973536,597059,to,long cheng zhen
45973613,597060,to,ying zhang cun
45973844,597063,to,hei long wang miao
45973998,597065,to,li zhuang cun
45974383,597070,to,pan bei cun
45974460,597071,to,hou huang
45974614,597073,to,zhong li cun
45974999,597078,to,zhai zi cun
45975076,597079,to,Sinilekiaokuni
45975230,597081,to,lao guan tian
45975461,597084,to,shang dong cun
45976000,597091,to,po chen
45976154,597093,to,xia po guo cun
45976231,597094,to,wang lao zhuang
45976385,597096,to,mao zhuang cun
45976539,597098,to,wang qu cun
45976847,597102,to,jing li
45977078,597105,to,hu qiao cun
45977155,597106,to,zang zhuang
45977232,597107,to,an lou
45977309,597108,to,gao zhuang
45977463,597110,to,shang zhuang cun
45977540,597111,to,dong qi cun
45977694,597113,to,da niu cun
45977848,597115,to,gang zhang cun
45978002,597117,to,xi jie cun
45978079,597118,to,zang zhuang
45978233,597120,to,chen ce cun
45978695,597126,to,xin zhuang cun
45978849,597128,to,shen an zhang
45979003,597130,to,wei si cun
45979080,597131,to,da meng cun
45979234,597133,to,Hesiuang
45979388,597135,to,sun zhu cun
45979619,597138,to,guan zhuang cun
45979850,597141,to,wu jia chen
45980004,597143,to,huan long cun
45980081,597144,to,fan zhuang cun
45980158,597145,to,bai zhong cun
45980312,597147,to,huan po cun
45980543,597150,to,ying wang cun
45980620,597151,to,wu ji qiao cun
45980774,597153,to,da song
45980928,597155,to,wu ji du
45981082,597157,to,jia zhuang
45981159,597158,to,hu zhuang
45981236,597159,to,shi loucun
45981544,597163,to,bei chen zhuang cun
45981698,597165,to,qiao bei cun
45981929,597168,to,song zhuang cun
45982006,597169,to,li guai cun
45982160,597171,to,ge dang cun
45982237,597172,to,da ling kou
45982314,597173,to,da lu chen cun
45982391,597174,to,da fan cun
45982622,597177,to,zheng zhuang
45982776,597179,to,Sunliusao Seku
45982853,597180,to,kou zhuang cun
45982930,597181,to,gan ge li
45983007,597182,to,xu zhuang cun
45983238,597185,to,liyuan cun
45983469,597188,to,ding ji
45983777,597192,to,Tunipei Seku
45984008,597195,to,xin ji cun
45984085,597196,to,jiang guan chi zhen
45984162,597197,to,seng li
45984239,597198,to,guo qiao cun
45984316,597199,to,Xingwangpo
45984393,597200,to,Changsheng
45984701,597204,to,Daoqian
45984855,597206,to,Zhangya
45985009,597208,to,Xiaheiyu
45985086,597209,to,Huangquan
45985317,597212,to,Nanmajuan
45985471,597214,to,Yaozigou
45985702,597217,to,Kezhuling
45985779,597218,to,Xinjianping
45985856,597219,to,Getuolin
45986010,597221,to,guan de gou
45986087,597222,to,he jiao
45986164,597223,to,tao bo ping
45986241,597224,to,Malan
45986780,597231,to,lin jia qu
45986857,597232,to,ji jia yao
45987319,597238,to,Huagou
45987396,597239,to,Daohuiyu
45987550,597241,to,Mayansi
45987627,597242,to,Zhengnangou
45987781,597244,to,Congping
45987858,597245,to,Xiaoligou
45988089,597248,to,Jiangan
45988166,597249,to,Tiandipo
45988320,597251,to,Tuxiang
45988628,597255,to,Siping
45988782,597257,to,Xinzhuang
45988859,597258,to,Zhuangmen
45989321,597264,to,Luancaogou
45989475,597266,to,Baijiagouquan
45989552,597267,to,Baisishan
45989629,597268,to,Zhangjiaguaigou
45989937,597272,to,Tianjiagou
45990091,597274,to,Liushutai
45990168,597275,to,Xujiayuanzi
45990476,597279,to,Liujiashangliang
45991092,597287,to,Majiadawan
45991246,597289,to,Zhengjiazhuang
45991477,597292,to,Weiguacun
45991554,597293,to,Shanggaotaizi
45991631,597294,to,Taojiashan
45991785,597296,to,Mawangmiao
45992093,597300,to,Hongtai
45992170,597301,to,Fanjiaxiaozhang
45992247,597302,to,Youfangzhuang
45992324,597303,to,Hua' erzhang
45992555,597306,to,Lucaowan
45992632,597307,to,Zhongliangzui
45992709,597308,to,Jiaoniwa
45992786,597309,to,Dahua' erzhang
45993094,597313,to,Houjialaozhuang
45993248,597315,to,Sujiadawan
45993325,597316,to,Xinzhuangwan
45993479,597318,to,Yangjiayaoxian
45993633,597320,to,Caijiapo
45993710,597321,to,Miao' erzhang
45993787,597322,to,Wan'an
45993864,597323,to,Zhaotai
45994865,597336,to,Lujiawan
45994942,597337,to,Miaowan
45995019,597338,to,Zinijingou
45995404,597343,to,Dawa
45995481,597344,to,Doujiacheng
45995789,597348,to,Lijiatai
45996097,597352,to,lu jia wanxiang
45996328,597355,to,Daluyuan
45996405,597356,to,Shuangmiao
45996790,597361,to,Daizhang
45996944,597363,to,Gangoupan
45997098,597365,to,che dao zhen
45997329,597368,to,Anzhang
45997406,597369,to,Beigouyaoxian
45997560,597371,to,Niuzhaike
45997714,597373,to,Pujiadun
45997868,597375,to,Dazhuang
45997945,597376,to,Yanggaozhuang
45998176,597379,to,Daolinzi
45998253,597380,to,Si' eryaoxian
45998869,597388,to,Xiaochazi
45998946,597389,to,Yuanmao
45999023,597390,to,Yingtaozhang
45999100,597391,to,Gushutai
45999254,597393,to,Yuanmao
45999793,597400,to,Shuangjingzi
45999947,597402,to,Changzhaotai
46000409,597408,to,Zhangjiawanwan
46000563,597410,to,Xieyangwan
46001025,597416,to,Gaojiatan Tanzi
46001102,597417,to,Hongtuzui
46001179,597418,to,Yangzhuang
46001256,597419,to,Houjiashan
46001333,597420,to,Yangdongzhang
46001410,597421,to,Zhangliuqu
46001564,597423,to,Dixiagou
46001949,597428,to,Hongtuzui
46002103,597430,to,Beizitan
46002180,597431,to,Yinzhuang
46002334,597433,to,Dinglianzhang
46002488,597435,to,Nanqu
46002565,597436,to,Dujiawan
46002719,597438,to,Guolianghe
46002873,597440,to,Diaolingqu
46002950,597441,to,Mashangcun
46003104,597443,to,Shengoumen
46003258,597445,to,Caojiawanzi
46003489,597448,to,Quanwan
46003566,597449,to,Guojiabuzi
46003643,597450,to,Gaojiagua
46003951,597454,to,Cuiyaoxian
46004259,597458,to,Shaogouwan
46004413,597460,to,Lijiadawan
46004567,597462,to,Changjiatai
46004721,597464,to,Machangwan
46004798,597465,to,Qianhao
46004875,597466,to,Baoziwan
46005183,597470,to,Chunshuzhuang
46005491,597474,to,Jiufangqu
46005568,597475,to,Sanzhuangwan
46005799,597478,to,Yangjiagaozhuang
46005876,597479,to,Maozhuangwanwan
46006107,597482,to,Lianjiachuan
46006184,597483,to,Gouyanshang
46006261,597484,to,Woniuwan
46006338,597485,to,Qiaoyaoxian
46006415,597486,to,Maojiacha
46006569,597488,to,Yangyaoxian
46006646,597489,to,Liugouyan
46007031,597494,to,Heicitai
46007185,597496,to,Huijiacha
46007262,597497,to,Gufentan
46007416,597499,to,Wangshanpan
46007878,597505,to,Maluyuan
46008263,597510,to,Mayinshan
46008725,597516,to,Chenjiazhang
46008802,597517,to,Qianwanwan
46008879,597518,to,Laozhuangqu
46009110,597521,to,Citang
46009341,597524,to,Xinzhuangzi
46009572,597527,to,Qiaotaitai
46009957,597532,to,Yanwozi
46010111,597534,to,Zhuangke
46010188,597535,to,Qiantaishang
46010342,597537,to,Shijiawanwangzi
46010419,597538,to,Yinjingwan
46011112,597547,to,Qianbaijiacha
46011343,597550,to,Goutoupo
46011420,597551,to,Wangtianzi
46011651,597554,to,Xuanfengwan
46011728,597555,to,Wanghoutianzi
46011805,597556,to,wu jia qu shi
46011959,597558,to,Dataizi
46012190,597561,to,Zhutianzi
46012421,597564,to,Yanggoutai
46012498,597565,to,Siyanlu
46012575,597566,to,Miao' ertai
46012729,597568,to,Luanchaigou
46012883,597570,to,Huangyangwan
46012960,597571,to,Yanmaizhang
46013037,597572,to,Si' eryuan
46013653,597580,to,Baozizhangyuan
46013884,597583,to,Zhaojiaquzi
46014038,597585,to,Bailaozhuang
46014500,597591,to,Baiyangzhang
46014577,597592,to,Magaoshan
46014885,597596,to,Yuehouqu
46015039,597598,to,Shanshuiwan
46015116,597599,to,Yanjiashan
46015193,597600,to,Beitianzi
46015347,597602,to,Qinjialiutai
46015655,597606,to,Shijiaba
46015886,597609,to,luo shan chuan xiang
46016040,597611,to,Dashuyuan
46016117,597612,to,Dangzhongyangshan
46016194,597613,to,Nanliqigou
46016425,597616,to,Xinzhuangyuanpan
46016579,597618,to,Yangxinbu
46016733,597620,to,Dazhangzi
46016810,597621,to,Chenjiatan
46016964,597623,to,Xujia
46017041,597624,to,Hua' erquan
46017195,597626,to,Gaojiakeng
46017349,597628,to,Lijiatai
46017580,597631,to,Xiaokouzi
46018119,597638,to,Huangyuantou
46018273,597640,to,Yinjiaxinzhuang
46018658,597645,to,Zhaojiahe
46018735,597646,to,Caoziqu
46018966,597649,to,Daolanwan
46019120,597651,to,Hanjiacheng
46020044,597663,to,Xiyanggua
46020121,597664,to,Xugouquan
46020198,597665,to,Honglaochi
46020352,597667,to,shi jia zhuang shi
46020506,597669,to,Jiucaizhang
46020583,597670,to,Beigouling
46020660,597671,to,Wenjiaqu
46020814,597673,to,Fengtaizhang
46020891,597674,to,Zhangjiakouzi
46020968,597675,to,Xiashangzhuang
46021045,597676,to,Qianyaoxian
46021122,597677,to,Hua' ershan
46021199,597678,to,Baiyangping
46021353,597680,to,Yangjia Yuanzi
46021430,597681,to,Shijiatan
46021892,597687,to,Qiutan
46021969,597688,to,Lixishan
46022046,597689,to,han jia yuan zhen
46022277,597692,to,Yao' ershan
46022354,597693,to,Huangqu
46022508,597695,to,Guojianshan
46022585,597696,to,Gaoyaoxian
46022662,597697,to,Haozhang
46022739,597698,to,Hexinzhuang
46022970,597701,to,Xinzhuangzhuang
46023047,597702,to,Panshan
46023124,597703,to,Yangzuizi
46023355,597706,to,Mujing
46023586,597709,to,Luojiawa
46023971,597714,to,Lizigou
46024125,597716,to,Shuiquan
46024433,597720,to,Xicuizhuang
46024587,597722,to,lan chai ao
46024741,597724,to,gui jiu ping
46024818,597725,to,ma hui cun
46024895,597726,to,shi zhan
46025126,597729,to,shang ma yu
46025203,597730,to,wa yao gou
46025511,597734,to,xia niu jin
46025588,597735,to,wu jia dian
46025665,597736,to,dong jia zhuang
46025742,597737,to,chai li
46025819,597738,to,qiao er gou
46025973,597740,to,xiao xi pu
46026050,597741,to,lu quan zhang
46026204,597743,to,qing liang zhuang
46026281,597744,to,xiao nan tou
46026435,597746,to,wang ma zhuang
46026512,597747,to,long wang gou
46026589,597748,to,shan cha
46026974,597753,to,shang gan gang
46027128,597755,to,yao yu
46027205,597756,to,zhao jia yao
46027359,597758,to,xiao shi cun
46027590,597761,to,an le quan
46027898,597765,to,duan zhai
46028052,597767,to,jie ma yu
46028206,597769,to,bei he zhong
46028283,597770,to,feng zhai
46028437,597772,to,wang jia yao
46028745,597776,to,nan feng tuan
46028822,597777,to,xi xin cun
46028899,597778,to,tang zhuang
46028976,597779,to,xu yu
46029130,597781,to,zhong he cun
46029361,597784,to,kou zhai
46029438,597785,to,cheng xia zhuang
46029515,597786,to,hua hong
46029592,597787,to,sheng shui tang
46029669,597788,to,li jia fang
46029823,597790,to,dong xiang zhai
46029900,597791,to,quan zi tou
46030362,597797,to,bei ma zhuang
46030516,597799,to,xi zhu zhuang
46030593,597800,to,dong hui yao
46030901,597804,to,ya hu zhuang
46031055,597806,to,jiao ni ge dong
46031363,597810,to,shui mo
46031440,597811,to,cen zui
46031517,597812,to,da liu shu
46031594,597813,to,louzi gou
46031825,597816,to,wenjia fang
46031902,597817,to,nan liu hui
46032056,597819,to,Siakiatou
46032210,597821,to,san dao wa
46032595,597826,to,jie fanggou
46032826,597829,to,ding jia qu
46032980,597831,to,shang wan
46033134,597833,to,zhanjiao tou
46033365,597836,to,lao fen wan
46033519,597838,to,ma jia xia diao cha
46033750,597841,to,zhang yao xian
46033904,597843,to,hou yang wa
46034212,597847,to,hou cha
46034289,597848,to,he zhong zhuang
46034597,597852,to,huang bie shan
46034751,597854,to,Nanbu
46034828,597855,to,wu mo
46034905,597856,to,xiao gou
46035059,597858,to,bei tun
46035136,597859,to,shang xiao he zi
46035521,597864,to,sha de wan
46035598,597865,to,xi tao zi
46035675,597866,to,luo tuo bo zi
46035752,597867,to,tao zhuang
46035906,597869,to,song jia wa
46035983,597870,to,Duanjiapu
46036291,597874,to,lao zhuang
46036368,597875,to,cao chang liang
46036522,597877,to,xue liang
46036830,597881,to,miao wan
46036984,597883,to,xia shi tou gou
46037138,597885,to,ye hu yao xian
46037215,597886,to,liu jia xue tai
46037446,597889,to,shuang tai
46037523,597890,to,gao zhuang
46037600,597891,to,ye xigou
46037677,597892,to,washang
46037908,597895,to,kejia wan
46037985,597896,to,tian chi tang
46038139,597898,to,he jia gou
46038601,597904,to,ba la wan
46038678,597905,to,nan chuan
46038832,597907,to,sha wan
46038909,597908,to,han jia qu
46038986,597909,to,da cha
46039294,597913,to,jiang he
46039371,597914,to,da lao zi
46039448,597915,to,tuan zhuang
46039602,597917,to,xiao zhong chuan
46040218,597925,to,Sujiatai
46040295,597926,to,Niusetousui
46040449,597928,to,Liuyao
46040834,597933,to,duantou nao
46041065,597936,to,wei jia cha
46041450,597941,to,hong wan
46041527,597942,to,huang hao liang
46041604,597943,to,huang gou
46041681,597944,to,huang tu qiao
46041912,597947,to,yuan jia wazi
46042066,597949,to,xue zhuang
46042143,597950,to,hai jia liang
46042220,597951,to,hei shan kou
46042297,597952,to,shang chuan
46042528,597955,to,nan liang
46042759,597958,to,Lianhe
46042836,597959,to,xian ma wan
46042913,597960,to,ma jia wa
46042990,597961,to,ma jia ping
46043144,597963,to,tang jia de wan
46043298,597965,to,jie lu gou
46043375,597966,to,gao ya
46043683,597970,to,mu jia he
46043760,597971,to,ma jia tai
46043914,597973,to,Xiadong
46044068,597975,to,bei wan
46044145,597976,to,xi wan
46044684,597983,to,li zhuang
46044761,597984,to,shi gou
46044992,597987,to,xia lu cha
46045146,597989,to,shang hu jia yuan
46045377,597992,to,yao dong gou
46045454,597993,to,gou kou
46045531,597994,to,wangjia yuan
46045608,597995,to,\N
46045685,597996,to,li wan
46045916,597999,to,qiu ling
46046070,598001,to,lu cao gou
46046378,598005,to,wu jia tai
46046686,598009,to,nan tan
46046763,598010,to,mai jia da tai zi
46047071,598014,to,yang shan wa
46047379,598018,to,zhong zhuang
46047533,598020,to,qian cha
46047610,598021,to,da ge da
46047687,598022,to,ping lu gou
46047918,598025,to,yu shu tai
46048072,598027,to,zhang hao
46048149,598028,to,shui he zi gou
46048226,598029,to,\N
46048303,598030,to,qiao jia wan
46048611,598034,to,ma jia tuan zhuang
46048688,598035,to,jia gou
46048765,598036,to,tao zi
46048996,598039,to,ta er wan
46049227,598042,to,huang yang wan
46049304,598043,to,xiao tai zi
46049381,598044,to,mugua ding
46049843,598050,to,yao cha
46049920,598051,to,qi yao xian
46050151,598054,to,guo jia he
46050305,598056,to,shang dian
46050382,598057,to,ma jia liang
46050613,598060,to,chen shi tang
46050767,598062,to,wang jia wazi
46051075,598066,to,che lu gou
46051383,598070,to,liu jia zhuang
46051460,598071,to,da nan gou
46051537,598072,to,jin jia yao xian
46051614,598073,to,jiao jia wan
46051691,598074,to,li cha
46051845,598076,to,li jia he
46052307,598082,to,pu jia chuan
46052384,598083,to,da quan
46052461,598084,to,nan wan
46052538,598085,to,nianzi qu
46052615,598086,to,mu jia caozi
46052692,598087,to,Yangzhongbu
46052923,598090,to,mutou wan
46053154,598093,to,feng jia wan
46053539,598098,to,shang pan
46053693,598100,to,ma jia wazi
46053770,598101,to,li jia quan
46053924,598103,to,ku jing
46054001,598104,to,Naniuani
46054232,598107,to,cai chuan
46054309,598108,to,han wan
46054463,598110,to,ba ying
46054540,598111,to,\N
46054694,598113,to,nan zhuang li
46054925,598116,to,lao gou wan
46055156,598119,to,shang tai
46055310,598121,to,xu he
46055387,598122,to,luo jia hao
46055464,598123,to,sun jia tai
46055541,598124,to,Gangou
46056080,598131,to,ma jia nan zhuang
46056234,598133,to,miao tai
46056542,598137,to,jiu baihu
46056696,598139,to,yangjia wan
46057004,598143,to,wan dou gou
46057389,598148,to,he yao xian
46057543,598150,to,liang jia chuan
46057620,598151,to,luo zi wan
46057697,598152,to,long hu wan
46057928,598155,to,Xiaohe
46058390,598161,to,man po
46058852,598167,to,shang ping shang
46058929,598168,to,san cha
46059006,598169,to,ma sha gou
46059083,598170,to,qian wang jia zhang
46059237,598172,to,ta jia chuan
46059314,598173,to,Kijiapusi
46059468,598175,to,zhao si
46059545,598176,to,su jia gou
46059622,598177,to,zhu jia da wan
46059776,598179,to,huang cao zhang
46059853,598180,to,men kan ling zi
46060007,598182,to,Zui'erkuani
46060161,598184,to,ping ling yang wa
46060469,598188,to,shang yuan zi
46060854,598193,to,xing er quan
46061008,598195,to,su jia ling
46061162,598197,to,\N
46061239,598198,to,yang wa
46061547,598202,to,shang ma lian wo
46061701,598204,to,hai wo zi
46061778,598205,to,ma lu chuan
46061855,598206,to,san tai
46061932,598207,to,zhang jia zhuang zhuang zi
46062163,598210,to,shang wa
46062317,598212,to,liu jia wanzi
46062394,598213,to,yao xian
46063318,598225,to,huang jia zhuang
46063395,598226,to,hong gou men
46063472,598227,to,cai jia tan
46063626,598229,to,\N
46064011,598234,to,qian wo wo
46064242,598237,to,liao po
46064319,598238,to,ya er gou
46064396,598239,to,shi yang
46064473,598240,to,qing tu tai
46064858,598245,to,huang jia wannao
46064935,598246,to,jiu niu quan
46065320,598251,to,he jia gou
46065782,598257,to,shen gou nao
46066013,598260,to,youfangtang
46066090,598261,to,dong jia wan
46066321,598264,to,meng jia hou shan
46066475,598266,to,li zhai
46066552,598267,to,chang jia wan
46066629,598268,to,zheng shan zhuang
46066706,598269,to,miao hao
46066937,598272,to,qing yang quan
46067091,598274,to,hu jia hong wan
46067399,598278,to,shi zhu wan
46067630,598281,to,Daibu
46067707,598282,to,shen huo xian
46067784,598283,to,zhong wan
46068015,598286,to,wang jia lao zhuang
46068169,598288,to,qiu jia zhuang
46068246,598289,to,liu cha lu
46068323,598290,to,baiyang wa
46068400,598291,to,hai tang hu
46068708,598295,to,zhang hongbao zi yao xian
46068939,598298,to,Erdao
46069170,598301,to,Fengbu
46069247,598302,to,xiao shi jie zi
46069324,598303,to,zui ma cao tan
46069401,598304,to,shang zhong chuan
46069478,598305,to,gan cha
46069709,598308,to,zhang er shui
46069786,598309,to,nan tao zi
46069863,598310,to,hu jia wo zi
46070248,598315,to,lu jia zhuang
46070325,598316,to,baihe
46070556,598319,to,li jia yuan
46070710,598321,to,pan he
46070787,598322,to,yan jia gou
46070864,598323,to,liu jia wan
46071249,598328,to,hong tu miao
46071326,598329,to,xiao lu wan
46071480,598331,to,san dao cha
46071557,598332,to,li jia ta shan
46071711,598334,to,baiyin wa
46071865,598336,to,yao ba
46072019,598338,to,hei yao tan
46072250,598341,to,gan cao zhang
46072327,598342,to,Heipukou
46072404,598343,to,hou chuan zi
46072712,598347,to,liang jia cha
46072789,598348,to,lao tai
46072943,598350,to,ying pan
46073020,598351,to,zhang jia tai
46073405,598356,to,\N
46073482,598357,to,bei tai
46073713,598360,to,gong jia wan
46074021,598364,to,hu jia wanzi
46074329,598368,to,yang quan liang
46074406,598369,to,ya shi gou
46074483,598370,to,ma lian
46074637,598372,to,\N
46075099,598378,to,liu jia zhuang
46075330,598381,to,qi ge shan
46075638,598385,to,shu wa
46075715,598386,to,nan liang
46075792,598387,to,tian jia hao zi
46076177,598392,to,wanwanzi
46076331,598394,to,da xi zhang
46076485,598396,to,li jia yao xian
46076639,598398,to,ci bu wan
46076716,598399,to,shang shi qiao zi
46076793,598400,to,liang hao
46077178,598405,to,deng jia he
46077255,598406,to,yan jia gang
46077486,598409,to,hong liu shu wanzi
46077563,598410,to,jin jia gou
46077640,598411,to,long tao zi
46077717,598412,to,zhe yao gou
46077794,598413,to,nan shan shang
46077871,598414,to,zhang tao
46077948,598415,to,\N
46078025,598416,to,Naniuani
46078102,598417,to,lihua zui
46078179,598418,to,che lu gou
46078333,598420,to,bao jia chuan
46078410,598421,to,tang jia wan
46078487,598422,to,ma ru zi wan
46078641,598424,to,sha tu po
46078795,598426,to,tao tang
46078949,598428,to,ye jia kou zi
46079180,598431,to,Wanjiabu
46079257,598432,to,luo tuo yao xian
46079719,598438,to,xiao wanzhang
46079873,598440,to,xia tao
46079950,598441,to,san cha he
46080027,598442,to,nan ping
46080181,598444,to,xi po wa
46080258,598445,to,er ying
46080335,598446,to,ma de gou
46080412,598447,to,\N
46080566,598449,to,lan jia shen gou
46080643,598450,to,ma jia yuan zi
46080797,598452,to,bao zi wan
46080874,598453,to,ma jia ya
46080951,598454,to,shi jia wan
46081105,598456,to,zhang yang wa
46081182,598457,to,yuan yao xian
46081259,598458,to,yao xian
46081644,598463,to,li jia bei wan
46081875,598466,to,yang watai
46081952,598467,to,shang wa
46082029,598468,to,nan liang
46082183,598470,to,hou hao
46082337,598472,to,du jia tan
46082568,598475,to,Sunsiasui
46082722,598477,to,lao zhuang
46082876,598479,to,youfangtai
46083107,598482,to,yin he
46083954,598493,to,Pubutai
46084185,598496,to,\N
46084262,598497,to,ao gen
46084339,598498,to,ye ji wan
46084416,598499,to,da zhang
46084570,598501,to,xiao sun jia zhuang
46085032,598507,to,mi gou
46085109,598508,to,ni jia he wan
46085186,598509,to,he shang po
46085417,598512,to,shi wa
46085494,598513,to,huang hao cha
46085648,598515,to,lu tao
46085725,598516,to,nan ping
46085956,598519,to,bei gou yan
46086033,598520,to,zou lu chuan
46086264,598523,to,dai dian
46086495,598526,to,tao zi gou
46086649,598528,to,dong yao xian
46086880,598531,to,xia shan zhuang
46086957,598532,to,xia jing mao mao
46087419,598538,to,ma dian
46087573,598540,to,ma jia tai
46087650,598541,to,\N
46087804,598543,to,di shui
46088035,598546,to,geng jia yao xian
46088189,598548,to,baisha gou
46088266,598549,to,xi wo zi
46088343,598550,to,ma lu zhang
46088420,598551,to,ding jia qu
46088497,598552,to,qiu jia qu
46088651,598554,to,xiao wan
46088882,598557,to,liu jia tai
46088959,598558,to,yu jia lao zhuang
46089036,598559,to,du jia gou
46089113,598560,to,xiao cha zi
46089190,598561,to,guan zhang
46089652,598567,to,lao ya
46089883,598570,to,bi er wan
46089960,598571,to,Dabu
46090037,598572,to,wu jia zhuang
46090268,598575,to,shi gou
46090422,598577,to,dao dun zi
46090499,598578,to,xu mao er
46090884,598583,to,chuan kou
46090961,598584,to,dong gao ya
46091038,598585,to,\N
46091115,598586,to,caojia wan
46091346,598589,to,sha tan
46091577,598592,to,xiao cha zi
46091731,598594,to,gao hong
46091808,598595,to,da wan
46091962,598597,to,xiang shui
46092039,598598,to,qiao jia fan
46092193,598600,to,po quan
46092501,598604,to,zhang jia zhuang
46092732,598607,to,bao shan
46092809,598608,to,jing cha
46092963,598610,to,Naniuani
46093040,598611,to,xi tai
46093425,598616,to,mao jia qu
46093733,598620,to,tang shang zhuang
46093810,598621,to,Sameni
46093887,598622,to,tuan zhuang
46094426,598629,to,yin dong zi
46094657,598632,to,xia nianzi tou
46094734,598633,to,yu jia wan
46094965,598636,to,wang jia qu
46095042,598637,to,da tai
46095119,598638,to,Kuanputai
46095196,598639,to,ma jia xin zhuang zi
46095350,598641,to,lao san ying
46095504,598643,to,xia jia yao xian
46095581,598644,to,ma lian
46095658,598645,to,luo jia tai
46095735,598646,to,da ping
46095812,598647,to,peng bao xiang
46095889,598648,to,dong jiao xiang
46095966,598649,to,gao tai xiang
46096120,598651,to,xin zhuang
46096428,598655,to,liu shu yao xian
46096505,598656,to,li gou
46096582,598657,to,ma lu
46096813,598660,to,xin zhuang tan
46097121,598664,to,gu wan
46097198,598665,to,\N
46097583,598670,to,wang tao le
46097660,598671,to,xia an long zhuang
46097737,598672,to,bie zhuang
46098738,598685,to,xiao kou
46099123,598690,to,chai jia liang
46099431,598694,to,li wazi
46099585,598696,to,shi zhuang
46099662,598697,to,shi cha xiang
46099739,598698,to,gong bai liang xiang
46099816,598699,to,jiao cha xiang
46099893,598700,to,Sengiao
46099970,598701,to,gong he xiang
46100047,598702,to,ma qu xiang
46100124,598703,to,ma gao zhuang xiang
46100201,598704,to,hei quan zhen
46100278,598705,to,Sinishani
46100355,598706,to,Yanglu
46100663,598710,to,yangjia hou shan
46100817,598712,to,li guan tun
46100894,598713,to,xuan yang zhai
46101279,598718,to,Hesiuang
46101433,598720,to,gan zhuang
46101510,598721,to,dong yao tou
46101741,598724,to,bu jia cun
46101895,598726,to,song guan tun
46101972,598727,to,xi niantou
46102049,598728,to,hua jia si
46102126,598729,to,dong niantou
46102203,598730,to,Kaisiapu
46102280,598731,to,zhang jia shan
46102357,598732,to,caojia cun
46102434,598733,to,yang quan wa
46102511,598734,to,sha jia si
46102819,598738,to,yangguan yao
46102973,598740,to,nan hua yuan
46103204,598743,to,geng jia gou
46103435,598746,to,xin cun
46103512,598747,to,baitou li
46103589,598748,to,cui jia yao
46103974,598753,to,chang li tun
46104051,598754,to,xiao jia cun
46104205,598756,to,xin dun wan
46104359,598758,to,baijia yao
46104513,598760,to,Panjiabu
46104590,598761,to,sha ge tun
46104667,598762,to,da xing zhuang
46104744,598763,to,baitang zi
46105052,598767,to,yuan jia cun
46105206,598769,to,lao zou yao
46105437,598772,to,chang ping yao
46105668,598775,to,lu cao wan
46105822,598777,to,shuang he tun
46105899,598778,to,jia jia yao
46106130,598781,to,nan cao chang
46106207,598782,to,han ni gou
46106515,598786,to,\N
46106592,598787,to,guo ao tun
46106977,598792,to,cai jia tun
46107131,598794,to,Suiliutuni
46107285,598796,to,dao yang cun
46107362,598797,to,shuang kou zi
46107824,598803,to,ji xian zhuang
46107901,598804,to,xin miao zi
46107978,598805,to,yangqian he
46108055,598806,to,hou yao zi
46108132,598807,to,\N
46108209,598808,to,shen jia yao
46108286,598809,to,xin yao zi
46108440,598811,to,Heiliupou
46108517,598812,to,Sou'erbu
46108979,598818,to,Naniuani
46109133,598820,to,ba li zhuang
46109287,598822,to,tou shui quan
46109441,598824,to,you wei
46109595,598826,to,da wang miao
46109826,598829,to,hei zhou wan
46109980,598831,to,han qing wan
46110057,598832,to,kang jia wan
46110134,598833,to,\N
46110288,598835,to,ma ying he
46110365,598836,to,huang jia yao
46110596,598839,to,bei cao chang
46110673,598840,to,cui jia gou
46110750,598841,to,hai zi wan
46110904,598843,to,fan jia yao
46111058,598845,to,zhuang wo
46111212,598847,to,bei fan jia yao
46111366,598849,to,\N
46111443,598850,to,si tai gou
46111674,598853,to,ying gezhai
46111751,598854,to,chai jia cun
46111828,598855,to,huang jia shan
46112444,598863,to,bai shan
46112521,598864,to,shang shi cha
46112598,598865,to,wang mao zhuang
46112675,598866,to,nan xin yao
46112906,598869,to,nan hong ya
46113060,598871,to,du jia gou
46113137,598872,to,quan yang tou
46113214,598873,to,guo jia ping
46113291,598874,to,tun jun zhuang
46113368,598875,to,li ding yao
46113599,598878,to,shui yao
46113753,598880,to,da lu po
46113830,598881,to,tie di cun
46113907,598882,to,que er ling
46114061,598884,to,fan jia si
46114138,598885,to,liu jia yao
46114292,598887,to,nan xing zhuang
46114369,598888,to,xia zhang jia fen
46114446,598889,to,yan ge ta
46114677,598892,to,dian wan
46114985,598896,to,dong hong ya
46115062,598897,to,que er he
46115139,598898,to,xia jia he
46115601,598904,to,huang jia cun
46115755,598906,to,zhuang wang
46115832,598907,to,gan gou zi
46115909,598908,to,\N
46116063,598910,to,hu quan gou
46116140,598911,to,ma jia yao
46116217,598912,to,que er shan
46116371,598914,to,ma jia yao
46116525,598916,to,an yan dun
46116602,598917,to,Liaosiapu
46116833,598920,to,Ninglubu
46116987,598922,to,ping chuan
46117141,598924,to,Lisi
46117218,598925,to,Paoʻanipukuni
46117449,598928,to,he jia bao xiang
46117526,598929,to,\N
46117603,598930,to,che la xiang
46117680,598931,to,Xinghuaxiang
46117757,598932,to,Songbai Chuan
46117834,598933,to,jiang tai xiang
46117911,598934,to,Jiahexiang
46117988,598935,to,nan he zhen
46118142,598937,to,Dongshanli
46118219,598938,to,Zhangjiafengouli
46118835,598946,to,Xueling
46119066,598949,to,Zhuangkeli
46119297,598952,to,Yangjia
46119451,598954,to,Sibuzhai
46119528,598955,to,Caotangou
46119759,598958,to,Maoli
46119990,598961,to,Caoshangou
46120298,598965,to,Quegou
46120452,598967,to,Wangjiachang
46120606,598969,to,Laojiashan
46120683,598970,to,Xiaojiawan
46120991,598974,to,Dahebian
46121145,598976,to,Shangen
46121222,598977,to,Xuepinggou
46122300,598991,to,Geli
46122377,598992,to,Xialuocun
46122454,598993,to,shang ping xiang
46122839,598998,to,Wangjiaping
46123070,599001,to,Majietan
46123147,599002,to,shang luo shi
46123224,599003,to,Nianjiagou
46123301,599004,to,Caijiadi
46123455,599006,to,Zhengshanli
46123532,599007,to,Yasi
46123609,599008,to,Lijiashan
46123763,599010,to,Yanggouli
46123840,599011,to,Yugang
46123917,599012,to,Caizigou
46124071,599014,to,Chenjiagou
46124302,599017,to,Tongjiazhuang
46124379,599018,to,Wangjia
46124533,599020,to,Guma
46124687,599022,to,Caoshan
46124841,599024,to,Niujiaxiang
46124918,599025,to,Yaozilin
46125149,599028,to,Zhazikou
46125226,599029,to,ha da pu zhen
46125765,599036,to,Sinzhai
46125842,599037,to,li chuan zhen
46125919,599038,to,Chuba
46126073,599040,to,Fenzhi
46126150,599041,to,Guqianggou
46126535,599046,to,muer xiang
46126689,599048,to,Xigu
46126766,599049,to,Heibaigou Xiaozhuang
46126920,599051,to,Maba
46126997,599052,to,Wagougou
46127074,599053,to,Yena
46127228,599055,to,Xiwu
46127382,599057,to,Xujia
46127690,599061,to,Majie
46127844,599063,to,ma zi chuan zhen
46127921,599064,to,Wafang
46127998,599065,to,Wuchaba
46128152,599067,to,pang jia xiang
46128306,599069,to,Jiabandiwanli
46128383,599070,to,a wu zhen
46128460,599071,to,Sudu
46128614,599073,to,Zhangjiagou
46128922,599077,to,Zhazuishan
46129230,599081,to,Pāli
46129846,599089,to,Shimen
46129923,599090,to,Baijiazhuang
46130000,599091,to,Ta' er
46130077,599092,to,Luojiashan
46130154,599093,to,Yangjiazhai
46130231,599094,to,lu jing zhen
46130385,599096,to,Yangguan
46130462,599097,to,Lama
46130924,599103,to,Xiaojiashan
46131155,599106,to,Qimen
46131386,599109,to,Bogewan
46132002,599117,to,Sigou Yangquan
46132233,599120,to,Xinchanwan
46132387,599122,to,shui quan liang
46132464,599123,to,shan cong lin
46132618,599125,to,xi ling
46132849,599128,to,shi ping zi
46132926,599129,to,tang jian
46133080,599131,to,song cun
46133234,599133,to,banjing cun
46133465,599136,to,yangjia po
46133619,599138,to,Nianjiazhuang
46133696,599139,to,Caotankou
46133773,599140,to,Miaoshan
46133850,599141,to,Tudiyan
46133927,599142,to,Lijiazhuang
46134235,599146,to,Fengduba
46134312,599147,to,Qiusanixiang
46134389,599148,to,Daniugou
46134466,599149,to,Zhangmalu
46134543,599150,to,Fengchi
46134851,599154,to,Langdu
46134928,599155,to,Kaokiao
46135005,599156,to,Wuwugou
46135313,599160,to,si gou zhen
46135544,599163,to,Jijiazhuang
46135852,599167,to,Jianzigou
46135929,599168,to,Banqiaohe
46136083,599170,to,Gezi
46136314,599173,to,suo long xiang
46136391,599174,to,Yangbanqiao
46136545,599176,to,Xiaocigou
46136699,599178,to,Baiyagou
46136930,599181,to,Chalin
46137007,599182,to,Wangjiadigou
46137238,599185,to,Caoyan
46137315,599186,to,Yangjiabu
46137392,599187,to,Tuqiaogou
46137546,599189,to,Qingshanshang
46137623,599190,to,Luotuobeihou
46137700,599191,to,Banqiaogou
46137777,599192,to,Bana
46137931,599194,to,Xinzhuang
46138085,599196,to,Honghuagou
46138239,599198,to,Zhangjiagou
46138393,599200,to,Moyashan Genqian
46138470,599201,to,Taichungou
46138547,599202,to,Jieshangou
46138701,599204,to,Wolonggou
46138932,599207,to,Maijiazhuang
46139163,599210,to,Luojiadi
46139394,599213,to,Tushanzi
46139548,599215,to,Naijiwan
46139856,599219,to,Shangshijizi
46140010,599221,to,Dadong
46140087,599222,to,Houjiazhuang
46140241,599224,to,Shijiatai
46140549,599228,to,ma wu zhen
46140626,599229,to,Dongjiazhuang
46141088,599235,to,Chengjiao Zhen
46141704,599243,to,Dacaodi
46141858,599245,to,Niugou
46142243,599250,to,Banposhan
46142397,599252,to,hetuo zhen
46142551,599254,to,Yuancaocun
46142782,599257,to,yanan xiang
46143013,599260,to,Xiliushui
46143167,599262,to,Xiazhigou
46143244,599263,to,Shixionggou
46143629,599268,to,Tanshan
46143706,599269,to,Mogou
46143860,599271,to,Liha
46143937,599272,to,Jiaochangba
46144091,599274,to,Wangjiashan
46144245,599276,to,Yansongli
46144322,599277,to,Qiaojiagou
46144630,599281,to,Chabuxiang
46144707,599282,to,Anshang
46144938,599285,to,da zhai cun
46145015,599286,to,Yansani
46145246,599289,to,Gaojiahe
46145323,599290,to,Lalu
46145477,599292,to,Zhuangke
46145631,599294,to,Chen' eryu
46145708,599295,to,Suigu
46145785,599296,to,Zhigoumenxia
46145862,599297,to,Qiaowan
46146170,599301,to,Yongxing
46146401,599304,to,Shijiabeihou
46146632,599307,to,Chatao
46146709,599308,to,Baitiegou
46146786,599309,to,Sukuangi
46146863,599310,to,Zhongliang
46146940,599311,to,Zhalu
46147171,599314,to,Baizhishan
46147248,599315,to,Tashigou
46147479,599318,to,Gaojiashan
46147556,599319,to,Chelu
46147633,599320,to,Yanzhi
46147864,599323,to,Ningning
46148018,599325,to,Yaxia
46148095,599326,to,Baimadian
46148172,599327,to,Zhaishang
46148557,599332,to,Xiatalu
46148634,599333,to,Dazhuang
46148788,599335,to,Xinzhuangwan
46148865,599336,to,Shangheyu
46148942,599337,to,Jiukeshu
46149019,599338,to,Yangyangou
46149173,599340,to,Qipingli
46149250,599341,to,Zhaishang
46149404,599343,to,Lijiamen
46149481,599344,to,Nuanshui
46149558,599345,to,Majiatai
46149943,599350,to,Xiejiazhuang
46150097,599352,to,Chiniupo
46150174,599353,to,Zhuangke
46150251,599354,to,Laludi
46150328,599355,to,Liangjiamen
46150559,599358,to,Hulongkou
46150713,599360,to,Guanxia
46150944,599363,to,Liangjiawan
46151021,599364,to,Yaozhuangxia
46151098,599365,to,Bangshali
46151175,599366,to,Talasi
46151252,599367,to,Guojiazhuang
46151329,599368,to,Dawan
46151406,599369,to,Kangjiagou
46151868,599375,to,shi chuan zhen
46151945,599376,to,Machigou
46152022,599377,to,Datanzi
46152099,599378,to,Pogen
46152176,599379,to,dong quan xiang
46152330,599381,to,Ludigou
46152407,599382,to,Makuani
46152561,599384,to,Kangjialoushang
46152715,599386,to,Liujiamen
46152946,599389,to,Caotanxiang
46153023,599390,to,Santiaogou
46153331,599394,to,Dongping
46153408,599395,to,Xindaokou
46153485,599396,to,long tai
46153639,599398,to,Echixia
46154101,599404,to,Diaolinyan
46154178,599405,to,Sanyanquan
46154563,599410,to,banqiao qu
46154717,599412,to,Caoping
46154948,599415,to,Caodihexiang
46155025,599416,to,Xinzhuang
46155256,599419,to,Nianping
46155333,599420,to,Shangdaijiashan
46155410,599421,to,Luojiagou
46155487,599422,to,Anjiagou
46155872,599427,to,Daigou
46155949,599428,to,Qianxia
46156026,599429,to,Yeyu
46156103,599430,to,Kezhaixia
46156180,599431,to,Laoyoudian
46156257,599432,to,Yagenli
46156334,599433,to,Chenjiashan
46156411,599434,to,Tanwan
46156488,599435,to,tange zhen
46156565,599436,to,Yujiashan
46156642,599437,to,Shangshigou
46156796,599439,to,Zenghe
46156950,599441,to,Songshan
46157027,599442,to,Naniyang
46157104,599443,to,Gaoshan
46157181,599444,to,Jinhuachi
46157258,599445,to,Huangshuiquan
46157489,599448,to,Pujiabanshan
46157720,599451,to,Zhanbu
46157797,599452,to,Guojiadazhuang
46157874,599453,to,Guanxia
46158028,599455,to,Shibanshang
46158182,599457,to,Tielu
46158259,599458,to,Zhouchiwan
46158336,599459,to,Malianxian
46158490,599461,to,Kezhai
46158721,599464,to,Shengouli
46158798,599465,to,xin si zhen
46158952,599467,to,Dazhuang
46159106,599469,to,Balong
46159183,599470,to,Yinwanli
46159260,599471,to,Huihuizhuang
46159568,599475,to,bei jiu cun
46159722,599477,to,Taixi
46159876,599479,to,Daliu
46159953,599480,to,Mami
46160107,599482,to,Shuiyugou
46160261,599484,to,Xiaoshimen
46160338,599485,to,Kangping
46160492,599487,to,Chaizhuang
46160723,599490,to,Mali
46160954,599493,to,Mansi' an
46161031,599494,to,Gongzigou
46161108,599495,to,Luojiashan
46161262,599497,to,Xiaolingou
46161493,599500,to,Nanyu
46161801,599504,to,Liqiaoli
46161955,599506,to,Suozhanli
46162032,599507,to,Wanggou
46162263,599510,to,Yaojiawan
46162879,599518,to,Shangzhuangli
46163033,599520,to,Zoujiamen
46163341,599524,to,Yeniugou
46163495,599526,to,Baojiawan
46163572,599527,to,Dalitou
46163649,599528,to,si zu zhen
46163726,599529,to,Qingchuanping
46163880,599531,to,Ganshuxia
46164111,599534,to,Gushan
46164265,599536,to,Shifeng
46164342,599537,to,Xicha
46164419,599538,to,Qihe
46164727,599542,to,Zhamatan
46164958,599545,to,Wangjiamen
46165343,599550,to,Houshan
46165420,599551,to,Wangjiamen
46165574,599553,to,zuinshan
46165728,599555,to,Duzhuang
46165959,599558,to,wu dang xiang
46166036,599559,to,Libu
46166113,599560,to,Huayaxia
46166421,599564,to,Renshan
46166575,599566,to,Chuanlingzimenqian
46166652,599567,to,Gongjiaping
46166729,599568,to,Leishan
46167037,599572,to,Yuanmen
46167576,599579,to,Linipingi
46167807,599582,to,Doudixia
46167884,599583,to,Beigousi
46168038,599585,to,Chenjiazui
46168115,599586,to,Dongshunxiang
46168269,599588,to,Xiankouxia
46168346,599589,to,Chaijiagou
46168500,599591,to,Shizhuang
46168885,599596,to,Yuanmen
46169347,599602,to,Yulingou
46169809,599608,to,Mashan
46169886,599609,to,Tanjiashan
46170194,599613,to,Lishan
46170271,599614,to,Baiquan
46170348,599615,to,zhou zhuang zhen
46170425,599616,to,da cao tanzhen
46170502,599617,to,Lijiayapingli
46170579,599618,to,Pingiuani
46170656,599619,to,shan dan zhen
46170964,599623,to,Liushuwan
46171118,599625,to,Songxi
46171195,599626,to,Sanyou
46171349,599628,to,Lannitan
46171426,599629,to,Caijiamen
46171503,599630,to,Jiuyanquan
46171657,599632,to,Zishi
46171811,599634,to,Chenmen
46171888,599635,to,Liuwa
46171965,599636,to,Mabu
46172119,599638,to,Baozi
46172273,599640,to,Zinian
46172427,599642,to,Gantansi
46172581,599644,to,Huigoumen
46172889,599648,to,Kelao
46173043,599650,to,Gaojiashan
46173274,599653,to,Gaofeng
46173428,599655,to,Bayuan
46173505,599656,to,Jiemen
46173813,599660,to,Siwan
46173890,599661,to,gao louzhen
46173967,599662,to,Chaiping
46174275,599666,to,Yuanyang
46174429,599668,to,Zhumaogou
46174506,599669,to,Wangjiadian
46174737,599672,to,Qingyaxia
46174891,599674,to,Yanjiawan
46175045,599676,to,Xujiazui
46175353,599680,to,Qinwan
46175430,599681,to,Chejialin
46175507,599682,to,Luzixia
46175738,599685,to,Dashimen
46175815,599686,to,Gongjiamen
46175892,599687,to,Liqiaoshan
46176277,599692,to,san pai zhen
46176354,599693,to,Zhashuli
46176662,599697,to,Gaojiawan
46177047,599702,to,Shibanli
46177355,599706,to,Cai' erli
46178125,599716,to,Meijiagou
46178356,599719,to,Shuofatai
46178433,599720,to,Zhuwan
46178818,599725,to,Luanshijiao
46178895,599726,to,hua lin
46178972,599727,to,Wafang
46179280,599731,to,Tanjiashan
46179665,599736,to,Jiaosi
46180281,599744,to,yan jing zhen
46180512,599747,to,Zhonglou
46180743,599750,to,Niuzhuang
46180820,599751,to,Zuoshanping
46180897,599752,to,Langwogou
46180974,599753,to,Fanjiazhuang
46181282,599757,to,Tujiashan
46181513,599760,to,yihu qiao zhen
46181744,599763,to,Zhujiazhuang
46181898,599765,to,Dangkou
46182129,599768,to,Baomen
46182437,599772,to,Kungisuihe
46182514,599773,to,Wangjiamen
46182668,599775,to,Henanpo
46182745,599776,to,Huangtupo
46182822,599777,to,Hejiawan
46183130,599781,to,Shanchangli
46183284,599783,to,Laowanli
46183746,599789,to,Daojiewan
46183823,599790,to,Majiazhaizi
46183977,599792,to,Liyao
46184054,599793,to,Yangjiagou
46184131,599794,to,zhong shan shi
46184208,599795,to,Yezhanli
46184285,599796,to,Peijiagou
46184593,599800,to,Peijiayao
46184824,599803,to,Zhaoshan
46184901,599804,to,Duiliangping
46185209,599808,to,Zhangjiawan
46185286,599809,to,Yaojiagou
46185440,599811,to,Zhoujiazhuang
46185594,599813,to,Lanniwan
46185671,599814,to,Shagoutai
46185748,599815,to,Lijiagou
46185902,599817,to,Wangjiapo
46186133,599820,to,yongji xiang
46186364,599823,to,Jijia
46186441,599824,to,Goujiagou
46186672,599827,to,Chechang
46186749,599828,to,Chengjiashan
46187057,599832,to,Wangjiawan
46187288,599835,to,Qiaojiamen
46187365,599836,to,Xiaozhaizihe
46187442,599837,to,Duojiawan
46187596,599839,to,yu pan zhen
46188058,599845,to,Yanpoli
46188135,599846,to,Lang' ershan
46188212,599847,to,Wangjiaxinzhuang
46188443,599850,to,Shaloushangzhuang
46188751,599854,to,Shangqinjiagou
46189059,599858,to,Luzixian
46189213,599860,to,Sidian
46189367,599862,to,Tizigou Menxia
46189829,599868,to,Yahe
46189906,599869,to,Tianchiping
46189983,599870,to,Xiaqishugou
46190137,599872,to,Qingbu
46190445,599876,to,Baiyanglin
46190522,599877,to,Santai Zhen
46190599,599878,to,Chaijiawan
46190676,599879,to,Shangjiawan
46190753,599880,to,wen feng zhen
46190830,599881,to,Houjiagou
46190907,599882,to,Lijiayinpo
46191061,599884,to,Caizipo
46191215,599886,to,Qujiagou
46191292,599887,to,Hongxianxia
46191369,599888,to,Shuichali
46191446,599889,to,Wangjiagou
46191523,599890,to,Kangjiadawan
46191600,599891,to,Changfengxian
46191908,599895,to,Napo
46192216,599899,to,Zhangwan
46192370,599901,to,Shanisai
46192909,599908,to,Wenzhong
46193063,599910,to,Songtaoping
46193140,599911,to,Xinzhuang
46193217,599912,to,Daijiaping
46193294,599913,to,Huangjiamen
46193371,599914,to,Bojiwan
46193448,599915,to,Yuange
46193525,599916,to,he ping xiang
46193756,599919,to,jin zhong
46193833,599920,to,Chishanzi
46193910,599921,to,Wangzichang
46194141,599924,to,Shijiayinpo
46194218,599925,to,Gujiping
46194372,599927,to,Qiaozimen
46194603,599930,to,Jiuzhuang
46194757,599932,to,Changgu
46194988,599935,to,Huangzhai
46195142,599937,to,Wangjiaping
46195219,599938,to,cai zi zhen
46195450,599941,to,Yabian
46195527,599942,to,Piangou
46195681,599944,to,Xiazhai
46195758,599945,to,Xiaojinjiamen
46195835,599946,to,Gaoya
46195912,599947,to,Chejiaping
46195989,599948,to,Leng' an
46196143,599950,to,Wanli
46196297,599952,to,Shangmaojiapo
46196759,599958,to,Jijiawan
46196836,599959,to,gong chang zhen
46196990,599961,to,guo qi
46197067,599962,to,Xinzhuangcun
46197221,599964,to,Sanmaozhuang
46197375,599966,to,Ancha
46197529,599968,to,Chaiyuanpan
46197606,599969,to,Yangjiamao
46198222,599977,to,Guoqi
46198453,599980,to,Taoshuliang
46198530,599981,to,Renjiamao
46198684,599983,to,Tianjiacheng
46198761,599984,to,Liujia Xinzhuang
46198838,599985,to,Guijiaqu
46198992,599987,to,Shangbuzi
46199069,599988,to,Chongjiahe
46199146,599989,to,Lijiawan
46199377,599992,to,tong chuan zhen
46199531,599994,to,Fengjiadong
46199608,599995,to,Sizhuangwan
46199685,599996,to,Yuyangwan
46199916,599999,to,Haojiazhang
46199993,600000,to,Wulipo
46200224,600003,to,Ma' anqiao
46200301,600004,to,Aijia Zhaizi
46200378,600005,to,Xinzhuang
46200609,600008,to,Xinzhuangqu
46200840,600011,to,Qiuziwan
46201071,600014,to,Juhewan
46201379,600018,to,Zhongyi
46201456,600019,to,Huangjiayuan
46201533,600020,to,Wangjiazhuang
46201610,600021,to,Shijiawan
46201764,600023,to,Beichagou
46201918,600025,to,Gaojiazhuang
46202072,600027,to,Xigualiang
46202149,600028,to,Gaolingshan
46202380,600031,to,Yaoxian
46202457,600032,to,Jiutiaowan
46202534,600033,to,Xingzhuangwan
46202765,600036,to,Hongya
46202919,600038,to,Chengjiazhuang
46203073,600040,to,Naniuani
46203227,600042,to,Liujiagou
46203458,600045,to,Binglincha
46203612,600047,to,Shiwulipu
46203689,600048,to,Zhangdawan
46203766,600049,to,Liujiawan
46203843,600050,to,Xinzhuangwanwan
46204074,600053,to,Heiniuzui
46204151,600054,to,Mijiachuan
46204382,600057,to,Zhaojiashan
46204536,600059,to,Shijiadian
46204613,600060,to,Xujiatai
46204690,600061,to,Maoguduiyuan
46204767,600062,to,Qiaowan
46204921,600064,to,Ejiaqiao
46204998,600065,to,Liujiadian
46205229,600068,to,Gujiada Baozi
46205306,600069,to,Guojiacha
46205383,600070,to,Xujiahutong
46205691,600074,to,Kangjiahe
46205922,600077,to,Hantaizi
46205999,600078,to,Fanjiagou
46206153,600080,to,Xuejiazui
46206230,600081,to,Lumacha
46206307,600082,to,Hanjiayaoxian
46206615,600086,to,Renyaoxian
46206769,600088,to,Lijiagounao
46206923,600090,to,Beiyuantou
46207154,600093,to,Shangyaoxian
46207308,600095,to,nan zhuang xiang
46207385,600096,to,Tianjiazhuang
46207693,600100,to,Qiaozigou
46207924,600103,to,Dataiwan
46208001,600104,to,Qijiayuan
46208309,600108,to,Caowan
46208386,600109,to,Liangyaoxian
46208463,600110,to,Xuanma
46208540,600111,to,Xi' ao
46208694,600113,to,Ma' aozi
46208771,600114,to,Dayuan
46209002,600117,to,Xijiaping
46209079,600118,to,Tuqiaozi
46209156,600119,to,Luzicha
46209387,600122,to,Baicaoshan
46209618,600125,to,Zhoujiazhuang
46209695,600126,to,Shitouyaoxian
46209849,600128,to,Wujiayuan
46209926,600129,to,Baicaowan
46210157,600132,to,Xizhang
46210388,600135,to,Wangyaoxian
46210773,600140,to,Laofenwan
46210850,600141,to,Zhangjiagounao
46210927,600142,to,Houjia' ao
46211081,600144,to,Yanghuwan
46211235,600146,to,Wuchengzi
46211312,600147,to,Sancun
46211389,600148,to,Gaoyaoxian
46211543,600150,to,Baoziliang
46211620,600151,to,Chaijiashan
46211697,600152,to,Liujiawan
46211774,600153,to,Liujia' aozi
46211851,600154,to,Zhengjiayuan
46212005,600156,to,Hechawan
46212236,600159,to,Wujialaozhuang
46212390,600161,to,Baiyuan
46212467,600162,to,Shangchaijiayuan
46212544,600163,to,Xiancha
46212621,600164,to,Zhangjiayuan
46213006,600169,to,Hefeng
46213160,600171,to,Xujiawan
46213237,600172,to,Pujialaozhuang
46213545,600176,to,Wujiayuan
46213776,600179,to,Baijiayuan
46214161,600184,to,Tongchuangoumen
46214392,600187,to,Caojiayuan
46214469,600188,to,Laozhuangwan
46214623,600190,to,Hujialing
46215008,600195,to,Damacha
46215085,600196,to,Yangluwan
46215316,600199,to,Yanqing
46215393,600200,to,cai kou ji xiang
46215470,600201,to,Zhangjiayuanpan
46215624,600203,to,di jia he xiang
46215701,600204,to,Huangchangzui
46215932,600207,to,Siazuang
46216163,600210,to,Wangjialaozhuang
46216240,600211,to,Jiaojiewan
46216394,600213,to,Sunjiawan
46216471,600214,to,Xizhang
46216625,600216,to,Wujialingzi
46216702,600217,to,Houjiacha
46216856,600219,to,Siniuani
46216933,600220,to,Yangluwan
46217087,600222,to,Wangyuanzi
46217164,600223,to,Luojiayaoxian
46217241,600224,to,Qijiahe
46217318,600225,to,Gunzuiliang
46217472,600227,to,Wangqiao
46217626,600229,to,Zhaojiazhang
46217703,600230,to,Hanjiawan
46217857,600232,to,Fanjiapan
46217934,600233,to,Yangjialingzi
46218011,600234,to,Hujiaqu
46218319,600238,to,Fanjia Laozhuang
46218396,600239,to,Baijiazhuang
46218473,600240,to,Lanjiashan
46218550,600241,to,Muchangshan
46218858,600245,to,Liuhecha
46219089,600248,to,Yangjiahe
46219243,600250,to,Wangjiawanwang
46219397,600252,to,Haojiazhang
46219474,600253,to,Zhengjiazhuang
46219551,600254,to,Shijiagua
46219705,600256,to,Lujiazhang
46219859,600258,to,Sangouqu
46219936,600259,to,shi zui shan shi
46220244,600263,to,Gonghe
46220321,600264,to,Fojiacha
46220475,600266,to,Bei' ercha
46220552,600267,to,Caizhuangwan
46220629,600268,to,Fanjiapan
46220706,600269,to,Baozizhuang
46220860,600271,to,Huangluobuzui
46221399,600278,to,Xiangshuwan
46221476,600279,to,Zao' eryuan
46221553,600280,to,Humazui
46221630,600281,to,Lujiayuan
46221861,600284,to,Huaishuzhuang
46222015,600286,to,Xinjiagou
46222169,600288,to,Lujiashancha
46222400,600291,to,Guanting
46222477,600292,to,Naniuani
46222554,600293,to,Miaowan
46222785,600296,to,Liujiamiao
46222862,600297,to,Youfangzhuang
46223016,600299,to,Gujiayaoxian
46223093,600300,to,Qianlijiazhuang
46223401,600304,to,Xiawuqi
46223555,600306,to,Beilangzihe
46223632,600307,to,Fanping
46223709,600308,to,Taoshuqu
46223940,600311,to,Wangzuizi
46224325,600316,to,Xiaojiazhang
46224402,600317,to,Peijiadacha
46224710,600321,to,Luanhewan
46224787,600322,to,Quanjiacha
46224864,600323,to,Huangjiayaoxian
46224941,600324,to,Tongshuyuan
46225480,600331,to,Xianyuan
46225942,600337,to,Mazuiliang
46226250,600341,to,Xiaomayuan
46226404,600343,to,Panlaozhuang
46226866,600349,to,\N
46226943,600350,to,Miaoquyuan
46227020,600351,to,Xiangshanyuan
46227097,600352,to,Fodiantan
46227174,600353,to,Zhoujiayuan
46227405,600356,to,Sanliqiao
46227482,600357,to,Yuejiayuan
46227636,600359,to,Liujiaping
46227713,600360,to,Miaosiuang
46227790,600361,to,Wenjiawan
46227867,600362,to,Madengbian
46227944,600363,to,Liujiapan
46228021,600364,to,Pengjiawan
46228252,600367,to,Huangjiazhuang
46228329,600368,to,Zhujiahepan
46228483,600370,to,Lijiawan
46228637,600372,to,Dongjiatan
46228714,600373,to,Pipazhai
46228791,600374,to,Anjiagou
46229253,600380,to,Yangjiayuan
46229407,600382,to,Jingziyuan
46229561,600384,to,Sunjiahe
46229638,600385,to,Yinpingtai
46229715,600386,to,Heiquanhe
46229792,600387,to,Sanhezhang
46229869,600388,to,Dawan
46229946,600389,to,Zhifang
46230023,600390,to,Heqi
46230562,600397,to,Tiejianggou
46230793,600400,to,Taohucha
46231024,600403,to,Sunjiahe
46231178,600405,to,Ganqi
46231486,600409,to,Qiaojiacha
46231563,600410,to,Zhaobeizhang
46231640,600411,to,Baicaowan
46231717,600412,to,Tianzhangyuan
46231794,600413,to,Hongtuyaoxian
46231871,600414,to,Subeicha
46231948,600415,to,Lujiazhang
46232102,600417,to,Liangping
46232410,600421,to,Liugoumen
46232718,600425,to,Yuqishangyuan
46232872,600427,to,Shigouliang
46233026,600429,to,Lijiamao
46233180,600431,to,Xinzhuang
46233488,600435,to,Shangbuzi
46233719,600438,to,Dongqi
46233950,600441,to,Watiangou
46234027,600442,to,Iangsani
46234104,600443,to,Laozhuang
46234258,600445,to,shang li yuan xiang
46234335,600446,to,Dawangqi
46234489,600448,to,Jincunsi
46234797,600452,to,Kangjiawan
46235028,600455,to,Shangxiaowan
46235105,600456,to,Liangjiahe
46235259,600458,to,Zhangjiayuan
46235336,600459,to,Miaozuizi
46235413,600460,to,Hongyawa
46235490,600461,to,Lucaomao
46235567,600462,to,Dengjiashan
46235644,600463,to,he dao zhen
46235875,600466,to,Zhoutai
46236106,600469,to,Heqiao
46236183,600470,to,Tianyuanpan
46236337,600472,to,Huangyuan
46236568,600475,to,Bianjiazuizui
46236722,600477,to,Chenjiayaoxian
46236876,600479,to,Tangyaoxian
46236953,600480,to,Yuechigoumen
46237107,600482,to,Liangchengzi
46237492,600487,to,Tiantaizi
46238031,600494,to,Zhaiziping
46238108,600495,to,Liuqi
46238185,600496,to,Tangjiayuan
46238262,600497,to,Qianyaoxian
46238339,600498,to,Liangjiayuan
46238724,600503,to,Zhangqiao
46238878,600505,to,Laozhangyuan
46239109,600508,to,Xujiazhuang
46239186,600509,to,Mujiazhang
46239417,600512,to,Liqi
46239571,600514,to,Yakou
46239648,600515,to,Taowazi
46239802,600517,to,Hepingi
46240110,600521,to,Youfangyuan
46240187,600522,to,Zhoujiazui
46240341,600524,to,hou jia zhen
46240572,600527,to,Liugoumen
46240726,600529,to,Gangzipan
46240803,600530,to,Wangjiayuan
46240957,600532,to,Gaohe
46241188,600535,to,Huaishuzhuang
46241265,600536,to,Wangjiawan
46241419,600538,to,Xujiahe
46241496,600539,to,Liugoumen
46241727,600542,to,Kangjiayuan
46241804,600543,to,Yanggoumen
46241881,600544,to,Jianganliang
46241958,600545,to,Liujiawanhexi
46242112,600547,to,Zhangkeping
46242189,600548,to,Hejiazhuang
46242266,600549,to,Sunjiawan
46242420,600551,to,Luping
46242651,600554,to,Caiyuan
46242882,600557,to,Liugoumen
46243113,600560,to,Xiayaoxian
46243190,600561,to,wu yuan
46243267,600562,to,Jinpenzhang
46243806,600569,to,Wentai
46243883,600570,to,Yanyuan
46244037,600572,to,Zhangjiawan
46244422,600577,to,Yuanqu
46244499,600578,to,Baidazhang
46244653,600580,to,Yangzhang
46244730,600581,to,Maogoumen
46244961,600584,to,Chenqiyuan
46245038,600585,to,Wangnanzhang
46245346,600589,to,Sizuishan
46245423,600590,to,Nianzhang
46245577,600592,to,Zhangjiashan
46245654,600593,to,Liliangzi
46245808,600595,to,Hujiamiao
46245962,600597,to,Shenjialing
46246116,600599,to,Jinjiazhuang
46246270,600601,to,san he yuan
46246501,600604,to,Guoxizhang
46246578,600605,to,Baihuzhang
46246655,600606,to,Liujiawa
46246732,600607,to,Qinglingoukou
46247040,600611,to,Chunshuzhuang
46247194,600613,to,Changyaoxian
46247425,600616,to,Nanwan
46247579,600618,to,Pingziyuan
46248041,600624,to,Renjiabian
46248195,600626,to,Wangqi
46248426,600629,to,Beiyuan
46248503,600630,to,Si' ermao
46248657,600632,to,Gaolouyuan
46248888,600635,to,Wenjiazui
46249042,600637,to,Liujiayuan
46249119,600638,to,Yaotai
46249812,600647,to,Yanglutai
46249889,600648,to,Mafuzhang
46250043,600650,to,Laohutai
46250120,600651,to,Laoliushu
46250197,600652,to,Dahanzhang
46250274,600653,to,Lijiawan
46250351,600654,to,Ligoumen
46250659,600658,to,Songizui
46251198,600665,to,Baimamiaowan
46251891,600674,to,Shuibatan
46252430,600681,to,Songjiahe
46252507,600682,to,Yangquhao
46252738,600685,to,fangzhuang de qu
46252969,600688,to,Changjiayuan
46253046,600689,to,Jing' ercha
46253739,600698,to,Liushishan
46253816,600699,to,Tuping
46253893,600700,to,Anjiazhang
46253970,600701,to,Wujiayaoxian
46254124,600703,to,Liugoucha
46254201,600704,to,Chenjiazhuang
46254355,600706,to,Xiyuanpan
46254586,600709,to,Xuejiazhang
46254663,600710,to,Houjiacha
46254740,600711,to,Hongyagoumen
46255048,600715,to,Lijiayangwan
46255125,600716,to,Fengjiawan
46255202,600717,to,Pengjiahe
46255279,600718,to,Caoqi
46255433,600720,to,Zhangjia
46255664,600723,to,Huangyaoxian
46255895,600726,to,Dapingwan
46256049,600728,to,Yangzuizi
46256280,600731,to,Xilijiacha
46256357,600732,to,Songjiagoukou
46256588,600735,to,Chengoumen
46256665,600736,to,Dayaoxian
46256742,600737,to,Caidimao
46256819,600738,to,Zhangyuanyuan
46256896,600739,to,Wujiazuizi
46257127,600742,to,Hanguazi
46257204,600743,to,Gengjiagou
46257281,600744,to,Lijiayuan
46257358,600745,to,Guanying
46257435,600746,to,Lijiawan
46257512,600747,to,Xueyangshan
46257743,600750,to,Zhangjiayuan
46257820,600751,to,Shijiahe
46257897,600752,to,Qiloubu
46257974,600753,to,Liuhezhuang
46258436,600759,to,Xichuan
46258513,600760,to,Gaozhaigou
46258898,600765,to,Liugoumen
46259052,600767,to,Nanzhuangyuan
46259360,600771,to,Zhanggoumen
46259437,600772,to,Duyoushou
46259668,600775,to,Mayaoxian
46259745,600776,to,Wangjiahe
46259899,600778,to,Xiaojiachuan
46260053,600780,to,Yequeling
46260438,600785,to,Mujialiang
46260515,600786,to,Dongwan
46260746,600789,to,Dengzhaizi
46260977,600792,to,Liutai
46261054,600793,to,Daojiazui
46261131,600794,to,Qiubagou
46261824,600803,to,Miaoxiang
46261901,600804,to,Wangyaoxian
46262055,600806,to,Xiaogoumen
46262209,600808,to,Tangjiayuan
46262363,600810,to,Zhangzhuang
46262440,600811,to,Beiyuanpan
46262825,600816,to,Zhangjiawan
46263210,600821,to,Mashiyangtai
46263287,600822,to,Wangyaoxian
46263441,600824,to,Yangcha
46263595,600826,to,Wangyuanpan
46263672,600827,to,Lijiawan
46263749,600828,to,Jiahe
46263826,600829,to,Dongjiazhuang
46263903,600830,to,Chunshuzhuang
46263980,600831,to,Caoyuanpan
46264134,600833,to,Huangquanling
46264211,600834,to,Wujiatai
46264442,600837,to,Fengyangqu Beizuizi
46264673,600840,to,Ejiawan
46264750,600841,to,ba zhu xiang
46265135,600846,to,Baicaoyuan
46265212,600847,to,Magaozhuang
46265289,600848,to,Laofengtai
46265366,600849,to,Caoyuanlaozhuang
46265905,600856,to,Longwangmiao Zuizi
46266213,600860,to,Fengyangqu
46266290,600861,to,Paitai
46266444,600863,to,Shijiayuan
46266598,600865,to,Putaowan
46267137,600872,to,Yangdaopo
46267522,600877,to,Xiayuan
46267753,600880,to,Caojiayuan
46268138,600885,to,Hanyuantou
46268292,600887,to,Yaowangdong
46268523,600890,to,Zhoujiayuan
46268908,600895,to,Guojiazhuang
46268985,600896,to,Shenjiagoumen
46269139,600898,to,Zhangzuizui
46269370,600901,to,Jiaochangping
46269447,600902,to,Wulitun
46269678,600905,to,Zhangpuwan
46269755,600906,to,Weijiahe
46270217,600912,to,Miaotai
46270448,600915,to,Siazuang
46270679,600918,to,Shenjiayuan
46271141,600924,to,Wanghe
46271372,600927,to,Guojiaqianyuan
46271526,600929,to,Kaokiao
46271603,600930,to,Wayaoxian
46271680,600931,to,Jiangcha
46271834,600933,to,Liubuzi
46271911,600934,to,Wujiayuan
46272219,600938,to,Yehutai
46272527,600942,to,Lixiaohe
46272758,600945,to,Kangzuizi
46272835,600946,to,Shaoyaowan
46273374,600953,to,Hanxiyuan
46273451,600954,to,Shiwuligoukou
46273759,600958,to,Chenjiayuan
46273990,600961,to,Zhongzhuang
46274067,600962,to,Dupingzhuang
46274298,600965,to,Beiguoyuan
46274760,600971,to,Duxiaozhuang
46274837,600972,to,Zhouyaoxian
46275376,600979,to,Xinzhuang
46275992,600987,to,Jincha
46276069,600988,to,Xuanmagetuo
46276531,600994,to,Liyaoxian
46276608,600995,to,Xinzhuangyaoxian
46276685,600996,to,Zhengjiabian
46276762,600997,to,Guangou
46277147,601002,to,Du' erLiang
46277224,601003,to,Ninglaozhuang
46277301,601004,to,Yanjiawan
46277455,601006,to,Zhouyaoxian
46277532,601007,to,Chenxinzhuang
46277840,601011,to,Xuyaoxian
46277917,601012,to,Guocha
46277994,601013,to,Miaojiayuan
46278379,601018,to,Houjiawan
46278533,601020,to,Houwangqi
46278687,601022,to,Qianjian
46278918,601025,to,Wangqiyuan
46279072,601027,to,Koujiahe
46279226,601029,to,Yuantou
46279303,601030,to,Youfang Zuizi
46279380,601031,to,Miaodazhuang
46279534,601033,to,Ninglaozhuang
46279688,601035,to,Tongquanzui
46279765,601036,to,Xinjizi
46279842,601037,to,Bianshang
46279919,601038,to,Jiejiayuan
46279996,601039,to,Miaojiazhuang
46280073,601040,to,Guojiawanwan
46280227,601042,to,Mujiazhang
46280381,601044,to,Liushuqu
46280612,601047,to,Sunjiayuan
46280843,601050,to,Laomiaozui
46281074,601053,to,Lijiayuan
46281151,601054,to,Yangwanwan
46281228,601055,to,Miaojiahe
46281382,601057,to,Musizui
46281459,601058,to,Dayaoxian
46281690,601061,to,Sanhepan
46281767,601062,to,Qianliang
46281921,601064,to,Yanjiayuan
46281998,601065,to,Yangshantang
46282152,601067,to,Xiezhangyuan
46282229,601068,to,Lijiayuan
46282306,601069,to,Maijiazhang
46282537,601072,to,Gengjiayuan
46282845,601076,to,Xubeitai
46283307,601082,to,Liangyuan
46283461,601084,to,Changchengyuan
46283846,601089,to,Liyaoxian
46284000,601091,to,Miaowan
46284231,601094,to,Liyaoxian
46284308,601095,to,Hebian
46284462,601097,to,Houliang
46284539,601098,to,Si' erzhang
46284616,601099,to,Yantaizi
46284770,601101,to,Majiayuan
46285078,601105,to,Guojiatan
46285463,601110,to,Yingyaoxian
46285694,601113,to,qiao chuan xiang
46285771,601114,to,Sandaowan
46285925,601116,to,Chenjialou
46286002,601117,to,Dasibuzi
46286156,601119,to,Luxigou
46286233,601120,to,Qijiayuan
46286541,601124,to,Dawan
46286618,601125,to,Qudongwan
46286772,601127,to,Shanglaowan
46286849,601128,to,Hongmitai
46287003,601130,to,Yinwan
46287080,601131,to,Zhengzhang
46287234,601133,to,Taocha
46287542,601137,to,Liangwanwang
46287850,601141,to,Qinjiawan
46287927,601142,to,Fentai
46288004,601143,to,Xujiazhang
46288081,601144,to,Lijiabanzhuang
46288235,601146,to,Tianqiao
46288543,601150,to,Diaodunling
46289236,601159,to,Lijiayuan
46289467,601162,to,Xujiagou Tanzi
46289544,601163,to,Rengoucha
46289621,601164,to,Shijiazhuangzi
46289852,601167,to,Yangyaoxian
46289929,601168,to,Yangwanwan
46290006,601169,to,Liaoshanliang
46290160,601171,to,Huoshilingzi
46290314,601173,to,Wanjiawan
46290699,601178,to,Houyangwanwan
46291007,601182,to,Laomiaohewan
46291084,601183,to,Wangzhangzi
46291238,601185,to,Dongyaoxian
46291854,601193,to,Sanhecha
46292085,601196,to,Zaoliuqu
46292162,601197,to,Lujiayuan
46292393,601200,to,Xiongjiazhang
46292470,601201,to,si he yuan
46292624,601203,to,Hua' ertai
46292701,601204,to,Suchanggou
46292855,601206,to,Qianyuantou
46293009,601208,to,Shanbeihou
46293240,601211,to,Laomiaotai
46293317,601212,to,Xiazhaojia Wanzi
46294010,601221,to,Daliangtou
46294087,601222,to,Muling
46294241,601224,to,Chenjiayuan
46294395,601226,to,Xiaoliyuan
46294780,601231,to,Wangjiadong
46294857,601232,to,Gengjiahe
46295088,601235,to,Haodongzhang
46295242,601237,to,Qingmingqu
46295396,601239,to,Balipu
46295550,601241,to,Dangzhuang
46296012,601247,to,Xiaolingzi
46298399,601278,to,Dianli
46299631,601294,to,Lizuowan
46311027,601442,to,Wulijian
46311797,601452,to,Li' anmengou
46312413,601460,to,Liliang
46313568,601475,to,Gaoqu
46318419,601538,to,yang fang
46319420,601551,to,xiong gou
46320960,601571,to,ma ju gou
46322731,601594,to,chen jia ban gou
46323424,601603,to,da mao an
46323809,601608,to,shang xiao liao gou
46327197,601652,to,cen shan xiang
46327890,601661,to,miao er gou
46328198,601665,to,qian zhuang cun
46328891,601674,to,huang tu gou
46329199,601678,to,ma de gou
46331278,601705,to,huang cao liang
46333511,601734,to,han jia wan
46334281,601744,to,hongsi
46335359,601758,to,Xiaozhongzui
46337207,601782,to,shuang xu cun
46346370,601901,to,dong leng gou
46346986,601909,to,xing yuan
46347910,601921,to,xiao song yu
46348680,601931,to,wa ci de
46350374,601953,to,xi zhao jia ling
46352530,601981,to,yin zi ping
46364542,602137,to,luo li wan
46365081,602144,to,miao gou
46365543,602150,to,hongshui cun
46367853,602180,to,qian fu ling
46374090,602261,to,sha ling pu
46375091,602274,to,Nanyulin
46376785,602296,to,Sichuxiang
46378633,602320,to,Songihani
46378710,602321,to,Sanbei
46379249,602328,to,Peiwa
46381482,602357,to,Jinjiaqiao
46382714,602373,to,Wuchuanbang
46384023,602390,to,Wujiazhuang
46385255,602406,to,Dongjiao
46386795,602426,to,Shantang
46387411,602434,to,Shuangqiao
46388104,602443,to,Shengjiaqiao
46388489,602448,to,hengqiao cun
46389721,602464,to,Shenzhuang
46390491,602474,to,Qijia Dun
46393879,602518,to,Dujiabang
46396343,602550,to,Zhoubu
46397575,602566,to,Yaolongbang
46402503,602630,to,Chenjiazhai
46403581,602644,to,Ping' an Zhen
46403735,602646,to,Qianxu Zhen
46403812,602647,to,Shaochang Zhen
46403889,602648,to,shu yuan zhen
46404043,602650,to,Daotouzui
46404967,602662,to,Hesi
46405121,602664,to,Xiqiao
46405968,602675,to,Yaosai
46406045,602676,to,Xinqiao
46408971,602714,to,qian keng
46409202,602717,to,di keng
46409741,602724,to,\N
46413514,602773,to,hu ling
46414438,602785,to,gao keng
46415901,602804,to,qing shan
46417518,602825,to,xiao ling
46418211,602834,to,niu jia
46422446,602889,to,xiao yang
46423986,602909,to,zhang chun
46424294,602913,to,hong zhong
46426065,602936,to,Changkeng
46433688,603035,to,yu jia de
46433842,603037,to,da tan
46437769,603088,to,che liao
46444314,603173,to,pai shang
46446932,603207,to,guan fang
46451090,603261,to,jing tou
46453400,603291,to,hu kou
46453477,603292,to,shi feng
46454324,603303,to,ling xia
46454401,603304,to,leng shui keng
46455864,603323,to,enfang
46457635,603346,to,ji shi
46457712,603347,to,Qixu
46458020,603351,to,Lianyi
46458097,603352,to,wu lie zhen
46458174,603353,to,Guangshan
46464873,603440,to,chaoqiao zhen
46465489,603448,to,yuan jia paotai
46474883,603570,to,yangzhuang qiao
46480273,603640,to,xu gui qiao
46489590,603761,to,Miaosiuang
46493594,603813,to,xin qiao zhen
46493671,603814,to,tang jia wan
46494364,603823,to,pu gang
46494980,603831,to,\N
46498137,603872,to,he gang
46501756,603919,to,wang jia ba
46503989,603948,to,ni kong
46507762,603997,to,shiren gang
46508455,604006,to,xiao ma qiao
46511766,604049,to,dong gu zhuang
46516386,604109,to,mu jia
46524009,604208,to,yang zhangan
46525472,604227,to,fan jia qian
46535713,604360,to,cai jia shi
46536252,604367,to,dai jia yao
46537561,604384,to,qian yangjia ying
46545723,604490,to,qin duo
46546801,604504,to,shen jia cha
46552807,604582,to,mao jia
46558582,604657,to,han dong
46567976,604779,to,wang ying
46571210,604821,to,Haitangnan
46571595,604826,to,Yangjialusanqiu
46576446,604889,to,Yunlou
46576985,604896,to,\N
46577062,604897,to,Saga
46578063,604910,to,Xingnan
46587149,605028,to,Hesheng
46588150,605041,to,Beicheng
46588689,605048,to,Sanfengdong
46589844,605063,to,Sandaogou
46593309,605108,to,Qinghua
46593925,605116,to,Koushan
46596928,605155,to,Xinjing
46600085,605196,to,Chang'an
46601394,605213,to,Hepei
46609171,605314,to,Xinxingdong
46611327,605342,to,Yangmu
46614330,605381,to,Guangxing
46615254,605393,to,Dongnan
46617025,605416,to,bei liu shi
46617949,605428,to,Jiuyan
46621337,605472,to,Quanyanghezi
46621491,605474,to,Fumin
46622338,605485,to,Nanguandao
46622954,605493,to,Qinglongshan
46625110,605521,to,Wujianfang
46625187,605522,to,Huangni
46631809,605608,to,Hekui
46632887,605622,to,Canglincun
46634812,605647,to,Manzigou
46637045,605676,to,Xinxing
46641049,605728,to,Chengnan
46643359,605758,to,Longdongtun
46644745,605776,to,Shouyongzi
46648672,605827,to,Sianputongi
46648749,605828,to,\N
46650674,605853,to,Longbei
46651136,605859,to,Longxi
46654986,605909,to,Hekisi
46667614,606073,to,Jiaojiepai
46668615,606086,to,Hujiadian
46671541,606124,to,Xidapo
46672850,606141,to,Erdaoyangcha
46673158,606145,to,Tuolayaozi
46678856,606219,to,Changjiang
46680858,606245,to,Sunjiayuan
46681089,606248,to,Majugou
46681166,606249,to,Gumaling
46684785,606296,to,Digou
46686633,606320,to,Majiamiao
46688943,606350,to,Shanghu
46689251,606354,to,Pabaoshan
46689559,606358,to,Xiaozhuxiangou
46689867,606362,to,Minzhu
46689944,606363,to,Majiadonggou
46690483,606370,to,Hejiajie
46690560,606371,to,Lujuan
46691638,606385,to,Matigouli
46695950,606441,to,Xitangzi
46697490,606461,to,Dongming
46698568,606475,to,Fuyuan
46699184,606483,to,Wurenba
46701032,606507,to,Donjiang
46702880,606531,to,Biangangoumen
46704266,606549,to,Xiaxigou
46711119,606638,to,Niuxindingzi
46711966,606649,to,Dalianchuan
46712428,606655,to,Gangou
46713352,606667,to,Dadong
46714122,606677,to,Hulutao
46714199,606678,to,Jindou
46714276,606679,to,Jiangtianzi
46714353,606680,to,Dachuan
46714969,606688,to,Xilazi Gouli
46718049,606728,to,Shimiaogou
46718742,606737,to,zhong mou xian
46718896,606739,to,Xiaochang
46719127,606742,to,he zhou shi
46719204,606743,to,xing bin qu
46720898,606765,to,qing he cun
46723285,606796,to,Beijinchang
46725287,606822,to,Tanyaogou
46726211,606834,to,Nuanshui
46730061,606884,to,Gonghetun
46735066,606949,to,chi songzhen​
46735143,606950,to,Dujia
46735220,606951,to,Yanping
46747232,607107,to,Sanchakou Chaoxianzu
46767329,607368,to,gong ji xiang
46776800,607491,to,Goudong
46777262,607497,to,Yicheng
46785963,607610,to,Nanisi
46792508,607695,to,xin cun
46795742,607737,to,xi cun
46797282,607757,to,Xiaonie
46797744,607763,to,Zhu Cheng City
46818765,608036,to,Shangbai
46824386,608109,to,Bodi
46834242,608237,to,Zhangjialing
46837630,608281,to,mang dang zhen
46840941,608324,to,jiao shan
46843636,608359,to,he ping
46845869,608388,to,jiao keng
46846100,608391,to,fu ting keng
46864426,608629,to,dong yue
46867275,608666,to,geng gu lai
46867429,608668,to,luo keng
46867660,608671,to,xia dun
46868276,608679,to,chang shang
46868661,608684,to,Xiadu
46871741,608724,to,shuang xikou
46883137,608872,to,da ping
46885524,608903,to,dong yang
46886448,608915,to,shan an cun
46889066,608949,to,\N
46889913,608960,to,Miniue
46890144,608963,to,ʻAsihe
46891453,608980,to,yonghe
46891992,608987,to,guang en
46896227,609042,to,yan he
46902464,609123,to,fu ju guang
46918557,609332,to,da pan dao
46918942,609337,to,hong fangzi
46927951,609454,to,bei lian he
46943274,609653,to,wang rong tun
46946277,609692,to,Hepingituni
46948510,609721,to,long ying pan
46949280,609731,to,liu xue kan tun
46954439,609798,to,Dongfeng
46964141,609924,to,lu jia tun
46971764,610023,to,na jia gou
46973304,610043,to,yongxing
46974536,610059,to,shang ba li wo peng
46982621,610164,to,qian yu tun
46992939,610298,to,\N
46998406,610369,to,hong qiao
46999407,610382,to,songhua jiang
47004797,610452,to,san jia zi
47006260,610471,to,xiao shan zi
47006337,610472,to,he dong
47006414,610473,to,jiao jie
47006491,610474,to,songfeng shan
47006568,610475,to,Suangfengi
47006645,610476,to,ping fang
47006722,610477,to,ning yuan
47006799,610478,to,fei ke tu
47006876,610479,to,ju ren
47006953,610480,to,yongyuan
47007030,610481,to,tang fang
47007107,610482,to,zhi guang
47007184,610483,to,wei guo
47007261,610484,to,Changbao
47007338,610485,to,ying cheng zi
47007415,610486,to,ba jia zi
47007492,610487,to,Changshou
47007569,610488,to,da ling
47007646,610489,to,she li
47007723,610490,to,hong xing
47007800,610491,to,Xiangyang
47007877,610492,to,san bao
47007954,610493,to,Chang'an
47008031,610494,to,yonghe
47008108,610495,to,niao he
47008185,610496,to,min he
47008262,610497,to,man jing
47008339,610498,to,jian guo
47008416,610499,to,ji xing
47008493,610500,to,fu jiang
47008647,610502,to,yanglin
47010726,610529,to,pu zi shi
47016116,610599,to,Loumen
47017040,610611,to,da shan
47017117,610612,to,Daojiaowan
47021121,610664,to,Wuma
47025356,610719,to,Zhangjia Dayuanzi
47028898,610765,to,ba yi cun
47032594,610813,to,Laowu
47032902,610817,to,Huayanzi
47032979,610818,to,Hejiawan
47033287,610822,to,Shanwan
47033441,610824,to,Chunfeng
47033518,610825,to,Hongwa
47033595,610826,to,Nanfeng
47033672,610827,to,Dongshan
47033903,610830,to,Caijiaping
47034134,610833,to,Chenjiagou
47034211,610834,to,Dingjiawan
47034288,610835,to,fengjingzhen
47034673,610840,to,Chenjiaping
47034904,610843,to,Hejiaya
47035058,610845,to,Tongjia
47035212,610847,to,Liuhe
47035366,610849,to,Hongci
47035443,610850,to,Yuanshan
47035674,610853,to,Shenxi
47035828,610855,to,Yuanmen
47035905,610856,to,Qunjian
47035982,610857,to,Uenikuani
47036136,610859,to,Wangjiawan
47036213,610860,to,Zhaojiayuan
47036290,610861,to,Chunping
47036521,610864,to,Sizi
47036829,610868,to,Taiyang
47036906,610869,to,Zhuya
47037060,610871,to,Jinping
47037137,610872,to,Houjiagou
47037291,610874,to,Cangwan
47037368,610875,to,Liushuping
47037522,610877,to,Shanfeng
47037599,610878,to,Sangci
47037753,610880,to,Sanhuichang
47038138,610885,to,Qipan
47038600,610891,to,Huilong
47038677,610892,to,Zhaiya
47038754,610893,to,bao ding shi
47038908,610895,to,Waziping
47038985,610896,to,Zhulin
47039062,610897,to,Zhuyuan
47039139,610898,to,Lishu
47039216,610899,to,Chanong
47039293,610900,to,Gushui
47039601,610904,to,Renmin
47039678,610905,to,Fengjiayuan
47039832,610907,to,Shangbaijiaping
47039986,610909,to,Futangping
47040063,610910,to,Tianjing
47040371,610914,to,Liujiawan
47040448,610915,to,Qingshan
47040525,610916,to,Dianzi
47040602,610917,to,Chezi
47040756,610919,to,Jin' an
47040987,610922,to,Wafangyuan
47041064,610923,to,Nanisani
47041449,610928,to,Anjia
47042065,610936,to,Qingzhai
47042296,610939,to,Jintai
47042604,610943,to,Houjiaping
47042681,610944,to,Jinzishan
47042835,610946,to,Daying
47042912,610947,to,Xiangjia Yuanzi
47042989,610948,to,Luxi
47043220,610951,to,Guanzui
47043528,610955,to,Xinfang
47044298,610965,to,Nanya
47044760,610971,to,wen xing zhen
47044914,610973,to,Shoushi
47045145,610976,to,Dachi
47045222,610977,to,Hongling
47045299,610978,to,Jinzhu
47045453,610980,to,Guankou
47045607,610982,to,Dazu
47045684,610983,to,Tingzi
47046300,610991,to,Miaoya
47046608,610995,to,Duanyazi
47046685,610996,to,Wutiangou
47047378,611005,to,Tanjia Tianba
47047455,611006,to,Dahongyan
47047686,611009,to,Wangjiayuan
47047763,611010,to,Wuling
47048225,611016,to,Shuangshan
47048302,611017,to,Liaojiashan
47048456,611019,to,Zhanggongmiao
47048533,611020,to,Songjiawan
47048610,611021,to,Fuxing
47048918,611025,to,Tianxing
47049072,611027,to,Wanli
47049149,611028,to,Kangjiapo
47049226,611029,to,Dashangping
47049303,611030,to,Caojiaci
47049380,611031,to,Kejiaba
47049457,611032,to,Yangping
47049611,611034,to,Baijiahe
47049688,611035,to,Dadiwan
47049765,611036,to,Zhangjiawan
47049919,611038,to,Yujiawan
47050150,611041,to,Maopingshan
47050381,611044,to,Daqi
47050458,611045,to,Xiajiagou
47050535,611046,to,Tianliang
47050612,611047,to,Chaoyang
47050689,611048,to,Baiyanwan
47050997,611052,to,Zhufoyan
47051074,611053,to,Longjiagou
47051151,611054,to,Anziping
47051536,611059,to,Chenjiagou
47051613,611060,to,Xuejiagou
47051690,611061,to,Nanmu
47051844,611063,to,Majiawan
47051921,611064,to,Lijiaying
47051998,611065,to,Daya
47052075,611066,to,Shuangshan
47052306,611069,to,Dianzishang
47052383,611070,to,Xujiagou
47052460,611071,to,Xinghong
47052537,611072,to,Shangxiba
47052691,611074,to,Liangshan
47052768,611075,to,Tianliangshang
47052845,611076,to,Sipoli
47053230,611081,to,Wukeshizui
47053384,611083,to,Yaoxuanya
47053538,611085,to,Shizhaizi
47053923,611090,to,Luoshan
47054154,611093,to,wen chang shi
47054231,611094,to,Aijiapo
47055078,611105,to,Gucang
47057080,611131,to,Shuitianping
47057311,611134,to,Yuantongba
47057542,611137,to,Liziping
47057773,611140,to,Kuzhu
47058081,611144,to,Wanggangshan
47058158,611145,to,Baiyazi
47058235,611146,to,Caijiawan
47058312,611147,to,Shajiaping
47059467,611162,to,Sunjiaping
47060006,611169,to,Kangjiawan
47060083,611170,to,Yujiaping
47060237,611172,to,Shifeng
47060314,611173,to,Hongzhu
47060468,611175,to,Fengjiawan
47060545,611176,to,Zhangjialiang
47060699,611178,to,Dashizibao
47060853,611180,to,Anziping
47061315,611186,to,Shuangshi
47061469,611188,to,Zhuling
47061546,611189,to,Huaqiaoxiang
47061623,611190,to,Hongding
47061777,611192,to,Sinimini
47061854,611193,to,Shuidong
47062008,611195,to,Shikuang
47062085,611196,to,Ganxi
47062316,611199,to,jin pen zhen
47062393,611200,to,Shatan
47062470,611201,to,Xuguang
47062547,611202,to,Baiyuan
47062778,611205,to,Laoguanshang
47063086,611209,to,Baiyangtan
47063163,611210,to,Guanmenshi
47063394,611213,to,Xiajiashan
47063625,611216,to,Heilongtan
47063856,611219,to,Zifang
47064241,611224,to,Huangjiaheba
47064472,611227,to,Wangjiazhai
47064703,611230,to,Yanziyan
47064934,611233,to,Zhuba
47065165,611236,to,Yuanshansi
47065242,611237,to,Caijiaba
47065473,611240,to,Jiangjiazui
47065858,611245,to,Yangjiabian
47065935,611246,to,Wolonggou
47066012,611247,to,Dalugou
47066166,611249,to,Weiganping
47066551,611254,to,Lianhua' an
47066705,611256,to,Sanbazi
47066782,611257,to,Miaoya
47067013,611260,to,da ping
47067090,611261,to,Zhaojia Dianzishang
47067244,611263,to,Hejiaba
47067321,611264,to,Dengjiagou
47067629,611268,to,Tangzigai
47067706,611269,to,Yangjiadi
47068091,611274,to,Chenjiaping
47068245,611276,to,Huangcaochi
47068322,611277,to,Tiaozuizi
47068476,611279,to,Baiyangping
47068630,611281,to,Baiyanshan
47068784,611283,to,Dacaigou
47068938,611285,to,Xiongjiaya
47069631,611294,to,Xing' ershu
47069785,611296,to,Lijiagou
47070555,611306,to,Pangjiagou
47070786,611309,to,Suimokou
47070863,611310,to,Xuejiayuan
47070940,611311,to,Miaoliangshang
47071017,611312,to,Zhanjiachi
47071094,611313,to,Banqiaogou
47071171,611314,to,Liangshuijin
47071248,611315,to,Banqiaozi
47071325,611316,to,Goubakou
47071402,611317,to,Renjiagou
47071479,611318,to,Yanwoli
47071556,611319,to,Yangtianba
47071710,611321,to,Jinpingzi
47072249,611328,to,Zhanjialiang
47072403,611330,to,Fuzigou
47072557,611332,to,Caochuanzi
47072634,611333,to,Dingjiaba
47073327,611342,to,Baijiaba
47073789,611348,to,Hanjiahe
47073866,611349,to,Dalengba
47074636,611359,to,Didonghe
47074867,611362,to,Luoquanyan
47075714,611373,to,Lijiawan
47076792,611387,to,Wangjiayuan
47077023,611390,to,Gujiaping
47077408,611395,to,Chuanzhumiao
47077485,611396,to,Erpingzi
47077562,611397,to,Cuijiagou
47077716,611399,to,Hujiawan
47077793,611400,to,Shuixiangpu
47078332,611407,to,Huangjialing
47078563,611410,to,Anjiapo
47078640,611411,to,Sunjiaping
47078717,611412,to,Fuyeping
47079025,611416,to,Mozihe
47079179,611418,to,Qiangouwan
47080026,611429,to,Caobachang
47080719,611438,to,Xigouya
47080796,611439,to,Daping
47081412,611447,to,Jiajiagou
47081566,611449,to,Wenjiaping
47081874,611453,to,Zhangjiayuan
47081951,611454,to,Mamianshan
47084415,611486,to,gao zhai zi cun
47084723,611490,to,Shaofanggou
47085416,611499,to,Heidongzi
47085801,611504,to,tang kou xiang
47086417,611512,to,Yujiaya
47086494,611513,to,Bailinyi
47086571,611514,to,Sanchahe
47086648,611515,to,Hongsiba
47087495,611526,to,Huangnibao
47087880,611531,to,Caigou
47088034,611533,to,Changliangshang
47088265,611536,to,Pangjiahe
47088804,611543,to,Guojiaba
47089189,611548,to,Lisiasui
47089343,611550,to,Qinggangping
47089420,611551,to,Hezuishang
47089574,611553,to,Dakengli
47089728,611555,to,Gejiachong
47090036,611559,to,Nanminjie
47090267,611562,to,Wangcun
47090575,611566,to,Nanitian Nongisinga Nanitanitui
47090652,611567,to,zhong liao
47091422,611577,to,bao tou
47091653,611580,to,da cun
47091730,611581,to,Simakao
47091807,611582,to,ji tou
47092192,611587,to,luo ma
47092346,611589,to,bing bang
47092500,611591,to,zha hao
47092577,611592,to,baihe
47092731,611594,to,Sukuangi
47092808,611595,to,shang tou
47092885,611596,to,da shan jiao
47093039,611598,to,Liuxiang
47093424,611603,to,bao yi cun
47093809,611608,to,qian hao
47093886,611609,to,zhi wei
47094502,611617,to,luo yu
47095349,611628,to,lile
47095426,611629,to,hei tu
47095503,611630,to,long jiang
47095734,611633,to,feng tian
47095888,611635,to,baijiao
47095965,611636,to,shan yuan dao
47096042,611637,to,chi sui
47097197,611652,to,Nanisou
47097428,611655,to,nan lang
47098506,611669,to,Chang'an
47098583,611670,to,hong men lao
47098814,611673,to,fandou
47098891,611674,to,shang tong tian
47099199,611678,to,bu dao
47099507,611682,to,ang sai
47099661,611684,to,nan dou
47100046,611689,to,bu fu
47100431,611694,to,fu guang
47100508,611695,to,san zao
47100739,611698,to,bao qu
47101278,611705,to,ye lin
47101432,611707,to,wen lian
47101509,611708,to,xin cun
47102202,611717,to,shi niu ling
47102356,611719,to,zhi neng
47102818,611725,to,shi suo
47102895,611726,to,xin ming
47103049,611728,to,tai kui
47103434,611733,to,tian tan
47103588,611735,to,bao yan
47103665,611736,to,jia cha
47104127,611742,to,jin bing
47104666,611749,to,Sinyi Seku
47105436,611759,to,baixue
47105513,611760,to,tuo lie
47105590,611761,to,bao bai
47106052,611767,to,\N
47106206,611769,to,\N
47106283,611770,to,yan zao
47106437,611772,to,ma liang
47106514,611773,to,yongyi
47106591,611774,to,ling cun
47107053,611780,to,dao fei
47107669,611788,to,huang ning
47107823,611790,to,Hongtukani Seku
47107977,611792,to,tong han
47108131,611794,to,da long
47108285,611796,to,bao zha
47108593,611800,to,Paisenikuni
47108747,611802,to,nan tou ling
47109286,611809,to,yu dao
47109440,611811,to,suan mei
47109671,611814,to,xin min
47109825,611816,to,baichao
47110210,611821,to,yongguang
47110287,611822,to,Sima
47111442,611837,to,liu luo shan
47111519,611838,to,qin biao
47111596,611839,to,chi gong
47111750,611841,to,qun yi
47111827,611842,to,da yuan
47112135,611846,to,bao long
47112212,611847,to,yi xing
47112289,611848,to,tian zhuang
47112443,611850,to,jia tou
47112520,611851,to,hong shui
47112674,611853,to,dan cun
47113829,611868,to,da yuan
47113983,611870,to,da bang
47114137,611872,to,bao chong
47114291,611874,to,li xin cun
47114368,611875,to,jia fu
47114522,611877,to,hao rui
47115138,611885,to,ju hou
47115215,611886,to,hai po
47115369,611888,to,ya long
47115446,611889,to,yi lao
47115677,611892,to,lian he dui
47115831,611894,to,ma mei
47115908,611895,to,da bing
47115985,611896,to,dui tou
47116062,611897,to,miao cun
47116139,611898,to,duo jian
47116216,611899,to,sha cun
47116447,611902,to,nei chang
47116524,611903,to,zhang xing
47116601,611904,to,bei shan
47117063,611910,to,chong shun
47117217,611912,to,Gangou
47117371,611914,to,san gong li
47117910,611921,to,zhong fang
47117987,611922,to,ma long
47118064,611923,to,dai jiu
47118141,611924,to,hai tang wanzhen
47118218,611925,to,dong he zhen
47118295,611926,to,Fujialong
47118372,611927,to,Fengjia
47118449,611928,to,konghai tian
47118911,611934,to,Yangtangchong
47119065,611936,to,Shuiduicun
47119142,611937,to,Zaoshuwan
47119296,611939,to,Cuijiachong
47119373,611940,to,fanmao
47119527,611942,to,jun min
47119604,611943,to,Simi
47119989,611948,to,kongtou
47120528,611955,to,\N
47120605,611956,to,\N
47121221,611964,to,mao long
47121298,611965,to,kong shou
47121683,611970,to,mao nong
47121760,611971,to,yongxun
47121991,611974,to,ren long
47122453,611980,to,fangtong
47122761,611984,to,ya hu
47122838,611985,to,fu guan
47123069,611988,to,\N
47123146,611989,to,ba hao
47123300,611991,to,bao long
47123454,611993,to,bei fang
47123608,611995,to,lao cun
47123762,611997,to,da yan lao
47123839,611998,to,jiu xian
47124455,612006,to,jin dong
47124917,612012,to,miao cun
47125148,612015,to,chi tou
47125225,612016,to,shui wei
47125841,612024,to,ye zi
47125918,612025,to,Madi
47126072,612027,to,baishan ma si qu
47126303,612030,to,zi e
47126457,612032,to,hong feng
47126688,612035,to,xin cheng
47126919,612038,to,nan fa
47127227,612042,to,lao yang de
47127304,612043,to,wang hua
47127381,612044,to,yi jian
47127458,612045,to,Sanlong
47127612,612047,to,Laofukeng
47127689,612048,to,Pingiuani
47127766,612049,to,Wangjiachong
47127843,612050,to,Dongjiacun
47128074,612053,to,Jiuxing
47128228,612055,to,Zhoujia
47128382,612057,to,Tuanyupo
47128690,612061,to,Shililong
47128998,612065,to,Sina
47129460,612071,to,ling tou yuan
47129768,612075,to,Maodan
47129845,612076,to,Fanfang
47129999,612078,to,da xing
47130307,612082,to,wan fu
47130384,612083,to,Chaoyangdui
47130461,612084,to,Xinjian
47130538,612085,to,Shougong
47130615,612086,to,Shihao
47130769,612088,to,hua shi
47130846,612089,to,zhang po
47130923,612090,to,mu ba
47131154,612093,to,Zaochang
47131231,612094,to,Shipiao
47131385,612096,to,Sangong
47131616,612099,to,Shizai
47131693,612100,to,Tiangun
47131847,612102,to,shi dong zhen
47132001,612104,to,da ning
47132155,612106,to,Hekou
47132386,612109,to,ʻĒsaikuni
47132463,612110,to,jiu san
47132540,612111,to,gangyan
47132617,612112,to,nan chang shi
47132694,612113,to,Maomian
47133079,612118,to,Ueningikuni
47133233,612120,to,Fenfa
47133695,612126,to,Paisipo
47133772,612127,to,zou ke
47133849,612128,to,Qinlong
47134003,612130,to,Shipin
47134234,612133,to,Shibai
47134696,612139,to,Maozheng
47134773,612140,to,po tian
47135235,612146,to,wan ling
47135389,612148,to,Shikai
47135620,612151,to,ren xing
47135697,612152,to,li pen
47136082,612157,to,tu fu wan
47136236,612159,to,tao yuan
47137314,612173,to,Sikiu
47137853,612180,to,gu lou
47138084,612183,to,qian he
47138161,612184,to,liting
47138777,612192,to,Bangong
47139547,612202,to,zu zheng
47139624,612203,to,Gantang
47139701,612204,to,Ganshi
47140394,612213,to,Maowen
47140471,612214,to,Fanqin
47140625,612216,to,gu zheng tou
47140779,612218,to,shi long zhen
47140933,612220,to,ye lin zhen
47141087,612222,to,shui dun
47141318,612225,to,Xiajiachong
47141395,612226,to,Shi' an
47141472,612227,to,Dawusujia
47141703,612230,to,gu loucun
47141934,612233,to,shang tian
47142011,612234,to,da po
47142165,612236,to,san jiao tian
47142473,612240,to,po ding
47142781,612244,to,Huangsaipo
47142858,612245,to,gan ai
47142935,612246,to,qiao tian
47143166,612249,to,shang xi
47143243,612250,to,jian ling
47143320,612251,to,lan tian
47143551,612254,to,da ku
47143705,612256,to,Peitou
47143936,612259,to,wen rong
47144167,612262,to,qun ai
47144552,612267,to,Siutian
47145322,612277,to,mei zi lin
47145399,612278,to,Tongiju
47145630,612281,to,le nei
47145707,612282,to,ling jiao
47145784,612283,to,niu qi
47146092,612287,to,min feng
47146169,612288,to,dai zhong
47146246,612289,to,he kou
47146323,612290,to,Chaoyang
47146400,612291,to,ji feng
47146554,612293,to,shi tou liao
47146785,612296,to,po tiao
47146939,612298,to,aopen ling
47147016,612299,to,nan shui
47147170,612301,to,Dongling Nongchang Qianjindui
47147401,612304,to,shen ku
47148094,612313,to,shui tian
47148633,612320,to,jun shan
47148941,612324,to,shang niu po
47149326,612329,to,meng cun
47149634,612333,to,mu zi tian
47150019,612338,to,jian dong
47150173,612340,to,yi min
47150327,612342,to,da shi ling
47150481,612344,to,ling zi
47150712,612347,to,huang jin dun
47151097,612352,to,tou cun
47152021,612364,to,shui yang keng
47152175,612366,to,Kijiasini
47152252,612367,to,\N
47152329,612368,to,huang shan
47152714,612373,to,da du tian
47152791,612374,to,long chun
47152868,612375,to,niu gutian
47153022,612377,to,qiao bei
47153176,612379,to,hong lian
47153330,612381,to,hong hu dui
47153407,612382,to,shang xi
47153638,612385,to,ying cai tang
47153946,612389,to,chi shi keng
47154254,612393,to,tai ping hu zhen
47154639,612398,to,lin shan
47156102,612417,to,Neikuni
47156179,612418,to,xia cun
47156641,612424,to,Dashi
47156718,612425,to,yi liang
47156949,612428,to,shan xian
47160029,612468,to,feng lou
47162647,612502,to,zhang li
47162724,612503,to,wu pi
47162801,612504,to,huang si
47163109,612508,to,hui tian
47163186,612509,to,jia dong tian
47163417,612512,to,mai ling
47164110,612521,to,huang cun
47164187,612522,to,li wen
47164341,612524,to,xia tang
47164649,612528,to,mian po
47164957,612532,to,Shadi
47165034,612533,to,yu tang
47165265,612536,to,fu zhai
47165342,612537,to,lan shan
47165496,612539,to,Lingwai
47165573,612540,to,long ge
47165804,612543,to,Shangyan
47165881,612544,to,hou shan
47166035,612546,to,duo yi
47166266,612549,to,liu kan shui
47166343,612550,to,shi bao ge
47166497,612552,to,liao yuan dui
47166574,612553,to,wen kai ling
47166728,612555,to,pai gou
47167190,612561,to,shi keng zi
47167267,612562,to,\N
47167344,612563,to,Tongtai Nongchang Wudui
47167421,612564,to,lian feng
47167575,612566,to,tie zuan ping
47167652,612567,to,shan hui
47167806,612569,to,Zhujiawu
47168191,612574,to,qiao ting cun
47168268,612575,to,Sanbazhou
47168345,612576,to,Zheji
47168422,612577,to,tan long cun
47168653,612580,to,Fengjia
47168730,612581,to,Yinjia
47168807,612582,to,Fujia
47168884,612583,to,Chenjia
47168961,612584,to,Shujiazhuang
47169038,612585,to,Guangqiao
47169192,612587,to,ling gangcun
47169269,612588,to,quan shui cun
47169346,612589,to,keguan cun
47169500,612591,to,jun qiao cun
47169577,612592,to,tuan jie cun
47169654,612593,to,Yujiazui
47169885,612596,to,zou chang cun
47169962,612597,to,hong qi cun
47170116,612599,to,Shijiawan
47170193,612600,to,Laowudun
47170347,612602,to,Xibuqiao
47170501,612604,to,Shangtianxi
47170655,612606,to,ma an cun
47170732,612607,to,Xialindu
47171348,612615,to,Shangding Jiashan
47171425,612616,to,Shangmu Jiashan
47171733,612620,to,Youzhaxia
47171810,612621,to,fan li shijia
47172041,612624,to,yongfeng cun
47172349,612628,to,Jiangjiawan
47172965,612636,to,Guojiashan
47173119,612638,to,Leijiaqiao
47173196,612639,to,Wangyuanwu
47173581,612644,to,Donghelong
47173889,612648,to,Xinghuo
47173966,612649,to,xin qiao cun
47174197,612652,to,lao she cun
47174274,612653,to,Chengjia
47174428,612655,to,Yongfuli
47175121,612664,to,zhong ba cun
47175198,612665,to,Shangbian
47175583,612670,to,Jieshi Wujia
47175737,612672,to,Wangjialong
47175891,612674,to,kou tou cun
47175968,612675,to,chi an cun
47176045,612676,to,Yangjia
47176122,612677,to,Caokuanlong
47176199,612678,to,Wangjia
47176276,612679,to,Wangjiadun
47177200,612691,to,qing tang cun
47177277,612692,to,Qianjin
47177431,612694,to,Houtuhu
47177816,612699,to,shen shan cun
47177893,612700,to,Pailouli
47177970,612701,to,zhe lin cun
47178047,612702,to,huang wu cun
47178278,612705,to,Yangshuhe
47178355,612706,to,yan shang cun
47178432,612707,to,li zui cun
47178509,612708,to,huang gangcun
47178586,612709,to,cheng dun cun
47178663,612710,to,tankou cun
47178740,612711,to,gao sha cun
47179048,612715,to,gangdong cun
47179202,612717,to,fengtian cun
47179279,612718,to,da bu cun
47179433,612720,to,bei an cun
47179587,612722,to,yi jin cun
47179818,612725,to,ta li cun
47180203,612730,to,Yujing
47180434,612733,to,pan hu cun
47180973,612740,to,ji feng cun
47181435,612746,to,Hetuan
47181512,612747,to,Xiche
47181820,612751,to,Zhushanbei
47182205,612756,to,Libixing
47182282,612757,to,Xinfang
47182436,612759,to,Neiyangkeng
47182513,612760,to,Shangxinwu
47182590,612761,to,Nanjiazhuang
47182821,612764,to,Pingbeinao
47182975,612766,to,Shangwancun
47183052,612767,to,Dabanao
47183283,612770,to,Donghong
47183360,612771,to,Nankeng
47183591,612774,to,Hantian
47184207,612782,to,Zhujiageng
47184361,612784,to,lu ling cun
47184515,612786,to,Lusiyuan
47184746,612789,to,Xijianglong
47185131,612794,to,Yanglaojun
47185362,612797,to,yuan long cun
47185439,612798,to,Sanjia
47185670,612801,to,Talukou
47185747,612802,to,duan fan cun
47185901,612804,to,gu loucun
47185978,612805,to,qing long cun
47186132,612807,to,Xiayuan
47186209,612808,to,Zoujiashan
47186440,612811,to,Fangjia
47186517,612812,to,Xihuling
47186748,612815,to,zhong shan shi
47186979,612818,to,Xiage
47187210,612821,to,Xinwuyuan
47187518,612825,to,dong keng zhen
47187595,612826,to,Hepingi
47187826,612829,to,Hupini
47188211,612834,to,Wangjia
47188365,612836,to,Jinjishi
47188750,612841,to,Xinchangli
47188827,612842,to,Hanpoling
47188981,612844,to,Xiajia
47189058,612845,to,Huangtuzui
47189135,612846,to,Hejia
47189597,612852,to,Liujin Tanshang
47190213,612860,to,Jijia
47190367,612862,to,Changcheng Zhujia
47190598,612865,to,Donghu
47190675,612866,to,Zhaiyuan
47190752,612867,to,Xizhou
47190829,612868,to,Huangtai
47190906,612869,to,Wanli
47190983,612870,to,Xihuangxi
47191060,612871,to,Zhangjia
47191368,612875,to,Xiaoqiaofan Chenjia
47191445,612876,to,Tashan
47191522,612877,to,Wanjiayuan
47191984,612883,to,Zhangtiantang
47192138,612885,to,Shichong
47192215,612886,to,Chengbu
47192292,612887,to,Maoping
47192369,612888,to,Baijian
47192523,612890,to,Dujiang
47193062,612897,to,Tuduishang
47193755,612906,to,Taoshanwo
47193832,612907,to,Youmakeng
47193909,612908,to,Zhaishang
47194525,612916,to,Daxi
47194679,612918,to,Ziwu
47194756,612919,to,Changmafeng
47194910,612921,to,Baihua
47195141,612924,to,Yujia
47195295,612926,to,Hongyangshu Xiongjia
47195526,612929,to,Hexia Xiongjia
47195603,612930,to,Meiyuanqiao
47195680,612931,to,Dengjia
47195834,612933,to,Yingjia
47195911,612934,to,Gangxia
47195988,612935,to,Bachipu
47196142,612937,to,Saichengzou
47196219,612938,to,Xihuangshan Wanjia
47196296,612939,to,zhang ye shi
47196450,612941,to,Kangipei
47196604,612943,to,Zhuyuan
47197066,612949,to,Shenkeng
47197143,612950,to,Yinfengyuan
47197297,612952,to,pai loucun
47197528,612955,to,Xitangshan
47197990,612961,to,Nanyuan Wangjia
47198144,612963,to,Xichongli
47198683,612970,to,hu xi nong ke suo cun
47198760,612971,to,shuang long cun
47198837,612972,to,Daqiao
47198914,612973,to,Xiaofengliu
47199222,612977,to,yu fan cun
47199299,612978,to,Laowushan
47199376,612979,to,Zhujiawan
47199684,612983,to,lao wu cun
47199992,612987,to,Jiangjia
47200223,612990,to,xin caocun
47200454,612993,to,lian nan cun
47200608,612995,to,xi long cun
47200685,612996,to,Xietangwan
47200762,612997,to,Liangtingcun
47200839,612998,to,Shawanliu
47200916,612999,to,Zhoujia
47201224,613003,to,Jiankouqiao
47201532,613007,to,Laoxia
47201609,613008,to,Changqiao
47201917,613012,to,he tang cun
47201994,613013,to,xi guang cun
47202071,613014,to,Songqiao
47202379,613018,to,Beishanwei
47202533,613020,to,xin an wu cun
47202918,613025,to,xi shan wangcun
47202995,613026,to,Shaliwang
47203072,613027,to,wu xia fan cun
47203149,613028,to,liu guan ren cun
47203226,613029,to,cui hong cun
47203303,613030,to,Dushanban
47203380,613031,to,Yujiazhou
47203457,613032,to,Shitang Liujia
47203534,613033,to,Fangxieyuan
47203919,613038,to,Huangjiazhou
47204150,613041,to,nuan hu cun
47204227,613042,to,feng chan cun
47204304,613043,to,wu sha cun
47204458,613045,to,xia yangcun
47204689,613048,to,Yangtangjie
47204843,613050,to,Hujiashan
47204920,613051,to,Zhanhuichen
47204997,613052,to,hengshan cun
47205228,613055,to,Houpuzhou
47205382,613057,to,Chengjia
47205536,613059,to,da li cun
47205690,613061,to,henggangcun
47205844,613063,to,tang hu cun
47205998,613065,to,lin qiao cun
47206691,613074,to,fengshu cun
47206768,613075,to,Laowuchang
47207153,613080,to,Zhaxia Liujia
47207230,613081,to,Huangtianyu
47207307,613082,to,caokang cun
47207615,613086,to,zhong zhou cun
47207769,613088,to,zhu ling cun
47207923,613090,to,lu kou cun
47208154,613093,to,gao zhou shi
47208385,613096,to,tao ling cun
47208539,613098,to,gu tang cun
47208616,613099,to,Zhangjiaba
47208924,613103,to,wan hecun
47209078,613105,to,lian bei cun
47209155,613106,to,cha pu cun
47209309,613108,to,Longkouli
47209463,613110,to,yu tang cun
47210310,613121,to,wan yuan cun
47210387,613122,to,ai min cun
47210541,613124,to,liu shan cun
47210618,613125,to,youlong cun
47210772,613127,to,Zhongjiakou
47210849,613128,to,Liujiafan
47210926,613129,to,Qianxionghuai
47211388,613135,to,Lulinifani
47211465,613136,to,Taoyuanli
47211542,613137,to,Houshanlu
47211619,613138,to,pao ma xiang cun
47211773,613140,to,Huangjiafan
47212235,613146,to,Fengshuchen
47212543,613150,to,honghu cun
47212851,613154,to,Xiyanglong
47213544,613163,to,tu qiao cun
47213621,613164,to,Biantangli
47214083,613170,to,Songjia
47214853,613180,to,Guanyintang
47215084,613183,to,Yuankang Fengjia
47215315,613186,to,xiao ming cun
47215392,613187,to,Fanjiashe
47215777,613192,to,xu dun cun
47215854,613193,to,dong hong cun
47215931,613194,to,zheng jia cun
47216239,613198,to,youshan cun
47216316,613199,to,gao yuan cun
47216470,613201,to,xi shan cun
47216778,613205,to,Fengjiafan
47216855,613206,to,Chenfushan
47217163,613210,to,Zhangjiashan
47217240,613211,to,Tangxiafan
47217394,613213,to,hua qiao cun
47217471,613214,to,tang kou cun
47217856,613219,to,Xiata Qianlong
47218010,613221,to,Changlingkou
47218087,613222,to,xin cun cun
47218164,613223,to,Beidang
47218395,613226,to,xu gangcun
47218857,613232,to,Fengjiafan
47219011,613234,to,xin zhuang cun
47219088,613235,to,chunshu cun
47219319,613238,to,Fengpolong
47219550,613241,to,Xiangli
47219627,613242,to,huang tang cun
47220474,613253,to,lan ling cun
47220551,613254,to,lin dou cun
47220628,613255,to,Songlin
47220859,613258,to,Sisuikuni
47220936,613259,to,Wangjiashan
47221167,613262,to,san li cun
47221244,613263,to,da wu cun
47221321,613264,to,shu hu cun
47221398,613265,to,Hejia
47221552,613267,to,gong he cun
47221706,613269,to,Changbei
47222014,613273,to,mang tang cun
47222245,613276,to,qun sheng cun
47222322,613277,to,xia xu cun
47222399,613278,to,Guijiashan
47222630,613281,to,xin he cun
47222707,613282,to,Gangwan
47223015,613286,to,Chenjia
47223092,613287,to,Fanshang Gaojia
47223323,613290,to,Jishan
47223400,613291,to,Huaguoyuan
47223477,613292,to,Houping Zhangjia
47223708,613295,to,tian ban cun
47224016,613299,to,lian hua cun
47224170,613301,to,Xiacaijiazhou
47224324,613303,to,Tangjiazhou
47224401,613304,to,Gaojia
47224478,613305,to,Yuputang
47224940,613311,to,Shangshefan
47225017,613312,to,Huangjiatang
47225094,613313,to,lin jiu li cun
47225325,613316,to,Wangjiachong
47225864,613323,to,Linanxuan
47225941,613324,to,Donggeng Seku
47226095,613326,to,Wulongyang
47226172,613327,to,xia wu cun
47226326,613329,to,Pengjagang
47226403,613330,to,qiao tou cun
47226865,613336,to,Zhuxi
47227019,613338,to,Zhangjialing
47227096,613339,to,cao jia
47227327,613342,to,che men cun
47227712,613347,to,Xiaodu
47227943,613350,to,huang shan cun
47228097,613352,to,Wujia
47228482,613357,to,Yeshagou
47228636,613359,to,jin ting cun
47229021,613364,to,xin jian cun
47229098,613365,to,Gaojialing
47229868,613375,to,Fengtianfan
47230176,613379,to,Xishan Panjia
47230561,613384,to,Zhushuxia
47230715,613386,to,baitu cun
47231254,613393,to,liu jia cun
47231485,613396,to,da fan cun
47231639,613398,to,si guan cun
47232332,613407,to,Matouwan
47232409,613408,to,Gaoqiao Toubian
47232563,613410,to,fu qiao cun
47232640,613411,to,xia gangdong cun
47232717,613412,to,Dafangshao
47232794,613413,to,ji sheng cun
47232871,613414,to,Hujiashan
47232948,613415,to,ma an shan shi
47233256,613419,to,ming shan cun
47233333,613420,to,hua long cun
47233410,613421,to,hua yuan li cun
47233641,613424,to,haoshan xiang
47233718,613425,to,wei jia zhen
47233795,613426,to,cheng shan zhen
47233872,613427,to,Wushan
47233949,613428,to,shishan xiang
47234026,613429,to,ya que hu xiang
47234180,613431,to,ding shan zhen
47234257,613432,to,Liaohua
47234334,613433,to,chang yi xiang
47234411,613434,to,yu jia he xiang
47234488,613435,to,nie jia cun
47234642,613437,to,ming shan xiang
47234719,613438,to,baisha zhou xiang
47234796,613439,to,huang hua zhen
47234873,613440,to,ma ying zhen
47234950,613441,to,tuan lin xiang
47235027,613442,to,tian hong zhen
47235181,613444,to,xiang xixiang
47235258,613445,to,yang feng xiang
47235335,613446,to,da gangzhen
47235412,613447,to,cai ling zhen
47235489,613448,to,fu long xiang
47235643,613450,to,bei shan xiang
47235720,613451,to,bailu zhen
47235797,613452,to,yin bao hu xiang
47235951,613454,to,shuang gangzhen
47236028,613455,to,yan tian cun
47236105,613456,to,Lianshan
47236259,613458,to,tian pu cun
47236336,613459,to,Xiaojialing
47236413,613460,to,dong sheng zhen
47236490,613461,to,he he
47236567,613462,to,xi yuan xiang
47236644,613463,to,huang cun zhen
47236721,613464,to,fu rong dun zhen
47236798,613465,to,da sha zhen
47236875,613466,to,da shu xiang
47237029,613468,to,duo bao xiang
47237183,613470,to,chun qiao xiang
47237260,613471,to,zhang qing xiang
47237337,613472,to,zuo li zhen
47237414,613473,to,da long xiang
47237568,613475,to,zhe gangxiang
47237645,613476,to,zhu hu
47237876,613479,to,su shan xiang
47237953,613480,to,zhong guan zhen
47238107,613482,to,hu chuan
47238184,613483,to,qian xi
47238415,613486,to,yangping
47238492,613487,to,tun tian
47238569,613488,to,li fang
47238646,613489,to,jie shi
47238800,613491,to,li gao shan
47238954,613493,to,xing guang
47239339,613498,to,zhang wan
47239647,613502,to,si xi
47239878,613505,to,cheng yang
47240032,613507,to,shuang lian
47240109,613508,to,zheng ling
47240340,613511,to,shuang he
47240648,613515,to,jiang ling
47240725,613516,to,xi po
47240802,613517,to,zhai xia
47241418,613525,to,xi tan
47241572,613527,to,zheng jia xi
47241649,613528,to,chuan yuan
47241726,613529,to,wang jin keng
47241803,613530,to,yuan xi
47241880,613531,to,wangman tian
47241957,613532,to,yan ke
47242111,613534,to,ying zhou
47242188,613535,to,jin shi
47242265,613536,to,tao ling
47242342,613537,to,muling hou
47242419,613538,to,mei tanshan
47242573,613540,to,mao she
47242650,613541,to,Ujiasani
47242727,613542,to,wu jia tan
47243189,613548,to,Wuji
47243266,613549,to,da xiyuan
47243343,613550,to,shi jing
47243420,613551,to,dao xi
47243497,613552,to,cha yuan
47243728,613555,to,huang bai shan
47243805,613556,to,li hong
47244267,613562,to,liu mu qiu
47244344,613563,to,yu chuan
47244421,613564,to,rui chuan
47244575,613566,to,Wangjia
47244652,613567,to,banjian wu
47244729,613568,to,shi jing
47244883,613570,to,xiao ling shang
47245037,613572,to,xian cun
47245191,613574,to,tang cheng
47245345,613576,to,ban ling ting
47245653,613580,to,cheng gong
47247039,613598,to,chen cun
47247116,613599,to,shuang xi
47247655,613606,to,xin hong
47247732,613607,to,xin cun
47247963,613610,to,da chuan
47248425,613616,to,mo fan
47248810,613621,to,mo fan
47249041,613624,to,qing tanxia cun
47249580,613631,to,jia peng
47249657,613632,to,cheng lan
47250350,613641,to,liaoche
47251659,613658,to,ma jia
47251736,613659,to,kao xi
47251967,613662,to,shang si qian
47252198,613665,to,zhang jia geng
47252660,613671,to,long chuan
47252814,613673,to,zhuang li
47253199,613678,to,wangwang ling
47253430,613681,to,liu cun
47253507,613682,to,yu he
47253584,613683,to,Daxi
47254200,613691,to,xin zhuang
47254662,613697,to,yu xi
47255124,613703,to,zhao chuan
47255278,613705,to,shang po
47255355,613706,to,dong gu
47256125,613716,to,ping yang
47256510,613721,to,kan shang cun
47257203,613730,to,yongan
47258127,613742,to,xue li
47258974,613753,to,dong keng
47259667,613762,to,jin lin
47263748,613815,to,zhong he
47263825,613816,to,Xikeng
47264133,613820,to,tao hua tan
47265134,613833,to,tao dong
47265750,613841,to,xitou
47265981,613844,to,qiu gui
47266520,613851,to,lulin
47266597,613852,to,cha cun
47266751,613854,to,shan he
47266828,613855,to,fu chun
47266905,613856,to,xili feng
47267213,613860,to,Sinimini
47267444,613863,to,xitou keng
47267521,613864,to,xu cun
47267598,613865,to,pan zi keng
47267675,613866,to,da tou keng
47267983,613870,to,xikou
47268060,613871,to,zuo keng
47268291,613874,to,Iangsani
47268522,613877,to,qian an
47268599,613878,to,Wangfu
47268676,613879,to,pan keng kou
47268753,613880,to,Lukou
47268907,613882,to,gao yuan
47269369,613888,to,guan yang
47269446,613889,to,jie dai shan
47269600,613891,to,tao jia wan
47269677,613892,to,da he kou
47269831,613894,to,jian caokeng
47269908,613895,to,da chong
47269985,613896,to,men keng
47270139,613898,to,tong xin
47270447,613902,to,Wushi
47270601,613904,to,quan hong
47270678,613905,to,ban shan jiao
47270832,613907,to,da nan keng kou
47270986,613909,to,ta quan
47271063,613910,to,huang hua shan
47271679,613918,to,Ziyang
47271756,613919,to,nan sheng
47271910,613921,to,jiu li ling
47272372,613927,to,hongcun
47272449,613928,to,mian yuan
47272757,613932,to,li san cun
47272988,613935,to,yuan ping
47273065,613936,to,shuang he kou
47273219,613938,to,Hutangi
47273527,613942,to,yan zhou ping
47273604,613943,to,guan zhuang
47273681,613944,to,da fengshu
47273835,613946,to,guan wu
47274451,613954,to,yao zhuang
47274682,613957,to,shi shan
47274913,613960,to,da bi keng
47275067,613962,to,xin xing
47275221,613964,to,yuan shan
47275298,613965,to,san yuan
47275375,613966,to,guan yin ling jiao
47275452,613967,to,cha chong
47275606,613969,to,dong jia da wu
47275760,613971,to,yu gou
47275837,613972,to,ya xikou
47275991,613974,to,chen tang
47276222,613977,to,shi keng
47276530,613981,to,yan gong
47276607,613982,to,dong cun
47276761,613984,to,dai cun
47276915,613986,to,Nanbu
47277069,613988,to,an qing gou
47277223,613990,to,yin keng
47277454,613993,to,san gu li
47277608,613995,to,er you
47277839,613998,to,tian wu
47278070,614001,to,gao shi
47278532,614007,to,dong yuan
47278609,614008,to,shan kou
47278686,614009,to,baiyuan
47279302,614017,to,shang xi
47279379,614018,to,wei jia
47279687,614022,to,xiao he kou
47279841,614024,to,Peikonguni
47279918,614025,to,guan tang
47279995,614026,to,Uaima
47280072,614027,to,lan shi
47280457,614032,to,jin feng
47280611,614034,to,ziyun an
47280688,614035,to,le qin
47280919,614038,to,gewai
47281535,614046,to,mei cun
47281689,614048,to,shen cun
47281997,614052,to,shuang keng
47282074,614053,to,pan keng
47282459,614058,to,xi wang
47283460,614071,to,shan quan
47283691,614074,to,qian hu
47283768,614075,to,Liuani
47283845,614076,to,hai jing
47284076,614079,to,gu loupu
47284153,614080,to,ji cun
47284461,614084,to,Sisani
47284692,614087,to,hua yuan ba
47285385,614096,to,Changqiao
47285693,614100,to,yanglin pu
47285847,614102,to,mao zhuyuan
47286001,614104,to,hengchong
47286155,614106,to,kong cun
47286617,614112,to,Sani
47286694,614113,to,wang cun
47286771,614114,to,wan cun
47287464,614123,to,tuan jie
47287772,614127,to,deng jia wan
47288542,614137,to,chen cun
47289851,614154,to,zhuang tou
47291391,614174,to,Zhongxin
47292084,614183,to,hongcun
47294702,614217,to,dong mei
47294779,614218,to,yin tang
47294856,614219,to,zhao jia bian
47295241,614224,to,zhong tang
47295318,614225,to,jiao cun
47295395,614226,to,guan tang
47295703,614230,to,wai yao
47295780,614231,to,shen ting
47295857,614232,to,Sinitani
47296011,614234,to,dai hui
47296396,614239,to,Tangjiasiuikuni
47296473,614240,to,zhong shan
47296550,614241,to,lu tang
47296627,614242,to,gu ting
47296858,614245,to,zhang cun
47296935,614246,to,jia gong
47297012,614247,to,hong xing
47297320,614251,to,guan tang
47297705,614256,to,da gang
47298013,614260,to,da wang
47298475,614266,to,ming xing
47298629,614268,to,dou tang
47298783,614270,to,shui long
47298860,614271,to,tian hu
47299168,614275,to,zhang le
47299861,614284,to,xin tang
47300554,614293,to,binyu
47300631,614294,to,su yang
47300708,614295,to,xin he
47300785,614296,to,ma shan
47300862,614297,to,mao zhuang
47300939,614298,to,shui cun
47301093,614300,to,lin tang pu
47301170,614301,to,quan lan
47301478,614305,to,Hongtangi
47301940,614311,to,xin ba
47302017,614312,to,lao wu
47302094,614313,to,san lian
47302248,614315,to,xin sheng
47302325,614316,to,ding jia tang
47302402,614317,to,huang jin
47302479,614318,to,he yi
47302710,614321,to,cha lin
47302787,614322,to,Changshan
47302941,614324,to,liu hu
47303172,614327,to,henglang
47303249,614328,to,zhang shan tou
47303326,614329,to,Muling
47303403,614330,to,ma jia wan
47303634,614333,to,tuan shan
47303788,614335,to,shuang tang dian
47304404,614343,to,zhang ting
47304866,614349,to,xiao ma gang
47305020,614351,to,long quan
47305251,614354,to,long xing dun
47305328,614355,to,jin long
47305482,614357,to,da shan zi tou
47306021,614364,to,ba fen
47306098,614365,to,luo gong
47306252,614367,to,shifeng
47306791,614374,to,dai shan
47306868,614375,to,zhang tang
47306945,614376,to,zhang qiao
47307022,614377,to,dai tan
47307176,614379,to,Baibuling
47307407,614382,to,Renli
47307561,614384,to,Lutang
47307792,614387,to,Jianshan
47308023,614390,to,Dengsifan
47308100,614391,to,mei tai
47308177,614392,to,xian tun
47308793,614400,to,shi kui
47309024,614403,to,jin chang yuan
47309486,614409,to,lu tian
47309563,614410,to,chi tu
47309640,614411,to,mei zhen
47309794,614413,to,yangheng
47309871,614414,to,shan cui
47309948,614415,to,luo gu
47310025,614416,to,po wei
47310102,614417,to,xia po
47310410,614421,to,yi tang
47310795,614426,to,gong miao
47311180,614431,to,po xin
47311257,614432,to,gu zhai
47311411,614434,to,mu tang
47311488,614435,to,lian dui
47311565,614436,to,nan jiu cun
47311873,614440,to,lu gou
47312104,614443,to,yuan po
47312335,614446,to,long ling
47312412,614447,to,lao gu
47312489,614448,to,yan yuan
47312566,614449,to,mao tang
47312720,614451,to,da kao po
47312797,614452,to,mumian dun
47312874,614453,to,ba jiao tou
47313028,614455,to,tian tou
47313105,614456,to,shen tian
47313259,614458,to,long chu po
47313490,614461,to,po lin
47313644,614463,to,qing ti
47313798,614465,to,long kun
47313875,614466,to,wang louling
47313952,614467,to,youwang dui
47314106,614469,to,ping po
47314414,614473,to,ping po
47314645,614476,to,long she
47314876,614479,to,mei hua
47315261,614484,to,nan xun
47315415,614486,to,da shan
47315492,614487,to,long men shan
47315569,614488,to,san tan
47315723,614490,to,mao chang
47315800,614491,to,xin ling
47315877,614492,to,an dun
47316185,614496,to,cun zi
47316416,614499,to,xin xing
47316493,614500,to,maowei
47316570,614501,to,nan wan
47316724,614503,to,baidun
47316801,614504,to,nan an
47316878,614505,to,shu fang yuan
47316955,614506,to,Changyuan
47317109,614508,to,ling shang tang
47317186,614509,to,tang wei
47317263,614510,to,zu chan
47317340,614511,to,jia lang
47317417,614512,to,shi cun
47317725,614516,to,xia yuan
47317879,614518,to,long dou po
47318033,614520,to,long lou
47318418,614525,to,da kui
47318572,614527,to,da po
47318726,614529,to,cao ling
47318880,614531,to,shui zhu
47318957,614532,to,jia xun
47319650,614541,to,da chun
47319727,614542,to,zhou chao
47319804,614543,to,luo wen
47319958,614545,to,xia tun
47320035,614546,to,bang xi
47320112,614547,to,yu yue
47320266,614549,to,xia qiong
47320343,614550,to,da cheng
47320420,614551,to,nan dong
47320497,614552,to,yue zhai
47321036,614559,to,nan qiang he
47321267,614562,to,baitang
47321421,614564,to,wen tou ling
47321652,614567,to,cha gou
47321729,614568,to,Silingi
47322268,614575,to,jia bao
47322422,614577,to,liang shi
47322499,614578,to,guang ming
47322653,614580,to,yun ao
47322807,614582,to,luzhuling
47323192,614587,to,liu gen
47323346,614589,to,gao tang
47323423,614590,to,bo you
47323577,614592,to,yangmai
47323654,614593,to,lao cun
47323731,614594,to,da chuan
47323808,614595,to,sha tang
47323885,614596,to,shen shui
47324116,614599,to,lu gu jing
47324193,614600,to,xian po
47324270,614601,to,mei yu yuan
47324424,614603,to,shen tang
47324655,614606,to,lin tang
47324809,614608,to,da luo
47325194,614613,to,wene
47325271,614614,to,libu
47325348,614615,to,da lu po
47325425,614616,to,ji jia po
47325810,614621,to,han lin
47325887,614622,to,fu wen
47325964,614623,to,Yanglingtou
47326118,614625,to,Heta
47326195,614626,to,mei xiao
47326349,614628,to,xin de
47326580,614631,to,le he
47326888,614635,to,huang cun
47327042,614637,to,bing lian
47327196,614639,to,Fakafolau
47327273,614640,to,jian ling
47327658,614645,to,yu tang
47327889,614648,to,youxing
47328120,614651,to,fu zhao
47329968,614675,to,shen chong
47330122,614677,to,gao rong
47330353,614680,to,Nanisiang
47330507,614682,to,po bian
47330661,614684,to,li zhi tou
47330815,614686,to,ma zhang
47331585,614696,to,gao di
47331970,614701,to,nan hua
47332278,614705,to,tian wei xin cun
47332355,614706,to,jia lou
47332432,614707,to,mei lang
47332509,614708,to,shi wu
47332586,614709,to,feng shan
47332663,614710,to,jin heng
47332740,614711,to,jin mao
47332817,614712,to,zhong chen
47332971,614714,to,mei ling
47333279,614718,to,bao ya
47333356,614719,to,sheng shan
47333433,614720,to,Pingi
47333587,614722,to,zhu wu
47333741,614724,to,qi bai lang
47333972,614727,to,na dan
47334049,614728,to,wang tong
47334280,614731,to,rong miao shui
47334434,614733,to,guang de
47334742,614737,to,diao sa
47334973,614740,to,fanda
47335281,614744,to,shui jing
47335435,614746,to,tuiding
47335512,614747,to,chang wang
47335666,614749,to,bainan
47335820,614751,to,xiang ling
47335897,614752,to,yan cun
47335974,614753,to,luo bian
47336051,614754,to,Kongjiaokuni
47336128,614755,to,wang fang
47336359,614758,to,Suiliu
47336513,614760,to,bang ling
47336590,614761,to,dao cun
47336667,614762,to,shan ying
47336744,614763,to,nan huang
47337437,614772,to,lan cheng
47337822,614777,to,bian fang
47337976,614779,to,hou ying
47338053,614780,to,cha shan
47338130,614781,to,jian zhai
47338284,614783,to,miao shan
47338515,614786,to,da ya
47338669,614788,to,huang yu
47338823,614790,to,shi yuan
47339131,614794,to,ma ling pai
47339824,614803,to,baisha de
47339978,614805,to,tong le
47340209,614808,to,wu ling
47340517,614812,to,tanlong
47340671,614814,to,fu lin
47340748,614815,to,tingjin
47341056,614819,to,huanlong
47341133,614820,to,po ji
47341210,614821,to,miao zu cun
47341364,614823,to,zhang tang
47341595,614826,to,Dashi
47341749,614828,to,xin cun
47342134,614833,to,hong ling
47342288,614835,to,hai kong
47342365,614836,to,zhang wu
47342519,614838,to,tuisai
47342596,614839,to,huang sha
47342673,614840,to,he xiang
47342904,614843,to,Paiwanmiao
47343135,614846,to,Xinzhoutou
47343366,614849,to,songtian
47343443,614850,to,he cun
47343520,614851,to,du tian
47343674,614853,to,pu shu
47343751,614854,to,san yuan
47343828,614855,to,Naniyang
47344136,614859,to,zhuguan
47344290,614861,to,songshan xia
47344521,614864,to,xia cun
47344829,614868,to,tianxia cun
47345214,614873,to,chen keng
47345291,614874,to,gao zhai keng
47345445,614876,to,zhang chen
47345522,614877,to,su keng
47345599,614878,to,gui zhukeng
47346061,614884,to,zhang feng
47346215,614886,to,shu ren
47346600,614891,to,zou keng
47346754,614893,to,gu lu
47346831,614894,to,fu keng
47346985,614896,to,shan tou
47347139,614898,to,shi han
47347524,614903,to,yue yang
47347678,614905,to,tie chang
47347832,614907,to,liang shan keng
47347986,614909,to,guan yang
47348140,614911,to,yuan xiao ping
47348217,614912,to,ping bu
47348910,614921,to,lai wu ao
47349141,614924,to,gu shi
47349372,614927,to,da ling xia
47349449,614928,to,san xi
47349603,614930,to,xing cai
47349680,614931,to,xia san xi
47349834,614933,to,long ku qian
47349911,614934,to,bei ling
47350296,614939,to,lai fu
47350373,614940,to,e jing li
47350450,614941,to,zhang jin
47350527,614942,to,tian keng li
47350604,614943,to,nai kang
47350835,614946,to,mei ba
47350912,614947,to,qiu zhu
47351066,614949,to,hong shi
47351220,614951,to,\N
47351374,614953,to,yuan feng
47351605,614956,to,yuan ding
47351682,614957,to,hu zhu
47351913,614960,to,yang min
47352067,614962,to,shan tou
47352221,614964,to,geng xi
47352298,614965,to,long tou pai
47352452,614967,to,zhong xin wu
47352760,614971,to,Sikisia
47353299,614978,to,shang zaokang
47353376,614979,to,da ping
47353453,614980,to,si wei
47353530,614981,to,shui zhuao
47353607,614982,to,xian keng
47353684,614983,to,shang hu
47353915,614986,to,zhuling
47353992,614987,to,zhai xia
47354223,614990,to,xiu dong
47354377,614992,to,shi jiao li
47354531,614994,to,guan wu
47354916,614999,to,gui zhu
47355147,615002,to,shang jia yuan
47355224,615003,to,su jia pi
47355378,615005,to,xi xiang
47355455,615006,to,baitu
47355532,615007,to,peng zhai
47355763,615010,to,rong shi
47355917,615012,to,deng keng
47355994,615013,to,nuan shui keng
47356071,615014,to,xin tian
47356225,615016,to,xia che
47356456,615019,to,zhang jiao li
47356841,615024,to,xin zhai
47356918,615025,to,gu fu
47356995,615026,to,Gaobu
47357072,615027,to,ao tou
47357534,615033,to,zhai bei
47357765,615036,to,ma wu
47358073,615040,to,luo dou keng
47358381,615044,to,gong qiao
47358997,615052,to,caotian shang
47359074,615053,to,shang xi keng
47359305,615056,to,ba shang
47359382,615057,to,xin dong
47359459,615058,to,shui dong
47359536,615059,to,he jia pi
47359767,615062,to,jin qiao
47359998,615065,to,hu li
47360229,615068,to,xiao keng
47360845,615076,to,ling xia
47361307,615082,to,weng ji
47361384,615083,to,jiu zhai
47362154,615093,to,xia cun
47362616,615099,to,da xie tou
47362770,615101,to,shang zhai
47363309,615108,to,zhang shu
47363463,615110,to,lan tian
47363694,615113,to,wu tan
47363925,615116,to,xin hua
47364079,615118,to,xin hu
47364310,615121,to,xing long
47364618,615125,to,yang pikeng
47364849,615128,to,jiu tai
47364926,615129,to,shuang xi
47365388,615135,to,lao wu xia
47365542,615137,to,da keng li
47365773,615140,to,xiang hu
47366004,615143,to,cha xi
47366312,615147,to,lin de
47366466,615149,to,jin zhu
47366697,615152,to,da ke
47367775,615166,to,xiu keng
47368314,615173,to,ru lu
47368699,615178,to,yun shan
47369777,615192,to,feng yuan
47369931,615194,to,\N
47370085,615196,to,liangfeng
47370162,615197,to,wen guang
47370470,615201,to,cai yuan
47371240,615211,to,wenwu
47372241,615224,to,hu yi cun
47373781,615244,to,xin feng
47373858,615245,to,fu gu
47374012,615247,to,da liao fang
47374243,615250,to,caode
47374551,615254,to,hengkeng
47375013,615260,to,Shangyuan
47375090,615261,to,\N
47375552,615267,to,xie xia
47375706,615269,to,qi li
47376014,615273,to,wu long
47376553,615280,to,shang gan tang
47377246,615289,to,chi gang
47377631,615294,to,dong jin keng
47377862,615297,to,jie bei
47378170,615301,to,da pei
47378401,615304,to,he dong
47378555,615306,to,an feng
47378632,615307,to,xia dao hu
47379094,615313,to,wu xing
47379402,615317,to,long jiao
47379941,615324,to,bi tian
47380095,615326,to,huang xi
47380249,615328,to,yuan yang keng
47380711,615334,to,lu keng
47380865,615336,to,jing yuan
47380942,615337,to,ao keng
47381250,615341,to,tian keng
47381327,615342,to,gao yuan de
47381712,615347,to,ling tou
47381866,615349,to,yuan xia
47381943,615350,to,chi shui
47382097,615352,to,wen xi
47382251,615354,to,an shan
47382405,615356,to,zhuma
47382559,615358,to,xin sheng
47382636,615359,to,da dong
47382790,615361,to,xiao lan
47383098,615365,to,xue zhuxia
47383175,615366,to,Laniuei
47383406,615369,to,wen dou
47383483,615370,to,\N
47383868,615375,to,shang zhuo
47384022,615377,to,lei da shi
47384176,615379,to,shang cun
47384330,615381,to,dong keng li
47384561,615384,to,ying shang
47384638,615385,to,zhang keng
47384869,615388,to,zhang she
47384946,615389,to,xin gong
47385254,615393,to,tao ping
47385331,615394,to,dian ping
47385562,615397,to,she shan
47385639,615398,to,huang fang
47385947,615402,to,da lian
47386024,615403,to,zhong cun
47386101,615404,to,gao zhai
47386332,615407,to,xiang yang
47387256,615419,to,Tangbei
47387641,615424,to,cha xi
47387718,615425,to,xia ta
47387872,615427,to,su cun
47388026,615429,to,shui cun
47388103,615430,to,lin fan
47388180,615431,to,guan ying
47388257,615432,to,Fengqiao
47388334,615433,to,zhu cun
47388411,615434,to,gui ying
47388642,615437,to,yangshe
47388873,615440,to,zhang dun
47389181,615444,to,pai wan
47389258,615445,to,luo du
47389412,615447,to,ni tang
47389797,615452,to,gao tang
47390182,615457,to,xing long
47390259,615458,to,xi kou
47390336,615459,to,yang tian
47390490,615461,to,huang bai
47390644,615463,to,qian wan
47390721,615464,to,li bo wan
47390798,615465,to,xiang ling
47390875,615466,to,dong guan
47391106,615469,to,shan zi de
47391183,615470,to,san fangdun
47391337,615472,to,binjiang
47391414,615473,to,li da dun
47391722,615477,to,mei hua wu
47391799,615478,to,wang shi jiu cun
47391953,615480,to,tian e
47392107,615482,to,chen long
47392569,615488,to,duan yao jie
47392723,615490,to,Souzui
47392800,615491,to,xia xin zhen
47392877,615492,to,liu zuo xiang
47392954,615493,to,bao jia
47393262,615497,to,xiao yuan shan
47393339,615498,to,tie lu xiang
47393647,615502,to,liu tan
47393724,615503,to,ying jia ci tang
47393801,615504,to,long quan zhen
47394032,615507,to,liu wu lin
47394494,615513,to,hongyuan shan
47394802,615517,to,ba jiao wu
47394956,615519,to,zhou shang wu
47395418,615525,to,wan fu qiao
47395495,615526,to,wangjia ge
47395957,615532,to,Kaokiao
47396265,615536,to,\N
47396496,615539,to,shang zhong
47396573,615540,to,lao wu tan
47396650,615541,to,shun lu wu
47397035,615546,to,luo jia chong
47397343,615550,to,gu ta
47397420,615551,to,xia wu
47397497,615552,to,jiang jia peng
47397574,615553,to,bai lin chong
47397651,615554,to,nei wu ye
47397805,615556,to,Sikuli
47397959,615558,to,xian gu dian
47398113,615560,to,da wu ban
47398190,615561,to,guan cang xia cun
47398267,615562,to,mu dun
47398344,615563,to,tao ling
47398575,615566,to,dong jia
47398806,615569,to,xia guo
47399114,615573,to,da gua
47399191,615574,to,ba li dong jia
47399268,615575,to,long tan
47399345,615576,to,youfang dun
47399422,615577,to,baiguo shu
47399807,615582,to,guan tian
47399884,615583,to,gao pai
47400423,615590,to,xiao dun
47400577,615592,to,wangjia fan
47400654,615593,to,san hao qiao
47400731,615594,to,baizi zhou
47400962,615597,to,xin tang
47401039,615598,to,\N
47401116,615599,to,Shangxinsu
47401193,615600,to,de sheng shan
47401347,615602,to,xiao gu niang fen
47401501,615604,to,dong keng wu
47401732,615607,to,gao hua tang
47401963,615610,to,Ganquan
47402117,615612,to,Xiongjia
47402194,615613,to,Antang
47402271,615614,to,Luojia
47402348,615615,to,Yaobian
47402810,615621,to,Taozhu
47402964,615623,to,Bazicao Zhicao
47403041,615624,to,Baizhuba
47403195,615626,to,Xichong Jiangjia
47403349,615628,to,Dongzikou
47403503,615630,to,Xiongwu
47403657,615632,to,Tianpengxia
47403811,615634,to,Bingkengshan
47403965,615636,to,Wutian
47404735,615646,to,\N
47405505,615656,to,Xiangbei
47405813,615660,to,Maqitang
47405890,615661,to,Qingjiangpai
47406737,615672,to,Qishupai
47406891,615674,to,Huangzhu
47406968,615675,to,Shangtaifang
47407353,615680,to,Longhu
47407430,615681,to,Qiuwu
47407507,615682,to,Jinsani
47408200,615691,to,xin zhong cun
47408277,615692,to,Shibixia
47408431,615694,to,Xiping
47408508,615695,to,Maji
47408585,615696,to,Xiangyang
47408662,615697,to,Shaxia
47408893,615700,to,Baicun
47409278,615705,to,zhang ping shi
47409355,615706,to,Ruilan
47409509,615708,to,Baikeng
47409663,615710,to,Dasheng
47410202,615717,to,Gaoling
47410279,615718,to,Xiewu
47410433,615720,to,Madi
47410587,615722,to,Taifang
47410741,615724,to,Shangduan
47410972,615727,to,Wanbeijia
47411049,615728,to,Huangbai
47411126,615729,to,Sekini
47411280,615731,to,Malu
47411357,615732,to,Longpo
47411434,615733,to,shang hao
47411588,615735,to,he ban
47412204,615743,to,bo xian
47412897,615752,to,tou tan
47412974,615753,to,mei mei
47413359,615758,to,mei ling
47413590,615761,to,bao wu
47413667,615762,to,bo lang
47414052,615767,to,dou xiang
47414206,615769,to,lan qin
47414360,615771,to,he xun
47414437,615772,to,tou yao
47414514,615773,to,fa hao
47414745,615776,to,tou si
47414822,615777,to,tou nan
47414976,615779,to,mei dang
47415515,615786,to,wu er
47415823,615790,to,he mian
47416131,615794,to,Kuoing Jialai Nongchang Pinglecun
47417132,615807,to,da xing
47417363,615810,to,lan dong
47417517,615812,to,san jiao
47418287,615822,to,zan tong
47419057,615832,to,tang shan
47419519,615838,to,long lou
47419596,615839,to,\N
47419673,615840,to,mei xiao
47419750,615841,to,nei yuan
47419827,615842,to,Xiaxi
47419981,615844,to,sha tang
47420212,615847,to,keng fu
47420520,615851,to,min xing
47420597,615852,to,gao xing
47421213,615860,to,zhong tang
47421290,615861,to,Fuji
47421752,615867,to,xi shan
47422522,615877,to,xiong feng
47423754,615893,to,wen feng
47423908,615895,to,guan ji
47423985,615896,to,gu cheng
47424062,615897,to,dong xi
47424139,615898,to,wen lai
47424370,615901,to,fu xing
47424447,615902,to,tao cun
47424524,615903,to,tian tang
47424601,615904,to,liu po
47424678,615905,to,ding yun
47424909,615908,to,xin po
47424986,615909,to,ya huang
47425140,615911,to,shan kou men
47425294,615913,to,fu yuan
47425371,615914,to,xin rui
47425756,615919,to,shi hua
47425987,615922,to,tian tou
47426141,615924,to,qing quan
47426218,615925,to,liu qiu
47426449,615928,to,hei shan ling
47427142,615937,to,wen jiao
47427296,615939,to,cheng bin
47427450,615941,to,yu fu
47427604,615943,to,po xun
47427989,615948,to,long he
47428451,615954,to,ye zi tou
47429914,615973,to,Siniliangzai
47430145,615976,to,bin teng
47431685,615996,to,duo jia
47432378,616005,to,Sinitani
47432455,616006,to,chang de
47432994,616013,to,yu xian dong
47433071,616014,to,chi lian
47433148,616015,to,guo yang
47433687,616022,to,hong xing
47433764,616023,to,e mei
47433841,616024,to,baishui hu
47434072,616027,to,Xikeng
47434534,616033,to,Kaokiao
47434688,616035,to,jiu cun
47434842,616037,to,Beiwan
47434919,616038,to,Zhoujia
47434996,616039,to,yan shan cun
47435073,616040,to,Dukou
47435150,616041,to,Maojiagou
47435458,616045,to,Yanjialong
47435535,616046,to,Sunjialong
47435689,616048,to,Wujiadun
47435843,616050,to,Guojia
47435997,616052,to,Lishisuo
47436151,616054,to,Zhoujiadun
47436228,616055,to,Nicun
47436305,616056,to,Zhongling
47436382,616057,to,Beihouzhang
47436536,616059,to,Zhongjia
47436613,616060,to,mei jia wandai cun
47436690,616061,to,Dawuzhou
47436767,616062,to,Xifangwan
47436998,616065,to,jin shan cun
47437075,616066,to,Guocun
47437152,616067,to,Dachangkou
47437383,616070,to,Huxiali
47437460,616071,to,Banqiaoyang
47437537,616072,to,Xinzhuang
47437614,616073,to,Shanquanlong
47437691,616074,to,Wujiapeng
47437768,616075,to,Daijiaban
47437845,616076,to,Dingjia
47437922,616077,to,Yangpeng
47437999,616078,to,Xiaojiazui
47438153,616080,to,Jiajiashan
47438538,616085,to,Wujia
47438615,616086,to,an shan shi
47439000,616091,to,Xinjiuliqiao
47439154,616093,to,Meilin
47439231,616094,to,wu xi shi
47439462,616097,to,Changshan
47439616,616099,to,Huangnigang
47439693,616100,to,Gouhuang
47439847,616102,to,Qili
47439924,616103,to,Jianghuleng
47440001,616104,to,Xujiayuan
47440232,616107,to,Zijing
47440309,616108,to,zhu hu cun
47440386,616109,to,bei ting cun
47440463,616110,to,\N
47440540,616111,to,hongyuan cun
47440617,616112,to,Xiaoyang
47440694,616113,to,Dong'an
47440848,616115,to,Nanyangfan
47440925,616116,to,sheng li cun
47441002,616117,to,Chihu
47441079,616118,to,Guanghui
47441156,616119,to,zhang tang cun
47441233,616120,to,Tianpu
47441310,616121,to,xin tian cun
47441464,616123,to,Shahushan
47441695,616126,to,dengfeng shi
47441772,616127,to,Hulingzui
47442157,616132,to,Waizhu Yuanxia
47442234,616133,to,Jinxing
47442311,616134,to,Zhushanxia
47442388,616135,to,Sanjiaotang
47442465,616136,to,Tianikiani
47442542,616137,to,Beitian
47442619,616138,to,Tangwei
47442696,616139,to,Zhongcun
47442773,616140,to,Laifang
47442850,616141,to,Zhuokeng
47442927,616142,to,Wenhui
47443004,616143,to,Xiacun
47443081,616144,to,Zaohetian
47443312,616147,to,Sihua
47443466,616149,to,xi bian wan
47443620,616151,to,tai ye sun cun
47443697,616152,to,Huangjia Dawu
47443774,616153,to,Pancun
47443851,616154,to,Datang
47444005,616156,to,Yijiahe
47444082,616157,to,Xiaofang
47444159,616158,to,Bailuzhang
47444236,616159,to,Baotian
47444313,616160,to,Huangdun
47444390,616161,to,mei shan shi
47444467,616162,to,Shimen
47444544,616163,to,Shiwan
47444621,616164,to,Lingipei
47444775,616166,to,Yile
47444852,616167,to,Hangqiao
47445083,616170,to,peng zhou shi
47445160,616171,to,Xujia
47445391,616174,to,Niaokeng
47445545,616176,to,Zhangjia
47445699,616178,to,Yuanqian
47445930,616181,to,Hongchangli
47446007,616182,to,Jinjiping
47446161,616184,to,Huangyuandong
47446392,616187,to,Shangjinxi
47446546,616189,to,Lingxi
47446623,616190,to,Gaobeizhen
47446700,616191,to,Yejiwo
47446777,616192,to,Dakeng
47446931,616194,to,Zhuyang
47447316,616199,to,Luosigang
47447547,616202,to,Jingling
47447624,616203,to,Yazhuang Lijia
47448009,616208,to,Miaobei Wanjia
47448163,616210,to,Fujia
47448240,616211,to,Dabu
47448317,616212,to,Chenjia
47448394,616213,to,Xuyuan
47448471,616214,to,Lishu
47448548,616215,to,Fushan Yujia
47448933,616220,to,Guying
47449164,616223,to,qi ling zhen
47449241,616224,to,Songgang
47449395,616226,to,Huangsha
47449472,616227,to,Maoping
47449626,616229,to,Yazijing
47449780,616231,to,Naitou
47450011,616234,to,Guanchao
47450088,616235,to,Zhaigongba
47450165,616236,to,Shuangxi
47450242,616237,to,Wankeng
47450396,616239,to,Pingmen
47450473,616240,to,Hengling
47450627,616242,to,Gangtou Zhoujia
47450781,616244,to,Xiazhou
47451243,616250,to,Dishang
47451320,616251,to,Yangwanhe
47451474,616253,to,Aowai
47451628,616255,to,Caowufang
47451705,616256,to,Dawucheng
47451936,616259,to,Yucun
47452013,616260,to,Jigeng
47452090,616261,to,Mukeng
47452167,616262,to,Guanmei
47452244,616263,to,yan ping cun
47452398,616265,to,Fanshen
47452475,616266,to,Liucang
47452552,616267,to,Husifang
47452706,616269,to,Zhengjiabu
47452783,616270,to,Wangjia
47452860,616271,to,Sonjiaxu
47453014,616273,to,bei xicun
47453168,616275,to,he pu cun
47453399,616278,to,Dongchong Wujia
47453476,616279,to,Wanli
47453553,616280,to,Lanqiao
47453630,616281,to,Chenjialing
47453861,616284,to,Dawushan
47453938,616285,to,Gaojia
47454092,616287,to,Xinjixu
47454169,616288,to,yongan shi
47454246,616289,to,li pu cun
47454323,616290,to,Furong
47454400,616291,to,Chishan
47454477,616292,to,Daishan
47454631,616294,to,Tianjialong
47454708,616295,to,Songjia dawu
47454785,616296,to,Fanjialong
47454862,616297,to,Raojiashan Xiawu
47454939,616298,to,Nanchangpu
47455016,616299,to,Zhiwu
47455093,616300,to,Sizhuang
47455170,616301,to,Shangjitou
47455247,616302,to,Yuantongsi
47455324,616303,to,Jianhua
47455478,616305,to,jiu shan cun
47455555,616306,to,Xiufeng
47455632,616307,to,wu tai cun
47455786,616309,to,Taiyangshan
47456171,616314,to,Tongshuyuan
47456248,616315,to,Aoshangwang
47456325,616316,to,Aoshanggong
47456402,616317,to,Guanyinqiao
47456479,616318,to,Shishuzhang
47456556,616319,to,Yanfang
47456633,616320,to,Lijiazhuang
47456710,616321,to,Duancun
47456787,616322,to,Laoyanlong
47456941,616324,to,Tangbeilei
47457249,616328,to,Chenjia
47457326,616329,to,Liujia
47457403,616330,to,Dongzhuling
47457480,616331,to,Leiqiao
47457634,616333,to,cha xizhen
47457711,616334,to,Minzhu
47457788,616335,to,liang gong cun
47458019,616338,to,dong jia cun
47458173,616340,to,yuan li zhen
47458250,616341,to,Daijia
47458404,616343,to,Laowuchang
47458635,616346,to,Datang
47458712,616347,to,Xiangjialong
47458789,616348,to,Guanhu
47458943,616350,to,Huangsifang
47459020,616351,to,Xujia
47459097,616352,to,Matou
47459328,616355,to,Fanliguo
47459405,616356,to,Lizizhan
47459559,616358,to,Xiaoxiawan
47459636,616359,to,Nanbuliao
47459790,616361,to,Donghu
47459867,616362,to,Xiaofanghu
47460021,616364,to,Shuangta
47460175,616366,to,Shanchayuan
47460406,616369,to,qing tang cun
47460483,616370,to,Dongjia
47460560,616371,to,Wanshalong
47460791,616374,to,Jinjilong
47460868,616375,to,Yuanshan
47461099,616378,to,Zhukeng
47461176,616379,to,Chixi
47461253,616380,to,Dingjiashan
47461407,616382,to,Qiaonan
47461484,616383,to,Honglin
47461638,616385,to,Binjiang
47461715,616386,to,Xiaojia
47461869,616388,to,Lujia
47462023,616390,to,Dafengjiashan
47462100,616391,to,Wanneihu
47462331,616394,to,Shangpengjia
47462408,616395,to,Qiancun Pengjia
47462485,616396,to,Qianhu
47462639,616398,to,rui feng cun
47462716,616399,to,Langshan
47462793,616400,to,da xifan cun
47462870,616401,to,Zhaojiashan
47462947,616402,to,Wangjia
47463024,616403,to,Gongjia
47463101,616404,to,Tuku
47463178,616405,to,Linxu
47463255,616406,to,Gangnanliu
47463332,616407,to,tong ling cun
47463409,616408,to,Guojia
47463486,616409,to,Guanjia Dawu
47463563,616410,to,Miaojialong
47463640,616411,to,Caijiashan
47463717,616412,to,cai he cun
47463948,616415,to,Tonga
47464025,616416,to,Wanjia Wuji
47464102,616417,to,Qianshi
47464179,616418,to,Laowu
47464256,616419,to,Yaoqian
47464410,616421,to,Hualin
47464487,616422,to,Qingshan
47464564,616423,to,Weijiawan
47464641,616424,to,fangjia cun
47464795,616426,to,Donglin
47465026,616429,to,Chishigang
47465180,616431,to,Changsheng
47465488,616435,to,Xueyelong
47465642,616437,to,Luojia
47465719,616438,to,Xiaqu' an
47465873,616440,to,Qingshu
47465950,616441,to,Yangjiatang
47466027,616442,to,Luxia
47466181,616444,to,feng huang cun
47466258,616445,to,Hongxing
47466335,616446,to,zhong yuan cun
47466643,616450,to,Zhoujialong
47466951,616454,to,Shangguanlong
47467105,616456,to,Caitianpu
47467182,616457,to,jin de cun
47467259,616458,to,Donghu
47467336,616459,to,Pengwan
47467490,616461,to,Gengyuan
47467567,616462,to,Tuniuzui
47467644,616463,to,Yugang
47467721,616464,to,Tielu
47467798,616465,to,Xiaojia' ao
47468029,616468,to,Jinlong
47468183,616470,to,Hetang
47468260,616471,to,Dongzhuang
47468337,616472,to,Shazhoutou
47468491,616474,to,Paisha
47468568,616475,to,Siulong
47468645,616476,to,Xiama
47468722,616477,to,Shuaijia
47468799,616478,to,xin wu cen cun
47468876,616479,to,Yangjiabian
47468953,616480,to,luo ling cun
47469030,616481,to,Wanjia
47469184,616483,to,Yujia
47469261,616484,to,Shizui Sujia
47469492,616487,to,Raojiazhuang
47469569,616488,to,Mutoutang
47469646,616489,to,Caotou
47469723,616490,to,Changsha
47469877,616492,to,Heling
47470416,616499,to,qiao tou cun
47470647,616502,to,Changling Sunjia
47470801,616504,to,Shetan Zuizhang
47470878,616505,to,Zhangshu Xiongjia
47470955,616506,to,Tong' an
47471032,616507,to,Lishan
47471109,616508,to,Mianchang
47471340,616511,to,cheng men xiang
47471417,616512,to,lian hua zhen
47471494,616513,to,Sizi
47471648,616515,to,Jinhu
47471725,616516,to,jiang shang xiang
47471802,616517,to,xia fan zhen
47471879,616518,to,li xin xiang
47471956,616519,to,zequan xiang
47472033,616520,to,baiyangzhen
47472110,616521,to,Naniyang
47472187,616522,to,liao nan xiang
47472264,616523,to,yongan shi
47472341,616524,to,lin quan xiang
47472418,616525,to,cheng zi zhen
47472495,616526,to,wu jiao xiang
47472572,616527,to,Lushanqu
47472649,616528,to,fu shan cun
47472726,616529,to,mei tang zhen
47472803,616530,to,gao tang xiang
47472880,616531,to,xun yang qu
47472957,616532,to,wu shan zhen
47473034,616533,to,xin he zhen
47473111,616534,to,Sujiadang
47473188,616535,to,feng lin zhen
47473265,616536,to,jiu he xiang
47473342,616537,to,tie he xiang
47473496,616539,to,rui chang shi
47473650,616541,to,san jiao xiang
47473727,616542,to,gao feng zhen
47473804,616543,to,yan fang zhen
47473881,616544,to,he dong xiang
47473958,616545,to,yong quan xiang
47474035,616546,to,hua lin zhen
47474112,616547,to,min shan xiang
47474189,616548,to,bao ta xiang
47474266,616549,to,Muhuan
47474343,616550,to,sai yang zhen
47474420,616551,to,Changshan
47474497,616552,to,ai min xiang
47474574,616553,to,Yugang
47474882,616557,to,lan cun
47474959,616558,to,feng tian
47475036,616559,to,tai ping ping
47475190,616561,to,Luewu
47475575,616566,to,hua shui shan yao zu cun
47475729,616568,to,youfangxia
47475883,616570,to,baishi jiao
47476037,616572,to,lu xia jiao
47476114,616573,to,chi ni ling
47476191,616574,to,zhou wu
47476730,616581,to,zhou wu
47477192,616587,to,shen keng ping
47477269,616588,to,tong youping
47477346,616589,to,lai jia shan
47477423,616590,to,henglong
47477500,616591,to,ma wu jiao
47477654,616593,to,ao tou
47477808,616595,to,yangtang
47478039,616598,to,ba bao shan
47478116,616599,to,zhang gang ling
47478193,616600,to,fen shui
47478424,616603,to,wanzi
47478501,616604,to,jiang tou
47478578,616605,to,wei zi
47478732,616607,to,tiao cun
47478886,616609,to,yang jing ping
47478963,616610,to,tang kou
47479040,616611,to,Yanpei
47479117,616612,to,da dong
47479194,616613,to,qing xi
47479271,616614,to,lian tang
47479502,616617,to,lu shidong
47479733,616620,to,jiang xia
47480118,616625,to,shan xin
47480195,616626,to,ling chang
47480272,616627,to,huang wei
47480426,616629,to,ling tou
47480503,616630,to,keng bei
47480580,616631,to,mao tang
47480657,616632,to,xi cao tang
47480734,616633,to,jiang gu shan
47480811,616634,to,he chu ba
47480888,616635,to,ya le jiang
47481042,616637,to,xin wu kua
47481196,616639,to,shang guan ping
47481273,616640,to,xia wan
47481350,616641,to,shang ban ling
47481427,616642,to,baima miao
47481658,616645,to,shao wa tang
47481735,616646,to,da youlin
47481889,616648,to,guan ping
47482043,616650,to,Sikisia
47482197,616652,to,li wu
47482582,616657,to,tie shi tang
47482659,616658,to,shui wei
47482736,616659,to,shang dong
47482890,616661,to,jiao wan
47482967,616662,to,wentang shan yao zu cun
47483121,616664,to,louxia
47483352,616667,to,bu xin jing
47483429,616668,to,ling xia
47483506,616669,to,li ma lin
47483660,616671,to,he jiao
47483814,616673,to,yangmei shan
47483891,616674,to,shi jing
47483968,616675,to,gui zi yan
47484199,616678,to,he mudong
47484353,616680,to,ling shi zhai
47484430,616681,to,liu mei
47484507,616682,to,zhen zi huang
47484661,616684,to,gao tian wei
47484738,616685,to,Dayan
47484815,616686,to,niu gang ban
47484969,616688,to,zhu wu
47485046,616689,to,hengshan xia
47485123,616690,to,ou pi
47485277,616692,to,xia wo
47485431,616694,to,yan shi
47485662,616697,to,jiao chu tou
47485739,616698,to,Donjiang
47485816,616699,to,she tang
47485970,616701,to,Tangkisia
47486047,616702,to,hengdong
47486509,616708,to,qi shan xia
47486740,616711,to,tang bian
47486817,616712,to,tang wu
47486894,616713,to,lu sou
47486971,616714,to,baitang
47487048,616715,to,chuan long
47487125,616716,to,shi yu keng
47487202,616717,to,zhu wu
47487356,616719,to,guo wu
47487433,616720,to,ma chang
47487510,616721,to,jiang jia zhou
47487587,616722,to,wei zi xia
47487664,616723,to,de gang dou
47487741,616724,to,shan kou chen
47487818,616725,to,Lugeng
47487895,616726,to,Sikisia
47487972,616727,to,mao miao
47488049,616728,to,xu wu
47488126,616729,to,hecang tou
47488203,616730,to,luo geng wei
47488280,616731,to,lei wu
47488357,616732,to,zhong yang
47488434,616733,to,pai xia
47488511,616734,to,xian cha ba
47488588,616735,to,liao wu
47488665,616736,to,ling xia
47488819,616738,to,louxia
47489050,616741,to,da cengwu
47489127,616742,to,he zi tang
47489204,616743,to,qi ao
47489281,616744,to,tang wo
47489358,616745,to,lian tang gang
47489512,616747,to,shi bei tang
47489589,616748,to,da shan ao
47489666,616749,to,huang wu
47489743,616750,to,ao zi
47489897,616752,to,yang ba
47489974,616753,to,du tou chen
47490051,616754,to,ya po shi
47490205,616756,to,xin cun
47490282,616757,to,ling jiao xia
47490436,616759,to,si fang
47490590,616761,to,jing wei jiang
47490744,616763,to,an jing
47490821,616764,to,qian wu
47490898,616765,to,cai wu
47490975,616766,to,zhushan xia
47491052,616767,to,shi jiao
47491206,616769,to,he pai shui
47491437,616772,to,zhu wu
47491514,616773,to,xin wu
47491668,616775,to,he zi shan
47491745,616776,to,xiang lu tan
47491822,616777,to,Jiangsui
47491976,616779,to,xian ren taijiao
47492053,616780,to,Liangsuisingi
47492207,616782,to,da dong tian
47492438,616785,to,ping shan
47492515,616786,to,hefeng dong
47492746,616789,to,guo wu
47492823,616790,to,huang niu jing
47492900,616791,to,guo shu tou
47492977,616792,to,jian shan xia
47493285,616796,to,xia ba
47493362,616797,to,ni huang keng
47493439,616798,to,da keng di
47493593,616800,to,aishan ping
47493670,616801,to,pu tang
47493747,616802,to,gao wu
47493824,616803,to,xia cun
47494055,616806,to,li shi tang
47494132,616807,to,gao shu xia
47494517,616812,to,ling bian
47494594,616813,to,shou tang
47494671,616814,to,xian mutang
47494748,616815,to,Sanisuitou
47494979,616818,to,jing jiao xia
47495056,616819,to,wen ge
47495210,616821,to,su wu
47495287,616822,to,pu lu jing
47495364,616823,to,huang tu keng
47495441,616824,to,peng tang
47495672,616827,to,Dawei
47495749,616828,to,hua ba
47495826,616829,to,yang keng
47496211,616834,to,lan gan shan
47496288,616835,to,maoer shi
47496442,616837,to,luo wu
47496519,616838,to,long run hu
47496673,616840,to,da tang kou
47496750,616841,to,jiu he po
47496827,616842,to,shang gao tang
47496904,616843,to,wu wu
47496981,616844,to,shi qiao tang
47497058,616845,to,hua shi shui
47497135,616846,to,lang zi
47497212,616847,to,ao bei
47497289,616848,to,zhutian
47497366,616849,to,mao lan jing
47497443,616850,to,xin wu kua
47497674,616853,to,zhi wu
47497751,616854,to,yang wan
47497828,616855,to,Shangwei
47497905,616856,to,Changjing
47497982,616857,to,jin zhuyuan
47498136,616859,to,xi dong
47498213,616860,to,baishi
47498290,616861,to,jie xia
47498367,616862,to,tatang
47498444,616863,to,caodai long
47498675,616866,to,xia qiu
47498752,616867,to,dong wei
47498829,616868,to,shang cun
47499137,616872,to,baigu sha
47499214,616873,to,he tou
47499291,616874,to,keng wei tou
47499522,616877,to,shi ao
47499599,616878,to,ma zhuli
47499676,616879,to,heping tou
47499830,616881,to,lu wu
47499907,616882,to,peng qiao xia
47500138,616885,to,xiang hu tang
47500292,616887,to,lian tan
47500369,616888,to,baiyang shui
47500446,616889,to,yangwu
47500523,616890,to,lan lu zhou
47500600,616891,to,wu ni
47500677,616892,to,bang hu
47500754,616893,to,lei dong
47500985,616896,to,shui nan
47501062,616897,to,Dakeng
47501139,616898,to,tandong
47501216,616899,to,jing xia
47501370,616901,to,sha shu ao
47501524,616903,to,shang wang
47501909,616908,to,tang wo
47501986,616909,to,zhuyuan
47502217,616912,to,dao shi keng
47502294,616913,to,Wushi
47502448,616915,to,long tankeng
47502525,616916,to,huang wu
47502602,616917,to,jiu mei dong
47502679,616918,to,fu zi ao
47502756,616919,to,lao zhong
47502833,616920,to,xia gu keng
47502910,616921,to,feng dong
47503064,616923,to,louting
47503141,616924,to,fan wu
47503218,616925,to,sun shan
47503295,616926,to,xi chen wu
47503372,616927,to,niu gang ling
47503603,616930,to,xian shui tang
47503680,616931,to,reshui tang
47503757,616932,to,shan yang ping
47503834,616933,to,xu wu
47503988,616935,to,da tang
47504065,616936,to,da po tian
47504219,616938,to,shi song tou
47504450,616941,to,xia lou
47504758,616945,to,shi qian
47504835,616946,to,da du ling
47504989,616948,to,guan si de
47505066,616949,to,shi men keng
47505374,616953,to,bang tang
47505451,616954,to,lan wu
47505528,616955,to,huang yan
47505605,616956,to,leng shui keng
47505682,616957,to,lao ya shan
47505759,616958,to,baiwei zhu
47505836,616959,to,lin wu
47506067,616962,to,fu zi wei
47506298,616965,to,Siaosikesu
47506683,616970,to,Tangsui
47506760,616971,to,shui kou wei
47506837,616972,to,shui jinping
47506991,616974,to,wanzi
47507299,616978,to,ban shan
47507376,616979,to,wu shi xia
47507453,616980,to,keng kou
47507530,616981,to,da ling tou
47507607,616982,to,tu xi
47507684,616983,to,zhong tanjiao
47507761,616984,to,dong ye ao
47507915,616986,to,tiao shi ling
47508146,616989,to,shang zhang
47508223,616990,to,shen shui long
47508300,616991,to,guo er wu
47508377,616992,to,san keng
47508454,616993,to,shui jing
47508608,616995,to,zhang keng wei
47508685,616996,to,xiang gui zhen
47508916,616999,to,jian keng
47508993,617000,to,tang ao ba
47509070,617001,to,long tian
47509147,617002,to,qiu wu
47509224,617003,to,shi long tan
47509301,617004,to,mei keng
47509609,617008,to,sha ping
47509686,617009,to,nan jiang shan
47509840,617011,to,dong keng
47509917,617012,to,shang jin keng
47510148,617015,to,mei tian
47510225,617016,to,tang du
47510379,617018,to,baishi ao
47510456,617019,to,li yu sha
47510533,617020,to,ma jiao xia
47510687,617022,to,Xikeng
47510764,617023,to,da gou keng
47510841,617024,to,ma caokeng
47510995,617026,to,niu du lao
47511072,617027,to,zi keng wei
47511226,617029,to,xia wen dong
47511611,617034,to,lin wu
47511688,617035,to,yang keng
47511842,617037,to,tande
47511919,617038,to,shang liu dong
47512150,617041,to,huang zhi tang
47512304,617043,to,songling
47512381,617044,to,niu tan
47512458,617045,to,liang shui keng
47512535,617046,to,xin tang wei
47512689,617048,to,fen shui ao
47512766,617049,to,shuang ma lou
47512843,617050,to,ying hua zhen
47512997,617052,to,shui tou
47513228,617055,to,jian tang
47513382,617057,to,bang jiao
47513459,617058,to,jing kong
47513613,617060,to,Wuxing
47513690,617061,to,feng shou
47513844,617063,to,wei dong
47513998,617065,to,Jinsani
47514152,617067,to,Sinitani
47514229,617068,to,wen ce
47514306,617069,to,fen dong
47514383,617070,to,ce tang
47514537,617072,to,chen dong
47514614,617073,to,liu jiu cun
47514691,617074,to,jin feng
47514768,617075,to,Nankengi
47514845,617076,to,tang pu
47514999,617078,to,da shi gu
47515076,617079,to,Dandi
47515230,617081,to,fengshu dou
47515615,617086,to,jing kou
47515692,617087,to,huang ni wan
47515846,617089,to,long tou ling
47516385,617096,to,xiao zhang kou
47516462,617097,to,Fengisusui
47516539,617098,to,tang jiao kou
47516693,617100,to,shan jia
47516847,617102,to,liu zi
47517001,617104,to,wang sha shui
47517155,617106,to,shang keng
47517232,617107,to,kan tou xia
47517386,617109,to,songgang
47517463,617110,to,wu dou zhong
47517540,617111,to,dong keng
47517771,617114,to,modao keng
47518002,617117,to,huang yu sha
47518079,617118,to,long tian
47518156,617119,to,he shui kou
47518233,617120,to,ji dou
47518464,617123,to,tang di keng
47519003,617130,to,keng wei
47519157,617132,to,shang keng
47519234,617133,to,miao hua
47519388,617135,to,xin tang
47519465,617136,to,cha shan
47519619,617138,to,tai baihu
47519696,617139,to,zhang jia dun
47519773,617140,to,lian hua dang
47519927,617142,to,long li
47520004,617143,to,cai shou
47520081,617144,to,nie fu jun
47520158,617145,to,mei dong hu
47520312,617147,to,dong shan
47520466,617149,to,zhang de lu
47520543,617150,to,baihu
47520620,617151,to,yangliu hu
47520697,617152,to,liu hu
47520774,617153,to,zhou shang wu
47520928,617155,to,ni chi
47521082,617157,to,hu luo yu
47521236,617159,to,bei guan
47521390,617161,to,xu mi
47521544,617163,to,ji gong ling
47521621,617164,to,ye jia dun
47521698,617165,to,wang hui da dun
47521852,617167,to,dong guan fang
47522083,617170,to,zhang ling shang
47522314,617173,to,zhou zi
47522391,617174,to,sha dun
47522545,617176,to,gangxi
47522776,617179,to,wai zhou
47522853,617180,to,shen jia dun
47523007,617182,to,li liu fang
47523084,617183,to,daochang hu
47523238,617185,to,fengshu lin
47523392,617187,to,er tao kou
47523469,617188,to,qiao xia
47523623,617190,to,wang jia yuan
47523854,617193,to,huang xi
47523931,617194,to,er fangdun
47524008,617195,to,Heilinisi
47524316,617199,to,Wuli
47524470,617201,to,zhong wan
47524624,617203,to,zhu he
47524855,617206,to,ya dan zhou
47524932,617207,to,shui yue an
47525086,617209,to,dong jia dun
47525163,617210,to,liu jia dun
47525240,617211,to,ju jia dun
47525317,617212,to,chen gang
47525394,617213,to,fan shang
47525548,617215,to,wu shan zhai
47525625,617216,to,tang xi yuan
47525779,617218,to,baishen dun
47525856,617219,to,wang sheng zu
47526010,617221,to,mao jia fan
47526241,617224,to,Fengizui
47526318,617225,to,Chaoyang
47526395,617226,to,baisha zhou
47526626,617229,to,deng jia du
47526703,617230,to,zhu muqiao
47526780,617231,to,zhu he
47526934,617233,to,xia gangli
47527011,617234,to,tong si pai
47527088,617235,to,zhang sheng
47527165,617236,to,liu jia dun
47527242,617237,to,wu he
47527396,617239,to,xin zhou
47527704,617243,to,guo ren shi liu yuan
47527858,617245,to,\N
47527935,617246,to,feng xiu
47528089,617248,to,dan ba wan
47528166,617249,to,jiche xia
47528320,617251,to,xiang shi an
47528397,617252,to,fangjia ling
47528474,617253,to,mei jia dun
47528551,617254,to,jiang jia lin
47528782,617257,to,feng quan
47528859,617258,to,sun zhulin
47529090,617261,to,zhang cheng
47529167,617262,to,zishi
47529398,617265,to,zhou yuan
47529783,617270,to,chen long
47529860,617271,to,wangjia zhou
47529937,617272,to,li yuan yuan
47530091,617274,to,shang qi gan
47530168,617275,to,cang tou bu
47530322,617277,to,kong dong
47530399,617278,to,chen hao
47530476,617279,to,hu caofang
47530553,617280,to,wangjia miao
47530630,617281,to,chen gao
47530861,617284,to,zhang shu xia
47530938,617285,to,zhang ba
47531015,617286,to,zhang wang gui
47531092,617287,to,shu jia bu
47531169,617288,to,jiang xi dun
47531323,617290,to,chai hu
47531477,617292,to,su tian yi cun
47531554,617293,to,Liuxu
47531862,617297,to,li wei yuan
47531939,617298,to,liu chang yuan
47532016,617299,to,wang ba da dun
47532247,617302,to,xia zhou wei
47532324,617303,to,he jia dun
47532401,617304,to,liu shou
47532555,617306,to,si fangdun
47532709,617308,to,dong gan
47533094,617313,to,liu liu xi
47533171,617314,to,ding zi jie
47533402,617317,to,tuan po
47533633,617320,to,niu che
47533710,617321,to,zhang liang zu
47533787,617322,to,zou qiao
47534018,617325,to,cai shan zhen
47534095,617326,to,xin kai zhen
47534172,617327,to,zhang he kou
47534249,617328,to,Maoping
47534403,617330,to,Niuguling
47534788,617335,to,Wangge
47534865,617336,to,Xiapingshan
47535019,617338,to,Zhujiakeng
47535173,617340,to,Heshuxia
47535250,617341,to,Diaozikeng
47535558,617345,to,Tianzui
47535635,617346,to,Hengtangbei
47535712,617347,to,Changling
47535789,617348,to,Chuanlongke
47535866,617349,to,Zhangjiadi
47535943,617350,to,Xingtangxia
47536020,617351,to,Zhangjikeng
47536174,617353,to,Singilongsani
47536251,617354,to,Kuzhu' ao
47536328,617355,to,Goudaozui
47536482,617357,to,Xiaheng
47536636,617359,to,Qingxi
47536867,617362,to,Laowuli
47536944,617363,to,Jingkoutang
47537021,617364,to,Hangongqiao
47537252,617367,to,Wutongling
47537329,617368,to,Shanisia
47537560,617371,to,Dongwei
47537637,617372,to,Shangzha
47537791,617374,to,Zhaishang
47537945,617376,to,Datangdu
47538099,617378,to,Shangcun
47538253,617380,to,xin cheng qu
47538330,617381,to,Zhongxinkeng
47538561,617384,to,Xiaofeng
47538715,617386,to,Weili
47538869,617388,to,bang xicun
47539408,617395,to,shi niu hu cun
47539485,617396,to,Jiuqushui
47539639,617398,to,Dahuangwu
47539716,617399,to,shi ma cun
47539793,617400,to,Tianhuli
47540024,617403,to,Xiaxiaohang
47540255,617406,to,reshui cun
47540486,617409,to,xi hu cun
47540563,617410,to,Paishang
47540640,617411,to,Uenifengi
47540717,617412,to,xiang shan xiang
47540948,617415,to,Shawan
47541025,617416,to,Madi
47541179,617418,to,Huoshaodou
47541256,617419,to,Lingshangling
47541410,617421,to,Zhangjia
47541487,617422,to,Da' aoshang
47541718,617425,to,Jianyuan
47541795,617426,to,Baisanqian
47542026,617429,to,Zengjia
47542103,617430,to,Xixie
47542488,617435,to,Chaliaoxia
47542565,617436,to,Beikeng
47542642,617437,to,Banjing
47542719,617438,to,Shanleqian
47542796,617439,to,Lanbei
47542950,617441,to,Niupiping
47543104,617443,to,Dajingkeng
47543181,617444,to,Shikuo
47543258,617445,to,Xiabeijing
47543489,617448,to,Hepingxia
47543566,617449,to,Xiaji
47543643,617450,to,Xigaoba
47543720,617451,to,Dakengtou
47543797,617452,to,Dumujing
47544105,617456,to,Shuinan
47544182,617457,to,Wazi
47544259,617458,to,Hamakeng
47544336,617459,to,Jingkou
47544490,617461,to,Wenwuba
47544644,617463,to,Tuanlong
47544798,617465,to,Daqun
47544875,617466,to,Tiansheng
47544952,617467,to,mei feng cun
47545029,617468,to,mei shan shi
47545260,617471,to,Guancun
47545337,617472,to,Siaosha
47545491,617474,to,zhang nao cun
47545722,617477,to,Zhonggui
47545799,617478,to,Laowu
47545876,617479,to,Shangying
47545953,617480,to,Huli
47546030,617481,to,Banling
47546107,617482,to,Qixingkeng
47546492,617487,to,Shangdongkeng
47546569,617488,to,Dazhao
47546646,617489,to,Chengkeng
47546723,617490,to,Hunaotang
47546800,617491,to,Chishuikeng
47546877,617492,to,Zaixia
47546954,617493,to,Longtou
47547031,617494,to,Banjing
47547108,617495,to,shang jin cun
47547262,617497,to,Huangpeikuni
47547493,617500,to,jiang bei cun
47547647,617502,to,Xiwei
47547878,617505,to,Chisha
47548263,617510,to,Zhainao
47548571,617514,to,Xiachijiao
47548648,617515,to,Daqishan
47548802,617517,to,Shijing
47548879,617518,to,Jiuling
47549033,617520,to,Jiaowu
47549264,617523,to,Xiaocun
47549341,617524,to,Shihuiba
47549418,617525,to,Yangsheng
47549649,617528,to,hu wu cun
47549726,617529,to,xie wu cun
47549803,617530,to,Shijiu
47549880,617531,to,Huangpu
47549957,617532,to,Kaokiao
47550034,617533,to,Shangba
47550111,617534,to,Hedun
47550188,617535,to,Xiacun
47550419,617538,to,Dawantan
47550496,617539,to,Longbei
47550573,617540,to,Zhutang
47550650,617541,to,Pukisia
47550727,617542,to,Hailuorun
47550804,617543,to,Dashanxia
47550881,617544,to,Lanwu
47550958,617545,to,Jinzhuwo
47551343,617550,to,Zoumadong
47551497,617552,to,Jianchakeng
47551651,617554,to,Jiaokeng
47551728,617555,to,Zengping
47551805,617556,to,Huangniling
47551882,617557,to,Yejiadong
47552036,617559,to,Xiaonankeng
47552267,617562,to,Guifang
47552344,617563,to,Laowuxia
47552421,617564,to,Laomiaoqian
47552498,617565,to,Bankengli
47552575,617566,to,Beitang
47552729,617568,to,Gaofen
47552806,617569,to,Weili
47552960,617571,to,Zhenkengli
47553114,617573,to,Qinglinjing
47553191,617574,to,Zhuangcun
47553268,617575,to,Lilaiba
47553345,617576,to,Zhongcun
47553653,617580,to,Zhangwu
47553730,617581,to,Gaopei
47553807,617582,to,Gongqiao
47553884,617583,to,Aiguanxia
47553961,617584,to,Liaoxia
47554115,617586,to,Aonao
47554192,617587,to,Laowuxia
47554269,617588,to,Laoguanshi
47554423,617590,to,Dunnao
47554577,617592,to,Yushikeng
47554654,617593,to,Pinggangnao
47554808,617595,to,Shangcun
47554962,617597,to,Caizaishan
47555039,617598,to,Lingxia
47555116,617599,to,Shanisia
47555193,617600,to,Ni' ouli
47555270,617601,to,Huangzhutou
47555347,617602,to,Dayuan
47555424,617603,to,Shangxi
47555578,617605,to,Hepingi
47555886,617609,to,Xijiao
47555963,617610,to,Tanbu
47556040,617611,to,Huangping
47556194,617613,to,Maling
47556271,617614,to,Chajiang
47556348,617615,to,\N
47556502,617617,to,Shuikou
47556579,617618,to,Youxian
47556656,617619,to,Yi' an
47556810,617621,to,Peidong
47557041,617624,to,Daba
47557195,617626,to,Shuidong
47557272,617627,to,Zengwu
47557426,617629,to,Hekisi
47557734,617633,to,Xinhua
47558042,617637,to,Youdian
47558119,617638,to,Banling
47558273,617640,to,Longxia
47558350,617641,to,Zhangliang
47558427,617642,to,Yangbian
47558504,617643,to,Emei
47558581,617644,to,Sanjiang
47558812,617647,to,Tantou
47558889,617648,to,Yaotang
47559043,617650,to,Yangxing
47559197,617652,to,Zhouwuba
47559351,617654,to,Qiankeng
47559428,617655,to,Henggangzi
47559736,617659,to,Xiacun
47559813,617660,to,Wuliaoji
47559890,617661,to,Dawuxia
47560121,617664,to,Zhugang
47560275,617666,to,Xiling
47560506,617669,to,Xintianpai
47560660,617671,to,Yingzhukeng
47560968,617675,to,Shangshengbei
47561045,617676,to,Liutian
47561199,617678,to,Dapingtou
47561276,617679,to,Huangjiashi
47561353,617680,to,Taiyanglong
47561507,617682,to,Wushi
47561661,617684,to,Chiqiao
47561969,617688,to,Shukou
47562046,617689,to,Pengcheng
47562123,617690,to,Zhougang
47562200,617691,to,Yanping
47562277,617692,to,Lishan
47562354,617693,to,Chengmen
47562585,617696,to,Baicha
47562662,617697,to,Xiaoyuan
47562739,617698,to,Huangnikou
47562816,617699,to,Genzhu
47562970,617701,to,Dahelin
47563047,617702,to,Donghai
47563201,617704,to,Shanzhuang
47563278,617705,to,Dalong
47563355,617706,to,Wushi
47563432,617707,to,Hongzhou
47563509,617708,to,Hudong
47563817,617712,to,Shezaikeng
47563971,617714,to,Zhongxin
47564510,617721,to,Longxiawan
47564587,617722,to,Huashi
47564664,617723,to,Huangkeng
47564818,617725,to,shang xia ba cun
47564895,617726,to,hua qi cun
47565126,617729,to,Shangbanling
47565203,617730,to,Dabu
47565357,617732,to,pan tian zhen
47565434,617733,to,Zuoma
47565896,617739,to,Xiangshanxia
47565973,617740,to,Taiyangping
47566127,617742,to,lian tang cun
47566358,617745,to,dong keng cun
47566435,617746,to,Changlong
47566512,617747,to,Yaojiawan
47566589,617748,to,Matang
47566666,617749,to,Fuzhu
47566743,617750,to,Pengjialing
47566897,617752,to,Machitang
47566974,617753,to,Kangdu
47567128,617755,to,Aihu
47567205,617756,to,Meifangyuan
47567282,617757,to,Xianyuan
47567436,617759,to,zhu fang
47567590,617761,to,Jiaoshang
47567667,617762,to,Yijia
47567744,617763,to,Pingtang
47567821,617764,to,Kengkou
47567898,617765,to,Zhangshuxia
47567975,617766,to,Dongyuan
47568052,617767,to,Longshan
47568129,617768,to,Tianwu
47568206,617769,to,Xiawo
47568283,617770,to,Dapingli
47568360,617771,to,lai wu shi
47568437,617772,to,Hengzhangkeng
47568514,617773,to,Huangsha Kengkou
47568668,617775,to,Zhangkeng
47568822,617777,to,Gongbeishang
47568899,617778,to,Heshang Sibei
47569053,617780,to,Tianxin
47569130,617781,to,he qiu cun
47569361,617784,to,ji xiang cun
47569592,617787,to,Xiaokuang
47569669,617788,to,Tuzipai
47570208,617795,to,Wutongpai
47570362,617797,to,Zengkeng
47570439,617798,to,Maliao
47570516,617799,to,Baishi
47570593,617800,to,Dalubei
47570670,617801,to,qian feng cun
47570824,617803,to,Shangbao
47570901,617804,to,Bankeng
47570978,617805,to,da ben cun
47571055,617806,to,Zhoufang
47571132,617807,to,Liyu
47571286,617809,to,Shebei
47571517,617812,to,Meiziyuan
47571594,617813,to,Wulipai
47571748,617815,to,Yangkeng
47571825,617816,to,Shangxinwu
47571902,617817,to,Shaojiwo
47572056,617819,to,Baiguokeng
47572133,617820,to,Quanjiao
47572287,617822,to,shang yao cun
47572364,617823,to,shang long cun
47572518,617825,to,Hemu
47572672,617827,to,Shangongkeng
47572749,617828,to,Hezibei
47572903,617830,to,Jiaotang
47573057,617832,to,xikou zhen
47573211,617834,to,Egongbi
47573442,617837,to,\N
47573596,617839,to,Huangqiutang
47573827,617842,to,Gaodongnao
47573981,617844,to,Shaping
47574058,617845,to,Laoshikeng
47574135,617846,to,Laohuyan
47574212,617847,to,Zimulin
47574520,617851,to,Shangpingshan
47574597,617852,to,Dongkengzi
47574751,617854,to,Wanxi
47574828,617855,to,Luoxing
47574905,617856,to,Xinxi
47575059,617858,to,Zhuangxia
47575136,617859,to,Shantian
47575213,617860,to,Xialu
47575675,617866,to,Zhangshushan
47575752,617867,to,Lingbei Zhoujia
47575983,617870,to,Naniuani
47576060,617871,to,Zhongxi
47576214,617873,to,Yuantou
47576599,617878,to,Zhujia
47576907,617882,to,Xikeng
47576984,617883,to,Tangbian
47577061,617884,to,Paizishang
47577215,617886,to,Cheping
47577292,617887,to,Baishuxia
47577446,617889,to,Zhongjianwu
47577523,617890,to,Xiahuangsha
47577754,617893,to,Shixian
47577831,617894,to,Cangbei
47577908,617895,to,Epen
47577985,617896,to,Beikeng
47578062,617897,to,Huangzhukeng
47578139,617898,to,Fenshui' ao
47578216,617899,to,Ejing
47578370,617901,to,Qiujia
47578447,617902,to,Qiujiapai
47578601,617904,to,Longjiawan
47578678,617905,to,Wuchangli
47578832,617907,to,Xiebei
47579063,617910,to,Zhongqia
47579371,617914,to,Naniuani
47579448,617915,to,Taoshang
47579525,617916,to,Lijia
47579679,617918,to,Xinnan
47579833,617920,to,Shangdongcao
47579910,617921,to,Xiatiannan
47579987,617922,to,Qiujia
47580064,617923,to,Xiahejia
47580141,617924,to,Liwangyuan
47580295,617926,to,Liyanxi
47580372,617927,to,Shankeng
47580526,617929,to,Luoxi
47580603,617930,to,Xihuashan
47580680,617931,to,Huangdu
47580834,617933,to,Damentan
47580911,617934,to,Shizhai
47580988,617935,to,Xiaoyan
47581142,617937,to,yang mei zhen
47581219,617938,to,Sanchebei
47581835,617946,to,Matoushang
47581912,617947,to,Maguping
47582066,617949,to,Shangcun
47582374,617953,to,Liuani
47582451,617954,to,Tangbei
47582759,617958,to,Shanjiakeng
47582913,617960,to,Anxia
47582990,617961,to,Boji
47583144,617963,to,Xiazeng
47583221,617964,to,Duwu
47583298,617965,to,Shangyaotang
47583452,617967,to,Jieyuan
47583529,617968,to,Xia' an
47583914,617973,to,shang luo shi
47584068,617975,to,Lingipei
47584145,617976,to,Banlingpai
47584299,617978,to,Taofeng
47584453,617980,to,Shangyangtang
47584530,617981,to,Yuanxing
47584607,617982,to,Litian
47584838,617985,to,Chenbu
47584992,617987,to,Shangshan
47585069,617988,to,Dakeng
47585146,617989,to,Shangdong
47585223,617990,to,Xinwu
47585377,617992,to,Jianshan
47585454,617993,to,Xiawu
47585531,617994,to,Shuibei
47585916,617999,to,Wentiannao
47585993,618000,to,Chetouba
47586070,618001,to,Sizi
47586147,618002,to,Jilongceng
47586224,618003,to,Qiantang
47586378,618005,to,Caodaobei
47586455,618006,to,he jin shi
47586532,618007,to,Anbei
47586609,618008,to,Yangye
47586686,618009,to,Shanghuangwu
47586994,618013,to,Qixin
47587071,618014,to,Dabei
47587148,618015,to,tian wei xiang
47587225,618016,to,wan tian cun
47587302,618017,to,Huangpei
47587379,618018,to,Xinjing
47587533,618020,to,Dianbeikeng
47587610,618021,to,Anqian
47587687,618022,to,Shangtongkeng
47587764,618023,to,Baishuxia
47587918,618025,to,Liwu
47588072,618027,to,Shanisia
47588149,618028,to,Dazhuyuan
47588226,618029,to,Dongtian
47588303,618030,to,Rentou
47588457,618032,to,gu ying cun
47588611,618034,to,ping gang cun
47588765,618036,to,Shanglinggang
47588842,618037,to,hong qi
47588919,618038,to,Guilong
47588996,618039,to,Wuchangpai
47589073,618040,to,Wukeng
47589381,618044,to,Hepei
47589458,618045,to,Duinao Paizi
47589535,618046,to,Shangcun
47589612,618047,to,Shibantang
47589689,618048,to,Hezibei
47589843,618050,to,Luoshi
47589920,618051,to,Zhengkeng
47590074,618053,to,gao keng cun
47590151,618054,to,Shuikou
47590228,618055,to,Datang
47590305,618056,to,Xiayang
47590382,618057,to,Shizhen
47590613,618060,to,Xiashan
47590690,618061,to,Dahua
47590844,618063,to,Yuankeng
47590921,618064,to,Pengjing
47590998,618065,to,Dongxia
47591152,618067,to,Yagongqiu
47591229,618068,to,Laowuxia
47591383,618070,to,Chetiannao
47591460,618071,to,Shihechang
47591537,618072,to,Zhongxinba
47591768,618075,to,xin huai cun
47591845,618076,to,peng wu cun
47591999,618078,to,zhong he cun
47592076,618079,to,Xiawei
47592153,618080,to,Xingming
47592384,618083,to,Jiantan
47592461,618084,to,Peisia
47592538,618085,to,Majing
47592615,618086,to,Dafunao
47592846,618089,to,Zhubaxia
47593077,618092,to,Xiashawo
47593308,618095,to,Shangshan' an
47593539,618098,to,Xuezi
47593924,618103,to,Fenglong
47594078,618105,to,Xiadongkeng
47594155,618106,to,Fuqiao
47594232,618107,to,Fuxi
47594309,618108,to,Guishitan
47594386,618109,to,Miaoqian
47594463,618110,to,Baligao
47594540,618111,to,Shaihegang
47594617,618112,to,Tangbei
47594771,618114,to,lian feng cun
47594848,618115,to,Qinglongwo
47594925,618116,to,Yangzishi
47595233,618120,to,Cheduixia
47595310,618121,to,Gaowu
47595387,618122,to,Yaqikeng
47595618,618125,to,Meiziba
47595926,618129,to,Maozhanxia
47596157,618132,to,Xiaowei
47596234,618133,to,Zhonglai
47596311,618134,to,dong keng zhen
47596388,618135,to,Huangfang
47596465,618136,to,Aoshang
47596542,618137,to,Luobukeng
47596619,618138,to,Tianluozhou
47596773,618140,to,Qingshuitang
47596850,618141,to,Zhaigao
47597004,618143,to,Dalingxia
47597081,618144,to,Sekou
47597697,618152,to,Paizinao
47597851,618154,to,qiao tou zhen
47597928,618155,to,Chabazi
47598159,618158,to,Hongxing
47598236,618159,to,Hejing
47598390,618161,to,Wanxing
47598544,618163,to,Shangshanba
47598775,618166,to,Zhukeng
47598852,618167,to,Dapingshan
47599083,618170,to,Shuiwei
47599160,618171,to,Huangdi
47599314,618173,to,Yuanbei
47599391,618174,to,Zhanggongpai
47599468,618175,to,Guanyinqian
47599622,618177,to,Lingxia
47599699,618178,to,kai feng shi
47599776,618179,to,Luowu
47599930,618181,to,Liangba
47600007,618182,to,Dapingnao
47600238,618185,to,Niujiaoshan
47600315,618186,to,Lishuxia
47601008,618195,to,jin long cun
47601085,618196,to,san he cun
47601162,618197,to,Sukeng
47601316,618199,to,you cai cun
47601470,618201,to,li tian cun
47601624,618203,to,Manao
47601855,618206,to,Niupilingbei
47601932,618207,to,Daheba
47602009,618208,to,Fukengba
47602471,618214,to,Jiaolinkeng
47602548,618215,to,Xiazhou
47602625,618216,to,Yanhu
47602702,618217,to,Shentang
47603010,618221,to,Gufang
47603087,618222,to,Xiaxie
47603472,618227,to,Aoshang
47603549,618228,to,Dongkengzi
47603626,618229,to,Zhangzinao
47603780,618231,to,fang ba
47603857,618232,to,Bailuling
47604088,618235,to,dong keng zhen
47604165,618236,to,guo xing xiang
47604396,618239,to,an shan shi
47604473,618240,to,Shifodun
47604550,618241,to,Songlin
47604704,618243,to,Xixi
47604781,618244,to,Xintangkeng
47604858,618245,to,Sankeng
47604935,618246,to,Qushuikeng
47605166,618249,to,Zhuchangdong
47605243,618250,to,Shagao
47605474,618253,to,Xiacun
47605628,618255,to,ji tian cun
47605705,618256,to,Dongqingpai
47605782,618257,to,Louzixia
47605859,618258,to,Shipaishang
47605936,618259,to,Shangwan
47606090,618261,to,Jiutanshan
47606244,618263,to,Hantang
47606321,618264,to,Xiahuangsha
47606398,618265,to,Hanpai
47606475,618266,to,Shigu
47606552,618267,to,Datangkeng
47606629,618268,to,Jiabei
47606783,618270,to,Shangpiankeng
47606860,618271,to,Liutian
47606937,618272,to,jing kou cun
47607091,618274,to,long tou cun
47607168,618275,to,cai yang cun
47607245,618276,to,Renhe
47607322,618277,to,Huangni
47607630,618281,to,Shabei
47607784,618283,to,Wangling
47607938,618285,to,Shuiming
47608554,618293,to,Nanisani
47608631,618294,to,Jinglong
47608785,618296,to,Shuizhou
47608862,618297,to,Yanguang
47609093,618300,to,Lingzinao
47609247,618302,to,Dianxia
47609401,618304,to,Gaopai
47609478,618305,to,Heshu' ao
47609786,618309,to,Guilinshan
47609940,618311,to,Shangqintang
47610017,618312,to,qiao tou zhen
47610094,618313,to,Xiacun
47610248,618315,to,Jing' anshan
47610402,618317,to,Gaoliang
47610633,618320,to,Miaoxia
47610710,618321,to,Xinwuzi
47610787,618322,to,Suoyikeng
47610941,618324,to,Changduan
47611172,618327,to,Jingdong
47611326,618329,to,Laowu Shixia
47611403,618330,to,Fanluogai
47611557,618332,to,Zhonghe
47611788,618335,to,Shangyangcheng
47611942,618337,to,Hetang
47612019,618338,to,Dachayuan
47612096,618339,to,dong keng zhen
47612404,618343,to,Miao' an
47612481,618344,to,Xiabaling
47612789,618348,to,Laowuli
47612866,618349,to,Songshuxia
47612943,618350,to,Chashanli
47613097,618352,to,Chishajing
47613174,618353,to,Mukou
47613405,618356,to,jing li
47613559,618358,to,Daping
47614021,618364,to,Nankeng
47614098,618365,to,Maogongtang
47614252,618367,to,Xiazhao
47614329,618368,to,Changtang
47614483,618370,to,he chen zhen
47614637,618372,to,Hutiao
47614714,618373,to,Nantian
47614868,618375,to,Pingtiankeng
47614945,618376,to,Miloukeng
47615176,618379,to,Chayashan
47615253,618380,to,Nuanshui
47615407,618382,to,Xialiutian
47615484,618383,to,dong keng zhen
47615638,618385,to,Shuanglong
47615715,618386,to,Shangpianshan
47616023,618390,to,Yangmeitang
47616177,618392,to,Shangba
47616254,618393,to,shang lin cun
47616331,618394,to,jin sha cun
47616485,618396,to,Shatang
47616716,618399,to,Liaowupai
47616793,618400,to,Duannao
47616870,618401,to,Zuobei
47616947,618402,to,Fuwu
47617024,618403,to,Changlai
47617101,618404,to,Zouwu
47617178,618405,to,Beizishi
47617255,618406,to,Jikeng' an
47617332,618407,to,Zhuziwo
47617409,618408,to,Shizixia
47617563,618410,to,Xiamaba
47617640,618411,to,Zhaijiaoxia
47617794,618413,to,Pantang
47617871,618414,to,guang ming cun
