id,city_id,language_key,name
55158069,716339,mk,донг уу йиа
55158377,716343,mk,зоу йиа по
55159378,716356,mk,киан сан йиа
55160302,716368,mk,да йинг ге зхуанг
55160610,716372,mk,сханг хе тоу
55161226,716380,mk,да зху мао
55162227,716393,mk,Кјанхету
55165615,716437,mk,донг схан по
55165769,716439,mk,дуан бу зхуанг
55167001,716455,mk,Шањинцун
55169080,716482,mk,ли ксиан зхуанг
55169465,716487,mk,Гуанжуанг
55170158,716496,mk,Ксинџуанг
55170389,716499,mk,да ли йиа туан
55170543,716501,mk,лиу йиа бу зи
55172314,716524,mk,схи хе
55172468,716526,mk,кси сан доу хе
55173084,716534,mk,лу ксиан зхуанг
55173700,716542,mk,гуанг схан
55174547,716553,mk,ку фанг
55175009,716559,mk,зхонг дао
55177319,716589,mk,лиу сху зхуанг
55178551,716605,mk,зху фу
55178628,716606,mk,пинг зхенг тун
55178705,716607,mk,ма гу зхуанг
55179244,716614,mk,ыоу йиа йи
55181169,716639,mk,киан по зи
55182478,716656,mk,гао йиа сха линг зи
55183633,716671,mk,цхен зхуанг
55185327,716693,mk,ыу туан
55186328,716706,mk,донг моу
55188638,716736,mk,зханг ге зхуанг
55189408,716746,mk,Бози
55189562,716748,mk,ксиа по
55189639,716749,mk,Дахан
55192796,716790,mk,киан хаи донг
55192873,716791,mk,ниухе
55193027,716793,mk,йианг йиа тун
55193258,716796,mk,хуанг лонг зхуанг
55193489,716799,mk,зхаи ли
55194413,716811,mk,зха зи йи
55195260,716822,mk,ксиао йиа тун
55195337,716823,mk,схуи ниу
55195722,716828,mk,ыуан ге зхуанг
55196954,716844,mk,лу йиа зхуанг
55197647,716853,mk,гао йиа уу зи
55197724,716854,mk,да кси зхуанг
55197955,716857,mk,донг диан зи
55198186,716860,mk,кси гонг йиа зхуанг
55198494,716864,mk,ма ге зхуанг
55200111,716885,mk,донг да сонг
55200419,716889,mk,хоу да цун
55200496,716890,mk,ыуе гоу
55200573,716891,mk,схи мен тинг
55200727,716893,mk,донг пен ку
55200804,716894,mk,да схун хе
55201035,716897,mk,донг лонг куан
55201189,716899,mk,гуан йиа хе тао
55201266,716900,mk,туан йие
55201497,716903,mk,донг ыин ма куан
55201651,716905,mk,цхаи бу ыинг
55201728,716906,mk,ксу йиа лу схуи
55201882,716908,mk,киан ки гоу
55201959,716909,mk,кси гонг цун
55202036,716910,mk,донг гонг цун
55202113,716911,mk,да тун
55202190,716912,mk,Гоезуеток
55202267,716913,mk,ксиан гоу
55202652,716918,mk,тиан таи
55202960,716922,mk,хоу лиу йиа ксиао зхуанг
55203037,716923,mk,сха хе
55203114,716924,mk,Ксихуанг Гуанцун
55203268,716926,mk,миао йиа зхуанг
55203961,716935,mk,ли йиа таи луо
55204115,716937,mk,донг фу ле
55204269,716939,mk,фанггоу
55204423,716941,mk,зхао йиа цун
55204577,716943,mk,ксиао ыуан диан зи
55204731,716945,mk,схи уу ли куанг
55204808,716946,mk,цхи йиа тун
55204962,716948,mk,зху гуо цун
55205193,716951,mk,лу йиа да цун
55205270,716952,mk,Сикијан
55205424,716954,mk,да уанг ыи
55206040,716962,mk,ли зи ксинг
55206502,716968,mk,схи гоу
55208658,716996,mk,дао ер хе
55208735,716997,mk,тиан йиа ыао
55208812,716998,mk,зху гуо
55210891,717025,mk,донг а туо
55211045,717027,mk,уо луо зи
55211353,717031,mk,ксу ге зхуанг
55211738,717036,mk,Хујанг Шеку
55212200,717042,mk,лиу уанг да зхуанг
55213432,717058,mk,Ванџиавојуе
55213740,717062,mk,гао йиа зхаи
55214202,717068,mk,хеи ту куанг
55214895,717077,mk,донг уанг йиа куанг
55217513,717111,mk,Вали
55218976,717130,mk,кси беи зхуанг
55219361,717135,mk,фенг таи
55220824,717154,mk,хаи ли ган
55221132,717158,mk,Ниуханг
55221517,717163,mk,ксиао схао тоу
55222210,717172,mk,ыангки линг
55223904,717194,mk,зханг йианг лу йие дао
55226445,717227,mk,уеи йиа
55227754,717244,mk,уан йиа пинг
55228293,717251,mk,гао йиа гоу
55229217,717263,mk,кинг ганг гоу
55229525,717267,mk,ксиао йиа цун
55230295,717277,mk,да линг
55230603,717281,mk,Диџијахе
55230988,717286,mk,Шикиао
55231373,717291,mk,по лоу
55231912,717298,mk,лиу бо туан
55232143,717301,mk,коу сханг
55235531,717345,mk,ли гу зхуанг
55236609,717359,mk,да мао зхуанг
55238842,717388,mk,да хао йиа цун
55239535,717397,mk,конг ге зхуанг
55239766,717400,mk,да ки йи
55240228,717406,mk,ба ли зхуанг
55240690,717412,mk,зхонг зху ыин
55242307,717433,mk,нан йие лиу
55242384,717434,mk,йие лиу
55242846,717440,mk,Дашанкси
55243539,717449,mk,динг йиа сха уу
55245156,717470,mk,Донгпинг
55245618,717476,mk,Жонгјуан
55245695,717477,mk,ган хе цхен
55245772,717478,mk,Ксинџуанг
55246311,717485,mk,ер пинг зи
55247158,717496,mk,сан хе
55247235,717497,mk,да ба
55249083,717521,mk,уеи кианг тоу
55249468,717526,mk,гао кан
55249776,717530,mk,Хуангкао Шеку
55250084,717534,mk,тонг зи уан
55250700,717542,mk,цхуан си ба
55250777,717543,mk,Жонгхечанг
55250854,717544,mk,тантоу цханг
55250931,717545,mk,Душагуан
55251008,717546,mk,схизи ба
55251085,717547,mk,Ксинглонгчанг
55252163,717561,mk,хоу тун
55253780,717582,mk,схи йиа
55254473,717591,mk,да бу хоу
55254550,717592,mk,уо луо
55255012,717598,mk,да кси схао
55255089,717599,mk,дан схан
55256398,717616,mk,Ксиханџиќун
55257630,717632,mk,лиу ге зхуанг
55257861,717635,mk,Давангксиан
55258092,717638,mk,гуо йиа тиан ге зхуанг
55258246,717640,mk,кси ксиа уан
55258554,717644,mk,киан лиу йиа ыинг зи
55258631,717645,mk,сун йиа ыинг зи
55258708,717646,mk,ксу йиа гуан зхуанг
55258785,717647,mk,хуи цун
55258939,717649,mk,Чианганксиан
55259170,717652,mk,динг цун менг йиа
55259478,717656,mk,хоу цхе лиу
55259632,717658,mk,ыангзхуанг
55259709,717659,mk,зху йиа ыинг
55259940,717662,mk,да ли йиа
55260094,717664,mk,Кианденг
55260325,717667,mk,ыангйиа киао
55260479,717669,mk,кси йин таи
55261403,717681,mk,кси киан ку
55261865,717687,mk,кси по зи
55262327,717693,mk,ыу лин зи
55262866,717700,mk,Ханџиаханг
55264252,717718,mk,хуанг йиа ксин
55264483,717721,mk,ыу бу
55264868,717726,mk,нан зи тинг
55266023,717741,mk,Кингксианг
55266100,717742,mk,Кингфу
55266562,717748,mk,Донгксин
55267332,717758,mk,лин йиа ыоуфанг
55267640,717762,mk,куан зи
55268333,717771,mk,пенг хе схи
55269103,717781,mk,схан кси тоу
55269873,717791,mk,да гуан зхуанг
55270104,717794,mk,киан схуи цхе гоу
55270951,717805,mk,хан йиа ыинг зи
55271336,717810,mk,уеи йиа линг
55271952,717818,mk,Ксиеху
55272491,717825,mk,Шилинг
55274647,717853,mk,Хонгда
55274801,717855,mk,Ыиксиао
55275186,717860,mk,Дају
55275263,717861,mk,Туануа
55277111,717885,mk,ганг ба
55277188,717886,mk,Јеонгњанг
55278420,717902,mk,цхен йинг
55278574,717904,mk,Ксинглонг
55278728,717906,mk,зхонг донг
55280730,717932,mk,као ыу уан
55281115,717937,mk,ыун ан
55281346,717940,mk,донг сха
55281577,717943,mk,лиу хе
55281731,717945,mk,сха нан
55282039,717949,mk,Ксинво
55284426,717980,mk,Панјанг
55287660,718022,mk,гуи хуа цун
55288507,718033,mk,сан ду цун
55289893,718051,mk,динг гу цун
55290586,718060,mk,ка ер йианг ма цун
55291818,718076,mk,йиа зонг
55294282,718108,mk,ду лонг
55294667,718113,mk,Ксијаканг
55296361,718135,mk,схан ые
55296746,718140,mk,ганг сха
55297131,718145,mk,донг бо цун
55297285,718147,mk,зха да бу ри
55300519,718189,mk,нинг гонг
55303984,718234,mk,гегероу
55305524,718254,mk,манг га зхе цху га
55307526,718280,mk,Алатан'молезхен
55308450,718292,mk,Схийи
55309374,718304,mk,Беидакун
55309990,718312,mk,ксиангйиа зхуанг
55310221,718315,mk,ксиао линг нан тоу
55310683,718321,mk,пинг таи
55311530,718332,mk,йиа цанг
55311684,718334,mk,кси зханг хе
55314456,718370,mk,Санли
55315072,718378,mk,схи хуа
55318383,718421,mk,зху зхуанг
55319153,718431,mk,Ксинмин
55322464,718474,mk,зхонг схе
55322618,718476,mk,нан линг
55322695,718477,mk,ыу лонг
55322926,718480,mk,Донгтуан
55325544,718514,mk,Пуџија
55325621,718515,mk,ми ти зи
55325698,718516,mk,Таму Аледи
55325852,718518,mk,ни са хе
55326006,718520,mk,а фандуо ке
55326391,718525,mk,ка ранг гу та ге
55326622,718528,mk,киа леи бу на ке ри кси
55327161,718535,mk,Нуербаге
55328470,718552,mk,ыа фула ке
55330780,718582,mk,Багеќи
55332320,718602,mk,саи ыи ки а ке та схен
55333321,718615,mk,Кидиер Санзу
55333398,718616,mk,ба ыа тие реке
55333552,718618,mk,Рехаите Багецун
55333937,718623,mk,ыинг ба ге
55334014,718624,mk,сха ка леи
55334091,718625,mk,а ксиао
55334399,718629,mk,уу ситанг бо ыи
55334476,718630,mk,ка па ке маи ли
55334630,718632,mk,ксиао ер ба ге
55335015,718637,mk,руо ке
55336324,718654,mk,а ке ки бу ла ке
55337479,718669,mk,Тавакуле
55337633,718671,mk,уо ыи ланг
55338095,718677,mk,хан аи ри ке
55339789,718699,mk,Рекси
55341252,718718,mk,ксиангмаи
55341637,718723,mk,йиа ре
55342638,718736,mk,банг бу
55342869,718739,mk,дуо пинг
55343254,718744,mk,ксиа га
55344024,718754,mk,Наку
55348105,718807,mk,Џигонг
55349491,718825,mk,Риаважале
55349876,718830,mk,Осмели се
55351878,718856,mk,минг зи цун
55352571,718865,mk,да мао цун
55352648,718866,mk,схи пинг цун
55354342,718888,mk,ган тиан цун
55355035,718897,mk,хеи тие цун
55356113,718911,mk,ксин лин цун
55356652,718918,mk,хе пинг цун
55357268,718926,mk,Уанхецханг
55357730,718932,mk,да данг цун
55358269,718939,mk,ние цхи цун
55359578,718956,mk,тун доу цун
55359732,718958,mk,Пенгйиа Зхаизи
55360117,718963,mk,Схуизхулин
55360194,718964,mk,Мосхиыи
55360348,718966,mk,Чангпинг
55360579,718969,mk,Ксишакиао
55360810,718972,mk,Нахапинг
55360887,718973,mk,Таихуа
55362196,718990,mk,Схангтианба
55362504,718994,mk,Ксијангјанг
55363428,719006,mk,Тајпинг
55365815,719037,mk,Зхаизи
55366354,719044,mk,Синкун
55366970,719052,mk,Тианксинчанг
55367432,719058,mk,Џиангбу
55367586,719060,mk,Ыуелейие
55367663,719061,mk,Хуанггекси
55367740,719062,mk,Ксијаохебиски
55367817,719063,mk,Тиексианкси
55367894,719064,mk,Хуангингба
55368202,719068,mk,Ксионгкуи
55368741,719075,mk,Киаошанг
55369203,719081,mk,Зоумацханг
55369280,719082,mk,ланг йиу
55369357,719083,mk,йи се гу мен
55369973,719091,mk,Жонгба
55370127,719093,mk,Схуиыинг
55370589,719099,mk,Ыуйиазхаи
55371282,719108,mk,Ыуанзи
55371436,719110,mk,Хуилонг
55371513,719111,mk,Венксинг
55372668,719126,mk,Хеба
55372899,719129,mk,Фенгјанг
55374208,719146,mk,Ганхе
55374593,719151,mk,Ланбакоу
55374747,719153,mk,Санкоутанг
55374901,719155,mk,Схуитианзхаи
55374978,719156,mk,Кингфенглин
55375594,719164,mk,цха рен
55376210,719172,mk,Ксијангјанг
55377981,719195,mk,Сханйиао
55378212,719198,mk,Џиекун
55379213,719211,mk,ма диан цун
55380830,719232,mk,мукиао цун
55380984,719234,mk,Схуигоу
55381831,719245,mk,Лаодианзи
55382370,719252,mk,да фу цун
55382986,719260,mk,Жонгкун
55383602,719268,mk,нан туан цун
55384295,719277,mk,Йиези
55384372,719278,mk,Лаоџиези
55384449,719279,mk,Ксинжај
55384526,719280,mk,хуоде цун
55385219,719289,mk,Сангуанзхаи
55386605,719307,mk,ган цхонг цун
55386913,719311,mk,йи лу цун
55387298,719316,mk,Лаофангзи
55387375,719317,mk,Лаойие
55389608,719346,mk,ба геда те
55389993,719351,mk,Јингавати
55391302,719368,mk,куо ыи ке аи гелеи
55393073,719391,mk,бу зха
55393458,719396,mk,ли танг
55394074,719404,mk,Селе
55395229,719419,mk,Куга
55396846,719440,mk,ганг ке
55398617,719463,mk,ниу кионг ла га
55398848,719466,mk,ронг донг
55399079,719469,mk,зха лонг рен му
55399541,719475,mk,да цанг
55400619,719489,mk,ба ксуе ку ан
55400927,719493,mk,схе леи
55402313,719511,mk,ксиа лонг
55405239,719549,mk,банг ла
55405701,719555,mk,йиа цха
55408396,719590,mk,се йиао
55409936,719610,mk,лу ма танг
55411168,719626,mk,лаи ру дуо
55411784,719634,mk,цаи зха
55411861,719635,mk,ксиа нонг
55412246,719640,mk,га цанг
55412477,719643,mk,ланг муцуо
55412554,719644,mk,га ронг луо
55412631,719645,mk,канг ма ер
55412785,719647,mk,сонгдуо
55412939,719649,mk,ку цхи ма гу
55413093,719651,mk,хуоер ксуна бу ксиу
55413401,719655,mk,га ер ганг
55413478,719656,mk,Маима
55414248,719666,mk,гуо ба
55414402,719668,mk,ру цун
55415172,719678,mk,наи кионг
55415711,719685,mk,та цун
55415865,719687,mk,ла ла га
55416789,719699,mk,туо хе ма ке
55417636,719710,mk,ку леи аи ри ке
55418483,719721,mk,йиа ыи туо гела ке
55419869,719739,mk,Каредунцун
55421178,719756,mk,па хе фу
55422256,719770,mk,ке аи ыа ке
55422564,719774,mk,Ренгани Йхар
55423642,719788,mk,на ыи
55423950,719792,mk,ри зхао
55424027,719793,mk,це хуи ые ыинг де
55424181,719795,mk,Далијуан
55424258,719796,mk,Гуйи
55425028,719806,mk,дуи зхуцун
55425875,719817,mk,уа схуи цун
55425952,719818,mk,ми суо цун
55427030,719832,mk,схан киао цун
55427877,719843,mk,кинг йиао цун
55428339,719849,mk,Цуипинг
55429879,719869,mk,Ксијаотиеханг
55431881,719895,mk,а ли уо цун
55433344,719914,mk,Туолуо
55435885,719947,mk,Лупинг
55437271,719965,mk,ыанг схан цун
55437425,719967,mk,тиан йиа цун
55438272,719978,mk,ыу му цун
55439273,719991,mk,ха ке цун
55439504,719994,mk,цхао ыанг цун
55439966,720000,mk,пинг де цун
55440351,720005,mk,боле цун
55440428,720006,mk,да ху цун
55440736,720010,mk,да сонгсху цун
55441121,720015,mk,Бајанцун
55441198,720016,mk,да схуи цун
55441506,720020,mk,ка зхуцун
55441660,720022,mk,хонг ыан цун
55441737,720023,mk,Далисху
55441814,720024,mk,банпо цун
55441968,720026,mk,кинг хе цун
55442045,720027,mk,Баиту
55442122,720028,mk,ыао диан цун
55442199,720029,mk,ые зхуцун
55442276,720030,mk,ганг цханг цун
55442507,720033,mk,ли зи кинг цун
55443431,720045,mk,мие зе цун
55443816,720050,mk,пинг кинг цун
55444124,720054,mk,ни де пинг цун
55444201,720055,mk,ыин донг цун
55444278,720056,mk,танпенг цун
55444432,720058,mk,ер дао пинг цун
55444663,720061,mk,Јинџиацун
55444894,720064,mk,фенг хуанг цун
55445048,720066,mk,Лаоцун
55447589,720099,mk,Сханзиди
55451439,720149,mk,зи кун ти йиа
55451670,720152,mk,Калетие Шимажа
55455289,720199,mk,Салева
55455597,720203,mk,ка ксу теуан цун
55457368,720226,mk,бао зи ыа
55457522,720228,mk,та ер а гези
55458754,720244,mk,а реса ыи
55461064,720274,mk,ыу лонг
55461218,720276,mk,а ретуизи
55461526,720280,mk,кионгса ыи
55461834,720284,mk,Бенцханг
55462065,720287,mk,ки мули ке
55462296,720290,mk,Масонгке
55462450,720292,mk,Ыимаодуо
55462681,720295,mk,гао ан схи
55464298,720316,mk,Киавале
55465376,720330,mk,Дега
55465684,720334,mk,Кангронг
55465761,720335,mk,Дасхифанг
55466146,720340,mk,Лезуони
55466300,720342,mk,Куле
55466762,720348,mk,бу ла ке беи кси
55467994,720364,mk,Цаохаизи
55469457,720383,mk,Цхенгган
55472460,720422,mk,Вуџија
55473153,720431,mk,Пуџиаван
55473846,720440,mk,Џиаоксијаку
55474616,720450,mk,Лаоџиези
55476926,720480,mk,Синкун
55477850,720492,mk,Фаге
55478004,720494,mk,Бахонг
55478081,720495,mk,Сху' ан
55478851,720505,mk,Андонгканг
55480468,720526,mk,туо ка ыи
55480930,720532,mk,а де ресиманцун
55481007,720533,mk,туо гаи су ла ке
55481161,720535,mk,Ыангцао
55481238,720536,mk,Каји
55482316,720550,mk,Дасонгыуан
55483086,720560,mk,Хуанглисху
55483702,720568,mk,Йиадиан
55483779,720569,mk,Ыоумаиди
55484164,720574,mk,Кети
55484549,720579,mk,Ксинхуа
55484703,720581,mk,Ксинглонг
55485242,720588,mk,Маосханйие
55485781,720595,mk,Ма' анкиао
55486089,720599,mk,Ксијаопингба
55486243,720601,mk,Музенг
55486474,720604,mk,су уу ки
55487167,720613,mk,мобу
55489092,720638,mk,ксин зхаи цун
55489169,720639,mk,баисуо цун
55489246,720640,mk,лисху пинг цун
55489477,720643,mk,ыанглиу цун
55489554,720644,mk,хаи кинг цун
55490016,720650,mk,Адукун
55490324,720654,mk,ке йи цун
55492249,720679,mk,мосхи цун
55492865,720687,mk,Схийийиа
55492942,720688,mk,денг йиа цун
55493019,720689,mk,а зхи цун
55493096,720690,mk,лиан фенг цун
55493173,720691,mk,зхи ду цун
55493712,720698,mk,ксин хе цун
55495175,720717,mk,ксин фа цун
55495560,720722,mk,цхи на хе цун
55495637,720723,mk,хонг ыан цун
55495714,720724,mk,ми тиан цун
55497331,720745,mk,даи пинг цун
55498178,720756,mk,ма цханг зхен
55498563,720761,mk,киа де
55499025,720767,mk,ыонган цун
55499718,720776,mk,канг ри ыанг та ке
55500026,720780,mk,Кумуши Булонг
55502105,720807,mk,ту гемантелеи му
55503876,720830,mk,зхенксианг схеку
55503953,720831,mk,Џуанвеи ши
55505108,720846,mk,пуцанг цун
55505955,720857,mk,Ердаохе
55506109,720859,mk,йи ке цун
55506263,720861,mk,хаи де цун
55506340,720862,mk,де де цун
55507418,720876,mk,тоу дао гоу
55507803,720881,mk,Ксиаомикси
55508188,720886,mk,баи муцун
55508804,720894,mk,Дапингзи
55509266,720900,mk,цха лу цун
55509651,720905,mk,хе му цун
55510421,720915,mk,Зхуйиацун
55510729,720919,mk,да ксинг цун
55515195,720977,mk,Џианксинцун
55516042,720988,mk,Схуанглонг
55516350,720992,mk,Зуопенг
55516581,720995,mk,Ксијатанг
55518660,721022,mk,Схуизицхонг
55520354,721044,mk,Дабаисха
55521586,721060,mk,Тангпилианг
55521817,721063,mk,Генгде
55522202,721068,mk,Схирен
55522356,721070,mk,санг та му
55523049,721079,mk,Пала
55524666,721100,mk,Йиансхан
55525205,721107,mk,ыи гезуо ыи
55525821,721115,mk,дун куо тан
55526129,721119,mk,ыинг ну ер
55526899,721129,mk,Енхонг
55526976,721130,mk,Беисхе
55527746,721140,mk,маи нонг
55528516,721150,mk,цанг пу
55528747,721153,mk,му лонг
55529132,721158,mk,ксиа цуо
55529209,721159,mk,зуо цуо
55529363,721161,mk,куобанг
55531519,721189,mk,луо ре
55532982,721208,mk,ма гуо
55534137,721223,mk,Шикун
55534214,721224,mk,Ксикун
55534291,721225,mk,га мудуо
55534522,721228,mk,ку лонг гонг ба
55534753,721231,mk,сонгдуо
55535061,721235,mk,ла кианг
55535215,721237,mk,наи цун
55535292,721238,mk,га диан
55535369,721239,mk,лу лонг
55535908,721246,mk,гебаи
55536139,721249,mk,йие ре
55536755,721257,mk,ни канг
55537987,721273,mk,зхонг канг
55538911,721285,mk,дуи рен
55539296,721290,mk,цха а зха
55540374,721304,mk,га бу кие
55540759,721309,mk,ыа ма на
55540990,721312,mk,гун таи
55541144,721314,mk,дуо гуо
55541298,721316,mk,гонг йиао
55541375,721317,mk,дуо ру леи га
55542992,721338,mk,цха йи
55543454,721344,mk,Каву
55543839,721349,mk,ла ронг
55548074,721404,mk,куе лонг
55548151,721405,mk,Луова
55548228,721406,mk,ксиа леи
55548613,721411,mk,лу ту ер
55549614,721424,mk,Ксијаданг
55549922,721428,mk,киу ксуе
55550461,721435,mk,туна
55551154,721444,mk,Ксијалу
55551847,721453,mk,Вобо
55552540,721462,mk,Суокси
55553310,721472,mk,реоу
55554157,721483,mk,сха лонг
55554234,721484,mk,сан муганг
55554773,721491,mk,Куксија
55556005,721507,mk,зха муйиа
55556082,721508,mk,ые ма
55560009,721559,mk,ксиу ру
55562242,721588,mk,Венденг
55562550,721592,mk,цуобу
55563705,721607,mk,нианг му
55564013,721611,mk,наи сха
55564783,721621,mk,цха лин
55565014,721624,mk,ыа се
55566708,721646,mk,гонг да нага
55571328,721706,mk,ланг га
55571790,721712,mk,бу ганг
55573869,721739,mk,гу цун
55574177,721743,mk,Џиекун
55576256,721770,mk,цхун мусе
55576949,721779,mk,ки бу ксионг
55577026,721780,mk,ма ер гонг
55577565,721787,mk,Донгксија
55577642,721788,mk,Донџијан
55577719,721789,mk,лу ру
55579182,721808,mk,е ма ци
55580414,721824,mk,ронг цун
55580799,721829,mk,манг йионг
55581261,721835,mk,йиа бу
55581646,721840,mk,гун да ксиа
55582878,721856,mk,цанг луо
55583263,721861,mk,йие луо леи
55583494,721864,mk,ку ыоу
55583648,721866,mk,Баила
55584726,721880,mk,ыу е
55584880,721882,mk,ци дуо
55585111,721885,mk,кианг схенг ма
55587267,721913,mk,лонг санг руо ли
55588037,721923,mk,киу га баима
55589269,721939,mk,йианг леи
55590116,721950,mk,бендинг
55591502,721968,mk,йи сонг
55591656,721970,mk,цхонг са
55591733,721971,mk,канг са
55591810,721972,mk,оу мудоу
55591887,721973,mk,ксин де
55592195,721977,mk,зха кси ганг
55592426,721980,mk,ремукинг
55592580,721982,mk,лаи ма
55592888,721986,mk,канг са леи
55594813,722011,mk,цха кинг
55595583,722021,mk,реми
55595737,722023,mk,зе кси зхонг
55598201,722055,mk,ксиа зха маи
55598278,722056,mk,банг га
55598355,722057,mk,цха схан зхао ба
55598432,722058,mk,Гунонг
55598740,722062,mk,ла бу зха
55598817,722063,mk,бо цун
55603052,722118,mk,пуцун
55603283,722121,mk,цуо сха
55603360,722122,mk,зха де
55604207,722133,mk,ман йиу
55604746,722140,mk,де уа йиан
55607133,722171,mk,йиао каи ти
55607364,722174,mk,Зхабу
55607903,722181,mk,Ксиаыисе
55607980,722182,mk,Сайиге
55608057,722183,mk,Туогу
55608288,722186,mk,Схитоузхаи
55608442,722188,mk,Зхуанцхангхе
55608596,722190,mk,Буки
55608673,722191,mk,Уугуан
55609135,722197,mk,йиа де йиа бу
55611060,722222,mk,кие ма
55611137,722223,mk,сенкионг лонг
55611214,722224,mk,ру бинг ганг
55613139,722249,mk,хуи йие
55615064,722274,mk,нуо ма
55615218,722276,mk,ксиа уу
55615372,722278,mk,на дуи
55615603,722281,mk,ыа маи
55615834,722284,mk,Квекун
55616912,722298,mk,пуну
55616989,722299,mk,па цхонг
55617066,722300,mk,йиа уа
55617143,722301,mk,ба динг
55617297,722303,mk,зхуа му
55617451,722305,mk,кинг зхе
55618298,722316,mk,генг ре
55618914,722324,mk,нан а
55619376,722330,mk,зха лонг
55619607,722333,mk,де лаи ганг
55620223,722341,mk,релонг
55620377,722343,mk,га бу ыуе ла
55621301,722355,mk,Лабу
55621609,722359,mk,кие ре
55622302,722368,mk,ла дун
55625074,722404,mk,да гуо
55626614,722424,mk,йуе рен данг
55626768,722426,mk,ыа муре
55627153,722431,mk,йи динг
55627230,722432,mk,па ду
55627615,722437,mk,ыа йиа
55627769,722439,mk,зха мен суо
55628462,722448,mk,йианг зи
55628616,722450,mk,тецун
55629309,722459,mk,суоба ксиа ба леи
55629617,722463,mk,ге лу
55630695,722477,mk,йиа гуо
55631234,722484,mk,та йие
55632158,722496,mk,йианг рецун
55636701,722555,mk,канг сха
55637086,722560,mk,де бу йу
55638087,722573,mk,ба де му зха
55640089,722599,mk,Ксигонг
55641244,722614,mk,зха кси лин
55641629,722619,mk,луо ма цханг
55642938,722636,mk,ние на
55644016,722650,mk,на нонг
55645556,722670,mk,зхонг зханг дуо
55646018,722676,mk,йие кионг
55646480,722682,mk,де си зуо куо
55646557,722683,mk,Куру
55647096,722690,mk,банг ыу
55647173,722691,mk,Баиша
55647712,722698,mk,канг сха лаи
55650792,722738,mk,Кувада
55652948,722766,mk,лие уо бу
55653641,722775,mk,Зиву
55654565,722787,mk,дуо лонг ганг
55655104,722794,mk,киа бу уанг
55655335,722797,mk,схен ыа зха де
55655720,722802,mk,нианг цун
55655797,722803,mk,зуо бу санг
55656182,722808,mk,нинг бу
55657337,722823,mk,ди ка йуе
55658877,722843,mk,йиу цун
55659339,722849,mk,зенг зха
55659570,722852,mk,ксуе ру лаи йиан
55661110,722872,mk,зхуо га
55661418,722876,mk,тонг цун
55661649,722879,mk,гуо суо
55661880,722882,mk,ни канг
55662111,722885,mk,ка цанг
55662419,722889,mk,ксиа кинг мо
55663035,722897,mk,Џимаи
55663959,722909,mk,Чукси
55665114,722924,mk,ланг ба
55665422,722928,mk,схенг ма канг сха
55665730,722932,mk,ба ни санг ба
55666423,722941,mk,гу кионг
55666962,722948,mk,зе га пу
55668348,722966,mk,киу цан
55668887,722973,mk,Донџијао
55669272,722978,mk,ние йи гонг ма
55670812,722998,mk,гонг ба
55671736,723010,mk,зха ганг
55673276,723030,mk,тонг ронг
55673353,723031,mk,кие кионг
55673430,723032,mk,пубаина га
55673507,723033,mk,йиа ранг
55673738,723036,mk,цха гу
55673815,723037,mk,ге мен йин
55673969,723039,mk,ыанг ксионг леи
55674046,723040,mk,хеи бу
55674123,723041,mk,е сонгкионг уа данг
55674354,723044,mk,на йионг
55674508,723046,mk,Ладлоу
55674739,723049,mk,оу нуо
55674816,723050,mk,анг за
55675201,723055,mk,Луке
55675278,723056,mk,лонг ксиа
55675355,723057,mk,Вуџијан
55675432,723058,mk,да уа ну ма
55675586,723060,mk,ланг ба
55675663,723061,mk,зхонг зуо
55675894,723064,mk,киа йиу
55676048,723066,mk,йуе ру
55676125,723067,mk,санг лин
55676202,723068,mk,схен ке зи
55676356,723070,mk,редан лин
55676510,723072,mk,ку лонг да
55676664,723074,mk,лонг санг
55676895,723077,mk,пенг цанг
55676972,723078,mk,ыа уен
55677280,723082,mk,луо куи
55677434,723084,mk,Џиачионг
55677511,723085,mk,рен кинг лин
55677588,723086,mk,Муцун
55677665,723087,mk,йие ксионг
55677742,723088,mk,ганг га
55677896,723090,mk,куелонг
55677973,723091,mk,ксиа ру
55678050,723092,mk,Гонгкси
55678127,723093,mk,ла бу зун
55678358,723096,mk,ксиа га
55678435,723097,mk,донг зу
55678512,723098,mk,Јангкун
55678589,723099,mk,танг баи
55678820,723102,mk,цхонг дуи
55678897,723103,mk,ка ка зхуо ба
55678974,723104,mk,зхе ксиу
55679128,723106,mk,канг сха
55679205,723107,mk,беима ранг
55679282,723108,mk,пубу динг
55679359,723109,mk,дуо ре
55679436,723110,mk,найиа ба
55679513,723111,mk,цху кионг
55679590,723112,mk,сонгланг
55679667,723113,mk,рега
55679744,723114,mk,баиман
55679821,723115,mk,луо е баи
55680129,723119,mk,на ксиа
55680283,723121,mk,канг ба гонг
55680360,723122,mk,йианг га
55680514,723124,mk,бие зан
55680591,723125,mk,баидинг
55680745,723127,mk,йиа руо
55680822,723128,mk,па релаи
55680899,723129,mk,ыа реба
55680976,723130,mk,луо зха
55681130,723132,mk,гери а
55681207,723133,mk,Џиву
55681284,723134,mk,меи ре
55681361,723135,mk,наи гуо
55681438,723136,mk,цхонг данг
55681669,723139,mk,зи ла
55681900,723142,mk,зху кин
55681977,723143,mk,йиа ре
55682054,723144,mk,Јаву
55682131,723145,mk,за ыи
55682208,723146,mk,ка ер
55682362,723148,mk,Куре
55682439,723149,mk,фанкионг
55682516,723150,mk,Кава
55682824,723154,mk,данг йинг
55683055,723157,mk,ние цанг
55683132,723158,mk,би ни
55683209,723159,mk,киу маи
55683286,723160,mk,дун ребу
55683440,723162,mk,регу
55683594,723164,mk,зхи цун
55683671,723165,mk,ла канг
55683825,723167,mk,кун зханг
55683902,723168,mk,уу йиу
55684056,723170,mk,та ые
55684133,723171,mk,ма ганг
55684210,723172,mk,цха гуо ла
55684364,723174,mk,лу цун
55684518,723176,mk,гуо йие
55684980,723182,mk,схенг ыин
55685288,723186,mk,пу лонг
55685365,723187,mk,Маиба
55685596,723190,mk,де ма зонг
55685673,723191,mk,сха ри
55685750,723192,mk,Ксинфа
55685981,723195,mk,Зхуыуан
55686366,723200,mk,Дамаи
55686443,723201,mk,Уугуаныинг
55686520,723202,mk,Ксигуан
55686597,723203,mk,Туанйие
55686674,723204,mk,Хонгтукианг
55686751,723205,mk,Схаба
55686828,723206,mk,Кингфенг
55686905,723207,mk,Ксиангкинг
55686982,723208,mk,Уенминг
55687059,723209,mk,Ксинглонг
55687136,723210,mk,Зхонгсуо
55687213,723211,mk,Далонг
55687290,723212,mk,Санйиа
55687367,723213,mk,Ксинфа
55687598,723216,mk,Лизикоу
55687752,723218,mk,Ксиаогуцхенг
55687829,723219,mk,Кинглонг
55687906,723220,mk,Ксихаи
55687983,723221,mk,Бузи
55688060,723222,mk,Саныуан
55688137,723223,mk,Лонгтан
55688214,723224,mk,Схибанхе
55688368,723226,mk,Даихе
55688676,723230,mk,Ксиапо
55688830,723232,mk,Дунзи
55689369,723239,mk,Пингпо
55689600,723242,mk,Ксиаобауеи
55689754,723244,mk,Уанггуаныинг
55689831,723245,mk,ма цханг зхен
55689908,723246,mk,Лаомацханг
55690139,723249,mk,Ганглу
55690293,723251,mk,Хуангнибу
55690447,723253,mk,Ксуеки
55690524,723254,mk,Лаоху
55690678,723256,mk,Хуангки
55690755,723257,mk,Йитанг
55690909,723259,mk,Ланникинг
55691063,723261,mk,фенг денгзхен
55691140,723262,mk,Ксуанйиа
55691217,723263,mk,Хамазхаи
55691294,723264,mk,Тиелу
55691371,723265,mk,Ксиаопо
55691679,723269,mk,Ксинша
55692064,723274,mk,донг зханг
55692141,723275,mk,ые цун зхаи
55692218,723276,mk,Гаожуанг
55692449,723279,mk,ксиао ыао
55692603,723281,mk,ыоу йи
55693219,723289,mk,схен зхуанг
55693450,723292,mk,ксуе зхуанг
55693527,723293,mk,зхоу лоу
55693681,723295,mk,схуи цхенг тун
55693835,723297,mk,зханг уа
55693912,723298,mk,ксиао зхуанг
55693989,723299,mk,Вангличангтун
55694066,723300,mk,ксиао цхен
55694143,723301,mk,хоу зхаи зи
55694220,723302,mk,кси хаи зи
55694297,723303,mk,тиан зхуанг
55694451,723305,mk,динг ма
55694605,723307,mk,схи ли йинг
55694682,723308,mk,киан зханг гуан ыинг
55694759,723309,mk,ли гуан ыинг
55694836,723310,mk,йианг зхуанг
55694913,723311,mk,ксиао ксуе лоу
55694990,723312,mk,конг зхуанг
55695067,723313,mk,Јангксин
55695298,723316,mk,зхао йиан
55695375,723317,mk,диао зхуанг
55695452,723318,mk,Вангјуан
55695529,723319,mk,ыан зхуанг
55695760,723322,mk,Ванѓи
55695914,723324,mk,сун уу ыинг
55696145,723327,mk,санг сху ыуан
55696222,723328,mk,йингфу
55696299,723329,mk,гуо тун
55696376,723330,mk,уанг фанг
55696453,723331,mk,ыан лиу
55696607,723333,mk,Веијуан
55696684,723334,mk,лианг зхуанг
55696992,723338,mk,уу ли миао
55697069,723339,mk,зхонг зхоу диан
55697146,723340,mk,Вали
55697223,723341,mk,Сива
55697300,723342,mk,кси ыао
55697377,723343,mk,зханг танг
55697454,723344,mk,фангцун цханг
55697608,723346,mk,Ксинглонг
55697685,723347,mk,хоу тиан
55697762,723348,mk,нан тие
55697839,723349,mk,гу зхуанг
55698147,723353,mk,ыинг зи
55698532,723358,mk,киан йи
55698609,723359,mk,сун зхаи
55698686,723360,mk,аи зхаи
55698763,723361,mk,доу ки зхаи
55698840,723362,mk,киан уангди
55698994,723364,mk,фенг куан
55699071,723365,mk,уу суо
55699225,723367,mk,да йие паи
55699302,723368,mk,да лиыуан тоу
55699456,723370,mk,уу хаи зи
55699610,723372,mk,зханг гуан зхаи
55699764,723374,mk,лиу ыанглин
55699841,723375,mk,Дажангсигу
55699918,723376,mk,зханг фанг
55700072,723378,mk,зонг танг
55700688,723386,mk,Ксијаоџи
55700765,723387,mk,даи ли
55700996,723390,mk,хан лу
55701073,723391,mk,денг гуан тун
55701227,723393,mk,лиан зхаи
55701689,723399,mk,Ксиванг
55701766,723400,mk,да йиао
55702074,723404,mk,кси луо туо схан
55702613,723411,mk,донг нан
55702767,723413,mk,киан ер схи ли пу
55702844,723414,mk,Ликсин
55702921,723415,mk,да лиу схао
55703075,723417,mk,да йин
55703152,723418,mk,Шанџуанг
55703229,723419,mk,Хуксикун
55703537,723423,mk,ту зха
55703614,723424,mk,хоу уу
55703768,723426,mk,ксу миао
55704076,723430,mk,Вејџуанг
55704153,723431,mk,ыан зхуанг
55704230,723432,mk,зхао ксианг фанг
55704692,723438,mk,лу зхуанг
55704846,723440,mk,киао йи
55704923,723441,mk,гуаи ли уанг
55705154,723444,mk,ли зхао
55705385,723447,mk,Хулу
55705539,723449,mk,уу ли дун
55705693,723451,mk,зханг тун
55705847,723453,mk,Лузилиу
55706001,723455,mk,лао лу
55706078,723456,mk,диао зхуанг
55706155,723457,mk,Баиџиава
55706232,723458,mk,кси хаи зи
55706386,723460,mk,зхоу йи
55706463,723461,mk,Ксинџа
55706540,723462,mk,Гуанжуанг
55706617,723463,mk,донг суоди
55707002,723468,mk,зхоу киао
55707156,723470,mk,зху лоу
55707233,723471,mk,генг диан
55707618,723476,mk,Жангутанг
55707695,723477,mk,зху гуан тун
55707772,723478,mk,нан сун
55707849,723479,mk,цхен хуа тун
55708080,723482,mk,Духужаи
55708234,723484,mk,хоу йингтун
55708388,723486,mk,ли схуанг зхен
55708696,723490,mk,уанг ли тун
55708773,723491,mk,Кјантученг
55708850,723492,mk,лиу ди коу
55709004,723494,mk,Жангеда
55709081,723495,mk,схуанг миао
55709389,723499,mk,пан зхуанг
55709543,723501,mk,ксин цхенг хаи
55709697,723503,mk,мао ыинг
55709851,723505,mk,тан зхуанг
55709928,723506,mk,Кјанигуантун
55710005,723507,mk,ма хуанг
55710082,723508,mk,уеи ыинг
55710159,723509,mk,ксиа ма зханг
55710236,723510,mk,канг ыинг
55710467,723513,mk,йиа лоу
55710544,723514,mk,зхао зхуанг
55710621,723515,mk,дуан зхуанг
55710698,723516,mk,лиу миао
55710775,723517,mk,Венџи
55710852,723518,mk,пан тун
55710929,723519,mk,цхен хаи
55711006,723520,mk,Џиажуанг
55711083,723521,mk,йианг ди коу
55711160,723522,mk,Хуангтун
55711237,723523,mk,сун лао
55711468,723526,mk,Ванли
55711699,723529,mk,гуо лоу
55711853,723531,mk,да зханг
55712315,723537,mk,мао зхуанг
55712392,723538,mk,ли йиа
55712623,723541,mk,динг зхуанг
55712700,723542,mk,ыангзхуанг
55713162,723548,mk,ки ли хе
55713316,723550,mk,ли тун
55713393,723551,mk,сонг зхуанг
55713624,723554,mk,Вејџуанг
55713855,723557,mk,уанг ба схи
55714009,723559,mk,Вујанг
55714086,723560,mk,сха ту йи
55714317,723563,mk,Лихуаженлу
55714471,723565,mk,уу ди коу
55714548,723566,mk,е ыа по
55714702,723568,mk,гуо хаи
55714779,723569,mk,Ксинбу
55715241,723575,mk,ыуе ди
55715318,723576,mk,мен фанг
55715395,723577,mk,ли диан
55715472,723578,mk,зхао уанг лоу
55715626,723580,mk,беи пенг
55715703,723581,mk,лиу зхуанг
55715780,723582,mk,Донгксикјан
55715934,723584,mk,Ксужуанг
55716011,723585,mk,донг сан ли
55716088,723586,mk,лао танг
55716242,723588,mk,Хума
55716396,723590,mk,зхао хаи
55716473,723591,mk,зханг хаи
55716627,723593,mk,ыу лин зхао
55716704,723594,mk,лиу пу
55716781,723595,mk,ма зхуанг
55716858,723596,mk,хоу тун
55717089,723599,mk,зхен уу миао
55717166,723600,mk,киао зхуанг
55717243,723601,mk,лиу зхуанг
55717705,723607,mk,луо хаи
55717859,723609,mk,фу ан
55718013,723611,mk,Тангџуанг
55718090,723612,mk,си хе
55718167,723613,mk,ыангуу ыуе
55718321,723615,mk,ниу йиа
55718398,723616,mk,конгсхи
55718629,723619,mk,схи зхуанг
55718706,723620,mk,Ксинџуанг
55718783,723621,mk,хуанг гу зхонг
55719014,723624,mk,Каомијао
55719091,723625,mk,йиа хаи
55719168,723626,mk,ба ли миао
55719322,723628,mk,ыан йи
55719399,723629,mk,феи лоу
55719476,723630,mk,пан зхуанг
55719707,723633,mk,сан гуан миао
55719784,723634,mk,баилоу
55719861,723635,mk,зхао таи
55719938,723636,mk,ксу лоу
55720015,723637,mk,Џуџи
55720092,723638,mk,ксу схан доу
55720477,723643,mk,цхен схи
55720554,723644,mk,уу ли миао
55720785,723647,mk,да хао
55720862,723648,mk,зхоу зхуанг
55721170,723652,mk,кси лианг
55721247,723653,mk,зхоу хаи
55721324,723654,mk,баийинг
55721401,723655,mk,сун хуа ыуан
55721555,723657,mk,йианг лоу
55721632,723658,mk,Донгжао
55721786,723660,mk,ба ли пу
55722094,723664,mk,уанг зхуанг
55722171,723665,mk,ксиао зхуанг
55722248,723666,mk,киу лоу
55722633,723671,mk,хоу сан ли ыинг
55722710,723672,mk,хоу ксианг миао
55722864,723674,mk,Хујушангмиао
55723095,723677,mk,цхенг хаи
55723403,723681,mk,тан зхуанг
55723480,723682,mk,ма зхуанг
55723557,723683,mk,схен тун
55723634,723684,mk,схао зхуанг
55723711,723685,mk,йу тун
55723788,723686,mk,ли да миао
55724096,723690,mk,схи ли цао
55724173,723691,mk,да мао фанг
55724250,723692,mk,уанг зхуанг
55724327,723693,mk,хоу ли
55724404,723694,mk,лиу зхуанг
55724481,723695,mk,ыин ыинг
55724558,723696,mk,уанг зхуанг
55724712,723698,mk,уанг схенг гонг
55724789,723699,mk,схенг хе
55724866,723700,mk,пан зхуанг
55725020,723702,mk,йианг зхуанг
55725251,723705,mk,си ну сху
55725328,723706,mk,лу тун
55725405,723707,mk,киан ксин зханг
55725559,723709,mk,Донгвангжуангкун
55725713,723711,mk,киан ма тун
55725867,723713,mk,киан хуанг лоудиан
55725944,723714,mk,ыанглоу
55726021,723715,mk,цхенг зхуанг
55726098,723716,mk,ксиао гуо
55726252,723718,mk,Гаожуанг
55726329,723719,mk,лоу зхуанг
55726406,723720,mk,Џуџи
55726560,723722,mk,ма зхуанг
55726637,723723,mk,конг танг
55726868,723726,mk,ыао схун
55726945,723727,mk,схи ыуан тинг
55727099,723729,mk,нан ан тоу
55727253,723731,mk,лиу зхуанг
55727407,723733,mk,ксин зхуанг
55727484,723734,mk,уу ди коу
55727638,723736,mk,зхао зхуанг
55727715,723737,mk,ксу йиа ксинг
55728100,723742,mk,Ксинџуанг
55728177,723743,mk,Џиџија
55728254,723744,mk,ыан цханг
55728331,723745,mk,ыа тан ли
55728485,723747,mk,Донгванг
55728639,723749,mk,Јуџија
55728716,723750,mk,йиао зхуанг
55729101,723755,mk,динг зхаи
55729178,723756,mk,зхао гуи
55729255,723757,mk,ду зхуанг
55729332,723758,mk,рен цаи
55729409,723759,mk,фенг зхуанг
55729486,723760,mk,донг лу
55729563,723761,mk,уу тоу
55729948,723766,mk,зхао ксин
55730025,723767,mk,киан схи ли пу
55730102,723768,mk,рен ер
55730256,723770,mk,ксиангли
55730333,723771,mk,нинг уеи ли ыинг
55730410,723772,mk,дуо зхуанг
55730487,723773,mk,пан йиа
55730564,723774,mk,луо хаи
55730641,723775,mk,ма йи
55730718,723776,mk,хоу цхенг цун
55730795,723777,mk,сха хе
55730949,723779,mk,Лиухаикун
55731103,723781,mk,сун йиа
55731180,723782,mk,гуи зхуанг
55731488,723786,mk,донг ли
55731642,723788,mk,генг лоу
55731719,723789,mk,беи схи ху
55731873,723791,mk,руо йи
55732104,723794,mk,тун ли
55732335,723797,mk,беи хуанг цхенг
55732643,723801,mk,Тангџуанг
55732797,723803,mk,схи ли пу
55732874,723804,mk,ксу пан
55733028,723806,mk,банзхуанг
55733105,723807,mk,зхаи ли
55733182,723808,mk,Јангкун
55733259,723809,mk,сха зхуанг
55733336,723810,mk,Пушанг
55733567,723813,mk,хоу схе
55733721,723815,mk,кси хуа
55733875,723817,mk,ма сонг диан
55734029,723819,mk,Лигу Киџиачун
55734337,723823,mk,ку зхуанг
55734414,723824,mk,беи ме
55734491,723825,mk,ли цаи
55734645,723827,mk,Кианјуанфанџун
55734722,723828,mk,донг мен коу
55734799,723829,mk,уанг тун
55735030,723832,mk,донг луо тоу
55735107,723833,mk,да пу сханг
55735184,723834,mk,ыангзхао
55735261,723835,mk,Ченксинџуангкун
55735338,723836,mk,ксу зханг зхаи
55735569,723839,mk,Куижуанг
55735646,723840,mk,ыан зхуанг
55736108,723846,mk,ксиао зи ку
55736185,723847,mk,беи зхао цун донг
55736339,723849,mk,ху лу ыинг
55736416,723850,mk,йинг данг пу
55736570,723852,mk,хуанг зхуанг
55736647,723853,mk,зхао диан
55736724,723854,mk,Нанџиао
55736801,723855,mk,ер ге ыинг
55736878,723856,mk,Донгаожуангкун
55737186,723860,mk,Јангмаожуангкун
55737648,723866,mk,Донгпанџуангкун
55737956,723870,mk,киан ао
55738033,723871,mk,тиан зхуанг
55738110,723872,mk,кси пан зхуанг
55738341,723875,mk,менг зхуанг
55738649,723879,mk,лиу цун
55738803,723881,mk,сун йиа уа
55738880,723882,mk,да ди
55738957,723883,mk,киан ни
55739188,723886,mk,динг зхаи цун
55739342,723888,mk,ниу зхаи
55739804,723894,mk,цхен гу
55739881,723895,mk,зхао йиа ыинг
55740035,723897,mk,кси таи йи
55740189,723899,mk,ли диан
55740266,723900,mk,киан уа
55740343,723901,mk,Нанксинџуангкун
55740420,723902,mk,Веижаи
55740497,723903,mk,Донгжангжуангчун
55740574,723904,mk,ксиао ли гу
55740805,723907,mk,уеи йиа
55741113,723911,mk,да лу
55741190,723912,mk,йинг ху зхаи
55741267,723913,mk,лиу хе беи зхаи
55741421,723915,mk,зхонг линг тоу
55741498,723916,mk,баигуо сху
55741575,723917,mk,Шахе Ксинџуангчун
55741652,723918,mk,фенг зхуанг
55741960,723922,mk,сун йиа зхаи
55742422,723928,mk,Шиџиажуангкун
55742576,723930,mk,йианг хуо зхаи
55742730,723932,mk,киао зхуанг
55743115,723937,mk,йинг уанг
55743192,723938,mk,цаи зхаи
55743269,723939,mk,Џангкун
55743577,723943,mk,ма цханг
55743654,723944,mk,цхенг зхи
55743885,723947,mk,ки хуо зхаи
55743962,723948,mk,донг хе уа
55744039,723949,mk,уеисханг ыинг
55744193,723951,mk,Танџијажуангкун
55744501,723955,mk,канг йиа уа
55744578,723956,mk,Сиџијажуангкун
55744809,723959,mk,Нанлинџуангкун
55744886,723960,mk,Ксилијанкун
55744963,723961,mk,Лиангшанжуангкун
55745425,723967,mk,кси хе гу
55745733,723971,mk,зханг гу зхаи
55745887,723973,mk,динг йиа зхуанг
55746041,723975,mk,зао ыуан
55746349,723979,mk,цханг фу
55746426,723980,mk,гао йиа зхуанг
55746503,723981,mk,нан ксиао лу
55746734,723984,mk,нан цхен
55747119,723989,mk,лу йиа тун
55747196,723990,mk,зханг ге ыинг
55747350,723992,mk,нан зханг ге
55747504,723994,mk,ыангзханг лу
55747581,723995,mk,зхенг сан зхоу
55747658,723996,mk,хуанг схен миао
55747735,723997,mk,кси пу
55747966,724000,mk,донг йиа
55748043,724001,mk,нан зхуанг
55748120,724002,mk,кси ма ыан
55748197,724003,mk,Кјанлижуангчун
55748274,724004,mk,ыао зхуанг
55748428,724006,mk,уанг йиа ыуан
55748505,724007,mk,цханг ыан
55748582,724008,mk,ыао зи тоу
55748736,724010,mk,гонг зхуанг
55748813,724011,mk,зху ыу зи коу
55749044,724014,mk,схи зхуанг
55749198,724016,mk,зханг зхуанг
55749506,724020,mk,Вангџуангкун
55749660,724022,mk,дилиу туан
55749737,724023,mk,гуо ли
55749891,724025,mk,Донгвајкун
55749968,724026,mk,бо йие
55750045,724027,mk,хоу гуан зхаи
55750199,724029,mk,да ди ба
55750276,724030,mk,Ксиаокинжуангкун
55750353,724031,mk,кси зханг тоу
55750430,724032,mk,Шуидебуцун
55750507,724033,mk,лиу уанг зхуанг
55750584,724034,mk,нан зхаи
55750661,724035,mk,ан сханг
55750738,724036,mk,беи ли ыуе
55750815,724037,mk,ма лан
55750892,724038,mk,Кушуибуцун
55750969,724039,mk,баизхуанг
55751046,724040,mk,гуо зхуанг
55751354,724044,mk,цхен зхуанг
55751431,724045,mk,кси цхенг менг
55751508,724046,mk,ксиао уанг
55751662,724048,mk,сонг зхуанг
55751739,724049,mk,Нанмадијанкун
55751970,724052,mk,Хангу
55752201,724055,mk,беи зхао лин
55752278,724056,mk,зхенкинг зхаи
55752432,724058,mk,Донгвангбуцун
55752586,724060,mk,ту лу
55752740,724062,mk,панг зхаи
55752817,724063,mk,хексиу зхаи
55752971,724065,mk,фан йун зхаи
55753048,724066,mk,ниу туан
55753279,724069,mk,Куижуангкун
55753356,724070,mk,лу донг гу
55753587,724073,mk,кси сан та
55753664,724074,mk,фан зхуанг
55753741,724075,mk,кси ыанггу
55753818,724076,mk,донг ма лиан гу
55754049,724079,mk,Ксисхидун
55754126,724080,mk,схи уанггоу цун
55754280,724082,mk,Ксилоу
55754434,724084,mk,зханг йиа гоу
55754588,724086,mk,ли йиа гоу
55754896,724090,mk,Донгйиаыинг
55755050,724092,mk,кси ма лиан гу
55755127,724093,mk,Нанжужуангкун
55755204,724094,mk,лу ыинг
55755358,724096,mk,хуа таи
55755666,724100,mk,лиу по
55755820,724102,mk,Донгдашен Џуангкун
55755974,724104,mk,да зхаи
55756205,724107,mk,лиу зхуанг
55756513,724111,mk,ые лу зхаи
55756590,724112,mk,Беихебуцун
55756667,724113,mk,бу лу диан
55756744,724114,mk,уензхуанг
55756898,724116,mk,хан донг гу
55757283,724121,mk,Фангзи
55757360,724122,mk,гуо йиа ыа цун
55757668,724126,mk,Беиксинг
55757745,724127,mk,Ниуйиа Гуанзхуанг
55757822,724128,mk,Ыангйиагоу
55757899,724129,mk,Зхаозхуанг
55757976,724130,mk,ние лоу
55758053,724131,mk,хан зхуанг
55758207,724133,mk,лан зхуанг
55758361,724135,mk,Шаксинџуангкун
55758438,724136,mk,ыу зхуанг
55758669,724139,mk,Ксинсиан
55758823,724141,mk,хуанг хе тао
55759054,724144,mk,гао зхуанг
55759208,724146,mk,фу ксин зхуанг
55759285,724147,mk,Донган
55759362,724148,mk,Йиангйиазхуанг
55759439,724149,mk,мо йиа ыа тоу цун
55759516,724150,mk,хоу ксун фенг цун
55759593,724151,mk,Хенан
55759824,724154,mk,ге йиа ыа тоу
55759901,724155,mk,Ментоу
55759978,724156,mk,Донгпо Сиќун
55760132,724158,mk,Лизхуангксиа
55760209,724159,mk,санг зхуанг цун
55760286,724160,mk,Дуџиажуангкун
55760825,724167,mk,Далинхе
55760902,724168,mk,донг музхаи
55761133,724171,mk,хоу да хе тао
55761210,724172,mk,зханг хе
55761441,724175,mk,ду схен зхаи
55761518,724176,mk,лиу дуан зхаи
55761595,724177,mk,цхенг ер зхаи
55761672,724178,mk,йин ксинг пинг
55761749,724179,mk,ксин йинг тоу
55761903,724181,mk,уу тоу
55761980,724182,mk,Хебеј
55762211,724185,mk,хоу по зи цун
55762288,724186,mk,Киангкуанг
55762365,724187,mk,Дазхонггу
55762673,724191,mk,ман танг ыу
55762827,724193,mk,киан ксун фенг
55762904,724194,mk,Ксуйиа Гаохуа
55763212,724198,mk,Ыухуанг
55763366,724200,mk,Дамабукун
55763443,724201,mk,нан зхаи
55763674,724204,mk,йиао лу
55763751,724205,mk,ксиао хе тао
55763905,724207,mk,кси да хоу зхонг
55764059,724209,mk,ниу зхуанг
55764136,724210,mk,зханг зхуанг
55764213,724211,mk,йиан диан
55764290,724212,mk,да схи ер ли
55764444,724214,mk,ыу зхуанг
55764983,724221,mk,Хоуйиатун
55765060,724222,mk,Донглоу
55765214,724224,mk,Даыинг
55766292,724238,mk,гуа цханг
55766369,724239,mk,Кјанху
55766446,724240,mk,хонггуан ыинг
55766523,724241,mk,сан цха хе
55766600,724242,mk,схи зхуанг
55766677,724243,mk,Бали
55766831,724245,mk,да хуанг зхуанг
55766908,724246,mk,донг таи
55766985,724247,mk,дан тун
55767062,724248,mk,ку зхуанг
55767216,724250,mk,тиан зхуанг
55767293,724251,mk,лао йун ыинг
55767370,724252,mk,ксиао зханг зхуанг
55767447,724253,mk,да ыинг
55767601,724255,mk,сун зхуанг
55767755,724257,mk,киан сханг зхуанг
55767909,724259,mk,нан цао
55767986,724260,mk,менг зхуанг
55768063,724261,mk,зхао куан
55768140,724262,mk,ли куан
55768371,724265,mk,йизхуанг
55768448,724266,mk,лиу зхуанг
55768525,724267,mk,донг гоу зхуанг
55768602,724268,mk,киан ди коу
55768679,724269,mk,хоу ди коу
55768910,724272,mk,ыао зхуанг
55769218,724276,mk,уеи зхуанг
55769295,724277,mk,беи зхенг зхуанг
55769372,724278,mk,цханг зхуанг
55769449,724279,mk,ксиао лиу зхуанг
55769603,724281,mk,Ксијаохеижуанг
55769680,724282,mk,цхен зхуанг
55769757,724283,mk,цанг сханг
55769834,724284,mk,лин гоу
55769988,724286,mk,донг зханг ди
55770065,724287,mk,Вангџуангкун
55770142,724288,mk,зхи хуи му
55770296,724290,mk,донг лаи зхаи
55770373,724291,mk,данг ер зхаи
55770604,724294,mk,Лижуангкун
55770681,724295,mk,цхе зхуанг
55770758,724296,mk,кин баиде
55770835,724297,mk,зхао баиде
55770912,724298,mk,Ксијаожаи
55770989,724299,mk,лонг тан
55771066,724300,mk,хоу фенг
55771143,724301,mk,Донгкун
55771220,724302,mk,да миао
55771297,724303,mk,Лонгвангкун
55771374,724304,mk,Хаокун
55771451,724305,mk,йиа цун
55771528,724306,mk,хао зхуанг
55771682,724308,mk,зханг танг
55771759,724309,mk,донг ма минг танг
55772144,724314,mk,хаи ер зхаи
55772298,724316,mk,зхи хуи тун
55772375,724317,mk,таи пинг зхуанг
55772452,724318,mk,ксиао лу
55772529,724319,mk,Бекаиксин Жуангкун
55773145,724327,mk,хоу сха
55773222,724328,mk,гуо ыа уо
55773376,724330,mk,фан хе дао
55773453,724331,mk,донг си зхуанг
55773607,724333,mk,Ксиси
55773838,724336,mk,пенг зи гу
55773915,724337,mk,ксиао зи гу
55773992,724338,mk,хоу зхуанг
55774223,724341,mk,ху гуан зхуанг
55774454,724344,mk,Хоуилинкун
55774531,724345,mk,хоу да тун
55774608,724346,mk,Јаоержуангкун
55774685,724347,mk,схен йие
55774839,724349,mk,уанг леи зхаи
55774993,724351,mk,нан ыу лин
55775070,724352,mk,кси цханг
55775147,724353,mk,мао куан
55775917,724363,mk,ма зхаи
55776071,724365,mk,зхуанг ке
55776302,724368,mk,ли лу киао
55776379,724369,mk,зханг гуан зхаи
55776610,724372,mk,канг зхуанг
55776764,724374,mk,гуо ксин
55776841,724375,mk,Бејангбуцун
55776918,724376,mk,киан схи
55776995,724377,mk,гуо зхуанг
55777072,724378,mk,хоу луо тоу
55777303,724381,mk,лин беи
55777380,724382,mk,ма диан
55777611,724385,mk,Гуомабукун
55777996,724390,mk,беи донг гу
55778150,724392,mk,Ксифузхуангкун
55778304,724394,mk,Шелибуцун
55778381,724395,mk,Лужуангцун
55778689,724399,mk,донг бао
55778843,724401,mk,ксиыуан
55778920,724402,mk,нан зхенг
55778997,724403,mk,донг зхуанг гу
55779151,724405,mk,донг ху ыан
55779228,724406,mk,сханг ыан
55779305,724407,mk,сун зхуанг
55779382,724408,mk,нан гуаи ку
55779536,724410,mk,Вангџуангкун
55779613,724411,mk,хаи зхаи
55779690,724412,mk,Јавокун
55779998,724416,mk,зхао зхуанг
55780075,724417,mk,нан сун диан
55780229,724419,mk,Донглуликун
55780306,724420,mk,йи гу ан
55780383,724421,mk,луо зхуанг
55780460,724422,mk,ли киао
55780922,724428,mk,уанг йиу ланг зхаи
55781076,724430,mk,нан зханг менг
55781461,724435,mk,йианг зхуанг
55781538,724436,mk,донг уанг фенг
55781769,724439,mk,беи зханг
55781846,724440,mk,Лижуангкун
55782077,724443,mk,уанг зхуанг
55782154,724444,mk,беи уу
55782231,724445,mk,динг цун
55782462,724448,mk,хоу ыинг
55782539,724449,mk,зханг да ху зхаи
55782770,724452,mk,беи хан
55783078,724456,mk,ыан ксиао зхаи
55783232,724458,mk,донг зхуанг
55783309,724459,mk,ру йиа зхаи
55783386,724460,mk,Кјанхуанг
55783463,724461,mk,ыанггу
55783617,724463,mk,ксин зхаи цун
55783771,724465,mk,баизхуанг
55783925,724467,mk,му ыу зхуанг
55784002,724468,mk,хаи зи
55784079,724469,mk,нан пан
55784310,724472,mk,бао тоу
55784387,724473,mk,хуанг ма зхаи
55784464,724474,mk,ли ма зхаи
55784618,724476,mk,Ликун
55784695,724477,mk,фенг тун
55784849,724479,mk,да хуо зхуанг
55784926,724480,mk,баизхуанг
55785080,724482,mk,тиан лиу диан
55785157,724483,mk,гуо зхуанг
55785234,724484,mk,зханг зхуанг
55785465,724487,mk,сонг ер зхуанг
55785696,724490,mk,Шиџиажуангкун
55785773,724491,mk,даи зхуанг
55785927,724493,mk,Ксиху
55786081,724495,mk,хуанг лу
55786158,724496,mk,цуи ыуе
55786235,724497,mk,лиан схан
55786312,724498,mk,киан тун
55786466,724500,mk,канг ди коу
55786543,724501,mk,лиу ди коу
55786697,724503,mk,Вангџуангкун
55786774,724504,mk,беи ма тоу
55786928,724506,mk,нан ма тоу
55787159,724509,mk,баи цун
55787236,724510,mk,Шаоксикун
55787313,724511,mk,Тиелу
55787390,724512,mk,доу зхуанг
55787698,724516,mk,денг таи
55788006,724520,mk,ксуе цун
55788083,724521,mk,зху зхуанг
55788391,724525,mk,цхенг зхуанг
55788776,724530,mk,донг лонг хуа
55788930,724532,mk,ксиао заи
55789007,724533,mk,нианг нианг миао
55789084,724534,mk,схун дао диан
55789161,724535,mk,кси ыуан уан
55789238,724536,mk,су зхуанг
55789392,724538,mk,цхен зхуанг
55789469,724539,mk,донг лао ди
55789546,724540,mk,лао ди беи
55789623,724541,mk,лиу цун
55789700,724542,mk,ыоуфен тингсхеку
55789854,724544,mk,тие цхуанг коу
55789931,724545,mk,йиао зхуанг
55790085,724547,mk,Хугуанжуангкун
55790239,724549,mk,схи йиа
55790316,724550,mk,си зхуанг цун
55790393,724551,mk,сха миао
55790547,724553,mk,гу цхенг
55790624,724554,mk,Хусижуангкун
55790701,724555,mk,цхенг фу
55790778,724556,mk,Чендаоксианкун
55790855,724557,mk,донг цаокоу
55790932,724558,mk,кси муди
55791163,724561,mk,ксиао ху
55791317,724563,mk,ксиао лонг
55792164,724574,mk,кси йиа хе
55792241,724575,mk,нан ксиао зханг
55792395,724577,mk,Џиабеи
55792472,724578,mk,лу ли
55792549,724579,mk,хоу донг уанг
55792626,724580,mk,ксиао ыинг
55792703,724581,mk,ху ки
55792780,724582,mk,донг си тоу
55792857,724583,mk,ди сханг
55792934,724584,mk,донг йийиа
55793011,724585,mk,ыангйиа
55793088,724586,mk,ыан зхуанг
55793165,724587,mk,ксинг ыуан
55793242,724588,mk,зху цун
55793319,724589,mk,хуа ыуан тоу
55793396,724590,mk,Џиџиажуангкун
55793473,724591,mk,донг ма линг
55793550,724592,mk,да су
55793627,724593,mk,гао зхуанг
55793704,724594,mk,схан ыуе
55793781,724595,mk,сонг ыао
55794089,724599,mk,йи гу
55794166,724600,mk,кси да йианг
55794243,724601,mk,уанг ксиао лоу
55794320,724602,mk,киан ыанг
55794474,724604,mk,хоу ху
55794628,724606,mk,киу ди
55794705,724607,mk,ли мао ди
55794936,724610,mk,да хан дао
55795167,724613,mk,кси фан зхуанг
55795244,724614,mk,да уанг
55795321,724615,mk,канг зхуанг
55795706,724620,mk,да ыангзхуанг
55795783,724621,mk,да зхуанг
55795937,724623,mk,да тун
55796245,724627,mk,зхонг гао
55796322,724628,mk,Ксижаицун
55796399,724629,mk,уанг йиа хе
55796553,724631,mk,да канг
55796630,724632,mk,ба ли зхуанг
55796784,724634,mk,си ли
55796861,724635,mk,сан ма
55797169,724639,mk,Ксидингкун
55797246,724640,mk,донг лу
55797323,724641,mk,зиганг
55797477,724643,mk,Нанксинџуангкун
55797554,724644,mk,фан цун
55797631,724645,mk,цаоксин
55797708,724646,mk,нан кин гу
55797862,724648,mk,Кванкун
55797939,724649,mk,Дауангйиа
55798016,724650,mk,Тенгйиа Зхуангзи
55798093,724651,mk,зхонг схи дун цун
55798555,724657,mk,Џангкун
55798709,724659,mk,кси уанг
55798786,724660,mk,Ксијанглижуанг
55798863,724661,mk,да гуо
55798940,724662,mk,донг гуо
55799017,724663,mk,схен зхуанг
55799094,724664,mk,Кианфокун
55799171,724665,mk,сонг зхуанг
55799325,724667,mk,Нанкуту Жуангкун
55799402,724668,mk,йиан цханг диан
55799479,724669,mk,цхао цун
55799633,724671,mk,уу йиа гуаи
55799710,724672,mk,ксиао беи зханг
55799787,724673,mk,нан зханг
55799941,724675,mk,Вуџиажуангкун
55800249,724679,mk,ыу хуанг миао
55800326,724680,mk,Ксичонгтингкун
55800865,724687,mk,фу ыуан
55801173,724691,mk,ли ыуан
55801481,724695,mk,зхао рен
55801712,724698,mk,уанг донг схао
55801789,724699,mk,ли кси схао
55801866,724700,mk,ыуан донг схао
55801943,724701,mk,менг гуо
55802020,724702,mk,Хуийиа Гуанзхуанг
55802174,724704,mk,гуан зхуанг цун
55802251,724705,mk,киан гао зхуанг цун
55802328,724706,mk,да лиу йиа гоу цун
55802405,724707,mk,сан хе линг цун
55802482,724708,mk,Фанйиалоу
55802790,724712,mk,да паолоуцун
55802867,724713,mk,ксиао хуа ыа
55802944,724714,mk,куан ыуан
55803021,724715,mk,хоу йиа гоу
55803175,724717,mk,Даксинџуанг
55803329,724719,mk,Хоудапо
55803406,724720,mk,кин йиа танйинг цун
55803483,724721,mk,Зхаике Ерцун
55803560,724722,mk,ыа тоу цун
55803868,724726,mk,ыанггу нинг фу
55804099,724729,mk,ли йиа гоу цун
55804176,724730,mk,Зхангйиагоу
55804253,724731,mk,гуо по
55804484,724734,mk,гуан зхуанг
55804561,724735,mk,хан цун
55804638,724736,mk,конг йиа гоу
55804792,724738,mk,нан ыанг
55804946,724740,mk,кси ксиао лоу
55805023,724741,mk,тиан йиа гоу цун
55805100,724742,mk,Цуийиагоу
55805177,724743,mk,хоу ыуе лиан
55805254,724744,mk,Сунйиапууанг
55805331,724745,mk,киан ыуе лиан
55805408,724746,mk,уу хуа ыинг
55805485,724747,mk,Ксинйиапууанг
55805562,724748,mk,хоу гу нинг фу
55805639,724749,mk,хеи йиа гоу цун
55805870,724752,mk,пан гу нинг фу
55805947,724753,mk,Дазхузхоу
55806101,724755,mk,Нанџуанг
55806332,724758,mk,Уулоу Сханкиан
55806409,724759,mk,уанг фангсхан гу
55806563,724761,mk,ыуе цун йи
55806640,724762,mk,Тианзхуанг
55807025,724767,mk,хоу цао линг хоу цун
55807256,724770,mk,Лижуангкун
55807487,724773,mk,йун зе
55807795,724777,mk,фу схан
55808103,724781,mk,Кјаншигуцун
55808180,724782,mk,Лиужоукун
55808257,724783,mk,цао схоу
55808334,724784,mk,Нанџангжуангкун
55808411,724785,mk,хан лиу
55808565,724787,mk,зханг уанг
55808642,724788,mk,Донгшеншикун
55808719,724789,mk,Ксишеншицун
55809027,724793,mk,Вангџуангкун
55809104,724794,mk,Лиуџиажуангкун
55809181,724795,mk,фу танг
55809258,724796,mk,тиао танг
55809335,724797,mk,кси йи ки цун
55809412,724798,mk,ксуе зхуанг
55809566,724800,mk,лиу гу диан
55809643,724801,mk,ки зхуанг
55809720,724802,mk,донг зхуанг
55809951,724805,mk,схан ыуан туан
55810105,724807,mk,донг йи ки цун
55810182,724808,mk,Сунџија Тушанцун
55810259,724809,mk,уенйи ки цун
55810336,724810,mk,таи пинг тун
55810567,724813,mk,Нанменгџуангкун
55810721,724815,mk,ксу зхуанг
55810952,724818,mk,Јуанџијажуангкун
55811029,724819,mk,лоуыинг
55811183,724821,mk,ние йи дао
55811337,724823,mk,нан кинг диан
55811414,724824,mk,\N
55811645,724827,mk,цхенг зхуанг
55811876,724830,mk,нан ксианг ки гу
55812184,724834,mk,ли йиа тун
55812261,724835,mk,зхонг пинг ыи
55812492,724838,mk,сан по
55812569,724839,mk,схи ли тун
55812646,724840,mk,уу йиа тун
55812723,724841,mk,кси уу лоу
55812877,724843,mk,да лоу
55813108,724846,mk,ксиа зхуанг
55813185,724847,mk,цхен зхуанг
55813339,724849,mk,Тангвангжуангкун
55813570,724852,mk,беи ксианг ки гу
55813647,724853,mk,Лижуангкун
55813724,724854,mk,цаоба тун
55813801,724855,mk,Гуотангжуанг
55813955,724857,mk,ксу зхуанг
55814109,724859,mk,Хежуангцун
55814263,724861,mk,уеи зхуанг цун
55814340,724862,mk,сун зхуанг цун
55814417,724863,mk,Хуанглуодиан
55814494,724864,mk,уанг лиу ксинг
55814648,724866,mk,дуанзхуанг
55814725,724867,mk,зханг ксинг
55814802,724868,mk,нан йие
55814879,724869,mk,динг зхуанг
55814956,724870,mk,кси хан гу туан
55815033,724871,mk,донг хан гу туан
55815110,724872,mk,ксиао уанг йиа гоу цун
55815187,724873,mk,цхе гоу
55815341,724875,mk,нан йие
55815803,724881,mk,Беикиужуангкун
55815957,724883,mk,Цаойианзи
55816496,724890,mk,миао гуо
55816727,724893,mk,су зхуанг
55816804,724894,mk,ма йи
55817035,724897,mk,зханг ксиао цхен
55817266,724900,mk,зхоу ксиао цхен
55817343,724901,mk,да схи ку
55817420,724902,mk,хоу уанг луо
55817497,724903,mk,уанг луо йи
55817574,724904,mk,киан уанг луо
55817728,724906,mk,Донгжаожуангкун
55817805,724907,mk,ку зхуанг
55817959,724909,mk,Зијанг
55818036,724910,mk,цхаи зхуанг
55818113,724911,mk,ксиао лиу
55818190,724912,mk,да лиу
55818421,724915,mk,ли йиа
55818498,724916,mk,кси лианг
55818806,724920,mk,гуо цун
55818883,724921,mk,кси йие
55819037,724923,mk,ду йиа
55819114,724924,mk,ыан цун
55819345,724927,mk,кси да зханг цун
55819422,724928,mk,фан цун
55819499,724929,mk,Гуоџиажуангкун
55819653,724931,mk,гу йи гу
55819807,724933,mk,хоу зхуанг
55819961,724935,mk,Луотингкун
55820192,724938,mk,лианг схан
55820269,724939,mk,нан хан
55820423,724941,mk,лиу зхаи
55820500,724942,mk,зханг зийин
55820808,724946,mk,уанг лоу
55820885,724947,mk,Рентунцун
55821116,724950,mk,конг зхуанг
55821193,724951,mk,ма цун
55821424,724954,mk,киан сонг
55821501,724955,mk,Донгсонгжуангкун
55821578,724956,mk,ма зхуанг
55821732,724958,mk,уу зхуанг
55821809,724959,mk,ли ксу пинг цун
55821886,724960,mk,ниу цун
55822040,724962,mk,цаи зханг
55822117,724963,mk,лиу лу
55822194,724964,mk,зхаи ксиао йиа
55822271,724965,mk,гуо лу
55822348,724966,mk,кси ксиао йиа
55822425,724967,mk,хоу рен тун
55822502,724968,mk,Бианксинџуангкун
55822579,724969,mk,менг хоу лиу
55822656,724970,mk,Луќианлиучун
55822810,724972,mk,ыангйи
55822964,724974,mk,ксие ли гу
55823195,724977,mk,ксу фанг
55823272,724978,mk,ксин лиу йиа
55823811,724985,mk,сонг генг луо
55824042,724988,mk,лонг уо
55824196,724990,mk,йиа генг
55824273,724991,mk,тиан бао
55824658,724996,mk,хонг фенг
55825428,725006,mk,та тоу гоу
55825505,725007,mk,нан ганг зи
55825582,725008,mk,ксиа уаи зи
55825736,725010,mk,ниу тоу схан
55825813,725011,mk,ксиао хуанг гоу
55826275,725017,mk,лу хаи
55826429,725019,mk,схенг зхуанг
55826506,725020,mk,нан уу схан донг
55826583,725021,mk,цханг диан
55826660,725022,mk,ху цун
55826737,725023,mk,нан хе тао
55826814,725024,mk,донг даи лу хе
55826891,725025,mk,Јонгксинг
55826968,725026,mk,си хе
55827122,725028,mk,нианзи гоу
55827353,725031,mk,ксиао беи гоу
55827661,725035,mk,фа хе гоу
55827892,725038,mk,нан да тун
55828046,725040,mk,Ксинли
55828200,725042,mk,цханг гоу
55828277,725043,mk,туан йие
55828585,725047,mk,Ајгуо
55828893,725051,mk,ыангзхуанг
55829124,725054,mk,фенг йиа цун
55829201,725055,mk,йиа лу
55829278,725056,mk,кси баийиа гоу
55829355,725057,mk,нан хуо зхаи
55829432,725058,mk,зхан ыуан
55829740,725062,mk,зханг схуанг миао
55829817,725063,mk,хоу уанг
55829894,725064,mk,сонг танг
55829971,725065,mk,тиан бинг диан
55830125,725067,mk,лу беи ыи цун
55830202,725068,mk,ду зхуанг
55830356,725070,mk,хоу лиу гаи
55830510,725072,mk,хоу даи зхуанг
55830587,725073,mk,сонг цун
55830664,725074,mk,уазханг зхуанг
55830741,725075,mk,да гао зхуанг
55830818,725076,mk,Вуџи
55830895,725077,mk,ыан йи
55831049,725079,mk,зхао йиа ыан зи
55831203,725081,mk,лонг уандиан
55831357,725083,mk,Лукијао
55831434,725084,mk,киан уанг лоу
55831896,725090,mk,лао ыа тоу
55832050,725092,mk,ыао схан
55832127,725093,mk,динг ыанг си
55832358,725096,mk,сун зхуанг зхаи
55832512,725098,mk,донг хеи ганг
55832666,725100,mk,сха ту йи
55832743,725101,mk,ыоутун цун
55832974,725104,mk,схао лао зхуанг
55833128,725106,mk,тиан йи
55833513,725111,mk,уан лоу
55833667,725113,mk,хоу хоу йиа зхуанг
55833975,725117,mk,сонг лоу
55834052,725118,mk,уанг лоу
55834129,725119,mk,гао лоу
55834206,725120,mk,киан рен линг
55834514,725124,mk,канг йи
55834745,725127,mk,донг да миао
55834822,725128,mk,Ванге
55834899,725129,mk,ху коу
55834976,725130,mk,е хе
55835130,725132,mk,ксу ыуан
55835438,725136,mk,ан лиу
55835515,725137,mk,Жифанг
55835900,725142,mk,Ксингжај
55835977,725143,mk,ма даи цун
55836054,725144,mk,киан зханг йиа цун
55836131,725145,mk,зхенг ки зхуанг
55836208,725146,mk,конг фу
55836285,725147,mk,кси ксие
55836362,725148,mk,Шикси
55836439,725149,mk,зхенг зхуанг
55836824,725154,mk,хоу ма схи
55837055,725157,mk,Јинџи
55837132,725158,mk,лиу хе йи
55837209,725159,mk,ки ли пу
55837286,725160,mk,рен киао
55837363,725161,mk,фенг лоу
55837440,725162,mk,зхоу лин
55837517,725163,mk,схуанг ыангдиан
55837594,725164,mk,кси цаозхуанг
55837902,725168,mk,ксинг тун
55837979,725169,mk,Ксижаи
55838056,725170,mk,хоу тао гоу
55838287,725173,mk,ху цун
55838441,725175,mk,Ксидиту
55838672,725178,mk,цуи зханг зхуанг
55838980,725182,mk,фан схан
55839134,725184,mk,лианг зхуанг
55839211,725185,mk,Џангван
55839288,725186,mk,ыу хуанг миао
55839442,725188,mk,фан зхуанг
55839519,725189,mk,ыу лоу
55839596,725190,mk,гао ксианг диан
55839827,725193,mk,ыинг ли
55839981,725195,mk,зхао зхуанг
55840212,725198,mk,ли лоу
55840289,725199,mk,Лиангва
55840520,725202,mk,беи ма цун
55840905,725207,mk,даи диан
55840982,725208,mk,схен йи
55841059,725209,mk,зоу йиа зхуанг
55841136,725210,mk,кси ыуан лоу
55841213,725211,mk,уеи лоу
55841290,725212,mk,ксиао схан зхуанг
55841367,725213,mk,цху ыинг
55841521,725215,mk,дуан лоу
55841829,725219,mk,хан зхуанг
55841906,725220,mk,зху миао
55841983,725221,mk,да фан зхуанг
55842060,725222,mk,беи зхоу
55842214,725224,mk,дан киао
55842291,725225,mk,зханг ыинг
55842445,725227,mk,Нанванг
55842522,725228,mk,сха линг диан
55842676,725230,mk,пан ге
55842753,725231,mk,Кјуџија
55842830,725232,mk,лу йиа
55842907,725233,mk,уеи лан
55843138,725236,mk,кси ли зхаи
55843292,725238,mk,зхао доу си
55843369,725239,mk,фу беи
55843985,725247,mk,зху йиа зхуанг
55844293,725251,mk,Џианкси
55844370,725252,mk,лу зхуанг
55844447,725253,mk,Хежуанг
55844524,725254,mk,тиан лоу
55844755,725257,mk,хоу денг лоу
55844909,725259,mk,нан ли йиа зхуанг
55845063,725261,mk,уанг ксин зхуанг
55845140,725262,mk,Гешан
55845217,725263,mk,беи куан тоу
55845294,725264,mk,зху ыанглоу
55845371,725265,mk,киан хан схи киао
55845448,725266,mk,цхи тоу йи кси
55845525,725267,mk,хоу уанг цхао
55845679,725269,mk,ксиао фангмиао
55845833,725271,mk,ыан цханг
55845987,725273,mk,уан зхуанг
55846141,725275,mk,хе тан
55846218,725276,mk,Ликсу
55846449,725279,mk,сун уеи зхуанг
55846603,725281,mk,лиу мен коу
55846757,725283,mk,манг пу
55846834,725284,mk,цхен лоу
55847219,725289,mk,хан зхуанг
55847373,725291,mk,ма схи зхуанг
55847450,725292,mk,баизхуанг
55847681,725295,mk,беи ху цун
55847758,725296,mk,сханг мосхи линг
55847989,725299,mk,ыангхеи лоу
55848066,725300,mk,да йуан
55848374,725304,mk,ма зхуанг кси
55848451,725305,mk,йиан диан
55848605,725307,mk,зханг коу
55849067,725313,mk,йие хе коу
55849144,725314,mk,донг йиа бу
55849221,725315,mk,лиу лоудонг
55849298,725316,mk,схуанг киао
55849452,725318,mk,уанг йие
55849606,725320,mk,киан тун
55850068,725326,mk,кси ксин зхуанг
55850145,725327,mk,киан зханг зхуанг
55850222,725328,mk,донг цао
55850299,725329,mk,дан уанг зхуанг
55850453,725331,mk,донг ыуан коу
55850684,725334,mk,хуанг ту ыа
55850838,725336,mk,уанг хонгмиао
55851223,725341,mk,кси гуан тун
55851300,725342,mk,Нанванг
55851762,725348,mk,лианг лоу
55851839,725349,mk,донг схан тоу
55851916,725350,mk,фу хаи
55852070,725352,mk,Шикиао
55852147,725353,mk,беи донг зхуанг
55852224,725354,mk,Даксинџуанг
55852378,725356,mk,лиу зхуанг
55852609,725359,mk,цхенг зхуанг
55852917,725363,mk,нан ыангзхуанг
55852994,725364,mk,хе коу
55853071,725365,mk,Венвангју
55853302,725368,mk,ксинг фу лоу
55853379,725369,mk,Гаожуанг
55853456,725370,mk,беи лиу йиа
55853533,725371,mk,донг луо линг
55853764,725374,mk,схао зхуанг
55853918,725376,mk,зхоу лоу
55854072,725378,mk,кси ду цун
55854149,725379,mk,мао ху тонг
55854534,725384,mk,ли танг
55854611,725385,mk,ксу йиа уа
55854688,725386,mk,цхунйи
55854765,725387,mk,Гаожуанг
55855073,725391,mk,цхен гоу
55855150,725392,mk,схао туан
55855304,725394,mk,Ксиеџи
55855381,725395,mk,менг зхуанг
55855458,725396,mk,баизхаи
55855612,725398,mk,кси схан ыи цун
55855920,725402,mk,ки ли зхуанг
55856074,725404,mk,ху кси тоу
55856459,725409,mk,лиу лао йиа
55856536,725410,mk,ыангпинг лоу
55856613,725411,mk,киан зханг уу
55856767,725413,mk,лонг схен
55857152,725418,mk,схи лоу
55857691,725425,mk,да сан хе коу
55857922,725428,mk,зхузуи схи
55857999,725429,mk,Ванѓи
55858076,725430,mk,уанг танг
55858153,725431,mk,Фужуанг
55858307,725433,mk,цхен ганг
55858461,725435,mk,схенг зхуанг
55858538,725436,mk,ли зхуанг
55858846,725440,mk,нан ман зхуанг
55858923,725441,mk,да уанг зхаи
55859077,725443,mk,киан ксиао кин
55859154,725444,mk,гао лоу
55859231,725445,mk,мао миао
55859770,725452,mk,тао схан тоу
55859847,725453,mk,сун сха уо
55860001,725455,mk,зханг ксиа зхуанг
55860232,725458,mk,хоу сун
55860309,725459,mk,ли да зхуанг
55860617,725463,mk,Лихуајуан
55860694,725464,mk,ксиа диан зи
55860771,725465,mk,цхоу зхуанг
55860848,725466,mk,ценгзхуанг
55860925,725467,mk,фу танг
55861079,725469,mk,гао линг
55861233,725471,mk,рен хаи
55861464,725474,mk,Тианкиао
55861618,725476,mk,тиан лоу
55861695,725477,mk,да лианг уанг
55862003,725481,mk,Хежуанг Јицун
55862311,725485,mk,да уанг йиа зхуанг
55862388,725486,mk,ксиао ли баикси
55862465,725487,mk,цханг миао
55862619,725489,mk,ыан ма
55862850,725492,mk,кси уанг хаи
55862927,725493,mk,кси фан йиа зхуанг
55863158,725496,mk,цхен лоу
55863466,725500,mk,Кингшан
55864005,725507,mk,кси схан тоу
55864082,725508,mk,хуанг схун ди кси
55864159,725509,mk,куанг йиа зхуанг
55864236,725510,mk,сун ыоуфанг
55864390,725512,mk,ыао фу зхуанг
55864467,725513,mk,баимао донг
55864544,725514,mk,донг лоу
55864852,725518,mk,Хуајуан
55865083,725521,mk,бао тун
55865391,725525,mk,ыуе зхуанг
55865468,725526,mk,уен зхаи
55865776,725530,mk,зхао зхуанг
55866161,725535,mk,донг хонг миао
55866238,725536,mk,лиу линг му
55866469,725539,mk,Гоушан
55866546,725540,mk,киан сханг цун
55866623,725541,mk,донг баисхан
55866777,725543,mk,сан ли миао
55866854,725544,mk,ли лоубеи йие
55867008,725546,mk,схи ксиао уа
55867393,725551,mk,диан ху тун
55867470,725552,mk,донг уанг лоу
55867624,725554,mk,ыуан зхуанг
55867855,725557,mk,беи ыу хуанг миао
55867932,725558,mk,схи гоу
55868394,725564,mk,гао йиа цун
55868625,725567,mk,Ксиганг
55868779,725569,mk,панг киао
55868856,725570,mk,хуи зхуыуан
55868933,725571,mk,донг гаи цун
55869087,725573,mk,уанг гуан зхуанг
55869164,725574,mk,цуи си зхуанг
55869241,725575,mk,Лијуан
55869472,725578,mk,Каомијао
55869549,725579,mk,йиан йиа зхуанг
55869857,725583,mk,генг зхуанг
55870088,725586,mk,да зханг
55870242,725588,mk,Јаожуанг
55870319,725589,mk,зханг гуан тун
55870396,725590,mk,беи гуан
55870550,725592,mk,фан ли
55870704,725594,mk,зху лиу коу
55870781,725595,mk,ксиао ыао
55870858,725596,mk,ганг зи
55871166,725600,mk,донг зханг лоу
55871397,725603,mk,Вајукси
55871551,725605,mk,лиу зхуанг
55871628,725606,mk,хуанг схан ыи цун
55871705,725607,mk,да ксие зхуанг
55872013,725611,mk,донг лоу
55872167,725613,mk,сханг куан
55872321,725615,mk,ыан донг
55872475,725617,mk,ыангтаи
55872783,725621,mk,ыан диан
55872937,725623,mk,гу таи си
55873091,725625,mk,Џиунукван
55873399,725629,mk,ли зхуанг
55873784,725634,mk,ту лоу
55874015,725637,mk,баийианг ыу
55874092,725638,mk,ку зхуанг
55874323,725641,mk,Таојуан
55874939,725649,mk,фенг донг
55875247,725653,mk,тиан йи
55875324,725654,mk,ыу лоу
55875478,725656,mk,гуо лоу
55875709,725659,mk,цхао ыанг зхуанг
55875786,725660,mk,зхонг динг схан
55876094,725664,mk,цхен йиа хуанг мао
55876248,725666,mk,да цхен лоу
55876325,725667,mk,ху йиа ыинг
55876479,725669,mk,киан ге
55876633,725671,mk,си миао
55876864,725674,mk,донг менг
55876941,725675,mk,сханг хуанг зхуанг
55877326,725680,mk,ксуе йиа зхуанг
55877557,725683,mk,хуан цун
55877711,725685,mk,сха уо ли
55878327,725693,mk,фангмиао кси
55878481,725695,mk,Хеишанкси
55878789,725699,mk,лиу цун
55878866,725700,mk,ксиан по
55878943,725701,mk,йиа зхаи
55879405,725707,mk,ксиао хао
55879482,725708,mk,уанг мен лоу
55879790,725712,mk,да цхенг
55880021,725715,mk,уанг схан зхуанг
55880406,725720,mk,ли ксин йи беи
55880483,725721,mk,гуо зхуанг зхаи
55880714,725724,mk,ксу лоу
55880791,725725,mk,да ыинг
55880868,725726,mk,гуо гоу
55880945,725727,mk,цхоу зхуанг
55881330,725732,mk,лианг гаи
55881484,725734,mk,хоу тинг
55881792,725738,mk,менг зхуанг
55882177,725743,mk,Хоужанглу
55882485,725747,mk,ер ланг миао
55882639,725749,mk,ыуан зхуанг
55882716,725750,mk,кин зхаи
55882870,725752,mk,цхен зхуанг
55882947,725753,mk,зханг хаи
55883101,725755,mk,уанг ыу
55883178,725756,mk,хоу лу лоу
55883255,725757,mk,Куижуанг
55883640,725762,mk,гу цхенг
55883717,725763,mk,си лонг
55884179,725769,mk,ку зхуанг
55884333,725771,mk,лу сху
55884410,725772,mk,конг лоу
55884487,725773,mk,хуа йиа цханг
55884564,725774,mk,лиу ксиао цхуан
55884795,725777,mk,Миаолинг
55884872,725778,mk,сан лиу
55885334,725784,mk,донг уанг танг
55885488,725786,mk,цхен ли зхуанг
55885565,725787,mk,зхенг зхуанг
55885796,725790,mk,Ксинглу
55886335,725797,mk,схуи ниу цхен донг
55886489,725799,mk,сонг зхуанг
55886643,725801,mk,да ма уанг
55886797,725803,mk,хоу танг лоу
55886874,725804,mk,схи зхаи
55887259,725809,mk,цхенг зхуанг
55887644,725814,mk,нан ксиа сонг
55887798,725816,mk,ту схан
55887952,725818,mk,Даксинџуанг
55888491,725825,mk,кси цаи йиа уа
55888799,725829,mk,ли бентун
55888876,725830,mk,ыи лоу
55889030,725832,mk,ыун фенг схан
55889107,725833,mk,йианг зхуанг
55889338,725836,mk,Ксуџонг
55889723,725841,mk,лао ху уо
55889877,725843,mk,ниу киао
55890339,725849,mk,Кианјуан
55890493,725851,mk,Ксијажуанг
55890955,725857,mk,Баикси
55891263,725861,mk,бие зхуанг
55891494,725864,mk,зхуо зхуанг
55891879,725869,mk,схенг уа
55891956,725870,mk,схи хе уанг
55892033,725871,mk,йун зханг
55892187,725873,mk,луо зхуанг
55892341,725875,mk,уу гуаи
55892649,725879,mk,зхао пинг фанг
55892726,725880,mk,гоу нан
55892803,725881,mk,Венченг
55892880,725882,mk,Дајанг
55892957,725883,mk,зхонг зханг лоу
55893111,725885,mk,кси схан ыао
55893265,725887,mk,Јангченг
55893342,725888,mk,ыонгниан йи
55893419,725889,mk,зхенг зхуанг
55893496,725890,mk,Вавужанг
55893881,725895,mk,ма диан
55894112,725898,mk,гуо цанг
55894266,725900,mk,ксиао лиу зхуанг
55894343,725901,mk,фан лао йиа
55894651,725905,mk,менг йи
55894959,725909,mk,ху зхуанг
55895498,725916,mk,ма йиа зхаи зи
55895883,725921,mk,зханг схан донг
55895960,725922,mk,да гуан коу
55896114,725924,mk,лиу лоу
55896268,725926,mk,донг линг
55896499,725929,mk,цаозхуанг ыи цун
55896961,725935,mk,ксие йиа цун
55897192,725938,mk,Лиџи
55897500,725942,mk,цхен йиа ханг
55897731,725945,mk,лиу ганг
55897962,725948,mk,сан ыи йи
55898039,725949,mk,Миаожуанг
55898424,725954,mk,Кулу
55898655,725957,mk,зханг донг
55898809,725959,mk,да схао ыу
55899425,725967,mk,хоу йие
55899502,725968,mk,зханг сан лоу
55899579,725969,mk,ыангйиа зхуанг
55899656,725970,mk,сун хуа тун
55899733,725971,mk,нан ли гаи
55899964,725974,mk,уу лоу
55900041,725975,mk,кси схиыуан
55900580,725982,mk,ли лиу лоу
55900888,725986,mk,хоу ыинг
55901042,725988,mk,да схан ыин
55901119,725989,mk,сху ли
55901735,725997,mk,зхао зхуанг
55901889,725999,mk,схи ли зха нан
55901966,726000,mk,ксиао ли зхуанг
55902120,726002,mk,цханг миао зхонг
55902274,726004,mk,донг ксиангбаи
55902351,726005,mk,ксиао ли зхуанг
55902813,726011,mk,ба ли йинг
55902967,726013,mk,сан уанг зхуанг
55903044,726014,mk,лао куан
55903121,726015,mk,да ксин ыи цун
55903198,726016,mk,лиу йи
55903275,726017,mk,кси уан ыуан
55903352,726018,mk,Ксијаовангжуанг
55903429,726019,mk,Шангсинџуанг
55903583,726021,mk,донг гу цун
55903737,726023,mk,ду коу
55903968,726026,mk,Тиџи
55904199,726029,mk,пан зхуанг
55904815,726037,mk,зи зхуанг
55904892,726038,mk,уу лоу
55905046,726040,mk,хоу зхуанг
55905123,726041,mk,зханг лоу
55905354,726044,mk,Донгкаокси
55905816,726050,mk,Дали
55906047,726053,mk,схуанг та
55906201,726055,mk,беи тинг си
55906894,726064,mk,Џиангкун
55907048,726066,mk,йиа лоу
55907125,726067,mk,Донгвангва
55907356,726070,mk,кси ли зхуанг
55907818,726076,mk,ма зхуанг
55908357,726083,mk,нан гуан зхуанг
55908511,726085,mk,нан лиу
55908665,726087,mk,донг зхонг йи
55908819,726089,mk,цхао зхуанг
55909281,726095,mk,ксианг зхуанг
55909666,726100,mk,донг уанг лоу
55910205,726107,mk,лиу танг
55910744,726114,mk,да минг гуан зхуанг
55911052,726118,mk,Вутанг
55911129,726119,mk,гонг зхуанг
55911437,726123,mk,бао йиа зхуанг
55911514,726124,mk,йин йиа зхуанг
55911591,726125,mk,му йие зхуанг
55911668,726126,mk,Ликијао
55911976,726130,mk,сун хуа ыуан
55912053,726131,mk,уанг лоу
55912284,726134,mk,донг уанг йиа цун
55912592,726138,mk,зханг ксиа зхуанг
55912669,726139,mk,гуо лоу
55912823,726141,mk,Хулу
55913054,726144,mk,Ванѓи
55913362,726148,mk,ма хе
55913439,726149,mk,хоу зхуанг
55913516,726150,mk,лиу фанг
55913670,726152,mk,ние цханг
55913824,726154,mk,схи ли беи цун
55914132,726158,mk,ху зхуанг
55914209,726159,mk,киан уанг
55914363,726161,mk,кси баи
55914517,726163,mk,цху зхуанг
55914671,726165,mk,донг йигоу ыи цун
55914902,726168,mk,хе тун
55915056,726170,mk,уанг схенг тун
55915364,726174,mk,лу диао
55915672,726178,mk,лу ыуан донг
55915749,726179,mk,сонг йиа гоу
55915826,726180,mk,йидонг цун
55916519,726189,mk,Хуангжуанг
55916596,726190,mk,киан ли лоу
55916673,726191,mk,ниан йиа ыу
55916750,726192,mk,зханг да лоу
55916904,726194,mk,кси зи ыанг
55917135,726197,mk,уанг гуан ыинг
55917289,726199,mk,ыангзхуанг
55917982,726208,mk,хан зхуанг
55918290,726212,mk,сха ту лиу лоу
55918367,726213,mk,уанг йиа ыуан
55918829,726219,mk,луо фенг схан
55918983,726221,mk,танг лиан зхуанг
55919599,726229,mk,ан сханг
55919753,726231,mk,Вума
55919907,726233,mk,зханг ыан лоу
55920138,726236,mk,Дакиао
55920292,726238,mk,зхао донг
55920523,726241,mk,фенг лоу
55920831,726245,mk,Ванѓија
55921062,726248,mk,рен зхуанг
55921139,726249,mk,ки уанг по
55921293,726251,mk,фенг йиа зхуанг
55921447,726253,mk,Гаожуанг
55921524,726254,mk,пеи хе
55921832,726258,mk,зхоу гу дуи
55922063,726261,mk,денг йиа зхуанг
55922294,726264,mk,киан сха
55922525,726267,mk,да ксу зхуанг
55922910,726272,mk,куе зхуанг
55922987,726273,mk,хоу зханг
55923064,726274,mk,ыанг ксудонг цун
55923218,726276,mk,миао донг
55923526,726280,mk,Донџијанг
55923757,726283,mk,ыуан тан лоу
55923834,726284,mk,канг си
55924065,726287,mk,ыангзхуанг
55924219,726289,mk,Фенгкси
55924296,726290,mk,баизхуанг
55924373,726291,mk,ки гаи
55924527,726293,mk,баи сху ыуан
55924835,726297,mk,Хуангжуанг
55924989,726299,mk,ма зху пу
55925066,726300,mk,Жаокун
55925143,726301,mk,оу ыу
55925374,726304,mk,Џангдијан
55925605,726307,mk,лиу фан цун
55925759,726309,mk,лиу хе
55925836,726310,mk,зхонг гу дуи
55925913,726311,mk,да ксузхуанг
55926375,726317,mk,Вуџи
55926452,726318,mk,киан бинг
55926606,726320,mk,нан тун
55926914,726324,mk,зхао зхуанг нан
55927299,726329,mk,донг йиа тун
55927530,726332,mk,Шанва
55927607,726333,mk,пинг лоу
55927838,726336,mk,Шуикуан
55927915,726337,mk,Џангжуанг
55928069,726339,mk,ыангдао гу
55928531,726345,mk,нан донг зхуанг
55928839,726349,mk,да уанг ыинг
55929070,726352,mk,хоу лин
55929147,726353,mk,сха хе
55929301,726355,mk,йизхуанг
55929609,726359,mk,сха ту йи
55929686,726360,mk,кси йиа зхуанг
55929994,726364,mk,зхаи зи
55930148,726366,mk,Ксијаокси
55930302,726368,mk,сханг схуи хе
55930533,726371,mk,кси ыин
55930918,726376,mk,киан лиу ыуан
55930995,726377,mk,хуанг кин фу
55931303,726381,mk,нан ыуан тинг
55931534,726384,mk,зханг лоу
55931688,726386,mk,да ганг
55932073,726391,mk,фенг ксиан зхуанг
55932381,726395,mk,ма зхуанг
55932535,726397,mk,Жукјао
55932612,726398,mk,бо киао
55932689,726399,mk,Лиџи
55932843,726401,mk,Тангџуанг
55933074,726404,mk,ксиао ге зи
55933228,726406,mk,донг ыангзхуанг
55934152,726418,mk,ыун цхен
55934383,726421,mk,кси зхуанг
55934460,726422,mk,кси ге
55934691,726425,mk,Лилуксианг
55934999,726429,mk,ниу зхуанг
55935076,726430,mk,хуи бо
55935384,726434,mk,нан зхуанг донг
55935538,726436,mk,хуо ба
55935615,726437,mk,хао йиа ыу
55935769,726439,mk,ниу схан хоу
55935923,726441,mk,хоу ыангганг
55936308,726446,mk,тао луо донг
55936924,726454,mk,киан уанг фенг
55937078,726456,mk,нан зху лоу
55937463,726461,mk,ба ли гоу
55937540,726462,mk,схенг йиа ыу
55937694,726464,mk,гуо зхуанг
55937771,726465,mk,сонг зхуанг
55938002,726468,mk,лиу лоу
55938079,726469,mk,донг ыангйи
55938464,726474,mk,ксин ан диан
55938618,726476,mk,ли зхуанг зхаи
55938772,726478,mk,ли йиа по
55939080,726482,mk,лиу ыинг
55939619,726489,mk,да лиу зхуанг
55939773,726491,mk,хуанг донг
55939927,726493,mk,зхао йи
55940004,726494,mk,лао куан ыи цун
55940235,726497,mk,уу зхуанг
55940312,726498,mk,сун да миао
55940389,726499,mk,уу лун йи
55940543,726501,mk,уу ли зхуанг
55940774,726504,mk,гу схан
55940851,726505,mk,ки йиа зхуанг
55941467,726513,mk,кси гуо тун
55941852,726518,mk,да зхоу цун
55942314,726524,mk,беи гу схи
55942391,726525,mk,цхен цаи ыуан
55942545,726527,mk,йиао зхуанг
55942622,726528,mk,зхоу цун
55942699,726529,mk,лиу зхуанг
55942776,726530,mk,Ксинџуанг
55943084,726534,mk,киан ма тоу
55943392,726538,mk,Хулу
55943623,726541,mk,кси уо
55944008,726546,mk,зханг зуо
55944085,726547,mk,дан лоу
55944162,726548,mk,ма зхуанг
55944239,726549,mk,Дукиао
55944470,726552,mk,цху зхуанг
55944778,726556,mk,сун уанг
55944855,726557,mk,ма лу зуи
55944932,726558,mk,Ксинџа
55945009,726559,mk,ху йиа зхуанг
55945163,726561,mk,зханг си зхуанг
55945702,726568,mk,донг си хе
55946703,726581,mk,цханг ксинг зхаи
55946934,726584,mk,нан та уан
55947088,726586,mk,лиу уанг зхуанг
55947165,726587,mk,киу йиа лоу
55947473,726591,mk,цханг лиу ксинг
55947781,726595,mk,пинг ганг
55947935,726597,mk,зханг донг йи
55948166,726600,mk,ыангзхуанг
55948320,726602,mk,лу донг
55948397,726603,mk,йитиан
55949090,726612,mk,Џанџи
55949321,726615,mk,руан лоу
55949398,726616,mk,киан миао
55949475,726617,mk,беи ху
55949552,726618,mk,да ыуан
55949860,726622,mk,гуо лоу
55950399,726629,mk,зхуанг ли донг
55950476,726630,mk,зао гоу
55950707,726633,mk,зханг хаи
55950784,726634,mk,да танг сху
55950861,726635,mk,ыан зхуанг
55951169,726639,mk,зхенг зхуанг
55951246,726640,mk,ли танг
55951477,726643,mk,донг сун йиа тан
55951708,726646,mk,луо зхуанг
55951862,726648,mk,кси цхенг киан
55952093,726651,mk,лиу ыуан
55952401,726655,mk,да зхонг гао
55952555,726657,mk,ли ер зхуанг
55952632,726658,mk,Ксиченг
55952709,726659,mk,зханг гаи
55952786,726660,mk,ыуан гу дуи
55952940,726662,mk,киан ыа
55953325,726667,mk,схен донг
55953556,726670,mk,беи канг фу
55953633,726671,mk,донг йу схан
55953787,726673,mk,ма донг
55954018,726676,mk,гао йиа цун
55954172,726678,mk,да фенг зхуанг
55954249,726679,mk,мао схи гоу
55954557,726683,mk,Донгкиао
55954788,726686,mk,фенг лоу
55954942,726688,mk,киан схи лоу
55955019,726689,mk,сонг уанг зхуанг
55955096,726690,mk,фенг зхаи
55955327,726693,mk,ху ыинг
55955866,726700,mk,зху фанг
55956020,726702,mk,лиу зхуанг
55956097,726703,mk,зху коу
55956482,726708,mk,донг ксуе хе
55956559,726709,mk,донг сан зханг
55956790,726712,mk,ксин ксинг йи
55956867,726713,mk,уанг танг
55956944,726714,mk,хоу зао
55957252,726718,mk,цхен лоу
55957637,726723,mk,беи танг ыин
55957714,726724,mk,конг ли лоу
55957945,726727,mk,си лиу
55958022,726728,mk,нан уанг зхуанг
55958176,726730,mk,уеи лу коу
55958484,726734,mk,конг гоу
55958869,726739,mk,беи ыанглоу
55959023,726741,mk,уу ли дун
55959177,726743,mk,сун зхуанг
55959331,726745,mk,сха ганг йи
55959562,726748,mk,сха гу дуи
55959639,726749,mk,ма лоу
55959716,726750,mk,ли гуан ыинг
55959793,726751,mk,Хежуанг
55960024,726754,mk,донг уу йиа зхуанг
55960101,726755,mk,лиу хонг зхуанг
55960409,726759,mk,бао ан
55960486,726760,mk,Фужуанг
55960871,726765,mk,хонгмиао
55961025,726767,mk,йианг кенг
55961102,726768,mk,донг ксие йиа хе
55961256,726770,mk,гуанг хуа си
55961564,726774,mk,лиан диан
55961718,726776,mk,Лиангкси
55961872,726778,mk,Бејџао
55962026,726780,mk,киу хаи
55962334,726784,mk,цао си
55962411,726785,mk,Куизикси
55962488,726786,mk,сонг зхуанг
55962642,726788,mk,нан ыанг зхуанг
55962796,726790,mk,ан зхуанг
55962873,726791,mk,зханг лоу
55963104,726794,mk,Танту
55963181,726795,mk,кси сан уанг
55963258,726796,mk,гао хе цун
55963489,726799,mk,генг зхуанг
55963797,726803,mk,цаойиа лин
55963874,726804,mk,хуанг уанг зхуанг
55964721,726815,mk,лиу зхуанг зхаи
55964798,726816,mk,гао лоу
55964875,726817,mk,хао схи лиан
55965029,726819,mk,ли ксиао лоу
55965183,726821,mk,денг зхуанг
55965722,726828,mk,ксу лоу
55965953,726831,mk,лиу зхуанг
55966107,726833,mk,киан уанг цхао
55966184,726834,mk,да хоу цун
55966800,726842,mk,Нанјуан
55966954,726844,mk,фан зхуанг
55967031,726845,mk,сонг лоу
55967262,726848,mk,донг лу зхуанг
55968109,726859,mk,нан би донг цун
55968417,726863,mk,мао ыинг
55968571,726865,mk,кси йин коу
55968879,726869,mk,ба гуан зхуанг
55969110,726872,mk,лиу зхаи
55969264,726874,mk,схуи куан зхуанг
55969341,726875,mk,беи цун
55969803,726881,mk,да кси ыу
55970342,726888,mk,ли лоу
55970496,726890,mk,Јанѓи
55970727,726893,mk,Маџунинг
55970804,726894,mk,Гаожуанг
55970881,726895,mk,Ванкванжуанг
55971112,726898,mk,зхонг зхуанг
55971189,726899,mk,донг гу цхенг
55971266,726900,mk,ма зхуанг
55971420,726902,mk,зханг ху тонг
55971497,726903,mk,ыу йиа зхуанг
55971728,726906,mk,хуанг йун ыинг
55971805,726907,mk,хоу тун
55972036,726910,mk,рен киао
55972267,726913,mk,куанг схан тоу
55972344,726914,mk,киао зхуанг
55972498,726916,mk,схизи ыуан
55973037,726923,mk,ыу йиа зхуанг
55973114,726924,mk,зханг уу зхуанг
55973576,726930,mk,ыао киао гоу
55973807,726933,mk,хуаи лин
55973961,726935,mk,зхао цаи ыуан
55974269,726939,mk,менг миао
55974577,726943,mk,да ху
55974962,726948,mk,цхенг зхуанг
55975193,726951,mk,ма йиа зхуанг
55975424,726954,mk,ксиа даи танг
55975809,726959,mk,зханг гаи
55975886,726960,mk,лиу зхуанг зхаи
55976117,726963,mk,ган ыу тоу
55976271,726965,mk,кси уанг лоу
55976348,726966,mk,лу на ли
55976579,726969,mk,хоу ганг
55976810,726972,mk,хе ли зханг зхуанг
55977041,726975,mk,ли лиу цун
55977118,726976,mk,Џангжуанг
55977195,726977,mk,баизхонг куан
55977349,726979,mk,панг зхуанг
55977503,726981,mk,ыангзхуанг
55977580,726982,mk,нан цхенг зи
55977811,726985,mk,кси хуанг
55977965,726987,mk,Даво
55978042,726988,mk,зхоу йиа зхуанг
55978119,726989,mk,хуанг коу
55978273,726991,mk,цханг зхуанг
55978581,726995,mk,ци ыао донг
55978735,726997,mk,донг зхао зхуанг
55978889,726999,mk,лонг уантао
55979120,727002,mk,йиу ксиан ыи йие
55979197,727003,mk,зао лин
55979274,727004,mk,менг лу
55979428,727006,mk,зхонг хаи
55979582,727008,mk,зхен хе зхуанг
55979813,727011,mk,ксиао тун
55980121,727015,mk,донг ли ли
55980198,727016,mk,Вухаи
55980352,727018,mk,сонг зхуанг
55980506,727020,mk,зхао ксин зхуанг
55980583,727021,mk,нан ге схан
55980891,727025,mk,ма зхуанг
55981122,727028,mk,ыоуфанг
55981276,727030,mk,Гаожуанг
55981353,727031,mk,нан лу
55981430,727032,mk,сханг бао йиа зхуанг
55981507,727033,mk,зханг хе коу
55981661,727035,mk,хао миао
55981892,727038,mk,лин зхуанг
55982046,727040,mk,даотун
55982277,727043,mk,ыин хе цун
55982508,727046,mk,Ксинџуанг
55982816,727050,mk,ли си
55982970,727052,mk,зханг лоу
55983201,727055,mk,лу зхаи
55983278,727056,mk,лиу лоу
55983432,727058,mk,беи зхенг зхуанг
55983509,727059,mk,ни лоу
55983586,727060,mk,донг зханг зхуанг
55983663,727061,mk,схецанг
55983894,727064,mk,лиу ксу хаи лоу
55983971,727065,mk,лиу зхуанг
55984125,727067,mk,лиу ксу пу
55984279,727069,mk,цаотун
55984356,727070,mk,уанг тие зхуанг
55985049,727079,mk,ыу хуанг схан
55985126,727080,mk,пинг лоу
55985203,727081,mk,киан тун
55985357,727083,mk,фан зхуанг
55985434,727084,mk,хоу йинг
55985588,727086,mk,да ыан зхуанг
55985665,727087,mk,схао зхуанг
55985973,727091,mk,гуо зхуанг
55986435,727097,mk,уеи зхуанг нан
55986589,727099,mk,лиу тиан зхуанг
55986743,727101,mk,Луван
55987205,727107,mk,ксианг схуи коу
55987436,727110,mk,дуан йи
55987667,727113,mk,тиан уанг цун
55988129,727119,mk,схизи ыуан
55988206,727120,mk,кси нан зхуанг
55988360,727122,mk,зханг йиа зхуанг
55988437,727123,mk,зхенг зхуанг
55988514,727124,mk,киан фу ге
55988591,727125,mk,йиа лоу
55988668,727126,mk,беи ыу
55988899,727129,mk,уанг зхуанг
55989130,727132,mk,донг рен зхаи
55989207,727133,mk,уанг зхуанг
55989284,727134,mk,донг тун
55989361,727135,mk,Гаоџиажуанг
55989515,727137,mk,бао уанг зхуанг
55989592,727138,mk,ыуан ксин лоу
55990208,727146,mk,зхонг ыан
55990516,727150,mk,ли танг
55990670,727152,mk,фангдао гоу
55990747,727153,mk,зханг ху тонг
55990901,727155,mk,ба да зхуанг
55991055,727157,mk,нан уанг зхуанг
55991132,727158,mk,киан зху зхуанг
55991209,727159,mk,да зханг зхуанг
55991440,727162,mk,зхонг уанг зхуанг
55991594,727164,mk,цун ли
55992133,727171,mk,баила ыуан
55992210,727172,mk,конг йиа тун
55992441,727175,mk,лиу ксинг
55992826,727180,mk,ба тоу си
55993057,727183,mk,динг зхуанг
55993288,727186,mk,тие лу зхаи
55993365,727187,mk,кезхен ыуан
55993519,727189,mk,лонг фенг йи
55993673,727191,mk,даи лао йиа
55993904,727194,mk,Ксинглонг
55993981,727195,mk,хоу зханг зхуанг
55994135,727197,mk,зхао беи
55994443,727201,mk,сун йинг
55994597,727203,mk,зху лоу
55994751,727205,mk,лин киан
55994828,727206,mk,зханг лиу
55994982,727208,mk,ли танг
55995136,727210,mk,донг уанг зхуанг
55995290,727212,mk,ксу лу
55995444,727214,mk,ман ыинг
55995521,727215,mk,киан баи
55995675,727217,mk,донг ли
55995752,727218,mk,генг схан зи
55995983,727221,mk,тие ку миао
55996137,727223,mk,беи ма йиа зхаи
55996214,727224,mk,лиу гаи
55996522,727228,mk,уан ксинг зхуанг
55996676,727230,mk,да зханг зхуанг
55996907,727233,mk,беи по
55997138,727236,mk,бао лоу
55997369,727239,mk,рен зхуанг
55997677,727243,mk,уанг йи беи
55997908,727246,mk,бао зхуанг
55998062,727248,mk,ган лу цун
55998139,727249,mk,донг линг
55998293,727251,mk,гуо йи
55998678,727256,mk,ыан зхуанг
55998909,727259,mk,схен йиа гоу
55998986,727260,mk,ыан хе
55999063,727261,mk,ли хе ыа
55999140,727262,mk,Џангжуанг
55999294,727264,mk,беи ыангзхуанг
55999371,727265,mk,уанг лоу
55999602,727268,mk,уанг каи ыи цун
55999833,727271,mk,схи ли пу
55999910,727272,mk,уеи йиа зхаи
56000295,727277,mk,йианг тун
56000449,727279,mk,зхао зхуанг
56000680,727282,mk,ыу баи
56000834,727284,mk,баиыангдиан
56000988,727286,mk,лиу зхуанг
56001065,727287,mk,Ксијангшан
56001142,727288,mk,зхао зхуанг
56001373,727291,mk,беи схуанг йинг
56002143,727301,mk,ксу ыинг
56002374,727304,mk,ксу танг
56002836,727310,mk,ыангзао
56003298,727316,mk,Куижуанг
56003375,727317,mk,хоу уанг зхуанг
56003914,727324,mk,куан мен лиу зхуанг
56004299,727329,mk,гао йиа миао
56004530,727332,mk,зхао зхуанг
56004915,727337,mk,фан диан
56004992,727338,mk,фанг хоу гуан зхуанг
56005146,727340,mk,ыуан лоу
56005223,727341,mk,лао ыангзхуанг
56005300,727342,mk,куе зхуанг
56005377,727343,mk,кси тиан цхен
56005531,727345,mk,донг луо схан
56005685,727347,mk,Ксијаојинг
56005839,727349,mk,Хоју
56006224,727354,mk,Беиќи
56006532,727358,mk,кси ыангзхуанг
56006609,727359,mk,зханг фан ыи цун
56006763,727361,mk,сонг лоу
56006840,727362,mk,ксуе зхуанг
56007302,727368,mk,цхен ксиао ыинг
56007456,727370,mk,йи цаи ыуан
56007533,727371,mk,ху йи
56007764,727374,mk,киан уан
56007841,727375,mk,Ксиву
56008611,727385,mk,Бади
56008765,727387,mk,зхоу диан
56008842,727388,mk,диан уанг зхуанг
56008919,727389,mk,схун хе йи
56009073,727391,mk,киан хуанг фу
56009150,727392,mk,ыуе пенг цун
56009227,727393,mk,беи уанг зхаи
56009304,727394,mk,сханг схи хе
56009612,727398,mk,зхенг йиа лонг куан
56009766,727400,mk,йианг йи хе нан
56009843,727401,mk,гуан си
56010074,727404,mk,нан ксуе тун кси
56010459,727409,mk,киан зхаи зи
56010613,727411,mk,хуосхен таи
56011152,727418,mk,ли танг киао
56011229,727419,mk,зхоу миао
56011383,727421,mk,ксие лоу
56011537,727423,mk,зханг тан зхифанг
56011614,727424,mk,тиан зхуанг
56011999,727429,mk,тан коу йи
56012076,727430,mk,ыа зхуанг
56012153,727431,mk,зхао ыинг
56012769,727439,mk,танг гуан ыинг
56012923,727441,mk,цхоу зхуанг
56013077,727443,mk,донг зханг зхуанг
56013231,727445,mk,мао ыи зхуанг
56013385,727447,mk,ксуе ганг
56013462,727448,mk,да ыан лоу
56013616,727450,mk,да гао киао
56013770,727452,mk,хаи зи
56014001,727455,mk,киан зхаи зи
56014155,727457,mk,кси зхао гуан ыинг
56014386,727460,mk,схао зхуанг си
56014540,727462,mk,ксин цаи ыуан
56014771,727465,mk,донг уу гоу
56014925,727467,mk,динг зхуанг
56015079,727469,mk,уанг ыун ыи цун
56015695,727477,mk,Ксуку
56015772,727478,mk,да нан пу
56015849,727479,mk,кси ду зхуанг
56015926,727480,mk,Ванѓи
56016003,727481,mk,Лижај
56016080,727482,mk,сонг миао
56016157,727483,mk,ан рен йи
56016311,727485,mk,киан лиу зхуанг
56016619,727489,mk,йианг зхуанг
56016696,727490,mk,хоу цха пенг
56016773,727491,mk,ли лоу
56016850,727492,mk,цхонг фу йи
56017081,727495,mk,Тангмиао Лижуангкун
56017158,727496,mk,Лиџи
56017235,727497,mk,Оџи
56017312,727498,mk,донг лоу
56017389,727499,mk,йие зханг
56017466,727500,mk,лу ху тонг
56017543,727501,mk,ксуе зхуанг
56017928,727506,mk,киан ыанглоу
56018159,727509,mk,зхао лоу
56018544,727514,mk,да ыан донг
56018621,727515,mk,цхенг нан зханг
56018852,727518,mk,лангсхан тун кси
56019237,727523,mk,йизхуанг
56019391,727525,mk,мао гуан тун
56019853,727531,mk,Беишан
56020007,727533,mk,фан зхуанг
56020161,727535,mk,Кинги
56020238,727536,mk,ыангыинг
56020392,727538,mk,Лиганг
56020623,727541,mk,лианг зхуанг
56020700,727542,mk,да зхаи йи нан йие
56020931,727545,mk,ксу танг
56021085,727547,mk,нан цхен цун
56021162,727548,mk,йиу лао зхуанг
56021470,727552,mk,ксиао канг си
56021624,727554,mk,Вангжај
56021855,727557,mk,фенг схан ыу
56022009,727559,mk,сан гуан зхуанг
56022317,727563,mk,ыа ли
56022548,727566,mk,Маван
56022702,727568,mk,Ксужуанг
56023087,727573,mk,зханг лао зхуанг
56023164,727574,mk,ксиао цха хе
56023318,727576,mk,нан нинг йиа зхуанг
56023395,727577,mk,Донгбеи
56023549,727579,mk,зхао гаи
56023626,727580,mk,уанг зхуанг
56023780,727582,mk,Хежуанг
56024011,727585,mk,схисху гоу
56024165,727587,mk,лиу зхуанг
56024319,727589,mk,кси таи йи
56024550,727592,mk,кси цхаи цхенг
56025012,727598,mk,беи зхоу зхуанг
56025089,727599,mk,фенг зхуанг
56025397,727603,mk,Фужуанг
56025551,727605,mk,хоу хуа ыуан
56025628,727606,mk,схи фан зхуанг
56025705,727607,mk,зхао лиу да бо
56025782,727608,mk,цхен зхуанг
56025936,727610,mk,цу лиу зхуанг
56026013,727611,mk,хуанг ер зхуанг
56026090,727612,mk,цуоцао ыу
56026167,727613,mk,Беитоу
56026244,727614,mk,Хежуанг
56026321,727615,mk,лиан хуа ыу
56026552,727618,mk,Нанвенкси
56026706,727620,mk,ыанг лаи
56026860,727622,mk,Ксиџијанг
56027322,727628,mk,хуанг схан
56027553,727631,mk,ксиао тун
56027630,727632,mk,ксианг фу зхаи беи
56027707,727633,mk,Сонгва
56027861,727635,mk,хоу ксиангхе
56028246,727640,mk,Хежуанг
56028554,727644,mk,гуан миао ли
56028862,727648,mk,зхао танг
56029093,727651,mk,донг лао йиа
56029170,727652,mk,ди лоу
56029247,727653,mk,донг куан ли
56029478,727656,mk,хоу лоу
56029555,727657,mk,ксиао гуан тун
56029709,727659,mk,Беиксин
56029863,727661,mk,сха лу коу
56029940,727662,mk,цаолоу
56030248,727666,mk,зханг лоу
56030402,727668,mk,хуа ыинг
56030941,727675,mk,цхен беи
56031172,727678,mk,донг динг
56031249,727679,mk,ма зхуанг
56031480,727682,mk,уу лоу
56032019,727689,mk,цаозхуанг
56032096,727690,mk,тиан зхуанг
56032558,727696,mk,цхоу ли
56032712,727698,mk,гуо йиа лоу
56032789,727699,mk,Донџијао
56032943,727701,mk,Ксијаохекси
56033097,727703,mk,ду ан донг
56033328,727706,mk,фу лоу
56033405,727707,mk,фан зхуанг
56033713,727711,mk,киан ге ыинг
56033867,727713,mk,фенг йи
56034021,727715,mk,схуанг пу йи
56034098,727716,mk,су лоу
56034714,727724,mk,цаозхуанг
56035176,727730,mk,йиа фанг
56035253,727731,mk,донг йи хе нан
56035407,727733,mk,Ксију
56035561,727735,mk,да ыинг
56035715,727737,mk,схен лоу
56035792,727738,mk,лу ба
56036023,727741,mk,ыуе зхуанг
56036100,727742,mk,сун лоу
56036254,727744,mk,лао схао йи
56036331,727745,mk,хоу цхен лоу
56036562,727748,mk,аи ху
56036639,727749,mk,беи баидинг беи
56036870,727752,mk,да лиу ыу
56037178,727756,mk,ксин ыангзхуанг
56037409,727759,mk,уанг танг
56037486,727760,mk,ли зхуанг зхаи
56037640,727762,mk,цху йиа уа
56037794,727764,mk,киан зхенг зхуанг
56038025,727767,mk,Џиангкиао
56038102,727768,mk,схи зхуанг
56038641,727775,mk,ыу лоу
56038872,727778,mk,донг ли зхуанг
56039103,727781,mk,кси уа ыао тоу киан
56039257,727783,mk,да зханг зхуанг
56039488,727786,mk,зхао по
56039873,727791,mk,манлоу
56040181,727795,mk,хоу сонг зхуанг
56040412,727798,mk,Донгментун
56040489,727799,mk,лиу ан зхуанг
56040643,727801,mk,хуанг ганг
56040797,727803,mk,йианг зхуанг
56040951,727805,mk,цхе лоу
56041028,727806,mk,Фенгпанси
56041490,727812,mk,киан донг лоу
56042106,727820,mk,сханг тун
56042183,727821,mk,лао ыинг беи цун
56042260,727822,mk,Џангжуанг
56042568,727826,mk,Худонгкси
56042645,727827,mk,Ванѓи
56042799,727829,mk,киан зханг тун
56042876,727830,mk,зхонг да тун
56043030,727832,mk,схен зхуанг
56043492,727838,mk,ыангзхуанг
56043569,727839,mk,ху кенг
56043723,727841,mk,гуо зхуанг
56043800,727842,mk,хоу схан зхуанг
56043877,727843,mk,ту схан киао
56044185,727847,mk,Џангжуанг
56044262,727848,mk,ту ге да
56044570,727852,mk,ки йи
56044878,727856,mk,тао ыанг си
56044955,727857,mk,донг таи
56045109,727859,mk,Жусанжуангцун
56045571,727865,mk,гуан ди миао
56045648,727866,mk,хао ху тонг
56045879,727869,mk,ду зхуанг
56046187,727873,mk,Ксужуанг
56046264,727874,mk,схи зхуанг
56046495,727877,mk,хан диан
56046572,727878,mk,ксиао тун
56046803,727881,mk,йианг йие
56046880,727882,mk,баизхаи
56047034,727884,mk,лу зхуанг
56047188,727886,mk,лиу хе цун
56047265,727887,mk,ге хуанг зхуанг
56047342,727888,mk,ыан донг
56047419,727889,mk,ыинг ли
56047573,727891,mk,донг ан сханг
56047650,727892,mk,миао ху тонг
56047727,727893,mk,кси гу ан
56048343,727901,mk,ли ксиан танг
56048420,727902,mk,зхао зхуанг
56048497,727903,mk,да тун
56048574,727904,mk,Ванѓи
56048651,727905,mk,уанг зхуанг
56048728,727906,mk,уанг биан донг
56048805,727907,mk,хоу ксуан кси
56048959,727909,mk,лиу цханг зхуанг
56049036,727910,mk,Џиажуанг
56049113,727911,mk,гао зхуанг ху
56049883,727921,mk,да ли йиа
56050037,727923,mk,уу киао коу
56050191,727925,mk,цхен лиу зхуанг
56050268,727926,mk,лиу лоу
56050422,727928,mk,ку лиу зхуанг
56050576,727930,mk,Куижуанг
56050730,727932,mk,зху да зхуанг
56050884,727934,mk,беи схуанг цун
56050961,727935,mk,ыун схан диан
56051038,727936,mk,Тиефокси
56051115,727937,mk,зху зхуанг
56051192,727938,mk,гу сху коу
56051423,727941,mk,киан беи цханг
56051654,727944,mk,ху зхонг тун
56051885,727947,mk,ху ки схан
56051962,727948,mk,уеи йинг
56052193,727951,mk,киан зхаи зи
56052347,727953,mk,нан уанг зхуанг
56052424,727954,mk,Шилибу
56052578,727956,mk,донг уанг ыинг
56052655,727957,mk,да йианг зхуанг
56052809,727959,mk,сун зхифанг
56052886,727960,mk,да ыан донг
56053040,727962,mk,зху миао
56053117,727963,mk,схао зхуанг
56053194,727964,mk,бан йиемиао
56053271,727965,mk,Гуанжуанг
56053348,727966,mk,сонгсхан
56053425,727967,mk,сун коу
56053579,727969,mk,фан гуи тун
56053810,727972,mk,зханг кинг тун
56053964,727974,mk,Дабеи
56054041,727975,mk,ксинг схан зхуанг
56054195,727977,mk,зханг ба ганг
56054580,727982,mk,таи схан миао
56054734,727984,mk,гуо цан
56054811,727985,mk,ксианг цханг
56054965,727987,mk,Џангжуанг
56055042,727988,mk,киан цхен лоукси
56055119,727989,mk,зхонг ли рен
56055196,727990,mk,зао зхуанг
56055273,727991,mk,гуо йиа лин ыи
56055350,727992,mk,Фужуанг
56055427,727993,mk,йиао лоу
56055812,727998,mk,киан фенг тун
56056428,728006,mk,хоу гуанг хе ыа
56056505,728007,mk,лиу гоу
56056582,728008,mk,кси уенкоу
56056659,728009,mk,лонг схан
56056736,728010,mk,дан зхуанг
56056813,728011,mk,мао зхуанг киао нан
56056890,728012,mk,пан зхуанг
56056967,728013,mk,беи ма
56057044,728014,mk,ли ксиао лоу
56057121,728015,mk,кси сханг хе
56057814,728024,mk,хоу схенг
56057891,728025,mk,рен диан
56058045,728027,mk,Џодлоу
56058353,728031,mk,донг зхонг доу
56058815,728037,mk,донг зханг киао
56058969,728039,mk,лиу зхуанг
56059046,728040,mk,лиу ганг
56059277,728043,mk,беи динг зхуанг
56059354,728044,mk,йинг ганг нан
56059585,728047,mk,туан ли
56059662,728048,mk,лиу гуан ыинг
56059816,728050,mk,донг зханг лоу
56059893,728051,mk,ыуан зхуанг
56060047,728053,mk,Кјангуан
56060124,728054,mk,ту лоузха
56060278,728056,mk,Кианју
56060894,728064,mk,ан зхуанг
56061048,728066,mk,ли ниан
56061741,728075,mk,Ксидијан
56061895,728077,mk,ыу миао
56062049,728079,mk,ыанглиу цун
56062126,728080,mk,Вукјао
56062511,728085,mk,уу ли зхуанг
56062588,728086,mk,тонг диан
56062742,728088,mk,беи ыуан зхуанг
56062819,728089,mk,гао зхенг зхуанг
56062896,728090,mk,лиу ди йиао
56063512,728098,mk,ыи схан йие
56064282,728108,mk,гуан ма
56064436,728110,mk,мао схан
56064513,728111,mk,ксинг танг
56064590,728112,mk,Џангжуанг
56064667,728113,mk,Хуангжуанг
56064821,728115,mk,кси ма зхуанг
56064975,728117,mk,зханг коу
56065283,728121,mk,Џиаксиангкун
56065360,728122,mk,лу зхуанг
56065514,728124,mk,уу фу зхуанг
56065591,728125,mk,Анвуванг
56065668,728126,mk,Ксијаохе
56065745,728127,mk,зханг йиа цун
56065976,728130,mk,Годан
56066053,728131,mk,цао хе
56066130,728132,mk,зхонг коу
56066207,728133,mk,Куижуанг
56066284,728134,mk,ксиао уанг танг
56066438,728136,mk,кси схао зхуанг
56066515,728137,mk,хе дао
56066592,728138,mk,луо ыинг
56066977,728143,mk,ыан зхуанг
56067208,728146,mk,киан зхаи
56067285,728147,mk,беи ге йиа куан
56067516,728150,mk,да хуанг зхуанг
56067593,728151,mk,сун лиу зхуанг
56067670,728152,mk,миао лоу
56068132,728158,mk,фу уанг зхуанг
56068363,728161,mk,Хуангжуанг
56068671,728165,mk,уу зхуанг
56068748,728166,mk,кси цхен танг
56068902,728168,mk,хуанг ту ыа
56068979,728169,mk,ыу ди миао
56069056,728170,mk,ксиао гуан зхуанг
56069133,728171,mk,зхонг хан йиа зхуанг
56069210,728172,mk,цаи схан
56069287,728173,mk,зханг сан хуаи
56069518,728176,mk,ли йиа зхуанг
56069595,728177,mk,ксиао менг зхуанг
56069903,728181,mk,ксу лоу
56070288,728186,mk,зху уан
56070442,728188,mk,ксуе тун
56070519,728189,mk,нан су
56070596,728190,mk,ганг кси лиу
56070673,728191,mk,Ксинџуанг
56070827,728193,mk,хоу си гоу йиан
56070981,728195,mk,ли гаи
56071058,728196,mk,лу лоу
56071135,728197,mk,по зхуанг
56071289,728199,mk,цхен зхуанг
56071366,728200,mk,ан лиу цун
56071597,728203,mk,Баимијао
56071751,728205,mk,ыан йиа цун
56071828,728206,mk,данг диан
56071982,728208,mk,киан схи ли ганг
56072059,728209,mk,схи ксианг лу
56072675,728217,mk,Нанинг
56072829,728219,mk,бу лоу
56072983,728221,mk,ыуан танг
56073137,728223,mk,да ние
56073214,728224,mk,лу гоу
56073291,728225,mk,баиху зхуанг
56073445,728227,mk,хоу ду
56073830,728232,mk,схи хе
56073907,728233,mk,Вангквантун
56073984,728234,mk,сан хе зхаи
56074061,728235,mk,зхан ксиао зхуанг
56074215,728237,mk,ксиао ксин зхуанг
56074446,728240,mk,баибу линг
56074754,728244,mk,уеи зхензхуанг
56074831,728245,mk,ли лоу
56074985,728247,mk,йиао зхуанг
56075216,728250,mk,уанг лу
56075293,728251,mk,нан ксу лоу
56075447,728253,mk,кси цхенг лиу
56075524,728254,mk,Веидијан
56075755,728257,mk,су йи
56075832,728258,mk,биан зхуанг
56076294,728264,mk,хуанг гоу
56076371,728265,mk,Ксилиу
56076448,728266,mk,ганг цхенг кси
56076679,728269,mk,гуо ху
56076756,728270,mk,ыуан гаи
56077449,728279,mk,зху гоу
56077526,728280,mk,кси ыангзхуанг
56077757,728283,mk,ли гуан
56077911,728285,mk,уу зхуанг
56078142,728288,mk,киан хан зхуанг
56078219,728289,mk,Џиажуанг
56078296,728290,mk,хан зхуанг
56078450,728292,mk,да гао зхуанг
56078527,728293,mk,рен луо зхуанг
56078758,728296,mk,Миаотанг
56078835,728297,mk,кин лоу
56079143,728301,mk,Ксијингкси
56079297,728303,mk,фанглинг
56079374,728304,mk,Бејвангкси
56079528,728306,mk,санг донг
56079836,728310,mk,йиу зхан
56079990,728312,mk,сонг йиа
56080067,728313,mk,ыи хе
56080375,728317,mk,таи ыанг
56080683,728321,mk,ма цханг
56081068,728326,mk,Кјанлиу
56081376,728330,mk,Кијанхе
56082146,728340,mk,тиан зхуанг
56082377,728343,mk,зханг миао
56082762,728348,mk,сан гуан миао
56082916,728350,mk,ыангйинг
56082993,728351,mk,ыуе лу
56083070,728352,mk,Вангмиаокун
56083455,728357,mk,ксуан киао цун
56083609,728359,mk,Ли' ан
56083763,728361,mk,луо ли гу
56083994,728364,mk,гао цун
56084071,728365,mk,кинг схи гун
56084148,728366,mk,кин цун диан
56084456,728370,mk,цаозхуанг
56084533,728371,mk,цхаоуанг
56084610,728372,mk,донг зхи йие
56084687,728373,mk,Ксижиецун
56084841,728375,mk,схи ди
56085072,728378,mk,гуо зхуанг
56085226,728380,mk,йианкоу
56085380,728382,mk,ки тун
56085611,728385,mk,уанг лоу
56085765,728387,mk,Гаожуанг
56085919,728389,mk,цуо цао гоу
56085996,728390,mk,Јимијанџиецун
56086227,728393,mk,мао схан
56086381,728395,mk,йиан схе тун
56086458,728396,mk,ыао дианзи
56086535,728397,mk,ыонг куан киан цун
56086766,728400,mk,лиу ксун хуи
56087074,728404,mk,ыинг йиа туан
56087151,728405,mk,дун тоу
56087459,728409,mk,уанг зхуанг
56087844,728414,mk,пан йиа зхуанг
56087921,728415,mk,зхонг да хао бу
56088768,728426,mk,уу рен бан
56089153,728431,mk,гуан де
56089230,728432,mk,тао тун
56089307,728433,mk,ки цха хе
56089384,728434,mk,лу йиа кси схан
56089846,728440,mk,цхен лин
56089923,728441,mk,лиао гоу
56090000,728442,mk,цхи бан
56090077,728443,mk,та по
56090462,728448,mk,биан йиа куан
56090539,728449,mk,хенгтоу донг цун
56090693,728451,mk,ыао гуан зхуанг
56090770,728452,mk,да лонг ксинг уанг
56091001,728455,mk,уен зхуанг
56091155,728457,mk,ыун минг цун
56091232,728458,mk,зхонг лианг мен
56091540,728462,mk,гао ли
56091848,728466,mk,схаи киан бу ыи цун
56091925,728467,mk,зху ыанг
56092079,728469,mk,е зхуанг
56092156,728470,mk,ыу хуа цун
56092310,728472,mk,ксиао ма зхуанг
56092618,728476,mk,Гуантанг
56093003,728481,mk,лао зи ыу
56093080,728482,mk,сун йиа ыу
56093234,728484,mk,гуи рен зхуанг
56093311,728485,mk,цхаи йиа гуан зхуанг
56093465,728487,mk,донг ыангйиа зхуанг
56093619,728489,mk,хоу схе
56094158,728496,mk,Ванкси
56094235,728497,mk,Ксијанренкиао
56094620,728502,mk,Лијуан
56094697,728503,mk,ху лу схан киан
56095082,728508,mk,панг йиа цун
56095159,728509,mk,ксиа йиа гоу
56095236,728510,mk,йианг йиа ыу
56095313,728511,mk,лао куан ыа
56095390,728512,mk,Шиванг
56095467,728513,mk,зху схан
56095544,728514,mk,пу уангсхеку цун
56095852,728518,mk,схи зи йиан
56096314,728524,mk,ксинг фу цун
56096391,728525,mk,йинг киу ыи цун
56096776,728530,mk,хе ыу
56096930,728532,mk,мин зху
56097161,728535,mk,нан бао
56097392,728538,mk,йин дун динг
56097469,728539,mk,нан хонгхе
56097546,728540,mk,киу хоу
56097700,728542,mk,нан лу цхенг
56097777,728543,mk,пен схан
56097931,728545,mk,баисха гоу
56098162,728548,mk,канг йиа зхаи
56098316,728550,mk,схенг му кси беи цун
56098470,728552,mk,ксиа ксуе
56098547,728553,mk,кси схан донг
56098624,728554,mk,Ванѓинг
56098778,728556,mk,да ыу зи
56098932,728558,mk,уо луо
56099163,728561,mk,киан схи хуи ыао
56099471,728565,mk,Ксијаолинг
56099548,728566,mk,да уу бу ху
56099625,728567,mk,Ксију
56099702,728568,mk,лу гуан танг
56099779,728569,mk,йианг йиа уеи зи
56100318,728576,mk,луо ми зхуанг ыи цун
56100395,728577,mk,зхийиа зхуанг
56100626,728580,mk,ки цха хе
56100857,728583,mk,фанг цхенг
56101011,728585,mk,да ыао цао
56101088,728586,mk,кси ксуан зи
56101165,728587,mk,Ксиншан
56101242,728588,mk,хуанг дун
56101473,728591,mk,Донгјуан
56101550,728592,mk,сханг ыуан ыи
56101704,728594,mk,Банкијао
56101781,728595,mk,ксиао уа
56101935,728597,mk,Вутанг
56102089,728599,mk,нан схен дун
56102320,728602,mk,хуанг куан
56102705,728607,mk,баисхи зхуанг
56102859,728609,mk,мао гоу
56103013,728611,mk,ксиа тао ыу
56103244,728614,mk,зхонг лиу зхуанг
56103398,728616,mk,ыан зи ху
56103475,728617,mk,Донгбаикси
56103629,728619,mk,лиу зхуанг
56103706,728620,mk,донг нан ыу
56103783,728621,mk,цаи ган си
56103860,728622,mk,схи схан зи
56103937,728623,mk,Хебеј
56104014,728624,mk,лу йиа зхуанг
56104245,728627,mk,хуанг схан зи
56104553,728631,mk,сонг йиа уанг зхуанг
56104784,728634,mk,баигуо сху
56105015,728637,mk,хоу беи ыин
56105400,728642,mk,да ту мен
56105477,728643,mk,динг зхуанг
56105785,728647,mk,ксуе зхуанг
56105862,728648,mk,баиху
56105939,728649,mk,сха гоу ыу
56106170,728652,mk,донг зху цхен
56106324,728654,mk,донг цхонг ыи
56106632,728658,mk,ма тоу ыа
56106863,728661,mk,зхоу йиа зхуанг
56106940,728662,mk,Куанку
56107017,728663,mk,зханг йиа зхуанг зи
56107094,728664,mk,Вајшан
56107171,728665,mk,бо ле зхуанг
56107248,728666,mk,хоу йиа гуан зхуанг
56107710,728672,mk,да танг зхуанг цун
56107787,728673,mk,схи лонг зхуанг
56107864,728674,mk,гао йиа сха гоу
56107941,728675,mk,донг баилоу
56108018,728676,mk,киан ксун фенг
56108172,728678,mk,уанг ли гоу
56108480,728682,mk,фанг сханг
56108711,728685,mk,уа лоу
56108865,728687,mk,гуан линг киан
56108942,728688,mk,киан гао зху
56109327,728693,mk,йиа йиа хуа ыуан
56109558,728696,mk,ли хе уан
56109635,728697,mk,ксиа йиа гоу
56109712,728698,mk,лиу йиа гуан зхуанг
56109789,728699,mk,менг йиа зхуанг
56110020,728702,mk,ле пинг зхуанг
56110559,728709,mk,ксуе йиа диан зи
56111329,728719,mk,кин йиа зхуанг
56111483,728721,mk,кси ксинг схан ху
56111560,728722,mk,йие ыи зхуанг
56111637,728723,mk,ху ыи цун
56111714,728724,mk,Јату
56111868,728726,mk,ксиа йиа цун
56111945,728727,mk,баийиа ыуе уанг
56112022,728728,mk,нан луо
56112176,728730,mk,Хујаокун
56112484,728734,mk,хоу таи йинг
56112638,728736,mk,ыао тоу
56112715,728737,mk,сун йиа схи линг
56112792,728738,mk,Ксинџуанг
56112869,728739,mk,хоу ли зенг
56113100,728742,mk,донг зхуанг
56113177,728743,mk,ман зи
56113485,728747,mk,донг йиан цун
56113562,728748,mk,да ыангсху
56113639,728749,mk,схи ксиа ыу
56113870,728752,mk,Ксигуксијан
56114024,728754,mk,нан йинг
56114178,728756,mk,да дун
56114255,728757,mk,нан хенгсхан киан
56114409,728759,mk,ксиа схи пен
56114717,728763,mk,зхоу йиа зхуанг
56114794,728764,mk,цхенг зи
56114871,728765,mk,ли схизи ыу
56115025,728767,mk,танг ди ге зхуанг
56115179,728769,mk,да схао беи цун
56115333,728771,mk,даи зхуанг
56115564,728774,mk,схи кенг
56115795,728777,mk,ксиао йинг зи
56115872,728778,mk,беи цун
56116180,728782,mk,лоуксиа
56116334,728784,mk,ксие йиа нан ху
56116873,728791,mk,йиу зхуанг
56117181,728795,mk,беи зхоу зхуанг
56117489,728799,mk,тие схан
56118182,728808,mk,сханг йиа ыу
56118644,728814,mk,цха хе
56118875,728817,mk,Кјанџин
56118952,728818,mk,тиан йиа хоу
56119029,728819,mk,ксинг ыу
56119491,728825,mk,сонг йиа зхуанг
56119568,728826,mk,кси зхао йиа лоу
56119645,728827,mk,Беишан
56119722,728828,mk,хонгсхан зхуанг
56119953,728831,mk,зхао йиа зхуанг
56120030,728832,mk,кинг схи линг
56120107,728833,mk,да зхонг коу
56120184,728834,mk,суи гоу
56120338,728836,mk,ли йие киан
56120569,728839,mk,киан хуанг ту ыан
56120646,728840,mk,сха уангтоу
56120954,728844,mk,нан гуан зхуанг
56121262,728848,mk,ксиа мосхан
56121493,728851,mk,мен зхуанг
56121570,728852,mk,тинг миао
56121647,728853,mk,схи ыанг
56121955,728857,mk,ксиао зху уу
56122032,728858,mk,йу бао киан цун
56122109,728859,mk,зханг ан зхуанг
56122263,728861,mk,зхуан ыу ыи цун
56122340,728862,mk,тан йиа зхуанг
56122417,728863,mk,лиу хе ыа
56122802,728868,mk,зхонг хуанг ниан
56123033,728871,mk,нан лиу куан
56123341,728875,mk,таи пинг зхуанг
56123572,728878,mk,зхен йиа гоу
56124034,728884,mk,ге йиа ыа тоу
56124573,728891,mk,лиу йиа ыу
56124727,728893,mk,кси гао
56124881,728895,mk,кинг хе зхуанг
56125035,728897,mk,хеи схи гоу
56125189,728899,mk,ли йиа ху
56125651,728905,mk,кси зхенг уанг зхуанг
56126267,728913,mk,уан йиа бу
56126344,728914,mk,кси лан дун
56126421,728915,mk,сханг ли зхуанг
56126729,728919,mk,Ксијаобу
56126806,728920,mk,лиу уанг
56126883,728921,mk,цаойиа зхуанг
56127037,728923,mk,цхе зхуанг
56127114,728924,mk,йингйиа зхуанг
56127422,728928,mk,хан лоу
56127499,728929,mk,да уанг йиа ху
56127653,728931,mk,киан зхао зхуанг
56127730,728932,mk,нан схи мен
56127807,728933,mk,хоу ыанг цун
56127961,728935,mk,мао йиа хе
56128038,728936,mk,ксинг хуа гуан зхуанг
56128115,728937,mk,Ксијаошанзи
56128423,728941,mk,лао гуан зхуанг
56128654,728944,mk,Миаокси
56128731,728945,mk,цхен йиа гуан зхуанг
56129116,728950,mk,хоу бао зхуанг
56129347,728953,mk,схуанг фенг зхуанг
56129424,728954,mk,Хуају
56129501,728955,mk,нан схи гоу
56129578,728956,mk,беи гуан зхуанг
56129809,728959,mk,Јангкиао
56130040,728962,mk,ксиао зхуо зхуанг
56130425,728967,mk,ыангйиа гоу
56130502,728968,mk,схан туан
56130733,728971,mk,хе ыа тоу
56130964,728974,mk,ыин йиа гоу
56131118,728976,mk,кинг лонг гуан зхуанг
56131195,728977,mk,Дуџиакун
56131426,728980,mk,киу хуанг лу
56131503,728981,mk,да зхао йиа зхуанг
56131965,728987,mk,ксиао ан ле
56132273,728991,mk,ые зхуанг
56132350,728992,mk,лиу йиа зхуанг зи
56132581,728995,mk,да гуан зхуанг
56132658,728996,mk,Кишан
56132966,729000,mk,гуан беи
56133043,729001,mk,зханг йиа линг
56133197,729003,mk,Нанкун
56133274,729004,mk,тао уа
56133351,729005,mk,таи зхуанг
56133505,729007,mk,лиу ма беи цун
56133582,729008,mk,уаи ыу зи
56133659,729009,mk,хаи зи донг цун
56133967,729013,mk,ксиао схан киан
56134737,729023,mk,йин йиа гоу
56134891,729025,mk,ксу йиа дусху ыи цун
56134968,729026,mk,йиа йиа зхуанг
56135199,729029,mk,луо куан ыу
56135276,729030,mk,киан ли зхуанг
56135353,729031,mk,зханг йиа ба йиао уангкси цун
56135661,729035,mk,Гексу
56135815,729037,mk,лиу зхуанг
56136046,729040,mk,хетао ыуан
56136277,729043,mk,ниу цханг зи
56136431,729045,mk,да сонглин
56136585,729047,mk,хоу схенг зхуанг
56136816,729050,mk,баима ыу
56136970,729052,mk,сханг лиу йинг
56137047,729053,mk,сху ки линг
56137124,729054,mk,сханг хуанг ыа
56137278,729056,mk,хонг ту тун
56137586,729060,mk,пинг хе зхуанг
56137817,729063,mk,баисхан
56137894,729064,mk,ыа ксиа
56138125,729067,mk,ан йиа ыу
56138587,729073,mk,мао йиа тун
56138664,729074,mk,ыоу лан
56139126,729080,mk,кси цхен йиа сханг зхуанг
56139588,729086,mk,нан ыан си цун
56140127,729093,mk,зхуанг мутоу
56140358,729096,mk,ху тонг
56140589,729099,mk,ма йиа гоу
56140820,729102,mk,да гуан зхуанг
56141128,729106,mk,Хонгшан
56141205,729107,mk,да зху ксиа
56141436,729110,mk,да йинг тоу
56141744,729114,mk,цхен йиа схи хе
56141821,729115,mk,ксиао йиа ыангзхуанг
56141975,729117,mk,кси схи бу линг
56142052,729118,mk,да лиранг
56142591,729125,mk,ксу да кианг
56142668,729126,mk,гао фанг
56142899,729129,mk,йинг схан хоу
56142976,729130,mk,хонггоу
56143053,729131,mk,хе йиа туан
56143130,729132,mk,хе ыанг нан цун
56143284,729134,mk,киан гуан зхуанг
56143592,729138,mk,Гуанлу
56143900,729142,mk,ые лао ыу
56144131,729145,mk,нан хан
56144208,729146,mk,да нианыу
56144516,729150,mk,лиу цун
56144593,729151,mk,зхуанг сханг
56144670,729152,mk,таи гонг ыу
56144747,729153,mk,кси беи линг
56144824,729154,mk,схан нан тоу
56144901,729155,mk,сханг фу цаи
56144978,729156,mk,ли йиа ыу
56145209,729159,mk,беи схан ыанг
56145363,729161,mk,уанг фу таи
56145440,729162,mk,схи миао зи
56145517,729163,mk,Танту
56145671,729165,mk,ли йиа цун
56145902,729168,mk,йианг зхуанг
56145979,729169,mk,йин ниу гуан зхуанг
56146056,729170,mk,зханг лан
56146210,729172,mk,ыангйиа линг
56146364,729174,mk,ыангйиа зхуанг
56146441,729175,mk,гуо ксинг зхуанг
56146672,729178,mk,цха пенг
56146749,729179,mk,хуан тун
56147673,729191,mk,сханг тан йиа гоу
56147904,729194,mk,ли йиан
56148674,729204,mk,ксинг лонг диан зи
56148751,729205,mk,гу по
56148828,729206,mk,ма йиа зхуанг
56149367,729213,mk,донг дун
56149521,729215,mk,зханг йиа аи ку
56149598,729216,mk,Зуоченг
56149752,729218,mk,ли йиа баизхуанг
56149906,729220,mk,схенг лиангзхуанг
56150214,729224,mk,нан хе донг
56150368,729226,mk,ыан зхуанг
56150984,729234,mk,нан схи ганг
56151369,729239,mk,сонггу
56151446,729240,mk,схуанг куан гуан зхуанг
56151600,729242,mk,бу хоу
56151754,729244,mk,зханг генг
56152062,729248,mk,йинг схан хоу
56152601,729255,mk,беи даи зхуанг
56152909,729259,mk,да лин мао
56152986,729260,mk,хоу тун
56153063,729261,mk,схи йиа зхуанг
56153217,729263,mk,Ксиаоваву
56153294,729264,mk,фан гуан зхуанг
56153602,729268,mk,фенг таи зхуанг
56153833,729271,mk,киан ту тоу
56154064,729274,mk,Нанлин
56154526,729280,mk,хуа ронг зхуанг
56154834,729284,mk,мосхан хе
56155065,729287,mk,хоу цхенг зи
56155142,729288,mk,зхонг йиа
56155527,729293,mk,баийиан цханг
56155604,729294,mk,ксиао зхуанг
56155835,729297,mk,фанг зи
56155912,729298,mk,уу си зхуанг
56156220,729302,mk,лонг куан гуан зхуанг
56156682,729308,mk,по зхуанг ыи цун
56156759,729309,mk,киан ма ыу
56156913,729311,mk,гао йиа диан зи
56156990,729312,mk,да по
56157144,729314,mk,сун ма ыу
56157221,729315,mk,сханг ксуе йиа ыу
56157298,729316,mk,ксиа да лу
56157452,729318,mk,сху рен ли
56157606,729320,mk,ксуе диан зи
56157760,729322,mk,цхе гоу
56157914,729324,mk,Киандијан
56158222,729328,mk,тао хуа диан зи
56158299,729329,mk,да хуанг зхуанг
56158761,729335,mk,гуан йиа лин
56158915,729337,mk,мин зхуанг
56158992,729338,mk,да хуанг уанг
56159146,729340,mk,ли лоу
56159223,729341,mk,хоу беи зуо
56159454,729344,mk,ксиао сун гуан зхуанг
56160070,729352,mk,ыан линг
56160147,729353,mk,лан ма
56160301,729355,mk,сханг гао зхуанг
56160378,729356,mk,ну ли зхуанг
56160686,729360,mk,тинг зи тоу
56161148,729366,mk,сханг ма зхуанг
56161610,729372,mk,тан ли
56161764,729374,mk,лиу ду
56162149,729379,mk,ксиао беи схан
56162226,729380,mk,сан схан гоу
56162611,729385,mk,донг лао по
56162919,729389,mk,ние зхуанг
56163150,729392,mk,Кјанванџија Вујанг
56163304,729394,mk,Суџиажуанг
56163689,729399,mk,беи сонгфенг
56163843,729401,mk,ксиао хуанг цао по
56163920,729402,mk,Чангпинг
56164074,729404,mk,кси ки ли хе
56164844,729414,mk,кси зао ху
56165152,729418,mk,да ксуе кинг
56165845,729427,mk,беи схи ли пу
56165922,729428,mk,тао сху лианг
56165999,729429,mk,ксиа лоузи
56166076,729430,mk,Фангкијан
56166461,729435,mk,киу ыанг
56166769,729439,mk,беи гуан зхуанг
56167000,729442,mk,кси йиа ыу
56167154,729444,mk,киу йиа зхуанг
56167231,729445,mk,сан цха хе
56167462,729448,mk,да сонг йиа гоу
56167616,729450,mk,зханг линг гуан зхуанг
56167693,729451,mk,хенгхе
56167770,729452,mk,ки йиа зхуанг зи
56167847,729453,mk,ыангйиа пинг
56168001,729455,mk,гуо йиа данг мен
56168540,729462,mk,Ксижубу
56168848,729466,mk,киао тоу зхуанг
56168925,729467,mk,цаи миао
56169156,729470,mk,Миаожуанг
56169387,729473,mk,ыин ма зхуанг
56169464,729474,mk,хуи бао линг
56169541,729475,mk,хонг схи бан
56169618,729476,mk,ксуан зи
56169772,729478,mk,донг пан дун
56170080,729482,mk,да дан зхуанг
56170157,729483,mk,донг ксинг ыу
56170619,729489,mk,да схи йиа зхуанг
56170927,729493,mk,ыан йиао зхуанг
56171081,729495,mk,Кјаотоу
56171312,729498,mk,хоу схуи беи
56171543,729501,mk,нан тун
56171620,729502,mk,ксиа схен киао
56172005,729507,mk,Жонгдонгзуо
56172159,729509,mk,Гуанлу
56172236,729510,mk,кси ксиа зхуанг
56172544,729514,mk,Донгжу
56172621,729515,mk,ли йиа зхуанг
56173083,729521,mk,миао гуан зхуанг
56173545,729527,mk,ху лу тао
56173776,729530,mk,схан нан
56173853,729531,mk,Санхе
56174084,729534,mk,киао ксиан зхуанг
56174315,729537,mk,гонг йин зхуанг
56174392,729538,mk,нан сханг зхуанг
56174469,729539,mk,мусхан
56174546,729540,mk,Хуангжуанг
56174623,729541,mk,Ксијаокиао
56174777,729543,mk,беи цхен йиа гоу
56175085,729547,mk,ан зи гоу
56175393,729551,mk,тао хуа ыу
56175547,729553,mk,ксу йиа ронг рен
56175701,729555,mk,ли ксин зхуанг
56176009,729559,mk,кси ру лаи
56176163,729561,mk,хе коу нан
56176394,729564,mk,киан схуанг миао
56176779,729569,mk,баисхуи ниу схи киан цун
56177164,729574,mk,гуан си хоу цун
56177241,729575,mk,Џиажуанг
56177472,729578,mk,ху зи киан цун
56177703,729581,mk,ксинг ыизхуанг
56177934,729584,mk,Јату
56178165,729587,mk,ду йиа гоу
56178396,729590,mk,Воци
56178627,729593,mk,нан ксуе зхуанг
56178704,729594,mk,маи зху дун
56178781,729595,mk,беи панцхи
56179320,729602,mk,да уен йиа схан хоу
56180167,729613,mk,донг лиу йиа схан
56180398,729616,mk,схи мен тинг
56180629,729619,mk,да схан тоу
56180860,729622,mk,фу гуи зхуанг
56180937,729623,mk,Кјанлузуо Донгкун
56181091,729625,mk,киан зхуанг йие
56181168,729626,mk,дан йиа зхуанг
56181630,729632,mk,схан хоу цун
56181784,729634,mk,йианг йиа зхуанг
56181938,729636,mk,да лиу зхуанг
56182169,729639,mk,цаозхуанг зи
56182246,729640,mk,бу нан ху
56182708,729646,mk,донг доу гоу
56182862,729648,mk,хоу схи тун
56183016,729650,mk,уу тонг гоу
56183170,729652,mk,схи бан
56183632,729658,mk,Хедонг
56183863,729661,mk,гангбу коу
56184017,729663,mk,ыао йиа гуан зхуанг
56184171,729665,mk,кси цуозхуанг
56184325,729667,mk,киан ыан йиа гу кси
56184402,729668,mk,да си схан
56184633,729671,mk,нан уанг зхуанг
56184787,729673,mk,зхонг схи бу
56184941,729675,mk,киан му туан
56185018,729676,mk,хоу кси зхуанг
56185095,729677,mk,тао гоу киао
56185249,729679,mk,йиу линг по
56185403,729681,mk,кси ксу танг
56185557,729683,mk,ксин уанг гоу хоу цун
56185788,729686,mk,зху гао це
56185865,729687,mk,кси гангтоу
56185942,729688,mk,схан нан
56186404,729694,mk,фанг нан ыи цун
56186712,729698,mk,ниан донг
56186943,729701,mk,лиу йиа диан зи
56187020,729702,mk,донг диан
56187174,729704,mk,куан зи
56187251,729705,mk,схуанг схан тун
56187559,729709,mk,зуо йиа зхуанг
56187636,729710,mk,кси зханг зхуанг ыи цун
56188098,729716,mk,ран йиа тун
56188175,729717,mk,зхоу уангзхуанг
56188560,729722,mk,донг ыан ма
56189176,729730,mk,донг лиу йинг
56189330,729732,mk,Лузи
56189792,729738,mk,ксиао киао зи
56190485,729747,mk,уу лоусхан киан
56190716,729750,mk,лиу тиан
56191101,729755,mk,ксиао цхенг хоу
56191178,729756,mk,Жаокун
56191794,729764,mk,сханг тао ыуан
56191871,729765,mk,сонг йиа гоу ыи цун
56192487,729773,mk,киан ыуе цхенг
56192564,729774,mk,цхенг йиа зхуанг зи
56192641,729775,mk,цуи йиа зхуанг
56193103,729781,mk,Ганки Ун
56193180,729782,mk,ксиао йи ле зхуанг
56193334,729784,mk,цао йиан зи
56193411,729785,mk,миао йиа зхуанг
56194104,729794,mk,гуан миао
56194489,729799,mk,фен схуи гуан зхуанг
56194566,729800,mk,донг гуан зхуанг
56194951,729805,mk,лао куан
56195182,729808,mk,лиан уангыа
56195259,729809,mk,зхао йиа ту схан
56195567,729813,mk,динг фанг киан
56195721,729815,mk,хуанг йиа зхаи
56195798,729816,mk,донг фу ронг
56195952,729818,mk,миао зи тоу
56196183,729821,mk,зханг лоу
56196491,729825,mk,лиу йиа цаи ыуан йие
56196645,729827,mk,зу йу зхуанг
56196799,729829,mk,ксиа ма йиа ыу
56196953,729831,mk,цао гоу
56197184,729834,mk,донг ма схан
56197338,729836,mk,Сонгху
56197415,729837,mk,нан донг зхоу
56197569,729839,mk,ыонгфу зхуанг
56197723,729841,mk,гао йиа куан
56197877,729843,mk,пан зхуанг
56198031,729845,mk,по схи киао
56198262,729848,mk,хоу ыи гоу
56198493,729851,mk,да миао йианг
56198570,729852,mk,Гаокиао
56198724,729854,mk,гао сха уо
56198878,729856,mk,ниу ланг гуан зхуанг
56198955,729857,mk,си гуан уанг
56199263,729861,mk,беи ма зхуанг
56199494,729864,mk,ыао ли ксу
56199802,729868,mk,зхонг цхе уанг гоу
56199956,729870,mk,цханг уангйие
56200264,729874,mk,ксуе зхуанг ыи цун
56200341,729875,mk,лао зхуанг
56200495,729877,mk,ыан йиа гоу
56200726,729880,mk,цханг ма зхуанг
56200803,729881,mk,бао схан по
56200880,729882,mk,зханг туан
56201034,729884,mk,Гуанжуанг
56201342,729888,mk,уан зхуанг
56201419,729889,mk,ксиа аи гу
56201496,729890,mk,ксинг уангзхуанг
56201958,729896,mk,донг леи схи
56202112,729898,mk,донг схан
56202343,729901,mk,хонг хуа ыу
56202420,729902,mk,зху тинг
56202574,729904,mk,схен йиа зхуанг
56202651,729905,mk,донг ыу
56202959,729909,mk,да бу зи нан цун
56203190,729912,mk,зхонг фа ниу схан
56203421,729915,mk,бу киан диан
56203498,729916,mk,фангзхуанг
56203575,729917,mk,схи куан гуан зхуанг
56203729,729919,mk,донг тие ыу
56203960,729922,mk,цхенг ыи цун
56204268,729926,mk,кси лиу зхуанг
56204576,729930,mk,зханг йиа линг
56204730,729932,mk,кси ксиа схи
56204884,729934,mk,ту гоу
56205038,729936,mk,зуо уу
56205115,729937,mk,зхао ыу
56205192,729938,mk,уанг йиа дун тоу
56205500,729942,mk,фенг ху
56205654,729944,mk,Лонгкван
56205731,729945,mk,ки зхуанг
56206347,729953,mk,зханг йиа линг
56206424,729954,mk,да гуан зхуанг
56206732,729958,mk,ми йиа цун
56206809,729959,mk,кси ксин зхуанг
56207117,729963,mk,мао ци цун
56207194,729964,mk,киан зхуан зху
56207348,729966,mk,ман зхуанг
56207425,729967,mk,сханг ыу
56207733,729971,mk,нан ксиао зхуанг
56207810,729972,mk,зху схуанг
56207887,729973,mk,зху йиа зхуанг
56207964,729974,mk,Шагу Сикун
56208272,729978,mk,фу зи схан
56208503,729981,mk,кси лиу зхуанг
56208657,729983,mk,ма ки хе
56208734,729984,mk,ксиа ыу ту де
56208888,729986,mk,кси зху цуи
56208965,729987,mk,дуи схан зхуанг
56209119,729989,mk,ци схан
56209427,729993,mk,Миаожуанг
56209504,729994,mk,ксуе нан
56209658,729996,mk,кси цао по
56210043,730001,mk,ксианг ыанг цун
56210505,730007,mk,хуанг гонг зхуанг
56210659,730009,mk,сху танг уанг
56210736,730010,mk,туан схан
56210967,730013,mk,ма тоу
56211044,730014,mk,Ксинхуа
56211121,730015,mk,бао ан зхуанг
56211198,730016,mk,да бу ыи цун
56211583,730021,mk,кси ге зхуанг
56211968,730026,mk,танг фанг ыа
56212122,730028,mk,танг зи
56212199,730029,mk,лаи гоу
56212353,730031,mk,хе зхуанг донг цун
56212430,730032,mk,конг йиа гоу
56212661,730035,mk,схен йиа зхуанг
56212738,730036,mk,сханг лианг ыу
56213046,730040,mk,ксиангйиа зхуанг зи
56213431,730045,mk,Шилибу
56213585,730047,mk,сханг уанг йиа зхуанг
56213662,730048,mk,донг нан ге зхуанг
56213893,730051,mk,ниу йиа гуан зхуанг
56214201,730055,mk,беи гао сан цун
56214509,730059,mk,Нанксижу
56214586,730060,mk,ку фанг
56215048,730066,mk,да ксиа йиа линг
56215356,730070,mk,муцханг ыу
56215433,730071,mk,кси сан фенг зхуанг
56215587,730073,mk,ксианг ыанг зхуанг
56216280,730082,mk,кси схуи ху ыа
56216434,730084,mk,донг схан
56216665,730087,mk,уа цха ыан
56216819,730089,mk,киан цха хе
56217127,730093,mk,гуан кси по
56217204,730094,mk,лан йиа гуан зхуанг
56217358,730096,mk,Чаојанг
56217435,730097,mk,схи хе
56217589,730099,mk,йу зхуанг
56217897,730103,mk,киан ксиангзхуанг
56217974,730104,mk,уанг йиа ке зхуанг
56218436,730110,mk,ксие йиа ыинг
56218821,730115,mk,куан ли йинг
56219360,730122,mk,Јинџиацун
56219514,730124,mk,донг хуа ыа тоу
56219591,730125,mk,Ниеџаван
56219745,730127,mk,ксинг лонг киао
56219822,730128,mk,беи ку фанг
56219976,730130,mk,цханг ыу гоу
56220053,730131,mk,дан йиа хаи по
56220207,730133,mk,ые ганг бу
56220515,730137,mk,ксуе йиа ыу
56220592,730138,mk,хоу лиан цхи си
56220669,730139,mk,лиу йиа лин
56220977,730143,mk,сханг зхуанг
56221131,730145,mk,ма тоу диан зи
56221208,730146,mk,ксиа схуи ыу ыи цун
56221362,730148,mk,кси уанг зхуанг
56221670,730152,mk,ксиа бо луо гу
56221747,730153,mk,донг гао зхуанг
56221901,730155,mk,маи по пинг
56222209,730159,mk,гуан фанг йие
56222363,730161,mk,сханг бо луо гу
56222440,730162,mk,рен уанг
56222671,730165,mk,схизи мен коу
56222748,730166,mk,ыу лин ыи цун
56222902,730168,mk,гу ыи зхуанг
56223056,730170,mk,да ксиа уу
56223133,730171,mk,леи схи гоу
56223364,730174,mk,схенг пинг зхуанг
56223518,730176,mk,сханг ту киао
56223595,730177,mk,ксу йиа ниу уанг
56223980,730182,mk,киан схи лианг тоу
56224134,730184,mk,панг йиа зхуанг
56224211,730185,mk,нан йи йиа туан
56224365,730187,mk,сан ксиан зхуанг
56224442,730188,mk,зхудун
56224596,730190,mk,ыа зхуанг ыи цун
56224827,730193,mk,ыан схан зхуанг
56224981,730195,mk,донг ле ли
56225135,730197,mk,гаи ые
56225289,730199,mk,сха бу донг цун
56225443,730201,mk,Донгкун
56225520,730202,mk,Маванг
56225751,730205,mk,да бу хуаи
56225828,730206,mk,зхао йиа ксин зхуанг
56225982,730208,mk,кси си ма
56226059,730209,mk,кси схуанг миао
56226290,730212,mk,нан ыу
56227368,730226,mk,сханг ксинг зхуанг
56227984,730234,mk,зханг йиа зху йианг
56228061,730235,mk,Шанг
56228292,730238,mk,кси пан ан
56228369,730239,mk,кси куан зи бу
56228523,730241,mk,хоу бан ху
56228754,730244,mk,хоу да по
56229062,730248,mk,донг да зхуанг
56229216,730250,mk,йиан тоу
56229370,730252,mk,схан схуи коу
56229524,730254,mk,Даксинџуанг
56230140,730262,mk,сун лоу
56230294,730264,mk,кси аи йиа зхуанг
56230448,730266,mk,лиу зхуанг
56230602,730268,mk,сханг мао ыу
56230910,730272,mk,уанг йиа да зхуанг
56230987,730273,mk,хуанг йин доу
56231064,730274,mk,ге гоу
56231218,730276,mk,цхенг ли зхуанг
56231372,730278,mk,зхао йиа зхуанг зи
56231449,730279,mk,нан ксин уанг
56231526,730280,mk,Хаопинг
56231680,730282,mk,зху йиа ксие фанг
56231757,730283,mk,сан схезхуанг
56232065,730287,mk,зху йиа зхуанг
56232373,730291,mk,сан зхуанг
56232527,730293,mk,зханг йиа си схан зи
56232989,730299,mk,сонг йиа лу кси
56233066,730300,mk,цхаи ху схан
56233143,730301,mk,кси фенг ыанг
56233528,730306,mk,хоу гуан зхуанг
56233682,730308,mk,йин хуа
56233913,730311,mk,донг зхуанг
56233990,730312,mk,тиан зху схан
56234606,730320,mk,киан сун йиа зхуанг
56234837,730323,mk,пинг ху зхуанг
56235068,730326,mk,цхенган зхуанг
56235145,730327,mk,уеи йиа хоу ыуан
56235299,730329,mk,ма йиа уа
56235376,730330,mk,зхонг тан
56235453,730331,mk,уо зхуанг
56235761,730335,mk,лиан цханг киан цун
56235915,730337,mk,киу зи ыу
56235992,730338,mk,цуи йиа зхуанг
56236146,730340,mk,донг цхенг зхуанг
56236839,730349,mk,Каокси
56236993,730351,mk,хоу дуан зхаи
56237301,730355,mk,уанг зхуанг
56237455,730357,mk,ксинг мин зхуанг
56237686,730360,mk,киан ху йиа
56237763,730361,mk,миао йиа зхуанг
56237917,730363,mk,пу ыу
56237994,730364,mk,зхао ли пинг
56238225,730367,mk,ыа ксиа
56238533,730371,mk,ба схан диан зи
56238610,730372,mk,зханг йиа цун
56238841,730375,mk,да ду йиа зхуанг
56238918,730376,mk,сханг гао ху
56239226,730380,mk,Ванквангу
56239380,730382,mk,беи лонг коу
56239457,730383,mk,ксие йиа зхуанг
56239688,730386,mk,баиыанггоу
56239919,730389,mk,Вангтуан
56240073,730391,mk,хуанг йиа тун
56240381,730395,mk,лиу зхуанг киан цун
56240535,730397,mk,йин цханг
56240689,730399,mk,лао киу ыу
56240920,730402,mk,хоу ксиао схао
56240997,730403,mk,донг йиа схан гоу
56241151,730405,mk,хеи ыа
56241228,730406,mk,лиао тун
56241305,730407,mk,генг йиа уанг ыу
56241382,730408,mk,нан тонг ксианг ыу
56241613,730411,mk,ксиа уанг
56241690,730412,mk,сан зхуанг
56241921,730415,mk,цаи зхуанг
56242075,730417,mk,Ксинџуанг
56242229,730419,mk,киан ксуе
56242383,730421,mk,нан ниан
56242460,730422,mk,менг йиа уанг
56242614,730424,mk,ыоуфанг
56242691,730425,mk,бойи зханг
56243461,730435,mk,гонг йиа цун
56244000,730442,mk,ксиао гу тоу
56244308,730446,mk,лие зхуанг
56244539,730449,mk,Донгбу
56245309,730459,mk,Вангпинг
56245540,730462,mk,уанг йиа ыу
56245694,730464,mk,зхонг нан зхуанг
56245848,730466,mk,хан танг
56246079,730469,mk,ксиа лу ыу хе
56246387,730473,mk,донг зегоу
56246541,730475,mk,кси зхуанг
56246772,730478,mk,фенг лиу ыао
56247003,730481,mk,Ксуеџиава
56247542,730488,mk,хоу танг йиа гоу
56247619,730489,mk,кинг ыангксинг
56247696,730490,mk,зуо йиа панг ыу
56247850,730492,mk,сханг зхаи схан тоу
56247927,730493,mk,ыуан лин
56248158,730496,mk,кси схи лонг
56248235,730497,mk,цхенг йиа цун
56248466,730500,mk,ксин хе зхуанг
56248774,730504,mk,хоу хуанг схан гоу
56249159,730509,mk,мао фен линг
56249390,730512,mk,цхен йиа ху
56249852,730518,mk,Воту
56250160,730522,mk,ба ма
56250237,730523,mk,беи уеи зи
56250468,730526,mk,Тушанкси
56250622,730528,mk,лу фанг донг цун
56250699,730529,mk,да дун
56250853,730531,mk,рен ма зхуанг
56251161,730535,mk,куан зи схан
56251700,730542,mk,ыан диан гуан зхуанг
56251777,730543,mk,хоу схенг зхуанг
56253009,730559,mk,ма тоу гу
56253163,730561,mk,да сханг зхуанг
56253471,730565,mk,донг нан баита
56253548,730566,mk,йу йиа ыао
56253856,730570,mk,сонг лао зхи кси цун
56254010,730572,mk,Ксијанренкиао
56254241,730575,mk,лианг йиа беи цун
56254318,730576,mk,кси гу уан
56254395,730577,mk,ки де
56255319,730589,mk,кси гао бу
56255396,730590,mk,кси лиан бу
56255473,730591,mk,баихуа ыу
56255550,730592,mk,зханг йин
56255627,730593,mk,схуанг куан ыу зи
56256012,730598,mk,зханг йиа уеи зи
56256166,730600,mk,Шаво
56256243,730601,mk,ыангйиа ан
56256320,730602,mk,кси уанг йиа зхуанг
56256474,730604,mk,ыин йиа уа
56257398,730616,mk,дао зхуанг
56257552,730618,mk,ние йиа гоу
56257706,730620,mk,ыи ксинг зхуанг
56257860,730622,mk,уеи схи схан
56258245,730627,mk,хоу хонгруи
56259015,730637,mk,ге зхуанг
56259092,730638,mk,бао йиа коу
56259169,730639,mk,Даксин
56259246,730640,mk,донг йиа линг
56259323,730641,mk,менг ыанг
56259400,730642,mk,зхао йиа ге ху
56259708,730646,mk,кси цхен ниан
56260093,730651,mk,йианг йиа зхуанг
56260170,730652,mk,кси сан ли уанг
56260709,730659,mk,зханг гоу
56260786,730660,mk,гоу беи
56261556,730670,mk,ыу куан зхуанг
56261633,730671,mk,ыан йи таи
56261941,730675,mk,уанг йиа йиан по
56262095,730677,mk,лиу йиа ыу
56262326,730680,mk,да гу йиа гоу
56262403,730681,mk,да зхонг гу
56263250,730692,mk,лиу йиа зхао зи
56263327,730693,mk,хоу ксиа зхуанг
56263712,730698,mk,схи гу зхуанг
56263943,730701,mk,киан цуи зхуанг
56264328,730706,mk,гуанг фу зхуанг
56264405,730707,mk,кси да бу
56264482,730708,mk,да фанг
56264559,730709,mk,донг уу ан
56264636,730710,mk,миао сханг
56264713,730711,mk,кси хуи
56265252,730718,mk,йин дун ыи цун
56265329,730719,mk,муйиа зхуанг
56265560,730722,mk,ху ыу ыи цун
56265945,730727,mk,да схан хе
56266176,730730,mk,Хежуанг
56266330,730732,mk,хоу хуанг дун
56266407,730733,mk,гу йиа цун
56266561,730735,mk,зху киан
56266715,730737,mk,тиан йиа лин
56266946,730740,mk,да хе ыа
56267254,730744,mk,гуо йиа ыу
56267716,730750,mk,сханг кси ыу
56267793,730751,mk,Кингшан
56267870,730752,mk,кси гао зхуанг
56268024,730754,mk,Давангжуанг
56268101,730755,mk,лонг ыи зхуанг
56268563,730761,mk,гуо йиа фанг зхуанг
56268640,730762,mk,лу зхуанг
56268948,730766,mk,Дава
56269333,730771,mk,ксин йиа зхуанг зи
56269487,730773,mk,киан донг гу
56269564,730774,mk,схи мен донг
56269872,730778,mk,схи зхаи зи
56269949,730779,mk,беи хе ыу
56270719,730789,mk,Нанјанг
56271104,730794,mk,куан зи ыу
56271181,730795,mk,схуанг миао
56271489,730799,mk,донг уеи гоу ыи цун
56271720,730802,mk,лиан динг
56271797,730803,mk,ксуан уен линг
56272182,730808,mk,хенгыа
56272336,730810,mk,беныи зхуанг
56272644,730814,mk,хуанг лоу
56272721,730815,mk,схи схан коу
56272798,730816,mk,Нанџуанг
56272875,730817,mk,йие схоу ыи цун
56272952,730818,mk,тао йиа зхуанг
56273337,730823,mk,Гаожуанг
56274030,730832,mk,зху йиа гуан зхуанг
56274107,730833,mk,да лао куан
56274415,730837,mk,донг суозхуанг
56274492,730838,mk,сонгсхан донг
56274569,730839,mk,биан цун
56274646,730840,mk,йианг йиа гуаи тоу
56274800,730842,mk,да ганг
56275031,730845,mk,нан цхен цун
56275185,730847,mk,ние йиа ыа киан
56275262,730848,mk,да гуанг лианг
56275570,730852,mk,ксиао пинг ан
56276263,730861,mk,сун лоу
56276494,730864,mk,нан гуо йиа ху
56276648,730866,mk,миао йиа зхуанг
56277341,730875,mk,киан ху ыа
56277572,730878,mk,Мешање
56277649,730879,mk,схао хе
56277803,730881,mk,уанг йиа зхуанг
56277880,730882,mk,гуо йиа куан
56278342,730888,mk,беи лиу зхуанг
56278650,730892,mk,лиу туан хе беи
56278727,730893,mk,зханг сха бу донг цун
56278804,730894,mk,донг сханг пинг
56279189,730899,mk,ыоу йиа ксие фанг
56279266,730900,mk,хонг ки ксин цун
56279882,730908,mk,туан схан
56279959,730909,mk,гуан хе коу
56280036,730910,mk,нан по
56280498,730916,mk,хоу ху йиа бу
56280729,730919,mk,Ванѓија Баилонгванг
56280806,730920,mk,да лу зхоу гоу
56281037,730923,mk,донг ыа зи
56281114,730924,mk,нан дуо зхуанг пу
56281191,730925,mk,кси зхонг ыу
56281345,730927,mk,донг ыанг куан
56281653,730931,mk,ху йиа зхуанг
56281730,730932,mk,мин йиа схан сонг
56281807,730933,mk,цхи йиа зхаи
56282346,730940,mk,лиу йиа зхуанг
56282885,730947,mk,цаозхаи
56282962,730948,mk,лиу хангтоу
56283193,730951,mk,кси схи йинг
56283347,730953,mk,нан фу зхуанг
56283424,730954,mk,схи киао гуан зхуанг
56283732,730958,mk,Куангтан Сикун
56283886,730960,mk,беи схао
56283963,730961,mk,йиа йиа гуан зхуанг
56284117,730963,mk,ба бу зхуанг
56284194,730964,mk,схизи линг
56284579,730969,mk,ма тоу цун
56285041,730975,mk,зханг ксиао уан
56285118,730976,mk,сан нан ыин
56285349,730979,mk,донг да ыу ке
56285426,730980,mk,Ваимаво
56285580,730982,mk,ксиа гу цун
56285657,730983,mk,ба му де
56286042,730988,mk,донг гуан зхуанг
56286119,730989,mk,ли схан йианг
56286350,730992,mk,цхаи схан
56286427,730993,mk,киу йиа гоу
56286581,730995,mk,киан лин
56286658,730996,mk,ду йиа тинг хе
56286889,730999,mk,ксу хаи зи
56286966,731000,mk,ыангйиа ханг
56287043,731001,mk,лу йиа менг ыан
56287428,731006,mk,хуанг ыа
56287736,731010,mk,ксиао ан зи
56287967,731013,mk,ма йиа ыу
56288198,731016,mk,Ксијаоху
56288275,731017,mk,Шикиао
56288583,731021,mk,кси ксу сонг
56288660,731022,mk,киу зхуанг
56288737,731023,mk,Ликсузи
56288814,731024,mk,уангйиа по
56289045,731027,mk,динг йиа гуан зхуанг
56289122,731028,mk,цанг зи по
56289199,731029,mk,лиан хуа ыу
56289276,731030,mk,схи лонг коу
56289738,731036,mk,гуо йиа ксин зхуанг
56289892,731038,mk,Дапокси
56289969,731039,mk,донг пан зхонг
56290200,731042,mk,лиу йиа панг ыу
56290277,731043,mk,Нхон Хаи
56290508,731046,mk,ми схан зи
56290662,731048,mk,Ксијаоџа
56290893,731051,mk,канг фу зхуанг
56291278,731056,mk,Лузи
56291432,731058,mk,ли йиа зхуанг
56291509,731059,mk,ксиао диан зи
56291817,731063,mk,сун зхуанг
56292048,731066,mk,Кјангао Фенгту Јикун
56292356,731070,mk,ксин йиа зхуанг
56292433,731071,mk,донг уеи ер киао
56292510,731072,mk,донг зху фу
56293126,731080,mk,кси цхен туан ыи цун
56293203,731081,mk,цхе зхуанг
56293357,731083,mk,лу танг
56293511,731085,mk,сонгсхан
56293742,731088,mk,фангыангзхуанг
56293819,731089,mk,ао схан донг
56293973,731091,mk,схуанг схи тоу
56294050,731092,mk,Тианбао
56294666,731100,mk,зху йиа зхуанг
56294820,731102,mk,цхен ксун хуи нан
56294897,731103,mk,лиу ыу
56294974,731104,mk,тонг ыи зхуанг
56295282,731108,mk,ыангйиа гоу
56295436,731110,mk,нан таи пинг
56295667,731113,mk,нан ыанг лиу
56295744,731114,mk,ыин схан тоу
56295821,731115,mk,да цхенг зи
56295898,731116,mk,Ксијаохе
56296360,731122,mk,Ксивангксианг
56296514,731124,mk,гу зи схан
56296591,731125,mk,Вангуксиан
56296668,731126,mk,донг цха хе
56296822,731128,mk,ыангйиа зхуанг
56296899,731129,mk,да зху зхуанг
56296976,731130,mk,хан зхуанг ыи цун
56297053,731131,mk,ыинг зи
56297130,731132,mk,донг ге ыу
56297361,731135,mk,зху йиа лоу
56297438,731136,mk,зху линг зхуанг
56297592,731138,mk,конг йиа зхуанг
56297669,731139,mk,зхонг схао ху
56298131,731145,mk,тиан лоу
56298824,731154,mk,да цхао ыанг
56299055,731157,mk,Датан
56299132,731158,mk,хоу хуи зи по
56299363,731161,mk,да ыоу йиа
56299517,731163,mk,сханг ыуан йиа гуан зхуанг
56299979,731169,mk,зхао йиа зхуанг
56300133,731171,mk,хоу ниу диан
56300210,731172,mk,си гуан зхуанг
56300287,731173,mk,зхонг куан
56300441,731175,mk,суи зхуанг
56300518,731176,mk,нан ксу йиа ыа
56300672,731178,mk,да ыу зхуанг
56300749,731179,mk,беи уанг зхуанг
56300980,731182,mk,даи йиа зхуанг
56301057,731183,mk,ыангйиа сан ыи коу
56301288,731186,mk,хуанг гоу
56301365,731187,mk,лиу гуан зхуанг
56301442,731188,mk,хоу йиао лианг
56301519,731189,mk,донг уанг зхуанг
56301596,731190,mk,схи уу схан
56301673,731191,mk,Донгбеиксу
56301750,731192,mk,Хежуанг
56301981,731195,mk,киан ыу йиа зхуанг
56302135,731197,mk,лонг уанг ыу
56302597,731203,mk,сонг ыао
56302828,731206,mk,донг ту гоу
56303059,731209,mk,да зхуанг
56303136,731210,mk,ксиа йиа лоу
56303367,731213,mk,нан ксиао ыи
56303521,731215,mk,ыан хе
56303906,731220,mk,нан ыинг зи
56304291,731225,mk,цаи ма зхуанг
56304522,731228,mk,цхе зхуанг
56304676,731230,mk,хуанг ни ыа
56304907,731233,mk,да ксиан фу
56305061,731235,mk,ксиао схенг йиа зхуанг
56305369,731239,mk,пан уанг зхуанг
56305446,731240,mk,кси схен ма
56305523,731241,mk,си схан зи
56305600,731242,mk,донг зху зи
56305754,731244,mk,Кванкун
56305831,731245,mk,тенг хуа ыу
56305908,731246,mk,цаойиа лин
56305985,731247,mk,танг йиа зхуанг
56306062,731248,mk,киан схи ла ыуан
56306139,731249,mk,Ксијаохеку
56306370,731252,mk,киан гу цхенг
56306601,731255,mk,да беи зхуанг
56306678,731256,mk,донг йиа зхуанг
56306755,731257,mk,хуи йиа гуан зхуанг
56306832,731258,mk,донг ксу коу
56306909,731259,mk,донг схи бу
56307217,731263,mk,Дава
56307448,731266,mk,Дају
56307602,731268,mk,хонг донг
56307910,731272,mk,лин гуан зхуанг
56308064,731274,mk,хуанг йиа гуан хе беи
56308526,731280,mk,да схуанг дун по
56308680,731282,mk,бансханг
56308757,731283,mk,Вангчиао
56308834,731284,mk,донг схан
56308911,731285,mk,Кјанџин
56309219,731289,mk,кинг зхусхан киан
56309296,731290,mk,хоу тун
56309373,731291,mk,тан сханг йи
56309527,731293,mk,да схан си
56309604,731294,mk,менг йиа ыуан
56309681,731295,mk,хуи ыу
56309835,731297,mk,доу йиао ыу
56309912,731298,mk,кинг сха зхуанг
56310143,731301,mk,Шиксија
56310220,731302,mk,зханг гао це
56310297,731303,mk,зханг йиа туан схан
56310374,731304,mk,ксу киао
56310528,731306,mk,Ксијангјанг
56310836,731310,mk,кси уангтуан
56311067,731313,mk,цуи тао ыу
56311144,731314,mk,нан фанг
56311221,731315,mk,киан ксиао бу
56311375,731317,mk,хоу схуи ыоу
56311529,731319,mk,туан схан зхуанг
56311683,731321,mk,хоу цхе ыу
56312684,731334,mk,ксуан гу хе
56312761,731335,mk,зхи цун
56313146,731340,mk,зханг ли зхуанг
56313223,731341,mk,сханг зхуанг ыи цун
56313300,731342,mk,Чаојанг
56313531,731345,mk,ыан линг
56313685,731347,mk,по луо
56314070,731352,mk,лин йиа гуан зхуанг
56314147,731353,mk,да ту линг
56314224,731354,mk,ксиа цхонг схенг
56314301,731355,mk,ху схан диан
56314378,731356,mk,кси гу миао
56314994,731364,mk,схи лангтоу
56315148,731366,mk,ксиао уенгсхан
56315225,731367,mk,бао схан зхуанг
56315533,731371,mk,йие ыу зи
56316303,731381,mk,гуо зхуанг
56316380,731382,mk,бу схан зхуанг
56316534,731384,mk,схуи ыинг
56316611,731385,mk,ксиао гу зхуанг
56316919,731389,mk,хоу ма цао
56317227,731393,mk,да гоу ыа
56317381,731395,mk,ма лоу
56317458,731396,mk,зху зхуанг
56317535,731397,mk,хуанг цао по
56317766,731400,mk,кси схен куан
56317920,731402,mk,Куижуанг
56318151,731405,mk,гао лоузи
56318228,731406,mk,гу донг уан цун
56318459,731409,mk,Дају
56318536,731410,mk,тао сху уан цун
56318921,731415,mk,зханг йиа туан
56319075,731417,mk,гао ыу пу
56319306,731420,mk,таи пинг зхуанг
56319383,731421,mk,нан схи киао
56319460,731422,mk,уанг схан
56319614,731424,mk,зхонг хан зхуанг
56319768,731426,mk,схи фенг куан
56319922,731428,mk,кси схи лианг
56319999,731429,mk,пан йиа ху
56320307,731433,mk,лан дун гуан зхуанг
56320538,731436,mk,заоке
56320615,731437,mk,киан танг зи
56320769,731439,mk,схенг лианг зхуанг
56321000,731442,mk,зхоу
56321231,731445,mk,ыу хуанг миао
56321385,731447,mk,зху фу зхуанг
56321847,731453,mk,донг лиу бу
56321924,731454,mk,Хеван
56322232,731458,mk,ма йиа
56322694,731464,mk,Јиченг
56323079,731469,mk,зхенг йиа ниан
56323156,731470,mk,Ксијаогуан
56323310,731472,mk,ма йиа зхуанг
56323464,731474,mk,зханг пеи
56323541,731475,mk,зханг туан
56323618,731476,mk,ки ли си
56323695,731477,mk,ыу лин диан
56324080,731482,mk,нан бан йиехе
56324465,731487,mk,лун йиа бу по
56324696,731490,mk,сан миао йиа
56324850,731492,mk,ни гоу
56324927,731493,mk,динг йиа цун
56325312,731498,mk,хуанг бу линг
56325389,731499,mk,йи йиа ли схуанг
56325697,731503,mk,цаойиа гуан зхуанг
56325928,731506,mk,йианг йиа
56327237,731523,mk,лианг схуи уантоу
56327776,731530,mk,схуи рун дао
56327853,731531,mk,дуан хе ыи цун
56328007,731533,mk,ду йиа гоу
56328084,731534,mk,уанг йиа ыинг
56328315,731537,mk,лу йиа зхуанг
56328392,731538,mk,кинг киу
56328546,731540,mk,денг йиа
56328931,731545,mk,схан киан
56329008,731546,mk,зху ма хе
56329239,731549,mk,цаойиа зхуанг
56329316,731550,mk,хоу туан
56329701,731555,mk,зху йиа
56329932,731558,mk,ма су
56330009,731559,mk,сан ди донг
56330086,731560,mk,зи хе диан
56330394,731564,mk,йиа йиа зхуанг
56330625,731567,mk,цхен йиа ма зхуанг
56330779,731569,mk,ниу схан кси тоу
56330856,731570,mk,нан би йиа
56331010,731572,mk,беи ксинг фу
56331164,731574,mk,ленг йиа схан
56331395,731577,mk,сун йиа схи ли пу
56331549,731579,mk,пинг ан ыу
56332242,731588,mk,коу йиа уу ыи цун
56332627,731593,mk,зхао йиа лоу
56332935,731597,mk,цханг йиа
56333166,731600,mk,миао схан
56333243,731601,mk,ма йиа гоу
56333397,731603,mk,руи зхуанг
56333474,731604,mk,хе коу
56333628,731606,mk,Ксиншенг
56333782,731608,mk,йи йиа хе
56334090,731612,mk,ли йиа музхуанг
56334321,731615,mk,схи зи коу
56334398,731616,mk,Лиангксиан
56334552,731618,mk,пеи йиа линг
56334783,731621,mk,зхуанг хан миао
56335168,731626,mk,тун ли
56335322,731628,mk,хоу цао
56335476,731630,mk,донг би йиа ыи цун
56335784,731634,mk,суозхуанг
56336246,731640,mk,да гао йиа зхуанг
56336400,731642,mk,цуи дао
56336554,731644,mk,Зуоџа Жуангзи
56336631,731645,mk,Пози
56336708,731646,mk,беи уанг йиа ма тоу
56336862,731648,mk,ксинг фу зхуанг
56337093,731651,mk,лиу йиа гуанг ыао
56337247,731653,mk,да гуанг фу
56337555,731657,mk,лао гуан зхуанг
56337709,731659,mk,лу йиа зханг ыинг
56338094,731664,mk,Ванганг
56338556,731670,mk,ксиао тиан зхуанг
56338633,731671,mk,ыангйиа куан
56338787,731673,mk,хе нан ланг йун зхуанг
56338941,731675,mk,сун йиа зхуанг
56339403,731681,mk,цхенг нан уу йиа
56339788,731686,mk,уанг йиа ксин зханг
56339865,731687,mk,уу йиа ксиа зхуанг
56340404,731694,mk,зхоу йиа гуан зхуанг
56340558,731696,mk,хан йиа бу
56340789,731699,mk,Шанванг
56341020,731702,mk,Нангукси
56341097,731703,mk,даоуа
56341328,731706,mk,лиу хе гуан зхуанг
56341405,731707,mk,да ыинг зи
56341482,731708,mk,Ксиеху
56341559,731709,mk,ыинг киу хе нан
56341636,731710,mk,донг ли туан
56341790,731712,mk,хе ыа зи
56341944,731714,mk,ыангйиа зхуанг
56342175,731717,mk,схан зао
56342329,731719,mk,хоу йиа
56342714,731724,mk,хуанг киао зханг кси
56343099,731729,mk,Дажангкси
56343407,731733,mk,нан ыинг зи
56343484,731734,mk,нан цхаи бу ыинг
56343638,731736,mk,ге сханг
56343869,731739,mk,зханг йиа хе тоу
56344023,731741,mk,донг ыан
56344100,731742,mk,да хеи бу
56344639,731749,mk,хан йиа уа
56344716,731750,mk,зхенг йиа схи лонг зи
56344793,731751,mk,ер йиа уанг
56345255,731757,mk,йиа тао
56345409,731759,mk,су бу тун
56345563,731761,mk,зханг йиа лао зхуанг
56345640,731762,mk,йиа йиа цхенг гуан
56345717,731763,mk,хоу донг йиа фанг зи
56346025,731767,mk,йие схан пан йиа
56346333,731771,mk,ксиао лиу йиа
56346487,731773,mk,ыу лин
56346641,731775,mk,Шима
56346795,731777,mk,ци бу
56346949,731779,mk,хао йиа лиу ханг
56347026,731780,mk,схи йиа зхуанг
56347334,731784,mk,хуанг ыа тоу
56347488,731786,mk,ли йиа гуан зхуанг
56347565,731787,mk,цуи йиа ыу
56347719,731789,mk,лиу йиа зхуанг
56347873,731791,mk,динг йиа зхуанг зи
56348258,731796,mk,би йиа ыан ыу
56348797,731803,mk,ыангйиа зхуанг
56349105,731807,mk,кинг куан гоу
56349259,731809,mk,зханг йиа таи зи
56349413,731811,mk,пан цун
56349952,731818,mk,ыу йиа схан киан
56350029,731819,mk,хуанг йиа зхаи
56350260,731822,mk,тиан йиа гуан зхуанг
56350337,731823,mk,таи донг гуан зхуанг
56350568,731826,mk,диао лу
56351030,731832,mk,ки ли гоу
56351184,731834,mk,кси си йиа зхуанг
56351338,731836,mk,схийиа
56351492,731838,mk,схи йиа
56351800,731842,mk,беи цхен
56352031,731845,mk,ниу йиа
56352262,731848,mk,цуи це
56352493,731851,mk,ыао ли уанг
56352570,731852,mk,лу йиа ыи цун
56352647,731853,mk,донг цха хе
56352878,731856,mk,да цхен йиа зхуанг
56353032,731858,mk,зхенг йиа гоу
56353186,731860,mk,зхао по
56353340,731862,mk,схи хе тоу
56353417,731863,mk,ксинг йиа донг зхуанг
56353648,731866,mk,зханг гао бу
56353725,731867,mk,лу йиа зхуанг
56354033,731871,mk,донг хуанг схан
56354110,731872,mk,цуи йиа ыанг зи
56354187,731873,mk,Ксиндијан
56354264,731874,mk,да зхуанг гао
56354880,731882,mk,донг сун йиа зхуанг
56355188,731886,mk,беи ыун хе
56355496,731890,mk,ксуан йиа
56355573,731891,mk,ма йиа зхаи зхуанг
56355650,731892,mk,беи ди
56355881,731895,mk,Ливу
56356035,731897,mk,донг нан зхуанг
56356343,731901,mk,йи си бу
56356420,731902,mk,Ксижу
56356497,731903,mk,ксиа уу йинг донг цун
56356574,731904,mk,лонг уанг хе
56356728,731906,mk,йианг ыинг
56356805,731907,mk,ма йиа
56356882,731908,mk,ма йиа хе
56357113,731911,mk,лонг гоу ыа
56357190,731912,mk,хеи ыу зи
56357421,731915,mk,сан цха
56357498,731916,mk,зханг йиа донг зхуанг
56357729,731919,mk,хуанг бу
56357806,731920,mk,ма схи
56357960,731922,mk,лин зеыи цун
56358114,731924,mk,конг цун
56358191,731925,mk,донг схи линг
56358268,731926,mk,уанг йиа ыао схуи донг
56358345,731927,mk,хан йиа уанг фенг
56358499,731929,mk,гуо йиа ыинг
56358576,731930,mk,ыун йиа зхуанг зи
56359115,731937,mk,даи йиа зхуанг
56359192,731938,mk,донг зхуо беи
56359269,731939,mk,леи цун
56359346,731940,mk,йинг ке
56359500,731942,mk,сханг зхуанг
56359885,731947,mk,цхен йиа сханг зхуанг
56360116,731950,mk,Донгсу
56360424,731954,mk,лао да ыинг
56360578,731956,mk,беи да ыу хе
56360732,731958,mk,киан уанг
56360963,731961,mk,ксу ки цун
56361271,731965,mk,зханг йиа лоузи
56361425,731967,mk,Фукјао
56361502,731968,mk,санг йиа зхуанг
56361579,731969,mk,Ванџијахе
56361887,731973,mk,нан цхен йиа зхуанг
56362118,731976,mk,киан танг йиа диан зи
56362272,731978,mk,Куиџа
56362349,731979,mk,хан киао донг
56362426,731980,mk,сханг хе зхуанг
56362580,731982,mk,да по зи
56362811,731985,mk,лу уангхоу йиа
56362965,731987,mk,ыанггу киао
56363119,731989,mk,зханг йиа зхуанг
56363273,731991,mk,ксиа ли йиа ыа
56363504,731994,mk,зханг йиа ыанг
56363735,731997,mk,танг ге зхуанг
56363812,731998,mk,кси беи хе
56363966,732000,mk,бао фу линг
56364043,732001,mk,пинг лиу ыуан
56364582,732008,mk,ксинг схан зи
56365121,732015,mk,нан зхао йиа гоу
56365275,732017,mk,ми бу диан ыи цун
56365429,732019,mk,ыи лонг дао коу
56365814,732024,mk,уан зхуанг
56365891,732025,mk,Ванѓунси
56366045,732027,mk,донг йин ма зхуанг
56366353,732031,mk,уанг йиа да зхуанг
56366430,732032,mk,лиу хе ыи цун
56366738,732036,mk,да йие зхао
56366892,732038,mk,кси зху фенг
56367046,732040,mk,лиле уанг
56367123,732041,mk,донг ксин ксинг
56367277,732043,mk,гу зхуанг беи
56367662,732048,mk,гуи хе ыи цун
56367739,732049,mk,гао йиа
56367893,732051,mk,гуо ки даи йиа зхуанг
56367970,732052,mk,кин йиа зхуанг
56368124,732054,mk,Кјуџијахе
56368201,732055,mk,ыуе зхуанг
56368432,732058,mk,сан гуан миао
56368586,732060,mk,по луо лин зи
56368740,732062,mk,донг ксу ыуан
56368817,732063,mk,по зхуанг
56368971,732065,mk,хуанг йиа зхуанг зи
56369048,732066,mk,ан йиа гоу
56369202,732068,mk,лиу уангзхуанг
56369279,732069,mk,донг ыан
56369356,732070,mk,гуо сонг таи
56369433,732071,mk,ху ыинг ыи цун
56369510,732072,mk,киан хуанг зхуанг
56369587,732073,mk,киан хангбу
56369664,732074,mk,хоу зху йиа зхуанг
56369972,732078,mk,ксу йианг йун
56370049,732079,mk,йи зи схан
56370203,732081,mk,зханг йиа лиу гоу
56370588,732086,mk,ксиа ма туан
56370742,732088,mk,да зханг йиа бу
56370973,732091,mk,хуанг туан
56371127,732093,mk,лу зхуанг
56371358,732096,mk,куан зи
56371589,732099,mk,бан йиелоу
56372205,732107,mk,зхуанг тоу
56372590,732112,mk,хонг схан си йиа
56372744,732114,mk,сун йиа зхуанг
56372821,732115,mk,кси зхен гуан
56372898,732116,mk,Ксиду
56372975,732117,mk,ыин хе зхуанг
56373052,732118,mk,киан ксиангге
56373360,732122,mk,ху лин бу
56373591,732125,mk,ыан зхуанг нан
56373668,732126,mk,ыангйиа
56373822,732128,mk,цуи йиа зхуанг
56373899,732129,mk,ыи конгкиао
56373976,732130,mk,Чаојанг
56374053,732131,mk,да фу йиа зхуанг
56374130,732132,mk,беи сонг линг
56374284,732134,mk,цаи ыанг зи
56374438,732136,mk,ксиао цаи ыуан
56374515,732137,mk,Лиузи
56374592,732138,mk,донг пан ыанг
56374746,732140,mk,хао йиа зхуанг
56374900,732142,mk,ксиао схи куан
56374977,732143,mk,беи зханг схи
56375131,732145,mk,ли йиа зхуанг
56375285,732147,mk,Беиксин
56375362,732148,mk,йи ге зхуанг
56375516,732150,mk,Даксу
56375747,732153,mk,донг ли гу
56376517,732163,mk,хе киа
56376902,732168,mk,нан лу
56377133,732171,mk,донг йиа гоу
56377364,732174,mk,ксиан рен йиао
56377518,732176,mk,мин йиа
56377749,732179,mk,Џуџи
56377980,732182,mk,луо зхуанг
56378134,732184,mk,нан ксин зхуанг
56378365,732187,mk,сонг цхи
56378442,732188,mk,зханг йиа ыуан
56378596,732190,mk,таи пинг зхуанг
56378673,732191,mk,ли йиа зхуанг зи
56378750,732192,mk,кси менг йиа зхуанг
56378904,732194,mk,цаойиа ыу
56378981,732195,mk,лиу йиа ыинг
56379058,732196,mk,кси йингминг ыи цун
56379135,732197,mk,лонг йиао
56379212,732198,mk,хоу пу ли
56379289,732199,mk,гуо йинг зи
56379366,732200,mk,кси зхоу туан
56379443,732201,mk,хуа йиа линг
56379520,732202,mk,пан йиа бу
56379751,732205,mk,цаоксин зхуанг
56379905,732207,mk,ду йиа зху мао
56379982,732208,mk,фу йиа зхуанг
56380059,732209,mk,нан зхаи
56380136,732210,mk,цхенг йиа зхуанг
56380598,732216,mk,ма си ыи цун
56381214,732224,mk,беи ксиао гоу
56381445,732227,mk,зхао уанг нан лоухоу
56381676,732230,mk,Лиџијапу
56381753,732231,mk,зонг йиа зхуанг зи
56381907,732233,mk,донг ки цун
56382061,732235,mk,Џиџија
56382292,732238,mk,кин ге зхуанг
56382369,732239,mk,пан ли зхуанг
56382754,732244,mk,хао йиа зхаи
56382831,732245,mk,зхао йиа зхуанг
56382908,732246,mk,йиу ан гуан ыи цун
56382985,732247,mk,гуо йиа зхуанг
56383062,732248,mk,Шимен
56383139,732249,mk,цхуан ди
56383447,732253,mk,тенг йиа ксин моу
56384217,732263,mk,зху йиа гуан зхуанг
56384294,732264,mk,нан ци
56384448,732266,mk,уанг йиа гоу
56384679,732269,mk,нан гуо
56384756,732270,mk,лао по хе
56384987,732273,mk,зханг йиа гуан зхуанг
56385064,732274,mk,Даксинџуанг
56385141,732275,mk,беи ксиао ыу хе
56385526,732280,mk,схи хе
56385911,732285,mk,киан линг зи
56386142,732288,mk,Ксинџуанг
56386373,732291,mk,цаойиа зхуанг
56386450,732292,mk,беи тан по
56386527,732293,mk,ксиао зханг ге зхуанг
56386681,732295,mk,зханг йиа зхуанг
56386835,732297,mk,Ксилуо
56386989,732299,mk,донг фанглу киан
56387836,732310,mk,гуан дао гао
56388298,732316,mk,донг уанг йиа зхуанг зи
56388760,732322,mk,хуа туан ыи цун
56388837,732323,mk,схи мен донг
56388991,732325,mk,да уанкоу
56389376,732330,mk,кси донг зи
56389607,732333,mk,сханг си ыуан
56389761,732335,mk,уу йиа гуан зхуанг
56389915,732337,mk,Ксипо
56390377,732343,mk,лиу йиа зхаи ке
56390685,732347,mk,ыу йиа зхуанг зи
56390839,732349,mk,миао зи гуан зхуанг
56390916,732350,mk,ксиао йиа ыинг
56390993,732351,mk,пан йиа уа
56391147,732353,mk,ге ди
56391378,732356,mk,ыан тоу
56391532,732358,mk,цаи ыу
56391609,732359,mk,генг йиа гуан зхуанг
56391840,732362,mk,гао ганг
56391994,732364,mk,динг йиа диан зи
56392302,732368,mk,да цхе гоу
56392687,732373,mk,ксиа йиа диан зи
56392764,732374,mk,данг йиа ыинг
56393303,732381,mk,ки йиа зхуанг зи
56393380,732382,mk,Ксијаоџа
56393611,732385,mk,зхоу йиа ксиа зхуанг
56393996,732390,mk,беи хоу хе
56394150,732392,mk,донг зао лин
56394535,732397,mk,беи ма зхуанг
56394766,732400,mk,фу йиа мао туо
56395382,732408,mk,ыуан сханг
56395613,732411,mk,зханг схи ыи цун
56396229,732419,mk,сун йиа туан
56396537,732423,mk,кси тиан уанг
56396845,732427,mk,беи цуи му
56397076,732430,mk,зхонг зи зхуанг
56397153,732431,mk,нан гао йиа зхуанг
56397461,732435,mk,ксинг ыао ыи цун
56397538,732436,mk,зхаи ли
56397846,732440,mk,зхихун йие
56397923,732441,mk,ксие йиа ыао
56398000,732442,mk,Ванѓијабу
56398077,732443,mk,лиу лин зи
56398154,732444,mk,генг зху
56398770,732452,mk,Кјанлиу
56398847,732453,mk,ер схи ер уу зи
56399078,732456,mk,даи йиа
56399309,732459,mk,луо зхуанг
56399540,732462,mk,Мудан
56399771,732465,mk,лиу гуан ыи цун
56399848,732466,mk,лианг йиа
56400156,732470,mk,зао ыуан
56400541,732475,mk,ксианггонг зхуанг
56400618,732476,mk,киан тун
56400772,732478,mk,менг йи
56400926,732480,mk,зханг зхентанг
56401465,732487,mk,зханг биао
56401773,732491,mk,киан гуо
56401850,732492,mk,лин йиа лоу
56402004,732494,mk,сханг зхуанг
56402158,732496,mk,нуан схуи хе
56402312,732498,mk,Каоу
56402389,732499,mk,ху коу ыа
56402466,732500,mk,хенггоу
56402774,732504,mk,киан динг йиа
56402928,732506,mk,зху йиа
56403082,732508,mk,донг ксин зхуанг
56403236,732510,mk,ыи фенг
56403390,732512,mk,сханг дао пинг
56403544,732514,mk,тие йианг
56403621,732515,mk,хуанг кин
56403775,732517,mk,Течност
56403929,732519,mk,зхенг уанг зхуанг
56404083,732521,mk,дуан киао
56404314,732524,mk,гонг йиа
56404391,732525,mk,гуан ыан
56404468,732526,mk,цхе ыу коу
56404622,732528,mk,беи ыинг
56404699,732529,mk,тао ксинг
56404930,732532,mk,йиу схи лиу ху
56405238,732536,mk,уу ксиао зхуанг
56405469,732539,mk,динг цуи линг
56405854,732544,mk,зхи фенг
56405931,732545,mk,лихенг
56406624,732554,mk,цаи ыуан донг
56406855,732557,mk,Хуатан
56407009,732559,mk,ыуан йиа ан
56407086,732560,mk,ма ыинг ки цун
56407394,732564,mk,нан су йиа
56407548,732566,mk,зхоу йиа
56407702,732568,mk,Фуво
56408087,732573,mk,тиан йиа
56408164,732574,mk,си ксиао тун
56408241,732575,mk,йиа йиа диан
56408395,732577,mk,да ма йиа
56408549,732579,mk,сханг киу лин
56408857,732583,mk,бао лиу
56409088,732586,mk,зхоу йиа уу зи
56409165,732587,mk,Ксијава
56409473,732591,mk,зханг ху йиа
56409704,732594,mk,ксинг фу зхоу
56409781,732595,mk,схуанг куан
56409935,732597,mk,цуи йиа цхи
56410012,732598,mk,Гонгнонг
56410474,732604,mk,Лиџиабу
56410705,732607,mk,хан ксин зхуанг
56410782,732608,mk,нан лиан уу цун
56411013,732611,mk,кси гу де фан
56411167,732613,mk,хоу сонг уанг зхуанг
56411552,732618,mk,ыу хе
56412245,732627,mk,Хејшан
56412476,732630,mk,нан дуан
56412630,732632,mk,киан зуо
56412707,732633,mk,ксиао лиу йиа
56412938,732636,mk,зхао йиа тун
56413015,732637,mk,схи хенгдонг цун
56413246,732640,mk,ыан цхен
56413554,732644,mk,цаойиа
56413862,732648,mk,Шанглијуан
56414247,732653,mk,донг ыуан зхуанг
56414401,732655,mk,нан ер схи сан цун
56414709,732659,mk,кси гоу тоу
56414863,732661,mk,да хуи
56414940,732662,mk,дан йиа
56415017,732663,mk,Кианџија
56415402,732668,mk,мукоу ыу
56415633,732671,mk,тие йианг
56415864,732674,mk,хан лиан зхуанг
56416018,732676,mk,лианг йиа
56416095,732677,mk,Нанкван
56417096,732690,mk,донг зханг
56417327,732693,mk,гуан йиа
56417635,732697,mk,беи ыи цун
56417866,732700,mk,цхенг йиа цун
56417943,732701,mk,тоу дуан
56418174,732704,mk,Ксинкао
56418636,732710,mk,ми схан зи гоу
56418944,732714,mk,хан йиа тао
56419021,732715,mk,гуан зхуанг зи
56419175,732717,mk,фу ма
56419406,732720,mk,донг зенг лин
56419483,732721,mk,цаойиа цун
56419637,732723,mk,кси сун
56419868,732726,mk,хоу зхуанг
56420099,732729,mk,лин йиа
56420253,732731,mk,уу лу коу
56420561,732735,mk,схи миао
56420638,732736,mk,кси зхуанг
56420792,732738,mk,хуанг схан зи
56420946,732740,mk,ма йиа коу
56421100,732742,mk,да зхуанг
56421254,732744,mk,донг сонгксиан линг
56421331,732745,mk,Џиџиажуанг
56421562,732748,mk,схи миао
56421793,732751,mk,цханг уанг зхуанг
56421947,732753,mk,зханг ма
56422101,732755,mk,донг лу
56422255,732757,mk,донг зханг йи кси йие
56422332,732758,mk,ган хоу
56422486,732760,mk,гу дуи схан
56422563,732761,mk,да ли донг
56422640,732762,mk,зху уанг зхуанг
56423256,732770,mk,цуи му
56424026,732780,mk,донг да гуо
56424257,732783,mk,цаи ыуан лиу
56424334,732784,mk,донг зхао зхуанг ыи цун
56424488,732786,mk,цаи йиа
56424565,732787,mk,Шисанли
56424950,732792,mk,сун цонг зхуанг
56425104,732794,mk,Чигуцун
56425181,732795,mk,киан тун
56425258,732796,mk,ма йиа
56425335,732797,mk,мао ыуан
56425489,732799,mk,цаодонг
56425720,732802,mk,донг лиу
56425874,732804,mk,ма йиа ыу
56426105,732807,mk,зхонг ыанг
56426182,732808,mk,Донгкун
56426259,732809,mk,уанг хе пу
56426413,732811,mk,зху йиа ыу
56426567,732813,mk,ма тенг ксиао
56426798,732816,mk,кси уу цун
56427183,732821,mk,Санхе
56427414,732824,mk,Вангинг
56427491,732825,mk,донг гао йиа
56427799,732829,mk,хеи ыу
56428184,732834,mk,сонг йиа зхуанг
56428415,732837,mk,Ксикин
56428877,732843,mk,гу цхенг ма
56429031,732845,mk,цанг лин
56429108,732846,mk,ки уанг
56429185,732847,mk,гуо йиа ма
56429339,732849,mk,донг йиу цун
56429416,732850,mk,да гаи йиа
56429724,732854,mk,киан цуи йиа
56429801,732855,mk,киан гоу
56429878,732856,mk,зхонг гу диан уу зи
56429955,732857,mk,нан цханг йиа
56430109,732859,mk,Давангжуанг
56430340,732862,mk,йу хе
56430725,732867,mk,кси гоу ли
56430802,732868,mk,фангйиа
56430879,732869,mk,ыин лиу
56431264,732874,mk,нан динг
56431572,732878,mk,хуанг лиан ыу
56431957,732883,mk,уанг йиа зхаи донг
56432342,732888,mk,хоу зху
56432419,732889,mk,пу киу ыи цун
56432496,732890,mk,менг баи
56432804,732894,mk,йианг йиа киао
56433035,732897,mk,лианг лу
56433189,732899,mk,лу зхаи
56433266,732900,mk,ксианг ди
56433497,732903,mk,сханг йиа
56433651,732905,mk,кси зуо
56433728,732906,mk,Ксигуан
56433882,732908,mk,ыу цха хе
56434036,732910,mk,Јонгкван
56434190,732912,mk,беи йиа зхуанг
56434421,732915,mk,гу цхенг
56434498,732916,mk,Веијуан
56434652,732918,mk,зхонг дуан уанг
56434806,732920,mk,Жаоџа
56435114,732924,mk,цхенг беи ыу
56435191,732925,mk,ху лу ыу
56435268,732926,mk,цхен лин
56435576,732930,mk,цао бу ыи цун
56435961,732935,mk,хоу гонг
56436038,732936,mk,су уанг
56436115,732937,mk,да ыан ман зхуанг
56436192,732938,mk,уанг цху
56436500,732942,mk,донг ма тоу
56436577,732943,mk,зханг муйианг
56436808,732946,mk,беи цуи ыа
56436885,732947,mk,Дуџиажуангкун
56437116,732950,mk,таи ыи цун
56437193,732951,mk,уанг йиа зхуанг
56437270,732952,mk,да сонг
56437424,732954,mk,Куиџа
56437501,732955,mk,йиан хуа
56437809,732959,mk,генг йу
56437886,732960,mk,ли йиа зхен
56438040,732962,mk,гао йиа пу
56438348,732966,mk,кси ма йиа
56438733,732971,mk,киан йин ыи цун
56438887,732973,mk,зханг уанг ыи цун
56439195,732977,mk,Тангванг
56439272,732978,mk,диао ыу таи
56439426,732980,mk,зхонг ксиао фенг
56439503,732981,mk,Учи
56439888,732986,mk,нан схан ыанг
56440119,732989,mk,као хе ли
56440350,732992,mk,сханг йиао
56440504,732994,mk,ган йиа
56440658,732996,mk,да схи йиа
56440735,732997,mk,пинг ан де
56440812,732998,mk,ма йиа диан
56441043,733001,mk,сха гоу
56441274,733004,mk,лигуан зхуанг
56441428,733006,mk,тиан йинг цун
56441505,733007,mk,лиан хуа пен
56441813,733011,mk,миан хуа уанг
56442044,733014,mk,ксианг гао цун
56442198,733016,mk,лао по
56442275,733017,mk,Дабеиту
56442506,733020,mk,Тубу
56442583,733021,mk,цаоыинг
56442814,733024,mk,донг цха
56442891,733025,mk,донг гуо йиа
56443276,733030,mk,нан дао
56443507,733033,mk,туан ыуан гоу
56443738,733036,mk,хуо йиа
56443969,733039,mk,Гуанжуанг
56444277,733043,mk,цуи зхаи
56444585,733047,mk,лонг си цун
56444739,733049,mk,уа коу линг
56444893,733051,mk,Шанглонгксианг
56444970,733052,mk,Донгванг
56445201,733055,mk,Годан
56445278,733056,mk,йианг йиа зхуанг
56445432,733058,mk,кси гуо
56445586,733060,mk,кин фенг
56445740,733062,mk,Жаоу
56445817,733063,mk,Хонгксинг
56445894,733064,mk,кси сханг гу
56445971,733065,mk,ксиао ыао
56446125,733067,mk,сан де фан беи
56446202,733068,mk,уу йиа ыанг
56446279,733069,mk,цаойиа зхуанг
56446356,733070,mk,зоу йиа бу
56446433,733071,mk,Тукуан
56446664,733074,mk,да хе уанг
56446741,733075,mk,схи йиа
56447049,733079,mk,кинг схи ыа
56447126,733080,mk,кси фенг ыанг
56447280,733082,mk,гонг йиао уан
56447434,733084,mk,си кинг ер цун
56447742,733088,mk,кси таи хе
56447819,733089,mk,уанг йиа ки линг
56448050,733092,mk,хоу ли гуо зхе
56448127,733093,mk,зхенг йиа зхуанг
56448666,733100,mk,кси бойи уанг
56448820,733102,mk,ыан йи
56448974,733104,mk,схи уу зи
56449128,733106,mk,Шаво
56449282,733108,mk,беи ксианг фанг
56449359,733109,mk,ыангйиа диан
56449436,733110,mk,да киао гоу
56449744,733114,mk,да гао
56449821,733115,mk,ли рен
56450129,733119,mk,хуанг цхао
56450283,733121,mk,зханг ксин
56450591,733125,mk,Жаоџа
56450668,733126,mk,цуи уанг
56450745,733127,mk,лан зи
56450822,733128,mk,гонг уангцун
56450899,733129,mk,менг йиа
56451053,733131,mk,да фу
56451361,733135,mk,ксиа ыи цун
56451823,733141,mk,донг ыа
56452131,733145,mk,Даванкси
56452208,733146,mk,ксинг йиа схан зи
56452362,733148,mk,да сун
56452593,733151,mk,Жифанг
56452747,733153,mk,донг куан хе
56452824,733154,mk,фан йиа
56453363,733161,mk,зхуанг ли йиа
56453517,733163,mk,да бо ли
56453671,733165,mk,цхи бан
56453748,733166,mk,цхенг гуан зхуанг донг йие
56453825,733167,mk,уан йи
56453902,733168,mk,далинг
56453979,733169,mk,беи ксин диан
56454441,733175,mk,Суџиабу
56454518,733176,mk,йие йиа
56454672,733178,mk,кси схен йиа киао
56454826,733180,mk,беи ксинг
56455057,733183,mk,да гонг
56455134,733184,mk,Ренхе
56455442,733188,mk,куан зи
56455673,733191,mk,бансхи ыа
56456058,733196,mk,хоу йиа гуан зхуанг
56456135,733197,mk,схенг йинг
56456289,733199,mk,цхенг донг цун
56456982,733208,mk,да лианг уанг цун
56457213,733211,mk,Ксиганг
56457290,733212,mk,рен йиа ыу
56457367,733213,mk,Луеџиаксингванг
56457521,733215,mk,сан йиао уан
56457598,733216,mk,Хаули
56457675,733217,mk,беи ыазхуанг
56457829,733219,mk,кси схи ыинг
56457983,733221,mk,Вангтаи
56458060,733222,mk,зхенг йиа
56458214,733224,mk,цаотуо
56458907,733233,mk,лиу лонг гу
56459061,733235,mk,ма тоу
56459292,733238,mk,лао санг ду
56459369,733239,mk,ыу схуи
56459677,733243,mk,схен йиа линг
56459908,733246,mk,Ливанг
56459985,733247,mk,зху гуан
56460601,733255,mk,хе нан сун
56460755,733257,mk,ыу ыи цун
56460909,733259,mk,схи донг
56461063,733261,mk,ди йиа
56461294,733264,mk,донг ксиа це
56461371,733265,mk,Туксхамен
56461910,733272,mk,зхао схан
56462449,733279,mk,беи би
56462603,733281,mk,лонг санг цун
56462680,733282,mk,хоу йиа
56462834,733284,mk,ху ли
56462988,733286,mk,ыуе донг
56463065,733287,mk,зханг йиа куан
56463142,733288,mk,гаи йиа
56463219,733289,mk,схи донг
56463296,733290,mk,беи минг
56463681,733295,mk,фу уу зи цун
56463758,733296,mk,Донгксин
56463835,733297,mk,уанг йиа миао
56463912,733298,mk,ху лин гу
56463989,733299,mk,ксу йиа куан
56464143,733301,mk,зхуанг ке
56464297,733303,mk,мао уанг зхуанг
56464451,733305,mk,хонг схао зи
56464759,733309,mk,хоу ма зхаи
56464836,733310,mk,донг цха
56464990,733312,mk,хоу уанг зхуанг
56465144,733314,mk,гуо гуан зхуанг
56465760,733322,mk,цаи ыуан
56466145,733327,mk,бао лин
56466222,733328,mk,донг ма ыинг
56466453,733331,mk,хао ыи цун
56466530,733332,mk,уанг му
56466761,733335,mk,зханг йиа
56466838,733336,mk,донг фенг лу
56466992,733338,mk,ксу йиа уен
56467223,733341,mk,хоу зханг уо
56467608,733346,mk,Донгфенг
56467685,733347,mk,ку конгыу
56467762,733348,mk,Хејшан
56467993,733351,mk,схенг цхан
56468147,733353,mk,йиа йиа
56468609,733359,mk,Ксиниу
56468917,733363,mk,хан зхуанг
56469225,733367,mk,схи йиу ланг
56469302,733368,mk,хеи лонг ыу
56469456,733370,mk,нан лиу йиа зхуанг
56469687,733373,mk,донг ли
56469995,733377,mk,Џианкси
56470072,733378,mk,Ксијангјанг
56470149,733379,mk,ниу зхуанг
56470534,733384,mk,ми йиа
56470996,733390,mk,ксиао фу си
56471227,733393,mk,йиа ыанг
56471381,733395,mk,ди сханг ли
56471920,733402,mk,ыуе зи
56472074,733404,mk,беи лонг уан
56472228,733406,mk,беи хенгхе
56472382,733408,mk,донг схи лиу ху
56472459,733409,mk,ыангзхан мао
56472613,733411,mk,ки ли йинг
56472844,733414,mk,лиу йиа йи
56472921,733415,mk,гангли
56472998,733416,mk,сханг йиа
56473229,733419,mk,зхоу йиа йи
56473537,733423,mk,доу ки ыу
56473768,733426,mk,Кванту
56474307,733433,mk,Такси
56474384,733434,mk,зханг йиа лин
56474461,733435,mk,зхоу донг
56474538,733436,mk,донг нан по
56474769,733439,mk,ыан ма
56474923,733441,mk,сун йиа
56475077,733443,mk,киан схао
56475154,733444,mk,Ченгзикски
56476001,733455,mk,цхенг уу цун
56476078,733456,mk,донг да гуан
56476155,733457,mk,гао йиа уа
56476232,733458,mk,сун йиа зхуанг
56476309,733459,mk,нан йиа
56476540,733462,mk,ксиа уен тан
56476771,733465,mk,беи ыоууанг
56476925,733467,mk,цхи йиа ыу
56477002,733468,mk,ру йиа зхуанг
56477310,733472,mk,да схуи йинг нан
56477464,733474,mk,зханг пинг
56477618,733476,mk,цхен зхуанг гонг схеуу зи
56477772,733478,mk,ксу донг йиа
56478234,733484,mk,лиыу коу
56478388,733486,mk,ыао тао
56478927,733493,mk,лиу гуан доу
56479235,733497,mk,ксиао туо
56479389,733499,mk,донг хан дун
56479620,733502,mk,ронг йиа
56479697,733503,mk,донг фан
56480005,733507,mk,хан лонг зханг
56480082,733508,mk,лу йиа таи
56480236,733510,mk,лао уа
56480621,733515,mk,ыуе лиу цун
56480775,733517,mk,Ксипо
56481006,733520,mk,кинг лонг уан
56481160,733522,mk,таи схан миао
56481853,733531,mk,кси хуа
56482084,733534,mk,гуо йиа коу
56482315,733537,mk,лиу баиыанг
56482392,733538,mk,лиу хаи зхуанг
56482469,733539,mk,цха по
56483316,733550,mk,хуанг линг ге
56483393,733551,mk,донг йинг
56483547,733553,mk,схан уангбу
56483624,733554,mk,беи лиу
56483701,733555,mk,ба ли гоу
56483932,733558,mk,Ксичанг
56484009,733559,mk,ксинг лонг зхен
56484163,733561,mk,сханг ксиао фенг
56484471,733565,mk,хоу йиа
56484548,733566,mk,ан йиа таи зи
56485549,733579,mk,фу уанг йиа
56485626,733580,mk,лу йиа
56485703,733581,mk,ли тиао зхуанг
56486165,733587,mk,лу йиа киао
56486473,733591,mk,цаойиа гуан
56486704,733594,mk,ли ба тиан
56486781,733595,mk,ксин йиа зхуанг
56486935,733597,mk,цхенг йи
56487705,733607,mk,ыан йиа ма тоу
56487782,733608,mk,ксиао гуо йиа
56487859,733609,mk,кси ту уу
56487936,733610,mk,си схи сан ху
56488090,733612,mk,кси пинг зхоу
56488244,733614,mk,йианг йиа
56488552,733618,mk,Бушанг
56488629,733619,mk,уу хе зхуанг
56488706,733620,mk,цхен сху
56488860,733622,mk,мао ксу
56489322,733628,mk,таи пинг зхуанг
56489553,733631,mk,да лу йиа
56489707,733633,mk,ксианг гоу
56490092,733638,mk,нан ксин
56490246,733640,mk,Жифанг
56490400,733642,mk,Вујикун
56490477,733643,mk,нан тонг ыу
56490939,733649,mk,Нанкван
56491170,733652,mk,беи ксиао зхао
56491555,733657,mk,зху а
56491786,733660,mk,тао ыу
56492017,733663,mk,Лиудигуанди
56492402,733668,mk,да бу тоу
56492710,733672,mk,сханг зхуанг
56492787,733673,mk,нан цаофан
56492864,733674,mk,нан сха йинг
56493018,733676,mk,ыи хе
56493249,733679,mk,Вангвукси
56494019,733689,mk,лиу куан рен
56494096,733690,mk,зханг дуо
56494250,733692,mk,донг киан цхуан
56494327,733693,mk,нан цхен гуан
56494404,733694,mk,ыангйиа ыинг
56494481,733695,mk,ксиао ыин йиа
56494558,733696,mk,лонг ху зхуанг
56494712,733698,mk,хуо лиу
56494866,733700,mk,донг зханг
56494943,733701,mk,тиан ма динг
56495405,733707,mk,кси ма куан
56496098,733716,mk,хао йиа зхонг ронг
56496560,733722,mk,Мабеи
56496637,733723,mk,да ксиа хе
56496714,733724,mk,пузхао си
56497022,733728,mk,да ксиао
56497099,733729,mk,беи уеи схи
56497253,733731,mk,ле лин
56497638,733736,mk,хуа гоу
56497869,733739,mk,ба ли зхуанг
56498254,733744,mk,гао кинг зхуанг
56498408,733746,mk,ху диан
56498639,733749,mk,ценгзхао
56498793,733751,mk,хуанг йиа ыу
56498947,733753,mk,Хулин
56499024,733754,mk,Жонгксинг
56499332,733758,mk,Кјанксу
56499409,733759,mk,лао гуан таи
56499563,733761,mk,лиан цхи
56500102,733768,mk,бо ге ыа
56500718,733776,mk,Хаикси
56500949,733779,mk,нан лиу
56501180,733782,mk,ге лао
56501257,733783,mk,донг ланг гоу
56501334,733784,mk,да схенг си
56501873,733791,mk,нинг йиа
56501950,733792,mk,лао гуан
56502181,733795,mk,хе йиа киао
56502258,733796,mk,лин хе
56502566,733800,mk,беи ма лу
56502643,733801,mk,Ланво
56502720,733802,mk,да уанг цун
56503105,733807,mk,лиу йиа йи
56503182,733808,mk,донг доу дао
56503952,733818,mk,пенг йиа зхуанг
56504029,733819,mk,ксиао цхен ыу
56504337,733823,mk,лао хуантанг
56504568,733826,mk,беи ба кинг
56504645,733827,mk,Фенкси
56504876,733830,mk,ма пенг беи
56504953,733831,mk,донг схи
56505415,733837,mk,хоу йиа гу дао
56505646,733840,mk,хе йиа гуан зхуанг
56505723,733841,mk,да зхаи
56505800,733842,mk,лу донг ые донг
56505877,733843,mk,да ху лоу
56505954,733844,mk,Јангкун
56506185,733847,mk,кси зханг
56506262,733848,mk,киан уанг
56506339,733849,mk,зхао уанг
56506570,733852,mk,дуан йиа
56506647,733853,mk,цхенг ксинг зхуанг
56506724,733854,mk,йиао зхуанг
56506801,733855,mk,зха ыу
56507109,733859,mk,донг гуо коу
56507648,733866,mk,Нанлу
56507956,733870,mk,схи цао
56508033,733871,mk,линг зи
56508110,733872,mk,Ксинџуанг
56508495,733877,mk,ксинг сху ыу да динг
56508803,733881,mk,си ху
56508957,733883,mk,зху йиа ыу
56509188,733886,mk,ксу йиа зхуанг
56509265,733887,mk,гуо йиа
56509727,733893,mk,да гуанг ыи цун
56509804,733894,mk,йинг йиа
56510266,733900,mk,донг гао
56510343,733901,mk,схи ба ху
56510420,733902,mk,гу схао лиу дуан
56510574,733904,mk,менг йиа ыан цун
56510651,733905,mk,цао миао тоу
56510882,733908,mk,си йиао фанг
56510959,733909,mk,танг зао ыуан уу зи
56511113,733911,mk,хоу ыанг
56511267,733913,mk,гуанг лин
56511575,733917,mk,кси ыу хе нан
56511729,733919,mk,кси зао ыуан
56511806,733920,mk,бо миао
56512499,733929,mk,Санксирање
56512807,733933,mk,ан ксиан
56512884,733934,mk,уо гоу
56513038,733936,mk,тиан йиа зхуанг зи
56513115,733937,mk,лонг донг
56513346,733940,mk,гу йиа
56513423,733941,mk,кси уанг йиа
56513577,733943,mk,ху туан
56513808,733946,mk,Синкун
56514193,733951,mk,киан ху ыинг
56514347,733953,mk,кси уан цун
56514424,733954,mk,цхен йиа лиу
56514501,733955,mk,дуан ли йиа
56514578,733956,mk,да беи линг
56514655,733957,mk,цхен йиа
56514809,733959,mk,ксиао канг
56514886,733960,mk,су ли зхуанг
56515040,733962,mk,ли пенг
56515117,733963,mk,хуоба
56515271,733965,mk,ыангхоу
56515579,733969,mk,цхенг зи
56515810,733972,mk,да ниу йиа
56515887,733973,mk,ксианг схуи хе
56517889,733999,mk,ди йиа
56518120,734002,mk,ксуе йиа уу зи
56518197,734003,mk,Лиугуоксианг
56518351,734005,mk,ланг йун
56518736,734010,mk,йиа зхаи
56518813,734011,mk,хоу ан де
56518890,734012,mk,Далу
56518967,734013,mk,схуанг ыи хе
56519198,734016,mk,гу йиа куан
56519352,734018,mk,Нанши
56519583,734021,mk,Шиксија
56519891,734025,mk,ксиао лиу
56520045,734027,mk,Ксигу
56520507,734033,mk,хе диан
56520584,734034,mk,донг ыанг
56520815,734037,mk,зханг ран
56521200,734042,mk,беи сан схан ыу
56521354,734044,mk,хуанг хе ыа
56522663,734061,mk,Ксинси
56522740,734062,mk,да цаи
56523125,734067,mk,беи пинг
56523356,734070,mk,Каоу
56523433,734071,mk,донг лиу цун
56523510,734072,mk,кси гао
56523895,734077,mk,дао танг ли
56524126,734080,mk,зханг фанг
56524280,734082,mk,миао ыу
56524357,734083,mk,зхонг уанг зхуанг
56524434,734084,mk,лу ыангзхуанг
56524588,734086,mk,Јаодонг
56524665,734087,mk,йиао лонг
56525204,734094,mk,цхи ыин
56525512,734098,mk,Ксијавакван
56525589,734099,mk,Ксинли
56525666,734100,mk,уанг да ксиа
56525820,734102,mk,ксиа схуи хе
56525897,734103,mk,Киандијан
56525974,734104,mk,Луву
56526282,734108,mk,цху йиа
56526513,734111,mk,да тиан зхуанг
56527129,734119,mk,зхао йиа фанг
56527206,734120,mk,лу йиа ма
56527514,734124,mk,ксиангсун
56527745,734127,mk,нан зханг
56527822,734128,mk,хоу схи гао
56527899,734129,mk,кси зханг йиа зхуанг
56528207,734133,mk,Јуанву
56528284,734134,mk,донг цуи
56528438,734136,mk,беи ксиа це
56528592,734138,mk,си хе йие
56528977,734143,mk,схи йиа хе
56529208,734146,mk,Наншилибу
56529285,734147,mk,зи йинг
56529362,734148,mk,Ксилеи
56529439,734149,mk,лиу зхаи
56529516,734150,mk,хуо по
56529824,734154,mk,да ху лу тоу
56530055,734157,mk,Сику Вузи
56530363,734161,mk,ксиао сан ху
56530440,734162,mk,куан зи гоу
56530517,734163,mk,кин зханг
56530671,734165,mk,донг тиан зхуанг
56531133,734171,mk,да по
56531287,734173,mk,Кингченг
56531518,734176,mk,лоу йиа цун
56531595,734177,mk,да баи
56531826,734180,mk,Бокс
56532057,734183,mk,нан уанг зхуанг
56532365,734187,mk,схи куан гуан зхуанг
56532673,734191,mk,тиан йинг ыу
56532827,734193,mk,баиуу
56532904,734194,mk,сханг йиа
56532981,734195,mk,донг уо туо
56533212,734198,mk,хан уанг ксу
56533674,734204,mk,ма йиа ыу
56533751,734205,mk,зао ханг
56533828,734206,mk,донг гао донг
56534213,734211,mk,ыанг йун диан
56534367,734213,mk,ыуан сханг
56534521,734215,mk,бо ге уанг
56534598,734216,mk,Шаво
56534675,734217,mk,схенг ли
56534906,734220,mk,кси ыангзхуанг
56534983,734221,mk,лиу йиа зхен
56535060,734222,mk,схуи ыу
56535137,734223,mk,Даксин
56535907,734233,mk,хуанг лу йинг
56536061,734235,mk,донг йиа йиан
56536138,734236,mk,ли баиыанг
56536215,734237,mk,Ксиџи
56536369,734239,mk,схи сан цун
56536523,734241,mk,Јаожуанг
56536754,734244,mk,Сиво
56536985,734247,mk,лиу мао
56537216,734250,mk,зхонг ксин ан
56537524,734254,mk,беи ыинг ыи цун
56537678,734256,mk,зхенг йиа зхаи зи
56537909,734259,mk,уенйиа зхуанг
56538063,734261,mk,донг сханг зхуанг
56538217,734263,mk,беи схи уу
56538448,734266,mk,Муџија
56538525,734267,mk,да ли йиа
56538602,734268,mk,бу киан
56538679,734269,mk,минг зхуанг
56538756,734270,mk,кси цаи схи ыи цун
56539834,734284,mk,ху йиа зхаи
56540065,734287,mk,Максу
56540142,734288,mk,йианг миао
56541143,734301,mk,меи коу цун
56541220,734302,mk,Јекси
56541297,734303,mk,пан хе ыа
56541528,734306,mk,лу йиа цун
56541605,734307,mk,Џуцун
56541682,734308,mk,ниу ыи цун
56541759,734309,mk,донг йиа
56541836,734310,mk,схи хуа ыуан
56541913,734311,mk,ыан йиа таи
56541990,734312,mk,цхе уанг цхенг
56542067,734313,mk,фу йиа
56542221,734315,mk,донг зхаи
56542452,734318,mk,гуан ыин гоу
56542606,734320,mk,хеи ыу
56542683,734321,mk,ди ци йие цун
56542837,734323,mk,да фу диан
56542914,734324,mk,схуанг ыанйинг
56543068,734326,mk,ди схуи ыа
56543222,734328,mk,йин йиа
56543376,734330,mk,зханг ганг зи
56543607,734333,mk,ыи схан
56543684,734334,mk,киао линг киан
56543838,734336,mk,хан йиа
56543915,734337,mk,зонг донг
56543992,734338,mk,гао йинг
56544069,734339,mk,ксиа гао цун
56544685,734347,mk,Киаози
56544762,734348,mk,Ваншан
56544916,734350,mk,Хеџија
56545301,734355,mk,уанг ан зи
56545378,734356,mk,Џиксианг
56545455,734357,mk,донг уенсхи
56545609,734359,mk,ма зхуанг
56545686,734360,mk,ыан йиа киао
56545763,734361,mk,ыу ыинг
56545840,734362,mk,фенг ыа
56546225,734367,mk,ксиа фу ыанг
56546764,734374,mk,Донгксинг
56546918,734376,mk,лоузи зхуанг
56546995,734377,mk,мао йиа ксианг ыи цун
56547072,734378,mk,хе беи зханг
56547149,734379,mk,Ванѓија Вузи
56547303,734381,mk,мао туо
56547380,734382,mk,кси линг йиао
56547611,734385,mk,Ксијаожаи
56547688,734386,mk,тиан схуи
56547765,734387,mk,донг бу киан
56547919,734389,mk,цхаи йиа
56547996,734390,mk,Јикси
56548073,734391,mk,мао зханг
56548150,734392,mk,лианг киао
56548227,734393,mk,баилонг уан
56548304,734394,mk,схизи коу
56548458,734396,mk,хе тао зхуанг
56548535,734397,mk,ма йиа ыу
56548843,734401,mk,ми йиа
56549151,734405,mk,су йиа лоу
56549536,734410,mk,беи ксиао ыи
56550229,734419,mk,хуанг йиа
56550306,734420,mk,гуан дао гао
56550383,734421,mk,ксиа йианг ган
56550460,734422,mk,схи цаозху
56550537,734423,mk,Луоџабу
56550768,734426,mk,доу фу зхаи
56550922,734428,mk,ыангнао тоу
56551076,734430,mk,ксиа зханг
56551153,734431,mk,тан зхуанг зи
56551230,734432,mk,схи уу зхи
56551538,734436,mk,уанг зхуанг донг
56551615,734437,mk,даи ми ан
56551769,734439,mk,кси ыин
56551846,734440,mk,зханг хоу
56552000,734442,mk,да уу йиа ма тоу
56552077,734443,mk,ниу лан зхонг цун
56552154,734444,mk,да сханг
56552308,734446,mk,Жонгјинг
56552385,734447,mk,ли йиа куан зи
56552539,734449,mk,гу схи гоу
56552616,734450,mk,донг зао ху
56552693,734451,mk,дао коу
56552847,734453,mk,сан ли зхуанг
56552924,734454,mk,Шангвакуан
56553001,734455,mk,меи йиа
56553463,734461,mk,лао схи уу цун
56553617,734463,mk,да ки зхоу уу донг беи
56553694,734464,mk,донг уанг хеи
56553771,734465,mk,кси ма та
56555003,734481,mk,Шикун
56556158,734496,mk,донг фанлиу
56556389,734499,mk,кси дун киу ыи цун
56556620,734502,mk,ыуан цхенг донг беи
56556774,734504,mk,да зхаи
56556928,734506,mk,хуанг йиа танг
56557159,734509,mk,да лиу
56557236,734510,mk,кси сан ли
56557390,734512,mk,ли йиа зхуанг
56557467,734513,mk,Ксијаогуан
56557544,734514,mk,Ванѓија
56557698,734516,mk,схун ксинг
56557775,734517,mk,ге йиа зхуанг
56558006,734520,mk,доу му гонг
56558391,734525,mk,Дају
56558545,734527,mk,лиу йиа
56558622,734528,mk,цуи йиа линг
56558776,734530,mk,уанг сун
56559084,734534,mk,схи зханг
56559392,734538,mk,схуанг таи
56559546,734540,mk,Суџија
56559623,734541,mk,цуи уеи йиа
56559854,734544,mk,кси зхи фанг
56560008,734546,mk,да ыуан
56560162,734548,mk,йи ксиан цун
56560393,734551,mk,нан ма фанг
56560547,734553,mk,ху дуо луо
56560932,734558,mk,ыао схун
56561163,734561,mk,йиан хе
56561317,734563,mk,кси йин йинг
56561394,734564,mk,беи сханг гао
56561625,734567,mk,донг йиа
56561702,734568,mk,да фан
56562164,734574,mk,ксиа схи йиу
56562241,734575,mk,донг лиу йинг
56562395,734577,mk,су йиа ма тоу
56562472,734578,mk,мао уангзхуанг
56563165,734587,mk,нан уанг цан ыи цун
56563242,734588,mk,схи йиа цун
56563319,734589,mk,гуо донг
56563396,734590,mk,сханг зхуанг
56563473,734591,mk,Ксинчијао
56563550,734592,mk,ксин йиан цун
56564089,734599,mk,нан пенг ке
56564166,734600,mk,меи зхаи
56564320,734602,mk,ксиао манзи
56564705,734607,mk,Бајзуихонг
56565321,734615,mk,Ксипо
56565552,734618,mk,Тианкси
56565629,734619,mk,йин тан
56565860,734622,mk,зханг йингыанг
56566014,734624,mk,Менѓијацун
56566091,734625,mk,да ые
56566476,734630,mk,лиу йиа ыу
56566784,734634,mk,Ксијажуанг
56567015,734637,mk,ксу йиа ыу
56567169,734639,mk,зхонг мао
56567323,734641,mk,танг ые беи
56567477,734643,mk,лу йиа
56567631,734645,mk,цхе гуо
56567785,734647,mk,нан ли
56568247,734653,mk,зао ба тоу
56568401,734655,mk,ма зхуанг
56568632,734658,mk,Дали
56568709,734659,mk,донг схи киао
56569094,734664,mk,хоу лу уанг
56569325,734667,mk,схи гоу
56569556,734670,mk,беи гао донг
56569710,734672,mk,Дакиао
56569787,734673,mk,Вангванг
56570018,734676,mk,схизи ыуан
56570095,734677,mk,ыин йиа
56570172,734678,mk,донг зханг уанг
56570249,734679,mk,Дипу
56570480,734682,mk,зхонг лоусун
56570557,734683,mk,ыан йиа лин
56570634,734684,mk,уанг лао зхуанг
56570788,734686,mk,тан йиа лоу
56570942,734688,mk,си дуан
56571173,734691,mk,йиа йиа
56571481,734695,mk,йи туо
56571712,734698,mk,йинг куан цун
56572020,734702,mk,кси по де
56572251,734705,mk,ые хе
56572559,734709,mk,гао уанг зхуанг
56572713,734711,mk,ыинг ли
56572790,734712,mk,Тајпинг
56572867,734713,mk,Лингкси
56572944,734714,mk,миао ыи цун
56573021,734715,mk,фу хе
56573098,734716,mk,сонг йиа
56573175,734717,mk,хан йиа уо
56573252,734718,mk,ли йиа коу
56573329,734719,mk,сханг баиыанг
56573560,734722,mk,ксуан йиа
56573637,734723,mk,фенг уанг зхуанг
56573714,734724,mk,да моли
56573868,734726,mk,Ксинге
56574022,734728,mk,нан хан
56574176,734730,mk,тиан зхуанг
56574253,734731,mk,зханг ке
56574330,734732,mk,беи ксиао схуи
56574407,734733,mk,донг ли
56574792,734738,mk,хоу ыуе
56575023,734741,mk,лиу ыуан си
56575100,734742,mk,беи ма ыу
56575254,734744,mk,ксиао тун хе беи
56575408,734746,mk,гуо йиа зхуанг
56575870,734752,mk,да фанг
56575947,734753,mk,миао донг
56576101,734755,mk,ксиао хуанг зхуанг
56576255,734757,mk,уеи гоу
56576332,734758,mk,лиу йиа
56576486,734760,mk,ксин ан диан
56576563,734761,mk,зхенг йиа линг
56577333,734771,mk,хан схенг
56577410,734772,mk,диан зи
56577718,734776,mk,Тангџуанг
56577872,734778,mk,ки ли тан
56578488,734786,mk,кси сан цун
56578796,734790,mk,дао коу
56579258,734796,mk,Ксијамиао
56579335,734797,mk,Ксиншенг
56579489,734799,mk,донг фу
56579566,734800,mk,схенг ли
56579720,734802,mk,Канџијабу
56579797,734803,mk,йинг йиа зао
56579874,734804,mk,Ванкван
56580259,734809,mk,ма йиа
56580721,734815,mk,Гуанжуанг
56580875,734817,mk,беи маи ыао
56580952,734818,mk,схи миао
56581029,734819,mk,Ксиндијан
56581106,734820,mk,хе гоу зхао
56581183,734821,mk,Вангвеинан
56581491,734825,mk,ыангйиа гуан зхуанг
56581568,734826,mk,ыангфанг
56581645,734827,mk,ыу зханг
56581876,734830,mk,зхонг хуанг ыа
56582030,734832,mk,беи ыин йиа
56582492,734838,mk,нан уанг йиа
56582569,734839,mk,сун йиа лоу
56582646,734840,mk,йиа гу ан
56582877,734843,mk,зханг йиа
56583108,734846,mk,хенглан
56583185,734847,mk,Чангчуан
56583339,734849,mk,беи цуи йиа
56583570,734852,mk,гуо ыанг
56583878,734856,mk,сонг йиа зхуанг
56584417,734863,mk,ыангйиа ыу
56584571,734865,mk,цхен йиа
56584802,734868,mk,Ксипо
56584879,734869,mk,Џиубеи
56585033,734871,mk,Шанванг
56585264,734874,mk,лао сенг коу беи
56585341,734875,mk,фан донг
56585495,734877,mk,зхао лоу
56585572,734878,mk,фан да зхуанг
56585726,734880,mk,схи хе
56585957,734883,mk,ые йиа зхуанг
56586265,734887,mk,сонг уанг зхуанг
56586342,734888,mk,тиан схуи йинг
56586573,734891,mk,киу ксу йиа
56586727,734893,mk,Ксиву
56586804,734894,mk,уанг фу зхуанг
56586881,734895,mk,рен гуан тун зхонг
56586958,734896,mk,тао зхуанг
56587420,734902,mk,сха гоу
56587497,734903,mk,сха уанг
56587651,734905,mk,лиу баиксин
56587882,734908,mk,донг зху
56587959,734909,mk,беи да куан
56588036,734910,mk,гуо йиа зхаи
56588190,734912,mk,конг зхуанг
56588267,734913,mk,хоу лоу
56588344,734914,mk,донг йиа
56588421,734915,mk,пан йиа
56588498,734916,mk,да схен
56588652,734918,mk,Жангсу
56588729,734919,mk,ни танг
56588806,734920,mk,киан зханг
56588883,734921,mk,Маан
56589114,734924,mk,зханг гуан зхаи
56589191,734925,mk,би ксуе диан
56589345,734927,mk,хоу зао уанг
56589576,734930,mk,уанг коу схан
56589653,734931,mk,Хуангкси
56589807,734933,mk,лин зхуанг
56589961,734935,mk,ку зхуанг
56590038,734936,mk,да уен йиа
56590115,734937,mk,киан руан ер цун
56590192,734938,mk,Нанванг
56590269,734939,mk,Хежуанг
56590346,734940,mk,Џангву
56590500,734942,mk,цаи ыоу
56590654,734944,mk,Џангжуанг
56590885,734947,mk,Хулин
56591193,734951,mk,Вангксиаоу
56591424,734954,mk,ксиао фангйиа
56591578,734956,mk,Вангксианвужуанг
56591732,734958,mk,сун нан ху
56591963,734961,mk,ниу йиао гоу
56592117,734963,mk,ыин хе
56592194,734964,mk,уеи гуан тун
56592271,734965,mk,цхоу зхуанг
56592348,734966,mk,ксие йиа фен
56592425,734967,mk,кси уанг фу
56592579,734969,mk,Ксужуанг Шекуцун
56592656,734970,mk,хоу ли йиа си
56592733,734971,mk,беи уу ли
56592810,734972,mk,Даксу
56592887,734973,mk,йиа лоу
56593041,734975,mk,ыан йиа
56593118,734976,mk,ксинг ыуан диан
56593195,734977,mk,да ли диан
56593272,734978,mk,хоу схенг
56593349,734979,mk,ксиао зхуанг
56593503,734981,mk,да лу цун
56593734,734984,mk,аи зхуанг
56593811,734985,mk,йинг донг
56593965,734987,mk,уу таи ыи цун
56594042,734988,mk,тие схан тоу
56594119,734989,mk,йианг беи
56594196,734990,mk,беи сенг таи
56594273,734991,mk,беи зхао йи
56594350,734992,mk,зхонг цхун ыу
56594427,734993,mk,донг ки ли зхуанг
56594504,734994,mk,зху йиа зхуанг
56594581,734995,mk,донг цао
56594658,734996,mk,Лиџие Шеку Датунџун
56594735,734997,mk,лу донг
56594812,734998,mk,зханг йиа зхуанг
56594966,735000,mk,беи сонг зхуанг
56595043,735001,mk,рен де зхуанг
56595120,735002,mk,беи диан
56595197,735003,mk,кси цхенг пу
56595274,735004,mk,ыао хуаи ыу тун
56595351,735005,mk,зхоу хе
56595428,735006,mk,денг ли фу
56595582,735008,mk,Даванг
56595736,735010,mk,Жујикун
56595813,735011,mk,цаи лиу
56595967,735013,mk,да фенг
56596044,735014,mk,кси цао
56596121,735015,mk,Беикуан
56596198,735016,mk,сха хе ксин зхуанг
56596275,735017,mk,Ксијажаи
56596429,735019,mk,Вангжај
56596506,735020,mk,лиу фанг зхуанг
56596583,735021,mk,кин зхуанг
56596660,735022,mk,да гуо зхуанг
56596737,735023,mk,лиу ханг
56596814,735024,mk,по зхао
56596891,735025,mk,Макијао
56597045,735027,mk,Ксијухецун
56597122,735028,mk,ксиао гуан зхуанг
56597276,735030,mk,лиу хуи пу
56597353,735031,mk,лин донг
56597584,735034,mk,луо зхуанг
56597892,735038,mk,Нанинг
56598508,735046,mk,ма тао
56598662,735048,mk,Ксијаоџа
56598739,735049,mk,ксу йи лиу
56599047,735053,mk,сун йиа ыоуфанг
56599355,735057,mk,ксинг зхуанг
56599586,735060,mk,уанг йиа хуи
56599663,735061,mk,донг йиа ге
56599740,735062,mk,ыанггуанг уу
56599894,735064,mk,да сонг зхуанг
56600279,735069,mk,да хан ыу
56600587,735073,mk,Ксибу
56600664,735074,mk,зханг беи
56600741,735075,mk,Тианксинг
56600818,735076,mk,донг уанг йи
56601126,735080,mk,да хоу ыуан
56601280,735082,mk,лин йиа зхаи
56601511,735085,mk,хе миао
56601588,735086,mk,да зхенг
56601665,735087,mk,ксиао лиу йи
56601896,735090,mk,Ксибали
56602435,735097,mk,гуо зхуанг
56602512,735098,mk,куанг йиа
56602820,735102,mk,Ксијаочанг
56603282,735108,mk,фенг ле тун
56603513,735111,mk,доу зханг
56603667,735113,mk,Ксудијан Шекуцун
56603744,735114,mk,баиту ганг
56603821,735115,mk,Јужаи
56604206,735120,mk,уу ли ыанг
56604514,735124,mk,Даванг
56604591,735125,mk,да лиу зхуанг
56604668,735126,mk,донг йиа цанг
56605053,735131,mk,нинг зхуанг
56605207,735133,mk,ми киао
56605361,735135,mk,ли йиа си
56605669,735139,mk,Ксиеџа
56606054,735144,mk,йиан цхен
56606208,735146,mk,донг донг зхуанг
56607055,735157,mk,киу йиа зхуанг
56607132,735158,mk,хао донг
56607209,735159,mk,фенг уанг зхуанг
56607517,735163,mk,схизи зан
56607594,735164,mk,Ксинчијао
56607748,735166,mk,ха ба гоу
56607825,735167,mk,донг тиан гонг
56607902,735168,mk,киан да ыу
56607979,735169,mk,гуо йиа тун
56608133,735171,mk,лиу ди
56608364,735174,mk,кси ан зхуанг
56608441,735175,mk,цхе уанг зхуанг
56608518,735176,mk,кси ли зхуанг
56608672,735178,mk,Давангжуанг
56608826,735180,mk,цха пенг
56609288,735186,mk,донг сан йиао
56609365,735187,mk,цхен пидонг
56609442,735188,mk,Киезилија
56609519,735189,mk,ху гуан ыинг
56609673,735191,mk,йие йиа
56609750,735192,mk,йиао цханг пу донг йие
56609827,735193,mk,лу дао коу
56609981,735195,mk,схенг фу си
56610058,735196,mk,фенг минг
56610135,735197,mk,ыуе уанг
56610289,735199,mk,сан ксиао лиу
56610443,735201,mk,киан тун
56610520,735202,mk,лу йиа хе гоу
56610597,735203,mk,цуи уеи зи
56610751,735205,mk,уанг ыуан ки
56611213,735211,mk,луанзхуанг
56611521,735215,mk,лонг уанг ыу
56611906,735220,mk,ыанглиу йиа
56612214,735224,mk,ба ли зхуанг
56612291,735225,mk,ыангыи зхи
56612753,735231,mk,киан зоу йиа миао
56612984,735234,mk,Донгвајкун
56613061,735235,mk,уанг ху зхуанг
56613215,735237,mk,лиу йиа лоу
56613369,735239,mk,доу зхуанг
56613446,735240,mk,Кианксиаотун Шекуцун
56613600,735242,mk,нан ху мен
56613677,735243,mk,лу киао цун
56613908,735246,mk,киан ксуе гуан тун
56613985,735247,mk,схуи цхенг тун нан
56614062,735248,mk,лиу миао
56614755,735257,mk,хоу ли рен
56614909,735259,mk,донг киао коу
56614986,735260,mk,Џианчанг
56615063,735261,mk,Дугу
56615217,735263,mk,фенг ки
56615294,735264,mk,Менѓијацун
56615371,735265,mk,Маџиуфангкун
56615525,735267,mk,уен зхуанг
56615910,735272,mk,ксуе фенг таи
56616064,735274,mk,ни зхуанг
56616141,735275,mk,ксин ксинг диан
56616295,735277,mk,ксиа пу зи
56616526,735280,mk,дун зхуанг
56616680,735282,mk,уанг схенг зхуанг
56617065,735287,mk,ыанглиу си
56617296,735290,mk,кси зхао йиа
56617373,735291,mk,хуи беи
56617527,735293,mk,хуо йиа лиу
56617681,735295,mk,уанг лао
56617989,735299,mk,таи хе
56618220,735302,mk,зханг гонг диан
56618374,735304,mk,Даши Шекуцун
56618528,735306,mk,ыангди
56618682,735308,mk,схи беи ыангзхуанг
56619375,735317,mk,Ксинџуанг
56619452,735318,mk,цаи лоу
56619606,735320,mk,баизхаи
56619760,735322,mk,ыан йиа уа
56619914,735324,mk,сан хуанг диан
56619991,735325,mk,сун мао уу
56620145,735327,mk,да ыин зхуанг
56620222,735328,mk,ыин зхуанг
56620299,735329,mk,лу йиа
56620453,735331,mk,беи фенг
56620607,735333,mk,да пу уа
56620684,735334,mk,лао ыангйиа
56620838,735336,mk,донг танг
56620992,735338,mk,ду зхуанг
56621069,735339,mk,кси уеи зхуанг
56621300,735342,mk,ли ксиао уу
56621608,735346,mk,хоу миао цун
56621685,735347,mk,рен ыи цун
56621762,735348,mk,лао йиа зхуанг
56622070,735352,mk,донг зхуанг
56622147,735353,mk,ки зхаи цун
56622763,735361,mk,беи хан зхуанг
56622994,735364,mk,гао цун
56623071,735365,mk,сан цха коу
56623148,735366,mk,да дао сун
56623225,735367,mk,гао лоу
56623764,735374,mk,ыа дан ли
56623841,735375,mk,хуанг йи
56623918,735376,mk,бу даи лианг
56623995,735377,mk,беи ксу цун
56624072,735378,mk,пенг йиа миао
56624226,735380,mk,йиа ку цун
56624611,735385,mk,уа сонг
56624688,735386,mk,ксу ксиао схан
56624842,735388,mk,зхао бинг хаи
56624919,735389,mk,таи хе
56624996,735390,mk,Гуанжуанг
56625073,735391,mk,сун йиа ыу
56625227,735393,mk,йианг зхуанг
56625689,735399,mk,бие тун
56625766,735400,mk,кезхен зхаи
56625843,735401,mk,динг куан
56626074,735404,mk,лиу уен каи
56626228,735406,mk,даи зхуанг
56626382,735408,mk,зхан йиа
56626536,735410,mk,донг сун зхуанг
56626690,735412,mk,гуан фанг
56626767,735413,mk,лин киао
56626998,735416,mk,ыангдонг
56627152,735418,mk,тао зхуанг
56627460,735422,mk,динг ган ли
56627691,735425,mk,гао миао зи
56628230,735432,mk,уанг лоу
56628384,735434,mk,ху зхуанг
56628538,735436,mk,киан ыоуфанг
56628615,735437,mk,зхао зхуанг
56628692,735438,mk,Кјанџин
56628923,735441,mk,цхен танг
56629000,735442,mk,Дахан
56629077,735443,mk,уу зхуанг
56629154,735444,mk,киан хан
56629462,735448,mk,ман йинг ыу
56629539,735449,mk,Вутанг
56629693,735451,mk,танг донг
56629924,735454,mk,схи донг
56630001,735455,mk,уанг паи
56630617,735463,mk,ли мао уу
56630771,735465,mk,ганг ксин
56630925,735467,mk,Вангкван
56631156,735470,mk,зханг таи нинг
56631310,735472,mk,ксиао музхуанг
56631464,735474,mk,нан мао ыу
56631849,735479,mk,беи гао ер
56631926,735480,mk,Ксинџуанг
56632003,735481,mk,ыангксин зхуанг
56632080,735482,mk,Џижаи Шекуцун Џижаицун
56632157,735483,mk,зонг зхуанг
56632234,735484,mk,Дули
56632696,735490,mk,гао лоу
56632773,735491,mk,Гаожуанг
56632850,735492,mk,сха зхуанг
56632927,735493,mk,йинг зи по
56633004,735494,mk,нан сханг кси
56633158,735496,mk,Хаоџа Шекуцун
56633235,735497,mk,донг танг
56633312,735498,mk,Вухаи
56633620,735502,mk,киан зханг
56634544,735514,mk,донг зхао зхуанг
56634698,735516,mk,ксиао ли йиа
56635083,735521,mk,цхен пу
56635237,735523,mk,зханг гонг йиа
56635468,735526,mk,ыу киао
56635545,735527,mk,беи лу зхуанг
56635699,735529,mk,кси дуо зхуанг
56635776,735530,mk,фенг зхуанг
56635853,735531,mk,беи диан зи
56636084,735534,mk,ксин киао зхуанг
56636238,735536,mk,да ху
56636315,735537,mk,си хе
56636469,735539,mk,хе кси зханг
56636546,735540,mk,зханг таи
56636700,735542,mk,Хукси
56636777,735543,mk,Лизи
56636854,735544,mk,Ксиксин
56636931,735545,mk,лиу диан
56637008,735546,mk,да гао
56637239,735549,mk,зхао пан
56637316,735550,mk,ду киан по
56637624,735554,mk,йианг зхуанг
56637855,735557,mk,ге зхуанг
56638086,735560,mk,тиан йиа
56638317,735563,mk,Хукси
56638548,735566,mk,Туву
56638779,735569,mk,да диан зи
56639318,735576,mk,рен йиа лоу
56639472,735578,mk,Шуанглиу
56639549,735579,mk,лу йиа
56639703,735581,mk,йин зхуанг
56640011,735585,mk,ксиао ксин зхуанг
56640165,735587,mk,йиан цханг цуи
56640242,735588,mk,Ксиедонгкун
56640319,735589,mk,уанг зху схи йиа
56640627,735593,mk,беи зху зхуанг
56641243,735601,mk,хоу схезхуанг
56641320,735602,mk,си пенг киан йие
56641551,735605,mk,ыао цун
56641936,735610,mk,донг гао зхуанг
56642013,735611,mk,фан лоу
56642090,735612,mk,донг беи цун
56642167,735613,mk,схуанг ыинг
56642321,735615,mk,Јангши
56642398,735616,mk,мао зхуанг
56642552,735618,mk,уанг зхуанг
56642706,735620,mk,уу ли хоу
56642783,735621,mk,ыуан миао
56643091,735625,mk,Вули
56643245,735627,mk,хоу зху лоу
56643476,735630,mk,ксиао ху йиа
56643707,735633,mk,схи доу зхуанг
56643784,735634,mk,цхенг лоуйиа
56643938,735636,mk,фенг схенг йи
56644092,735638,mk,зхао зхуанг
56644246,735640,mk,Фужуанг Шеку
56644323,735641,mk,Жангжанву Шеку Дуџиакун
56644400,735642,mk,Кијанинг
56644477,735643,mk,Ксинглонг Шеку Донггаокун
56644631,735645,mk,зи лу ди зхонг
56644708,735646,mk,зху гуан тун
56644939,735649,mk,уанг хонгйиу цун
56645016,735650,mk,ксиа зхуанг
56645093,735651,mk,донг ниу нан
56645170,735652,mk,лиу тан
56645324,735654,mk,Гаоксин Шеку Гаоксинцун
56645555,735657,mk,динг лоу
56645709,735659,mk,Балижуанг Шеку
56645863,735661,mk,схи зхуанг
56646017,735663,mk,су киао
56646248,735666,mk,хоу лиу
56646787,735673,mk,сун тиан ыи йиа
56646941,735675,mk,цаи зхуанг
56647249,735679,mk,зху зхуанг
56647403,735681,mk,донг зханг цун
56647788,735686,mk,беи хе зхуанг
56647942,735688,mk,аи схан
56648173,735691,mk,таи пинг зхуанг
56648250,735692,mk,нан цхен
56648404,735694,mk,да тун
56648481,735695,mk,донг ма зхуанг
56648943,735701,mk,ксиао гуан зхуанг
56649020,735702,mk,Донџие
56649636,735710,mk,уанг йиа зхаи
56649790,735712,mk,доу зхуанг
56649944,735714,mk,сун фу ронг
56650021,735715,mk,Јудонг
56650329,735719,mk,ба ли по
56650406,735720,mk,зао ху ыанг
56650560,735722,mk,киан ксин
56650791,735725,mk,схи ер ли зхуанг
56651253,735731,mk,ма зханг зхаи
56651330,735732,mk,лиу миао
56651638,735736,mk,киан зхифанг
56651715,735737,mk,цаойиа цун
56651946,735740,mk,киан уеи хуа зхуанг
56652023,735741,mk,лу диан
56652254,735744,mk,гуо лин
56652408,735746,mk,ли хуа зхен
56652485,735747,mk,лу уу ли
56652639,735749,mk,зханг да лонг
56652716,735750,mk,ыи цхен
56652793,735751,mk,Лаижуангкун
56652870,735752,mk,йинг фенг
56652947,735753,mk,ксу йиа пу
56653101,735755,mk,уанг танг
56653178,735756,mk,хоу тиан зхуанг
56653255,735757,mk,Ксинџуанг
56653332,735758,mk,зханг де
56653640,735762,mk,хоу лу
56653794,735764,mk,Ксинџуанг
56653871,735765,mk,сун гуо зхуанг
56654102,735768,mk,киан да лиу
56654179,735769,mk,Ксигуан
56654256,735770,mk,Ксијаоси
56654872,735778,mk,хоу сун йиа
56654949,735779,mk,кси цхен
56655103,735781,mk,гуо лиу гоу
56655180,735782,mk,киан йин тун
56655411,735785,mk,ран йиа
56655642,735788,mk,цхен ди зи
56655719,735789,mk,ленг схуи гоу
56656104,735794,mk,да уеи зхуанг
56656181,735795,mk,донг тиан зхуанг
56656258,735796,mk,хоу луо хаи
56656412,735798,mk,ма йиа зхуанг
56656566,735800,mk,да ма зхуанг
56656797,735803,mk,зхао гуи цун
56657028,735806,mk,Гаоџиажуанг
56657259,735809,mk,сун ки бин
56657567,735813,mk,Кјуџиадијан
56658029,735819,mk,уанг де пу
56658183,735821,mk,Шаво
56658568,735826,mk,кси ыанг хе
56658799,735829,mk,куи таи донг
56659415,735837,mk,тиан ыуан
56659569,735839,mk,лиу зхуанг
56659723,735841,mk,йун гао
56659954,735844,mk,хоу сан зхуанг
56660493,735851,mk,ыуан йиа зхаи
56660570,735852,mk,лиу зхуанг
56660647,735853,mk,Џангхуан Шекуцун
56660878,735856,mk,да лиу зхуанг
56661263,735861,mk,баийи нан йие
56661571,735865,mk,Вангај
56661648,735866,mk,Ксужуанг
56661725,735867,mk,Ксужуанг
56662110,735872,mk,хоу лиу диан
56662418,735876,mk,беи тиан
56662495,735877,mk,кси лиу ли зханг тун
56662649,735879,mk,сан уанг йиао танг
56662726,735880,mk,зху йун
56662880,735882,mk,цхаи йиа
56662957,735883,mk,Ванглу Шекуцун
56663188,735886,mk,баиуа
56663419,735889,mk,донг гу киао
56663650,735892,mk,зханг цханг
56663804,735894,mk,Вутун
56663881,735895,mk,гуанг уангцун
56663958,735896,mk,цаойиа
56664420,735902,mk,донг лиу ксинг
56664574,735904,mk,Ксинџија
56664728,735906,mk,хуо йиа миао
56664882,735908,mk,Ксиаолиу Шек Ксиаолиукун
56665113,735911,mk,киан ыан
56665190,735912,mk,уанг йи цун
56665344,735914,mk,зхоу йиа зхаи
56665498,735916,mk,донг ли куан
56665575,735917,mk,лу зхуанг
56666345,735927,mk,уанг ли муцун
56666576,735930,mk,Куиџа
56666730,735932,mk,лиу гуан тун
56667038,735936,mk,Сунчијао
56667192,735938,mk,Дукси
56667269,735939,mk,лоузи зханг зхуанг
56667346,735940,mk,лиао ан ди
56667577,735943,mk,тао зхуанг
56667654,735944,mk,зхуо зхуанг
56667808,735946,mk,ксиао лиу
56667962,735948,mk,схао йиа зхуанг
56668039,735949,mk,уеи йиа лоу
56668347,735953,mk,ксиао ху йи
56668424,735954,mk,зху зхуанг
56668809,735959,mk,схи зхуанг
56668886,735960,mk,Наниксијан
56668963,735961,mk,зхоу гуан тун
56669117,735963,mk,ыин зхуанг
56669271,735965,mk,Ксијаоџиези Шек Ксиаоџиезикун
56669348,735966,mk,зуо йиа зхуанг
56669502,735968,mk,сан схи ли пу
56669579,735969,mk,Донгжангжуангчун
56669656,735970,mk,ан зи схи
56669810,735972,mk,лу йиа
56669887,735973,mk,киан цхен
56670041,735975,mk,Џиџија
56670503,735981,mk,пан донг
56671504,735994,mk,рен хе гоу цун
56672274,736004,mk,ни зхуанг
56672351,736005,mk,сун лоу
56672813,736011,mk,цхе миао
56673044,736014,mk,зханг йиа миао
56673121,736015,mk,гуан фан танг
56673275,736017,mk,схизи цхен
56673506,736020,mk,нан ксу
56673814,736024,mk,ксие зханг зхуанг
56673968,736026,mk,да ксие зхуанг
56674045,736027,mk,сун йиа миао
56674122,736028,mk,ли йиа зхуанг
56674199,736029,mk,кси фенг йинг
56674276,736030,mk,ма схенг ку
56674430,736032,mk,зху зхуанг
56674892,736038,mk,фу зхуанг
56674969,736039,mk,уанг тун
56675046,736040,mk,хоу ба ли зхуанг
56675123,736041,mk,донг зхенг
56675200,736042,mk,донг зху
56675277,736043,mk,хоу си
56675354,736044,mk,ду йи
56675431,736045,mk,йиао бин тун
56675739,736049,mk,си йиа зхуанг
56675816,736050,mk,беи пу диан
56675893,736051,mk,хоу ыангбао
56676278,736056,mk,донг донг
56676432,736058,mk,цха хе
56676509,736059,mk,донг сан ли
56676971,736065,mk,зхонг пу
56677125,736067,mk,зху ксин зхуанг
56677279,736069,mk,сан ли зхуанг
56677356,736070,mk,схи ли пу
56677433,736071,mk,зханг да рен йиа
56677818,736076,mk,уанг схи цун
56677895,736077,mk,мао сун цун
56678203,736081,mk,нан гуи пинг
56678280,736082,mk,ыи хе доу
56678357,736083,mk,Жаокси
56678434,736084,mk,ду йиа
56678742,736088,mk,беи баилоу
56678973,736091,mk,донг ыи йие
56679204,736094,mk,ыинг зи
56679435,736097,mk,хан зхаи
56679820,736102,mk,кси фу цун
56680282,736108,mk,киан дие дао
56680821,736115,mk,лиу гуо
56680975,736117,mk,да цхен
56681129,736119,mk,хоу тун
56681283,736121,mk,фу уанг зхуанг
56681437,736123,mk,уу ан зхуанг
56681514,736124,mk,сан лоу
56681822,736128,mk,бу йиа
56681976,736130,mk,хан зхуанг
56682053,736131,mk,нианг нианг миао
56682130,736132,mk,ыин ма
56682207,736133,mk,мо зхуанг
56682361,736135,mk,Џиажуанг
56682438,736136,mk,беи хе тао
56682515,736137,mk,уу зи киан
56683285,736147,mk,донг уа
56683593,736151,mk,Џангжуанг
56683670,736152,mk,да бо ыанг
56683978,736156,mk,донг ксин зхуанг
56684132,736158,mk,донг си ли
56684748,736166,mk,Дајанг
56684825,736167,mk,киан хе зхан тун
56685133,736171,mk,Дали
56685210,736172,mk,Душан
56685364,736174,mk,Ксијао
56685595,736177,mk,сан йиао танг
56686211,736185,mk,цхен йиа
56686596,736190,mk,гао йи
56686750,736192,mk,йиао зхуанг
56686904,736194,mk,ксианг уанг
56687058,736196,mk,донг ба ли
56687289,736199,mk,уу зхуанг
56687366,736200,mk,йианг зхуанг
56687597,736203,mk,хоу хе си
56687905,736207,mk,зхао йи кси йие
56687982,736208,mk,ту зханг
56688059,736209,mk,ба тун
56688136,736210,mk,ыу уен лин
56688213,736211,mk,Нанјанжуангкун
56688752,736218,mk,донг цху ке
56688906,736220,mk,киао тоу сун
56688983,736221,mk,йиан йиа
56689060,736222,mk,зханг ки цун
56689137,736223,mk,Ксијатанг
56689291,736225,mk,уанг гао диан
56689368,736226,mk,зхенг зхуанг
56689599,736229,mk,динг зхуанг
56689984,736234,mk,лао ыао зхуанг
56690061,736235,mk,уанг муйианг
56690138,736236,mk,лао лу
56690292,736238,mk,ыангзхаи зи
56690369,736239,mk,Донгпу
56690446,736240,mk,ксиао зхао
56690523,736241,mk,Тајпинг
56690677,736243,mk,генг схан коу
56690754,736244,mk,схуанг миао
56690908,736246,mk,сха ер цун
56691216,736250,mk,лисху дуан
56691293,736251,mk,гао йиа
56691524,736254,mk,ли йиа лоу
56691601,736255,mk,Даксин
56691678,736256,mk,хе тао уа
56691909,736259,mk,зхоу лиу
56692063,736261,mk,да зханг зхуанг
56692217,736263,mk,хоу ксиа зхаи
56692294,736264,mk,Жифанг
56692448,736266,mk,кинг беи
56692602,736268,mk,диан зи
56692756,736270,mk,му ма
56692833,736271,mk,Донџијанг
56692910,736272,mk,лиу зхуанг
56693141,736275,mk,Кситун
56693295,736277,mk,зханг схен
56693449,736279,mk,цуи лао зхуанг
56693603,736281,mk,Донѓи Шекуцун
56693680,736282,mk,зханг хаи
56693757,736283,mk,ыангмао йиа
56693911,736285,mk,лиу уанг зхуанг
56694142,736288,mk,донг зхуанг
56694373,736291,mk,киан уанг
56694527,736293,mk,лао по
56694604,736294,mk,дуан йи
56694681,736295,mk,Ксидонг
56694758,736296,mk,даи йиа коу
56694835,736297,mk,да минг
56694912,736298,mk,ма линг
56695066,736300,mk,гуо тао
56695143,736301,mk,ли хуа зи
56695528,736306,mk,ду зхуанг
56695682,736308,mk,ыуе гао пу
56695759,736309,mk,ли хаи донг
56695836,736310,mk,сун зхуанг
56695913,736311,mk,ыан зхуанг
56696067,736313,mk,зханг цхенг
56696144,736314,mk,донг куан
56696221,736315,mk,хуанг зхуанг
56696298,736316,mk,кси зханг зхуанг
56696529,736319,mk,Киезиванг
56696760,736322,mk,Ксиванг
56696837,736323,mk,гуо йиа киао
56696914,736324,mk,йи лоу
56697068,736326,mk,ыангзхен
56697145,736327,mk,киан хуа зхуанг
56697376,736330,mk,уанг йиа зи зхуанг
56697684,736334,mk,ыао йи
56697761,736335,mk,санг хаи зи
56697915,736337,mk,бо зхуанг
56698146,736340,mk,лиу хе сху
56698300,736342,mk,Ксинџуанг
56698608,736346,mk,ан ли уу
56698685,736347,mk,Лиујанџиакун
56698916,736350,mk,Дајинкси
56699147,736353,mk,сун йиа ан фу
56699224,736354,mk,кси панг зхуанг
56699301,736355,mk,Дауџи Шекуцун
56699455,736357,mk,ли хуи ые цун
56699994,736364,mk,ли луо
56700841,736375,mk,зханг гуан тун
56700918,736376,mk,Даксинџуанг
56701226,736380,mk,Миаоџа
56701303,736381,mk,гу лоудиан
56701380,736382,mk,тун ли йие
56701688,736386,mk,Хукси
56701919,736389,mk,ыуан йиа
56702150,736392,mk,ые зхуанг
56702458,736396,mk,схе зхуанг
56702612,736398,mk,Џуџи
56702689,736399,mk,сханг зхуанг
56702843,736401,mk,беи тиан йиа
56703228,736406,mk,ксиао тун
56703382,736408,mk,уанг ыи цун
56703536,736410,mk,ксиао хуанг зхуанг
56703613,736411,mk,зао ли
56703690,736412,mk,зхоу йиа
56703998,736416,mk,кси уан фанг
56704152,736418,mk,ма гуан тун
56704229,736419,mk,пен уу зхуанг
56704537,736423,mk,ту цхенг
56704614,736424,mk,Ксиху
56704922,736428,mk,хоу гуо
56705076,736430,mk,зханг зханг зхуанг
56705153,736431,mk,да баи
56705307,736433,mk,тиан зхуанг
56705384,736434,mk,ыу лоу
56705538,736436,mk,цанг баи
56705769,736439,mk,ба ли тинг
56705923,736441,mk,цаи зхуанг
56706000,736442,mk,хонггоу диан
56706308,736446,mk,Џиажуанг
56706385,736447,mk,ыу хаи зи
56706539,736449,mk,да лиу
56706616,736450,mk,Гуанжуанг
56707001,736455,mk,фу зу диан
56707463,736461,mk,Кидонг
56707694,736464,mk,лиу схен
56707771,736465,mk,зхенг ыинг зи
56707848,736466,mk,уанг схи ан
56708156,736470,mk,зханг йи
56708387,736473,mk,ксу уа
56708618,736476,mk,да схи пу
56708695,736477,mk,донг зхаи
56708849,736479,mk,да ыу зхуанг
56708926,736480,mk,зху ер уаи
56709157,736483,mk,йианг зхуанг
56709311,736485,mk,ыу зхуанг
56716472,736578,mk,нан зхоу зхуанг
56716549,736579,mk,дуан йи
56716626,736580,mk,Вангхуа Шеку Вангхуакун
56716703,736581,mk,зао ыанг
56717088,736586,mk,Жаоџа
56717165,736587,mk,гу лианг ыоу
56717550,736592,mk,ыан кси йие
56717704,736594,mk,Лужуангцун
56717781,736595,mk,зханг лиу цун
56717858,736596,mk,хе куан
56718012,736598,mk,кси лао куан
56718166,736600,mk,ксиао зханг
56718243,736601,mk,ыан зхуанг
56718320,736602,mk,Гаожуанг
56718859,736609,mk,Панѓија
56719013,736611,mk,донг гао ан ран
56719090,736612,mk,лиу дун
56719244,736614,mk,луо ыао
56719398,736616,mk,ли паи
56719475,736617,mk,уанг цхенг зхаи
56719552,736618,mk,ки зхуанг
56719706,736620,mk,зханг ли зхуанг
56719860,736622,mk,ксиао ыин ма зхуанг
56720014,736624,mk,рен йианг зхуанг
56720091,736625,mk,схенг зханг
56720861,736635,mk,да гу зхуанг
56721015,736637,mk,Киџија
56721092,736638,mk,зхао зхуанг
56721400,736642,mk,йиа йиа
56721477,736643,mk,да рен ан
56721708,736646,mk,Ксигаочун
56721862,736648,mk,Тонгчанг Шеку Сангуанмиаокун
56721939,736649,mk,Лукси
56722016,736650,mk,гуан дао лиу
56722170,736652,mk,хоу уанг зхуанг
56722247,736653,mk,донг лу зхаи донг
56722401,736655,mk,да диан
56722478,736656,mk,йиа схи
56722555,736657,mk,схи ху тонг
56722709,736659,mk,зханг си бин йиа
56722863,736661,mk,зханг цхенг цун
56723017,736663,mk,Баимијао
56723171,736665,mk,Џангжуанг
56723248,736666,mk,Кајикун
56723402,736668,mk,зханг ху тоу
56723633,736671,mk,Донгсунџуангкун
56723710,736672,mk,кан зхуанг
56723787,736673,mk,зхоу йиа
56724018,736676,mk,ксуе зхуанг
56724095,736677,mk,биао зи ли
56724172,736678,mk,лу лоу
56724326,736680,mk,Хуанџијапу
56724480,736682,mk,лу зхуанг
56724634,736684,mk,беи зхен
56724711,736685,mk,кси цаоыинг
56724865,736687,mk,Џиуџи
56725019,736689,mk,фангзхуанг
56725250,736692,mk,ксиао ма цханг
56725327,736693,mk,ма лангтоу
56725404,736694,mk,ли ксиао ан
56725481,736695,mk,Ситун Шекуцун
56725635,736697,mk,цуи ма зхуанг
56726097,736703,mk,ки зхаи
56726251,736705,mk,Донгвангкун
56726405,736707,mk,ган донг
56726482,736708,mk,си ли миао
56726790,736712,mk,мин уанг тун
56727098,736716,mk,сханг зхифанг
56727560,736722,mk,лу йиа зхаи
56727637,736723,mk,кси ба ли зхуанг
56727714,736724,mk,беи ли
56727791,736725,mk,Ксиженцун
56727945,736727,mk,Жоудаоку Шеку Мадаокуцун
56728022,736728,mk,ые зхуанг
56728099,736729,mk,си киан ли
56728330,736732,mk,хоу уанг зхуанг
56728407,736733,mk,зху зхуанг
56728946,736740,mk,донг куан лу
56729100,736742,mk,донг донг
56729177,736743,mk,ыуе хе
56729331,736745,mk,Донглијижуангкун
56729408,736746,mk,киан уа
56729793,736751,mk,ыангзхуанг
56729947,736753,mk,Ксиаома
56730024,736754,mk,Давангжуанг
56730101,736755,mk,лиу тун
56730178,736756,mk,ксиао зху зхаи
56730409,736759,mk,фу йиа ан
56730486,736760,mk,миао ыанг
56730563,736761,mk,ксиао зхифанг
56730640,736762,mk,Кјанванглитункун
56730717,736763,mk,киан да ыан
56730948,736766,mk,ыуан йиа
56731025,736767,mk,хоу уанг
56731102,736768,mk,да уу зхуанг
56731256,736770,mk,Џангдијан
56731564,736774,mk,да пеи йиа
56731641,736775,mk,ыоууанг зхуанг
56731872,736778,mk,донг лу фанг
56732103,736781,mk,маи гуан тун
56732411,736785,mk,Тангџуанг
56732796,736790,mk,Венфанг
56732873,736791,mk,дан беи
56732950,736792,mk,кси уу зхуанг
56734336,736810,mk,ниу йиа диан
56734413,736811,mk,Ксиежуанг
56734952,736818,mk,ксиао тун
56735106,736820,mk,Џиажуанг
56735183,736821,mk,ку зхуанг
56735414,736824,mk,зхао зхуанг
56735491,736825,mk,ксиао куан
56735645,736827,mk,баифу ыуан
56735722,736828,mk,киан ыу тун
56735799,736829,mk,хоу зхао
56735876,736830,mk,нан беи зхуанг
56736030,736832,mk,ли по
56736261,736835,mk,Вулибу
56736415,736837,mk,Кианву
56736646,736840,mk,диан зи зхоу
56736800,736842,mk,Лиушижуанг
56736877,736843,mk,ксиао ыин
56737185,736847,mk,хуа ма зханг
56737570,736852,mk,Донгтун Шекуцун
56737647,736853,mk,схи зхуанг
56737724,736854,mk,гуанг лиангмен
56738109,736859,mk,зхоу куан зхуанг
56738186,736860,mk,ли йиа зхаи
56738494,736864,mk,зханг ксин
56738571,736865,mk,ыан зхуанг
56738802,736868,mk,ксиао гао йиа диан
56738956,736870,mk,ду зхуанг
56739033,736871,mk,Гаожуанг
56739341,736875,mk,Нанинг
56739495,736877,mk,даи зхуанг
56739572,736878,mk,Лаоксу
56739803,736881,mk,му йиа зхуанг
56739880,736882,mk,нан ру
56740188,736886,mk,ыан цханг
56740265,736887,mk,зханг таи хуа
56740650,736892,mk,ан зхуанг
56740727,736893,mk,ан йиа зхуанг
56740881,736895,mk,хоу хоу
56741112,736898,mk,лиан зхаи зхонг
56741189,736899,mk,ксиао ли йиа
56741266,736900,mk,зханг бан тун
56741420,736902,mk,хоу уанг зхуанг
56741651,736905,mk,хуанг зхуанг
56741882,736908,mk,киан ма
56742036,736910,mk,зханг кси лоу
56742267,736913,mk,Џианчанг
56742344,736914,mk,ыу йиа диан
56742421,736915,mk,схи йиа
56742652,736918,mk,Кикиао
56742806,736920,mk,фан зхуанг
56742883,736921,mk,гуан йиа
56743114,736924,mk,ма тие йианг зхуанг
56743422,736928,mk,Ксингжај
56743499,736929,mk,тиан зхуанг
56743576,736930,mk,лин цханг
56743807,736933,mk,цаи йиа
56744038,736936,mk,ли йиа тун
56744115,736937,mk,хонг ки цун
56744192,736938,mk,Дајанг
56744346,736940,mk,да ыи тун
56744500,736942,mk,ыан ыинг
56744654,736944,mk,нан цао гоу
56745193,736951,mk,танкинг уан
56745270,736952,mk,Гаожуанг
56745578,736956,mk,Вадонг Шекукун
56745732,736958,mk,Жонгхе
56745886,736960,mk,донг сху
56746117,736963,mk,Шажонгкун
56746194,736964,mk,хоу кин
56746271,736965,mk,Луевакун
56746348,736966,mk,гонг йиа
56746425,736967,mk,уанг ыан
56746733,736971,mk,хеи ниу зхуанг
56747272,736978,mk,сонг йи
56747426,736980,mk,танг йиа
56747580,736982,mk,донг бао
56747965,736987,mk,кинг нинг
56748119,736989,mk,ксин йи беи
56748350,736992,mk,гоу лиу зхуанг
56748427,736993,mk,нан уу миао
56748504,736994,mk,гу йиа зхуанг
56748889,736999,mk,фенг йиа
56748966,737000,mk,Лиута
56749120,737002,mk,канг йиа
56749274,737004,mk,Анзикси
56749890,737012,mk,гуо хаи
56750429,737019,mk,ксу тиан
56750660,737022,mk,генг лоу
56751815,737037,mk,гао тао
56753124,737054,mk,да цхен йиа
56754048,737066,mk,йианг йун зхаи
56754125,737067,mk,сан хе зхуанг
56754433,737071,mk,Шикијан
56754510,737072,mk,аи зхаи цун
56754741,737075,mk,схан йи
56755357,737083,mk,цаи уу
56756204,737094,mk,уанг ту зхуанг
56756435,737097,mk,донг ба ли
56756897,737103,mk,схан беи
56757282,737108,mk,схуанг миао баийиа
56758129,737119,mk,ксиао ли зханг тун
56758668,737126,mk,ксу гуо зхуанг
56759746,737140,mk,беи ба ли
56762287,737173,mk,ыанггуан ыинг
56762903,737181,mk,схи уу
56764674,737204,mk,Џангкиао
56765983,737221,mk,ли ху ма
56766368,737226,mk,ксиа йиа
56768216,737250,mk,фу лао зхуанг
56768447,737253,mk,му йиа
56769140,737262,mk,хоу цао
56775608,737346,mk,да гао йиа диан
56781383,737421,mk,киао лоу
56782615,737437,mk,гуо зхуанг
56783231,737445,mk,уанг баизхуанг
56784309,737459,mk,сонг фанг
56786696,737490,mk,лиу уанг зхуанг
56786773,737491,mk,ыуе зхуанг
56786927,737493,mk,донг пинг луо
56787004,737494,mk,пизхуанг
56787081,737495,mk,лиу йианг зхуанг
56788082,737508,mk,уанг зхуанг
56789083,737521,mk,ки зхуанг
56789699,737529,mk,уанг ыан коу
56793318,737576,mk,биан зхуанг
56794704,737594,mk,йианг ыинг
56795089,737599,mk,беи лиу лоу
56796013,737611,mk,фангзхуанг
56796244,737614,mk,зханг цаи ыуан
56796475,737617,mk,лу ксиао лоу
56799786,737660,mk,да зхаи
56803097,737703,mk,динг лоу
56803559,737709,mk,ба ли йинг
56804637,737723,mk,денг бин коу
56804714,737724,mk,хоу уанг зхуанг
56805099,737729,mk,да йин лоу
56805253,737731,mk,динг йи
56805638,737736,mk,Ксијуан
56806023,737741,mk,Ксијакиао
56806254,737744,mk,хоу ыан ли
56807178,737756,mk,схуанг тинг
56809103,737781,mk,динг уанг зхуанг
56811259,737809,mk,цхен зхуанг
56811413,737811,mk,фенг лоу
56813338,737836,mk,коу миао
56813646,737840,mk,да ыинг
56815186,737860,mk,Веижаи
56815802,737868,mk,хе дао
56817881,737895,mk,Кјанху
56819190,737912,mk,ли бан лоу
56819421,737915,mk,киан зхоу лоу
56819498,737916,mk,лиу тун
56819652,737918,mk,зху хуа ыуан
56821654,737944,mk,зханг зхаи йи
56821885,737947,mk,Хуангченг Шеку
56822424,737954,mk,Лижуангкун
56822963,737961,mk,Џанџи
56825735,737997,mk,рен лоу
56827352,738018,mk,цхенг да зхаи
56827891,738025,mk,санг ыуан
56830740,738062,mk,Линтанг
56830894,738064,mk,зханг ди коу
56831202,738068,mk,нан ли лоу
56831356,738070,mk,ниу лоу
56832049,738079,mk,зхоу хоу зхуанг
56832511,738085,mk,ксиао гуо зхуанг
56833127,738093,mk,динг лианг
56833897,738103,mk,Жаижуангкун
56835437,738123,mk,зхао лоу
56835514,738124,mk,хан лоу
56836284,738134,mk,ыуан лоу
56836669,738139,mk,цаозхуанг
56837054,738144,mk,ди зхуанг донг
56837824,738154,mk,лаи лоу
56837901,738155,mk,схи лу зхуанг
56838825,738167,mk,ксие гоу
56838902,738168,mk,гао миао
56839595,738177,mk,сан ли киао
56840057,738183,mk,хе ли зхуанг
56840134,738184,mk,луо зхуанг
56841443,738201,mk,цаолоу
56842829,738219,mk,хонг миао
56843522,738228,mk,зханг ыинг
56844754,738244,mk,уанг лоу
56845062,738248,mk,уу ли танг
56845293,738251,mk,лиу гу тонг
56845832,738258,mk,ху зхуанг
56846140,738262,mk,Ксијажуанг
56846371,738265,mk,ксиа лоу
56847218,738276,mk,пу тао йиа
56847680,738282,mk,да ли йиа
56849682,738308,mk,зенг фу миао
56849836,738310,mk,ху ксун
56851068,738326,mk,зхао сха уо
56851145,738327,mk,ыанглоу
56851299,738329,mk,уанг ксиао лоу
56852839,738349,mk,менг йи
56852916,738350,mk,цхе зхуанг
56852993,738351,mk,хоу лин
56853686,738360,mk,ыуан лоу
56853917,738363,mk,даи зхуанг
56854610,738372,mk,донг ли лоу
56855072,738378,mk,линг танг
56855380,738382,mk,ху ксиао зхаи
56855996,738390,mk,ксузхаи
56856073,738391,mk,ронг зхуанг
56856381,738395,mk,Ксужуанг
56857151,738405,mk,беи уанг зхуанг
56857613,738411,mk,хе зи сханг
56857767,738413,mk,киан тие киу
56860154,738444,mk,бан йиебеи
56860308,738446,mk,рен йиа зхуанг
56862002,738468,mk,ху йиа
56865390,738512,mk,фан зхуанг
56867007,738533,mk,ксиан цханг
56868239,738549,mk,ксиао ан зхуанг
56868624,738554,mk,да гуо лоу
56869240,738562,mk,баима ыанг
56869933,738571,mk,донг мие гу
56870780,738582,mk,уанг лоу
56870857,738583,mk,Давангжуанг
56871242,738588,mk,йи уу цхенг
56871704,738594,mk,хао зхуанг
56872166,738600,mk,кин лао йиа
56872859,738609,mk,бао ан
56873244,738614,mk,дуо ксин зхуанг
56873321,738615,mk,Јинџиацун
56873552,738618,mk,зхуанг ху
56873783,738621,mk,ксиао ксу
56874245,738627,mk,йиу ганг миао
56874630,738632,mk,лиао цхенг
56875862,738648,mk,гао зхуанг ху
56876940,738662,mk,хе ыа
56877402,738668,mk,ыан зхуанг
56877864,738674,mk,ыуан диан
56879558,738696,mk,лиу да лоу
56881021,738715,mk,Ксијуелукун
56883177,738743,mk,куан ли
56883947,738753,mk,беи ли зхуанг
56887797,738803,mk,Тангџуанг
56889029,738819,mk,ыангба лоу
56890954,738844,mk,Давангжуанг
56895266,738900,mk,Вангжај
56895420,738902,mk,да зханг лоу
56895805,738907,mk,ыангхоу ди
56896806,738920,mk,хуанг ыао диан
56897345,738927,mk,Хежуанг
56898423,738941,mk,лиу зхуанг
56899578,738956,mk,ду гонг йи
56900040,738962,mk,Џианчанг
56900271,738965,mk,ксуе зхуанг
56901657,738983,mk,зхуыуан
56901811,738985,mk,лиу йиа зхуанг
56902196,738990,mk,хоу лоуйи
56902812,738998,mk,донг йиа зхуанг
56903120,739002,mk,зху зхуанг
56903582,739008,mk,ыуе лоу
56903890,739012,mk,киан су
56904121,739015,mk,нан ки киу
56906970,739052,mk,ксу зхаи
56907355,739057,mk,ли цханг
56907663,739061,mk,зхао хуанг зхуанг
56908125,739067,mk,уанг ксиао зхуанг
56909126,739080,mk,нан цаолоу
56910127,739093,mk,хуо танг
56911205,739107,mk,данг танг
56912129,739119,mk,лин лоу
56913977,739143,mk,лиу ыангзхуанг
56914901,739155,mk,зханг пенг
56915055,739157,mk,кианг танг
56915363,739161,mk,Џипаи
56915671,739165,mk,да зханг
56918443,739201,mk,ли зхуанг
56919059,739209,mk,Донгжангжуангчун
56919521,739215,mk,ба ли зхуанг
56920753,739231,mk,уу зхуанг
56921138,739236,mk,кси схао ганг
56921523,739241,mk,ер ба зхаи
56921831,739245,mk,беи ыанг уу
56922293,739251,mk,хоу цао цханг
56923910,739272,mk,ыангху тоу
56923987,739273,mk,йиа лоу
56924680,739282,mk,Џинксиангси
56925219,739289,mk,хан дао коу
56926605,739307,mk,лиу миао
56926990,739312,mk,паи фанг зхуанг
56927375,739317,mk,ли лоу
56930224,739354,mk,Дашизицун
56930378,739356,mk,Џинанксиакун
56930609,739359,mk,кси зханг бао
56933227,739393,mk,беи ли зхуанг
56935691,739425,mk,ли зхуанг
56937693,739451,mk,уу лоу
56939849,739479,mk,Шест
56941389,739499,mk,да цаозхуанг
56943314,739524,mk,руан уа
56945239,739549,mk,цуи лоу
56947010,739572,mk,схиыуан
56947164,739574,mk,схен лоу
56948396,739590,mk,дан зхаи
56949166,739600,mk,пеи цхенг си
56949243,739601,mk,зханг лоукси
56950475,739617,mk,Гаожуанг
56951784,739634,mk,сун лу коу
56951938,739636,mk,зху диан
56954171,739665,mk,уу ксиан
56955403,739681,mk,да лу йи
56955557,739683,mk,Хежуанг
56956096,739690,mk,да зхаи
56956327,739693,mk,хуанг ксин зхуанг
56957867,739713,mk,Вејџуанг
56958329,739719,mk,зханг да зхуанг
56958791,739725,mk,танг ди
56960100,739742,mk,да миао цун
56961486,739760,mk,Гуанжуанг
56961871,739765,mk,нан ху зхуанг
56962102,739768,mk,хонгмиао
56962641,739775,mk,ли де фу
56962872,739778,mk,Баимијао
56962949,739779,mk,ксиао хе пу
56963642,739788,mk,нан ди зхуанг
56963796,739790,mk,нан зханг лоу
56964720,739802,mk,динг лиу ыуан
56965182,739808,mk,ран зхуанг
56965798,739816,mk,схен йи
56965952,739818,mk,му си ыанг
56966414,739824,mk,лиу йи
56966568,739826,mk,зхоу танг
56966876,739830,mk,лиу лао йиа
56967030,739832,mk,цхен зхуанг
56967492,739838,mk,Ксужуанг
56968185,739847,mk,беи гоу
56968339,739849,mk,донг зхи йие
56968647,739853,mk,донг ба хе
56968724,739854,mk,гу йиа зхуанг
56969340,739862,mk,сха уо
56973575,739917,mk,киан ганг
56973652,739918,mk,гонг лоу
56974422,739928,mk,уеи киао
56974499,739929,mk,сун миао
56975269,739939,mk,линг зхуанг
56975731,739945,mk,сонг уанг зхуанг
56975885,739947,mk,каи хуанг диан
56976116,739950,mk,Хоужанглу
56976963,739961,mk,да гуо
56978272,739978,mk,уан лоу
56978888,739986,mk,ние лоу
56980428,740006,mk,\N
56982892,740038,mk,мао гу
56983816,740050,mk,дун зхуанг
56984509,740059,mk,Шаова
56984663,740061,mk,хуа зи уанг
56986742,740088,mk,цханг лоу
56987820,740102,mk,ли миао
56989668,740126,mk,цаода зхуанг
56990900,740142,mk,зху цханг
56991054,740144,mk,тао схан
56992055,740157,mk,сан ксинг зхуанг
56992517,740163,mk,пенг лоу
56992748,740166,mk,цаоксиао миао
56993210,740172,mk,уанг схуи кенг
56993518,740176,mk,ксие ыуан зхуанг
56993595,740177,mk,схен зхуанг
56994134,740184,mk,ыангтанг
56995751,740205,mk,Хежуанг
56997676,740230,mk,тиан зхуанг
56997753,740231,mk,уанг ер бао
56998446,740240,mk,зханг ба зхуанг
56998677,740243,mk,ксиао сху зхуанг
56999216,740250,mk,хао лао йиа
57000294,740264,mk,киан уан
57000602,740268,mk,цонг зхуанг
57001911,740285,mk,йие танг
57003297,740303,mk,ыанглоу
57004991,740325,mk,ксие лао йиа
57006377,740343,mk,схи ыинг
57007378,740356,mk,Синкун
57010920,740402,mk,киан цаозхуанг
57010997,740403,mk,ксинг зхуанг
57012383,740421,mk,донг ксиао зхуанг
57013076,740430,mk,да хенгтоу
57013153,740431,mk,ксие зхуанг
57014693,740451,mk,цхенг зхи зхуанг
57014924,740454,mk,сун хуаи цун
57015540,740462,mk,гуан уанг йие
57016772,740478,mk,миао зхуанг
57017157,740483,mk,Донгжаожуангкун
57017696,740490,mk,кси хан гу
57018312,740498,mk,кси цхен зхуанг
57018697,740503,mk,ксиао уанг зхуанг
57020853,740531,mk,Ксижаицун
57022393,740551,mk,беи даи гу
57023086,740560,mk,лиу ан зхуанг
57023163,740561,mk,ан зханг зхуанг
57023394,740564,mk,беи мен коу беи
57023856,740570,mk,Шиџиажуангкун
57024703,740581,mk,ан ле
57026012,740598,mk,лийиао
57026551,740605,mk,схи уанг миао
57027398,740616,mk,нан йиа
57027783,740621,mk,киао фанг
57028399,740629,mk,зханг танг фанг
57030016,740650,mk,кси сун
57030555,740657,mk,да си гуо
57030709,740659,mk,Донџианчангцун
57030940,740662,mk,ыу хуанг схан хоу
57031710,740672,mk,киан тиан бу тоу
57031941,740675,mk,зхао йиа зхуанг
57032095,740677,mk,нан хуанг дао
57032172,740678,mk,зхонг хоу
57032403,740681,mk,Ксијава
57036022,740728,mk,Јуксијан
57036099,740729,mk,Гуоыанг
57037639,740749,mk,Еаст Лаке Хи-Тецх Девелопмент Зоне
57037870,740752,mk,Уан Ыуан
57039025,740767,mk,хуанг гу дуи
57040257,740783,mk,киан ксу лоу
57040334,740784,mk,лиу лоу
57041566,740800,mk,тие миао
57042490,740812,mk,Нангекун
57043106,740820,mk,Донгксинџуангкун
57043568,740826,mk,фангйиа
57043722,740828,mk,Менгкун Шеку
57044338,740836,mk,хан меи ан
57045262,740848,mk,Анжуанг Шеку
57046802,740868,mk,дан зхаи
57047803,740881,mk,уеи миао
57047957,740883,mk,Малиужуангкун
57048034,740884,mk,гао зхуанг
57048342,740888,mk,гуан зхуанг
57048419,740889,mk,ыа доу тун
57049574,740904,mk,ки зхуанг
57049882,740908,mk,киан цаоцханг
57052346,740940,mk,Ксинхуанченџун
57052423,740941,mk,донг уанг хаи
57053116,740950,mk,киан ба хе
57053655,740957,mk,Нанвангжуангкун
57055965,740987,mk,гуо зхуанг
57056427,740993,mk,кси ки бао зхаи
57057120,741002,mk,гао си
57057428,741006,mk,хонг миао
57057659,741009,mk,уанг дао
57058044,741014,mk,уу линг
57058198,741016,mk,донг зханг
57058429,741019,mk,ыан зхуанг
57058506,741020,mk,цуи фу
57058968,741026,mk,Ксиксинџуангцун
57059738,741036,mk,ые зхуанг
57059815,741037,mk,ыан лоу
57060046,741040,mk,зханг киао
57060431,741045,mk,зханг ыангцхен
57061586,741060,mk,киан ксиао тун
57063357,741083,mk,Ксисангжуангкун
57064050,741092,mk,лин хуанг йи
57064666,741100,mk,Хулиужуангкун
57064743,741101,mk,зханг лоу
57064820,741102,mk,донг тун
57065128,741106,mk,ксие лоу
57066591,741125,mk,Вусижуангкун
57067361,741135,mk,ли лоу
57067438,741136,mk,гао цаи ыуан
57069055,741157,mk,лиу схао уу
57069286,741160,mk,хоу зхуанг
57071057,741183,mk,йи зхуанг
57072905,741207,mk,Жангвужуангкун
57073290,741212,mk,цаозхуанг
57073829,741219,mk,ниу зхаи
57073983,741221,mk,Вангксинџуангкун
57075138,741236,mk,цхен зхаи цун
57075446,741240,mk,лиу схи
57075985,741247,mk,Беиксикун
57077525,741267,mk,пуыанг
57078064,741274,mk,луо тун
57078372,741278,mk,Менѓијацун
57078449,741279,mk,киан ли йиа
57078603,741281,mk,ыуан тун
57080374,741304,mk,Хујаокун
57081298,741316,mk,пеи ыинг
57081529,741319,mk,киао ыинг
57082068,741326,mk,танг зхуанг
57082376,741330,mk,нан ыонггу
57082761,741335,mk,киан зханг йиа
57083685,741347,mk,ма цханг
57084532,741358,mk,ыу лин тоу
57084840,741362,mk,Џангержуангкун
57086611,741385,mk,ыан цун
57087073,741391,mk,Вангкун
57087997,741403,mk,Кибао'анцун
57089537,741423,mk,рен йиа
57090307,741433,mk,гао зхуанг
57090692,741438,mk,Фан Ксиан
57091077,741443,mk,Ченсан
57091308,741446,mk,Донглуќиао
57091385,741447,mk,Гулу
57091462,741448,mk,Гаобејџие
57091693,741451,mk,Лиузхуанг
57091924,741454,mk,да гао миао цун
57092386,741460,mk,уанг гао зхаи цун
57093156,741470,mk,Дингкангуцун
57093387,741473,mk,Ксиуангзхуанг
57093464,741474,mk,хоу дун сханг
57093695,741477,mk,Ксијинг
57094234,741484,mk,Нанкван
57094465,741487,mk,зхе ла ке ки
57095389,741499,mk,ксиао си дао гоу
57096929,741519,mk,Баиши
57097083,741521,mk,Вулакван
57097699,741529,mk,рекси ке ти дун
57098392,741538,mk,схуанг йинг зи
57100240,741562,mk,Каилаиму Туоханке
57100856,741570,mk,Тиерилега
57103859,741609,mk,Ыингмаили
57105322,741628,mk,Донгху
57106092,741638,mk,Схикули
57106477,741643,mk,Донгхеигоу
57106554,741644,mk,Киасхиканкие
57107709,741659,mk,Бачијангзи
57108017,741663,mk,Банфанггоу Донгку
57109326,741680,mk,Дунбаситао
57110250,741692,mk,Акекабаке
57112021,741715,mk,Сандекетаси
57112945,741727,mk,ма ан
57113176,741730,mk,пинг ан
57113715,741737,mk,беи ыангтоу
57114254,741744,mk,Чанглинг
57115717,741763,mk,донг хе лиу зхуанг
57115794,741764,mk,фенг хуанг бу
57116333,741771,mk,кси лиу тинг
57117796,741790,mk,лонг хе зхуанг
57118027,741793,mk,донг нан зхонг схуи
57120414,741824,mk,ксиа ыа
57121184,741834,mk,киан фенг лонг тун
57121415,741837,mk,хао йиа ксу цун
57122416,741850,mk,бао ху схан
57122801,741855,mk,хуанг схан коу
57123879,741869,mk,зху йиа хоу ге зхуанг
57124572,741878,mk,донг таи
57124880,741882,mk,беи хуаи сху ди
57125034,741884,mk,мао йиа бу кси цун
57125650,741892,mk,Ксикиџикси
57126343,741901,mk,нан уо луо зи
57130424,741954,mk,зхаи донг
57131733,741971,mk,беи да хуанг
57133966,742000,mk,Донгоу
57134428,742006,mk,ыу хуанг миао
57136815,742037,mk,тоу дао хе
57137431,742045,mk,бао лин тун
57139895,742077,mk,Бигелоу
57140434,742084,mk,лисху гоу
57140819,742089,mk,ксиа хе пинг тун
57140896,742090,mk,ту мен зи
57141281,742095,mk,бан йиехе
57142051,742105,mk,ыинг лин тун
57143745,742127,mk,сан дао гоу ксиа тун
57144592,742138,mk,ыи ки сонг
57145362,742148,mk,фу ан
57145439,742149,mk,Ксинфа
57146132,742158,mk,таи пинг тун
57146209,742159,mk,уеи танг гоу
57146825,742167,mk,су зи гоу
57147133,742171,mk,уу дао гоу
57147672,742178,mk,кси даи лу хе гонг дуи
57147749,742179,mk,хуанг гези
57148519,742189,mk,нан ксиао йиао хе
57148673,742191,mk,зи кианг
57148904,742194,mk,цхао ыанг гоу
57150444,742214,mk,да ма лу гоу ксиа тун
57152292,742238,mk,хан ху
57152831,742245,mk,леи йиа гоу
57153216,742250,mk,та ха ба сикуо
57153447,742253,mk,Вушиченџун
57153755,742257,mk,ксиао хе гоу
57154448,742266,mk,да схан
57154525,742267,mk,ыу кси бу зао
57154987,742273,mk,ке таи ке ту ер
57155064,742274,mk,бао хе куан
57156065,742287,mk,ки на ер
57156450,742292,mk,куангсхан
57156758,742296,mk,Тухуку
57157605,742307,mk,йиа пуса ла
57158529,742319,mk,Гумуди
57158760,742322,mk,хаи нан миао пу
57158837,742323,mk,Хуоче Ксижан
57158914,742324,mk,Ксингфулу
57158991,742325,mk,ыангзи йианг лу
57159068,742326,mk,Пекинглу
57162148,742366,mk,хе коу
57164304,742394,mk,ан йиа
57164920,742402,mk,лиу туо
57164997,742403,mk,ыу мин
57167307,742433,mk,Кјанксинг Џиажуангкун
57169309,742459,mk,кси лиу ху
57169463,742461,mk,Вувангкун
57169694,742464,mk,донг фан
57171003,742481,mk,хоу ыуе
57171080,742482,mk,диан зи
57171311,742485,mk,да сун
57172389,742499,mk,Џуличун
57172774,742504,mk,Деченг
57175084,742534,mk,донг уалиу зхуанг
57175546,742540,mk,гуо тоу
57175700,742542,mk,уали гао
57177240,742562,mk,лиыуан
57179242,742588,mk,Беипенџун
57179550,742592,mk,беи моу зхуанг
57180628,742606,mk,гао тиан зхуанг
57182553,742631,mk,йин лу зхуанг
57183015,742637,mk,кси сонг зхуанг
57184555,742657,mk,кси динг зхуанг
57184632,742658,mk,киан сун зхуанг
57186788,742686,mk,Вангдексиангкун
57188097,742703,mk,лиу гао
57188944,742714,mk,ху йиа ыинг
57191639,742749,mk,ыу куан зхуанг
57192794,742764,mk,су ксин зхуанг
57193487,742773,mk,донг зхоу зхуанг
57194488,742786,mk,ксианг хуа тун
57196567,742813,mk,донг ксианг тинг
57197029,742819,mk,донг схи хаи по
57199339,742849,mk,нан ыангзхуанг
57200109,742859,mk,диао нан зхуанг
57201341,742875,mk,Жаисија
57203420,742902,mk,кси беи хуа
57205884,742934,mk,йун зханг зхуанг
57206038,742936,mk,ма тун
57207809,742959,mk,ксиао баизхуанг
57208810,742972,mk,ксиао цуи зхуанг
57209965,742987,mk,ксиао хуанг зхуанг
57212121,743015,mk,Кијанкангкун
57213661,743035,mk,Булаке
57213815,743037,mk,Мамаи' ер Дабан
57214893,743051,mk,Кезилели Тумуксиуке
57215201,743055,mk,Дуо' ерзи
57216510,743072,mk,Мангу Булаке
57216741,743075,mk,зхуанг зи цун
57217357,743083,mk,ки гаи бу ла ке цун
57218204,743094,mk,Калакаши
57219051,743105,mk,Баисибаситао
57220514,743124,mk,Ыакери
57221669,743139,mk,Ыу' ермен
57223748,743166,mk,йи гедаи цун
57226212,743198,mk,Ке' ерке Зитиеми
57227829,743219,mk,Ксилиџијажуанг Јикун
57228137,743223,mk,хуанг йиа ксин зхуанг
57228368,743226,mk,киан ган ксиан зхуанг
57228676,743230,mk,беи тао бу
57230601,743255,mk,кси ыангцун
57230678,743256,mk,диао ге
57236915,743337,mk,хоу канг йиа
57238455,743357,mk,Фанџиажуанг
57239225,743367,mk,хоу тиан
57239687,743373,mk,хенгзханг цаойиа
57240380,743382,mk,хоу бу луан
57240611,743385,mk,санг дао
57241766,743400,mk,диао ыа
57242074,743404,mk,да ку зхуанг
57244692,743438,mk,баитенг коу
57244769,743439,mk,беи зоу йиа
57246232,743458,mk,хуа схан донг
57247002,743468,mk,денг гезхуанг
57248388,743486,mk,уу гоу зханг йиа
57249312,743498,mk,йие куанг ыуан йиа
57250236,743510,mk,йие сонг ыинг донг цун
57250313,743511,mk,луо йиа
57250467,743513,mk,фу кинг йи
57251160,743522,mk,донг луо гезхуанг
57252315,743537,mk,кси зхоу гезхуанг
57253932,743558,mk,киан лиу йиа куанг
57257012,743598,mk,хоу да уа
57257551,743605,mk,кси пан йиа цун
57258321,743615,mk,му гуан дао
57258398,743616,mk,гао йиа цун
57259014,743624,mk,фенг хуанг зхуанг
57259399,743629,mk,уан йиа зхуанг
57259707,743633,mk,нан ма йиа зхуанг зи
57259861,743635,mk,Синкун
57260092,743638,mk,да линг ыи цун
57260785,743647,mk,да хан йиа цун
57262556,743670,mk,ба лун таи цун
57264866,743700,mk,цха хан тонг гу цун
57265713,743711,mk,Уулан Енге
57267561,743735,mk,Ыиге Булуке
57270256,743770,mk,ксиао руо ентуо леи гаи цун
57271642,743788,mk,Тагебаге Ридикекуотан
57272104,743794,mk,Ха' ер Даленг
57273952,743818,mk,ху зхао зхуанг
57274029,743819,mk,Пекинг Шек
57276493,743851,mk,донг зхуанг
57277802,743868,mk,кинг хуи тоу
57278110,743872,mk,йиу цхенг
57278880,743882,mk,зханг ма
57279342,743888,mk,схуанг лиу сху
57279419,743889,mk,сонг беи
57279958,743896,mk,донг ксиао зханг
57281190,743912,mk,хонг ки ыинг
57282730,743932,mk,ыоутонг
57284270,743952,mk,йин хуа си
57284424,743954,mk,уанг гонг
57286888,743986,mk,ксиао гу коу
57287273,743991,mk,ма йиа зхуанг
57288890,744012,mk,ли донг уу
57290045,744027,mk,Донгксинџуангкун
57291354,744044,mk,менг йиа зхуанг
57291585,744047,mk,ыи йиан фанг
57293664,744074,mk,нан гао йиа ыу
57295050,744092,mk,Вангкун
57296436,744110,mk,су ыи
57296975,744117,mk,беи сонг йиа
57297668,744126,mk,беи зхенг
57299439,744149,mk,нан зханг киао
57299593,744151,mk,цхен ксиао уанг
57300902,744168,mk,беи су
57301441,744175,mk,зхао йиа зхуанг
57301980,744182,mk,ксу ле
57302211,744185,mk,да ксинг
57302442,744188,mk,нан су
57305137,744223,mk,зхоу схун зи
57306369,744239,mk,ксинг ле
57307062,744248,mk,кси лин зи
57307524,744254,mk,фангзхуанг
57307755,744257,mk,Нанши
57310450,744292,mk,нан пу ди
57311374,744304,mk,зху ге
57311836,744310,mk,зханг дан туо
57311913,744311,mk,менг фу
57312837,744323,mk,ксиао лиу
57312914,744324,mk,Вангџуангкун
57313453,744331,mk,лиу лу му
57313992,744338,mk,фенг йиа
57314146,744340,mk,кси луо коу
57315224,744354,mk,Ксифангжикун
57319690,744412,mk,баи фанг
57321846,744440,mk,беи ыу лин
57321923,744441,mk,цаотенг
57323540,744462,mk,су киу
57324310,744472,mk,диан донг зханг зхуанг
57324772,744478,mk,ди цун
57325003,744481,mk,да фенглин
57325311,744485,mk,лин йи ли
57325850,744492,mk,донг донг
57326004,744494,mk,схуанг миао
57326466,744500,mk,сханг да фан
57326543,744501,mk,доу йиа зхуанг
57327082,744508,mk,донг киан йиа зхуанг
57327544,744514,mk,по ли зхуанг
57327852,744518,mk,Шиџиазуикун
57329315,744537,mk,хао йиа зхуанг
57329469,744539,mk,да йин
57329623,744541,mk,зху уанг ыи
57331009,744559,mk,донг луо зхуанг
57331086,744560,mk,ксиао миао
57331240,744562,mk,фангнао
57332164,744574,mk,ыангсу
57332318,744576,mk,да ли зхуанг
57336630,744632,mk,ксинг ыан
57338093,744651,mk,лианг цун
57339171,744665,mk,беи ки йиа зхуанг
57339864,744674,mk,йиа хуанг
57340942,744688,mk,йун зхаи
57341481,744695,mk,тун ли
57343098,744716,mk,зхао мие
57343252,744718,mk,ма тиан
57345177,744743,mk,фенг йиа зхуанг
57345793,744751,mk,Вангвејаокун
57345870,744752,mk,йиу зхаи хуи
57345947,744753,mk,хуа бансхи
57347025,744767,mk,ксиао зхаи
57347641,744775,mk,гао йиа зхуанг
57349104,744794,mk,Баише
57350644,744814,mk,сханг нан ыу
57355187,744873,mk,ыангбаита
57355418,744876,mk,Бејченг
57358036,744910,mk,канг зхуанг
57359191,744925,mk,кси кинг схан
57359268,744926,mk,беи ыанг
57361732,744958,mk,зханг хоу туан
57362040,744962,mk,ку ксин зхуанг
57362348,744966,mk,тиан схуи тун
57362964,744974,mk,Вангксинџуангкун
57365120,745002,mk,киан ер йиан
57365505,745007,mk,ан сханг
57366737,745023,mk,хе схенг диан
57366968,745026,mk,кси зханг куан
57367122,745028,mk,ыао цун
57367276,745030,mk,сханг ма зхуанг
57368354,745044,mk,ба ыан
57368585,745047,mk,Нанџанггу Шеку
57370279,745069,mk,донг йиа цун
57370818,745076,mk,зхао гу зхуанг
57371126,745080,mk,цханг зхуанг ке
57373436,745110,mk,доу фенг ма
57373590,745112,mk,гао пеи
57373744,745114,mk,сханг йиа зхуанг
57374745,745127,mk,ыуе зхуанг
57375438,745136,mk,даи йиа тун
57376362,745148,mk,лианг зхуанг
57377209,745159,mk,йиа зхуанг
57377594,745164,mk,уу тонг гоу
57377979,745169,mk,да зхаи мен
57378364,745174,mk,баикуан
57378441,745175,mk,Беитангкун
57379288,745186,mk,уенйиа гоу
57380982,745208,mk,ганг ые
57382291,745225,mk,фан ксиа цао
57384986,745260,mk,ки ксин зхаи
57385140,745262,mk,Беивиканкун
57385294,745264,mk,баи цао пинг
57386988,745286,mk,беи йуан зи
57387758,745296,mk,нан кси йинг
57389837,745323,mk,ыуе зхуанг
57391454,745344,mk,хоу кси ыу
57392840,745362,mk,донг ма зхуанг
57392994,745364,mk,сха хе
57394765,745387,mk,сханг куан
57395304,745394,mk,тан линг
57395843,745401,mk,гао нан цун
57395997,745403,mk,Хоукигуцун
57397152,745418,mk,беи ли зхуанг
57397768,745426,mk,лонг куан
57398461,745435,mk,донг зхоу зхуанг
57399462,745448,mk,йиу уу лоу
57400771,745465,mk,ыун таи
57401079,745469,mk,нан ганг
57404390,745512,mk,цуи ку
57405545,745527,mk,йинг ке
57405776,745530,mk,лу йиа зхуанг
57407547,745553,mk,беи доу гонг
57409857,745583,mk,бао зхуанг
57411166,745600,mk,беи лаи
57413322,745628,mk,Нанганг
57413861,745635,mk,ксиао пен гоу
57416094,745664,mk,пан уанг
57416325,745667,mk,кси ыинг
57416710,745672,mk,хе зхаи
57416787,745673,mk,сха уо
57418327,745693,mk,хе ан сханг
57418635,745697,mk,кси тун
57419405,745707,mk,цхен цун
57419944,745714,mk,си зхуанг
57420329,745719,mk,да цанг коу
57420945,745727,mk,Џингтоунакун
57421792,745738,mk,Хукинг' е' ертан
57423948,745766,mk,Саыимаилиси
57426643,745801,mk,Маза
57427567,745813,mk,Ыаыети
57430185,745847,mk,пу лонг
57432033,745871,mk,Ксингтаи
57433034,745884,mk,по ыанг
57433188,745886,mk,Лијуан
57434497,745903,mk,цхен йиа донг
57435960,745922,mk,зханг баисхан
57436653,745931,mk,ксиа уанг схан
57436730,745932,mk,схи уу кенг
57436807,745933,mk,ксие пинг
57437269,745939,mk,ыуан ыа
57438193,745951,mk,гу коу
57438424,745954,mk,Ксикенг
57438501,745955,mk,Ксијаокун
57439656,745970,mk,хекенг
57440734,745984,mk,Џиаокси
57441504,745994,mk,Ксијуан
57442197,746003,mk,цха тоу
57443352,746018,mk,сха пинг ли
57446124,746054,mk,схи рен кенг
57446663,746061,mk,ниао линг
57448203,746081,mk,Хуангксикун
57449512,746098,mk,бан йинг
57450205,746107,mk,хуанг ыуан донг
57453901,746155,mk,ао ли
57454517,746163,mk,пинг ба
57454979,746169,mk,Тианксин
57455364,746174,mk,ксиа лонг
57455826,746180,mk,Дакенг
57456673,746191,mk,да ыуан
57458829,746219,mk,нан танг
57458906,746220,mk,схан кенг
57459291,746225,mk,Чубеикун
57459830,746232,mk,хе коу
57459984,746234,mk,сан йиао танг
57460061,746235,mk,ксиан сханг
57461216,746250,mk,йи лонгсхан
57461370,746252,mk,тиан пенг ксиа
57461447,746253,mk,ксин ксиао уу
57462756,746270,mk,да гонг
57464527,746293,mk,ыин миан паи
57465220,746302,mk,хенгзхен
57465297,746303,mk,сханг схи кси
57465682,746308,mk,зхонг схи кси
57465836,746310,mk,Шуику
57468069,746339,mk,тиан лонг ли
57471611,746385,mk,баисхуи донг
57472150,746392,mk,уан кенг коу
57473536,746410,mk,зхусхан ксиа
57473767,746413,mk,донг зи беи
57474691,746425,mk,зхусхан ксиа
57474768,746426,mk,фанг тиан кенг
57475307,746433,mk,да ба
57475846,746440,mk,Жаисија
57476539,746449,mk,Мазиба
57477617,746463,mk,нан цхе
57480235,746497,mk,ыу лианг
57483546,746540,mk,гоу йиао линг
57484008,746546,mk,схуанг тиан
57484085,746547,mk,ксиа дуан
57484393,746551,mk,ксиа луо коу
57485471,746565,mk,танг ли
57485625,746567,mk,е тоу уан
57485702,746568,mk,лан ху зи
57486164,746574,mk,хенглинг
57486549,746579,mk,ниу гукиу
57486934,746584,mk,уеи ксиа
57487242,746588,mk,схи киао тоу
57487319,746589,mk,Јанбеи
57487396,746590,mk,зхуксиа
57487550,746592,mk,Миаокјан
57488320,746602,mk,баисхуи зхаи
57488397,746603,mk,бониу пинг
57489013,746611,mk,ксиа цха кенг
57489860,746622,mk,донг нао
57490322,746628,mk,Паикси
57490399,746629,mk,хенгкенг зи
57491169,746639,mk,Џодлоу
57491477,746643,mk,Даван
57493248,746666,mk,зхен ксиа гонг ку
57493556,746670,mk,ксиан схенг танг
57494557,746683,mk,Вујадонг
57495327,746693,mk,зху кенг коу
57496790,746712,mk,зхуба зи
57498484,746734,mk,ху лу
57502103,746781,mk,йи гонг киу
57504413,746811,mk,гуан кенг лонг
57505029,746819,mk,цаобеи кенг
57505183,746821,mk,ыао ксиа
57505414,746824,mk,йианг биан
57507339,746849,mk,дао донг зи
57507416,746850,mk,да уу ксиа
57508186,746860,mk,фу доу кенг
57508648,746866,mk,гао донг нао
57509495,746877,mk,ан киан
57509803,746881,mk,зхупо линг
57510419,746889,mk,ху лу
57511112,746898,mk,донг кенг
57512267,746913,mk,зейианг
57514192,746938,mk,Ксиеџа
57514346,746940,mk,Бејкенг
57514962,746948,mk,Донгтоу
57515116,746950,mk,леи гонг линг
57515270,746952,mk,Ксијакси
57515732,746958,mk,Јантанг
57517195,746977,mk,е ксинг
57517657,746983,mk,ыоулинг
57518504,746994,mk,лиан хе
57519582,747008,mk,цхаи ыан
57520044,747014,mk,схен киан
57520352,747018,mk,сханг гуан линг
57525280,747082,mk,да схи киан
57525896,747090,mk,меи зхуанг
57528899,747129,mk,цха луо донг
57529361,747135,mk,сха пинг
57529592,747138,mk,донг гаи
57530208,747146,mk,луан схи
57530901,747155,mk,тиан ксин зи
57531132,747158,mk,луо уу
57532595,747177,mk,тиан лиао ксиа
57533134,747184,mk,пенг фен
57533673,747191,mk,хуанг танг киу
57534982,747208,mk,да фу
57535290,747212,mk,зхонг туан
57535675,747217,mk,хуанг йиа
57537292,747238,mk,бан танг
57537677,747243,mk,Зенгву
57538216,747250,mk,схи хан йинг
57538678,747256,mk,Ксијангу
57539063,747261,mk,гу зхонг
57539140,747262,mk,Џиуксијан
57540141,747275,mk,аи ыуан
57542913,747311,mk,Вукси
57543221,747315,mk,маотински
57543760,747322,mk,да линг беи
57543837,747323,mk,Да'ан
57544222,747328,mk,сханг пинг схан
57545146,747340,mk,схуанг схан
57546455,747357,mk,гуан ху
57547148,747366,mk,Жаиту
57550459,747409,mk,пинг сханг
57550613,747411,mk,Хаокси
57551152,747418,mk,лонг йиа
57551460,747422,mk,пинг йинг
57552615,747437,mk,ниу схи
57553077,747443,mk,сха паи
57553539,747449,mk,ан кенг коу
57553616,747450,mk,Хуајуан
57554155,747457,mk,схи зи ксиа
57554309,747459,mk,лао ху уан
57554463,747461,mk,сханг зао
57555233,747471,mk,Жаоџа
57556080,747482,mk,Јингкијан
57556619,747489,mk,ксиа коу ба
57557235,747497,mk,сху линг нао
57557697,747503,mk,ыан беи
57558159,747509,mk,Хебу
57558467,747513,mk,йинг тоу
57558852,747518,mk,ма тиан
57561316,747550,mk,Бајшуи
57562317,747563,mk,гао цхе танг
57563472,747578,mk,гао цхе
57566552,747618,mk,луо бо тиан
57572712,747698,mk,Тонггу
57572866,747700,mk,Гуантјан
57573251,747705,mk,лонг тан
57573559,747709,mk,лонг ыансхи
57573790,747712,mk,ксиа ниан кенг
57573944,747714,mk,ленг схуи кенг
57575022,747728,mk,мусху беи
57576716,747750,mk,линг уу схан
57576793,747751,mk,зхугао линг
57577794,747764,mk,гао схан
57577948,747766,mk,тиан зи де
57578025,747767,mk,линг зи сханг
57578641,747775,mk,Кјаотоу
57578718,747776,mk,хуанг зхулонг
57579488,747786,mk,Миаокјан
57580027,747793,mk,миао кенг
57580566,747800,mk,Киуџа
57581336,747810,mk,сханг сха лан
57581490,747812,mk,лиу йиа ганг
57581567,747813,mk,ма коу
57582568,747826,mk,кан ксиа
57583569,747839,mk,линг зи сханг
57585725,747867,mk,луо уу
57587958,747896,mk,зханг кенг
57588189,747899,mk,Ксинву
57589190,747912,mk,гуо йиа
57593579,747969,mk,уу схи беи
57594272,747978,mk,ыангмеи кенг
57594580,747982,mk,куанг ыуан
57594888,747986,mk,схе пилинг
57595042,747988,mk,ые схан
57595812,747998,mk,ксинг ыун
57596582,748008,mk,схи хуи схан
57597044,748014,mk,зхоу гонг кенг
57597660,748022,mk,таи пинг уеи
57599431,748045,mk,лан уу
57601895,748077,mk,хуолан ганг
57606053,748131,mk,заозху
57607362,748148,mk,ксин йу
57608286,748160,mk,генг тан
57608748,748166,mk,уан ксинг
57608825,748167,mk,Вутунг
57611366,748200,mk,Тангвеи
57611443,748201,mk,Танту
57611982,748208,mk,хенгсхи
57613368,748226,mk,лонг тоу
57613676,748230,mk,зхонг танг кенг
57614369,748239,mk,Фенгганг
57614446,748240,mk,Ксинџијан
57614754,748244,mk,уу ли тинг
57618065,748287,mk,лао уу цханг
57618604,748294,mk,сханг ыан ли
57619682,748308,mk,гуан схан паи
57620067,748313,mk,йианг пан
57620221,748315,mk,хуанг йиа паи
57622377,748343,mk,Ксинфенг
57623994,748364,mk,уу ыанзи сху ксиа
57624456,748370,mk,цхенг гуан ку
57624995,748377,mk,Кедиму' а Ыимаке
57625457,748383,mk,Цангцун
57626227,748393,mk,Куму' аоыила
57626766,748400,mk,Лаыиданг
57626920,748402,mk,Куоруледун
57628152,748418,mk,Куосхикеруике
57630308,748446,mk,Ерлинглиан
57633080,748482,mk,Гуанграо
57635852,748518,mk,зханг фу
57636391,748525,mk,лонг линг
57639009,748559,mk,йиао ыуан
57640164,748574,mk,цаи гуанг
57640857,748583,mk,хуа ыуан цун
57641550,748592,mk,гуанг минг
57641858,748596,mk,кси йианг
57644168,748626,mk,ксин лиан
57644630,748632,mk,ган йианг
57645015,748637,mk,ыи фу
57645708,748646,mk,Ликн
57646478,748656,mk,сху беи
57647402,748668,mk,зиуу ыуан
57648942,748688,mk,муганг
57651175,748717,mk,Наншан
57652253,748731,mk,ыоукенг
57653254,748744,mk,Кјаобијан
57654563,748761,mk,гуан цхао
57655795,748777,mk,лонг нао
57656334,748784,mk,Венкси
57657797,748803,mk,Ксинжај
57659876,748830,mk,кун ганг
57660723,748841,mk,схи гу
57661955,748857,mk,литанг
57662956,748870,mk,цанг тиан
57663649,748879,mk,Кситанг
57664496,748890,mk,Хенгкси
57664727,748893,mk,ценгйиа фанг
57667268,748926,mk,Џингжу
57667653,748931,mk,ксинг линг
57670502,748968,mk,Лианкси
57671272,748978,mk,хе кенг
57673890,749012,mk,паи тоу
57675276,749030,mk,хе тиан
57677278,749056,mk,фа гуан
57678202,749068,mk,Чангкси
57678587,749073,mk,сан ыуе пинг
57678741,749075,mk,Џијанфенг
57679588,749086,mk,ыуан лонг
57680512,749098,mk,Путиан
57680666,749100,mk,Кјаотоу
57680974,749104,mk,Дианксија
57681359,749109,mk,ыин цун
57682514,749124,mk,мин зху
57683515,749137,mk,денггао
57683669,749139,mk,баикоу
57684978,749156,mk,гао донг схе зу цун
57685517,749163,mk,сханг йианг
57685671,749165,mk,зхен беи
57686903,749181,mk,сха тиан дуан
57687057,749183,mk,ые танг
57687365,749187,mk,Зунџуан
57687596,749190,mk,фу тиан схе зу цун
57688212,749198,mk,неи цхао
57688828,749206,mk,ли донг схе зу цун
57688905,749207,mk,меи ли
57689136,749210,mk,Хонгксинг
57689521,749215,mk,нан танг
57689675,749217,mk,зхонг схао
57689752,749218,mk,хенгкенг
57693217,749263,mk,зху линг
57693833,749271,mk,по танг
57693910,749272,mk,Шизи
57694064,749274,mk,бо луо
57694218,749276,mk,Вулинг
57694449,749279,mk,Раоџабеи
57694757,749283,mk,лонг тоу
57696374,749304,mk,лиан кун
57696913,749311,mk,Чангван
57700378,749356,mk,фуйианг
57700994,749364,mk,Чајуан
57701610,749372,mk,Ксијангјанг
57702765,749387,mk,уо кенг
57703150,749392,mk,хонг тао
57704151,749405,mk,Сантанг
57705383,749421,mk,да ыуан
57708078,749456,mk,нан фенг
57708848,749466,mk,Чонгвен
57709618,749476,mk,лиан мин
57710003,749481,mk,гуан хе
57710927,749493,mk,Џиаокенг
57711466,749500,mk,Лингксија
57711620,749502,mk,су мао
57711774,749504,mk,ксин цун
57712082,749508,mk,Туозун
57713853,749531,mk,лонг тоу схе зу цун
57714084,749534,mk,гао ыанг
57714392,749538,mk,ыун зхоу
57716779,749569,mk,цун беи
57718088,749586,mk,сханг луо
57719320,749602,mk,сханг ки ли
57719859,749609,mk,Цхумудуи
57721091,749625,mk,Ыисантуан Ыилиулиан
57721322,749628,mk,Ыисантуан Силиан
57721861,749635,mk,Куонаку' ер
57722554,749644,mk,Йиутуан Ыикилиан
57723093,749651,mk,Схуигонг Килиан
57726250,749692,mk,а реба ге
57726712,749698,mk,ха да ти ке
57726943,749701,mk,Венташи
57727174,749704,mk,ка ла ыа са ыи
57727482,749708,mk,аи ки ку ки
57728252,749718,mk,ка зи ма
57728637,749723,mk,а рексиао
57730562,749748,mk,а ретуо ма
57731409,749759,mk,паи ксиан баи ба зха
57733026,749780,mk,Јакешилаке
57733642,749788,mk,ка ла дун
57733719,749789,mk,беи кси та му
57733796,749790,mk,а ыа ке су ну лу ке
57734181,749795,mk,уу ситанг бо ыи
57734489,749799,mk,ксиао ер лу ке
57736029,749819,mk,па ки киао ка
57736414,749824,mk,ку леи маи ли си
57737723,749841,mk,ыоу ка ке а ла фу
57737877,749843,mk,туо ма аи ри ке
57738108,749846,mk,Данке Шилаке
57739109,749859,mk,Алателеке
57741111,749885,mk,Диуаникиака
57743498,749916,mk,Куиыибагецун
57745269,749939,mk,Пиганмаили
57745654,749944,mk,Саилицун
57747656,749970,mk,Туоуантуокаыи
57751275,750017,mk,да лиу зхуанг
57751814,750024,mk,схуи мотоу
57752276,750030,mk,лонг хуа
57753277,750043,mk,лиу цун
57754509,750059,mk,нан цханг бао
57756357,750083,mk,си ге зхуанг
57757050,750092,mk,си йи цхенг
57758128,750106,mk,ксиао уанг донг
57760284,750134,mk,ма лиу ланг
57760361,750135,mk,ксиао уу
57762671,750165,mk,беи гу цхенг
57763056,750170,mk,схи зхуанг
57763518,750176,mk,кси хан йианг
57763826,750180,mk,хан цун
57769139,750249,mk,нан фенг
57770679,750269,mk,Донгксинџуангкун
57772604,750294,mk,нан биан уу
57772758,750296,mk,ыангйиа коу
57773143,750301,mk,хоу пу
57774375,750317,mk,цхен цун
57774837,750323,mk,тиан ге зхуанг
57774914,750324,mk,нан лонг хуа
57776300,750342,mk,гуанг фу лоу
57778302,750368,mk,йи цун
57778456,750370,mk,зхао тонг
57779380,750382,mk,Кјанчангјангкун
57779765,750387,mk,си фен цханг
57780150,750392,mk,уанг йиа ыинг
57780843,750401,mk,Донгсунџуангкун
57781151,750405,mk,Вангјавукун
57781536,750410,mk,дуан йиа уу
57784616,750450,mk,гао йиа зхуанг
57786002,750468,mk,зханг доу
57786387,750473,mk,ыан фу тун
57786695,750477,mk,да уанг гуо зхуанг
57787542,750488,mk,сун гуан тун
57788158,750496,mk,фан зхуанг
57789698,750516,mk,Ксигаочун
57789775,750517,mk,да лиу зхуанг
57789929,750519,mk,лиу минг зхуанг
57790391,750525,mk,цуи йиа зхуанг
57790622,750528,mk,Сишуи
57791469,750539,mk,ху диан зи
57791546,750540,mk,кси ганг
57794626,750580,mk,гао тоу
57795704,750594,mk,Вангксинџуангкун
57796012,750598,mk,ли йиа коу
57796551,750605,mk,нан зонг
57797013,750611,mk,баийиа зхуанг
57797321,750615,mk,ку схуи уу
57797629,750619,mk,танг цхенг
57798014,750624,mk,хонг хаи
57799015,750637,mk,да ксу зхуанг
57799246,750640,mk,зханг нан зхаи
57800170,750652,mk,Ксиаожуангкун
57800940,750662,mk,уу ху зханг йи
57801325,750667,mk,ер ма гу
57801633,750671,mk,схи йиа уу
57803096,750690,mk,кси цхенг ге зхуанг
57803558,750696,mk,оу ксин зхуанг
57804097,750703,mk,да ксинг ыанг
57805098,750716,mk,баима танг
57805175,750717,mk,пу хетун
57806407,750733,mk,зханг лу туан
57806561,750735,mk,донг хоу зуо
57807793,750751,mk,схен йиа фангзи
57808024,750754,mk,ыуе ханг
57808332,750758,mk,зханг ксинг тун
57810873,750791,mk,лангху зхуанг
57814646,750840,mk,зхаи ли
57816571,750865,mk,ксиао ху зхуанг
57817495,750877,mk,ыан цун
57817572,750878,mk,дуи кан зхуанг
57818034,750884,mk,ксиао лиу йин
57818265,750887,mk,денг зхуанг зи
57818804,750894,mk,беи ли зи коу
57819343,750901,mk,ксиао ксин зхуанг
57821884,750934,mk,сонг лиу ксиао
57821961,750935,mk,хан бие
57822192,750938,mk,нан донг
57822962,750948,mk,зхонг ксин зхуанг
57823655,750957,mk,донг по зхуанг
57824733,750971,mk,нан гао хуанг
57829738,751036,mk,Џуцун
57831355,751057,mk,конг диан
57831971,751065,mk,ксу туан
57832048,751066,mk,Џангјаекун
57832433,751071,mk,Кјанксуџиабу
57832895,751077,mk,нан схи зхуанг
57833126,751080,mk,хоу ди
57833973,751091,mk,гу ксиан
57834897,751103,mk,зи ыоу коу
57835898,751116,mk,нан уанг ман
57836822,751128,mk,донг менг зхуанг зи
57837130,751132,mk,Кајдонгкун
57837361,751135,mk,даи лиу зхуанг
57839055,751157,mk,беи баита
57839440,751162,mk,ду ксиао хе
57840056,751170,mk,зхенг мие
57841134,751184,mk,Беигонгкун
57841596,751190,mk,кси хан
57843290,751212,mk,танг зхуанг зи
57843444,751214,mk,панг зхуанг цун
57845061,751235,mk,баи лин
57846139,751249,mk,лиу цханг
57847217,751263,mk,си хе
57847448,751266,mk,ксин диан
57847756,751270,mk,ксиао зханг зхуанг
57851914,751324,mk,менг ер зхуанг
57852761,751335,mk,донг ыангзхуанг
57854609,751359,mk,беи беи ыан
57855533,751371,mk,Ксиџијавадонгкун
57856842,751388,mk,нан ыинг
57857612,751398,mk,Донгксинџуангкун
57859075,751417,mk,конг ыао йинг
57859537,751423,mk,ту лоу
57859845,751427,mk,донг фу зхуанг
57860846,751440,mk,Ксималијан Жуангкун
57863541,751475,mk,Лужуангцун
57864773,751491,mk,гао йиа тун
57865389,751499,mk,беи гуан
57865697,751503,mk,Јужаокун
57866313,751511,mk,лао зхуанг зи
57866698,751516,mk,да беи зхао хе
57869162,751548,mk,Донгвангжуангкун
57869932,751558,mk,дан пу
57870163,751561,mk,хе сху
57871241,751575,mk,сханг гу зхуанг
57872319,751589,mk,цхен фен
57877093,751651,mk,зханг ксин зхуанг
57878864,751674,mk,уу тун зи
57880558,751696,mk,ма йианг
57882175,751717,mk,хеи фенг зханг зхуанг
57889875,751817,mk,беи гао зхуанг
57889952,751818,mk,зхоу да зхуан
57891415,751837,mk,нан зханг ли
57891492,751838,mk,зханг гуан диан
57892570,751852,mk,Ханвангвакун
57893494,751864,mk,зханг зхао
57893802,751868,mk,нан зхао мао тао
57893879,751869,mk,ма си бо
57896035,751897,mk,хаи тан
57897960,751922,mk,беи ксиао ыинг
57898037,751923,mk,гуанг цан
57898653,751931,mk,кси уу боцун
57900039,751949,mk,донг танг уанг
57900116,751950,mk,ки зхуанг
57900270,751952,mk,ыуан зхуанг
57901733,751971,mk,Ксигуандаокун
57902118,751976,mk,да уанг
57903581,751995,mk,Кианќилиќун
57904274,752004,mk,си гуан тун
57904351,752005,mk,уан йиу бо
57904736,752010,mk,лиу уу цун
57905121,752015,mk,канг зи зханг
57905198,752016,mk,донг ксин ге
57905506,752020,mk,Хујаожуангкун
57906122,752028,mk,хуи цаи ыу
57907200,752042,mk,гао ыао зхуанг
57908278,752056,mk,даи зхуанг
57908355,752057,mk,кси уеи
57908817,752063,mk,хан киао
57910203,752081,mk,ксуан зхуанг
57910357,752083,mk,зху ксин зхуанг
57912513,752111,mk,цха пенг
57912590,752112,mk,ксинг йиу бо
57915516,752150,mk,кси ксиао лу цун
57916440,752162,mk,зханг ыинг
57917441,752175,mk,Ателакси
57918134,752184,mk,Мазха Кесаыи
57918442,752188,mk,цаоцханг
57918673,752191,mk,кси динг йи
57920983,752221,mk,хуа цхе
57922908,752246,mk,Ксијаоџиабукун
57923139,752249,mk,су йиа ыао
57923909,752259,mk,моцха ганг
57925064,752274,mk,Лижуангкун
57925372,752278,mk,да ыи тун
57925603,752281,mk,Ксихутунџун
57925834,752284,mk,луо ту зхуанг
57926142,752288,mk,Ксијонгфенгкун
57926450,752292,mk,ди сханг ыинг
57926758,752296,mk,фенг лин
57926835,752297,mk,Ксиксинкијаокун
57926912,752298,mk,кси зханг уу
57927528,752306,mk,Нанербуцун
57927990,752312,mk,цуи зхуанг зи
57931609,752359,mk,уанг ма
57931686,752360,mk,Кутуцун
57931917,752363,mk,хан ге зхуанг
57932764,752374,mk,уу ыинг цун
57932918,752376,mk,нан уу
57933149,752379,mk,да ма зи зхуанг
57933226,752380,mk,донг зхуанг
57937615,752437,mk,да кианг
57939617,752463,mk,лиу зхуанг
57940618,752476,mk,зханг кинг коу
57942851,752505,mk,ма уу тоу
57945392,752538,mk,йу хуа таи
57946239,752549,mk,ли ыун таи
57946470,752552,mk,Кивангвукун
57948934,752584,mk,кси лонг танг
57949396,752590,mk,нан цаи ыуан
57950936,752610,mk,ли ыи
57952245,752627,mk,донг ыинг йие
57954632,752658,mk,Дајанг
57955710,752672,mk,гао зханг
57958174,752704,mk,ксинг фу ыинг
57958559,752709,mk,да схао
57959098,752716,mk,да нан тоу
57962640,752762,mk,лао ли
57963256,752770,mk,нан лиан
57964180,752782,mk,Ксиксианггаикун
57965027,752793,mk,Хук
57966028,752806,mk,Ксиахексикун
57967799,752829,mk,донг цхе тинг
57968184,752834,mk,зхонг гу зхуанг ыинг
57968954,752844,mk,муйинг
57969339,752849,mk,йи йиа гоу
57969416,752850,mk,беи ки схан
57975268,752926,mk,схи канг
57975345,752927,mk,беи лоу
57975499,752929,mk,хоу бу
57976115,752937,mk,Јихежуангкун
57976192,752938,mk,беи схао
57976269,752939,mk,Ксижуангкун
57976423,752941,mk,Бејсунгежуангкун
57976500,752942,mk,хан йиа зхуанг
57976731,752945,mk,кси схао
57977039,752949,mk,уанг йиа ыу
57977193,752951,mk,ба ли зхуанг
57977270,752952,mk,зхонг гао
57977347,752953,mk,беи лиу зи
57977655,752957,mk,сханг баиыанг
57977732,752958,mk,зхен уу миао
57977809,752959,mk,кси луо
57977886,752960,mk,Ксижуангкун
57977963,752961,mk,беи схи мен
57978117,752963,mk,зханг тиан ыу
57978194,752964,mk,лонг уанг таи
57978271,752965,mk,уанг йиа зхуанг
57978348,752966,mk,нан лонг схан
57978425,752967,mk,ксианг ыанг
57978502,752968,mk,Шалингксицун
57978579,752969,mk,сонгкоу
57978656,752970,mk,донг лоусхан
57978733,752971,mk,донг хеи схан
57978810,752972,mk,лиу йиа хе
57978887,752973,mk,цаоба ганг
57979272,752978,mk,сха ыу коу
57979503,752981,mk,донг баийиан
57979734,752984,mk,Ванкванжуангкун
57979965,752987,mk,Баиликсиакун
57980196,752990,mk,гонг зху линг
57980273,752991,mk,хуа беи
57980350,752992,mk,Бомујингчун
57980427,752993,mk,линг дао гоу
57980504,752994,mk,ксиа зикоу
57980581,752995,mk,ыинг фангси
57980735,752997,mk,ыанг гу зхуанг
57980812,752998,mk,конг схан
57980889,752999,mk,зхао йиа де
57981043,753001,mk,беи баихонг
57981120,753002,mk,ксиао ыангсху гоу
57981274,753004,mk,Ксијаоганг
57981428,753006,mk,кси схуи ые
57981582,753008,mk,фангзи
57981736,753010,mk,да ыангсху гоу
57981890,753012,mk,кси ыу
57982352,753018,mk,нан йие ан
57982506,753020,mk,да таи
57982737,753023,mk,да ыу гоу
57982814,753024,mk,ганг тоу
57982891,753025,mk,кси уеизхуанг
57982968,753026,mk,сханг зхуанг
57983122,753028,mk,танг йиа зхуанг
57983199,753029,mk,далианг гоу
57983276,753030,mk,ли йиа зхуанг
57983353,753031,mk,рен ыи зхуанг
57983430,753032,mk,танзи йиан
57983584,753034,mk,ыи йиан фанг
57983661,753035,mk,тонг йиао
57983738,753036,mk,Баибу
57983815,753037,mk,да кан ксиа
57983892,753038,mk,хан йиа зхуанг
57983969,753039,mk,таи пинг ыу
57984046,753040,mk,бао зи пу
57984123,753041,mk,уен хаи
57984200,753042,mk,Чувангдикун
57984277,753043,mk,ые гу
57984354,753044,mk,Лижуангкун
57984431,753045,mk,ксиао куан
57984662,753048,mk,ксиао лонг хуа
57984893,753051,mk,да лоу
57984970,753052,mk,беи цао ху
57985047,753053,mk,йинг схан
57985124,753054,mk,бао зи ыу
57985278,753056,mk,санг ыуан
57985432,753058,mk,беи схуи ыу
57985586,753060,mk,кси зханг
57985740,753062,mk,суан зао гоу
57985894,753064,mk,ыу доу
57985971,753065,mk,хуанг ге зхуанг
57986048,753066,mk,гоу по коу
57986125,753067,mk,таи нинг си
57986356,753070,mk,схи йиа зуо
57986433,753071,mk,лиу схун
57986510,753072,mk,Лингксикун
57987280,753082,mk,беи тоу
57987434,753084,mk,беи лоу схан
57987511,753085,mk,канг йиа зхуанг
57987588,753086,mk,йиу ыуан
57988050,753092,mk,лиу йиа гоу
57988127,753093,mk,цхен йиа ху
57988204,753094,mk,лонг мен
57988281,753095,mk,хуаибеи
57988358,753096,mk,зхонг ыу
57988435,753097,mk,гао зхуанг
57988512,753098,mk,да кси гоу
57988820,753102,mk,цаи ыу
57988897,753103,mk,нан дуле
57988974,753104,mk,схи йиа тонг
57989051,753105,mk,ниу йиа фен
57989128,753106,mk,цаи ыуан
57989205,753107,mk,лонг йиа ыу
57989282,753108,mk,кси таи
57989513,753111,mk,ксиа минг ыу
57989821,753115,mk,ксиао ксианг схуи
57989898,753116,mk,зханг ге ыу
57989975,753117,mk,ксиао ксинг ан
57990052,753118,mk,пеи зхуанг
57990129,753119,mk,уу ли гоу
57990206,753120,mk,ксиа ганг
57990283,753121,mk,донг кси схуи
57990360,753122,mk,да ксинг ан
57990437,753123,mk,тиан ганг
57990514,753124,mk,зхао ганг
57990822,753128,mk,ыанг уо таи
57990976,753130,mk,баиту ан
57991053,753131,mk,таи ди
57991130,753132,mk,линг донг
57991284,753134,mk,зханг линг
57991361,753135,mk,уу йиа гоу
57991438,753136,mk,цхао ыанг ан
57991515,753137,mk,ыангзхуанг
57991592,753138,mk,сханг ксин зхуанг
57991746,753140,mk,лиу му де
57991823,753141,mk,Донгјуцун
57991977,753143,mk,ксиа тао ыуан
57992054,753144,mk,ксиа донг гоу
57992516,753150,mk,фу ганг
57992593,753151,mk,сха линг
57992670,753152,mk,схен йиа зхуанг
57992824,753154,mk,схи беи коу
57992901,753155,mk,лиан цхе ыу
57992978,753156,mk,маоер ыан
57993055,753157,mk,ган хе
57993132,753158,mk,схуанг фенг
57993209,753159,mk,Ксипу
57993286,753160,mk,кси зхуанг
57993363,753161,mk,схан ганг
57993825,753167,mk,донг уеи цханг
57993902,753168,mk,линг нан
57994056,753170,mk,донг хе схан
57994133,753171,mk,хе цао
57994210,753172,mk,ксиан по
57994287,753173,mk,хуанг ту лианг
57994364,753174,mk,цхуан гоу
57994441,753175,mk,беи йиан
57994672,753178,mk,да лонг уо
57994749,753179,mk,тие гуан гоу
57994826,753180,mk,схи ганг
57995057,753183,mk,Шиџиажуангкун
57995134,753184,mk,цао зхуанг ер
57995211,753185,mk,ге зхуанг зи
57995442,753188,mk,нан йин схи пиан
57995519,753189,mk,уанг йиа зхуанг
57995596,753190,mk,ыу мутаи
57995827,753193,mk,ма лиан фанг
57996135,753197,mk,коу зи
57996289,753199,mk,ыуан ганг
57996366,753200,mk,ки зхонг
57996982,753208,mk,ыанглуо
57997213,753211,mk,ма да ку
57997367,753213,mk,уу йиан фанг
57997444,753214,mk,беи гала
57997752,753218,mk,беи пу
57997829,753219,mk,санг ганг
57997906,753220,mk,Шикиао
57997983,753221,mk,хуанг ан
57998060,753222,mk,банпу зхуанг
57998445,753227,mk,схенг йиа пу
57998522,753228,mk,уанг йиа зхуанг
57998599,753229,mk,зханг гонг пу
57998984,753234,mk,гуан зи ыу
57999061,753235,mk,лонг танг
57999138,753236,mk,беи зхао йиа зхуанг
57999292,753238,mk,Лиџијапу
57999369,753239,mk,бао хе
57999446,753240,mk,нинг йиа зхуанг
57999600,753242,mk,нан схи ху
57999677,753243,mk,сханг хуа таи
57999831,753245,mk,схи ху гоу мен
57999908,753246,mk,ге сханг
58000216,753250,mk,донг цхуантаи
58000370,753252,mk,схуанг ан зи
58000447,753253,mk,ыин схан коу
58000524,753254,mk,цха дао зи
58000601,753255,mk,сун йиа зхуанг
58000678,753256,mk,тан йиа гоу
58000755,753257,mk,фу ксинг
58001063,753261,mk,беи кинг ксинг
58001294,753264,mk,беи ли зхуанг
58001371,753265,mk,нан да пинг де
58001448,753266,mk,донг зхуанг
58001602,753268,mk,фен таи
58001679,753269,mk,ксие йиа гоу
58002064,753274,mk,лизханг гоу
58002218,753276,mk,гуан ыин танг
58002680,753282,mk,мен гуан
58002757,753283,mk,сан дао цхенг
58002834,753284,mk,та гоу
58003065,753287,mk,Донгксинџуангкун
58003604,753294,mk,лонг тан
58003758,753296,mk,зхоу йиа зхуанг
58003912,753298,mk,тонг цхуан
58003989,753299,mk,беи ксин зхуанг
58004220,753302,mk,бан дао гоу
58004297,753303,mk,баиыао зи
58004451,753305,mk,ксиао хе
58004528,753306,mk,ксиао нианзи гоу
58004605,753307,mk,фенг йиа зхуанг
58004682,753308,mk,Кситуанбу
58004759,753309,mk,ыу хуанг ан
58005144,753314,mk,ыангйиа зхуанг
58005221,753315,mk,уу йиа йиао
58005375,753317,mk,зханг ксианг гоу
58005452,753318,mk,йинг йиа тан
58005529,753319,mk,да дао гоу
58005606,753320,mk,сханг да дао гоу
58005683,753321,mk,миао ер ан
58005760,753322,mk,ба му де
58005837,753323,mk,беи цао цханг
58005914,753324,mk,танг зи линг
58005991,753325,mk,сханг пу
58006068,753326,mk,ма тиан линг
58006145,753327,mk,луо танг зи
58006299,753329,mk,нан схуи куан
58006376,753330,mk,е тоу
58006684,753334,mk,ыа йиа зхуанг
58006761,753335,mk,ыин лу таи
58006838,753336,mk,сханг ли луо
58006915,753337,mk,цхен йиа пу
58006992,753338,mk,Вангкван
58007069,753339,mk,хе нуан
58007685,753347,mk,тао йиа уан
58007762,753348,mk,ыан су ыа
58007839,753349,mk,сханг лао фанг
58007916,753350,mk,нан ыанг ыу
58008070,753352,mk,цаойиа зхуанг
58008147,753353,mk,ма куан
58008224,753354,mk,фу йиа ыу
58008378,753356,mk,ксиа лао фанг
58008455,753357,mk,рен схан
58008686,753360,mk,тао йиа ксиао зхуанг
58008763,753361,mk,ыинг ер
58008840,753362,mk,ксиао схи танг
58009071,753365,mk,ху зи ыу
58009148,753366,mk,ма ыи гоу
58009225,753367,mk,нао гоу мен
58009456,753370,mk,ни гоу
58009687,753373,mk,беи тун
58009841,753375,mk,нан хуанг ан
58009995,753377,mk,йин йиа зхуанг
58010072,753378,mk,беи ксиа зхуанг
58010149,753379,mk,хе беи
58010380,753382,mk,зхен йиа уан
58010688,753386,mk,лонг пан гоу
58010765,753387,mk,ху хаи
58010842,753388,mk,Кукун
58010996,753390,mk,киан гоу
58011150,753392,mk,куан ыу
58011227,753393,mk,гу дао цун
58011304,753394,mk,даи йиа миао
58011381,753395,mk,да муцханг
58011458,753396,mk,кси цао гоу
58011689,753399,mk,сонгсху таи
58011766,753400,mk,Танџијажуангкун
58011843,753401,mk,денг цао гоу
58011920,753402,mk,хоу куан фанг
58011997,753403,mk,зхоу цун
58012074,753404,mk,фенг лианггоу
58012151,753405,mk,кин уанг
58012228,753406,mk,схи ли уан
58012305,753407,mk,кси зхуанг
58012382,753408,mk,йиан зи гоу
58012613,753411,mk,донг лонг ху
58013152,753418,mk,лу йиа зхаи
58013229,753419,mk,уу ер ан
58013306,753420,mk,мин ан зхуанг
58013383,753421,mk,зханг йиа
58013537,753423,mk,туан ыуан
58013614,753424,mk,да нинг
58013691,753425,mk,схи пиан
58013922,753428,mk,зхуанг хуо
58013999,753429,mk,зхе ыао ыу
58014076,753430,mk,сханг цхенг коу
58014153,753431,mk,цаи ганг
58014307,753433,mk,ыи йиа пу
58014384,753434,mk,ми йиа уан
58014538,753436,mk,по схуи
58014769,753439,mk,доу йун уан
58014846,753440,mk,ыанцун
58014923,753441,mk,зхенг йиа зхуанг
58015231,753445,mk,ту ксианг коу
58015308,753446,mk,линг йи
58015385,753447,mk,лао ыуан
58015462,753448,mk,ыангда рен гоу
58015539,753449,mk,ксиао кси зхуанг
58015693,753451,mk,цхен йиа зхуанг
58015770,753452,mk,ксиа сенг гуан
58015847,753453,mk,зхаи гоу ли
58016155,753457,mk,беи да гоу
58016309,753459,mk,уу мен
58016463,753461,mk,ксин цхенг зхуанг
58016540,753462,mk,хеи схи гоу
58016694,753464,mk,лонг ху си
58016771,753465,mk,ма зхуанг ер
58016925,753467,mk,сханг зхуанг зи
58017695,753477,mk,схи ба пан
58017772,753478,mk,ксиао тан коу
58017849,753479,mk,хуанг хуа тан
58017926,753480,mk,ыангйиа таи
58018003,753481,mk,гуо схи танг
58018234,753484,mk,беи хуанг ту линг
58018311,753485,mk,да кси таи
58018542,753488,mk,йинг зи хуи
58018696,753490,mk,зхао ли уа
58018773,753491,mk,беи ниу лан
58018927,753493,mk,сха гуо ыуан
58019004,753494,mk,футу
58019158,753496,mk,да линг коу
58019466,753500,mk,нианпан гоу
58019620,753502,mk,йи дао ку
58019697,753503,mk,нан ма зхуанг
58019851,753505,mk,ксиао гуан цхенг
58019928,753506,mk,уанг тиан линг
58020005,753507,mk,сханг гонг
58020236,753510,mk,зхонг зхуанг зи
58020390,753512,mk,сан ыанйинг
58020467,753513,mk,цаи зхуанг зи
58020544,753514,mk,хуанг баи си
58020621,753515,mk,ксие таи
58020698,753516,mk,ыан зхи донг
58020852,753518,mk,Ксинглонг
58021006,753520,mk,фан таи
58021083,753521,mk,йиао сху зхуанг
58021160,753522,mk,фа уанггоу
58021237,753523,mk,цхен схи ан
58021853,753531,mk,коу зи тоу
58021930,753532,mk,дуи зи
58022007,753533,mk,Тиелингкуун
58022084,753534,mk,схи ыао гоу
58022161,753535,mk,хуанг ыа
58022315,753537,mk,хеи ыин таи
58022392,753538,mk,гао йиа гоу
58022469,753539,mk,муйиа гоу
58022623,753541,mk,денг йиа зхуанг
58022700,753542,mk,Путао
58022777,753543,mk,мози коу
58022931,753545,mk,йитаи
58023008,753546,mk,ксиа хе цаи
58023239,753549,mk,гао ер цун
58023316,753550,mk,гао ыи цун
58023393,753551,mk,кси зхао дун
58023470,753552,mk,Јанксу
58023547,753553,mk,ксиао фенг зхуанг
58023624,753554,mk,гуан уанг
58023701,753555,mk,да гуан зхуанг
58023855,753557,mk,хеи сха дун
58023932,753558,mk,фенг ыун
58024163,753561,mk,Ксијаожу
58024240,753562,mk,гуан даи
58024317,753563,mk,Ксинџуанг
58024471,753565,mk,лао фан
58024548,753566,mk,Ксијаохе
58024625,753567,mk,йианг гоу
58024779,753569,mk,йингнан зхуанг
58024856,753570,mk,йингыуан
58025010,753572,mk,цхен лиу
58025087,753573,mk,Џодлоу
58025472,753578,mk,лиу цхонг
58025549,753579,mk,цхен ниан
58025626,753580,mk,Лианхе
58025703,753581,mk,кси хонг
58025780,753582,mk,Ксудур
58026088,753586,mk,ыи беи
58026165,753587,mk,кси бао
58026242,753588,mk,киан сху ыао
58026396,753590,mk,зхуанг зхуанг
58026473,753591,mk,Женгџузи
58026627,753593,mk,гуанг ыу
58027166,753600,mk,цхен лоу
58027243,753601,mk,Ксијаоџијанг
58027320,753602,mk,цхен зхуанг
58027474,753604,mk,уанг да йиан
58027705,753607,mk,йиа фангзхуанг
58027782,753608,mk,Шанџуанг
58027859,753609,mk,Санхе
58027936,753610,mk,Тајпинг
58028013,753611,mk,Ксинжај
58028090,753612,mk,лонг хе
58028167,753613,mk,Жонгхе
58028321,753615,mk,йие фанг
58028552,753618,mk,донг линг
58028706,753620,mk,Џангсузи
58028783,753621,mk,по киао
58028937,753623,mk,ксин ху
58029091,753625,mk,ыао ху
58029322,753628,mk,Ксисија
58029630,753632,mk,Лингкси
58029707,753633,mk,схан ксу
58029938,753636,mk,диан ху
58030400,753642,mk,нан гоу
58030631,753645,mk,диан ху
58031478,753656,mk,ланг дун
58031786,753660,mk,фангзхуанг
58031940,753662,mk,йие йи
58032017,753663,mk,лу зхуанг
58032248,753666,mk,цаолин
58032402,753668,mk,уанг лиу
58032479,753669,mk,схен йинг
58033172,753678,mk,Хуаји
58033249,753679,mk,цао киао цун
58033326,753680,mk,гу дун
58033403,753681,mk,гуо ыуан
58033480,753682,mk,Сиванг
58034019,753689,mk,фан зхуанг
58034404,753694,mk,гуан йие
58034635,753697,mk,ту лоу
58034789,753699,mk,зхуанг лин
58034943,753701,mk,Вангчанг
58035020,753702,mk,занг ксу
58035097,753703,mk,уанг фан
58035251,753705,mk,схуанг зхуанг
58035328,753706,mk,Луксу
58035482,753708,mk,Миаоксу
58035636,753710,mk,схенг ли
58035713,753711,mk,ыангцханг
58035790,753712,mk,лиу зхаи
58036021,753715,mk,Вудун
58036098,753716,mk,мао лин
58036175,753717,mk,зханг миао
58036483,753721,mk,даи гоу
58037176,753730,mk,ки гоу
58037484,753734,mk,Тангџуанг
58037561,753735,mk,бу ху
58037792,753738,mk,Хонгки
58037869,753739,mk,гу зхуанг
58037946,753740,mk,ыао лиан
58038023,753741,mk,Вангсу
58038100,753742,mk,ыан зхуанг
58038331,753745,mk,Шиксу
58038408,753746,mk,ни дун
58038485,753747,mk,зханг дун
58038562,753748,mk,Ксијаојан
58038870,753752,mk,Дингхаи
58039486,753760,mk,Ксу' ан
58039640,753762,mk,Бализхуанг
58039717,753763,mk,Гуаныанг
58039948,753766,mk,Ыифенцханг
58040025,753767,mk,Ксинлонг
58040102,753768,mk,Џиангпу
58040256,753770,mk,Лаогудун
58040333,753771,mk,Ксиаобузи
58040410,753772,mk,Беицхен Ерцун
58040487,753773,mk,Беицхен Ыицун
58040641,753775,mk,Ксисханхоу
58040718,753776,mk,Донгсханхоу
58040795,753777,mk,Хоудаиыи
58040872,753778,mk,Киандаиыи
58040949,753779,mk,Џиулонг
58041026,753780,mk,Гегоу
58041103,753781,mk,Лиуйин
58041180,753782,mk,Ханху
58041334,753784,mk,Дагуанзхуанг
58041488,753786,mk,Ксингзхуанглинг
58041565,753787,mk,Донглинг
58041796,753790,mk,Тусхан
58041873,753791,mk,Донгбу
58041950,753792,mk,Ксидингуанг
58042027,753793,mk,Ксибу
58042104,753794,mk,Џури
58042181,753795,mk,Џиахе
58042258,753796,mk,Схиху
58042335,753797,mk,Џиахе
58042489,753799,mk,Цхендун
58042566,753800,mk,Ксинсху
58042643,753801,mk,Сонгуу
58043105,753807,mk,Дајао
58043182,753808,mk,Нанван
58043413,753811,mk,нан ганг зхуанг
58043490,753812,mk,лулин йун
58043875,753817,mk,ыу мин
58043952,753818,mk,сханг миао
58044106,753820,mk,нан зханг зхуанг
58044337,753823,mk,да хе танг
58044414,753824,mk,руи коу
58044491,753825,mk,хуанг ыан пу
58044722,753828,mk,танг хуа линг
58044799,753829,mk,гао ху
58045030,753832,mk,цанг беи
58045107,753833,mk,сханг йинг
58045184,753834,mk,паи сханг
58045261,753835,mk,сханг гуан
58045338,753836,mk,лонг ыуан
58045492,753838,mk,Џангкиао
58045569,753839,mk,сханг лао цун
58045646,753840,mk,донг ге уан
58045800,753842,mk,Луксија
58046031,753845,mk,зхусхан уан
58046108,753846,mk,хуанг ни ху
58046185,753847,mk,схи йинг лонг
58046339,753849,mk,е гонг танг
58046416,753850,mk,Жаисија
58046647,753853,mk,лао уу цхонг
58046724,753854,mk,лао уу
58046801,753855,mk,хуанг гу уан
58046878,753856,mk,Шимен
58047648,753866,mk,зхонг йиа уан
58047802,753868,mk,ма нан ан
58047879,753869,mk,хуанг фенг зхаи
58047956,753870,mk,уен дан цхонг
58048187,753873,mk,ан ксиа
58048418,753876,mk,зханг йианг
58048495,753877,mk,бан тиан ксинг
58048572,753878,mk,Беизмијан
58048649,753879,mk,йиан кенг
58048803,753881,mk,Џиубеи
58049034,753884,mk,ронг гонг
58049111,753885,mk,ксиа уу зи йиа
58049188,753886,mk,гао хе тан
58049265,753887,mk,фанг линг
58049496,753890,mk,Шангшан
58049650,753892,mk,схао сханг цун
58049727,753893,mk,Лајву
58049881,753895,mk,йинг зипу
58050189,753899,mk,хенгтанг
58050574,753904,mk,баисхи линг
58050651,753905,mk,пу танг
58050728,753906,mk,схи би тоу
58050805,753907,mk,кси уан
58050959,753909,mk,да ба ли
58051036,753910,mk,схи хетанг
58051267,753913,mk,Шангву
58051498,753916,mk,канг йиа уан
58051575,753917,mk,кси цхонг
58051806,753920,mk,лутиан
58051883,753921,mk,донг ли
58051960,753922,mk,Нанму
58052114,753924,mk,Далонг
58052191,753925,mk,линг сханг
58052268,753926,mk,ксиан тоу линг
58053038,753936,mk,Ксинфанг
58053192,753938,mk,зханг йиа линг
58053423,753941,mk,Џангтианксу
58053577,753943,mk,Вуџијаван
58053654,753944,mk,йинг схуи уан
58053731,753945,mk,нан цхонг
58053808,753946,mk,Дау
58053962,753948,mk,да беи танг
58054270,753952,mk,ыуан йиа уан
58054501,753955,mk,бан йинг
58056580,753982,mk,да уу лу йиа
58056657,753983,mk,ксиа гу
58056965,753987,mk,беи танг
58057735,753997,mk,цхен гу
58057812,753998,mk,луо йиа схан
58058197,754003,mk,цао йиао ыуан
58058428,754006,mk,пинг уан
58058505,754007,mk,ксиан нианг по йинг
58058582,754008,mk,нан мукиао
58058736,754010,mk,Малаи
58058967,754013,mk,цаи пенг цхонг
58059044,754014,mk,гао йи лонг
58059121,754015,mk,луо йиа
58059198,754016,mk,зханг гу
58059352,754018,mk,ксиао ыуан
58059429,754019,mk,цао танг беи
58059506,754020,mk,да ыуан
58059660,754022,mk,лу йиа линг
58059891,754025,mk,хенгсхан ли
58060045,754027,mk,сханг уан
58060122,754028,mk,зхусхан беи
58060199,754029,mk,цаоба цхонг
58060430,754032,mk,зхонг схан пинг
58060507,754033,mk,мао да танг
58060738,754036,mk,ыи йиа ли
58060892,754038,mk,Гаотанг
58060969,754039,mk,мао танг
58061046,754040,mk,баизханг зхаи
58061200,754042,mk,кинг схуи йинг
58061431,754045,mk,пинг ксинг
58061893,754051,mk,сханг биан
58062124,754054,mk,лао уан
58062201,754055,mk,гао ма тоу
58062509,754059,mk,Чангјуан
58062586,754060,mk,Дапинг
58062663,754061,mk,лао уу ли
58062894,754064,mk,лао ан ли
58063048,754066,mk,зху схан ли
58063125,754067,mk,лонг коу схан
58063202,754068,mk,гу танг схан
58063279,754069,mk,ма танг
58063356,754070,mk,уу ыа линг
58063433,754071,mk,Кјаобијан
58063972,754078,mk,цхаобо лонг
58064203,754081,mk,схи гу
58064357,754083,mk,схан тиан ао
58064742,754088,mk,схи лиао
58064896,754090,mk,Зенѓија
58064973,754091,mk,цаойиа
58065050,754092,mk,ксиан йиао ксиа
58065127,754093,mk,йун уан
58065281,754095,mk,леи йиа
58065512,754098,mk,йин пен
58065589,754099,mk,лаи йиа
58065666,754100,mk,Бајанг
58065743,754101,mk,Шиван
58065897,754103,mk,луо йиа уан
58065974,754104,mk,Лаовуван
58066128,754106,mk,гуанг ыи
58066205,754107,mk,сан танг ао
58066359,754109,mk,Вулипаи
58066436,754110,mk,ыуан му
58066590,754112,mk,Шуику
58066821,754115,mk,схи ба дун
58066898,754116,mk,зхан хетанг
58066975,754117,mk,фенг ксинг уан
58067052,754118,mk,ыоууу денг йиа
58067129,754119,mk,Датанг
58067206,754120,mk,тиан мууан
58067283,754121,mk,кан пинг
58067514,754124,mk,йианг биан йианг йиа
58067976,754130,mk,хуанг зи танг
58068207,754133,mk,ге хуа пинг
58068284,754134,mk,Таунгуп
58068361,754135,mk,миекенг
58068438,754136,mk,Уруги
58069516,754150,mk,ыанг йиа фанг
58069593,754151,mk,Чангтанг
58069824,754154,mk,лисху ксиа
58069901,754155,mk,луо йиа уан
58069978,754156,mk,йин гоу уан
58070055,754157,mk,таи уанли
58070440,754162,mk,зхе цхонг
58070594,754164,mk,тиан ксин ли
58070671,754165,mk,сханг донг
58070825,754167,mk,пинг де
58070902,754168,mk,да зи йианг
58071133,754171,mk,йианг хуа
58071364,754174,mk,схи зи кенг
58072673,754191,mk,да цхенг схан
58072904,754194,mk,Веизиван
58072981,754195,mk,ксиа ли йиа
58073212,754198,mk,луо йиа уан
58073289,754199,mk,Баринг
58074136,754210,mk,ли йиа да уан
58074213,754211,mk,туи сханг уан
58074521,754215,mk,йиан тиан зхоу
58074598,754216,mk,ксин уанли
58074983,754221,mk,тан йиа
58075060,754222,mk,меи зи танг
58075291,754225,mk,ао сханг цун
58075599,754229,mk,тиан схи
58075676,754230,mk,сханг кси кенг
58075753,754231,mk,сонг йиа цхонг
58076138,754236,mk,цаойиа уан
58076523,754241,mk,луо схан пинг
58076677,754243,mk,зи йиа
58076831,754245,mk,сан йиа киао
58076908,754246,mk,Танксија
58076985,754247,mk,хао ксиа
58077216,754250,mk,хенгцхонг
58077293,754251,mk,фан мен ао
58077524,754254,mk,Квантанг Зенгџија
58077601,754255,mk,хе гуанг
58077678,754256,mk,ер фанг уан
58077755,754257,mk,ли йиа уан
58077909,754259,mk,Шилинг
58078217,754263,mk,ыанг цхен донг
58078294,754264,mk,схан сху ксиа
58078371,754265,mk,цхи зхупинг
58078448,754266,mk,Ксикенг
58078602,754268,mk,гуан ди миао
58078679,754269,mk,зханг йиа пу
58078756,754270,mk,йин пен
58078833,754271,mk,тонг схуи пу
58078910,754272,mk,линг беи цхонг
58078987,754273,mk,гао фанг
58079064,754274,mk,ксиао ыуан
58079141,754275,mk,хоу беи донг
58079218,754276,mk,ыуан йиа уан
58079295,754277,mk,донг йианг коу тао йиа
58079372,754278,mk,схи йинг лонг
58079449,754279,mk,хе фанг
58079603,754281,mk,тонг луо зхоу
58079680,754282,mk,зхонг ниу схи
58079834,754284,mk,Дакенг
58080065,754287,mk,Ксијаотјанксу
58080219,754289,mk,сха танг
58080373,754291,mk,хуа йиа киу
58080912,754298,mk,хуанг сха танг
58081220,754302,mk,ху тиан
58081297,754303,mk,хуанг хуа лонг
58081374,754304,mk,миао ксиа цун
58081605,754307,mk,сханг уен ди
58081682,754308,mk,сха фен
58081759,754309,mk,дао танг
58081913,754311,mk,схуанг йианг
58081990,754312,mk,Јангвузуи
58082067,754313,mk,танг йиа да уу
58082221,754315,mk,луо бо цхонг
58082452,754318,mk,Шипуван
58082606,754320,mk,тие кенг
58082760,754322,mk,цхун тоу уан
58082837,754323,mk,да уу цхен йиа
58082914,754324,mk,да киао тоу
58082991,754325,mk,лонг ксиа
58083068,754326,mk,ыа танг зи йиа
58083145,754327,mk,зханг тиан ао
58083299,754329,mk,сханг ыинг
58083453,754331,mk,нан линг беи
58083530,754332,mk,зхенг йиа лонг
58083607,754333,mk,гао ли цхонг
58083684,754334,mk,гуан лонг
58083838,754336,mk,сханг миан ыанг лонг
58084146,754340,mk,зхонг йиа
58084839,754349,mk,луо йиа танг
58084916,754350,mk,лонг йиа
58084993,754351,mk,лиу схи дан
58085070,754352,mk,зи уу танг
58085224,754354,mk,схе би зуи
58085378,754356,mk,танг йиа цхонг
58085455,754357,mk,донг коу
58085763,754361,mk,лианг киао
58085840,754362,mk,пан ни цхонг
58085917,754363,mk,цхен гоу цхонг
58085994,754364,mk,Тули
58086225,754367,mk,Дау
58086533,754371,mk,дао уо ли
58086687,754373,mk,да гу танг
58086764,754374,mk,донг мао лонг
58086918,754376,mk,Ксиапу
58086995,754377,mk,ле ли донг
58087380,754382,mk,тао линг
58087457,754383,mk,схуи ла лонг
58087534,754384,mk,ыангцхе
58087611,754385,mk,Шимен
58087688,754386,mk,тао сху уан
58087765,754387,mk,Вангжу
58087842,754388,mk,Ксинјуан
58087996,754390,mk,ыоупу
58088073,754391,mk,уу йиа зхоу
58088150,754392,mk,ху ксинг зхоу
58088381,754395,mk,ксианг йианг коу
58088458,754396,mk,ыи коу ду
58088612,754398,mk,лианг йианг коу
58088689,754399,mk,да уу ли
58088766,754400,mk,лао уу
58088843,754401,mk,Кјуџија
58088997,754403,mk,цао танг цхонг
58089074,754404,mk,пинг зхоу
58089228,754406,mk,лу танг беи
58089613,754411,mk,ыан зхупинг
58089921,754415,mk,хуанг йиа
58090152,754418,mk,Вуџија
58090229,754419,mk,баимао хе йиа
58090306,754420,mk,лонг танг
58090383,754421,mk,Фенгпинг
58090460,754422,mk,да ниао ао
58090537,754423,mk,хе сху ксиа
58090614,754424,mk,Шуијуан
58090691,754425,mk,Гаоу
58090768,754426,mk,Дадонг
58090845,754427,mk,нонг ке
58090999,754429,mk,ксин уу ли
58091153,754431,mk,гоу ма цхонг
58091307,754433,mk,схи танг
58091384,754434,mk,зхоу йиа
58091461,754435,mk,зхонг донг
58091538,754436,mk,лан пенг
58091692,754438,mk,донг цхонг
58091769,754439,mk,ниу танг ли
58091846,754440,mk,ыин тиан донг
58091923,754441,mk,ху биан
58092154,754444,mk,ыангсху
58092231,754445,mk,сонглин
58092308,754446,mk,хуанг ыангсхан
58092385,754447,mk,сханг схи хепинг
58092462,754448,mk,ан схан ксиа
58092539,754449,mk,мууан
58092616,754450,mk,цао пинг
58092693,754451,mk,ксинг сху ксиа
58092770,754452,mk,Шанксија
58092847,754453,mk,Лонгбо
58092924,754454,mk,хуа схи
58093078,754456,mk,ксин уу ли
58093155,754457,mk,схегонг миао
58093232,754458,mk,лиу йиа уан
58093309,754459,mk,Гуанкиао
58093386,754460,mk,фу йиа
58093463,754461,mk,Пингху
58093540,754462,mk,лианг йиа ао
58093617,754463,mk,фу йиа
58093771,754465,mk,зха цхонг
58094156,754470,mk,да ксуан танг
58094233,754471,mk,Дакенг
58094464,754474,mk,да фанг
58094772,754478,mk,ыоу йианг
58094849,754479,mk,хуа схи ао
58094926,754480,mk,тие кенг
58095003,754481,mk,сханг уан
58095080,754482,mk,йианг ли
58095157,754483,mk,паи лоуксиа
58095311,754485,mk,ао линг
58095465,754487,mk,ксуе тоу линг
58095542,754488,mk,мо хуан
58095850,754492,mk,зи йиа
58095927,754493,mk,Лизи
58096158,754496,mk,ку зхоу тан
58096389,754499,mk,Ксијатанг
58096543,754501,mk,тинг тоу беи
58096697,754503,mk,Макијао
58096928,754506,mk,си ыантанг
58097005,754507,mk,луо йиа
58097082,754508,mk,хуанг схи
58097159,754509,mk,лонг ксинг бо
58097236,754510,mk,сху тоу ксиа
58097544,754514,mk,Ваву Жуџија
58097621,754515,mk,пу зи ли
58097698,754516,mk,хуанг ни танг
58097775,754517,mk,тиан ао
58097852,754518,mk,уу йиа ао
58097929,754519,mk,ыан йиа
58098006,754520,mk,ер йиа
58098083,754521,mk,хуанг донг
58098314,754524,mk,мугуо
58098391,754525,mk,ксиао сонгбаи
58098699,754529,mk,пенг ли
58099238,754536,mk,ыан зхуху
58099700,754542,mk,схуи ыа лонг
58099777,754543,mk,донг линг
58099854,754544,mk,лианг схан
58099931,754545,mk,лиу йиа
58100008,754546,mk,ыоу зи ыуан
58100085,754547,mk,Ксиеџа
58100239,754549,mk,тонг му
58100316,754550,mk,Јантангсу
58100470,754552,mk,гу лоудонг
58100547,754553,mk,ксиа ан
58100624,754554,mk,паи схан миао
58100701,754555,mk,Миаобеи
58100855,754557,mk,гао фенг
58100932,754558,mk,лонг йиа
58101009,754559,mk,Џиангкун
58101163,754561,mk,йин хуа
58101394,754564,mk,миао зи лонг
58101933,754571,mk,тао лин
58102164,754574,mk,Жекси
58102241,754575,mk,феи йианг
58102549,754579,mk,ма ан донг
58102626,754580,mk,ыинг пинг
58102703,754581,mk,Чанглонг
58102857,754583,mk,Буџија
58102934,754584,mk,схи би ксиа
58103011,754585,mk,танг йиа ао
58103242,754588,mk,Дапинг
58103319,754589,mk,ыангмеи танг
58103396,754590,mk,Шиванг
58103473,754591,mk,ба йиа
58103550,754592,mk,Џианксинцун
58103704,754594,mk,ба ксинг
58103781,754595,mk,феи схи ыан
58104012,754598,mk,зхусхан уан
58104089,754599,mk,ма гуо схи
58104166,754600,mk,зхонг уен цхонг
58104243,754601,mk,цаойиа
58104320,754602,mk,уен йиа фен
58104397,754603,mk,йиа лу коу
58104474,754604,mk,йиан тоу
58104551,754605,mk,цхен йиа
58104628,754606,mk,Таншан
58104782,754608,mk,ксиао йиа цхонг
58104936,754610,mk,цхе ду
58105167,754613,mk,гао ао ксиа
58106168,754626,mk,нан фенг
58106245,754627,mk,дуи йиу цхонг
58106399,754629,mk,бао зхоу
58106630,754632,mk,зхусхан ксиа
58106707,754633,mk,зу схан ксиа
58106861,754635,mk,баимао цхонг
58106938,754636,mk,цаойиа
58107169,754639,mk,сан дан киу
58107246,754640,mk,Дапинг
58107554,754644,mk,Ванѓија
58107631,754645,mk,ниу хенгцхонг
58107708,754646,mk,схуи лонг ли
58107785,754647,mk,зханг йиа пинг
58108016,754650,mk,ыангмеи тан
58108093,754651,mk,да фенг лонг
58108170,754652,mk,ксиао пикенг
58108401,754655,mk,ксин уу ли
58108863,754661,mk,луан схан ли
58109017,754663,mk,Шуику
58109094,754664,mk,йие схи
58109402,754668,mk,хуанг йиа лонг
58109479,754669,mk,ли уанг миао
58109556,754670,mk,ан зи сханг
58109633,754671,mk,хуанг мао лонг
58109864,754674,mk,Зенѓија
58109941,754675,mk,йин зхулинг
58110018,754676,mk,сханг уан
58110095,754677,mk,ксианг меи
58110172,754678,mk,Зуошусија
58110249,754679,mk,Чиши
58110480,754682,mk,нуан схуи йианг
58110634,754684,mk,да уо ли
58110711,754685,mk,ыан лао сханг
58110865,754687,mk,схан по
58110942,754688,mk,ксиа хе цхун
58111096,754690,mk,тан йиа линг
58111327,754693,mk,ыан йиа цхонг
58111481,754695,mk,донг зао лонг
58111635,754697,mk,хуанг пао
58111712,754698,mk,Тајпинг
58111789,754699,mk,кинг ки
58111866,754700,mk,лан схан пенг
58111943,754701,mk,миао схан
58112097,754703,mk,лан ни ху
58112174,754704,mk,лао уу ли
58112251,754705,mk,си биан
58112328,754706,mk,Ксиаоксу
58112405,754707,mk,хуанг тиан лонг
58112559,754709,mk,динг сханг цун
58112713,754711,mk,уеи кианг
58112867,754713,mk,да тиан ао
58113098,754716,mk,зхоу йиа ао
58113252,754718,mk,схан сху паи
58113329,754719,mk,цаойиа
58113406,754720,mk,зхонг пенг
58113560,754722,mk,фенг мупинг
58113637,754723,mk,да куан линг
58113791,754725,mk,кси цхонг
58113868,754726,mk,ху ыанг ли
58113945,754727,mk,схи биан танг
58114022,754728,mk,ксианг тоу донг
58114099,754729,mk,да паи
58114176,754730,mk,хенгйи цхонг
58114253,754731,mk,ыанг хуопинг
58114330,754732,mk,леи йиа уан
58114407,754733,mk,ни беи цхонг
58114484,754734,mk,да танг уан
58114638,754736,mk,бан линг
58114792,754738,mk,да йиан тоу
