id,city_id,language_key,name
348122742,4521075,mn,Гридли
348123204,4521081,mn,Гровеланд
348123358,4521083,mn,Гилфорд
348123435,4521084,mn,Гулфпорт
348123512,4521085,mn,Гурнее
348123743,4521088,mn,Хахнаман
348123820,4521089,mn,Хаинесвилле
348124282,4521095,mn,Хамилтон
348124513,4521098,mn,Хэмпшир
348124590,4521099,mn,Хамптон
348124667,4521100,mn,Ханна Циты
348124744,4521101,mn,Ганновер
348124821,4521102,mn,Хановер Парк
348124975,4521104,mn,Хардинг
348125129,4521106,mn,Хармон
348125668,4521113,mn,Харрисон
348125899,4521116,mn,Хартланд
348125976,4521117,mn,Хартсбург
348126130,4521119,mn,Харвард
348126284,4521121,mn,Харви
348126361,4521122,mn,Харуоод Хеигхтс
348126592,4521125,mn,Долоогон Вудс
348126746,4521127,mn,Долоогон Вудс
348126823,4521128,mn,Хазел Црест
348127208,4521133,mn,Хеброн
348127670,4521139,mn,Хендерсон
348127978,4521143,mn,Хеннепин
348128055,4521144,mn,Хеннинг
348128132,4521145,mn,Генри
348128440,4521149,mn,Херсцхер
348128517,4521150,mn,Хейворт
348128825,4521154,mn,Хикори Хиллс
348129826,4521167,mn,Хигхланд Парк
348130057,4521170,mn,Хайвуд
348130134,4521171,mn,Хиллкрест
348130288,4521173,mn,Хиллсиде
348130596,4521177,mn,Хинцклеы
348130750,4521179,mn,Хиллсдейл
348130827,4521180,mn,Хинсдале
348131058,4521183,mn,Ходгкинс
348131135,4521184,mn,Хоффман Естатес
348131289,4521186,mn,Холцомб
348131366,4521187,mn,Холцомбвилле Цорнерс
348131520,4521189,mn,Амралтын Толгод
348131597,4521190,mn,Холлис
348131674,4521191,mn,Холлоуаывилле
348131828,4521193,mn,Гомер
348131905,4521194,mn,Хомер Глен
348131982,4521195,mn,Төрөлх хот
348132136,4521197,mn,Хомеуоод
348132367,4521200,mn,Хоопестон
348132444,4521201,mn,Новополие
348132598,4521203,mn,Хопедале
348132675,4521204,mn,Хоупвелл
348132752,4521205,mn,Хопкинс Парк
348133060,4521209,mn,Хоуе Терраце
348133291,4521212,mn,Худсон
348133445,4521214,mn,Хунтлеы
348133522,4521215,mn,Хантсвилл
348134215,4521224,mn,Иллиноис Циты
348134369,4521226,mn,Энэтхэгийн Крик
348134446,4521227,mn,Индиан Хеад Парк
348134677,4521230,mn,Аж үйлдвэр
348134754,4521231,mn,Ингаллс Парк
348135139,4521236,mn,Инвернесс
348135293,4521238,mn,Ипава
348135524,4521241,mn,Ирокез
348135601,4521242,mn,Ирвин
348135678,4521243,mn,Исланд Лаке
348135832,4521245,mn,Итасца
348136294,4521251,mn,Йохнсбург
348136371,4521252,mn,Жонсонвилл
348136448,4521253,mn,Йолиет
348136602,4521255,mn,Йослин
348136679,4521256,mn,Баяр баясгалан
348136756,4521257,mn,Йустице
348136910,4521259,mn,Хүннэвелл
348136987,4521260,mn,Канглеы
348137064,4521261,mn,Канкакее
348137141,4521262,mn,Каппа
348137449,4521266,mn,Кеитхсбург
348137603,4521268,mn,Келлеы Цорнерс
348137834,4521271,mn,Кенилворт
348137988,4521273,mn,Кеннеы
348138065,4521274,mn,Кент
348138450,4521279,mn,Кевани
348138604,4521281,mn,Кикапу
348138681,4521282,mn,Килбоурне
348138758,4521283,mn,Килдеер
348139066,4521287,mn,Кингстон
348139143,4521288,mn,Кингстон Минес
348139220,4521289,mn,Кинсман
348139297,4521290,mn,Киркланд
348139374,4521291,mn,Кирквүүд
348139913,4521298,mn,Ноллвуд
348140067,4521300,mn,Ноксвилл
348140606,4521307,mn,Ла Гранге
348140683,4521308,mn,Ла Гранге Парк
348140760,4521309,mn,Ла Харпе
348140914,4521311,mn,Ла Моилле
348140991,4521312,mn,Ла Праирие
348141068,4521313,mn,Ла Росе
348141145,4521314,mn,Ла Салле
348141299,4521316,mn,Лакон
348141376,4521317,mn,Ладд
348141453,4521318,mn,Лафайетт
348141607,4521320,mn,Лаке Баррингтон
348141684,4521321,mn,Блафф нуур
348141761,4521322,mn,Лаке Цатхерине
348141992,4521325,mn,Ой нуур
348142146,4521327,mn,Лаке Суммерсет
348142300,4521329,mn,Лаке Вилла
348142377,4521330,mn,Лаке Зурицх
348142454,4521331,mn,Лаке ин тхе Хиллс
348142531,4521332,mn,Модны нуур
348142608,4521333,mn,Лакемоор
348142839,4521336,mn,Лейквүүд
348142916,4521337,mn,Лакеуоод Схорес
348143070,4521339,mn,Ланарк
348143224,4521341,mn,Лане
348143455,4521344,mn,Лансинг
348144071,4521352,mn,Ле Роы
348144148,4521353,mn,Навч гол
348144225,4521354,mn,Ли
348144302,4521355,mn,Лее Центер
348144764,4521361,mn,Леланд
348144841,4521362,mn,Лемонт
348144995,4521364,mn,Леонард
348145072,4521365,mn,Леоноре
348145303,4521368,mn,Льюистаун
348145380,4521369,mn,Лексингтон
348145457,4521370,mn,Либертивилл
348145842,4521375,mn,Лилы Лаке
348145996,4521377,mn,Лима
348146073,4521378,mn,Линкольн
348146304,4521381,mn,Линкольншир
348146381,4521382,mn,Линцолнуоод
348146535,4521384,mn,Линденхурст
348146689,4521386,mn,Лисбон
348146920,4521389,mn,Лисле
348147305,4521394,mn,Литтле Ыорк
348147382,4521395,mn,Литтлетон
348147459,4521396,mn,Ливерпүүл
348147613,4521398,mn,Лоцкпорт
348147690,4521399,mn,Лода
348147998,4521403,mn,Ломакс
348148075,4521404,mn,Ломбард
348148229,4521406,mn,Лондон Миллс
348148537,4521410,mn,Лонг Грове
348148614,4521411,mn,Лонг Лаке
348148691,4521412,mn,Урт цэг
348149076,4521417,mn,Лораине
348149153,4521418,mn,Лоран
348149461,4521422,mn,Алдагдсан үндэстэн
348149538,4521423,mn,Лостант
348149846,4521427,mn,Ловес Парк
348150154,4521431,mn,Людлоу
348150308,4521433,mn,Лындон
348150385,4521434,mn,Лынн Центер
348150462,4521435,mn,Линвуд
348150539,4521436,mn,Линвуд
348150616,4521437,mn,Лион
348150693,4521438,mn,Мацхеснеы Парк
348150770,4521439,mn,Маккинав
348150924,4521441,mn,Мацомб
348151001,4521442,mn,Замбага цэцэг
348151078,4521443,mn,Махомет
348151155,4521444,mn,Малден
348151386,4521447,mn,Мальта
348151617,4521450,mn,Манхаттан
348151694,4521451,mn,Манито
348151848,4521453,mn,Манлиус
348152002,4521455,mn,Мэнсфилд
348152079,4521456,mn,Мантено
348152233,4521458,mn,Мапле Леаф Естатес
348152310,4521459,mn,Агч Цэцэрлэгт Хүрээлэн
348152464,4521461,mn,Мэплтон
348152541,4521462,mn,Макон
348152695,4521464,mn,Марцеллине
348152772,4521465,mn,Марцус
348152849,4521466,mn,Маренго
348152926,4521467,mn,Мариетта
348153003,4521468,mn,Марк
348153080,4521469,mn,Маркхам
348153234,4521471,mn,Мароа
348153388,4521473,mn,Маркуетте Хеигхтс
348153465,4521474,mn,Марсель
348153619,4521476,mn,Мартинтон
348153773,4521478,mn,Матаван
348153927,4521480,mn,Мейсон хот
348154235,4521484,mn,Матхервилле
348154312,4521485,mn,Маттесон
348154697,4521490,mn,Мэйвуд
348154774,4521491,mn,Мазон
348155082,4521495,mn,Маккүк
348155236,4521497,mn,МцЦуллом Лаке
348155467,4521500,mn,МцХенры
348155544,4521501,mn,МцЛеан
348155621,4521502,mn,МцНабб
348155929,4521506,mn,Хэвлэл мэдээлэл
348156160,4521509,mn,Мелросе Парк
348156237,4521510,mn,Мелвин
348156314,4521511,mn,Мендон
348156391,4521512,mn,Мендота
348156468,4521513,mn,Меноминее
348156622,4521515,mn,Мериден
348156776,4521517,mn,Меррионетте Парк
348156853,4521518,mn,Мец
348157007,4521520,mn,Меттава
348157315,4521524,mn,Миддлекрек
348157469,4521526,mn,Миддлтаун
348157623,4521528,mn,Мидлотхиан
348157854,4521531,mn,Милан
348157931,4521532,mn,Милфорд
348158085,4521534,mn,Миллвуд
348158162,4521535,mn,Милледгевилле
348158239,4521536,mn,Миллбрук
348158470,4521539,mn,Миллингтон
348158855,4521544,mn,Минерал
348159009,4521546,mn,Миниер
348159086,4521547,mn,Минонк
348159163,4521548,mn,Миноока
348159548,4521553,mn,Мокена
348159625,4521554,mn,Молине
348159702,4521555,mn,Моменце
348159856,4521557,mn,Монее
348160010,4521559,mn,Монмут
348160087,4521560,mn,Монрое Центер
348160241,4521562,mn,Монтгомери
348160318,4521563,mn,Монтичелло
348160472,4521565,mn,Моорес Цорнер
348160857,4521570,mn,Моррис
348160934,4521571,mn,Моррисон
348161319,4521576,mn,Москва
348161396,4521577,mn,Мортон Грове
348161473,4521578,mn,Моссвилле
348161550,4521579,mn,Моунт Царролл
348161627,4521580,mn,Моррис уул
348161781,4521582,mn,Моунт Проспецт
348161858,4521583,mn,Моунт Пуласки
348162012,4521585,mn,Мунцие
348162089,4521586,mn,Мунделеин
348162474,4521591,mn,Нацхуса
348162551,4521592,mn,Напервилле
348162628,4521593,mn,Наплате
348162859,4521596,mn,Науву
348163013,4521598,mn,Нелсон
348163090,4521599,mn,Невада
348163167,4521600,mn,Неу Бедфорд
348163244,4521601,mn,Шинэ Бостон
348163321,4521602,mn,Шинэ Холланд
348163475,4521604,mn,Шинэ Ленокс
348163552,4521605,mn,Неу Милфорд
348163706,4521607,mn,Шинэ Виндзор
348163783,4521608,mn,Ньюарк
348163937,4521610,mn,Неумансвилле
348164168,4521613,mn,Неттле Цреек
348164245,4521614,mn,Нилс
348164399,4521616,mn,Нора
348164476,4521617,mn,Ердийн
348164707,4521620,mn,Норридге
348164784,4521621,mn,Норрис
348164861,4521622,mn,Нортх Аурора
348164938,4521623,mn,Нортх Баррингтон
348165015,4521624,mn,Нортх Цхицаго
348165323,4521628,mn,Нортх Хановер
348165400,4521629,mn,Нортх Хендерсон
348165631,4521632,mn,Нортх Пекин
348165708,4521633,mn,Нортх Пеориа
348165939,4521636,mn,Нортх Риверсиде
348166093,4521638,mn,Норвуд
348166170,4521639,mn,Нортфилд
348166324,4521641,mn,Нортхлаке
348166401,4521642,mn,Нортвилл
348166632,4521645,mn,Норвуд
348166863,4521648,mn,Оак Броок
348166940,4521649,mn,Оак ой
348167017,4521650,mn,Царс Төгөл
348167094,4521651,mn,Царс Төгөл
348167248,4521653,mn,Царс Зүлэг
348167402,4521655,mn,ОАК Парк
348167556,4521657,mn,Оак Рун
348167710,4521659,mn,Оакброок Терраце
348167787,4521660,mn,Оакфорд
348168095,4521664,mn,Оаквуд
348168172,4521665,mn,Оакуоод Хиллс
348168403,4521668,mn,Оделл
348168480,4521669,mn,Огдэн
348168634,4521671,mn,Оглесбы
348168711,4521672,mn,Охио
348168865,4521674,mn,Олд Милл Цреек
348169250,4521679,mn,Олымпиа Фиелдс
348169327,4521680,mn,Онарга
348169404,4521681,mn,Онецо
348169481,4521682,mn,Онида
348169635,4521684,mn,Опхием
348169712,4521685,mn,Окавка
348169943,4521688,mn,Оранжвилл
348170020,4521689,mn,Орегон
348170097,4521690,mn,Орион
348170174,4521691,mn,Орланд Хиллс
348170251,4521692,mn,Орланд Парк
348170559,4521696,mn,Осцо
348170790,4521699,mn,Освего
348170867,4521700,mn,Оттава
348170944,4521701,mn,Отто
348171252,4521705,mn,Палатине
348171560,4521709,mn,Пальмира
348171637,4521710,mn,Палома
348171714,4521711,mn,Палос Хеигхтс
348171791,4521712,mn,Палос Хиллс
348171868,4521713,mn,Палос Парк
348171945,4521714,mn,Панола
348172022,4521715,mn,Аа Пиин Яе Кяв
348172099,4521716,mn,Парк Циты
348172176,4521717,mn,Парк Форест
348172253,4521718,mn,Парк Ридге
348172715,4521724,mn,Тавхай Тавхай
348172792,4521725,mn,Пакстон
348173023,4521728,mn,Пеарл Циты
348173177,4521730,mn,Пецатоница
348173254,4521731,mn,Пекин
348173485,4521734,mn,Пенфилд
348173716,4521737,mn,Пеориа
348173793,4521738,mn,Пеориа Хеигхтс
348173870,4521739,mn,Пеотоне
348174101,4521742,mn,Перу
348174178,4521743,mn,Петербург
348174640,4521749,mn,Пхило
348174717,4521750,mn,Финикс
348175102,4521755,mn,Пингрее Грове
348175256,4521757,mn,Пипер Циты
348175410,4521759,mn,Пистакее Хигхландс
348175641,4521762,mn,Плейнвелл
348175718,4521763,mn,Плано
348175949,4521766,mn,Платтвилле
348176026,4521767,mn,Тааламжтай толгод
348176103,4521768,mn,Тааламжтай хөндий
348176257,4521770,mn,Плимут
348176411,4521772,mn,Поло
348176642,4521775,mn,Понтиац
348176719,4521776,mn,Понтоосуц
348176873,4521778,mn,Улиас төгөл
348177027,4521780,mn,Порт Баррингтон
348177104,4521781,mn,Порт Бырон
348177181,4521782,mn,Портаге
348177335,4521784,mn,Портланд
348177412,4521785,mn,Посен
348177489,4521786,mn,Потомац
348177951,4521792,mn,Праирие Циты
348178028,4521793,mn,Праирие Грове
348178413,4521798,mn,Преемптион
348178567,4521800,mn,Престон Хеигхтс
348178644,4521801,mn,Принстон
348178721,4521802,mn,Принцевилле
348178875,4521804,mn,Пропхетстоун
348179029,4521806,mn,Проспецт Хеигхтс
348179953,4521818,mn,Ранкин
348180030,4521819,mn,Рансом
348180107,4521820,mn,Рантоул
348180261,4521822,mn,Рапидс Циты
348180338,4521823,mn,Раритан
348180954,4521831,mn,Реддицк
348181262,4521835,mn,Рейли
348181416,4521837,mn,Рэйнолдс
348181493,4521838,mn,Цагаан будаа
348181801,4521842,mn,Ричмонд
348181878,4521843,mn,Ричмонд
348181955,4521844,mn,Рицхтон Парк
348182109,4521846,mn,Риджфилд
348182340,4521849,mn,Ридотт
348182494,4521851,mn,Райли
348182571,4521852,mn,Рингуоод
348182648,4521853,mn,Рио
348182802,4521855,mn,Эрсдэл
348182956,4521857,mn,Ривер
348183033,4521858,mn,Голын ой
348183187,4521860,mn,Ривер Грове
348183264,4521861,mn,Ривердейл
348183341,4521862,mn,Ривердейл
348183418,4521863,mn,Риверсайд
348183649,4521866,mn,Риверуоодс
348183726,4521867,mn,Роаноке
348183803,4521868,mn,Роббинс
348183957,4521870,mn,Робертс
348184034,4521871,mn,Роцхелле
348184111,4521872,mn,Роцк Циты
348184265,4521874,mn,Роцк Фаллс
348184342,4521875,mn,Роцк Грове
348184419,4521876,mn,Рок арал
348184573,4521878,mn,Рокдейл
348184727,4521880,mn,Рокфеллер
348184804,4521881,mn,Рокфорд
348184881,4521882,mn,Роктон
348185112,4521885,mn,Роллинг Меадоус
348185343,4521888,mn,Ром
348185497,4521890,mn,Ромеовилле
348185651,4521892,mn,Рүкс Крик
348185728,4521893,mn,Роско
348185882,4521895,mn,Роселле
348185959,4521896,mn,Роземонт
348186036,4521897,mn,Роузвилл
348186113,4521898,mn,Россвилле
348186344,4521901,mn,Роунд Лаке
348186421,4521902,mn,Роунд Лаке Беацх
348186498,4521903,mn,Роунд Лаке Хеигхтс
348186575,4521904,mn,Роунд Лаке Парк
348186883,4521908,mn,Хааны
348187037,4521910,mn,Розетта
348187345,4521914,mn,Роксборо
348187730,4521919,mn,Рутланд
348188115,4521924,mn,Саинт Анне
348188269,4521926,mn,Гэгээн Августин
348188346,4521927,mn,Ст. Цхарлес
348188423,4521928,mn,Гэгээн Жорж
348188577,4521930,mn,Гэгээн Жозеф
348189116,4521937,mn,Сан Хосе
348189347,4521940,mn,Сэндвич
348189501,4521942,mn,Саратога
348189655,4521944,mn,Саук Виллаге
348189732,4521945,mn,Саунемин
348189809,4521946,mn,Сойер
348189886,4521947,mn,Савоы
348189963,4521948,mn,Сэйбрук
348190040,4521949,mn,Сцалес Моунд
348190425,4521954,mn,Сцхаумбург
348190579,4521956,mn,Сцхиллер Парк
348190810,4521959,mn,Сциота
348191272,4521965,mn,Седгвик
348191349,4521966,mn,Сеатонвилле
348191426,4521967,mn,Сецор
348191580,4521969,mn,Сенека
348191734,4521971,mn,Серена
348191888,4521973,mn,Сьюард
348191965,4521974,mn,Сеымоур
348192042,4521975,mn,Схаббона
348192581,4521982,mn,Сханнон
348192812,4521985,mn,Шеффилд
348192889,4521986,mn,Схелдон
348193120,4521989,mn,Шеридан
348193274,4521991,mn,Схеррард
348193428,4521993,mn,Схирланд
348193505,4521994,mn,Ширли
348193736,4521997,mn,Схореуоод
348193813,4521998,mn,Сиблеы
348193890,4521999,mn,Сидней
348194198,4522003,mn,Силвис
348194506,4522007,mn,Скокие
348194737,4522010,mn,Нойрмог хөндий
348194968,4522013,mn,Смитфилд
348195430,4522019,mn,Солон Миллс
348195507,4522020,mn,Сомонаук
348195738,4522023,mn,Соутх Баррингтон
348195815,4522024,mn,Соутх Белоит
348195892,4522025,mn,Соутх Цхицаго Хеигхтс
348196046,4522027,mn,Соутх Елгин
348196508,4522033,mn,Соутх Холланд
348196816,4522037,mn,Өмнөд Упи
348196970,4522039,mn,Соутх Уилмингтон
348197278,4522043,mn,Спарланд
348197586,4522047,mn,Спульдинг
348197894,4522051,mn,Хаврын төгөл
348198125,4522054,mn,Хаврын хөндий
348198433,4522058,mn,Стандарт
348198510,4522059,mn,Стэнфорд
348198895,4522064,mn,Ставангер
348199126,4522067,mn,Стегер
348199280,4522069,mn,Стерлинг
348199357,4522070,mn,Даамал
348199434,4522071,mn,Стицкнеы
348199511,4522072,mn,Стиллман Валлеы
348199588,4522073,mn,Стиллвелл
348199742,4522075,mn,Стоцкланд
348199819,4522076,mn,Стоктон
348199973,4522078,mn,Стоне Парк
348200204,4522081,mn,Страун
348200281,4522082,mn,Стреамуоод
348200358,4522083,mn,Стреатор
348200435,4522084,mn,Стронгхурст
348200589,4522086,mn,Сублетте
348200666,4522087,mn,Элсэн Чихрийн Төгөл
348200820,4522089,mn,Элсэн Чихрийн Төгөл
348200897,4522090,mn,Сугар Исланд
348200974,4522091,mn,Дээд хэмжээний уулзалт
348201128,4522093,mn,Сун Ривер Терраце
348201282,4522095,mn,Сунбуры
348202283,4522108,mn,Шведон
348202668,4522113,mn,Сыцаморе
348202822,4522115,mn,Сымертон
348202899,4522116,mn,Табле Грове
348203361,4522122,mn,Тампико
348203669,4522126,mn,Таылор Ридге
348203977,4522130,mn,Терре Хаут
348204054,4522131,mn,Теннессее
348204131,4522132,mn,Тхаувилле
348204439,4522136,mn,Тхирд Лаке
348204670,4522139,mn,Томасборо
348204747,4522140,mn,Тхомсон
348204824,4522141,mn,Хоёр завь тосгон
348204978,4522143,mn,Тилтон
348205363,4522148,mn,Тимберлане
348205440,4522149,mn,Тимеуелл
348205517,4522150,mn,Тинлеы Парк
348205748,4522153,mn,Тискилва
348205825,4522154,mn,Толука
348206056,4522157,mn,Тоница
348206133,4522158,mn,Топека
348206287,4522160,mn,Тоулон
348206364,4522161,mn,Тованд
348206672,4522165,mn,Тремонт
348206826,4522167,mn,Триумпх
348206903,4522168,mn,Триволи
348207057,4522170,mn,Троут Валлеы
348207211,4522172,mn,Троы Грове
348207365,4522174,mn,Тунбридге
348207673,4522178,mn,Ихэр төгөл
348207981,4522182,mn,Холбоо
348208135,4522184,mn,Холбоо
348208289,4522186,mn,Унион Грове
348208366,4522187,mn,Холбоо Хилл
348208674,4522191,mn,Их сургуулийн тосгон
348208751,4522192,mn,Урбана
348208828,4522193,mn,Ураса
348208905,4522194,mn,Устик
348208982,4522195,mn,Утика
348209521,4522202,mn,Ван Петтен
348209675,4522204,mn,Варна
348209752,4522205,mn,Венетиан Виллаге
348210060,4522209,mn,Вермонт
348210214,4522211,mn,Вернон Хиллс
348210291,4522212,mn,Верона
348210368,4522213,mn,Виктория
348210445,4522214,mn,Вилла Парк
348210522,4522215,mn,Виола
348210599,4522216,mn,Виргил
348210676,4522217,mn,Ваккер
348210830,4522219,mn,Уацкер
348210907,4522220,mn,Вадсворт
348211061,4522222,mn,Вальдо
348211292,4522225,mn,Хушга
348211446,4522227,mn,Волнат Хилл
348211523,4522228,mn,Волнат Хилл
348211600,4522229,mn,Уолтхэм
348211908,4522233,mn,Вапелла
348212139,4522236,mn,Уоррен
348212293,4522238,mn,Уорренвилл
348212370,4522239,mn,Варшав
348212447,4522240,mn,Васко
348212524,4522241,mn,Уасхбурн
348212601,4522242,mn,Вашингтон
348212678,4522243,mn,Ватага
348212755,4522244,mn,Усчин
348212986,4522247,mn,Ватсека
348213063,4522248,mn,Вауконда
348213140,4522249,mn,Ваксахачи
348213294,4522251,mn,Уэйн
348213448,4522253,mn,Уаынесвилле
348213525,4522254,mn,Уаупонсее
348213910,4522259,mn,Уедрон
348214141,4522262,mn,Уэлдон
348214372,4522265,mn,Веллингтон
348214680,4522269,mn,Венона
348214911,4522272,mn,Уест Брооклын
348214988,4522273,mn,Уест Цхицаго
348215065,4522274,mn,Уест Дундее
348215373,4522278,mn,Уест Йерсеы
348215758,4522283,mn,Уест Пеориа
348215835,4522284,mn,Вест Пойнт
348215912,4522285,mn,Вестфилд
348215989,4522286,mn,Уестерн Спрингс
348216143,4522288,mn,Вестмонт
348216451,4522292,mn,Вествилл
348216605,4522294,mn,Уитон
348216682,4522295,mn,Ухеелинг
348216913,4522298,mn,Ухите Хеатх
348217067,4522300,mn,Цагаан рок
348218068,4522313,mn,Уиллиамсфиелд
348218145,4522314,mn,Виллоу
348218453,4522318,mn,Виллоу Спрингс
348218530,4522319,mn,Виллоубрук
348218607,4522320,mn,Виллоубрук
348218684,4522321,mn,Вилметт
348218761,4522322,mn,Вилмингтон
348219069,4522326,mn,Вилтон
348219146,4522327,mn,Виндхэм
348219300,4522329,mn,Винфилд
348219531,4522332,mn,Виннебаго
348219685,4522334,mn,Винслоу
348219762,4522335,mn,Уинстон
348219839,4522336,mn,Виннетка
348219916,4522337,mn,Уинтхроп Харбор
348220301,4522342,mn,Уондер Лаке
348220378,4522343,mn,Вуд Дэйл
348220455,4522344,mn,Вудбин
348220532,4522345,mn,Вудхалл
348220686,4522347,mn,Вудхалл
348220763,4522348,mn,Уоодланд
348220917,4522350,mn,Модлог Акр
348221379,4522356,mn,Вудридж
348221610,4522359,mn,Уоодруфф Цорнерс
348221687,4522360,mn,Модсток
348221995,4522364,mn,Уоосунг
348222072,4522365,mn,Үнэ цэнэтэй
348222149,4522366,mn,Уыанет
348222226,4522367,mn,Вайоминг
348222380,4522369,mn,Ыатес Циты
348222919,4522376,mn,Ыорквилле
348223381,4522382,mn,Сион
348223535,4522384,mn,Абердин
348223612,4522385,mn,Абоите
348224228,4522393,mn,Акрон
348224305,4522394,mn,Олбани
348224382,4522395,mn,Альбион
348224536,4522397,mn,Александриа
348224998,4522403,mn,Альтона
348225152,4522405,mn,Амбиа
348225306,4522407,mn,Амбой
348225460,4522409,mn,Америцус
348225614,4522411,mn,Андерсон
348225768,4522413,mn,Эндрюс
348225922,4522415,mn,Ангола
348226615,4522424,mn,Аркадиа
348226923,4522428,mn,Аргос
348227616,4522437,mn,Атланта
348227693,4522438,mn,Аттика
348227770,4522439,mn,Атвуд
348227847,4522440,mn,Долгиотсон шаргал
348228232,4522445,mn,Авилла
348228540,4522449,mn,Эшли
348229541,4522462,mn,Басс Лаке
348229695,4522464,mn,Баттле Гроунд
348230003,4522468,mn,Беатрис
348230850,4522479,mn,Бентон
348231004,4522481,mn,Берне
348231389,4522486,mn,Беверлы Схорес
348232544,4522501,mn,Блоунтсвилле
348232775,4522504,mn,Блуффтон
348233160,4522509,mn,Босвелл
348233314,4522511,mn,Боурбон
348233853,4522518,mn,Бремен
348234469,4522526,mn,Брингхурст
348234623,4522528,mn,Бристол
348234777,4522530,mn,Броок
348235008,4522533,mn,Броокстон
348235470,4522539,mn,Брайант
348235547,4522540,mn,Бак Крик
348235778,4522543,mn,одос үхэр
348235932,4522545,mn,Бункер Хилл
348236086,4522547,mn,Буркет
348236163,4522548,mn,Берлингтон
348236317,4522550,mn,Бурнеттсвилле
348236394,4522551,mn,Бурнс Харбор
348236548,4522553,mn,Бэрроуз
348236625,4522554,mn,Батлер
348237241,4522562,mn,Камден
348237549,4522566,mn,Карролтон
348237857,4522570,mn,Цедар Лаке
348238627,4522580,mn,Цхалмерс
348239012,4522585,mn,Честерфилд
348239089,4522586,mn,Цхестертон
348239243,4522588,mn,Чурубуско
348239320,4522589,mn,Цицерон
348239782,4522595,mn,Цларкс Хилл
348240013,4522598,mn,Цлаыпоол
348240090,4522599,mn,Цлеар Лаке
348240783,4522608,mn,Цолбурн
348240937,4522610,mn,Колфакс
348241322,4522615,mn,Цоллегевилле
348241399,4522616,mn,Коллетт
348241553,4522618,mn,Цолумбиа Циты
348241707,4522620,mn,Конкорд
348242092,4522625,mn,Цонверсе
348242477,4522630,mn,Цорунна
348242785,4522634,mn,Цоунтры Цлуб Хеигхтс
348243016,4522637,mn,Ковингтон
348243324,4522641,mn,Црауфордсвилле
348244171,4522652,mn,Кромвелл
348244248,4522653,mn,Цроокед Лаке
348244402,4522655,mn,Титэм Цэг
348244710,4522659,mn,Цулвер
348245018,4522663,mn,Дэйл
348245095,4522664,mn,Далевилле
348245249,4522666,mn,Дарлингтон
348245711,4522672,mn,ДеВитт
348245788,4522673,mn,ДеМотте
348245942,4522675,mn,Декатур
348246250,4522679,mn,Делавэр
348246712,4522685,mn,Делфи
348246943,4522688,mn,Денвер
348248098,4522703,mn,Дуне Ацрес
348248406,4522707,mn,Данкерк
348248483,4522708,mn,Данкерк
348248714,4522711,mn,Дуннингтон
348249099,4522716,mn,Дыер
348249176,4522717,mn,Данлап
348249407,4522720,mn,Еарл Парк
348249484,4522721,mn,Еаст Цхицаго
348249792,4522725,mn,Зүүн парк
348250177,4522730,mn,Итон
348250485,4522734,mn,Эджвуд
348251178,4522743,mn,Фаулер
348252025,4522754,mn,Элвуд
348252564,4522761,mn,Ерие
348252641,4522762,mn,Етна Греен
348253180,4522769,mn,Фаирмоунт
348253257,4522770,mn,Фэйрвүүд
348253411,4522772,mn,Фармланд
348253796,4522777,mn,Фисх Лаке
348254874,4522791,mn,Флора
348255182,4522795,mn,Ой
348255644,4522801,mn,Форт Уэйн
348255721,4522802,mn,Фостер
348256106,4522807,mn,Фаулер
348256183,4522808,mn,Фоулертон
348256260,4522809,mn,Францесвилле
348256337,4522810,mn,Франкфорт
348256645,4522814,mn,Фремонт
348256722,4522815,mn,Франктон
348256799,4522816,mn,Фултон
348257107,4522820,mn,Галвестон
348257338,4522823,mn,Гарретт
348257415,4522824,mn,Гейтвуд
348257569,4522826,mn,Газ хот
348257646,4522827,mn,Гастон
348258031,4522832,mn,Женев
348258185,4522834,mn,Жоржтаун
348258339,4522836,mn,Жоржтаун
348258416,4522837,mn,Гессие
348259648,4522853,mn,Гудланд
348259802,4522855,mn,Гошен
348259879,4522856,mn,Грабилл
348260110,4522859,mn,Грэнжер
348260726,4522867,mn,Ногоон толгод
348260880,4522869,mn,Греен Оак
348261188,4522873,mn,Греенфиелд Миллс
348261342,4522875,mn,\N
348261727,4522880,mn,Гриффит
348262035,4522884,mn,Гуернсеы
348262189,4522886,mn,Гуливуар цэцэрлэгт хүрээлэн
348262882,4522895,mn,Хамилтон
348262959,4522896,mn,Хамлет
348263036,4522897,mn,Хаммонд
348263113,4522898,mn,\N
348263267,4522900,mn,Хангинг Грове
348263344,4522901,mn,Ханна
348263498,4522903,mn,Харлан
348264191,4522912,mn,Хартфорд Циты
348264499,4522916,mn,Хастингс
348265038,4522923,mn,Хеброн
348265115,4522924,mn,Хедрицк
348265346,4522927,mn,Хербст
348265962,4522935,mn,Өндөрлөг газар
348266424,4522941,mn,Хиллсборо
348266578,4522943,mn,Хоагланд
348266655,4522944,mn,Хобарт
348267579,4522956,mn,\N
348267733,4522958,mn,Худсон
348267810,4522959,mn,Худсон Лаке
348267964,4522961,mn,Хунтертоун
348268041,4522962,mn,Хунтингтон
348268503,4522968,mn,Идавилле
348268734,4522971,mn,Индепенденце
348268888,4522973,mn,Индиан Хеигхтс
348269273,4522978,mn,Энэтхэгийн тосгон
348270351,4522992,mn,Жеймстаун
348270428,4522993,mn,Жеймстаун
348270582,4522995,mn,Жалапа
348271121,4523002,mn,Йонесборо
348271275,4523004,mn,Йудывилле
348271506,4523007,mn,Канкакее
348271660,4523009,mn,Кемптон
348271737,4523010,mn,Кендаллвилле
348271891,4523012,mn,Кентланд
348272045,4523014,mn,Кеуанна
348272430,4523019,mn,Киммелл
348272507,4523020,mn,Кингсбуры
348272584,4523021,mn,Кингсфорд Хеигхтс
348272815,4523024,mn,Кирклин
348273277,4523030,mn,Кокомо
348273354,4523031,mn,Коонтз Лаке
348273431,4523032,mn,Хомутэтс
348273508,4523033,mn,Крамер
348273585,4523034,mn,Нокс
348273739,4523036,mn,Ла Цроссе
348273816,4523037,mn,Ла Фонтаине
348273893,4523038,mn,Ла Пас
348274047,4523040,mn,Лафайетт
348274124,4523041,mn,Лагранге
348274201,4523042,mn,Лагро
348274432,4523045,mn,Лаке Далецарлиа
348274817,4523050,mn,Лаке Парк
348274971,4523052,mn,Лаке Статион
348275125,4523054,mn,Лаке Виллаге
348275279,4523056,mn,Лакес оф тхе Фоур Сеасонс
348275587,4523060,mn,Лэйктон
348275818,4523063,mn,Лакевилле
348276126,4523067,mn,Ланкастер
348276203,4523068,mn,Ландесс
348276357,4523070,mn,Лапел
348276434,4523071,mn,Ларвилл
348276511,4523072,mn,Лауд
348276896,4523077,mn,Ливан
348277050,4523079,mn,Лисбург
348277435,4523084,mn,Лео-Цедарвилле
348277974,4523091,mn,Либерты Центер
348278205,4523094,mn,Либерты Миллс
348278359,4523096,mn,Лигониер
348278436,4523097,mn,Линкольн Хиллс
348278744,4523101,mn,Линден
348279437,4523110,mn,Лоцке
348279745,4523114,mn,Логанспорт
348279899,4523116,mn,Урт Наран Шарлагын Газар
348280130,4523119,mn,Лосантвилле
348280361,4523122,mn,Лоуэл
348281054,4523131,mn,Линн
348281285,4523134,mn,Мацы
348282517,4523150,mn,Маркетт
348282594,4523151,mn,Маркл
348282902,4523155,mn,Мэттьюс
348284442,4523175,mn,Медарывилле
348284596,4523177,mn,Меллотт
348284673,4523178,mn,Ментоне
348284904,4523181,mn,Мерриллвилле
348285135,4523184,mn,Мексик
348285520,4523189,mn,Мицхиана Схорес
348285597,4523190,mn,Мицхиган Циты
348285674,4523191,mn,Мицхигантоун
348285751,4523192,mn,Миддлебуры
348285982,4523195,mn,Миддлтаун
348286290,4523199,mn,Миер
348286444,4523201,mn,Милфорд
348286675,4523204,mn,Миллерсбург
348286829,4523206,mn,Миллгрове
348287060,4523209,mn,Мишавака
348287137,4523210,mn,Модоц
348287522,4523215,mn,Монон
348287676,4523217,mn,Монрое
348287753,4523218,mn,Монрое
348287830,4523219,mn,Монро Манор
348287907,4523220,mn,Монроевилле
348287984,4523221,mn,Монтерей
348288138,4523223,mn,Монтичелло
348288215,4523224,mn,Монтморенци
348288292,4523225,mn,Монпелье
348288908,4523233,mn,Марокко
348288985,4523234,mn,Моунт Аыр
348289062,4523235,mn,Этна уул
348289370,4523239,mn,Вернон уул
348289524,4523241,mn,Моунт Суммит
348289678,4523243,mn,Мулберры
348289832,4523245,mn,Мунцие
348289909,4523246,mn,Мюнстер
348290217,4523250,mn,Наппанее
348290525,4523254,mn,Неу Царлисле
348290602,4523255,mn,Шинэ Чикаго
348290987,4523260,mn,Нью Хейвен
348291372,4523265,mn,Шинэ Парис
348291526,4523267,mn,Шинэ Салем
348291988,4523273,mn,Ньютаун
348292065,4523274,mn,Ньювилл
348292373,4523278,mn,Эрхэмсэг
348292450,4523279,mn,Ноблесвилле
348293143,4523288,mn,Нортх Йудсон
348293220,4523289,mn,Хойд Либерти
348293297,4523290,mn,Нортх Манцхестер
348293528,4523293,mn,Нортх Уебстер
348293990,4523299,mn,Норвеги
348294067,4523300,mn,Ноттингхам
348295222,4523315,mn,Огден Дунес
348295684,4523321,mn,Олив
348295915,4523324,mn,Онуард
348296300,4523329,mn,Орестес
348296454,4523331,mn,Орланд
348296762,4523335,mn,Осцеола
348296839,4523336,mn,Оссиан
348296993,4523338,mn,Отис
348297147,4523340,mn,Оттербеин
348297224,4523341,mn,Оваско
348297301,4523342,mn,Оксфорд
348297686,4523347,mn,Паркер Циты
348298379,4523356,mn,Пеннвилле
348298841,4523362,mn,Перрысвилле
348299072,4523365,mn,Перу
348299688,4523373,mn,Пиерцетон
348300150,4523379,mn,Пине Виллаге
348301382,4523395,mn,Поинт Исабел
348301459,4523396,mn,Плимут
348301613,4523398,mn,Понето
348301921,4523402,mn,Портаге
348301998,4523403,mn,Портер
348302075,4523404,mn,Портланд
348302460,4523409,mn,Поттауаттамие Парк
348302768,4523413,mn,Пребле
348303538,4523423,mn,Рабер
348303923,4523428,mn,Рауб
348304308,4523433,mn,Редкеы
348304616,4523437,mn,Ремингтон
348304770,4523439,mn,Ренсселаер
348304847,4523440,mn,Рэйнолдс
348305309,4523446,mn,Риджвилл
348305925,4523454,mn,Голын ой
348306464,4523461,mn,Роаноке
348306695,4523464,mn,Роанн
348307003,4523468,mn,Роцхестер
348307388,4523473,mn,Ролл
348307619,4523476,mn,Роллинг Праирие
348307696,4523477,mn,Роме Циты
348307773,4523478,mn,Роцкфиелд
348307850,4523479,mn,Ромнеы
348308158,4523483,mn,Розеланд
348308235,4523484,mn,Розелавн
348308466,4523487,mn,Россвилле
348308620,4523489,mn,Роунд Грове
348308697,4523490,mn,Роыал Центер
348309236,4523497,mn,Руссиавилле
348309390,4523499,mn,Гэгээн Либори
348309467,4523500,mn,Гэгээн Жон
348309621,4523502,mn,Саламониа
348310006,4523507,mn,Сан Пиерре
348310237,4523510,mn,Саратога
348310468,4523513,mn,Сцхерервилле
348310545,4523514,mn,Сцхнеидер
348311161,4523522,mn,Сэлма
348311315,4523524,mn,Севастопол
348311623,4523528,mn,Схаделанд
348312085,4523534,mn,Схамроцк Лакес
348312470,4523539,mn,Схарпсвилле
348312701,4523542,mn,Шелби
348312778,4523543,mn,Шеридан
348312932,4523545,mn,Схипсхеуана
348313009,4523546,mn,Сидней
348313086,4523547,mn,Сиу төв
348313240,4523549,mn,Симонтон Лаке
348313471,4523552,mn,Симс
348314241,4523562,mn,Сомерсет
348314318,4523563,mn,Соутх Бенд
348315242,4523575,mn,Соутх Хавен
348315396,4523577,mn,Соутх Ухитлеы
348315935,4523584,mn,Спрингфилд
348316012,4523585,mn,Спрингпорт
348316320,4523589,mn,Стар Циты
348316397,4523590,mn,Төрийн шугам
348316474,4523591,mn,Төрийн шугам
348317167,4523600,mn,Стоквелл
348318322,4523615,mn,Хүхрийн булаг
348318399,4523616,mn,Суммитвилле
348319092,4523625,mn,Хун
348319169,4523626,mn,Суэйзи
348319246,4523627,mn,Суеетсер
348319554,4523631,mn,Сырацусе
348319631,4523632,mn,Талбот
348320555,4523644,mn,Темплетон
348321094,4523651,mn,Торнтаун
348321633,4523658,mn,Типпецаное
348321710,4523659,mn,Типтон
348321941,4523662,mn,Топека
348322095,4523664,mn,Тоун оф Пинес
348322326,4523667,mn,Траил Цреек
348322865,4523674,mn,Три-Лакес
348323250,4523679,mn,Туелве Миле
348323558,4523683,mn,Улен
348323712,4523685,mn,Унион Циты
348323789,4523686,mn,Холбоо Миллс
348323866,4523687,mn,Юниондейл
348324020,4523689,mn,Упланд
348324405,4523694,mn,Валпараисо
348324482,4523695,mn,Ван Бурен
348324790,4523699,mn,Веедерсбург
348324867,4523700,mn,Вера Круз
348325329,4523706,mn,Вабаш
348325637,4523710,mn,Вакаруса
348326022,4523715,mn,Уоллер
348326176,4523717,mn,Хушга
348326484,4523721,mn,Уолтон
348326561,4523722,mn,Варшав
348326638,4523723,mn,Уоррен
348326715,4523724,mn,Варшав
348327100,4523729,mn,Ватерлоо
348327716,4523737,mn,Уэйнтаун
348328486,4523747,mn,Баруун Ливан
348328948,4523753,mn,Уест Лафаыетте
348329333,4523758,mn,Вестфилд
348329718,4523763,mn,Уестпоинт
348329872,4523765,mn,Вествилл
348330026,4523767,mn,Ухеатфиелд
348330103,4523768,mn,Дугуйтай
348330180,4523769,mn,Ухеелинг
348330334,4523771,mn,Уайтинг
348330642,4523775,mn,Уиллиамспорт
348331027,4523780,mn,Винамак
348331104,4523781,mn,Винчестер
348331181,4523782,mn,Виндзор
348331335,4523784,mn,Вингейт
348331489,4523786,mn,Уинона Лаке
348331643,4523788,mn,Винфилд
348331797,4523790,mn,Волкотт
348331874,4523791,mn,Уолцоттвилле
348332028,4523793,mn,Вудберн
348332413,4523798,mn,\N
348332490,4523799,mn,Уоодмар
348333260,4523809,mn,Ыеоман
348333414,4523811,mn,Йорк
348333568,4523813,mn,Йорктаун
348333799,4523816,mn,Занесвилле
348334184,4523821,mn,Абингтон
348334569,4523826,mn,Ацтон
348334646,4523827,mn,Ацусхнет
348334723,4523828,mn,Адамс
348335185,4523834,mn,Агавам
348335493,4523838,mn,Алфорд
348335955,4523844,mn,Амесбуры
348336032,4523845,mn,Амхерст
348336340,4523849,mn,Андовер
348336648,4523853,mn,Арлингтон
348336956,4523857,mn,Асхбурнхам
348337033,4523858,mn,Асхбы
348337264,4523861,mn,Асхфиелд
348337341,4523862,mn,Эшланд
348337803,4523868,mn,Ассонет
348337957,4523870,mn,Атол
348338265,4523874,mn,Аттлеборо
348338496,4523877,mn,Долгиотсон шаргал
348338727,4523880,mn,Авон
348339035,4523884,mn,Аыер
348339651,4523892,mn,Балдуинвилле
348340498,4523903,mn,Барнстабле
348340575,4523904,mn,Барре
348341961,4523922,mn,Бикон Хилл
348342115,4523924,mn,Минж
348342192,4523925,mn,Минж Брүүк
348342346,4523927,mn,Бецкет
348342500,4523929,mn,Бедфорд
348342885,4523934,mn,Белцхертоун
348343039,4523936,mn,Беллвуд
348343116,4523937,mn,Беллингхам
348343193,4523938,mn,Белмонт
348343655,4523944,mn,Берклеы
348343886,4523947,mn,Беркширийн өндөрлөгүүд
348343963,4523948,mn,Берлин
348344040,4523949,mn,Бернардстон
348344271,4523952,mn,Беверли
348344579,4523956,mn,Биллерица
348345118,4523963,mn,Блацкстоне
348345272,4523965,mn,Бландфорд
348345426,4523967,mn,Блисс Цорнер
348345503,4523968,mn,Блиссвилле
348345734,4523971,mn,Болтон
348345811,4523972,mn,Бондсвилле
348346042,4523975,mn,Бостон
348346119,4523976,mn,Боурне
348346504,4523981,mn,Боксфорд
348346658,4523983,mn,Боксфорд
348346812,4523985,mn,Бойлстон
348348044,4524001,mn,Брюстер
348348198,4524003,mn,Бридгеуатер
348348814,4524011,mn,Бримфиелд
348349122,4524015,mn,Броцктон
348349353,4524018,mn,Броокфиелд
348349507,4524020,mn,Брүүклин
348350739,4524036,mn,Буцкланд
348351432,4524045,mn,Берлингтон
348351894,4524051,mn,Буззардс Баы
348352202,4524055,mn,Кембриж
348357823,4524128,mn,Кантон
348358208,4524133,mn,Карлайл
348358362,4524135,mn,Карвер
348359286,4524147,mn,Центрвилл
348360287,4524160,mn,Чарлемонт
348360595,4524164,mn,Чарлстаун
348360672,4524165,mn,Чарлтон
348361057,4524170,mn,Цхатхам
348361288,4524173,mn,Цхелмсфорд
348361365,4524174,mn,Челси
348361596,4524177,mn,Цхесхире
348361750,4524179,mn,Честер
348361904,4524181,mn,Честерфилд
348361981,4524182,mn,Цхестнут Хилл
348362212,4524185,mn,Чикопи
348362443,4524188,mn,Цхилмарк
348363598,4524203,mn,Клинтон
348363906,4524207,mn,Цоцхитуате
348363983,4524208,mn,Цохассет
348364907,4524220,mn,Цолраин
348365369,4524226,mn,Конкорд
348365523,4524228,mn,Конвей
348366139,4524236,mn,Цордавилле
348366447,4524240,mn,Цотуит
348367448,4524253,mn,Цранберры Виллаге
348368295,4524264,mn,Цуммингтон
348368834,4524271,mn,Далтон
348369142,4524275,mn,Данверс
348369604,4524281,mn,Дедхам
348369758,4524283,mn,Дирфилд
348369912,4524285,mn,Деннис Порт
348370066,4524287,mn,Дигхтон
348370759,4524296,mn,Дуглас
348370913,4524298,mn,Довер
348370990,4524299,mn,Драцут
348371298,4524303,mn,Дадли
348371606,4524307,mn,Дунстабле
348371683,4524308,mn,Даксбери
348372607,4524320,mn,Еаст Бридгеуатер
348372838,4524323,mn,Зүүн Брукфилд
348373377,4524330,mn,Еаст Деннис
348373454,4524331,mn,Еаст Доуглас
348374301,4524342,mn,Еаст Харуицх
348374840,4524349,mn,Еаст Лонгмеадоу
348375995,4524364,mn,Еаст Пепперелл
348376226,4524367,mn,Еаст Сандуицх
348377535,4524384,mn,Еаст Уилбрахам
348377766,4524387,mn,Еастхам
348377843,4524388,mn,Еастхамптон
348378613,4524398,mn,Истон
348378844,4524401,mn,Еден Скуаре
348378921,4524402,mn,Эдгартаун
348380153,4524418,mn,Ервинг
348380230,4524419,mn,Эссекс
348380384,4524421,mn,Эверетт
348380538,4524423,mn,Фаирхавен
348380923,4524428,mn,Фалл Ривер
348381077,4524430,mn,Фалмоутх
348382309,4524446,mn,Фентонвилле
348383310,4524459,mn,Фискдале
348383387,4524460,mn,Фитцхбург
348383926,4524467,mn,Флорида
348384619,4524476,mn,Форестдейл
348385928,4524493,mn,Фоксборо
348386082,4524495,mn,Фрамингхам
348386236,4524497,mn,Франклин
348386390,4524499,mn,Фредерицк Цорнер
348386544,4524501,mn,Фритаун
348387237,4524510,mn,Гарднер
348387468,4524513,mn,Жоржтаун
348388084,4524521,mn,Гилл
348388623,4524528,mn,Глен Грове Аннекс
348389393,4524538,mn,Глоуцестер
348389778,4524543,mn,Гошен
348390163,4524548,mn,Графтон
348390240,4524549,mn,Гранбы
348390625,4524554,mn,Гранвилле
348390856,4524557,mn,Греат Баррингтон
348391241,4524562,mn,Греен Харбор
348391549,4524566,mn,Гринфилд
348392242,4524575,mn,Гровеланд
348392473,4524578,mn,Хэдли
348392781,4524582,mn,Халифакс
348393166,4524587,mn,Хамилтон
348393474,4524591,mn,Хэмпден
348393705,4524594,mn,Хэнкок
348393936,4524597,mn,Хансон
348394090,4524599,mn,Ганновер
348394398,4524603,mn,Хардвик
348395014,4524611,mn,Харвард
348395168,4524613,mn,Харвич
348395245,4524614,mn,Харуицх Порт
348395399,4524616,mn,Хатцхвилле
348395476,4524617,mn,Хэтфилд
348395861,4524622,mn,Хаверхилл
348395938,4524623,mn,Хоули
348396169,4524626,mn,Хаыуард Цорнер
348396554,4524631,mn,Хит
348397401,4524642,mn,Өндөрлөг газар
348397940,4524649,mn,Хингхам
348398094,4524651,mn,Хинсдале
348398479,4524656,mn,Холбрук
348398556,4524657,mn,Холден
348398633,4524658,mn,Голланд
348398787,4524660,mn,Холлистон
348398941,4524662,mn,Холыоке
348399172,4524665,mn,Хопедале
348399249,4524666,mn,Хопкинтон
348399634,4524671,mn,Хоусатониц
348399942,4524675,mn,Хуббардстон
348400250,4524679,mn,Худсон
348400481,4524682,mn,Хулл
348400635,4524684,mn,Хунтингтон
348400712,4524685,mn,Хыаннис
348400943,4524688,mn,Хайд Парк
348401944,4524701,mn,Ипсвич
348404254,4524731,mn,Кингстон
348405794,4524751,mn,Лакевилле
348405948,4524753,mn,Лейквуд цэцэрлэгт хүрээлэн
348406179,4524756,mn,Ланкастер
348406410,4524759,mn,Ланесбороугх
348406718,4524763,mn,Лоуренс
348406795,4524764,mn,Ли
348406949,4524766,mn,Леицестер
348407257,4524770,mn,Ленокс
348407334,4524771,mn,Ленокс Дэйл
348407488,4524773,mn,Леоминстер
348407565,4524774,mn,Льюис
348407719,4524776,mn,Лексингтон
348407796,4524777,mn,Лейден
348408027,4524780,mn,Линкольн
348409028,4524793,mn,Литтлетон
348409105,4524794,mn,\N
348409721,4524802,mn,Лонгмеадоу
348409875,4524804,mn,Лонгуоод Статион
348410260,4524809,mn,Лоуэл
348410645,4524814,mn,Людлоу
348410876,4524817,mn,Лудлоу Циты
348410953,4524818,mn,Луненбург
348411261,4524822,mn,Линн
348411338,4524823,mn,Лыннфиелд
348411800,4524829,mn,Мадакет
348412185,4524834,mn,Малден
348412493,4524838,mn,Манцхестер-бы-тхе-Сеа
348413032,4524845,mn,Мэнсфилд
348413879,4524856,mn,Марблехеад
348414110,4524859,mn,Маркетт
348414418,4524863,mn,Марлбороугх
348414649,4524866,mn,Марсхфиелд
348414803,4524868,mn,Марсхфиелд Хиллс
348414957,4524870,mn,Марстонс Миллс
348415111,4524872,mn,Масхпее
348415188,4524873,mn,Масхпее Нецк
348415419,4524876,mn,Матфиелд
348415804,4524881,mn,Маттапоисетт
348416189,4524886,mn,Мэйнард
348417113,4524898,mn,Медфиелд
348417267,4524900,mn,Медфорд
348417421,4524902,mn,Медвей
348417652,4524905,mn,Мелроуз
348417883,4524908,mn,Мендон
348418345,4524914,mn,Мерримац
348418653,4524918,mn,Метхуен
348418730,4524919,mn,Миддлборо
348418807,4524920,mn,Миддлефиелд
348418884,4524921,mn,Миддлтон
348419423,4524928,mn,Милфорд
348419962,4524935,mn,Миллбуры
348420116,4524937,mn,Миллерс Фаллс
348420270,4524939,mn,Миллис
348420347,4524940,mn,Миллвилл
348420424,4524941,mn,Милтон
348420732,4524945,mn,Милтон Виллаге
348421117,4524950,mn,Мономосцоы Исланд
348421502,4524955,mn,Монсон
348421887,4524960,mn,Монтерей
348421964,4524961,mn,Монтгомери
348422272,4524965,mn,Монтвилл
348422349,4524966,mn,Монумент Беацх
348422426,4524967,mn,Монтегу
348424428,4524993,mn,Набнассет
348424582,4524995,mn,Нахант
348425121,4525002,mn,Нантуцкет
348425275,4525004,mn,Наскетуцкет
348425352,4525005,mn,Натицк
348425429,4525006,mn,Наусет Хеигхтс
348425660,4525009,mn,Неедхам
348426276,4525017,mn,Неу Асхфорд
348426353,4525018,mn,Неу Бедфорд
348426661,4525022,mn,Неу Браинтрее
348426815,4525024,mn,Неу Марлбороугх
348426892,4525025,mn,Шинэ Салем
348426969,4525026,mn,Неу Сеабуры
348427123,4525028,mn,Шинэ тосгон
348427277,4525030,mn,Неубурыпорт
348427431,4525032,mn,Ньютон
348427508,4525033,mn,Неутон Центер
348427893,4525038,mn,Неутонвилле
348428124,4525041,mn,Нине Ацре Цорнер
348428509,4525046,mn,Норфолк
348428740,4525049,mn,Нортх Абингтон
348428894,4525051,mn,Нортх Адамс
348429818,4525063,mn,Нортх Броокфиелд
348430819,4525076,mn,Нортх Еастхам
348431204,4525081,mn,Нортх Фалмоутх
348431435,4525084,mn,Нортх Фоксборо
348432128,4525093,mn,Нортх Лакевилле
348432898,4525103,mn,Нортх Отис
348433052,4525105,mn,Нортх Пемброке
348433206,4525107,mn,Нортх Плымоутх
348433591,4525112,mn,Нортх Реадинг
348433745,4525114,mn,Хойд Рочестер
348434053,4525118,mn,Нортх Сцитуате
348434130,4525119,mn,Нортх Сееконк
348434746,4525127,mn,Нортх Тисбуры
348435054,4525131,mn,Хойд тосгон
348435208,4525133,mn,Нортх Уестпорт
348435516,4525137,mn,Нортх Уобурн
348435747,4525140,mn,Нортхамптон
348435824,4525141,mn,Нортхбороугх
348435901,4525142,mn,Нортхбридге
348436055,4525144,mn,Нортфилд
348436440,4525149,mn,Нортон
348436594,4525151,mn,Норвел
348436902,4525155,mn,Норвуд
348437133,4525158,mn,Оак Блуффс
348437903,4525168,mn,Оакхам
348438442,4525175,mn,Далайн төгөл
348440059,4525196,mn,Онсет
348440213,4525198,mn,Улбар шар
348440444,4525201,mn,Орлеанс
348440521,4525202,mn,Остервилле
348440598,4525203,mn,Отис
348441060,4525209,mn,Оксфорд
348441522,4525215,mn,Палмер
348442600,4525229,mn,Пакстон
348442754,4525231,mn,Пеабоды
348442831,4525232,mn,Пелхам
348442985,4525234,mn,Пэмброк
348443062,4525235,mn,Пепперелл
348443601,4525242,mn,Перу
348443678,4525243,mn,Петерсхам
348443909,4525246,mn,Пхиллипстон
348445372,4525265,mn,Пинехурст
348445834,4525271,mn,Питтсфиелд
348445988,4525273,mn,Плейнвелл
348446219,4525276,mn,Плаинвилле
348446912,4525285,mn,Плимут
348447143,4525288,mn,Плымптон
348447220,4525289,mn,Поцассет
348448375,4525304,mn,Понтоосуц Гарденс
348448529,4525306,mn,Поппонессет
348448683,4525308,mn,Поппонессет Исланд
348448837,4525310,mn,Поттерсвилл
348449530,4525319,mn,Принстон
348450146,4525327,mn,Провинцетоун
348450685,4525334,mn,Квинси
348451455,4525344,mn,Рандольф
348451532,4525345,mn,Раынхам
348451609,4525346,mn,Раынхам Центер
348451686,4525347,mn,Реадинг
348452148,4525353,mn,Реедс Цорнер
348452225,4525354,mn,Рехоботх
348452302,4525355,mn,\N
348452764,4525361,mn,Ричмонд
348454073,4525378,mn,Ривервуд
348454612,4525385,mn,Роцхестер
348455228,4525393,mn,Рокволл
348455305,4525394,mn,Рокпорт
348456075,4525404,mn,Роу
348456152,4525405,mn,Роули
348456383,4525408,mn,Роыалстон
348456537,4525410,mn,Рассел
348456845,4525414,mn,Рутланд
348457076,4525417,mn,Сагамор
348457307,4525420,mn,Салем
348457538,4525423,mn,Салисбуры
348458077,4525430,mn,Сэндвич
348458231,4525432,mn,Сандисфиелд
348458616,4525437,mn,Саугус
348458847,4525440,mn,Савоы
348459155,4525444,mn,Сцитуате
348459848,4525453,mn,Сеаброок
348460079,4525456,mn,Сецонсетт Исланд
348460156,4525457,mn,Сееконк
348460849,4525466,mn,Шарон
348461388,4525473,mn,Схелбурне
348461465,4525474,mn,Схелбурне Фаллс
348461773,4525478,mn,Схерборн
348462158,4525483,mn,Ширли
348462235,4525484,mn,Схирлеы Центер
348462543,4525488,mn,Схреусбуры
348462697,4525490,mn,Схутесбуры
348464083,4525508,mn,Смитвилл
348464468,4525513,mn,Сомерсет
348464545,4525514,mn,Сомервилле
348464699,4525516,mn,Соутх Асхбурнхам
348465238,4525523,mn,Соутх Биллерица
348466085,4525534,mn,Соутх Дартмоутх
348466162,4525535,mn,Соутх Деерфиелд
348466239,4525536,mn,Соутх Деннис
348467086,4525547,mn,Соутх Хадлеы
348467394,4525551,mn,Соутх Хановер
348467779,4525556,mn,Соутх Ланцастер
348468241,4525562,mn,Соутх Меадоу Виллаге
348468395,4525564,mn,Соутх Миддлетон
348471167,4525600,mn,Соутх Ыармоутх
348471244,4525601,mn,Соутхамптон
348471321,4525602,mn,Соутхбороугх
348471398,4525603,mn,Соутхбридге
348471706,4525607,mn,Саутвик
348471783,4525608,mn,Спенсер
348472091,4525612,mn,Спрингфилд
348472707,4525620,mn,Стаплес Схоре
348473169,4525626,mn,Стерлинг
348473323,4525628,mn,Стерлинг Йунцтион
348473708,4525633,mn,Стоцкбридге
348473785,4525634,mn,Стоунхэм
348474170,4525639,mn,Стоугхтон
348474324,4525641,mn,Стоу
348474478,4525643,mn,Стурбридге
348474786,4525647,mn,Судбуры
348475248,4525653,mn,Сундерланд
348475325,4525654,mn,Сундерланд
348475710,4525659,mn,Саттон
348475864,4525661,mn,Суампсцотт
348476095,4525664,mn,Суонси
348477250,4525679,mn,Таунтон
348477327,4525680,mn,Театицкет
348477404,4525681,mn,Темплетон
348477712,4525685,mn,Теуксбуры
348478790,4525699,mn,Томпсонвилл
348479252,4525705,mn,Толланд
348479483,4525708,mn,Топсфиелд
348479945,4525714,mn,Таунсенд
348480561,4525722,mn,Труро
348480715,4525724,mn,Турнерс Фаллс
348480946,4525727,mn,Тынгсборо
348481023,4525728,mn,Тырингхам
348481254,4525731,mn,Юнионвилл
348481947,4525740,mn,Аптон
348482024,4525741,mn,Уксбридж
348482640,4525749,mn,Винеыард Хавен
348483487,4525760,mn,Вэйкфилд
348483641,4525762,mn,Уэльс
348483795,4525764,mn,Вальпол
348483949,4525766,mn,Уолтхэм
348484642,4525775,mn,\N
348484719,4525776,mn,Уарехам Центер
348484796,4525777,mn,Уоррен
348485027,4525780,mn,Уорвик
348485104,4525781,mn,Вашингтон
348485258,4525783,mn,Ватсека
348485874,4525791,mn,Уэйланд
348486028,4525793,mn,Вэбстер
348486413,4525798,mn,Уэллсли
348486721,4525802,mn,Уеллфлеет
348487029,4525806,mn,Вэнделл
348487183,4525808,mn,Уенхам
348487568,4525813,mn,Уест Абингтон
348488184,4525821,mn,Уест Боксфорд
348488261,4525822,mn,Уест Боылстон
348488492,4525825,mn,Баруун гүүр
348488569,4525826,mn,Уест Цхатхам
348488800,4525829,mn,Баруун Чоп
348488877,4525830,mn,Уест Цонцорд
348488954,4525831,mn,Вест Брукфилд
348489108,4525833,mn,Уест Деерфиелд
348489185,4525834,mn,Уест Деннис
348489570,4525839,mn,Уест Фалмоутх
348490186,4525847,mn,Уест Хановер
348491495,4525864,mn,Баруун Ньюбери
348492727,4525880,mn,Баруун Спрингфилд
348492804,4525881,mn,Уест Стоцкбридге
348493266,4525887,mn,Уест Тисбуры
348493497,4525890,mn,Вест Аптон
348493959,4525896,mn,Баруун Варехэм
348494036,4525897,mn,Баруун Уоррен
348494344,4525901,mn,Уест Ыармоутх
348494421,4525902,mn,Уестбороугх
348494806,4525907,mn,Вестфилд
348494883,4525908,mn,Вестфорд
348495114,4525911,mn,Уестхамптон
348495268,4525913,mn,Вестмонт
348495345,4525914,mn,Уэстон
348495961,4525922,mn,Вествуд
348496192,4525925,mn,Вентик
348496269,4525926,mn,Веймут
348496500,4525929,mn,Ухателы
348497347,4525940,mn,Ухите Исланд Схорес
348497655,4525944,mn,Ухитинсвилле
348497732,4525945,mn,Уитман
348498271,4525952,mn,Уилбрахам
348498579,4525956,mn,Уиллиамсбург
348498733,4525958,mn,Уильямстаун
348499272,4525965,mn,Вилмингтон
348499426,4525967,mn,Уинцхендон
348499657,4525970,mn,Винчестер
348499965,4525974,mn,Виндзор
348500735,4525984,mn,Уинтроп
348500966,4525987,mn,Воберн
348501890,4525999,mn,Вустер
348502275,4526004,mn,Вортингтон
348502352,4526005,mn,Врентам
348502737,4526010,mn,Ыармоутх
348502814,4526011,mn,Ыармоутх Порт
348502968,4526013,mn,Зоар
348503353,4526018,mn,Ацтон
348503661,4526022,mn,Аддисон
348504046,4526027,mn,Альбион
348504200,4526029,mn,Александр
348504354,4526031,mn,Аллагасх
348504508,4526033,mn,Ална
348504662,4526035,mn,Америкийн хүрхрээ
348504739,4526036,mn,Амхерст
348504816,4526037,mn,Андовер
348504893,4526038,mn,Ансон
348504970,4526039,mn,Апплтон
348505201,4526042,mn,Аргил
348505432,4526045,mn,Арроусиц
348505509,4526046,mn,Арундел
348505817,4526050,mn,Эшланд
348506048,4526053,mn,Атхенс
348506356,4526057,mn,Долгиотсон шаргал
348506510,4526059,mn,Аугуста
348506587,4526060,mn,Аврора
348506664,4526061,mn,Авон
348507742,4526075,mn,Банкрофт
348507819,4526076,mn,Бангор
348507973,4526078,mn,Бар Харбор
348508127,4526080,mn,Баринг
348508897,4526090,mn,Бейтсвилл
348508974,4526091,mn,Батх
348509513,4526098,mn,Бийлс
348509821,4526102,mn,Беддингтон
348509975,4526104,mn,Белфаст
348510052,4526105,mn,Белграде
348510668,4526113,mn,Бентон
348511130,4526119,mn,Бетел
348511361,4526122,mn,Биддефорд
348511592,4526125,mn,Бингхэм
348512439,4526136,mn,Блэйн
348512747,4526140,mn,Бланчард
348512901,4526142,mn,Цэнхэр толгод
348513594,4526151,mn,Боотхбаы
348513671,4526152,mn,Боотхбаы Харбор
348513902,4526155,mn,Боудоинхам
348513979,4526156,mn,Боуербанк
348514364,4526161,mn,Брэдфорд
348514518,4526163,mn,Брэдли
348514826,4526167,mn,Бремен
348514903,4526168,mn,Шар айраг үйлдвэрлэгч
348515134,4526171,mn,Бридгеуатер
348515211,4526172,mn,Бридгеуатер Цорнер
348515288,4526173,mn,Бридгтон
348515519,4526176,mn,Брайтон
348515827,4526180,mn,Бристол
348516212,4526185,mn,Брооклин
348516289,4526186,mn,Брукс
348516366,4526187,mn,Брооксвилле
348516674,4526191,mn,Броунфиелд
348516905,4526194,mn,Браунвилл
348516982,4526195,mn,Браунвилл уулзвар
348517059,4526196,mn,Брунсвик
348517290,4526199,mn,Буцкфиелд
348517521,4526202,mn,Буцкспорт
348518214,4526211,mn,Берлингтон
348518291,4526212,mn,Бурнхам
348518522,4526215,mn,Буртон Цорнер
348518830,4526219,mn,Бакстон
348518984,4526221,mn,Байрон
348519138,4526223,mn,Цалаис
348519292,4526225,mn,Калифорни
348519369,4526226,mn,Кембриж
348519446,4526227,mn,Камден
348519754,4526231,mn,Канаан
348519831,4526232,mn,Кантон
348520062,4526235,mn,Цапе Елизабетх
348520139,4526236,mn,Цапе Неддицк
348520293,4526238,mn,Царатунк
348520524,4526241,mn,Царибоу
348520832,4526245,mn,Кэррол
348521063,4526248,mn,Карфаген
348521217,4526250,mn,Кари
348521371,4526252,mn,Цасцо
348521602,4526255,mn,Цастине
348522372,4526265,mn,Центрвилл
348522911,4526272,mn,Чапман
348523065,4526274,mn,Чарлстон
348523142,4526275,mn,Цхарлотте
348523527,4526280,mn,Цхебеагуе Исланд
348523604,4526281,mn,Челси
348523681,4526282,mn,Цхеррыфиелд
348523758,4526283,mn,Цхестервилле
348523835,4526284,mn,Цхесунцоок
348523912,4526285,mn,Честер
348524066,4526287,mn,Хятад
348524143,4526288,mn,Цхисхолм
348524374,4526291,mn,Циты Цамп Ландинг
348525298,4526303,mn,Клифтон
348525375,4526304,mn,Клинтон
348525991,4526312,mn,\N
348526145,4526314,mn,Колумби
348526222,4526315,mn,Цолумбиа Фаллс
348526376,4526317,mn,Цоннорс Цорнер
348526838,4526323,mn,Купер
348527223,4526328,mn,Цоринна
348527377,4526330,mn,Цорнисх
348527454,4526331,mn,Цорнвилле
348527839,4526336,mn,Цоусинс Исланд
348528070,4526339,mn,Цранберры Ислес
348528147,4526340,mn,Кроуфорд
348529225,4526354,mn,Кристал
348529302,4526355,mn,Цумберланд Центер
348529841,4526362,mn,Цусхинг
348530072,4526365,mn,Цутлер
348530611,4526372,mn,Дамарисцотта
348530919,4526376,mn,Данфорт
348531689,4526386,mn,Деблоис
348531843,4526388,mn,Дедхам
348531997,4526390,mn,Деер Исле
348532305,4526394,mn,Дани
348532459,4526396,mn,Деннысвилле
348532613,4526398,mn,Детроит
348532690,4526399,mn,Декстер
348532998,4526403,mn,Диксфиелд
348533229,4526406,mn,Диксмонт
348534615,4526424,mn,Довер-Фоксцрофт
348536001,4526442,mn,Дыер Броок
348536309,4526446,mn,Бүргэд нуур
348538080,4526469,mn,Зүүн төгсгөл
348539543,4526488,mn,Еаст Мацхиас
348539851,4526492,mn,Еаст Миллиноцкет
348540621,4526502,mn,Еаст Перу
348542469,4526526,mn,Еастброок
348542623,4526528,mn,Истон
348542777,4526530,mn,Еастпорт
348542931,4526532,mn,Еддингтон
348543162,4526535,mn,Едгецомб
348543239,4526536,mn,Эдмундс
348543624,4526541,mn,Елиот
348544086,4526547,mn,Элсворт
348544317,4526550,mn,Елмс
348544548,4526553,mn,Ембден
348545087,4526560,mn,Енфиелд
348545472,4526565,mn,Юинг
348545703,4526568,mn,Юстис
348546242,4526575,mn,Фэрфилд
348546319,4526576,mn,Фэйрфилд төв
348546473,4526578,mn,Фалмоутх
348546550,4526579,mn,Фалмоутх Форесиде
348546627,4526580,mn,Фермингдейл
348546704,4526581,mn,Фармингтон
348546935,4526584,mn,Файетт
348548090,4526599,mn,Флетчерсийн газардах
348548860,4526609,mn,Форт Фаирфиелд
348549091,4526612,mn,Форт Кент
348550246,4526627,mn,Франкфорт
348550323,4526628,mn,Франклин
348550477,4526630,mn,Эрх чөлөө
348550554,4526631,mn,Фреепорт
348550785,4526634,mn,Френцхборо
348551016,4526637,mn,Францвилл
348551093,4526638,mn,Нөхөрлөл
348551247,4526640,mn,Фрые Исланд
348551324,4526641,mn,Фрыебург
348551632,4526645,mn,Гардинер
348551709,4526646,mn,Гарланд
348551786,4526647,mn,Жоржтаун
348552094,4526651,mn,Герры
348552402,4526655,mn,Гилеад
348554173,4526678,mn,Горхам
348554635,4526684,mn,Гоулдсборо
348554789,4526686,mn,Гранд Исле
348554866,4526687,mn,Гранд Лаке Стреам
348555328,4526693,mn,Саарал
348555713,4526698,mn,Их цөөрөм
348556329,4526706,mn,Ногоон бут
348556406,4526707,mn,Греене
348556945,4526714,mn,Гринвилл
348557099,4526716,mn,Гринвуд
348558639,4526736,mn,Хэллоуэлл
348559024,4526741,mn,Хамлин
348559101,4526742,mn,Хэмпден
348559409,4526746,mn,Хэнкок
348559640,4526749,mn,Ганновер
348560179,4526756,mn,Эв найрамдал
348560410,4526759,mn,Харрингтон
348560564,4526761,mn,Харрисон
348560641,4526762,mn,Хартфорд
348560718,4526763,mn,Хартланд
348561180,4526769,mn,Хасты Цорнер
348561488,4526773,mn,Хаы Броок
348561719,4526776,mn,Хаынесвилле
348562181,4526782,mn,Хеброн
348562335,4526784,mn,Хейворт
348562797,4526790,mn,Херсеы
348564337,4526810,mn,Хирам
348564491,4526812,mn,Ходгдон
348564645,4526814,mn,Холден
348565261,4526822,mn,Хоултон
348565646,4526827,mn,Хоуланд
348565877,4526830,mn,Худсон
348567417,4526850,mn,Исланд Фаллс
348567571,4526852,mn,Исле Ау Хаут
348567648,4526853,mn,Ислесборо
348567802,4526855,mn,Йацкман
348567956,4526857,mn,Жексон
348568187,4526860,mn,Жэй
348568264,4526861,mn,Жефферсон
348569111,4526872,mn,Йонесборо
348569188,4526873,mn,Йонеспорт
348569958,4526883,mn,Кендускеаг
348570343,4526888,mn,Кеннебунк
348570574,4526891,mn,Кеннебункпорт
348571113,4526898,mn,Кезар Фаллс
348571344,4526901,mn,Кингфиелд
348571421,4526902,mn,Кингман
348571806,4526907,mn,Киттеры Поинт
348571883,4526908,mn,Киттеры
348572961,4526922,mn,Лагранге
348573038,4526923,mn,Лаке Арроухеад
348573346,4526927,mn,Нуурын харагдац
348574501,4526942,mn,Ливан
348574578,4526943,mn,Ли
348574732,4526945,mn,Лидс
348574809,4526946,mn,Левант
348574886,4526947,mn,Льюистон
348575348,4526953,mn,Лекса
348575425,4526954,mn,Либерты Цорнер
348575733,4526958,mn,Лимерик
348575887,4526960,mn,Шохойн чулуу
348575964,4526961,mn,Лимингтон
348576041,4526962,mn,Линкольн
348576272,4526965,mn,Линкольнвилл
348576503,4526968,mn,Линнеус
348576580,4526969,mn,Лисбон
348576734,4526971,mn,Лисбон Фаллс
348577196,4526977,mn,Литтле Фаллс
348577581,4526982,mn,Литтлейохн Исланд
348577658,4526983,mn,Литтлетон
348577735,4526984,mn,Ливерморе
348577812,4526985,mn,Ливерморе Фаллс
348578351,4526992,mn,Лонг Исланд
348578428,4526993,mn,Урт цөөрөм
348578659,4526996,mn,Ловелл
348578736,4526997,mn,Лоуэл
348579352,4527005,mn,Лубец
348579583,4527008,mn,Людлоу
348580122,4527015,mn,Мацхиас
348580199,4527016,mn,Мацхиаспорт
348580430,4527019,mn,Маквахок
348580584,4527021,mn,Мадаваска
348580815,4527024,mn,Мадисон
348580892,4527025,mn,Мадрид
348581277,4527030,mn,Манчестер
348581816,4527037,mn,Мэплтон
348581970,4527039,mn,Мариавилле
348582432,4527045,mn,Марс Хилл
348582586,4527047,mn,Марсхфиелд
348583202,4527055,mn,Масардис
348583433,4527058,mn,Маттауамкеаг
348584665,4527074,mn,Мецханиц Фаллс
348584742,4527075,mn,Меддыбемпс
348584819,4527076,mn,Медфорд
348585127,4527080,mn,Медвей
348585358,4527083,mn,Мерсер
348585589,4527086,mn,Мерроу Ландинг
348585743,4527088,mn,Мексик
348586051,4527092,mn,Милбридге
348586205,4527094,mn,Милфорд
348586667,4527100,mn,Миллиноцкет
348586898,4527103,mn,Мило
348586975,4527104,mn,Милтон
348587129,4527106,mn,Минот
348587437,4527110,mn,Монхеган
348587514,4527111,mn,Монмут
348587591,4527112,mn,Монрое
348587822,4527115,mn,Монсон
348588053,4527118,mn,Монтичелло
348588515,4527124,mn,\N
348588669,4527126,mn,Моосе Ривер
348589362,4527135,mn,Моррилл
348589670,4527139,mn,Москва
348589978,4527143,mn,Вернон уул
348590902,4527155,mn,Неаполь
348591749,4527166,mn,Неу Глоуцестер
348591903,4527168,mn,Неу Лимерицк
348591980,4527169,mn,Неу Портланд
348592057,4527170,mn,Неу Схарон
348592134,4527171,mn,Шинэ Швед
348592288,4527173,mn,Неу Винеыард
348592442,4527175,mn,Неубургх Центер
348592596,4527177,mn,Ньюкасл
348592750,4527179,mn,Ньюпорт
348592827,4527180,mn,Ньюри
348592904,4527181,mn,Ньюфилд
348593212,4527185,mn,Ноблеборо
348593443,4527188,mn,Норридгеуоцк
348593674,4527191,mn,Нортх Ансон
348594444,4527201,mn,Нортх Беруицк
348596061,4527222,mn,Нортх Фаыетте
348596523,4527228,mn,Хойд Хейвен
348597139,4527236,mn,Хойд Ливан
348597216,4527237,mn,Нортх Леедс
348597986,4527247,mn,Нортх Монрое
348598063,4527248,mn,Нортх Неу Портланд
348599218,4527263,mn,Хойд Паунал
348600758,4527283,mn,Нортх Уиндхам
348601066,4527287,mn,Нортхеаст Харбор
348601220,4527289,mn,Нортфилд
348601297,4527290,mn,Нортхпорт
348601528,4527293,mn,Норвеги
348601605,4527294,mn,Норуаы Лаке
348602606,4527307,mn,Окфилд
348602683,4527308,mn,Окланд
348603299,4527316,mn,Огункит
348603530,4527319,mn,Олд Орцхард Беацх
348603607,4527320,mn,Хуучин хот
348604146,4527327,mn,Орланд
348604223,4527328,mn,Ориент
348604300,4527329,mn,Ороно
348604377,4527330,mn,Оррингтон
348604685,4527334,mn,Отис
348605070,4527339,mn,Оулс Хеад
348605147,4527340,mn,Үхэр боу
348605301,4527342,mn,Оксфорд
348605609,4527346,mn,Палермо
348605763,4527348,mn,Пальмира
348605917,4527350,mn,Парис
348606225,4527354,mn,Паркман
348606533,4527358,mn,Парсонсфиелд
348606610,4527359,mn,Пассадумкеаг
348606841,4527362,mn,Паттен
348608073,4527378,mn,Пэмброк
348608304,4527381,mn,Пенобскот
348608381,4527382,mn,Перхам
348608689,4527386,mn,Перри
348608920,4527389,mn,Перу
348609228,4527393,mn,Пхиппсбург
348610306,4527407,mn,Питтсфиелд
348610383,4527408,mn,Питтстон
348610922,4527415,mn,Плеасант Поинт
348611538,4527423,mn,Плимут
348611615,4527424,mn,Польш
348612539,4527436,mn,Портер
348612770,4527439,mn,Портланд
348612924,4527441,mn,Поунал Центер
348613232,4527445,mn,Прентисс
348613309,4527446,mn,Преск арал
348613694,4527451,mn,Принстон
348613925,4527454,mn,хэтийн төлөв
348614772,4527465,mn,Рандольф
348614926,4527467,mn,Рангелеы
348615157,4527470,mn,Рэймонд
348615465,4527474,mn,Реадфиелд
348616004,4527481,mn,Рид
348616389,4527486,mn,Ричмонд
348617082,4527495,mn,Рипли
348617544,4527501,mn,Роббинстон
348617852,4527505,mn,Робинхоод
348618160,4527509,mn,Рокпорт
348618468,4527513,mn,Ром
348618699,4527516,mn,Рокуе Блуффс
348619392,4527525,mn,Роксбери
348619700,4527529,mn,Румфорд
348620239,4527536,mn,Сабаттус
348620393,4527538,mn,Сацо
348620547,4527540,mn,Саинт Агатха
348620624,4527541,mn,Гэгээн Албанс
348620855,4527544,mn,Гэгээн Францис
348620932,4527545,mn,Гэгээн Жорж
348621394,4527551,mn,Санд Беацх
348622010,4527559,mn,Санфорд
348622087,4527560,mn,Сангервилле
348622549,4527566,mn,Скарборо
348623396,4527577,mn,Сеарсмонт
348623473,4527578,mn,Сеарспорт
348624166,4527587,mn,Себец
348624551,4527592,mn,Седгвик
348624936,4527597,mn,Схаплеигх
348625398,4527603,mn,Схерман
348626476,4527617,mn,Сидней
348627246,4527627,mn,Сковхеган
348627939,4527636,mn,Смитфилд
348628709,4527646,mn,Солон
348628940,4527649,mn,Сомервилле
348629171,4527652,mn,Сорренто
348629633,4527658,mn,Өмнөд гар
348629787,4527660,mn,Соутх Беруицк
348630172,4527665,mn,Соутх Бристол
348630942,4527675,mn,Соутх Елиот
348633252,4527705,mn,Соутх Парис
348633637,4527710,mn,Соутх Портланд
348634099,4527716,mn,Соутх Санфорд
348634638,4527723,mn,Соутх Тхомастон
348635331,4527732,mn,Соутх Уиндхам
348635639,4527736,mn,Соутхпорт
348635716,4527737,mn,Соутхуест Харбор
348636717,4527750,mn,Спрингфилд
348636794,4527751,mn,Спрингвэйл
348637256,4527757,mn,Стацывилле
348637333,4527758,mn,Стандисх
348637487,4527760,mn,Старбирд Цорнер
348637718,4527763,mn,Старкс
348637949,4527766,mn,Стееп Фаллс
348638180,4527769,mn,Стетсон
348638257,4527770,mn,Стюбен
348638873,4527778,mn,Стоцкхолм
348638950,4527779,mn,Стоцктон Спрингс
348639104,4527781,mn,Стонингтон
348639412,4527785,mn,Стоу
348639643,4527788,mn,Стронг
348640259,4527796,mn,Салливан
348640490,4527799,mn,Сумнер
348640875,4527804,mn,Сурры
348640952,4527805,mn,Сванвилл
348641029,4527806,mn,Суанс Исланд
348641106,4527807,mn,Сванвилл
348641260,4527809,mn,Швед
348641876,4527817,mn,Темпле
348642646,4527827,mn,Томастон
348642877,4527830,mn,Тхорндике
348643801,4527842,mn,Топсфиелд
348643878,4527843,mn,Топсхам
348644648,4527853,mn,Тремонт
348644725,4527854,mn,Трентон
348644879,4527856,mn,Трой
348645264,4527861,mn,Тернер
348646111,4527872,mn,Эв нэгдэл
348646650,4527879,mn,Уппер Схирлеы Цорнер
348646727,4527880,mn,Аптон
348646804,4527881,mn,Ван Бурен
348646881,4527882,mn,Ванцеборо
348647112,4527885,mn,Вассалборо
348647189,4527886,mn,Веазие
348647266,4527887,mn,Верона
348647497,4527890,mn,Виенна
348647651,4527892,mn,Виналхавен
348647805,4527894,mn,Уаите
348647959,4527896,mn,Вальдо
348648036,4527897,mn,Вальдоборо
348648421,4527902,mn,Уаллаграсс
348648729,4527906,mn,Уолтхэм
348648960,4527909,mn,Уоррен
348649037,4527910,mn,Уасхбурн
348649191,4527912,mn,Вашингтон
348649345,4527914,mn,Уотерборо
348649576,4527917,mn,Уотервилл
348649884,4527921,mn,Уэйн
348650115,4527924,mn,Вэбстер
348650654,4527931,mn,Гагнуур
348650808,4527933,mn,Веллингтон
348650885,4527934,mn,Худаг
348651039,4527936,mn,Уеллс Беацх Статион
348651193,4527938,mn,Уэсли
348651424,4527941,mn,Баруун Оберн
348653426,4527967,mn,Уест Форкс
348654735,4527984,mn,Уест Миллс
348655274,4527991,mn,Уест Парис
348655967,4528000,mn,Уест Сцарбороугх
348656891,4528012,mn,Баруун Вашингтон
348656968,4528013,mn,Уэстбрук
348657122,4528015,mn,Уэстбрук
348657353,4528018,mn,Вестфилд
348657430,4528019,mn,Уэстон
348657507,4528020,mn,Вестпорт
348657969,4528026,mn,Ухите Оак Цорнер
348658046,4528027,mn,Ухитефиелд
348658354,4528031,mn,Уайтинг
348658508,4528033,mn,Уитнивилл
348658739,4528036,mn,Уилдес Дистрицт
348658970,4528039,mn,Уиллимантиц
348659278,4528043,mn,Вилтон
348659740,4528049,mn,Виндзор
348659894,4528051,mn,Уингс Миллс
348659971,4528052,mn,Винн
348660048,4528053,mn,Уинстон
348660279,4528056,mn,Винслоу
348660510,4528059,mn,Уинтерпорт
348660587,4528060,mn,Винтервилл
348660664,4528061,mn,Уинтроп
348660818,4528063,mn,Вискассет
348660895,4528064,mn,Уинтер Харбор
348661357,4528070,mn,Уоодланд
348661434,4528071,mn,Уоодланд Центер
348661665,4528074,mn,Вулвич
348662127,4528080,mn,Ыармоутх
348662589,4528086,mn,Ыорк Харбор
348663205,4528094,mn,Акме
348663590,4528099,mn,Аддисон
348663744,4528101,mn,Адриан
348663821,4528102,mn,Урьдчилгаа
348664283,4528108,mn,Ахмеек
348664437,4528110,mn,Акрон
348664514,4528111,mn,Алабастер
348664745,4528114,mn,Аламо
348664822,4528115,mn,Алансон
348664976,4528117,mn,Алба
348665130,4528119,mn,Альбион
348665284,4528121,mn,Алцона
348665361,4528122,mn,Алден
348665592,4528125,mn,Луганское
348665746,4528127,mn,Алгонац
348665900,4528129,mn,Аллеган
348665977,4528130,mn,Аллен
348666131,4528132,mn,Аллен Парк
348666285,4528134,mn,Аллендейл
348666593,4528138,mn,Аллоуэз
348666670,4528139,mn,Алма
348666824,4528141,mn,Алмена
348666901,4528142,mn,Алмонт
348666978,4528143,mn,Алоха
348667055,4528144,mn,Альфен
348667209,4528146,mn,Алпха
348667979,4528156,mn,Амаса
348668056,4528157,mn,Амбер
348668980,4528169,mn,Анн Арбор
348669519,4528176,mn,Апплегате
348669596,4528177,mn,Аркадиа
348669827,4528180,mn,Аренац
348669904,4528181,mn,Аргентин
348669981,4528182,mn,Аргил
348670135,4528184,mn,Армада
348670366,4528187,mn,Артесиа Беацх
348670674,4528191,mn,Эшланд
348670828,4528193,mn,Эшли
348671059,4528196,mn,Ассыриа
348671136,4528197,mn,Атхенс
348671290,4528199,mn,Атланта
348671367,4528200,mn,Атлантын уурхай
348671444,4528201,mn,Атлас
348671521,4528202,mn,Аттика
348671598,4528203,mn,Атвуд
348671675,4528204,mn,Ау Грес
348671752,4528205,mn,Ау Сабле
348671829,4528206,mn,Ау Траин
348671983,4528208,mn,Долгиотсон шаргал
348672137,4528210,mn,Аубурн Хиллс
348672214,4528211,mn,Аугуста
348672368,4528213,mn,Аурелиус
348673138,4528223,mn,Авери
348673215,4528224,mn,Авока
348673908,4528233,mn,Муу сүх
348674524,4528241,mn,Болдуин
348674986,4528247,mn,Банкрофт
348675140,4528249,mn,Бангор
348675448,4528253,mn,Барага
348675602,4528255,mn,Барк Ривер
348675833,4528258,mn,Барода
348675910,4528259,mn,Баррытон
348676064,4528261,mn,Бартон Хиллс
348676218,4528263,mn,Батавиа
348676757,4528270,mn,Батл Крик
348676988,4528273,mn,Бэй хот
348677065,4528274,mn,Баы Миллс
348677219,4528276,mn,Баы Порт
348677296,4528277,mn,Баы Схоре
348677373,4528278,mn,\N
348677912,4528285,mn,Беал Циты
348677989,4528286,mn,Беар Лаке
348678220,4528289,mn,Минж
348678374,4528291,mn,Беавер Грове
348678528,4528293,mn,Беавертон
348678913,4528298,mn,Беецхер
348679067,4528300,mn,Беецхуоод
348679144,4528301,mn,Белдинг
348679221,4528302,mn,Белкнап
348679529,4528306,mn,Беллер
348679683,4528308,mn,Беллевилл
348679837,4528310,mn,Беллвуд
348679914,4528311,mn,Белмонт
348680068,4528313,mn,Бендон
348680607,4528320,mn,Бентон Харбор
348680684,4528321,mn,Бентон Хеигхтс
348680838,4528323,mn,Бензониа
348680915,4528324,mn,Бергланд
348680992,4528325,mn,Берклеы
348681300,4528329,mn,Берриен Спрингс
348681608,4528333,mn,Бертран
348681762,4528335,mn,Бессемер
348681993,4528338,mn,Бетел
348682301,4528342,mn,Бэула
348682455,4528344,mn,Беверли Хиллс
348682532,4528345,mn,Биг Баы
348682763,4528348,mn,Том зүсэлт
348682840,4528349,mn,Биг Праирие
348682917,4528350,mn,Биг Рапидс
348683148,4528353,mn,Биллингс
348683225,4528354,mn,Бингхэм
348683302,4528355,mn,Бингхам Фармс
348683610,4528359,mn,Бирцх Рун
348683995,4528364,mn,\N
348684072,4528365,mn,Бирмингем
348684688,4528373,mn,Бланеы Йунцтион
348684765,4528374,mn,Блиссфиелд
348684842,4528375,mn,Блисс
348684919,4528376,mn,Блом
348685073,4528378,mn,Блоомфиелд Хиллс
348685150,4528379,mn,Блүүмингдэйл
348685689,4528386,mn,Бомбаы
348685766,4528387,mn,Боон
348686613,4528398,mn,Боыне Циты
348686690,4528399,mn,Боыне Фаллс
348686998,4528403,mn,Брамптон
348687152,4528405,mn,Брант
348687460,4528409,mn,Брецкенридге
348687537,4528410,mn,Бреедсвилле
348687768,4528413,mn,Бретхрен
348687845,4528414,mn,Бреворт
348688076,4528417,mn,Бриджтон
348688230,4528419,mn,Бридгеуатер
348688307,4528420,mn,Бридгман
348688384,4528421,mn,Брайтон
348688461,4528422,mn,Бримлеы
348688615,4528424,mn,Бристол
348688769,4528426,mn,Бриттон
348689000,4528429,mn,Броквей
348689154,4528431,mn,Бронсон
348689308,4528433,mn,Бруклин
348689385,4528434,mn,Броокфиелд
348689462,4528435,mn,Бруксид
348689770,4528439,mn,Броун Циты
348689847,4528440,mn,Броунлее Парк
348690001,4528442,mn,Бруце Цроссинг
348690232,4528445,mn,Брутус
348690386,4528447,mn,Бьюкенан
348690617,4528450,mn,Буцклеы
348690925,4528454,mn,Буена Виста
348691464,4528461,mn,Берлингтон
348691618,4528463,mn,Бурнс Ландинг
348691695,4528464,mn,Түлэнхий
348691849,4528466,mn,БӨРР Царс
348691926,4528467,mn,Бөрт
348692080,4528469,mn,Бертон
348692234,4528471,mn,Батлер
348692311,4528472,mn,Бутман
348692388,4528473,mn,Баттерфилд
348692619,4528476,mn,Байрон
348692696,4528477,mn,Бырон Центер
348692773,4528478,mn,Цадиллац
348693004,4528481,mn,Каффи
348693312,4528485,mn,Цаледониа
348693389,4528486,mn,Калифорни
348693466,4528487,mn,Калумет
348693620,4528489,mn,Кембриа
348693774,4528491,mn,Камден
348694467,4528500,mn,Цанадиан Лакес
348694544,4528501,mn,Цанада Цреек Ранцх
348694852,4528505,mn,Цаннонсбург
348694929,4528506,mn,Кантон
348695006,4528507,mn,Цапац
348695237,4528510,mn,Карлтон
348695545,4528514,mn,Карлтон
348695622,4528515,mn,Карни
348695699,4528516,mn,Каро
348695776,4528517,mn,Царп Лаке
348696084,4528521,mn,Карролтон
348696161,4528522,mn,Царсон Циты
348696238,4528523,mn,Царсонвилле
348696469,4528526,mn,Цасцо
348696546,4528527,mn,Цасевилле
348696700,4528529,mn,Цасновиа
348696777,4528530,mn,Цаспиан
348696854,4528531,mn,Цасс Циты
348696931,4528532,mn,Цассополис
348697162,4528535,mn,Цедар
348697778,4528543,mn,Хуш Булаг
348697855,4528544,mn,Цедарвилле
348697932,4528545,mn,Цемент хот
348698163,4528548,mn,Центер Лине
348698317,4528550,mn,Централ Лаке
348698394,4528551,mn,Центревилле
348699010,4528559,mn,Чаппакуа
348699395,4528564,mn,Шарлевойкс
348699472,4528565,mn,Цхарлотте
348699626,4528567,mn,Цхасселл
348699703,4528568,mn,Цхатхам
348699857,4528570,mn,Цхебоыган
348699934,4528571,mn,Челси
348700319,4528576,mn,Чесгин
348700473,4528578,mn,Честер
348700704,4528581,mn,Цхестониа
348701551,4528592,mn,Цхристмас
348701628,4528593,mn,Цхумс Цорнер
348701859,4528596,mn,Цлам Ривер
348701936,4528597,mn,Клэр
348702167,4528600,mn,Цларендон
348702629,4528606,mn,Цларкстон
348702783,4528608,mn,Кларксвилл
348702937,4528610,mn,Клаусон
348703091,4528612,mn,Клэйтон
348703168,4528613,mn,Клиффорд
348703322,4528615,mn,Цлимакс
348703399,4528616,mn,Клинтон
348703476,4528617,mn,Цлинтон Тоунсхип
348703707,4528620,mn,Цлио
348704169,4528626,mn,\N
348704323,4528628,mn,Цохоцтах
348704477,4528630,mn,Хүйтэн ус
348704631,4528632,mn,Колеман
348704708,4528633,mn,Колфакс
348705016,4528637,mn,Цолома
348705093,4528638,mn,Бүдүүн гэдэс
348705247,4528640,mn,Цолумбиавилле
348705324,4528641,mn,Колумб
348705632,4528645,mn,Цомстоцк Парк
348705709,4528646,mn,Конкорд
348706094,4528651,mn,Конвей
348706171,4528652,mn,Константин
348706248,4528653,mn,Конвей
348706633,4528658,mn,Цооперсвилле
348706864,4528661,mn,Цопемисх
348707018,4528663,mn,Зэс хот
348707172,4528665,mn,Цоппер Харбор
348707634,4528671,mn,Корнелл
348707788,4528673,mn,Цорунна
348707942,4528675,mn,Кроуфорд
348708019,4528676,mn,Ковингтон
348708635,4528684,mn,Цросуелл
348708712,4528685,mn,Цротон
348708943,4528688,mn,Кристал
348709174,4528691,mn,Үйрмэг
348709251,4528692,mn,Кристал хүрхрээ
348709482,4528695,mn,Црысталлиа
348710098,4528703,mn,Цустер
348710252,4528705,mn,Цутлервилле
348710329,4528706,mn,Дафтер
348710406,4528707,mn,Даггетт
348710637,4528710,mn,Далтон
348710945,4528714,mn,Дансвилле
348711176,4528717,mn,Дависон
348711330,4528719,mn,ДеВитт
348711638,4528723,mn,Де Тоур Виллаге
348711715,4528724,mn,ДеВитт
348711869,4528726,mn,Деарборн
348711946,4528727,mn,Деарборн Хеигхтс
348712100,4528729,mn,Декатур
348712177,4528730,mn,Декервилл
348712408,4528733,mn,Дирфилд
348713409,4528746,mn,Делтон
348713871,4528752,mn,Детройт
348713948,4528753,mn,Детроит Беацх
348714333,4528758,mn,Декстер
348715103,4528768,mn,Димондале
348715411,4528772,mn,Диксборо
348715719,4528776,mn,Доллар Баы
348716335,4528784,mn,Дорр
348716720,4528789,mn,Дуглас
348717028,4528793,mn,Довагиак
348717105,4528794,mn,Доулинг
348717490,4528799,mn,Драммонд
348717567,4528800,mn,Дрыден
348718106,4528807,mn,Данди
348718337,4528810,mn,Дуннингвилле
348718414,4528811,mn,Дуплаин
348718491,4528812,mn,Дуранд
348718645,4528814,mn,Бүргэд
348718722,4528815,mn,Еагле Харбор
348718953,4528818,mn,Еагле Ривер
348719261,4528822,mn,Еаст Цоопер
348719492,4528825,mn,Еаст Гранд Рапидс
348719646,4528827,mn,Еаст Йордан
348719800,4528829,mn,Зүүн нуур
348719954,4528831,mn,Еаст Лансинг
348720262,4528835,mn,Еаст Тауас
348720647,4528840,mn,Еастпоинте
348720724,4528841,mn,Еастпорт
348720801,4528842,mn,Иствуд
348720878,4528843,mn,Еатон Рапидс
348720955,4528844,mn,Еау Цлаире
348721263,4528848,mn,Ецорсе
348721340,4528849,mn,Ецкфорд
348721494,4528851,mn,Эденвилл
348721571,4528852,mn,Эджмонт цэцэрлэгт хүрээлэн
348722033,4528858,mn,Едморе
348722110,4528859,mn,Эдвардс
348722187,4528860,mn,Едуардсбург
348722341,4528862,mn,Эльба
348722418,4528863,mn,Елберта
348722572,4528865,mn,Элбридж
348722649,4528866,mn,Эльдорадо
348722726,4528867,mn,Эль Капиюл
348722880,4528869,mn,Элктон
348722957,4528870,mn,Эллингтон
348723034,4528871,mn,Элсворт
348723342,4528875,mn,Элмер
348723419,4528876,mn,Елмира
348723573,4528878,mn,Элмвуд
348723804,4528881,mn,Елсие
348724266,4528887,mn,Емметт
348724420,4528889,mn,Емпире
348724497,4528890,mn,Енсигн
348725113,4528898,mn,Ерие
348725190,4528899,mn,Есцанаба
348725267,4528900,mn,Эссексвилл
348725421,4528902,mn,Естрал Беацх
348725498,4528903,mn,Етхелуоод
348725652,4528905,mn,Эврика
348725960,4528909,mn,Еварт
348726345,4528914,mn,Мөнх ногоон эрэг
348726422,4528915,mn,Эвен
348726499,4528916,mn,Фабиус
348726653,4528918,mn,Фаир Плаин
348726807,4528920,mn,Фэрфилд
348726884,4528921,mn,Фаиргрове
348727038,4528923,mn,Яармагийн порт
348727192,4528925,mn,Фаитхорн
348727654,4528931,mn,Фармингтон
348727808,4528933,mn,Фармингтон Хиллс
348728039,4528936,mn,Фарвелл
348728116,4528937,mn,Фаун Ривер
348728501,4528942,mn,Фелцх
348728655,4528944,mn,Феннвилле
348728732,4528945,mn,Фентон
348728963,4528948,mn,Тавин зургаа
348729040,4528949,mn,Ферры
348729117,4528950,mn,Феррысбург
348729271,4528952,mn,Фифе Лаке
348729348,4528953,mn,Филер Циты
348729425,4528954,mn,Филлмор
348729733,4528958,mn,Фирестеел
348730811,4528972,mn,Флитвуд
348731042,4528975,mn,Флинт
348731196,4528977,mn,Цэцгийн талбай
348731350,4528979,mn,Флусхинг
348731581,4528982,mn,Форд Ривер
348732120,4528989,mn,Ойн толгод
348732274,4528991,mn,Форестер
348732505,4528994,mn,Форествилл
348733198,4529003,mn,Фосториа
348733352,4529005,mn,Усан оргилуур
348733814,4529011,mn,Фаулер
348733891,4529012,mn,Фоулервилле
348734276,4529017,mn,Франкенмутх
348734430,4529019,mn,Франкфорт
348734507,4529020,mn,Франклин
348734661,4529022,mn,Фрейзер
348734738,4529023,mn,Фреда
348734815,4529024,mn,Фредериц
348734892,4529025,mn,Фрее Соил
348735046,4529027,mn,Фриланд
348735200,4529029,mn,Фреепорт
348735354,4529031,mn,Фремонт
348736201,4529042,mn,Фруитпорт
348736509,4529046,mn,Гаастра
348736586,4529047,mn,Гейжтаун
348736663,4529048,mn,Гейнс
348736740,4529049,mn,Галесбург
348736817,4529050,mn,Галиен
348736971,4529052,mn,Ганга
348737048,4529053,mn,Цэцэрлэг
348737125,4529054,mn,Цэцэрлэг Хот
348738049,4529066,mn,Гейлорд
348738588,4529073,mn,Гермфаск
348738742,4529075,mn,Гибралтар
348739281,4529082,mn,Гилеад
348739358,4529083,mn,Гилфорд
348739589,4529086,mn,Жирард
348739666,4529087,mn,Гладстон
348739743,4529088,mn,Гладвин
348739897,4529090,mn,Глен Арбор
348739974,4529091,mn,Глен Хейвен
348740359,4529096,mn,Гленгары
348740975,4529104,mn,Гленвуд далайн эрэг
348741129,4529106,mn,Гоблес
348741591,4529112,mn,Цоминс
348741745,4529114,mn,Гоодар
348741899,4529116,mn,Гудланд
348742053,4529118,mn,Гоодрицх
348742438,4529123,mn,Гоурлеы
348742823,4529128,mn,Гранд далайн эрэг
348742900,4529129,mn,Гранд Бланц
348742977,4529130,mn,Гранд Хавен
348743131,4529132,mn,Гранд Ледге
348743208,4529133,mn,Гранд Мараис
348743285,4529134,mn,Гранд Рапидс
348743362,4529135,mn,Гранд Рапидс
348743439,4529136,mn,Гранд хөндий
348743978,4529143,mn,Грандвилле
348744209,4529146,mn,Грант
348744286,4529147,mn,Грант Центер
348744440,4529149,mn,Өвс нуур
348744517,4529150,mn,Граттан
348744594,4529151,mn,Граун
348744671,4529152,mn,Граылинг
348744979,4529156,mn,Греен Оак
348745056,4529157,mn,Греен Гарден
348745287,4529160,mn,Ногоон бут
348745518,4529163,mn,Гренланд
348745749,4529166,mn,Гринвилл
348745980,4529169,mn,Греилицквилле
348746365,4529174,mn,Харрисон
348746442,4529175,mn,Эрхэм ээ
348746519,4529176,mn,Гроссе Поинте Фармс
348746596,4529177,mn,Гроссе Поинте Парк
348746673,4529178,mn,Гроссе Поинте Схорес
348746750,4529179,mn,Гроссе Поинте Уоодс
348746981,4529182,mn,Цахлай нуур
348747212,4529185,mn,Густин
348747366,4529187,mn,Гвинн
348747443,4529188,mn,Хэдли
348747674,4529191,mn,Халлерс Цорнерс
348747828,4529193,mn,Гамбург
348748213,4529198,mn,Хамтрамцк
348748290,4529199,mn,Хэнкок
348748675,4529204,mn,Ганновер
348748906,4529207,mn,Харбор Беацх
348749060,4529209,mn,Харбор Спрингс
348749291,4529212,mn,Хардуоод
348749368,4529213,mn,Харинг
348749522,4529215,mn,Харлан
348749676,4529217,mn,Харпер Уоодс
348749753,4529218,mn,Харриетта
348749830,4529219,mn,Харрис
348749907,4529220,mn,Харрисбург
348749984,4529221,mn,Харрисон
348750138,4529223,mn,Харрисвилл
348750215,4529224,mn,Харт
348750523,4529228,mn,Хартфорд
348750677,4529230,mn,Харви
348750754,4529231,mn,Хаслетт
348750831,4529232,mn,Хастингс
348750985,4529234,mn,Хатмакер
348751062,4529235,mn,Хаттон
348751678,4529243,mn,Хазел Парк
348751755,4529244,mn,Хазелхурст
348752525,4529254,mn,Хамлок
348752602,4529255,mn,Хендерсон
348752833,4529258,mn,Хермансвилле
348753141,4529262,mn,Херсеы
348753218,4529263,mn,Хеспериа
348753449,4529266,mn,Хиавата
348753603,4529268,mn,Хицкоры Цорнерс
348753988,4529273,mn,Өндөрлөг газар
348754142,4529275,mn,Хигхланд Парк
348754758,4529283,mn,Хиллман
348754835,4529284,mn,Хиллсдейл
348755297,4529290,mn,Голланд
348755451,4529292,mn,Холлы
348755682,4529295,mn,Холт
348755759,4529296,mn,Холтон
348755990,4529299,mn,Гомер
348756144,4529301,mn,Хонор
348756452,4529305,mn,Найдвар
348756529,4529306,mn,Хопкинс
348756683,4529308,mn,Аймшиг
348756760,4529309,mn,Хортон
348756837,4529310,mn,Хортон Баы
348756914,4529311,mn,Хоутон
348756991,4529312,mn,Хоугхтон Лаке
348757376,4529317,mn,Хоуард Циты
348757453,4529318,mn,Хоуардсвилле
348757530,4529319,mn,Хоуэлл
348757838,4529323,mn,Хаббард нуур
348757992,4529325,mn,Хуббардстон
348758069,4529326,mn,Хуббелл
348758223,4529328,mn,Худсон
348758377,4529330,mn,Худсонвилле
348758454,4529331,mn,Хулберт
348758531,4529332,mn,Хүннэвелл
348758839,4529336,mn,Хунтингтон Уоодс
348759070,4529339,mn,Хурон хот
348759455,4529344,mn,Хуронтаун
348759763,4529348,mn,Ида
348759994,4529351,mn,Имлаы Циты
348760148,4529353,mn,Ина
348760379,4529356,mn,Индиан Ривер
348760764,4529361,mn,Ингаллстон
348760918,4529363,mn,Интерлоцхен
348760995,4529364,mn,Иония
348761072,4529365,mn,Төмөр уул
348761149,4529366,mn,Ирон Ривер
348761226,4529367,mn,Иронс
348761303,4529368,mn,Иронтон
348761380,4529369,mn,Төмөр мод
348761457,4529370,mn,Ирвин
348761765,4529374,mn,Исхпеминг
348761919,4529376,mn,Итхаца
348762227,4529380,mn,Жексон
348762381,4529382,mn,Жеймстаун
348762458,4529383,mn,Жаспер
348762689,4529386,mn,Йенисон
348762766,4529387,mn,Йеннингс
348763459,4529396,mn,Жонсвилл
348764152,4529405,mn,Жуниата
348764306,4529407,mn,Каламазоо
348764383,4529408,mn,Калева
348764460,4529409,mn,Калкаска
348764537,4529410,mn,Каламо
348764845,4529414,mn,Кавкаулин
348764999,4529416,mn,Кеего Харбор
348765153,4529418,mn,Кеелер
348765615,4529424,mn,Кено
348765692,4529425,mn,Кент Циты
348765923,4529428,mn,Кентвуд
348766924,4529441,mn,Килманагх
348767001,4529442,mn,Кимбалл
348767155,4529444,mn,Кинде
348767232,4529445,mn,Киндерхоок
348767463,4529448,mn,Кингстаун
348767540,4529449,mn,Кингсфорд
348767771,4529452,mn,Кингсли
348767848,4529453,mn,Кингстон
348768618,4529463,mn,Коцхвилле
348768772,4529465,mn,Куртз
348768849,4529466,mn,Л'Ансе
348769080,4529469,mn,ЛаБранцхе
348769850,4529479,mn,Лаингсбург
348769927,4529480,mn,Нуур
348770081,4529482,mn,Лаке Ангелус
348770158,4529483,mn,Лаке Анн
348770312,4529485,mn,Лэйк хот
348770389,4529486,mn,Лаке Фентон
348770543,4529488,mn,Лаке Гогебиц
348770620,4529489,mn,Лаке Хурон Беацх
348770697,4529490,mn,Лаке Лееланау
348770774,4529491,mn,Лаке Линден
348770928,4529493,mn,Лаке Мицхиган Беацх
348771082,4529495,mn,Лаке Одесса
348771159,4529496,mn,Лаке Орион
348771390,4529499,mn,Лэйкфилд
348771852,4529505,mn,Лэйктон
348772006,4529507,mn,Лакевиев
348772160,4529509,mn,Лакевиев
348772545,4529514,mn,Лакеуоод Цлуб
348772699,4529516,mn,Ламбертвилле
348772853,4529518,mn,Ламонт
348773161,4529522,mn,Лансинг
348773238,4529523,mn,Лапеер
348773777,4529530,mn,Латхруп Виллаге
348773931,4529532,mn,Лауриум
348774162,4529535,mn,Лоуренс
348774316,4529537,mn,Лотон
348774470,4529539,mn,Ле Роы
348774778,4529543,mn,Ли
348775240,4529549,mn,Леланд
348775317,4529550,mn,Леисуре
348775625,4529554,mn,Леннон
348775702,4529555,mn,Леонард
348775779,4529556,mn,Леони
348775856,4529557,mn,Леонидас
348776010,4529559,mn,Лесли
348776318,4529563,mn,Хөшүүрэг
348776472,4529565,mn,Льюистон
348776626,4529567,mn,Лексингтон
348776780,4529569,mn,Лекса
348777011,4529572,mn,Лиллеы
348777242,4529575,mn,Шохойн чулуу
348777396,4529577,mn,Линкольн
348777704,4529581,mn,Линкольн Парк
348777781,4529582,mn,Линден
348778166,4529587,mn,Личфилд
348778859,4529596,mn,Ливониа
348779398,4529603,mn,Лондон
348779475,4529604,mn,Лонг Лаке
348779706,4529607,mn,Урт Рапид
348779860,4529609,mn,Лордстаун
348780014,4529611,mn,Лост Лаке Уоодс
348780245,4529614,mn,Ловеллс
348780322,4529615,mn,Лоуэл
348780553,4529618,mn,Луце
348780630,4529619,mn,Лудингтон
348780861,4529622,mn,Луна Пиер
348780938,4529623,mn,Луптон
348781015,4529624,mn,Лютер
348781169,4529626,mn,Линдон төв
348781323,4529628,mn,Лион
348781477,4529630,mn,Мацкинац Исланд
348781554,4529631,mn,Мацкинау Циты
348781708,4529633,mn,Макон
348781939,4529636,mn,Мэдисон Хайтс
348782093,4529638,mn,Манчестер
348782324,4529641,mn,Манистее
348782401,4529642,mn,Манцелона
348782478,4529643,mn,Манистикуе
348782786,4529647,mn,Мэнсфилд
348783017,4529650,mn,Мантон
348783171,4529652,mn,Мапле Циты
348783633,4529658,mn,Мапле Рапидс
348784018,4529663,mn,Мэплтон
348784249,4529666,mn,Марцеллус
348784326,4529667,mn,Маренго
348784403,4529668,mn,Маренисцо
348784480,4529669,mn,Марилла
348784557,4529670,mn,Марине Циты
348784634,4529671,mn,Маркетт
348784942,4529675,mn,Маркетт
348785096,4529677,mn,Маркетт
348785250,4529679,mn,Максбасс
348785327,4529680,mn,Мартин
348785712,4529685,mn,Мэрисвилл
348785866,4529687,mn,Мэйсон
348786097,4529690,mn,Масс Циты
348786174,4529691,mn,Мастодон
348786251,4529692,mn,Матчвуд
348786405,4529694,mn,Маттаван
348786482,4529695,mn,Маттесон
348786713,4529698,mn,Магадгүй
348786790,4529699,mn,Мэйфилд
348786867,4529700,mn,Мэйвилл
348787021,4529702,mn,МцБаин
348787098,4529703,mn,Макбрайд
348788330,4529719,mn,МцМиллан
348788792,4529725,mn,Мирс
348788946,4529727,mn,Мецоста
348789023,4529728,mn,Мадина
348789331,4529732,mn,Мелвин
348789408,4529733,mn,Мелвиндале
348789485,4529734,mn,Мемпхис
348789562,4529735,mn,Мендон
348789639,4529736,mn,Меноминее
348790024,4529741,mn,Меррилл
348790409,4529746,mn,Месицк
348790486,4529747,mn,Мец
348790640,4529749,mn,Мец
348791025,4529754,mn,Мицхиана
348791102,4529755,mn,Мицхигамме
348791179,4529756,mn,Мицхиган Центер
348791564,4529761,mn,Миддлтаун
348791641,4529762,mn,Миддлевилле
348791718,4529763,mn,Мидланд
348791872,4529765,mn,Микадо
348791949,4529766,mn,Милан
348792026,4529767,mn,Милфорд
348792180,4529769,mn,Миллбург
348792411,4529772,mn,Миллбрук
348792488,4529773,mn,Миллерсбург
348792950,4529779,mn,Миллингтон
348793335,4529784,mn,Минден Циты
348793489,4529786,mn,Мио
348794028,4529793,mn,Молтке
348794182,4529795,mn,Монрое
348794336,4529797,mn,Монтегу
348794490,4529799,mn,Монтгомери
348794567,4529800,mn,Монтроз
348794875,4529804,mn,Мурланд
348794952,4529805,mn,Моран
348795029,4529806,mn,Моренци
348795414,4529811,mn,Морлеы
348795568,4529813,mn,Моррице
348795722,4529815,mn,Москва
348795953,4529818,mn,Моттвилл
348796030,4529819,mn,Моунт Цлеменс
348796107,4529820,mn,\N
348796184,4529821,mn,Моррис уул
348796261,4529822,mn,Вернон уул
348796338,4529823,mn,Вернон уул
348796723,4529828,mn,Муир
348796877,4529830,mn,Мулликен
348797031,4529832,mn,Мунисинг
348797416,4529837,mn,Мускегон
348797493,4529838,mn,Мускегон Хеигхтс
348797724,4529841,mn,Надо
348797878,4529843,mn,Нахма
348798109,4529846,mn,Наполеон
348798263,4529848,mn,Нэшвилл
348798648,4529853,mn,Наубинвей
348798956,4529857,mn,Негаунее
348799264,4529861,mn,Нессен хот
348799418,4529863,mn,Шинэ Балтимор
348799495,4529864,mn,Шинэ Бостон
348799649,4529866,mn,Неу Буффало
348799803,4529868,mn,Шинэ эрин
348799957,4529870,mn,Нью Хейвен
348800034,4529871,mn,Нью Хейвен
348800265,4529874,mn,Неу Худсон
348800342,4529875,mn,Неу Лотхроп
348800650,4529879,mn,Шинэ Трой
348800804,4529881,mn,Неуаыго
348800881,4529882,mn,Ньюберри
348801112,4529885,mn,Ньюарк
348801497,4529890,mn,Нилс
348802113,4529898,mn,Нортх Адамс
348802575,4529904,mn,Хойд салбар
348803422,4529915,mn,Нортх Мускегон
348803576,4529917,mn,Нортх Стар
348803961,4529922,mn,Нортхпорт
348804038,4529923,mn,Нортхвиеу
348804115,4529924,mn,Нортвилл
348804346,4529927,mn,Нортон Схорес
348804423,4529928,mn,Норвеги
348804577,4529930,mn,Норвеги
348804654,4529931,mn,Норвуд
348804731,4529932,mn,Ноттава
348804885,4529934,mn,Нови
348804962,4529935,mn,Нуника
348805424,4529941,mn,ОАК Хилл
348805578,4529943,mn,ОАК Парк
348806117,4529950,mn,Окли
348806656,4529957,mn,Оккеок
348806733,4529958,mn,Оден
348806810,4529959,mn,Огдэн
348807349,4529966,mn,Окемос
348807888,4529973,mn,Оливе Центер
348808042,4529975,mn,Чидун жимс
348808196,4529977,mn,Олсон
348808273,4529978,mn,Онавэй
348808350,4529979,mn,Омер
348808427,4529980,mn,Онавэй
348808504,4529981,mn,Онекама
348808658,4529983,mn,Онондага
348808735,4529984,mn,Онота
348808812,4529985,mn,Онстед
348808889,4529986,mn,Онтонагон
348808966,4529987,mn,Оранжвилл
348809351,4529992,mn,Орлеанс
348809505,4529994,mn,Ортонвилле
348809582,4529995,mn,Осцеола
348809659,4529996,mn,Осцода
348810044,4530001,mn,Оссинеке
348810121,4530002,mn,Оттава
348810198,4530003,mn,Отсего
348810275,4530004,mn,Отсего Лаке
348810506,4530007,mn,Оттер Лаке
348810583,4530008,mn,Оверисел
348810660,4530009,mn,Овид
348810737,4530010,mn,Оуэндейл
348810814,4530011,mn,Овоссо
348811276,4530017,mn,Оксфорд
348811661,4530022,mn,Паинесдале
348811969,4530026,mn,Палмер
348812200,4530029,mn,Пальмира
348812277,4530030,mn,Пало
348812508,4530033,mn,Парцхмент
348812893,4530038,mn,Паркдале
348812970,4530039,mn,Паркерс Цорнерс
348813201,4530042,mn,Парма
348813971,4530052,mn,Павилион
348814202,4530055,mn,Тавхай Тавхай
348814279,4530056,mn,Пав Пау нуур
348814587,4530060,mn,Пеацоцк
348814818,4530063,mn,Пеарл Беацх
348815203,4530068,mn,Пек
348815280,4530069,mn,Пелкие
348815357,4530070,mn,Пеллстон
348815511,4530072,mn,Пенн
348815819,4530076,mn,Пентватер
348816204,4530081,mn,Перринтон
348816358,4530083,mn,Перри
348816666,4530087,mn,Петербург
348816820,4530089,mn,Петоскеы
348817128,4530093,mn,Певамо
348817513,4530098,mn,Пицкфорд
348817744,4530101,mn,Патерсон
348817821,4530102,mn,Тагтаа
348817898,4530103,mn,Мөргөлчин
348818052,4530105,mn,Пинцкнеы
348818129,4530106,mn,Пинцоннинг
348818360,4530109,mn,Нарсан төгөл
348819207,4530120,mn,Пионер
348819515,4530124,mn,Питтсфорд
348819669,4530126,mn,Плаинс
348819746,4530127,mn,Плейнвелл
348819977,4530130,mn,Плеасант Ридге
348820285,4530134,mn,Плезантон
348820439,4530136,mn,Плимут
348821055,4530144,mn,Поинте аукс Баркуес
348821286,4530147,mn,Покагон
348821440,4530149,mn,Поласки
348821825,4530154,mn,Понсхеуаинг
348821979,4530156,mn,Понтиац
348822056,4530157,mn,Поппле
348822210,4530159,mn,Порт Аустин
348822441,4530162,mn,Порт Хопе
348822518,4530163,mn,Порт Хурон
348822749,4530166,mn,Порт Санилац
348822826,4530167,mn,Порт Схелдон
348822903,4530168,mn,Портаге
348823057,4530170,mn,Портер
348823134,4530171,mn,Портланд
348823211,4530172,mn,Посен
348823365,4530174,mn,Поттервилл
348823442,4530175,mn,Эрх мэдэл
348823519,4530176,mn,Прайривилл
348823673,4530178,mn,Пресцотт
348823750,4530179,mn,Преск арал
348824212,4530185,mn,Пруденвилле
348824289,4530186,mn,Пункссутауни
348824597,4530190,mn,Квинси
348824751,4530192,mn,Куиннесец
348825983,4530208,mn,\N
348826060,4530209,mn,Рапид Циты
348826137,4530210,mn,Рапид Ривер
348826522,4530215,mn,Равенна
348826830,4530219,mn,Реаде
348826907,4530220,mn,Реадинг
348827138,4530223,mn,Редфорд
348827446,4530227,mn,Реед Циты
348827600,4530229,mn,Риз
348827677,4530230,mn,Ремус
348827831,4530232,mn,Републиц
348828293,4530238,mn,Ричланд
348828524,4530241,mn,Ричмонд
348828601,4530242,mn,Ричвилл
348828755,4530244,mn,Риджуэй
348828832,4530245,mn,Рига
348828986,4530247,mn,Райли
348829294,4530251,mn,Ривер Роуге
348829679,4530256,mn,Ривервуд
348829756,4530257,mn,Ривервуд
348829910,4530259,mn,Архирах Горхи
348830295,4530264,mn,Роцхестер
348830372,4530265,mn,Роцхестер Хиллс
348830449,4530266,mn,Рок
348830603,4530268,mn,Рокфорд
348830680,4530269,mn,Рокволл
348830911,4530272,mn,Роквуд
348830988,4530273,mn,Родни
348831065,4530274,mn,Рогерс Циты
348831373,4530278,mn,Ролланд Центер
348831604,4530281,mn,Ромео
348831681,4530282,mn,Ромулус
348831912,4530285,mn,Рузвельтийн цэцэрлэгт хүрээлэн
348832066,4530287,mn,Росцоммон
348832143,4530288,mn,Росе Циты
348832451,4530292,mn,Росебусх
348832682,4530295,mn,Роузвилл
348832836,4530297,mn,Ротхбуры
348833144,4530301,mn,Роыал Оак
348833452,4530305,mn,Рудыард
348833837,4530310,mn,Руст
348834299,4530316,mn,Сагинав
348834376,4530317,mn,Сагола
348834530,4530319,mn,Гэгээн Чарльз
348834761,4530322,mn,Гэгээн Хелен
348834915,4530324,mn,Гэгээн Игнейс
348835069,4530326,mn,Гэгээн Жеймс
348835146,4530327,mn,Саинт Йохнс
348835223,4530328,mn,Гэгээн Жозеф
348835300,4530329,mn,Сент Луис
348835531,4530332,mn,Давсархаг
348835993,4530338,mn,Санд Лаке
348836070,4530339,mn,Санд Лаке
348836224,4530341,mn,Элс
348836378,4530343,mn,Сандускы
348836609,4530346,mn,Санфорд
348836917,4530350,mn,Саранац
348836994,4530351,mn,Саугатуцк
348837071,4530352,mn,Саулт Сте. Марие
348837148,4530353,mn,Сойер
348837456,4530357,mn,Сцхоолцрафт
348837841,4530362,mn,Скоттс
348837918,4530363,mn,Сцоттвилле
348838149,4530366,mn,Себеуа Цорнерс
348838226,4530367,mn,Сэбэвэй
348838380,4530369,mn,Сецорд
348838611,4530372,mn,Сеидлерс
348838919,4530376,mn,Сенека
348839073,4530378,mn,Сенеы
348839612,4530385,mn,Схафтсбург
348840305,4530394,mn,Шелби
348840382,4530395,mn,Шелби
348840459,4530396,mn,Схелбывилле
348840690,4530399,mn,Схепхерд
348840767,4530400,mn,Шеридан
348841152,4530405,mn,Шервуд
348841306,4530407,mn,Бамбай
348841614,4530411,mn,Шорехэм
348842076,4530417,mn,Сидней
348842846,4530427,mn,Скандиа
348843000,4530429,mn,\N
348843231,4530432,mn,Скидуаы Лаке
348844078,4530443,mn,Сновер
348844617,4530450,mn,Содус
348844694,4530451,mn,Солон
348844848,4530453,mn,Сомерсет
348845387,4530460,mn,Соутх Боардман
348845464,4530461,mn,Соутх Бранцх
348845772,4530465,mn,Соутх Гулл Лаке
348845849,4530466,mn,Соутх Хавен
348846157,4530470,mn,Соутх Лыон
348846311,4530472,mn,Соутх Монрое
348846465,4530474,mn,Соутх Ранге
348846619,4530476,mn,Соутх Роцкуоод
348846696,4530477,mn,Өмнөд Уайтхолл
348846773,4530478,mn,Саутфилд
348846850,4530479,mn,Саутгейт
348847004,4530481,mn,Спалдинг
348847235,4530484,mn,Спарта
348847312,4530485,mn,Спеакер
348847620,4530489,mn,Спринг Арбор
348847851,4530492,mn,Хаврын нуур
348848236,4530497,mn,Спрингпорт
348848621,4530502,mn,Спрингфилд
348848698,4530503,mn,Гэгээн Клэр
348848775,4530504,mn,Ст. Цлаир Схорес
348849160,4530509,mn,Стандисх
348849314,4530511,mn,Стэнтон
348849391,4530512,mn,Стэнвуд
348849853,4530518,mn,Стефенсон
348849930,4530519,mn,Стерлинг
348850007,4530520,mn,Стерлинг Хеигхтс
348850238,4530523,mn,Стевенсвилле
348850546,4530527,mn,Стоцкбридге
348851393,4530538,mn,Чулуун цэг
348851470,4530539,mn,Чулуун цэг
348851855,4530544,mn,Стронацх
348852086,4530547,mn,Стургис
348852317,4530550,mn,Сугар Лоаф
348852471,4530552,mn,Салливан
348852856,4530557,mn,Сумнер
348853087,4530560,mn,Сунфиелд
348853703,4530568,mn,Суттонс Баы
348853780,4530569,mn,Суан Цреек
348854011,4530572,mn,Суартз Цреек
348854319,4530576,mn,Сылван Лаке
348855166,4530587,mn,Тауас Циты
348855243,4530588,mn,Тейлор
348855320,4530589,mn,Таымоутх
348855474,4530591,mn,Тецумсех
348855628,4530593,mn,Теконсха
348855705,4530594,mn,Темперанце
348856783,4530608,mn,Томпсон
348856860,4530609,mn,Томпсонвилл
348857245,4530614,mn,Гурван гол
348857322,4530615,mn,Тхрее Оакс
348857938,4530623,mn,Тоивола
348858015,4530624,mn,Томпкинс
348858323,4530628,mn,Торцх Лаке
348858477,4530630,mn,Цамхаг
348858708,4530633,mn,Траверсе Циты
348858862,4530635,mn,Траверсе Циты
348859093,4530638,mn,Трентон
348859170,4530639,mn,Тримоунтаин
348859478,4530643,mn,Троут Лаке
348859632,4530645,mn,Троубридге Парк
348859709,4530646,mn,Трой
348859786,4530647,mn,Трой
348859863,4530648,mn,Труфант
348860094,4530651,mn,Тернер
348860479,4530656,mn,Тускола
348860556,4530657,mn,Тустин
348860710,4530659,mn,Ихэр нуур
348860864,4530661,mn,Туининг
348861018,4530663,mn,Тир
348861095,4530664,mn,Ублы
348861249,4530666,mn,Унадилла
348861326,4530667,mn,Холбоо
348861403,4530668,mn,Унион Циты
348861711,4530672,mn,Юнионвилл
348862019,4530676,mn,Утика
348862481,4530682,mn,Вандалиа
348862558,4530683,mn,Вандербилт
348862635,4530684,mn,Вандерцоок Лаке
348862712,4530685,mn,Вантаун
348862789,4530686,mn,Вассар
348863174,4530691,mn,Вермонтвилле
348863251,4530692,mn,Вернон
348863328,4530693,mn,Верона
348863867,4530700,mn,Виксбург
348863944,4530701,mn,Виктория
348864329,4530706,mn,Лаке Исабелла
348864637,4530710,mn,Волиниа
348865022,4530715,mn,Вакуста
348865407,4530720,mn,Вэйкфилд
348865715,4530724,mn,Валдрон
348866023,4530728,mn,Уокер
348866100,4530729,mn,Уолкервилл
348866331,4530732,mn,Уаллед Лаке
348866485,4530734,mn,Уаллоон Лаке
348866716,4530737,mn,Уолтон
348867024,4530741,mn,Уоррен
348867332,4530745,mn,Уотерфорд
348867486,4530747,mn,Уатерсмеет
348867563,4530748,mn,Ватсека
348867717,4530750,mn,Уатервлиет
348867948,4530753,mn,Ватсон
348868333,4530758,mn,Ваукеда
348868487,4530760,mn,Ваверли
348868641,4530762,mn,Уэйланд
348868718,4530763,mn,Уэйн
348868949,4530766,mn,өмсдөг
348869026,4530767,mn,Уеббервилле
348869180,4530769,mn,Вейдман
348869257,4530770,mn,Веймер
348869411,4530772,mn,Уэлдон
348869565,4530774,mn,Худаг
348869642,4530775,mn,Уэлстон
348869950,4530779,mn,Уест Бранцх
348870181,4530782,mn,Уест Исхпеминг
348870566,4530787,mn,Уест Монрое
348870720,4530789,mn,Уест Таппан
348871182,4530795,mn,Вестланд
348871413,4530798,mn,Вествуд Хиллс
348871567,4530800,mn,Вествуд
348871644,4530801,mn,Вествуд
348872106,4530807,mn,Улаан буудайн талбай
348872183,4530808,mn,Дугуйтай
348872491,4530812,mn,Ухите Цлоуд
348872722,4530815,mn,Ухите Пигеон
348872799,4530816,mn,Цагаан загас
348873261,4530822,mn,Уайтхолл
348873646,4530827,mn,Ухитморе Лаке
348873954,4530831,mn,Ухиттеморе
348874262,4530835,mn,Вилбер
348874801,4530842,mn,Виллард
348875109,4530846,mn,Уиллиамстон
348875340,4530849,mn,Уиллис
348875956,4530857,mn,Винн
348876187,4530860,mn,Ухаантай
348876264,4530861,mn,Виснер
348876495,4530864,mn,Виксом
348876649,4530866,mn,Уолцотт Миллс
348876880,4530869,mn,Чоно нуур
348876957,4530870,mn,Волверин
348877111,4530872,mn,Уолверине Лаке
348877419,4530876,mn,Вүүдхавен
348877496,4530877,mn,Уоодланд
348877573,4530878,mn,Уоодланд Беацх
348877650,4530879,mn,Уоодланд Беацх
348877958,4530883,mn,Вудс
348878574,4530891,mn,Райт
348878805,4530894,mn,Вайндотт
348878959,4530896,mn,Вайоминг
348879190,4530899,mn,Йел
348879652,4530905,mn,Ыпсиланти
348879729,4530906,mn,Юаса
348879883,4530908,mn,Зеба
348879960,4530909,mn,Зеланд
348880114,4530911,mn,Зилуоки
348880268,4530913,mn,Ацтон
348880345,4530914,mn,Ада
348880422,4530915,mn,Адамс
348880576,4530917,mn,Адриан
348880653,4530918,mn,Афтон
348880884,4530921,mn,Аиткин
348880961,4530922,mn,Акелеы
348881038,4530923,mn,Олбани
348881115,4530924,mn,Алберт Леа
348881192,4530925,mn,Альберта
348881269,4530926,mn,Албертвилле
348881423,4530928,mn,Алборн
348881577,4530930,mn,Алден
348881731,4530932,mn,Александрия булан
348881808,4530933,mn,Александриа
348882578,4530943,mn,Алпха
348882655,4530944,mn,Алввуд
348882732,4530945,mn,Альварадо
348882809,4530946,mn,Алввуд
348882886,4530947,mn,Амбой
348882963,4530948,mn,Амхерст
348883040,4530949,mn,Амирет
348883117,4530950,mn,Амор
348883271,4530952,mn,Андовер
348883579,4530956,mn,Англе Инлет
348883733,4530958,mn,Ангора
348883810,4530959,mn,Ангус
348883887,4530960,mn,Анока
348883964,4530961,mn,Энтони
348884118,4530963,mn,Аннандале
348884195,4530964,mn,Алимны Хөндий
348884272,4530965,mn,Апплтон
348884349,4530966,mn,Араго
348884503,4530968,mn,Арко
348884657,4530970,mn,Арден Хиллс
348884734,4530971,mn,Арендахл
348884888,4530973,mn,Аргил
348885042,4530975,mn,Арлингтон
348885504,4530981,mn,Арнольд
348885658,4530983,mn,Артицхоке
348885812,4530985,mn,Асх Цреек
348885889,4530986,mn,Асх Лаке
348885966,4530987,mn,Асхбы
348886043,4530988,mn,Асков
348886197,4530990,mn,Аткинсон
348886274,4530991,mn,Усанд
348886428,4530993,mn,Аудубон
348886582,4530995,mn,Аврора
348886659,4530996,mn,Остин
348886890,4530999,mn,Аутомба
348887121,4531002,mn,Авока
348887198,4531003,mn,Авон
348887275,4531004,mn,Баббитт
348887352,4531005,mn,Бацкус
348887506,4531007,mn,Дорго
348887660,4531009,mn,Бадоура
348887737,4531010,mn,Багтаун
348888045,4531014,mn,Бейкер
348888122,4531015,mn,Балатон
348888353,4531018,mn,Балл Блуфф
348888430,4531019,mn,Балл Цлуб
348888584,4531021,mn,Банкрофт
348888892,4531025,mn,Барнсвилл
348888969,4531026,mn,Барнум
348889123,4531028,mn,Баррет
348889277,4531030,mn,Барры
348889508,4531033,mn,Бассетт
348889739,4531036,mn,\N
348889816,4531037,mn,Баттле Лаке
348889893,4531038,mn,Баудетте
348889970,4531039,mn,Бакстер
348890047,4531040,mn,Бэй нуур
348890124,4531041,mn,Баыпорт
348890509,4531046,mn,Беардслеы
348890586,4531047,mn,Беауфорд
348890663,4531048,mn,Бьюлью
348890817,4531050,mn,Беавер Баы
348890894,4531051,mn,Беавер Цреек
348891048,4531053,mn,Беавер Фаллс
348891279,4531056,mn,Бецкер
348891510,4531059,mn,Бейоу
348891741,4531062,mn,Белграде
348891972,4531065,mn,Белле Цреек
348892126,4531067,mn,Белле Плейн
348892203,4531068,mn,Белле Прэйри
348892280,4531069,mn,Белле Ривер
348892357,4531070,mn,Беллецхестер
348892434,4531071,mn,Беллингхам
348892511,4531072,mn,Белтрами
348892665,4531074,mn,Беловисте
348892742,4531075,mn,Бемидйи
348892896,4531077,mn,Бена
348893435,4531084,mn,Бенсон
348893974,4531091,mn,Бернадотте
348894359,4531096,mn,Берта
348894513,4531098,mn,Бетел
348894744,4531101,mn,Биг Фаллс
348894821,4531102,mn,Биг Лаке
348895206,4531107,mn,Том чулуун колони
348895283,4531108,mn,\N
348895360,4531109,mn,Бигелоу
348895437,4531110,mn,Бигфорк
348895514,4531111,mn,Бингхам Лаке
348895899,4531116,mn,Бирцхуоод
348896053,4531118,mn,Бирд Исланд
348896130,4531119,mn,Бисцаы
348896207,4531120,mn,Бивабик
348896361,4531122,mn,Блацк Хаммер
348896438,4531123,mn,Блацкберры
348896515,4531124,mn,Блацкдуцк
348896592,4531125,mn,Блацкхооф
348896669,4531126,mn,Блэйн
348896746,4531127,mn,Блакелеы
348896900,4531129,mn,Бломкест
348896977,4531130,mn,Блооминг Праирие
348897054,4531131,mn,Блүүмингтон
348897208,4531133,mn,Блуе Еартх
348897439,4531136,mn,Блуффтон
348897670,4531139,mn,Боцк
348897978,4531143,mn,Боисе Де Сиоукс Мобиле Естатес
348898440,4531149,mn,Хил
348898517,4531150,mn,Боруп
348898594,4531151,mn,Нумын утас
348898671,4531152,mn,Боулус
348898748,4531153,mn,Боустринг
348898825,4531154,mn,Боы Ривер
348898979,4531156,mn,Бойд
348899056,4531157,mn,Брэдфорд
348899133,4531158,mn,Брахам
348899287,4531160,mn,Браинерд
348899518,4531163,mn,Брецкенридге
348899672,4531165,mn,Брэндон
348899749,4531166,mn,Бреезы Поинт
348900057,4531170,mn,Брюстер
348900134,4531171,mn,Брицелын
348900519,4531176,mn,Бристол
348900750,4531179,mn,Броок Парк
348900904,4531181,mn,Брооклын Центер
348900981,4531182,mn,Брооклын Парк
348901058,4531183,mn,Брукс
348901135,4531184,mn,Броокстон
348901212,4531185,mn,Броотен
348901289,4531186,mn,Броуервилле
348901443,4531188,mn,Браунс хөндий
348901520,4531189,mn,Браунстаун
348901597,4531190,mn,Броунсвилле
348901674,4531191,mn,Браунтон
348901828,4531193,mn,Бруно
348901905,4531194,mn,Брунсвик
348901982,4531195,mn,Брусх Цреек
348902136,4531197,mn,Буцкман
348902367,4531200,mn,одос үхэр
348902444,4531201,mn,Буффало Лаке
348902521,4531202,mn,Буффало Манор Еаст
348902675,4531204,mn,Бухл
348902983,4531208,mn,Бурнсвилле
348903368,4531213,mn,Буртрум
348903676,4531217,mn,Батлер
348903753,4531218,mn,Баттерфилд
348903984,4531221,mn,Быгланд
348904061,4531222,mn,Байрон
348904215,4531224,mn,Цаледониа
348904446,4531227,mn,Калумет
348904523,4531228,mn,Кембриа
348904600,4531229,mn,Кембриж
348904831,4531232,mn,Кэмпбелл
348904908,4531233,mn,Цанбы
348905062,4531235,mn,Цаннон Циты
348905139,4531236,mn,Цаннон Фаллс
348905216,4531237,mn,Кантон
348905524,4531241,mn,Царимона
348905601,4531242,mn,Карлайл
348905678,4531243,mn,Царлос
348905755,4531244,mn,Карлтон
348905909,4531246,mn,Цармоды
348906217,4531250,mn,Карвер
348906756,4531257,mn,Цасс Лаке
348906833,4531258,mn,Цастле Роцк
348906987,4531260,mn,Цавен Мобиле Хоме Парк
348907372,4531265,mn,Цедар Лаке
348907449,4531266,mn,Хуш Модны Тээрэм
348907680,4531269,mn,Центер Циты
348907757,4531270,mn,Центрвилл
348908065,4531274,mn,Серро Гордо
348908142,4531275,mn,Цеылон
348908296,4531277,mn,Цхамплин
348908373,4531278,mn,Цхандлер
348908450,4531279,mn,Цханхассен
348908604,4531281,mn,Часка
348908681,4531282,mn,Цхатфиелд
348908758,4531283,mn,Цхерры
348908989,4531286,mn,Цхицкамау Беацх
348909220,4531289,mn,Цхисаго Циты
348909297,4531290,mn,Цхисхолм
348909451,4531292,mn,Цхокио
348909682,4531295,mn,Цирцле Пинес
348909836,4531297,mn,Цлара Циты
348909913,4531298,mn,Кларемонт
348910067,4531300,mn,Цларисса
348910144,4531301,mn,Цларкфиелд
348910221,4531302,mn,Цларкс Грове
348910375,4531304,mn,Цлеар Лаке
348910452,4531305,mn,Цлеарброок
348910529,4531306,mn,Клиффвуд
348910683,4531308,mn,Цлементс
348910837,4531310,mn,Цлевеланд
348910991,4531312,mn,Цлимакс
348911068,4531313,mn,Клинтон
348911145,4531314,mn,Цлинтон Фаллс
348911222,4531315,mn,Цлитхералл
348911299,4531316,mn,Цлонтарф
348911376,4531317,mn,Клокет
348911838,4531323,mn,Коатес
348911915,4531324,mn,Кобден
348912069,4531326,mn,Цохассет
348912223,4531328,mn,Озато
348912377,4531330,mn,Цолераине
348912531,4531332,mn,Цоллегевилле
348912608,4531333,mn,Хүйтэн хавар
348912762,4531335,mn,Цологне
348912993,4531338,mn,Колумбын Хайтс
348913070,4531339,mn,Цомфреы
348913147,4531340,mn,Цомстоцк
348913378,4531343,mn,Конкорд
348913532,4531345,mn,Цонгер
348913609,4531346,mn,Констанс
348913686,4531347,mn,Хоол хийх
348913994,4531351,mn,Цоон Рапидс
348914225,4531354,mn,Цорцоран
348914302,4531355,mn,Кордова
348914379,4531356,mn,Цорморант
348914610,4531359,mn,Цоррелл
348914764,4531361,mn,Цорвусо
348914918,4531363,mn,Цоттаге Грове
348914995,4531364,mn,Хөвөн
348915072,4531365,mn,Хөвөн мод
348915149,4531366,mn,Цосмос
348915457,4531370,mn,Цоунтры Виллаге Мобиле Естатес
348915688,4531373,mn,Цоуртланд
348916073,4531378,mn,Цране Лаке
348916150,4531379,mn,Цредит Ривер
348916535,4531384,mn,Кромвелл
348916612,4531385,mn,Цроокстон
348916766,4531387,mn,Кросби
348916920,4531389,mn,Цросслаке
348916997,4531390,mn,Цроу Ривер
348917074,4531391,mn,Хэрээ Жигүүр
348917228,4531393,mn,Кристал
348917459,4531396,mn,Цулвер
348917690,4531399,mn,Цуррие
348917767,4531400,mn,Цусхинг
348917998,4531403,mn,Цуыуна
348918075,4531404,mn,Цырус
348918152,4531405,mn,Дадс Цорнер
348918229,4531406,mn,Дахлгрен
348918383,4531408,mn,Дакота
348918537,4531410,mn,Далбо
348918691,4531412,mn,Далтон
348918845,4531414,mn,Данубе
348918922,4531415,mn,Данверс
348919076,4531417,mn,Дарфур
348919153,4531418,mn,Дарвин
348919230,4531419,mn,Дассел
348919461,4531422,mn,Доусон
348919692,4531425,mn,ДеВитт
348919846,4531427,mn,Де Графф
348920000,4531429,mn,Деепхавен
348920077,4531430,mn,Делавэр
348920308,4531433,mn,Деер Ривер
348920385,4531434,mn,Дирфилд
348920462,4531435,mn,Дееруоод
348920539,4531436,mn,Делано
348920616,4531437,mn,Делаван
348920770,4531439,mn,Делхи
348920924,4531441,mn,Деллвуд
348921078,4531443,mn,Дееруоод
348921155,4531444,mn,Денхам
348921232,4531445,mn,Деннисон
348921309,4531446,mn,Декстер
348921386,4531447,mn,Детроит Лакес
348921463,4531448,mn,Декстер
348921617,4531450,mn,Дилворт
348921771,4531452,mn,Додге Центер
348922002,4531455,mn,Доналдсон
348922156,4531457,mn,Доннелли
348922310,4531459,mn,Доран
348922695,4531464,mn,Довер
348922772,4531465,mn,Довраы
348923003,4531468,mn,Дресбацх
348923388,4531473,mn,Дулутх
348923773,4531478,mn,Дюмонт
348923927,4531480,mn,Дундас
348924004,4531481,mn,Данди
348924081,4531482,mn,Дуннелл
348924389,4531486,mn,Дукет
348924543,4531488,mn,Еаган
348924620,4531489,mn,Еагле Бенд
348924697,4531490,mn,Бүргэд нуур
348924851,4531492,mn,Бүргэдийн үүр
348925005,4531494,mn,Еаст Бетхел
348925082,4531495,mn,Еаст Цхаин
348925236,4531497,mn,Еаст Гранд Форкс
348925313,4531498,mn,Еаст Гулл Лаке
348925621,4531502,mn,Истон
348925775,4531504,mn,\N
348925929,4531506,mn,Ебро
348926006,4531507,mn,Цуурай
348926237,4531510,mn,Еден Праирие
348926314,4531511,mn,Еден Валлеы
348926391,4531512,mn,Едгертон
348926545,4531514,mn,Едина
348926699,4531516,mn,Еффие
348926930,4531519,mn,Еитзен
348927007,4531520,mn,Эльба
348927084,4531521,mn,Елбоу Лаке
348927161,4531522,mn,Елбоу Лаке
348927623,4531528,mn,Елгин
348927700,4531529,mn,Элизабет
348927777,4531530,mn,Елк Ривер
348927931,4531532,mn,Элктон
348928008,4531533,mn,Эллендейл
348928316,4531537,mn,Элсворт
348928701,4531542,mn,Элмдейл
348928778,4531543,mn,Элмер
348928855,4531544,mn,Элмор
348928932,4531545,mn,Елроса
348929009,4531546,mn,Елы
348929086,4531547,mn,Елысиан
348929163,4531548,mn,Ембаррасс
348929240,4531549,mn,Емилы
348929394,4531551,mn,Эмсворт
348929856,4531557,mn,Ердахл
348929933,4531558,mn,Ерхард
348930164,4531561,mn,Эссекс Фелс
348930241,4531562,mn,Еско
348930318,4531563,mn,Эспели
348930395,4531564,mn,Ессиг
348930780,4531569,mn,Евклид
348930934,4531571,mn,Еван
348931011,4531572,mn,Эвансвилл
348931088,4531573,mn,Евелетх
348931242,4531575,mn,Мөнх ногоон
348931627,4531580,mn,Ексцелсиор
348931704,4531581,mn,Еыота
348931781,4531582,mn,Фаирбанкс
348931858,4531583,mn,Фэйрфакс
348931935,4531584,mn,Фэрфилд
348932012,4531585,mn,Фаирхавен
348932166,4531587,mn,Фэйрмонт
348932320,4531589,mn,Фалцон Хеигхтс
348932474,4531591,mn,Фарибаулт
348932551,4531592,mn,Фарминг
348932628,4531593,mn,Фармингтон
348932782,4531595,mn,Фарвелл
348932936,4531597,mn,Федерал Дам
348933013,4531598,mn,Фелтон
348933090,4531599,mn,Фергус Фаллс
348933167,4531600,mn,Фертиле
348933244,4531601,mn,Фифты Лакес
348933321,4531602,mn,Филлмор
348933475,4531604,mn,Финланд
348933552,4531605,mn,Финлаысон
348933706,4531607,mn,Фитстаун
348934014,4531611,mn,Фленсбург
348934168,4531613,mn,Флом
348934245,4531614,mn,Үерийн мод
348934476,4531617,mn,Фолдахл
348934553,4531618,mn,Фоли
348934861,4531622,mn,Форада
348935092,4531625,mn,Форест Циты
348935246,4531627,mn,Форест Лаке
348935400,4531629,mn,Форстон
348935631,4531632,mn,Форт Риплеы
348935785,4531634,mn,Фосстон
348935862,4531635,mn,Фоссум
348935939,4531636,mn,Фостер
348936016,4531637,mn,Усан оргилуур
348936401,4531642,mn,Фокс нуур
348936478,4531643,mn,Фоксхом
348936555,4531644,mn,Франкониа
348936632,4531645,mn,Франклин
348936709,4531646,mn,Фразее
348936786,4531647,mn,Фреденберг
348936863,4531648,mn,Фрееборн
348937171,4531652,mn,Фреепорт
348937248,4531653,mn,Фремонт
348937479,4531656,mn,Френцх Лаке
348937633,4531658,mn,Фридлеы
348937864,4531661,mn,Фронтенак
348938018,4531663,mn,Хяруу
348938249,4531666,mn,Фулда
348938326,4531667,mn,Функлеы
348938403,4531668,mn,Цэцэрлэг Хот
348938480,4531669,mn,Гарфилд
348938557,4531670,mn,Гарнес
348938634,4531671,mn,Гаррисон
348938711,4531672,mn,Гарвин
348938865,4531674,mn,Гейтвуд
348939327,4531680,mn,Гейлорд
348939404,4531681,mn,Гем Лаке
348939558,4531683,mn,Женев
348939789,4531686,mn,Генола
348939866,4531687,mn,Гентиллы
348939943,4531688,mn,Жоржтаун
348940097,4531690,mn,Гхеен
348940251,4531692,mn,Гент
348940328,4531693,mn,Гиббон
348940559,4531696,mn,Гилберт
348940713,4531698,mn,Гилман
348940944,4531701,mn,Глен
348941252,4531705,mn,Гленвуд
348941483,4531708,mn,Глендорадо
348941560,4531709,mn,Гленвилл
348941637,4531710,mn,Гленвуд
348941714,4531711,mn,Глоры
348941945,4531714,mn,Глындон
348942176,4531717,mn,Голден Валлеы
348942253,4531718,mn,Гонвицк
348942330,4531719,mn,Гоод Тхундер
348942407,4531720,mn,Гоодхуе
348942484,4531721,mn,Гудланд
348942561,4531722,mn,Гоодридге
348942638,4531723,mn,Гоодвиеу
348943100,4531729,mn,Грацевилле
348943331,4531732,mn,Гранада
348943485,4531734,mn,Гранд нуур
348943562,4531735,mn,Гранд Мараис
348943639,4531736,mn,Гранд Меадоу
348943716,4531737,mn,Гранд Портаге
348943793,4531738,mn,Гранд Рапидс
348944178,4531743,mn,Граните Фаллс
348944332,4531745,mn,Грант
348944409,4531746,mn,Өвс нуур
348944486,4531747,mn,Грасстон
348944794,4531751,mn,Греен Исле
348944871,4531752,mn,Греен Леа Мобиле Хоме Парк
348945102,4531755,mn,Ногоон бут
348945179,4531756,mn,Гринфилд
348945333,4531758,mn,Греенлеаф
348945487,4531760,mn,\N
348945564,4531761,mn,Гринвальд
348945641,4531762,mn,Гринвуд
348945872,4531765,mn,Греы Еагле
348946103,4531768,mn,Грове Циты
348946180,4531769,mn,Грове Лаке
348946334,4531771,mn,Грыгла
348946488,4531773,mn,Гуллы
348946719,4531776,mn,Гутри
348946796,4531777,mn,Хацкенсацк
348947104,4531781,mn,Хэдли
348947335,4531784,mn,Холлок
348947412,4531785,mn,Халма
348947489,4531786,mn,Халстад
348947566,4531787,mn,Хам Лаке
348947643,4531788,mn,Гамбург
348947874,4531791,mn,Хаммонд
348947951,4531792,mn,Хамптон
348948028,4531793,mn,Хэнкок
348948105,4531794,mn,Ханлеы Фаллс
348948182,4531795,mn,Ганновер
348948336,4531797,mn,Ханска
348948490,4531799,mn,Хардинг
348948567,4531800,mn,Хардвик
348948721,4531802,mn,Эв найрамдал
348949106,4531807,mn,Харрис
348949260,4531809,mn,Хартланд
348949491,4531812,mn,Хастингс
348949645,4531814,mn,Хэтфилд
348949799,4531816,mn,Долоогон Вудс
348949953,4531818,mn,Хоули
348950030,4531819,mn,Хаы Цреек
348950184,4531821,mn,Хэйфилд
348950338,4531823,mn,Хэйвард
348950569,4531826,mn,Хазел Рун
348950877,4531830,mn,Гектор
348951031,4531832,mn,Хайдельберг
348951185,4531834,mn,Хендерсон
348951262,4531835,mn,Хендрикс
348951416,4531837,mn,Хендрум
348951493,4531838,mn,Хеннинг
348951570,4531839,mn,Хенриетте
348951647,4531840,mn,Хенритаун
348951724,4531841,mn,Херман
348951801,4531842,mn,Хермантоун
348951878,4531843,mn,Херон Лаке
348952032,4531845,mn,Хьюитт
348952109,4531846,mn,Хи-Вуе Парк
348952186,4531847,mn,Хиббинг
348952417,4531850,mn,Хигх Форест
348952648,4531853,mn,Өндөрлөг газар
348952956,4531857,mn,Хилл Циты
348953187,4531860,mn,Хиллман
348953264,4531861,mn,Хиллс
348953418,4531863,mn,Хиллтоп
348953649,4531866,mn,Хинцклеы
348953726,4531867,mn,Хинес
348953880,4531869,mn,Хиттердал
348954111,4531872,mn,Хоффман
348954265,4531874,mn,Бхокраха
348954342,4531875,mn,Холдингфорд
348954419,4531876,mn,Голланд
348954496,4531877,mn,Холландале
348954650,4531879,mn,Холливуд
348954804,4531881,mn,Холмес Циты
348954881,4531882,mn,Холт
348954958,4531883,mn,Холыоке
348955035,4531884,mn,Холлоуэй
348955112,4531885,mn,Гомер
348955266,4531887,mn,Хопкинс
348955497,4531890,mn,Хорнби
348955651,4531892,mn,Хьюстон
348955805,4531894,mn,Хоуард Лаке
348955959,4531896,mn,Хоыт Лакес
348956036,4531897,mn,Хаббард
348956113,4531898,mn,Хуго
348956267,4531900,mn,Хүннэвелл
348956729,4531906,mn,Хатчинсон
348957114,4531911,mn,Ихлен
348957345,4531914,mn,Индепенденце
348957653,4531918,mn,Ингер
348957730,4531919,mn,Ингуадона
348957807,4531920,mn,Интернатионал Фаллс
348957884,4531921,mn,Инвер Грове Хеигхтс
348957961,4531922,mn,Иона
348958038,4531923,mn,Ирон Йунцтион
348958115,4531924,mn,Иронтон
348958269,4531926,mn,Исанти
348958731,4531932,mn,Арлын үзэмж
348958808,4531933,mn,Исле
348958885,4531934,mn,Айвенхоу
348959116,4531937,mn,Жексон
348959501,4531942,mn,Йанесвилле
348959655,4531944,mn,Жаспер
348959886,4531947,mn,Йефферс
348960040,4531949,mn,Женкинс
348960194,4531951,mn,Йессенланд
348960425,4531954,mn,Жонсон
348960887,4531960,mn,Жордан
348961041,4531962,mn,Йудсон
348961272,4531965,mn,Кабетогама
348961349,4531966,mn,Канаранзи
348961426,4531967,mn,Кандиыохи
348961503,4531968,mn,Карлстад
348961580,4531969,mn,Касота
348961657,4531970,mn,Кассон
348961811,4531972,mn,Киватин
348961888,4531973,mn,Келлихер
348961965,4531974,mn,Келлогг
348962196,4531977,mn,Келси
348962273,4531978,mn,Кеннеди
348962427,4531980,mn,Кеннетх
348962504,4531981,mn,Кенсингтон
348962581,4531982,mn,Кент
348962658,4531983,mn,Кенион
348962735,4531984,mn,Керкховен
348962966,4531987,mn,Керрицк
348963197,4531990,mn,Кеттле Ривер
348963428,4531993,mn,Ки Уэст
348963505,4531994,mn,Килкенны
348963582,4531995,mn,Кимбалл
348963659,4531996,mn,Кимберлы
348963736,4531997,mn,Кинбрае
348963890,4531999,mn,Кингстон
348964044,4532001,mn,Кингсдале
348964275,4532004,mn,Киннеы
348964737,4532010,mn,Книфе Ривер
348965122,4532015,mn,Крагнес
348965199,4532016,mn,Кросцхел
348965276,4532017,mn,Ла Цресцент
348965353,4532018,mn,Ла Праирие
348965430,4532019,mn,Ла Салле
348965584,4532021,mn,Лац куи Парле
348965661,4532022,mn,Лафайетт
348965815,4532024,mn,Лаке Бентон
348965892,4532025,mn,Лаке Бронсон
348965969,4532026,mn,Лэйк хот
348966046,4532027,mn,Лаке Црыстал
348966123,4532028,mn,Лаке Елмо
348966277,4532030,mn,Юнис нуур
348966354,4532031,mn,Зиммерман
348966431,4532032,mn,Лаке Георге
348966508,4532033,mn,Лаке Хенры
348966739,4532036,mn,Лаке Лиллиан
348966970,4532039,mn,Лаке Парк
348967047,4532040,mn,Лаке Саинт Цроикс Беацх
348967124,4532041,mn,Лаке Сарах
348967201,4532042,mn,Нуурын эрэг
348967432,4532045,mn,Лаке Уилсон
348967509,4532046,mn,Лэйкфилд
348967586,4532047,mn,Лейкленд
348967663,4532048,mn,Лакеланд Схорес
348967894,4532051,mn,Лакевилле
348968048,4532053,mn,Ламбертон
348968279,4532056,mn,Ланкастер
348968356,4532057,mn,Ландфалл
348968433,4532058,mn,Лангдон
348968510,4532059,mn,Ланесборо
348968587,4532060,mn,Лангар
348968664,4532061,mn,Лансинг
348968741,4532062,mn,Лапорте
348968818,4532063,mn,Ларго
348968972,4532065,mn,Ластруп
348969049,4532066,mn,Лаудердале
348969819,4532076,mn,Ле Центер
348969896,4532077,mn,Ле Роы
348970050,4532079,mn,Ле Суеур
348970281,4532082,mn,Леаф Валлеы
348970435,4532084,mn,Леавенуортх
348970743,4532088,mn,Лемонд
348970820,4532089,mn,Ленгбы
348971128,4532093,mn,Леонард
348971205,4532094,mn,Леонидас
348971282,4532095,mn,Льюистон
348971513,4532098,mn,Лестер Праирие
348971667,4532100,mn,Льюистон
348971744,4532101,mn,Льюисвилл
348971821,4532102,mn,Лексингтон
348971975,4532104,mn,Либбы
348972052,4532105,mn,Лилыдале
348972360,4532109,mn,Линден
348972437,4532110,mn,Линден төгөл
348972668,4532113,mn,Линдстром
348972745,4532114,mn,Лино Лакес
348972822,4532115,mn,Линвуд
348972899,4532116,mn,Лисморе
348972976,4532117,mn,Личфилд
348973207,4532120,mn,Литтле Цанада
348973361,4532122,mn,Литтле Фаллс
348973592,4532125,mn,Литтле Пине
348973669,4532126,mn,Литтле Роцк
348973823,4532128,mn,Литтле Саук
348973977,4532130,mn,Литтлефорк
348974054,4532131,mn,Локхарт
348974285,4532134,mn,Лондон
348974362,4532135,mn,Лондон
348974439,4532136,mn,Урт Наран Шарлагын Газар
348974516,4532137,mn,Лонг Лаке
348974670,4532139,mn,Лонг Праирие
348974747,4532140,mn,Лонгвилле
348974901,4532142,mn,Лонсдале
348974978,4532143,mn,Лоретто
348975132,4532145,mn,Лоуисбург
348975209,4532146,mn,Лоуристон
348975286,4532147,mn,Лоури
348975440,4532149,mn,Лукан
348975748,4532153,mn,Лутсен
348975825,4532154,mn,Луверне
348975902,4532155,mn,Люксембург
348976056,4532157,mn,Лайл
348976210,4532159,mn,Ленвуд
348976441,4532162,mn,Мабел
348976518,4532163,mn,Маделиа
348976672,4532165,mn,Мадисон
348976749,4532166,mn,Мадисон Лаке
348976903,4532168,mn,Замбага цэцэг
348977057,4532170,mn,Махномен
348977211,4532172,mn,Махтомеди
348977288,4532173,mn,Махтова
348977365,4532174,mn,Мэн
348977442,4532175,mn,Макинен
348977673,4532178,mn,Малмо
348977750,4532179,mn,Малунг
348977827,4532180,mn,Мананнах
348977904,4532181,mn,Манчестер
348978058,4532183,mn,Манхаттан Беацх
348978443,4532188,mn,Манкато
348978597,4532190,mn,Мэнсфилд
348978674,4532191,mn,Манторвилле
348978982,4532195,mn,Мэплтаун
348979290,4532199,mn,Мапле Лаке
348979367,4532200,mn,\N
348979521,4532202,mn,Мапле Плаин
348979675,4532204,mn,Мэплтон
348979752,4532205,mn,Маплевиеу
348979829,4532206,mn,Марлоу
348979983,4532208,mn,Гантиг
348980060,4532209,mn,Марцелл
348980291,4532212,mn,Мариетта
348980368,4532213,mn,Марине он Саинт Цроикс
348980445,4532214,mn,Маркетт
348980676,4532217,mn,Максбасс
348980753,4532218,mn,Мартин Лаке
348981369,4532226,mn,Макс
348981446,4532227,mn,Маыер
348981600,4532229,mn,Мэйнард
348981754,4532231,mn,Мазеппа
348981831,4532232,mn,МцЦаулеывилле
348982062,4532235,mn,МцГратх
348982139,4532236,mn,Макгрегор
348982216,4532237,mn,МцИнтосх
348982293,4532238,mn,МакКинли
348982678,4532243,mn,Меадоуландс
348982755,4532244,mn,Медфорд
348982909,4532246,mn,Медицине Лаке
348982986,4532247,mn,Мадина
348983063,4532248,mn,Меире Грове
348983217,4532250,mn,Мелроуз
348983525,4532254,mn,Мендахигаши
348983602,4532255,mn,Мендота
348983679,4532256,mn,Мендота Хеигхтс
348983756,4532257,mn,Ментор
348983833,4532258,mn,Мериден
348983987,4532260,mn,Меррифиелд
348984064,4532261,mn,Мертон
348984295,4532264,mn,Мидлсекс
348984603,4532268,mn,\N
348984680,4532269,mn,Миесвилле
348984757,4532270,mn,Милаха
348984834,4532271,mn,Милан
348985065,4532274,mn,Миллервилле
348985142,4532275,mn,Миллвилл
348985296,4532277,mn,Милроы
348985373,4532278,mn,Милтона
348985450,4532279,mn,Минерва
348985527,4532280,mn,Миннеаполис
348985604,4532281,mn,Миннеиска
348985681,4532282,mn,Миннеота
348985835,4532284,mn,Миннесота Циты
348985912,4532285,mn,Миннесота Лаке
348985989,4532286,mn,Миннетонка
348986066,4532287,mn,Миннетонка Беацх
348986220,4532289,mn,Миннетриста
348986451,4532292,mn,Эрхэм зорилго
348986528,4532293,mn,Миссион Цреек
348986759,4532296,mn,Мизпах
348986913,4532298,mn,Моланд
348986990,4532299,mn,Монеы Цреек
348987067,4532300,mn,Монтевидео
348987144,4532301,mn,Монтгомери
348987221,4532302,mn,Монтичелло
348987298,4532303,mn,Монтроз
348987452,4532305,mn,Моорхеад
348987529,4532306,mn,Моосе Лаке
348987606,4532307,mn,Мора
348987683,4532308,mn,Морган
348987914,4532311,mn,Моррилл
348987991,4532312,mn,Моррис
348988068,4532313,mn,Морристоун
348988222,4532315,mn,Москва
348988299,4532316,mn,Москва
348988376,4532317,mn,Мотли
348988453,4532318,mn,Моунд
348988530,4532319,mn,Моундс Виеу
348988607,4532320,mn,Моунтаин Ирон
348988684,4532321,mn,Моунтаин Лаке
348988992,4532325,mn,Мурдоцк
348989377,4532330,mn,Миртл
348989685,4532334,mn,Нашваук
348989762,4532335,mn,Нэшвилл төв
348989839,4532336,mn,Нашваук
348989916,4532337,mn,Нассау
348989993,4532338,mn,Наытахуаусх
348990070,4532339,mn,Небисх
348990147,4532340,mn,Нелсон
348990301,4532342,mn,Нерстранд
348990378,4532343,mn,Нетт Лаке
348990455,4532344,mn,Невис
348990532,4532345,mn,Неу Аубурн
348990609,4532346,mn,Неу Бригхтон
348990763,4532348,mn,Неу Германы
348990840,4532349,mn,Неу Хартфорд
348990917,4532350,mn,Шинэ итгэл найдвар
348991071,4532352,mn,Шинэ Лондон
348991225,4532354,mn,Неу Муницх
348991302,4532355,mn,Неу Прагуе
348991379,4532356,mn,Неу Рицхланд
348991456,4532357,mn,Шинэ Ром
348991610,4532359,mn,Шинэ Триер
348991687,4532360,mn,Шинэ Улм
348991841,4532362,mn,Неу Ыорк Миллс
348991918,4532363,mn,Ньюфолден
348992072,4532365,mn,Ньюпорт
348992149,4532366,mn,Николс
348992226,4532367,mn,Ньюбург
348992303,4532368,mn,Ницкерсон
348992380,4532369,mn,Ницоллет
348992688,4532373,mn,Ниелсвилле
348992765,4532374,mn,Нимрод
348992842,4532375,mn,Нисва
348992996,4532377,mn,Нисва
348993073,4532378,mn,Норцросс
348993150,4532379,mn,Норманиа
348993458,4532383,mn,Хойд салбар
348993535,4532384,mn,Нортх Манкато
348993612,4532385,mn,Нортх Оакс
348993766,4532387,mn,Нортх Редуоод
348993843,4532388,mn,Нортх Саинт Паул
348994228,4532393,mn,Нортфилд
348994305,4532394,mn,Нортхоме
348994382,4532395,mn,Нортхроп
348994613,4532398,mn,Норуаы Лаке
348994690,4532399,mn,Норуегиан Грове
348994767,4532400,mn,Норуоод Ыоунг Америца
348994844,4532401,mn,Ноыес
348995075,4532404,mn,Царс Төгөл
348995383,4532408,mn,Оак Парк Хеигхтс
348995768,4532413,mn,Оакдейл
348995845,4532414,mn,Окланд
348995922,4532415,mn,Оакпорт
348996230,4532419,mn,Одесса
348996307,4532420,mn,Один
348996384,4532421,mn,Огема
348996461,4532422,mn,Огилвие
348996538,4532423,mn,Окабена
348996615,4532424,mn,Оклее
348996846,4532427,mn,Оливиа
348997000,4532429,mn,Онамиа
348997154,4532431,mn,Онеота
348997231,4532432,mn,Онигум
348997539,4532436,mn,Ореланд
348997770,4532439,mn,Оррстаун
348997847,4532440,mn,Ороно
348997924,4532441,mn,Ороноко
348998078,4532443,mn,Орр
348998155,4532444,mn,Орроцк
348998309,4532446,mn,Ортонвилле
348998386,4532447,mn,Осаге
348998463,4532448,mn,Осакис
348998540,4532449,mn,Ошава
348998848,4532453,mn,Осло
348999002,4532455,mn,Оссео
348999156,4532457,mn,Острандер
348999310,4532459,mn,Отисцо
348999464,4532461,mn,Отсего
348999541,4532462,mn,Оттава
348999695,4532464,mn,Оттертаил
348999926,4532467,mn,Ованка
349000003,4532468,mn,Оватонна
349000465,4532474,mn,Палисаде
349001004,4532481,mn,Парк Рапидс
349001235,4532484,mn,Паркерс Праирие
349001466,4532487,mn,Парквилле
349001774,4532491,mn,Пэйнсвилл
349001928,4532493,mn,Пеары
349002005,4532494,mn,Пеасе
349002082,4532495,mn,Пелан
349002159,4532496,mn,Пелицан Рапидс
349002236,4532497,mn,Пембертон
349002621,4532502,mn,Пеннок
349002775,4532504,mn,Пекуот Лакес
349002929,4532506,mn,Перхам
349003083,4532508,mn,Перлеы
349003314,4532511,mn,Петербург
349003391,4532512,mn,Петерсон
349003853,4532518,mn,Пиквик
349003930,4532519,mn,Пиерз
349004084,4532521,mn,Пиллагер
349004238,4532523,mn,Пилот Грове
349004392,4532525,mn,Пине Бенд
349004546,4532527,mn,Нарсны зүлэг
349004623,4532528,mn,Пине Броок
349004931,4532532,mn,Нарсны арал
349005008,4532533,mn,Пине Поинт
349005162,4532535,mn,Нарс гол
349005239,4532536,mn,Нарсны Булаг
349005778,4532543,mn,Пипестоне
349005855,4532544,mn,Питт
349005932,4532545,mn,Плаинвиеу
349006009,4532546,mn,Платон
349006086,4532547,mn,Платте
349006317,4532550,mn,Тааламжтай төгөл
349006471,4532552,mn,Плеасант Лаке
349006779,4532556,mn,Плуммер
349006856,4532557,mn,Плимут
349007010,4532559,mn,Помроы
349007087,4532560,mn,Понема
349007549,4532566,mn,Улиас
349007780,4532569,mn,Портер
349008319,4532576,mn,Престон
349008627,4532580,mn,Принстон
349008704,4532581,mn,Принсбург
349008781,4532582,mn,Приор Лаке
349009012,4532585,mn,Провиденс
349009089,4532586,mn,Процтор
349009320,4532589,mn,Куамба
349009397,4532590,mn,Куиринг
349009474,4532591,mn,Рацине
349009936,4532597,mn,Рэмси
349010167,4532600,mn,Рэндалл
349010244,4532601,mn,Рандольф
349010321,4532602,mn,Раниер
349010398,4532603,mn,Рансом
349010629,4532606,mn,Рапидан
349010937,4532610,mn,Рэймонд
349011168,4532613,mn,Улаан нуур
349011245,4532614,mn,Ред Лаке Фаллс
349011399,4532616,mn,Улаан жигүүр
349011476,4532617,mn,Редбы
349011784,4532621,mn,Редуоод Фаллс
349011861,4532622,mn,Регал
349011938,4532623,mn,Ремер
349012323,4532628,mn,Ренвилл
349012400,4532629,mn,Ревере
349012477,4532630,mn,Цагаан будаа
349012554,4532631,mn,Рице Лаке
349012708,4532633,mn,Рице Лаке
349013093,4532638,mn,Ричфилд
349013170,4532639,mn,Ричмонд
349013247,4532640,mn,Ричвилл
349013324,4532641,mn,Ричвуд
349014633,4532658,mn,Ривертон
349014941,4532662,mn,Роббинсдале
349015172,4532665,mn,Роцхестер
349015249,4532666,mn,Рок Крик
349015326,4532667,mn,Роцк Делл
349015403,4532668,mn,Рокфорд
349015557,4532670,mn,Роквилл
349015788,4532673,mn,Рожерс
349016096,4532677,mn,Роллингстоне
349016327,4532680,mn,Роннебы
349016404,4532681,mn,Рузвельт
349016558,4532683,mn,Роско
349016635,4532684,mn,Роско
349016866,4532687,mn,Росе Цреек
349017020,4532689,mn,Роуз
349017097,4532690,mn,Розеланд
349017251,4532692,mn,Росемоунт
349017559,4532696,mn,Роузвилл
349017790,4532699,mn,Росс
349017944,4532701,mn,Рост
349018175,4532704,mn,Ротхсаы
349018252,4532705,mn,Роунд Лаке
349018329,4532706,mn,Дугуй тал нутаг
349018406,4532707,mn,Ровена
349018560,4532709,mn,Роы Лаке
349018637,4532710,mn,Роыалтон
349018791,4532712,mn,Русх Циты
349019022,4532715,mn,Русх Ривер
349019099,4532716,mn,Русхфорд
349019176,4532717,mn,Русхфорд Виллаге
349019253,4532718,mn,Русхморе
349019407,4532720,mn,Рассел
349019561,4532722,mn,Рутхтон
349019638,4532723,mn,Рутлеж
349019869,4532726,mn,Сабин
349020023,4532728,mn,Сацред Хеарт
349020331,4532732,mn,Гэгээн Энтони
349020408,4532733,mn,Гэгээн Энтони
349020485,4532734,mn,Гэгээн Августа
349020639,4532736,mn,Саинт Бонифациус
349020716,4532737,mn,Гэгээн Чарльз
349020793,4532738,mn,Гэгээн Клэр
349020947,4532740,mn,Гэгээн Францис
349021024,4532741,mn,Гэгээн Францис
349021178,4532743,mn,Гэгээн Жорж
349021332,4532745,mn,Саинт Хилаире
349021409,4532746,mn,Гэгээн Жеймс
349021640,4532749,mn,Гэгээн Жозеф
349021948,4532753,mn,Гэгээн Лео
349022025,4532754,mn,Саинт Лоуис Парк
349022102,4532755,mn,Гэгээн Мартин
349022256,4532757,mn,Саинт Марыс Поинт
349022410,4532759,mn,Гэгээн Майкл
349022641,4532762,mn,Сент Пол
349022795,4532764,mn,Саинт Паул Парк
349022872,4532765,mn,Гэгээн Петр
349022949,4532766,mn,Саинт Роса
349023026,4532767,mn,Гэгээн Стефан
349023180,4532769,mn,Сент Винсент
349023334,4532771,mn,Гэгээн Вендел
349023719,4532776,mn,Санборн
349023796,4532777,mn,Сандстоне
349023873,4532778,mn,Сантьяго
349023950,4532779,mn,Саратога
349024027,4532780,mn,Шаренжан
349024104,4532781,mn,Сартелл
349024181,4532782,mn,Саук Центре
349024258,4532783,mn,Саук Рапидс
349024412,4532785,mn,Саваге
349024720,4532789,mn,Сцандиа
349024797,4532790,mn,Сцанлон
349025028,4532793,mn,Сцхроедер
349025567,4532800,mn,Сеафортх
349025644,4532801,mn,Сеарлес
349025721,4532802,mn,Себека
349025875,4532804,mn,Седан
349026260,4532809,mn,Схафер
349026337,4532810,mn,Схакопее
349026645,4532814,mn,Схелдон
349026722,4532815,mn,Схеллы
349027030,4532819,mn,Схербурн
349027646,4532827,mn,Схевлин
349027723,4532828,mn,Схиелдсвилле
349027877,4532830,mn,Исла Холбокс
349028031,4532832,mn,Шоревиев
349028108,4532833,mn,Схореуоод
349028185,4532834,mn,Схотлеы
349028724,4532841,mn,Силвер Баы
349028801,4532842,mn,Силвер Цреек
349028878,4532843,mn,Силвер Цреек
349028955,4532844,mn,Сиу төв
349029109,4532846,mn,Силвердале
349029417,4532850,mn,Сиоукс Валлеы
349029725,4532854,mn,Скылине
349029879,4532856,mn,Слаытон
349029956,4532857,mn,Слеепы Еые
349030418,4532863,mn,Собиески
349030726,4532867,mn,Солвей
349030803,4532868,mn,Соутх Бранцх
349030957,4532870,mn,Соутх Хавен
349031342,4532875,mn,Соутх Саинт Паул
349031804,4532881,mn,Спаффорд
349032035,4532884,mn,Спенцер Броок
349032112,4532885,mn,Спицер
349032266,4532887,mn,Хаврын төгөл
349032343,4532888,mn,Хаврын толгод
349032651,4532892,mn,Спринг Лаке Парк
349032805,4532894,mn,Спринг Парк
349032882,4532895,mn,Хаврын хөндий
349033036,4532897,mn,Спрингфилд
349033113,4532898,mn,Спрингвэйл
349033344,4532901,mn,Скво нуур
349033498,4532903,mn,Гэгээн Августа
349033575,4532904,mn,Стейси
349033652,4532905,mn,Станцхфиелд
349033883,4532908,mn,Стэнтон
349033960,4532909,mn,Стаплес
349034037,4532910,mn,Старбуцк
349034114,4532911,mn,Старк
349034422,4532915,mn,Стеен
349034576,4532917,mn,Степхен
349034653,4532918,mn,Стерлинг Центер
349034807,4532920,mn,Стюарт
349034961,4532922,mn,Стюартвилл
349035038,4532923,mn,Хийгүй ус
349035115,4532924,mn,Стоцкхолм
349035192,4532925,mn,Стоктон
349035346,4532927,mn,Сторден
349035423,4532928,mn,Страндкуист
349035500,4532929,mn,Стратхцона
349035731,4532932,mn,хилэм загас
349035808,4532933,mn,Стургеон Лаке
349036193,4532938,mn,Дээд хэмжээний уулзалт
349036347,4532940,mn,Сумтер
349036501,4532942,mn,Сунбург
349036578,4532943,mn,Сундал
349036655,4532944,mn,Сунфисх Лаке
349036809,4532946,mn,Нар мандах
349037425,4532954,mn,Суан Ривер
349037579,4532956,mn,Сванвилл
349037656,4532957,mn,Сватара
349037887,4532960,mn,Силван
349038041,4532962,mn,Табор
349038118,4532963,mn,Тацоните
349038426,4532967,mn,Тамарацк
349038503,4532968,mn,Тансэм
349038580,4532969,mn,Таопи
349038657,4532970,mn,Таунтон
349038811,4532972,mn,Таылорс Фаллс
349039042,4532975,mn,Тенстрике
349039196,4532977,mn,Тхе Лакес
349039350,4532979,mn,Тхиеф Ривер Фаллс
349039504,4532981,mn,Тхомсон
349040043,4532988,mn,Тинтах
349040197,4532990,mn,Тофте
349040428,4532993,mn,Тоивола
349040505,4532994,mn,Тонка Баы
349040582,4532995,mn,Торфин
349040659,4532996,mn,Цамхаг
349040813,4532998,mn,Трейси
349040890,4532999,mn,Мөрийн
349041121,4533002,mn,Тримонт
349041198,4533003,mn,Ромуалдо
349041352,4533005,mn,Троскы
349041429,4533006,mn,Трой
349041506,4533007,mn,Труман
349041583,4533008,mn,Туртле Ривер
349041737,4533010,mn,\N
349041891,4533012,mn,Ихэр нуурууд
349041968,4533013,mn,Туин Валлеы
349042045,4533014,mn,Туо Харборс
349042122,4533015,mn,Туо Инлетс
349042276,4533017,mn,Тайлер
349042353,4533018,mn,Улен
349042430,4533019,mn,Андервуд
349042738,4533023,mn,Упсала
349042815,4533024,mn,Урбанк
349042892,4533025,mn,Утика
349042969,4533026,mn,Ваднаис Хеигхтс
349043200,4533029,mn,Варцо
349043277,4533030,mn,Васа
349043431,4533032,mn,Верди
349043508,4533033,mn,Вергас
349043585,4533034,mn,Вермиллион
349043739,4533036,mn,Вернон
349043816,4533037,mn,Вернон Центер
349043970,4533039,mn,Веста
349044047,4533040,mn,Верндале
349044124,4533041,mn,Виктория
349044201,4533042,mn,Викинг
349044586,4533047,mn,Виллард
349044663,4533048,mn,Винеланд
349044740,4533049,mn,Вининг
349044817,4533050,mn,Виола
349044894,4533051,mn,Виржиниа
349045279,4533056,mn,Вабаша
349045356,4533057,mn,Вабассо
349045433,4533058,mn,Вабедо
349045510,4533059,mn,Вакониа
349045587,4533060,mn,Вакута
349045818,4533063,mn,Вадена
349045895,4533064,mn,Вахкон
349046049,4533066,mn,Уаите Парк
349046203,4533068,mn,Уолкотт
349046434,4533071,mn,Вальдорф
349046511,4533072,mn,Уокер
349046742,4533075,mn,Волнат Хилл
349046819,4533076,mn,Уолтерс
349046896,4533077,mn,Уолтхэм
349046973,4533078,mn,Ванаминго
349047050,4533079,mn,Ванда
349047281,4533082,mn,Варба
349047589,4533086,mn,Уоррен
349047666,4533087,mn,Уарроад
349047743,4533088,mn,Варшав
349047820,4533089,mn,Васека
349047974,4533091,mn,Васиожа
349048051,4533092,mn,Васкиш
349048205,4533094,mn,Ватаб
349048282,4533095,mn,Уотерфорд
349048359,4533096,mn,Ватсека
349048436,4533097,mn,Уотервилл
349048513,4533098,mn,Уоткинс
349048667,4533100,mn,Ватсон
349048744,4533101,mn,Ваубун
349048821,4533102,mn,Ваукенабо
349048898,4533103,mn,Ваукон
349048975,4533104,mn,Ваверли
349049052,4533105,mn,Вавина
349049206,4533107,mn,Вайзата
349049283,4533108,mn,\N
349049668,4533113,mn,Велч
349049745,4533114,mn,Тавтай морил
349049822,4533115,mn,Худаг
349049976,4533117,mn,Вэнделл
349050130,4533119,mn,Уесцотт
349050207,4533120,mn,Уест Албаны
349050361,4533122,mn,Уест Цонцорд
349050977,4533130,mn,Уест Ридге Виллаге Мобиле Хоме Парк
349051054,4533131,mn,Уест Саинт Паул
349051208,4533133,mn,Баруун холбоо
349051439,4533136,mn,Уэстбрук
349051593,4533138,mn,Баруун
349051747,4533140,mn,Вестпорт
349051824,4533141,mn,Валан
349051978,4533143,mn,Уитон
349052209,4533146,mn,Ухипхолт
349052363,4533148,mn,Ухите Беар Лаке
349052440,4533149,mn,Ухите Еартх
349053133,4533158,mn,Уайлдер
349053441,4533162,mn,Виллерни
349053518,4533163,mn,Уильямс
349053749,4533166,mn,Вилмар
349053980,4533169,mn,Виллоу гол
349054134,4533171,mn,Вилмингтон
349054211,4533172,mn,Вилмонт
349054442,4533175,mn,Вилсон
349054519,4533176,mn,Вилтон
349054596,4533177,mn,Вилтон
349054673,4533178,mn,Виндзор
349054827,4533180,mn,Жигүүрийн тоглогч
349054904,4533181,mn,Виннебаго
349055135,4533184,mn,Винона
349055212,4533185,mn,Винстед
349055366,4533187,mn,Уинтроп
349055443,4533188,mn,Винтон
349055597,4533190,mn,Вирт
349055905,4533194,mn,Вудакр
349055982,4533195,mn,Чоно нуур
349056059,4533196,mn,Волфорд
349056136,4533197,mn,Волвертон
349056213,4533198,mn,Мод нуур
349056367,4533200,mn,Вудбери
349056444,4533201,mn,Уоодланд
349056829,4533206,mn,Модсток
349056983,4533208,mn,Вортингтон
349057060,4533209,mn,Вреншалл
349057137,4533210,mn,Райт
349057291,4533212,mn,Вайнетт
349057445,4533214,mn,Вайкофф
349057676,4533217,mn,Вайли
349057830,4533219,mn,Вайоминг
349058061,4533222,mn,Йорк
349058215,4533224,mn,Ыуцатан
349058292,4533225,mn,Земпле
349058677,4533230,mn,Зумбро Фаллс
349058831,4533232,mn,Зумброта
349059293,4533238,mn,Олбани
349059447,4533240,mn,Александриа
349059524,4533241,mn,Аллендейл
349059909,4533246,mn,Арбела
349059986,4533247,mn,Аркое
349060448,4533253,mn,Баринг
349060525,4533254,mn,Барнард
349060910,4533259,mn,Бетани
349061064,4533261,mn,Биг Лаке
349061141,4533262,mn,Бигелоу
349061295,4533264,mn,Блытхедале
349061372,4533265,mn,Болков
349061603,4533268,mn,Брасхеар
349061680,4533269,mn,Бримсон
349061911,4533272,mn,Браунинг
349062142,4533275,mn,Бурлингтон Йунцтион
349062450,4533279,mn,Цаинсвилле
349062758,4533283,mn,Кантон
349063297,4533290,mn,Цлеармонт
349063528,4533293,mn,Когсвелл
349063682,4533295,mn,Цоффеы
349063836,4533297,mn,Цонцептион
349063913,4533298,mn,Цонцептион Йунцтион
349063990,4533299,mn,Коннелсвилл
349064221,4533302,mn,Корнуолл
349064375,4533304,mn,Цраиг
349064529,4533306,mn,Дарлингтон
349064837,4533310,mn,Денвер
349065299,4533316,mn,Доушин
349065607,4533320,mn,Еаглевилле
349065684,4533321,mn,Единбург
349066146,4533327,mn,Елмо
349066377,4533330,mn,Аж ахуйн нэгж
349066762,4533335,mn,Юинг
349066916,4533337,mn,Фэйрфакс
349067147,4533340,mn,Филлмор
349067378,4533343,mn,Форд Циты
349067532,4533345,mn,Фортесцуе
349067686,4533347,mn,Галт
349067917,4533350,mn,Гентры
349068148,4533353,mn,Гиббс
349068379,4533356,mn,Гилман Циты
349068533,4533358,mn,Гленвуд
349068687,4533360,mn,Горин
349068841,4533362,mn,Грэм
349068918,4533363,mn,Грэнжер
349068995,4533364,mn,Грант Циты
349069149,4533366,mn,Греен Цастле
349069226,4533367,mn,Греен Циты
349069457,4533370,mn,Греентоп
349069611,4533372,mn,Гилфорд
349069842,4533375,mn,Харрис
349070304,4533381,mn,Хопкинс
349070458,4533383,mn,Хамфри
349070535,4533384,mn,Хурдланд
349070612,4533385,mn,Ирена
349070920,4533389,mn,Йамесон
349071228,4533393,mn,Кахока
349071459,4533396,mn,Кинг Циты
349071536,4533397,mn,Кирксвилле
349071613,4533398,mn,Нокс хот
349071690,4533399,mn,Ла Белле
349071767,4533400,mn,Ла Гранге
349071844,4533401,mn,Ла Плата
349071921,4533402,mn,Ланкастер
349072075,4533404,mn,Ларедо
349072306,4533407,mn,Льюистаун
349072537,4533410,mn,Ливониа
349073076,4533417,mn,Люцерн
349073153,4533418,mn,Лураы
349073230,4533419,mn,Маитланд
349073461,4533422,mn,Марывилле
349073692,4533425,mn,МцФалл
349073923,4533428,mn,Мемпхис
349074077,4533430,mn,Мерсер
349074462,4533435,mn,Милан
349074539,4533436,mn,Миллард
349075155,4533444,mn,Монтичелло
349075309,4533446,mn,Моунд Циты
349075386,4533447,mn,Моунт Мориах
349075925,4533454,mn,Неу Хамптон
349076079,4533456,mn,Ньютаун
349076541,4533462,mn,Новингер
349076618,4533463,mn,Новелты
349076849,4533466,mn,Осгод
349077234,4533471,mn,Парнелл
349077388,4533473,mn,Паттонсбург
349077927,4533480,mn,Пхелпс Циты
349078004,4533481,mn,Пикеринг
349078312,4533485,mn,Поллоцк
349078389,4533486,mn,Поуерсвилле
349078466,4533487,mn,Принстон
349078774,4533491,mn,Куеен Циты
349078928,4533493,mn,Квитман
349079082,4533495,mn,Раванна
349079159,4533496,mn,Равенвуд
349079236,4533497,mn,Реа
349079467,4533500,mn,Ревере
349079544,4533501,mn,Риджуэй
349079698,4533503,mn,Роцк Порт
349079852,4533505,mn,Росендале
349080006,4533507,mn,Рутлеж
349080083,4533508,mn,Ст. Францисвилле
349080853,4533518,mn,Шеридан
349081315,4533524,mn,Скидморе
349081546,4533527,mn,Соутх Линевилле
349081700,4533529,mn,Спицкард
349081854,4533531,mn,Станберры
349082085,4533534,mn,Таркио
349082239,4533536,mn,Терре Хаут
349082316,4533537,mn,Тиндалл
349082393,4533538,mn,Типперары
349082624,4533541,mn,Трентон
349082932,4533545,mn,Юнионвилл
349083394,4533551,mn,Ватсон
349083471,4533552,mn,Уэйланд
349083625,4533554,mn,Вестборо
349084087,4533560,mn,Уильямстаун
349084395,4533564,mn,Уиниган
349084626,4533567,mn,Үнэ цэнэтэй
349084703,4533568,mn,Вортингтон
349084780,4533569,mn,Вайконда
349085396,4533577,mn,Аберкромби
349085550,4533579,mn,Адамс
349085627,4533580,mn,Адриан
349085781,4533582,mn,Акра
349085935,4533584,mn,Алис
349086012,4533585,mn,Алсен
349086166,4533587,mn,Амениа
349086320,4533589,mn,Анета
349086474,4533591,mn,Ардоцх
349086551,4533592,mn,Аргусвилле
349086705,4533594,mn,Артур
349086782,4533595,mn,Арвилла
349086859,4533596,mn,Эшли
349086936,4533597,mn,Долгиотсон шаргал
349087013,4533598,mn,Аыр
349087321,4533602,mn,Барнеы
349087398,4533603,mn,Баррие
349087475,4533604,mn,Бартлет
349087552,4533605,mn,Батхгате
349087706,4533607,mn,Белцоурт
349087860,4533609,mn,Берлин
349088014,4533611,mn,Бинфорд
349088091,4533612,mn,Бисбее
349088168,4533613,mn,Блабон
349088322,4533615,mn,Бланчард
349088399,4533616,mn,Боудон
349088476,4533617,mn,Бордулац
349088553,4533618,mn,Боудон
349088784,4533621,mn,Брамптон
349088938,4533623,mn,Бремен
349089015,4533624,mn,Бриарвуд
349089092,4533625,mn,Бринсмаде
349089169,4533626,mn,Броцкет
349089246,4533627,mn,Брооктрее Парк
349089323,4533628,mn,Бьюкенан
349089400,4533629,mn,одос үхэр
349089631,4533632,mn,Бакстон
349089708,4533633,mn,Цаледониа
349089785,4533634,mn,Цалио
349089939,4533636,mn,Калвин
349090093,4533638,mn,Кандо
349090170,4533639,mn,Каррингтон
349090247,4533640,mn,Цасхел
349090324,4533641,mn,Цасселтон
349090401,4533642,mn,Цатхаы
349090478,4533643,mn,Цавалиер
349090555,4533644,mn,Цаыуга
349090709,4533646,mn,Цхаселеы
349090786,4533647,mn,Цхристине
349090863,4533648,mn,Цхурцхс Ферры
349090940,4533649,mn,Клемент
349091094,4533651,mn,Цлевеланд
349091171,4533652,mn,Клиффорд
349091325,4533654,mn,Цобурн
349091402,4533655,mn,Когсвелл
349091479,4533656,mn,Колгейт
349091787,4533660,mn,Конвей
349091864,4533661,mn,Цооперстоун
349091941,4533662,mn,Колфакс
349092018,4533663,mn,Кортеней
349092095,4533664,mn,Црары
349092326,4533667,mn,Кристал
349092480,4533669,mn,Куба
349092634,4533671,mn,Дахлен
349092865,4533674,mn,Давенпорт
349092942,4533675,mn,Доусон
349093019,4533676,mn,Дазеы
349093096,4533677,mn,Де Ламере
349093327,4533680,mn,Декстер
349093404,4533681,mn,Дицкеы
349093558,4533683,mn,Довер
349093712,4533685,mn,Драытон
349093943,4533688,mn,Дундас
349094020,4533689,mn,Дурбин
349094174,4533691,mn,Дуайт
349094251,4533692,mn,Эйсби
349094405,4533694,mn,Ецкелсон
349094482,4533695,mn,Едгелеы
349094559,4533696,mn,Единбург
349094636,4533697,mn,Едморе
349094790,4533699,mn,Егеланд
349094867,4533700,mn,Елдридге
349094944,4533701,mn,Эллендейл
349095021,4533702,mn,Эллиотт
349095175,4533704,mn,Емерадо
349095329,4533706,mn,Ендерлин
349095406,4533707,mn,Енглевале
349095560,4533709,mn,Ерие
349095714,4533711,mn,Есмонд
349095868,4533713,mn,Эверест
349095945,4533714,mn,Фэйрдэйл
349096022,4533715,mn,Фаирмоунт
349096176,4533717,mn,Фарго
349096330,4533719,mn,Фессенден
349096561,4533722,mn,Фингал
349096638,4533723,mn,Финлеы
349096869,4533726,mn,Форбс
349096946,4533727,mn,Фордвилле
349097023,4533728,mn,Ойн гол
349097177,4533730,mn,Форман
349097254,4533731,mn,Форт Рансом
349097331,4533732,mn,Форт Тоттен
349097408,4533733,mn,Фредониа
349097485,4533734,mn,Фриед
349097562,4533735,mn,Фронтиер
349097639,4533736,mn,Хилийн тосгон
349097716,4533737,mn,Фуллертон
349097793,4533738,mn,Гацкле
349097947,4533740,mn,Галесбург
349098024,4533741,mn,Гардар
349098101,4533742,mn,Гарднер
349098332,4533745,mn,Гилбы
349098486,4533747,mn,Гленфилд
349098717,4533750,mn,Граце Циты
349098794,4533751,mn,Графтон
349098871,4533752,mn,Гранд Форкс
349098948,4533753,mn,Гранд Харбор
349099025,4533754,mn,Гранд Рапидс
349099102,4533755,mn,Грандин
349099179,4533756,mn,Греат Бенд
349099256,4533757,mn,Гринфилд
349099333,4533758,mn,Гуелпх
349099487,4533760,mn,Гвиннер
349099564,4533761,mn,Хагуе
349099795,4533764,mn,Хамберг
349099872,4533765,mn,Хамилтон
349100026,4533767,mn,Хэмпден
349100180,4533769,mn,Ханкинсон
349100334,4533771,mn,Ханнафорд
349100411,4533772,mn,Ханна
349100565,4533774,mn,Хансборо
349100719,4533776,mn,Харви
349100796,4533777,mn,Харвуд
349100950,4533779,mn,Хаттон
349101027,4533780,mn,Долоогон Вудс
349101181,4533782,mn,Хеимдал
349101258,4533783,mn,Хенсел
349101489,4533786,mn,Хиавата
349101643,4533788,mn,Хиллсборо
349101797,4533790,mn,Гомер
349101951,4533792,mn,Хоопле
349102028,4533793,mn,Найдвар
349102105,4533794,mn,Хорас
349102336,4533797,mn,Хунтер
349102413,4533798,mn,Хурдсфиелд
349102567,4533800,mn,Инкстер
349102644,4533801,mn,Исабел
349102721,4533802,mn,Жеймстаун
349102875,4533804,mn,Йессие
349103029,4533806,mn,Жонстаун
349103106,4533807,mn,Йолиетте
349103337,4533810,mn,Йуд
349103491,4533812,mn,Катхрын
349103799,4533816,mn,Келсо
349103953,4533818,mn,Кенсал
349104107,4533820,mn,Киндред
349104415,4533824,mn,Нокс
349104569,4533826,mn,Кулм
349104723,4533828,mn,ЛаМоуре
349104877,4533830,mn,Лаке Уиллиамс
349105031,4533832,mn,Лакота
349105108,4533833,mn,Лаллие
349105185,4533834,mn,Лангдон
349105262,4533835,mn,Ланкин
349105339,4533836,mn,Лариморе
349105416,4533837,mn,Лотон
349105493,4533838,mn,Леал
349105570,4533839,mn,Лидс
349105647,4533840,mn,Лер
349105801,4533842,mn,Леонард
349106032,4533845,mn,Лидгеруоод
349106109,4533846,mn,Лисбон
349106186,4533847,mn,Литцхвилле
349106340,4533849,mn,Логан Центер
349106417,4533850,mn,Лома
349106648,4533853,mn,Лудден
349106725,4533854,mn,Луверне
349106879,4533856,mn,Маддоцк
349107110,4533859,mn,Мандт
349107264,4533861,mn,Мантадор
349107341,4533862,mn,Манвел
349107495,4533864,mn,Мэплтон
349107572,4533865,mn,Маркетт
349107726,4533867,mn,Мэйвилл
349107803,4533868,mn,Маза
349108034,4533871,mn,МцХенры
349108111,4533872,mn,МцЛеод
349108188,4533873,mn,МцВилле
349108342,4533875,mn,Мадина
349108419,4533876,mn,Мекиноцк
349108573,4533878,mn,Меррицоурт
349108727,4533880,mn,Мицхиган
349108881,4533882,mn,Милнор
349108958,4533883,mn,Милтон
349109035,4533884,mn,Минто
349109112,4533885,mn,Монанго
349109189,4533886,mn,Монпелье
349109266,4533887,mn,Мооретон
349109497,4533890,mn,Моунт Цармел
349109574,4533891,mn,Моунтаин
349109651,4533892,mn,Муницх
349109728,4533893,mn,Мюнстер
349109882,4533895,mn,Мыло
349110113,4533898,mn,Наполеон
349110190,4533899,mn,Нэш
349110267,4533900,mn,Нецхе
349110344,4533901,mn,Некома
349110421,4533902,mn,Миннеуаукан
349110498,4533903,mn,Неу Роцкфорд
349110729,4533906,mn,Ниагара
349111037,4533910,mn,Номе
349111268,4533913,mn,Нортх Ривер
349111422,4533915,mn,Нортвуд
349111653,4533918,mn,Оакс
349111730,4533919,mn,Оаквуд
349111807,4533920,mn,Оберон
349111884,4533921,mn,Ольга
349111961,4533922,mn,Опс
349112038,4533923,mn,Ориска
349112192,4533925,mn,Оснаброцк
349112346,4533927,mn,Хуудас
349112423,4533928,mn,Парк Ривер
349112654,4533931,mn,Пекин
349112808,4533933,mn,Пэмбина
349112962,4533935,mn,Перт
349113116,4533937,mn,Петербург
349113193,4533938,mn,Петтибоне
349113270,4533939,mn,Пиллсбуры
349113347,4533940,mn,Пингрее
349113578,4533943,mn,Писек
349113732,4533945,mn,Плеасант Лаке
349113963,4533948,mn,Портланд
349114271,4533952,mn,Праирие Росе
349114656,4533957,mn,Реилес Ацрес
349114810,4533959,mn,Рэйнолдс
349114964,4533961,mn,Робинсон
349115118,4533963,mn,Роцк Лаке
349115272,4533965,mn,Ролетте
349115349,4533966,mn,Ролла
349115426,4533967,mn,Рожерс
349115503,4533968,mn,Роузвилл
349115580,4533969,mn,Регби
349115657,4533970,mn,Рутланд
349115888,4533973,mn,Гэгээн Жон
349116042,4533975,mn,Гэгээн Томас
349116119,4533976,mn,Санборн
349116196,4533977,mn,Сарлес
349116273,4533978,mn,Селз
349116350,4533979,mn,Схарлоу
349116427,4533980,mn,Шарон
349116581,4533982,mn,Схелдон
349116735,4533984,mn,Схерброоке
349116812,4533985,mn,Схеыенне
349116889,4533986,mn,Схелл Валлеы
349116966,4533987,mn,Сиблеы
349117428,4533993,mn,Спиритуоод
349117505,4533994,mn,Спиритуоод Лаке
349117582,4533995,mn,Старкуеатхер
349117659,4533996,mn,Ган
349117967,4534000,mn,Саттон
349118121,4534002,mn,Стреетер
349118275,4534004,mn,Сыднеы
349118352,4534005,mn,Сыкестон
349118506,4534007,mn,Таппен
349118583,4534008,mn,Томпсон
349118891,4534012,mn,Толна
349118968,4534013,mn,Тоуер Циты
349119045,4534014,mn,Таттл
349119353,4534018,mn,Валлеы Циты
349119507,4534020,mn,Ванг
349119738,4534023,mn,Вентуриа
349119815,4534024,mn,Верона
349120046,4534027,mn,Вахпетон
349120123,4534028,mn,Уолкотт
349120277,4534030,mn,Уэльс
349120354,4534031,mn,Валхалла
349120508,4534033,mn,Уоррен
349120662,4534035,mn,Уорвик
349120816,4534037,mn,Вэбстер
349120970,4534039,mn,Уест Фарго
349121047,4534040,mn,Улаан буудайн талбай
349121201,4534042,mn,Уилд Рице
349121278,4534043,mn,Уимблдон
349121509,4534046,mn,Вишек
349121586,4534047,mn,Волфорд
349121663,4534048,mn,Вудворт
349121740,4534049,mn,Виндмер
349121817,4534050,mn,Йорк
349121894,4534051,mn,Ыпсиланти
349121971,4534052,mn,Зеланд
349122202,4534055,mn,Абие
349122356,4534057,mn,Адамс
349122587,4534060,mn,Эйнсворт
349122818,4534063,mn,Альбион
349122895,4534064,mn,Александриа
349123049,4534066,mn,Аллен
349123126,4534067,mn,Алма
349123588,4534073,mn,Амес
349123665,4534074,mn,Амхерст
349123973,4534078,mn,Анока
349124050,4534079,mn,Анселмо
349124127,4534080,mn,Анслеы
349124281,4534082,mn,Арапахое
349124435,4534084,mn,Арборвилле
349124512,4534085,mn,Аркадиа
349124589,4534086,mn,Харваачин
349124743,4534088,mn,Аризона
349124820,4534089,mn,Арлингтон
349124897,4534090,mn,Эшланд
349124974,4534091,mn,Эштон
349125128,4534093,mn,Атен
349125205,4534094,mn,Аткинсон
349125282,4534095,mn,Атланта
349125359,4534096,mn,Долгиотсон шаргал
349125436,4534097,mn,Аврора
349125513,4534098,mn,Авери
349125590,4534099,mn,Авока
349125667,4534100,mn,Актелл
349125744,4534101,mn,Аыр
349125975,4534104,mn,Банкрофт
349126052,4534105,mn,Барада
349126129,4534106,mn,Барстоу
349126206,4534107,mn,Бартлет
349126283,4534108,mn,Бассетт
349126360,4534109,mn,Баттле Цреек
349126437,4534110,mn,Базиле Миллс
349126591,4534112,mn,Беатрис
349126668,4534113,mn,Беавер Циты
349126745,4534114,mn,Беавер Цроссинг
349126822,4534115,mn,Бее
349126976,4534117,mn,Бэлдэн
349127130,4534119,mn,Белграде
349127207,4534120,mn,Бен Метир
349127284,4534121,mn,Беллвуд
349127361,4534122,mn,Беллвуд
349127438,4534123,mn,Белвидере
349127515,4534124,mn,Бенедицт
349127592,4534125,mn,Беннет
349127669,4534126,mn,Беннингтон
349127977,4534130,mn,Бертран
349128054,4534131,mn,Бервин
349128362,4534135,mn,Бладен
349128439,4534136,mn,Блэйн
349128516,4534137,mn,Блаир
349128593,4534138,mn,Блумфилд
349128670,4534139,mn,\N
349128747,4534140,mn,Блүүмингтон
349128824,4534141,mn,Цэнхэр толгод
349128901,4534142,mn,Цэнхэр булаг
349128978,4534143,mn,Боелус
349129440,4534149,mn,Боу Валлеы
349129517,4534150,mn,Хөвгүүдийн Хотхон
349129594,4534151,mn,Брэдшоу
349129671,4534152,mn,Брайнард
349129902,4534155,mn,Брюстер
349130056,4534157,mn,Бристов
349130133,4534158,mn,Брок
349130287,4534160,mn,Брокен Боу
349130364,4534161,mn,Браунвилл
349130441,4534162,mn,Браунинг
349130518,4534163,mn,Бруно
349130595,4534164,mn,Брунсвик
349130903,4534168,mn,Бурцхард
349130980,4534169,mn,Бурр
349131211,4534172,mn,Бертон
349131288,4534173,mn,Бурвелл
349131365,4534174,mn,Бутте
349131596,4534177,mn,Байрон
349131673,4534178,mn,Каир
349131750,4534179,mn,Каллавэй
349131904,4534181,mn,Кэмпбелл
349132135,4534184,mn,Карлтон
349132366,4534187,mn,Кэррол
349132520,4534189,mn,Цедар Блуффс
349132597,4534190,mn,Цедар Цреек
349132674,4534191,mn,Цедар Рапидс
349132751,4534192,mn,Төв
349132982,4534195,mn,Централ Циты
349133059,4534196,mn,Цересцо
349133136,4534197,mn,Халчижапан
349133213,4534198,mn,Танхимууд
349133290,4534199,mn,Чапман
349133444,4534201,mn,Честер
349133521,4534202,mn,Цларкс
349133598,4534203,mn,Кларксон
349133675,4534204,mn,Цлатониа
349133752,4534205,mn,Цлаы Центер
349133829,4534206,mn,Клиффвуд
349134060,4534209,mn,Цолеридге
349134291,4534212,mn,Бүдүүн гэдэс
349134368,4534213,mn,Колумб
349134445,4534214,mn,Конкорд
349134753,4534218,mn,Хоол хийх
349134830,4534219,mn,Кордова
349134984,4534221,mn,Цорнлеа
349135061,4534222,mn,Цотесфиелд
349135138,4534223,mn,Цортланд
349135831,4534232,mn,Коулз
349135908,4534233,mn,Цозад
349135985,4534234,mn,Цраб Орцхард
349136062,4534235,mn,Цраиг
349136139,4534236,mn,Цреигхтон
349136216,4534237,mn,Црестон
349136293,4534238,mn,Крит
349136370,4534239,mn,Црофтон
349136755,4534244,mn,Цусхинг
349136909,4534246,mn,Дакота Циты
349136986,4534247,mn,Даннеброг
349137217,4534250,mn,Давенпорт
349137294,4534251,mn,Давеы
349137371,4534252,mn,Давид Циты
349137448,4534253,mn,Доусон
349137602,4534255,mn,Даыкин
349137756,4534257,mn,Де Витт
349137910,4534259,mn,Декатур
349138141,4534262,mn,Дентон
349138295,4534264,mn,Десхлер
349138526,4534267,mn,Дедедуезү
349138603,4534268,mn,Диллер
349138680,4534269,mn,Диксон
349138834,4534271,mn,Додж
349138988,4534273,mn,Донипхан
349139065,4534274,mn,Дорчестер
349139219,4534276,mn,Дуглас
349139373,4534278,mn,Ду Боис
349139527,4534280,mn,Данбар
349139604,4534281,mn,Дункан
349139835,4534284,mn,Дуайт
349139989,4534286,mn,Бүргэд
349140297,4534290,mn,Эддивилл
349140374,4534291,mn,Эдгар
349140528,4534293,mn,Эдисон
349140605,4534294,mn,Эльба
349140759,4534296,mn,Эльдорадо
349140836,4534297,mn,Елгин
349140990,4534299,mn,Элк Крик
349141067,4534300,mn,Елкхорн
349141221,4534302,mn,Елм Цреек
349141298,4534303,mn,Элмвуд
349141375,4534304,mn,Элвуд
349141452,4534305,mn,Елыриа
349141683,4534308,mn,Эмерсон
349141760,4534309,mn,Еммет
349141837,4534310,mn,Эндикотт
349141991,4534312,mn,Эриксон
349142145,4534314,mn,Юинг
349142222,4534315,mn,Эксетер
349142299,4534316,mn,Фаирбуры
349142376,4534317,mn,Фэрфилд
349142453,4534318,mn,Фэйрмонт
349142530,4534319,mn,Фаллс Циты
349142607,4534320,mn,Фарвелл
349142684,4534321,mn,Филлеы
349142761,4534322,mn,Фиртх
349142915,4534324,mn,Фонтанелл
349142992,4534325,mn,Фордыце
349143069,4534326,mn,Форт Цалхоун
349143300,4534329,mn,Франклин
349143454,4534331,mn,Фремонт
349143531,4534332,mn,Фриенд
349143608,4534333,mn,Фуллертон
349143685,4534334,mn,Функ
349143993,4534338,mn,Гарланд
349144070,4534339,mn,Гаррисон
349144378,4534343,mn,Женев
349144455,4534344,mn,Генуя
349144532,4534345,mn,Гиббон
349144609,4534346,mn,Гилеад
349144840,4534349,mn,Гилтнер
349145148,4534353,mn,Гленвил
349145379,4534356,mn,Гоехнер
349145610,4534359,mn,Графтон
349145687,4534360,mn,Гранд Исланд
349145764,4534361,mn,Греелеы
349146072,4534365,mn,Гринвуд
349146149,4534366,mn,Гресхам
349146226,4534367,mn,Гретна
349146303,4534368,mn,Гросс
349146457,4534370,mn,Гуиде Роцк
349146534,4534371,mn,Хафаф
349146611,4534372,mn,Аль-Алам
349146765,4534374,mn,Хамптон
349146996,4534377,mn,Харбине
349147150,4534379,mn,Харлоутон
349147227,4534380,mn,Хартингтон
349147304,4534381,mn,Харвард
349147381,4534382,mn,Хастингс
349147535,4534384,mn,Хаыланд
349147612,4534385,mn,Хазард
349147689,4534386,mn,Хеартуелл
349147843,4534388,mn,Хеброн
349148074,4534391,mn,Хендерсон
349148151,4534392,mn,Хендлеы
349148228,4534393,mn,Херман
349148305,4534394,mn,Хеун
349148536,4534397,mn,Хицкман
349148613,4534398,mn,Хилдретх
349148921,4534402,mn,Холдреге
349149152,4534405,mn,Холмесвилле
349149229,4534406,mn,Холстеин
349149383,4534408,mn,Гомер
349149460,4534409,mn,Хупер
349149537,4534410,mn,Хорас
349149691,4534412,mn,Уордвилл
349149845,4534414,mn,Хоскинс
349150076,4534417,mn,Хоуэллс
349150230,4534419,mn,Хаббард
349150307,4534420,mn,Хуббелл
349150384,4534421,mn,Хүннэвелл
349150461,4534422,mn,Хамфри
349150538,4534423,mn,Хунтлеы
349150692,4534425,mn,Инавале
349150923,4534428,mn,Инглвуд
349151000,4534429,mn,Инланд
349151077,4534430,mn,Инман
349151231,4534432,mn,Итхаца
349151308,4534433,mn,Жексон
349151539,4534436,mn,Йансен
349151693,4534438,mn,Жонсон
349151924,4534441,mn,Жулиан
349152001,4534442,mn,Жуниата
349152232,4534445,mn,Керни
349152309,4534446,mn,Кенесау
349152386,4534447,mn,Кеннард
349152540,4534449,mn,Кинг Лаке
349152771,4534452,mn,Кипплес Траилер Цоурт
349153695,4534464,mn,Ла Платте
349153772,4534465,mn,Ла Виста
349154003,4534468,mn,Лаурел
349154080,4534469,mn,Лоуренс
349154157,4534470,mn,Леигх
349154311,4534472,mn,Лесхара
349154542,4534475,mn,Льюистон
349154619,4534476,mn,Лексингтон
349154696,4534477,mn,Лекса
349154773,4534478,mn,Лиллиан
349154927,4534480,mn,Линкольн
349155004,4534481,mn,Линдси
349155081,4534482,mn,Линвуд
349155158,4534483,mn,Линома далайн эрэг
349155235,4534484,mn,Линвуд
349155312,4534485,mn,Личфилд
349155620,4534489,mn,Лонг Пине
349155774,4534491,mn,Лордстаун
349155851,4534492,mn,Лоретто
349155928,4534493,mn,Лортон
349156005,4534494,mn,Лоуисвилле
349156082,4534495,mn,Лоуп Циты
349156159,4534496,mn,Лоуэл
349156236,4534497,mn,Лусхтон
349156313,4534498,mn,Лынцх
349156390,4534499,mn,Лион
349156467,4534500,mn,Макон
349156544,4534501,mn,Мацы
349156621,4534502,mn,Мадисон
349156698,4534503,mn,Магнет
349156775,4534504,mn,Малколм
349156852,4534505,mn,Малмо
349157006,4534507,mn,Манлеы
349157468,4534513,mn,Маркетт
349157545,4534514,mn,Мартелл
349157622,4534515,mn,Мартинсбург
349157930,4534519,mn,Маскелл
349158007,4534520,mn,Мейсон хот
349158161,4534522,mn,МцЦоол Йунцтион
349158315,4534524,mn,МцЛеан
349158392,4534525,mn,Меад
349158469,4534526,mn,Нуга
349158546,4534527,mn,Меадоу Грове
349158777,4534530,mn,Мелиа
349158854,4534531,mn,Мемпхис
349159162,4534535,mn,Мерна
349159701,4534542,mn,Милбурн
349159778,4534543,mn,Милфорд
349160009,4534546,mn,Миллер
349160163,4534548,mn,Миллтаун
349160394,4534551,mn,Минден
349160548,4534553,mn,Моноуи
349160625,4534554,mn,Монрое
349160779,4534556,mn,Морсе Блуфф
349160933,4534558,mn,Мурдоцк
349161164,4534561,mn,Мурраы
349161395,4534564,mn,Напер
349161472,4534565,mn,Напонее
349161626,4534567,mn,Небраска Циты
349161703,4534568,mn,Нехавка
349161780,4534569,mn,Нелигх
349161857,4534570,mn,Нелсон
349161934,4534571,mn,Ньюарк
349162088,4534573,mn,Ньюарк
349162165,4534574,mn,Ньюкасл
349162242,4534575,mn,Неуман Грове
349162319,4534576,mn,Ньюпорт
349162396,4534577,mn,Ницкерсон
349162627,4534580,mn,Ниобрара
349162704,4534581,mn,Нора
349162781,4534582,mn,Норфолк
349162858,4534583,mn,Норман
349162935,4534584,mn,Хойд булан
349163012,4534585,mn,Нортх Лоуп
349163474,4534591,mn,царс
349163551,4534592,mn,О'Неилл
349163705,4534594,mn,Оакдейл
349163782,4534595,mn,Окланд
349163859,4534596,mn,Оберт
349163936,4534597,mn,Оцонее
349164013,4534598,mn,Оцонто
349164090,4534599,mn,Оцтавиа
349164167,4534600,mn,Оделл
349164244,4534601,mn,Одесса
349164321,4534602,mn,Огайова
349164552,4534605,mn,Омаха
349164629,4534606,mn,Онг
349164783,4534608,mn,Жимсний цэцэрлэг
349164860,4534609,mn,Орд
349165014,4534611,mn,Орлеанс
349165168,4534613,mn,Осцеола
349165245,4534614,mn,Осмонд
349165322,4534615,mn,Отое
349165399,4534616,mn,Оверланд
349165476,4534617,mn,Овертон
349165630,4534619,mn,Оксфорд
349165784,4534621,mn,Паддоцк
349165938,4534623,mn,Хуудас
349166015,4534624,mn,Палмер
349166092,4534625,mn,Пальмира
349166169,4534626,mn,Панам
349166246,4534627,mn,Папиллион
349166785,4534634,mn,Паунее Циты
349167016,4534637,mn,Пендер
349167093,4534638,mn,Перу
349167170,4534639,mn,Петербург
349167247,4534640,mn,Филлипс
349167324,4534641,mn,Пицкрелл
349167401,4534642,mn,Пирс
349167478,4534643,mn,Пилгер
349167786,4534647,mn,Плаинвиеу
349167863,4534648,mn,Платте Центер
349168094,4534651,mn,Платтсмоутх
349168171,4534652,mn,Плеасант Дале
349168402,4534655,mn,Плезантон
349168479,4534656,mn,Плимут
349168556,4534657,mn,Полк
349168633,4534658,mn,Понка
349168710,4534659,mn,Понка
349168864,4534661,mn,Пул
349169095,4534664,mn,Прага
349169403,4534668,mn,Престон
349169480,4534669,mn,Примроз
349169634,4534671,mn,Проссер
349169711,4534672,mn,Прецепт
349169865,4534674,mn,Раган
349170019,4534676,mn,Ралстон
349170096,4534677,mn,Рандольф
349170173,4534678,mn,Раевилле
349170327,4534680,mn,Равенна
349170404,4534681,mn,Рэймонд
349170481,4534682,mn,Ред Цлоуд
349170789,4534686,mn,Републицан Циты
349170866,4534687,mn,Рэйнолдс
349170943,4534688,mn,Ричфилд
349171020,4534689,mn,Ричланд
349171097,4534690,mn,Рисинг Циты
349171174,4534691,mn,Ривердейл
349171559,4534696,mn,Ривертон
349171790,4534699,mn,Рока
349171867,4534700,mn,Рокфорд
349171944,4534701,mn,Роквилл
349172021,4534702,mn,Рожерс
349172252,4534705,mn,Росалие
349172483,4534708,mn,Розеланд
349172791,4534712,mn,Хааны
349173022,4534715,mn,Руло
349173176,4534717,mn,Рускин
349173484,4534721,mn,Гэгээн Елена
349173715,4534724,mn,Гэгээн Либори
349173946,4534727,mn,Гэгээн Паул
349174100,4534729,mn,Салем
349174331,4534732,mn,Сантее
349174408,4534733,mn,Саргент
349174485,4534734,mn,Саронвилле
349174562,4534735,mn,Сарториа
349174716,4534737,mn,Сцхуылер
349174793,4534738,mn,Сцотиа
349174947,4534740,mn,Скрипнер
349175101,4534742,mn,Сьюард
349175640,4534749,mn,Шелтон
349175794,4534751,mn,Схицклеы
349175871,4534752,mn,Схолес
349175948,4534753,mn,Схуберт
349176025,4534754,mn,Силвер Цреек
349176179,4534756,mn,Смитфилд
349176410,4534759,mn,Снайдер
349176487,4534760,mn,Соутх Бенд
349176718,4534763,mn,Өмнөд талын хөдөлгөөнт гэрийн шүүх
349176872,4534765,mn,Соутх Сиоукс Циты
349177103,4534768,mn,Спалдинг
349177180,4534769,mn,Спарта
349177334,4534771,mn,Спенсер
349177411,4534772,mn,Спрингфилд
349177565,4534774,mn,Стаффорд
349177642,4534775,mn,Стамфорд
349177719,4534776,mn,Стэнтон
349177873,4534778,mn,Стаплехурст
349177950,4534779,mn,Стееле Циты
349178027,4534780,mn,Спрингвиеу
349178104,4534781,mn,Стеинауер
349178181,4534782,mn,Стелла
349178258,4534783,mn,Стерлинг
349178335,4534784,mn,Стокхэм
349178489,4534786,mn,Странг
349178643,4534788,mn,Стромсбург
349178720,4534789,mn,Стюарт
349178797,4534790,mn,Сумнер
349179105,4534794,mn,Дээд зэргийн
349179182,4534795,mn,Сурприсе
349179259,4534796,mn,Саттон
349179413,4534798,mn,Свонтон
349179798,4534803,mn,Сырацусе
349179875,4534804,mn,Табле Роцк
349179952,4534805,mn,Талмаге
349180029,4534806,mn,Тамора
349180183,4534808,mn,Тарнов
349180260,4534809,mn,Тейлор
349180414,4534811,mn,Тецумсех
349180491,4534812,mn,Текамах
349180799,4534816,mn,Тхаыер
349180953,4534818,mn,Тхурстон
349181030,4534819,mn,Тилден
349181107,4534820,mn,Тимбер Цреек
349181184,4534821,mn,Тобиас
349181569,4534826,mn,Трумбулл
349181800,4534829,mn,Уехлинг
349181877,4534830,mn,Улыссес
349181954,4534831,mn,Унадилла
349182031,4534832,mn,Холбоо
349182185,4534834,mn,Упланд
349182262,4534835,mn,Утика
349182339,4534836,mn,Валлеы
349182493,4534838,mn,Валпараисо
349182570,4534839,mn,Венеци
349182724,4534841,mn,Вердел
349182801,4534842,mn,Вердигре
349182878,4534843,mn,Вердон
349183109,4534846,mn,Виржиниа
349183340,4534849,mn,Вако
349183494,4534851,mn,Ваху
349183571,4534852,mn,Вэйкфилд
349183725,4534854,mn,Уолтхилл
349183802,4534855,mn,Уолтон
349183956,4534857,mn,Ванн
349184110,4534859,mn,Вашингтон
349184264,4534861,mn,Уотербери
349184341,4534862,mn,Ватерлоо
349184418,4534863,mn,Вауса
349184495,4534864,mn,Ваверли
349184649,4534866,mn,Уэйн
349184726,4534867,mn,Вэбстер
349184880,4534869,mn,Уйлж Буй Ус
349185342,4534875,mn,Вест Пойнт
349185419,4534876,mn,Баруун
349185496,4534877,mn,Уестервилле
349185650,4534879,mn,Уестмарк
349185727,4534880,mn,Уэстон
349185958,4534883,mn,Вилкокс
349186035,4534884,mn,Вилбер
349186266,4534887,mn,Виннебаго
349186343,4534888,mn,Винсайд
349186420,4534889,mn,Винслоу
349186497,4534890,mn,Виснер
349186574,4534891,mn,Виннетун
349186651,4534892,mn,Вольбах
349186728,4534893,mn,Уоод Ривер
349187190,4534899,mn,Вайнот
349187344,4534901,mn,Ваймор
349187421,4534902,mn,Янки Хилл
349187498,4534903,mn,Йорк
349187575,4534904,mn,Ыутан
349187806,4534907,mn,Акворт
349187960,4534909,mn,Олбани
349188114,4534911,mn,Александриа
349188268,4534913,mn,Алстеад
349188422,4534915,mn,Америкийн хүрхрээ
349188653,4534918,mn,Амхерст
349188730,4534919,mn,Андовер
349188807,4534920,mn,Антрим
349189192,4534925,mn,Эшланд
349189346,4534927,mn,Аткинсон
349189654,4534931,mn,Долгиотсон шаргал
349189885,4534934,mn,Багтаун
349190347,4534940,mn,Барнстеад
349190501,4534942,mn,Баррингтон
349190578,4534943,mn,Бартлет
349190655,4534944,mn,Батх
349190732,4534945,mn,Баысиде
349191040,4534949,mn,Бедфорд
349191194,4534951,mn,Белмонт
349191271,4534952,mn,Беннингтон
349191348,4534953,mn,Бентон
349191502,4534955,mn,Берлин
349191733,4534958,mn,Бетлехем
349192195,4534964,mn,Блодгетт Ландинг
349192349,4534966,mn,Босцауен
349192811,4534972,mn,Нум
349193196,4534977,mn,Брэдфорд
349193504,4534981,mn,Брентвуд
349193658,4534983,mn,Бреттон Уоодс
349193812,4534985,mn,Бридгеуатер
349193889,4534986,mn,Бристол
349194043,4534988,mn,Броокфиелд
349194197,4534990,mn,Брүүклин
349195275,4535004,mn,Канаан
349195506,4535007,mn,Цандиа
349195737,4535010,mn,Кентербери
349195891,4535012,mn,Кэррол
349196430,4535019,mn,Центер Харбор
349196584,4535021,mn,Центер Оссипее
349196661,4535022,mn,Центер Сандуицх
349197046,4535027,mn,Чарлстаун
349197354,4535031,mn,Цхатхам
349197431,4535032,mn,Цхеевер
349197585,4535034,mn,Честер
349197662,4535035,mn,Честерфилд
349197739,4535036,mn,Цхицхестер
349198124,4535041,mn,Циллеывилле
349198201,4535042,mn,Кларемонт
349198355,4535044,mn,Цларк Хилл
349198894,4535051,mn,Цоффинс Милл
349199125,4535054,mn,Цолеброок
349199356,4535057,mn,Колумби
349199433,4535058,mn,Колумби
349199510,4535059,mn,Конкорд
349199895,4535064,mn,Цонтооцоок
349200049,4535066,mn,Конвей
349200819,4535076,mn,Цране Цроссинг
349201281,4535082,mn,Кройдон
349201820,4535089,mn,Цуттер Хилл
349201897,4535090,mn,Данбуры
349201974,4535091,mn,Данвилл
349202436,4535097,mn,Дирфилд
349202667,4535100,mn,Дееринг
349202744,4535101,mn,Дирфилд
349202821,4535102,mn,Дерри
349202898,4535103,mn,Дерры Виллаге
349203052,4535105,mn,Димонд
349203283,4535108,mn,Доцкхам Схоре
349203591,4535112,mn,Дорчестер
349203745,4535114,mn,Довер
349204053,4535118,mn,Дублин
349204207,4535120,mn,Думмер
349204515,4535124,mn,Дархам
349205978,4535143,mn,Еаст Кингстон
349206363,4535148,mn,Еаст Мерримацк
349207749,4535166,mn,Истон
349208057,4535170,mn,Еффингхам
349208288,4535173,mn,Элсворт
349208750,4535179,mn,Енфиелд
349208904,4535181,mn,Эппинг
349208981,4535182,mn,Епсом
349209058,4535183,mn,Епсом Цирцле
349209135,4535184,mn,Еррол
349209289,4535186,mn,Эксетер
349209597,4535190,mn,Фармингтон
349210059,4535196,mn,Фитзуиллиам
349210752,4535205,mn,Фоундры
349210906,4535207,mn,Фоыес Цорнер
349210983,4535208,mn,Францестоун
349211060,4535209,mn,Франкониа
349211137,4535210,mn,Франклин
349211214,4535211,mn,Эрх чөлөө
349211291,4535212,mn,Фремонт
349211753,4535218,mn,Жорж
349211907,4535220,mn,Геррисх
349212138,4535223,mn,Гибсон Фоур Цорнерс
349212292,4535225,mn,Гилфорд
349212523,4535228,mn,Гилмантон
349212677,4535230,mn,Гилсум
349213216,4535237,mn,Гоффстаун
349213678,4535243,mn,Горхам
349213755,4535244,mn,Гошен
349214063,4535248,mn,Графтон
349214448,4535253,mn,Грантхам
349214756,4535257,mn,Гринфилд
349214833,4535258,mn,Гренланд
349214987,4535260,mn,Гринвилл
349215064,4535261,mn,Гротон
349215141,4535262,mn,Гроветон
349215449,4535266,mn,Хампстеад
349215526,4535267,mn,Хамптон
349215603,4535268,mn,Хамптон Беацх
349215834,4535271,mn,Хамптон Фаллс
349215988,4535273,mn,Хэнкок
349216142,4535275,mn,Ганновер
349216219,4535276,mn,Ганновер төв
349216527,4535280,mn,Харрисвилл
349216758,4535283,mn,Хаверхилл
349216989,4535286,mn,Хазенс
349217066,4535287,mn,Хеброн
349217220,4535289,mn,Хенникер
349217605,4535294,mn,Хилл
349218375,4535304,mn,Хинсдале
349218452,4535305,mn,Холдернесс
349218529,4535306,mn,Холлис
349218837,4535310,mn,Хооксетт
349218914,4535311,mn,Хопкинтон
349219299,4535316,mn,Худсон
349219761,4535322,mn,Жексон
349219992,4535325,mn,Йаффреы
349220223,4535328,mn,Жефферсон
349221070,4535339,mn,Кийнэ
349221532,4535345,mn,Кенсингтон
349221763,4535348,mn,Кингстон
349221840,4535349,mn,Клондике Цорнер
349221917,4535350,mn,Лакониа
349222071,4535352,mn,Нуурын эрэг
349222225,4535354,mn,Ланкастер
349222379,4535356,mn,Лангдон
349222841,4535362,mn,Ливан
349222995,4535364,mn,Ли
349223226,4535367,mn,Лемпстер
349223457,4535370,mn,Линкольн
349223611,4535372,mn,Лисбон
349223688,4535373,mn,Личфилд
349223919,4535376,mn,Литтлетон
349223996,4535377,mn,Ливерморе
349224227,4535380,mn,Лондондерри
349224689,4535386,mn,Лоудон
349224920,4535389,mn,Ловеренс Милл
349225536,4535397,mn,Лыме
349225690,4535399,mn,Лындебороугх
349225844,4535401,mn,Мадбуры
349225921,4535402,mn,Мадисон
349226075,4535404,mn,Манчестер
349226383,4535408,mn,Марлбороугх
349226460,4535409,mn,Марлоу
349226845,4535414,mn,Мартин Цроссинг
349227076,4535417,mn,Мэйсон
349227692,4535425,mn,Мередит
349227923,4535428,mn,Мериден
349228077,4535430,mn,Мелвин Виллаге
349228154,4535431,mn,Мерримацк
349228462,4535435,mn,Милан
349228539,4535436,mn,Милфорд
349228924,4535441,mn,Миллвилл
349229001,4535442,mn,Милтон
349229078,4535443,mn,Милтон Миллс
349229386,4535447,mn,Монрое
349229463,4535448,mn,Монт Вернон
349229617,4535450,mn,Моултонбороугх
349230079,4535456,mn,Моунтаин Лакес
349230310,4535459,mn,Нашваук
349230464,4535461,mn,Нелсон
349230541,4535462,mn,Шинэ Бостон
349230618,4535463,mn,Шинэ цайз
349230695,4535464,mn,Шинэ Египет
349230849,4535466,mn,Шинэ Ипсвич
349231003,4535468,mn,Шинэ Лондон
349231157,4535470,mn,Неу Хамптон
349231311,4535472,mn,Ньютон
349231388,4535473,mn,Неуфиелдс
349231465,4535474,mn,Ньюингтон
349231696,4535477,mn,Ньюмаркет
349231773,4535478,mn,Ньюпорт
349231850,4535479,mn,Ньютон
349232543,4535488,mn,Хойд Честер
349232697,4535490,mn,Нортх Цонуаы
349233313,4535498,mn,Нортх Хаверхилл
349233467,4535500,mn,Хойд Хэмптон
349233621,4535502,mn,Нортх Лондондерры
349234776,4535517,mn,Нортх Уалполе
349235084,4535521,mn,Нортх Уоодстоцк
349235161,4535522,mn,Нортфилд
349235238,4535523,mn,Нортхумберланд
349235315,4535524,mn,Нортвуд
349235623,4535528,mn,Ноттингхам
349236239,4535536,mn,Улбар шар
349236316,4535537,mn,Орфорд
349236547,4535540,mn,Оссипее
349237548,4535553,mn,Пелхам
349237625,4535554,mn,Пэмброк
349238241,4535562,mn,Петербороугх
349238549,4535566,mn,Пиермонт
349238703,4535568,mn,Пинардвилле
349239088,4535573,mn,Питтсбург
349239165,4535574,mn,Питтсфиелд
349239396,4535577,mn,Плейнвелл
349239473,4535578,mn,Плаистов
349239550,4535579,mn,Плимут
349239858,4535583,mn,Портсмут
349241013,4535598,mn,Рандольф
349241167,4535600,mn,Рэймонд
349241398,4535603,mn,Ричмонд
349241552,4535605,mn,Риндге
349242399,4535616,mn,Роцхестер
349242707,4535620,mn,Роллинсфорд
349243169,4535626,mn,Румнеы
349243477,4535630,mn,хөх тариа
349243939,4535636,mn,Салем
349244093,4535638,mn,Салисбуры
349244478,4535643,mn,Сандаун
349244555,4535644,mn,Санборнвилле
349244632,4535645,mn,Сандаун
349244709,4535646,mn,Сэндвич
349245479,4535656,mn,Сеаброок
349245556,4535657,mn,Сеаброок Беацх
349245941,4535662,mn,Шарон
349246249,4535666,mn,Схелбурне
349247250,4535679,mn,Сомерсуортх
349248405,4535694,mn,Соутх Хамптон
349248559,4535696,mn,Соутх Хооксетт
349250099,4535716,mn,Спрингфилд
349250561,4535722,mn,Стюартстаун
349251023,4535728,mn,Стоддард
349251100,4535729,mn,Страффорд
349251254,4535731,mn,Стратфорд
349251331,4535732,mn,Стратхам
349251485,4535734,mn,Элсэн Чихэр Хилл
349251562,4535735,mn,Салливан
349251639,4535736,mn,Сунапее
349251716,4535737,mn,Сунцоок
349251793,4535738,mn,Сурры
349251870,4535739,mn,Саттон
349251947,4535740,mn,Суанзеы
349252255,4535744,mn,Тамворт
349252486,4535747,mn,Темпле
349253333,4535758,mn,Хоёр завь тосгон
349253487,4535760,mn,Тилтон
349254180,4535769,mn,Трой
349254257,4535770,mn,Туфтонборо
349254642,4535775,mn,Холбоо
349254719,4535776,mn,Эв нэгдэл
349255181,4535782,mn,Вэйкфилд
349255258,4535783,mn,Вальпол
349255489,4535786,mn,Уорнер
349255566,4535787,mn,Уоррен
349255643,4535788,mn,Вашингтон
349255951,4535792,mn,Уатервилле Валлеы
349256182,4535795,mn,өмсдөг
349256413,4535798,mn,Уэбб
349256490,4535799,mn,Вэбстер
349256644,4535801,mn,Уебстер Плаце
349257029,4535806,mn,Вентворт
349257645,4535814,mn,Уест Батх
349258338,4535823,mn,Уест Еппинг
349259801,4535842,mn,Баруун Стюартстаун
349259878,4535843,mn,Баруун Суонзи
349260263,4535848,mn,Вестморленд
349260725,4535854,mn,Ухитефиелд
349261264,4535861,mn,Вилмот
349261341,4535862,mn,Вилтон
349261495,4535864,mn,Винчестер
349261572,4535865,mn,Виндхэм
349262188,4535873,mn,Вольфеборо
349262881,4535882,mn,Модсток
349262958,4535883,mn,Вудсвилл
349263882,4535895,mn,Алексаукен
349264190,4535899,mn,Алламуцхы
349264267,4535900,mn,Аллендейл
349264344,4535901,mn,Алленхурст
349264575,4535904,mn,Аллентаун
349264652,4535905,mn,Алленвуд
349264883,4535908,mn,Альпийн
349265114,4535911,mn,Алпха
349265345,4535914,mn,Амвелл
349265499,4535916,mn,Андерсон
349265576,4535917,mn,Андовер
349265730,4535919,mn,Аннандале
349266423,4535928,mn,Арлингтон
349266808,4535933,mn,Асбери
349266885,4535934,mn,Асбуры Парк
349267039,4535936,mn,Атлантиц Хигхландс
349267193,4535938,mn,Авенел
349267347,4535940,mn,Авон-бы-тхе-Сеа
349268040,4535949,mn,Балтусрол
349268502,4535955,mn,Баскинг Ридге
349268656,4535957,mn,Баы Хеад
349268810,4535959,mn,Баыонне
349268964,4535961,mn,Бэйвуд
349269195,4535964,mn,Беаттыстоун
349269503,4535968,mn,Бедминстер
349269657,4535970,mn,Белле Меад
349269734,4535971,mn,Беллевилл
349269811,4535972,mn,Белфорд
349270042,4535975,mn,Белмар
349270119,4535976,mn,Белвидере
349270581,4535982,mn,Бергенфиелд
349270735,4535984,mn,Беркелеы Хеигхтс
349270889,4535986,mn,Тоунсхип оф Бернардс
349270966,4535987,mn,Бернардсвилле
349271120,4535989,mn,Беверли
349271351,4535992,mn,Бисселл
349271505,4535994,mn,Блацкуеллс Миллс
349271582,4535995,mn,Блаирстоун
349271736,4535997,mn,Блауенбург
349271813,4535998,mn,Блазиерс Цорнер
349271890,4535999,mn,Блумфилд
349271967,4536000,mn,Блүүмингдэйл
349272044,4536001,mn,Блүүмингдэйл
349272121,4536002,mn,Блоомсбуры
349272198,4536003,mn,Богота
349272429,4536006,mn,Боонтон
349272660,4536009,mn,Бордентоун
349272814,4536011,mn,Боунд Броок
349272891,4536012,mn,Боуне
349273122,4536015,mn,Брадлеы Беацх
349273199,4536016,mn,Брадлеы Гарденс
349273507,4536020,mn,Браинардс
349273738,4536023,mn,Брэнчвилл
349273892,4536025,mn,Брасс Цастле
349274123,4536028,mn,Тоосго
349274354,4536031,mn,Бриджвилл
349274431,4536032,mn,Бриелле
349274662,4536035,mn,Бродвэй
349274816,4536037,mn,Бруксид
349275278,4536043,mn,Браунвилл
349275432,4536045,mn,Брукдейл
349275663,4536048,mn,Будд Лаке
349275817,4536050,mn,Берлингтон
349276202,4536055,mn,Батлер
349276433,4536058,mn,Буттзвилле
349276741,4536062,mn,Колдуэлл
349276818,4536063,mn,Цалифон
349277434,4536071,mn,Царлстадт
349277665,4536074,mn,Царпентерсвилле
349277973,4536078,mn,Цартерет
349278281,4536082,mn,Цедар Глен Уест
349278358,4536083,mn,Хуш Модны Төгөл
349278589,4536086,mn,Сидар Ноллс
349279128,4536093,mn,Чапел Хилл
349279513,4536098,mn,Цхатхам
349279590,4536099,mn,Цхеесекуаке
349279821,4536102,mn,Честер
349280129,4536106,mn,Цхеуалла Парк
349280360,4536109,mn,Цлара Бартон
349280437,4536110,mn,Кларк
349280976,4536117,mn,Цлеарброок Парк
349281130,4536119,mn,Цлиффсиде Парк
349281207,4536120,mn,Клиффвуд
349281284,4536121,mn,Цлиффуоод Беацх
349281361,4536122,mn,Клифтон
349281515,4536124,mn,Клинтон
349281746,4536127,mn,Цлостер
349281900,4536129,mn,Когсвелл
349282439,4536136,mn,Колони
349282593,4536138,mn,Цолтс Нецк
349282670,4536139,mn,Колумби
349282747,4536140,mn,Колумб
349282901,4536142,mn,Конкордиа
349283055,4536144,mn,Күүкстаун
349284364,4536161,mn,Цранбуры
349284518,4536163,mn,Црандон Лакес
349284595,4536164,mn,Цранфорд
349284826,4536167,mn,Цреам Ридге
349284903,4536168,mn,Цресскилл
349285365,4536174,mn,Титэм
349286135,4536184,mn,ДеВитт
349286366,4536187,mn,Деал
349286597,4536190,mn,Деланцо
349286751,4536192,mn,Делавэр
349286828,4536193,mn,Демарест
349286905,4536194,mn,Денвилле
349287136,4536197,mn,Довер
349287367,4536200,mn,Дунеллен
349287521,4536202,mn,Дюмонт
349287675,4536204,mn,Дутцх Нецк
349288060,4536209,mn,Еаст Брунсуицк
349288214,4536211,mn,Еаст Фреехолд
349288291,4536212,mn,Зүүн Ганновер
349288522,4536215,mn,Еаст Миллстоне
349288599,4536216,mn,Зүүн Ньюарк
349288676,4536217,mn,Еаст Оранге
349288830,4536219,mn,Зүүн Рутерфорд
349289061,4536222,mn,Итонтаун
349289369,4536226,mn,Эджбрук
349289600,4536229,mn,Эджвуд
349289908,4536233,mn,Эдисон
349290370,4536239,mn,Едгеуатер
349290447,4536240,mn,Элизабет
349290755,4536244,mn,Елмуоод Парк
349291063,4536248,mn,Эмерсон
349291140,4536249,mn,Емлеыс Хилл
349291217,4536250,mn,Энглвуд
349291294,4536251,mn,Енглеуоод Цлиффс
349291371,4536252,mn,Енглисхтоун
349291679,4536256,mn,Ессекс Феллс
349292064,4536261,mn,Юинг
349292295,4536264,mn,Фаир Хавен
349292372,4536265,mn,Шударга зүлэг
349292526,4536267,mn,Фэрфилд
349292834,4536271,mn,Фэйрвүүд
349292988,4536273,mn,Фэйрвүүд
349293296,4536277,mn,Фанвуд
349293373,4536278,mn,Фар Хиллс
349293450,4536279,mn,Бороугх оф Фар Хиллс
349293681,4536282,mn,Фермингдейл
349294220,4536289,mn,Фернвуд
349294374,4536291,mn,Фиелдсборо
349294528,4536293,mn,Финдерне
349294605,4536294,mn,Финесвилле
349294759,4536296,mn,Туг хот
349294836,4536297,mn,Фландерс
349295144,4536301,mn,Флоренс
349295298,4536303,mn,Флорхам Парк
349295452,4536305,mn,Форт Дикс
349295529,4536306,mn,Флемингтон
349295606,4536307,mn,Форт Дикс
349295760,4536309,mn,Форт Лее
349296530,4536319,mn,Франклин
349296761,4536322,mn,Франклин Лакес
349296915,4536324,mn,Франклин Парк
349296992,4536325,mn,Фредон
349297146,4536327,mn,Фреехолд
349297300,4536329,mn,Френцхтоун
349297685,4536334,mn,Гарфилд
349297993,4536338,mn,Гарвуд
349298378,4536343,mn,Гиллетте
349298532,4536345,mn,Гладстон
349298763,4536348,mn,Глен Гарднер
349298840,4536349,mn,Глен Ридге
349298917,4536350,mn,Глен Роцк
349299225,4536354,mn,Гленмооре
349300072,4536365,mn,Греат Меадоус
349300149,4536366,mn,Греат Нотцх
349300457,4536370,mn,Греен Кнолл
349301227,4536380,mn,Григгстоун
349301381,4536382,mn,Гроввилл
349301458,4536383,mn,Гуттенберг
349301535,4536384,mn,Хацкенсацк
349301766,4536387,mn,Винсбург
349301920,4536389,mn,Хацкеттстоун
349302151,4536392,mn,Гамбург
349302305,4536394,mn,Хамилтон
349302459,4536396,mn,Хамилтон Скуаре
349302536,4536397,mn,Хамптон
349302690,4536399,mn,Халедон
349302921,4536402,mn,Ганновер
349303229,4536406,mn,Хардвик
349303383,4536408,mn,Харлинген
349303614,4536411,mn,Эв найрамдал
349303845,4536414,mn,Харрингтон Парк
349303922,4536415,mn,Харрисон
349304076,4536417,mn,Хасброуцк Хеигхтс
349304307,4536420,mn,Ньютон
349304384,4536421,mn,Долоогон
349304692,4536425,mn,Хазлет
349304846,4536427,mn,Хиткот
349305000,4536429,mn,Хелметта
349305616,4536437,mn,Хьюитт
349305693,4536438,mn,Хиберниа
349306001,4536442,mn,Хигх Бридге
349306078,4536443,mn,Хигхланд Лакес
349306155,4536444,mn,Өндөр уулын нуурууд
349306232,4536445,mn,Хигхланд Парк
349306309,4536446,mn,Өндөрлөг газар
349306386,4536447,mn,Хигхтстоун
349306540,4536449,mn,Хиллсборо
349306617,4536450,mn,Хиллсдейл
349306771,4536452,mn,Хиллсиде
349307156,4536457,mn,Хо-Хо-Кус
349307233,4536458,mn,Хобокен
349307695,4536464,mn,Голланд
349308003,4536468,mn,Холмдел
349308311,4536472,mn,Хопатцонг
349308542,4536475,mn,Найдвар
349308619,4536476,mn,Хопелавн
349308696,4536477,mn,Хоупвелл
349309235,4536484,mn,Хантсбург
349309851,4536492,mn,Хатчинсон
349310005,4536494,mn,Интерлакен
349310159,4536496,mn,Ирвингтон
349310236,4536497,mn,Иселин
349310621,4536502,mn,Йамесбург
349310929,4536506,mn,Жерси хот
349311083,4536508,mn,Жобстаун
349311160,4536509,mn,Жонстаун
349311237,4536510,mn,Йулиустоун
349311622,4536515,mn,Кеансбург
349311699,4536516,mn,Кеарны
349311776,4536517,mn,Кеасбеы
349311853,4536518,mn,Кендалл Парк
349312084,4536521,mn,Кенвил
349312161,4536522,mn,Кенилворт
349312238,4536523,mn,Кеыпорт
349312469,4536526,mn,Кингстон
349312777,4536530,mn,Киннелон
349313162,4536535,mn,Ноултон
349313624,4536541,mn,Лаке Цомо
349313701,4536542,mn,Лаке Хиауатха
349313778,4536543,mn,Лаке Хопатцонг
349313932,4536545,mn,Лаке Мохаук
349314163,4536548,mn,Ла Эстрелла (Эль Чарко)
349314317,4536550,mn,Лакехурст
349314548,4536553,mn,Лейквүүд
349314702,4536555,mn,Ламбертвилле
349314779,4536556,mn,Ламингтон
349314933,4536558,mn,Буух
349315549,4536566,mn,Лауренце Харбор
349315857,4536570,mn,Лауренцевилле
349315934,4536571,mn,Лэйтон
349316011,4536572,mn,Ливан
349316088,4536573,mn,Леджвуд
349316319,4536576,mn,Леисуре Кнолл
349316396,4536577,mn,Леисуре Виллаге
349316473,4536578,mn,Леисуре Виллаге Еаст
349316550,4536579,mn,Леонардо
349316704,4536581,mn,Леония
349317012,4536585,mn,Либерты Цорнер
349317320,4536589,mn,Линкольн Парк
349317474,4536591,mn,Линцрофт
349317551,4536592,mn,Линден
349317936,4536597,mn,Литтле Фаллс
349318013,4536598,mn,Литтле Ферры
349318167,4536600,mn,Литтле Силвер
349318552,4536605,mn,Ливингстон
349318629,4536606,mn,Ллеуеллын Парк
349318706,4536607,mn,Лоцх Арбоур
349319245,4536614,mn,Лоди
349319553,4536618,mn,Урт салбар
349319707,4536620,mn,Урт хөндий
349320400,4536629,mn,Линдхурст
349320554,4536631,mn,Лион
349320862,4536635,mn,Мацопин
349320939,4536636,mn,Мадисон
349321170,4536639,mn,Мадисон Парк
349321401,4536642,mn,Махва
349321709,4536646,mn,Манаскуан
349322017,4536650,mn,Мантолокинг
349322325,4536654,mn,Манвилл
349322479,4536656,mn,Марлоу
349322787,4536660,mn,Марксборо
349322864,4536661,mn,Марлборо
349323249,4536666,mn,Мейсонтаун
349323480,4536669,mn,Матауан
349323865,4536674,mn,Мэйвуд
349324712,4536685,mn,Мендхам
349324866,4536687,mn,Менло Парк Терраце
349324943,4536688,mn,Мерцервилле
349325251,4536692,mn,Метуцхен
349325482,4536695,mn,Миддлебусх
349325559,4536696,mn,Мидлсекс
349325713,4536698,mn,Миддлтаун
349325867,4536700,mn,Мидланд Парк
349326098,4536703,mn,Милфорд
349326483,4536708,mn,Миллингтон
349326714,4536711,mn,Миллтаун
349326868,4536713,mn,Миллтаун
349327407,4536720,mn,Мине Хилл
349327484,4536721,mn,Мое
349327638,4536723,mn,Монмоутх Беацх
349327946,4536727,mn,Монмоутх Йунцтион
349328177,4536730,mn,Монтегу
349328331,4536732,mn,Монклэр
349328639,4536736,mn,Монтвале
349328716,4536737,mn,Монтвилл
349328793,4536738,mn,Моонацхие
349329178,4536743,mn,Морганвилл
349329332,4536745,mn,Моррис Плаинс
349329486,4536747,mn,Морристоун
349329717,4536750,mn,Моунт Арлингтон
349330102,4536755,mn,Хермон уул
349330487,4536760,mn,Олив уул
349331257,4536770,mn,Моунтаин Лакес
349331411,4536772,mn,Моунтаинсиде
349332027,4536780,mn,Навесинк
349332258,4536783,mn,Нептуне Циты
349332335,4536784,mn,Несханиц
349332412,4536785,mn,Несханиц Статион
349332489,4536786,mn,Нетцонг
349332874,4536791,mn,Нью Брансвик
349333259,4536796,mn,Неу Егыпт
349333490,4536799,mn,Неу Милфорд
349333644,4536801,mn,Шинэ сайт
349333798,4536803,mn,Шинэ Вашингтон
349333875,4536804,mn,Шинэ тосгон
349333952,4536805,mn,Ньюарк
349334106,4536807,mn,Ньюланд
349334491,4536812,mn,Ньютаун
349334568,4536813,mn,Ньютон
349334953,4536818,mn,Нортх Арлингтон
349335030,4536819,mn,Нортх Берген
349335261,4536822,mn,Нортх Цалдуелл
349335646,4536827,mn,Нортх Халедон
349335800,4536829,mn,Нортх Миддлетоун
349335877,4536830,mn,Нортх Плаинфиелд
349336262,4536835,mn,Нортхвале
349336493,4536838,mn,Норвуд
349336647,4536840,mn,Нутлеы
349337109,4536846,mn,Царс Нуруу
349337263,4536848,mn,Оакхурст
349337417,4536850,mn,Окланд
349337725,4536854,mn,Далайн төгөл
349337879,4536856,mn,Оцеанпорт
349337956,4536857,mn,Огденсбург
349338033,4536858,mn,Олд Бридге
349338187,4536860,mn,Олд Таппан
349338264,4536861,mn,Олдвик
349338341,4536862,mn,Ораделл
349338418,4536863,mn,Улбар шар
349339188,4536873,mn,Оксфорд
349339265,4536874,mn,Пацканацк Лаке
349339419,4536876,mn,Палисадес Парк
349339496,4536877,mn,Пальмира
349339804,4536881,mn,Парамус
349339881,4536882,mn,Парк Ридге
349340343,4536888,mn,Парсиппаны
349340497,4536890,mn,Пассаиц
349340651,4536892,mn,Патерсон
349341113,4536898,mn,Пеапацк
349341190,4536899,mn,Пеннингтон
349341421,4536902,mn,Пекуанноцк
349341806,4536907,mn,Пертх Амбоы
349342268,4536913,mn,Пхиллипсбург
349342807,4536920,mn,Пине Броок
349342884,4536921,mn,Пине Лаке Парк
349343115,4536924,mn,Пинес Лаке
349343269,4536926,mn,Писцатауаы
349343346,4536927,mn,Питстаун
349343423,4536928,mn,Плейнвелл
349343577,4536930,mn,Плаинсборо
349343654,4536931,mn,Плаинсборо Центер
349344039,4536936,mn,Плеасант Плаинс
349344732,4536945,mn,Плеасантвиеу
349344809,4536946,mn,Плезантвилл
349344963,4536948,mn,Плуцкемин
349345194,4536951,mn,Поинт Плеасант
349345348,4536953,mn,Поинт Плеасант Беацх
349345887,4536960,mn,Помптон Лакес
349345964,4536961,mn,Помптон Плаинс
349346041,4536962,mn,Порт Цолден
349346272,4536965,mn,Порт Монмоутх
349346426,4536967,mn,Порт Мурраы
349346503,4536968,mn,Порт Реадинг
349347042,4536975,mn,Поттерсвилл
349347119,4536976,mn,Боонтон хотхон
349347273,4536978,mn,Преакнесс
349347504,4536981,mn,Принстон
349347581,4536982,mn,Уэстбрук
349347812,4536985,mn,Принцетон Йунцтион
349347889,4536986,mn,Принцетон Меадоус
349348120,4536989,mn,Проспект Парк
349348659,4536996,mn,Куакер Гарденс
349348967,4537000,mn,Рахуэй
349349121,4537002,mn,Рэмси
349349198,4537003,mn,Рамсеысбург
349349275,4537004,mn,Рамтаун
349349506,4537007,mn,Раритан
349349891,4537012,mn,Реадингтон
349350045,4537014,mn,Улаан банк
349350584,4537021,mn,Ривитаун
349350815,4537024,mn,Риджфилд
349350892,4537025,mn,Ридгефиелд Парк
349351046,4537027,mn,Риджвуд
349351431,4537032,mn,Рингоес
349351508,4537033,mn,Рингуоод
349351585,4537034,mn,Голын ирмэг
349351662,4537035,mn,Ривер Вале
349351739,4537036,mn,Ривердейл
349351816,4537037,mn,Риверсайд
349352124,4537041,mn,Ривертон
349352509,4537046,mn,Роббинсвилле
349352586,4537047,mn,Робертсвилл
349352740,4537049,mn,Роцхелле Парк
349352971,4537052,mn,Рокавей
349353279,4537056,mn,Роцклеигх
349353587,4537060,mn,Роки Хилл
349353664,4537061,mn,Роеблинг
349353741,4537062,mn,Рузвельт
349353972,4537065,mn,Розеланд
349354049,4537066,mn,Роселле
349354126,4537067,mn,Роселле Парк
349354511,4537072,mn,Россмоор
349354819,4537076,mn,Росс Цорнер
349355050,4537079,mn,Рудевилле
349355127,4537080,mn,Румсон
349355358,4537083,mn,Рутхерфорд
349355512,4537085,mn,Саддле Ривер
349355589,4537086,mn,Саддле Броок
349356359,4537096,mn,Сандс Поинт
349356821,4537102,mn,Саыревилле
349357283,4537108,mn,Сцотцх Плаинс
349357514,4537111,mn,Сеа Бригхт
349357591,4537112,mn,Сеа Гирт
349357668,4537113,mn,Сецауцус
349357899,4537116,mn,Сеуарен
349358130,4537119,mn,Схарк Ривер Хиллс
349358284,4537121,mn,Хурц
349358438,4537123,mn,Шейтаун
349359054,4537131,mn,Схорт Хиллс
349359131,4537132,mn,Схреусбуры
349359208,4537133,mn,Схреусбуры
349359747,4537140,mn,Силвертон Естатес
349359901,4537142,mn,Сингац
349359978,4537143,mn,Зургаан миль гүйлт
349360055,4537144,mn,Скиллман
349360209,4537146,mn,\N
349360825,4537154,mn,Социеты Хилл
349360902,4537155,mn,Сомерсет
349360979,4537156,mn,Сомерсет
349361210,4537159,mn,Сомервилле
349361287,4537160,mn,Соутх Амбоы
349361441,4537162,mn,Соутх Белмар
349361518,4537163,mn,Соутх Боунд Броок
349362134,4537171,mn,Соутх Оранге
349362211,4537172,mn,Соутх Плаинфиелд
349362288,4537173,mn,Соутх Ривер
349362365,4537174,mn,Соутх Хацкенсацк
349362673,4537178,mn,Спарта
349362981,4537182,mn,Спотсвуд
349363135,4537184,mn,Хаврын нуур
349363212,4537185,mn,Спринг Лаке Хеигхтс
349363828,4537193,mn,Спрингфилд
349364367,4537200,mn,Станхопе
349364906,4537207,mn,Стеуартсвилле
349365060,4537209,mn,Хийгүй ус
349365137,4537210,mn,Стирлинг
349365291,4537212,mn,Стоктон
349365984,4537221,mn,Стратхморе
349366138,4537223,mn,Суццасунна
349366292,4537225,mn,Дээд хэмжээний уулзалт
349366523,4537228,mn,Сассекс
349367524,4537241,mn,Теанецк
349367601,4537242,mn,Тен Миле Рун
349367678,4537243,mn,Тенафлы
349367832,4537245,mn,Тетерборо
349367986,4537247,mn,Тхацхерс Хилл
349368217,4537250,mn,Тхрее Бридгес
349368602,4537255,mn,Тинтон Фаллс
349368679,4537256,mn,Титусвилле
349368756,4537257,mn,Тотоуа
349368833,4537258,mn,Товако
349369526,4537267,mn,Трентон
349369680,4537269,mn,Троы Хиллс
349369988,4537273,mn,Ихэр голууд
349370219,4537276,mn,Холбоо
349370296,4537277,mn,Холбоо
349370373,4537278,mn,Унион Беацх
349370450,4537279,mn,Унион Циты
349371220,4537289,mn,Холбоо Тосгон
349371297,4537290,mn,Дээд Гринвуд нуур
349371605,4537294,mn,Уппер Монтцлаир
349371759,4537296,mn,Уппер Саддле Ривер
349372529,4537306,mn,Воксхолл
349372837,4537310,mn,Верона
349372914,4537311,mn,Вицторы Гарденс
349372991,4537312,mn,Виенна
349373299,4537316,mn,Виста Центер
349373453,4537318,mn,Вернон хөндий
349373607,4537320,mn,Вернон хөндий
349373684,4537321,mn,Уолдвик
349373838,4537323,mn,Уаллингтон
349374146,4537327,mn,Ванак
349374223,4537328,mn,Ванамасса
349374377,4537330,mn,Уантаге
349374916,4537337,mn,Вашингтон
349375070,4537339,mn,Уасхингтон Цроссинг
349375455,4537344,mn,Вашингтонвилл
349375532,4537345,mn,Уатцхунг
349375840,4537349,mn,Уэйн
349375994,4537351,mn,Уэйн
349376148,4537353,mn,\N
349376687,4537360,mn,Уест Белмар
349377226,4537367,mn,Уест Фреехолд
349377457,4537370,mn,Уест Лонг Бранцх
349377688,4537373,mn,Уест Милфорд
349377765,4537374,mn,Баруун Нью Йорк
349377919,4537376,mn,Уест Оранге
349378073,4537378,mn,Модланд цэцэрлэгт хүрээлэн
349378535,4537384,mn,Вестфилд
349378612,4537385,mn,Уэстон
349378843,4537388,mn,Вествуд
349378920,4537389,mn,Вартон
349378997,4537390,mn,Ухиппаны
349379074,4537391,mn,Цагаан хун
349379151,4537392,mn,Цагаан нуга нуур
349379536,4537397,mn,Ухитехоусе Статион
349380152,4537405,mn,Уиллингборо
349380460,4537409,mn,Виндзор
349380537,4537410,mn,Винфилд
349380691,4537412,mn,Уоод-Ридге
349380922,4537415,mn,Вудбери
349381076,4537417,mn,Уоодцлифф Лаке
349381153,4537418,mn,Уоодферн
349381384,4537421,mn,Вестхэмптон
349382077,4537430,mn,Райтстаун
349382231,4537432,mn,Уикофф
349382770,4537439,mn,Йорктаун
349382847,4537440,mn,\N
349382924,4537441,mn,Зарепхатх
349383232,4537445,mn,Аццорд
349383463,4537448,mn,Адамс
349383617,4537450,mn,Адамс Центер
349384002,4537455,mn,Аддисон
349384310,4537459,mn,Афтон
349384541,4537462,mn,Аирмонт
349384695,4537464,mn,Акрон
349384849,4537466,mn,Олбани
349385003,4537468,mn,Албертсон
349385157,4537470,mn,Альбион
349385311,4537472,mn,Алабама
349385465,4537474,mn,Алден
349386158,4537483,mn,Александр
349386235,4537484,mn,Александрия булан
349386389,4537486,mn,Альфред
349386851,4537492,mn,Аллеганы
349387544,4537501,mn,Алма
349387621,4537502,mn,Бүйлс
349388160,4537509,mn,Алтамонт
349388314,4537511,mn,Алтмар
349388468,4537513,mn,Альтона
349388622,4537515,mn,Амагансетт
349389161,4537522,mn,Амениа
349389315,4537524,mn,Амес
349389392,4537525,mn,Амхерст
349389623,4537528,mn,Амитывилле
349389700,4537529,mn,Амстердам
349389777,4537530,mn,Анакуассацоок
349389854,4537531,mn,Анцрам
349390008,4537533,mn,Андерсон
349390085,4537534,mn,Андес
349390162,4537535,mn,Андовер
349390239,4537536,mn,Анжелика
349390470,4537539,mn,Ангола он тхе Лаке
349390778,4537543,mn,Аннсвилле
349390855,4537544,mn,Ангола
349391009,4537546,mn,Антверпен
349391086,4537547,mn,Апалацхин
349391625,4537554,mn,Акуебогуе
349392010,4537559,mn,Зоосон машин
349392087,4537560,mn,Арцхдале
349392472,4537565,mn,Ардслеы
349392549,4537566,mn,Ардслеы-он-Худсон
349392703,4537568,mn,Аргил
349392780,4537569,mn,Арита
349392934,4537571,mn,Аркрайт
349393088,4537573,mn,Аркрайт
349393165,4537574,mn,Арлингтон
349393319,4537576,mn,Армонк
349394474,4537591,mn,Асхарокен
349394551,4537592,mn,Эшфорд
349394782,4537595,mn,Эшланд
349395167,4537600,mn,Атхенс
349395244,4537601,mn,Атол
349395475,4537604,mn,Атлантиц Беацх
349395629,4537606,mn,Аттика
349396168,4537613,mn,Ау Сабле Форкс
349396245,4537614,mn,Долгиотсон шаргал
349396322,4537615,mn,Аугуста
349396399,4537616,mn,Аврора
349396707,4537620,mn,Аустерлиц
349396784,4537621,mn,Ава
349396861,4537622,mn,Аверилл Парк
349397092,4537625,mn,Авока
349397169,4537626,mn,Авон
349397400,4537629,mn,Ауостинг
349397862,4537635,mn,Бабылон
349398324,4537641,mn,Баилеыс Сеттлемент
349398555,4537644,mn,Баинбридге
349398786,4537647,mn,Баитинг Холлоу
349399710,4537659,mn,Болдуин
349400172,4537665,mn,Балдуинсвилле
349400480,4537669,mn,Баллстон Лаке
349400557,4537670,mn,Баллстон Спа
349400711,4537672,mn,Балмвилле
349401019,4537676,mn,Бангор
349401558,4537683,mn,Бардониа
349401712,4537685,mn,Баркер
349402482,4537695,mn,Барневелд
349402944,4537701,mn,Барнум Исланд
349403021,4537702,mn,Баррингтон
349403098,4537703,mn,Баррывилле
349403175,4537704,mn,Барритаун
349403560,4537709,mn,Бартон
349403791,4537712,mn,Батавиа
349404022,4537715,mn,Батх
349404330,4537719,mn,Бэй Парк
349404561,4537722,mn,Баы Схоре
349404715,4537724,mn,Бакстер Естатес
349405023,4537728,mn,Баыуоод
349405254,4537731,mn,Баыпорт
349405485,4537734,mn,Баывилле
349405793,4537738,mn,Беацон
349406178,4537743,mn,Беарсвилле
349406486,4537747,mn,Беавер Дамс
349406563,4537748,mn,Беавер Фаллс
349407102,4537755,mn,Бедфорд
349407333,4537758,mn,Бедфорд Хиллс
349407487,4537760,mn,Беецх Хилл
349408026,4537767,mn,Беекмантоун
349408488,4537773,mn,Белфаст
349408796,4537777,mn,Беикседон Естатес
349408950,4537779,mn,Белле Терре
349409027,4537780,mn,Беллеросе
349409104,4537781,mn,Беллеросе Терраце
349409258,4537783,mn,Беллевилл
349409566,4537787,mn,Беллморе
349409643,4537788,mn,Беллпорт
349410105,4537794,mn,Белмонт
349410413,4537798,mn,Бемус Поинт
349411260,4537809,mn,Бенсон
349411491,4537812,mn,Бентон
349411799,4537816,mn,Берген
349412107,4537820,mn,Беркшир
349412261,4537822,mn,Берлин
349412338,4537823,mn,Бернхардс Баы
349412415,4537824,mn,Берне
349412954,4537831,mn,Бетел
349413416,4537837,mn,Бетхпаге
349413955,4537844,mn,Том Горхи
349414109,4537846,mn,Биг Флатс
349414725,4537854,mn,Биллингтон Хеигхтс
349415110,4537859,mn,Бингхамтон
349415264,4537861,mn,Биннеуатер
349415495,4537864,mn,Бирдсалл
349415880,4537869,mn,Блацк Броок
349416188,4537873,mn,Блацк Ривер
349416342,4537875,mn,Блацкбридге
349416804,4537881,mn,Бласделл
349416958,4537883,mn,Блаувелт
349417035,4537884,mn,Блеецкер
349417343,4537888,mn,Блисс
349417420,4537889,mn,Блодгетт Миллс
349417728,4537893,mn,Цэцэглэж буй төгөл
349417805,4537894,mn,Блоомингбург
349418036,4537897,mn,Блоомвилле
349418190,4537899,mn,Блоссвале
349418421,4537902,mn,Блуе Поинт
349418883,4537908,mn,Богеми
349419037,4537910,mn,Боливар
349419114,4537911,mn,Боливар
349419191,4537912,mn,Болтон
349419268,4537913,mn,Бомбаы
349419345,4537914,mn,Болтон Ландинг
349419884,4537921,mn,Боонвилле
349420500,4537929,mn,Бостон
349421270,4537939,mn,Бовина
349421886,4537947,mn,Боумансвилле
349422194,4537951,mn,Брэдфорд
349422733,4537958,mn,Браман Цорнерс
349422964,4537961,mn,Бранцхпорт
349423503,4537968,mn,Брасхер Центер
349423580,4537969,mn,Брасхер Фаллс
349423657,4537970,mn,Брасхер Ирон Уоркс
349424042,4537975,mn,Брееспорт
349424119,4537976,mn,Брентвуд
349424273,4537978,mn,Бреуертон
349424350,4537979,mn,Брюстер
349424504,4537981,mn,Бреустер Хилл
349424581,4537982,mn,Бриарцлифф Манор
349424812,4537985,mn,Бридгехамптон
349424889,4537986,mn,Бриджпорт
349424966,4537987,mn,Бриджпорт
349425120,4537989,mn,Бридгеуатер
349425505,4537994,mn,Брайтон
349425582,4537995,mn,Брайтон
349425736,4537997,mn,Бригхтуатерс
349425813,4537998,mn,Бринцкерхофф
349426198,4538003,mn,Бристол
349426275,4538004,mn,Броадалбин
349426429,4538006,mn,Броцкпорт
349426660,4538009,mn,Броцтон
349426968,4538013,mn,Бронкс
349427045,4538014,mn,Бронксвилле
349427353,4538018,mn,Броокфиелд
349427430,4538019,mn,Брукхавен
349427584,4538021,mn,Бруклин
349427969,4538026,mn,Брооктондале
349428277,4538030,mn,Бруквилл
349428893,4538038,mn,Броунсвилле
349429047,4538040,mn,Браунвилл
349429124,4538041,mn,Браунвилл
349429278,4538043,mn,Брунсвик
349429432,4538045,mn,Брусхтон
349429740,4538049,mn,Бьюкенан
349430664,4538061,mn,одос үхэр
349431511,4538072,mn,Бурдетт
349431896,4538077,mn,Бурке Центер
349431973,4538078,mn,Бурке
349432127,4538080,mn,Берлингтон
349432204,4538081,mn,Бурлингтон Флатс
349432512,4538085,mn,Түлэгдсэн
349433590,4538099,mn,Бусти
349434283,4538108,mn,Байрсвилл
349434437,4538110,mn,Байрон
349434668,4538113,mn,Цадывилле
349434899,4538116,mn,Каир
349435130,4538119,mn,Цалциум
349435284,4538121,mn,Цаледониа
349435438,4538123,mn,Цаллицоон
349435592,4538125,mn,Цалвертон
349435669,4538126,mn,Цамбриа Центер
349435746,4538127,mn,Кембриж
349435900,4538129,mn,Камден
349435977,4538130,mn,Камерон
349436439,4538136,mn,Кэмпбелл
349436901,4538142,mn,Канаан
349437132,4538145,mn,Цанадице Цорнерс
349437209,4538146,mn,Цанайохарие
349437286,4538147,mn,Цанандаигуа
349437363,4538148,mn,Цанасерага
349437440,4538149,mn,Цанастота
349437594,4538151,mn,Цандор
349437671,4538152,mn,Цанеадеа
349437748,4538153,mn,Канистео
349438287,4538160,mn,Кантон
349438364,4538161,mn,Цапе Винцент
349438749,4538166,mn,Царле Плаце
349439057,4538170,mn,Карлайл
349439134,4538171,mn,Карлтон
349439596,4538177,mn,Цармел
349439673,4538178,mn,Каролин
349439750,4538179,mn,Каролин
349440058,4538183,mn,Кэррол
349440135,4538184,mn,Карролтон
349440289,4538186,mn,Карфаген
349440597,4538190,mn,Цассадага
349440674,4538191,mn,Цассвилле
349440751,4538192,mn,Цастиле
349440905,4538194,mn,Цастлетон-он-Худсон
349440982,4538195,mn,Цасторланд
349441444,4538201,mn,Цатхарине
349441675,4538204,mn,Като
349441829,4538206,mn,Цатскилл
349441906,4538207,mn,Цаттараугус
349442214,4538211,mn,Цаыуга
349442291,4538212,mn,Цаыуга Хеигхтс
349442445,4538214,mn,Цаыута
349442676,4538217,mn,Цазеновиа
349443369,4538226,mn,Цедархурст
349443831,4538232,mn,Целорон
349443908,4538233,mn,Цементон
349444293,4538238,mn,Центер Лисле
349444370,4538239,mn,Центер Морицхес
349444601,4538242,mn,Центереацх
349444755,4538244,mn,Центерпорт
349444832,4538245,mn,Центрвилл
349445217,4538250,mn,Централ Бридге
349445294,4538251,mn,Централ Ислип
349445525,4538254,mn,Централ Скуаре
349445756,4538257,mn,Центре Исланд
349445987,4538260,mn,Цхадуицкс
349446218,4538263,mn,Аварга
349446295,4538264,mn,Цхамплаин
349446526,4538267,mn,Чаппакуа
349446603,4538268,mn,Чарлстон
349446911,4538272,mn,Цхарлотте Центер
349447065,4538274,mn,Чарлтон
349447373,4538278,mn,Чацуугай
349447681,4538282,mn,Цхатхам
349447835,4538284,mn,Цхаумонт
349447989,4538286,mn,Чаутаукуа
349448066,4538287,mn,Цхазы
349448297,4538290,mn,Цхеектоуага
349448451,4538292,mn,Цхемунг
349448528,4538293,mn,Цхенанго Бридге
349448913,4538298,mn,Цхерры Цреек
349449067,4538300,mn,Интоорын Төгөл
349449144,4538301,mn,Цхерры Валлеы
349449452,4538305,mn,Честер
349449606,4538307,mn,Цхестертоун
349449837,4538310,mn,Цхестнут Ридге
349450838,4538323,mn,Цхиттенанго
349451531,4538332,mn,Черчвилл
349451762,4538335,mn,Цицерон
349451993,4538338,mn,Цинциннатус
349452070,4538339,mn,Клэр
349452147,4538340,mn,Цларенце
349452224,4538341,mn,Кларенс төв
349452301,4538342,mn,Цларендон
349452609,4538346,mn,Цларк Хеигхтс
349452686,4538347,mn,Цларк Миллс
349452917,4538350,mn,Цларкс Миллс
349453148,4538353,mn,Кларксон
349453456,4538357,mn,Цлаверацк
349453533,4538358,mn,Шавар
349453687,4538360,mn,Клэйтон
349453841,4538362,mn,Клэйвилл
349454149,4538366,mn,Цлевеланд
349454457,4538370,mn,Цлермонт
349454688,4538373,mn,Клифтон
349454842,4538375,mn,Цлифтон Парк
349454996,4538377,mn,Цлифтон Спрингс
349455150,4538379,mn,Клинтон
349455227,4538380,mn,Цлинтон Цорнерс
349455612,4538385,mn,Цлинтондале
349456613,4538398,mn,Клаймер
349456767,4538400,mn,Коббтаун
349456844,4538401,mn,Цоблескилл
349456921,4538402,mn,Цоцхецтон
349457075,4538404,mn,Цоеыманс
349457229,4538406,mn,Цохоцтон
349457460,4538409,mn,Цохоес
349457691,4538412,mn,Колфакс
349457768,4538413,mn,Цолд Броок
349458076,4538417,mn,Хүйтэн хавар
349458153,4538418,mn,Цолд Спринг Харбор
349458615,4538424,mn,Цолден
349458923,4538428,mn,Цолеман Статион
349459616,4538437,mn,Коллинз
349459924,4538441,mn,Колонийн акр
349460309,4538446,mn,Цолоние
349460463,4538448,mn,Цолтон
349460694,4538451,mn,Колумб
349460848,4538453,mn,Цоммацк
349461233,4538458,mn,Конкорд
349461310,4538459,mn,Цонесус
349461387,4538460,mn,Цонесвилле
349461464,4538461,mn,Цонеуанго
349461772,4538465,mn,Цонгерс
349462003,4538468,mn,Цонклин
349462465,4538474,mn,Цоннеллы
349462619,4538476,mn,Байлдан дагуулах
349462696,4538477,mn,Цонстабле
349462773,4538478,mn,Цонстаблевилле
349462850,4538479,mn,Цонстантиа
349464236,4538497,mn,Цооперс Плаинс
349464313,4538498,mn,Цооперстоун
349464621,4538502,mn,Копакийн хүрхрээ
349464698,4538503,mn,Цопаке Лаке
349464775,4538504,mn,Цопенхаген
349464929,4538506,mn,Цопиагуе
349465006,4538507,mn,Цопаке
349465083,4538508,mn,Цорам
349465545,4538514,mn,Корфу
349465622,4538515,mn,Коринт
349465776,4538517,mn,Корнуолл
349465853,4538518,mn,Цорнинг Манор
349465930,4538519,mn,Цорнуалл Ландинг
349466007,4538520,mn,Корнуолл
349466238,4538523,mn,Цортланд
349466931,4538532,mn,Цоттекилл
349467239,4538536,mn,Цоунтры Кноллс
349467470,4538539,mn,Цове Нецк
349467624,4538541,mn,Ковентри
349467855,4538544,mn,Цовевилле
349467932,4538545,mn,Ковингтон
349468317,4538550,mn,Цокссацкие
349468548,4538553,mn,Црагсмоор
349469010,4538559,mn,Цранберры Лаке
349469241,4538562,mn,Крансвилл
349470088,4538573,mn,Црест Виеу Хеигхтс
349470396,4538577,mn,Цриббс Цорнер
349470704,4538581,mn,Црогхан
349470781,4538582,mn,Цромпонд
349471012,4538585,mn,Цропсеывилле
349471551,4538592,mn,Цротон-он-Худсон
349471705,4538594,mn,Титэм Цэг
349471859,4538596,mn,Цроун Хеигхтс
349472013,4538598,mn,Цругерс
349472244,4538601,mn,Кристал далайн эрэг
349472629,4538606,mn,Куба
349472937,4538610,mn,Цумберланд Хеад
349473014,4538611,mn,Цумминсвилле
349473630,4538619,mn,Цутцхогуе
349473861,4538622,mn,Кюйлер
349473938,4538623,mn,Цуылервилле
349474092,4538625,mn,Даирыланд
349474323,4538628,mn,Далтон
349474631,4538632,mn,Данбы
349474862,4538635,mn,Данлеы Цорнерс
349475016,4538637,mn,Даннемора
349475170,4538639,mn,Дансвилле
349475324,4538641,mn,Дариен
349475632,4538645,mn,Давенпорт
349475709,4538646,mn,Давенпорт Центер
349475940,4538649,mn,Давис Парк
349476479,4538656,mn,ДеВитт
349476633,4538658,mn,Де Калб
349476710,4538659,mn,Де Калб Йунцтион
349476864,4538661,mn,Де Пеыстер
349477018,4538663,mn,ДеРуытер
349477095,4538664,mn,ДеВитт
349477634,4538671,mn,Деансборо
349477788,4538673,mn,Декатур
349478096,4538677,mn,Бугын цэцэрлэгт хүрээлэн
349478558,4538683,mn,Дирфилд
349478635,4538684,mn,Дефериет
349478943,4538688,mn,Эль Канон
349479097,4538690,mn,Делеван
349479174,4538691,mn,Делхи
349479328,4538693,mn,Делмар
349479867,4538700,mn,Дани
349480175,4538704,mn,Деннинг
349480714,4538711,mn,Депаувилле
349480791,4538712,mn,Депью
349480868,4538713,mn,Депосит
349481099,4538716,mn,Деринг Харбор
349481561,4538722,mn,Декстер
349482254,4538731,mn,Дицкинсон
349482793,4538738,mn,Дикс
349482870,4538739,mn,Дикс Хиллс
349483024,4538741,mn,Доббс Ферры
349483255,4538744,mn,Долгевилле
349483794,4538751,mn,Довер Плаинс
349483948,4538753,mn,Доунсвилле
349484256,4538757,mn,Дубук
349484333,4538758,mn,Дубук
349484795,4538764,mn,Дрыден
349485026,4538767,mn,Дуане Лаке
349485103,4538768,mn,Дуанесбург
349485719,4538776,mn,Данди
349485796,4538777,mn,Данкерк
349486335,4538784,mn,Дархам
349486412,4538785,mn,Дурхамвилле
349487644,4538801,mn,Дыкеманс
349487798,4538803,mn,Бүргэд
349487875,4538804,mn,Еагле Баы
349488414,4538811,mn,Еагле Валлеы
349488568,4538813,mn,Еаглевилле
349488722,4538815,mn,Эрлтон
349488876,4538817,mn,Еарлвилле
349489184,4538821,mn,Еаст Амхерст
349489338,4538823,mn,Еаст Атлантиц Беацх
349489415,4538824,mn,Еаст Аурора
349489492,4538825,mn,Еаст Авон
349490185,4538834,mn,Еаст Блоомфиелд
349490416,4538837,mn,Еаст Бранцх
349490724,4538841,mn,Еаст Цхатхам
349491032,4538845,mn,Еаст Цоцхецтон
349491648,4538853,mn,Еаст Дурхам
349492033,4538858,mn,Еаст Фармингдале
349492110,4538859,mn,Еаст Фисхкилл
349492341,4538862,mn,Еаст Франкфорт
349492880,4538869,mn,Еаст Гленвилле
349493034,4538871,mn,Еаст Греенбусх
349493496,4538877,mn,Еаст Хамптон
349493804,4538881,mn,Зүүн Херкимер
349493881,4538882,mn,Еаст Хиллс
349494343,4538888,mn,Еаст Ислип
349494420,4538889,mn,Еаст Итхаца
349494497,4538890,mn,Еаст Йефферсон
349494651,4538892,mn,Еаст Кингстон
349495113,4538898,mn,Зүүн шугам
349495267,4538900,mn,Еаст Марион
349495652,4538905,mn,Еаст Меадоу
349495729,4538906,mn,Еаст Массапекуа
349495960,4538909,mn,Еаст Морицхес
349496037,4538910,mn,Еаст Нассау
349496268,4538913,mn,Еаст Нортхпорт
349496345,4538914,mn,Еаст Норуицх
349496576,4538917,mn,Еаст Отто
349496961,4538922,mn,Еаст Патцхогуе
349497577,4538930,mn,Еаст Куогуе
349497654,4538931,mn,Еаст Рандолпх
349497962,4538935,mn,Еаст Роцхестер
349498039,4538936,mn,Еаст Роцкауаы
349498578,4538943,mn,Еаст Сетаукет
349498732,4538945,mn,Еаст Схорехам
349499194,4538951,mn,Еаст Сырацусе
349499502,4538955,mn,Еаст Венице
349500272,4538965,mn,Еаст Уиллистон
349500734,4538971,mn,Еаст Уорцестер
349500888,4538973,mn,Истон
349501042,4538975,mn,Еастпорт
349501350,4538979,mn,Итон
349501504,4538981,mn,Еатонс Нецк
349502274,4538991,mn,Эден
349502351,4538992,mn,Эден
349502505,4538994,mn,Эденвилл
349503275,4539004,mn,Единбург
349503352,4539005,mn,Едместон
349503429,4539006,mn,Едсон
349503506,4539007,mn,Эдвардс
349503737,4539010,mn,Еггертсвилле
349503968,4539013,mn,Эльба
349504122,4539015,mn,Элбридж
349504199,4539016,mn,Елдред
349504276,4539017,mn,Лындон
349504353,4539018,mn,Елизабетхтоун
349504892,4539025,mn,Елленбург
349505123,4539028,mn,Елленвилле
349505354,4539031,mn,Еллицотт
349505431,4539032,mn,Еллицоттвилле
349505508,4539033,mn,Эллингтон
349505662,4539035,mn,Эллисбург
349505893,4539038,mn,Елм Беацх
349506047,4539040,mn,Елм Трее
349506201,4539042,mn,Елма
349506278,4539043,mn,Елма Центер
349506817,4539050,mn,Елмира
349506894,4539051,mn,Елмира Хеигхтс
349506971,4539052,mn,Елмонт
349507048,4539053,mn,Елмсфорд
349507741,4539062,mn,Элвуд
349508280,4539069,mn,Эндикотт
349508357,4539070,mn,Эндвелл
349508434,4539071,mn,Енфиелд
349508665,4539074,mn,Епхратах
349508896,4539077,mn,Ерин
349509050,4539079,mn,Есопус
349509127,4539080,mn,Эсперанс
349509204,4539081,mn,Эссекс
349509589,4539086,mn,Еванс Миллс
349509897,4539090,mn,Фабиус
349510205,4539094,mn,Фаир Хавен
349510282,4539095,mn,Фаир Хавен
349510513,4539098,mn,Фэрфилд
349510667,4539100,mn,Фаирмоунт
349510744,4539101,mn,Яармагийн порт
349510898,4539103,mn,Фэйрвүүд
349510975,4539104,mn,Фэйрвүүд
349511283,4539108,mn,Фалцонер
349511514,4539111,mn,Фаллсбург
349511668,4539113,mn,Фарго
349512053,4539118,mn,Фармерсвилле
349512207,4539120,mn,Фермингдейл
349512438,4539123,mn,Фармингтон
349512515,4539124,mn,Фармингвилле
349512592,4539125,mn,Фарнхам
349512900,4539129,mn,Файетт
349512977,4539130,mn,Фейетвилл
349513208,4539133,mn,Фелтс Миллс
349513362,4539135,mn,Феннер
349514132,4539145,mn,Ферры Виллаге
349514671,4539152,mn,Филлмор
349514902,4539155,mn,Финдлеы Лаке
349514979,4539156,mn,Фине
349515441,4539162,mn,Фире Исланд
349515518,4539163,mn,Фире Исланд Пинес
349515672,4539165,mn,Фиртхцлиффе
349516288,4539173,mn,Фисхерс Исланд
349516365,4539174,mn,Загасчдын газардах
349516519,4539176,mn,Фисхкилл
349518136,4539197,mn,Фландерс
349518598,4539203,mn,Флеисцхманнс
349518675,4539204,mn,Флеминг
349519137,4539210,mn,Флорал Парк
349519214,4539211,mn,Флоренс
349519291,4539212,mn,Флорида
349519445,4539214,mn,Цэцгийн толгод
349519599,4539216,mn,Флоыд
349519676,4539217,mn,Флоренс Хилл
349519753,4539218,mn,Флуванна
349519830,4539219,mn,Флы Цреек
349520061,4539222,mn,Фонда
349520215,4539224,mn,Фоотс Цорнерс
349520908,4539233,mn,Форест Хоме
349521370,4539239,mn,Форестпорт
349521447,4539240,mn,Форествилл
349521909,4539246,mn,Форт Анн
349522063,4539248,mn,Форт Цовингтон
349522217,4539250,mn,Форт Едуард
349522910,4539259,mn,Форт Жонсон
349523064,4539261,mn,Форт Монтгомеры
349523218,4539263,mn,Форт Плаин
349523295,4539264,mn,Форт Салонга
349523911,4539272,mn,Фаулер
349524142,4539275,mn,Фоулервилле
349524758,4539283,mn,Франкфорт
349524912,4539285,mn,Франклин
349525297,4539290,mn,Франклин Скуаре
349525451,4539292,mn,Франклинвилле
349525759,4539296,mn,Фредониа
349525836,4539297,mn,Эрх чөлөө
349525913,4539298,mn,Фреедом Плаинс
349525990,4539299,mn,Фреехолд
349526221,4539302,mn,Фреепорт
349526529,4539306,mn,Фреевилле
349526606,4539307,mn,Фремонт
349526760,4539309,mn,Френцх Цреек
349527145,4539314,mn,Фреусбург
349527376,4539317,mn,Нөхөрлөл
349528454,4539331,mn,Фултонвилле
349528531,4539332,mn,Фултон
349528839,4539336,mn,Фурнасвилл
349529224,4539341,mn,Гейнс
349529378,4539343,mn,Гаинесвилле
349529532,4539345,mn,Гейл
349529686,4539347,mn,Галевилле
349529994,4539351,mn,Голуэй
349530148,4539353,mn,Голуэй
349530456,4539357,mn,Цэцэрлэг Хот
349530533,4539358,mn,Гарден Циты Парк
349530610,4539359,mn,Гарден Циты Соутх
349530841,4539362,mn,Гардинер
349530918,4539363,mn,Ганг Миллс
349531072,4539365,mn,Гарднертоун
349531688,4539373,mn,Гарраттсвилл
349531996,4539377,mn,Гаспорт
349532843,4539388,mn,Генесео
349532920,4539389,mn,Женев
349532997,4539390,mn,Генуя
349533151,4539392,mn,Жоржтаун
349533536,4539397,mn,Герман хот
349533613,4539398,mn,Герман хот
349533921,4539402,mn,Герры
349534152,4539405,mn,Гент
349535076,4539417,mn,Гилбертсвилле
349535153,4539418,mn,Гилбоа
349535461,4539422,mn,Гирарде
349535692,4539425,mn,Гласцо
349536000,4539429,mn,Глен
349536077,4539430,mn,Глен Аубреы
349536231,4539432,mn,Глен Ков
349536693,4539438,mn,Глен Хеад
349536770,4539439,mn,Глен Парк
349538156,4539457,mn,Гленс Фаллс
349538310,4539459,mn,Гленвилл
349538926,4539467,mn,Гленуоод Ландинг
349539157,4539470,mn,Гловерсвилле
349539542,4539475,mn,Голденс Бридге
349540158,4539483,mn,Гордон Хеигхтс
349540312,4539485,mn,Горхам
349540389,4539486,mn,Гошен
349540697,4539490,mn,Гоувернеур
349540851,4539492,mn,Гованд
349540928,4539493,mn,Графтон
349541159,4539496,mn,Грэмсвилл
349541467,4539500,mn,Гранд Исланд
349541698,4539503,mn,Гранд Виеу-он-Худсон
349541852,4539505,mn,Грандыле Виллаге
349542622,4539515,mn,Гранвилле
349543315,4539524,mn,Греат Бенд
349543469,4539526,mn,Греат Нецк
349543546,4539527,mn,Греат Нецк Гарденс
349543623,4539528,mn,Греат Нецк Плаза
349543700,4539529,mn,Греат Ривер
349543777,4539530,mn,Греат Нецк Естатес
349543854,4539531,mn,Греат Валлеы
349543931,4539532,mn,Грееце
349544470,4539539,mn,Ногоон арал
349544855,4539544,mn,Греенбургх
349545163,4539548,mn,Греене
349545240,4539549,mn,Гринфилд
349545625,4539554,mn,Ногоон зүлэг
349545702,4539555,mn,Греенпорт
349545856,4539557,mn,Ногоон Буух
349545933,4539558,mn,Греенвале
349546010,4539559,mn,Гринвилл
349546087,4539560,mn,Гринвилл
349546318,4539563,mn,Гринвилл
349546626,4539567,mn,Гринвич
349546780,4539569,mn,Гринвуд
349546934,4539571,mn,Греенуоод Лаке
349547165,4539574,mn,Грейг
349547242,4539575,mn,Греигсвилле
349548474,4539591,mn,Гротон
349548705,4539594,mn,Төгөл
349548936,4539597,mn,Гровеланд
349549475,4539604,mn,Гуилдерланд
349549629,4539606,mn,Гилфорд
349550322,4539615,mn,Уэймарт
349550476,4539617,mn,Хэдли
349550861,4539622,mn,Хагуе
349550938,4539623,mn,Хагаман
349551092,4539625,mn,Хаилесборо
349551246,4539627,mn,Хаинес Фаллс
349551631,4539632,mn,Халесите
349551862,4539635,mn,Халфмоон
349552247,4539640,mn,Танхим
349552709,4539646,mn,Халсеы Валлеы
349553017,4539650,mn,Гамбург
349553171,4539652,mn,Бхамдун
349553248,4539653,mn,Хамилтон
349553479,4539656,mn,Хамлин
349553556,4539657,mn,Хаммонд
349553787,4539660,mn,Хаммондспорт
349553941,4539662,mn,Хамптон
349554018,4539663,mn,Хамптон Баыс
349554172,4539665,mn,Хамптон Манор
349554403,4539668,mn,Хамптонбургх
349554480,4539669,mn,Хэнкок
349554788,4539673,mn,Ханкинс
349555019,4539676,mn,Ханнауа Фаллс
349555096,4539677,mn,Ханнибал
349555327,4539680,mn,Ганновер
349555635,4539684,mn,Харбор Хиллс
349555712,4539685,mn,Харбор Исле
349556097,4539690,mn,Хардсцраббле
349556405,4539694,mn,Харфорд
349556867,4539700,mn,Харперсфиелд
349557021,4539702,mn,Харриетстоун
349557175,4539704,mn,Харриман
349557252,4539705,mn,Харрис
349557406,4539707,mn,Харрис Хилл
349557637,4539710,mn,Харрисбург
349557791,4539712,mn,Харрисон
349558022,4539715,mn,Харрисвилл
349558253,4539718,mn,Хартфорд
349558330,4539719,mn,Хартланд
349558561,4539722,mn,Хартсдале
349558638,4539723,mn,Хартсвилл
349558715,4539724,mn,Хартвик
349558792,4539725,mn,Хартуицк Семинары
349558869,4539726,mn,Хартвуд
349559485,4539734,mn,Хастингс
349559639,4539736,mn,Хастингс-он-Худсон
349559947,4539740,mn,Хауппауге
349560255,4539744,mn,Хаверстрау
349560332,4539745,mn,Хавиланд
349561025,4539754,mn,Долоогон
349561872,4539765,mn,Хеад оф тхе Харбор
349562257,4539770,mn,Гектор
349562565,4539774,mn,Хамлок
349562642,4539775,mn,Хемлоцк Дистрицт
349562719,4539776,mn,Хемпстеад
349562796,4539777,mn,Неу Хемпстеад
349563027,4539780,mn,Хендерсон
349563181,4539782,mn,Хенриетта
349563335,4539784,mn,Херкимер
349563412,4539785,mn,Херитаге Хиллс
349563643,4539788,mn,Хейворт
349563874,4539791,mn,Херрингс
349564182,4539795,mn,Хеувелтон
349564259,4539796,mn,Херрикс
349564413,4539798,mn,Хьюлетт
349564490,4539799,mn,Хеулетт Баы Парк
349564567,4539800,mn,Хеулетт Харбор
349564644,4539801,mn,Хеулетт Нецк
349565106,4539807,mn,Хиксвилл
349565876,4539817,mn,Өндөр хүрхрээ
349566261,4539822,mn,Өндөрлөг газар
349566415,4539824,mn,Хигхланд Фаллс
349566646,4539827,mn,Хигхланд Миллс
349566800,4539829,mn,Хигхланд-он-тхе-Лаке
349567031,4539832,mn,Хиллбурн
349567185,4539834,mn,Хиллкрест
349567339,4539836,mn,Хиллсдейл
349567570,4539839,mn,Хиллсиде
349567647,4539840,mn,Хиллсиде Лаке
349567955,4539844,mn,Хилтон
349568340,4539849,mn,Хинсдале
349568725,4539854,mn,Хобарт
349569495,4539864,mn,Холбрук
349569803,4539868,mn,Голланд
349569957,4539870,mn,Холланд Патент
349570034,4539871,mn,Холлеы
349570419,4539876,mn,Холтсвилле
349570496,4539877,mn,Гомер
349570727,4539880,mn,Хонеоые Фаллс
349571420,4539889,mn,Хоосицк
349571497,4539890,mn,Хоосицк Фаллс
349571651,4539892,mn,Найдвар
349571805,4539894,mn,Хопеуелл Йунцтион
349571959,4539896,mn,Хопкинтон
349572036,4539897,mn,Хорнби
349572113,4539898,mn,Хорнелл
349572190,4539899,mn,Хорсехеадс
349572729,4539906,mn,Хортонвилле
349573114,4539911,mn,Хоутон
349573191,4539912,mn,Ховард
349574577,4539930,mn,Худсон
349574654,4539931,mn,Худсон Фаллс
349575270,4539939,mn,Хуме
349575347,4539940,mn,Хамфри
349575655,4539944,mn,Ан хийх
349575809,4539946,mn,Хунтер
349576040,4539949,mn,Хунтингтон
349576117,4539950,mn,Хунтингтон Баы
349576271,4539952,mn,Хунтингтон Статион
349576887,4539960,mn,Херли
349576964,4539961,mn,Хурлеывилле
349577041,4539962,mn,Хурон
349577426,4539967,mn,Хайд Парк
349577965,4539974,mn,Илион
349578119,4539976,mn,Индепенденце
349578658,4539983,mn,Энэтхэгийн Нуур
349579428,4539993,mn,Инлет
349579505,4539994,mn,Интерлакен
349579736,4539997,mn,Инвүүд
349579967,4540000,mn,Ира
349580660,4540009,mn,Ирондекуоит
349581199,4540016,mn,Ирвингтон
349581276,4540017,mn,Исцхуа
349581430,4540019,mn,Арлын цэцэрлэгт хүрээлэн
349581507,4540020,mn,Исландиа
349581661,4540022,mn,Ислип
349581738,4540023,mn,Ислип Терраце
349581815,4540024,mn,Италы
349582046,4540027,mn,Итхаца
349582816,4540037,mn,Жексонвилл
349582970,4540039,mn,Йамеспорт
349583047,4540040,mn,Жеймстаун
349583663,4540048,mn,Жэй
349583740,4540049,mn,Жаспер
349583894,4540051,mn,Йеддо
349583971,4540052,mn,Жефферсон
349584048,4540053,mn,Йефферсон Хеигхтс
349584125,4540054,mn,Жефферсон Парк
349584202,4540055,mn,Жефферсоны хөндий
349584356,4540057,mn,Жефферсонвилл
349584741,4540062,mn,Иерихо
349584895,4540064,mn,Йерицон Цорнерс
349585280,4540069,mn,Жэветт
349585819,4540076,mn,Йохнсбург
349585973,4540078,mn,Йохнсон Циты
349586281,4540082,mn,Жонстаун
349586589,4540086,mn,Йонес Цорнерс
349586974,4540091,mn,Жордан
349588052,4540105,mn,Касер
349588360,4540109,mn,Катонах
349588591,4540112,mn,Каунеонга Лаке
349588976,4540117,mn,Кийнэ
349589361,4540122,mn,Кеесевилле
349589746,4540127,mn,Келлоггсвилле
349589900,4540129,mn,Келлыс Цорнерс
349590131,4540132,mn,Кендалл
349590439,4540136,mn,Кенморе
349590516,4540137,mn,Кеннеди
349590747,4540140,mn,Кенсингтон
349591363,4540148,mn,Керхонксон
349591979,4540156,mn,Кеука Парк
349592056,4540157,mn,Киамесха Лаке
349592133,4540158,mn,Киантоне
349592749,4540166,mn,Киндерхоок
349593134,4540171,mn,Кингс Парк
349593211,4540172,mn,Хаадын Цэг
349593442,4540175,mn,Кингсбуры
349593519,4540176,mn,Кингстон
349593827,4540180,mn,Киркланд
349593904,4540181,mn,Кирквилле
349593981,4540182,mn,Кирквүүд
349594289,4540186,mn,Кирыас Йоел
349595136,4540197,mn,Нокс
349596445,4540214,mn,Кысорвилле
349596599,4540216,mn,ЛаФаыетте
349596676,4540217,mn,Ла Фаргевилле
349596830,4540219,mn,Лацкауанна
349596907,4540220,mn,Лацона
349598062,4540235,mn,Лаке Цармел
349598293,4540238,mn,\N
349598447,4540240,mn,Лаке Ерие Беацх
349598524,4540241,mn,Лаке Георге
349598601,4540242,mn,Гроув нуур
349598678,4540243,mn,Лаке Хилл
349598755,4540244,mn,Хантингтон нуур
349598909,4540246,mn,Лаке Катрине
349599140,4540249,mn,Лаке Лузерне
349599294,4540251,mn,Лаке Мохеган
349599448,4540253,mn,Лаке Плацид
349599525,4540254,mn,Лаке Плеасант
349599756,4540257,mn,Лаке Ронконкома
349599833,4540258,mn,Лаке Суццесс
349600064,4540261,mn,Нуурын харагдац
349600295,4540264,mn,Лейкленд
349601142,4540275,mn,Лакевиев
349601219,4540276,mn,Лакевиев
349601450,4540279,mn,Лакевилле
349601604,4540281,mn,Лейквүүд
349602143,4540288,mn,Ланкастер
349602528,4540293,mn,Лансинг
349602990,4540299,mn,Лапеер
349603221,4540302,mn,Ларцхмонт
349603452,4540305,mn,Латам
349603529,4540306,mn,Латтингтоун
349603760,4540309,mn,Лаурел
349603837,4540310,mn,Лаурел Холлоу
349603914,4540311,mn,Лауренс
349604068,4540313,mn,Лаверыс Цорнер
349604145,4540314,mn,Лоуренс
349604684,4540321,mn,Ле Роы
349604761,4540322,mn,Ливан
349605146,4540327,mn,Ледярд
349605300,4540329,mn,Ли
349605454,4540331,mn,Лидс
349605839,4540336,mn,Лихай
349605993,4540338,mn,Леицестер
349606070,4540339,mn,Леисхер Милл
349606532,4540345,mn,Леон
349606840,4540349,mn,Леонардсвилле
349606994,4540351,mn,Левиттаун
349607148,4540353,mn,Льюис
349607379,4540356,mn,Льюисборо
349607456,4540357,mn,Льюистон
349607610,4540359,mn,Лексингтон
349607687,4540360,mn,Лекса
349608149,4540366,mn,Лидо Беацх
349608457,4540370,mn,Лилы Дале
349608534,4540371,mn,Лима
349608611,4540372,mn,Лиме Лаке
349608842,4540375,mn,Шохойн чулуу
349608996,4540377,mn,Линцклаен
349609381,4540382,mn,Линкольн Парк
349609458,4540383,mn,Линкольндайл
349609920,4540389,mn,Линденхурст
349609997,4540390,mn,Линдли
349610305,4540394,mn,Линвуд
349610382,4540395,mn,Лисбон
349610536,4540397,mn,Личфилд
349610690,4540399,mn,Лисле
349610998,4540403,mn,Литтле Цанада
349611075,4540404,mn,Литтле Фаллс
349611691,4540412,mn,Литтле Валлеы
349612230,4540419,mn,Ливингстон
349612307,4540420,mn,Ливерпүүл
349612384,4540421,mn,Ливингстон Манор
349612461,4540422,mn,Ливингстонвилле
349612538,4540423,mn,Ливониа
349612615,4540424,mn,Ливониа Центер
349612692,4540425,mn,Ллоыд Харбор
349612769,4540426,mn,Ллойдсвилл
349612923,4540428,mn,Лоцх Схелдраке
349613077,4540430,mn,Лоцке
349613154,4540431,mn,Ллоыд
349613308,4540433,mn,Лоцкпорт
349613770,4540439,mn,Лоцуст Валлеы
349613847,4540440,mn,Лоди
349614540,4540449,mn,Урт Наран Шарлагын Газар
349615002,4540455,mn,Лонг Лаке
349616003,4540468,mn,Лоренз Парк
349616157,4540470,mn,Лорраине
349616465,4540474,mn,Лоудонвилле
349616542,4540475,mn,Лоуисвилле
349616850,4540479,mn,Лоу Хамптон
349617851,4540492,mn,Лоувилл
349618082,4540495,mn,Людлоу
349618467,4540500,mn,Лыцоминг
349618621,4540502,mn,Лынброок
349618698,4540503,mn,Лынцх Трацт
349618775,4540504,mn,Лынцоурт
349618929,4540506,mn,Лындонвилле
349619083,4540508,mn,Лыон Моунтаин
349619160,4540509,mn,Лион
349619314,4540511,mn,Лыонс Фаллс
349619391,4540512,mn,Лыонсдале
349619545,4540514,mn,Лизандер
349619776,4540517,mn,Макдоннел Хайтс
349619930,4540519,mn,Мацедон
349620084,4540521,mn,Мацхиас
349620392,4540525,mn,Мадисон
349620546,4540527,mn,Мадрид
349620854,4540531,mn,Махопац
349621239,4540536,mn,Мэн
349621393,4540538,mn,Малден
349621547,4540540,mn,Малден-он-Худсон
349621778,4540543,mn,Мэлоун
349621932,4540545,mn,Мальта
349622163,4540548,mn,Малверне
349622317,4540550,mn,Мамаронецк
349622394,4540551,mn,Малверне Парк Оакс
349622471,4540552,mn,Манчестер
349622779,4540556,mn,Манхассет
349622856,4540557,mn,Манхассет Хиллс
349622933,4540558,mn,Манхэттен
349623318,4540563,mn,Манлиус
349623626,4540567,mn,Маннсвилле
349623857,4540570,mn,Манорхавен
349624088,4540573,mn,Манорвилле
349625166,4540587,mn,Мапле Спрингс
349626321,4540602,mn,Маратхон
349626475,4540604,mn,Марцеллус
349626629,4540606,mn,Марси
349626706,4540607,mn,Марблетоун
349626860,4540609,mn,Мариавилл
349627014,4540611,mn,Мариавилле
349627091,4540612,mn,Мариавилле Лаке
349627245,4540614,mn,Марилла
349627322,4540615,mn,Маркетт
349627707,4540620,mn,Марлборо
349627861,4540622,mn,Максбасс
349628400,4540629,mn,Мартинсбург
349628862,4540635,mn,Матаван
349629016,4540637,mn,Мэйсонвилл
349629093,4540638,mn,Массапекуа
349629170,4540639,mn,Массапекуа Парк
349629247,4540640,mn,Массена
349629478,4540643,mn,Мастиц
349629555,4540644,mn,Мастиц Беацх
349629632,4540645,mn,Матинецоцк
349629709,4540646,mn,Маттитуцк
349629786,4540647,mn,Маттыдале
349629940,4540649,mn,Маыброок
349630094,4540651,mn,Мэйфилд
349630171,4540652,mn,Маыбуры Миллс
349630479,4540656,mn,Мэйвилл
349630787,4540660,mn,Макклюр
349631095,4540664,mn,МцДоноугх
349631326,4540667,mn,МцГрау
349631865,4540674,mn,МцКоунвилле
349632019,4540676,mn,МцЛеан
349632096,4540677,mn,МцМастерс Цроссинг
349632866,4540687,mn,Мецханицстоун
349632943,4540688,mn,Мецханицвилле
349633251,4540692,mn,Медфорд
349633328,4540693,mn,Мадина
349633405,4540694,mn,Медуса
349633713,4540698,mn,Мелроуз
349633790,4540699,mn,Мелросе Парк
349633867,4540700,mn,Мелвилл
349634021,4540702,mn,Менандс
349634098,4540703,mn,Мендон
349634483,4540708,mn,Мередит
349634637,4540710,mn,Меридиан
349634714,4540711,mn,Меррицк
349634868,4540713,mn,Меррицквилле
349635715,4540724,mn,Мексик
349635946,4540727,mn,Миддле Бридге
349636331,4540732,mn,Миддле Исланд
349636485,4540734,mn,Миддлебургх
349636639,4540736,mn,Миддлефиелд
349636716,4540737,mn,Миддлефиелд Центер
349636870,4540739,mn,Миддлепорт
349636947,4540740,mn,Мидлсекс
349637024,4540741,mn,Миддлтаун
349637101,4540742,mn,Миддлевилле
349637563,4540748,mn,Милан
349637871,4540752,mn,Милфорд
349638025,4540754,mn,Тээрмийн Төгөл
349638179,4540756,mn,Милл Нецк
349638333,4540758,mn,Миллбрук
349638564,4540761,mn,Миллер Цорнерс
349638641,4540762,mn,Миллерийн газар
349639257,4540770,mn,Миллертон
349639488,4540773,mn,Миллпорт
349639950,4540779,mn,Миллвуд
349640181,4540782,mn,Милтон
349640258,4540783,mn,Милтон
349640489,4540786,mn,Мина
349640720,4540789,mn,Минеола
349640874,4540791,mn,Минерва
349640951,4540792,mn,Минетто
349641028,4540793,mn,Миневилле
349641259,4540796,mn,Миноа
349641721,4540802,mn,Мохавк
349642183,4540808,mn,Мохеган нуур
349642414,4540811,mn,Моира
349642722,4540815,mn,Монгауп Валлеы
349642799,4540816,mn,Монрое
349642876,4540817,mn,Монси
349643030,4540819,mn,Монтаук
349643338,4540823,mn,Монтебелло
349643569,4540826,mn,Монтезума
349643646,4540827,mn,Монтгомери
349643723,4540828,mn,Монтичелло
349643877,4540830,mn,Монтоур Фаллс
349643954,4540831,mn,Монтроз
349644108,4540833,mn,Мооерс
349644570,4540839,mn,Мурс тээрэм
349644801,4540842,mn,Моравиа
349645340,4540849,mn,Мориах
349645494,4540851,mn,Морицхес
349645648,4540853,mn,Моррис
349645802,4540855,mn,Моррисонвилле
349645879,4540856,mn,Морристоун
349646033,4540858,mn,Моррисвилл
349647419,4540876,mn,Моунт Аиры
349647650,4540879,mn,Найдвар уул
349647881,4540882,mn,Моунт Ивы
349647958,4540883,mn,Моунт Кисцо
349648189,4540886,mn,Моррис уул
349648574,4540891,mn,Вернон уул
349648959,4540896,mn,Моунт Синаи
349649344,4540901,mn,Вернон уул
349649421,4540902,mn,Моунт Висион
349649652,4540905,mn,Моунтаин Лодге Парк
349649729,4540906,mn,Моунтаин Дале
349650807,4540920,mn,Муннсвилле
349650884,4540921,mn,Мунсеы Парк
349651038,4540923,mn,Мунсонс Цорнерс
349651269,4540926,mn,Мурраы
349651654,4540931,mn,Мыерс Цорнер
349651731,4540932,mn,Муттонтоун
349651885,4540934,mn,Нантицоке
349651962,4540935,mn,Нанует
349652039,4540936,mn,Напаноцх
349652116,4540937,mn,Напеагуе
349652193,4540938,mn,Неаполь
349652270,4540939,mn,Наполи
349652347,4540940,mn,Нарроусбург
349652424,4540941,mn,Нэшвилл
349652578,4540943,mn,Нассау
349652809,4540946,mn,Натурал Бридге
349653194,4540951,mn,Недроу
349653348,4540953,mn,Неллистон
349653425,4540954,mn,Нелсон
349653733,4540958,mn,Нелсонвилле
349653964,4540961,mn,Несцонсет
349654118,4540963,mn,Шинэ Александриа
349654272,4540965,mn,Неу Албион
349654349,4540966,mn,Шинэ Балтимор
349654426,4540967,mn,Неу Берлин
349654657,4540970,mn,Неу Бремен
349654811,4540972,mn,Неу Цассел
349654888,4540973,mn,Шинэ хот
349655350,4540979,mn,Шинэ Хакенсак
349655427,4540980,mn,Неу Хамбург
349655658,4540983,mn,Неу Хартфорд
349655735,4540984,mn,Нью Хейвен
349655966,4540987,mn,Неу Хыде Парк
349656274,4540991,mn,Неу Лисбон
349656659,4540996,mn,Шинэ Пальтц
349656736,4540997,mn,Неу Лебанон
349656813,4540998,mn,Неу Роцхелле
349656890,4540999,mn,Неу Руссиа
349657121,4541002,mn,Неу Сцотланд
349657275,4541004,mn,Шинэ талбай
349657352,4541005,mn,Неу Суффолк
349657506,4541007,mn,Шинэ Виндзор
349657660,4541009,mn,Нью-Йорк хот
349657737,4541010,mn,Неу Ыорк Миллс
349657814,4541011,mn,Ньюарк
349657891,4541012,mn,Неуарк Валлеы
349658122,4541015,mn,Ньюбург
349658276,4541017,mn,Шинэкомб
349658353,4541018,mn,Ньюфан
349658430,4541019,mn,Ньюфилд
349658661,4541022,mn,Ньюпорт
349659662,4541035,mn,Ниагара Фаллс
349659816,4541037,mn,Николс
349660355,4541044,mn,Нилс
349660740,4541049,mn,Нискаыуна
349660817,4541050,mn,Ниссекуогуе
349660894,4541051,mn,Нивервилле
349661202,4541055,mn,Норфолк
349661818,4541063,mn,Нортх Амитывилле
349661972,4541065,mn,Нортх Бабылон
349662280,4541069,mn,Нортх Баы
349662357,4541070,mn,Нортх Баы Схоре
349662511,4541072,mn,Нортх Беллморе
349662588,4541073,mn,Нортх Беллпорт
349662742,4541075,mn,Нортх Бетхлехем
349662819,4541076,mn,Нортх Бленхеим
349663050,4541079,mn,Нортх Бостон
349664590,4541099,mn,Нортх Цоллинс
349664821,4541102,mn,Нортх Цреек
349665360,4541109,mn,Нортх Елба
349665899,4541116,mn,Нортх Гаинесвилле
349666053,4541118,mn,Нортх Гатес
349666284,4541121,mn,Нортх Гранвилле
349666361,4541122,mn,Нортх Греат Ривер
349666438,4541123,mn,Нортх Грееце
349667131,4541132,mn,Хойд Хейвен
349667362,4541135,mn,Хойд толгод
349667516,4541137,mn,Нортх Хорнелл
349667593,4541138,mn,Нортх Худсон
349668363,4541148,mn,Нортх Линденхурст
349668440,4541149,mn,Нортх Лынброок
349668671,4541152,mn,Нортх Массапекуа
349668825,4541154,mn,Нортх Меррицк
349669056,4541157,mn,Нортх Неу Хыде Парк
349669133,4541158,mn,Нортх Норуицх
349669364,4541161,mn,Нортх Патцхогуе
349670134,4541171,mn,Нортх Ривер
349670211,4541172,mn,Нортх Росе
349670442,4541175,mn,Хойд Салем
349670750,4541179,mn,Нортх Сеа
349671289,4541186,mn,Нортх Стоцкхолм
349671366,4541187,mn,Нортх Сырацусе
349671520,4541189,mn,Нортх Тонауанда
349671674,4541191,mn,Нортх Валлеы Стреам
349671828,4541193,mn,Нортх Уантагх
349672598,4541203,mn,Нортхамптон
349672675,4541204,mn,Нортхеаст
349672906,4541207,mn,Нортхпорт
349673060,4541209,mn,Нортхумберланд
349673137,4541210,mn,Нортвилл
349673214,4541211,mn,Нортвилл
349673368,4541213,mn,Нортхуест Харбор
349673830,4541219,mn,Норвеги
349673907,4541220,mn,Норвич
349674061,4541222,mn,Норвуд
349674292,4541225,mn,Ноыацк
349674600,4541229,mn,Одоо Руда
349674677,4541230,mn,Ньюарк
349674754,4541231,mn,Оак Беацх
349674831,4541232,mn,ОАК Хилл
349675524,4541241,mn,Оакдейл
349675755,4541244,mn,Окфилд
349676756,4541257,mn,Оцеан Беацх
349676910,4541259,mn,Оцеансиде
349677141,4541262,mn,Одесса
349677295,4541264,mn,Огденсбург
349677372,4541265,mn,Охио
349677603,4541268,mn,Олцотт
349677680,4541269,mn,Олд Бетхпаге
349677757,4541270,mn,Олд Брооквилле
349678142,4541275,mn,Олд Фиелд
349678219,4541276,mn,Олд Форге
349678527,4541280,mn,Олд Уестбуры
349678604,4541281,mn,Олеан
349679297,4541290,mn,Онеида Цастле
349679451,4541292,mn,Онида
349679759,4541296,mn,Ононта
349680221,4541302,mn,Онтарио
349680760,4541309,mn,Оппенхеим
349680991,4541312,mn,Оранге Лаке
349681068,4541313,mn,Орангебург
349681530,4541319,mn,Жимсний цэцэрлэгт хүрээлэн
349681761,4541322,mn,Ориент
349682069,4541326,mn,Орисканы
349682377,4541330,mn,Орисканы Фаллс
349682531,4541332,mn,Орвелл
349682685,4541334,mn,Осцеола
349682916,4541337,mn,Оссиан
349682993,4541338,mn,Оссининг
349683070,4541339,mn,Освегатчи
349683378,4541343,mn,Освего
349683455,4541344,mn,Отего
349683686,4541347,mn,Отисцо
349683840,4541349,mn,Оттава
349683994,4541351,mn,Отселиц
349684379,4541356,mn,Оттер Лаке
349684456,4541357,mn,Отто
349684764,4541361,mn,Овид
349684841,4541362,mn,Оваско
349685072,4541365,mn,Өвэго
349685457,4541370,mn,Үхэр боу
349685534,4541371,mn,Оксфорд
349685611,4541372,mn,Оксфорд
349685688,4541373,mn,Оыстер Баы
349685765,4541374,mn,Оыстер Баы Цове
349686612,4541385,mn,Паинтед Пост
349686689,4541386,mn,Палатине Бридге
349686843,4541388,mn,Паленвилле
349686920,4541389,mn,Палермо
349687228,4541393,mn,Пальмира
349687305,4541394,mn,Памелиа Центер
349687382,4541395,mn,Панам
349688152,4541405,mn,Парц
349688229,4541406,mn,Парис
349688383,4541408,mn,Парисх
349688537,4541410,mn,Парисхвилле
349690308,4541433,mn,Патцхогуе
349690616,4541437,mn,Паттерсон
349690847,4541440,mn,Паул Смитхс
349691001,4541442,mn,Павилион
349691155,4541444,mn,Паулинг
349691463,4541448,mn,Пеацх Лаке
349691540,4541449,mn,Сувдан Крик
349691694,4541451,mn,Пеарл Ривер
349692310,4541459,mn,Пеконик
349692541,4541462,mn,Пеекскилл
349692772,4541465,mn,Пелхам
349692849,4541466,mn,Пелхам Манор
349693080,4541469,mn,Пэмброк
349693388,4541473,mn,Пенфилд
349693542,4541475,mn,Пенн Ыан
349693619,4541476,mn,Пендлетон
349694081,4541482,mn,Перри
349694389,4541486,mn,Перрысбург
349694543,4541488,mn,Персиа
349694697,4541490,mn,Перт
349694774,4541491,mn,Перу
349694851,4541492,mn,Перу
349695775,4541504,mn,Пхарсалиа
349695852,4541505,mn,Финикс
349696006,4541507,mn,Филадельфи
349696468,4541513,mn,Финиксвилл
349696622,4541515,mn,Пхоенициа
349696699,4541516,mn,Финикс
349696930,4541519,mn,Пиерцефиелд
349697084,4541521,mn,Пиермонт
349697161,4541522,mn,Пиеррепонт
349697238,4541523,mn,Пиеррепонт Манор
349697392,4541525,mn,Пиффард
349697469,4541526,mn,Пике
349698393,4541538,mn,Пине Бусх
349698547,4541540,mn,Нарсны зүлэг
349699394,4541551,mn,Нарсны Толгод
349699856,4541557,mn,Пине Плаинс
349700010,4541559,mn,Нарсны хөндий
349700703,4541568,mn,Питцаирн
349700780,4541569,mn,Питцхер
349701011,4541572,mn,Питтсфиелд
349701088,4541573,mn,Питтсфорд
349701165,4541574,mn,Питстаун
349701242,4541575,mn,Плаинедге
349701396,4541577,mn,Плаинвиеу
349701550,4541579,mn,Пландоме
349701627,4541580,mn,Пландоме Хеигхтс
349701704,4541581,mn,Пландоме Манор
349702012,4541585,mn,Плаце Цорнерс
349702243,4541588,mn,Платтекилл
349702397,4541590,mn,Платтсбургх
349702936,4541597,mn,Тааламжтай хөндий
349703552,4541605,mn,Плезантвилл
349703629,4541606,mn,Плессис
349703860,4541609,mn,Плимут
349704091,4541612,mn,Поестенкилл
349704322,4541615,mn,Поинт Лоокоут
349704938,4541623,mn,Польш
349705092,4541625,mn,Полквилл
349705246,4541627,mn,Помона
349705400,4541629,mn,Помпеы
349706478,4541643,mn,Покуотт
349706709,4541646,mn,Порт Бырон
349706786,4541647,mn,Вустер
349706940,4541649,mn,Порт Дицкинсон
349707094,4541651,mn,Порт Эвен
349707171,4541652,mn,Порт Гибсон
349707248,4541653,mn,Порт Хенры
349707325,4541654,mn,Порт Йефферсон
349707402,4541655,mn,Порт Йефферсон Статион
349707479,4541656,mn,Порт Йервис
349707633,4541658,mn,Порт Леыден
349707864,4541661,mn,Порт Уасхингтон
349707941,4541662,mn,Порт Уасхингтон Нортх
349708095,4541664,mn,Портер
349708480,4541669,mn,Портланд
349708634,4541671,mn,Портландвилле
349708711,4541672,mn,Портвилле
349708865,4541674,mn,Потсдам
349708942,4541675,mn,Поттер
349709173,4541678,mn,Поттерсвилл
349709327,4541680,mn,Поугхкеепсие
349709481,4541682,mn,Поунд Ридге
349710020,4541689,mn,Праттсбургх
349710097,4541690,mn,Праттсвилле
349710251,4541692,mn,Пребле
349710328,4541693,mn,Престон
349710713,4541698,mn,Принцетоун
349710867,4541700,mn,хэтийн төлөв
349711406,4541707,mn,Пункссутауни
349711483,4541708,mn,Пултенеы
349711560,4541709,mn,Пултнеывилле
349711868,4541713,mn,Пумпкин Холлоу
349712176,4541717,mn,Пурцхасе
349712484,4541721,mn,Квантико
349712561,4541722,mn,Путнам Лаке
349712715,4541724,mn,Путнам Валлеы
349713562,4541735,mn,Куеецхы
349713639,4541736,mn,Хатан хаан
349713716,4541737,mn,Куеенсбуры
349714024,4541741,mn,Куогуе
349714101,4541742,mn,Куиогуе
349714486,4541747,mn,Рамапо
349714563,4541748,mn,Рамона Беацх
349714948,4541753,mn,Рандаллсвилле
349715102,4541755,mn,Рандольф
349715179,4541756,mn,Рансомвилле
349715256,4541757,mn,Рапидс
349715564,4541761,mn,Ратбон
349715641,4541762,mn,Равена
349716488,4541773,mn,Рецтор
349716873,4541778,mn,Ред Цреек
349717027,4541780,mn,Ред Хоок
349717643,4541788,mn,Ред Оакс Милл
349717951,4541792,mn,Редфиелд
349718028,4541793,mn,Редфорд
349718259,4541796,mn,Улаан мод
349718798,4541803,mn,Реидсвилле
349719260,4541809,mn,Ренсселаер
349719337,4541810,mn,Ренсселаер Фаллс
349719414,4541811,mn,Ренсселаервилле
349719645,4541814,mn,Ресорт
349719799,4541816,mn,Ретсоф
349720338,4541823,mn,Рэйнолдс Корнер
349720723,4541828,mn,Рхинебецк
349720800,4541829,mn,Рхинецлифф
349721493,4541838,mn,Рицхбург
349721570,4541839,mn,Ричфилд
349721647,4541840,mn,Рицхфиелд Спрингс
349721724,4541841,mn,Рицхфорд
349721801,4541842,mn,Ричланд
349721955,4541844,mn,Рицхмондвилле
349722109,4541846,mn,Ричвилл
349722340,4541849,mn,Ридге
349722725,4541854,mn,Риджуэй
349722956,4541857,mn,Рифтон
349723033,4541858,mn,Рига
349723418,4541863,mn,Рипли
349724111,4541872,mn,Риверхеад
349724342,4541875,mn,Риверсайд
349724419,4541876,mn,Риверсайд
349725574,4541891,mn,Роцхестер
349726190,4541899,mn,Рок Хилл
349726883,4541908,mn,Рокволл
349727268,4541913,mn,Роцквилле Центре
349727576,4541917,mn,Чулуурхаг Цэг
349727807,4541920,mn,Родман
349727961,4541922,mn,Роесслевилле
349728423,4541928,mn,Ром
349728500,4541929,mn,Ромулус
349728654,4541931,mn,Ронконкома
349728808,4541933,mn,Рузвельт
349729270,4541939,mn,Роско
349729347,4541940,mn,Сарнай
349729655,4541944,mn,Росебоом
349730425,4541954,mn,Рослын
349730502,4541955,mn,Рослын Естатес
349730579,4541956,mn,Рослын Харбор
349730656,4541957,mn,Рослын Хеигхтс
349731041,4541962,mn,Россие
349731349,4541966,mn,Роттердам
349731580,4541969,mn,Роунд Лаке
349731657,4541970,mn,Росендале
349731734,4541971,mn,Роунд Топ
349731811,4541972,mn,Роусес Поинт
349732119,4541976,mn,Руби
349732735,4541984,mn,Русхфорд
349732812,4541985,mn,Роксборо
349732966,4541987,mn,Рассел
349733043,4541988,mn,Русселл Гарденс
349733197,4541990,mn,Руссиа
349733428,4541993,mn,хөх тариа
349733505,4541994,mn,Рые Броок
349733967,4542000,mn,Сацкетс Харбор
349734121,4542002,mn,Саддле Роцк Естатес
349734198,4542003,mn,Одоо Гарбоу
349734352,4542005,mn,Сагапонацк
349734429,4542006,mn,Саддле Роцк
349734891,4542012,mn,Гэгээн Жеймс
349735045,4542014,mn,Гэгээн Жонсвилл
349735507,4542020,mn,Ст. Регис Фаллс
349735738,4542023,mn,Саламанка
349735815,4542024,mn,Салем
349736046,4542027,mn,Салисбуры
349736123,4542028,mn,Салисбуры
349736200,4542029,mn,Салисбуры Центер
349736277,4542030,mn,Салисбуры Миллс
349736431,4542032,mn,Салтер
349736585,4542034,mn,Салт Поинт
349736970,4542039,mn,Санборн
349737201,4542042,mn,Элсэн толгод
349737278,4542043,mn,Санд Лаке
349737432,4542045,mn,Сэндвич
349737586,4542047,mn,Сандс Поинт
349737894,4542051,mn,Сэнди Крик
349737971,4542052,mn,Санды Харбоур Беацх
349738202,4542055,mn,Санфорд
349738279,4542056,mn,Сангерфиелд
349738433,4542058,mn,Санта Клара
349738510,4542059,mn,Саранац
349738664,4542061,mn,Саранац Лаке
349738818,4542063,mn,Саратога Спрингс
349738895,4542064,mn,Сардиниа
349739049,4542066,mn,Саугертиес
349739203,4542068,mn,Саванна
349739357,4542070,mn,Савона
349740050,4542079,mn,Саывилле
349740204,4542081,mn,Сцарсдале
349740435,4542084,mn,Сцхагхтицоке
349740512,4542085,mn,Сцхенецтады
349740589,4542086,mn,Сцхеневус
349740974,4542091,mn,Сцхохарие
349741436,4542097,mn,Сцхроон Лаке
349741513,4542098,mn,Шульцвилл
349741590,4542099,mn,Сцхуылер Фаллс
349741667,4542100,mn,Сцхуылер Лаке
349741744,4542101,mn,Сцхуылервилле
349741821,4542102,mn,Сцио
349742206,4542107,mn,Сцотцх Цхурцх
349742437,4542110,mn,Сцотцхтоун
349742514,4542111,mn,Сцотиа
349742591,4542112,mn,Скотт
349742668,4542113,mn,Сцотцх Бусх
349742822,4542115,mn,Сцоттс Цорнерс
349742899,4542116,mn,Сцоттсбург
349742976,4542117,mn,Скотсвилл
349743053,4542118,mn,Сцриба
349743284,4542121,mn,Сеа Цлифф
349743515,4542124,mn,Сеафорд
349743592,4542125,mn,Сеарингтоун
349744285,4542134,mn,Селден
349744593,4542138,mn,Семпрониус
349744747,4542140,mn,Сенеца Фаллс
349744978,4542143,mn,Сенеца Кноллс
349745209,4542146,mn,Сеннетт
349745286,4542147,mn,Сетаукет
349745440,4542149,mn,Сьюард
349745671,4542152,mn,Сьюард
349746210,4542159,mn,Схакерс
349746364,4542161,mn,Схандакен
349746518,4542163,mn,Шарон төв
349746595,4542164,mn,Схарон Спрингс
349746749,4542166,mn,Шарон
349747288,4542173,mn,Схелдон
349747673,4542178,mn,Схелдраке Спрингс
349747750,4542179,mn,Схелтер Исланд
349747827,4542180,mn,Схелтер Исланд Хеигхтс
349747981,4542182,mn,Схенороцк
349748212,4542185,mn,Схербурне
349748366,4542187,mn,Шеридан
349748443,4542188,mn,Схерман
349748520,4542189,mn,Схерлоцк Цорнерс
349748751,4542192,mn,Схеррилл
349749213,4542198,mn,Схиннецоцк Хиллс
349749367,4542200,mn,Ширли
349749444,4542201,mn,Схокан
349749598,4542203,mn,Схонго
349750214,4542211,mn,Шорехэм
349750522,4542215,mn,Схортсвилле
349750599,4542216,mn,Схруб Оак
349751369,4542226,mn,Сидней
349751831,4542232,mn,Силвер Баы
349751985,4542234,mn,Силвер Цреек
349752293,4542238,mn,Мөнгөн булаг
349752601,4542242,mn,Синцлаирвилле
349752755,4542244,mn,Сканеателес
349752986,4542247,mn,Сканеателес Фаллс
349753756,4542257,mn,Слатервилле Спрингс
349753833,4542258,mn,Нойрмог хөндий
349754218,4542263,mn,Слоан
349754372,4542265,mn,Слоатсбург
349754680,4542269,mn,Смаллуоод
349755604,4542281,mn,Смитс Корнерс
349755681,4542282,mn,Смиттаун
349755758,4542283,mn,Смитвилл
349755912,4542285,mn,Смитхвилле Флатс
349755989,4542286,mn,Смирна
349756836,4542297,mn,Содус
349756990,4542299,mn,Содус Поинт
349757221,4542302,mn,Солон
349757375,4542304,mn,Солваы
349757452,4542305,mn,Сомерс
349757837,4542310,mn,Соунд Беацх
349759531,4542332,mn,Соутх Цаиро
349760224,4542341,mn,Соутх Цорнинг
349760609,4542346,mn,Соутх Даытон
349760917,4542350,mn,Соутх Едместон
349761071,4542352,mn,Соутх Фаллсбург
349761148,4542353,mn,Соутх Фармингдале
349761225,4542354,mn,Соутх Флорал Парк
349761533,4542358,mn,Соутх Гленс Фаллс
349761764,4542361,mn,Соутх Гранвилле
349762226,4542367,mn,Соутх Хартфорд
349762457,4542370,mn,Соутх Хемпстеад
349762611,4542372,mn,Соутх Хилл
349762765,4542374,mn,Соутх Хорнелл
349762842,4542375,mn,Соутх Хунтингтон
349762919,4542376,mn,Өмнөд Илион
349763381,4542382,mn,Соутх Лансинг
349763612,4542385,mn,Соутх Лима
349763766,4542387,mn,Соутх Лоцкпорт
349764151,4542392,mn,Соутх Ныацк
349765075,4542404,mn,Соутх Салем
349766230,4542419,mn,Соутх Валлеы Стреам
349766615,4542424,mn,Соутх Уестерло
349766923,4542428,mn,Соутхамптон
349767231,4542432,mn,Соутхолд
349767308,4542433,mn,Соутхпорт
349767770,4542439,mn,Спацкенкилл
349767847,4542440,mn,Спаффорд
349768001,4542442,mn,Спаркилл
349768155,4542444,mn,Спарроу Бусх
349768617,4542450,mn,Спецулатор
349768848,4542453,mn,Спенсер
349769002,4542455,mn,Спенцерпорт
349769464,4542461,mn,Сплит Роцк
349770311,4542472,mn,Спрингфилд
349770388,4542473,mn,Спрингфиелд Центер
349770542,4542475,mn,Спрингс
349770773,4542478,mn,Спрингвилл
349770927,4542480,mn,Хаврын хөндий
349771004,4542481,mn,Булгийн ус
349771466,4542487,mn,Ст. Бонавентуре
349771543,4542488,mn,Стаатсбург
349771697,4542490,mn,Стаффорд
349772005,4542494,mn,Стамфорд
349772467,4542500,mn,Стэнли Манор
349772544,4542501,mn,Станнардс
349772852,4542505,mn,Стар Лаке
349773006,4542507,mn,Старкеы
349773622,4542515,mn,Статен Исланд
349774238,4542523,mn,Степхентоун
349774392,4542525,mn,Стерлинг
349774623,4542528,mn,Стерлингтон
349774854,4542531,mn,Стюбен
349775470,4542539,mn,Стеуарт Манор
349775932,4542545,mn,Хийгүй ус
349776163,4542548,mn,Хийгүй ус
349776471,4542552,mn,Ститтвилле
349776548,4542553,mn,Стоцкбридге
349776779,4542556,mn,Стоцкпорт
349776856,4542557,mn,Стоктон
349777164,4542561,mn,Чулуун сүм
349777395,4542564,mn,Чулуун нуруу
349777472,4542565,mn,Чулуун нуруу
349777626,4542567,mn,Стони Брүүк
349777703,4542568,mn,Стони Крик
349778011,4542572,mn,Чулуун цэг
349778088,4542573,mn,Стоодлеы Цорнерс
349778242,4542575,mn,Стоттвилле
349778550,4542579,mn,Стратфорд
349779012,4542585,mn,Стрыкерсвилле
349779166,4542587,mn,Стуывесант
349779397,4542590,mn,Суфферн
349779859,4542596,mn,Салливан
349780398,4542603,mn,Дээд хэмжээний уулзалт
349781476,4542617,mn,Сунсет Баы
349782092,4542625,mn,Хунт нуур
349782477,4542630,mn,Амтат нуга
349783247,4542640,mn,Сылван Беацх
349783324,4542641,mn,Сылван Беацх
349783478,4542643,mn,Сыоссет
349783555,4542644,mn,Сырацусе
349783786,4542647,mn,Таберг
349784017,4542650,mn,Тагхканиц
349784556,4542657,mn,Таннерсвилл
349784633,4542658,mn,Таппан
349784787,4542660,mn,Тарритаун
349785018,4542663,mn,Тейлор
349786327,4542680,mn,Террывилле
349787251,4542692,mn,Тал Нутаг
349787405,4542694,mn,Тхендара
349787482,4542695,mn,Тхереса
349787559,4542696,mn,Тхиеллс
349787713,4542698,mn,Томастон
349787867,4542700,mn,Томпсон
349788791,4542712,mn,Торнвуд
349788868,4542713,mn,Тхоусанд Исланд Парк
349788945,4542714,mn,Тхрее Миле Баы
349789099,4542716,mn,Тхрооп
349789330,4542719,mn,Тхурман
349789407,4542720,mn,Тхурстон
349789561,4542722,mn,Тицондерога
349789715,4542724,mn,Тиллсон
349790254,4542731,mn,Титусвилле
349790331,4542732,mn,Тиволи
349790562,4542735,mn,Тоддвилле
349791563,4542748,mn,Тонаванда
349791871,4542752,mn,Тоун Лине
349792718,4542763,mn,Триангле
349792795,4542764,mn,Трибес Хилл
349792872,4542765,mn,Триполи
349793257,4542770,mn,Троупсбург
349793642,4542775,mn,Трой
349793719,4542776,mn,Трумансбург
349793796,4542777,mn,Труесдале Лаке
349793950,4542779,mn,Трукстон
349794181,4542782,mn,Туцкахое
349794489,4542786,mn,Тулли
349794720,4542789,mn,Туннел
349794797,4542790,mn,Турин
349794874,4542791,mn,Туппер Лаке
349795182,4542795,mn,Тускарора
349795259,4542796,mn,Тустен
349795490,4542799,mn,Тукседо Парк
349796260,4542809,mn,Тир
349796337,4542810,mn,Тыроне
349796722,4542815,mn,Унадилла
349796876,4542817,mn,Унадилла Форкс
349798031,4542832,mn,Унион Спрингс
349798339,4542836,mn,Юниондейл
349798570,4542839,mn,Юнионвилл
349798878,4542843,mn,Университы Гарденс
349799186,4542847,mn,Уппер Брооквилле
349799263,4542848,mn,Уппер Фаирфиелд
349799648,4542853,mn,Уппер Ныацк
349799725,4542854,mn,Уппер Ред Хоок
349800187,4542860,mn,Уптонвилле
349800264,4542861,mn,Урбана
349800418,4542863,mn,Утика
349800572,4542865,mn,Ваилс Гате
349800726,4542867,mn,Валатие
349800957,4542870,mn,Валхалла
349801111,4542872,mn,Валлеы Цоттаге
349801188,4542873,mn,Валлеы Фаллс
349801419,4542876,mn,Валлеы Стреам
349802112,4542885,mn,Ван Бурен
349802420,4542889,mn,Ван Еттен
349803575,4542904,mn,Вернон
349804191,4542912,mn,Верпланцк
349804422,4542915,mn,Вестал
349804653,4542918,mn,Виктор
349804807,4542920,mn,Вицторы Миллс
349804961,4542922,mn,Верона
349805115,4542924,mn,Виллаге Греен
349805192,4542925,mn,Виллаге оф тхе Бранцх
349805577,4542930,mn,Виола
349805654,4542931,mn,Виргил
349806039,4542936,mn,Волнеы
349806193,4542938,mn,Воорхеесвилле
349806655,4542944,mn,Уаддингтон
349806732,4542945,mn,Уадинг Ривер
349806963,4542948,mn,Вадсворт
349807194,4542951,mn,Уаинсцотт
349807425,4542954,mn,Уолден
349807964,4542961,mn,Уалкер Валлеы
349808426,4542967,mn,Уолкилл
349808734,4542971,mn,Уолтон
349808811,4542972,mn,Уалтон Парк
349808888,4542973,mn,Уолворт
349808965,4542974,mn,Уампсвилле
349809042,4542975,mn,Ванакена
349809196,4542977,mn,Вантаг
349809273,4542978,mn,Ванака
349809350,4542979,mn,Уаппингерс Фаллс
349809658,4542983,mn,Уоррен
349809812,4542985,mn,Уарренс Цорнерс
349809889,4542986,mn,Уарренсбург
349809966,4542987,mn,Варшав
349810043,4542988,mn,Уорвик
349810120,4542989,mn,Вашингтон Хайтс
349810274,4542991,mn,Вашингтон Миллс
349810351,4542992,mn,Вашингтонвилл
349810428,4542993,mn,Уассаиц
349810505,4542994,mn,Уатер Исланд
349810736,4542997,mn,Уотерфорд
349810890,4542999,mn,Ватерлоо
349810967,4543000,mn,Уатер Милл
349811275,4543004,mn,Ватсека
349811660,4543009,mn,Уотервилл
349811814,4543011,mn,Ватсон
349811891,4543012,mn,Уаткинс Глен
349812276,4543017,mn,Ваверли
349812430,4543019,mn,\N
349812584,4543021,mn,Уэйн
349813046,4543027,mn,Уебб Миллс
349813277,4543030,mn,Вэбстер
349813431,4543032,mn,Уебстерс Цроссинг
349813816,4543037,mn,Уеедспорт
349814047,4543040,mn,Тавтай морил
349814201,4543042,mn,Худаг
349814278,4543043,mn,Велсбург
349814432,4543045,mn,Велсбург
349814509,4543046,mn,Уеллсвилле
349814586,4543047,mn,Уеллсвилле
349815125,4543054,mn,Уеслеы Хиллс
349815279,4543056,mn,Уест Албаны
349815510,4543059,mn,Уест Алмонд
349815741,4543062,mn,Уест Бабылон
349816126,4543067,mn,Уест Баы Схоре
349816511,4543072,mn,Уест Блоомфиелд
349817204,4543081,mn,Уест Цамерон
349817281,4543082,mn,Уест Цанадице Цорнерс
349817435,4543084,mn,Уест Цартхаге
349817666,4543087,mn,Уест Цхазы
349818513,4543098,mn,Баруун Данби
349819129,4543106,mn,Уест Елмира
349819206,4543107,mn,Баруун төгсгөл
349820130,4543119,mn,Уест Гленс Фаллс
349820592,4543125,mn,Уест Хамптон Дунес
349820746,4543127,mn,Вест Хаверстрау
349820900,4543129,mn,Уест Хемпстеад
349820977,4543130,mn,Уест Хенриетта
349821131,4543132,mn,Баруун Хиллс
349821285,4543134,mn,Уест Хурлеы
349821439,4543136,mn,Уест Ислип
349821824,4543141,mn,Уест Килл
349822979,4543156,mn,Уест Монрое
349823287,4543160,mn,Уест Ныацк
349823749,4543166,mn,Уест Перры
349824288,4543173,mn,Вест Пойнт
349824827,4543180,mn,Уест Санд Лаке
349824981,4543182,mn,Уест Саывилле
349825135,4543184,mn,Уест Сенеца
349825597,4543190,mn,Уест Спарта
349826213,4543198,mn,Баруун холбоо
349826290,4543199,mn,Уест Валлеы
349826521,4543202,mn,Баруун Винфилд
349826829,4543206,mn,Вестбери
349827214,4543211,mn,Вестерло
349827291,4543212,mn,Уестернвилле
349827368,4543213,mn,Вестфилд
349827445,4543214,mn,Вестфорд
349827522,4543215,mn,Уестхамптон
349827599,4543216,mn,Уестхамптон Беацх
349827676,4543217,mn,Вестмер
349827830,4543219,mn,Вестморленд
349827907,4543220,mn,Вестморленд
349828061,4543222,mn,Уестон Миллс
349828138,4543223,mn,Вествуд
349828369,4543226,mn,Вествейл
349828523,4543228,mn,\N
349828600,4543229,mn,Вествилл
349828908,4543233,mn,Вестпорт
349829447,4543240,mn,Ухеатлеы Хеигхтс
349829601,4543242,mn,Дугуйтай
349829832,4543245,mn,Ухеелервилле
349830525,4543254,mn,Ухите Цреек
349830602,4543255,mn,Цагаан нуур
349830679,4543256,mn,Ухите Плаинс
349831064,4543261,mn,Уайтхолл
349831449,4543266,mn,Ухитесборо
349831988,4543273,mn,Ухитнеы Поинт
349832527,4543280,mn,Уилеы Схелтер
349832758,4543283,mn,Уиллет
349833220,4543289,mn,Уиллис
349833297,4543290,mn,Уильямстаун
349833374,4543291,mn,Уиллиамсвилле
349833528,4543293,mn,Уиллистон Парк
349834837,4543310,mn,Виллоуемок
349834914,4543311,mn,Виллсборо
349834991,4543312,mn,Уиллсборо Поинт
349835145,4543314,mn,Вилмингтон
349835299,4543316,mn,Вилсон
349835530,4543319,mn,Вилтон
349835992,4543325,mn,Виндхэм
349836300,4543329,mn,Виндзор
349836531,4543332,mn,Уингдале
349836762,4543335,mn,Уинтроп
349836839,4543336,mn,Вирт
349836916,4543337,mn,Виской
349836993,4543338,mn,Виснер
349837070,4543339,mn,Уидерби
349837301,4543342,mn,Волкотт
349837840,4543349,mn,Уоодбоурне
349837917,4543350,mn,Вудбери
349837994,4543351,mn,Вудбери
349838071,4543352,mn,Уоодцлифф Парк
349838302,4543355,mn,Вудхалл
349838764,4543361,mn,Вудмер
349838841,4543362,mn,Вудридж
349838918,4543363,mn,Уоодруфф Хеигхтс
349839611,4543372,mn,Уоодсбургх
349839919,4543376,mn,Модсток
349840073,4543378,mn,Вудсвилл
349840458,4543383,mn,Вустер
349840535,4543384,mn,Үнэ цэнэтэй
349841228,4543393,mn,Вуртсборо
349841305,4543394,mn,Вуртсборо толгод
349841459,4543396,mn,Уыанданцх
349841613,4543398,mn,Уикофф
349841767,4543400,mn,Уыкагыл Парк
349841998,4543403,mn,Уынантскилл
349842152,4543405,mn,Вайоминг
349842768,4543413,mn,Ыапханк
349842845,4543414,mn,Йонкерс
349842922,4543415,mn,Йорк
349843153,4543418,mn,Ыорксхире
349843230,4543419,mn,Йорктаун
349843307,4543420,mn,Ыорктоун Хеигхтс
349843384,4543421,mn,Ыорквилле
349843923,4543428,mn,Ыоунгстоун
349844231,4543432,mn,Зена
349845078,4543443,mn,Ада
349845386,4543447,mn,Адамсвилле
349845540,4543449,mn,Адена
349845925,4543454,mn,Аи
349846156,4543457,mn,Акрон
349846464,4543461,mn,Александриа
349846618,4543463,mn,Алгер
349846695,4543464,mn,Аликанна
349846926,4543467,mn,Аллианце
349847388,4543473,mn,Алвордтон
349847619,4543476,mn,Амхерст
349848081,4543482,mn,Амстердам
349848158,4543483,mn,Андовер
349848389,4543486,mn,Анна
349848543,4543488,mn,Ансониа
349848697,4543490,mn,Антверпен
349848851,4543492,mn,Аппле Цреек
349849005,4543494,mn,Акилла
349849159,4543496,mn,Арцхболд
349849236,4543497,mn,Аркадиа
349849313,4543498,mn,Арлингтон
349850006,4543507,mn,Үнс
349850083,4543508,mn,Эшланд
349850160,4543509,mn,Эшли
349850237,4543510,mn,Асхтабула
349850391,4543512,mn,Аттика
349850545,4543514,mn,Усанд
349851469,4543526,mn,Аугуста
349851700,4543529,mn,Аврора
349851854,4543531,mn,Аустинбург
349851931,4543532,mn,Аустинтоун
349852085,4543534,mn,Авон
349852162,4543535,mn,Авон Центер
349852239,4543536,mn,Авон Лаке
349852778,4543543,mn,Бэйли
349852855,4543544,mn,Баилеы Лаке
349853009,4543546,mn,Баинбридге
349853086,4543547,mn,Баирдстоун
349853471,4543552,mn,Баллвилле
349853548,4543553,mn,Балтийн
349853933,4543558,mn,Баннок
349854010,4543559,mn,Барбертон
349854241,4543562,mn,Барнхилл
349854626,4543567,mn,Басцом
349855319,4543576,mn,Баы Виеу
349855396,4543577,mn,Баы Виеу
349855473,4543578,mn,Баы Виллаге
349855858,4543583,mn,Беацх Циты
349855935,4543584,mn,Беацхуоод
349856474,4543591,mn,Беавердам
349856628,4543593,mn,Бедфорд
349856705,4543594,mn,Бедфорд Хеигхтс
349856936,4543597,mn,Беецхуоод
349857013,4543598,mn,Беецхуоод Траилс
349857321,4543602,mn,Беллер
349857475,4543604,mn,Белле төв
349857629,4543606,mn,Беллефонтаине
349857860,4543609,mn,Беллвуд
349857937,4543610,mn,Белмонт
349858322,4543615,mn,Белморе
349858399,4543616,mn,Белоит
349858630,4543619,mn,Беллвилл
349858784,4543621,mn,Бентлеывилле
349858861,4543622,mn,Бентон
349859015,4543624,mn,Бентон Ридге
349859092,4543625,mn,Бериа
349859246,4543627,mn,Бергхолз
349859323,4543628,mn,Беркеы
349859400,4543629,mn,Беркшир
349859477,4543630,mn,Берлин
349859708,4543633,mn,Берлин Хеигхтс
349860093,4543638,mn,Бетезда
349860324,4543641,mn,Беттсвилле
349860401,4543642,mn,Беулах Беацх
349860478,4543643,mn,Биг Исланд
349861171,4543652,mn,Бирмингем
349861864,4543661,mn,Блэйн
349862172,4543665,mn,Блакеслее
349862249,4543666,mn,Бланчард
349862326,4543667,mn,Бладенсбург
349862634,4543671,mn,Блооды Цорнерс
349862865,4543674,mn,Блоомдале
349863250,4543679,mn,Блүүмингдэйл
349863327,4543680,mn,Блоомингвилле
349863404,4543681,mn,Блоомвилле
349863712,4543685,mn,Блуффтон
349863789,4543686,mn,Боардман
349864020,4543689,mn,Болиндале
349864097,4543690,mn,Боливар
349864867,4543700,mn,Бостон
349864944,4543701,mn,Бостон Хеигхтс
349865098,4543703,mn,Боткинс
349865406,4543707,mn,Бауэрстон
349865483,4543708,mn,Боулинг Греен
349865945,4543714,mn,Брацевилле
349866099,4543716,mn,Брэдфорд
349866253,4543718,mn,Браднер
349866330,4543719,mn,Брэди
349866407,4543720,mn,Брады Лаке
349866715,4543724,mn,Брэндивин
349866792,4543725,mn,Братенахл
349866869,4543726,mn,Брецксвилле
349867177,4543730,mn,Брюстер
349867331,4543732,mn,Бриаруоод Беацх
349867408,4543733,mn,Брицетон
349867485,4543734,mn,Бриджпорт
349867793,4543738,mn,Бридгеуатер Центер
349868101,4543742,mn,Бриллиант
349868178,4543743,mn,Бримфиелд
349868409,4543746,mn,Бринкхавен
349868794,4543751,mn,Броадвиеу Хеигхтс
349869102,4543755,mn,Броок Парк
349869179,4543756,mn,Броокфиелд
349869256,4543757,mn,Броокфиелд Центер
349869333,4543758,mn,Бруклин
349869410,4543759,mn,Бруклин Хайтс
349869564,4543761,mn,Броокуоод Беацх
349869641,4543762,mn,Броугхтон
349869795,4543764,mn,Бруксид
349869872,4543765,mn,Броунхелм
349870257,4543770,mn,Брунерсбург
349870334,4543771,mn,Брунсвик
349870488,4543773,mn,Брыан
349870796,4543777,mn,Буцкланд
349870950,4543779,mn,Буцырус
349871566,4543787,mn,Бурбанк
349871720,4543789,mn,Бургоон
349871797,4543790,mn,Буркеттсвилле
349871874,4543791,mn,Берлингтон
349872105,4543794,mn,Бертон
349872644,4543801,mn,Батлер
349873029,4543806,mn,Кадис
349873260,4543809,mn,Каир
349873337,4543810,mn,Каир
349873491,4543812,mn,Калькутта
349873645,4543814,mn,Цаледониа
349873799,4543816,mn,Кембриж
349874184,4543821,mn,Цамп Парк
349874338,4543823,mn,Кэмпбелл
349874646,4543827,mn,Цанал Фултон
349874723,4543828,mn,Цанал Леуисвилле
349874877,4543830,mn,Канфилд
349875108,4543833,mn,Кантон
349875339,4543836,mn,Кардингтон
349875416,4543837,mn,Цареы
349875647,4543840,mn,Карролтон
349876263,4543848,mn,Касстаун
349876417,4543850,mn,Цасталиа
349876725,4543854,mn,Сесил
349877187,4543860,mn,Целерывилле
349877264,4543861,mn,Целина
349877418,4543863,mn,Төв
349877803,4543868,mn,Центербург
349878419,4543876,mn,Цхагрин Фаллс
349878650,4543879,mn,Аварга
349878958,4543883,mn,Цхардон
349879189,4543886,mn,Чарлстаун
349879574,4543891,mn,Цхатфиелд
349879959,4543896,mn,Цхерры Валлеы
349880113,4543898,mn,Цхесхире
349880267,4543900,mn,Цхестерланд
349880344,4543901,mn,Цхестервилле
349880421,4543902,mn,Чикасав
349880652,4543905,mn,Цхиппеуа Лаке
349880806,4543907,mn,Цхиппеуа-он-тхе-Лаке
349880960,4543909,mn,Цхристиансбург
349881268,4543913,mn,Черчилль
349881653,4543918,mn,Цларидон
349881730,4543919,mn,Цларидон
349881807,4543920,mn,Кларк
349882115,4543924,mn,Цларксфиелд
349882269,4543926,mn,Цлаы Центер
349882577,4543930,mn,Кливленд
349882808,4543933,mn,Клинтон
349882962,4543935,mn,Кловердейл
349883193,4543938,mn,Когсвелл
349883886,4543947,mn,Хүйтэн ус
349884040,4543949,mn,Цолеброок
349884502,4543955,mn,Цолераин
349884579,4543956,mn,Коллинз
349885272,4543965,mn,Цолумбиана
349885349,4543966,mn,Цолумбус Грове
349885888,4543973,mn,Цонесвилле
349885965,4543974,mn,Цонгресс
349886042,4543975,mn,Цоннеаут
349886427,4543980,mn,Цонтинентал
349886658,4543983,mn,Цонвоы
349886889,4543986,mn,Цоплеы
349887043,4543988,mn,Цорделиа
349887505,4543994,mn,Цортланд
349887582,4543995,mn,Цосхоцтон
349888275,4544004,mn,Ковингтон
349888737,4544010,mn,Цраиг Беацх
349889122,4544015,mn,Кроуфорд
349889584,4544021,mn,Црестлине
349889661,4544022,mn,Црестон
349889738,4544023,mn,Цридерсвилле
349889892,4544025,mn,Цриссеы
349890200,4544029,mn,Цротон
349890431,4544032,mn,Црыстал Роцк
349890816,4544037,mn,Цуртице
349890893,4544038,mn,Цустар
349890970,4544039,mn,Цуыахога Фаллс
349891047,4544040,mn,Цуыахога Хеигхтс
349891124,4544041,mn,Цыгнет
349891432,4544045,mn,Далтон
349891509,4544046,mn,Дамаск
349891586,4544047,mn,Данбуры
349891663,4544048,mn,Данвилл
349892202,4544055,mn,Де Графф
349892741,4544062,mn,Дирфилд
349892818,4544063,mn,Деерсвилле
349892895,4544064,mn,Дефианце
349893049,4544066,mn,Делавэр
349893203,4544068,mn,Делисле
349893280,4544069,mn,Деллроы
349893434,4544071,mn,Делпхос
349893511,4544072,mn,Дельта
349893742,4544075,mn,Деннисон
349894050,4544079,mn,Десхлер
349894743,4544088,mn,Диллонвале
349895282,4544095,mn,Дола
349895436,4544097,mn,Доолиттлес Цорнерс
349895667,4544100,mn,Дорсет
349895821,4544102,mn,Довер
349895975,4544104,mn,Доылестоун
349896206,4544107,mn,Дубук
349896591,4544112,mn,Дублин
349897053,4544118,mn,Данди
349897284,4544121,mn,Данкерк
349897438,4544123,mn,Дупонт
349898362,4544135,mn,Еаст Аллианце
349898824,4544141,mn,Еаст Цантон
349899132,4544145,mn,Еаст Цлевеланд
349899363,4544148,mn,Еаст Фаирфиелд
349899671,4544152,mn,Еаст Госхен
349900133,4544158,mn,Зүүн Либерти
349900364,4544161,mn,Еаст Ливерпоол
349900903,4544168,mn,Еаст Роцхестер
349901134,4544171,mn,Еаст Спарта
349901211,4544172,mn,Зүүн Спрингфилд
349901365,4544174,mn,Зүүн Свонтон
349901442,4544175,mn,Еаст Палестине
349901827,4544180,mn,Еастлаке
349902212,4544185,mn,Итон
349902289,4544186,mn,Еатон Естатес
349902520,4544189,mn,Ецхо Лаке Глен
349902982,4544195,mn,Едгертон
349903059,4544196,mn,Эджвуд
349903213,4544198,mn,Единбург
349903367,4544200,mn,Эдисон
349903444,4544201,mn,Едон
349903983,4544208,mn,Елгин
349904060,4544209,mn,Елида
349904445,4544214,mn,Элсворт
349904676,4544217,mn,Элмор
349905061,4544222,mn,Елыриа
349905369,4544226,mn,Емпире
349906293,4544238,mn,Евклид
349906986,4544247,mn,Фаирлаун
349907294,4544251,mn,Фаирпорт Харбор
349907371,4544252,mn,Фэйрвүүд
349907602,4544255,mn,Фаирвиеу Парк
349907756,4544257,mn,Фаллсбург
349907987,4544260,mn,Тариачин
349908064,4544261,mn,Фармерстоун
349908218,4544263,mn,Фармингтон
349908449,4544266,mn,Файетт
349908834,4544271,mn,Финдлаы
349908911,4544272,mn,Фиресиде
349908988,4544273,mn,Фирестоне Парк
349909373,4544278,mn,Фитцхвилле
349910220,4544289,mn,Таван оноо
349910605,4544294,mn,Флитвуд
349910990,4544299,mn,Флетчер
349911452,4544305,mn,Флусхинг
349911683,4544308,mn,Ой
349912145,4544314,mn,Форт Йеннингс
349912222,4544315,mn,Форт Лорамие
349912376,4544317,mn,Форт Рецоверы
349912453,4544318,mn,Форт Сенеца
349912530,4544319,mn,Форт Схаунее
349912684,4544321,mn,Фосториа
349913223,4544328,mn,Фаулер
349913685,4544334,mn,Франклин
349913993,4544338,mn,Фразеысбург
349914224,4544341,mn,Фредерицксбург
349914378,4544343,mn,Фредерицктоун
349914609,4544346,mn,Эрх чөлөө
349914840,4544349,mn,Фрееманс Гарденс
349914917,4544350,mn,Фреепорт
349914994,4544351,mn,Фремонт
349915225,4544354,mn,Фресно
349915918,4544363,mn,Фултон
349916226,4544367,mn,Гаханна
349916380,4544369,mn,Галена
349916534,4544371,mn,Галион
349916688,4544373,mn,Гамбиер
349917150,4544379,mn,Гарфиелд Хеигхтс
349917304,4544381,mn,Гарреттсвилле
349917458,4544383,mn,Гатес Миллс
349917920,4544389,mn,Женев
349917997,4544390,mn,Генева-он-тхе-Лаке
349918074,4544391,mn,Генуя
349918690,4544399,mn,Геттысбург
349918921,4544402,mn,Гибсонбург
349919075,4544404,mn,Гилбоа
349919306,4544407,mn,Жирард
349919537,4544410,mn,Гландорф
349920076,4544417,mn,Гленвуд
349920230,4544419,mn,Глендейл
349920307,4544420,mn,Гленмоор
349920615,4544424,mn,Гленвиллоу
349920846,4544427,mn,Глориа Гленс Парк
349921000,4544429,mn,Гнаденхуттен
349921385,4544434,mn,Гомер
349921693,4544438,mn,Гошен
349922078,4544443,mn,Графтон
349922386,4544447,mn,Гранд Рапидс
349922463,4544448,mn,Гранд Ривер
349922540,4544449,mn,Грандвиеу Хеигхтс
349922848,4544453,mn,Гранвилле
349923156,4544457,mn,Ногоон
349923310,4544459,mn,Ногоон Крик
349923387,4544460,mn,Греен Цамп
349923464,4544461,mn,Греен Спрингс
349923618,4544463,mn,Греене
349923849,4544466,mn,Греенсбург
349924003,4544468,mn,\N
349924080,4544469,mn,Гринвилл
349924157,4544470,mn,Гринвич
349925004,4544481,mn,Гровер Хилл
349925235,4544484,mn,Гилфорд
349925312,4544485,mn,Густавус
349926082,4544495,mn,Хамбден
349926313,4544498,mn,Хамлер
349926852,4544505,mn,Ганновер
349926929,4544506,mn,Хановертон
349927237,4544510,mn,Боомтын харагдац
349927776,4544517,mn,Харлем
349928161,4544522,mn,Харперсфиелд
349928238,4544523,mn,Харпстер
349928392,4544525,mn,Харрисвилл
349928469,4544526,mn,Харрод
349928546,4544527,mn,Хартфорд
349928623,4544528,mn,Хартланд
349928854,4544531,mn,Хартсгрове
349928931,4544532,mn,Хартвилле
349929162,4544535,mn,Хаскинс
349929778,4544543,mn,Хавиланд
349930009,4544546,mn,Хаыесвилле
349930471,4544552,mn,Хит
349930702,4544555,mn,Хелена
349931626,4544567,mn,Хессвилле
349932165,4544574,mn,Хиксвилл
349932396,4544577,mn,Хигхланд Хеигхтс
349932473,4544578,mn,Хигхланд Хиллс
349932858,4544583,mn,Хигхуатер
349933397,4544590,mn,Хиллиард
349933474,4544591,mn,Хиллс анд Далес
349933628,4544593,mn,Хиллтоп
349933782,4544595,mn,Хинцклеы
349933936,4544597,mn,Хирам
349934167,4544600,mn,Хоаглин
349934398,4544603,mn,Холгате
349934475,4544604,mn,Холидаы Циты
349934629,4544606,mn,Голланд
349934783,4544608,mn,Холлоуэй
349934860,4544609,mn,Холмесвилле
349935399,4544616,mn,Хомеуортх
349935553,4544618,mn,Хопедале
349935630,4544619,mn,Хоупвелл
349936092,4544625,mn,Хөө
349936246,4544627,mn,Ховард
349936477,4544630,mn,Хоуланд Центер
349936631,4544632,mn,Хойтвилл
349936708,4544633,mn,Хаббард
349936785,4544634,mn,Хубер Ридге
349936862,4544635,mn,Худсон
349937401,4544642,mn,Хунтинг Валлеы
349937478,4544643,mn,Хунтингтон
349937709,4544646,mn,Хантсвилл
349937863,4544648,mn,Хурон
349938017,4544650,mn,Ибериа
349938402,4544655,mn,Индепенденце
349938479,4544656,mn,Индепенденце
349939249,4544666,mn,Айрондейл
349940096,4544677,mn,Йацксон Центер
349940558,4544683,mn,Жефферсон
349940943,4544688,mn,Йенера
349941020,4544689,mn,Жером
349941097,4544690,mn,Йеромесвилле
349941174,4544691,mn,Йерры Циты
349941251,4544692,mn,Йерсеы
349941482,4544695,mn,Жэветт
349941944,4544701,mn,Йохнстон
349942175,4544704,mn,Жонстаун
349943176,4544717,mn,Кансас
349943407,4544720,mn,Калида
349943561,4544722,mn,Кийнэ
349943638,4544723,mn,Келлеыс Исланд
349944177,4544730,mn,Кент
349944254,4544731,mn,Кентвуд
349944485,4544734,mn,Кеттлерсвилле
349944639,4544736,mn,Килбоурне
349944870,4544739,mn,Киллбуцк
349944947,4544740,mn,Кидрон
349945101,4544742,mn,Кимболтон
349945486,4544747,mn,Кингсвилле
349945794,4544751,mn,Кинсман
349945871,4544752,mn,Киптон
349945948,4544753,mn,Кирби
349946179,4544756,mn,Киртланд
349946256,4544757,mn,Киртланд Хиллс
349946872,4544765,mn,Ноксвилл
349947180,4544769,mn,Кункле
349947411,4544772,mn,Ла Црофт
349947488,4544773,mn,Ла Руе
349947642,4544775,mn,Лафайетт
349947796,4544777,mn,Лафферты
349947950,4544779,mn,Лагранге
349948335,4544784,mn,Лаке Милтон
349948412,4544785,mn,Лаке Мохаук
349948951,4544792,mn,Лакелине
349949182,4544795,mn,Лакеморе
349949336,4544797,mn,Нуурын эрэг
349949490,4544799,mn,Лакевиев
349949798,4544803,mn,Лейквүүд
349950337,4544810,mn,Лансинг
349950722,4544815,mn,Латти
349951030,4544819,mn,Леавиттсбург
349951184,4544821,mn,Леесвилле
349951261,4544822,mn,Леесвилле
349951569,4544826,mn,Леетониа
349952262,4544835,mn,Леипсиц
349952416,4544837,mn,Леуис Центер
349952493,4544838,mn,Льюистаун
349952570,4544839,mn,Лексингтон
349952647,4544840,mn,Лексингтон
349952801,4544842,mn,Либерты Центер
349953109,4544846,mn,Лима
349953186,4544847,mn,Лимавилле
349953648,4544853,mn,Линдсеы
349954033,4544858,mn,Лисбон
349954110,4544859,mn,Личфилд
349955265,4544874,mn,Лоцкингтон
349955727,4544880,mn,Лоди
349956497,4544890,mn,Лондондерри
349956882,4544895,mn,Лоурзини
349956959,4544896,mn,Лордстаун
349957113,4544898,mn,Лоудонвилле
349957190,4544899,mn,Лоуисвилле
349957498,4544903,mn,Лоуеллвилле
349957729,4544906,mn,Лукас
349957883,4544908,mn,Луцкеы
349958268,4544913,mn,Линдхурст
349958499,4544916,mn,Лион
349958730,4544919,mn,Македон
349958961,4544922,mn,Лыкенс
349959115,4544924,mn,Мадисон
349959577,4544930,mn,Магнетиц Спрингс
349959654,4544931,mn,Замбага цэцэг
349959808,4544933,mn,Малинта
349959962,4544935,mn,Малверн
349960039,4544936,mn,Манчестер
349960424,4544941,mn,Мэнсфилд
349960501,4544942,mn,Мантуа
349960578,4544943,mn,Мантуа
349960963,4544948,mn,Мапле Хеигхтс
349961040,4544949,mn,Мапле Ридге
349961425,4544954,mn,Маплеуоод Парк
349961502,4544955,mn,Марблехеад
349961579,4544956,mn,Маренго
349961656,4544957,mn,Мариа Стеин
349961810,4544959,mn,Маркетт
349962041,4544962,mn,Марлборо
349962118,4544963,mn,Марне
349962349,4544966,mn,Марсель
349962426,4544967,mn,Марсхаллвилле
349962657,4544970,mn,Мартинс Ферры
349962734,4544971,mn,Мартинсбург
349962811,4544972,mn,Мейсонтаун
349962888,4544973,mn,Мэрисвилл
349962965,4544974,mn,Массиллон
349963042,4544975,mn,Масуры
349963119,4544976,mn,Маумее
349963427,4544980,mn,Мэйфилд
349963504,4544981,mn,Маыфиелд Хеигхтс
349964274,4544991,mn,Макклюр
349964428,4544993,mn,МцЦомб
349964505,4544994,mn,МцЦутцхенвилле
349964582,4544995,mn,Макдоналд
349964736,4544997,mn,МцДоналдсвилле
349964967,4545000,mn,МцГуффеы
349965198,4545003,mn,Маккей
349965429,4545006,mn,МцКинлеы Хеигхтс
349965737,4545010,mn,Мекка
349965814,4545011,mn,Механикбург
349966122,4545015,mn,Механиксвилл
349966199,4545016,mn,Мадина
349966507,4545020,mn,Мелморе
349966584,4545021,mn,Мелроуз
349966661,4545022,mn,Мендон
349966738,4545023,mn,Ментор
349966969,4545026,mn,Ментор-он-тхе-Лаке
349967354,4545031,mn,Месопотами
349967431,4545032,mn,Мец
349967739,4545036,mn,Меыерс Лаке
349967893,4545038,mn,Миддле Поинт
349968047,4545040,mn,Миддлебранцх
349968201,4545042,mn,Миддлебург
349968278,4545043,mn,Миддлебург Хеигхтс
349968432,4545045,mn,Миддлефиелд
349968509,4545046,mn,Миддлтон
349968740,4545049,mn,Мидвале
349968894,4545051,mn,Мидуаы
349969125,4545054,mn,Миффлин
349969356,4545057,mn,Милан
349969587,4545060,mn,Милфорд Центер
349969895,4545064,mn,Миллбуры
349969972,4545065,mn,Миллер Циты
349970280,4545069,mn,Миллерсбург
349970896,4545077,mn,Милтон Центер
349971050,4545079,mn,Минерал Циты
349971127,4545080,mn,Минерал Ридге
349971204,4545081,mn,Минерва
349971358,4545083,mn,Минерва Парк
349971589,4545086,mn,Минго Йунцтион
349971666,4545087,mn,Минстер
349971974,4545091,mn,Митиуанга
349972282,4545095,mn,Могадоре
349972744,4545101,mn,Монцлова
349973129,4545106,mn,Монроевилле
349973360,4545109,mn,Монтезума
349973591,4545112,mn,Монпелье
349973976,4545117,mn,Моорефиелд
349974130,4545119,mn,Морланд
349974361,4545122,mn,Мореланд Хиллс
349974669,4545126,mn,Моргандале
349974977,4545130,mn,Моррал
349975131,4545132,mn,Морристоун
349975208,4545133,mn,Моултон
349975593,4545138,mn,Моунт Бланцхард
349975670,4545139,mn,Моунт Цармел
349975747,4545140,mn,Моунт Цоры
349975824,4545141,mn,Моунт Еатон
349975901,4545142,mn,Гилеад уул
349976132,4545145,mn,Найдвар уул
349976440,4545149,mn,Вернон уул
349976594,4545151,mn,Вернон уул
349976825,4545154,mn,Вернон уул
349976902,4545155,mn,Моунт Вицторы
349977364,4545161,mn,Мунрое Фаллс
349977826,4545167,mn,Мутуал
349978057,4545170,mn,Наполеон
349978288,4545173,mn,Насхпорт
349978442,4545175,mn,Нэшвилл
349978519,4545176,mn,Нанкин
349978596,4545177,mn,Наварре
349978750,4545179,mn,Неаполис
349978827,4545180,mn,Неффс
349978981,4545182,mn,Неглеы
349979058,4545183,mn,Нелли
349979135,4545184,mn,Нелсон
349979289,4545186,mn,Неттле Лаке
349979366,4545187,mn,Невада
349979443,4545188,mn,Неу Албаны
349979674,4545191,mn,Шинэ Александриа
349979751,4545192,mn,Шинэ Афин
349979828,4545193,mn,Шинэ Балтимор
349979905,4545194,mn,Неу Бавариа
349980059,4545196,mn,Неу Блоомингтон
349980136,4545197,mn,Неу Бремен
349980290,4545199,mn,Неу Цалифорниа
349980752,4545205,mn,Неу Франклин
349981060,4545209,mn,Неу Хампсхире
349981291,4545212,mn,Нью Хейвен
349981445,4545214,mn,Шинэ Ноксвилл
349981522,4545215,mn,Шинэ Лондон
349981599,4545216,mn,Неу Лыме
349981830,4545219,mn,Шинэ Мидлтаун
349982061,4545222,mn,Шинэ Росс
349982138,4545223,mn,Неу Питтсбург
349982523,4545228,mn,Неу Риегел
349982985,4545234,mn,Неу Спрингфиелд
349983139,4545236,mn,Шинэ Вашингтон
349983216,4545237,mn,Шинэ Уотерфорд
349983370,4545239,mn,Шинэ Уэстон
349983524,4545241,mn,Ньюарк
349983678,4545243,mn,Неубургх Хеигхтс
349983832,4545245,mn,Ньюкасл
349983909,4545246,mn,Шинээр ирсэн хот
349984217,4545250,mn,Ньюпорт
349984371,4545252,mn,Неутон Фаллс
349984525,4545254,mn,Неы
349984602,4545255,mn,Нилс
349985218,4545263,mn,Нортх Балтиморе
349985603,4545268,mn,Нортх Цантон
349985988,4545273,mn,Нортх Фаирфиелд
349986296,4545277,mn,Нортх Индустры
349986527,4545280,mn,Нортх Кингсвилле
349986604,4545281,mn,Нортх Лауренце
349986681,4545282,mn,Нортх Леуисбург
349986835,4545284,mn,Нортх Лима
349986989,4545286,mn,Нортх Мадисон
349987374,4545291,mn,Нортх Олмстед
349987528,4545293,mn,Нортх Перры
349987605,4545294,mn,Нортх Рандалл
349987759,4545296,mn,Нортх Ридгевилле
349987836,4545297,mn,Нортх Робинсон
349987913,4545298,mn,Нортх Роыалтон
349988375,4545304,mn,Нортх Стар
349988529,4545306,mn,Нортфилд
349988606,4545307,mn,Нортхфиелд Центер
349988837,4545310,mn,Баруун хойд
349988914,4545311,mn,Нортвуд
349989068,4545313,mn,Нортвуд
349989222,4545315,mn,Нортон
349989376,4545317,mn,Норвалк
349989838,4545323,mn,Оак боомт
349990762,4545335,mn,Оаквуд
349990839,4545336,mn,Оаквуд
349990993,4545338,mn,Оцеола
349991301,4545342,mn,Охио Циты
349991609,4545346,mn,Оберлин
349991686,4545347,mn,Олд Форт
349991840,4545349,mn,Олд Уасхингтон
349992533,4545358,mn,Олмстед Фаллс
349992841,4545362,mn,Онтарио
349993072,4545365,mn,Улбар шар
349993149,4545366,mn,Улбар шар
349993380,4545369,mn,Оранжвилл
349993688,4545373,mn,Орегон
349993842,4545375,mn,Оррвилл
349993919,4545376,mn,Орвелл
349994150,4545379,mn,Осгод
349994227,4545380,mn,Острандер
349994458,4545383,mn,Оттава
349994535,4545384,mn,Оттауа Хиллс
349994612,4545385,mn,Оттер
349994843,4545388,mn,Оттовилле
349995690,4545399,mn,Паинесвилле
349996152,4545405,mn,Палестин
349996306,4545407,mn,Пальмира
349996383,4545408,mn,Пандора
349996845,4545414,mn,Парис
349996922,4545415,mn,Парис
349997153,4545418,mn,Паркман
349997615,4545424,mn,Парма
349997692,4545425,mn,Парма Хеигхтс
349997769,4545426,mn,Паррал
349998000,4545429,mn,Паттерсон
349998231,4545432,mn,Полдинг
349998693,4545438,mn,Пэйн
349998924,4545441,mn,Пекин
349999155,4545444,mn,Пембервилле
349999232,4545445,mn,Пенфилд
349999309,4545446,mn,Пенинсула
349999540,4545449,mn,Пеппер Пике
349999694,4545451,mn,Перри
349999848,4545453,mn,Перры Хеигхтс
349999925,4545454,mn,Перрысбург
350000156,4545457,mn,Перрысвилле
350000387,4545460,mn,Перу
350000464,4545461,mn,Петербург
350000541,4545462,mn,Петерсбургх
350000695,4545464,mn,Петтисвилле
350001311,4545472,mn,Пиерпонт
350001388,4545473,mn,Пигеон Цреек
350002312,4545485,mn,Пионер
350002543,4545488,mn,Пикуа
350002697,4545490,mn,Питтсфиелд
350002851,4545492,mn,Плаин Циты
350002928,4545493,mn,Плейнвелл
350003621,4545502,mn,Тааламжтай толгод
350004083,4545508,mn,Плумуоод
350004160,4545509,mn,Плимут
350004237,4545510,mn,Плимут
350004622,4545515,mn,Польш
350004776,4545517,mn,Полк
350005238,4545523,mn,Порт Клинтон
350005392,4545525,mn,Порт Йефферсон
350005469,4545526,mn,Порт Уасхингтон
350005546,4545527,mn,Портаге
350005700,4545529,mn,Портаге Лакес
350006008,4545533,mn,Поттеры Аддитион
350006162,4545535,mn,Пауэлл
350007009,4545546,mn,хэтийн төлөв
350007240,4545549,mn,Пункссутауни
350007471,4545552,mn,Пут-ин-Баы
350007702,4545555,mn,Квинси
350008087,4545560,mn,Раднор
350008318,4545563,mn,Рандольф
350008626,4545567,mn,Равенна
350008703,4545568,mn,Раусон
350008780,4545569,mn,Рэйланд
350008857,4545570,mn,Рэймонд
350009627,4545580,mn,Реедурбан
350009935,4545584,mn,Реминдервилле
350010089,4545586,mn,Рено Беацх
350010474,4545591,mn,Републиц
350011013,4545598,mn,Ричфилд
350011321,4545602,mn,Ричмонд
350011475,4545604,mn,Рицхмонд Хеигхтс
350011552,4545605,mn,Ричвилл
350011629,4545606,mn,Ричвуд
350011783,4545608,mn,Ридгевилле Цорнерс
350011860,4545609,mn,Риджуэй
350012245,4545614,mn,Рисингсун
350012322,4545615,mn,Риттман
350012630,4545619,mn,Риверлиа
350013092,4545625,mn,Роаминг Схорес
350013323,4545628,mn,Робертсвилл
350013477,4545630,mn,Роцхестер
350013785,4545634,mn,Рок Крик
350014170,4545639,mn,Рокфорд
350014247,4545640,mn,Рокфорд
350014709,4545646,mn,Роцкы Ридге
350014786,4545647,mn,Роцкы Ривер
350014863,4545648,mn,Рожерс
350015094,4545651,mn,Ром
350015325,4545654,mn,\N
350015941,4545662,mn,Сарнай мод
350016018,4545663,mn,Россбург
350016095,4545664,mn,Россфорд
350016249,4545666,mn,Розуэлл
350016326,4545667,mn,Роундхеад
350016557,4545670,mn,Рудолпх
350016711,4545672,mn,Реггл
350016942,4545675,mn,Русх
350017173,4545678,mn,Русхсылваниа
350017404,4545681,mn,Русселлс Поинт
350017481,4545682,mn,Руссиа
350017789,4545686,mn,Сагамор толгод
350017866,4545687,mn,Саинт Цлаирсвилле
350017943,4545688,mn,Гэгээн Генри
350018174,4545691,mn,Саинт Йохнс
350018482,4545695,mn,Сент Луисвилл
350018559,4545696,mn,Гэгээн Мэри
350018636,4545697,mn,Саинт Парис
350019021,4545702,mn,Салем
350019252,4545705,mn,Салиневилле
350019791,4545712,mn,Сандускы
350020176,4545717,mn,Сандывилле
350020330,4545719,mn,Саванна
350020407,4545720,mn,Сойервуд
350020484,4545721,mn,Сэйбрук
350020561,4545722,mn,Нууран дээрх Сайбрук
350021023,4545728,mn,Сцио
350021100,4545729,mn,Сциото
350021254,4545731,mn,Скрепер
350021485,4545734,mn,Скотт
350022178,4545743,mn,Себринг
350022486,4545747,mn,Севен Хиллс
350022563,4545748,mn,Севилле
350023179,4545756,mn,Схакер Хеигхтс
350023256,4545757,mn,Схалерсвилле
350024180,4545769,mn,Схаунее Хиллс
350024411,4545772,mn,Шеффилд
350024565,4545774,mn,Схеффиелд Лаке
350024642,4545775,mn,Шелби
350024950,4545779,mn,Схерродсвилле
350025027,4545780,mn,Шервуд
350025258,4545783,mn,Шило
350025951,4545792,mn,Схреве
350026182,4545795,mn,Сидней
350026567,4545800,mn,Сиу төв
350027953,4545818,mn,Смитфилд
350028030,4545819,mn,Смитвилл
350028646,4545827,mn,Солон
350028954,4545831,mn,Соутх Амхерст
350029262,4545835,mn,Соутх Цанал
350029570,4545839,mn,Соутх Еуцлид
350029955,4545844,mn,Соутх Моунт Вернон
350030879,4545856,mn,Соутх Русселл
350031110,4545859,mn,Соутхингтон
350031418,4545863,mn,Соутх Уоодбуры
350031572,4545865,mn,Спарта
350031957,4545870,mn,Спенсер
350032111,4545872,mn,Спенцервилле
350034113,4545898,mn,Стаунтон
350034729,4545906,mn,Стерлинг
350034883,4545908,mn,Стеубенвилле
350035191,4545912,mn,Стоне Цреек
350035422,4545915,mn,Стоны Праирие
350035576,4545917,mn,Стоны Ридге
350035653,4545918,mn,Стоу
350035730,4545919,mn,Страсбург
350035884,4545921,mn,Страттон
350035961,4545922,mn,Стреетсборо
350036269,4545926,mn,Стронгсвилле
350036423,4545928,mn,Струтхерс
350036500,4545929,mn,Стрыкер
350036654,4545931,mn,Суффиелд
350036808,4545933,mn,Сугар Бусх Кноллс
350037116,4545937,mn,Сугарцреек
350037193,4545938,mn,Салливан
350037501,4545942,mn,Суммитвилле
350037578,4545943,mn,Сунбуры
350037963,4545948,mn,Нар жаргах хөндий
350038040,4545949,mn,Хүхрийн булаг
350038425,4545954,mn,Свонтон
350038656,4545957,mn,Сыцаморе
350038733,4545958,mn,Сильваниа
350038964,4545961,mn,Таллмадге
350039657,4545970,mn,Тедроу
350041197,4545990,mn,Тиффин
350041428,4545993,mn,Тилтонсвилле
350041505,4545994,mn,Тимберлейк
350041736,4545997,mn,Типпецаное
350041890,4545999,mn,Тиро
350042121,4546002,mn,Толедо
350042352,4546005,mn,Тонтоганы
350042583,4546008,mn,Торонто
350042891,4546012,mn,Тремонт Циты
350042968,4546013,mn,Тринуаы
350043276,4546017,mn,Трой
350043507,4546020,mn,Трумбулл
350043892,4546025,mn,Тусцарауас
350044200,4546029,mn,Твинсбург
350044354,4546031,mn,Тымоцхтее
350044739,4546036,mn,Ухрицхсвилле
350045201,4546042,mn,Юнионтаун
350045586,4546047,mn,Унионвилле Центер
350045663,4546048,mn,Униополис
350045740,4546049,mn,Эв нэгдэл
350045817,4546050,mn,Университы Хеигхтс
350046048,4546053,mn,Уппер Сандускы
350046279,4546056,mn,Урбана
350046356,4546057,mn,Утика
350046587,4546060,mn,Валлеы Циты
350046818,4546063,mn,Валлеы Хи
350047049,4546066,mn,Хөндий харах
350047203,4546068,mn,Хөндий харах
350047357,4546070,mn,Ван Бурен
350047511,4546072,mn,Ванлуе
350047665,4546074,mn,Ваугхнсвилле
350047742,4546075,mn,Венедоциа
350047973,4546078,mn,Вермилион
350048050,4546079,mn,Ван Верт
350048204,4546081,mn,Вернон
350048358,4546083,mn,Версаиллес
350048512,4546085,mn,Вицкеры
350048666,4546087,mn,Виенна
350049513,4546098,mn,Вадсворт
350049667,4546100,mn,Уаите Хилл
350049898,4546103,mn,Уэйкман
350049975,4546104,mn,Уолбридж
350050052,4546105,mn,Вальдо
350050514,4546111,mn,Волнат Крик
350050899,4546116,mn,Уалтон Хиллс
350050976,4546117,mn,Уапаконета
350051284,4546121,mn,Уарренсвилле Хеигхтс
350051515,4546124,mn,Варшав
350051823,4546128,mn,Вашингтонвилл
350052054,4546131,mn,Уотервилл
350052362,4546135,mn,Уоррен
350052516,4546137,mn,Ваузон
350052670,4546139,mn,Уэйн
350052747,4546140,mn,Уэйн
350052824,4546141,mn,Уаыне Лакес Парк
350052901,4546142,mn,Уаынесбург
350052978,4546143,mn,Уаынесбург
350053055,4546144,mn,Уаынесфиелд
350053671,4546152,mn,Веллингтон
350053748,4546153,mn,Уеллсвилле
350054903,4546168,mn,Уест Центер
350055211,4546172,mn,Уест Фармингтон
350055519,4546176,mn,Баруун Хилл
350055827,4546180,mn,Уест Лафаыетте
350055981,4546182,mn,Уест Леипсиц
350056135,4546184,mn,Уест Либерты
350056366,4546187,mn,Уест Мансфиелд
350056674,4546191,mn,Уест Миллгрове
350057213,4546198,mn,Уест Салем
350057598,4546203,mn,Уест Униты
350058291,4546212,mn,Уестервилле
350058368,4546213,mn,Вестфилд
350058445,4546214,mn,Уестфиелд Центер
350058676,4546217,mn,Вестлейк
350058830,4546219,mn,Вестмонт
350058907,4546220,mn,Уэстон
350059446,4546227,mn,Вартон
350059908,4546233,mn,Уайтли
350059985,4546234,mn,Цагаануудын газардах
350060293,4546238,mn,Виклиф
350060524,4546241,mn,Уигхтманс Грове
350060909,4546246,mn,Вилкшир толгод
350061217,4546250,mn,Виллард
350061525,4546254,mn,Уиллиамсфиелд
350061987,4546260,mn,Уиллиамспорт
350062064,4546261,mn,Виллистон
350062218,4546263,mn,Уиллоугхбы
350062295,4546264,mn,Уиллоугхбы Хиллс
350062834,4546271,mn,Вилловик
350063065,4546274,mn,Вилшир
350063219,4546276,mn,Вилмот
350063604,4546281,mn,Виндхэм
350063681,4546282,mn,Виндзор
350064066,4546287,mn,Винсбург
350064605,4546294,mn,Уинтерсвилле
350064990,4546299,mn,Вольфхурст
350065375,4546304,mn,Вудмер
350065606,4546307,mn,Модсток
350065760,4546309,mn,Вудвилл
350065914,4546311,mn,Вудворт
350065991,4546312,mn,Вустер
350066222,4546315,mn,Вортингтон
350066299,4546316,mn,Врэн
350066761,4546322,mn,Ыанкее Лаке
350067377,4546330,mn,Йорк
350067531,4546332,mn,Ыорксхире
350067685,4546334,mn,Ыорквилле
350067839,4546336,mn,Ыоунгстоун
350067916,4546337,mn,Занесфиелд
350067993,4546338,mn,Зоар
350068301,4546342,mn,Ааронсбург
350068378,4546343,mn,Абботт
350068686,4546347,mn,Абингтон
350069302,4546355,mn,Ацкерманвилле
350069456,4546357,mn,Акме
350069995,4546364,mn,Адамсбург
350070149,4546366,mn,Адамстаун
350070226,4546367,mn,Адамсвилле
350071227,4546380,mn,Акрон
350071535,4546384,mn,Алба
350071612,4546385,mn,Олбани
350071843,4546388,mn,Альбион
350071920,4546389,mn,Альбион
350071997,4546390,mn,Албригхтсвилле
350072074,4546391,mn,Албуртис
350072767,4546400,mn,Алфарата
350073306,4546407,mn,Александриа
350073383,4546408,mn,Аликиппа
350073691,4546412,mn,Аллегхенывилле
350074153,4546418,mn,Алленпорт
350074230,4546419,mn,Алленпорт
350074538,4546423,mn,Аллентаун
350074615,4546424,mn,Алленсвилле
350074846,4546427,mn,Алленвуд
350075154,4546431,mn,Олпорт
350075231,4546432,mn,Аллисон Парк
350075308,4546433,mn,Алмедиа
350075770,4546439,mn,Алсаце Манор
350075924,4546441,mn,Алтамонт
350076309,4546446,mn,Алтоона
350076386,4546447,mn,Алум Банк
350076463,4546448,mn,Алум Роцк
350076694,4546451,mn,Альверда
350077002,4546455,mn,Амблер
350077079,4546456,mn,Амбридге
350077464,4546461,mn,Амиты
350077541,4546462,mn,Амиты Гарденс
350078003,4546468,mn,Анциент Оакс
350079004,4546481,mn,Тэнгэр элч нар
350079543,4546488,mn,Аннвилле
350080082,4546495,mn,Аполло
350080544,4546501,mn,Апплеуолд
350080698,4546503,mn,Арарат
350081083,4546508,mn,Арцхбалд
350081776,4546517,mn,Ардморе
350081853,4546518,mn,Баррио лос Тулес
350082007,4546520,mn,Арлингтон Хайтс
350082161,4546522,mn,Армагх
350082546,4546527,mn,Арнольд
350082623,4546528,mn,Арнолд Циты
350082700,4546529,mn,Арнот
350082777,4546530,mn,Арона
350082931,4546532,mn,\N
350083855,4546544,mn,Эшланд
350083932,4546545,mn,Эшли
350084163,4546548,mn,Эшвилл
350084317,4546550,mn,Аспинволл
350084471,4546552,mn,Асылум
350084625,4546554,mn,Атхенс
350084702,4546555,mn,Аткинсон Миллс
350084856,4546557,mn,Атлантын далай
350085010,4546559,mn,Атлас
350085087,4546560,mn,Атласбург
350085241,4546562,mn,Атвуд
350085318,4546563,mn,Долгиотсон шаргал
350085780,4546569,mn,Аудубон
350086088,4546573,mn,Остин
350086473,4546578,mn,Авалон
350086550,4546579,mn,Авелла
350086781,4546582,mn,Авис
350086858,4546583,mn,Авока
350086935,4546584,mn,Авон
350087012,4546585,mn,Авон Хеигхтс
350087243,4546588,mn,Авониа
350087320,4546589,mn,Авонморе
350088167,4546600,mn,Баден
350088629,4546606,mn,Биланд
350088706,4546607,mn,Баилеывилле
350088783,4546608,mn,Баинбридге
350088937,4546610,mn,Баирдфорд
350089245,4546614,mn,Бейкерстаун
350089630,4546619,mn,Бала-Цынуыд
350089938,4546623,mn,Болдуин
350090400,4546629,mn,Балли
350090939,4546636,mn,Бангор
350091709,4546646,mn,Баркеывилле
350092556,4546657,mn,Барнесборо
350092787,4546660,mn,Баррее
350093172,4546665,mn,Баррвилле
350093788,4546673,mn,Бастресс
350094096,4546677,mn,Батх
350094250,4546679,mn,Баумстаун
350094789,4546686,mn,Беаллсвилле
350095020,4546689,mn,Беар Цреек Виллаге
350095174,4546691,mn,Беар Лаке
350095328,4546693,mn,Беар Роцкс
350096021,4546702,mn,Минж
350096406,4546707,mn,Беавер Фаллс
350096560,4546709,mn,Беавер Меадоус
350096714,4546711,mn,Беавер Спрингс
350096945,4546714,mn,Беавердале
350097484,4546721,mn,Беавертоун
350097638,4546723,mn,Бецхтелсвилле
350097869,4546726,mn,Бедфорд
350097946,4546727,mn,Бедминстер
350098023,4546728,mn,Беецх Цреек
350100102,4546755,mn,Белл Ацрес
350100179,4546756,mn,Белфаст
350100641,4546762,mn,Белле Вернон
350100795,4546764,mn,Беллефонте
350101026,4546767,mn,Беллевилл
350101103,4546768,mn,Беллвуд
350101411,4546772,mn,Хонх
350101950,4546779,mn,Беллвуд
350102258,4546783,mn,Белмонт
350103105,4546794,mn,Бен Авон Хеигхтс
350103182,4546795,mn,Бен Авон
350103567,4546800,mn,Бенезетте
350104106,4546807,mn,Бенсон
350104260,4546809,mn,Бенсалем
350104414,4546811,mn,Бентон
350104491,4546812,mn,Бентлеывилле
350105338,4546823,mn,Бернвилле
350105415,4546824,mn,Беррысбург
350105800,4546829,mn,Бервин
350106031,4546832,mn,Бессемер
350106339,4546836,mn,Бервик
350106416,4546837,mn,Бетани
350106647,4546840,mn,Бетел
350107032,4546845,mn,Бетхел Парк
350107186,4546847,mn,Бетлехем
350107879,4546856,mn,Беурыс Лаке
350108418,4546863,mn,Биг Беавер
350108957,4546870,mn,Биг Рун
350109342,4546875,mn,Биглер
350110343,4546888,mn,Бирцхуоод Лакес
350110574,4546891,mn,Бирд ин Ханд
350110728,4546893,mn,Бирдсборо
350110959,4546896,mn,Бирмингем
350111960,4546909,mn,Блацк Лицк
350112730,4546919,mn,Блаин
350113577,4546930,mn,Блаирсвилле
350113654,4546931,mn,Блакелы
350114039,4546936,mn,Бланчард
350114116,4546937,mn,Бландбург
350114193,4546938,mn,Бландон
350114501,4546942,mn,Блавнокс
350114655,4546944,mn,Блумфилд
350114809,4546946,mn,Цэцэглэж буй төгөл
350114886,4546947,mn,Блооминг Валлеы
350115348,4546953,mn,Блоомсбург
350115579,4546956,mn,Блоссбург
350116041,4546962,mn,Блуе Балл
350116118,4546963,mn,Блуе Белл
350116349,4546966,mn,\N
350116811,4546972,mn,Боалсбург
350117581,4546982,mn,Буцалж буй булаг
350117658,4546983,mn,Боливар
350119429,4547006,mn,Бостон
350119660,4547009,mn,Босвелл
350120430,4547019,mn,Бауэрс
350120969,4547026,mn,Боуманстаун
350121046,4547027,mn,Боумансвилле
350121739,4547036,mn,Бойертаун
350121816,4547037,mn,Брацкенридге
350121893,4547038,mn,Брэддок
350122047,4547040,mn,Браддоцк Хиллс
350122124,4547041,mn,Браденвилле
350122201,4547042,mn,Брэдфорд
350122355,4547044,mn,Брадфорд Уоодс
350122663,4547048,mn,Брадыс Бенд
350123125,4547054,mn,Бранцхдале
350123587,4547060,mn,Брандонвилле
350124973,4547078,mn,Брентвуд
350125127,4547080,mn,Бресслер
350125358,4547083,mn,Бреинигсвилле
350125435,4547084,mn,Бриар Цреек
350125897,4547090,mn,Брицкервилле
350126359,4547096,mn,Бриджпорт
350126821,4547102,mn,Бриджвилл
350126898,4547103,mn,Бридгеуатер
350127591,4547112,mn,Брисбин
350127668,4547113,mn,Бристол
350128361,4547122,mn,Броад Топ Циты
350128823,4547128,mn,Броквей
350128977,4547130,mn,Бродхеадсвилле
350129208,4547133,mn,Броокфиелд
350129593,4547138,mn,Бруклин
350129670,4547139,mn,Бруклин
350129747,4547140,mn,Броокс Милл
350130363,4547148,mn,Бруквилл
350130979,4547156,mn,Хүрэн Замын Уулзвар
350131364,4547161,mn,Браунстаун
350131518,4547163,mn,Браунстаун
350131672,4547165,mn,Броунсвилле
350131826,4547167,mn,Браунтаун
350132211,4547172,mn,Бруин
350132519,4547176,mn,Брусх Валлеы
350133212,4547185,mn,Брын Атхын
350133289,4547186,mn,Брин Мавр
350133366,4547187,mn,Брин Мавр
350133828,4547193,mn,Буцк Рун
350134059,4547196,mn,Бакхорн
350134136,4547197,mn,Букингем
350135214,4547211,mn,одос үхэр
350135445,4547214,mn,Буффало Миллс
350135753,4547218,mn,Булгер
350136831,4547232,mn,Бургеттстоун
350136908,4547233,mn,Берлингтон
350137062,4547235,mn,Бурнхам
350137139,4547236,mn,Түлэнхий
350137293,4547238,mn,Буррел
350137601,4547242,mn,Бертвилл
350137832,4547245,mn,Бусхкилл
350137986,4547247,mn,Батлер хот
350139064,4547261,mn,Бырнедале
350139757,4547270,mn,Цадоган
350139988,4547273,mn,Цаирнброок
350140296,4547277,mn,Калифорни
350140681,4547282,mn,Цаллеры
350140758,4547283,mn,Цалленсбург
350140835,4547284,mn,Цалн Меетинг Хоусе
350140912,4547285,mn,Калумет
350141143,4547288,mn,Калвин
350141451,4547292,mn,Цамбридге Спрингс
350141913,4547298,mn,Цаммал
350141990,4547299,mn,Цамп Хилл
350142298,4547303,mn,Кэмптаун
350142606,4547307,mn,Кэмптаун
350142683,4547308,mn,Цанаденсис
350142760,4547309,mn,Цанадохта Лаке
350143299,4547316,mn,Цаное Цреек
350143530,4547319,mn,Цанонсбург
350143607,4547320,mn,Кантон
350144146,4547327,mn,Карбондейл
350144377,4547330,mn,Карлайл
350145763,4547348,mn,Царроллтоун
350146841,4547362,mn,Цассандра
350146918,4547363,mn,Цастанеа
350147149,4547366,mn,Цассвилле
350147380,4547369,mn,Цастле Сханнон
350147534,4547371,mn,Цатасаукуа
350147688,4547373,mn,Цатауисса
