id,city_id,language_key,name
306215319,3976823,ht,Gavrilovo
306215396,3976824,ht,Gavrilovo
306215858,3976830,ht,Gavrilovo
306216166,3976834,ht,Gavrilovo
306216320,3976836,ht,Gavrilovka Vtoraya
306216705,3976841,ht,Gavrilovka
306217552,3976852,ht,Gavrilovka
306217629,3976853,ht,Gavrilovka
306217706,3976854,ht,Gavrilovka
306217783,3976855,ht,Gavrilovka
306217937,3976857,ht,Gavrilovka
306218014,3976858,ht,Gavrilovka
306218091,3976859,ht,Gavrilovka
306218322,3976862,ht,Gavrilovka
306218553,3976865,ht,Gavrilova Guta
306218707,3976867,ht,Gavrilovo
306218784,3976868,ht,Gavrilova
306218861,3976869,ht,Gavrilovka
306219246,3976874,ht,Gavrilkovo
306219477,3976877,ht,Gavrilkovo
306219785,3976881,ht,Gavrikovo
306220247,3976887,ht,Gaverdovo
306220478,3976890,ht,Gaurilov
306220786,3976894,ht,Staroye Gat'kovo
306220863,3976895,ht,Gatishchi
306221325,3976901,ht,Gatchina
306221479,3976903,ht,Gastevka
306221787,3976907,ht,Gashun-Bulg
306221864,3976908,ht,Gashun
306221941,3976909,ht,Gashun
306223789,3976933,ht,Garmonikha
306224097,3976937,ht,Garino
306224174,3976938,ht,Garino
306224482,3976942,ht,Gari
306224559,3976943,ht,Gari
306224636,3976944,ht,Gari
306224713,3976945,ht,Gari
306224867,3976947,ht,Gari
306225098,3976950,ht,Gari
306225252,3976952,ht,Gari
306225329,3976953,ht,Gari
306225483,3976955,ht,Gari
306226407,3976967,ht,Gari
306228024,3976988,ht,Garbolovo
306228255,3976991,ht,Gar'
306228871,3976999,ht,Gapshima
306229410,3977006,ht,Ganza
306229641,3977009,ht,Ganshin-Tsagan
306229718,3977010,ht,Gan'shino
306230026,3977014,ht,Gan'kino
306230488,3977020,ht,Gangos
306230796,3977024,ht,Gandurino
306231412,3977032,ht,Gamtsevo
306231489,3977033,ht,Gamovo
306232028,3977040,ht,Gamiyakh
306232336,3977044,ht,Galyugayevskaya
306233183,3977055,ht,Galushkina
306233799,3977063,ht,Galochkino
306233953,3977065,ht,Galkovo
306234184,3977068,ht,Galkiny
306234569,3977073,ht,Galkino
306234723,3977075,ht,Galkin
306234877,3977077,ht,Galki
306234954,3977078,ht,Galki
306235031,3977079,ht,Galki
306235185,3977081,ht,Galiyevka
306235339,3977083,ht,Galitsyno
306235493,3977085,ht,Galitsy
306235647,3977087,ht,Galitskoye
306235878,3977090,ht,Galiski
306236032,3977092,ht,Galinka
306236263,3977095,ht,Galimovka
306236494,3977098,ht,Galichno
306236648,3977100,ht,Galichevka
306236725,3977101,ht,Galich
306236802,3977102,ht,Galibitsy
306236879,3977103,ht,Galibikha
306237187,3977107,ht,Galiakberovo
306237649,3977113,ht,Galdin
306238034,3977118,ht,Galayty
306238188,3977120,ht,Galashki
306239112,3977132,ht,Gakhovo
306239651,3977139,ht,Gagino
306240806,3977154,ht,Gagarino
306241037,3977157,ht,Gagarin
306241345,3977161,ht,Gafuri
306241499,3977163,ht,Gadzhiyevo
306241653,3977165,ht,Gadyuch'ye
306241884,3977168,ht,Tadiyal
306241961,3977169,ht,Gadiri
306242423,3977175,ht,Gachkino
306242500,3977176,ht,Gachki
306242577,3977177,ht,Gachki
306242731,3977179,ht,Gachevo
306243347,3977187,ht,Gabonovo
306243578,3977190,ht,Gabdulmukmeneva
306244502,3977202,ht,Fursovo
306244579,3977203,ht,Furmanovo
306244656,3977204,ht,Furmanovo
306244733,3977205,ht,Moyynkum
306244810,3977206,ht,Furmanov
306245195,3977211,ht,Fun'kovo
306245426,3977214,ht,Fryazino
306245503,3977215,ht,Fryazino
306245580,3977216,ht,Fryazevo
306245657,3977217,ht,Fryanovo
306246427,3977227,ht,Froly
306247197,3977237,ht,Frolovskoye
306248506,3977254,ht,Frolovo
306248968,3977260,ht,Frolovo
306249122,3977262,ht,Frolovo
306249738,3977270,ht,Frolovo
306249892,3977272,ht,Frolovo
306250123,3977275,ht,Frolovka
306250508,3977280,ht,Frolovka
306251663,3977295,ht,Frolishchi
306252587,3977307,ht,Fralevo
306252664,3977308,ht,Foyevichi
306252741,3977309,ht,Fotiyeva
306253511,3977319,ht,Fosforitnyy
306253665,3977321,ht,Forshtadt
306253742,3977322,ht,Fornosovo
306253819,3977323,ht,Fonvizino
306254050,3977326,ht,Fonovka
306256360,3977356,ht,Fominskiy
306256822,3977362,ht,Fominskaya
306256899,3977363,ht,Fominskaya
306256976,3977364,ht,Fominskoye
306257053,3977365,ht,Fominskaya
306257130,3977366,ht,Fomin Pochinok
306257207,3977367,ht,Fominovka
306257438,3977370,ht,Fomino-Nagolinskiy
306257515,3977371,ht,Fomenok
306257823,3977375,ht,Fomino
306258824,3977388,ht,Fominki
306258978,3977390,ht,Fominka
306259055,3977391,ht,Fominka
306259286,3977394,ht,Fominka
306260364,3977408,ht,Fomenkov
306261134,3977418,ht,Fokino
306261211,3977419,ht,Fokino
306261288,3977420,ht,Fokino
306261519,3977423,ht,Foki
306261904,3977428,ht,Fofanovo
306261981,3977429,ht,Fofanovo
306262828,3977440,ht,Fitizh
306262905,3977441,ht,Fitinino
306262982,3977442,ht,Fitali
306264060,3977456,ht,Firovo
306264368,3977460,ht,Fenyutikha
306265523,3977475,ht,Filyakovo
306267217,3977497,ht,Filisovo
306267448,3977500,ht,Filisovo
306267756,3977504,ht,Filiptsevo
306267910,3977506,ht,Filippsola
306268141,3977509,ht,Filippovskoye
306268218,3977510,ht,Filippovskaya
306268372,3977512,ht,Filippovskaya
306268603,3977515,ht,Filippovo
306268911,3977519,ht,Filippovo
306269065,3977521,ht,Filippovo
306269219,3977523,ht,Filippovo
306269912,3977532,ht,Filippovka
306269989,3977533,ht,Filippovka
306272376,3977564,ht,Filinskiy
306274840,3977596,ht,Filimonovskaya
306277997,3977637,ht,Filatovo
306280230,3977666,ht,Ferzikovo
306280615,3977671,ht,Fershampenuaz
306281154,3977678,ht,Ferapontovo
306281462,3977682,ht,Fentisovo
306281616,3977684,ht,Feninskaya
306281770,3977686,ht,Fenino
306282309,3977693,ht,Fenchikovo
306282463,3977695,ht,Fel'kino
306282694,3977698,ht,Filistovo
306283541,3977709,ht,Fekino
306284465,3977721,ht,Fedyukovo
306285851,3977739,ht,Fedyakovo
306286005,3977741,ht,Fedyakino
306286236,3977744,ht,Fedurnovo
306286852,3977752,ht,Fedulovskaya
306288084,3977768,ht,Fedotovo
306291318,3977810,ht,Fedoskino
306291395,3977811,ht,Fedoski
306291472,3977812,ht,Fedos'ino
306291626,3977814,ht,Fedos'ino
306292627,3977827,ht,Fedosenki
306292704,3977828,ht,Fedoryanka
306292935,3977831,ht,Fedortsev
306293166,3977834,ht,Fedortsevo
306293320,3977836,ht,Fedorovskoye
306296862,3977882,ht,Fedorovshchina
306296939,3977883,ht,Fedorovshchina
306297016,3977884,ht,Fedorovshchina
306297632,3977892,ht,Fedorovo
306297863,3977895,ht,Fedorovka Pervaya
306298171,3977899,ht,Maloye Fedorkovo
306298787,3977907,ht,Fedorovka
306299018,3977910,ht,Fedorovka
306299172,3977912,ht,Fedorovka
306300789,3977933,ht,Fedorovka
306300943,3977935,ht,Fedorovka
306301174,3977938,ht,Fedorovka
306301251,3977939,ht,Fedorovka
306302329,3977953,ht,Fedorovka
306304408,3977980,ht,Fedorovka
306308027,3978027,ht,Fedino
306310183,3978055,ht,Fatunovo
306310337,3978057,ht,Fatezh
306310722,3978062,ht,Fastovetskaya
306310799,3978063,ht,Fastov
306312570,3978086,ht,Falyonki
306313109,3978093,ht,Fakel
306313186,3978094,ht,Fakel
306313494,3978098,ht,Fadin
306313725,3978101,ht,Fadeyevo
306313879,3978103,ht,Fadeyeva Buda
306313956,3978104,ht,Fadeikha
306314341,3978109,ht,Ezhva
306314495,3978111,ht,Ezekeyevo
306314572,3978112,ht,Eyna
306314957,3978117,ht,Etoka
306315265,3978121,ht,Esto-Sadok
306315727,3978127,ht,Essoyla
306316189,3978133,ht,Ertil'
306316574,3978138,ht,Erpeli
306316728,3978140,ht,Erleks
306317190,3978146,ht,Erken-Shakhar
306317883,3978155,ht,Epkhonen
306318191,3978159,ht,Enkolovo
306318422,3978162,ht,Engozero
306318576,3978164,ht,Engel'-Yurt
306318730,3978166,ht,Engel's
306319192,3978172,ht,Energetik
306319269,3978173,ht,Enem
306319731,3978179,ht,Emmetevo
306319808,3978180,ht,Emmaus
306320347,3978187,ht,El'tyubyu
306320501,3978189,ht,El'ton
306320963,3978195,ht,El'khotovo
306321117,3978197,ht,Elista
306321194,3978198,ht,Elisenvaara
306321348,3978200,ht,Elektrougli
306321425,3978201,ht,Elektrostal'
306321502,3978202,ht,Elektrogorsk
306321887,3978207,ht,El'brusskiy
306322041,3978209,ht,El'brus
306323042,3978222,ht,Ekazhevo
306323273,3978225,ht,Edissiya
306325429,3978253,ht,Dzhugiabad
306325891,3978259,ht,Dzhinykh
306325968,3978260,ht,Dzhingirik
306326045,3978261,ht,Dzhimara
306326199,3978263,ht,Dzhig-Zhig
306326276,3978264,ht,Dzhigolanka
306326353,3978265,ht,Dhi Hikmah
306326430,3978266,ht,Dzhidzhikhabl'
306326507,3978267,ht,Dzhibakhni
306326661,3978269,ht,Dzhayrakh
306326738,3978270,ht,Dzhevagi
306326969,3978273,ht,Dzhemikent
306327200,3978276,ht,Dzhedzhik
306327893,3978285,ht,Dzhankhot
306327970,3978286,ht,Dzhangamakhi
306328355,3978291,ht,Dzhamtsu
306328586,3978294,ht,Dzhalka
306328663,3978295,ht,Dzhalilovo
306328740,3978296,ht,Dzhalil'
306329510,3978306,ht,Dzerzhinskiy
306329741,3978309,ht,Dzerzhinsk
306330357,3978317,ht,Dyurtyuli
306330434,3978318,ht,Dyurtyuli
306330973,3978325,ht,Dyukino
306331666,3978334,ht,Dyshne-Vedeno
306332744,3978348,ht,Dymovo
306332975,3978351,ht,Dymnitsa
306333052,3978352,ht,Dymnitsa
306333129,3978353,ht,Dymnitsa
306333745,3978361,ht,Dylym
306334361,3978369,ht,Dydyldino
306334746,3978374,ht,Dyatlovo
306334977,3978377,ht,Dyatlovo
306335208,3978380,ht,Orekhovka
306335593,3978385,ht,Dyat'kovo
306335978,3978390,ht,D'yakovo
306337826,3978414,ht,Snezhnaya Dolina Cnezhnaja Dolina
306340059,3978443,ht,Dyadino
306341522,3978462,ht,Dvuluchnoye
306342985,3978481,ht,Dvoryaninovo
306343447,3978487,ht,Dvortsy
306344217,3978497,ht,Dvorishchi
306346065,3978521,ht,Dvinskoy
306347143,3978535,ht,Duvan
306348298,3978550,ht,Dushenovo
306348991,3978559,ht,Durykino
306349915,3978571,ht,Durovo
306350069,3978573,ht,Durovo
306350146,3978574,ht,Durovka
306351840,3978596,ht,Durnevo
306351994,3978598,ht,Durnevo
306352148,3978600,ht,Poselok Durymany
306352533,3978605,ht,Durino
306352764,3978608,ht,Dorgeli
306354920,3978636,ht,Duplya
306355151,3978639,ht,Duplishche
306356383,3978655,ht,Dunino
306356691,3978659,ht,Dunilovo
306358693,3978685,ht,Duminichi
306359155,3978691,ht,Dulyapino
306359848,3978700,ht,Dulovka
306361234,3978718,ht,Dukhovskaya
306361311,3978719,ht,Dukhovshchina
306361465,3978721,ht,Dukhovoye
306361773,3978725,ht,Dukhovnitskoye
306361927,3978727,ht,Dukhov
306362081,3978729,ht,Dukhanino
306362158,3978730,ht,Dugna
306362235,3978731,ht,Dugino
306362697,3978737,ht,Dudurovskoye
306362851,3978739,ht,Dudovka
306366085,3978781,ht,Dudenevo
306367163,3978795,ht,Dub'yazy
306371475,3978851,ht,Dubrovo
306373015,3978871,ht,Dubrovki
306373169,3978873,ht,Dubrovka
306373323,3978875,ht,Dubrovka
306373400,3978876,ht,Dubrovka
306374016,3978884,ht,Dubrovka
306375787,3978907,ht,Dubrovka
306375864,3978908,ht,Dubrovka
306376172,3978912,ht,Dubrovka
306377635,3978931,ht,Dubrovka
306378405,3978941,ht,Dubrovka
306378559,3978943,ht,Dubrovka
306378713,3978945,ht,Dubrovka
306378790,3978946,ht,Dubrovka
306379175,3978951,ht,Dubrovka
306379483,3978955,ht,Dubrovka
306380022,3978962,ht,Dubrovka
306380253,3978965,ht,Dubrovka
306380407,3978967,ht,Dubrovka
306380561,3978969,ht,Dubrovka
306381023,3978975,ht,Dubrovitsy
306381331,3978979,ht,Dubrovichi
306383564,3979008,ht,Dubravka
306384180,3979016,ht,Dubrava
306384719,3979023,ht,Dubovyy Umyot
306385335,3979031,ht,Dubki
306385797,3979037,ht,Dubovskoye
306387876,3979064,ht,Dubovlyany
306389339,3979083,ht,Dubovka
306389647,3979087,ht,Dubovitsy
306390032,3979092,ht,Dubovikovo
306393497,3979137,ht,Dubna
306393728,3979140,ht,Dubna
306393805,3979141,ht,Dubna
306395191,3979159,ht,Dubki
306395576,3979164,ht,Dubki
306395807,3979167,ht,Dubki
306395884,3979168,ht,Dubki
306396346,3979174,ht,Dubki
306396577,3979177,ht,Dubki
306396885,3979181,ht,Dubishki
306399118,3979210,ht,Dubenskiy
306399195,3979211,ht,Dubenskoye
306399349,3979213,ht,Dubenki
306399580,3979216,ht,Dubenki
306399657,3979217,ht,Dubenki
306400119,3979223,ht,Duba-Yurt
306400427,3979227,ht,Dubasovo
306401736,3979244,ht,Druzhovets
306402352,3979252,ht,Druzhnyy
306402583,3979255,ht,Vidnoye
306402968,3979260,ht,Druzhnaya Gorka
306403122,3979262,ht,Druzhnaya
306403507,3979267,ht,Druzhino-Bardym
306403661,3979269,ht,Druzhinino
306403738,3979270,ht,Druzhino
306404585,3979281,ht,Druzhba
306404893,3979285,ht,Druzhba
306405817,3979297,ht,Druzhba
306406125,3979301,ht,Druzhba
306407511,3979319,ht,Drozdovo
306407588,3979320,ht,Drozdovo
306407665,3979321,ht,Drozdovo
306408897,3979337,ht,Droskovo
306409205,3979341,ht,Koloskovo
306410514,3979358,ht,Drezna
306411669,3979373,ht,Dreslavskiy
306412901,3979389,ht,Dranishki
306413132,3979392,ht,Drakino
306413363,3979395,ht,Drakino
306413517,3979397,ht,Drakino
306414903,3979415,ht,Drachevo
306416058,3979430,ht,Dovodchikovo
306416597,3979437,ht,Doutrovo
306416751,3979439,ht,Dotoybekhach
306416982,3979442,ht,Doshino
306417213,3979445,ht,Doschatoye
306420986,3979494,ht,Dorokhovo
306421602,3979502,ht,Dorok
306421679,3979503,ht,Dorok
306421833,3979505,ht,Dorogoye
306421987,3979507,ht,Dorogovskiy
306422218,3979510,ht,Dorogostitsy
306422757,3979517,ht,Dorogobuzh
306423142,3979522,ht,Dorofeyevo
306423373,3979525,ht,Dorofeyevo
306423450,3979526,ht,Dorofeyevo
306423527,3979527,ht,Dorofeyevo
306423604,3979528,ht,Dorofeyevo
306425067,3979547,ht,Dora
306425298,3979550,ht,Dor
306425606,3979554,ht,Dor
306426068,3979560,ht,Dor
306426145,3979561,ht,Dor
306426299,3979563,ht,Dor
306426684,3979568,ht,Dor
306426992,3979572,ht,Dontso
306427454,3979578,ht,Donskoye
306427531,3979579,ht,Donskoye
306427608,3979580,ht,Donskoye
306427685,3979581,ht,Donskoye
306427839,3979583,ht,Donskoye
306427916,3979584,ht,Donskoy
306428609,3979593,ht,Donskoy
306428994,3979598,ht,Donskoy
306429379,3979603,ht,Donshino
306430534,3979618,ht,Donetsk
306430688,3979620,ht,Donets
306431073,3979625,ht,Dondukovskaya
306431689,3979633,ht,Domozhirovo
306432074,3979638,ht,Domoslavskoye
306432228,3979640,ht,Domodedovo
306432305,3979641,ht,Domodedovo
306432382,3979642,ht,Domny
306432459,3979643,ht,Domnovo
306432767,3979647,ht,Dominino
306432844,3979648,ht,Dominino
306432921,3979649,ht,Dominino
306433152,3979652,ht,Dominino
306433306,3979654,ht,Dominino
306433614,3979658,ht,Domkino
306433691,3979659,ht,Dominino
306433768,3979660,ht,Dombay
306433845,3979661,ht,Dombarovskiy
306434076,3979664,ht,Domashnevo
306434153,3979665,ht,Domashkovitsy
306434230,3979666,ht,Domashkiny Vershiny
306434461,3979669,ht,Domashovo
306434538,3979670,ht,Domantsevo
306434769,3979673,ht,Domanovo
306435539,3979683,ht,Dolzhitsy
306435770,3979686,ht,Dolzhitsy
306436386,3979694,ht,Dolzhanskaya
306436848,3979700,ht,Dol'skoye
306437310,3979706,ht,Dolotinka
306437618,3979710,ht,Dolmatovskiy
306437772,3979712,ht,Dolmatovo
306438157,3979717,ht,Dolmatovo
306438311,3979719,ht,Dolmatikha
306438619,3979723,ht,Dolinsk
306438773,3979725,ht,Dolinnyy
306438927,3979727,ht,Dolinka
306439081,3979729,ht,Dolina
306439543,3979735,ht,Dolgusha
306439697,3979737,ht,Dolgusha
306439774,3979738,ht,Dolgusha
306440082,3979742,ht,Dolgoye Ledovo
306441314,3979758,ht,Dolgoye
306441391,3979759,ht,Dolgoye
306441699,3979763,ht,Dolgoye
306442161,3979769,ht,Dolgovo
306442238,3979770,ht,Dolgovo
306442854,3979778,ht,Dolgovitsa
306443547,3979787,ht,Dolgorukovo
306443701,3979789,ht,Dolgoprudnyy
306444317,3979797,ht,Dolgiy Most
306444625,3979801,ht,Dolgiy Kolodez'
306444702,3979802,ht,Dolgiye Nivy
306446011,3979819,ht,Dolgiy
306446088,3979820,ht,Dolgiri
306446242,3979822,ht,Dolginovka
306446550,3979826,ht,Dolginikha
306447243,3979835,ht,Dolgaya Luka
306447705,3979841,ht,Dolgoye
306447859,3979843,ht,Dolganovo
306447936,3979844,ht,Dolevo
306448090,3979846,ht,Dolbino
306448167,3979847,ht,Dolbino
306448398,3979850,ht,Dolbezhi
306448629,3979853,ht,Dolbeniki
306448706,3979854,ht,Dolmatovo
306448783,3979855,ht,Dolbotovo
306448860,3979856,ht,Dolan
306449322,3979862,ht,Dokuchayevskiy
306449399,3979863,ht,Dokuchayevskaya
306449707,3979867,ht,Doktorovka
306450092,3979872,ht,Doguzhiyev
306450708,3979880,ht,Dobryy Put'
306450939,3979883,ht,Dobryy Bor
306451555,3979891,ht,Dobrynikha
306452094,3979898,ht,Dobryatino
306452171,3979899,ht,Dobryanka
306452479,3979903,ht,Dobrun'
306453018,3979910,ht,Dobroye
306453865,3979921,ht,Dobroye
306454019,3979923,ht,Dobrovol'skoye
306454096,3979924,ht,Dobrovol'sk
306454173,3979925,ht,Dobrovol'noye
306454250,3979926,ht,Dobrovol'nyy
306454481,3979929,ht,Dobrovol'nyy
306454635,3979931,ht,Dobrovolets
306454789,3979933,ht,Dobrovod'ye
306455174,3979938,ht,Dobrosel'ye
306455328,3979940,ht,Dobropol'ye
306455636,3979944,ht,Dobrolyudovo
306456406,3979954,ht,Dobrino
306457022,3979962,ht,Dobrinka
306457099,3979963,ht,Dobrinka
306458562,3979982,ht,Dobraya
306458639,3979983,ht,Dobrantsevo
306458716,3979984,ht,Dobranovo
306458793,3979985,ht,Dno
306459178,3979990,ht,Dneprovskaya
306460025,3980001,ht,Dmitrovsk
306460179,3980003,ht,Dmitrovsk
306460256,3980004,ht,Dmitrovskiy Pogost
306462027,3980027,ht,Dmitrovka
306462335,3980031,ht,Dmitrovka
306462797,3980037,ht,Dmitrovka
306462951,3980039,ht,Dmitrovka
306463336,3980044,ht,Dmitriyevka Vtoraya
306463567,3980047,ht,Dmitrov
306463798,3980050,ht,Dmitro-Pokrovskoye
306464183,3980055,ht,Dmitriyevskoye
306465415,3980071,ht,Dmitriyevskoye
306466570,3980086,ht,Dmitriyevskaya
306466724,3980088,ht,Dmitriyevo-Pomryaskino
306467725,3980101,ht,Dmitriyev
306468495,3980111,ht,Dmytrivka
306468572,3980112,ht,Dmytrivka
306469188,3980120,ht,Dmytrivka
306469342,3980122,ht,Dmytrivka
306469496,3980124,ht,Dmytrivka
306469573,3980125,ht,Dmytrivka
306470112,3980132,ht,Dmytrivka
306470343,3980135,ht,Dmytrivka
306470420,3980136,ht,Starodmitriyevka
306470728,3980140,ht,Dmytrivka
306470882,3980142,ht,Dmytrivka
306470959,3980143,ht,Dmytrivka
306471036,3980144,ht,Dmytrivka
306471113,3980145,ht,Dmytrivka
306471267,3980147,ht,Dmytrivka
306471421,3980149,ht,Dmytrivka
306471575,3980151,ht,Dmytrivka
306471652,3980152,ht,Dmytrivka
306471960,3980156,ht,Dmytrivka
306472114,3980158,ht,Dmytrivka
306472268,3980160,ht,Dmytrivka
306472345,3980161,ht,Dmytrivka
306472422,3980162,ht,Dmytrivka
306472499,3980163,ht,Dmytrivka
306472730,3980166,ht,Dmytrivka
306472807,3980167,ht,Dmytrivka
306472884,3980168,ht,Dmytrivka
306472961,3980169,ht,Dmytrivka
306473038,3980170,ht,Dmytrivka
306473115,3980171,ht,Dmytrivka
306473192,3980172,ht,Dmytrivka
306473346,3980174,ht,Dmytrivka
306473423,3980175,ht,Dmytrivka
306473577,3980177,ht,Dmytrivka
306473731,3980179,ht,Dmitriyevskiy
306473808,3980180,ht,Dmytrivka
306473885,3980181,ht,Dmytrivka
306474116,3980184,ht,Dmytrivka
306474193,3980185,ht,Dmytrivka
306474270,3980186,ht,Dmytrivka
306474347,3980187,ht,Dmytrivka
306474424,3980188,ht,Dmytrivka
306474501,3980189,ht,Dmitriyevskaya Sloboda
306474578,3980190,ht,Dmitriyeva Polyana
306474655,3980191,ht,Dmitriyeva
306474732,3980192,ht,Dmytrivka
306474886,3980194,ht,Dmitriadovka
306475194,3980198,ht,Dlinnaya
306475425,3980201,ht,Diyun
306475579,3980203,ht,Diyashevo
306475656,3980204,ht,Diyag
306475810,3980206,ht,Div'ya
306475887,3980207,ht,Div'ya
306476118,3980210,ht,Divovka
306476272,3980212,ht,Divo
306476349,3980213,ht,Divnoye
306476503,3980215,ht,Divnomorskoye
306476580,3980216,ht,Divnogor'ye
306476965,3980221,ht,Diveyevo
306477504,3980228,ht,Dinskaya
306477658,3980230,ht,Dmitrovsk
306478197,3980237,ht,Dimitrovgrad
306480199,3980263,ht,Digora
306481431,3980279,ht,Deyskoye
306483202,3980302,ht,Devyatiprosechnyy
306483664,3980308,ht,Devyat' Dubov
306484665,3980321,ht,Devitsa
306485435,3980331,ht,Deulino
306485512,3980332,ht,Deulino
306486051,3980339,ht,Det·skiy Gorodok
306486821,3980349,ht,Detkovo
306487129,3980353,ht,Detkoloniya
306487437,3980357,ht,Detchino
306488515,3980371,ht,Desnogorsk
306488900,3980376,ht,Deshovki
306489208,3980380,ht,Derzkovaya
306489593,3980385,ht,Deryushevo
306489824,3980388,ht,Deryugino
306489978,3980390,ht,Deryagino
306490055,3980391,ht,Deryagino
306490132,3980392,ht,Deryagino
306490748,3980400,ht,Dertniki
306491518,3980410,ht,Dernovka
306493135,3980431,ht,Dergachi
306493674,3980438,ht,Derevyannoye
306493905,3980441,ht,Derevyanka
306494367,3980447,ht,Derevnishchi
306494675,3980451,ht,Derevenskoye
306494829,3980453,ht,Dereven'ki
306497293,3980485,ht,Bueyuekderbent
306497447,3980487,ht,Derben'
306498602,3980502,ht,Denisovskoye
306498987,3980507,ht,Denisovskaya
306499141,3980509,ht,Denisovo-Alekseyevka
306499218,3980510,ht,Denisovo
306499295,3980511,ht,Denisovo
306499449,3980513,ht,Denisovo
306499757,3980517,ht,Denisovo
306499988,3980520,ht,Denisovo
306500065,3980521,ht,Denisovo
306500681,3980529,ht,Denisovka
306501759,3980543,ht,Denisovskiy
306501990,3980546,ht,Deniskovichi
306503838,3980570,ht,Demyansk
306504069,3980573,ht,Dem'yanovo
306504223,3980575,ht,Dem'yanovo
306504300,3980576,ht,Dem'yanovo
306504608,3980580,ht,Dem'yanovo
306505070,3980586,ht,Dem'yana Bednogo
306505224,3980588,ht,Demushkino
306505840,3980596,ht,Demshinka
306506379,3980603,ht,Demkino
306506456,3980604,ht,Demkino
306506533,3980605,ht,Demkino
306506764,3980608,ht,Demkin
306506841,3980609,ht,Demishev
306506918,3980610,ht,Deminy
306507226,3980614,ht,Deminskaya
306507457,3980617,ht,Demino
306507534,3980618,ht,Demino
306507765,3980621,ht,Demino
306507842,3980622,ht,Demino
306508227,3980627,ht,Demino
306509305,3980641,ht,Demikhovo
306511076,3980664,ht,Demidovo
306511615,3980671,ht,Demidovka
306512000,3980676,ht,Demidov
306512924,3980688,ht,Dement'yevo
306513232,3980692,ht,Demen'kovo
306513309,3980693,ht,Demenka
306514002,3980702,ht,Dema
306514079,3980703,ht,Dema
306514156,3980704,ht,Dema
306514618,3980710,ht,Del'naya Dubrava
306514926,3980714,ht,Deledino
306516851,3980739,ht,Degtevo
306517236,3980744,ht,Degilevka
306517775,3980751,ht,Dedovskaya
306517852,3980752,ht,Dedovsk
306518083,3980755,ht,Dedovo
306518160,3980756,ht,Dedovo
306518391,3980759,ht,Dedovo
306518468,3980760,ht,Dedovo
306518545,3980761,ht,Dedov
306518622,3980762,ht,Dedovo
306518776,3980764,ht,Dedovichi
306519007,3980767,ht,Dednya
306519161,3980769,ht,Dedlovo
306519392,3980772,ht,Dedkovo
306519469,3980773,ht,Dedinovo
306519546,3980774,ht,Dedino
306519623,3980775,ht,Dedilovskiye Vyselki
306519777,3980777,ht,Dedenko
306519931,3980779,ht,Dedenevo
306520239,3980783,ht,Deby
306520393,3980785,ht,Debry
306520470,3980786,ht,Debritsy
306520547,3980787,ht,Debr'
306520855,3980791,ht,Debè
306520932,3980792,ht,Debolovskoye
306521394,3980798,ht,Davydovskoye
306521471,3980799,ht,Davydovskoye
306521548,3980800,ht,Davydovskoye
306521625,3980801,ht,Davydovskaya
306522164,3980808,ht,Davydovo
306522549,3980813,ht,Davydovo
306523088,3980820,ht,Davydovo
306523165,3980821,ht,Davydovo
306523627,3980827,ht,Davydovo
306523704,3980828,ht,Davydovo
306523781,3980829,ht,Davydovo
306524089,3980833,ht,Davydovo
306524166,3980834,ht,Davydovo
306524705,3980841,ht,Davydovka
306524859,3980843,ht,Davydovka
306524936,3980844,ht,Davydovka
306525090,3980846,ht,Davydovka
306525167,3980847,ht,Davydovka
306525321,3980849,ht,Davydova
306525552,3980852,ht,Davydkovo
306525706,3980854,ht,Davydkovo
306525783,3980855,ht,Davydkovo
306525860,3980856,ht,Davydkovo
306525937,3980857,ht,Davydkovo
306526553,3980865,ht,Davletshino
306526630,3980866,ht,Davletkulovo Vtoroye
306526784,3980868,ht,Davlyatovka
306527400,3980876,ht,Davlekanovo
306527631,3980879,ht,Dautlarovo
306527708,3980880,ht,Daut-Kayupovo
306528786,3980894,ht,Dashkovka
306529479,3980903,ht,Dary
306529710,3980906,ht,Darovskoy
306530018,3980910,ht,Darovinki
306530249,3980913,ht,Dòna
306531789,3980933,ht,Dargavs
306533252,3980952,ht,Dan'kovo
306533637,3980957,ht,Dankov
306533791,3980959,ht,Danki
306533868,3980960,ht,Danino
306535562,3980982,ht,Danilovo
306538180,3981016,ht,Danilovka
306538565,3981021,ht,Danilov
306539951,3981039,ht,Danchenki
306541029,3981053,ht,Dal'nyaya Igumenka
306541106,3981054,ht,Dal'nyaya Gora
306541645,3981061,ht,Dal'niye Zelentsy
306542569,3981073,ht,Dal'neye Konstantinovo
306542723,3981075,ht,Dal'neye
306543108,3981080,ht,Dal'nepesochnaya
306543878,3981090,ht,Dalakovo
306544263,3981095,ht,Dagomys
306544417,3981097,ht,Dagestanskiye Ogni
306544571,3981099,ht,Dagbash
306545572,3981112,ht,Dachnoye
306545803,3981115,ht,Dabuzha
306546573,3981125,ht,Chuyunchi-Nikolayevka
306546727,3981127,ht,Chuyunchi
306547035,3981131,ht,Chuykovo
306547574,3981138,ht,Chuyevka
306548113,3981145,ht,Chuvichi
306548806,3981154,ht,Chuvashskoye Cherepanovo
306549345,3981161,ht,Chuvashskiy Kalmayur
306549653,3981165,ht,Chuvash-Karamaly
306549961,3981169,ht,Chuvashskiy Baytugan
306550115,3981171,ht,Chuvashskiy Yeltan
306550192,3981172,ht,Chuvashskaya Yakushka
306550269,3981173,ht,Chuvashskaya Sorma
306550423,3981175,ht,Chuvashskaya Mencha
306550885,3981181,ht,Chuvash-Kubovo
306551347,3981187,ht,Chuvashayka
306551732,3981192,ht,Chuvardino
306552964,3981208,ht,Chusovoy
306554889,3981233,ht,Churovichi
306555197,3981237,ht,Churkin-Yag
306556275,3981251,ht,Churily
306556506,3981254,ht,Churilovo
306557738,3981270,ht,Churikov
306558508,3981280,ht,Churayevo
306560125,3981301,ht,Chur
306561896,3981324,ht,Chupina
306562512,3981332,ht,Chupa
306562589,3981333,ht,Chuny
306563513,3981345,ht,Chumna
306564052,3981352,ht,Chumary
306564745,3981361,ht,Chumakov
306564822,3981362,ht,Chumakova
306564899,3981363,ht,Chumakov
306565053,3981365,ht,Chumakino
306565361,3981369,ht,Chulpanovo
306565977,3981377,ht,Chulpan
306566285,3981381,ht,Chulovo
306566747,3981387,ht,Chulkovo
306567055,3981391,ht,Chulkovo
306567132,3981392,ht,Chulkovo
306568056,3981404,ht,Chulasa
306568287,3981407,ht,Chuksha
306568826,3981414,ht,Chukhloma
306570212,3981432,ht,Chukaly
306570289,3981433,ht,Chukaly
306570366,3981434,ht,Chukaly
306570443,3981435,ht,Chukadytamak
306571444,3981448,ht,Chugavka
306571983,3981455,ht,Chufarovo
306572368,3981460,ht,Chudtsy
306572445,3981461,ht,Chudtsy
306572522,3981462,ht,Chudskoy Porog
306572676,3981464,ht,Chudskoy Bor
306572830,3981466,ht,Chudskaya Rudnitsa
306572907,3981467,ht,Chudskaya Gora
306573061,3981469,ht,Chudovo
306573215,3981471,ht,Chudovo
306573523,3981475,ht,Chudnaya Gora
306573908,3981480,ht,Chudinovo
306574062,3981482,ht,Chudinovo
306574139,3981483,ht,Chudinovo
306574216,3981484,ht,Chudinovo
306574755,3981491,ht,Chud'
306574832,3981492,ht,Chud'
306574986,3981494,ht,Chuchkovo
306575294,3981498,ht,Chuchalovy
306575448,3981500,ht,Chubukaran
306575833,3981505,ht,Chubrino
306576526,3981514,ht,Chubarovo
306576680,3981516,ht,Chubarovka
306576757,3981517,ht,Chubarovka
306577450,3981526,ht,Chontaul
306577681,3981529,ht,Chompot
306577912,3981532,ht,Chokh
306579067,3981547,ht,Chkalovskoye
306579298,3981550,ht,Chkalovskiy
306579606,3981554,ht,Chkalovsk
306582301,3981589,ht,Chiverevo
306583148,3981600,ht,Chistyakovo
306583764,3981608,ht,Chistoye
306583841,3981609,ht,Chistoye
306584842,3981622,ht,Chistopol'
306585458,3981630,ht,Chistaya Dubrova
306585843,3981635,ht,Chismena
306586074,3981638,ht,Chishmy
306586767,3981647,ht,Chishma
306586844,3981648,ht,Chishma
306587075,3981651,ht,Chynadiyovo
306587152,3981652,ht,Chishili
306587383,3981655,ht,Chir'yevo
306587460,3981656,ht,Chiryat'
306588076,3981664,ht,Chirshkasy
306588692,3981672,ht,Chirkovo
306588923,3981675,ht,Chirkovo
306589000,3981676,ht,Chirkovo
306589077,3981677,ht,Chirkovo
306589154,3981678,ht,Chirkovo
306589693,3981685,ht,Cherki-Bibkeyevo
306590386,3981694,ht,Chirkey
306591156,3981704,ht,Chirikovo
306592542,3981722,ht,Chinery
306592696,3981724,ht,Chindyanovo
306592773,3981725,ht,Chinchurino
306592927,3981727,ht,Chimoyla
306593158,3981730,ht,Chimmilitsa
306593466,3981734,ht,Chimayevo
306593543,3981735,ht,Chilmozero
306594082,3981742,ht,Chilgir
306594621,3981749,ht,Chikulay
306595314,3981758,ht,Chikozero-Ivahovskaya
306595545,3981761,ht,Chikov
306595622,3981762,ht,Chikola
306596007,3981767,ht,Chukhray
306597239,3981783,ht,Chigorak
306597393,3981785,ht,Chigirinovka
306597932,3981792,ht,Chiganary
306598163,3981795,ht,Chiganaki Vtoryye
306598317,3981797,ht,Chiganaki Pervyye
306600627,3981827,ht,Chibisy
306601243,3981835,ht,Chibirley
306602321,3981849,ht,Chetyrnadtsatyy Kilometr
306602552,3981852,ht,"Chetyrekh""yarskiy"
306602629,3981853,ht,Chetyrchi
306603168,3981860,ht,Chetverikovshchina
306603630,3981866,ht,Chetveriki
306604015,3981871,ht,Chetryakovo
306604246,3981874,ht,Chetnayevo
306604708,3981880,ht,Chutay
306604785,3981881,ht,Chestnyy Pakhar'
306605093,3981885,ht,Chesnokovka
306605170,3981886,ht,Chesnokovka
306605324,3981888,ht,Chesnokovka
306605709,3981893,ht,Nizhnechesnochnoye
306605863,3981895,ht,Chesmenka
306606094,3981898,ht,Chesh'yuga
306606171,3981899,ht,Cheshuyevo
306606479,3981903,ht,Cheshkovo
306606710,3981906,ht,Cheshegora
306607018,3981910,ht,Chervyanaya
306607711,3981919,ht,Chervlenoye
306608250,3981926,ht,Cherusti
306608635,3981931,ht,Chertovo
306608712,3981932,ht,Mar'insko
306609405,3981941,ht,Chertova
306609636,3981944,ht,Chertalyk
306609790,3981946,ht,Chertkovskaya
306609867,3981947,ht,Chertkovo
306610021,3981949,ht,Chertkovo
306610483,3981955,ht,Cherten'
306611022,3981962,ht,Chersevo
306611099,3981963,ht,Chervlennaya
306611715,3981971,ht,Chyorny Yar
306612100,3981976,ht,Chernyy Ruchey
306612254,3981978,ht,Chernyy Porog
306612485,3981981,ht,Chernyy Kolodez'
306612639,3981983,ht,Chernyy Klyuch
306612716,3981984,ht,Chernyy Klyuch
306613178,3981990,ht,Chernyye Peski
306613409,3981993,ht,Chernyy
306613640,3981996,ht,Chernyshkovskiy
306614025,3982001,ht,Chernyshevskoye
306614487,3982007,ht,Chernyshevo
306614872,3982012,ht,Chernyshovo
306615180,3982016,ht,Chernyshevka
306616027,3982027,ht,Chernyayevskiye Vyselki
306616104,3982028,ht,Chernyayevskiye Vyselki
306616258,3982030,ht,Chernyayevo
306616335,3982031,ht,Chernyayevo
306616489,3982033,ht,Chernyayevka
306616566,3982034,ht,Chernyayevka
306617413,3982045,ht,Chernyany
306617644,3982048,ht,Chernyanka
306617721,3982049,ht,Chernyakovo
306617875,3982051,ht,Chernyakovo
306618106,3982054,ht,Chernyakhovsk
306618568,3982060,ht,Chernushka
306618722,3982062,ht,Chernushka
306618953,3982065,ht,Chernukha
306619184,3982068,ht,Chernukha
306620185,3982081,ht,Chernoyerkovskaya
306620262,3982082,ht,Chernoye Ozero
306620416,3982084,ht,Tchernoye
306621494,3982098,ht,Chernoyar
306622033,3982105,ht,Chernovskiy
306622341,3982109,ht,Chernovodka
306622418,3982110,ht,Chernovodka
306622726,3982114,ht,Krasnoarmeyskoye
306623265,3982121,ht,Chernovka
306623573,3982125,ht,Chernovitsy
306623727,3982127,ht,Chernovet·skaya
306624266,3982134,ht,Chernosvitovo
306624882,3982142,ht,Chernorech'ye
306625190,3982146,ht,Chernorechenskoye
306625652,3982152,ht,Chernoposel'ye
306625960,3982156,ht,Chernoozerka
306626114,3982158,ht,Chernootrog
306626268,3982160,ht,Chernookovo
306626499,3982163,ht,Chernomorskiy
306626730,3982166,ht,Chernomorskiy
306626807,3982167,ht,Chernomorskaya
306626884,3982168,ht,Chernomorovskiy
306627038,3982170,ht,Chernoles
306627115,3982171,ht,Chernolesskoye
306627423,3982175,ht,Chernoistochinsk
306627731,3982179,ht,Chernogryazka
306627962,3982182,ht,Chernogolovka
306628809,3982193,ht,Chernichenskiye Dvory
306628963,3982195,ht,Chernitsyno
306629733,3982205,ht,Chernikovo
306630118,3982210,ht,Chernigov-Tokmachevskiy
306630349,3982213,ht,Chernigovskiy
306630657,3982217,ht,Chernigovskiy
306632428,3982240,ht,Cherneya
306633429,3982253,ht,Tchernevo
306633660,3982256,ht,Chernetsovo
306634199,3982263,ht,Chernet·skoye
306634276,3982264,ht,Chernetskoye
306634430,3982266,ht,Chernet·skoye
306634584,3982268,ht,Chernetskiy
306634661,3982269,ht,Chernetovo
306634815,3982271,ht,Chernenovo
306635662,3982282,ht,Chernaya Rechka
306635816,3982284,ht,Chernaya Rechka
306636047,3982287,ht,Chernaya Pyatina
306636201,3982289,ht,Chernaya Padina
306636432,3982292,ht,Chernaya Lakhta
306636586,3982294,ht,Chernaya Kholunitsa
306637433,3982305,ht,Chernaya Griva
306637818,3982310,ht,Chernaya
306639127,3982327,ht,Chornoye
306640821,3982349,ht,Chern'
306640975,3982351,ht,Chermoz
306641514,3982358,ht,Chermenino
306641668,3982360,ht,Chermen
306641899,3982363,ht,Cherlyay
306641976,3982364,ht,Cherlenkovo
306642053,3982365,ht,Cherlak
306642207,3982367,ht,Krasnoarmeyskoye
306642284,3982368,ht,Cherkizovo
306642746,3982374,ht,Tcherkasy
306642977,3982377,ht,Cherkessk
306643208,3982380,ht,Cherkasy
306643362,3982382,ht,Cherkassy
306643593,3982385,ht,Cherkassy
306643978,3982390,ht,Cherkasskoye
306644517,3982397,ht,Cherkasskaya-Konopel'ka
306644594,3982398,ht,Cherkasskaya Aleshnya
306644825,3982401,ht,Cherkasovy
306645980,3982416,ht,Cherinovo
306646211,3982419,ht,Cherevkovo
306646442,3982422,ht,Chereska
306647058,3982430,ht,Cherepovo
306647212,3982432,ht,Cherepovets
306647520,3982436,ht,Cherepet'
306647674,3982438,ht,Cherepanovshchina
306648829,3982453,ht,Cherentsovo
306649445,3982461,ht,Tcherenki
306649907,3982467,ht,Cheremushskiy
306649984,3982468,ht,Cheremushnitsy
306650215,3982471,ht,Cheremushki
306651678,3982490,ht,Cheremukhovo
306651909,3982493,ht,Cheremukhovo
306652063,3982495,ht,Cheremokhovka
306652217,3982497,ht,Cheremukhino
306652910,3982506,ht,Cheremshan
306653064,3982508,ht,Cheremsha
306653449,3982513,ht,Cheremoshnoye
306653526,3982514,ht,Cheremoshki
306653988,3982520,ht,Cheremukhovitsa
306654296,3982524,ht,Cheremisinovo
306655066,3982534,ht,Cherdyn'
306655143,3982535,ht,Cherdakly
306655682,3982542,ht,Cheranga
306655836,3982544,ht,Charakh
306655913,3982545,ht,Chepyk
306656144,3982548,ht,Chepurka
306656221,3982549,ht,Chentsovo
306656375,3982551,ht,Cheprino
306656452,3982552,ht,Chopovo
306656837,3982557,ht,Chepirovo
306656914,3982558,ht,Chepiginskaya
306656991,3982559,ht,Chepetskiy
306657222,3982562,ht,Chepelevo
306657530,3982566,ht,Chepary
306657607,3982567,ht,Chepanikha
306658069,3982573,ht,Chentsy
306658146,3982574,ht,Chentsy
306658223,3982575,ht,Chentsy
306658300,3982576,ht,Chentsy
306658916,3982584,ht,Chentsovo
306659301,3982589,ht,Chemuty
306660225,3982601,ht,Chemodanovka
306660302,3982602,ht,Chemodakovo
306660918,3982610,ht,Chemerichnyy
306661303,3982615,ht,Chemayevo
306661380,3982616,ht,Chemashur
306661996,3982624,ht,Chelva
306662535,3982631,ht,Chelno-Vershiny
306662920,3982636,ht,Chelnavo-Pokrovskoye
306663074,3982638,ht,Chelnavo-Dmitriyevskoye
306663536,3982644,ht,Chelmodeyevskiy Maydan
306663844,3982648,ht,Cholkhov
306663921,3982649,ht,Chelkasy
306664460,3982656,ht,Chelbasskaya
306665153,3982665,ht,Chekshino
306665384,3982668,ht,Cheksha
306665692,3982672,ht,Chekotovo
306665846,3982674,ht,Chekomas'yev
306665923,3982675,ht,Chekmeni
306666539,3982683,ht,Chekmagush
306666616,3982684,ht,Cheklo
306667001,3982689,ht,Chekhovo
306667078,3982690,ht,Chekhovka
306667155,3982691,ht,Chekhov
306667309,3982693,ht,Chekerevo
306667463,3982695,ht,Chekavinskiy
306667925,3982701,ht,Chekan Russkiy
306668772,3982712,ht,Chekalin
306669003,3982715,ht,Chegol'
306669465,3982721,ht,Chegem Vtoroy
306669542,3982722,ht,Chegem
306670081,3982729,ht,Chechulinskaya
306670312,3982732,ht,Chechulino
306670543,3982735,ht,Chechevilovo
306670851,3982739,ht,Checherovskiy
306671236,3982744,ht,Chechen-Aul
306671544,3982748,ht,Chebyshevka
306671698,3982750,ht,Chebykovo
306671852,3982752,ht,Cheburgol'
306672083,3982755,ht,Chebulduk
306672237,3982757,ht,Chebsara
306672853,3982765,ht,Chebotarevka
306672930,3982766,ht,Chebotarevka
306673084,3982768,ht,Chebotarev
306673238,3982770,ht,Cheboksary
306673315,3982771,ht,Cheboksary
306673700,3982776,ht,Cheben'ki
306673777,3982777,ht,Chebenevo
306674008,3982780,ht,Chebarkul'
306674085,3982781,ht,Chebaksa
306674470,3982786,ht,Chebachiy
306674701,3982789,ht,Chazhi
306674932,3982792,ht,Chazhegovo
306675240,3982796,ht,Shayan
306675317,3982797,ht,Chaykovskaya
306675856,3982804,ht,Chaykin
306676703,3982815,ht,Chavan'ga
306677396,3982824,ht,Chatovo
306677704,3982828,ht,Chastaya Dubrava
306677858,3982830,ht,Chat-Kel'
306678089,3982833,ht,Chastsy
306678397,3982837,ht,Chastobovo
306678628,3982840,ht,Chasovnya Verkhnyaya
306680630,3982866,ht,Chashnikovo
306680707,3982867,ht,Chashnikovo
306681708,3982880,ht,Chashchinskiye Dvoriki
306681785,3982881,ht,Chashchinskiy
306682247,3982887,ht,Chashchikha
306683325,3982901,ht,Charshi-Tartysh
306683479,3982903,ht,Charoy
306683710,3982906,ht,Charoda
306683787,3982907,ht,Charli
306684095,3982911,ht,Chardym
306684172,3982912,ht,Zamay-Yurt
306684249,3982913,ht,Chapygi
306684942,3982922,ht,Vislaya Dubrava
306685404,3982928,ht,Chaplygin
306685789,3982933,ht,Chapli
306686097,3982937,ht,Chapayevskoye
306686251,3982939,ht,Kalynove
306686482,3982942,ht,Chapayevskiy
306686713,3982945,ht,Chapayevskiy
306686790,3982946,ht,Chapayevsk
306688484,3982968,ht,Chapayevskoye
306688715,3982971,ht,Chan-Ruchey
306689177,3982977,ht,Chankayurt
306689562,3982982,ht,Chamzinka
306689870,3982986,ht,Chamlykskaya
306690409,3982993,ht,Chaltyr'
306690563,3982995,ht,Chalpy
306691641,3983009,ht,Chakola
306691949,3983013,ht,Chakhovo
306692334,3983018,ht,Chakhchakhkazmalyar
306692719,3983023,ht,Chagrinka
306692950,3983026,ht,Chagoda
306693181,3983029,ht,Chagino
306693412,3983032,ht,Chagan
306693797,3983037,ht,Chadlivo
306694413,3983045,ht,Chabyrovo
306694952,3983052,ht,Chaadayevka
306695414,3983058,ht,Bzhidskiy
306696492,3983072,ht,Bytosh'
306696569,3983073,ht,Bytnya
306696954,3983078,ht,Bystryata
306698032,3983092,ht,Bystroret·skiy
306698186,3983094,ht,Bystrogorskiy
306698340,3983096,ht,Bystritsy
306698494,3983098,ht,Bystritsa
306699187,3983107,ht,Bystrets
306700111,3983119,ht,Bynino
306700265,3983121,ht,Bylym
306701343,3983135,ht,Bykovskaya
306701574,3983138,ht,Bykovo
306702190,3983146,ht,Bykovo
306703422,3983162,ht,Bykovo
306703499,3983163,ht,Bykovo
306704346,3983174,ht,Bykovo
306704500,3983176,ht,Bykovo
306705193,3983185,ht,Bykovka
306705578,3983190,ht,Bykovo
306705655,3983191,ht,Bykovo
306707118,3983210,ht,Bykova
306707195,3983211,ht,Bykodorov
306707580,3983216,ht,Byki
306709351,3983239,ht,Bychok
306709659,3983243,ht,Bychkovo
306711507,3983267,ht,Byakovo
306712046,3983274,ht,Buzykovo
306712431,3983279,ht,Buzuluk
306713740,3983296,ht,Buzhaninovo
306713971,3983299,ht,Buzdyak
306714972,3983312,ht,Buysk
306715126,3983314,ht,Buynaksk
306715588,3983320,ht,Buyerak Popovskiy
306715896,3983324,ht,Buyavino
306716897,3983337,ht,Buy
306717436,3983344,ht,Butyrki
306717744,3983348,ht,Butyrki
306717821,3983349,ht,Butyrki
306720285,3983381,ht,Buturlinovka
306720362,3983382,ht,Buturlino
306720593,3983385,ht,Buturlinka
306721132,3983392,ht,Butovo
306721594,3983398,ht,Butovo
306721671,3983399,ht,Butorovo
306721979,3983403,ht,Butorino
306723288,3983420,ht,Butikovo
306723596,3983424,ht,Butenki
306723750,3983426,ht,Butayevo
306724751,3983439,ht,Buslovo
306724828,3983440,ht,Boguslavl'
306724982,3983442,ht,Busino
306725059,3983443,ht,Bushuki
306726291,3983459,ht,Burzyan-Yelga
306726445,3983461,ht,Buryazhki
306726676,3983464,ht,Buryanov
306727061,3983469,ht,Burunduki
306727754,3983478,ht,Burtunay
306727985,3983481,ht,Burtsevo
306728370,3983486,ht,Burtsevo
306728447,3983487,ht,Burtsevo
306728755,3983491,ht,Burtsevo
306728832,3983492,ht,Burtsevo
306729140,3983496,ht,Burtsevo
306729910,3983506,ht,Burtasy
306730757,3983517,ht,Bursanovskiy
306731142,3983522,ht,Buron
306731450,3983526,ht,Burnikha
306731527,3983527,ht,Burnat·skiye Vyselki
306731681,3983529,ht,Burnashevo
306731912,3983532,ht,Burnakovka
306732759,3983543,ht,Burmakino
306732913,3983545,ht,Burlykskiy
306733144,3983548,ht,Burly
306733375,3983551,ht,Burlatskoye
306735223,3983575,ht,Buribay
306736147,3983587,ht,Razlivy
306736609,3983593,ht,Burelomy
306736994,3983598,ht,Buregi
306737071,3983599,ht,Burdygino
306737764,3983608,ht,Burdukovo
306737841,3983609,ht,Bordikovo
306738380,3983616,ht,Burdakovo
306738534,3983618,ht,Burbyne
306738611,3983619,ht,Burbin
306738688,3983620,ht,Burbash
306738765,3983621,ht,Burayevo
306738919,3983623,ht,Buravtsovka
306738996,3983624,ht,Buraviyevka
306739227,3983627,ht,Orgakin
306739381,3983629,ht,Burashi
306739458,3983630,ht,Burashevo
306739535,3983631,ht,Buranovo
306739689,3983633,ht,Burannaya
306739843,3983635,ht,Burannaya
306739920,3983636,ht,Burangulovo
306740074,3983638,ht,Buranchino
306740228,3983640,ht,Boranchi
306740305,3983641,ht,Buranchi
306740382,3983642,ht,Buranbayevo
306742307,3983667,ht,Bunyatino
306742461,3983669,ht,Bunteikha
306742615,3983671,ht,Bun'kovo
306742692,3983672,ht,Bun'kovo
306742769,3983673,ht,Bunino
306743077,3983677,ht,Bunino
306743231,3983679,ht,Bunakovo
306743308,3983680,ht,Bunako-Sokolovets
306745464,3983708,ht,Bul'shevo
306746311,3983719,ht,Bulgurino
306746696,3983724,ht,Bolgar
306747466,3983734,ht,Bulgakovo
306747697,3983737,ht,Bulgakovo
306749006,3983754,ht,Buldyga
306749237,3983757,ht,Buldaki
306749776,3983764,ht,Bulavkino
306749853,3983765,ht,Bulavki Pervyye
306749930,3983766,ht,Bulat-Yelga
306750007,3983767,ht,Bulatovtsy
306750700,3983776,ht,Bulatov
306750931,3983779,ht,Bulatnikovo
306751162,3983782,ht,Bulansaz
306752933,3983805,ht,Bukreyevka
306753010,3983806,ht,Bukreyevka
306753087,3983807,ht,Bukreyevka
306753626,3983814,ht,Bukovo
306753703,3983815,ht,Bukovo
306754088,3983820,ht,Bukolovo
306755320,3983836,ht,Bukhovoye
306756090,3983846,ht,Bukholovka
306757553,3983865,ht,Buinsk
306757630,3983866,ht,Buinsk
306757861,3983869,ht,Buguruslan
306758323,3983875,ht,Bugul'ma
306759863,3983895,ht,Bugry
306760325,3983901,ht,Bugrovka
306760479,3983903,ht,Bugrovka
306760633,3983905,ht,Bugrino
306761557,3983917,ht,Bugayevka
306761634,3983918,ht,Bugaroy
306761942,3983922,ht,Bugabashevo
306762096,3983924,ht,Budyrovka
306762866,3983934,ht,Budvenets
306763020,3983936,ht,Budushcheye
306763174,3983938,ht,Budskiye Vyselki
306763867,3983947,ht,Budogoshch'
306767640,3983996,ht,Budyonnovsk
306768795,3984011,ht,Budarino
306768872,3984012,ht,Budarin
306769334,3984018,ht,Budanovka
306769411,3984019,ht,Budamsha
306769565,3984021,ht,Buda
306769719,3984023,ht,Budakhino
306770027,3984027,ht,Buda
306770104,3984028,ht,Buda
306770181,3984029,ht,Buda
306770566,3984034,ht,Buda
306770874,3984038,ht,Buda
306771259,3984043,ht,Buchki
306771567,3984047,ht,Buchalki
306771644,3984048,ht,Bubyakovo
306771721,3984049,ht,Bubrovo
306772106,3984054,ht,Bubnevo
306772491,3984059,ht,Bubnovo
306773338,3984070,ht,Bryzgalovo
306773492,3984072,ht,Bryzgalovo
306773646,3984074,ht,Bryzgalov
306773723,3984075,ht,Bryuzli
306773800,3984076,ht,Bryushli
306773877,3984077,ht,Bryushkovo
306773954,3984078,ht,Bryushki
306774031,3984079,ht,Bryumbel'
306774262,3984082,ht,Bryukhovo
306774339,3984083,ht,Bryukhovo
306774493,3984085,ht,Bryukhovetskaya
306774570,3984086,ht,Bryukhovaya
306774647,3984087,ht,Bryukhatovo
306775802,3984102,ht,Bryn'
306776110,3984106,ht,Brykovy Gory
306776187,3984107,ht,Brykovo
306776264,3984108,ht,Brykovo
306777881,3984129,ht,Bryanskaya
306777958,3984130,ht,Bryansk
306778343,3984135,ht,Bryandino
306779036,3984144,ht,Brusyanka
306779267,3984147,ht,Brusovoye
306779344,3984148,ht,Brusovoye
306779421,3984149,ht,Brusovo
306780114,3984158,ht,Brusnichnaya
306782193,3984185,ht,Bronnytsia
306783887,3984207,ht,Brodi
306784580,3984216,ht,Brod
306784657,3984217,ht,Briyent
306785427,3984227,ht,Brish
306786890,3984246,ht,Breytovo
306787814,3984258,ht,Brennoye
306788430,3984266,ht,Brekhovo
306788969,3984273,ht,Bredikhino
306789508,3984280,ht,Brazhnikovo
306790586,3984294,ht,Sovkhoznoye
306790894,3984298,ht,Nogamerzin-Yurt
306791510,3984306,ht,Brat·skiy
306791587,3984307,ht,Brat·skiy
306792203,3984315,ht,Bratovshchina
306793743,3984335,ht,Braslavl'
306794051,3984339,ht,Brancheyevka
306794128,3984340,ht,Braklitsa
306794513,3984345,ht,Braguny
306795668,3984360,ht,Bozhkovskiy
306796207,3984367,ht,Bozhatkovo
306796977,3984377,ht,Boykovo
306799595,3984411,ht,Boyarkino
306800057,3984417,ht,Boyarinovo
306800365,3984421,ht,Bovshevo
306800442,3984422,ht,Bovina
306801058,3984430,ht,Botovo
306801212,3984432,ht,Botovo
306801366,3984434,ht,Botovo
306801520,3984436,ht,Botogovo
306801597,3984437,ht,Botnya
306801828,3984440,ht,Botlikh
306801905,3984441,ht,Botkovo
306802136,3984444,ht,Botevy
306802213,3984445,ht,Botayki
306802367,3984447,ht,Botanikha
306802829,3984453,ht,Boshkatovo
306803291,3984459,ht,Borzoy
306805832,3984492,ht,Bortsino
306807295,3984511,ht,Bortniki
306807834,3984518,ht,Bortishche
306807911,3984519,ht,Bortikha
306808219,3984523,ht,Borskoye
306808527,3984527,ht,Borshchevskiye Peski
306809220,3984536,ht,Borshchevo
306810683,3984555,ht,Borshchov
306810914,3984558,ht,Bor-Sala
306810991,3984559,ht,Rakinskaya
306811068,3984560,ht,Bor Pudantsev
306811299,3984563,ht,Borozdy
306811376,3984564,ht,Borozdinovskaya
306811761,3984569,ht,Borozda
306811915,3984571,ht,Borovyye
306811992,3984572,ht,Borovukha
306812839,3984583,ht,Borovskaya
306813147,3984587,ht,Borovskaya
306813224,3984588,ht,Bor
306813455,3984591,ht,Borovsk
306813532,3984592,ht,Borovsk
306813994,3984598,ht,Borovoy
306814456,3984604,ht,Borovoy
306814533,3984605,ht,Borovoy
306816381,3984629,ht,Borovka
306816689,3984633,ht,Borovka
306816766,3984634,ht,Borovka
306817305,3984641,ht,Borovitsa
306817459,3984643,ht,Borovino
306817767,3984647,ht,Borovikovskaya
306818075,3984651,ht,Boroviki
306818460,3984656,ht,Borovichi
306818768,3984660,ht,Borovensk
306820231,3984679,ht,Boro Pervoye
306820693,3984685,ht,Sulezhskiy Borok
306820847,3984687,ht,Brazhenets
306821001,3984689,ht,Brazhenets
306821078,3984690,ht,Brazhenets
306821155,3984691,ht,Brazhenets
306821771,3984699,ht,Brazhenets
306821848,3984700,ht,Brazhenets
306822618,3984710,ht,Brazhenets
306823157,3984717,ht,Brazhenets
306823465,3984721,ht,Brazhenets
306823696,3984724,ht,Brazhenets
306824158,3984730,ht,Brazhenets
306824312,3984732,ht,Borodynovka
306824389,3984733,ht,Bordyanka
306824697,3984737,ht,Borodulino
306824851,3984739,ht,Boroduli
306825313,3984745,ht,Borodinskiy
306825621,3984749,ht,Borodinovka
306826776,3984764,ht,Borodino
306826930,3984766,ht,Borodino
306827315,3984771,ht,Borodino
306827392,3984772,ht,Borodino
306827623,3984775,ht,Borodino
306828239,3984783,ht,Borodava
306829625,3984801,ht,Borkovskoye
306829856,3984804,ht,Borkovo
306830010,3984806,ht,Borkovo
306830087,3984807,ht,Borkovka
306831011,3984819,ht,Borki
306831088,3984820,ht,Borki
306832012,3984832,ht,Borki
306832320,3984836,ht,Borki
306833475,3984851,ht,Borki
306834630,3984866,ht,Borisovskiy
306834861,3984869,ht,Borisovskaya
306835477,3984877,ht,Borisovshchina
306835554,3984878,ht,Borisovo-Sudskoye
306835631,3984879,ht,Borisovo Pole
306835785,3984881,ht,Borisovo-Okolitsy
306838557,3984917,ht,Orekhovo-Borisovo Yuzhnoye
306838711,3984919,ht,Borisovo
306838865,3984921,ht,Borisovo
306839404,3984928,ht,Borisovo
306840482,3984942,ht,Borisovka
306840713,3984945,ht,Borisovka
306841175,3984951,ht,Borisovka
306841560,3984956,ht,Borisovka
306842407,3984967,ht,Borisovka
306842484,3984968,ht,Borisovka
306842792,3984972,ht,Borisova Polyana
306842869,3984973,ht,Borisova Griva
306843177,3984977,ht,Borisoglebskoye
306843331,3984979,ht,Boris-Gleb
306843562,3984982,ht,Borisoglebskoye
306843639,3984983,ht,Borisoglebskiy
306843793,3984985,ht,Borisoglebsk
306843947,3984987,ht,Borisoglebsk
306844717,3984997,ht,Boriskovo
306845025,3985001,ht,Boriskovo
306845333,3985005,ht,Boriskino Igar
306845410,3985006,ht,Boriskino
306845487,3985007,ht,Boriskino
306845564,3985008,ht,Boriskino
306845641,3985009,ht,Boriskino
306845718,3985010,ht,Borisikha
306845795,3985011,ht,Borishchevo
306846257,3985017,ht,Borinskoye
306846411,3985019,ht,Borinka
306846642,3985022,ht,Borikhino
306846719,3985023,ht,Borikhino
306846796,3985024,ht,Borgustanskaya
306846950,3985026,ht,Borgino
306847027,3985027,ht,Boreykovo
306847335,3985031,ht,Borèt
306847566,3985034,ht,Boretno
306847643,3985035,ht,Borel'
306847951,3985039,ht,Borduki
306848567,3985047,ht,Borbushino
306848721,3985049,ht,Bor Belkova
306848798,3985050,ht,Bor'ba
306849260,3985056,ht,Bol'shoy Bor
306851108,3985080,ht,Bor
306852417,3985097,ht,Bor
306852571,3985099,ht,Bor
306852725,3985101,ht,Bor
306852956,3985104,ht,Bor
306853110,3985106,ht,Bor
306853264,3985108,ht,Bor
306853418,3985110,ht,Bor
306853880,3985116,ht,Bor
306854265,3985121,ht,Bonevo
306854419,3985123,ht,Bondyug
306854727,3985127,ht,Kharchenky
306854804,3985128,ht,Bondarevskiy
306855574,3985138,ht,Stepnoye
306855805,3985141,ht,Bondarenko
306856190,3985146,ht,Bonakova
306856267,3985147,ht,Bamut
306856344,3985148,ht,Bomina
306856575,3985151,ht,Bolynkovka
306856652,3985152,ht,Balychi
306857884,3985168,ht,Boltino
306858115,3985171,ht,Boltayevka
306858423,3985175,ht,Bol'shoy Zmeinets
306858500,3985176,ht,Bol'shoy Zhuzhges
306858654,3985178,ht,Zelenets
306860502,3985202,ht,Bol'shoy Tsaryn
306860810,3985206,ht,Bol'shoy Tolkay
306861272,3985212,ht,"Bol'shoy Tag""yasher"
306861426,3985214,ht,Bol'shoy Surmet
306861503,3985215,ht,Bol'shoy Sundyr'
306861657,3985217,ht,Bol'shoy Sulabash
306862119,3985223,ht,Siuch
306862273,3985225,ht,Bol'shoy Shustruy
306863043,3985235,ht,Bol'shoy Shaganur
306863197,3985237,ht,Bol'shoy Seleg
306863274,3985238,ht,Bol'shoy Satnur
306863351,3985239,ht,Bol'shoy Sars
306863505,3985241,ht,Bol'shoy Sardan
306863582,3985242,ht,Bol'shoy Sanchur
306863736,3985244,ht,Bol'shoy Samovets
306863813,3985245,ht,Bol'shoy Sabsk
306863967,3985247,ht,Bol'shoy Ryn
306864044,3985248,ht,Bol'shoy Ruyal
306866123,3985275,ht,Bol'shoy Oy Vozh
306867047,3985287,ht,Bol'shoy Mutor
306867278,3985290,ht,Mochegay
306867355,3985291,ht,Mishkinskaya
306867817,3985297,ht,Bol'shoy Mashlyak
306868125,3985301,ht,Bol'shoy Makatelem
306868202,3985302,ht,Bol'shoy Lychak
306868279,3985303,ht,Bol'shoy Lyazhdur
306868356,3985304,ht,Bol'shoy Lutsk
306868433,3985305,ht,Bol'shoy Lug
306868587,3985307,ht,Bol'shoy Lug
306869049,3985313,ht,Bol'shoy Log
306869280,3985316,ht,Bol'shoy Lekmash
306869357,3985317,ht,Bol'shoy Latovets
306869588,3985320,ht,Bol'shoy Kuvay
306869819,3985323,ht,Bol'shoy Kumysh
306870281,3985329,ht,Bol'shoy Kuganavolok
306870435,3985331,ht,Bol'shoy Krutets
306870897,3985337,ht,Bol'shoy Kozhlayal
306870974,3985338,ht,Bol'shoy Kon'
306871051,3985339,ht,Bol'shoy Kulyanur
306871128,3985340,ht,Bol'shoy Koloyar
306871436,3985344,ht,Bol'shoy Klyuch
306872052,3985352,ht,Bol'shoy Khomutets
306872976,3985364,ht,Bol'shoy Karay
306876364,3985408,ht,Bol'shoye Zagarino
306878058,3985430,ht,Yafanovo
306879290,3985446,ht,Bol'shoye Voronovo
306879752,3985452,ht,Vocherovo
306879983,3985455,ht,Bol'shoye Viselevo
306880676,3985464,ht,Bol'shoye Ust'ye
306880753,3985465,ht,Bol'shoye Ust'ye
306880830,3985466,ht,Bol'shoye Usad'ye
306880907,3985467,ht,Bol'shoye Ukleyno
306881215,3985471,ht,Bol'shoye Tukachevo
306883294,3985498,ht,Bol'shoye Svinor'ye
306883756,3985504,ht,Bol'shoye Starosel'ye
306884141,3985509,ht,Bol'shoye Sotnikovo
306884295,3985511,ht,Bol'shoye Soldat·skoye
306884526,3985514,ht,Bol'shoye Sodomovo
306884603,3985515,ht,Bol'shoye Sodomovo
306884834,3985518,ht,Bol'shoye Skuratovo
306885912,3985532,ht,Bol'shoye Shelepino
306885989,3985533,ht,Bol'shoye Shchapovo
306886066,3985534,ht,Bol'shoye Sharkovo
306886143,3985535,ht,Shaldovo
306886836,3985544,ht,Bol'shoye Selo
306888376,3985564,ht,Bol'shoye Red'kino
306888530,3985566,ht,Bol'shoye Ramen'ye
306888761,3985569,ht,Bol'shoye Ramen'ye
306888838,3985570,ht,Bol'shoye Rakovno
306888992,3985572,ht,Putyatino
306889069,3985573,ht,Bol'shoye Pseushkho
306889146,3985574,ht,Bol'shoye Prokshino
306889300,3985576,ht,Bol'shoye Poshutino
306889454,3985578,ht,Bol'shaya Poluninka
306889531,3985579,ht,Bol'shoye Polpino
306889916,3985584,ht,Bol'shoye Pokrovskoye
306890070,3985586,ht,Bol'shoye Pogorelovo
306890532,3985592,ht,Bol'shoye Pivkino
306890686,3985594,ht,Bol'shoye Petrovo
306891379,3985603,ht,Bol'shoye Palozero
306891456,3985604,ht,Palkino
306891610,3985606,ht,Bol'shoye Ozerevo
306892303,3985615,ht,Bol'shoye Opochivalovo
306892457,3985617,ht,Bol'shoye Ondrovo
306892534,3985618,ht,Bol'shoye Oleksino
306892765,3985621,ht,Bol'shoye Ogryzkovo
306892842,3985622,ht,Bol'shoye Ogarevo
306892919,3985623,ht,Bol'shoye Obrech'ye
306893612,3985632,ht,Nikul'skoye
306894151,3985639,ht,Bol'shoye Nagatkino
306894459,3985643,ht,Bol'shoye Murashkino
306895460,3985656,ht,Manushkino
306895999,3985663,ht,Bol'shoye Lykovo
306896076,3985664,ht,Bol'shoye Lyakhovo
306897616,3985684,ht,Bol'shoye Kuz'mino
306898386,3985694,ht,Bol'shoye Krotovo
306898848,3985700,ht,Bol'shoye Kozino
306899541,3985709,ht,Bol'shoye Koreyevo
306899618,3985710,ht,Bol'shoye Kopylovo
306899772,3985712,ht,Konstantinovka
306899849,3985713,ht,Bol'shoye Konovalovo
306900003,3985715,ht,Bol'shoye Kolychevo
306900080,3985716,ht,Bol'shoye Kol'tsovo
306900234,3985718,ht,Bol'shoye Kobzevo
306902005,3985741,ht,Bol'shoye Kapustno
306902390,3985746,ht,Bol'shoye Kadyle
306902621,3985749,ht,Bol'shoye Ivashovo
306903160,3985756,ht,Bol'shoye Ignatovo
306903237,3985757,ht,Gvozdovo
306903314,3985758,ht,Bol'shoye Gryzlovo
306903391,3985759,ht,Grishino
306903699,3985763,ht,Grebenino
306904084,3985768,ht,Bol'shoye Gorevo
306904161,3985769,ht,Bol'shegordino
306904238,3985770,ht,Bol'shoye Glisno
306904623,3985775,ht,Bol'shegabdinovo
306906009,3985793,ht,Bol'shoye Churkino
306906317,3985797,ht,Bol'shoye Chigashevo
306906471,3985799,ht,Bol'shoye Cherevatovo
306906548,3985800,ht,Bol'shoye Cheresovo
306906779,3985803,ht,Bol'shoye Chebayevo
306906856,3985804,ht,Bol'shoye Buzanovo
306906933,3985805,ht,Bol'shoye Buyanovo
306907703,3985815,ht,Bol'shoye Boldino
306908011,3985819,ht,Bol'shoye Bezgachevo
306909320,3985836,ht,Bol'shoye Andreykovo
306909474,3985838,ht,Bol'shoye Anan'kino
306910090,3985846,ht,Akchura
306910321,3985849,ht,Bol'shoye Afanasovo
306910552,3985852,ht,Aki-Aryl
306910783,3985855,ht,Bol'shoy Dvor
306911014,3985858,ht,Bol'shoy Dvor
306911091,3985859,ht,Bol'shoy Dvor
306911245,3985861,ht,Bol'shoy Dvor
306911553,3985865,ht,Bol'shoy Dvor
306911707,3985867,ht,Bol'shoy Dvor
306911938,3985870,ht,Bol'shoy Drovosek
306912015,3985871,ht,Bol'shoy Dor
306912169,3985873,ht,Bol'shoy Dolzhik
306912246,3985874,ht,Bol'shoy Chirkley
306912554,3985878,ht,Bol'shoy Cherdak
306912631,3985879,ht,Bol'shoy Chektaknur
306912785,3985881,ht,Bol'sheprudnyy
306913016,3985884,ht,Bol'shoy Bugodak
306913324,3985888,ht,Bol'shoy Bozhay
306914402,3985902,ht,Verkhniy Barkhanchak
306914787,3985907,ht,Bol'shoy
306915172,3985912,ht,Bol'shoy
306915249,3985913,ht,Bol'shovskaya
306915326,3985914,ht,Bol'shovka
306915480,3985916,ht,Bol'shiye Zhidovichi
306915634,3985918,ht,Bol'shiye Zheltoukhi
306915788,3985920,ht,Bol'shiye Zelenki
306917020,3985936,ht,Bol'shiye Vyazemy
306919022,3985962,ht,Bol'shiye Toktashi
306919484,3985968,ht,Bol'shiye Tarkhany
306921178,3985990,ht,Bol'shiye Shcherbinichi
306922025,3986001,ht,Bol'shiye Savki
306922718,3986010,ht,Bol'shiye Remezenki
306925259,3986043,ht,Bol'shiye Parfenki
306925798,3986050,ht,Bol'shiye Ozerki
306925952,3986052,ht,Bol'shiye Ozerki
306926491,3986059,ht,Bol'shiye Osinki
306926876,3986064,ht,Bol'shiye Oni
306927261,3986069,ht,Bol'shiye Nogeuksy
306927954,3986078,ht,Bol'shiye Mordovskiye Poshaty
306928262,3986082,ht,Bol'shiye Meteski
306928493,3986085,ht,Bol'shiye Memi
306928570,3986086,ht,Bol'shiye Medyantsy
306928724,3986088,ht,Bol'shiye Manadyshi
306928801,3986089,ht,Bol'shiye Mamyshi
306928878,3986090,ht,Bol'shiye Malosheviny
306928955,3986091,ht,Bol'shiye Lyzki
306929032,3986092,ht,Lyul'pany
306929571,3986099,ht,Bol'shiye Lovositsy
306929802,3986102,ht,Bol'shiye Lomy
306930649,3986113,ht,Bol'shiye Kusty
306930803,3986115,ht,Bol'shiye Kurguzi
306930880,3986116,ht,Bol'shiye Kunitsy
306931188,3986120,ht,Bol'shiye Kuligi
306931342,3986122,ht,Bol'shiye Kryuki
306931419,3986123,ht,Bol'shiye Kryshki
306931727,3986127,ht,Bol'shiye Kozly
306932728,3986140,ht,Bol'shiye Kolodezi
306932805,3986141,ht,Bol'shiye Kokuzy
306933421,3986149,ht,Bol'shiye Klyari
306933960,3986156,ht,Bol'shiye Kibya-Kozi
306934114,3986158,ht,Bol'shiye Khutora
306934268,3986160,ht,Bol'shiye Khokhryaki
306934422,3986162,ht,Bol'shiye Kaybitsy
306934653,3986165,ht,Bol'shiye Karzi
306934884,3986168,ht,Korchany
306935192,3986172,ht,Kabachki
306935654,3986178,ht,Bol'shiye Gusarki
306935731,3986179,ht,Gumentsy
306936347,3986187,ht,Bol'shiye Gorki
306936732,3986192,ht,Bol'shiye Golubochki
306936886,3986194,ht,Bol'shiye Gari
306937040,3986196,ht,Bol'shiye Galashki
306937117,3986197,ht,Bol'shiye Dvory
306937887,3986207,ht,Bol'shiye Chirki
306937964,3986208,ht,Chirki
306938041,3986209,ht,Chervyaki
306938426,3986214,ht,Bol'shiye Butyrki
306939196,3986224,ht,Bol'shiye Berezniki
306939273,3986225,ht,Bol'shiye Berezitsy
306939350,3986226,ht,Bol'shiye Berezhki
306939504,3986228,ht,Bol'shiye Belyaki
306939812,3986232,ht,Baklushi
306939966,3986234,ht,Bol'shiye Bagishi
306940043,3986235,ht,Bol'shiye Azobichi
306940659,3986243,ht,Bol'shiye Achasyry
306940736,3986244,ht,Bol'shiye Abakasy
306940813,3986245,ht,Bol'shinskiy
306940967,3986247,ht,Bol'shikovo
306941429,3986253,ht,Bol'shaya Yelovaya
306941506,3986254,ht,Bol'shevysokovo
306941660,3986256,ht,Bol'shoye Vosnoye
306941737,3986257,ht,Bol'shevodskoye
306941814,3986258,ht,Bol'shevo
306942045,3986261,ht,Bol'shevitsy
306942199,3986263,ht,Bolchevik
306942276,3986264,ht,Bolchevik
306942507,3986267,ht,Bolchevik
306943508,3986280,ht,Bol'sheust'ikinskoye
306946126,3986314,ht,Bol'she-Karinskoye
306949206,3986354,ht,Bol'shaya Zapan'
306949514,3986358,ht,Yunda
306950592,3986372,ht,Bol'shaya Yekaterinovka
306952055,3986391,ht,Bol'shaya Vishera
306952440,3986396,ht,Vershina
306953210,3986406,ht,Bol'shaya Usa
306955135,3986431,ht,Syuba
306956290,3986446,ht,Bol'shaya Sosnova
306956598,3986450,ht,Bol'shaya Sloboda
306956675,3986451,ht,Bol'shaya Sloboda
306956752,3986452,ht,Bol'shaya Slatnya
306957214,3986458,ht,Bol'shaya Shiya
306958215,3986471,ht,Bol'shaya Shabanka
306958292,3986472,ht,Bol'shaya Serva
306958369,3986473,ht,Bol'shaya Sergiyevka
306958677,3986477,ht,Verkhnyaya Serda
306959524,3986488,ht,Bol'shaya Ryazan'
306961372,3986512,ht,Bol'shaya Pudga
306963605,3986541,ht,Bol'shaya Palit·skaya
306963990,3986546,ht,Bol'shaya Osinovka
306964067,3986547,ht,Bol'shaya Osinovka
306964221,3986549,ht,Bol'shaya Orlovka
306964375,3986551,ht,Bol'shaya Opalikha
306964529,3986553,ht,Bol'shaya Olma
306964606,3986554,ht,Bol'shaya Oka
306966993,3986585,ht,Bol'shaya Mar'yevka
306967070,3986586,ht,Bol'shaya Martynovka
306967224,3986588,ht,Bol'shaya Maminskaya
306967455,3986591,ht,Bol'shaya Mokhovatka
306967686,3986594,ht,Bol'shaya Lys'va
306967763,3986595,ht,Bol'shaya Lutna
306968148,3986600,ht,Verkhnyaya Luka
306968225,3986601,ht,Bol'shaya Luka
306968841,3986609,ht,Bol'shaya Lopsola
306969226,3986614,ht,Bol'shaya Lipovitsa
306969996,3986624,ht,Laya
306971074,3986638,ht,Bol'shaya Kulikovka
306971228,3986640,ht,Bol'shaya Kugul'ta
306971459,3986643,ht,Kriusha
306972460,3986656,ht,Bol'shoye Koshayevo
306972537,3986657,ht,Bol'shaya Kosha
306974539,3986683,ht,Bol'shaya Kazan'
306974693,3986685,ht,Bol'shaya Kashayevka
306975309,3986693,ht,Bol'shaya Kandala
306975771,3986699,ht,Bol'shaya Kamenka
306976387,3986707,ht,Bol'shaya Izhora
306976464,3986708,ht,Bol'shaya Izhmora
306979082,3986742,ht,Bol'shaya Glushitsa
306979159,3986743,ht,Bol'shaya Fominka
306979621,3986749,ht,Bol'shaya Dzhalga
306979698,3986750,ht,Bol'shaya Dubrovka
306980160,3986756,ht,Bol'shaya Doroginka
306980699,3986763,ht,Bol'shaya Dok'ya
306980930,3986766,ht,Bol'shaya Dmitrovka
306981315,3986771,ht,Bol'shaya Derevnya
306981392,3986772,ht,Bol'shaya Derevnya
306981469,3986773,ht,Bol'shaya Denisyata
306982085,3986781,ht,Bol'shaya Chernigovka
306982316,3986784,ht,Bol'shaya Chernava
306982932,3986792,ht,Bol'shaya Bugryanitsa
306983240,3986796,ht,Bol'shaya Brembola
306984626,3986814,ht,Bol'shaya Atnya
306985550,3986826,ht,Bol'shaya Aleshnya
306986397,3986837,ht,Bol'shaya
306986705,3986841,ht,Bol'shakovo
306987244,3986848,ht,Bolot·skoye
306988245,3986861,ht,Bolotovo
306988322,3986862,ht,Bolotovo
306988476,3986864,ht,Bolotovo
306988553,3986865,ht,Bolotovo
306988707,3986867,ht,Bolotovo
306988861,3986869,ht,Bolotovka
306988938,3986870,ht,Bolotovka
306989092,3986872,ht,Boloto
306989169,3986873,ht,Boloto
306990016,3986884,ht,Bolotnikovo
306990093,3986885,ht,Bolotnikovo
306990632,3986892,ht,Boloshnevo
306991094,3986898,ht,Bolokhovo
306991325,3986901,ht,Bologoye
306991864,3986908,ht,Bolkhuny
306992018,3986910,ht,Bolkhovskoye
306992326,3986914,ht,Bolkhov
306992403,3986915,ht,Bolkhov
306992634,3986918,ht,Bolgatovo
306993250,3986926,ht,Boldyrevo
306993789,3986933,ht,Boldinovka
306994790,3986946,ht,Boksitogorsk
306994944,3986948,ht,Bokovskaya
306995252,3986952,ht,Bokovo
306995329,3986953,ht,Bokovo
306995560,3986956,ht,Bokino
306996561,3986969,ht,Bogusskiy
306996638,3986970,ht,Bogoslovka
306996715,3986971,ht,Bogoslovka
306997177,3986977,ht,Bogunovo
306997562,3986982,ht,Boguchar
306997716,3986984,ht,Bogryashka
306997793,3986985,ht,Bogrinovo
306998101,3986989,ht,Bogoyavlenka
306998178,3986990,ht,Bogoyavlenskoye
306998255,3986991,ht,Bogoyavlenka
306998332,3986992,ht,Bogoyavlenskiy
306998794,3986998,ht,Bogoyavlenka
306999025,3987001,ht,Bogoyavleniye
306999102,3987002,ht,Bogovarovo
306999179,3987003,ht,Bogoslovskoye
306999564,3987008,ht,Bogoslovo
306999949,3987013,ht,Bogoslovka
307000257,3987017,ht,Bogoslovka
307001258,3987030,ht,Bogorodskoye
307001643,3987035,ht,Bogorodskoye
307001797,3987037,ht,Bogorodskoye
307001874,3987038,ht,Bogorodskoye
307002952,3987052,ht,Bogorodskoye
307003722,3987062,ht,Bogorodskoye
307004569,3987073,ht,Bogorodsk
307004877,3987077,ht,Bogoroditskoye
307005493,3987085,ht,Bogorodit·skoye
307005878,3987090,ht,Bogorodit·skoye
307006417,3987097,ht,Bogoroditskoye
307006879,3987103,ht,Bogoroditsk
307007264,3987108,ht,Bogomolovsko-Kiselevskiy
307008265,3987121,ht,Bogolyubovo
307008496,3987124,ht,Bogolyubovo
307008727,3987127,ht,Bohodukhiv
307008804,3987128,ht,Bohodukhiv
307008881,3987129,ht,Bohodukhiv
307009343,3987135,ht,Bogodenovo
307009420,3987136,ht,Boglayevo
307009574,3987138,ht,Bogdo
307010036,3987144,ht,Bogdashino
307010190,3987146,ht,Bogdasarov
307010267,3987147,ht,Bogdarnya
307010729,3987153,ht,Bogdanovka
307013039,3987183,ht,Bogdanovo
307013193,3987185,ht,Bogdanovka Pervaya
307013270,3987186,ht,Bogdanovka
307013424,3987188,ht,Bogdanovo
307014117,3987197,ht,Bogdanovka
307014733,3987205,ht,Bogdanovka
307014810,3987206,ht,Bogdanovka
307016196,3987224,ht,Bogdan'
307016350,3987226,ht,Bogayevo
307016504,3987228,ht,Bogatyye Saby
307016581,3987229,ht,Bogatyye Ploty
307016812,3987232,ht,Bogatyrka
307016889,3987233,ht,Bogatyrka
307017582,3987242,ht,Bogatyrevka
307017659,3987243,ht,Bogatyrevka
307017813,3987245,ht,Bogatyrev
307017890,3987246,ht,Bogatyrev
307017967,3987247,ht,Bogatyr'
307018044,3987248,ht,Bogatyr'
307018198,3987250,ht,Bogatovka
307019892,3987272,ht,Bogachevo
307020200,3987276,ht,Bodyakovo
307021509,3987293,ht,Bochilovo
307022510,3987306,ht,Bocharovo
307022664,3987308,ht,Bocharovka
307022741,3987309,ht,Bocharov
307022818,3987310,ht,Bocharov
307023049,3987313,ht,Bochani
307023203,3987315,ht,Bochaga
307024127,3987327,ht,Bobylevka
307025051,3987339,ht,Bobry
307025513,3987345,ht,Bobrytske
307025590,3987346,ht,Bobrovskiy Vtoroy
307025667,3987347,ht,Bobrovskiy Pervyy
307026668,3987360,ht,Bobrovo
307026976,3987364,ht,Bobrovo
307027053,3987365,ht,Bobrovo
307028054,3987378,ht,Bobrovka
307028131,3987379,ht,Bobrovka
307028362,3987382,ht,Bobrovka
307028439,3987383,ht,Bobrovka
307028516,3987384,ht,Bobrovka
307028747,3987387,ht,Bobrovka
307028824,3987388,ht,Bobrovka
307029517,3987397,ht,Bobrovik
307029594,3987398,ht,Bobrovichi
307029902,3987402,ht,Bobrovets
307030364,3987408,ht,Bobrov
307030980,3987416,ht,Bobrik
307031057,3987417,ht,Bobrik
307031134,3987418,ht,Bobrik
307031288,3987420,ht,Bobrik
307031442,3987422,ht,Bobrava
307031519,3987423,ht,Bobrava
307031904,3987428,ht,Bobovnya
307031981,3987429,ht,Bobovnya
307035677,3987477,ht,Blizhnyaya Igumenka
307036293,3987485,ht,Blizhneye Natarovo
307036524,3987488,ht,Blizhnepodgorskiy
307036601,3987489,ht,Blizhne-Pesochnoye
307037448,3987500,ht,Blinovo
307037987,3987507,ht,Blinnyye-Kuchi
307038141,3987509,ht,Blinkovskiy
307038295,3987511,ht,Blechepsin
307038449,3987513,ht,Blaznovo
307038526,3987514,ht,Blaznovo
307039142,3987522,ht,Blagoyevo
307039989,3987533,ht,Blagoveshchenskoye
307040143,3987535,ht,Blagoveshchenskiy
307040374,3987538,ht,Blagoveshchenskiy
307040528,3987540,ht,Blagoveshchenskaya
307040682,3987542,ht,Blagoveshchensk
307040836,3987544,ht,Blagoveshchenka Vtoraya
307041375,3987551,ht,Blagoslovenka
307041529,3987553,ht,Blagodatovka
307041683,3987555,ht,Blagodatovka
307041760,3987556,ht,Blagodatnyy
307042838,3987570,ht,Blagodatnoye
307043608,3987580,ht,Blagodat'
307044378,3987590,ht,Blagodarnyy
307044455,3987591,ht,Blagodarnoye
307044917,3987597,ht,Blaginino
307045379,3987603,ht,Bizyaki
307045456,3987604,ht,Bizhbulyak
307045764,3987608,ht,Biysey
307045995,3987611,ht,Biyash
307046072,3987612,ht,Biyanka
307046611,3987619,ht,Bityagovo
307046842,3987622,ht,Bit'kovo
307047535,3987631,ht,Bishtiryak
307047612,3987632,ht,Bishtinovo
307047920,3987636,ht,Bishkurayevo
307047997,3987637,ht,Bishkurayevo
307048382,3987642,ht,Bishkain
307048459,3987643,ht,Bishevo
307048844,3987648,ht,Bisert'
307048998,3987650,ht,Biserovo
307049152,3987652,ht,Biserovo
307049229,3987653,ht,Staryy Biser
307049383,3987655,ht,Staraya Bisarka
307049614,3987658,ht,Biryul'ki
307049845,3987661,ht,Biryukovskiy
307050692,3987672,ht,Biryuch'ya-Kosa
307050769,3987673,ht,Biryuch'ya Balka
307051000,3987676,ht,Biryuchiy
307051154,3987678,ht,Biryuchiy
307051462,3987682,ht,Biryuchovo
307051847,3987687,ht,Biryuchek
307051924,3987688,ht,Biryuch
307052078,3987690,ht,Biryuch
307052155,3987691,ht,Biryubash
307052309,3987693,ht,Birsk
307053618,3987710,ht,Bilyarsk
307054157,3987717,ht,Bilimbay
307059470,3987786,ht,Bibirevo
307061318,3987810,ht,Bezymeno
307061857,3987817,ht,Bezvodnyye Prudishchi
307062242,3987822,ht,Bezvodnoye
307062319,3987823,ht,Bezvodnoye
307062627,3987827,ht,Bezvodnoye
307063012,3987832,ht,Bezvodnaya
307063782,3987842,ht,Bezrechnyy
307064013,3987845,ht,Bezopasnoye
307065091,3987859,ht,Bezmenkovo
307065322,3987862,ht,Bezlychnoye
307065553,3987865,ht,Bezlesnyy
307065861,3987869,ht,Bezlepkino
307066400,3987876,ht,Bezaj
307066477,3987877,ht,Bezhka
307066708,3987880,ht,Bezhetsk
307066939,3987883,ht,Berezhnytsia
307067016,3987884,ht,Bezgodovo
307067093,3987885,ht,Bezgodovka
307067709,3987893,ht,Bezengi
307067786,3987894,ht,Bezenchuk
307067863,3987895,ht,Bezdonnoye
307067940,3987896,ht,Bezdenezhnyye
307068017,3987897,ht,Bezdenezh'ye
307068248,3987900,ht,Kuznetsovo
307068479,3987903,ht,Bezborodovskiy
307068864,3987908,ht,Beysugskoye
307069249,3987913,ht,Betta
307069480,3987916,ht,Betlitsa
307069711,3987919,ht,Bet'ki
307069788,3987920,ht,Bet'ki
307070019,3987923,ht,Betina
307071867,3987947,ht,Bessonovka
307071944,3987948,ht,Bessonovka
307072021,3987949,ht,Bessonovka
307072175,3987951,ht,Bessonovka
307072406,3987954,ht,Bessolovo
307072483,3987955,ht,Bessolovo
307072637,3987957,ht,Besskorbnaya
307073330,3987966,ht,Besplemyanovskiy
307074023,3987975,ht,Besovka
307074177,3987977,ht,Besleneyevskaya
307074254,3987978,ht,Besleney
307074331,3987979,ht,Beslan
307074639,3987983,ht,Beshtaunit
307074870,3987986,ht,Beshpagir
307075486,3987994,ht,Besedy
307076256,3988004,ht,Berzikha
307076795,3988011,ht,Bershovo
307076872,3988012,ht,Bershet'
307077719,3988023,ht,Bernisheno
307077950,3988026,ht,Berlyukovo
307078027,3988027,ht,Berlyachevo
307078104,3988028,ht,Berlova
307078181,3988029,ht,Berlog
307078412,3988032,ht,Berlezovo
307079259,3988043,ht,Berkino
307079336,3988044,ht,Berkhino
307079644,3988048,ht,Berikey
307079798,3988050,ht,Berguta
307080337,3988057,ht,Berezuyevka
307080414,3988058,ht,Berezuy
307080799,3988063,ht,Berezugi
307082570,3988086,ht,Berezovyy
307085881,3988129,ht,Berezovo
307086420,3988136,ht,Berezovo
307087729,3988153,ht,Berezovka Pervaya
307088499,3988163,ht,Berezova
307088961,3988169,ht,Berezovka
307089038,3988170,ht,Berezovka
307089423,3988175,ht,Berezovka
307091733,3988205,ht,Berezovka
307092118,3988210,ht,Berezovka
307092426,3988214,ht,Berezovka
307092734,3988218,ht,Berezovka
307093735,3988231,ht,Berezovka
307095275,3988251,ht,Berezovka
307095814,3988258,ht,Berezovka
307096353,3988265,ht,Berezovka
307096738,3988270,ht,Berezovka
307097046,3988274,ht,Berezovka
307099125,3988301,ht,Berezovik
307099510,3988306,ht,Berezovets
307100357,3988317,ht,Berezovets
307101127,3988327,ht,Berezovaya Roshcha
307101589,3988333,ht,Berezovaya Gora
307103206,3988354,ht,Bereznyagi
307103745,3988361,ht,Bereznya
307104284,3988368,ht,Berezniki
307105901,3988389,ht,Berezniki
307106132,3988392,ht,Berezniki
307106209,3988393,ht,Berezniki
307106671,3988399,ht,Bereznik
307107056,3988404,ht,Bereznik
307107980,3988416,ht,Bereznik
307108288,3988420,ht,Bereznegovatka
307108365,3988421,ht,Berizky-Chechelnytski
307108442,3988422,ht,Berizky-Chechelnytski
307109058,3988430,ht,Berezki
307109135,3988431,ht,Berezki
307110136,3988444,ht,Berezka
307110521,3988449,ht,Berezka
307111368,3988460,ht,Berezino
307111522,3988462,ht,Berezino
307111599,3988463,ht,Berezina
307111676,3988464,ht,Berezina
307111984,3988468,ht,Berezhok
307114448,3988500,ht,Berezhki
307115295,3988511,ht,Berezinki
307115449,3988513,ht,Berezayka
307115603,3988515,ht,Berezay
307115757,3988517,ht,Berezanskaya
307116912,3988532,ht,Bereslavka
307117143,3988535,ht,Berendino
307117220,3988536,ht,Berendeyevo
307118837,3988557,ht,Bereg
307119376,3988564,ht,Bereg
307120146,3988574,ht,Berdyaush
307120377,3988577,ht,Berdyash
307120454,3988578,ht,Berdyash
307121378,3988590,ht,Berdebyaki Pervyye
307121686,3988594,ht,Berdagulovo
307121840,3988596,ht,Beranda
307122225,3988601,ht,Beno-Yurt
307122610,3988606,ht,Semidesnyy
307123226,3988614,ht,Belyy Rast
307123303,3988615,ht,Belyy Ples
307123534,3988618,ht,Belyy Kolodez' Vtoroy
307123611,3988619,ht,Belyy Kolodez' Pervyy
307123688,3988620,ht,Belyy Kolodez
307123842,3988622,ht,Belyy Kolodez
307124073,3988625,ht,Belyy Kolodez
307124150,3988626,ht,Belyy Kolodez
307124304,3988628,ht,Belyy-Kolodets
307125305,3988641,ht,Belyy Klyuch
307125767,3988647,ht,Belyy-Gorodok
307125844,3988648,ht,Belyye Yamy
307125921,3988649,ht,Belyye Stolby
307125998,3988650,ht,Belyye Rodniki
307126075,3988651,ht,Belyye-Prudy
307126152,3988652,ht,Belyye Prudy
307126383,3988655,ht,Belyye Kolodezi
307126537,3988657,ht,Belyye Berega
307126614,3988658,ht,Belyye Berega
307126999,3988663,ht,Belyy Bereg
307127076,3988664,ht,Belaya
307127153,3988665,ht,Belyy
307128385,3988681,ht,Belyayevka
307128770,3988686,ht,(( Belyayevskaya ))
307129771,3988699,ht,Belyasevo
307130002,3988702,ht,Belyayevo
307130849,3988713,ht,Belyayevka
307131850,3988726,ht,Belyanovo
307132312,3988732,ht,Belyanitsyno
307132543,3988735,ht,Belyaninovo
307132697,3988737,ht,Belyachikha
307133082,3988742,ht,Belyachnyy
307133390,3988746,ht,Beluzhino-Koldairov
307133544,3988748,ht,Belush'ya Guba
307134391,3988759,ht,Bor-Bel'skiy
307135161,3988769,ht,Belozersk
307136162,3988782,ht,Belozerikha
307138164,3988808,ht,Belyy Kolodez
307138318,3988810,ht,Beloye
307138703,3988815,ht,Belovskiy
307138857,3988817,ht,Belovskoye
307140859,3988843,ht,Belousovo
307141244,3988848,ht,Belousovo
307141937,3988857,ht,Beloshchel'ye
307142322,3988862,ht,Belorusovo
307142630,3988866,ht,Beloretsk
307142784,3988868,ht,Ilaskhan-Yurt
307143169,3988873,ht,Belorechensk
307143246,3988874,ht,Belorechensk
307143785,3988881,ht,Beloozyorskiy
307144247,3988887,ht,Beloostrov
307144324,3988888,ht,Beloomut
307144555,3988891,ht,Belomutovo
307144786,3988894,ht,Belomorsk
307145325,3988901,ht,Belomesnoye
307146018,3988910,ht,Belokatayevskaya Kazarma
307146095,3988911,ht,Belokamenka
307146249,3988913,ht,Belokamenka
307146711,3988919,ht,Belogor'ye
307146942,3988922,ht,Belogorskiy
307147096,3988924,ht,Belogorskiy
307147173,3988925,ht,Belogorskiy
307147789,3988933,ht,Belogrodnya
307147866,3988934,ht,Belogornoye
307148559,3988943,ht,Beloglinka
307150715,3988971,ht,Belkino
307150946,3988974,ht,Belkino
307151023,3988975,ht,Belkino
307152024,3988988,ht,Belinskiy
307153179,3989003,ht,Beli
307153564,3989008,ht,Belgorod
307153795,3989011,ht,Belgatoy
307154719,3989023,ht,Belev
307155181,3989029,ht,Belets
307156413,3989045,ht,Belebey
307157337,3989057,ht,Belaya Rechka
307157876,3989064,ht,Belaya Kholunitsa
307157953,3989065,ht,Belaya Kalitva
307158877,3989077,ht,Belaya Glina
307159108,3989080,ht,Belaya-Berezka
307160494,3989098,ht,Belaya
307161110,3989106,ht,Belavino
307162496,3989124,ht,Bekovo
307163882,3989142,ht,Bekhteyevka
307164267,3989147,ht,Bekhovo
307165807,3989167,ht,Bekeshevskaya
307166192,3989172,ht,Bekasovo
307166577,3989177,ht,Begunitsy
307166654,3989178,ht,Beguch
307167347,3989187,ht,Begichevskiy
307167809,3989193,ht,Begichevo
307169272,3989212,ht,Spassk
307169426,3989214,ht,Bedeyeva-Polyana
307171967,3989247,ht,Batikha
307174354,3989278,ht,Bazarovo
307174585,3989281,ht,Bazarnyy Uren'
307174662,3989282,ht,Bazarnyy Syzgan
307174739,3989283,ht,Bazarnyy Karabulak
307174816,3989284,ht,Bazarnyye Mataki
307176972,3989312,ht,Bayramaul
307178820,3989336,ht,Baymak
307179051,3989339,ht,Baylyangar
307180745,3989361,ht,Bayka
307181669,3989373,ht,Baygora
307185211,3989419,ht,Baybaki
307185750,3989426,ht,Boyady Vtoryye
307186058,3989430,ht,Bavtugay
307186135,3989431,ht,Bavly
307186212,3989432,ht,Bavleny
307187059,3989443,ht,Batyrevo
307188060,3989456,ht,Baturinskaya
307190832,3989492,ht,Batlaich
307191679,3989503,ht,Batetskiy
307192064,3989508,ht,Botayurt
307192141,3989509,ht,Bataysk
307192295,3989511,ht,Botashyurt
307193373,3989525,ht,Batalikha
307193912,3989532,ht,Basurmanovka
307193989,3989533,ht,Basinovka
307194143,3989535,ht,Bastanovo
307194913,3989545,ht,Basovka
307195221,3989549,ht,Basmanovo
307195529,3989553,ht,Baslovo
307198070,3989586,ht,Bashmakovo
307198147,3989587,ht,Bashmakovka
307199764,3989608,ht,Bashkino
307200226,3989614,ht,Bashkatova
307202536,3989644,ht,Baryshevo
307202921,3989649,ht,Bar Posht
307203537,3989657,ht,Barbin
307203999,3989663,ht,Baryatino
307204384,3989668,ht,Barvikha
307204461,3989669,ht,Barvikha
307204692,3989672,ht,Buruny
307205616,3989684,ht,Barsukovskaya
307206771,3989699,ht,Barsuki
307207387,3989707,ht,Barsuki
307210775,3989751,ht,Barmino
307215164,3989808,ht,Barda
307216011,3989819,ht,Barashevo
307216319,3989823,ht,Barany
307220477,3989877,ht,Baranovo
307224404,3989928,ht,Baranchinskiy
307226406,3989954,ht,Bannoye
307227792,3989972,ht,Bammatyurt
307229871,3989999,ht,Balushevy Pochinki
307230949,3990013,ht,Baltay
307231026,3990014,ht,Baltasi
307233336,3990044,ht,Balkusan
307234029,3990053,ht,Balezino
307234568,3990060,ht,Baldino
307235338,3990070,ht,Balchik
307235877,3990077,ht,Balashov
307235954,3990078,ht,Balashikha
307236185,3990081,ht,Balasheyka
307237109,3990093,ht,Balandino
307237648,3990100,ht,Balakovo
307237956,3990104,ht,Balakirevo
307238495,3990111,ht,Balakhonovskoye
307239034,3990118,ht,Novaya Balakhna
307239188,3990120,ht,Novaya Balakhna
307240266,3990134,ht,Balabanovo
307240728,3990140,ht,Bakury
307242037,3990157,ht,Baksheyevo
307242730,3990166,ht,Baksanenok
307242807,3990167,ht,Baksan
307245502,3990202,ht,Baklanovka
307245887,3990207,ht,Baklanka
307250507,3990267,ht,Bakhilovo
307250584,3990268,ht,Bakhilova Polyana
307253125,3990301,ht,Bakay
307253510,3990306,ht,Bakal
307253818,3990310,ht,Baimovo
307254742,3990322,ht,Bagrationovsk
307254819,3990323,ht,Bagrationovo
307254973,3990325,ht,Bagramovo
307255358,3990330,ht,Bagayevskaya
307255512,3990332,ht,Bagayevka
307255897,3990337,ht,Bagana
307258515,3990371,ht,Bachi-Yurt
307258900,3990376,ht,Babynino
307259516,3990384,ht,Babyakovo
307260825,3990401,ht,Babugent
307265214,3990458,ht,Babino
307267678,3990490,ht,Babeyevo
307268448,3990500,ht,Babayurt
307268910,3990506,ht,Babayevo
307270219,3990523,ht,Babanovo
307270758,3990530,ht,Babaninka
307271605,3990541,ht,Azovskaya
307271913,3990545,ht,Sopyne
307271990,3990546,ht,Azorodnya
307272452,3990552,ht,Aznakayevo
307274069,3990573,ht,Azeyevo
307275686,3990594,ht,Azanovo
307276533,3990605,ht,Ayutinskiy
307278073,3990625,ht,Aysha
307278381,3990629,ht,Aylino
307278535,3990631,ht,Aykino
307280691,3990659,ht,Avtury
307280768,3990660,ht,Avtozavodskiy Rayon
307280999,3990663,ht,Avsyunino
307282539,3990683,ht,Avgustovskiy
307284695,3990711,ht,Avdot'ino
307284926,3990714,ht,Avdot'ino
307285542,3990722,ht,Avdon
307286466,3990734,ht,Avdeyevka
307287005,3990741,ht,Avchurino
307287929,3990753,ht,Austrum
307288083,3990755,ht,Aushiger
307288776,3990764,ht,Atyur'yevo
307289161,3990769,ht,Atyashevo
307289238,3990770,ht,Atyashevo
307289315,3990771,ht,Atyasevo
307291471,3990799,ht,Bayanaul
307291625,3990801,ht,Atkarsk
307291933,3990805,ht,Atig
307292241,3990809,ht,Ateptsevo
307292318,3990810,ht,Atemar
307293473,3990825,ht,Atamanskaya
307294705,3990841,ht,Asylguzhino
307295244,3990848,ht,Astratovo
307295860,3990856,ht,RostamKhan
307295937,3990857,ht,Astradamovka
307296553,3990865,ht,Astashikha
307297400,3990876,ht,Astakhovskiy
307299094,3990898,ht,Shovkopliasy
307299248,3990900,ht,Assinovskaya
307300942,3990922,ht,Askino
307301173,3990925,ht,Askarovo
307301866,3990934,ht,Ashukino
307303021,3990949,ht,Ashitkovo
307303252,3990952,ht,Ashil'ta
307303406,3990954,ht,Ashe
307304946,3990974,ht,Asha
307305485,3990981,ht,Aseyevka
307305793,3990985,ht,Asen'yevskoye
307305947,3990987,ht,Asekeyevo
307306717,3990997,ht,Asanovo
307308411,3991019,ht,Arzgir
307308565,3991021,ht,Arzamatovo
307308796,3991024,ht,Arzamas
307309643,3991035,ht,Ar'ya
307310259,3991043,ht,Artyushkino
307310952,3991052,ht,Artyukhovo
307311029,3991053,ht,Artyukhovka
307311953,3991065,ht,Arti
307312492,3991072,ht,Artem'yevskoye
307314494,3991098,ht,Artemki
307314648,3991100,ht,Artemikha
307314879,3991103,ht,Artemen'kino
307315418,3991110,ht,Artel'noye
307315726,3991114,ht,Artamoshkin
307315880,3991116,ht,Artamonovka
307316034,3991118,ht,Artakul
307316496,3991124,ht,Arsk
307316573,3991125,ht,Arsinskiy
307317343,3991135,ht,Arshan'
307317497,3991137,ht,Arshalinskiy
307317574,3991138,ht,Arsen'yevskiy
307317805,3991141,ht,Arsen'yevo
307317882,3991142,ht,Arsen'yevo
307318036,3991144,ht,Arsen'yevo
307318344,3991148,ht,Arsent'yevskiye Vyselki
307318498,3991150,ht,Arsamaki
307318575,3991151,ht,Arsaki
307318806,3991154,ht,Arpachin
307319268,3991160,ht,Arnishitsy
307319576,3991164,ht,Arnautovo
307319807,3991167,ht,Armyaz'
307320038,3991170,ht,Armyanskiy
307320885,3991181,ht,Armavir
307320962,3991182,ht,Armanikha
307321039,3991183,ht,Arlyan
307321501,3991189,ht,Arkul'
307321809,3991193,ht,Arkhyz
307321963,3991195,ht,Arkhonskaya
307322271,3991199,ht,Arkhipovskoye
307322579,3991203,ht,Arkhipovo
307323041,3991209,ht,Arkhipovka
307323734,3991218,ht,Arkhipo-Osipovka
307323811,3991219,ht,Arkhipenki
307323888,3991220,ht,Arkharovskiye Vyselki
307324042,3991222,ht,Arkharovka
307324350,3991226,ht,Arkhangel'skoye Kuroyedovo
307324581,3991229,ht,Arkhangel'skoye
307324812,3991232,ht,Arkhangel'skoye
307325351,3991239,ht,Arkhangel'skoye
307325967,3991247,ht,Arkhangel'skoye
307326044,3991248,ht,Arkhangel'skoye
307326429,3991253,ht,Arkhangel'skoye
307326583,3991255,ht,Arkhangel'skoye
307326660,3991256,ht,Arkhangel'skoye
307326737,3991257,ht,Arkhangel'skoye
307326968,3991260,ht,Arkhangel'skoye
307327045,3991261,ht,Arkhangel'skoye
307327507,3991267,ht,Arkhangel'skoye
307327738,3991270,ht,Arkhangel'skoye
307328046,3991274,ht,Arkhangel'skoye
307328123,3991275,ht,(( Arkhangel'skiye Vyselki ))
307329124,3991288,ht,Arkhangel'sk
307329432,3991292,ht,Arkhangelovka
307329509,3991293,ht,Arkhangelo-Shelokhovskaya
307331049,3991313,ht,Arkadak
307331742,3991322,ht,Aristovo
307332204,3991328,ht,Aristovka
307332743,3991335,ht,Arininskoye
307332897,3991337,ht,Arik
307333667,3991347,ht,Argunovo
307333898,3991350,ht,Argunovo
307333975,3991351,ht,Argun
307334052,3991352,ht,Argudan
307334437,3991357,ht,Argash
307334976,3991364,ht,Arga
307335207,3991367,ht,Arevskoye
307335361,3991369,ht,Arestov
307336054,3991378,ht,Arefino
307336593,3991385,ht,Ardon'
307336670,3991386,ht,Ardon
307336978,3991390,ht,Ardatov
307337055,3991391,ht,Ardatov
307337209,3991393,ht,Ardashi
307337363,3991395,ht,Ardashevo
307337440,3991396,ht,Ardab'yevo
307337748,3991400,ht,Archib
307337825,3991401,ht,Archedinskaya
307337902,3991402,ht,Archedino-Chernushinskiy
307338056,3991404,ht,Arbuzovo
307338672,3991412,ht,Arbuzov Baran
307339134,3991418,ht,Arbazh
307339596,3991424,ht,Arat·skoye
307339673,3991425,ht,Araslanovo
307339750,3991426,ht,Araslanovo
307340443,3991435,ht,Araslambayevskiy
307342522,3991462,ht,Arabosi
307342907,3991467,ht,Apushka
307343523,3991475,ht,Aptykash
307343908,3991480,ht,Apshi
307343985,3991481,ht,Apsheronsk
307344139,3991483,ht,Apshanovo
307344216,3991484,ht,Absalyamovo
307344447,3991487,ht,Aprosovo
307344601,3991489,ht,Aprelevka
307344832,3991492,ht,Apraksino
307345140,3991496,ht,Apraksin Bor
307345371,3991499,ht,Apoykovo
307345448,3991500,ht,Aponitishchi
307345602,3991502,ht,Apol'ye
307345679,3991503,ht,Apol'tovo
307346449,3991513,ht,Apazha
307346603,3991515,ht,Apatity
307346680,3991516,ht,Apastovo
307347604,3991528,ht,Apal'shchino
307347681,3991529,ht,Apal'kovo
307347912,3991532,ht,Apalikha
307347989,3991533,ht,Apalikha
307348374,3991538,ht,Anzhaniyemi
307349067,3991547,ht,Anyasovo
307349452,3991552,ht,Anufriyevskiy
307349529,3991553,ht,Anufriyevka
307349760,3991556,ht,Anufriyevo
307350222,3991562,ht,Anuchino
307350530,3991566,ht,Antushovo
307350607,3991567,ht,Antushovo
307351839,3991583,ht,Antsiferovo
307351993,3991585,ht,Antsiferovo
307352378,3991590,ht,Antropovo
307352686,3991594,ht,Antoshino
307352840,3991596,ht,Antontsevo
307353302,3991602,ht,Antonovskaya
307354457,3991617,ht,Antonovka
307355920,3991636,ht,Antonovka
307355997,3991637,ht,Antonovka
307356074,3991638,ht,Antonovka
307356998,3991650,ht,Anton
307357383,3991655,ht,Antipovo
307357537,3991657,ht,Antipovo
307357922,3991662,ht,Antipovka
307358384,3991668,ht,Antipino
307358461,3991669,ht,Antipino
307359616,3991684,ht,Ansalta
307360001,3991689,ht,Anosovo
307360155,3991691,ht,Anosovo
307360232,3991692,ht,Anosino
307360309,3991693,ht,Anosino
307360694,3991698,ht,Anopino
307361079,3991703,ht,Anokhino
307361618,3991710,ht,Annovka
307363235,3991731,ht,Annino
307366546,3991774,ht,Anna
307366854,3991778,ht,Ankudinovka
307368856,3991804,ht,Anisimovo
307371243,3991835,ht,Anikovo
307371320,3991836,ht,Anikovo
307371705,3991841,ht,Anikiyevskaya
307371782,3991842,ht,Anikiny
307371859,3991843,ht,Anikintsy
307371936,3991844,ht,Anikintsy
307372552,3991852,ht,Anichkovo
307373861,3991869,ht,Khanzhonkivskyi
307375786,3991894,ht,Androsovo
307376171,3991899,ht,Andropov
307376248,3991900,ht,Andropovskiy
307378327,3991927,ht,Andronikha
307378404,3991928,ht,Andronikha
307378558,3991930,ht,Andreyanovskiy
307378635,3991931,ht,Andriyanovo
307378789,3991933,ht,Andriny
307379790,3991946,ht,Andrianovka
307380791,3991959,ht,Andreykovo
307381638,3991970,ht,Andreyevtsy
307383178,3991990,ht,Andreyevskoye
307383486,3991994,ht,Andreyevskoye
307383640,3991996,ht,Andreyevskoye
307383794,3991998,ht,Andreyevka
307384102,3992002,ht,Andreyevskoye
307384949,3992013,ht,Andreyevskiy
307386104,3992028,ht,Andreyevskaya
307386643,3992035,ht,Andreyevshchina
307387567,3992047,ht,Andreyevo
307388260,3992056,ht,Andreyevka
307390339,3992083,ht,Andreyevka
307391186,3992094,ht,Andreyevka
307391340,3992096,ht,Andreyevka
307393342,3992122,ht,Andreyevka
307393650,3992126,ht,Andreyevka
307395036,3992144,ht,Andreyeva
307395421,3992149,ht,Endirey
307395806,3992154,ht,Andreytsevka
307395960,3992156,ht,Andreapol'
307396499,3992163,ht,Andi
307397038,3992170,ht,Anchuki
307397269,3992173,ht,Anchik
307397423,3992175,ht,Anayevo
307398578,3992190,ht,Anatkas-Abyzovo
307398655,3992191,ht,Anat-Kasy
307398886,3992194,ht,Anastasiyevka
307399117,3992197,ht,Anastasiyevskaya
307399194,3992198,ht,Anastasiyevka
307400041,3992209,ht,Anapskaya
307400118,3992210,ht,Anapa
307400272,3992212,ht,Anan'yevskiy
307401658,3992230,ht,Ananinò
307402736,3992244,ht,Amzya
307403968,3992260,ht,Amosovo
307404584,3992268,ht,Amochayevskiy
307405354,3992278,ht,(( Amirovskiy ))
307406663,3992295,ht,Amel'tsayevo
307406817,3992297,ht,Amelino
307406971,3992299,ht,Ambarnyy
307407125,3992301,ht,Amany
307407664,3992308,ht,Amambayka
307409127,3992327,ht,Alushkovo
307409358,3992330,ht,Maliutyntsi
307409743,3992335,ht,Altun
307410205,3992341,ht,Altukhovo
307410436,3992344,ht,Altud
307410667,3992347,ht,Altayskiy
307412130,3992366,ht,Al'pakovo
307412284,3992368,ht,Alozero
307412361,3992369,ht,Alovo
307412438,3992370,ht,Alovo
307412900,3992376,ht,Alol'
307413285,3992381,ht,Alnashi
307413747,3992387,ht,Al'met'yevsk
307414055,3992391,ht,Al'menevo
307415133,3992405,ht,Almanchikovo
307415364,3992408,ht,Almala
307415672,3992412,ht,Alleroy
307416288,3992420,ht,Alkuzhi
307416596,3992424,ht,Al'kino
307417212,3992432,ht,Alkhazurovo
307417289,3992433,ht,Alkhan-Yurt
307417443,3992435,ht,Alkhan-Kala
307417828,3992440,ht,Alkaladka
307417982,3992442,ht,Ali-Yurt
307418059,3992443,ht,Alitub
307418444,3992448,ht,Alisovo
307419214,3992458,ht,Alymov-Lyubimovskiy
307419599,3992463,ht,Alikovo
307419676,3992464,ht,Alikovo
307419830,3992466,ht,Alikhanmakhi
307420215,3992471,ht,Ali-Berdukovskiy
307421293,3992485,ht,Algha
307423372,3992512,ht,Alferovo
307428531,3992579,ht,Aleshino
307430071,3992599,ht,Alent'yevka
307431149,3992613,ht,Aleksino
307431611,3992619,ht,Aleksino
307431996,3992624,ht,Aleksino
307433305,3992641,ht,Aleksin
307434229,3992653,ht,Alekseyevskoye
307434768,3992660,ht,Alekseyevskoye
307435153,3992665,ht,Alekseyevskoye
307437078,3992690,ht,Alekseyevskaya
307437155,3992691,ht,Alekseyevka
307437694,3992698,ht,Alekseyevskaya
307437771,3992699,ht,Alekseyevskaya
307437848,3992700,ht,Alekseyevsk
307440004,3992728,ht,Alekseyevka
307440312,3992732,ht,Alekseyevka
307441621,3992749,ht,Alekseyevka
307443007,3992767,ht,Alekseyevka
307443161,3992769,ht,Alekseyevskiye Vyselki
307443777,3992777,ht,Alekseyevka
307444085,3992781,ht,Novaya Alekseyevka
307444470,3992786,ht,Alekseyevka
307445009,3992793,ht,Alekseyevka
307445086,3992794,ht,Alekseyevka
307445625,3992801,ht,Alekseyevka
307447858,3992830,ht,Alexeyevka
307448474,3992838,ht,Alekseyev
307448551,3992839,ht,Alekseyev
307448782,3992842,ht,Alekseyenkovo
307448859,3992843,ht,Alekseyenki
307449090,3992846,ht,Aleksashkino
307449321,3992849,ht,Kurganikha
307449937,3992857,ht,Aleksandrovskoye
307450014,3992858,ht,Aleksandrovskoye
307450322,3992862,ht,Aleksandrovskoye
307451092,3992872,ht,Aleksandrovskiy
307452632,3992892,ht,Aleksandrovskaya
307452940,3992896,ht,Aleksandrovsk
307453864,3992908,ht,Aleksandrovo
307454018,3992910,ht,Aleksandrovo
307454711,3992919,ht,Aleksandrovo
307454788,3992920,ht,Aleksandrovo
307455250,3992926,ht,Aleksandrovka Tret'ya
307456020,3992936,ht,Aleksandrovka
307456482,3992942,ht,Aleksandrovka
307457791,3992959,ht,Aleksandrovka
307457868,3992960,ht,Aleksandrovka
307458176,3992964,ht,Aleksandrovka
307458407,3992967,ht,Aleksandrovka
307459870,3992986,ht,Aleksandrovka
307459947,3992987,ht,Aleksandrovka
307460640,3992996,ht,Aleksandrovka
307460794,3992998,ht,Aleksandrovka
307464182,3993042,ht,Aleksandrovka
307465414,3993058,ht,Aleksandrovka
307466800,3993076,ht,Aleksandrovka
307470034,3993118,ht,Aleksandrovka
307470342,3993122,ht,Aleksandrovka
307470650,3993126,ht,Aleksandrovka
307470958,3993130,ht,Aleksandrovka
307472190,3993146,ht,Aleksandrovka
307472729,3993153,ht,Aleksandrovka
307472883,3993155,ht,Aleksandrovka
307474269,3993173,ht,Aleksandrov Gay
307474423,3993175,ht,Aleksandro-Vasil'yevka
307474654,3993178,ht,Aleksandrov
307474731,3993179,ht,Aleksandrovka
307474808,3993180,ht,Aleksandrov
307474885,3993181,ht,Aleksandrov
307475193,3993185,ht,Aleksandro-Nevskiy
307475270,3993186,ht,Aleksandro-Nevskiy
307475732,3993192,ht,Aleksandro-Bibikovskiye Vyselki
307475886,3993194,ht,Aleksandriyskaya
307476271,3993199,ht,Aleksandriya
307476579,3993203,ht,Alekino
307476656,3993204,ht,Alekina-Polyana
307477041,3993209,ht,Alekhino
307477272,3993212,ht,Alekhino
307478350,3993226,ht,Aldabul'skiy
307478581,3993229,ht,Al'burikent
307478812,3993232,ht,Albakhtino
307479274,3993238,ht,Alay
307479505,3993241,ht,Kalat-e Shir
307479813,3993245,ht,Alatarka
307480198,3993250,ht,Al Masha`iyah
307480583,3993255,ht,Alandskoye
307480660,3993256,ht,Alan-Bekser
307480891,3993259,ht,Alamovo
307481199,3993263,ht,Alakurtti
307481430,3993266,ht,Alak
307481661,3993269,ht,Alad'ino
307481738,3993270,ht,Alad'ino
307482200,3993276,ht,Alad'ino
307482354,3993278,ht,Alabuzino
307482431,3993279,ht,Alabushevo
307482585,3993281,ht,Alabino
307482739,3993283,ht,Alaberdino
307482970,3993286,ht,Alabakul'
307483201,3993289,ht,Akzharskoye
307483355,3993291,ht,Akylbay
307483432,3993292,ht,Akyar
307483509,3993293,ht,Akusha
307485588,3993320,ht,Akulichi Pervyye
307485665,3993321,ht,Akulichi
307485896,3993324,ht,Aktyubinskiy
307486743,3993335,ht,Aktivnyy
307487359,3993343,ht,Russkiy Aktash
307487590,3993346,ht,Aktanysh
307487821,3993349,ht,Aksubayevo
307488976,3993364,ht,Antonovo
307490208,3993380,ht,Aksenovskaya
307490285,3993381,ht,Aksenovskaya
307490439,3993383,ht,Aksenovo
307490593,3993385,ht,Aksenovo
307490747,3993387,ht,Aksenovo
307491286,3993394,ht,Aksenovo
307491363,3993395,ht,Aksenovo
307491902,3993402,ht,Aksenovo
307492056,3993404,ht,Aksenovo
307492980,3993416,ht,Aksenikha
307493057,3993417,ht,Akseni
307493134,3993418,ht,Aksel'skiye Vyselki
307493596,3993424,ht,Aksay
307493673,3993425,ht,Aksay
307494212,3993432,ht,Aksarayskiy
307494751,3993439,ht,Aksakovo
307494982,3993442,ht,Aksaitovo
307495598,3993450,ht,Aknyazevo
307495675,3993451,ht,Aknada
307495752,3993452,ht,Akneyevo
307495983,3993455,ht,Akmurun
307496060,3993456,ht,Ak-Mechet'
307496137,3993457,ht,Akmatovka
307496291,3993459,ht,Aklushi
307497061,3993469,ht,Staraya Akkermanovka
307497523,3993475,ht,Akishevo
307497831,3993479,ht,Akint'yevo
307498832,3993492,ht,Akimovo
307499063,3993495,ht,Akim
307499140,3993496,ht,Akilovo
307499294,3993498,ht,Akilovo
307499371,3993499,ht,Akineyevo
307499448,3993500,ht,Akichkin Pochinok
307499679,3993503,ht,Akhvenlambi
307499910,3993506,ht,Akhunovo
307500064,3993508,ht,Akhtyrskiy
307500295,3993511,ht,Akhtyrka
307500372,3993512,ht,Takht
307500526,3993514,ht,Akhtubinskiy
307500603,3993515,ht,Akhtubinsk
307500911,3993519,ht,Akhtiyal
307501142,3993522,ht,Akhtanizovskaya
307501835,3993531,ht,Akhopelto
307502374,3993538,ht,Akhnig
307502836,3993544,ht,Akhmetovo
307503298,3993550,ht,Akhmerovo
307503837,3993557,ht,Akhmatovo
307505223,3993575,ht,Akhlebinino
307505608,3993580,ht,Akhayotar
307505685,3993581,ht,Akhar
307507148,3993600,ht,Akbulak
307507225,3993601,ht,Akberdino
307508072,3993612,ht,Akaykin
307508611,3993619,ht,Staroye Akatovo
307508765,3993621,ht,Akatovo
307510844,3993648,ht,Agvali
307511229,3993653,ht,Agryz
307511614,3993658,ht,Agronom
307512384,3993668,ht,Agoy
307513616,3993684,ht,Ageyevo
307515233,3993705,ht,Agarevka
307515464,3993708,ht,Agapovka
307515849,3993713,ht,Agalatovo
307517235,3993731,ht,Agachaul
307517697,3993737,ht,Afrikanda
307518082,3993742,ht,Yegorova
307518621,3993749,ht,Afonino
307518775,3993751,ht,Afonino
307519699,3993763,ht,Afonasovo
307519776,3993764,ht,Afonasovo
307519853,3993765,ht,Afonasovo
307519930,3993766,ht,Afonasovo
307520238,3993770,ht,Afipskiy
307520546,3993774,ht,Afim'yanovo
307521085,3993781,ht,Afanas'yevskoye
307521162,3993782,ht,Afanas'yevskoye
307521932,3993792,ht,Afanas'yevo
307522163,3993795,ht,Afanas'yevo
307523087,3993807,ht,Afanas'yevka
307523857,3993817,ht,Afanasovo
307524473,3993825,ht,Afanasovo
307524627,3993827,ht,Afanasovo
307525628,3993840,ht,Adzi
307526244,3993848,ht,Adyge-Khabl'
307526552,3993852,ht,Aduyevo
307526937,3993857,ht,Adoyevshchina
307527553,3993865,ht,Adino
307527630,3993866,ht,Adil'-Yangiyurt
307528785,3993881,ht,Adashevo
307529016,3993884,ht,Adanak
307529247,3993887,ht,Adamovka
307529324,3993888,ht,Adamovka
307529478,3993890,ht,Adamovka
307529632,3993892,ht,Adamovka
307529709,3993893,ht,Adamovo
307529863,3993895,ht,Adamiy
307530017,3993897,ht,Adagum
307530479,3993903,ht,Achkhoy-Martan
307530710,3993906,ht,Achisu
307530787,3993907,ht,Achit
307530864,3993908,ht,Achisu
307530941,3993909,ht,Achikulak
307531788,3993920,ht,Abzakovo
307532250,3993926,ht,Abyskan
307534021,3993949,ht,Abrau-Dyurso
307534252,3993952,ht,Abryshkino
307534483,3993955,ht,Abramtsevo
307535561,3993969,ht,Abramovo
307535792,3993972,ht,Abramovka
307536254,3993978,ht,Abramovka
307536485,3993981,ht,Abramova Gora
307536562,3993982,ht,Abramovo
307536716,3993984,ht,Abramov
307536793,3993985,ht,Abramkovo
307537563,3993995,ht,Abodim
307538487,3994007,ht,Abinsk
307538949,3994013,ht,Abdul-Zavod
307539026,3994014,ht,Abdulovo
307539719,3994023,ht,Abdullino
307540258,3994030,ht,Abdullino
307540412,3994032,ht,Abdulino
307540643,3994035,ht,Abdreyevo
307540874,3994038,ht,Abdrashitovo
307541105,3994041,ht,Abdrakhmanovo
307541259,3994043,ht,Abdi
307542645,3994061,ht,Abashevo
307543107,3994067,ht,Abalach
307543492,3994072,ht,Abakumovo
307543800,3994076,ht,Abakshata
307544185,3994081,ht,Abadzekhskaya
307544262,3994082,ht,Abadzekhskaya
307545109,3994093,ht,Vasilyevo
307545956,3994104,ht,Loginovo
307546495,3994111,ht,Spudni
307546726,3994114,ht,Ryl'sk
307546803,3994115,ht,Rogalik
307547111,3994119,ht,Novostroyevka Pervaya
307547419,3994123,ht,Kosterevo
307547958,3994130,ht,Gedzhukh
307548882,3994142,ht,Karsivyy Kurgan
307549498,3994150,ht,Gaptsakh
307549806,3994154,ht,Kchunkazmalyar
307549883,3994155,ht,Tsnal
307550037,3994157,ht,Ternovskaya
307550576,3994164,ht,Ozerskiy
307550807,3994167,ht,Krasnyy Oktyabr'
307550961,3994169,ht,Lagunnyy
307551962,3994182,ht,Moiseyev
307552578,3994190,ht,Vidyayevo
307552886,3994194,ht,Snezhnogorsk
307552963,3994195,ht,Mishukovo
307553040,3994196,ht,Mezhdurech'ye
307553271,3994199,ht,Goluboye Ozero
307554580,3994216,ht,Kobelev
307555273,3994225,ht,Narimanovo
307555812,3994232,ht,Burlanka
307556043,3994235,ht,Zamay Khutor
307556505,3994241,ht,Aleksandrovka
307556813,3994245,ht,Zarya Sotsializma
307559123,3994275,ht,Krasnyanka
307559662,3994282,ht,Cheremukhovo
307562665,3994321,ht,Akhatly
307562973,3994325,ht,Zaval'skoye
307563050,3994326,ht,Ostroukhovo
307563435,3994331,ht,Karaman Shestoy
307563820,3994336,ht,Razdornoye
307564051,3994339,ht,Kazarkin
307564205,3994341,ht,Gezinchu
307565437,3994357,ht,Shumilino
307566284,3994368,ht,Basovo
307566900,3994376,ht,Asmal
307567362,3994382,ht,Serikov
307567593,3994385,ht,Gorodyanov
307568594,3994398,ht,Orekhovka
307568748,3994400,ht,Ivankovka
307568825,3994401,ht,Tarasovka
307568979,3994403,ht,Bonsovka
307569056,3994404,ht,Khalata-Tala
307569133,3994405,ht,Novaya Simonovka
307570211,3994419,ht,Khrapovo
307571982,3994442,ht,Imeni Stalina
307572136,3994444,ht,Ismau
307572290,3994446,ht,Balastnyy Kai'yer
307574061,3994469,ht,Pishchane
307574292,3994472,ht,Kokrek
307574369,3994473,ht,Semtankin
307575062,3994482,ht,Batayskiy
307575601,3994489,ht,Eygengeym
307575909,3994493,ht,Severnyy
307576140,3994496,ht,Udel'nyy
307576294,3994498,ht,Zapadnoy
307576910,3994506,ht,Ergbatoy
307577141,3994509,ht,Kirovka
307577449,3994513,ht,Khamavyurt
307577757,3994517,ht,Mayorsk
307577834,3994518,ht,Boragangechuv
307578989,3994533,ht,Matseyevka
307579066,3994534,ht,Dobrovol'noye
307579143,3994535,ht,Misanov
307579220,3994536,ht,Seliotar
307579836,3994544,ht,Lozoyatka
307579913,3994545,ht,Chigrinka
307580375,3994551,ht,Laptiyev
307580837,3994557,ht,Norton
307581145,3994561,ht,Novoroslov
307581299,3994563,ht,Druzhnyy
307581453,3994565,ht,Kurush
307582685,3994581,ht,Zubkov
307582762,3994582,ht,Novaya Raygorodka
307583070,3994586,ht,Shelkozavodskaya
307583224,3994588,ht,Sredniy
307583609,3994593,ht,Yasnaya Polyana
307583686,3994594,ht,Kamyshkutan
307583763,3994595,ht,Khryakovskiy
307583994,3994598,ht,Aral'
307584071,3994599,ht,Malinin
307584225,3994601,ht,Chufinov
307584456,3994604,ht,Veselyy
307584533,3994605,ht,Sopel'ki
307584687,3994607,ht,Rybnyy Promysel
307584918,3994610,ht,Shustik
307584995,3994611,ht,Altyn-Chekan
307585072,3994612,ht,Khryakovy
307585226,3994614,ht,Akhta-Chekan
307585380,3994616,ht,Krasnovskiy
307585996,3994624,ht,Kontenko
307589307,3994667,ht,Krasnyy Partizan
307589538,3994670,ht,Vyshestebliyevskaya
307589692,3994672,ht,Alibekotar
307589846,3994674,ht,Krasnovka
307589923,3994675,ht,Frunze
307591386,3994694,ht,Novoterskoye
307591540,3994696,ht,Chabanskiy
307591617,3994697,ht,Krasnyy Chaban
307591694,3994698,ht,Shava
307592695,3994711,ht,Anapskiy
307593388,3994720,ht,Krasnaya Zarya
307595621,3994749,ht,Adagum
307595852,3994752,ht,Kuznetsovskoye
307596083,3994755,ht,Mikhaylovka
307596853,3994765,ht,Pervomayskoye
307597777,3994777,ht,Yasnaya Polyana
307598316,3994784,ht,Vostochnyy
307598624,3994788,ht,Mostovyanskiy
307598932,3994792,ht,Voroshilovo
307599702,3994802,ht,Kurganskoye
307601473,3994825,ht,Gvozdikov
307603860,3994856,ht,Krotkov
307604014,3994858,ht,Cherepov
307604399,3994863,ht,Zapadnyy Kisin
307604476,3994864,ht,Staro-Izrail'skiy
307604784,3994868,ht,Soldatskaya
307607017,3994897,ht,Khaton Yargis
307607171,3994899,ht,Somovskiy
307608095,3994911,ht,Mirolyubiye
307608172,3994912,ht,Proletarskiy
307609404,3994928,ht,Amduk
307609712,3994932,ht,Makitra
307610251,3994939,ht,Oy-Maut
307610482,3994942,ht,Kurut
307611098,3994950,ht,Dzhamba
307611252,3994952,ht,Berezka
307611406,3994954,ht,Vzaimopomoshch'
307611714,3994958,ht,Kara-Tyube
307612484,3994968,ht,Shimere-Ulyuk
307612561,3994969,ht,Borovoy
307613870,3994986,ht,Neftekumsk
307615333,3995005,ht,Ostrovskogo
307615718,3995010,ht,Erdeshkin
307615949,3995013,ht,Gardiyevka
307616180,3995016,ht,Sviridovo
307616257,3995017,ht,Krasnyy Vostok
307616411,3995019,ht,Checherino
307616642,3995022,ht,Dorogovskiy
307617181,3995029,ht,Nizhniy Yanov
307617874,3995038,ht,Pavlovskiy
307618028,3995040,ht,Tkhorovskiy
307618105,3995041,ht,Starodubovka
307618259,3995043,ht,Samoylovskiy
307618336,3995044,ht,Alifanov
307618798,3995050,ht,Zarubin
307621108,3995080,ht,Sevast'yanovskiy
307622109,3995093,ht,Solenyy
307622263,3995095,ht,Kalinina
307622417,3995097,ht,Vyazovka
307622879,3995103,ht,Grigoryevka
307623187,3995107,ht,Yekaterinovka
307623572,3995112,ht,Malaya Mezhenka
307624650,3995126,ht,Bor'ba S Zasokhoy
307625266,3995134,ht,Krasnyy Pakhar'
307625882,3995142,ht,Ternov
307626190,3995146,ht,Zmiyevy Prudy
307626806,3995154,ht,Kirov
307627037,3995157,ht,Pokrovka
307627499,3995163,ht,Pervomayskoye
307627653,3995165,ht,Salovka
307628115,3995171,ht,Voronets
307629193,3995185,ht,Lebyazh'ya Polyana
307629655,3995191,ht,Ivanovo-Ursalovka
307630656,3995204,ht,Kalinovo-Mel'tsevo
307632504,3995228,ht,Kommuna
307633043,3995235,ht,Sitnikovo
307633120,3995236,ht,Kirichenkovo
307633428,3995240,ht,Demchenkov
307633659,3995243,ht,Peredovoy
307634275,3995251,ht,Gumny
307635199,3995263,ht,Pervoye Maya
307635969,3995273,ht,Kamennyy
307636585,3995281,ht,Rabocheostrovsk
307637124,3995288,ht,Guzeripl'
307637432,3995292,ht,Karvansara
307638510,3995306,ht,Lutkun
307640512,3995332,ht,Rugudzh
307641205,3995341,ht,Kuitli
307641359,3995343,ht,Kutsmutl'
307642360,3995356,ht,Tsinchemerker
307643823,3995375,ht,Lamardon
307645363,3995395,ht,Akhalsopeli
307645594,3995398,ht,Tari
307645902,3995402,ht,Bashni
307646056,3995404,ht,Anur
307647365,3995421,ht,Bazanty
307648289,3995433,ht,Galanchezh
307649752,3995452,ht,Urgalay
307650753,3995465,ht,Matupa
307650830,3995466,ht,Butti
307651215,3995471,ht,Tsindoy
307651292,3995472,ht,Keloy-Bas
307651908,3995480,ht,Nuiduk
307652678,3995490,ht,Dagenduk
307652755,3995491,ht,Kirov-Aul
307653294,3995498,ht,Verkhniy Nezhiloy
307655219,3995523,ht,San-Kale
307655681,3995529,ht,Medorkhoy
307655989,3995533,ht,Kakiduk
307661379,3995603,ht,Bor'ba Za Novyy Mir
307661918,3995610,ht,Maslovka
307663689,3995633,ht,Mizhigli
307664844,3995648,ht,Topilin
307664998,3995650,ht,Lagutnik
307665152,3995652,ht,Voskhod
307665306,3995654,ht,Druzhba
307665614,3995658,ht,Gerga
307665691,3995659,ht,Novyye Vikri
307666461,3995669,ht,Novozaryanskiy
307666538,3995670,ht,Imeni Chkalova
307666615,3995671,ht,Pervomayskoye
307667000,3995676,ht,Zabudennovskiy Uchastok
307667385,3995681,ht,Alagir
307668155,3995691,ht,Nekrasovka
307668617,3995697,ht,Dubrimakhi
307668694,3995698,ht,Karlabko
307668771,3995699,ht,Vlasovo-Grushevskiy
307668848,3995700,ht,Margaritovka
307669618,3995710,ht,Krasnyy
307670696,3995724,ht,Stukan'
307670773,3995725,ht,Novaya Saniba
307671235,3995731,ht,Petro-Georgiyevsk
307672005,3995741,ht,Gorodet·skiy
307672082,3995742,ht,Bal'vin
307674469,3995773,ht,Tempy
307675701,3995789,ht,Daatla
307676086,3995794,ht,Novopoltavskiy
307677010,3995806,ht,Tissi-Akhitli
307678858,3995830,ht,Yuzhnyy
307679551,3995839,ht,Zvezdochka
307680167,3995847,ht,Savrany
307681322,3995862,ht,Mikhaylovsk
307682323,3995875,ht,Tsada
307682862,3995882,ht,Mykhailove
307682939,3995883,ht,Mykhailove
307683401,3995889,ht,Vysokogor'ye
307683786,3995894,ht,Kovalevskoye
307684017,3995897,ht,Bratskiy
307684479,3995903,ht,Sukhodol'nyy
307684941,3995909,ht,Utro
307685172,3995912,ht,Sergeyevka
307685249,3995913,ht,Aleksandrovka
307685326,3995914,ht,Zametcheno
307685557,3995917,ht,Kristilevka
307685634,3995918,ht,Borisov
307685711,3995919,ht,Rogatyy Prud
307685942,3995922,ht,Orlianki
307686404,3995928,ht,Salapovskiye Vyselki
307686635,3995931,ht,Orlov
307686712,3995932,ht,Semenov
307687097,3995937,ht,Krutyye Slantsy
307687559,3995943,ht,Oblovka
307687713,3995945,ht,Persianovka
307687790,3995946,ht,Finogenovskiy
307688098,3995950,ht,Proletarskiy
307688406,3995954,ht,Chuyevskiye Prudki
307688560,3995956,ht,Soglas'ye
307688714,3995958,ht,Kaganovichskiy
307689099,3995963,ht,Prudki
307689561,3995969,ht,Il'inov
307689638,3995970,ht,Karamakhi
307689869,3995973,ht,Chankurbe
307691255,3995991,ht,Alkhan-Churt
307692102,3996002,ht,Grabenka
307692333,3996005,ht,Kapital'naya
307692564,3996008,ht,Garbayeva
307692949,3996013,ht,Dmytrivka
307693257,3996017,ht,Novogeorgiyevskiy
307694258,3996030,ht,Shevchenko
307694797,3996037,ht,Mutaykutan
307694951,3996039,ht,Zaychanskiy
307695567,3996047,ht,Denisovo-Nikolayevka
307695721,3996049,ht,Dolbnev
307695798,3996050,ht,Novyy Khushet
307695875,3996051,ht,Tolstikov
307697261,3996069,ht,Balashovskiy
307698724,3996088,ht,Khambi-Irze
307700187,3996107,ht,Solontsov
307700957,3996117,ht,Sheptakovka
307701034,3996118,ht,Tantsura Kramarenko
307701265,3996121,ht,Novotroitskaya
307701496,3996124,ht,Prisadovyy
307702574,3996138,ht,Gerkov
307704884,3996168,ht,Ivanovka
307709196,3996224,ht,Malokubanskiy
307709504,3996228,ht,Orel-Izumrud
307709581,3996229,ht,Vysokoye
307709966,3996234,ht,Tverskoye
307710351,3996239,ht,Ulen-Khudzh
307710813,3996245,ht,Razdol'noye
307710890,3996246,ht,Sobolevka
307712045,3996261,ht,Otradnyy
307712815,3996271,ht,Kutsa Kudeyev
307714432,3996292,ht,Dolmel
307716434,3996318,ht,Kurdlyakin
307716665,3996321,ht,Bambirov
307716742,3996322,ht,Bol'shiye Khutora
307717204,3996328,ht,Dovdny
307717281,3996329,ht,Voskhozha
307717358,3996330,ht,Burlyk
307717512,3996332,ht,Khuyur-Khuduk
307717820,3996336,ht,Tsagalay
307718051,3996339,ht,Bor Tsaryn
307718359,3996343,ht,Russkiy
307718821,3996349,ht,Samtunskiy
307719437,3996357,ht,Ochir
307720823,3996375,ht,Seroglazovo
307721747,3996387,ht,Marchenko
307722286,3996394,ht,Khud-Gud
307722825,3996401,ht,Veselyy
307723595,3996411,ht,Shen Chonos
307723672,3996412,ht,Denisovka
307724519,3996423,ht,Tapekhin
307724750,3996426,ht,Rodnichki
307724904,3996428,ht,Veselyy
307726290,3996446,ht,Molchevskiy
307726598,3996450,ht,Novoadreyevka
307726752,3996452,ht,Ergichke
307727137,3996457,ht,Ternovyy
307727214,3996458,ht,Bulavimov
307728061,3996469,ht,Dubovyy
307728292,3996472,ht,Glivenko
307729216,3996484,ht,Bratskiy
307729293,3996485,ht,Papanina
307730910,3996506,ht,Sosnov
307731526,3996514,ht,Aleksandrovskiy
307732373,3996525,ht,Shyshaky
307732604,3996528,ht,Znamya Truda
307733682,3996542,ht,Dubravinskiy
307733759,3996543,ht,Kutsepala
307734144,3996548,ht,Khirachty
307735222,3996562,ht,Krasnyy Kut
307736916,3996584,ht,Larin
307737147,3996587,ht,Kolkhoznyy
307737763,3996595,ht,Nodlina
307738148,3996600,ht,Brata
307739303,3996615,ht,Hayivka
307739534,3996618,ht,Sladkiy
307739611,3996619,ht,Soyedinennyy
307740150,3996626,ht,Protopopova
307740458,3996630,ht,Pchela
307740612,3996632,ht,Zavetnyy
307740920,3996636,ht,Denisovo
307741767,3996647,ht,Ivashchenko
307742999,3996663,ht,Sharkel'
307744231,3996679,ht,Khar'kol
307744462,3996682,ht,Troitskiy
307745386,3996694,ht,Gorskaya Diviziya
307748389,3996733,ht,Sher Tolga
307748697,3996737,ht,Ar-Keryul'chi
307748851,3996739,ht,Dord-Chapchachi
307749544,3996748,ht,Podkovskiy
307749929,3996753,ht,Pervokubanskiy
307750083,3996755,ht,Ulan-Kheyechi
307750237,3996757,ht,Itlik
307750545,3996761,ht,Yuzhnyy
307751084,3996768,ht,Khadyzhenskaya
307751238,3996770,ht,Podkovyrova
307751700,3996776,ht,Maloabazinka
307752008,3996780,ht,Pervomayskiy
307754626,3996814,ht,Bor Khuduk
307755396,3996824,ht,Ulan-Tsyrik
307758707,3996867,ht,Pobeda
307759631,3996879,ht,Mamedova Shchel'
307760709,3996893,ht,Buu
307760786,3996894,ht,Blyumenfel'd
307762018,3996910,ht,Verkhneyearmyanskoye Loo
307762865,3996921,ht,Gruzinskaya Mamayka
307763635,3996931,ht,Ulan Tuk
307763789,3996933,ht,Pyatogo Dekabrya
307765560,3996956,ht,Imeni Kirova
307765791,3996959,ht,Khaptkhyn-Shokha
307769333,3997005,ht,Yasnaya Polyana
307770257,3997017,ht,Leninaul
307770565,3997021,ht,Dubino
307771258,3997030,ht,Nizhniy Georgiyevskiy
307771797,3997037,ht,Malaya Khargata
307772490,3997046,ht,Verkhniy Kubanskiy
307772952,3997052,ht,Zamud
307775031,3997079,ht,Pavlovka
307775724,3997088,ht,Vorob'yevka
307776956,3997104,ht,Anakhino
307777649,3997113,ht,Novoyasenovskiy
307779189,3997133,ht,Kurochkino
307780113,3997145,ht,Dvorki
307780190,3997146,ht,Sindeyevka
307782962,3997182,ht,Bereznik
307784733,3997205,ht,Rastvorovo
307785118,3997210,ht,Yelizavetinka
307785195,3997211,ht,Studenyy
307785888,3997220,ht,Bol'shoye Stanovoye
307785965,3997221,ht,Zarech'ye
307786350,3997226,ht,Ust'-Muravlyanka
307786581,3997229,ht,Ol'shanka Pervaya
307786735,3997231,ht,Rzhevskiy
307788044,3997248,ht,Padina
307788121,3997249,ht,Sukhmenka
307789584,3997268,ht,Kotenevka
307789969,3997273,ht,Vysokiy
307790431,3997279,ht,Obukhovka
307790508,3997280,ht,Peski
307790662,3997282,ht,Novikovo
307790739,3997283,ht,Kolenovskiy
307791355,3997291,ht,Repy'ye
307791971,3997299,ht,Utinovka
307792433,3997305,ht,Dubovoy
307793588,3997320,ht,Imeni Karla Marksa
307793665,3997321,ht,Novonikolayevka
307797361,3997369,ht,Dolgiy
307797438,3997370,ht,Kliuchi
307797515,3997371,ht,Il'inskiy
307800056,3997404,ht,Goloveshchenskiy
307801288,3997420,ht,Ozerki
307801365,3997421,ht,Shishlyannikov
307802443,3997435,ht,Shkarin
307803906,3997454,ht,Pereryvnyy
307804830,3997466,ht,Altynnikov
307805831,3997479,ht,Dinamo
307806524,3997488,ht,Khokhol
307806832,3997492,ht,Nikolayevka
307806986,3997494,ht,Aleksandrovka
307807833,3997505,ht,Leonovka
307808449,3997513,ht,Dvuluchnoye
307808526,3997514,ht,Oktyabrya
307809219,3997523,ht,Babik
307809373,3997525,ht,Kurgashkin
307809835,3997531,ht,D'yakonovskiy
307810066,3997534,ht,Barvinok
307810682,3997542,ht,Sitnyanka
307811991,3997559,ht,Yelanka-Tret'ya
307812915,3997571,ht,Aleksandrovka
307813762,3997582,ht,Chayki
307814070,3997586,ht,Verovka
307814686,3997594,ht,Kar'kovo-Kamenka
307814763,3997595,ht,Lugovka
307814994,3997598,ht,Arsenov
307816842,3997622,ht,Dal'nyye Solontsy
307817535,3997631,ht,Verkhniy Voronok
307819460,3997656,ht,Fedoseyevka
307819614,3997658,ht,Chumaki
307819999,3997663,ht,Progari
307820307,3997667,ht,Krasnoalekseyevka
307821077,3997677,ht,Gromlenovskiy
307821462,3997682,ht,Priyutovka
307821847,3997687,ht,Brodok
307822078,3997690,ht,Vuykov
307822309,3997693,ht,Razdol'ye
307823233,3997705,ht,Ryshinskiy
307823772,3997712,ht,Khvorostyanskiy
307823849,3997713,ht,Prigorodnyy
307824696,3997724,ht,Oktyabr'
307824773,3997725,ht,Karauchnyy
307825466,3997734,ht,Marino
307825543,3997735,ht,Krasnoye
307826698,3997750,ht,Bilotserkivka
307826775,3997751,ht,Petrovka
307829470,3997786,ht,Kolpakovskiy
307829624,3997788,ht,Balki
307830086,3997794,ht,Sirotin
307830702,3997802,ht,Kopanki
307830779,3997803,ht,Nagol'nyy
307832165,3997821,ht,Grishkin
307832242,3997822,ht,Davydkin
307832781,3997829,ht,Oktyabr'skiy
307836477,3997877,ht,Shekhovtsovo
307837093,3997885,ht,Chermoshnoy
307838171,3997899,ht,Ovchinnikovo
307838479,3997903,ht,Arkatovo
307838710,3997906,ht,Gladkovo
307841790,3997946,ht,Grinev
307842714,3997958,ht,Zaplava
307843022,3997962,ht,Mokhovoye
307843176,3997964,ht,Sredniye Lubyanki
307844408,3997980,ht,Komarovka
307845255,3997991,ht,Tatarskiy
307846872,3998012,ht,Poddubnyy
307847026,3998014,ht,Rebender
307849182,3998042,ht,Shpilek
307850414,3998058,ht,Razbirayevka
307851107,3998067,ht,Nevedomyy Kolodez'
307851338,3998070,ht,Lenina
307851723,3998075,ht,Khvorostovo
307852493,3998085,ht,Step'
307852570,3998086,ht,Sadovskiy
307853956,3998104,ht,Otrada
307854341,3998109,ht,Sayenko
307854880,3998116,ht,Mar'yevka
307854957,3998117,ht,Dragunskoye
307855188,3998120,ht,Konstantinovka
307856882,3998142,ht,Trostnitsa
307857267,3998147,ht,Dan' Urozhaye
307857344,3998148,ht,Dorogobuzhino
307857421,3998149,ht,Dubovoye
307858114,3998158,ht,Nizhnyaya Vablya
307858884,3998168,ht,Polyana
307859192,3998172,ht,Novotroyevka
307859423,3998175,ht,Sevryukovo
307862426,3998214,ht,Yablochkovo
307864274,3998238,ht,Konsandrykenskiye
307864967,3998247,ht,Nikolayevka
307865737,3998257,ht,Zhelyabovka
307866045,3998261,ht,Zelenyy
307866199,3998263,ht,Sekachevka
307866276,3998264,ht,Plodovoye
307867739,3998283,ht,Lukichevka
307867816,3998284,ht,Lozovka
307867893,3998285,ht,Tolshi
307868047,3998287,ht,Kartashovka
307868201,3998289,ht,Pozhidayevka
307868355,3998291,ht,Novaya Slobodka
307870434,3998318,ht,Kusty
307870742,3998322,ht,Chernyakhi
307871897,3998337,ht,Masychevo
307873360,3998356,ht,Pervoye Maya
307873437,3998357,ht,Novyy Put'
307873976,3998364,ht,Vodopoy
307874207,3998367,ht,Noven'kiy
307874592,3998372,ht,Gnilitsa
307876055,3998391,ht,Osinovka
307876209,3998393,ht,Podlesnaya Polyana
307876286,3998394,ht,Semenovka Vtoraya
307876748,3998400,ht,Smorodino
307876902,3998402,ht,Malyshovka
307877287,3998407,ht,Filatovka
307877364,3998408,ht,Bessarab
307878596,3998424,ht,Urazovskiy
307881522,3998462,ht,Chausovka
307882292,3998472,ht,Kamianka
307882369,3998473,ht,Chapayevskoye
307884140,3998496,ht,Surzha
307884294,3998498,ht,Latovka
307884602,3998502,ht,Kamensk
307885064,3998508,ht,Oleynitskiy
307887143,3998535,ht,Belyy Kolodez
307890069,3998573,ht,Voykov
307890454,3998578,ht,Malyy Roslyay
307892071,3998599,ht,Krasinka
307894381,3998629,ht,Pervoye Maya
307894997,3998637,ht,Ryl'skiy
307896383,3998655,ht,Zhuravka
307898231,3998679,ht,Kopani
307898308,3998680,ht,Volkhonshchino
307899155,3998691,ht,Liman
307899463,3998695,ht,Klenovyy
307899848,3998700,ht,Bredikhiny Otruba
307899925,3998701,ht,Staraya Slobodka
307900002,3998702,ht,Korday
307900387,3998707,ht,Rossokhovatyy
307900772,3998712,ht,Paseka
307900849,3998713,ht,Bugayevka
307901465,3998721,ht,Okhrovyy Zavod
307902158,3998730,ht,Novaya Kochevan
307902774,3998738,ht,"Ob""yedinennyy"
307902851,3998739,ht,Sorokovka
307903236,3998744,ht,Strel'nikov
307904160,3998756,ht,Novyy Orlik
307905931,3998779,ht,Kozyrev
307906470,3998786,ht,Nikolayevskiy
307906547,3998787,ht,Zelenaya Dubrava
307906701,3998789,ht,Shchebetunovka
307906855,3998791,ht,Kucherenko
307908087,3998807,ht,Pozharnyy
307908241,3998809,ht,Safonovka
307909396,3998824,ht,Kushnarev
307910705,3998841,ht,Novoukolovka
307910936,3998844,ht,Rozy Lyuksemburg
307911629,3998853,ht,Aleksandrovka
307911860,3998856,ht,Kugutki
307912014,3998858,ht,Voroshilovka
307912476,3998864,ht,Zalotarevka
307913246,3998874,ht,Lopin
307913477,3998877,ht,Marchenko
307914247,3998887,ht,Annovka
307915094,3998898,ht,Vodin
307915171,3998899,ht,Spornoye
307915787,3998907,ht,Ivanovka Vtoraya
307915864,3998908,ht,Staraya
307916249,3998913,ht,Rubtsovskiy
307916557,3998917,ht,Sel'tso
307916711,3998919,ht,Loktevo
307918559,3998943,ht,Nikulin
307919560,3998956,ht,Chubarovka
307919714,3998958,ht,Bobyli
307921639,3998983,ht,Shumskiy
307922024,3998988,ht,Anisimovka
307926182,3999042,ht,Chaplygino
307926490,3999046,ht,Teplitskiy
307926952,3999052,ht,Andeyevka
307929108,3999080,ht,Melekhi
307929801,3999089,ht,Kart'ashov
307930494,3999098,ht,Monino
307930571,3999099,ht,Moksino
307931803,3999115,ht,Tsabulevskiy
307935345,3999161,ht,Krasnaya Zarya
307935422,3999162,ht,Krasnaya Zarya
307937424,3999188,ht,Vyshegor
307938810,3999206,ht,Krasnikovo
307939118,3999210,ht,Stukolovo
307939888,3999220,ht,Batishchevo
307940196,3999224,ht,Gorodok
307941890,3999246,ht,Kikidzi
307942275,3999251,ht,Akimovskiy
307943969,3999273,ht,Kutsayevskiy
307944662,3999282,ht,Ploskoye
307945047,3999287,ht,Zheltovka
307947434,3999318,ht,Stroganovskiy
307948743,3999335,ht,Romanovskiy
307949975,3999351,ht,Lazarev
307950052,3999352,ht,Poltava
307950437,3999357,ht,Tserkovnyy
307951130,3999366,ht,Shepit'kov
307951515,3999371,ht,Baranovka
307953363,3999395,ht,Tsygany
307953517,3999397,ht,Shubkino
307953902,3999402,ht,Derlichino
307957675,3999451,ht,Kud'yarovo
307958060,3999456,ht,Zhernovoy
307961756,3999504,ht,Hayivka
307961833,3999505,ht,Grechishche
307961987,3999507,ht,Sobakino
307962449,3999513,ht,Semenovka
307962680,3999516,ht,Chuvaksino
307962988,3999520,ht,Sin'gayevo
307965144,3999548,ht,Shatesha
307966145,3999561,ht,Chertkovskiy
307967069,3999573,ht,Semenovskoye
307968686,3999594,ht,Sidorovskiy
307968917,3999597,ht,Lunacharskiy
307970765,3999621,ht,Tychkovo
307970842,3999622,ht,Fedulovskiy
307971920,3999636,ht,Ivaniki
307972074,3999638,ht,Arefino
307972459,3999643,ht,Krivonina
307972536,3999644,ht,Uvarovo
307973152,3999652,ht,Plokhovskaya
307973460,3999656,ht,Mastrov
307974230,3999666,ht,Azarovo
307977079,3999703,ht,Borisovo
307977541,3999709,ht,Osel'ya
307977618,3999710,ht,Ponosenki Kholm
307978850,3999726,ht,Peresel'ye
307979004,3999728,ht,Lekhonov-Bor
307979235,3999731,ht,Varvarovka
307979543,3999735,ht,Gridino
307981314,3999758,ht,Zagoskino
307982161,3999769,ht,Kalyayevo
307986011,3999819,ht,Vasil'yevka
307986242,3999822,ht,Boyarshchina
307986781,3999829,ht,Gredyaki
307986858,3999830,ht,Krucha
307987089,3999833,ht,Privol'ye
307987397,3999837,ht,Nizhneye Ol'govo
307988783,3999855,ht,Kovalev
307988860,3999856,ht,Babik
307990939,3999883,ht,Zhuykovo
307991247,3999887,ht,Popovskoye
307993249,3999913,ht,Tabory
307993942,3999922,ht,Sel'tso
307994096,3999924,ht,Pashino
307994327,3999927,ht,Kuz'mino
307995174,3999938,ht,Yefremovo
307997099,3999963,ht,Grigor'yevo
307998023,3999975,ht,Veprevo
307999563,3999995,ht,Rudnoye
308000025,4000001,ht,Devyatkino
308000487,4000007,ht,Nikulinki
308001026,4000014,ht,Kuznechiki
308001642,4000022,ht,Lobanovka
308002489,4000033,ht,Zaytsevo
308003952,4000052,ht,Anisovo
308004029,4000053,ht,Kholm
308004106,4000054,ht,Belkino
308006031,4000079,ht,Bulyuka
308007956,4000104,ht,Novo-Popova
308010574,4000138,ht,Baygory
308011575,4000151,ht,Blinovo
308012499,4000163,ht,Vysokoye
308015040,4000196,ht,Zhukovo
308015194,4000198,ht,Klymivka
308015348,4000200,ht,Gushchino
308016272,4000212,ht,Kommuna
308016503,4000215,ht,Butyrki
308016657,4000217,ht,Vorob'yevka
308016888,4000220,ht,Boldino
308017889,4000233,ht,Pavlova
308018043,4000235,ht,Lugovtsy
308018197,4000237,ht,Bolonovets
308018274,4000238,ht,Marino
308018890,4000246,ht,Rytvino
308019121,4000249,ht,Balashevo
308020738,4000270,ht,Smetanino
308022586,4000294,ht,Golovino
308022740,4000296,ht,Koritsovo
308022817,4000297,ht,Slugovishchevo
308023895,4000311,ht,Yur'yevo
308024203,4000315,ht,Bosiyany
308024588,4000320,ht,Krasnaya Rayevka
308025358,4000330,ht,Gvozdevitsy
308026898,4000350,ht,Kishkenitsa
308028669,4000373,ht,Babinka
308029054,4000378,ht,Demyakhi
308029978,4000390,ht,Verkhov'ye
308031210,4000406,ht,Milosel'ye
308031595,4000411,ht,Svozki
308032211,4000419,ht,Dryukovo
308032288,4000420,ht,Golovitsy
308033212,4000432,ht,Varukhi
308033289,4000433,ht,Shilovka
308033828,4000440,ht,Krapivnya
308034136,4000444,ht,Zadneye
308035445,4000461,ht,Gorodok
308036292,4000472,ht,Shiryaikha
308037678,4000490,ht,Ovsyaniki
308039680,4000516,ht,Gorodok
308040296,4000524,ht,Pal'tsevo
308040373,4000525,ht,Aleksino
308040758,4000530,ht,Bobrovo
308041066,4000534,ht,Novinskoye
308041143,4000535,ht,Fedoty
308041220,4000536,ht,Svishchevo
308041297,4000537,ht,Ploskoye
308041451,4000539,ht,Pashutino
308041605,4000541,ht,Staroye
308041682,4000542,ht,Budovets
308043376,4000564,ht,Khodyk'no
308043607,4000567,ht,Mokroye
308043761,4000569,ht,Sloboda
308043992,4000572,ht,Stepantsevo
308044377,4000577,ht,Bityukovo
308045070,4000586,ht,Skokovo
308045840,4000596,ht,Korennoye
308045917,4000597,ht,Khokhlovo
308046610,4000606,ht,Filimonovka
308046841,4000609,ht,Malaya Myatka
308049151,4000639,ht,Panovo
308049228,4000640,ht,Motayevo
308049305,4000641,ht,Vyazy
308049382,4000642,ht,Popkovo
308049690,4000646,ht,Gorblevatka
308050537,4000657,ht,Khlopyanskiy
308050768,4000660,ht,Vasil'yevka Mel'nitsa
308051307,4000667,ht,Ostritsy Pervyye
308054233,4000705,ht,Sel'kovo
308054310,4000706,ht,Kiryakino
308054849,4000713,ht,Los'mino
308054926,4000714,ht,Sholokhovka
308055619,4000723,ht,Zhuravlevo
308056235,4000731,ht,Krasnoye
308056774,4000738,ht,Gul'nevo
308057005,4000741,ht,Rzhavets
308058314,4000758,ht,Vodnevka
308060470,4000786,ht,Lyubovskiye Dvortsy
308060547,4000787,ht,Pustosel
308061009,4000793,ht,Samolyubovka
308061163,4000795,ht,Dobrosel'ye
308062395,4000811,ht,Burdovo
308063011,4000819,ht,Tekino
308063165,4000821,ht,Uzgonskoye
308063396,4000824,ht,Shlyakhta
308063704,4000828,ht,Pustysh'
308064243,4000835,ht,Pavlovo
308064397,4000837,ht,Shpunty
308064628,4000840,ht,Gavryushino
308065398,4000850,ht,Lopotok
308065783,4000855,ht,Lozhki
308067169,4000873,ht,Khutuli
308067708,4000880,ht,Novo-Petrovo
308068786,4000894,ht,Savinki
308069171,4000899,ht,Kulagino
308069248,4000900,ht,Bol'shoy Rzhavets
308069325,4000901,ht,Malyy Rzhavets
308069479,4000903,ht,Golyakovo
308070249,4000913,ht,Pashkovo
308070403,4000915,ht,Nosovo
308072251,4000939,ht,Tupik
308072559,4000943,ht,Yemel'yanovo
308073021,4000949,ht,Mikhaylovka
308074792,4000972,ht,Krutitsy
308076563,4000995,ht,Vysokoye
308077795,4001011,ht,Krutoye Maloye
308079181,4001029,ht,Slednevo
308079335,4001031,ht,Voyutino
308079412,4001032,ht,Dubrovino
308079489,4001033,ht,Vishenki
308079566,4001034,ht,Istrubtsovo
308079720,4001036,ht,Teplukhino
308080644,4001048,ht,Knyazhnoye
308081260,4001056,ht,Malyye Lopatki
308081722,4001062,ht,Kostino
308081953,4001065,ht,Trulisi
308082030,4001066,ht,Lazarevo
308082184,4001068,ht,Kletki
308082338,4001070,ht,Kotilovo
308082492,4001072,ht,Fomkino
308083031,4001079,ht,Sergeyevo
308083108,4001080,ht,Zheltoukhi
308087805,4001141,ht,Grozyn'
308088344,4001148,ht,Gridino
308089191,4001159,ht,Krasnyy Gorodok
308089268,4001160,ht,Pagubino
308089345,4001161,ht,Matveykovo
308090808,4001180,ht,Krupenikha
308091424,4001188,ht,Yuskova Sloboda
308091732,4001192,ht,Budyonnovsk
308092117,4001197,ht,Pashutino
308093272,4001212,ht,Bykovka
308094119,4001223,ht,Krasnyy May
308095428,4001240,ht,Anan'ino
308095813,4001245,ht,Mironovka
308099047,4001287,ht,Novoselki
308099124,4001288,ht,Kharinka
308099894,4001298,ht,Mikhalevo
308100125,4001301,ht,Promennaya
308100972,4001312,ht,Torchilovka
308101049,4001313,ht,Luzhetskaya
308101280,4001316,ht,Bogdanovka
308101665,4001321,ht,Vezhi
308101896,4001324,ht,Pechkury
308103513,4001345,ht,Tupichino
308103590,4001346,ht,Berezovka
308104206,4001354,ht,Krasnaya Polyana
308104976,4001364,ht,Lushikhino
308106131,4001379,ht,Durnevo
308106978,4001390,ht,Mordasovo
308107055,4001391,ht,Popovka
308109211,4001419,ht,Mokhovka
308109288,4001420,ht,Smykovo
308109673,4001425,ht,Staroye Azarovo
308110674,4001438,ht,Lipki
308112368,4001460,ht,Poluovchinki
308112599,4001463,ht,Krasnaya Polyana
308114447,4001487,ht,Semeshkovo
308114986,4001494,ht,Dorki
308116064,4001508,ht,Glinki
308116372,4001512,ht,Leonovo
308117989,4001533,ht,Zhivodovka
308118220,4001536,ht,Seredeya
308118451,4001539,ht,Pechkinskiye Vyselki
308118528,4001540,ht,Bogat'kovo
308118759,4001543,ht,Ushakovo
308120222,4001562,ht,Sviridovskiy
308120684,4001568,ht,Pashkovskiy
308120915,4001571,ht,Novoselki
308120992,4001572,ht,Novosel'ye
308121223,4001575,ht,Borysh'ye
308122455,4001591,ht,Pustoshki
308122917,4001597,ht,Krasnyy
308123456,4001604,ht,Kol'skoye
308124303,4001615,ht,Vtoryye Il'yanki
308124996,4001624,ht,Simany
308125458,4001630,ht,Golubkovo
308126844,4001648,ht,Cheshuyki
308127768,4001660,ht,Goryupino
308127845,4001661,ht,Krasavitsa
308127922,4001662,ht,Noy Noroye
308128692,4001672,ht,Dolgiy Mast
308128923,4001675,ht,Sverkuny
308129000,4001676,ht,Vlaznevo
308129077,4001677,ht,Morozovo
308130540,4001696,ht,Svinyye
308130771,4001699,ht,Kozino
308131695,4001711,ht,Suborova
308132157,4001717,ht,Novikovskiy
308132542,4001722,ht,Molyavchino
308132619,4001723,ht,Burtseva
308134082,4001742,ht,Vysokoye
308134313,4001745,ht,Chertovoye
308135237,4001757,ht,Shyshaky
308135314,4001758,ht,Azarovo
308135930,4001766,ht,Morozovo
308136007,4001767,ht,Ryazanovo
308136238,4001770,ht,Ponaskovo
308136315,4001771,ht,Ivakhovo
308137932,4001792,ht,Taborishche
308139010,4001806,ht,Krasnyy Yar
308141628,4001840,ht,Bosino
308142552,4001852,ht,Poddvor'ye
308142783,4001855,ht,Pwoletè
308142860,4001856,ht,Mikhaylovka
308144708,4001880,ht,Novaya Radost'
308146787,4001907,ht,Golopyatovka
308147711,4001919,ht,Gostimlya
308148789,4001933,ht,Dubrovo
308149559,4001943,ht,Yekaterinki
308149867,4001947,ht,Martynovka
308149944,4001948,ht,Ageyevo
308150560,4001956,ht,Yevdokimova
308151253,4001965,ht,Rassvet
308152177,4001977,ht,Krasnaya Kuliga
308152254,4001978,ht,Savinkova
308152331,4001979,ht,Hovory
308153563,4001995,ht,Kommuna Tonevo
308153717,4001997,ht,Belitsa
308153871,4001999,ht,Stepanovka
308156027,4002027,ht,Loshevo
308156874,4002038,ht,Boksheno
308157721,4002049,ht,Radyukino
308157952,4002052,ht,Logachevo
308158337,4002057,ht,Khiznya
308158645,4002061,ht,Orlovka
308158722,4002062,ht,Dyad'kov
308158876,4002064,ht,Zavalipy
308159646,4002074,ht,Ivanovka
308160416,4002084,ht,Barbachev
308160955,4002091,ht,Ivanush-Dub'ye
308161571,4002099,ht,Panovka
308162187,4002107,ht,Pokrov
308162418,4002110,ht,Korchazhkino
308163034,4002118,ht,Bakhtinsk
308163111,4002119,ht,Sosnovka
308163188,4002120,ht,Verkhniy Doyets
308163496,4002124,ht,Kurovskoye
308163650,4002126,ht,Ryndino
308163881,4002129,ht,Tserkovishche
308164343,4002135,ht,Lukashovshchina
308164805,4002141,ht,Velikiye Pozhni
308164882,4002142,ht,Dokhnovy
308166576,4002164,ht,Dolgiy
308168809,4002193,ht,Nigreyevskiy
308169194,4002198,ht,Zelenaya Roshcha
308169887,4002207,ht,Staryye Kovali
308170734,4002218,ht,Povyetkino
308170888,4002220,ht,Kuz'menki
308171196,4002224,ht,Grigorovo
308171427,4002227,ht,Khlebtovskiy
308171504,4002228,ht,Detchino
308171735,4002231,ht,Sitnovskiy
308173737,4002257,ht,Zasnov'ye
308174507,4002267,ht,Kuzyakino
308175431,4002279,ht,Nekrasovo
308175893,4002285,ht,Golynka
308176894,4002298,ht,Upoloznoye
308178973,4002325,ht,Malinki
308179666,4002334,ht,Akulovo
308180898,4002350,ht,Iskra
308181899,4002363,ht,Vysokoye
308182207,4002367,ht,Skorokovet
308182900,4002376,ht,Besovo
308183054,4002378,ht,Spornoye
308183901,4002389,ht,Tinyakovo
308184209,4002393,ht,Zabolotnoye
308184671,4002399,ht,Terent'yevo
308184825,4002401,ht,Krugloye
308185210,4002406,ht,Zelenyy Gay
308185749,4002413,ht,Tavrika
308185826,4002414,ht,Ivanchukov
308186442,4002422,ht,Lychino
308186519,4002423,ht,Butsynovka
308186750,4002426,ht,Brovkino
308186981,4002429,ht,Zhiteyevka
308187058,4002430,ht,Yamna
308188213,4002445,ht,Fedyukovo
308188290,4002446,ht,Marino
308188598,4002450,ht,Sloboda
308188983,4002455,ht,Yuma
308189522,4002462,ht,Khoten
308189599,4002463,ht,Alekseyevka
308189830,4002466,ht,Rozhenskiy
308190369,4002473,ht,Gladkoye
308192063,4002495,ht,Baranovka
308192217,4002497,ht,Zamoshche
308192448,4002500,ht,Kirillovo
308192833,4002505,ht,Belovshchina
308193218,4002510,ht,Sizemskiye
308193295,4002511,ht,Burgova
308196144,4002548,ht,Bolott·skoye
308196606,4002554,ht,Podchervina
308197145,4002561,ht,Zvezda
308197453,4002565,ht,Ugolek
308197530,4002566,ht,Mikhaylovka
308198146,4002574,ht,Olenye
308198608,4002580,ht,Bogoslovskiy
308199378,4002590,ht,Krasnyy Kholm
308200456,4002604,ht,Krutoy Log
308200533,4002605,ht,Kubasovo
308201303,4002615,ht,Skorodumka
308201611,4002619,ht,Skripova
308202150,4002626,ht,Gorodets
308202458,4002630,ht,Vetrovskiy
308203151,4002639,ht,Kol'tsovo
308204383,4002655,ht,Sharikhina
308205615,4002671,ht,Kharichi
308206308,4002680,ht,Voskresenskiy
308207001,4002689,ht,Etajima
308207078,4002690,ht,Lunevo
308207848,4002700,ht,Satpayev
308210389,4002733,ht,Korostelki
308211236,4002744,ht,Semenikha
308211313,4002745,ht,Imeni Karla Libknekhta
308211698,4002750,ht,Bol'shaya Roslyakovka
308212314,4002758,ht,Zemovo
308213700,4002776,ht,Mokrovo
308214701,4002789,ht,Vasino
308215471,4002799,ht,Marino
308215548,4002800,ht,Solnechnoye
308216780,4002816,ht,Dedilovo
308216857,4002817,ht,Barbino
308217704,4002828,ht,Orlova
308218320,4002836,ht,Gornevo
308218628,4002840,ht,Alekseyevka
308219167,4002847,ht,Irtisovo
308219398,4002850,ht,Novyy Buzets
308220168,4002860,ht,Popovka
308220938,4002870,ht,Yudinki
308221169,4002873,ht,Katarginka Pervaya
308221246,4002874,ht,Zelenyye Vody
308221477,4002877,ht,Dereven'ki
308223325,4002901,ht,Khokhlovo
308223402,4002902,ht,Belaya Gora
308224249,4002913,ht,Slautino
308228253,4002965,ht,Roskino
308229023,4002975,ht,Mayorovo
308231025,4003001,ht,Stankovo
308231410,4003006,ht,"S""yanovo Vtoroye"
308232334,4003018,ht,Semichevka
308233258,4003030,ht,Vyglyadovka
308234644,4003048,ht,Bol'shoye
308234721,4003049,ht,Slepushkino
308234952,4003052,ht,Kurbatovo
308237878,4003090,ht,Shirta
308239495,4003111,ht,Sinchury
308239572,4003112,ht,Kosilovo
308240573,4003125,ht,Teplytsia
308240650,4003126,ht,Rusanovka
308241266,4003134,ht,Makarovka
308242036,4003144,ht,Vol'nyaki
308242267,4003147,ht,Shchekhatikhino
308242421,4003149,ht,Solovki
308242883,4003155,ht,Yastrebikha
308243807,4003167,ht,Smotrovyye Lyady
308244577,4003177,ht,Al'shan'
308247195,4003211,ht,Griva
308247426,4003214,ht,Gol'nya
308247580,4003216,ht,Steblo
308248889,4003233,ht,Knyazevo
308249043,4003235,ht,Ivanovka
308249967,4003247,ht,Lesnovka
308250198,4003250,ht,Polyanskiye Vyselki
308251738,4003270,ht,Min'kovo
308251815,4003271,ht,Nazarovo
308251892,4003272,ht,Kryukovo
308252046,4003274,ht,Makeyevo
308252662,4003282,ht,Ostapova-Sloboda
308253201,4003289,ht,Ovechkino
308253278,4003290,ht,Konoplevka
308253971,4003299,ht,Zelenyy
308255357,4003317,ht,Astaf'yevo
308256358,4003330,ht,Ryasnik
308256435,4003331,ht,Beremovets
308257205,4003341,ht,Baryninskiy
308257667,4003347,ht,Vysokoye
308258129,4003353,ht,Yur'yevka
308258206,4003354,ht,Matchino
308258360,4003356,ht,Kolodyazskiye Dvory
308259207,4003367,ht,Kosino
308259669,4003373,ht,Il'inskoye
308260208,4003380,ht,Gorodets
308263981,4003429,ht,Shcheblovo
308264751,4003439,ht,Navozovka
308266445,4003461,ht,Perikovo
308267061,4003469,ht,Chistyye Bugry
308268370,4003486,ht,Fursovo
308268678,4003490,ht,Milyugonovskiy
308268832,4003492,ht,Ivanovskiy
308269448,4003500,ht,Turgenevka
308270911,4003519,ht,Zinovkino
308270988,4003520,ht,Akromeyevo
308271450,4003526,ht,Kosovka
308272605,4003541,ht,Tatarinka
308273144,4003548,ht,Sukhocheva
308273298,4003550,ht,Krasino
308274530,4003566,ht,Kukharevo
308274915,4003571,ht,Rozhdestvenskiy
308275146,4003574,ht,Lokatets
308275762,4003582,ht,Nadezhda
308276301,4003589,ht,Leonovskiy
308277687,4003607,ht,Pyonè
308281460,4003656,ht,Yakunino
308281537,4003657,ht,Naleskino
308281922,4003662,ht,Romodanovo
308281999,4003663,ht,Ustka
308282538,4003670,ht,Khlyustinka
308282923,4003675,ht,Kudinova
308283693,4003685,ht,Veseloye Pole
308285079,4003703,ht,Rzhavets
308286542,4003722,ht,Turgenevo
308287389,4003733,ht,Tatarskiye Khutora
308287697,4003737,ht,Yusupovo
308287851,4003739,ht,Kuchino
308287928,4003740,ht,Avdot'ino
308289160,4003756,ht,Vorob'yevka
308289237,4003757,ht,Medvezh'ye
308289468,4003760,ht,Vykopari
308290007,4003767,ht,Meshkovo
308290161,4003769,ht,Chegodayevo
308290315,4003771,ht,Chirikovo
308290392,4003772,ht,Klement'yevo
308290854,4003778,ht,Satino-Russkoye
308291085,4003781,ht,Zverevo
308291162,4003782,ht,Khlynovo
308291239,4003783,ht,Novinskoye
308291393,4003785,ht,Pavlovka
308291470,4003786,ht,Savchino
308291547,4003787,ht,Volodarskiy
308291701,4003789,ht,Ozerovo
308292317,4003797,ht,Kolotilovo
308292625,4003801,ht,Bulatovo
308292779,4003803,ht,Lydskaya
308292856,4003804,ht,Pishcheri
308292933,4003805,ht,Krasnoye Solntse
308293010,4003806,ht,Podosinki
308293241,4003809,ht,Leski
308293318,4003810,ht,Zarech'ye
308293395,4003811,ht,Lukovnya
308293549,4003813,ht,Bat'kovo
308295397,4003837,ht,Dekabrist
308295782,4003842,ht,Proletarskaya Zvezda
308295936,4003844,ht,Pavlovka
308296321,4003849,ht,Boyarkovo
308297091,4003859,ht,Borshovo
308297707,4003867,ht,Novyy Khutor
308298169,4003873,ht,Pushkarnaya
308299093,4003885,ht,Bezobrazovo
308299170,4003886,ht,Ryzhovo
308299247,4003887,ht,Nikol'skoye
308300248,4003900,ht,Konakovo
308300325,4003901,ht,Sekerino
308300864,4003908,ht,Sizovy Dvory
308301480,4003916,ht,Shirokaya Polyana
308301557,4003917,ht,Krasnyy Pakhar
308302019,4003923,ht,Gavrilovka
308302173,4003925,ht,Gas'kovo
308302635,4003931,ht,Mayskiy Tsvetok
308302866,4003934,ht,Nezhivka
308303097,4003937,ht,Zolotoye Dno
308303251,4003939,ht,Zhdanovka
308303328,4003940,ht,Shchernod'ye
308303405,4003941,ht,Sokol'niki-Pervyye
308303636,4003944,ht,Bashkirovka
308303944,4003948,ht,Zasadskiy
308304560,4003956,ht,Aksin'ino
308304637,4003957,ht,Pridacha
308305022,4003962,ht,Pervoye Maya
308306947,4003987,ht,Malinovskiy
308307563,4003995,ht,Kurkino
308307871,4003999,ht,Novaya Zhizn'
308308025,4004001,ht,Bogrovo
308308179,4004003,ht,Krasnaya Zvezda
308308256,4004004,ht,Dedovskiy
308308333,4004005,ht,Vasil'yevka
308309180,4004016,ht,Klovo
308309257,4004017,ht,Sobakino
308309796,4004024,ht,Gryada
308309950,4004026,ht,Red'kovo
308310258,4004030,ht,Poloshkova
308311336,4004044,ht,Zelenaya Dubrava
308311721,4004049,ht,Zabolot'ye
308311798,4004050,ht,Fedorovskoye
308312722,4004062,ht,Poselok Uchkhoza
308312876,4004064,ht,Poselok Sovkhoz Imeni Lenina
308313184,4004068,ht,Sof'ino
308313646,4004074,ht,Kozhanovka
308314878,4004090,ht,Vasil'yevskoye
308315032,4004092,ht,Loshatovka
308315340,4004096,ht,Gazuki
308316495,4004111,ht,Vorotynsk
308316726,4004114,ht,Zhivotinki
308316803,4004115,ht,Poselok Kaluzhskoy Opytnoy Sel'skokhozyaystvennoy Stantsii
308316880,4004116,ht,Zabolot'ye
308317034,4004118,ht,Zaborovka
308317419,4004123,ht,Novaya Ol'khovka
308317650,4004126,ht,Barinovo
308317727,4004127,ht,Boychitsy
308317881,4004129,ht,Furmakino
308318112,4004132,ht,Yershovka
308318805,4004141,ht,Kazakovka
308318882,4004142,ht,Snytkino
308319190,4004146,ht,Myakshevo
308319344,4004148,ht,Radchino
308319498,4004150,ht,Obukhovo
308319729,4004153,ht,Churilovka
308320114,4004158,ht,Verkhniye Opolenki
308320191,4004159,ht,Rudnev Khutor
308320268,4004160,ht,Ostroganka
308320345,4004161,ht,Ivanovka
308320884,4004168,ht,Zhashkovo
308321038,4004170,ht,Trostyanka
308321115,4004171,ht,Bushovka
308321500,4004176,ht,Komsino
308321654,4004178,ht,Ryadovka
308322347,4004187,ht,Deryugino
308323040,4004196,ht,Tolstoye
308323194,4004198,ht,Prilepy
308323271,4004199,ht,Krasnyy Lipnik
308323425,4004201,ht,Lebyazh'ye
308326043,4004235,ht,Krasil'niki
308327968,4004260,ht,Hubivka
308328122,4004262,ht,Rogachi
308328199,4004263,ht,Radishchevo
308328430,4004266,ht,Sinyakovo
308328507,4004267,ht,Lokonskoye
308328815,4004271,ht,Leninskiy
308328969,4004273,ht,Studenets
308329046,4004274,ht,Sloboda
308329123,4004275,ht,Povetkino
308329354,4004278,ht,Krasnaya Roshcha
308329431,4004279,ht,Paportnoye
308329816,4004284,ht,Vladimirovskiy
308329893,4004285,ht,Otlet
308330509,4004293,ht,Podlesnoye
308330894,4004298,ht,Surki
308331048,4004300,ht,Karas'kovo
308331125,4004301,ht,Staroye Proninskoye
308331356,4004304,ht,Golovteyevo
308332203,4004315,ht,Bespdka
308332357,4004317,ht,Leninskiy
308332434,4004318,ht,Dontsov
308333281,4004329,ht,Yubileynyy
308333358,4004330,ht,Savinovo
308333435,4004331,ht,Ivanovka
308333512,4004332,ht,Bol'shiye Luga
308333666,4004334,ht,Stolbovka
308333820,4004336,ht,Gorodishchevo
308337670,4004386,ht,Rzhavets
308338132,4004392,ht,Belousovka
308338286,4004394,ht,Prudki
308338671,4004399,ht,Preobrazhenskiy
308338979,4004403,ht,Stomna
308339056,4004404,ht,Selenka
308339210,4004406,ht,Krasnoznamenets
308339287,4004407,ht,Profintern
308340288,4004420,ht,Popovka
308340442,4004422,ht,Kaninskiy
308340596,4004424,ht,Abrosimovo
308341058,4004430,ht,Gorki
308342752,4004452,ht,Karuzha
308342829,4004453,ht,Pavlovka
308342906,4004454,ht,Dubrovka
308345909,4004493,ht,Sokhino
308346140,4004496,ht,Kachanovo
308346371,4004499,ht,Chernovskiy
308348065,4004521,ht,Semenovskiy
308348296,4004524,ht,Matochkino
308348681,4004529,ht,Lyshchikovo
308349374,4004538,ht,Gayevoy
308350144,4004548,ht,Khlopovo
308350683,4004555,ht,Zarech'ye
308351299,4004563,ht,Gnetovo
308352454,4004578,ht,Pryimivshchyna
308354995,4004611,ht,Tutovo
308355072,4004612,ht,Mikhaylovka
308355380,4004616,ht,Rudnitskiy
308355534,4004618,ht,Mukhanovo
308355611,4004619,ht,Natal'ino
308355842,4004622,ht,Usady
308355996,4004624,ht,Nekrasovo
308356612,4004632,ht,Svobodnyy
308356843,4004635,ht,Pal'tsevo
308357074,4004638,ht,Krylovskiy
308357690,4004646,ht,Kreshchenskiy
308357767,4004647,ht,Chupryakovo
308357921,4004649,ht,Belitsa
308358075,4004651,ht,Dyut'kovo
308358460,4004656,ht,Verkhneye Kos'movo
308358768,4004660,ht,Redova
308358922,4004662,ht,Mikhaylovskiy
308359230,4004666,ht,Fat'yanovo
308359384,4004668,ht,Gurovskiy
308360000,4004676,ht,Moshki
308360539,4004683,ht,Zyuznevo
308360616,4004684,ht,Gremyachevo
308360693,4004685,ht,Trubichino
308360770,4004686,ht,Ryazantsevo
308360924,4004688,ht,Sukhoparovka
308361078,4004690,ht,Shishkino-Robchino
308361155,4004691,ht,Prokhody
308362079,4004703,ht,Fevral'skiy
308362156,4004704,ht,Koz'yakovo
308362310,4004706,ht,Krasnopol'ye
308362464,4004708,ht,Konstantinovka
308363080,4004716,ht,Shirokiy
308363619,4004723,ht,Novoyelenskiy
308363773,4004725,ht,Biryukoy
308364774,4004738,ht,Borisovka
308366160,4004756,ht,Dedtsevo
308367469,4004773,ht,Rastorog
308370241,4004809,ht,Marino
308371858,4004830,ht,Yurkino
308372166,4004834,ht,Matveyevka
308372243,4004835,ht,Yermakov
308373167,4004847,ht,Natal'inka
308373321,4004849,ht,Sidorovka
308373398,4004850,ht,Yelizavetinka
308373552,4004852,ht,Telyukovo
308374630,4004866,ht,Il'ino
308374707,4004867,ht,Borisovka
308375015,4004871,ht,Shil'nikovo
308375092,4004872,ht,Krasnyy Voskhod
308375785,4004881,ht,Pwogrè
308376016,4004884,ht,Krasnitskiy
308376093,4004885,ht,Lebedin
308376170,4004886,ht,Aleksandrovskiy
308376247,4004887,ht,Zarech'ye
308376401,4004889,ht,Rakita
308377094,4004898,ht,Bilotserkivka
308377941,4004909,ht,Timashovo
308378788,4004920,ht,Zelenaya Roshcha
308380944,4004948,ht,Afineyevo
308381098,4004950,ht,Khlopovo
308383485,4004981,ht,Voytovka
308385102,4005002,ht,Groznyy
308386796,4005024,ht,Dyukarevo
308387489,4005033,ht,Klokovo
308387797,4005037,ht,Annino
308387951,4005039,ht,Mamyri
308391185,4005081,ht,Yekaterinovka
308391339,4005083,ht,Skakina
308392648,4005100,ht,Ishutino
308393187,4005107,ht,Radenki
308393495,4005111,ht,Kamyshivka Persha
308394573,4005125,ht,Korostelevo
308394958,4005130,ht,Krasnokazatskiy
308395343,4005135,ht,Belikovo
308395651,4005139,ht,Inshinskiy
308395959,4005143,ht,Myza
308398654,4005178,ht,Zarech'ye
308400117,4005197,ht,Drozhzhino
308401041,4005209,ht,Volovnya
308401734,4005218,ht,Martynovka
308401811,4005219,ht,Sbornyy
308403582,4005242,ht,Aleksandrovskiy
308404737,4005257,ht,Pavlovka
308404968,4005260,ht,Karaseva Luzha
308405276,4005264,ht,Podol'sk
308405661,4005269,ht,Zhelenoye
308405738,4005270,ht,Razvilka
308405892,4005272,ht,Gukalinskiy
308406123,4005275,ht,Trostenchik
308406816,4005284,ht,Gladkovo
308407663,4005295,ht,Yakshino
308407817,4005297,ht,Ostryy Klin
308408972,4005312,ht,Belaborki
308411359,4005343,ht,Rozhdestvenskiy
308411975,4005351,ht,Boltino
308412052,4005352,ht,Butinovo
308413438,4005370,ht,Sinyutino
308413592,4005372,ht,Kolyupanovo
308413823,4005375,ht,Naryshkino
308413977,4005377,ht,Belolipki
308414131,4005379,ht,Belyayeva
308414208,4005380,ht,Avangard
308414285,4005381,ht,Karpov
308414439,4005383,ht,Dunets
308414824,4005388,ht,Bozheninovo
308415132,4005392,ht,Dubki
308415363,4005395,ht,Vysotskoye
308415825,4005401,ht,Gorenosovo
308415902,4005402,ht,Mikhaylovka
308416133,4005405,ht,Rusino
308420137,4005457,ht,Ushakovo
308421369,4005473,ht,Odnonitok
308422139,4005483,ht,Satpayev
308422832,4005492,ht,Nikulina
308423063,4005495,ht,Ushakovo
308424141,4005509,ht,Klevtsovo
308424603,4005515,ht,Veretenki
308425065,4005521,ht,Vvedenskoye
308425142,4005522,ht,Rakovo
308425296,4005524,ht,Sretenka
308426143,4005535,ht,Varvarikha
308426220,4005536,ht,Gorodishchi
308426451,4005539,ht,Afoninka
308426913,4005545,ht,Bochkino
308427144,4005548,ht,Bogovo
308428530,4005566,ht,Trosna
308429531,4005579,ht,Bannoye
308429762,4005582,ht,Trosnitsa
308429916,4005584,ht,Sofeyevka
308430070,4005586,ht,Otrezki
308440003,4005715,ht,Bol'shaya Vetka
308440234,4005718,ht,Malyye Inshaki
308440542,4005722,ht,Kutukovo
308440850,4005726,ht,Vereista
308444084,4005768,ht,Golozhokhovo
308444623,4005775,ht,Pasekovo
308444777,4005777,ht,Maksimovskiye Vyselki
308444931,4005779,ht,Kolodezi
308445008,4005780,ht,Zemledelets
308445470,4005786,ht,Krutiki
308447087,4005807,ht,Mart'yankovo
308447318,4005810,ht,Zolotukhi
308447780,4005816,ht,Larioshkova
308449012,4005832,ht,Podsosenka
308449551,4005839,ht,Gosteyevka
308450013,4005845,ht,Ozerovo
308450860,4005856,ht,Lamskoye
308450937,4005857,ht,Maslov Khutor
308451014,4005858,ht,Novoye Bokino
308451168,4005860,ht,Bogdanovka
308451476,4005864,ht,Yelizavetino
308451630,4005866,ht,Novoselki
308451707,4005867,ht,Aleksandrova Pamyat'
308451784,4005868,ht,Cherenkovo
308451938,4005870,ht,Zibarovka
308452092,4005872,ht,Pestovo
308452246,4005874,ht,Myrnyi
308452323,4005875,ht,Kostomarovo
308453093,4005885,ht,Pyshkino
308453632,4005892,ht,Tat'yanovka
308454017,4005897,ht,Kin'-Grust'
308454710,4005906,ht,Ignat'yevskiy
308455249,4005913,ht,Bibikovo
308456481,4005929,ht,Ryabinki
308456635,4005931,ht,Kanayevo
308457097,4005937,ht,Kazakovo
308457790,4005946,ht,Znamenskoye
308459484,4005968,ht,Aleksandrovka Pervaya
308460485,4005981,ht,Kalinovka
308462872,4006012,ht,Malyye Raskopy
308466260,4006056,ht,Borisovo
308466876,4006064,ht,Zhukovskiye
308468185,4006081,ht,Butyrki
308468878,4006090,ht,Kas'yanovo
308469571,4006099,ht,Semikino
308469879,4006103,ht,Kokurenkova
308471111,4006119,ht,Ornautovo
308472189,4006133,ht,Krutovskiye Dvoriki
308474499,4006163,ht,Tsvetynskiye Dvoriki
308474653,4006165,ht,Truganovo
308475192,4006172,ht,Sobakino
308475808,4006180,ht,Pervoye Rokovoye
308476039,4006183,ht,Kirpichnyy
308476501,4006189,ht,Petrovka
308476732,4006192,ht,Pervyy Dobrovodskiy
308476886,4006194,ht,Odinsk
308476963,4006195,ht,Gusevo
308477040,4006196,ht,Veselyy
308477733,4006205,ht,Smorodinskiy
308477810,4006206,ht,Znamenka
308481583,4006255,ht,Pavlovka
308483123,4006275,ht,Limipolzovo Chapkino
308483431,4006279,ht,Kordyuki
308483739,4006283,ht,Alfer'yev
308485433,4006305,ht,Ozerki
308485587,4006307,ht,Zharki
308485895,4006311,ht,Mikhaylovka
308486280,4006316,ht,Grachevka
308487666,4006334,ht,Lazarevo
308487820,4006336,ht,Zapol'ye
308487897,4006337,ht,Sovets
308488051,4006339,ht,Bol'shiye Ushany
308488128,4006340,ht,Malyye Ushany
308489976,4006364,ht,Stodolishche
308491208,4006380,ht,Zarech'ye-Lomovoye
308491285,4006381,ht,Malyushkino
308491747,4006387,ht,Konyushki
308491824,4006388,ht,Leski
308492671,4006399,ht,Sharykino
308492748,4006400,ht,Zabolot'ye
308493518,4006410,ht,Avariynyy Poselok
308494904,4006428,ht,Stepanovka
308495366,4006434,ht,Barykovka
308495751,4006439,ht,Brat·skiy
308496059,4006443,ht,Devitsa
308496290,4006446,ht,Verkhnyaya Mosolovka
308496598,4006450,ht,Samokhvalovka
308498292,4006472,ht,Roza
308499216,4006484,ht,Shelamovo
308499447,4006487,ht,Saburov
308500063,4006495,ht,Zybovka
308500217,4006497,ht,Baryshevka
308500294,4006498,ht,Nikit·skoye
308500448,4006500,ht,Prosvet
308500602,4006502,ht,Dorozhenka
308501911,4006519,ht,Narech'ye
308502065,4006521,ht,Sebino
308502912,4006532,ht,Pyatnitskoye
308504221,4006549,ht,Merkulovskiye Dvoriki
308504452,4006552,ht,Topki
308507378,4006590,ht,Selyanskiye
308508148,4006600,ht,Yegor'ye
308508379,4006603,ht,Zarya
308509534,4006618,ht,Beloglinki
308509765,4006621,ht,Lupan'
308509842,4006622,ht,Dryazgi
308510304,4006628,ht,Krasnaya Polyana
308512152,4006652,ht,Morevo
308512383,4006655,ht,Pyatilovka
308512999,4006663,ht,Kozino
308513923,4006675,ht,Sergiyevskiy
308514077,4006677,ht,Kosachi
308514154,4006678,ht,Gorenka
308514231,4006679,ht,Belikovo
308514462,4006682,ht,Kirasi
308514770,4006686,ht,Gribov Kust
308514847,4006687,ht,Novyy Put'
308516002,4006702,ht,Medvedki
308516079,4006703,ht,Meshkovo
308522239,4006783,ht,Koshkino
308523856,4006804,ht,Berezovka
308524010,4006806,ht,Upertovka
308524241,4006809,ht,Berezovka
308524318,4006810,ht,Medvedki
308524395,4006811,ht,Dubovka
308524549,4006813,ht,Bol'shoy Khutor
308524857,4006817,ht,Verkhov'ye-Lyutorichi Pervoye
308525011,4006819,ht,Sosnovka
308525088,4006820,ht,Khlopovo
308525242,4006822,ht,Zavitnevka
308525319,4006823,ht,Klyuchevaya
308525396,4006824,ht,Sosnovatka
308525858,4006830,ht,Moshchevskiy
308526859,4006843,ht,Parakhinskiye Vyselki
308526936,4006844,ht,Natarovka
308527783,4006855,ht,Krasnyye Prudy
308527860,4006856,ht,Nikol'skoye
308528014,4006858,ht,Dubovka
308528091,4006859,ht,Novo-Strel'chevo
308529323,4006875,ht,Znamenka
308530170,4006886,ht,Dal'niy
308530401,4006889,ht,Bolbrik Donskoy
308530786,4006894,ht,Kolobovo
308531094,4006898,ht,Zimukha
308531325,4006901,ht,Ostrolenka
308531633,4006905,ht,Oktyabr'skiy
308532249,4006913,ht,Golofeyevka
308533635,4006931,ht,Pogorelka
308534020,4006936,ht,Istrubenka
308534251,4006939,ht,Proboyka
308534867,4006947,ht,Barany
308535098,4006950,ht,Gniloy Ol'khovets
308535637,4006957,ht,Ust'ye
308535868,4006960,ht,Yakovlevka
308535945,4006961,ht,Fedorovka
308536022,4006962,ht,Yatsinino
308536099,4006963,ht,Lyubertsy
308536484,4006968,ht,Tyurinka
308537793,4006985,ht,Churakovo
308538024,4006988,ht,Kuznetsovo
308538717,4006997,ht,Pepelovo
308539487,4007007,ht,Bazdyrevo
308539872,4007012,ht,Shalgino
308541874,4007038,ht,Ploty
308541951,4007039,ht,Lupishki
308543106,4007054,ht,Korzhevka
308544415,4007071,ht,Plotava
308544723,4007075,ht,Derevnya
308545724,4007088,ht,Bozh'i Vody
308545801,4007089,ht,Grigor'yevskoye
308545955,4007091,ht,Khomut·sk
308546032,4007092,ht,Nashka
308546802,4007102,ht,Kupchaya
308547495,4007111,ht,Rat'kino
308547880,4007116,ht,Mil'novo
308549420,4007136,ht,Kochetovka
308549959,4007143,ht,Korchma
308550190,4007146,ht,Stolbovaya
308550344,4007148,ht,Shiligi
308550960,4007156,ht,Vorony
308554733,4007205,ht,Tyutino
308555349,4007213,ht,Zaytsevo
308555426,4007214,ht,Lopatyn
308556042,4007222,ht,Smol'ki
308557351,4007239,ht,Kondaurovka
308557428,4007240,ht,Kortyshino
308558583,4007255,ht,Fadeyevka
308560200,4007276,ht,Viktoriya
308560277,4007277,ht,Maslovka
308560431,4007279,ht,Morozovo
308560585,4007281,ht,Sinichino
308560970,4007286,ht,Vaulino
308561047,4007287,ht,Mayskaya Roza
308561278,4007290,ht,Yelizavetino
308561894,4007298,ht,Frolovo
308561971,4007299,ht,Novo-Naryshkino
308562433,4007305,ht,Zmeinogorskiy
308563280,4007316,ht,Avariynyy
308563511,4007319,ht,Yastrebtsovo
308564281,4007329,ht,Verkhniye Sury
308565821,4007349,ht,Sredniy
308570056,4007404,ht,Gavrilovskiy
308570210,4007406,ht,Razekhino
308570441,4007409,ht,Karely
308572443,4007435,ht,Sinegubovo
308573290,4007446,ht,Rassokha
308573521,4007449,ht,Vel'ye-Nikol'skoye
308574522,4007462,ht,Aleksandrovka
308575677,4007477,ht,Poselok Imeni Kalinino
308577140,4007496,ht,Leonovo
308577525,4007501,ht,Yakushevka
308577602,4007502,ht,Shastovo
308577679,4007503,ht,Gorovaka
308578911,4007519,ht,Tsuzovo
308578988,4007520,ht,Lytkino
308579065,4007521,ht,Kolokol'tsevo
308579142,4007522,ht,Golenishchevo
308580297,4007537,ht,Smirnova
308580374,4007538,ht,Grafinino
308581067,4007547,ht,Smychka
308581144,4007548,ht,Zarech'ye
308581529,4007553,ht,Brazhenets
308581606,4007554,ht,Kurochkino
308581760,4007556,ht,Opolets
308585302,4007602,ht,Al'khimtsevo
308585379,4007603,ht,Alekseyevskaya
308586072,4007612,ht,Troitskiy
308588074,4007638,ht,Krapivenka
308590769,4007673,ht,Papornitsa
308591000,4007676,ht,Taptulino
308591154,4007678,ht,Rokotovo
308591308,4007680,ht,Brazhenets
308591462,4007682,ht,Nazarino
308591693,4007685,ht,Serovo
308591770,4007686,ht,Zakryuch'ye
308593695,4007711,ht,Ol'gina-Macha
308594003,4007715,ht,Bochinovka
308594080,4007716,ht,Bykovka
308594234,4007718,ht,Trostyanka
308594696,4007724,ht,Lyapino
308594773,4007725,ht,Lenino
308595697,4007737,ht,Pliski
308595928,4007740,ht,Sidorova
308596005,4007741,ht,Drozdy
308597237,4007757,ht,Mishutino
308597622,4007762,ht,Aleksino
308597776,4007764,ht,Dmitrovo
308597853,4007765,ht,Plaksino
308598623,4007775,ht,Kriushino
308599778,4007790,ht,Mikhaylovo
308599855,4007791,ht,Knutovo
308600625,4007801,ht,Klyuchki
308601549,4007813,ht,Borovinka
308603551,4007839,ht,Secha
308603628,4007840,ht,Sysoyevo
308603936,4007844,ht,Petrenevo
308604090,4007846,ht,Terekhi
308604860,4007856,ht,Mayka
308605014,4007858,ht,Podsosen'ye
308605245,4007861,ht,Pryimivshchyna
308605861,4007869,ht,Yemel'yanova Gora
308606400,4007876,ht,Fedotovo
308608941,4007909,ht,Novy
308609249,4007913,ht,Pykhari
308609326,4007914,ht,Makarovo
308609865,4007921,ht,Bokovo
308610789,4007933,ht,Marino
308611174,4007938,ht,Gorki
308611251,4007939,ht,Valikha
308611405,4007941,ht,Pestovo
308611482,4007942,ht,Kosandrova
308613946,4007974,ht,Chikino
308614485,4007981,ht,Marino
308614870,4007986,ht,Mosolovo
308614947,4007987,ht,Vileyka
308615024,4007988,ht,Saprygino
308615178,4007990,ht,Khilovo
308619798,4008050,ht,Kud'
308620953,4008065,ht,Sidorovo
308621723,4008075,ht,Bor
308621800,4008076,ht,Dupli
308621877,4008077,ht,Novy
308621954,4008078,ht,Nizhneye Golenkovo
308622108,4008080,ht,Yarovyn'
308622416,4008084,ht,Golenkovo
308622570,4008086,ht,Podmosh'ye
308623340,4008096,ht,Samokhin Lug
308623494,4008098,ht,Bol'shiye Borzenki
308623802,4008102,ht,Zibrovo
308626266,4008134,ht,Pustyn'
308627498,4008150,ht,Prusovo
308628730,4008166,ht,Volkonka
308630578,4008190,ht,Baranovka
308630809,4008193,ht,Dagomys
308630963,4008195,ht,Gornoye Loo
308631271,4008199,ht,Kochergino
308632349,4008213,ht,Bogushevka
308633350,4008226,ht,Tolbitsa
308634736,4008244,ht,Bosnitsy
308635121,4008249,ht,Bol'sheorlovskoye
308635583,4008255,ht,Ozernyy
308636045,4008261,ht,Bugry
308636276,4008264,ht,Ferma
308637970,4008286,ht,Akbulatovo
308639741,4008309,ht,Podkolok
308641127,4008327,ht,Cherepash'ye
308642051,4008339,ht,Teplytsia
308642513,4008345,ht,Gorod Shebekino
308642590,4008346,ht,Korkmaskala
308643206,4008354,ht,Bol'shoye Isakovo
308643283,4008355,ht,Maloye Isakovo
308644053,4008365,ht,Gusevka
308646209,4008393,ht,Hayivka
308646363,4008395,ht,Kovrai
308646440,4008396,ht,Polevoye
308647056,4008404,ht,Kholmy
308647287,4008407,ht,Sirenevo
308647441,4008409,ht,Fedorovo
308648288,4008420,ht,Prozorovo
308648596,4008424,ht,Izhevskoye
308649751,4008439,ht,Lyublino
308649828,4008440,ht,Vidnoye
308651137,4008457,ht,Gorokhovo
308651445,4008461,ht,Zaytsevo
308651522,4008462,ht,Morshanskoye
308651599,4008463,ht,Gorlovka
308651676,4008464,ht,Kistenevka
308653293,4008485,ht,Rassvet
308656373,4008525,ht,Mordovskoye
308656527,4008527,ht,Osinovka
308656681,4008529,ht,Polevoye
308656758,4008530,ht,Kalinkovo
308657143,4008535,ht,Vysokoye
308657913,4008545,ht,Tyulenino
308658067,4008547,ht,Mordovskoye
308659145,4008561,ht,Ivanovka
308659376,4008564,ht,Grigoryevka
308661378,4008590,ht,Kamyshevka
308661840,4008596,ht,Krasnoznamenskoye
308661994,4008598,ht,Zadorozhnoye
308662610,4008606,ht,Sovetskoye
308664073,4008625,ht,Krasnaya Dubrava
308664150,4008626,ht,Dubrovka
308664304,4008628,ht,Malinovka
308664997,4008637,ht,Ozernoye
308665074,4008638,ht,Dachnoye
308665305,4008641,ht,Lipovka
308666075,4008651,ht,Perelesnoye
308666460,4008656,ht,Zhdanki
308668077,4008677,ht,Sorokino
308669155,4008691,ht,Zagor'yevka
308669309,4008693,ht,Kaspiyskoye
308669386,4008694,ht,Dyatlovo
308670541,4008709,ht,Leskovo
308671850,4008726,ht,Novomoskovskoye
308672928,4008740,ht,Sadovoye
308673236,4008744,ht,Bogdanovka
308673775,4008751,ht,Poberezh'ye
308673929,4008753,ht,Pogranichnoye
308675161,4008769,ht,Tambovskoye
308675469,4008773,ht,Nevskoye
308675623,4008775,ht,Yuzhnyy
308676085,4008781,ht,Berezovka
308676393,4008785,ht,Lozovoye
308676855,4008791,ht,Krasnoarmeyskoye
308676932,4008792,ht,Krasnoznamenskoye
308677009,4008793,ht,Prudki
308677086,4008794,ht,Slavyanovka
308677163,4008795,ht,Pouchkino
308677856,4008804,ht,Berezovka
308678087,4008807,ht,Bolotnoye
308678472,4008812,ht,Nagornoye
308678626,4008814,ht,Kalynove
308680320,4008836,ht,Cheremukhovo
308680782,4008842,ht,Pchelino
308682168,4008860,ht,Rovnoye
308682784,4008868,ht,Ushakovo
308683092,4008872,ht,Poddubnoye
308687327,4008927,ht,Novoselki
308689098,4008950,ht,Otradnoye
308689175,4008951,ht,Krasnaya Gorka
308690715,4008971,ht,Kapustino
308692794,4008998,ht,Nilovo
308694411,4009019,ht,Bor
308694488,4009020,ht,Shmatovka
308695104,4009028,ht,L'vovskoye
308695874,4009038,ht,Oktyabr'skoye
308696567,4009047,ht,Krasnoarmeyskoye
308697106,4009054,ht,Veselovka
308697491,4009059,ht,Bryanskoye
308697722,4009062,ht,Yarovoye
308697799,4009063,ht,Sinyavino
308697876,4009064,ht,Konstantinovka
308699416,4009084,ht,Novostroyka
308699724,4009088,ht,Stolbovoye
308701187,4009107,ht,Ushakovo
308701341,4009109,ht,Karamyshevo
308701495,4009111,ht,Pskovskoye
308701572,4009112,ht,Kutuzovo
308701726,4009114,ht,Reznikovo
308703805,4009141,ht,Det·skoye
308704036,4009144,ht,Pougachevo
308704344,4009148,ht,Pas'ma
308704421,4009149,ht,Lesnoye
308704883,4009155,ht,Wolitta
308705268,4009160,ht,Haselau
308705961,4009169,ht,Popovka
308707193,4009185,ht,Surok
308708656,4009204,ht,Soloniki
308709811,4009219,ht,Fateyevo
308711736,4009244,ht,Nesterovskaya
308711813,4009245,ht,Tret'yachikha
308714970,4009286,ht,Kuzivansikt
308715817,4009297,ht,Pervomayskiy
308717049,4009313,ht,Bol'shoy Tum'yumuchash
308717434,4009318,ht,Partsa
308717511,4009319,ht,Udarnyy
308717588,4009320,ht,Lepley
308717973,4009325,ht,Pichepolonga
308718358,4009330,ht,Razdel'naya
308718666,4009334,ht,"Nizhniy Turun""yu"
308718974,4009338,ht,Chepechanka
308719359,4009343,ht,Serebryanka
308719590,4009346,ht,Pechinki
308720745,4009361,ht,Zashtranochnaya
308721130,4009366,ht,Pochenary
308721361,4009369,ht,Krasnaya Polyana
308721438,4009370,ht,Pervomayka
308721592,4009372,ht,Krasnogorskiy
308721669,4009373,ht,Staronikolskoye
308721823,4009375,ht,Kalinovka
308722285,4009381,ht,Lyubimovka
308723286,4009394,ht,Zarechnyy
308723902,4009402,ht,Vasenevo
308724056,4009404,ht,Pyzhi
308724210,4009406,ht,Kapidantsy
308724595,4009411,ht,Ogryzki
308724749,4009413,ht,Nemchenyata
308724980,4009416,ht,Kolosovo
308727521,4009449,ht,Nastino
308727598,4009450,ht,Pavlovo
308727983,4009455,ht,Poshatovo
308728137,4009457,ht,Alemayevo
308728753,4009465,ht,Val'kova
308729215,4009471,ht,Chashchina
308729446,4009474,ht,Dubrovka
308730139,4009483,ht,Kos'va
308730216,4009484,ht,Kozlova
308731217,4009497,ht,Shulaki
308731756,4009504,ht,Andriyanova
308732757,4009517,ht,Ivashkova
308733065,4009521,ht,Aref'yeva
308733296,4009524,ht,Murmarova
308733604,4009528,ht,Pronino
308735606,4009554,ht,Shalgina
308737993,4009585,ht,"Nizhniye Pam""yaly"
308738455,4009591,ht,Uzhuga
308739225,4009601,ht,Malaya Maskal'
308740072,4009612,ht,Sel'khoztekhnika
308740149,4009613,ht,Novoye Gushchino
308740996,4009624,ht,Malyye Tyumerli
308742613,4009645,ht,Muzyvalen
308742690,4009646,ht,Pinzhedur
308743537,4009657,ht,Tursha
308743691,4009659,ht,Gornyy
308743999,4009663,ht,Yelkhovo
308744307,4009667,ht,Malinovka
308746001,4009689,ht,Atlashevo
308746463,4009695,ht,Terekhovka
308746617,4009697,ht,Mutovki
308748003,4009715,ht,Ishparaykino
308748157,4009717,ht,Sormpos'-Shumshevashi
308748311,4009719,ht,Pukankasy
308751006,4009754,ht,Dorokhovo
308752392,4009772,ht,Tanayevo
308753624,4009788,ht,Kozyl'yary
308753701,4009789,ht,Tugayevo
308753778,4009790,ht,Fedyayevo
308753855,4009791,ht,Tatarskoye Mamatkozino
308754625,4009801,ht,Bol'shiye Dyurtili
308754856,4009804,ht,Privolzhskiy
308755549,4009813,ht,Dartsevo
308756627,4009827,ht,Leont'yevskoye
308757474,4009838,ht,Belidzhi
308757705,4009841,ht,Dubki
308757859,4009843,ht,Khazar
308758090,4009846,ht,Eminkhyur
308759322,4009862,ht,Novoye Gostilovo
308760092,4009872,ht,Nikol'skoye
308760554,4009878,ht,Kuvshinovo
308761170,4009886,ht,Garakh
308761863,4009895,ht,Zaozersk
308761940,4009896,ht,Ura-Guba
308762017,4009897,ht,Min'kino
308762094,4009898,ht,Viyer
308764712,4009932,ht,Mezhuyki
308764866,4009934,ht,Pervoye Maya
308766791,4009959,ht,Beloglazovo
308767022,4009962,ht,Filippovo
308767561,4009969,ht,"Yag""yu"
308769332,4009992,ht,Arshinovo
308770333,4010005,ht,Razgulyay
308771257,4010017,ht,Duplishka
308772566,4010034,ht,Trunovo
308772874,4010038,ht,Yelfimovo
308773336,4010044,ht,Nizhniy Lokchim
308774491,4010059,ht,Pasha
308774876,4010064,ht,Taras'yevskaya
308775030,4010066,ht,Shemenichi
308775184,4010068,ht,Sambatuksa
308776031,4010079,ht,Knyazhevo
308776108,4010080,ht,Van'kin Bor
308776647,4010087,ht,Petrakovo
308776955,4010091,ht,Khoroshovo
308777725,4010101,ht,Vasilevo
308777956,4010104,ht,Novoye Akatovo
308778110,4010106,ht,Sutoki
308778726,4010114,ht,Troitsk
308779034,4010118,ht,Lesnoy
308779265,4010121,ht,Kondratovo
308779342,4010122,ht,Koyva
308779496,4010124,ht,Biser
308780343,4010135,ht,Chub
308781883,4010155,ht,Chernovskaya
308783038,4010170,ht,Trofimovskaya
308783115,4010171,ht,Ulasovskaya
308783192,4010172,ht,Pugachevskaya
308783731,4010179,ht,Aksenovskaya
308783885,4010181,ht,Nyunezhskaya
308784116,4010184,ht,Oktyabr'skiy
308785117,4010197,ht,Ul'yukha
308785194,4010198,ht,Priluki
308786041,4010209,ht,Ileza
308786195,4010211,ht,Shoksha
308786811,4010219,ht,Glubokiy
308787196,4010224,ht,Maydan
308788043,4010235,ht,Pervomayskiy
308789044,4010248,ht,Turovskaya
308789737,4010257,ht,Bad'yel'sk
308789968,4010260,ht,Verkhnyaya Omra
308790045,4010261,ht,"Bad""yel'"
308790276,4010264,ht,Mishkin-Yel'
308790353,4010265,ht,Sherlyaga
308790969,4010273,ht,Gamo
308791200,4010276,ht,Urdumoshur
308791585,4010281,ht,Trekhgornyy
308791739,4010283,ht,Myrnyi
308791816,4010284,ht,Znamensk
308791893,4010285,ht,Svetlyy
308791970,4010286,ht,Zvezdnyy
308792124,4010288,ht,Bologoye-4
308792278,4010290,ht,Rikolatva
308792355,4010291,ht,Kuropta
308793664,4010308,ht,Koptyayevskaya
308793895,4010311,ht,Feklukha
308794280,4010316,ht,Malodory
308794819,4010323,ht,Dzhubka
308795281,4010329,ht,Khittolovo
308795435,4010331,ht,Tekhflot
308799208,4010380,ht,Guamka
308800055,4010391,ht,Otdalennyy
308800517,4010397,ht,Luch
308801672,4010412,ht,Sadovyy
308801749,4010413,ht,Podgornyy
308801826,4010414,ht,Sotsgorodok
308801980,4010416,ht,Pervomayskiy
308802057,4010417,ht,Vysokiy
308802981,4010429,ht,Verkhnetakhtinskiy
308803135,4010431,ht,Novokrasochnyy
308804906,4010454,ht,Partizanskiy
308804983,4010455,ht,Yuzhnyy
308805522,4010462,ht,Grazhdanskiy
308805676,4010464,ht,Chkalova
308806061,4010469,ht,Zarechnyy
308807447,4010487,ht,Novyy
308807678,4010490,ht,Dvubrat·skiy
308807832,4010492,ht,Naberezhnyy
308808294,4010498,ht,Zarechnyy
308808525,4010501,ht,Krasnodarskiy
308808910,4010506,ht,Industrial'nyy
308810450,4010526,ht,Nizhnevedeneyevskiy
308810835,4010531,ht,Lukashev
308811297,4010537,ht,Yuzhnyy
308811451,4010539,ht,Saratovskaya
308811913,4010545,ht,Vostochnyy
308812221,4010549,ht,Kochubeyevskoye
308812452,4010552,ht,Gogolevskiy
308812991,4010559,ht,Nizhniy
308815609,4010593,ht,Myrnyi
308817457,4010617,ht,Limannyy
308817534,4010618,ht,Krasnoarmeyskaya
308817611,4010619,ht,Vozrozhdeniye
308817765,4010621,ht,Oktyabr'skiy
308819921,4010649,ht,Blizhniy
308820229,4010653,ht,Zakubanskiy
308821153,4010665,ht,Malosadovyy
308821538,4010670,ht,Udarnyy
308822308,4010680,ht,Yuzhnyy
308822385,4010681,ht,Privol'nyy
308822462,4010682,ht,Kholodnorodnikovskoye
308822616,4010684,ht,Sunzha-Voroshilovka
308822847,4010687,ht,Imeni Chkalova
308823001,4010689,ht,Tomatnyy
308823463,4010695,ht,Tumanskiy
308823694,4010698,ht,Vsadnik
308824387,4010707,ht,Zheleznodorozhnyy
308824849,4010713,ht,Voronov
308825003,4010715,ht,Novoterskiy
308825157,4010717,ht,Zmeyka
308826004,4010728,ht,Nizhneetokskiy
308826235,4010731,ht,Solnechnodol'sk
308827390,4010746,ht,Divnyy
308828391,4010759,ht,Ryzhkovo
308828622,4010762,ht,Savvatiya
308830701,4010789,ht,Ganina
308830778,4010790,ht,Kharinova
308831625,4010801,ht,Rodina
308831856,4010804,ht,Sofonkova
308833935,4010831,ht,Sadovyy
308834936,4010844,ht,Nagornyy
308835090,4010846,ht,Bol'shoy Volmysh
308835244,4010848,ht,Furovo
308836014,4010858,ht,Borisoglebskaya
308836707,4010867,ht,Spitsyno
308837785,4010881,ht,Krestovskaya
308839017,4010897,ht,Rozhinskaya
308839479,4010903,ht,Lar'kovo
308840788,4010920,ht,Mokhnutino
308841635,4010931,ht,Chelva
308842790,4010946,ht,Mishurna
308843868,4010960,ht,Nizhnyaya Nyarpa
308845100,4010976,ht,Romanovo
308845331,4010979,ht,Bel'tyukovy
308845793,4010985,ht,Svetlopolyansk
308846486,4010994,ht,Bugra
308846563,4010995,ht,Novets
308847179,4011003,ht,Temerovo
308847333,4011005,ht,Bay
308848411,4011019,ht,Utish'ye
308848950,4011026,ht,Yekimovskaya
308851799,4011063,ht,Polyanskoye
308851876,4011064,ht,Ugryumovskaya
308853262,4011082,ht,Net'inka
308854571,4011099,ht,Putevka
308855649,4011113,ht,Kazachka
308855957,4011117,ht,Beloberezhskiy Sanatoriy
308856111,4011119,ht,Batagovo
308858806,4011154,ht,Chernayev
308859499,4011163,ht,Rykovo
308859653,4011165,ht,Yasenki
308860962,4011182,ht,Dal'neye
308861270,4011186,ht,Chibichkino
308865428,4011240,ht,Novoye
308866352,4011252,ht,Troitskoye
308867738,4011270,ht,Bryachkovo
308869355,4011291,ht,Annenskoye
308871973,4011325,ht,Lytkino
308872050,4011326,ht,Ivanovskoye
308875130,4011366,ht,Veselaya Gorka
308875900,4011376,ht,Yashkino
308876208,4011380,ht,Plaksikha
308876824,4011388,ht,Inga
308877671,4011399,ht,Kashentsevo
308877979,4011403,ht,Gnilitsy
308878441,4011409,ht,Fedotkino
308878518,4011410,ht,Gostilkovo
308878595,4011411,ht,Mukhino-Gorodishche
308878672,4011412,ht,Prudishche
308879211,4011419,ht,Gudovo
308879288,4011420,ht,Krasnaya Gora
308879365,4011421,ht,Savino
308879519,4011423,ht,Kashino
308879750,4011426,ht,Pishchulino
308880905,4011441,ht,Novyy Gorodok
308881290,4011446,ht,Simonovo
308881521,4011449,ht,Vologino
308881906,4011454,ht,Arin'kino
308882368,4011460,ht,Kletki
308882599,4011463,ht,Sofiyskoye
308882984,4011468,ht,Mamonovo
308883292,4011472,ht,Kvasy
308883600,4011476,ht,Yurenevo
308883831,4011479,ht,Kalinino
308884062,4011482,ht,Rovni
308884293,4011485,ht,Yelinarkhovo
308884447,4011487,ht,Novinki
308884909,4011493,ht,Mikhaylovskoye
308885371,4011499,ht,Burkino
308885602,4011502,ht,Ivanovskoye
308886064,4011508,ht,Gusevo
308886295,4011511,ht,Spass
308886372,4011512,ht,Rechki
308886526,4011514,ht,Yurkino
308886680,4011516,ht,Parfen'kovo
308886757,4011517,ht,Musino
308887142,4011522,ht,Borodino
308887758,4011530,ht,Svyatonosskiy Mayak
308887912,4011532,ht,Penchino
308889144,4011548,ht,Prokof'yevo
308889991,4011559,ht,Poddubki
308890068,4011560,ht,Novinki
308890453,4011565,ht,Bashmakovo
308890607,4011567,ht,Troyanovo
308890684,4011568,ht,Zakhar'ino
308890761,4011569,ht,Kurkino
308891069,4011573,ht,Mozzharino
308891146,4011574,ht,Kurovo
308891377,4011577,ht,Rylovo
308891685,4011581,ht,Orudovo
308891993,4011585,ht,Barsuchiy
308892070,4011586,ht,Oktyabr'skiy
308892147,4011587,ht,Zagotskot
308892378,4011590,ht,Timiryazevskiy
308892455,4011591,ht,Topkiy Ovrag
308892532,4011592,ht,Panitskaya
308892917,4011597,ht,Burkin Buyerak
308893071,4011599,ht,Yur'yevka
308893995,4011611,ht,Bochel'nikovo
308895227,4011627,ht,Ol'khovka
308895381,4011629,ht,Novoye Obodovo
308895535,4011631,ht,Parfenovo
308896074,4011638,ht,Dvorishche
308897152,4011652,ht,Garusovo
308897306,4011654,ht,Krasnoye
308898230,4011666,ht,Kulatino
308898384,4011668,ht,Novaya
308898692,4011672,ht,Shomushka
308898769,4011673,ht,Yurty
308899462,4011682,ht,Sofiyevka
308899924,4011688,ht,Malaya Neklinovka
308900078,4011690,ht,Fedoseyevka
308900309,4011693,ht,Oktyabr'skiy
308901079,4011703,ht,Novopersianovka
308902542,4011722,ht,Ovoshchnoy
308902619,4011723,ht,Krasnyy Sad
308903081,4011729,ht,Chonhar
308903158,4011730,ht,Moskovskiy
308903235,4011731,ht,Zhitnevo
308904159,4011743,ht,Tsidatl'
308904313,4011745,ht,Kvankhidatl'
308904621,4011749,ht,Tsvakilkolo
308904698,4011750,ht,Malyye Amushi
308905083,4011755,ht,Baitl'
308905622,4011762,ht,Maydanskoye
308906546,4011774,ht,Agada
308906623,4011775,ht,Egeda
308907008,4011780,ht,Enseruda
308908009,4011793,ht,Garbilazda
308908086,4011794,ht,Zaib
308908548,4011800,ht,Mokoda
308908856,4011804,ht,Tlyakh
308909318,4011810,ht,Gvanachi
308909857,4011817,ht,Issi
308910011,4011819,ht,Nachada
308912090,4011846,ht,Natori
308912398,4011850,ht,Khintida
308912475,4011851,ht,Tagada
308912552,4011852,ht,Nukhotkolob
308913245,4011861,ht,Gunukh
308913553,4011865,ht,Nakazukh
308914092,4011872,ht,Sikar
308914169,4011873,ht,Rosnob
308914862,4011882,ht,Nukush
308916094,4011898,ht,Zubutli-Miatli
308916248,4011900,ht,Kirovaul
308916556,4011904,ht,Petrakovskoye
308916633,4011905,ht,Solnechnoye
308916864,4011908,ht,Borze
308916941,4011909,ht,Yukerchu-Gonkha
308918096,4011924,ht,Gochada
308918173,4011925,ht,Shamil'kala
308918250,4011926,ht,Nizhniy Aradirikh
308918481,4011929,ht,Eshilkhatoy
308918558,4011930,ht,Kanatkhol
308918635,4011931,ht,Tsiyab-Tsoloda
308918712,4011932,ht,Novyy Kostek
308919097,4011937,ht,Tsidatl'
308919251,4011939,ht,Katatly
308919328,4011940,ht,Gadiatly
308919405,4011941,ht,Rakhulakhle
308919482,4011942,ht,Gaydkhe
308921561,4011969,ht,Privol'nyy
308923332,4011992,ht,Stepanovka
308923794,4011998,ht,Usinsk
308923948,4012000,ht,Pervomayskiy
308924025,4012001,ht,Luch
308924564,4012008,ht,Krasnyy Yar
308927336,4012044,ht,Primorsk
308927413,4012045,ht,Sadovyy
308929646,4012074,ht,Kamyshino
308930108,4012080,ht,Yelovets
308930185,4012081,ht,Rudnya
308930262,4012082,ht,Yel'niki
308930339,4012083,ht,Avramenkov
308930493,4012085,ht,Sen'kin Rov
308931032,4012092,ht,Antonenkov
308932572,4012112,ht,Portniki
308933265,4012121,ht,Chashkan
308934035,4012131,ht,Berdyanka
308934497,4012137,ht,Semenovskiy
308934574,4012138,ht,Dubovaya Roshcha
308934651,4012139,ht,Zarech'ye
308934959,4012143,ht,Ustinovo
308937192,4012172,ht,Krasnyy Kommunar
308937269,4012173,ht,Novaya Osinovka
308937500,4012176,ht,Serebryakovka
308938655,4012191,ht,Satpayev
308938886,4012194,ht,Dukovskiy
308938963,4012195,ht,Buron
308939040,4012196,ht,Tsementnyy
308939502,4012202,ht,Turag
308940041,4012209,ht,Yaryshmardy
308940195,4012211,ht,Volovo
308940349,4012213,ht,Nikhaloy
308941273,4012225,ht,Chernets
308942890,4012246,ht,Mednogorskiy
308943891,4012259,ht,Kirgizovo
308944199,4012263,ht,Pervomayskiy
308944892,4012272,ht,Berkat-Yurt
308945123,4012275,ht,Tsentora-Yurt
308945508,4012280,ht,Pravokubanskiy
308945893,4012285,ht,Mezhgor'ye
308946124,4012288,ht,Malokazakkulovo
308946586,4012294,ht,Slyuda
308946817,4012297,ht,Oktyabr'skiy
308946894,4012298,ht,Rechnoy
308947972,4012312,ht,Kerlayurt
308948511,4012319,ht,Oktyabr'skoye
308948896,4012324,ht,Yalga
308948973,4012325,ht,Novyye Lapsary
308949127,4012327,ht,Priladozhskiy
308949281,4012329,ht,Molochnyy
308949358,4012330,ht,Iskateley
308950205,4012341,ht,Ozernoye
308950436,4012344,ht,Tsibanobalka
308951129,4012353,ht,Gornyy
308951283,4012355,ht,Vynohradne
308952284,4012368,ht,Lermontovo
308952977,4012377,ht,Sups
308953054,4012378,ht,Apostolidi
308953670,4012386,ht,Korobkin
308954055,4012391,ht,Novosadovyy
308954748,4012400,ht,Urozhaynoye
308955210,4012406,ht,Gruzdevo
308955364,4012408,ht,Kovalevo
308955903,4012415,ht,Sovkhoznoye
308956365,4012421,ht,Hannivka
308958906,4012454,ht,Drozdovka
308959368,4012460,ht,Pavenkovo
308959522,4012462,ht,Orekhov
308959753,4012465,ht,Etoko
308959830,4012466,ht,Sentsovo
308959907,4012467,ht,Sirenevka
308960523,4012475,ht,Tambovskoye
308960677,4012477,ht,Prietokskiy
308960831,4012479,ht,Zolka
308961832,4012492,ht,Kalinino
308962448,4012500,ht,Pervomayskoye
308962756,4012504,ht,L'vovskoye
308962987,4012507,ht,Lesnoye
308963064,4012508,ht,Komsomol'skoye
308963372,4012512,ht,Chinar
308963911,4012519,ht,Petra-Dubrava
308965605,4012541,ht,Prydnipryanske
308966683,4012555,ht,Govorovo
308966991,4012559,ht,Prydnipryanske
308967068,4012560,ht,Tsemdolina
308968839,4012583,ht,Dubrovka
308969301,4012589,ht,Storozhevoye
308969609,4012593,ht,Kemsiyurt
308970148,4012600,ht,Lipki
308970225,4012601,ht,Cheremukhino
308970533,4012605,ht,Kumachevo
308970687,4012607,ht,Spasskoye
308970764,4012608,ht,Rybachiy
308970995,4012611,ht,Sviridovo
308971380,4012616,ht,Znamenka
308972458,4012630,ht,Sittseva
308975307,4012667,ht,Shatrovo
308975692,4012672,ht,Dachnoye
308976539,4012683,ht,Zalivnoye
308976616,4012684,ht,Ruch'i
308976693,4012685,ht,Narysh
308977309,4012693,ht,Yuzhnoye
308977540,4012696,ht,Imeni Shaumyana
308977617,4012697,ht,Baydayevykh
308977771,4012699,ht,Imeni Kirova
308978387,4012707,ht,Voldayskoye
308978772,4012712,ht,Karpinskoye
308979080,4012716,ht,Voznesenskoye
308979311,4012719,ht,Kaplanovka
308979465,4012721,ht,Dzhugut
308980774,4012738,ht,Zhuravlevo
308983700,4012776,ht,Kurkabi
308984470,4012786,ht,Tashkapur
308984701,4012789,ht,Kommunstroy
308984855,4012791,ht,Nezhinskiy
308984932,4012792,ht,Alikonovka
308985548,4012800,ht,Podkumok
308986318,4012810,ht,Aktyube
308986549,4012813,ht,Novyy Chirkey
308986626,4012814,ht,Uchkent
308988628,4012840,ht,Kharazma
308988782,4012842,ht,Khurukra
308989552,4012852,ht,Zakitli
308990168,4012860,ht,Verkhniye Kamkamakhi
308990245,4012861,ht,Kulibukhna
308990553,4012865,ht,Novyy Kumukh
308990630,4012866,ht,Ullukoy-Kirshen
308991169,4012873,ht,Kusamakhi
308991477,4012877,ht,Kapulagumi
308991939,4012883,ht,Tarlankak
308992940,4012896,ht,Khazhnimakhi
308993633,4012905,ht,Kurimakhi
308993941,4012909,ht,Tserkhimakhi
308994095,4012911,ht,Ganderamakhi
308994557,4012917,ht,Chankalamakhi
308994634,4012918,ht,Semgamakhi
308994942,4012922,ht,Yaraymakhi
308995019,4012923,ht,Kakmakhi
308995558,4012930,ht,Bikalamakhi
308995712,4012932,ht,Nizhniye Karshulamakhi
308995866,4012934,ht,Tuzlamakhi
308996636,4012944,ht,Urkhulakar
308997406,4012954,ht,Mukrakari
308997637,4012957,ht,Nikabarkmakhi
308998022,4012962,ht,Shulerchi
308999639,4012983,ht,Zapadnyy
308999716,4012984,ht,Vostochnyy
308999793,4012985,ht,Zor'ka
309000332,4012992,ht,Sovetskiy
309001487,4013007,ht,Sputnik
309002103,4013015,ht,Sosnovets
309002257,4013017,ht,Mayak-Gorodet·skiy
309002796,4013024,ht,Karakutan
309003258,4013030,ht,Verkhnyaya Kugul'ta
309003951,4013039,ht,Sredniy Kundul'
309004182,4013042,ht,Kurort Kayakent
309004413,4013045,ht,Sazhevyy Zavod
309005722,4013062,ht,Podgornyy
309005799,4013063,ht,Sovetskiy
309005876,4013064,ht,Rodnikovyy
309006184,4013068,ht,Nizhniy Ayryum
309006723,4013075,ht,Qarabalyq
309007185,4013081,ht,Zor'ka
309007493,4013085,ht,Druzhba
309007647,4013087,ht,Vysokiy
309008186,4013094,ht,Beloye More
309008494,4013098,ht,Khita Varaka
309009264,4013108,ht,Nizhnyaya Gostagayka
309009957,4013117,ht,Krayniy
309010034,4013118,ht,Teteryatnik
309010188,4013120,ht,Novokalinovka
309010958,4013130,ht,Vodnik
309011035,4013131,ht,Otnurok
309011420,4013136,ht,Kochkari
309011497,4013137,ht,Novaya Mikhaylovka
309011805,4013141,ht,Urdaly
309012036,4013144,ht,Mursalimkino
309012421,4013149,ht,Polovinka
309014577,4013177,ht,Belozernyy
309015732,4013192,ht,Sovkhoznyy
309016964,4013208,ht,Elitnyy
309019428,4013240,ht,Privokzal'nyy
309020044,4013248,ht,Zarya
309020198,4013250,ht,Gumbeyka
309020814,4013258,ht,Utrennyaya Zarya
309021199,4013263,ht,Rassvet
309022046,4013274,ht,Krupskoye
309022354,4013278,ht,Kalininskiy
309022739,4013283,ht,Novokopalovskiy
309023278,4013290,ht,Chulkovka
309023432,4013292,ht,Verkhniy Lopas
309023509,4013293,ht,Taynak
309023586,4013294,ht,Tundush
309023663,4013295,ht,Urtyushka
309023894,4013298,ht,Khrebet
309024048,4013300,ht,Sukhovo
309024279,4013303,ht,Satpayev
309024356,4013304,ht,Oktyabr'skiy
309024510,4013306,ht,Kovali
309024741,4013309,ht,Ufimka
309025280,4013316,ht,Willkuhnen
309026127,4013327,ht,Vyrubki
309026204,4013328,ht,Syar'zenga
309026281,4013329,ht,Sopka
309026743,4013335,ht,Lomovskiy
309027128,4013340,ht,Komysh-Zorya
309027590,4013346,ht,Pichuginskiy
309027898,4013350,ht,Yarinka
309028129,4013353,ht,Yal'chigulovo
309028591,4013359,ht,Orlovka
309029207,4013367,ht,Qarabalyq
309030362,4013382,ht,Yango-Prya
309031132,4013392,ht,Ukshuk
309031748,4013400,ht,Fomino
309031902,4013402,ht,Maloye Ivanovskoye
309032903,4013415,ht,Zarechnyy
309033211,4013419,ht,Raduzhnyy
309033365,4013421,ht,Dubrovo
309033442,4013422,ht,Biorki
309033519,4013423,ht,Pervomayskiy
309034366,4013434,ht,Ignatovo
309034597,4013437,ht,Vishnevaya
309034828,4013440,ht,Vasyutino
309035444,4013448,ht,Kakhtisar
309036137,4013457,ht,Dzhulat
309036214,4013458,ht,Shikuley
309036291,4013459,ht,Ul'yanovskoye
309037215,4013471,ht,Akveduk
309037523,4013475,ht,Galashki
309037754,4013478,ht,Granichnoye
309037985,4013481,ht,Mayskiy
309038216,4013484,ht,Staryy Malgobek
309038447,4013487,ht,Medoveyevka
309040141,4013509,ht,Balyakovka
309040603,4013515,ht,Klyuch
309040680,4013516,ht,Podavikha
309041142,4013522,ht,Verkhnyaya Mel'nitsa
309041450,4013526,ht,Garevaya
309041912,4013532,ht,Turka
309042297,4013537,ht,Savlek
309042374,4013538,ht,Krasnyy Bereg
309042682,4013542,ht,Kanabekovo
309042759,4013543,ht,Molokovo
309042836,4013544,ht,Lesouchastok
309042913,4013545,ht,Russkoye Pole
309043529,4013553,ht,Gusyata
309043606,4013554,ht,Sokol
309043760,4013556,ht,Yermashi
309043914,4013558,ht,Pajtuny
309043991,4013559,ht,Savenki
309044145,4013561,ht,Novosely
309044684,4013568,ht,Kostoryata
309045531,4013579,ht,Mul'kovo
309045608,4013580,ht,Frolovo
309045685,4013581,ht,Malkovo
309046609,4013593,ht,Kozabayevo
309048996,4013624,ht,Kuznechikha
309049073,4013625,ht,Novopokrovskoye
309050151,4013639,ht,Botalovo
309051152,4013652,ht,Polevoy
309051306,4013654,ht,Tarasovo
309051999,4013663,ht,Shartashi
309052153,4013665,ht,Polevaya
309052461,4013669,ht,Berezovo
309052615,4013671,ht,Malaya Shadeyka
309053077,4013677,ht,Kamshilovka
309053231,4013679,ht,Zaborskoye
309053924,4013688,ht,Shumilovka
309054232,4013692,ht,Barbautovo
309055002,4013702,ht,Kazayevo
309055156,4013704,ht,Royka
309055233,4013705,ht,Kochebakhtino
309055310,4013706,ht,Golubyata
309055464,4013708,ht,Balaly
309055772,4013712,ht,Plashkino
309055926,4013714,ht,Osinovoye Ozero
309056619,4013723,ht,Zaspalovo
309056696,4013724,ht,Mozzhegory
309056850,4013726,ht,Soroki
309056927,4013727,ht,Mokhovoye
309057004,4013728,ht,Chuviryata
309057312,4013732,ht,Kalinichi
309057389,4013733,ht,Kanabekovo
309057543,4013735,ht,Goryni
309058082,4013742,ht,Blizhnekonstantinovo
309058467,4013747,ht,Mordvintsevo
309059083,4013755,ht,Ust'-Kurashim
309060931,4013779,ht,Vypolzovo
309061316,4013784,ht,Zhdanovskiy
309061393,4013785,ht,Frolovskoye
309061778,4013790,ht,Luch
309062702,4013802,ht,Krasnobor'ye
309062779,4013803,ht,Krasnobrodskiy
309063010,4013806,ht,Bishkil'
309063395,4013811,ht,Beloye
309063703,4013815,ht,Zyuzel'skiy
309063780,4013816,ht,Zyryanskoye
309063934,4013818,ht,Zyryanovskiy
309064704,4013828,ht,Lysyanka
309065551,4013839,ht,Zykovo
309066167,4013847,ht,Zvyagino
309066244,4013848,ht,Zvonarev Kut
309066398,4013850,ht,Zvezdino
309066629,4013853,ht,Zverinogolovskoye
309066783,4013855,ht,Zverevsk
309067476,4013864,ht,Zudilovo
309067861,4013869,ht,Zubkovo
309068092,4013872,ht,Zubarevskiy
309068169,4013873,ht,Zubarevka
309068323,4013875,ht,Zotino
309068631,4013879,ht,Zotino
309069093,4013885,ht,Zonal'noye
309069632,4013892,ht,Zolotoy Kolos
309070710,4013906,ht,Znamenskoye
309071403,4013915,ht,Znamenka
309071942,4013922,ht,Zmeinogorsk
309072635,4013931,ht,Zinushkina
309073790,4013946,ht,Zimino
309073944,4013948,ht,Zimino
309074329,4013953,ht,Zhuravlinoye
309074945,4013961,ht,Zhuravlevo
309075330,4013966,ht,Kamianka
309075407,4013967,ht,Kamianka
309076254,4013978,ht,Zhukovo
309079257,4014017,ht,Zhenikhovskiy
309079334,4014018,ht,Zhemchuzhnyy
309079488,4014020,ht,Zheltyy-Yar
309079642,4014022,ht,Zheltonogino
309079950,4014026,ht,Zheleznodorozhnyy
309080104,4014028,ht,Zhelannyy
309080335,4014031,ht,Zhel
309080412,4014032,ht,Zheblakhty
309082183,4014055,ht,Zezezeno
309082260,4014056,ht,Zertsaly
309084493,4014085,ht,Zelenyy Bor
309084647,4014087,ht,Zelenoye
309084955,4014091,ht,Zelenogorskiy
309085109,4014093,ht,Zelenoborsk
309085186,4014094,ht,Zelenkino
309086341,4014109,ht,Zelenaya Dubrava
309086726,4014114,ht,Zeledeyevo
309086803,4014115,ht,Zdvinsk
309087188,4014120,ht,Zaykovo
309087573,4014125,ht,Zaychikha
309088112,4014132,ht,Zav'yalovo
309089036,4014144,ht,Zavodouspenskoye
309089113,4014145,ht,Zavodoukovsk
309089806,4014154,ht,Zavarukhino
309089960,4014156,ht,Zaural'skiy
309090114,4014158,ht,Zauralovo
309090345,4014161,ht,Zaton
309090576,4014164,ht,Zatalovka
309091577,4014177,ht,Zarubina
309091731,4014179,ht,Zarinsk
309091962,4014182,ht,Zarech'ye
309092193,4014185,ht,Zarechnyy
309092347,4014187,ht,Zarechnyy
309092963,4014195,ht,Zarechnaya
309093194,4014198,ht,Zarechnoye
309093733,4014205,ht,Zapol'ye
309093810,4014206,ht,Zapolyarnyy
309094041,4014209,ht,Zapivalovo
309094349,4014213,ht,Zaozyornyy
309094888,4014220,ht,Zaozernaya
309096197,4014237,ht,Zalomnoye
309096274,4014238,ht,Zalivnoy
309096890,4014246,ht,Zalesovo
309096967,4014247,ht,Zalesnaya
309097044,4014248,ht,Zalesikha
309097121,4014249,ht,Zaledeyevo
309097737,4014257,ht,Zakladnoye
309098430,4014266,ht,Zakharovka
309098584,4014268,ht,Zakharovka
309100740,4014296,ht,Zaborskoye
309101433,4014305,ht,Zabegalovka
309101587,4014307,ht,Zabavnoye
309101972,4014312,ht,Yuzhnoye
309102126,4014314,ht,Yuzhnyy
309102280,4014316,ht,Yuzhno-Yeniseyskiy
309102588,4014320,ht,Yuzhnoural'sk
309102973,4014325,ht,Yuzhno-Aleksandrovka
309103127,4014327,ht,Yuzhnaya
309103666,4014334,ht,Yushkovo
309103897,4014337,ht,Yushala
309103974,4014338,ht,Yur'yevskoye
309104667,4014347,ht,Yurty
309104744,4014348,ht,Yurty
309106284,4014368,ht,Yurginskoye
309106438,4014370,ht,Yurgamysh
309106515,4014371,ht,Yurga
309107208,4014380,ht,Yuldasheva
309107439,4014383,ht,Yukseyevo
309107516,4014384,ht,Yuksa
309108825,4014401,ht,Yudikha
309108979,4014403,ht,Ynyrga
309109210,4014406,ht,Yezagash
309109287,4014407,ht,Yevtino
309109441,4014409,ht,Yevsyavan'
309109595,4014411,ht,Yevstifeyevka
309109672,4014412,ht,Yevstaf'yevo
309110288,4014420,ht,Yevgen'yevka
309110519,4014423,ht,Yetkul'
309111135,4014431,ht,Yerunakovo
309111289,4014433,ht,Yertarskiy
309111443,4014435,ht,Yershovskiy
309112290,4014446,ht,Yermolayevskiy
309112598,4014450,ht,Yermolayevo
309112983,4014455,ht,Yermakovskoye
309114677,4014477,ht,Yergay
309115293,4014485,ht,Yeremino
309115370,4014486,ht,Yeremino
309115755,4014491,ht,Yeremino
309116525,4014501,ht,Yeparkina
309116756,4014504,ht,Yepanchino
309116987,4014507,ht,Yentaul'
309117064,4014508,ht,Yeniseyskiy
309117141,4014509,ht,Yeniseysk
309117911,4014519,ht,Yemurtlinskiy Tretiy
309118065,4014521,ht,Yemurtla
309118142,4014522,ht,Yemninsk
309118373,4014525,ht,Yemel'yanovo
309118604,4014528,ht,Yemanzhelinsk
309118681,4014529,ht,Yemanzhelinsk
309118835,4014531,ht,Yemankurt
309119759,4014543,ht,Yel'tsovka
309119836,4014544,ht,Yel'tsovka
309120298,4014550,ht,Yelovskaya
309120529,4014553,ht,Yelovka-Novaya
309121376,4014564,ht,Yelovaya
309121530,4014566,ht,Yeloguy
309122531,4014579,ht,Yelizavetka
309122916,4014584,ht,Yelizavetino
309123301,4014589,ht,Yelizar'yevo
309123686,4014594,ht,Yeliseyevka
309123763,4014595,ht,Yelinovo
309123917,4014597,ht,Yelgay
309124071,4014599,ht,Yeletskiy
309124379,4014603,ht,Yelbashi
309124610,4014606,ht,Yelban'
309124764,4014608,ht,Yelanskiy
309126073,4014625,ht,Yekaterinovka
309126612,4014632,ht,Yekaterininskoye
309126920,4014636,ht,Yekaterininka
309126997,4014637,ht,Ikáterinbourg
309127305,4014641,ht,Yegor'yevka
309127613,4014645,ht,Yegorovo
309127921,4014649,ht,Yegomgort
309128306,4014654,ht,Yefimovskiy
309128768,4014660,ht,Yedet
309129307,4014667,ht,Yaylyu
309129538,4014670,ht,Yaya
309130077,4014677,ht,Yastrebovo
309130231,4014679,ht,Yasnyy Luch
309131617,4014697,ht,Yashkino
309132002,4014702,ht,Yartsevo
309132387,4014707,ht,Yar-Sale
309133003,4014715,ht,Yarovoye
309134312,4014732,ht,Yarkovo
309134466,4014734,ht,Yarkovo
309134543,4014735,ht,Yarkino
309134928,4014740,ht,Yarki
309135005,4014741,ht,Yarki
309135082,4014742,ht,Yarchinsk
309135159,4014743,ht,Yarbalyk
309136930,4014766,ht,Yamki
309137315,4014771,ht,Yalym
309137392,4014772,ht,Yalutorovsk
309138316,4014784,ht,Yakushevo
309138393,4014785,ht,Yakupovo
309138547,4014787,ht,Yakshina
309139163,4014795,ht,Yakovlevka
309139240,4014796,ht,Yakovlevka
309139394,4014798,ht,Yakor'
309139856,4014804,ht,Yagunovskiy
309139933,4014805,ht,Yagunovo
309140164,4014808,ht,Yagodnyy
309140703,4014815,ht,Yagodnyy
309141011,4014819,ht,Yagodnaya
309141473,4014825,ht,Yadrov
309141781,4014829,ht,Yachmenevo
309142782,4014842,ht,Vytvozhgort
309143167,4014847,ht,Vysokogorodetsk
309143475,4014851,ht,Vysokiy Mys
309143783,4014855,ht,Vysokiy
309143937,4014857,ht,Vysokiy
309144938,4014870,ht,Vypolzovo
309145323,4014875,ht,Vykatnoy
309146709,4014893,ht,Vyatka Pervaya
309146786,4014894,ht,Vyatka
309146863,4014895,ht,Vyatchikha
309147402,4014902,ht,Vvednskoye
309148326,4014914,ht,Vstavskoye
309149327,4014927,ht,Voznesenka
309149712,4014932,ht,Voznesenka
309149866,4014934,ht,Voznesenka
309150174,4014938,ht,Voznesenka
309150482,4014942,ht,Voznesenka
309151098,4014950,ht,Vozdvizhenka
309152253,4014965,ht,Vosyakhovo
309152407,4014967,ht,Vostrukhinskiy
309153100,4014976,ht,Vostochnyy
309153254,4014978,ht,Vostochnyy
309153716,4014984,ht,Vostochnoye
309154101,4014989,ht,Vostochnoye
309155410,4015006,ht,Voskresenka
309156642,4015022,ht,Vorontsovo
309156719,4015023,ht,Vorontsovka
309157027,4015027,ht,Voronovo
309157258,4015030,ht,Voronovka
309158028,4015040,ht,Voronino
309158644,4015048,ht,Vorogovo
309159722,4015062,ht,Horqueta
309159876,4015064,ht,Vorgashor
309159953,4015065,ht,"Von""yegan"
309160338,4015070,ht,Volynka
309160800,4015076,ht,Volok
309161416,4015084,ht,Volodarka
309161493,4015085,ht,Volochanka
309162648,4015100,ht,Volkodayevka
309163110,4015106,ht,Volchiy Kamysh
309163418,4015110,ht,Volchikha
309163495,4015111,ht,Volchansk
309164265,4015121,ht,Vodopoyka
309164419,4015123,ht,Vodolazovo
309165420,4015136,ht,Vlasikha
309166883,4015155,ht,Bilotserkivka
309167037,4015157,ht,Vkhodnoy
309167191,4015159,ht,Vitinskiy
309167499,4015163,ht,Vital'yevka
309167730,4015166,ht,Viskov Yar
309167961,4015169,ht,Vishnevyy
309168192,4015172,ht,Vishnevogorsk
309168654,4015178,ht,Vishnevka
309168962,4015182,ht,Vinzili
309169886,4015194,ht,Vikulovo
309173043,4015235,ht,Veseloyarsk
309174891,4015259,ht,Vershina Tei
309175507,4015267,ht,Vershina
309175661,4015269,ht,Verkh-Uymon
309175815,4015271,ht,Verkh-Suyetka
309175892,4015272,ht,Verkh-Payva
309175969,4015273,ht,Verkh-Padunskiy
309176200,4015276,ht,Verkhotur'ye
309176277,4015277,ht,Verkhoturovka
309177432,4015292,ht,Verkh-Tula
309178510,4015306,ht,Verkhnyaya Sysert'
309178741,4015309,ht,Verkhnyaya Suyeta
309179280,4015316,ht,Verkhnyaya Sinyachikha
309179434,4015318,ht,Verkhnyaya Sanarka
309179511,4015319,ht,Verkhnyaya Salda
309179819,4015323,ht,Verkhnyaya Pyshma
309180204,4015328,ht,Verkh-Nenya
309180743,4015335,ht,Verkh-Marushka
309181282,4015342,ht,Verkhnyaya Kukuya
309182976,4015364,ht,Verkhnyaya Inta
309183746,4015374,ht,Verkh-Borovlyanka
309184054,4015378,ht,Verkhnyaya Bobrovka
309185132,4015392,ht,Verkhnyaya Aleyka
309186133,4015405,ht,Verkhniy Uymon
309186364,4015408,ht,Verkhniy Kuyalnyk
309186595,4015411,ht,Verkhniy Talman
309187750,4015426,ht,Verkhniy Sartakol
309188058,4015430,ht,Matur
309188828,4015440,ht,Verkhniy Khinguy
309189136,4015444,ht,Verkhniy Karakan
309189829,4015453,ht,Verkhniye Tunguzy
309190214,4015458,ht,Verkhniye Siry
309190599,4015463,ht,Verkhniye Karasi
309190907,4015467,ht,Verkhniye Anzhiny
309191215,4015471,ht,Verkh-Chik
309191677,4015477,ht,Verkh-Bekhtemir
309192062,4015482,ht,Verkhniy Askiz
309192139,4015483,ht,Verkhniy Ashpanak
309192678,4015490,ht,Verkhniy Adadym
309192755,4015491,ht,Verkhniye Vidany
309192909,4015493,ht,Verkhneye Skoblino
309193448,4015500,ht,Verkhneye Dubrovo
309194064,4015508,ht,Verkhneustselemovo
309194141,4015509,ht,Verkhneusinskoye
309195142,4015522,ht,Verkhnepashino
309195450,4015526,ht,Verkhnemysovaya
309195681,4015529,ht,Verkhnemakarovo
309195912,4015532,ht,Verkh-Katunskoye
309196990,4015546,ht,Verkhne-Ayskoye
309197760,4015556,ht,Verkh-Chebula
309198453,4015565,ht,Vengerovo
309198530,4015566,ht,Vengerka
309198607,4015567,ht,Vengel'
309198684,4015568,ht,Venera
309198915,4015571,ht,Vel'mo
309199069,4015573,ht,Velizhanka
309199300,4015576,ht,Velikopetrovka
309199377,4015577,ht,Velikiy Oktyabr'
309200917,4015597,ht,Vas'kovo
309201687,4015607,ht,Vasil'yevskiy
309203073,4015625,ht,Vasil'yevka
309203227,4015627,ht,Vasil'yevka
309203689,4015633,ht,Vasil'chuki
309204228,4015640,ht,Varvarovka
309204844,4015648,ht,Varna
309204921,4015649,ht,Varnek
309204998,4015650,ht,Varna
309205460,4015656,ht,Varlamovo
309205922,4015662,ht,Vargashi
309205999,4015663,ht,Vargashi
309206230,4015666,ht,Varanovka
309206307,4015667,ht,Varaksino
309206538,4015670,ht,Vanzevat
309206846,4015674,ht,Vanuyto
309207231,4015679,ht,Vandyshevka
309207539,4015683,ht,Vampugol
309208001,4015689,ht,Valer'yanovka
309208386,4015694,ht,Vakhrushevo
309208540,4015696,ht,Vagran
309208617,4015697,ht,Vagino
309208694,4015698,ht,Vagino
309208848,4015700,ht,Nov.Vagil'
309209002,4015702,ht,Vagay
309209695,4015711,ht,Uznezya
309210003,4015715,ht,Uzhur
309210080,4015716,ht,Uzhevka
309210311,4015719,ht,Uzen'kiy
309210696,4015724,ht,Uysko-Chebarkul'skaya
309210927,4015727,ht,Uyar
309211004,4015728,ht,Uyar
309211081,4015729,ht,Uvil'dy
309211158,4015730,ht,Uvel'skiy
309211235,4015731,ht,Uvel'skiy
309211389,4015733,ht,Uvat
309211466,4015734,ht,Uvarovo
309211620,4015736,ht,Uvarovka
309211774,4015738,ht,Uvalo-Yadrino
309212005,4015741,ht,Uval
309212467,4015747,ht,Utyak
309212775,4015751,ht,Ut'ma
309213853,4015765,ht,Usyat·skoye
309214007,4015767,ht,Ust'-Zhuravlikha
309214392,4015772,ht,Ust'-Yura
309214469,4015773,ht,Ust'-Yulya
309215624,4015788,ht,Ust'yanka
309216163,4015795,ht,Ust'-Volchikha
309216933,4015805,ht,Ulagan
309217395,4015811,ht,Ust'-Tunguska
309217472,4015812,ht,Ust'-Tulatinka
309218319,4015823,ht,Ust'-Tashtyp
309218550,4015826,ht,Ust'-Tarka
309218704,4015828,ht,Ust'-Tapsuy
309218858,4015830,ht,Ust'-Talovka
309218935,4015831,ht,Ust'-Tala
309219551,4015839,ht,Ust'-Sosnovskiy
309219859,4015843,ht,Ust'-Sos
309219936,4015844,ht,Ust'-Sil'ga
309220552,4015852,ht,Ust'-Sema
309221399,4015863,ht,Ust'-Port
309221861,4015869,ht,Ust'-Ozernoye
309221938,4015870,ht,Malinovka
309222169,4015873,ht,Ust'-Nitsinskoye
309222554,4015878,ht,Ust'-Muny
309222862,4015882,ht,Ust'-Moolchek
309223170,4015886,ht,Ust'-Mana
309223401,4015889,ht,Ust'-Loz'va
309223940,4015896,ht,Ust'-Kuyut
309224325,4015901,ht,Ust'-Kumir
309224941,4015909,ht,Ust'-Kolba
309225018,4015910,ht,Ust'-Koksa
309225326,4015914,ht,Ust'-Khmelevka
309226173,4015925,ht,Ust'-Karabolka
309226635,4015931,ht,Ust'-Kan
309227251,4015939,ht,Ust'-Kalmanka
309227328,4015940,ht,Ust'-Kabyrza
309227636,4015944,ht,Ust'-Ishim
309227713,4015945,ht,Ust'-Isha
309228252,4015952,ht,Ust'-Gavrilovka
309229099,4015963,ht,Ust'-Chul'sk
309229253,4015965,ht,Ust'-Chizhapka
309229484,4015968,ht,Ust'-Chebula
309229638,4015970,ht,Ust'-Charyshskaya Pristan'
309229946,4015974,ht,Ust'-Buren
309230639,4015983,ht,Ust'-Begreda
309230947,4015987,ht,Zelenogorsk
309231178,4015990,ht,Ust'-Bakchar
309231332,4015992,ht,Ust'-Bagaryak
309232333,4016005,ht,Ust'-Abakan
309233334,4016018,ht,Uspenka
309233873,4016025,ht,Uspenka
309234027,4016027,ht,Uspenka
309234181,4016029,ht,Uspenka
309234566,4016034,ht,Uspenka
309234643,4016035,ht,Uspenka
309235028,4016040,ht,Usol'tseva
309235259,4016043,ht,Usmanova
309235413,4016045,ht,Usmanka
309235875,4016051,ht,Ush'ya
309235952,4016052,ht,Ushtaganka
309237184,4016068,ht,Uryupino
309237338,4016070,ht,Ur'yevskiye
309237877,4016077,ht,Urten'
309238570,4016086,ht,Urman
309239032,4016092,ht,Urgaylyg
309239186,4016094,ht,Urengoy
309239263,4016095,ht,Urefty
309239879,4016103,ht,Uray
309239956,4016104,ht,Urasl'skiy
309240033,4016105,ht,Urash
309240880,4016116,ht,Ural
309241034,4016118,ht,Uporovo
309241342,4016122,ht,Unzhe-Pavinskaya
309242035,4016131,ht,Umyt'ya
309242112,4016132,ht,Ulyuta
309242189,4016133,ht,Umna
309242266,4016134,ht,Ulyuta
309242420,4016136,ht,Ul'ye
309242728,4016140,ht,Davchy
309243344,4016148,ht,Uluscherga
309243729,4016153,ht,Ulovets
309244268,4016160,ht,Ulanovo
309244422,4016162,ht,Ulanov
309244961,4016169,ht,Ukrainskiy
309245269,4016173,ht,Ukrainka
309245423,4016175,ht,Ukrainka
309246270,4016186,ht,Uk
309246501,4016189,ht,Ugut
309247117,4016197,ht,Uglovskoye
309247348,4016200,ht,Uglovskiy Kordon
309247810,4016206,ht,Uglitskiy
309249581,4016229,ht,Uchastok-Balta
309249812,4016232,ht,Ubinskoye
309250428,4016240,ht,Tyungur
309250582,4016242,ht,Tyundzh
309250659,4016243,ht,Tyumkiny
309250813,4016245,ht,Tyumentsevo
309251044,4016248,ht,Tyumenskiy
309251429,4016253,ht,Tyumen'
309252276,4016264,ht,Tyukhtet
309252507,4016267,ht,Tyukalinsk
309252892,4016272,ht,Tyubuk
309253585,4016281,ht,Tynay
309253662,4016282,ht,Tymsk
309253816,4016284,ht,Tykasha
309254278,4016290,ht,Tychkina
309254509,4016293,ht,Tyazhinskiy
309254663,4016295,ht,Tyapsa-Marga
309255741,4016309,ht,Tuyendat
309256896,4016324,ht,Turuntayevo
309257127,4016327,ht,Turukhansk
309257204,4016328,ht,Turukhanka
309257820,4016336,ht,Turochak
309257897,4016337,ht,Turnayevo
309258282,4016342,ht,Turinskaya Sloboda
309258359,4016343,ht,Turinsk
309258513,4016345,ht,Turgoyak
309259129,4016353,ht,Turan
309259514,4016358,ht,Tupik
309259899,4016363,ht,Yuzhnaya Tunguska
309261901,4016389,ht,Tulata
309262517,4016397,ht,Tuim
309262594,4016398,ht,Tugiyany
309262902,4016402,ht,Tugulym
309262979,4016403,ht,Tugulina
309263133,4016405,ht,Tugrinskiy
309263287,4016407,ht,Tugaykul'
309263595,4016411,ht,Tuekta
309263749,4016413,ht,Tubil'
309264057,4016417,ht,Tsvillinga
309265905,4016441,ht,Tsentral'noye
309266059,4016443,ht,Tsementnyy
309266136,4016444,ht,Tsementnozavodskiy
309266752,4016452,ht,Tselinnoye
309266829,4016453,ht,Tselinnoye
309266906,4016454,ht,Tselinnoye
309268215,4016471,ht,Trudarmeyskiy
309269216,4016484,ht,Tropino
309270140,4016496,ht,Troitsk
309270217,4016497,ht,Troitsk
309270371,4016499,ht,Troitsk
309270910,4016506,ht,Troitskoye
309270987,4016507,ht,Troitsk
309271295,4016511,ht,Troitskiy
309271680,4016516,ht,Troitsk
309272912,4016532,ht,Troitsk
309272989,4016533,ht,Troitsk
309273066,4016534,ht,Troitsk
309273143,4016535,ht,Troitsa
309274914,4016558,ht,Trekhozerki
309275838,4016570,ht,Travniki
309277070,4016586,ht,Tortun
309277301,4016589,ht,Tormoli Pervyye
309277455,4016591,ht,Torgalyg
309277917,4016597,ht,Toptushka
309278071,4016599,ht,Toporkova
309278379,4016603,ht,Andrusovo
309279072,4016612,ht,Topki
309279149,4016613,ht,Topchikha
309279226,4016614,ht,Toora-Khem
309279842,4016622,ht,Tomsk
309280150,4016626,ht,Tominskiy
309280997,4016637,ht,Tolstukha
309281305,4016641,ht,Tolstaya Dubrova
309281382,4016642,ht,Tolsty
309281767,4016647,ht,Tolmachevskiy
309281998,4016650,ht,Tolmachevo
309282460,4016656,ht,Tokmasskiy
309282845,4016661,ht,Tokarevo
309282922,4016662,ht,Tokarevka
309283153,4016665,ht,Toguzak
309283230,4016666,ht,Togur
309283384,4016668,ht,Toguna
309283461,4016669,ht,Togul
309283538,4016670,ht,Toguchin
309283923,4016675,ht,Tochil'noye
309284077,4016677,ht,Tochilka
309284308,4016680,ht,Tobol'sk
309284462,4016682,ht,Tobol'ka
309284693,4016685,ht,Tlyaukayeva
309285232,4016692,ht,Titovka
309285463,4016695,ht,Tisul'
309285540,4016696,ht,Tiskino
309285848,4016700,ht,Tirikul'
309286002,4016702,ht,Tiny
309286156,4016704,ht,Tinskoy
309286464,4016708,ht,Timoshkin
309286849,4016713,ht,Timofeyevskiy
309287465,4016721,ht,Timino
309287542,4016722,ht,Timino
309287850,4016726,ht,Beyka
309287927,4016727,ht,Tikhvinka
309288081,4016729,ht,Tikheyeva
309288235,4016731,ht,Tikhonovskiy
309288466,4016734,ht,Ovrazhnoye
309288543,4016735,ht,Ovrazhnoye
309288697,4016737,ht,Tikhon'kina
309289467,4016747,ht,Tigino
309290083,4016755,ht,Teya
309290160,4016756,ht,Tevriz
309291084,4016768,ht,Tes'
309292393,4016785,ht,Terenkul'
309292932,4016792,ht,Tere-Khol'
309293856,4016804,ht,Teplaya Rechka
309294857,4016817,ht,Temirtau
309296089,4016833,ht,Tel'bes
309296320,4016836,ht,Tegul'det
309296551,4016839,ht,T·e·eli
309296782,4016842,ht,Ozersk
309297013,4016845,ht,Tebeler
309297167,4016847,ht,Tazovskiy
309297244,4016848,ht,Taz'min
309297552,4016852,ht,Tayzhina
309297629,4016853,ht,Tayzakovo
309297706,4016854,ht,Tayshet
309298476,4016864,ht,Taylenok
309298630,4016866,ht,Taylakovo
309298707,4016867,ht,Tayginka
309298784,4016868,ht,Taygach
309298938,4016870,ht,Tayga
309300401,4016889,ht,Takyad
309300555,4016891,ht,Tavricheskoye
309300786,4016894,ht,Tavrankul'
309301402,4016902,ht,Tavda
309301556,4016904,ht,Tavatuy
309302172,4016912,ht,Taukayevo
309302326,4016914,ht,Tat'yanovka
309302942,4016922,ht,Tatarskaya Karabolka
309303173,4016925,ht,Tatarsk
309303558,4016930,ht,Tatarka
309303866,4016934,ht,Tatarka
309303943,4016935,ht,Tatarka
309304174,4016938,ht,Taskino
309304636,4016944,ht,Tashtyp
309304713,4016945,ht,Tashtagol
309305098,4016950,ht,Tashara
309305175,4016951,ht,Tashanta
309305329,4016953,ht,Taseyevo
309305560,4016956,ht,Tarutino
309305714,4016958,ht,Tarnaly
309305868,4016960,ht,Tarmakla
309306099,4016963,ht,Tarlag
309306176,4016964,ht,Tarko-Sale
309306330,4016966,ht,Tarkhanka
309306792,4016972,ht,Tareya
309307408,4016980,ht,Tarasovka
309307485,4016981,ht,Tarasovka
309308563,4016995,ht,Tara
309309641,4017009,ht,Tamchilik
309313029,4017053,ht,Talnakh
309313260,4017056,ht,Tal'menka
309313645,4017061,ht,Talitsa
309314492,4017072,ht,Talaya
309316417,4017097,ht,Tagan
309316648,4017100,ht,Tabuny
309316802,4017102,ht,Tabory
309317264,4017108,ht,Taachek
309318342,4017122,ht,Sysert'
309318419,4017123,ht,"Syr""yakha"
309318573,4017125,ht,Syrovskiye
309319728,4017140,ht,Sychevo
309319805,4017141,ht,Sychevka
309319882,4017142,ht,Sycheva
309320036,4017144,ht,Syanzy
309320652,4017152,ht,Svobodnaya Zhizn'
309320806,4017154,ht,Svobodinka
309320960,4017156,ht,Svoboda
309321114,4017158,ht,Svistunovskiy
309321268,4017160,ht,Svishchevo
309321422,4017162,ht,Svetlyy Yar
309321576,4017164,ht,Svetlyy Luch
309321961,4017169,ht,Svetlyy
309322192,4017172,ht,Svetlyy
309322654,4017178,ht,Svetloye
309322808,4017180,ht,Svetlogorsk
309324117,4017197,ht,Sverchkovo
309324194,4017198,ht,Svatkovo
309324271,4017199,ht,Svalovka
309324348,4017200,ht,Suzun
309324425,4017201,ht,Suzop
309324579,4017203,ht,Suyta
309324656,4017204,ht,Suyskaya
309324733,4017205,ht,Suyga
309324887,4017207,ht,Suyetskiy
309326042,4017222,ht,Sug-Aksy
309326119,4017223,ht,Suslovo
309326889,4017233,ht,Sushikha
309326966,4017234,ht,Sush
309327043,4017235,ht,Surovaya
309327351,4017239,ht,Surikova
309327736,4017244,ht,Surgut
309328121,4017249,ht,Surakovo
309328660,4017256,ht,Sunaly
309328737,4017257,ht,Sumzak-Ulo
309328814,4017258,ht,Sumy
309329122,4017262,ht,Sumkino
309329738,4017270,ht,Sultanayevo
309330277,4017277,ht,Sukpak
309330739,4017283,ht,Sukhoy Log
309331586,4017294,ht,Sukhorukovo
309332125,4017301,ht,Sukhobuzimskoye
309332510,4017306,ht,Sukhaya Rechka
309332741,4017309,ht,Sukhaya Chemrovka
309332895,4017311,ht,Sukharevskiy
309332972,4017312,ht,Sukharevo
309333203,4017315,ht,Sukhanovo
309333357,4017317,ht,Sukhangulova
309333511,4017319,ht,Sugoyak
309333588,4017320,ht,Sugot
309333973,4017325,ht,Sufino
309334050,4017326,ht,Sudzhenka
309334435,4017331,ht,Subbotino
309334820,4017336,ht,Stupishino
309334974,4017338,ht,Stukovo
309335282,4017342,ht,Strunkino
309336129,4017353,ht,Strizhovo
309336206,4017354,ht,Striganskoye
309336360,4017356,ht,Strezhevoy
309336976,4017364,ht,Strelka
309337130,4017366,ht,Streletsk
309337977,4017377,ht,Stepok
309338362,4017382,ht,Stepnoye
309338516,4017384,ht,Stepnoye
309339209,4017393,ht,Stepnoy
309339440,4017396,ht,Stepnoy
309340210,4017406,ht,Stepanovka
309340595,4017411,ht,Stepanovka
309342366,4017434,ht,Staryy Uryup
309342597,4017437,ht,Star.Togul
309342982,4017442,ht,Staryy Nadym
309343752,4017452,ht,Staryye Karachi
309343906,4017454,ht,Staryy Bazarbay
309344137,4017457,ht,Star.Akul'shet
309344214,4017458,ht,Startsevo
309344676,4017464,ht,Starochernovo
309344984,4017468,ht,Staroverovskiy
309345292,4017472,ht,Starosvinino
309346139,4017483,ht,Staropyshminsk
309346447,4017487,ht,Staropesterevo
309347140,4017496,ht,Staromalinovka
309347294,4017498,ht,Starokuznetsk
309348526,4017514,ht,Staroborodino
309349065,4017521,ht,Starobachaty
309349142,4017522,ht,Staroaleyskoye
309349912,4017532,ht,Starikova
309350143,4017535,ht,Staraya Yurga
309350297,4017537,ht,Staraya Surtayka
309351760,4017556,ht,Starobelokurikha
309352222,4017562,ht,Stantsionno-Oyashinskiy
309352607,4017567,ht,Stanovka
309352838,4017570,ht,Stanovaya
309353762,4017582,ht,Stakhanovka
309354070,4017586,ht,Srostki
309354455,4017591,ht,Sretenka
309355456,4017604,ht,Srednyaya Berezovka
309355918,4017610,ht,Sredniy Vasyugan
309357304,4017628,ht,Sredneural'sk
309358074,4017638,ht,Spitsyno
309358382,4017642,ht,Spirino
309359460,4017656,ht,Spassk
309360384,4017668,ht,Sovkhoznyy
309360615,4017671,ht,Sovetskoye
309360692,4017672,ht,Sovet·skiy-Put'
309360846,4017674,ht,Sovetskiy
309361770,4017686,ht,Sovet·skaya
309361924,4017688,ht,Souskanikha
309362463,4017695,ht,Sotnikovo
309362925,4017701,ht,Sos'va
309364080,4017716,ht,Sosnovskiy
309364157,4017717,ht,Sosnovoborsk
309364311,4017719,ht,Sosnovo
309364696,4017724,ht,Sosnovka
309365004,4017728,ht,Sosnovka
309365235,4017731,ht,Sosnovka
309366159,4017743,ht,Sosnovka
309366236,4017744,ht,Sosnovka
309366544,4017748,ht,Sosnovka
309366698,4017750,ht,Sosnovka
309366929,4017753,ht,Sosnovka
309367083,4017755,ht,Sosnovaya
309367314,4017758,ht,Sosnino
309367468,4017760,ht,Sosnikha
309367776,4017764,ht,Sorsk
309368469,4017773,ht,Sorokino
309368931,4017779,ht,Sorokina
309369239,4017783,ht,Sorochino
309369547,4017787,ht,Sopochnyy
309369624,4017788,ht,Sopochin D.
309369855,4017791,ht,Sopochina S.M.
309369932,4017792,ht,Sopochina M.
309370240,4017796,ht,Sopkarga
309370394,4017798,ht,Sonskiy
309371010,4017806,ht,Solyanaya
309371087,4017807,ht,Solton
309372165,4017821,ht,Solov'ikha
309372319,4017823,ht,Soloukha
309372396,4017824,ht,Solontsy
309372550,4017826,ht,Solontsovka
309373089,4017833,ht,Soloneshnoye
309373397,4017837,ht,Salamatovo
309374167,4017847,ht,Solnechnyy
309374398,4017850,ht,Solka
309374475,4017851,ht,Solgon
309374552,4017852,ht,Solenyy
309375168,4017860,ht,Inorshi
309375245,4017861,ht,Sokur
309375707,4017867,ht,Sokolovo
309375938,4017870,ht,Sokolovo
309377863,4017895,ht,Sogra
309378941,4017909,ht,Sob'
309379018,4017910,ht,Snezhnyy
309379095,4017911,ht,Snezhnogorsk
309379249,4017913,ht,Snezhkovo
309379326,4017914,ht,Smyshlyayevo
309379634,4017918,ht,Smorodinskiy
309380019,4017923,ht,Smorodinka
309380096,4017924,ht,Smorodinka
309380250,4017926,ht,Smolokurovka
309380481,4017929,ht,Smolinskoye
309380558,4017930,ht,Smolino
309380712,4017932,ht,Smolino
309380789,4017933,ht,Smolevka
309380866,4017934,ht,Smolenskoye
309380943,4017935,ht,Smolenskiy
309381020,4017936,ht,Smolenskiy
309381636,4017944,ht,Smirnyagina
309382637,4017957,ht,Smetanina
309382791,4017959,ht,Smelyy
309384177,4017977,ht,Sloboda
309384716,4017984,ht,Slavyanka
309384947,4017987,ht,Slavina
309385101,4017989,ht,Slavgorodskoye
309385178,4017990,ht,Slavgorod
309385255,4017991,ht,Slava
309385332,4017992,ht,Slava
309385717,4017997,ht,Sladkovo
309385948,4018000,ht,Slabtsovka
309386102,4018002,ht,Skripunova
309386333,4018005,ht,Ust'-Khoyza
309386487,4018007,ht,Skorodumskoye
309386564,4018008,ht,Skorodum
309386718,4018010,ht,Skorodum
309386872,4018012,ht,Skorobogatova
309387257,4018017,ht,Skobelevka
309387334,4018018,ht,Sklad
309387411,4018019,ht,Skilyagina
309387488,4018020,ht,Skaty
309387642,4018022,ht,Skatova
309387719,4018023,ht,Skaryupino
309387873,4018025,ht,Skalistyy
309388027,4018027,ht,Skakal'naya
309388181,4018029,ht,Sizim
309388335,4018031,ht,Sizikova
309388489,4018033,ht,Sizeva
309388874,4018038,ht,Sivkovo
309389105,4018041,ht,Sitnikovo
309389259,4018043,ht,Sisimskiy Most
309389413,4018045,ht,Siryusina
309389567,4018047,ht,Sirotal
309390491,4018059,ht,Sineglazovo
309390645,4018061,ht,Sinarskiy
309390722,4018062,ht,Sinarskiy
309390953,4018065,ht,Simonovo
309391338,4018070,ht,Simonovka
309391569,4018073,ht,Simbirka
309391800,4018076,ht,Shilovo
309392108,4018080,ht,Silach
309393032,4018092,ht,Sidorovka
309393648,4018100,ht,Sibiryak
309395034,4018118,ht,Shuvayevo
309395419,4018123,ht,Shutkino
309395496,4018124,ht,Shutino
309395727,4018127,ht,Shushkovo
309395804,4018128,ht,Shushkovskiy
309395881,4018129,ht,Shushenskoye
309396266,4018134,ht,Shurmak
309396574,4018138,ht,Shurankul'
309396959,4018143,ht,Shumskiy
309397113,4018145,ht,Shumovo
309398114,4018158,ht,Shumikha
309398345,4018161,ht,Shumikha
309398499,4018163,ht,Shumanovka
309398730,4018166,ht,Shumaki
309398884,4018168,ht,Shul'gin-Log
309399808,4018180,ht,Shubenka
309399962,4018182,ht,Malaya Shtabka
309401502,4018202,ht,Shmakovskoye
309402041,4018209,ht,Shmakova
309402118,4018210,ht,Shmakova
309403273,4018225,ht,Shitkino
309403427,4018227,ht,Shishtyk
309404197,4018237,ht,Shiryayevo
309404274,4018238,ht,Shiry
309404659,4018243,ht,Shirokovo
309405044,4018248,ht,Shirokaya Rechka
309405275,4018251,ht,Shira
309405506,4018254,ht,Shipunovo
309405583,4018255,ht,Shipunovo
309405891,4018259,ht,Shipunovo
309408047,4018287,ht,Shilkinskoye
309408663,4018295,ht,Shibayevo
309409048,4018300,ht,Shevelik
309410126,4018314,ht,Shestakovo
309410357,4018317,ht,Shestakova
309410588,4018320,ht,Shartambay
309410819,4018323,ht,Sherkaly
309411050,4018326,ht,Sheregesh
309411127,4018327,ht,Sherbakul'
309411589,4018333,ht,Shepetkina
309411666,4018334,ht,Shepekovka
309412128,4018340,ht,Shelovatka
309412205,4018341,ht,Shelomki
309412513,4018345,ht,Shelekhovo
309412744,4018348,ht,Shelabolikha
309412821,4018349,ht,SH·ekp·e·er
309413129,4018353,ht,Shegarovka
309413283,4018355,ht,Sheberta
309413437,4018357,ht,Shebalino
309413668,4018360,ht,Shchuka
309414053,4018365,ht,Chchuchinsk
309414130,4018366,ht,Chchuchinsk
309414207,4018367,ht,Shchuch'ya
309414284,4018368,ht,Shchuchiy Mys
309414438,4018370,ht,Shchipachi
309414669,4018373,ht,Shcherbinovka
309414977,4018377,ht,Shcherbaki
309415054,4018378,ht,Shcherbaki
309415208,4018380,ht,Shcherbaki
309415285,4018381,ht,Shchelkun
309415362,4018382,ht,Shchelkovnikovo
309415747,4018387,ht,Shchelkanovka
309415978,4018390,ht,Shchekur'ya
309416055,4018391,ht,Shchekoturovo
309416209,4018393,ht,Shcheglovka
309416517,4018397,ht,Shchapino
309416748,4018400,ht,Shaytanskiy
309416979,4018403,ht,Shaytanka
309417056,4018404,ht,Shaydurovskiy
309417210,4018406,ht,Shaydurova
309417518,4018410,ht,Shatrovo
309417826,4018414,ht,Shatayly
309418288,4018420,ht,Shashikman
309418442,4018422,ht,Sharypovo
309419366,4018434,ht,Sharbakty
309419520,4018436,ht,Shara-Sur
309419674,4018438,ht,Sharapova
309420136,4018444,ht,Shantarino
309420906,4018454,ht,Shashmurina
309421368,4018460,ht,Shambalyg
309421522,4018462,ht,Shalinskoye
309422831,4018479,ht,Shakhmatovo
309423062,4018482,ht,Shakhi
309423293,4018485,ht,Shagonar
309424217,4018497,ht,Shadrinsk
309424371,4018499,ht,Shadrino
309425141,4018509,ht,Shaburovo
309425295,4018511,ht,Shabunina
309425449,4018513,ht,Shabrovskiy
309425834,4018518,ht,Shabaltak
309425911,4018519,ht,Shabalino
309426373,4018525,ht,Seyakha
309426681,4018529,ht,Severo-Yeniseyskiy
309427143,4018535,ht,Severnyy
309427297,4018537,ht,Severnyy
309427759,4018543,ht,Severnyye Pechi
309428298,4018550,ht,Severnoye
309429145,4018561,ht,Severo-Aleksandrovka
309429453,4018565,ht,Severka
309429530,4018566,ht,Severka
309429761,4018569,ht,Sevast'yanovka
309429992,4018572,ht,Setovka
309430146,4018574,ht,Seserlig
309430454,4018578,ht,Serov
309430531,4018579,ht,Serov
309430762,4018582,ht,Serkino
309430916,4018584,ht,Ser'govka
309431378,4018590,ht,Sergeyevka
309431532,4018592,ht,Sergina
309431917,4018597,ht,Sergeyevka
309432071,4018599,ht,Sergeyevka
309432225,4018601,ht,Sergeyevka
309433996,4018624,ht,Serebryakova
309434458,4018630,ht,Serebrennikov
309434612,4018632,ht,Senyavino
309434766,4018634,ht,Sentelek
309434920,4018636,ht,Sennoye
309435382,4018642,ht,Semiskul'
309435536,4018644,ht,Semiozernyy
309435844,4018648,ht,Semeyka
309436768,4018660,ht,Semenovka
309437384,4018668,ht,Semenovich
309437538,4018670,ht,Semeno-Krasilovo
309437769,4018673,ht,Selyankino
309438693,4018685,ht,Sèftejan
309438847,4018687,ht,Seleznevo
309438924,4018688,ht,Seleznevo
309439001,4018689,ht,Seleznevka
309439078,4018690,ht,Novoseleznevo
309439155,4018691,ht,Selektsionnoye
309439771,4018699,ht,Saitova
309440233,4018705,ht,Sedel'nikovo
309441388,4018720,ht,Sayd
309441465,4018721,ht,Sayansk
309441619,4018723,ht,Sayansk
309441696,4018724,ht,Sayanogorsk
309442697,4018737,ht,Savga
309442774,4018738,ht,Savel'yevka Pervaya
309444160,4018756,ht,Saryg-Sep
309444545,4018761,ht,Sarybalyk
309444622,4018762,ht,Sarybaly
309444699,4018763,ht,Tarasovka
309444776,4018764,ht,Sarushka
309445546,4018774,ht,Sartaki
309445700,4018776,ht,Sart-Abdrashevo
309446393,4018785,ht,Sargazy
309446470,4018786,ht,Sargat·skoye
309448318,4018810,ht,Sarasa
309448472,4018812,ht,Sarapulka
309448549,4018813,ht,Sarapulka
309448934,4018818,ht,Saranpaul'
309449550,4018826,ht,Saragulka
309449781,4018829,ht,Sarafanovo
309449935,4018831,ht,Sarady-Paul'
309450397,4018837,ht,Sannikovo
309450551,4018839,ht,San'kin Ail
309450782,4018842,ht,Sangorodok
309451013,4018845,ht,Sandzhurskiy
309451090,4018846,ht,Sandayka
309451475,4018851,ht,Samus'
309451629,4018853,ht,Samsonovo
309452091,4018859,ht,Samoylovka
309453477,4018877,ht,Samarovka
309454016,4018884,ht,Samagaltay
309454401,4018889,ht,Salm
309455248,4018900,ht,Salimova
309455556,4018904,ht,Saleta
309455710,4018906,ht,Salekhard
309456249,4018913,ht,Salomatovo
309456480,4018916,ht,Salamat
309456634,4018918,ht,Salair
309456865,4018921,ht,Sakkulovo
309457866,4018934,ht,Sagly
309458559,4018943,ht,Safonovo
309458867,4018947,ht,Safakulevo
309459021,4018949,ht,Sovkhoznyy
309460946,4018974,ht,Rymnikskiy
309461254,4018978,ht,Rychkovo
309462486,4018994,ht,Rybnaya
309465643,4019035,ht,Russko-Steklyannoye
309465874,4019038,ht,Russkinskiye
309465951,4019039,ht,Russkaya Yulya
309466028,4019040,ht,Russkaya Techa
309466105,4019041,ht,Russkaya Polyana
309466182,4019042,ht,Russkaya Karabolka
309466259,4019043,ht,Ruslanovka
309467106,4019054,ht,Rudyanoye
309467491,4019059,ht,Rudnichnyy
309467568,4019060,ht,Rudnichnyy
309468107,4019067,ht,Rubtsovsk
309468184,4019068,ht,Rubleva
309468569,4019073,ht,Rozovka
309468877,4019077,ht,Rozhnevka
309469185,4019081,ht,Rozhdestvenskoye
309469262,4019082,ht,Rozhdestvenskiy
309469801,4019089,ht,Rozhdestvenka
309469955,4019091,ht,Rozhdestvenka
309470263,4019095,ht,Rozhdestvenka
309470494,4019098,ht,Rozental'
309470571,4019099,ht,Roza
309471110,4019106,ht,Rotentan
309471264,4019108,ht,Rostovka
309471341,4019109,ht,Rostovka
309473497,4019137,ht,Romanovo
309474421,4019149,ht,Romaniyevka
309474652,4019152,ht,Rogozikha
309475191,4019159,ht,Rogalevo
309475422,4019162,ht,Rodniki
309475653,4019165,ht,Rodniki
309475961,4019169,ht,Rodionovo
309476115,4019171,ht,Rodino
309476731,4019179,ht,Rezh
309477039,4019183,ht,Reutinskoye
309478733,4019205,ht,Reftinskiy
309478810,4019206,ht,Redutovo
309479811,4019219,ht,Rechnoy
309480042,4019222,ht,Rechkunovo
309480889,4019233,ht,Rechapovo
309481043,4019235,ht,Rebrikha
309482968,4019260,ht,Razdol'noye
309483122,4019262,ht,Razdolinsk
309483276,4019264,ht,Raykov
309483507,4019267,ht,Ratta
309483892,4019272,ht,Rassvet
309484970,4019286,ht,Rasskazikha
309485201,4019289,ht,Raskaty
309485355,4019291,ht,Raskatikha
309485740,4019296,ht,Ramenskoye
309485817,4019297,ht,Raksakiny
309487665,4019321,ht,Radiomayka
309488281,4019329,ht,Pyshma
309491130,4019366,ht,Putevodnaya Zvezda
309491746,4019374,ht,Pustozerovo
309491900,4019376,ht,Pushtulim
309492285,4019381,ht,Pouchkino
309493517,4019397,ht,Punya
309495442,4019422,ht,Prutovaya
309495750,4019426,ht,Proyezzhaya Koma
309496443,4019435,ht,Prosvet
309496674,4019438,ht,Proskokovo
309497290,4019446,ht,Promyshlennyy
309497367,4019447,ht,Promyshlennovskiy
309497444,4019448,ht,Promyshlennaya
309497752,4019452,ht,Proletarskiy Put'
309498214,4019458,ht,Proletarka
309498753,4019465,ht,Prokudskoye
309498907,4019467,ht,Prokop'yevsk
309498984,4019468,ht,Prokop'yevo
309499446,4019474,ht,Prokhorovo
309501294,4019498,ht,Pritomskiy
309501987,4019507,ht,Prishchanovo
309502218,4019510,ht,Prirechnoye
309502988,4019520,ht,Priluzhskiy
309503219,4019523,ht,Priiskovoye
309503450,4019526,ht,Priirtyshskiy
309505606,4019554,ht,Preobrazhenka
309506145,4019561,ht,Predivinsk
309507146,4019574,ht,Prachechnyy
309507839,4019583,ht,Poykovskiy
309508763,4019595,ht,Potaskuyeva
309508994,4019598,ht,Potapovka
309510380,4019616,ht,Pospelikha
309510611,4019619,ht,Poslednikovo
309510919,4019623,ht,Posevnaya
309512151,4019639,ht,Port-Artur
309513691,4019659,ht,Popovskiy
309513922,4019662,ht,Popovo
309514153,4019665,ht,Popovka
309514461,4019669,ht,Popovichi
309514615,4019671,ht,Popkova
309514923,4019675,ht,Poperechnoye
309515924,4019688,ht,Ponomarevka
309516309,4019693,ht,Pon'kino
309516925,4019701,ht,Pomalova
309517002,4019702,ht,Polysayevo
309517849,4019713,ht,Polyakovskaya
309518311,4019719,ht,Polunochnoye
309518542,4019722,ht,Poludennaya
309518619,4019723,ht,Poludennaya
309519081,4019729,ht,Poltavka
309519928,4019740,ht,Polovinskiy
309520236,4019744,ht,Polovinnoye
309520390,4019746,ht,Polovinnoye
309520852,4019752,ht,Polovinka
309521083,4019755,ht,Polovinka
309521160,4019756,ht,Polovinka
309521237,4019757,ht,Polovinka
309521314,4019758,ht,Polovinka
309521391,4019759,ht,Polovinka
309521468,4019760,ht,Polovinka
309521545,4019761,ht,Polovinka
309521776,4019764,ht,Polomoshnoye
309522084,4019768,ht,Polnovat·skiye
309522161,4019769,ht,Polnovat
309523162,4019782,ht,Polevskoy
309523778,4019790,ht,Poletayevo Pervoye
309523932,4019792,ht,Poletayevo
309524009,4019793,ht,Poldnevo
309524471,4019799,ht,Pokrovskoye
309524548,4019800,ht,Pokrovskoye
309524625,4019801,ht,Pokrovskoye
309524933,4019805,ht,Pokrovka
309525087,4019807,ht,Pokrovka
309525857,4019817,ht,Pokrovskiy
309526011,4019819,ht,Pokrovskiy
309526088,4019820,ht,Pokrovskiy
309526627,4019827,ht,Pokrovka
309526704,4019828,ht,Pokrovka
309527243,4019835,ht,Pokrovka
309527474,4019838,ht,Pokrovka
309527705,4019841,ht,Pokrovka
309528167,4019847,ht,Pokrovka
309528475,4019851,ht,Pokrovka
309528552,4019852,ht,Pokrovka
309528629,4019853,ht,Pokrovka
309529014,4019858,ht,Pokrovka
309529091,4019859,ht,Pokrovka
309529630,4019866,ht,Pokrovka
309529707,4019867,ht,Pokrovka
309529784,4019868,ht,Pokrovka
309529861,4019869,ht,Pokrovka
309530323,4019875,ht,Pokrovka
309530939,4019883,ht,Pokateyevo
309531016,4019884,ht,Pokanayevka
309533865,4019921,ht,Podtesovo
309534019,4019923,ht,Podsosnovo
309534096,4019924,ht,Podsosnoye
309534404,4019928,ht,Podsineye
309536791,4019959,ht,Podgornyy
309536945,4019961,ht,Podgornoye
309542412,4020032,ht,Platovo
309543105,4020041,ht,Plast
309543798,4020050,ht,Pivkino
309544799,4020063,ht,Pirovskoye
309545184,4020068,ht,Pionerskiy
309545415,4020071,ht,Pyonè
309546878,4020090,ht,Piketnoye
309547648,4020100,ht,Petukhovo
309549573,4020125,ht,Petrovskiy
309551036,4020144,ht,Petrovka
309551960,4020156,ht,Petrovka
309552499,4020163,ht,Petropavlovskoye
309555271,4020199,ht,Petrokamenskoye
309558274,4020238,ht,Peski
309558351,4020239,ht,Peshnevo
309558582,4020242,ht,Peshcherka
309560122,4020262,ht,Pervomayka
309560584,4020268,ht,Pervomayskoye
309560815,4020271,ht,Pervomayskoye
309560892,4020272,ht,Pervomayskiy
309565897,4020337,ht,Perevalovo
309567437,4020357,ht,Pelym
309569747,4020387,ht,Pavlovsk
309569824,4020388,ht,Pavlovshchina
309570517,4020397,ht,Pavlovka
309571903,4020415,ht,Pavlogradka
309572519,4020423,ht,Pautovo
309573212,4020432,ht,Paspaul
309573289,4020433,ht,Pasparta
309574906,4020454,ht,Paseka
309575214,4020458,ht,Partizanskoye
309575368,4020460,ht,Partizanskiy
309575753,4020465,ht,Parshina
309576215,4020471,ht,Parkayevo
309576369,4020473,ht,Parizh
309576600,4020476,ht,Parfenovskiy
309576754,4020478,ht,Parbig
309576985,4020481,ht,Paramonovo
309577216,4020484,ht,Parabel'
309577678,4020490,ht,Panteleyeva
309577986,4020494,ht,Panovskiy
309578063,4020495,ht,Panovskiy
309578448,4020500,ht,Panova
309578525,4020501,ht,Panova
309578602,4020502,ht,Pankrushikha
309578756,4020504,ht,Panitsa
309578987,4020507,ht,Pangody
309579141,4020509,ht,Panfilovo
309579911,4020519,ht,Pamyati Trinadtsati Bortsov
309580296,4020524,ht,Palkin-Vodopoy
309580989,4020533,ht,Rakhtyn'ya
309581374,4020538,ht,Pogudino
309582991,4020559,ht,Ozero Shira
309583222,4020562,ht,Ozero-Kureyevo
309583299,4020563,ht,Ozero-Krasilovo
309583453,4020565,ht,Ozero-Karachi
309585070,4020586,ht,Ozerki
309585994,4020598,ht,Oyash
309586071,4020599,ht,Boeluentue
309586533,4020605,ht,Ovsyanka
309586610,4020606,ht,Ovsovo
309586764,4020608,ht,Ovrazhnyy
309587072,4020612,ht,Ovgort
309587534,4020618,ht,Ous
309588997,4020637,ht,Otrada
309589074,4020638,ht,Otnoshka
309589151,4020639,ht,Ostyat·skaya
309589459,4020643,ht,Ostrovskiy
309591076,4020664,ht,Osoyevka
309592154,4020678,ht,Osipovka
309595080,4020716,ht,Osinovka
309595388,4020720,ht,Osinniki
309595542,4020722,ht,Osinniki
309595619,4020723,ht,Osinnik
309595696,4020724,ht,Osikovka
309596312,4020732,ht,Oshmarino
309596620,4020736,ht,Oshchepkovo
309596697,4020737,ht,Oshchepkovo
309597159,4020743,ht,Orton
309597621,4020749,ht,Oroktoy
309597698,4020750,ht,Orlovskoye
309599469,4020773,ht,Orlovka
309600008,4020780,ht,Orlovka
309600085,4020781,ht,Orlovskiy
309601009,4020793,ht,Ordabay
309602164,4020808,ht,Ordzhonikidze
309602241,4020809,ht,Ordynskoye
309603165,4020821,ht,Onokhino
309603396,4020824,ht,Onguday
309603704,4020828,ht,Omutinskoye
309604089,4020833,ht,Omsk
309607708,4020880,ht,Okunevo
309608093,4020885,ht,Oktyabr'skoye
309608478,4020890,ht,Oktyabr'skoye
309610095,4020911,ht,Oktyabr'skiy
309611712,4020932,ht,Okoneshnikovo
309613791,4020959,ht,Odesskoye
309614253,4020965,ht,Obukhovskoye
309616024,4020988,ht,Ob'
309616640,4020996,ht,Nyda
309617179,4021003,ht,Nyaksimvol'
309617256,4021004,ht,Nyagan'
309617795,4021011,ht,Nugumanovo
309617949,4021013,ht,Noyabr'sk
309618411,4021019,ht,Nov.Vasyugan
309618565,4021021,ht,Novyy Urengoy
309618950,4021026,ht,Nov.Tevriz
309619412,4021032,ht,Novosilish
309619566,4021034,ht,Novyy Shag
309619951,4021039,ht,Novyy Put'
309620028,4021040,ht,Nuova Portis
309620336,4021044,ht,Novyy Mir
309620413,4021045,ht,Novyy Mir
309620875,4021051,ht,Bol'shoy Korchugan
309621183,4021055,ht,Nov.Katysh
309621260,4021056,ht,Novokarasuk
309622954,4021078,ht,Novys
309623262,4021082,ht,Novozykovo
309623647,4021087,ht,Novaya Zaimka
309623801,4021089,ht,Novoyugino
309624186,4021094,ht,Novoyerudinskiy
309624263,4021095,ht,Novoyermakovka
309624417,4021097,ht,Lesosibirsk
309625418,4021110,ht,Novoyegor'yevskoye
309625803,4021115,ht,Novoyarki
309626727,4021127,ht,Novovarshavka
309627497,4021137,ht,Novoukrainskiy
309627651,4021139,ht,Novoukrainskiy
309628036,4021144,ht,Novotyryshkino
309628960,4021156,ht,Novotroitsk
309629191,4021159,ht,Novotroyenka
309629576,4021164,ht,Novotroit·skiy
309629653,4021165,ht,Novotroit·skiy
309629884,4021168,ht,Novotroit·skiy
309630577,4021177,ht,Novotroit·skaya
309630962,4021182,ht,Novotroitsk
309632117,4021197,ht,Novotagilka
309633118,4021210,ht,Novososedovo
309633811,4021219,ht,Novosineglazovskiy
309633965,4021221,ht,Novòsibirsk
309634273,4021225,ht,Novoshipunovo
309635505,4021241,ht,Novosel'skaya
309635582,4021242,ht,Novoselovo
309635736,4021244,ht,Novoselovo
309636121,4021249,ht,Novosely
309636275,4021251,ht,Novoselovo
309636660,4021256,ht,Novoselova
309637276,4021264,ht,Novorozino
309637738,4021270,ht,Novorozhdestvenka
309637892,4021272,ht,Novorozhdestvenka
309638200,4021276,ht,Novorossiyskiy
309638739,4021283,ht,Novorossiyka
309638893,4021285,ht,Novorossiyka
309639047,4021287,ht,Novoromanovka
309639278,4021290,ht,Novoreshetovskiy
309639432,4021292,ht,Novopreobrazhenka
309639509,4021293,ht,Novopreobrazhenka
309639740,4021296,ht,Novo-Poltavskiy
309640202,4021302,ht,Novopokrovskiy
309640433,4021305,ht,Novopokrovka
309640741,4021309,ht,Novopokrovka
309641588,4021320,ht,Novopokrovka
309641665,4021321,ht,Novopokrovka
309641742,4021322,ht,Novopokrovka
309642050,4021326,ht,Novopokrovka
309642435,4021331,ht,Novoplotnikovo
309642589,4021333,ht,Novopichugovo
309642666,4021334,ht,Novopetrovskiy
309642820,4021336,ht,Novopetrovo
309643128,4021340,ht,Novopesterevo
309643205,4021341,ht,Novopeschanoye
309643282,4021342,ht,Novopeschanoye
309643898,4021350,ht,Novoorlovka
309643975,4021351,ht,Novoomskiy
309644437,4021357,ht,Novonikol'sk
309644514,4021358,ht,Novonikol'skoye
309644668,4021360,ht,Novonikol'sk
309644976,4021364,ht,Novonikol'skiy
309645053,4021365,ht,Novonikol'skaya
309645592,4021372,ht,Novonikoloyevskoye
309645669,4021373,ht,Novonikolayevka
309645746,4021374,ht,Novonikolayevka
309647055,4021391,ht,Novonikolayevka
309647363,4021395,ht,Novomoskovka
309647594,4021398,ht,Novomityanovo
309647748,4021400,ht,Novomikhaylovskiy
309647825,4021401,ht,Novomikhaylovskiy
309648133,4021405,ht,Novomikhaylovka
309648441,4021409,ht,Novomikhaylovka
309648518,4021410,ht,Novomikhaylovka
309648672,4021412,ht,Novomikhaylovka
309648749,4021413,ht,Novomikhaylovka
309648826,4021414,ht,Novomikhaylovka
309648903,4021415,ht,Novomatveyevka
309649211,4021419,ht,Novomargino
309649365,4021421,ht,Novomakarovka
309649827,4021427,ht,Novolugovskoy
309649904,4021428,ht,Novolugovoye
309650674,4021438,ht,Novokytmanovo
309650828,4021440,ht,Novokuznetsk
309651059,4021443,ht,Novokurupkayevka
309651444,4021448,ht,Novokulevchi
309651521,4021449,ht,Novokubanka
309651598,4021450,ht,Novokrivosheino
309651752,4021452,ht,Novokreshchenka
309652060,4021456,ht,Novokraychikovo
309652522,4021462,ht,Novokorotkino
309652907,4021467,ht,Novokonovalovskiy
309652984,4021468,ht,Novokomogorovka
309653061,4021469,ht,Novokolpakovo
309653754,4021478,ht,Novokiyevka
309654062,4021482,ht,Novokhmelevka
309654139,4021483,ht,Novokazanka
309654370,4021486,ht,Novokazanka
309654447,4021487,ht,Novokazanka
309654524,4021488,ht,Novokazanka
309654986,4021494,ht,Novokarasuk
309655140,4021496,ht,Novyy Karapuz
309655371,4021499,ht,Novokamyshinka
309655525,4021501,ht,Novokamenka
309655756,4021504,ht,Novokamenka
309655833,4021505,ht,Novokamenevo
309658374,4021538,ht,Novogornyy
309661069,4021573,ht,Novochernorechenskiy
309661839,4021583,ht,Novobiryusinskiy
309663071,4021599,ht,Novobachaty
309663225,4021601,ht,Novoasbest
309663687,4021607,ht,Novoandreyevka
309663918,4021610,ht,Novoaltaysk
309666613,4021645,ht,Novoagansk
309666998,4021650,ht,Novikovo
309667306,4021654,ht,Novichikha
309671079,4021703,ht,Novaya Lyalya
309672619,4021723,ht,Novaya Chemrovka
309674544,4021748,ht,Norkino
309674698,4021750,ht,Noril'sk
309674852,4021752,ht,Nori
309676469,4021773,ht,Nizhnyaya Tavda
309676931,4021779,ht,Souzga
309677008,4021780,ht,Nizhnyaya Sinyachikha
309677239,4021783,ht,Nizhnyaya Sanarka
309677316,4021784,ht,Nizhnyaya Salda
309677624,4021788,ht,Nizhnyaya Poyma
309678086,4021794,ht,Nizhnyaya Omka
309679241,4021809,ht,Nizhnekamenka
309682321,4021849,ht,Komar
309682860,4021856,ht,Nizhniy Ingash
309683014,4021858,ht,Nizhniye Tunguzy
309683322,4021862,ht,Nizhniy Odes
309685478,4021890,ht,Nizhnevartovsk
309685709,4021893,ht,Nizhneudinsk
309685863,4021895,ht,Nizhne-Solonovskiy
309686402,4021902,ht,Nizhnepetropavlovskoye
309687865,4021921,ht,Niyazbay
309689097,4021937,ht,Nikonovo
309689636,4021944,ht,Nikol'sk
309689713,4021945,ht,Nikol'skoye
309690637,4021957,ht,Nikol'sk
309690945,4021961,ht,Satpayev
309692177,4021977,ht,Nikolo-Pavlovskoye
309693948,4022000,ht,Nikolayevka
309696104,4022028,ht,Nikolayevka
309696951,4022039,ht,Nikolayevka
309697028,4022040,ht,Nikolayevka
309697259,4022043,ht,Nikodimovka
309697413,4022045,ht,Nikitinskiy
309699261,4022069,ht,Neyvo-Shaytanskiy
309699338,4022070,ht,Neyvo-Rudyanka
309700031,4022079,ht,Nev'yansk
309700570,4022086,ht,Nevodnoye
309701956,4022104,ht,Nepryakhino
309702187,4022107,ht,Neperovo
309702572,4022112,ht,Neninka
309704266,4022134,ht,Gal'bshtadt
309705113,4022145,ht,Nefteyugansk
309705190,4022146,ht,Nefedovo
309705267,4022147,ht,Nefedovo
309705421,4022149,ht,Nechunayevskiy
309705960,4022156,ht,Nazyvayevsk
309706037,4022157,ht,Nazino
309706114,4022158,ht,Nazimovo
309706268,4022160,ht,Nazarovo
309706576,4022164,ht,Nazarovo
309706961,4022169,ht,Nazarovo
309707885,4022181,ht,Nauchnyy Gorodok
309708347,4022187,ht,Natal'inskiy
309708578,4022190,ht,Naslednitskiy
309709194,4022198,ht,Narym
309709733,4022205,ht,Napas
309710503,4022215,ht,Nalobikha
309711350,4022226,ht,Nikhodskaya
309711427,4022227,ht,Nakhodka
309712197,4022237,ht,Nagornyy
309713044,4022248,ht,Nadym
309713275,4022251,ht,Nadezhdinskiy
309713737,4022257,ht,Nadezhdinka
309714122,4022262,ht,Naberezhnaya
309714430,4022266,ht,Myyuta
309715123,4022275,ht,Myski
309716586,4022294,ht,Muzhi
309716971,4022299,ht,Muslyumovo
309718126,4022314,ht,Muromtsevo
309718434,4022318,ht,Murino
309719589,4022333,ht,Munguy
309719820,4022336,ht,Mundybash
309720205,4022341,ht,Mul'ta
309720667,4022347,ht,Mul'da
309720975,4022351,ht,Mukhametovo
309721206,4022354,ht,Ugurkoey
309721668,4022360,ht,Chchuchinsk
309721899,4022363,ht,Mrassu
309722284,4022368,ht,Mozharka
309722438,4022370,ht,Motoyoyogicho
309724517,4022397,ht,Moskvinskoye
309724902,4022402,ht,Moskovskiy
309725133,4022405,ht,Moskovskiy
309725210,4022406,ht,Moskovskiy
309725749,4022413,ht,Moskalenskiy
309725826,4022414,ht,Moskalenki
309726211,4022419,ht,Moshkovo
309726442,4022422,ht,Moseyeva
309726596,4022424,ht,Moryakovskiy Zaton
309726750,4022426,ht,Mortka
309728059,4022443,ht,Morozkino
309728136,4022444,ht,Mormyshi
309729137,4022457,ht,Monetnyy
309729214,4022458,ht,Monatovka
309730523,4022475,ht,Molchanovo
309730677,4022477,ht,Molchanova
309730831,4022479,ht,Mukhorcherga
309730985,4022481,ht,Mokryy Yel'nik
309731293,4022485,ht,Mokrushino
309731678,4022490,ht,Mokrousovo
309731832,4022492,ht,Mokraya
309732602,4022502,ht,Mokhovoy
309732756,4022504,ht,Mokhovo
309732833,4022505,ht,Mokhovo
309733064,4022508,ht,Mokhovichki
309733295,4022511,ht,Mokhnatushka
309733911,4022519,ht,Moiseyevka
309734450,4022526,ht,Mogil'noye
309734989,4022533,ht,Mogay
309735143,4022535,ht,Mochishche
309735220,4022536,ht,Mochishche
309735451,4022539,ht,Mochaly
309736452,4022552,ht,Mitrofanovskiy
309736606,4022554,ht,Mitrofanovo
309736683,4022555,ht,Mitrofanovka
309737530,4022566,ht,Mishkino
309739070,4022586,ht,Mirolyubovka
309740379,4022603,ht,Minusinsk
309740995,4022611,ht,Minino
309742073,4022625,ht,Millerova
309742150,4022626,ht,Milyasovy
309742920,4022636,ht,Mikhaylovka
309743459,4022643,ht,Mikhaylovskiy
309743690,4022646,ht,Mikhaylovskiy
309744075,4022651,ht,Mikhaylovskoye
309744383,4022655,ht,Mikhaylovka Vtoraya
309745461,4022669,ht,Mikhaylovka
309748079,4022703,ht,Mikhaylovka
309748387,4022707,ht,Mikhaylovka
309749542,4022722,ht,Mikhaylovka
309750543,4022735,ht,Migna
309750620,4022736,ht,Midiak
309751005,4022741,ht,Mayskoye
309751159,4022743,ht,Miass
309751236,4022744,ht,Novyy
309752160,4022756,ht,Mezheninovka
309752237,4022757,ht,Mezhegey
309752545,4022761,ht,Mezhdurechenskiy
309752622,4022762,ht,Mezhdurechensk
309753623,4022775,ht,Metlino
309756164,4022808,ht,Mendol'
309756857,4022817,ht,Mel'nikovo
309758166,4022834,ht,Mel'nichnoye
309759090,4022846,ht,Melekhino
309759398,4022850,ht,Mejyon
309761862,4022882,ht,Medvedevo
309764326,4022914,ht,Mayskiy
309764403,4022915,ht,Mayskiy
309764788,4022920,ht,Mayna
309764942,4022922,ht,Mayma
309765327,4022927,ht,Mayka
309766405,4022941,ht,Mavlyutova
309766636,4022944,ht,Mauery
309766713,4022945,ht,Matyuzhikha
309766790,4022946,ht,Matyuysale
309767406,4022954,ht,Matveyevka
309767483,4022955,ht,Matveyevka
309767637,4022957,ht,Matveyevka
309767868,4022960,ht,Matushkina
309768099,4022963,ht,Matkichik
309768176,4022964,ht,Matasy
309768407,4022967,ht,Maslyanskoye
309768484,4022968,ht,Maslyanskiy
309768638,4022970,ht,Maslyanka
309768869,4022973,ht,Maslyanino
309768946,4022974,ht,Tenistoye
309769100,4022976,ht,Maslova
309769177,4022977,ht,Tenistoye
309769254,4022978,ht,Tenistoye
309769331,4022979,ht,Tenistoye
309769485,4022981,ht,Maslovka
309769562,4022982,ht,Maslova
309769639,4022983,ht,Maslokovtsy
309769870,4022986,ht,Maslennikovo
309770178,4022990,ht,Mashenka
309770255,4022991,ht,Mashalorgort
309770332,4022992,ht,Mashukovka
309770409,4022993,ht,Masha-Gort
309770563,4022995,ht,Masal'skiy
309770717,4022997,ht,Mar'yasovo
309770794,4022998,ht,Mar'yanovskiy
309770871,4022999,ht,Mar'yanovka
309771410,4023006,ht,Martyushevo
309771487,4023007,ht,Martyush
309771641,4023009,ht,Martsiyanove
309771718,4023010,ht,Martsiyanove
309771949,4023013,ht,Martovka
309772026,4023014,ht,Marsyaty
309772180,4023016,ht,Morrasale
309772257,4023017,ht,Marksist
309772334,4023018,ht,Markovo
309773027,4023027,ht,Markovka
309773104,4023028,ht,Markova
309773335,4023031,ht,Makovka
309773412,4023032,ht,Markitanka
309773489,4023033,ht,Markelovo
309774105,4023041,ht,Mariinskoye
309774182,4023042,ht,Mariinsk
309774336,4023044,ht,Mariinskiy
309774413,4023045,ht,Mariinsk
309774798,4023050,ht,Marga
309775183,4023055,ht,Maray
309775414,4023058,ht,Maray
309775876,4023064,ht,Maralovod
309776107,4023067,ht,Maral'nik
309776338,4023070,ht,Maralikha
309776492,4023072,ht,Mara
309776569,4023073,ht,Manzya
309776646,4023074,ht,Manzherok
309776800,4023076,ht,Man'ya
309777108,4023080,ht,Mansurovo
309777185,4023081,ht,Mansurova
309777262,4023082,ht,Mansurova
309777416,4023084,ht,Mankres
309777647,4023087,ht,Mangazerka
309777801,4023089,ht,Manskiy
309778032,4023092,ht,Mamontovo
309778109,4023093,ht,Mamontovo
309778263,4023095,ht,Mamonovo
309778802,4023102,ht,Mametkino
309778956,4023104,ht,Mamayeva
309779264,4023108,ht,Malyy Yelgay
309779341,4023109,ht,Malyy Yar
309779418,4023110,ht,Mal.Yaloman
309779726,4023114,ht,Topanov
309779957,4023117,ht,Malyy Tebis
309780111,4023119,ht,Malyy Tap
309780342,4023122,ht,Malyy Sugash
309780496,4023124,ht,Malyy Skit
309781112,4023132,ht,Malyy Kuseryak
309781420,4023136,ht,Malyy Kokuy
309781497,4023137,ht,Mal.Kobezhikov
309781805,4023141,ht,Mal.Kemchug
309781882,4023142,ht,Mal.Kaydat
309782344,4023148,ht,Mal.Imysh
309782806,4023154,ht,Taktashi
309784115,4023171,ht,Malyy Bashkir
309784500,4023176,ht,Malyy Atmas
309784577,4023177,ht,Mal.Atlym
309784808,4023180,ht,Malyshi
309784885,4023181,ht,Malyshevo
309785116,4023184,ht,Malyshev-Log
309785347,4023187,ht,Malysheva
309786271,4023199,ht,Malozhirovo
309786502,4023202,ht,Maloye Shumakovo
309786656,4023204,ht,Maloye Seredkino
309787041,4023209,ht,Maloyeniseyskoye
309787118,4023210,ht,Maloye Nesterovo
309787195,4023211,ht,Maloye Mostovskoye
309787272,4023212,ht,Maloyemet·skaya
309787349,4023213,ht,Maloye Kureynoye
309787503,4023215,ht,Maloye Klevakino
309787580,4023216,ht,Maloye Gorodishche
309787734,4023218,ht,Maloye Chausovo
309787888,4023220,ht,Maloye Balandino
309788119,4023223,ht,Malougrenevo
309788504,4023228,ht,Malorossiyka
309788889,4023233,ht,Maloye Pes'yanovo
309789197,4023237,ht,Malonikol'sk
309789274,4023238,ht,Malonikol'skoye
309789351,4023239,ht,Malomungay
309789428,4023240,ht,Malomogil'noye
309789659,4023243,ht,Malokrasnoyarka
309790044,4023248,ht,Malo-Chernaya
309790121,4023249,ht,Malobutakovo
309790429,4023253,ht,Malobeloye
309790737,4023257,ht,Malkovo
309791122,4023262,ht,Malinovskiy
309791199,4023263,ht,Malinovskiy
309791353,4023265,ht,Malinovskiy
309791507,4023267,ht,Malinovoye Ozero
309791584,4023268,ht,Malinovoye Ozero
309791815,4023271,ht,Malinovka
309792123,4023275,ht,Malinovka
309792431,4023279,ht,Malinovka
309792508,4023280,ht,Malinovka
309793201,4023289,ht,Malinovka
309793355,4023291,ht,Malinovka
309794587,4023307,ht,Malinino
309795203,4023315,ht,Mal'chikha
309795665,4023321,ht,Malaya Urya
309796666,4023334,ht,Malaya Sukhoputnaya
309796743,4023335,ht,Malaya Starinka
309797051,4023339,ht,Malaya Shestakova
309797667,4023347,ht,Malaya Riga
309797898,4023350,ht,Malaya Pylina
309797975,4023351,ht,Maloye Protopopovo
309798129,4023353,ht,Malopavlovka
309798360,4023356,ht,Malaya Nichka
309798514,4023358,ht,Malaya Mullova
309798822,4023362,ht,Malaya Kyrkyla
309798976,4023364,ht,Malaya Kuysarina
309799361,4023369,ht,Malaya-Kheta
309800131,4023379,ht,Novoiset·skoye
309800593,4023385,ht,Malaya Borovlyanka
309800901,4023389,ht,Malaya Balda
309801209,4023393,ht,Malakhovo
309801363,4023395,ht,Malakhovo
309801671,4023399,ht,Makushino
309802595,4023411,ht,Maksimkin Yar
309802980,4023416,ht,Makhnevo
309803519,4023423,ht,Makar'yevka
309803827,4023427,ht,Makar'yevka
309804366,4023434,ht,Makarovka
309804520,4023436,ht,Makarovo
309804751,4023439,ht,Makarikha
309804828,4023440,ht,Makarikha
309804905,4023441,ht,Makarakskiy
309805213,4023445,ht,Magina
309805444,4023448,ht,Madzhar
309805983,4023455,ht,Lyucha
309806137,4023457,ht,Lyublino
309806214,4023458,ht,Lyubinskiy
309806522,4023462,ht,Lyubina
309806676,4023464,ht,Lyubimovka
309807446,4023474,ht,Lysomarra
309807523,4023475,ht,Lyskovo
309807600,4023476,ht,Lysaya Gora
309807754,4023478,ht,Lys
309808755,4023491,ht,Lyapunovka
309808832,4023492,ht,Lyapina
309809063,4023495,ht,"Lyam""yapaul'"
309809987,4023507,ht,Luzino
309810526,4023514,ht,Lupta
309810834,4023518,ht,Luk'yanovo
309810988,4023520,ht,Luk'yanovka
309811065,4023521,ht,Luk'yanovka
309811219,4023523,ht,Lukovo
309812682,4023542,ht,Lugovskoy
309814145,4023561,ht,Lugovoy
309814299,4023563,ht,Lugovoy
309815916,4023584,ht,Lugavskoye
309816070,4023586,ht,Lugansk
309817764,4023608,ht,Losinyy
309818380,4023616,ht,Lorgort
309818534,4023618,ht,Lorba
309818611,4023619,ht,Lopushino
309819458,4023630,ht,Loparevo
309819535,4023631,ht,Loparevo
309819766,4023634,ht,Lomovatyy
309819843,4023635,ht,Lomonosovo
309820151,4023639,ht,Lokti
309820228,4023640,ht,Lokti
309820536,4023644,ht,Lokotuy
309820690,4023646,ht,Lokot'
309820767,4023647,ht,Lokot'
309820844,4023648,ht,Lokosovo
309820921,4023649,ht,Lokateyevy
309821229,4023653,ht,Logovoy
309821691,4023659,ht,Loga
309821768,4023660,ht,Lodochnyy
309821999,4023663,ht,Lobva
309822230,4023666,ht,Lobino
309823462,4023682,ht,Litvinovo
309823616,4023684,ht,Lisakovsk
309823770,4023686,ht,Litkovka
309824232,4023692,ht,Listvyanskiy
309824771,4023699,ht,Listvyanka
309825310,4023706,ht,Listvyagi
309825618,4023710,ht,Listvennichnyy
309825695,4023711,ht,Listvyannoye
309825849,4023713,ht,Listvenka
309826003,4023715,ht,Listvenichnoye
309826465,4023721,ht,Lisino
309826850,4023726,ht,Lipovskiy
309827235,4023731,ht,Lipnyagi
309827928,4023740,ht,Lineynyy
309828159,4023743,ht,Linevo
309828236,4023744,ht,Linevo
309828313,4023745,ht,Linda
309828467,4023747,ht,Lileyka
309828852,4023752,ht,Likhachevka
309829006,4023754,ht,Liflyandka
309829391,4023759,ht,Lezhanka
309829468,4023760,ht,Leyptsig
309829622,4023762,ht,Levo-Terskiy
309829776,4023764,ht,Levkiny
309829930,4023766,ht,Levinskiye-Peski
309830238,4023770,ht,Levina
309830546,4023774,ht,Levasheva
309830777,4023777,ht,Leushi
309831008,4023780,ht,Letov'ye
309831239,4023783,ht,Letnik
309831393,4023785,ht,Lesouchastok Vtoroy
309831470,4023786,ht,Lesosibirsk
309831624,4023788,ht,Lesogorsk
309832009,4023793,ht,Lesnoye
309832394,4023798,ht,Lesnoy
309832471,4023799,ht,Lesnoy
309833010,4023806,ht,Lesnikovo
309833087,4023807,ht,Krestovka
309833318,4023810,ht,Lesnaya-Polyana
309833395,4023811,ht,Lesnaya
309833472,4023812,ht,Lesnaya
309833626,4023814,ht,Leskino
309833703,4023815,ht,Leski
309833857,4023817,ht,Parkhayevka
309834319,4023823,ht,Leont'yevka
309834473,4023825,ht,Leont'yeva
309834704,4023828,ht,Lenskiy
309834858,4023830,ht,Lensk
309834935,4023831,ht,Lenskaya
309835089,4023833,ht,Leninsk-Kuznetskiy
309835243,4023835,ht,Baïkonur
309835397,4023837,ht,Leninskiy
309835474,4023838,ht,Leninskiy
309835859,4023843,ht,Leninskoye
309835936,4023844,ht,Leninsk
309836013,4023845,ht,Lenino
309836090,4023846,ht,Lenino
309836321,4023849,ht,Baïkonur
309836398,4023850,ht,Leninskiy
309836937,4023857,ht,Lenevskoye
309837168,4023860,ht,Lempina N
309837322,4023862,ht,Lelikova
309838015,4023871,ht,Lechebnyy
309838092,4023872,ht,Lebyazh'ye Pervoye
309838169,4023873,ht,Lebyazh'ye-Asanovo
309838785,4023881,ht,Lebyazh'ye
309838939,4023883,ht,Lebyazh'ye
309839324,4023888,ht,Lebyazh'ye
309839401,4023889,ht,Lebyazh'ye
309839555,4023891,ht,Lebyazh'ye
309839863,4023895,ht,Lebyazhiy
309840017,4023897,ht,Lebendigo
309840094,4023898,ht,Lebelikha
309840248,4023900,ht,Lebedkino
309840402,4023902,ht,Lebedki
309840556,4023904,ht,Lebedinskiy
309840633,4023905,ht,Lebedinskiy
309840787,4023907,ht,Lebedikha
309840864,4023908,ht,Lebedi
309840941,4023909,ht,Lebedevo
309841172,4023912,ht,Lebedevka
309841249,4023913,ht,Lebedevka
309841326,4023914,ht,Lebedevskiy
309841557,4023917,ht,Lebedevka
309841788,4023920,ht,Lebedevka
309841942,4023922,ht,Lebedeva
309842173,4023925,ht,Lebaut·skiye
309842250,4023926,ht,Lazarevo
309842327,4023927,ht,Lazarevo
309842789,4023933,ht,Lavrent'yevka
309842943,4023935,ht,Lavinka
309843636,4023944,ht,Larnevka
309843867,4023947,ht,Larki
309843944,4023948,ht,Larionovskiy
309844329,4023953,ht,Dvurech'ye
309844714,4023958,ht,Laptevka
309844868,4023960,ht,Laptevo
309845022,4023962,ht,Lapteva
309845099,4023963,ht,Laptevo
309845176,4023964,ht,Lapishinovka
309845253,4023965,ht,Lapshikha
309845407,4023967,ht,Lapino
309845561,4023969,ht,Lapino
309845638,4023970,ht,Lapinka
309845792,4023972,ht,Lapino
309845869,4023973,ht,Lopayevo
309846177,4023977,ht,Landina
309846331,4023979,ht,Lamanovo
309846408,4023980,ht,Lama
309846485,4023981,ht,Laksyn-Kurt
309846562,4023982,ht,Lakino
309846639,4023983,ht,Lagushinskiy
309846716,4023984,ht,Lagushino
309846793,4023985,ht,Lagunaka
309846870,4023986,ht,Lagas'gort
309846947,4023987,ht,Lafetnoye
309847178,4023990,ht,Ladanovka
309847255,4023991,ht,Labytnangi
309847332,4023992,ht,Laborovaya
309847409,4023993,ht,Labino
309847486,4023994,ht,Kyzyltu
309847640,4023996,ht,Kzyl-Kara-Su
309847717,4023997,ht,Kyzyltu
309847871,4023999,ht,Kyzyl-Tayga
309847948,4024000,ht,Kyzyl-Tayga
309848179,4024003,ht,Kyzyl-Mazhalyk
309848256,4024004,ht,Kyzylmany
309848410,4024006,ht,Kyzyl-Khaya
309848487,4024007,ht,Kizylka
309848564,4024008,ht,Kyzyl-Dag
309848718,4024010,ht,Kyzyl-Aryg
309848795,4024011,ht,Kyzyl-Argut
309848949,4024013,ht,Kyzyl
309849103,4024015,ht,Kizykchul'
309849334,4024018,ht,Kyzylbulak
309849488,4024020,ht,Kytymskiy
309849565,4024021,ht,Kashtanovoye
309849719,4024023,ht,Kyshtym
309849796,4024024,ht,Kyshtovka
309850027,4024027,ht,Kyshik
309850181,4024029,ht,Kyrsay
309850335,4024031,ht,Kyrlyk
309850566,4024034,ht,Kyrgay
309850643,4024035,ht,Kynya
309850720,4024036,ht,Kvitok
309850797,4024037,ht,Kvasovka
309851028,4024040,ht,Kvashinskiy
309851105,4024041,ht,Vershinnoye
309851259,4024043,ht,Kuzyashevo
309851413,4024045,ht,Kuzya
309851567,4024047,ht,Kuzovlevo
309851875,4024051,ht,Kuznetsova
309852183,4024055,ht,Kuznetsovo
309852260,4024056,ht,Kuznetsovo
309852568,4024060,ht,Kuznetsovo
309852722,4024062,ht,Kuznetsovo
309852953,4024065,ht,Kuznetsovka
309853107,4024067,ht,Kuznetsovo
309853415,4024071,ht,Kuznetskiy Rayon
309853723,4024075,ht,Kuz'movka
309853800,4024076,ht,Kuz'movka
309854801,4024089,ht,Kuzhnya
309854955,4024091,ht,Kuzhebayevskiy
309855032,4024092,ht,Hujfah
309855186,4024094,ht,Kuzel'
309855263,4024095,ht,Kuzedeyevo
309855956,4024104,ht,Kuybyshevo
309856110,4024106,ht,Kuybyshevo
309856264,4024108,ht,Kuybyshevo
309856418,4024110,ht,Kuybyshev
309856572,4024112,ht,Kuyarovskoye
309856649,4024113,ht,Kuyanovskaya Gar'
309856880,4024116,ht,Kuyakhtanar
309857111,4024119,ht,Kuvayeva
309857188,4024120,ht,Kuvay
309857342,4024122,ht,Kuvalzhikha
309858035,4024131,ht,Kutuzovka
309858112,4024132,ht,Kuturchin
309858343,4024135,ht,Kutonovo
309858728,4024140,ht,Kustovo
309858959,4024143,ht,Kust
309859113,4024145,ht,Kuskun
309859344,4024148,ht,Kuskachka
309859729,4024153,ht,Kushma
309859806,4024154,ht,Kushluk
309860037,4024157,ht,Kushagi
309860345,4024161,ht,Kur'ya
309860422,4024162,ht,Kur'ya
309860807,4024167,ht,Kurt'ya Paul'
309860961,4024169,ht,Kurtukovo
309861192,4024172,ht,Quraysh
309861269,4024173,ht,Kurtak
309861346,4024174,ht,Kursk-Smolenka
309861423,4024175,ht,Kurskoye
309861808,4024180,ht,Kurskaya
309861885,4024181,ht,Kursk
309861962,4024182,ht,Kurovskoye
309862039,4024183,ht,Kurort Ozero
309862116,4024184,ht,Kurort Kuchuk
309862270,4024186,ht,Kuropashkina
309862963,4024195,ht,Kurmanovo
309863040,4024196,ht,Kurmanovo
309863117,4024197,ht,Kurmanova
309863194,4024198,ht,Kurmach-Baygol
309863271,4024199,ht,Kurlyshevo
309863425,4024201,ht,Zhana-Aul
309863502,4024202,ht,Kurlek
309863733,4024205,ht,Kur'inskiy
309863810,4024206,ht,Kur'inskiy
309863887,4024207,ht,Kurilovka
309864041,4024209,ht,Kur'i
309864118,4024210,ht,Kurgatey
309864195,4024211,ht,Kurganskaya
309864426,4024214,ht,Kurgannaya
309864503,4024215,ht,Kurganka
309864580,4024216,ht,Kurganchiki
309864734,4024218,ht,Kurgan
309864811,4024219,ht,Kurgan
309864888,4024220,ht,Kurgan
309864965,4024221,ht,Kurgan
309865119,4024223,ht,Kureyskiy Rudnik
309865427,4024227,ht,Kurchimets
309865889,4024233,ht,Kuray
309865966,4024234,ht,Kurata
309866043,4024235,ht,Kurakovo
309866120,4024236,ht,Kuragino
309866274,4024238,ht,Kupino
309866505,4024241,ht,Kunzas
309866582,4024242,ht,Kunurla
309866659,4024243,ht,Kungurtug
309866736,4024244,ht,Kungurovo
309867198,4024250,ht,Kundravy
309867352,4024252,ht,Kundat
309867583,4024255,ht,Kunashak
309867660,4024256,ht,Kunarskoye
309867737,4024257,ht,Kunara
309867814,4024258,ht,Kunakbayeva
309868199,4024263,ht,Kumlyanskoye
309868276,4024264,ht,Kumlyak
309868430,4024266,ht,Kuminskiy
309868507,4024267,ht,Kuminovskoye
309868738,4024270,ht,Kumar'inskoye
309868892,4024272,ht,Kulymskiye
309869123,4024275,ht,Kulyabinskoye
309869200,4024276,ht,Kulyabinskiy
309869508,4024280,ht,Kulun-Duzher
309869739,4024283,ht,Kulunda
309870047,4024287,ht,Kovyl'noye
309870124,4024288,ht,Kulsarina Pervaya
309870201,4024289,ht,Kulomzino
309870278,4024290,ht,Kulomzino
309870355,4024291,ht,Kullog
309870432,4024292,ht,Kul'myakovo
309870663,4024295,ht,Kulikovskoye
309870894,4024298,ht,Kulikovo
309871048,4024300,ht,Kulikova
309871125,4024301,ht,Kulikovo
309871356,4024304,ht,Zhuravli
309871433,4024305,ht,Kulikovskiy
309871510,4024306,ht,Kulikovo
309871972,4024312,ht,Kuliga
309872126,4024314,ht,Kulich'ye
309872280,4024316,ht,Kuleyevo
309872665,4024321,ht,Kulebakino
309872742,4024322,ht,Kul'tzhugut
309872896,4024324,ht,Kul'cha
309872973,4024325,ht,Kulat
309873281,4024329,ht,Kulan
309873820,4024336,ht,Kulada
309873897,4024337,ht,Kukuy
309873974,4024338,ht,Kukuy
309874128,4024340,ht,Kukushka
309874359,4024343,ht,Kukla
309874513,4024345,ht,Kukdusuk
309874590,4024346,ht,Kukarskaya
309874821,4024349,ht,Kukarka
309874898,4024350,ht,Kuim
309875206,4024354,ht,Kugaly
309875283,4024355,ht,Kudukchilik
309875360,4024356,ht,Kudryayevka
309875591,4024359,ht,Kudryashovskiy
309875899,4024363,ht,Kudrino
309875976,4024364,ht,Kudrino
309876130,4024366,ht,Kudinovka
309876207,4024367,ht,Kudel'nyy-Klyuch
309876284,4024368,ht,Kuchumovka
309876361,4024369,ht,Kuchum
309876438,4024370,ht,Kuchum
309876669,4024373,ht,Kuchugur
309876746,4024374,ht,Kuchki
309876823,4024375,ht,Kuchikha
309876900,4024376,ht,Kuchi
309877131,4024379,ht,Kucherdayevka
309877285,4024381,ht,Kaburly
309877516,4024384,ht,Kubovaya
309877593,4024385,ht,Kubitet
309877824,4024388,ht,Kubayka
309878132,4024392,ht,Kubanka
309878286,4024394,ht,Kubagusheva
309878440,4024396,ht,Ksen'yevka
309878671,4024399,ht,Kryukovo
309879364,4024408,ht,Krutyye Ozerki
309880211,4024419,ht,Krutoyarskiy
309880288,4024420,ht,Krutoyarskiy
309881135,4024431,ht,Krutoborka
309881443,4024435,ht,Krutinka
309881751,4024439,ht,Krutikha
309882367,4024447,ht,Krutikha
309882444,4024448,ht,Krutikha
309882521,4024449,ht,Krutaya Gorka
309882598,4024450,ht,Krutaya Gorka
309883214,4024458,ht,Krupovka
309883291,4024459,ht,Kruglyy
309883753,4024465,ht,Krugloye
309884138,4024470,ht,Krugloozerskiy
309884369,4024473,ht,Kruglikovo
309884831,4024479,ht,Krotovo
309884985,4024481,ht,Kromy
309885216,4024484,ht,Krokhalevka
309885370,4024486,ht,Krivoye
309885601,4024489,ht,Krivosheino
309885909,4024493,ht,Krivodanovka
309885986,4024494,ht,Krivlyak
309886063,4024495,ht,Krivinskoye
309886140,4024496,ht,Krivaya
309886294,4024498,ht,Krivaya Sosnovka
309886371,4024499,ht,Kritovo
309886448,4024500,ht,Krest'yanskiy
309886602,4024502,ht,Krest'yanka
309886756,4024504,ht,Kresty
309887218,4024510,ht,Krestik
309887449,4024513,ht,Kreshchenskiy
309887526,4024514,ht,Kreshchenskoye
309887603,4024515,ht,Krepost'
309887757,4024517,ht,Kremenkul'
309887834,4024518,ht,Kremenchug
309888065,4024521,ht,Kraychikova
309888142,4024522,ht,Krasulino
309888296,4024524,ht,Krasnyy Zavod
309888373,4024525,ht,Yastreb
309888604,4024528,ht,Krasnyy Yar
309888758,4024530,ht,Krasnoyarka
309888835,4024531,ht,Krasnyy Yar
309888912,4024532,ht,Krasnyy Yar
309888989,4024533,ht,Yar
309889220,4024536,ht,Krasnyy Yar
309889374,4024538,ht,Krasnyy Yar
309889528,4024540,ht,Krasnyy Yar
309889605,4024541,ht,Krasnyy Yar
309889682,4024542,ht,Krasnyy Yar
309889759,4024543,ht,Krasnyy Yar
309889836,4024544,ht,Krasnyy Yar
309889913,4024545,ht,Krasnyy Yar
309889990,4024546,ht,Krasnyy Yar
309890067,4024547,ht,Krasnyy Yar
309890298,4024550,ht,Krasnyy Yar
309890914,4024558,ht,Krasnyy Vostok
309890991,4024559,ht,Krasnyy Uralets
309891376,4024564,ht,Krasnyy Put'
309891453,4024565,ht,Krasnyy Put'
309891530,4024566,ht,Krasnyy Plakat
309891684,4024568,ht,Krasnyy Pakhar'
309891838,4024570,ht,Krasnyy Ostrov
309891915,4024571,ht,Krasnyy Orel
309891992,4024572,ht,Krasnyy Oktyabr'
309892069,4024573,ht,Krasnyy Oktyabr'
309892300,4024576,ht,Krasnyy Oktyabr'
309892454,4024578,ht,Krasnyy Oktyabr'
309892608,4024580,ht,Krasnyy Oktyabr'
309892685,4024581,ht,Krasnyy Oktyabr'
309892993,4024585,ht,Krasnyy May
309893070,4024586,ht,Krasnyy Log
309893147,4024587,ht,Krasnyy Langur
309893378,4024590,ht,Krasnyy Kordon
309893455,4024591,ht,Krasnyy Klyuch
309893532,4024592,ht,Krasnyy Klyuch
309893609,4024593,ht,Krasnyy Khutor
309893686,4024594,ht,Krasnyy Khutor
309893917,4024597,ht,Krasnyy Kameshok
309893994,4024598,ht,Krasnyy Kamen'
309894071,4024599,ht,Krasnyy Kalgach
309894148,4024600,ht,Krasnyy Gorodok
309894225,4024601,ht,Krasn.Gorodok
309894302,4024602,ht,Krasnyy Flag
309894610,4024606,ht,Krasnyye Orly
309894687,4024607,ht,Krasnyye Orly
309894764,4024608,ht,Krasnyye Orly
309894841,4024609,ht,Krasnyye Mayaki
309895226,4024614,ht,Krasnyy Boyets
309895380,4024616,ht,Krasnyy Bor
309895688,4024620,ht,Krasnyy Altayets
309895842,4024622,ht,Krasnyy Altay
309895996,4024624,ht,Krasnyy
309896381,4024629,ht,Krasnozerskoye
309896535,4024631,ht,Krasnoye Znamya
309896843,4024635,ht,Krasnoye-Pole
309897228,4024640,ht,Krasnoselka
309897459,4024643,ht,Krasnoye
309897767,4024647,ht,Krasnyy Yar
309897844,4024648,ht,Krasnoyarskoye
309897998,4024650,ht,Krasnyy Yar
309898152,4024652,ht,Krasnoyarsk
309898460,4024656,ht,Krasnoyarka
309898845,4024661,ht,Krasnoyarka
309898922,4024662,ht,Krasnoyarka
309898999,4024663,ht,Krasnoyarka
309899153,4024665,ht,Krasnoyarka
309899692,4024672,ht,Krasnovskaya
309899769,4024673,ht,Krasnovo
309899923,4024675,ht,Krasnovo
309900077,4024677,ht,Krasnovishersk
309900154,4024678,ht,Krasnotur'insk
309900231,4024679,ht,Krasnoturansk
309900385,4024681,ht,Krasnoshchekovo
309900462,4024682,ht,Krasnosel'ye
309900539,4024683,ht,Krasnosel'skoye
309900770,4024686,ht,Krasnosel'kup
309900924,4024688,ht,Krasnaya Rechka
309901848,4024700,ht,Krasnoorlovskiy
309901925,4024701,ht,Krasnoobsk
309902079,4024703,ht,Krasnomyl'skoye
309902310,4024706,ht,Krasnokamensk
309902387,4024707,ht,Krasnokamenka
309902541,4024709,ht,Krasnogvardeyskiy
309902772,4024712,ht,Krasnogorskoye
309902926,4024714,ht,Krasnogorskoye
309903003,4024715,ht,Krasnaya Gorka
309903234,4024718,ht,Krasnogorskiy
309903311,4024719,ht,Krasnogorskiy
309903388,4024720,ht,Krasnogorka
309903465,4024721,ht,Krasnogorka
309903619,4024723,ht,Krasnogorka
309903850,4024726,ht,Krasnodubrovskiy
309904158,4024730,ht,Krasnen'kiy
309904312,4024732,ht,Krasnaya Zvezda
309904620,4024736,ht,Krasnaya Zarya
309905082,4024742,ht,Krasnaya Sloboda
309905313,4024745,ht,Krasnaya Rechka
309905929,4024753,ht,Krasnaya Griva
309906930,4024766,ht,Krasikovo
309907084,4024768,ht,Krashenevo
309907315,4024771,ht,Krapivka
309907392,4024772,ht,Krapivka
309907469,4024773,ht,Krapivinskiy
309907700,4024776,ht,Kozyulino
309907777,4024777,ht,Kozyrevo
309907854,4024778,ht,Kozyrbak
309908085,4024781,ht,Kozul'ka
309908316,4024784,ht,Kozotyapka
309908393,4024785,ht,Kozonkova
309908778,4024790,ht,Kozlovo
309908855,4024791,ht,Kozlovo
309908932,4024792,ht,Kozlovo
309909086,4024794,ht,Kozlovka
309909702,4024802,ht,Kozlovo
309910087,4024807,ht,Kozino
309910164,4024808,ht,Kozinka
309910395,4024811,ht,Kozikha
309910472,4024812,ht,Kozhurlinskiy
309910549,4024813,ht,Kozhurla
309910857,4024817,ht,Kozhevnikovo-na-Shegarke
309910934,4024818,ht,Kozhevnikovo
309911088,4024820,ht,Kozhevnikovo
309911704,4024828,ht,Kozel'shchina
309911858,4024830,ht,Koykrylgan
309911935,4024831,ht,Koyelga
309912089,4024833,ht,Kovyl'nyy
309912166,4024834,ht,Kovyl'naya
309912782,4024842,ht,Koura
309912859,4024843,ht,Kotyurova
309913013,4024845,ht,Kotovshchikovo
309913090,4024846,ht,Kotovo
309913244,4024848,ht,Kotlik
309913321,4024849,ht,Kotlayskiy
309913706,4024854,ht,Kotansu
309913783,4024855,ht,Kosulino
309913937,4024857,ht,Kostyli
309914014,4024858,ht,Kostyleva
309914245,4024861,ht,Kostylevo
309914322,4024862,ht,Kostyleva
309914476,4024864,ht,Kostyakovka
309914553,4024865,ht,Kostyaki
309914630,4024866,ht,Kostromskoy
309914707,4024867,ht,Kostroma
309914784,4024868,ht,Kostousovo
309914938,4024870,ht,Kostino
309915015,4024871,ht,Kostino
309915246,4024874,ht,Kostino
309915554,4024878,ht,Kostenkovo
309915785,4024881,ht,Kostarevo
309915862,4024882,ht,Kosyye-Lozhki
309915939,4024883,ht,Kosoy Log
309916170,4024886,ht,Kososor
309916401,4024889,ht,Kosogorka
309916478,4024890,ht,Kosogorovo
309916555,4024891,ht,Kosogol'
309916632,4024892,ht,Kosobrodka
309916786,4024894,ht,Kosminskiy
309916940,4024896,ht,Kosmakova
309917171,4024899,ht,Kosikha
309917325,4024901,ht,Koshurnikovo
309917402,4024902,ht,Koshurikha
309917479,4024903,ht,Koshuki
309917556,4024904,ht,Koshnya
309917710,4024906,ht,Koshkul'
309918095,4024911,ht,Koshkino
309918172,4024912,ht,Koshkarevka
309918403,4024915,ht,Koshelevo
309918634,4024918,ht,Koshary
309918788,4024920,ht,Kosh-Agach
309918865,4024921,ht,Kosa Veniaminovskaya
309919250,4024926,ht,Korzhavina
309919558,4024930,ht,Koryavka
309919635,4024931,ht,Koryakova
309919712,4024932,ht,Koryakinskiy
309920097,4024937,ht,Korshunovo
309920174,4024938,ht,Korshunovo
309920251,4024939,ht,Korshunovka
309920328,4024940,ht,Korshunovka
309920405,4024941,ht,Korshunovka
309920482,4024942,ht,Korshunova
309920559,4024943,ht,Korsakovo
309920636,4024944,ht,Korp
309920790,4024946,ht,Korovino
309920944,4024948,ht,Korovinka
309921175,4024951,ht,Korotrun
309921252,4024952,ht,Korotoyak
309921406,4024954,ht,Korotkino
309921483,4024955,ht,Korotanovo
309921714,4024958,ht,Korostelevo
309921868,4024960,ht,Koroli
309921945,4024961,ht,Korolevskiy
309922330,4024966,ht,Novokorolevka
309923485,4024981,ht,Kornilovo
309923793,4024985,ht,Kornilovo
309924101,4024989,ht,Novosel'tsy
309924255,4024991,ht,Kormovishche
309924409,4024993,ht,Kormilovka
309924717,4024997,ht,Korliki
309924794,4024998,ht,Korkodin
309924948,4025000,ht,Korkino
309925025,4025001,ht,Korkino
309925102,4025002,ht,Korkino
309925179,4025003,ht,Korkechu
309925641,4025009,ht,Korely
309925795,4025011,ht,Koregod
309925872,4025012,ht,Kordyukovo
309925949,4025013,ht,Kordovo
309926026,4025014,ht,Kòdon
309926103,4025015,ht,Kòdon
309926180,4025016,ht,Kòdon
309926257,4025017,ht,Kòdon
309926334,4025018,ht,Korda
309926488,4025020,ht,Korbelkino
309926565,4025021,ht,Korchino
309926642,4025022,ht,Korchin
309926719,4025023,ht,Korchemkina
309926796,4025024,ht,Korchazhka
309926873,4025025,ht,Korchat
309926950,4025026,ht,Korbuyalak
309927181,4025029,ht,Korablevo
309927258,4025030,ht,Korablevo
309927412,4025032,ht,Kozyrshchyna
309927643,4025035,ht,Kopylovka
309928028,4025040,ht,Kop'yevo
309928105,4025041,ht,Koptyaki
309928336,4025044,ht,Koptelovo
309928490,4025046,ht,Kopotily
309928567,4025047,ht,Kopotilovo
309928644,4025048,ht,Kopkul'
309928721,4025049,ht,Kopeysk
309928798,4025050,ht,Kopeykino
309929183,4025055,ht,Kopanoye-Ozero
309929260,4025056,ht,Kop'
309929491,4025059,ht,Konyashina
309929568,4025060,ht,Konura
309929722,4025062,ht,Kontoshino
309929953,4025065,ht,Konstantinovskiy
309930338,4025070,ht,Konstantinovka
309930415,4025071,ht,Konstantinovka
309930569,4025073,ht,Konovshchina
309930800,4025076,ht,Konovalovo
309930877,4025077,ht,Konovalovo
309931031,4025079,ht,Konovalovka
309931108,4025080,ht,Konovalova
309931185,4025081,ht,Konovalova
309931570,4025086,ht,Konoplyanka
309931647,4025087,ht,Kononovo
309931878,4025090,ht,Koninino
309932032,4025092,ht,Konezavodskiy
309932109,4025093,ht,Konevo
309932263,4025095,ht,Konevo
309932648,4025100,ht,Kondyl'
309932725,4025101,ht,Kondusla
309933341,4025109,ht,Kondoma
309933418,4025110,ht,Kondinskoye
309933495,4025111,ht,Kondinskoye
309933572,4025112,ht,Kondinskiy
309934034,4025118,ht,Qarabalyq
309934111,4025119,ht,Qarabalyq
309934265,4025121,ht,Yugorsk
309934419,4025123,ht,Qarabalyq
309934804,4025128,ht,Qarabalyq
309934881,4025129,ht,Qarabalyq
309935035,4025131,ht,Qarabalyq
309935266,4025134,ht,Komsomol'sk
309935420,4025136,ht,Qarabalyq
309935497,4025137,ht,Komsomol
309935651,4025139,ht,Komsomolets
309935882,4025142,ht,Kommunisticheskiy
309935959,4025143,ht,Kommunist
309936190,4025146,ht,Kommunar
309936267,4025147,ht,Kommunar
309936344,4025148,ht,Kommuna Argut
309936652,4025152,ht,Imeni Komissarova
309936729,4025153,ht,Komissarovo
309936806,4025154,ht,Komissarovo
309937037,4025157,ht,Komintern
309938192,4025172,ht,Komarovka
309938346,4025174,ht,Kopylovka
309938423,4025175,ht,Komarovka
309938500,4025176,ht,Komarovka
309938577,4025177,ht,Komarovka
309938654,4025178,ht,Komarovka
309938731,4025179,ht,Komarovka
309938808,4025180,ht,Komarovka
309938962,4025182,ht,Komarovo
309939039,4025183,ht,Komarovo
309939116,4025184,ht,Komarova
309939193,4025185,ht,Komarnyy Yar
309939270,4025186,ht,Komarkovo
309939347,4025187,ht,Komarivtsi
309939501,4025189,ht,Komarikha
309939809,4025193,ht,Kolyvanskaya
309939886,4025194,ht,Kolyvanova S.
309939963,4025195,ht,Kolyvanova F.
309940040,4025196,ht,Kolychivka
309940117,4025197,ht,Kolychivka
309940425,4025201,ht,Kolycheva
309940579,4025203,ht,Kolyasnikova
309940656,4025204,ht,Kolyasnikovo
309940810,4025206,ht,Kol'tyugino
309941041,4025209,ht,Koltyrak
309941118,4025210,ht,Kol'tsovskiy
309941272,4025212,ht,Kol'tsovo
309941426,4025214,ht,Kol'tsovo
309941503,4025215,ht,Kol'tsovka Pervaya
309941657,4025217,ht,Kol'tsovka
309942042,4025222,ht,Koltashi
309942119,4025223,ht,Kaltash
309942196,4025224,ht,Kolpashevo
309942504,4025228,ht,Kolovo
309942735,4025231,ht,Kholodovka
309942889,4025233,ht,Kolosovka
309942966,4025234,ht,Kolosova Zaimka
309943043,4025235,ht,Kolos
309943120,4025236,ht,Kolos
309943197,4025237,ht,Kolonkovo
309943428,4025240,ht,Kolon
309943505,4025241,ht,Novokolomzino
309943582,4025242,ht,Kolominskiye Grivy
309943813,4025245,ht,Kolomenka
309943890,4025246,ht,Koloma
309943967,4025247,ht,Kolodtsy
309944044,4025248,ht,Kolodeznyy
309944121,4025249,ht,Kolodkino
309944275,4025251,ht,Kolmogorovskoye
309944352,4025252,ht,Kolmogorovo
309944429,4025253,ht,Kolmogorovo
309944506,4025254,ht,Kolmogorova
309944583,4025255,ht,Kolmogorova
309944660,4025256,ht,Kolmakovo
309944891,4025259,ht,Kolmakovka
309944968,4025260,ht,Kolmakovo
309945045,4025261,ht,Kol'kul'
309945122,4025262,ht,Kolkhoznyy Karchit
309945199,4025263,ht,Kolindams
309945661,4025269,ht,Kolesova
309945738,4025270,ht,Koleso
309945892,4025272,ht,Kolesnikovo
309946354,4025278,ht,Kolchin
309946431,4025279,ht,Kolchedan
309946508,4025280,ht,Kolchanovka
309946585,4025281,ht,Kolchakovo
309946816,4025284,ht,Kolbinskiy
309946893,4025285,ht,Kolbinka
309947047,4025287,ht,Kolbin
309947278,4025290,ht,Kolbany
309947355,4025291,ht,Kolbak-Chyraa
309947586,4025294,ht,Kokuzovo
309947663,4025295,ht,Kokuyskaya
309947817,4025297,ht,Kokuy
309948356,4025304,ht,Koksu
309948433,4025305,ht,Koksochka
309948510,4025306,ht,Kokshi
309948587,4025307,ht,Kokshenevo
309948741,4025309,ht,Koksharova
309948895,4025311,ht,Koksharova
309948972,4025312,ht,Kokbesh
309949049,4025313,ht,Kokoshino
309949126,4025314,ht,Kokorya
309949434,4025318,ht,Kokonovka
309949511,4025319,ht,Kok-Khak
309950127,4025327,ht,Kodinsk
309950820,4025336,ht,Kochmes
309951051,4025339,ht,Kochkovat·skiy
309951282,4025342,ht,Kochki
309952206,4025354,ht,Kocherdyk
309952437,4025357,ht,Kochenevo
309952899,4025363,ht,Ko
309953207,4025367,ht,Knyazevka
309953361,4025369,ht,Knyazevka
309953515,4025371,ht,Knutovo
309953746,4025374,ht,Klyuyevka
309953900,4025376,ht,Klyukvenskaya
309953977,4025377,ht,Klyukvennyy
309954208,4025380,ht,Klyukvennoye
309954516,4025384,ht,Klyukina
309954593,4025385,ht,Klyuchi Vishnevskiye
309954670,4025386,ht,Kliuchi
309955517,4025397,ht,Kliuchi
309955671,4025399,ht,Kliuchi
309955748,4025400,ht,Kliuchi
309955825,4025401,ht,Kliuchi
309955902,4025402,ht,Kliuchi
309955979,4025403,ht,Kliuchi
309956056,4025404,ht,Kliuchi
309956133,4025405,ht,Kliuchi
309956210,4025406,ht,Kliuchi
309956595,4025411,ht,Kliuchi
309956903,4025415,ht,Kliuchi
309956980,4025416,ht,Kliuchi
309957134,4025418,ht,Klyuchevyye
309957211,4025419,ht,Klyuchevskoye
309957288,4025420,ht,Klyuchevskoy
309957365,4025421,ht,Klyuchevskoy
309957442,4025422,ht,Klyuchevskoy
309957519,4025423,ht,Kliuchi
309957596,4025424,ht,Klyuchevskoy
309957827,4025427,ht,Klyuchevsk
309957904,4025428,ht,Klyuchevoy
309957981,4025429,ht,Klyuchevoy
309958135,4025431,ht,Klyuchevka
309958597,4025437,ht,Klyuchevaya
309958828,4025440,ht,Klubovka
309958982,4025442,ht,Klochki
309959136,4025444,ht,Klin-Malinovskiy
309959290,4025446,ht,Klimovka
309959521,4025449,ht,Klimino
309959829,4025453,ht,Kleynikova
309959906,4025454,ht,Klevakino
309960291,4025459,ht,Klepalovo
309960368,4025460,ht,Kleopino
309960445,4025461,ht,Klenovka
309961369,4025473,ht,Kiyeva
309962447,4025487,ht,Kislyanka
309962678,4025490,ht,Kisloye
309962909,4025493,ht,Kislovskiy
309963140,4025496,ht,Kishmen'
309963217,4025497,ht,Kishkinskoye
309963448,4025500,ht,Kiselevsk
309964141,4025509,ht,Kiseleva
309966528,4025540,ht,Kirovgrad
309967991,4025559,ht,Kirey-Muksut
309968222,4025562,ht,Kirdy
309968376,4025564,ht,Kirchizh
309968453,4025565,ht,Kirbali
309968530,4025566,ht,Kirba
309968684,4025568,ht,Kiprino
309968915,4025571,ht,Kipeshino
309969146,4025574,ht,Kipavla
309969223,4025575,ht,Kip
309969300,4025576,ht,Kinzhir
309969531,4025579,ht,Kinyaminy Pervyye
309969608,4025580,ht,Kinterep
309969762,4025582,ht,Kindyakovo
309970070,4025586,ht,Kimovskiy
309970147,4025587,ht,Kimk'yasuy
309970532,4025592,ht,Kikkiakki
309970686,4025594,ht,Kiik
309970763,4025595,ht,Kidysh
309970840,4025596,ht,Kichigino
309970917,4025597,ht,Kichibash
309971071,4025599,ht,Kibiten'
309971764,4025608,ht,Khutorka
309971995,4025611,ht,Khutora
309972688,4025620,ht,Khulimsunt
309972842,4025622,ht,Khudyshka
309972919,4025623,ht,Khudyakovo
309973381,4025629,ht,Khudoyelanskoye
309973535,4025631,ht,Khudayberdinskiy
309973997,4025637,ht,Khromovka
309974074,4025638,ht,Khromit
309974459,4025643,ht,Hovak
309974613,4025645,ht,Khoshlog
309974844,4025648,ht,Khorumnug-Oy
309974921,4025649,ht,Khorumnug-Kezhig
309974998,4025650,ht,Khorum-Dag
309975075,4025651,ht,Khortitsy
309975537,4025657,ht,Khoroshki
309975614,4025658,ht,Khoroshiy
309975768,4025660,ht,Khoroshevina
309975999,4025663,ht,Khorgat
309976692,4025672,ht,Khomutinino
309977616,4025684,ht,Khokhlovo
309977847,4025687,ht,Khokhlovka
309979387,4025707,ht,Khloptunovo
309979849,4025713,ht,Kheta
309979926,4025714,ht,Khersonskiy
309980080,4025716,ht,Khersonka
309980311,4025719,ht,Khayrakan
309981389,4025733,ht,Khar
309981466,4025734,ht,Bol'shiye Kharlushi
309981543,4025735,ht,Kharlushi
309981851,4025739,ht,Kharlovo
309983622,4025762,ht,Khanzhino
309983776,4025764,ht,Khanty-Mansiysk
309983853,4025765,ht,Khantayka
309984007,4025767,ht,Khanovey
309984238,4025770,ht,Khanglasy
309984469,4025773,ht,Khandagayty
309984854,4025778,ht,Habil Raybah
309985008,4025780,ht,Khalitovo
309985085,4025781,ht,Khalitova
309985470,4025786,ht,Khalandakanchik
309985547,4025787,ht,Moskovskoye
309985855,4025791,ht,Khabazino
309985932,4025792,ht,Khabaydak
309986009,4025793,ht,Khaybar
309986086,4025794,ht,Khabarovskiy
309986163,4025795,ht,Khabarovka
309986856,4025804,ht,Ket-Par
309986933,4025805,ht,Ketovo
309987241,4025809,ht,Kenga
309987395,4025811,ht,Perovo
309987549,4025813,ht,Kellog
309988011,4025819,ht,Kegel'-Koromo
309988088,4025820,ht,Kedrovyy Uvat
309988165,4025821,ht,Kedrovyy Mys
309988396,4025824,ht,Kedrovyy
309988473,4025825,ht,Kedrovoye
309988704,4025828,ht,Kedrovka
309988858,4025830,ht,Kedrovka
309988935,4025831,ht,Kedrovka
309989089,4025833,ht,Kedrovka
309989320,4025836,ht,Kedrovka
309990706,4025854,ht,Kazha
309990783,4025855,ht,Kazennoye
309991322,4025862,ht,Kazatkul'
309991707,4025867,ht,Kazany
309991784,4025868,ht,Kazantsevskiy
309991861,4025869,ht,Kazantsevo
309991938,4025870,ht,Kazantsevo
309992015,4025871,ht,Kazantsevo
309992169,4025873,ht,Kazantsevo
309992785,4025881,ht,Kazantsev
309992862,4025882,ht,Kazanskoye
309993401,4025889,ht,Kazanovka
309994633,4025905,ht,Kanzafarova
309995788,4025920,ht,Kazachinskoye
309995865,4025921,ht,Kaz
309995942,4025922,ht,Kaz
309996096,4025924,ht,Kayval
309997174,4025938,ht,Kaynak
309998021,4025949,ht,Kaygorodovo
309998483,4025955,ht,Kayyerkan
309999330,4025966,ht,Kajashkan
309999407,4025967,ht,Kayasan
310000716,4025984,ht,Katunayaka
310000870,4025986,ht,Katunskoye
310000947,4025987,ht,Ust'-Katun'
310001178,4025990,ht,Katkovo
310001255,4025991,ht,Katkovo
310001332,4025992,ht,Katkovo
310001409,4025993,ht,Katino
310001486,4025994,ht,Katesovy
310001640,4025996,ht,Katen'kova
310001794,4025998,ht,Katenino
310001871,4025999,ht,Kataysk
310001948,4026000,ht,Kataysk
310002410,4026006,ht,Katyshnyy
310002564,4026008,ht,Katarma
310002718,4026010,ht,Katarach
310003026,4026014,ht,Qastek
310003103,4026015,ht,Kastakhta
310003180,4026016,ht,Kaspil'
310003411,4026019,ht,Kaspa
310003796,4026024,ht,Kasli
310004027,4026027,ht,Kaskat
310004258,4026030,ht,Kashtak
310005875,4026051,ht,Karevskiy
310005952,4026052,ht,Pishchane
310006106,4026054,ht,Koryazhnyy
310006491,4026059,ht,Kartaly
310006568,4026060,ht,Karsy
310006876,4026064,ht,Karpuninskiy
310006953,4026065,ht,Karpunina
310007107,4026067,ht,Karpovo Vtoroye
310007184,4026068,ht,Makarovo
310007261,4026069,ht,Karpovka
310007492,4026072,ht,Karpov
310007569,4026073,ht,Karpinsk
310007646,4026074,ht,Karpino
310007723,4026075,ht,Karpilovka
310008262,4026082,ht,Karmanovka
310008493,4026085,ht,Karmakla
310008570,4026086,ht,Karmak
310008801,4026089,ht,Narlyk
310008878,4026090,ht,Karlovka
310009571,4026099,ht,Kargat
310009648,4026100,ht,Kargasok
310009725,4026101,ht,Kargapol'ye
310010033,4026105,ht,Kargala
310010957,4026117,ht,Karbyshevo
310011419,4026123,ht,Karayevy
310011496,4026124,ht,Karavay
310011881,4026129,ht,Karaul'nyy
310011958,4026130,ht,Karaul'noye
310012035,4026131,ht,Karaul'noye
310012343,4026135,ht,Karaul
310012420,4026136,ht,Karatuzskoye
310012728,4026140,ht,Karaterek
310013190,4026146,ht,Karataban
310013498,4026150,ht,Karasuk
310013652,4026152,ht,Karasuk
310014499,4026163,ht,Karasi
310015192,4026172,ht,Karaba
310015731,4026179,ht,Karakul'skoye
310015808,4026180,ht,Karakul'ka
310016347,4026187,ht,Qaraqol
310017194,4026198,ht,Karakchul'
310017348,4026200,ht,Karakanskiy
310017502,4026202,ht,Karakan
310017656,4026204,ht,Karaguzh
310018041,4026209,ht,Karagayla
310018118,4026210,ht,Karagaykul'
310019658,4026230,ht,Karabinka
310019735,4026231,ht,Kara-Bellyk
310019966,4026234,ht,Karabayeva
310020043,4026235,ht,Karabay
310020120,4026236,ht,Karabashka
310020274,4026238,ht,Karabash
310020351,4026239,ht,Karabash
310020505,4026241,ht,Karabanovo
310020813,4026245,ht,Kaptyrevo
310021891,4026259,ht,Kanterova
310022122,4026262,ht,Kansk
310022276,4026264,ht,Kan-Ozernyy
310022507,4026267,ht,Kangotovo
310023123,4026275,ht,Kandalka Tret'ya
310023816,4026284,ht,Kanashevo
310024509,4026293,ht,Kamyzyak
310024740,4026296,ht,Kamyshovaya
310024971,4026299,ht,Kamyshnoye
310025125,4026301,ht,Kamyshnoye
310025356,4026304,ht,Kamyshlov
310026126,4026314,ht,Mukoshyn
310026819,4026323,ht,Kamyshino
310027281,4026329,ht,Mukoshyn
310027358,4026330,ht,Kamyshi
310027897,4026337,ht,Kamlak
310028436,4026344,ht,Kamensk-Ural'skiy
310029129,4026353,ht,Hayivka
310029283,4026355,ht,Kamenskiy
310029591,4026359,ht,Mys-Kamennyy
310029668,4026360,ht,Kamennyy
310029899,4026363,ht,Kamennyy
310029976,4026364,ht,Kamennyy
310030207,4026367,ht,Kamennaya Sanarka
310030361,4026369,ht,Kamennaya Rechka
310030438,4026370,ht,Kamen'-na-Obi
310031824,4026388,ht,Hayivka
310032594,4026398,ht,Kamen'
310032902,4026402,ht,Kamchatka
310033133,4026405,ht,Kombar
310033210,4026406,ht,Kamay
310033518,4026410,ht,Kamagan
310033826,4026414,ht,Kama
310034827,4026427,ht,Kaluga-Solov'yevka
310035212,4026432,ht,Haylaastay
310035366,4026434,ht,Kaltan
310035905,4026441,ht,Kalmanka
310036290,4026446,ht,Katyushkino
310036521,4026449,ht,Kalinovskiy
310036598,4026450,ht,Kalinovka
310036675,4026451,ht,Kalinovskiy
310036752,4026452,ht,Kalinovskiy
310037060,4026456,ht,Kalinovo
310037291,4026459,ht,Kalinovka
310037522,4026462,ht,Kalinovka
310037830,4026466,ht,Kalinovka
310038369,4026473,ht,Kalinovka
310038523,4026475,ht,Kalinkino Padun
310038908,4026480,ht,Kalinina
310039293,4026485,ht,Kalinina
310039601,4026489,ht,Kalgan
310040525,4026501,ht,Kalachinsk
310041295,4026511,ht,Kalaberga
310041526,4026514,ht,Kak
310041680,4026516,ht,Kairchik
310041834,4026518,ht,Kainskiy
310042296,4026524,ht,Kaip
310042527,4026527,ht,Kaftanchikovo
310042758,4026530,ht,Kadymtsevo
310042835,4026531,ht,Kaduy
310043605,4026541,ht,Kachusovo
310043990,4026546,ht,Kachik
310044991,4026559,ht,Kabanka
310045145,4026561,ht,Kabakova
310045376,4026564,ht,Kaa-Khem
310045530,4026566,ht,Izynzhul'
310045838,4026570,ht,Izykhskiye-Kopi
310046069,4026573,ht,Izyasheva
310046146,4026574,ht,Izvestkovyy
310046223,4026575,ht,Izumrud
310046300,4026576,ht,Izreva
310046916,4026584,ht,Izynskiy
310047147,4026587,ht,Izhmorskiy
310047455,4026591,ht,Izba Vershininskaya
310047532,4026592,ht,Izba Ponomareva
310047686,4026594,ht,Iyi-Tal
310047763,4026595,ht,Iyevlevo
310047840,4026596,ht,Iy
310047994,4026598,ht,Ivokhino
310048071,4026599,ht,Ivlevskiye Peski
310048148,4026600,ht,Ivlevo
310048302,4026602,ht,Ivdel'
310048379,4026603,ht,Ivaysale
310048533,4026605,ht,Ivashkeyevka
310048687,4026607,ht,Ivantay
310048764,4026608,ht,Ivanovskoye
310048918,4026610,ht,Ivanovskiy
310048995,4026611,ht,Ivanovka
310049072,4026612,ht,Ivanovskiy
310049149,4026613,ht,Ivanovskiy
310049303,4026615,ht,Ivanovka
310049380,4026616,ht,Ivanovskaya
310049688,4026620,ht,Ivanov Kamen'
310049765,4026621,ht,Ivanovka
310049919,4026623,ht,Ivanovka
310049996,4026624,ht,Ivanovka
310050150,4026626,ht,Ivanovka
310050381,4026629,ht,Ivanovka
310050766,4026634,ht,Ivanovka
310050843,4026635,ht,Ivanovka
310051074,4026638,ht,Ivanovka
310051305,4026641,ht,Ivanovka
310051536,4026644,ht,Ivanovka
310051767,4026647,ht,Ivanovka
310051844,4026648,ht,Ivanovka
310052306,4026654,ht,Ivanovka
310052383,4026655,ht,Ivanovka
310052460,4026656,ht,Ivanovka
310052768,4026660,ht,Ivanovka
310052999,4026663,ht,Ivanovka
310053076,4026664,ht,Ivanovka
310053153,4026665,ht,Ivanovka
310053384,4026668,ht,Ivanovka
310053538,4026670,ht,Ivanova
310053615,4026671,ht,Ivanovo-Sergiyevka
310053769,4026673,ht,Ivankovo
310053923,4026675,ht,Ivankino
310054000,4026676,ht,Ivankino
310054077,4026677,ht,Ivanishchevskoye
310054462,4026682,ht,Iudino
310054693,4026685,ht,Itkul'skiy
310055001,4026689,ht,Itkul'
310055078,4026690,ht,Itkuch
310055155,4026691,ht,Itkara
310055386,4026694,ht,Itat·skiy
310055848,4026700,ht,Istimis
310055925,4026701,ht,Iskup
310056079,4026703,ht,Iskra
310056156,4026704,ht,Iskra
310056233,4026705,ht,Iskra
310056310,4026706,ht,Iskra
310056541,4026709,ht,Iskra
310056618,4026710,ht,Iskra
310056695,4026711,ht,Iskra
310056772,4026712,ht,Iskra
310056849,4026713,ht,Iskitim
310057003,4026715,ht,Iskandarovo
310057080,4026716,ht,Iska-Chebakova
310057157,4026717,ht,Iska
310057234,4026718,ht,Isil'kul'
310057311,4026719,ht,Ishti-Khem
310057465,4026721,ht,Ishtan
310057542,4026722,ht,Ishkul'
310057696,4026724,ht,Ishim
310057927,4026727,ht,Ishim
310058004,4026728,ht,Ishidey
310058081,4026729,ht,Ishalino
310058235,4026731,ht,Iset·skoye
310058389,4026733,ht,Iset'
310058774,4026738,ht,Isayevka
310059236,4026744,ht,Isakovka
310059390,4026746,ht,Irzhi
310059621,4026749,ht,Irtyshskiy
310059775,4026751,ht,Irsha
310059852,4026752,ht,Irodov Log
310059929,4026753,ht,Irmen'
310060006,4026754,ht,Irkut·skoye
310060160,4026756,ht,Irkut·skiy
310060468,4026760,ht,Irbit
310060545,4026761,ht,Irbeyskoye
310060699,4026763,ht,Irba-Pavlovskaya
310060853,4026765,ht,Ir
310060930,4026766,ht,Ir
310061007,4026767,ht,Ipsit
310061084,4026768,ht,Ipatovo
310061469,4026773,ht,Ionino
310061700,4026776,ht,Iolo
310061854,4026778,ht,Inyushevo
310061931,4026779,ht,Inyushevo
310062008,4026780,ht,Inya
310062085,4026781,ht,Inya
310062239,4026783,ht,Intikul'
310062393,4026785,ht,Inta
310062547,4026787,ht,Inskoy
310062624,4026788,ht,Inskoy
310062701,4026789,ht,Inskoy
310062855,4026791,ht,Innokent'yevskiy
310063240,4026796,ht,Inguzet
310063317,4026797,ht,Ingurek
310063471,4026799,ht,Ingisoim
310063625,4026801,ht,Ingashet
310063702,4026802,ht,I-n-Gall
310063779,4026803,ht,Ingalinskoye
310063856,4026804,ht,Inegen'
310064010,4026806,ht,Indol'skaya Baza
310064087,4026807,ht,Indey
310064241,4026809,ht,Inder'
310064318,4026810,ht,Indegesh
310064395,4026811,ht,Indashtinskiy
310064626,4026814,ht,Imshegal
310064780,4026816,ht,Imeni Voroshilova
310064934,4026818,ht,Imeni Tel'mana
310065011,4026819,ht,Imeni Sverdlova
310065088,4026820,ht,Rodniki
310065781,4026829,ht,Imeni Maksima Gor'kogo
310065935,4026831,ht,Krupskoy
310066474,4026838,ht,Imeni Il'icha
310068476,4026864,ht,Il'inka
310069554,4026878,ht,Il'inka
310070016,4026884,ht,Il'inka
310070093,4026885,ht,Il'inka
310071094,4026898,ht,Il'inka
310071787,4026907,ht,Ilanskiy
310072018,4026910,ht,Iksanova
310072249,4026913,ht,Ikovka
310072711,4026919,ht,Igrim
310073866,4026934,ht,Igarka
310074097,4026937,ht,Idzha
310074174,4026938,ht,Idrinskoye
310074559,4026943,ht,Ibragimova
310074867,4026947,ht,Gyda
310074944,4026948,ht,Gvozdevka
310075252,4026952,ht,Gutovo
310075329,4026953,ht,Gutovo
310075406,4026954,ht,Gus'ki
310075560,4026956,ht,Gusinskiy
310076176,4026964,ht,Gusevka
310076792,4026972,ht,Guseletovo
310076869,4026973,ht,Gusary
310076946,4026974,ht,Gur'yevsk
310077023,4026975,ht,Gur'yevka
310077100,4026976,ht,Gur'yeva
310077177,4026977,ht,Gur'yanovskiye
310077254,4026978,ht,Gurovo
310077793,4026985,ht,Gulyay-Pole
310078948,4027000,ht,Gryaznovskoye
310079564,4027008,ht,Groznetskiy
310080334,4027018,ht,Grishkovka
310081489,4027033,ht,Grigoryevka
310082028,4027040,ht,Gribnoy
310082336,4027044,ht,Gribanovka
310083414,4027058,ht,Gramoteino
310083799,4027063,ht,Gotoputovo
310084415,4027071,ht,Goryachegorsk
310084800,4027076,ht,Gorskino
310085339,4027083,ht,Gorokhovets
310085647,4027087,ht,Gorodishche
310085801,4027089,ht,Gorodishche
310086032,4027092,ht,Gorodishche
310086417,4027097,ht,Gornyy Shchit
310087187,4027107,ht,Gornyy
310087264,4027108,ht,Gornyak
310087341,4027109,ht,Gornyak
310087418,4027110,ht,Gornovoye
310087495,4027111,ht,Gornostalevka
310087649,4027113,ht,Gornostalevskiy
310087726,4027114,ht,Gornoslinkino
310087803,4027115,ht,Gornopravdinsk
310087880,4027116,ht,Gorno-Partizanskiy
310087957,4027117,ht,Gorno-Altaysk
310088188,4027120,ht,Gornaya
310088342,4027122,ht,Gor'kovskoye
310088573,4027125,ht,Gor'kiy
310088804,4027128,ht,Gorki
310088881,4027129,ht,Gorki
310088958,4027130,ht,Gorki
310089189,4027133,ht,Garevoye
310089343,4027135,ht,Garevka
310089420,4027136,ht,Gorelyy
310089497,4027137,ht,Gorel'skiy
310089574,4027138,ht,Goreloye
310090036,4027144,ht,Gorby
310090113,4027145,ht,Gorbunovskoye
310090267,4027147,ht,Gorbunovo
310090344,4027148,ht,Gorbunovo
310090729,4027153,ht,Plotnikovo
310091345,4027161,ht,Gonokhovo
310091576,4027164,ht,Gon'ba
310091653,4027165,ht,Golyshmanovo
310091730,4027166,ht,Golyshmanovo
310091884,4027168,ht,Golysheva
310092038,4027170,ht,Golysheva
310092115,4027171,ht,Golyakova
310092269,4027173,ht,Golubovka
310092808,4027180,ht,Golubki
310094887,4027207,ht,Galdun
310095195,4027211,ht,Gogolevka
310095349,4027213,ht,Gogolevka
310095426,4027214,ht,Gogolevka
310095580,4027216,ht,Gogino
310095888,4027220,ht,Glyadyanskoye
310098198,4027250,ht,Glinkovka
310098275,4027251,ht,Glinnaya
310098352,4027252,ht,Glinkino
310098660,4027256,ht,Glazunovo
310098814,4027258,ht,Glavstan
310098891,4027259,ht,Glavnyy
310098968,4027260,ht,Gladyshevo
310099045,4027261,ht,Gladyshev
310099276,4027264,ht,Gladkova
310099353,4027265,ht,Gladkova
310099430,4027266,ht,Gladkiy Mys
310099507,4027267,ht,Gladkiy-Mys
310099661,4027269,ht,Gladkiy Mys
310099738,4027270,ht,Gladkoye
310099815,4027271,ht,Gindukha
310099969,4027273,ht,Gilevo
310100123,4027275,ht,Gilevo
310100200,4027276,ht,Gilev-Log
310100585,4027281,ht,Gigina
310100893,4027285,ht,Gerasimovka
310101971,4027299,ht,Korday
310105282,4027342,ht,Gari
310106514,4027358,ht,Ganikhino
310106745,4027361,ht,Novogandichevo
310107284,4027368,ht,Galkinskoye
310107361,4027369,ht,Galkino Vtoroye
310107592,4027372,ht,Galkino
310107669,4027373,ht,Galishovo
310107746,4027374,ht,Galkinskiy
310108131,4027379,ht,Galanino
310108439,4027383,ht,Gagar'ye
310109979,4027403,ht,Frolovka
310112289,4027433,ht,Firsovo
310112751,4027439,ht,Filippovskoye
310113829,4027453,ht,Filimonovo
310113906,4027454,ht,Filimonovo
310113983,4027455,ht,Filimonovka
310114060,4027456,ht,Filimonova
310114907,4027467,ht,Feklino
310115600,4027476,ht,Fedosova
310115831,4027479,ht,Fedosikha
310116062,4027482,ht,Fedoseyevka
310118141,4027509,ht,Fadyushina
310118680,4027516,ht,Eylig-Khem
310118834,4027518,ht,Etogol
310118911,4027519,ht,Etimganova
310119296,4027524,ht,Erzin
310119527,4027527,ht,Erbek
310119989,4027533,ht,Elekmonar
310120143,4027535,ht,Elegest
310120220,4027536,ht,El'-Bazhi
310120451,4027539,ht,Egerbash
310120759,4027543,ht,Ebargul'
310120836,4027544,ht,Dzhuruntay
310120913,4027545,ht,Dzhurala
310120990,4027546,ht,Dzhogino
310121452,4027552,ht,Dzhebskiy Most
310121683,4027555,ht,Dzhartargul'
310121837,4027557,ht,Dzhanyspay
310121914,4027558,ht,Dzhonchilik
310122068,4027560,ht,Dzhanabay
310122145,4027561,ht,Dzerjinskoye
310122222,4027562,ht,Dyusenkin Aul
310122376,4027564,ht,Dymkovskoye
310122684,4027568,ht,Dvurechensk
310122761,4027569,ht,Dvukhrech'ye
310122838,4027570,ht,Dvukhozernaya
310122992,4027572,ht,Dvoryanskiy
310123069,4027573,ht,Dvortsy
310123454,4027578,ht,Dvinyanskiy
310123608,4027580,ht,Dvinka
310123916,4027584,ht,Duvankul'
310123993,4027585,ht,Duvanka
310124147,4027587,ht,Durnovo
310124378,4027590,ht,Durgen
310125610,4027606,ht,Dudinka
310126149,4027613,ht,Dubrovka
310126303,4027615,ht,Dubrovo
310126996,4027624,ht,Dubrovka
310127381,4027629,ht,Dubrovka
310127458,4027630,ht,Dubrovka
310128228,4027640,ht,Dubrovino
310128382,4027642,ht,Dubrovino
310128998,4027650,ht,Dubovka
310129306,4027654,ht,Dubinino
310129768,4027660,ht,Dryagunova
310130230,4027666,ht,Druzhinino
310130538,4027670,ht,Drozdovskiy
310130692,4027672,ht,Dronova
310130846,4027674,ht,Drobyshevo
310131000,4027676,ht,Shchebzavod
310131385,4027681,ht,Dresvyanka
310131462,4027682,ht,Drazhny-Tayly
310131770,4027686,ht,Dovol'noye
310132309,4027693,ht,Doronino
310132540,4027696,ht,Dorogino
310132771,4027699,ht,Tulikha
310133464,4027708,ht,Dombay
310133618,4027710,ht,Dolmatovo
310133926,4027714,ht,Dolinnyy
310134003,4027715,ht,Dolgushino
310134311,4027719,ht,Dolgovka
310134850,4027726,ht,Dolgoun
310134927,4027727,ht,Dolgopolovo
310135004,4027728,ht,Dolgoozernaya
310135081,4027729,ht,Dolgoderevenskoye
310135466,4027734,ht,Dolgaya Kur'ya
310135620,4027736,ht,Dolgovskoye
310135697,4027737,ht,Dolgany
310136005,4027741,ht,Dodonovo
310136467,4027747,ht,Dobryakovka
310136698,4027750,ht,Dobrovol'sk
310136852,4027752,ht,Dobrovol'sk
310136929,4027753,ht,Dobrovol'shchina
310137006,4027754,ht,Dobrovol'ka
310137160,4027756,ht,Dobromyslovskiy
310137237,4027757,ht,Dobrinskiy
310137468,4027760,ht,Dobrinka
310137622,4027762,ht,Dmitro-Titovo
310138315,4027771,ht,Dmytrivka
310138469,4027773,ht,Dmytrivka
310138700,4027776,ht,Dmytrivka
310138854,4027778,ht,Dmytrivka
310139008,4027780,ht,Dmytrivka
310139162,4027782,ht,Divnogorsk
310139470,4027786,ht,Dikson
310140317,4027797,ht,Detlovo
310141318,4027810,ht,Derbisheva
310143782,4027842,ht,Dekhanovka
310143936,4027844,ht,Degtyarsk
310146554,4027878,ht,Danilovka
310147940,4027896,ht,Dalmatovo
310148402,4027902,ht,Chyrgaky
310149326,4027914,ht,Chuvasheva
310150250,4027926,ht,Churtan
310151482,4027942,ht,Chunskiy
310151636,4027944,ht,Chunoyar
310152021,4027949,ht,Chumlyak
310152868,4027960,ht,Chulym
310153484,4027968,ht,Chulesh
310154485,4027981,ht,Chugunash
310155024,4027988,ht,Chudinovo
310155563,4027995,ht,Choya
310156641,4028009,ht,Chistoye
310157642,4028022,ht,Chisten'koye
310157719,4028023,ht,Chistoozerka
310157796,4028024,ht,Chistogorskiy
310158181,4028029,ht,Chishma
310158566,4028034,ht,Chirki
310159028,4028040,ht,Chipyshevo
310160183,4028055,ht,Chimeyevo
310161184,4028068,ht,Chikcha
310161338,4028070,ht,Chik
310162262,4028082,ht,Chibizhek
310162339,4028083,ht,Chibit
310162955,4028091,ht,Chesnoki
310163571,4028099,ht,Chesma
310163648,4028100,ht,Cheskidovo
310164110,4028106,ht,Chervishevo
310164880,4028116,ht,Chernyy Padun
310165188,4028120,ht,Chernyy Mys
310166035,4028131,ht,Chernyshevka
310166497,4028137,ht,Chernyshevo
310167036,4028144,ht,Chernyavskiy
310167883,4028155,ht,Chernovskoye
310168037,4028157,ht,Chernovskiy
310168576,4028164,ht,Chernousovo
310169731,4028179,ht,Chernoluch'ye
310169808,4028180,ht,Chernoles'ye
310170193,4028185,ht,Chernogorsk
310170655,4028191,ht,Chernitsk
310171425,4028201,ht,Chernaya Rechka
310172811,4028219,ht,Chernaki
310172965,4028221,ht,Cherlak
310173581,4028229,ht,Cherga
310174274,4028238,ht,Cherepanovo
310174736,4028244,ht,Cheremushky
310175429,4028253,ht,Cheremushki
310176892,4028272,ht,Cheremshanka
310177508,4028280,ht,Cheremshanka
310177816,4028284,ht,Cheremshanka
310178432,4028292,ht,Cheremnoye
310180280,4028316,ht,Cherbi
310180357,4028317,ht,Novobirilyussy
310180434,4028318,ht,Cheposh
310181358,4028330,ht,Chemashi
310181435,4028331,ht,Chemal
310181666,4028334,ht,Chelyabinsk
310183052,4028352,ht,Chekhovo
310184592,4028372,ht,Chebarkul'
310185670,4028386,ht,Chazhemto
310186440,4028396,ht,Chastoozer'ye
310186517,4028397,ht,Chastoostrovskoye
310186825,4028401,ht,Chashi
310187364,4028408,ht,Charyshskoye
310187749,4028413,ht,Charkov
310188827,4028427,ht,Chany
310189289,4028433,ht,Chal-Kezhig
310190213,4028445,ht,Chaganuzun
310190367,4028447,ht,Chadan
310190444,4028448,ht,Chaarbay
310190521,4028449,ht,Chaa-Khol'
310190752,4028452,ht,Byzynskiy
310191137,4028457,ht,Bystryy Istok
310191291,4028459,ht,Bystryanka
310191445,4028461,ht,Bystrukha
310194525,4028501,ht,Butyrki
310194910,4028506,ht,Butka
310195218,4028510,ht,Butaki
310195295,4028511,ht,Buskul'skiy
310196142,4028522,ht,Bursol'
310197220,4028536,ht,Burla
310197451,4028539,ht,Burkhankul'
310197528,4028540,ht,Novoburino
310197759,4028543,ht,Buren-Khem
310199299,4028563,ht,Bulzi
310200300,4028576,ht,Bulatovo
310200531,4028579,ht,Bulatova
310201070,4028586,ht,Bulanash
310201840,4028596,ht,Bukharino
310202071,4028599,ht,Bukar
310203765,4028621,ht,Bugachevo
310204458,4028630,ht,Bryukhovo
310204689,4028633,ht,Brylino
310205690,4028646,ht,Bronnikovo
310205998,4028650,ht,Brodokalmak
310206460,4028656,ht,Bredy
310206691,4028659,ht,Brazhnoye
310206845,4028661,ht,Brazhnikova
310207692,4028672,ht,Boyevoy
310209848,4028700,ht,Borovushka
310210541,4028709,ht,Burabay
310212081,4028729,ht,Borovlyanka
310212466,4028734,ht,Borovki
310212851,4028739,ht,Borovikha
310214468,4028760,ht,Borodino
310216470,4028786,ht,Borisovskiy
310217856,4028804,ht,Borisovka
310218780,4028816,ht,Bor
310219473,4028825,ht,Bol'shoy Yaloman
310219704,4028828,ht,Bol'shoy Uluy
310221013,4028845,ht,Bol'shoy Oyesh
310221783,4028855,ht,Bol'shoy Kuyash
310222399,4028863,ht,Bol'shoy Kerlegesh
310223092,4028872,ht,Bol'shoy Kaltay
310223246,4028874,ht,Bol'shoy Izyrak
310224324,4028888,ht,Bol'shoye Sorokino
310225402,4028902,ht,Bol'shepanyushevo
310226711,4028919,ht,Bol'shedubrovnoye
310228251,4028939,ht,Bol'shoy Antibes
310228405,4028941,ht,Akchakul'
310228559,4028943,ht,Bol'shiye Yegusty
310228790,4028946,ht,Bol'shiye Uki
310231639,4028983,ht,Bol'sherech'ye
310232717,4028997,ht,Kvashninskoye
310234565,4029021,ht,Bol'shaya Ul'trakova
310235797,4029037,ht,Bol'shaya Seya
310236105,4029041,ht,Bol'shaya Salyr'
310237799,4029063,ht,Bol'shaya Murta
310238107,4029067,ht,Bol'shaya Kuysarina
310238492,4029072,ht,Bol'shaya Kochevka
310238954,4029078,ht,Kaskara
310239108,4029080,ht,Bol'shaya Isyangil'dina
310241110,4029106,ht,Bolotovo
310241341,4029109,ht,Bolotnoye
310241572,4029112,ht,Bolchary
310241957,4029117,ht,Boguchany
310242034,4029118,ht,Bograd
310242265,4029121,ht,Bogotol
310243112,4029132,ht,Bohodukhiv
310244575,4029151,ht,Bogdanovich
310245114,4029158,ht,Bogashevo
310245268,4029160,ht,Bogandinskiy
310247039,4029183,ht,Bobrovskiy
310247963,4029195,ht,Bobrovka
310248117,4029197,ht,Bobrovka
310248194,4029198,ht,Bobrovka
310250273,4029225,ht,Blagoveshchenka
310251197,4029237,ht,Bizhelyak
310251351,4029239,ht,Biysk
310251428,4029240,ht,Biyka
310251813,4029245,ht,Biskamzha
310252198,4029250,ht,Biryusinsk
310252660,4029256,ht,Biryulya
310253276,4029264,ht,Birgil'da
310253430,4029266,ht,Bilelig
310253738,4029270,ht,Bikbirdy
310256125,4029301,ht,Beybuluk
310256279,4029303,ht,Beya
310256356,4029304,ht,Bestuzhevo
310256510,4029306,ht,Bessonova
310256664,4029308,ht,Bespalovo
310256741,4029309,ht,Bespalovo
310256818,4029310,ht,Bespalovo
310256972,4029312,ht,Beskozobovo
310257280,4029316,ht,Beshentsevo
310257588,4029320,ht,Bert-Dag
310257742,4029322,ht,Bèlen
310258589,4029333,ht,Berezyanka
310258897,4029337,ht,Berezovyye Luki
310259436,4029344,ht,Beryozovsky
310259590,4029346,ht,Berezovskiy
310260283,4029355,ht,Berezov
310261207,4029367,ht,Berezovka
310261284,4029368,ht,Berezovka
310261361,4029369,ht,Berezovka
310261823,4029375,ht,Berezovka
310261977,4029377,ht,Berezovka
310262054,4029378,ht,Berezovka
310262285,4029381,ht,Berezovka
310262670,4029386,ht,Berezovka
310262978,4029390,ht,Berezovka
310263517,4029397,ht,Berezovka
310264518,4029410,ht,Berezovka
310264672,4029412,ht,Berezovka
310264903,4029415,ht,Berezovka
310264980,4029416,ht,Berezovaya Roshcha
310265057,4029417,ht,(( Berezovaya Roshcha ))
310265134,4029418,ht,Berezovka
310265211,4029419,ht,Berezovka
310265365,4029421,ht,Berezovaya
310265981,4029429,ht,Berezkino
310266058,4029430,ht,Berezinskiy
310266135,4029431,ht,Berezino
310266212,4029432,ht,Beret'
310266366,4029434,ht,Beresh
310266520,4029436,ht,Bereg-Taskino
310266905,4029441,ht,Beregovoy
310266982,4029442,ht,Beregovaya
310267059,4029443,ht,Beregovaya
310267136,4029444,ht,Beregovaya
310267213,4029445,ht,Beregovaya
310267367,4029447,ht,Berdyuzh'ye
310267752,4029452,ht,Berdsk
310267829,4029453,ht,Berdovka
310268060,4029456,ht,Berdanish
310268522,4029462,ht,Belyy Yar
310268599,4029463,ht,Belyy Yar
310268753,4029465,ht,Belyy-Yar
310268830,4029466,ht,Belyy Yar
310268907,4029467,ht,Belyy-Yar
310269292,4029472,ht,Belyy Yar
310270139,4029483,ht,Belyashi
310270216,4029484,ht,Belyaninskiy
310270293,4029485,ht,Belyanino
310270524,4029488,ht,Belyakovskoye
310270986,4029494,ht,Bel'tyrtuyuk
310271140,4029496,ht,Bel'tikovskiy
310271217,4029497,ht,Bel'skoye
310271294,4029498,ht,Bel'sk
310271448,4029500,ht,Belozery
310271525,4029501,ht,Belozerskoye
310271833,4029505,ht,Beloye Ozero
310272218,4029510,ht,Beloyarsk
310272295,4029511,ht,Beloyarskiy
310272372,4029512,ht,Beloyarskiy
310272526,4029514,ht,Beloyarsk
310272911,4029519,ht,Beloyarka
310273142,4029522,ht,Belovskiy
310273219,4029523,ht,Belovod'ye
310273373,4029525,ht,Belovodovka
310273604,4029528,ht,Belovo
310273681,4029529,ht,Belovo
310273989,4029533,ht,Belovka
310274066,4029534,ht,Belova
310274220,4029536,ht,Belousovo
310274451,4029539,ht,Belousova
310274528,4029540,ht,Beloturkovka
310274759,4029543,ht,Belostok
310274990,4029546,ht,Belorusskaya
310275067,4029547,ht,Belorechka
310275221,4029549,ht,Beloozernyy
310275375,4029551,ht,Belonosovo
310275452,4029552,ht,Belonosova
310275529,4029553,ht,Belonosova
310275683,4029555,ht,Belonogovo
310275837,4029557,ht,Belokurikha
310275991,4029559,ht,Beloklyuchevka
310276068,4029560,ht,Belokamennoye
310276222,4029562,ht,Belokamenka
310276299,4029563,ht,Belogrivka
310276530,4029566,ht,Belogorsk
310276684,4029568,ht,Belogorka
310276838,4029570,ht,Beloglinka
310276915,4029571,ht,Beloglinka
310277069,4029573,ht,Beloglazovo
310277146,4029574,ht,Beloborodovo
310277223,4029575,ht,Bel'nyaki
310277300,4029576,ht,Bel'mesevo
310277454,4029578,ht,Bel'kovo
310277531,4029579,ht,Bel'kovka
310277762,4029582,ht,Belikul'
310277839,4029583,ht,Bel'gebash
310277916,4029584,ht,Belgachi
310278224,4029588,ht,Belen'kiy
310278378,4029590,ht,Belekhta
310278532,4029592,ht,Beldir-Kezhig
310278609,4029593,ht,Bel'dir-Aryg
310278686,4029594,ht,Bel'dezh Nomer Tri
310278917,4029597,ht,Belbeychik
310279225,4029601,ht,Belaya-Tayezhka
310279456,4029604,ht,Belaya Dubrava
310279764,4029608,ht,Bektysh
310280072,4029612,ht,Bekovo
310280226,4029614,ht,Beklemishevo
310280303,4029615,ht,Bekishevo
310280457,4029617,ht,Bekhtemir-Anikino
310280611,4029619,ht,Beket
310280688,4029620,ht,Begitino
310280919,4029623,ht,Bedrino
310281073,4029625,ht,Bednyak
310281150,4029626,ht,Bednyak
310281227,4029627,ht,Bedkash
310281304,4029628,ht,Bedinka
310281381,4029629,ht,Bedinka
310281689,4029633,ht,Bazoy
310281766,4029634,ht,Bazovo
310281920,4029636,ht,Barh al Banaq
310282074,4029638,ht,Bazhinsk
310282151,4029639,ht,Bazhikayeva
310282305,4029641,ht,Bazhenovo
310282536,4029644,ht,Bazhenovka
310282613,4029645,ht,Bazas
310283152,4029652,ht,Bayunovskiye Klyuchi
310283229,4029653,ht,Baytasov
310283614,4029658,ht,Bayronovka
310283691,4029659,ht,Bayramgulovo
310284076,4029664,ht,Baynov
310284230,4029666,ht,Baykit
310284307,4029667,ht,Bay-Khak
310284461,4029669,ht,Baykalovskiy
310284538,4029670,ht,Baykalovsk
310284692,4029672,ht,Baykalovo
310285231,4029679,ht,Baygaly
310285385,4029681,ht,Bayevo
310286001,4029689,ht,Bayby
310286078,4029690,ht,Baybatyr
310286232,4029692,ht,Baybadulino
310286309,4029693,ht,Bayazitovo
310286386,4029694,ht,Bayarak
310286463,4029695,ht,Bayan-Tala
310286540,4029696,ht,Bayanovskiy
310286617,4029697,ht,Bayan-Kol
310287310,4029706,ht,Baturino
310287464,4029708,ht,Baturino
310288388,4029720,ht,Batkat
310288850,4029726,ht,Bastan
310289774,4029738,ht,Bashtala
310290159,4029743,ht,Bashakul'
310290467,4029747,ht,Barzas
310290698,4029750,ht,Baryshevo
310291699,4029763,ht,Barsuki
310291930,4029766,ht,Barsovo
310292469,4029773,ht,Barnaul
310294548,4029800,ht,Baranovka
310294702,4029802,ht,Barannikova
310295010,4029806,ht,Barakova
310295549,4029813,ht,Barabinsk
310296011,4029819,ht,Barabanovo
310296088,4029820,ht,Baraba
310296319,4029823,ht,Banshchikovo
310296935,4029831,ht,Balyktuyul'
310297166,4029834,ht,Bayha'
310297243,4029835,ht,Baltym
310297782,4029842,ht,Balgazyn
310298167,4029847,ht,Balay
310299630,4029866,ht,Balakhta
310302787,4029907,ht,Bakchar
310303788,4029920,ht,Ab Garmak
310303942,4029922,ht,Bagan
310304404,4029928,ht,Bachat·skiy
310304943,4029935,ht,Babarykino
310305636,4029944,ht,Azovo
310305713,4029945,ht,Aznalino
310306021,4029949,ht,Azanka
310307253,4029965,ht,Aybatova
310307484,4029968,ht,Ayat'
310307715,4029971,ht,Aya
310309794,4029998,ht,Atamanovo
310310025,4030001,ht,Atamanovo
310310102,4030002,ht,Atak
310310179,4030003,ht,Atagay
310311488,4030020,ht,Askiz
310311565,4030021,ht,Askiz
310311796,4030024,ht,Askarovo
310311873,4030025,ht,Asino
310312797,4030037,ht,Asbestovskiy
310312874,4030038,ht,Asbest
310313259,4030043,ht,Arzhaan
310314029,4030053,ht,Aryk-Bazhi
310314337,4030057,ht,Arshytsya
310314414,4030058,ht,Artyn
310314491,4030059,ht,Artybash
310314568,4030060,ht,Artemovskiy
310314645,4030061,ht,Artemovsk
310315492,4030072,ht,Aromashevo
310315569,4030073,ht,Armizonskoye
310316108,4030080,ht,Arkhangel'skoye
310316339,4030083,ht,Arkashevo
310316878,4030090,ht,Argayash
310317725,4030101,ht,Archagly-Ayat
310318572,4030112,ht,Aramil'
310318726,4030114,ht,Aramashevo
310318803,4030115,ht,Arakul'
310318957,4030117,ht,Aradan
310319881,4030129,ht,Anzhero-Sudzhensk
310320805,4030141,ht,Anton'yevka
310322191,4030159,ht,Antipino
310322345,4030161,ht,Antipino
310322730,4030166,ht,Annenskoye
310323115,4030171,ht,Anisimovo
310328120,4030236,ht,Andra
310328505,4030241,ht,Anastas'yevka
310329121,4030249,ht,Amzas
310329275,4030251,ht,Amurskiy
310329814,4030258,ht,Aminevo
310329891,4030259,ht,Amineva
310330122,4030262,ht,Amderma
310330584,4030268,ht,Alzamay
310331816,4030284,ht,Altayskoye
310332740,4030296,ht,Al'menevo
310333048,4030300,ht,Alkul
310333125,4030301,ht,Alisheva
310333433,4030305,ht,Alifkulova
310334049,4030313,ht,Aleysk
310337745,4030361,ht,Aleksandrovskoye
310337822,4030362,ht,Aleksandrovskoye
310341595,4030411,ht,Aleksandrovka
310344444,4030448,ht,Alapayevsk
310344675,4030451,ht,Alakul'
310344906,4030454,ht,Alabuga
310345676,4030464,ht,Aktash
310345753,4030465,ht,Ak-Tal
310346754,4030478,ht,Aksarka
310346831,4030479,ht,Aksarikha
310348525,4030501,ht,Ak-Erik
310348679,4030503,ht,Ak-Dovurak
310349680,4030516,ht,Agirish
310349757,4030517,ht,Aginskoye
310350681,4030529,ht,Agan
310351528,4030540,ht,Adzhitarovo
310352837,4030557,ht,Achinsk
310353838,4030570,ht,Baryshev
310354839,4030583,ht,Abdyrova
310354993,4030585,ht,Abaza
310355224,4030588,ht,Abat·skoye
310355378,4030590,ht,Aban
310355763,4030595,ht,Abalak
310356379,4030603,ht,Al Bahani
310356533,4030605,ht,Aba
310361076,4030664,ht,Imeni Vos'mogo Marta
310361923,4030675,ht,Novogal'tsovka
310365157,4030717,ht,Ursk
310365388,4030720,ht,Tarutino
310365619,4030723,ht,Petrovka
310367467,4030747,ht,Osinniki
310368006,4030754,ht,Utinka
310368083,4030755,ht,Putyatinskiy
310369315,4030771,ht,Primorsk
310370624,4030788,ht,Elita
310370701,4030789,ht,Minino
310370932,4030792,ht,Pervomayskiy
310375244,4030848,ht,Snezhinsk
310375629,4030853,ht,Or'ye
310375860,4030856,ht,Shuvakish
310376938,4030870,ht,Sysert'
310377092,4030872,ht,Istok
310377554,4030878,ht,Ural'skiy
310378324,4030888,ht,Koshurnikovo
310378863,4030895,ht,Priob'ye
310389874,4031038,ht,Pochayevka
310389951,4031039,ht,Listvyanka
310390028,4031040,ht,Zarya
310393031,4031079,ht,Il'ichevo
310394186,4031094,ht,Tanzybey
310394879,4031103,ht,Ozersk
310394956,4031104,ht,Zheleznogorsk
310395033,4031105,ht,Novoural'sk
310395110,4031106,ht,Seversk
310395187,4031107,ht,Lokomotivnyy
310395264,4031108,ht,Svobodnyy
310395341,4031109,ht,Kedrovyy
310395418,4031110,ht,Sibirskiy
310395726,4031114,ht,Lisitsa
310396650,4031126,ht,Omskiy
310397805,4031141,ht,Dimitrovo
310398652,4031152,ht,Mal.Antibes
310406044,4031248,ht,Ust'-Angarsk
310406121,4031249,ht,Novoangarsk
310406506,4031254,ht,Bor
310406660,4031256,ht,Malinovskiy
310407199,4031263,ht,NovyyeZori
310408200,4031276,ht,Yembayevo
310408431,4031279,ht,Gubkinskiy
310408508,4031280,ht,Purpe
310409663,4031295,ht,Skatinskoye
310410048,4031300,ht,Iogach
310412743,4031335,ht,Raduzhnyy
310413513,4031345,ht,Pervomayskiy
310414360,4031356,ht,Novonazimovo
310414668,4031360,ht,Uluyul
310415746,4031374,ht,Turtas
310415823,4031375,ht,Basandayka
310416131,4031379,ht,Kedrovyy
310416747,4031387,ht,Muravlenko
310416978,4031390,ht,Timiryazvskiy
310417132,4031392,ht,Zernovoy
