id,city_id,language_key,name
249782917,3243934,zh,拉卡拉巴萨
249782994,3243935,zh,拉普拉亚
249783071,3243936,zh,拉卡尔内·赫迪翁达
249783225,3243938,zh,\N
249783302,3243939,zh,圣维森特
249783379,3243940,zh,坎波埃尔利蒙
249783456,3243941,zh,拉斯韦尔蒂塔斯
249783533,3243942,zh,维斯塔阿雷格雷
249783610,3243943,zh,\N
249783687,3243944,zh,克里斯托·雷伊
249783764,3243945,zh,帕拉赫·卡巴莱蒂略
249783841,3243946,zh,\N
249783918,3243947,zh,旧金山
249783995,3243948,zh,旧金山
249784072,3243949,zh,阿罗约·弗里奥
249784149,3243950,zh,埃米利亚诺·萨帕塔
249784226,3243951,zh,埃米利亚诺·萨帕塔
249784303,3243952,zh,安普拉西翁圣塞巴斯蒂安
249784380,3243953,zh,拉斯阿尼马斯
249784457,3243954,zh,\N
249784534,3243955,zh,洛马·德·科马德雷亚
249784611,3243956,zh,罗萨里奥·努埃沃
249784688,3243957,zh,拉康帕尼亚
249784765,3243958,zh,阿特佩塔科
249784842,3243959,zh,莫索塔
249784919,3243960,zh,莫佐塔
249784996,3243961,zh,夸格克斯奎特佩克
249785073,3243962,zh,西特拉尔特佩特尔
249785150,3243963,zh,巴里奥埃尔阿尔托
249785227,3243964,zh,博尼拉科
249785304,3243965,zh,博尔多斯·库茨
249785381,3243966,zh,拉坎德拉里亚
249785458,3243967,zh,拉斯阿朱塔斯
249785535,3243968,zh,圣伊西德罗
249785612,3243969,zh,\N
249785689,3243970,zh,阿特拉帕
249785766,3243971,zh,拉斯莫拉斯
249785843,3243972,zh,加利福尼亚州
249785920,3243973,zh,加利福尼亚州
249785997,3243974,zh,\N
249786074,3243975,zh,圣何塞德尔亚诺
249786151,3243976,zh,拉帕斯托里亚
249786228,3243977,zh,坎波坎帕纳
249786305,3243978,zh,\N
249786382,3243979,zh,\N
249786459,3243980,zh,瓜达卢佩
249786536,3243981,zh,圣卡洛斯 (埃尔波西托)
249786613,3243982,zh,\N
249786690,3243983,zh,乌苏罗·加尔万
249786767,3243984,zh,埃尔罗萨尔
249786844,3243985,zh,格拉西亚诺·桑切斯
249786921,3243986,zh,格拉西亚诺·桑切斯
249786998,3243987,zh,\N
249787075,3243988,zh,阿罗约·阿格里奥
249787152,3243989,zh,\N
249787229,3243990,zh,何塞·玛丽亚·莫雷洛斯·帕文
249787306,3243991,zh,何塞·玛丽亚·莫雷洛斯·帕文
249787383,3243992,zh,新独立
249787460,3243993,zh,圣卢卡斯马纳卡尔
249787537,3243994,zh,埃尔佐拉尔
249787614,3243995,zh,波特雷罗·格兰德
249787691,3243996,zh,埃米利亚诺·萨帕塔
249787768,3243997,zh,埃米利亚诺·萨帕塔
249787845,3243998,zh,\N
249787922,3243999,zh,\N
249787999,3244000,zh,卡里扎尔
249788076,3244001,zh,米克斯特奎拉
249788153,3244002,zh,查库埃洛斯
249788230,3244003,zh,伊格纳西奥·阿连德（圣天使）
249788307,3244004,zh,拉普雷萨
249788384,3244005,zh,乔科约莱
249788461,3244006,zh,科洛尼亚圣伊西德罗（洛斯奇沃斯）
249788538,3244007,zh,\N
249788615,3244008,zh,埃吉多·瓦莱·宁静
249788692,3244009,zh,德拉巴斯别墅
249788769,3244010,zh,\N
249788846,3244011,zh,圣塞西利亚
249788923,3244012,zh,圣塞西莉亚
249789000,3244013,zh,库奥特莫克
249789077,3244014,zh,\N
249789154,3244015,zh,林达维斯塔
249789231,3244016,zh,布宜諾斯艾利斯
249789308,3244017,zh,布宜诺斯艾利斯
249789385,3244018,zh,萨萨姆提克
249789462,3244019,zh,埃吉多·埃尔·孔苏埃洛
249789539,3244020,zh,多斯*德*奥克图布尔
249789616,3244021,zh,放大器阿雷纳尔
249789693,3244022,zh,蒙特贝罗
249789770,3244023,zh,亚洲
249789847,3244024,zh,新图斯特拉
249789924,3244025,zh,贝尼托·胡亚雷斯·亚尔丘克
249790001,3244026,zh,圣华金
249790078,3244027,zh,埃尔米拉多尔
249790155,3244028,zh,奥利沃山
249790232,3244029,zh,\N
249790309,3244030,zh,\N
249790386,3244031,zh,拉霍亚
249790463,3244032,zh,\N
249790540,3244033,zh,德克萨科
249790617,3244034,zh,彼德拉·博拉
249790694,3244035,zh,圣卢卡斯德哈尔帕
249790771,3244036,zh,奇马尔蒂塔
249790848,3244037,zh,\N
249790925,3244038,zh,\N
249791002,3244039,zh,埃尔利蒙
249791079,3244040,zh,埃尔利蒙
249791156,3244041,zh,\N
249791233,3244042,zh,埃尔皮诺纳尔
249791310,3244043,zh,\N
249791387,3244044,zh,拉斯利伯斯
249791464,3244045,zh,科洛尼亚太阳别墅酒店
249791541,3244046,zh,\N
249791618,3244047,zh,埃尔特罗佩松
249791695,3244048,zh,埃尔特罗佩松
249791772,3244049,zh,拉埃斯孔迪达德莫拉莱斯
249791849,3244050,zh,Fatima
249791926,3244051,zh,法蒂玛
249792003,3244052,zh,\N
249792080,3244053,zh,绍西洛
249792157,3244054,zh,拉霍尤埃拉
249792234,3244055,zh,菲拉德尔菲亚
249792311,3244056,zh,恩西诺·索罗
249792388,3244057,zh,拉莫内拉特科拉尔
249792465,3244058,zh,维斯塔赫莫萨
249792542,3244059,zh,埃尔卡普林
249792619,3244060,zh,\N
249792696,3244061,zh,皮皮查瓦斯科
249792773,3244062,zh,阿约济纳帕
249792850,3244063,zh,维斯塔赫莫萨
249792927,3244064,zh,维斯塔赫莫萨
249793004,3244065,zh,莫兰吉托
249793081,3244066,zh,埃尔雷帕罗
249793158,3244067,zh,埃尔雷帕罗
249793235,3244068,zh,洛斯兰奇托斯
249793312,3244069,zh,埃尔卡普林佛得角
249793389,3244070,zh,纳兰吉托斯（阿罗约·塞科）
249793466,3244071,zh,贾拉
249793543,3244072,zh,埃尔特波桑德圣丽塔
249793620,3244073,zh,埃斯坦西塔 [格兰哈]
249793697,3244074,zh,塔利克斯塔卡
249793774,3244075,zh,皮卡乔
249793851,3244076,zh,皮卡乔
249793928,3244077,zh,拉斯瓦拉斯
249794005,3244078,zh,拉普雷萨
249794082,3244079,zh,圣伊西德罗
249794159,3244080,zh,\N
249794236,3244081,zh,埃尔森特罗
249794313,3244082,zh,埃尔森特罗
249794390,3244083,zh,\N
249794467,3244084,zh,南格德尔雷富希奥
249794544,3244085,zh,\N
249794621,3244086,zh,特雷斯彼德拉斯（拉洛马）
249794698,3244087,zh,科洛尼亚拉埃斯佩兰萨
249794775,3244088,zh,普雷迪奥·帕尔马·拉亚
249794852,3244089,zh,曼萨尼约斯
249794929,3244090,zh,阿马波拉斯德尔里奥
249795006,3244091,zh,\N
249795083,3244092,zh,法尔达洛马
249795160,3244093,zh,瓦尔多维诺斯
249795237,3244094,zh,拉斯卡皮利亚斯
249795314,3244095,zh,帕洛塞科
249795391,3244096,zh,拉古纳塞卡
249795468,3244097,zh,洛斯科霍斯
249795545,3244098,zh,梅萨里卡
249795622,3244099,zh,埃尔莫拉尔 (拉莫拉)
249795699,3244100,zh,\N
249795776,3244101,zh,拉赫拉杜拉
249795853,3244102,zh,拉赫拉杜拉
249795930,3244103,zh,拉基林古卡
249796007,3244104,zh,埃尔雷文顿乌诺
249796084,3244105,zh,\N
249796161,3244106,zh,洛斯波特里托斯
249796238,3244107,zh,贝尼托·胡亚雷斯
249796315,3244108,zh,拉斯内布利纳斯
249796392,3244109,zh,查尔帕
249796469,3244110,zh,拉奎瓦布兰卡
249796546,3244111,zh,\N
249796623,3244112,zh,埃尔卡里萨尔
249796700,3244113,zh,埃尔 29 德阿戈斯托
249796777,3244114,zh,巴里奥卡拉科尔
249796854,3244115,zh,洛斯特雷斯雷耶斯
249796931,3244116,zh,洛斯特雷斯雷耶斯
249797008,3244117,zh,\N
249797085,3244118,zh,拉米纳
249797162,3244119,zh,科洛尼亚利伯塔德
249797239,3244120,zh,\N
249797316,3244121,zh,洛马德拉克鲁斯
249797393,3244122,zh,巴里奥*金蒂尔
249797470,3244123,zh,圣何塞
249797547,3244124,zh,洛马·利蒙
249797624,3244125,zh,里约圣胡安
249797701,3244126,zh,圣克鲁斯区
249797778,3244127,zh,圣安德烈斯
249797855,3244128,zh,\N
249797932,3244129,zh,尤昆迪维
249798009,3244130,zh,拉斯卡德纳斯
249798086,3244131,zh,拉斯卡德纳斯
249798163,3244132,zh,埃尔塔巴迪奥
249798240,3244133,zh,拉诺蒂格雷
249798317,3244134,zh,马尔帕索
249798394,3244135,zh,洛马·拉尔加
249798471,3244136,zh,特拉波斯特科亚
249798548,3244137,zh,拉维雷达
249798625,3244138,zh,拉维雷达
249798702,3244139,zh,卡普拉
249798779,3244140,zh,埃尔阿迪勒罗
249798856,3244141,zh,埃尔阿迪勒罗
249798933,3244142,zh,扩音钢琴
249799010,3244143,zh,博斯克斯*德伊图维德
249799087,3244144,zh,拉普埃爾塔
249799164,3244145,zh,拉普尔塔
249799241,3244146,zh,革命
249799318,3244147,zh,洛斯佩雷斯
249799395,3244148,zh,普雷西塔斯
249799472,3244149,zh,波索·库茨
249799549,3244150,zh,圣丽塔
249799626,3244151,zh,帕尔马里托
249799703,3244152,zh,瓦莱布伊
249799780,3244153,zh,瓦莱布伊
249799857,3244154,zh,\N
249799934,3244155,zh,阿特佐克
249800011,3244156,zh,埃尔纳兰吉托
249800088,3244157,zh,埃尔纳兰吉托
249800165,3244158,zh,洛斯皮诺斯
249800242,3244159,zh,洛斯皮诺斯
249800319,3244160,zh,兰乔维耶霍
249800396,3244161,zh,埃斯梅拉达
249800473,3244162,zh,埃斯梅拉达
249800550,3244163,zh,埃尔泰雷罗
249800627,3244164,zh,林孔德拉索莱达德
249800704,3244165,zh,拉斯利马斯
249800781,3244166,zh,拉乔伊塔
249800858,3244167,zh,林孔德洛斯托罗斯
249800935,3244168,zh,梅萨德拉斯弗洛雷斯
249801012,3244169,zh,路易斯·埃切维里亚·阿尔瓦雷斯
249801089,3244170,zh,路易斯·埃切维里亚·阿尔瓦雷斯
249801166,3244171,zh,费利佩·卡里略 努梅罗乌诺港
249801243,3244172,zh,帕斯托雷斯
249801320,3244173,zh,帕斯托雷斯
249801397,3244174,zh,贝拉维斯塔 [坎帕门托]
249801474,3244175,zh,拉斯格洛丽亚斯
249801551,3244176,zh,埃尔安孔
249801628,3244177,zh,奥尔蒂斯·阿维拉上校
249801705,3244178,zh,贾拉尔珍珠岛
249801782,3244179,zh,卡瓦略·布兰科
249801859,3244180,zh,\N
249801936,3244181,zh,阿杰泰蒂奇
249802013,3244182,zh,\N
249802090,3244183,zh,圣何塞·巴维茨
249802167,3244184,zh,洛斯西门托斯
249802244,3244185,zh,洛马卡巴洛（圣费利佩）
249802321,3244186,zh,圣安东尼奥拉斯弗洛雷斯
249802398,3244187,zh,麦德林德尔卡门
249802475,3244188,zh,圣罗莎
249802552,3244189,zh,伊斯塔帕·米拉多尔
249802629,3244190,zh,\N
249802706,3244191,zh,埃米利亚诺·萨帕塔（拉斯瓦里利亚斯）
249802783,3244192,zh,\N
249802860,3244193,zh,卡卡特亚尔
249802937,3244194,zh,圣拉斐尔
249803014,3244195,zh,\N
249803091,3244196,zh,埃尔奥里藏特
249803168,3244197,zh,埃尔奥里藏特
249803245,3244198,zh,\N
249803322,3244199,zh,\N
249803399,3244200,zh,拉利伯塔德
249803476,3244201,zh,埃尔科基托
249803553,3244202,zh,萨比纳尔坎波号殖民地
249803630,3244203,zh,拉科洛尼亚
249803707,3244204,zh,惠特龙
249803784,3244205,zh,拉拉古纳
249803861,3244206,zh,阿瓜卡连特
249803938,3244207,zh,拉托尔图加
249804015,3244208,zh,艾尔蒙特
249804092,3244209,zh,艾尔蒙特
249804169,3244210,zh,\N
249804246,3244211,zh,拉奎斯塔德坦德罗斯
249804323,3244212,zh,\N
249804400,3244213,zh,埃吉多·诺里亚·德·索佩纳
249804477,3244214,zh,埃吉多·诺里亚·德·索佩纳
249804554,3244215,zh,\N
249804631,3244216,zh,洛斯卡洪斯
249804708,3244217,zh,\N
249804785,3244218,zh,特拉利克斯特尔泰潘
249804862,3244219,zh,巴兰卡帕纳尔
249804939,3244220,zh,巴兰卡帕纳尔
249805016,3244221,zh,\N
249805093,3244222,zh,埃尔阿瓦卡特济马特佩克
249805170,3244223,zh,\N
249805247,3244224,zh,圣罗莎
249805324,3244225,zh,圣罗莎
249805401,3244226,zh,圣马科斯牧场
249805478,3244227,zh,拉斯阿朱塔斯
249805555,3244228,zh,拉斯阿朱塔斯
249805632,3244229,zh,坦托尤基塔
249805709,3244230,zh,圣盖博
249805786,3244231,zh,圣盖博
249805863,3244232,zh,洛斯扎拉特斯
249805940,3244233,zh,洛斯扎拉特斯
249806017,3244234,zh,圣安东尼奥
249806094,3244235,zh,圣安东尼奥
249806171,3244236,zh,瓜达卢佩·维多利亚
249806248,3244237,zh,聖多明哥
249806325,3244238,zh,圣多明各
249806402,3244239,zh,圣巴勃罗
249806479,3244240,zh,埃尔萨拉多
249806556,3244241,zh,拉斯托雷西拉斯
249806633,3244242,zh,拉斯托雷西拉斯
249806710,3244243,zh,特波赞
249806787,3244244,zh,埃尔卡洪
249806864,3244245,zh,米纳斯德尔特科洛特
249806941,3244246,zh,洛斯诺帕莱斯
249807018,3244247,zh,洛斯诺帕莱斯
249807095,3244248,zh,伊斯塔潘的卡门
249807172,3244249,zh,埃尔科约尔
249807249,3244250,zh,埃尔西普雷斯
249807326,3244251,zh,布埃纳维斯塔
249807403,3244252,zh,埃尔巧克力
249807480,3244253,zh,埃尔瓜亚沃
249807557,3244254,zh,普恩特德尔恩西诺
249807634,3244255,zh,拉斯库奇拉斯
249807711,3244256,zh,埃尔科内霍
249807788,3244257,zh,\N
249807865,3244258,zh,洛斯艾利斯
249807942,3244259,zh,洛斯艾利斯
249808019,3244260,zh,\N
249808096,3244261,zh,\N
249808173,3244262,zh,洛马·梅迪亚纳
249808250,3244263,zh,洛马·梅迪亚纳
249808327,3244264,zh,\N
249808404,3244265,zh,埃尔帕伦克
249808481,3244266,zh,曼萨纳德尔库博
249808558,3244267,zh,阿瓜普马罗萨
249808635,3244268,zh,圣克里斯托瓦尔阿尔托
249808712,3244269,zh,佩纳阿迪拉
249808789,3244270,zh,鲁道夫·坎波多尼科
249808866,3244271,zh,拉古尼利亚德卡德纳斯
249808943,3244272,zh,\N
249809020,3244273,zh,恩多斯塔伊
249809097,3244274,zh,洛马维德
249809174,3244275,zh,洛马维德
249809251,3244276,zh,奎瓦布兰卡
249809328,3244277,zh,埃尔阿雷纳尔
249809405,3244278,zh,埃尔雷加迪罗
249809482,3244279,zh,拉诺蒂格雷
249809559,3244280,zh,奇纳帕
249809636,3244281,zh,奇纳帕斯
249809713,3244282,zh,埃尔卡里萨尔
249809790,3244283,zh,洛马科罗拉达
249809867,3244284,zh,里奥维德
249809944,3244285,zh,利斯科特
249810021,3244286,zh,兰奇托斯
249810098,3244287,zh,伊斯金潘
249810175,3244288,zh,林康普罗格雷索
249810252,3244289,zh,帕洛维德
249810329,3244290,zh,洛杉矶科洛尼亚 (前科斯蒂利亚庄园)
249810406,3244291,zh,科罗拉多州铁拉斯
249810483,3244292,zh,西普雷斯
249810560,3244293,zh,卡拉科尔
249810637,3244294,zh,查瓦基科
249810714,3244295,zh,奥霍·德·阿瓜
249810791,3244296,zh,拉萨利特雷拉
249810868,3244297,zh,拉斯维加斯
249810945,3244298,zh,拉斯维加斯
249811022,3244299,zh,埃尔穆胡
249811099,3244300,zh,阿布拉斯德尔科罗索
249811176,3244301,zh,米拉格罗坎波
249811253,3244302,zh,卡贝萨斯
249811330,3244303,zh,维森特·隆巴尔多·托莱达诺（拉斯维博拉斯）
249811407,3244304,zh,埃尔特拉基
249811484,3244305,zh,萨尔瓦多·阿尔瓦拉多
249811561,3244306,zh,萨尔瓦多·阿尔瓦拉多
249811638,3244307,zh,统一与进步
249811715,3244308,zh,特佩图马约
249811792,3244309,zh,特佩图马约
249811869,3244310,zh,\N
249811946,3244311,zh,埃尔沉默
249812023,3244312,zh,巴兰卡埃尔梅兹
249812100,3244313,zh,拉奥罗拉
249812177,3244314,zh,\N
249812254,3244315,zh,埃爾西魯埃洛
249812331,3244316,zh,埃尔西鲁埃洛
249812408,3244317,zh,\N
249812485,3244318,zh,\N
249812562,3244319,zh,帕索阿乔特
249812716,3244321,zh,洛马·德·圣丽塔
249812793,3244322,zh,帕索蒂奥通什 (洛斯阿尔门德罗斯)
249812870,3244323,zh,帕索蒂奥通什 (洛斯阿尔门德罗斯)
249812947,3244324,zh,多斯卡米诺斯
249813024,3244325,zh,蒙特格蘭德
249813101,3244326,zh,蒙特格兰德
249813178,3244327,zh,埃尔特佩韦
249813255,3244328,zh,\N
249813332,3244329,zh,\N
249813409,3244330,zh,埃吉多·韦努斯蒂亚诺·卡兰萨
249813486,3244331,zh,加拿大
249813563,3244332,zh,\N
249813640,3244333,zh,科洛尼亚·塞斯 [格兰哈斯·拉扎罗·卡德纳斯]
249813717,3244334,zh,\N
249813794,3244335,zh,阿帕帕塔罗
249813871,3244336,zh,佛得角德卡亚尔
249813948,3244337,zh,蒙托莱拉斯
249814025,3244338,zh,埃尔罗萨里奥
249814102,3244339,zh,埃尔罗萨里奥
249814179,3244340,zh,圣何塞拉斯奎瓦斯
249814256,3244341,zh,圣何塞拉斯奎瓦斯
249814333,3244342,zh,瓜达卢佩·察哈卢库姆
249814410,3244343,zh,卡拉（拉斯贡戈拉斯）
249814487,3244344,zh,波夫拉多·桑塔·丽塔
249814564,3244345,zh,拉斯梅塞德斯
249814641,3244346,zh,卡莱拉
249814718,3244347,zh,圣玛丽亚德尔卡门
249814795,3244348,zh,圣何塞奥布雷罗
249814872,3244349,zh,里奥·弗里奥·图姆巴克·多斯
249814949,3244350,zh,弗洛尔德尔里奥
249815026,3244351,zh,圣何塞拉奥罗拉
249815103,3244352,zh,圣何塞拉奥罗拉
249815180,3244353,zh,拉萨罗·卡德纳斯·德尔里奥
249815257,3244354,zh,圣克里斯托巴利托
249815411,3244356,zh,圣拉斐尔
249815488,3244357,zh,吉卡罗一世
249815565,3244358,zh,茨阿库比利亚
249815642,3244359,zh,瓜帕卡尔
249815719,3244360,zh,普拉塞雷斯
249815796,3244361,zh,雷帕罗·利蒙
249815873,3244362,zh,圣佩德罗·霍奇夸科
249815950,3244363,zh,\N
249816027,3244364,zh,\N
249816104,3244365,zh,卡耶瓦奇
249816181,3244366,zh,\N
249816258,3244367,zh,帕米塔尔圣洛伦索
249816335,3244368,zh,努埃瓦*埃斯特雷拉
249816412,3244369,zh,洛斯皮卡乔斯
249816489,3244370,zh,克夫拉达德尔坎帕门托
249816566,3244371,zh,克夫拉达德尔坎帕门托
249816643,3244372,zh,拉文塔纳
249816720,3244373,zh,拉斯克鲁塞斯
249816797,3244374,zh,埃尔阿拉莫
249816874,3244375,zh,埃尔阿拉莫
249816951,3244376,zh,\N
249817028,3244377,zh,洛马·德·阿塞韦斯·乌诺
249817259,3244380,zh,洛斯埃尔南德斯·德·圣贡萨洛
249817336,3244381,zh,埃尔科约尔
249817413,3244382,zh,\N
249817490,3244383,zh,拉格兰哈
249817567,3244384,zh,桑托斯·雷耶斯·特佩希略
249817644,3244385,zh,埃尔罗萨里奥
249817721,3244386,zh,波特雷里略斯 (埃尔萨尔托)
249817798,3244387,zh,拉斯吉卡拉斯 (埃尔米拉多)
249817875,3244388,zh,埃尔琼德恩
249817952,3244389,zh,拉科尔巴
249818029,3244390,zh,萨波蒂略乌诺
249818106,3244391,zh,佐托洛
249818183,3244392,zh,马南提尔·德拉·克鲁斯
249818260,3244393,zh,科洛尼亚·恩西诺·罗布尔
249818337,3244394,zh,科洛尼亚·恩西诺·罗布尔
249818414,3244395,zh,兰诺德曼萨诺
249818491,3244396,zh,圣维森特 (圣维森特德贝尼特斯)
249818568,3244397,zh,帕杰里托·奇基托
249818645,3244398,zh,夸德里利亚努埃瓦
249818722,3244399,zh,\N
249818799,3244400,zh,拉斯韦尔塔斯
249818876,3244401,zh,\N
249818953,3244402,zh,埃尔冈博
249819030,3244403,zh,尼泊尔帕帕
249819107,3244404,zh,巴里奥洛斯立方体
249819184,3244405,zh,埃尔梅兹奎特
249819261,3244406,zh,阿苏阿拉将军
249819338,3244407,zh,塞罗德布埃纳维斯塔
249819415,3244408,zh,提拉斯·阿马里拉斯
249819492,3244409,zh,洛斯波特里洛斯
249819569,3244410,zh,卡普拉
249819646,3244411,zh,拉斯努埃塞斯
249819723,3244412,zh,拉斯努埃塞斯
249819800,3244413,zh,埃尔索亚塔尔
249819877,3244414,zh,埃尔皮鲁尔
249819954,3244415,zh,拉韦尔杜拉
249820031,3244416,zh,埃尔贾吉
249820108,3244417,zh,洛斯奥科特斯
249820185,3244418,zh,卡米诺洛斯皮鲁莱斯
249820262,3244419,zh,拉奇南帕
249820339,3244420,zh,拉丘帕罗萨
249820416,3244421,zh,拉丘帕罗萨
249820493,3244422,zh,拉谢内吉塔
249820570,3244423,zh,拉耶尔巴布埃纳
249820647,3244424,zh,埃尔卡普林
249820724,3244425,zh,圣米格尔·萨波蒂特兰
249820801,3244426,zh,阿尔瓦罗·奥夫雷贡
249820878,3244427,zh,科洛尼亚·巴里奥斯
249821032,3244429,zh,特维斯特拉坎波
249821109,3244430,zh,埃尔塔马林多
249821186,3244431,zh,拉罗莎
249821263,3244432,zh,拉罗莎
249821340,3244433,zh,洛斯阿瓜卡特斯
249821417,3244434,zh,阿瓜德博雷戈
249821494,3244435,zh,埃爾紹塞
249821571,3244436,zh,洛萨尔科斯
249821648,3244437,zh,洛斯阿科斯
249821725,3244438,zh,\N
249821802,3244439,zh,圣赫罗尼莫区
249821879,3244440,zh,塞罗德拉拉亚
249821956,3244441,zh,布纳维斯塔山
249822033,3244442,zh,里奥德瓜萨曼多
249822110,3244443,zh,新中心
249822187,3244444,zh,\N
249822264,3244445,zh,维斯塔赫莫萨
249822341,3244446,zh,\N
249822418,3244447,zh,埃尔卡里索
249822495,3244448,zh,南巴里奥
249822572,3244449,zh,埃尔帕尔马
249822649,3244450,zh,圣丽塔
249822726,3244451,zh,拉霍亚
249822803,3244452,zh,拉卡诺亚
249822880,3244453,zh,跨湖秀坛
249822957,3244454,zh,布宜諾斯艾利斯
249823034,3244455,zh,布宜诺斯艾利斯
249823111,3244456,zh,\N
249823188,3244457,zh,阿胡阿塔
249823265,3244458,zh,阿华塔
249823342,3244459,zh,拉阿盖塔
249823419,3244460,zh,特拉蒂科克斯卡
249823496,3244461,zh,曼萨纳德尔库博
249823573,3244462,zh,\N
249823650,3244463,zh,艾利托斯
249823727,3244464,zh,圣何塞德尔亚诺
249823804,3244465,zh,是妈妈
249823958,3244467,zh,拉斯皮利塔斯
249824035,3244468,zh,拉斯皮利塔斯
249824112,3244469,zh,\N
249824189,3244470,zh,贾巴利
249824266,3244471,zh,圣帕斯夸尔
249824343,3244472,zh,圣帕斯夸尔
249824420,3244473,zh,基兰巴罗
249824497,3244474,zh,埃尔兰奇托
249824574,3244475,zh,埃尔兰奇托
249824651,3244476,zh,\N
249824728,3244477,zh,奇库拉斯
249824805,3244478,zh,里卡多·弗洛雷斯·马贡（拉阿塞图纳）
249824882,3244479,zh,埃尔兰奇托
249824959,3244480,zh,拉昆斯
249825036,3244481,zh,萨比尼托
249825113,3244482,zh,\N
249825190,3244483,zh,马塔韦尔迪
249825267,3244484,zh,马塔维德
249825344,3244485,zh,埃吉多·特拉科兰乔
249825421,3244486,zh,科罗尼洛
249825498,3244487,zh,桑波尔科
249825575,3244488,zh,特拉马帕
249825652,3244489,zh,圣马西亚尔联合庄园酒店
249825729,3244490,zh,伊格纳西奥·阿尔达玛（埃尔·特雷索）
249825806,3244491,zh,伊格纳西奥·阿尔达玛（埃尔·特雷索）
249825883,3244492,zh,埃米利亚诺·萨帕塔
249825960,3244493,zh,埃米利亚诺·萨帕塔
249826037,3244494,zh,新阿罗约卡拉科尔
249826114,3244495,zh,特莱特利斯卡
249826191,3244496,zh,阿罗约·扎尔科
249826268,3244497,zh,特佩西提特拉
249826345,3244498,zh,桑农·罗德里格斯
249826422,3244499,zh,波托伊特
249826499,3244500,zh,\N
249826576,3244501,zh,拉斯莫拉达斯
249826653,3244502,zh,\N
249826730,3244503,zh,埃尔雷伦戈
249826807,3244504,zh,\N
249826884,3244505,zh,圣巴尔塔扎
249826961,3244506,zh,\N
249827038,3244507,zh,\N
249827115,3244508,zh,维斯塔弗洛尔
249827192,3244509,zh,维斯塔弗洛尔
249827269,3244510,zh,圣玛格丽塔
249827346,3244511,zh,聖多明哥
249827423,3244512,zh,圣多明各
249827500,3244513,zh,圣米格尔·德·阿尔天使
249827577,3244514,zh,麦克比洛蒂克
249827654,3244515,zh,蒂钦
249827731,3244516,zh,聖拉蒙
249827808,3244517,zh,拉拉哈
249827885,3244518,zh,塞塞卡梅尔
249827962,3244519,zh,坎查贾
249828039,3244520,zh,\N
249828116,3244521,zh,亚松森
249828193,3244522,zh,拉利伯塔德
249828270,3244523,zh,拉斯德利西亚斯
249828347,3244524,zh,桑塔露琪娅
249828424,3244525,zh,贝努斯蒂亚诺·卡兰萨
249828501,3244526,zh,贝努斯蒂亚诺·卡兰萨
249828578,3244527,zh,\N
249828655,3244528,zh,克里斯托·雷伊·查克图
249828732,3244529,zh,旧金山
249828809,3244530,zh,新聖卡洛斯
249828886,3244531,zh,拉蒙大拿
249828963,3244532,zh,藍花楹屬
249829040,3244533,zh,蓝花楹
249829117,3244534,zh,查维帕克
249829194,3244535,zh,西蒙·玻利瓦尔
249829271,3244536,zh,埃尔小提琴
249829348,3244537,zh,聖拉蒙
249829425,3244538,zh,圣拉蒙
249829502,3244539,zh,皮诺·苏亚雷斯
249829579,3244540,zh,尼希图尼尔
249829656,3244541,zh,洛斯帕拉赫斯
249829733,3244542,zh,\N
249829810,3244543,zh,金枪鱼
249829887,3244544,zh,\N
249829964,3244545,zh,拉奥特拉班达
249830041,3244546,zh,\N
249830118,3244547,zh,拉佩尔拉（萨尔西多）
249830195,3244548,zh,\N
249830272,3244549,zh,埃吉多·拉扎罗·卡德纳斯
249830349,3244550,zh,圣米格利托
249830426,3244551,zh,圣米格利托
249830503,3244552,zh,\N
249830580,3244553,zh,皮托雷亚尔
249830657,3244554,zh,洛杉矶（埃尔卡里索）
249830811,3244556,zh,科洛尼亚拉斯帕洛马斯
249830888,3244557,zh,埃尔劳雷尔
249830965,3244558,zh,埃尔塔隆
249831042,3244559,zh,圣伊西德罗
249831119,3244560,zh,阿尔瓦罗·奥夫雷贡
249831196,3244561,zh,塔兰达
249831273,3244562,zh,特雷斯阿拉莫斯
249831350,3244563,zh,拉埃斯坦西亚
249831427,3244564,zh,埃尔菲尼克斯
249831504,3244565,zh,埃尔菲尼克斯
249831581,3244566,zh,埃尔卡洪
249831658,3244567,zh,萨拉戈萨
249831735,3244568,zh,萨拉戈萨
249831812,3244569,zh,埃尔林德罗
249831889,3244570,zh,拉帕尔米塔 (圣何塞拉帕尔米塔)
249831966,3244571,zh,科洛尼亚拉波耶卡
249832043,3244572,zh,特哈斯港
249832120,3244573,zh,圣维森特德尔阿布罗哈尔
249832197,3244574,zh,圣米格尔*齐纳坎特拉
249832274,3244575,zh,阿罗约·吉卡罗
249832351,3244576,zh,埃尔诺维莱罗
249832428,3244577,zh,圣何塞
249832505,3244578,zh,圣何塞
249832582,3244579,zh,拉霍米加
249832659,3244580,zh,拉霍米加
249832736,3244581,zh,阿瓜戈尔达
249832813,3244582,zh,洛斯土狼
249832890,3244583,zh,\N
249832967,3244584,zh,旧金山德奥科特斯
249833044,3244585,zh,埃尔森特罗
249833121,3244586,zh,埃尔库阿斯特库马特
249833198,3244587,zh,埃尔帕洛马尔
249833275,3244588,zh,洛斯利亞尼托斯
249833352,3244589,zh,洛斯亚尼托斯
249833429,3244590,zh,雅特佩克
249833506,3244591,zh,特奥潘特里·卡尔普利
249833583,3244592,zh,拉斯莫拉斯
249833660,3244593,zh,洛马斯·德尔·波莱奥
249833737,3244594,zh,埃尔瓜亚沃·德·阿里巴
249833814,3244595,zh,奥霍·德阿瓜·德·贝塞拉斯
249833891,3244596,zh,埃尔雷帕里托
249833968,3244597,zh,\N
249834045,3244598,zh,\N
249834122,3244599,zh,\N
249834199,3244600,zh,卡兰萨
249834276,3244601,zh,卡兰萨
249834353,3244602,zh,林孔格兰德
249834430,3244603,zh,圣西蒙科约特佩克
249834507,3244604,zh,切罗德尔奇里莫约
249834661,3244606,zh,纳兰贾斯蒂特拉
249834738,3244607,zh,托托阿皮塔·拉·赫拉杜拉
249834815,3244608,zh,乌拉帕的卡里萨利略
249834892,3244609,zh,拉斯特洛哈斯 (埃尔弗雷斯诺)
249834969,3244610,zh,阿鲁阿
249835046,3244611,zh,阿鲁阿
249835123,3244612,zh,埃尔利蒙德洛斯加西亚
249835200,3244613,zh,埃尔埃杰
249835277,3244614,zh,蓬塔德拉洛马
249835354,3244615,zh,科洛尼亚·齐兹普乔
249835431,3244616,zh,梅萨里卡
249835508,3244617,zh,拉塔皮亚达
249835585,3244618,zh,埃尔乌希尔
249835662,3244619,zh,\N
249835739,3244620,zh,\N
249835816,3244621,zh,皮诺内斯港
249835893,3244622,zh,皮诺内斯港
249835970,3244623,zh,埃尔莫利诺
249836047,3244624,zh,\N
249836124,3244625,zh,拉扎罗·卡德纳斯
249836201,3244626,zh,阿瓜·卡拉科尔
249836278,3244627,zh,阿瓜德弗洛尔
249836355,3244628,zh,卡米诺·维耶霍·阿亚特拉
249836432,3244629,zh,\N
249836509,3244630,zh,拉皮拉
249836586,3244631,zh,拉皮拉
249836663,3244632,zh,帕拉达圣安东尼奥
249836740,3244633,zh,托托贾
249836817,3244634,zh,\N
249836894,3244635,zh,老圣多明各
249836971,3244636,zh,拉诺帕莱拉
249837048,3244637,zh,科洛尼亚机场
249837125,3244638,zh,拉谢内吉亚
249837202,3244639,zh,彼德拉·格兰德
249837279,3244640,zh,尤库西奥
249837356,3244641,zh,瓜达卢佩·维多利亚
249837433,3244642,zh,瓜达卢佩·维多利亚
249837510,3244643,zh,胡伊扎什·德·塞拉诺斯
249837587,3244644,zh,阿瓜德尔瓜耶
249837664,3244645,zh,拉斯巴兰卡斯
249837741,3244646,zh,拉诺帕尔马
249837818,3244647,zh,拉诺帕尔马
249837895,3244648,zh,特雷斯克鲁塞斯
249837972,3244649,zh,特雷斯克鲁塞斯
249838049,3244650,zh,圣伊西德罗
249838126,3244651,zh,马贾达·拉约
249838203,3244652,zh,埃尔帕拉伊索
249838280,3244653,zh,哈拉辛戈（德克萨斯州哈拉辛戈）
249838357,3244654,zh,克里斯托·雷伊
249838434,3244655,zh,克里斯托·雷伊
249838511,3244656,zh,巴里奥·拉古尼拉斯 (科洛尼亚·古兹曼 饰)
249838588,3244657,zh,洛马博尼塔
249838665,3244658,zh,拉坎德拉里亚
249838742,3244659,zh,\N
249838819,3244660,zh,巴里奥洛斯冈萨雷斯
249838896,3244661,zh,\N
249838973,3244662,zh,巴里奥*埃尔普拉塔尼托
249839050,3244663,zh,拉瓜达卢帕纳
249839127,3244664,zh,\N
249839204,3244665,zh,加拿大
249839281,3244666,zh,聖米格爾河
249839358,3244667,zh,圣米格尔特诺奇蒂特兰
249839435,3244668,zh,拉奇里帕
249839512,3244669,zh,华雷斯别墅
249839589,3244670,zh,埃尔卡里萨尔
249839666,3244671,zh,查库吉
249839820,3244673,zh,马盖耶斯 (埃尔巴科)
249839897,3244674,zh,阿卡喹扎泮
249839974,3244675,zh,恩西纳尔
249840051,3244676,zh,洛马·德·桑切斯 [阿格里科拉]
249840128,3244677,zh,标准（洛斯科沃斯）
249840205,3244678,zh,标准（洛斯科沃斯）
249840282,3244679,zh,拉古纳塞卡
249840359,3244680,zh,拉普雷萨
249840436,3244681,zh,巴兰卡德尔蒂格雷
249840513,3244682,zh,\N
249840590,3244683,zh,拉彼德拉
249840667,3244684,zh,拉莫拉
249840744,3244685,zh,巴斯托纳尔
249840821,3244686,zh,拉拉古纳
249840898,3244687,zh,琼特拉
249840975,3244688,zh,波爾凡尼爾
249841052,3244689,zh,埃尔波韦尼尔
249841129,3244690,zh,普韦布洛亚诺
249841206,3244691,zh,\N
249841283,3244692,zh,聖馬丁河
249841360,3244693,zh,圣马丁
249841437,3244694,zh,特夸克
249841514,3244695,zh,扎卡莫拉
249841591,3244696,zh,拉帕尔米塔
249841668,3244697,zh,\N
249841745,3244698,zh,巴兰基亚 (巴兰基亚)
249841822,3244699,zh,\N
249841899,3244700,zh,拉福尔图纳
249841976,3244701,zh,拉福尔图纳
249842053,3244702,zh,圣伊西德罗·德拉斯·帕洛马斯
249842130,3244703,zh,拉科洛尼亚
249842207,3244704,zh,新达利亚
249842284,3244705,zh,维斯塔赫莫萨
249842361,3244706,zh,圣卡拉兰皮奥
249842438,3244707,zh,约尔塔坎蒂尔
249842515,3244708,zh,奧科塔爾
249842592,3244709,zh,奥科塔尔
249842669,3244710,zh,布埃纳维斯塔
249842746,3244711,zh,布埃纳维斯塔
249842823,3244712,zh,萨利特拉尔
249842900,3244713,zh,阿吉提克·卡里扎尔
249842977,3244714,zh,\N
249843054,3244715,zh,新圣马特奥
249843131,3244716,zh,布埃纳维斯塔
249843208,3244717,zh,布埃纳维斯塔
249843285,3244718,zh,圣克拉拉
249843362,3244719,zh,圣克拉拉
249843439,3244720,zh,维斯塔赫莫萨
249843516,3244721,zh,埃尔西普雷斯
249843593,3244722,zh,新奥科塔尔
249843670,3244723,zh,卡米诺雷亚尔
249843747,3244724,zh,埃米利亚诺·萨帕塔（拉斯瓦里利亚斯）
249843824,3244725,zh,坎帕门托
249843901,3244726,zh,博克姆
249843978,3244727,zh,埃尔纳兰霍
249844055,3244728,zh,埃尔杜拉兹诺
249844132,3244729,zh,埃尔·德斯蒙特·德·楚伊
249844209,3244730,zh,\N
249844286,3244731,zh,科洛尼亚圣罗莎
249844363,3244732,zh,胡安阿尔达马
249844440,3244733,zh,胡安·阿尔达玛
249844517,3244734,zh,拉维斯塔博士（埃尔阿瓜卡塔尔）
249844594,3244735,zh,卡皮扎约
249844671,3244736,zh,蒂纳哈·德·科罗拉多斯
249844748,3244737,zh,埃尔杜拉兹诺
249844825,3244738,zh,\N
249844902,3244739,zh,拉雷多
249844979,3244740,zh,拉雷多
249845056,3244741,zh,埃尔可可
249845133,3244742,zh,维塔·德·拉马莱斯
249845210,3244743,zh,卡斯卡罗特拉
249845287,3244744,zh,\N
249845364,3244745,zh,马塔·纳兰霍
249845441,3244746,zh,科洛尼亚·洛马斯·坎佩斯特雷
249845518,3244747,zh,普罗维登西亚神曲
249845595,3244748,zh,拉加莱拉
249845672,3244749,zh,拉加莱拉
249845749,3244750,zh,拉乌尼翁省
249845826,3244751,zh,拉乌尼翁
249845903,3244752,zh,泰利克斯塔克
249845980,3244753,zh,蒂拉*坎佩西纳
249846057,3244754,zh,普恩特*伊克斯特拉
249846134,3244755,zh,加拿大苏尔
249846211,3244756,zh,阿拉贡
249846288,3244757,zh,阿拉贡
249846365,3244758,zh,洛斯帕纳莱斯
249846442,3244759,zh,聖多明哥
249846519,3244760,zh,聖米格爾河
249846596,3244761,zh,圣米格尔特诺奇蒂特兰
249846673,3244762,zh,拉斯瓜西马斯 (查拉纳)
249846750,3244763,zh,洛斯萨波特斯
249846827,3244764,zh,洛斯萨波特斯
249846904,3244765,zh,埃尔奇科
249846981,3244766,zh,洛斯韦纳多斯
249847058,3244767,zh,埃尔阿瓜卡特
249847135,3244768,zh,埃尔平托
249847212,3244769,zh,洛斯·特波萨内斯
249847289,3244770,zh,\N
249847366,3244771,zh,\N
249847443,3244772,zh,\N
249847520,3244773,zh,加拿大
249847597,3244774,zh,埃尔萨利特雷
249847674,3244775,zh,埃尔塞罗
249847751,3244776,zh,埃尔塞罗
249847828,3244777,zh,埃尔瓦拉尔
249847905,3244778,zh,洛斯西门托斯
249847982,3244779,zh,科洛尼亚贝拉维斯塔
249848059,3244780,zh,拉斯阿马波拉斯
249848136,3244781,zh,埃尔卡拉博西托
249848213,3244782,zh,梅塔茨港
249848290,3244783,zh,阿瓜卡连特
249848367,3244784,zh,何塞·瓜达卢佩·罗德里格斯·莫拉莱斯（帕洛·布兰科）
249848444,3244785,zh,何塞·瓜达卢佩·罗德里格斯·莫拉莱斯（帕洛·布兰科）
249848521,3244786,zh,\N
249848598,3244787,zh,\N
249848675,3244788,zh,拉谢内加
249848752,3244789,zh,帕拉杰*扎瓦莱塔
249848829,3244790,zh,赫尔马诺斯·古铁雷斯
249848906,3244791,zh,圣胡安妮塔
249848983,3244792,zh,阿瓜帕杰里托
249849060,3244793,zh,尤库亚
249849137,3244794,zh,圣卡塔琳娜州
249849214,3244795,zh,彼德拉德尔索尔
249849291,3244796,zh,圣何塞德尔亚诺
249849368,3244797,zh,拉诺拉卢纳
249849445,3244798,zh,拉诺拉卢纳
249849522,3244799,zh,帕拉杰·坦达（第二节）
249849599,3244800,zh,山地
249849676,3244801,zh,\N
249849753,3244802,zh,真三
249849830,3244803,zh,洛马布兰卡
249849907,3244804,zh,洛马布兰卡
249849984,3244805,zh,阿罗约瓜卡玛亚
249850061,3244806,zh,米格尔·伊达尔戈
249850138,3244807,zh,圣贝尔纳多
249850215,3244808,zh,阿瓜圣二世
249850292,3244809,zh,塞塞克塔瓦卡尔
249850369,3244810,zh,\N
249850446,3244811,zh,圣何塞拉斯弗洛雷斯
249850523,3244812,zh,圣何塞拉斯弗洛雷斯
249850600,3244813,zh,拉斯卡布拉斯
249850677,3244814,zh,旧金山阿托亚克
249850754,3244815,zh,旧金山阿托亚克
249850831,3244816,zh,埃尔索尔
249850908,3244817,zh,圣胡安·特劳特拉
249850985,3244818,zh,圣塞巴斯蒂安
249851062,3244819,zh,拉利伯塔德
249851139,3244820,zh,波夫拉多·圣安德烈斯·阿雷亚尔科
249851216,3244821,zh,圣胡安卡佐克
249851293,3244822,zh,\N
249851370,3244823,zh,埃尔伊多洛
249851447,3244824,zh,波特苏埃洛
249851524,3244825,zh,波特苏埃洛
249851601,3244826,zh,\N
249851678,3244827,zh,蒂亚科
249851755,3244828,zh,贾吉·努埃沃
249851832,3244829,zh,\N
249851909,3244830,zh,拉普雷西塔
249851986,3244831,zh,獨立移民鎮
249852063,3244832,zh,拉斯卡诺阿斯
249852140,3244833,zh,弗里霍拉雷斯
249852217,3244834,zh,桑库多
249852294,3244835,zh,拉拉吉塔
249852371,3244836,zh,拉梅萨德尔菲耶罗
249852448,3244837,zh,坎波·莫罗莱昂
249852525,3244838,zh,拉库奇拉
249852602,3244839,zh,圣艾丽西亚
249852679,3244840,zh,\N
249852756,3244841,zh,拉科切拉
249852833,3244842,zh,米拉多雷斯 (瓜亚莱霍)
249852910,3244843,zh,埃斯佩兰萨
249852987,3244844,zh,埃斯佩兰萨
249853064,3244845,zh,奥霍·德·阿瓜·德·阿里巴
249853141,3244846,zh,林孔德内格罗斯
249853218,3244847,zh,拉普拉亚
249853295,3244848,zh,特拉克西特拉
249853372,3244849,zh,聖米格爾河
249853449,3244850,zh,圣米格尔特诺奇蒂特兰
249853526,3244851,zh,埃尔马塔德罗
249853603,3244852,zh,埃尔坎佩西诺
249853680,3244853,zh,曼萨纳德尔库博
249853757,3244854,zh,埃尔阿瓜卡特
249853834,3244855,zh,埃尔阿罗约
249853911,3244856,zh,米格尔·阿莱曼·贝拉斯科
249853988,3244857,zh,圣安德烈斯查米尔帕
249854065,3244858,zh,新墨西哥（科洛尼亚农业）
249854142,3244859,zh,马塔·德·卢塞斯
249854219,3244860,zh,波泰哈尔
249854296,3244861,zh,哈托·克马多
249854373,3244862,zh,拉斯玛格丽塔酒
249854450,3244863,zh,拉斯玛格丽塔酒
249854527,3244864,zh,拉辛塔
249854604,3244865,zh,圣卢西亚诺
249854681,3244866,zh,拉斯奎瓦斯山
249854758,3244867,zh,埃卡梅
249854835,3244868,zh,拉普雷萨
249854912,3244869,zh,新理想
249854989,3244870,zh,维斯塔赫莫萨
249855066,3244871,zh,拉胡安妮塔
249855143,3244872,zh,埃米利亚诺·萨帕塔（科洛尼亚·普罗格雷索）
249855220,3244873,zh,帕尔马雷亚尔
249855297,3244874,zh,迪兹·德·阿布里尔
249855374,3244875,zh,埃斯佩兰萨
249855451,3244876,zh,圣安娜
249855528,3244877,zh,塔尼亚尔
249855605,3244878,zh,塞罗塞尼佐山
249855682,3244879,zh,塞罗塞尼佐山
249855759,3244880,zh,弗朗西斯科·维拉二世
249855836,3244881,zh,努埃沃·韦尔格尔
249855913,3244882,zh,埃尔米拉多尔
249855990,3244883,zh,埃尔莫利诺
249856067,3244884,zh,圣特雷莎德赫苏斯
249856144,3244885,zh,埃米利亚诺·萨帕塔
249856221,3244886,zh,埃米利亚诺·萨帕塔
249856298,3244887,zh,圣维森特
249856375,3244888,zh,米拉马尔
249856452,3244889,zh,查拉卡州
249856529,3244890,zh,蒙特格蘭德
249856606,3244891,zh,蒙特格兰德
249856683,3244892,zh,奇伊蒂耶哈
249856760,3244893,zh,诺伊娜
249856837,3244894,zh,拉拉古尼塔
249856914,3244895,zh,圣巴勃罗
249856991,3244896,zh,埃尔塞里托
249857068,3244897,zh,洛斯特拉潘科斯
249857145,3244898,zh,\N
249857222,3244899,zh,\N
249857299,3244900,zh,拉拉古纳
249857376,3244901,zh,拉斯伊格拉斯
249857453,3244902,zh,拉斯伊格拉斯
249857530,3244903,zh,萨利特里洛
249857607,3244904,zh,旧金山德里佐
249857684,3244905,zh,旧金山德里佐
249857761,3244906,zh,埃尔鲍尔
249857838,3244907,zh,洛斯普拉雷斯
249857915,3244908,zh,拉克里诺里娜
249857992,3244909,zh,科洛尼亚蒙特西奈
249858069,3244910,zh,圣米格尔霍奇米尔科
249858146,3244911,zh,琳达维斯塔
249858223,3244912,zh,琳达维斯塔
249858300,3244913,zh,阿罗约·古萨诺·苏尔
249858377,3244914,zh,阿罗约·古萨诺·苏尔
249858454,3244915,zh,约特佩克
249858531,3244916,zh,圣地亚哥·马塔特兰
249858608,3244917,zh,拉斯维博拉斯
249858685,3244918,zh,洛斯卡里佐斯
249858762,3244919,zh,蒙特阿雷格里（卡兰萨）
249858839,3244920,zh,埃尔奥科塔尔
249858916,3244921,zh,巴里奥特拉科穆尔
249858993,3244922,zh,拉埃斯卡莱拉
249859070,3244923,zh,拉埃斯卡莱拉
249859147,3244924,zh,聖洛倫索
249859224,3244925,zh,圣洛伦索
249859301,3244926,zh,拉坎特拉
249859378,3244927,zh,洛斯波西托斯·德·塞里略
249859455,3244928,zh,埃尔罗达迪罗
249859532,3244929,zh,拉斯拉哈斯
249859609,3244930,zh,圣佩德罗德洛斯兰德罗斯
249859686,3244931,zh,埃尔塔雷
249859763,3244932,zh,埃尔罗布尔（埃斯孔迪多谷）
249859840,3244933,zh,\N
249859917,3244934,zh,\N
249859994,3244935,zh,\N
249860071,3244936,zh,拉普雷萨
249860148,3244937,zh,兰乔埃尔瓜达埃吉多
249860225,3244938,zh,洛斯恩西诺斯
249860302,3244939,zh,拉巴拉斯特雷拉
249860379,3244940,zh,巴兰卡德尔利蒙西托
249860456,3244941,zh,特克卡兰
249860533,3244942,zh,彼德拉戈尔达
249860610,3244943,zh,拉加里塔
249860687,3244944,zh,拉洛马布兰卡
249860764,3244945,zh,埃尔纳兰霍
249860841,3244946,zh,彼德拉·帕拉达
249860918,3244947,zh,泰奥里亚
249860995,3244948,zh,\N
249861072,3244949,zh,拉卡皮亞
249861149,3244950,zh,拉卡皮拉
249861226,3244951,zh,彼德拉德尔阿瓜
249861303,3244952,zh,洛斯梅吉亚
249861380,3244953,zh,\N
249861457,3244954,zh,克鲁塞罗德维拉伊达尔戈
249861534,3244955,zh,埃尔萨克拉门托
249861611,3244956,zh,阿瓜努埃瓦 (埃尔波索)
249861688,3244957,zh,埃尔皮塔哈约
249861765,3244958,zh,\N
249861842,3244959,zh,波霍特里洛
249861919,3244960,zh,巴里奥德尔潘通
249861996,3244961,zh,\N
249862073,3244962,zh,\N
249862150,3244963,zh,鲁道夫·坎波多尼科
249862227,3244964,zh,阿罗约蒂格雷
249862304,3244965,zh,阿罗约蒂格雷
249862381,3244966,zh,塞罗*德*迈兹
249862458,3244967,zh,奥塔蒂特兰 (洛马·奥塔蒂特兰)
249862535,3244968,zh,琳达维斯塔
249862612,3244969,zh,兰乔恩西诺
249862689,3244970,zh,3德梅奥
249862766,3244971,zh,尤库诺
249862843,3244972,zh,拉联盟阿尔塔米拉
249862920,3244973,zh,拉斯帕尔马斯
249862997,3244974,zh,拉斯帕尔马斯
249863074,3244975,zh,\N
249863151,3244976,zh,洛马·雷东达
249863228,3244977,zh,洛马·雷东达
249863305,3244978,zh,玉玉簇
249863382,3244979,zh,玉玉簇
249863459,3244980,zh,奥霍·德·阿瓜
249863536,3244981,zh,特纳卡尔科
249863613,3244982,zh,克鲁兹圣诞老人
249863690,3244983,zh,特立尼达埃尔阿雷纳尔（拉尼瓜）
249863767,3244984,zh,叶洛索奇特兰
249863844,3244985,zh,圣罗莎
249863921,3244986,zh,埃尔阿拉米托二世
249863998,3244987,zh,埃尔维拉诺
249864075,3244988,zh,奎洛卡约
249864152,3244989,zh,科洛尼亚·拉扎罗·卡德纳斯
249864229,3244990,zh,\N
249864306,3244991,zh,乔亚德尔瓜亚博
249864383,3244992,zh,拉斯阿朱塔斯
249864460,3244993,zh,\N
249864537,3244994,zh,巴考萨·德·阿瓦霍
249864614,3244995,zh,吉基尔潘二世
249864691,3244996,zh,\N
249864768,3244997,zh,科罗萨尔
249864845,3244998,zh,戈多山
249864922,3244999,zh,拉斯帕尔马斯
249864999,3245000,zh,拉斯帕尔马斯
249865076,3245001,zh,巴霍格兰德
249865153,3245002,zh,埃尔博克蒂略
249865230,3245003,zh,萨利纳斯
249865307,3245004,zh,萨利纳斯
249865384,3245005,zh,罗伯托·埃斯特龙
249865461,3245006,zh,科罗拉多州阿罗约
249865538,3245007,zh,\N
249865615,3245008,zh,埃斯佩兰萨
249865692,3245009,zh,帕尔坎
249865769,3245010,zh,埃尔乔诺塔尔
249865846,3245011,zh,埃尔曼扎纳尔
249865923,3245012,zh,埃尔火山
249866000,3245013,zh,埃尔火山
249866077,3245014,zh,卡马洛特
249866154,3245015,zh,\N
249866231,3245016,zh,菲德利达
249866308,3245017,zh,埃尔特洪
249866385,3245018,zh,聖馬丁河
249866462,3245019,zh,圣马丁
249866539,3245020,zh,拉谢内吉塔
249866616,3245021,zh,林孔·洛马斯·德尔·维格尔
249866693,3245022,zh,塞雷纳别墅
249866770,3245023,zh,西莉亚·冈萨雷斯·德·罗维罗萨
249866847,3245024,zh,圣塞巴斯蒂安
249866924,3245025,zh,圣塞巴斯蒂安
249867001,3245026,zh,圣胡安德尔里奥二世
249867078,3245027,zh,埃尔蒂罗尔
249867155,3245028,zh,奇金琴格洛丽亚酒店
249867232,3245029,zh,\N
249867309,3245030,zh,埃尔恩昆特罗
249867386,3245031,zh,拉利伯塔德
249867463,3245032,zh,\N
249867540,3245033,zh,拉卢查
249867617,3245034,zh,洛马博尼塔
249867694,3245035,zh,乔科洛
249867771,3245036,zh,埃尔罗萨里奥
249867848,3245037,zh,拉普埃爾塔
249867925,3245038,zh,拉普尔塔
249868002,3245039,zh,桑塔露琪娅
249868079,3245040,zh,圣卢西亚
249868156,3245041,zh,科罗萨尔
249868233,3245042,zh,拉斯莫拉斯
249868310,3245043,zh,茨阿库提克
249868387,3245044,zh,枫香树属
249868464,3245045,zh,枫香
249868541,3245046,zh,圣马科斯
249868618,3245047,zh,波菲里奥·恩西诺
249868695,3245048,zh,新莱昂公里1
249868772,3245049,zh,埃米利亚诺·萨帕塔（拉斯瓦里利亚斯）
249868849,3245050,zh,\N
249868926,3245051,zh,\N
249869003,3245052,zh,惠查博阿奇
249869080,3245053,zh,梅萨德巴科奇
249869157,3245054,zh,洛特·夸特罗
249869311,3245056,zh,拉斯特洛哈斯
249869388,3245057,zh,阿瓜·弗里亚
249869465,3245058,zh,蒙特维德
249869542,3245059,zh,洛斯萨尔托斯
249869619,3245060,zh,洛斯萨尔托斯
249869696,3245061,zh,拉维纳塔德尔塞罗普列托
249869773,3245062,zh,波特苏埃洛
249869850,3245063,zh,洛马博尼塔
249869927,3245064,zh,洛马博尼塔
249870004,3245065,zh,埃尔利蒙
249870081,3245066,zh,拉斯德利西亚斯
249870158,3245067,zh,拉斯德利西亚斯
249870235,3245068,zh,拉斯皮纳斯
249870312,3245069,zh,拉斯皮纳斯
249870389,3245070,zh,拉博卡纳
249870466,3245071,zh,萨马辛戈
249870543,3245072,zh,奎瓦*德*格雷罗
249870620,3245073,zh,埃扎特兰
249870697,3245074,zh,伊蒂亚-恩迪奇库
249870774,3245075,zh,埃尔卡里索
249870851,3245076,zh,托托南辛特拉
249870928,3245077,zh,奎斯塔巴杰
249871005,3245078,zh,梅西拉斯一世
249871082,3245079,zh,格雷罗州特佩瓦坎
249871159,3245080,zh,埃尔巴希奥德洛斯加洛斯
249871236,3245081,zh,埃尔阿戈斯塔德罗
249871313,3245082,zh,艾尔·帕尔马（阿道弗·洛佩兹·马特奥斯 饰）
249871390,3245083,zh,拉拉德拉
249871467,3245084,zh,埃尔泰雷罗
249871544,3245085,zh,圣何塞奥利瓦雷斯
249871621,3245086,zh,拉卡拉韦拉
249871698,3245087,zh,邦比塔
249871775,3245088,zh,拉斯佩纳斯
249871852,3245089,zh,宁古诺[阿斯拉德罗]
249871929,3245090,zh,科罗纳港
249872006,3245091,zh,\N
249872083,3245092,zh,科梅卡蒂拉
249872160,3245093,zh,兰乔坎塔拉纳斯
249872237,3245094,zh,埃尔波多黎各
249872314,3245095,zh,埃尔波多黎各
249872391,3245096,zh,曼萨纳德尔港
249872468,3245097,zh,曼萨纳德尔港
249872545,3245098,zh,拉斯军塔斯
249872622,3245099,zh,梅兹奎特·维德（费利佩·安吉利斯 饰）
249872699,3245100,zh,\N
249872776,3245101,zh,\N
249872853,3245102,zh,拉斯戈隆德里纳斯
249872930,3245103,zh,\N
249873007,3245104,zh,埃尔杜拉兹诺
249873084,3245105,zh,\N
249873161,3245106,zh,西鲁埃洛
249873238,3245107,zh,拉普兰塔
249873315,3245108,zh,措库里奥
249873392,3245109,zh,埃尔杜拉兹诺
249873469,3245110,zh,安普拉西翁圣克鲁斯
249873546,3245111,zh,\N
249873623,3245112,zh,埃尔泰雷罗
249873700,3245113,zh,拉普雷萨德金特罗
249873777,3245114,zh,福斯蒂诺·鲁伊斯
249873854,3245115,zh,卡里扎尔
249873931,3245116,zh,\N
249874008,3245117,zh,拉奇尼利亚
249874085,3245118,zh,戈曾戈
249874162,3245119,zh,兰乔迭戈
249874239,3245120,zh,尤库尤奇
249874316,3245121,zh,埃尔佩里科
249874393,3245122,zh,阿瓜佩纳菲耶尔
249874470,3245123,zh,洛马萨伊
249874547,3245124,zh,塞罗*奥科特
249874624,3245125,zh,阿罗约·利蒙
249874701,3245126,zh,彼德拉·克鲁兹
249874778,3245127,zh,亚诺梅塔特
249874855,3245128,zh,圣哈维尔
249874932,3245129,zh,埃爾普羅格雷索
249875009,3245130,zh,埃尔普罗格雷索
249875086,3245131,zh,拉马坦萨
249875163,3245132,zh,奥科蒂特兰
249875240,3245133,zh,圣伊西德罗
249875317,3245134,zh,蒂米米尔科
249875394,3245135,zh,\N
249875471,3245136,zh,特拉尔梅卡特
249875548,3245137,zh,埃尔佩德雷加尔
249875625,3245138,zh,埃尔佩德雷加尔
249875702,3245139,zh,拉斯梅西塔斯
249875779,3245140,zh,埃尔加兰布拉尔
249875856,3245141,zh,埃尔特克斯奎特
249875933,3245142,zh,尤佐诺·奇科
249876010,3245143,zh,阿洛约克斯妈妈
249876087,3245144,zh,圣伊西德罗
249876164,3245145,zh,維多利亞
249876241,3245146,zh,拉维多利亚
249876318,3245147,zh,阿尔贝格圣罗莎
249876395,3245148,zh,圣塞西利亚
249876472,3245149,zh,圣塞西莉亚
249876549,3245150,zh,科洛尼亚·保罗
249876626,3245151,zh,圣埃琳娜
249876703,3245152,zh,卡米斯（圣卢西亚）
249876780,3245153,zh,布宜諾斯艾利斯
249876857,3245154,zh,布宜诺斯艾利斯
249876934,3245155,zh,瓜达卢佩·维多利亚（新兰乔）
249877011,3245156,zh,彼德拉布蘭卡
249877088,3245157,zh,彼德拉·布兰卡
249877165,3245158,zh,马奎利克斯瓦特拉
249877242,3245159,zh,埃尔瓜亚沃
249877319,3245160,zh,埃尔瓜亚沃
249877396,3245161,zh,埃尔法里托
249877473,3245162,zh,埃尔提兹纳多
249877550,3245163,zh,卡里扎尔
249877627,3245164,zh,科洛尼亚*波扎里加
249877704,3245165,zh,拉马里波萨
249877781,3245166,zh,拉扎罗·卡德纳斯
249877858,3245167,zh,帕尔马雷亚尔
249877935,3245168,zh,塞罗*阿祖尔
249878012,3245169,zh,埃尔·卡托斯（布埃纳维斯塔·莫利诺）
249878089,3245170,zh,\N
249878166,3245171,zh,\N
249878243,3245172,zh,埃尔瓦皮诺尔
249878320,3245173,zh,埃尔康苏埃洛
249878397,3245174,zh,埃吉多·瓦亚坎
249878474,3245175,zh,马塔韦尔迪
249878551,3245176,zh,圣巴西廖
249878628,3245177,zh,圣巴西利奥
249878705,3245178,zh,\N
249878782,3245179,zh,\N
249878859,3245180,zh,埃尔临时区
249878936,3245181,zh,埃尔瓦莱
249879013,3245182,zh,帕洛马雷斯
249879090,3245183,zh,约洛姆季奇
249879167,3245184,zh,卡梅丽塔·阿扎姆
249879244,3245185,zh,圣何塞埃尔纳兰霍
249879321,3245186,zh,埃斯特雷拉德贝伦
249879398,3245187,zh,拉格拉纳迪拉
249879475,3245188,zh,阿罗约·穆斯坦贾
249879552,3245189,zh,埃尔巴里亚尔
249879629,3245190,zh,乳蛋饼
249879706,3245191,zh,巴坎顿乌诺
249879783,3245192,zh,埃斯基普拉斯
249879860,3245193,zh,埃斯基普拉斯
249879937,3245194,zh,\N
249880014,3245195,zh,埃斯孔迪达
249880091,3245196,zh,埃尔雷库尔多
249880168,3245197,zh,\N
249880245,3245198,zh,林达维斯塔
249880322,3245199,zh,布埃纳维斯塔（林达维斯塔）
249880399,3245200,zh,特雷斯*德*塞普蒂姆布尔
249880476,3245201,zh,\N
249880553,3245202,zh,万岁恰帕斯
249880630,3245203,zh,乔科塔尔
249880707,3245204,zh,纳普奇
249880784,3245205,zh,\N
249880861,3245206,zh,帕拉赫·埃尔库尔沃·科尔加多
249880938,3245207,zh,科拉赖沃
249881015,3245208,zh,波特雷罗·德·波蒂略
249881092,3245209,zh,生力啤酒（奇纳帕斯）
249881169,3245210,zh,洛斯洪戈斯
249881246,3245211,zh,洛斯洪戈斯
249881323,3245212,zh,埃尔帕尔马
249881400,3245213,zh,埃尔帕尔马
249881477,3245214,zh,埃尔科内霍
249881554,3245215,zh,\N
249881631,3245216,zh,旧金山 哈维尔德洛斯托瓦雷斯
249881708,3245217,zh,圣何塞德尔克拉罗
249881785,3245218,zh,埃尔米尔托
249881862,3245219,zh,洛马德科西纳斯
249881939,3245220,zh,洛马德科西纳斯
249882016,3245221,zh,拉诺帕莱拉
249882093,3245222,zh,塞里托·布兰科·德瓦迪略
249882170,3245223,zh,圣何塞德尔格兰杰诺
249882247,3245224,zh,科贝尔蒂索·德·巴拉哈斯
249882324,3245225,zh,科贝尔蒂索·德·巴拉哈斯
249882401,3245226,zh,利布雷斯·德·罗萨莱斯
249882478,3245227,zh,\N
249882555,3245228,zh,梅萨德洛斯阿吉雷
249882632,3245229,zh,卡雷塔港
249882709,3245230,zh,拉斯皮拉斯
249882786,3245231,zh,拉科弗拉迪亚
249882940,3245233,zh,拉霍亚格兰德
249883094,3245235,zh,埃斯梅拉达山谷 [住宅]
249883171,3245236,zh,佩德雷加尔·德·阿瓦霍
249883248,3245237,zh,圣伊西德罗
249883325,3245238,zh,圣伊西德罗德尔普雷索殖民地
249883402,3245239,zh,\N
249883479,3245240,zh,加拿大
249883556,3245241,zh,蒂林奇夸
249883633,3245242,zh,\N
249883710,3245243,zh,科洛尼亚拉斯帕洛马斯
249883787,3245244,zh,洛马·孔查
249883864,3245245,zh,兰乔洛斯莫雷诺
249883941,3245246,zh,阿尔普耶克
249884018,3245247,zh,拉斯梅萨斯
249884095,3245248,zh,拉斯梅萨斯
249884172,3245249,zh,圣罗莎德利马
249884249,3245250,zh,圣罗莎德利马
249884326,3245251,zh,巴兰卡·奥科特拉
249884403,3245252,zh,圣伊西德罗
249884480,3245253,zh,圣伊西德罗
249884557,3245254,zh,维斯塔阿雷格雷
249884634,3245255,zh,埃吉多·圣卡塔琳娜州
249884711,3245256,zh,米尔帕·格兰德
249884788,3245257,zh,卡帕内
249884865,3245258,zh,埃尔普拉塔尼托
249884942,3245259,zh,埃尔*德克斯华达
249885019,3245260,zh,绍西洛
249885096,3245261,zh,埃尔巴洛纳多
249885173,3245262,zh,埃尔德斯蒂罗
249885250,3245263,zh,复活
249885327,3245264,zh,谢内加·德·帕切科
249885404,3245265,zh,塞罗*布兰科*德法蒂玛
249885481,3245266,zh,兰乔维耶霍
249885558,3245267,zh,埃尔柠檬西托
249885635,3245268,zh,\N
249885712,3245269,zh,巴雷拉斯
249885789,3245270,zh,巴雷拉斯
249885866,3245271,zh,拉斯奎瓦斯
249885943,3245272,zh,埃斯库埃拉*维亚
249886020,3245273,zh,科洛尼亚·特潘卡尔
249886097,3245274,zh,瓜亚比洛
249886174,3245275,zh,拉伊格拉熊猫
249886251,3245276,zh,埃尔贾卡尔
249886328,3245277,zh,埃尔纳兰霍
249886405,3245278,zh,莫拉利洛
249886482,3245279,zh,\N
249886559,3245280,zh,科洛尼亚·洛马·博尼塔
249886636,3245281,zh,塔帕莱会
249886713,3245282,zh,奥利沃斯坎波
249886790,3245283,zh,苏塞索坎波
249886867,3245284,zh,帕雷东·阿马里洛
249886944,3245285,zh,帕雷东·阿马里洛
249887021,3245286,zh,彼德拉·科内霍
249887098,3245287,zh,埃尔奎利特
249887175,3245288,zh,克鲁兹·盖尤科
249887252,3245289,zh,洛马·尤兹米科
249887329,3245290,zh,拉乌尼翁省
249887406,3245291,zh,拉乌尼翁
249887483,3245292,zh,埃斯孔迪多
249887560,3245293,zh,费里西亚诺·马丁内斯
249887637,3245294,zh,\N
249887714,3245295,zh,巴耶德拉孔基斯塔
249887791,3245296,zh,拉斯洛米塔斯
249887868,3245297,zh,拉斯洛米塔斯
249887945,3245298,zh,布埃纳维斯塔尤库尼科科
249888022,3245299,zh,卡门殖民地（帕洛格兰德）
249888099,3245300,zh,马里亚诺·马塔莫罗斯
249888176,3245301,zh,洛斯阿科斯别霍斯
249888253,3245302,zh,洛斯皮诺斯
249888330,3245303,zh,多洛雷斯
249888407,3245304,zh,拉斯卡拉维拉斯
249888484,3245305,zh,科洛尼亚·米格尔·伊达尔戈
249888561,3245306,zh,拉克鲁斯
249888638,3245307,zh,拉克鲁斯
249888715,3245308,zh,洛斯奥利沃斯
249888792,3245309,zh,瓜达卢帕纳怡和酒店
249888869,3245310,zh,旧金山
249888946,3245311,zh,旧金山
249889023,3245312,zh,拉斯奥罗拉
249889100,3245313,zh,\N
249889177,3245314,zh,瓦伦丁·戈麦斯·法里亚斯
249889254,3245315,zh,海提克（帕丘卡）
249889331,3245316,zh,埃尔佩德雷戈索
249889408,3245317,zh,埃尔劳雷尔
249889485,3245318,zh,皮尔查普尔瓦坎
249889562,3245319,zh,拉查卡
249889639,3245320,zh,埃尔卡米钦
249889716,3245321,zh,伊格拉斯·德·巴亚卡 (巴亚卡)
249889793,3245322,zh,坎波·费尔南德斯（阿拉米托二世）
249889870,3245323,zh,墨西哥（墨西哥集团）
249889947,3245324,zh,拉阿利安扎
249890024,3245325,zh,圣安东尼奥
249890101,3245326,zh,圣安东尼奥
249890178,3245327,zh,圣罗莎梅纳 [科洛尼亚]
249890255,3245328,zh,\N
249890332,3245329,zh,埃尔帕拉伊索
249890409,3245330,zh,圣巴托洛
249890486,3245331,zh,埃爾克魯塞羅
249890563,3245332,zh,埃尔克鲁塞罗
249890640,3245333,zh,\N
249890717,3245334,zh,格拉西亚诺·桑切斯
249890794,3245335,zh,拉科迪西亚
249890871,3245336,zh,曼萨纳德尔库博
249890948,3245337,zh,拉米萨
249891025,3245338,zh,埃吉多·坦科科
249891102,3245339,zh,帕索加拉帕塔
249891179,3245340,zh,埃尔卡托斯（伊达尔戈·阿玛雅克）
249891256,3245341,zh,埃尔莫兰·泰雷罗
249891333,3245342,zh,埃爾西魯埃洛
249891410,3245343,zh,埃尔西鲁埃洛
249891487,3245344,zh,科洛尼亚洛斯科马莱斯
249891564,3245345,zh,圣伊西德罗·坎卡布佐诺特
249891641,3245346,zh,圣伊西德罗·坎卡布佐诺特
249891718,3245347,zh,圣伊西德罗·德·特鲁希略
249891795,3245348,zh,萨瓦拉牧场（拉曼加）
249891872,3245349,zh,圣克鲁斯德谢拉弗里亚
249891949,3245350,zh,\N
249892026,3245351,zh,拉斯普雷西塔斯
249892103,3245352,zh,圣何塞德尔亚诺
249892180,3245353,zh,圣胡安 [科洛尼亚]
249892257,3245354,zh,圣胡安 [科洛尼亚]
249892334,3245355,zh,\N
249892411,3245356,zh,拉科罗拉多（科洛尼亚科罗拉多）
249892488,3245357,zh,加拿大阿吉拉
249892565,3245358,zh,埃尔雷利托
249892642,3245359,zh,普罗格雷索
249892719,3245360,zh,格里哈尔瓦河畔弗龙特拉
249892796,3245361,zh,昆斯·德·朱尼奥·多斯
249892873,3245362,zh,新加利利
249892950,3245363,zh,埃尔塞德罗
249893027,3245364,zh,埃尔卡门
249893104,3245365,zh,新奥科塔尔
249893181,3245366,zh,卡莱拉
249893258,3245367,zh,特佐丘卡
249893335,3245368,zh,\N
249893412,3245369,zh,朱尔巴吉皮米尔
249893489,3245370,zh,十一月十四日鎮
249893566,3245371,zh,卡托斯·德·十一月
249893643,3245372,zh,林达维斯塔
249893720,3245373,zh,林达维斯塔
249893797,3245374,zh,韦尔韦雷纳·圣华金
249893874,3245375,zh,萨基利亚
249893951,3245376,zh,德鲁齐利艾
249894028,3245377,zh,埃斯佩霍
249894105,3245378,zh,圣马科斯
249894182,3245379,zh,拉埃斯佩兰西塔
249894259,3245380,zh,波多黎各
249894336,3245381,zh,波多黎各
249894413,3245382,zh,\N
249894490,3245383,zh,特奥菲洛·阿塞博·多斯
249894567,3245384,zh,凯姆巴克
249894644,3245385,zh,何塞·洛佩斯·波蒂略
249894721,3245386,zh,克鲁兹·齐波提克
249894798,3245387,zh,拉蒙大拿
249894875,3245388,zh,埃尔梅迪奥
249894952,3245389,zh,\N
249895029,3245390,zh,\N
249895106,3245391,zh,卡拉巴萨斯
249895183,3245392,zh,拉斯弗雷萨斯
249895260,3245393,zh,拉斯弗雷萨斯
249895337,3245394,zh,惠科拉奇
249895414,3245395,zh,帕拉杰·特拉梅内洛尔帕
249895491,3245396,zh,洛斯马丁内斯
249895568,3245397,zh,格兰莫雷洛斯
249895645,3245398,zh,洛斯利莫内斯
249895722,3245399,zh,拉莫纳
249895799,3245400,zh,拉斯奎瓦斯
249895876,3245401,zh,拉阿霍加达
249895953,3245402,zh,索西托·德·托雷斯
249896030,3245403,zh,坦皮基托
249896107,3245404,zh,莱恩西纳
249896184,3245405,zh,拉恩西纳
249896261,3245406,zh,拉斯努埃塞斯
249896338,3245407,zh,拉加列加
249896492,3245409,zh,埃尔雷科多
249896569,3245410,zh,埃尔雷科多
249896646,3245411,zh,\N
249896723,3245412,zh,齐内津特拉
249896800,3245413,zh,夸托马蒂特兰
249896877,3245414,zh,埃尔罗布尔
249896954,3245415,zh,塞罗德尔艾尔
249897031,3245416,zh,拉斯班塔斯斗牛场
249897108,3245417,zh,拉斯本塔斯
249897185,3245418,zh,特齐斯科
249897262,3245419,zh,拉帕爾馬島
249897339,3245420,zh,拉斯莫尼卡斯
249897416,3245421,zh,拉埃斯坦西亚
249897493,3245422,zh,埃尔森特罗
249897570,3245423,zh,\N
249897647,3245424,zh,圣胡安尼科
249897724,3245425,zh,阿瓜普列塔
249897801,3245426,zh,拉斯帕罗塔斯
249897878,3245427,zh,特珀尔蒂蒂克
249897955,3245428,zh,谢内加格兰德
249898032,3245429,zh,拉斯瓜亚巴斯
249898109,3245430,zh,吉穆尔科
249898186,3245431,zh,惠斯塔
249898263,3245432,zh,\N
249898340,3245433,zh,埃尔帕尔马
249898417,3245434,zh,拉谢内加
249898494,3245435,zh,洛斯佩雷斯
249898571,3245436,zh,埃尔火山
249898648,3245437,zh,洛马德尔佩斯卡德罗
249898725,3245438,zh,\N
249898802,3245439,zh,拉普罗维登西亚
249898879,3245440,zh,\N
249898956,3245441,zh,\N
249899033,3245442,zh,圣特尔莫
249899110,3245443,zh,特波普拉
249899187,3245444,zh,\N
249899264,3245445,zh,洛斯库尼克斯
249899341,3245446,zh,洛斯科帕莱斯
249899418,3245447,zh,奇奇帕塔
249899495,3245448,zh,卢尔德（埃尔佩里科）
249899572,3245449,zh,聖克魯斯
249899649,3245450,zh,圣克鲁斯
249899726,3245451,zh,\N
249899803,3245452,zh,耶巴布埃纳维耶哈
249899880,3245453,zh,奧霍斯德阿瓜
249899957,3245454,zh,奥霍斯·德·阿瓜
249900034,3245455,zh,米格尔·伊达尔戈
249900111,3245456,zh,\N
249900188,3245457,zh,埃尔卡里萨尔
249900265,3245458,zh,圣盖博
249900342,3245459,zh,圣伊西德罗
249900419,3245460,zh,洛马·纳兰贾尔
249900496,3245461,zh,埃尔诺加尔
249900573,3245462,zh,洛马圣克鲁斯
249900650,3245463,zh,兰乔拉帕尔马
249900727,3245464,zh,兰乔拉帕尔马
249900804,3245465,zh,洛斯梅达诺斯
249900881,3245466,zh,埃爾普羅格雷索
249900958,3245467,zh,埃尔普罗格雷索
249901035,3245468,zh,里奥戈莱亚
249901112,3245469,zh,圣安东尼奥科弗拉迪亚
249901189,3245470,zh,\N
249901266,3245471,zh,佩纳科罗拉多
249901343,3245472,zh,洛斯布蘭科
249901420,3245473,zh,洛斯布兰科斯
249901497,3245474,zh,拉克鲁斯维德
249901574,3245475,zh,埃斯佩兰萨
249901651,3245476,zh,拉古纳塞卡
249901728,3245477,zh,萨波特·德·阿吉雷
249901805,3245478,zh,洛马博尼塔
249901882,3245479,zh,洛马博尼塔
249901959,3245480,zh,拉洛马
249902036,3245481,zh,埃尔佩拉尔
249902113,3245482,zh,埃尔佩拉尔
249902190,3245483,zh,圣安东尼奥埃尔阿尔托（蒙蒂尔牧场）
249902267,3245484,zh,聖弗蘭西斯科哈維爾
249902344,3245485,zh,拉坎帕纳
249902421,3245486,zh,拉坎帕纳
249902498,3245487,zh,\N
249902575,3245488,zh,阿卡特蘭
249902652,3245489,zh,聖馬丁河
249902729,3245490,zh,圣马丁
249902806,3245491,zh,兰乔维耶霍
249902883,3245492,zh,拉可可
249902960,3245493,zh,库阿特佩克
249903037,3245494,zh,特拉松帕
249903114,3245495,zh,阿蒂特拉拉亚
249903191,3245496,zh,德士古
249903268,3245497,zh,阿胡特卡科
249903345,3245498,zh,阿卡特诺
249903422,3245499,zh,彼德拉·格兰德
249903499,3245500,zh,洛斯利里奥斯
249903576,3245501,zh,拉米萨普罗维登西亚
249903653,3245502,zh,兰乔维耶霍
249903730,3245503,zh,埃尔米拉多尔
249903807,3245504,zh,埃尔米拉多尔
249903884,3245505,zh,阿马里洛港
249903961,3245506,zh,埃尔罗萨里奥
249904038,3245507,zh,坦卡·特雷斯
249904115,3245508,zh,拉拉古尼塔
249904192,3245509,zh,圣安娜
249904269,3245510,zh,圣胡安阿瓜
249904346,3245511,zh,拉斯弗拉瓜斯
249904423,3245512,zh,洛斯退伍军人二世
249904500,3245513,zh,索托利洛
249904577,3245514,zh,阿瓜·弗里亚
249904654,3245515,zh,阿瓜·弗里亚
249904731,3245516,zh,曼特科
249904808,3245517,zh,拉洛马
249904885,3245518,zh,坎波·克莱顿
249904962,3245519,zh,拉斯克鲁塞斯
249905039,3245520,zh,拉迪维萨
249905116,3245521,zh,埃尔梅兹奎塔尔
249905193,3245522,zh,托伦特拉
249905270,3245523,zh,蒂奥·蒙乔
249905347,3245524,zh,伊达尔戈和塔马林多
249905424,3245525,zh,新耶路撒冷
249905501,3245526,zh,埃尔索卡尔
249905578,3245527,zh,圣马丁卡瓦列罗
249905655,3245528,zh,遗物
249905732,3245529,zh,科斯塔德圣胡安
249905886,3245531,zh,圣盖博
249905963,3245532,zh,拉塞瓦
249906040,3245533,zh,拉塞瓦
249906117,3245534,zh,阿罗约克拉罗
249906194,3245535,zh,圣巴西廖
249906271,3245536,zh,五月五日节
249906348,3245537,zh,五月五日节
249906425,3245538,zh,新莫雷洛斯牧场
249906502,3245539,zh,\N
249906579,3245540,zh,内克斯瓦卡
249906656,3245541,zh,圣何塞布埃纳维斯塔
249906733,3245542,zh,拉洛马
249906810,3245543,zh,洛马德圣佩德罗
249906887,3245544,zh,维加·德·帕尔马斯
249906964,3245545,zh,洛斯萨波蒂洛斯
249907041,3245546,zh,拉康帕尼亚
249907118,3245547,zh,\N
249907195,3245548,zh,聖地牙哥
249907272,3245549,zh,圣地亚哥
249907349,3245550,zh,特佩萨利利亚德阿巴霍
249907426,3245551,zh,洛斯波西托斯
249907503,3245552,zh,里奥布兰科
249907580,3245553,zh,弗洛尔别墅
249907657,3245554,zh,埃尔维格尔·多洛雷斯
249907734,3245555,zh,科拉尔兴
249907811,3245556,zh,霍洛姆托伊
249907888,3245557,zh,埃尔巴西利托
249907965,3245558,zh,扎贾拉
249908042,3245559,zh,拉扎罗·卡德纳斯
249908119,3245560,zh,埃尔卡门
249908196,3245561,zh,塞基亚诺
249908273,3245562,zh,埃尔卡斯塔诺
249908350,3245563,zh,\N
249908427,3245564,zh,拉库莱布拉
249908504,3245565,zh,贾华顿
249908581,3245566,zh,圣伊西德罗
249908658,3245567,zh,阿瓜阿祖尔
249908735,3245568,zh,多洛雷斯·佩塔基尔
249908812,3245569,zh,圣何塞布埃纳维斯塔
249908889,3245570,zh,洛斯郁金香
249908966,3245571,zh,\N
249909043,3245572,zh,埃尔米拉多尔
249909120,3245573,zh,联合布埃纳维斯塔
249909197,3245574,zh,新千年圣阿玛利亚
249909274,3245575,zh,普拉纳达布埃纳维斯塔
249909351,3245576,zh,圣路易斯·西辛托尼尔
249909428,3245577,zh,博容西托
249909505,3245578,zh,拉斯米尔帕斯
249909582,3245579,zh,帕洛内格罗
249909659,3245580,zh,帕洛内格罗
249909736,3245581,zh,托马·德·萨卡特卡斯 (拉斯弗洛雷斯)
249909813,3245582,zh,奥科塔尔·林达维斯塔
249909890,3245583,zh,拉索莱达
249909967,3245584,zh,哈佛父子牧场（圣华金）
249910044,3245585,zh,拉乔伊塔
249910121,3245586,zh,拉乔伊塔
249910198,3245587,zh,阿罗约·坦迪多
249910275,3245588,zh,特里亚纳
249910352,3245589,zh,伊里戈延
249910429,3245590,zh,拉谢内加
249910506,3245591,zh,查拉特
249910583,3245592,zh,拉斯安拉马达斯
249910660,3245593,zh,皮诺斯阿尔托斯
249910737,3245594,zh,波特雷罗斯
249910814,3245595,zh,埃尔瓦伦西亚诺
249910891,3245596,zh,兰乔维耶霍
249910968,3245597,zh,皮纳利洛
249911045,3245598,zh,洛斯皮鲁勒斯
249911122,3245599,zh,拉莫拉
249911199,3245600,zh,坎波韦尔迪
249911276,3245601,zh,坎波塞里奥
249911353,3245602,zh,\N
249911430,3245603,zh,埃尔乌什
249911507,3245604,zh,\N
249911584,3245605,zh,特拉科穆利托
249911661,3245606,zh,埃尔特佩瓦杰多斯
249911738,3245607,zh,洛斯萨波特斯
249911815,3245608,zh,萨波特·德·阿吉雷
249911892,3245609,zh,巴兰卡埃斯塔卡
249911969,3245610,zh,埃尔塔拉莫
249912046,3245611,zh,格蘭德河
249912123,3245612,zh,格兰德河
249912200,3245613,zh,喜瑞都
249912277,3245614,zh,喜瑞都
249912354,3245615,zh,伊拉马克特拉
249912431,3245616,zh,\N
249912508,3245617,zh,洛斯奥利沃斯
249912585,3245618,zh,埃尔阿霍卡多
249912662,3245619,zh,埃尔梅兹奎蒂略
249912739,3245620,zh,洛斯弗雷斯诺斯
249912816,3245621,zh,拉斯军塔斯
249912893,3245622,zh,洛斯帕纳莱斯
249912970,3245623,zh,萨比尼拉
249913047,3245624,zh,埃尔亚诺德卡瓦列里亚斯
249913124,3245625,zh,曼萨纳德尔库博
249913201,3245626,zh,帕洛杜尔塞
249913278,3245627,zh,曼萨纳德尔库博
249913355,3245628,zh,拉斯帕洛马斯
249913432,3245629,zh,圣拉斐尔
249913509,3245630,zh,拉拉古纳
249913586,3245631,zh,埃尔奥霍德阿瓜
249913663,3245632,zh,伊拉穆科
249913740,3245633,zh,\N
249913817,3245634,zh,博斯克·雷东多
249913894,3245635,zh,前圣米格尔韦亚潘庄园
249913971,3245636,zh,\N
249914048,3245637,zh,\N
249914125,3245638,zh,拉沃兰塔
249914202,3245639,zh,\N
249914279,3245640,zh,瓜亚沃·布埃纳维斯塔
249914356,3245641,zh,\N
249914433,3245642,zh,埃尔阿雷纳尔
249914510,3245643,zh,埃尔阿雷纳尔
249914587,3245644,zh,科罗拉多州塞里托
249914664,3245645,zh,埃尔塞纳拉德罗
249914741,3245646,zh,拉斯·西德拉斯·德·图里奥
249914818,3245647,zh,塞罗*阿祖尔
249914895,3245648,zh,圣何塞德尔亚诺
249914972,3245649,zh,拉帕卡塔
249915049,3245650,zh,\N
249915126,3245651,zh,埃尔卡里扎利洛
249915203,3245652,zh,埃尔瓜亚沃
249915280,3245653,zh,埃尔瓜亚沃
249915357,3245654,zh,洛斯紹塞斯
249915434,3245655,zh,洛斯酱料
249915511,3245656,zh,埃尔卡皮尔
249915588,3245657,zh,\N
249915665,3245658,zh,乔亚斯·德·维加斯
249915742,3245659,zh,兰帕佐
249915819,3245660,zh,圣诞老人玛丽亚斯
249915896,3245661,zh,埃尔奥霍德阿瓜
249915973,3245662,zh,埃尔奥霍德阿瓜
249916050,3245663,zh,拉帕拉帕
249916127,3245664,zh,索拉特拉科
249916204,3245665,zh,拉维纳塔
249916281,3245666,zh,\N
249916358,3245667,zh,改革
249916435,3245668,zh,改革
249916512,3245669,zh,\N
249916589,3245670,zh,\N
249916666,3245671,zh,圣克鲁斯改革大道
249916743,3245672,zh,圣玛丽亚波佐尔特佩克
249916820,3245673,zh,圣玛丽亚波佐尔特佩克
249916897,3245674,zh,埃尔加维兰
249916974,3245675,zh,彼德拉韦卡
249917051,3245676,zh,萨波滕戈
249917128,3245677,zh,埃尔马南蒂尔
249917205,3245678,zh,普罗格雷索
249917282,3245679,zh,帕拉赫·洛马·德·卢塞罗
249917359,3245680,zh,拉谢内加
249917436,3245681,zh,阿里巴·德·阿拉桑
249917513,3245682,zh,圣玛丽亚纳兰霍
249917590,3245683,zh,埃尔泰拉特
249917667,3245684,zh,\N
249917821,3245686,zh,巴里奥*查拉卡
249917898,3245687,zh,\N
249917975,3245688,zh,洛斯梅达诺斯
249918052,3245689,zh,拉斯弗洛雷斯
249918129,3245690,zh,庫里奇巴
249918206,3245691,zh,库里蒂巴
249918283,3245692,zh,天基萨潘
249918360,3245693,zh,圣安娜洛斯巴斯克斯
249918437,3245694,zh,阿佐基坦潘
249918514,3245695,zh,洛马德洛斯卡莫特斯
249918591,3245696,zh,聖馬利亞
249918668,3245697,zh,圣玛丽亚
249918745,3245698,zh,圣胡安特拉莱
249918822,3245699,zh,圣格雷戈里奥特拉科穆尔科
249918899,3245700,zh,拉西莱塔
249918976,3245701,zh,洛马博尼塔
249919053,3245702,zh,阿莫特佩克
249919130,3245703,zh,拉耶尔巴布埃纳
249919207,3245704,zh,\N
249919284,3245705,zh,拉拉哈
249919361,3245706,zh,塞塞卡梅尔
249919515,3245708,zh,普埃尔特西托斯
249919592,3245709,zh,秘密卡普里岛
249919669,3245710,zh,秘密卡普里岛
249919746,3245711,zh,塔洪尼塔斯·德尔·萨尔托
249919823,3245712,zh,布宜諾斯艾利斯
249919900,3245713,zh,布宜诺斯艾利斯
249919977,3245714,zh,圣安东尼奥德洛斯卡斯蒂略
249920054,3245715,zh,圣米格尔·萨波蒂特兰
249920131,3245716,zh,\N
249920208,3245717,zh,埃米利亚诺·萨帕塔将军
249920285,3245718,zh,布亚鲁莫
249920362,3245719,zh,\N
249920439,3245720,zh,阿里巴和阿德兰特
249920516,3245721,zh,乌戈·佩德罗·冈萨雷斯
249920593,3245722,zh,马蒂雷斯德尔坎波
249920670,3245723,zh,\N
249920747,3245724,zh,\N
249920824,3245725,zh,圣胡安包蒂斯塔（洛斯卡德纳斯）
249920901,3245726,zh,圣胡安包蒂斯塔（洛斯卡德纳斯）
249920978,3245727,zh,拉利伯塔德
249921055,3245728,zh,兰乔阿雷格里
249921132,3245729,zh,拉萨巴纳
249921209,3245730,zh,赫拉杜拉·莱瓦
249921286,3245731,zh,埃尔纳兰吉托
249921363,3245732,zh,拉图纳
249921440,3245733,zh,拉图纳
249921517,3245734,zh,\N
249921594,3245735,zh,多斯卡米诺斯
249921671,3245736,zh,\N
249921748,3245737,zh,\N
249921825,3245738,zh,\N
249921902,3245739,zh,埃尔波西托
249921979,3245740,zh,埃斯基纳德多洛雷斯
249922056,3245741,zh,洛斯埃尔南德斯
249922133,3245742,zh,\N
249922210,3245743,zh,坎波德尔加迪托
249922287,3245744,zh,圣巴巴拉
249922364,3245745,zh,埃尔佩里拉尔
249922441,3245746,zh,埃尔科洛莫
249922518,3245747,zh,卡洛斯·萨利纳斯·德戈塔里
249922595,3245748,zh,林达维斯塔
249922672,3245749,zh,萨波特·德·阿吉雷
249922749,3245750,zh,圣拉蒙布埃纳维斯塔
249922826,3245751,zh,加拿大
249922903,3245752,zh,\N
249922980,3245753,zh,埃尔霍诺顿
249923057,3245754,zh,织布机
249923134,3245755,zh,织布机
249923211,3245756,zh,蒂拉*阿雷纳尔
249923288,3245757,zh,圣佩德罗·萨波塔尔
249923365,3245758,zh,拉利伯塔德
249923442,3245759,zh,新圣托马斯
249923519,3245760,zh,纳托克
249923596,3245761,zh,皮桑顿
249923673,3245762,zh,改革
249923750,3245763,zh,普韦布洛亚诺
249923827,3245764,zh,萨波特·德·阿吉雷
249923904,3245765,zh,\N
249923981,3245766,zh,拉巴兰卡
249924058,3245767,zh,新托洛米塔
249924135,3245768,zh,埃尔帕拉伊索
249924212,3245769,zh,林孔埃斯特雷拉
249924289,3245770,zh,拉默塞德
249924366,3245771,zh,洛斯英雄
249924443,3245772,zh,圣安东尼奥利蒙乌诺
249924520,3245773,zh,聖費爾南多
249924597,3245774,zh,圣费尔南多
249924674,3245775,zh,奇利利亚
249924751,3245776,zh,奇尼沃
249924828,3245777,zh,\N
249924905,3245778,zh,奥拉奇
249924982,3245779,zh,兰乔塞科
249925059,3245780,zh,兰乔塞科
249925136,3245781,zh,拉普洛莫萨
249925213,3245782,zh,萨拉比亚
249925290,3245783,zh,\N
249925367,3245784,zh,莱楚吉拉斯
249925444,3245785,zh,\N
249925521,3245786,zh,圣何塞德尔亚诺
249925598,3245787,zh,普里斯科斯
249925675,3245788,zh,圣巴勃罗
249925752,3245789,zh,弗朗西斯科·马尔克斯
249925829,3245790,zh,坎波·林皮奥
249925906,3245791,zh,卡里索·德·戈迪内斯
249925983,3245792,zh,洛斯拉米雷斯牧场
249926060,3245793,zh,洛斯拉米雷斯牧场
249926137,3245794,zh,帕里利亚二世
249926214,3245795,zh,\N
249926291,3245796,zh,洛马德拉卢斯
249926368,3245797,zh,拉斯帕洛马斯
249926445,3245798,zh,\N
249926522,3245799,zh,聖拉蒙
249926599,3245800,zh,圣拉蒙
249926676,3245801,zh,埃尔特科洛特
249926753,3245802,zh,拉斯阿尼马斯
249926830,3245803,zh,圣阿方索山修道院
249926907,3245804,zh,圣卢西亚殖民地
249926984,3245805,zh,洛斯梅达诺斯
249927061,3245806,zh,拉斯帕尔马斯
249927138,3245807,zh,拉坎帕纳
249927215,3245808,zh,拉坎帕纳
249927292,3245809,zh,萨利特雷·奇基托
249927369,3245810,zh,埃尔泰雷罗二世
249927446,3245811,zh,埃尔泰雷罗
249927523,3245812,zh,索奇米尔科
249927600,3245813,zh,霍奇米尔科
249927677,3245814,zh,聖洛倫索
249927754,3245815,zh,圣洛伦索
249927831,3245816,zh,伊斯塔萨卡特拉
249927908,3245817,zh,托托拉
249927985,3245818,zh,埃尔波尔沃林
249928062,3245819,zh,拉斯特洛哈斯
249928139,3245820,zh,埃尔杜拉兹诺
249928216,3245821,zh,巴里奥科特兰
249928293,3245822,zh,圣维森特
249928370,3245823,zh,拉拉古纳
249928447,3245824,zh,\N
249928524,3245825,zh,\N
249928601,3245826,zh,普雷萨·德·洛佩斯
249928678,3245827,zh,埃尔奥霍德阿瓜
249928755,3245828,zh,埃尔奥霍德阿瓜
249928832,3245829,zh,埃尔森特罗
249928909,3245830,zh,洛斯诺加利斯
249929063,3245832,zh,阿莫尔蒂塔·多斯
249929140,3245833,zh,拉伊格拉
249929217,3245834,zh,拉伊格拉
249929294,3245835,zh,洛斯阿拉莫斯
249929371,3245836,zh,加拿大
249929448,3245837,zh,埃尔帕莱索 [格兰哈普罗维登西亚]
249929525,3245838,zh,埃尔帕莱索 [格兰哈普罗维登西亚]
249929602,3245839,zh,圣安东尼奥
249929679,3245840,zh,圣安东尼奥
249929756,3245841,zh,埃尔马塔德罗
249929833,3245842,zh,埃吉多·圣马科斯
249929910,3245843,zh,洛斯利莫内斯
249929987,3245844,zh,洛斯皮鲁勒斯
249930064,3245845,zh,阿瓜卡蒂特兰
249930141,3245846,zh,埃尔帕纳尔
249930218,3245847,zh,埃尔帕纳尔
249930295,3245848,zh,洛斯利莫内斯
249930372,3245849,zh,伊斯特拉瓦卡
249930449,3245850,zh,特雷斯恩西诺斯
249930526,3245851,zh,惠斯托
249930603,3245852,zh,科拉里略斯
249930680,3245853,zh,\N
249930757,3245854,zh,霍哈斯·安查斯
249930834,3245855,zh,洛马德尔科帕尔
249930911,3245856,zh,\N
249930988,3245857,zh,\N
249931065,3245858,zh,埃尔萨波
249931142,3245859,zh,\N
249931219,3245860,zh,\N
249931296,3245861,zh,拉斯米纳斯
249931373,3245862,zh,洛马·弗鲁蒂拉
249931450,3245863,zh,洛马·弗鲁蒂拉
249931527,3245864,zh,奇卡巴亚
249931604,3245865,zh,拉加里塔
249931681,3245866,zh,圣安东尼奥多斯卡米诺斯
249931758,3245867,zh,拉德维亚西翁
249931835,3245868,zh,拉谢内加
249931912,3245869,zh,圣安东尼奥
249931989,3245870,zh,圣安东尼奥
249932066,3245871,zh,阿尔塔维斯塔
249932143,3245872,zh,埃尔纳兰霍
249932220,3245873,zh,波蒂略·埃尔·马鲁科
249932297,3245874,zh,\N
249932374,3245875,zh,\N
249932451,3245876,zh,瓜达卢佩·伊达尔戈
249932528,3245877,zh,洛马德拉康塞普西翁
249932605,3245878,zh,维斯塔赫莫萨联盟
249932682,3245879,zh,佩纳圣胡安
249932759,3245880,zh,拉坎特拉
249932836,3245881,zh,特权
249932913,3245882,zh,卡马奎寺
249932990,3245883,zh,\N
249933067,3245884,zh,塞罗*奎罗
249933144,3245885,zh,阿罗约·塞科
249933221,3245886,zh,特拉科坦帕
249933298,3245887,zh,\N
249933375,3245888,zh,科洛尼亚瓜达卢佩（多洛雷斯）
249933452,3245889,zh,兰奇托普罗维登西亚
249933529,3245890,zh,兰奇托普罗维登西亚
249933606,3245891,zh,泽塞卡帕
249933683,3245892,zh,普恩特*马克斯
249933760,3245893,zh,圣佩德罗（托波亚）
249933837,3245894,zh,洛斯罗萨莱斯
249933914,3245895,zh,埃尔梅兹奎蒂略
249933991,3245896,zh,拉米萨
249934068,3245897,zh,拉斯马贾迪塔斯
249934145,3245898,zh,\N
249934222,3245899,zh,\N
249934299,3245900,zh,赫苏斯·德·科罗纳多斯
249934376,3245901,zh,埃尔乔丹
249934453,3245902,zh,维加斯·德·科罗纳多斯
249934530,3245903,zh,卡曼科
249934607,3245904,zh,卡曼科
249934684,3245905,zh,埃尔林德罗
249934761,3245906,zh,圣安娜德阿里巴
249934838,3245907,zh,奥布拉赫罗
249934915,3245908,zh,科米斯科
249934992,3245909,zh,洛斯波西托斯
249935069,3245910,zh,波特雷罗·德·维多利亚
249935146,3245911,zh,利蒙德洛斯阿吉雷
249935223,3245912,zh,埃吉多 9 月 16 日
249935300,3245913,zh,拉斯图纳斯·德·阿里巴
249935377,3245914,zh,拉斯巴亚斯
249935454,3245915,zh,拉里维埃拉
249935531,3245916,zh,阿马顿
249935608,3245917,zh,旧金山 (旧金山德帕多瓦)
249935685,3245918,zh,埃米利亚诺·萨帕塔（拉斯瓦里利亚斯）
249935762,3245919,zh,\N
249935839,3245920,zh,阿瓜塞罗计划
249935916,3245921,zh,拉霍亚
249935993,3245922,zh,埃尔萨利特雷
249936070,3245923,zh,拉卡西利亚
249936147,3245924,zh,阿罗约·普列托
249936224,3245925,zh,彭萨米恩托
249936301,3245926,zh,拉德维亚西翁
249936378,3245927,zh,奥克塔约
249936455,3245928,zh,特雷斯克鲁塞斯
249936532,3245929,zh,特雷斯克鲁塞斯
249936609,3245930,zh,科洛尼亚·马利布兰
249936686,3245931,zh,莱奥维吉尔多·加西亚·加尔萨
249936763,3245932,zh,洛马德尔卡门
249936840,3245933,zh,帕洛·克马多
249936917,3245934,zh,\N
249936994,3245935,zh,陈皮奇
249937071,3245936,zh,胡伊扎什·德·塞拉诺斯
249937148,3245937,zh,\N
249937225,3245938,zh,\N
249937302,3245939,zh,拉弗拉瓜
249937379,3245940,zh,\N
249937456,3245941,zh,卡尔德拉斯
249937533,3245942,zh,埃尔佩德雷加尔
249937610,3245943,zh,埃尔佩德雷加尔
249937687,3245944,zh,拉托萨
249937764,3245945,zh,埃尔迪亚曼特
249937841,3245946,zh,\N
249937918,3245947,zh,拉斯布里萨斯
249937995,3245948,zh,圣安东尼奥 (阿瓜克拉拉)
249938072,3245949,zh,琳达·维斯塔·阿罗约·格兰德
249938149,3245950,zh,萨比纳利托
249938226,3245951,zh,阿迈提克
249938303,3245952,zh,拉帕内利塔
249938380,3245953,zh,拉帕尼塔
249938457,3245954,zh,特雷斯弗洛雷斯
249938534,3245955,zh,洛斯桑切斯
249938611,3245956,zh,圣安东尼奥埃斯佩兰萨多斯
249938688,3245957,zh,圣安东尼奥埃斯佩兰萨多斯
249938765,3245958,zh,卡卡泰尔·坎塔哈尔
249938842,3245959,zh,纳维泰尔
249938919,3245960,zh,圣克拉拉
249938996,3245961,zh,圣克拉拉
249939073,3245962,zh,埃尔雷库尔多
249939150,3245963,zh,洛马博尼塔
249939227,3245964,zh,埃尔西普雷斯
249939304,3245965,zh,拉文塔纳
249939381,3245966,zh,新圣拉蒙
249939458,3245967,zh,拉瓜達盧普
249939535,3245968,zh,拉瓜达卢佩
249939612,3245969,zh,圣何塞巴斯坎
249939689,3245970,zh,奎恩·萨贝
249939766,3245971,zh,何塞·卡斯蒂略·蒂尔曼斯
249939843,3245972,zh,圣何塞普尔皮蒂略
249939997,3245974,zh,兰乔埃尔瓦
249940074,3245975,zh,洛斯奥塔特斯德阿巴霍
249940151,3245976,zh,洛斯奥塔特斯德阿巴霍
249940228,3245977,zh,埃尔杜拉兹诺德阿瓦霍
249940305,3245978,zh,兰切里亚·拉·索莱达
249940382,3245979,zh,拉卡莱拉
249940459,3245980,zh,布埃纳维斯塔
249940536,3245981,zh,圣何塞德尔皮纳尔
249940613,3245982,zh,阿布拉斯德尔科罗索
249940690,3245983,zh,圣何塞德奇奎里托斯
249940767,3245984,zh,圣何塞德奇奎里托斯
249940844,3245985,zh,\N
249940921,3245986,zh,加拿大人
249941075,3245988,zh,特霍科特·德·普里安齐库罗
249941152,3245989,zh,普鲁阿瓜的埃尔特霍科特
249941229,3245990,zh,\N
249941306,3245991,zh,洛斯奥利沃斯乙级联赛
249941383,3245992,zh,阿瓦卡潘
249941537,3245994,zh,科洛尼亚圣何塞德尔卡门
249941614,3245995,zh,贝尼托·胡亚雷斯
249941691,3245996,zh,埃尔维诺
249941768,3245997,zh,圣路易斯·德拉克鲁斯 (拉普雷西塔)
249941845,3245998,zh,格兰哈·布埃纳维斯塔（巴勃罗·弗洛雷斯 饰）
249941922,3245999,zh,圣安东尼奥·德·莫戈特斯新殖民地
249941999,3246000,zh,埃尔维拉多
249942076,3246001,zh,波索·扎尔科
249942153,3246002,zh,埃尔德斯蒙特
249942230,3246003,zh,帕里利亚二世
249942307,3246004,zh,布埃纳维斯塔
249942384,3246005,zh,\N
249942461,3246006,zh,拉霍亚德尔西里安
249942538,3246007,zh,埃斯卡莱里拉
249942615,3246008,zh,努胡·萨维·卡尼
249942692,3246009,zh,努胡·萨维·卡尼
249942769,3246010,zh,洛斯迪西奥斯
249942846,3246011,zh,洛斯阿馬特斯
249942923,3246012,zh,洛斯阿马茨
249943000,3246013,zh,卡帕罗萨
249943077,3246014,zh,卡帕罗萨
249943154,3246015,zh,奥佐洛特佩克
249943231,3246016,zh,阿亚拉别墅
249943308,3246017,zh,\N
249943385,3246018,zh,\N
249943462,3246019,zh,马尔巴里斯科
249943539,3246020,zh,\N
249943616,3246021,zh,\N
249943693,3246022,zh,\N
249943770,3246023,zh,库蒂特拉纳帕
249943847,3246024,zh,埃尔帕尔马
249943924,3246025,zh,拉皮拉德尔莱昂
249944001,3246026,zh,埃尔夫雷斯诺
249944078,3246027,zh,埃尔弗雷斯诺
249944232,3246029,zh,圣伊格纳西奥·德·洛约拉
249944309,3246030,zh,拉普布利塔
249944386,3246031,zh,惠扎斯塔
249944463,3246032,zh,惠扎斯塔
249944540,3246033,zh,埃尔瓦奎里洛
249944617,3246034,zh,韦尔塔维耶哈
249944694,3246035,zh,\N
249944771,3246036,zh,拉霍尤埃拉·德·托雷斯
249944848,3246037,zh,阿巴索洛（拉奥特拉卡萨）
249944925,3246038,zh,埃尔科帕尔
249945002,3246039,zh,查马库埃罗
249945079,3246040,zh,帕洛斯阿尔托斯
249945156,3246041,zh,埃尔佩纳尔
249945233,3246042,zh,埃尔佩纳尔
249945310,3246043,zh,圣赫罗尼莫
249945387,3246044,zh,圣维森特德尔卡诺 (圣维森特德伊达尔戈)
249945464,3246045,zh,蓬特德尔牛仔竞技会
249945541,3246046,zh,\N
249945618,3246047,zh,埃尔曼多
249945695,3246048,zh,科拉罗（提林迪里斯）
249945772,3246049,zh,艾克斯塔尔
249945849,3246050,zh,拉马贾维塔
249945926,3246051,zh,罗莎德尔梅兹
249946003,3246052,zh,\N
249946080,3246053,zh,洛斯帕佩莱斯港
249946157,3246054,zh,洛斯帕佩莱斯港
249946234,3246055,zh,埃尔夫雷斯诺
249946311,3246056,zh,埃尔弗雷斯诺
249946388,3246057,zh,拉斯陶马斯
249946465,3246058,zh,拉卡巴纳
249946542,3246059,zh,\N
249946619,3246060,zh,拉斯卡布拉斯
249946696,3246061,zh,科罗拉多梅萨
249946773,3246062,zh,\N
249946850,3246063,zh,洛马斯·德·圣克拉拉
249946927,3246064,zh,弗朗西斯科·萨拉比亚殖民地
249947004,3246065,zh,埃尔马塔德罗
249947081,3246066,zh,拉柯瓦
249947158,3246067,zh,埃尔梅迪奥
249947235,3246068,zh,拉普罗维登西亚
249947312,3246069,zh,拉普罗维登西亚
249947389,3246070,zh,圣贝尔纳多
249947466,3246071,zh,圣贝尔纳多
249947543,3246072,zh,拉索莱达
249947620,3246073,zh,拉索莱达
249947697,3246074,zh,拉奥科特拉
249947774,3246075,zh,\N
249947851,3246076,zh,埃尔马奎尔
249947928,3246077,zh,麦地那
249948005,3246078,zh,麦地那
249948082,3246079,zh,撒玛利亚人
249948159,3246080,zh,安克莱罗区
249948236,3246081,zh,\N
249948390,3246083,zh,帕尔马索拉
249948467,3246084,zh,塞罗卡洛塔（圣卡洛塔）
249948544,3246085,zh,鲁道夫·坎波多尼科
249948621,3246086,zh,埃尔奇拉尔
249948698,3246087,zh,洛斯马丁内斯
249948775,3246088,zh,巴里奥圣卢西亚
249948852,3246089,zh,洛斯霍尔科内斯
249948929,3246090,zh,\N
249949006,3246091,zh,蒙特贝罗
249949083,3246092,zh,埃尔卡普林
249949160,3246093,zh,洛斯阿拉莫斯
249949237,3246094,zh,托萊多
249949314,3246095,zh,托莱多
249949391,3246096,zh,马鲁比奥
249949468,3246097,zh,埃尔利蒙
249949545,3246098,zh,\N
249949622,3246099,zh,阿瓜扎尔卡
249949699,3246100,zh,拉维加
249949776,3246101,zh,拉维加
249949853,3246102,zh,维斯塔赫尔莫萨德莫雷洛斯
249949930,3246103,zh,特维琴戈 (特拉科蒂特拉)
249950007,3246104,zh,埃尔托赞
249950161,3246106,zh,萨尔蒂约
249950238,3246107,zh,萨尔蒂略
249950315,3246108,zh,萨波特·德·阿吉雷
249950392,3246109,zh,特拉奇瓦尔特佩克（杜拉斯诺斯牧场）
249950469,3246110,zh,帕洛维德
249950546,3246111,zh,\N
249950623,3246112,zh,埃斯波隆
249950700,3246113,zh,玛塔
249950777,3246114,zh,\N
249950854,3246115,zh,\N
249950931,3246116,zh,诺里亚·德尔·帕德里
249951008,3246117,zh,特龙西托斯 (洛斯孔特雷拉斯)
249951085,3246118,zh,\N
249951162,3246119,zh,拉奥尔德纳
249951239,3246120,zh,拉彼德拉
249951316,3246121,zh,谢拉奇基塔
249951393,3246122,zh,拉伊格拉
249951470,3246123,zh,拉伊格拉
249951547,3246124,zh,坎波埃尔查米扎尔
249951624,3246125,zh,阿布拉斯德尔科罗索
249951701,3246126,zh,圣安德烈斯查米尔帕
249951778,3246127,zh,米格尔·奥里科·德洛斯·亚诺斯将军
249951855,3246128,zh,\N
249951932,3246129,zh,圣安东诺特拉
249952009,3246130,zh,霍奇蒂塔
249952086,3246131,zh,聖胡安
249952163,3246132,zh,圣胡安
249952240,3246133,zh,洛马德奥罗
249952317,3246134,zh,特佐丘卡
249952394,3246135,zh,扎卡塔尔
249952471,3246136,zh,彼德拉·索拉
249952548,3246137,zh,埃尔奇查拉尔
249952625,3246138,zh,墨西哥宪法
249952702,3246139,zh,拉斯弗洛雷斯
249952779,3246140,zh,\N
249952856,3246141,zh,埃尔科库约
249952933,3246142,zh,蒙特维德
249953010,3246143,zh,阿尔塔米拉
249953087,3246144,zh,\N
249953164,3246145,zh,\N
249953241,3246146,zh,阿尔瓦罗·奥夫雷贡将军
249953318,3246147,zh,萨尔塔巴兰卡第二
249953395,3246148,zh,埃尔萨利特里洛
249953472,3246149,zh,\N
249953549,3246150,zh,阿瓜赫斯·德·阿里巴
249953626,3246151,zh,革命退伍军人 [科洛尼亚]
249953703,3246152,zh,维斯塔纳德尔卡波
249953780,3246153,zh,圣佩德罗·尼奇
249953857,3246154,zh,圣佩德罗·尼奇
249953934,3246155,zh,\N
249954011,3246156,zh,卡门·瓜亚巴尔·多斯
249954088,3246157,zh,卡门·瓜亚巴尔·多斯
249954165,3246158,zh,新伊甸园
249954242,3246159,zh,阿尔班山
249954319,3246160,zh,斯滕莱蒂奇
249954396,3246161,zh,斯滕莱蒂奇
249954473,3246162,zh,\N
249954550,3246163,zh,圣何塞普莱马尔
249954627,3246164,zh,埃尔雷库尔多
249954704,3246165,zh,何塞·洛佩斯·波蒂略
249954781,3246166,zh,圣马科斯
249954858,3246167,zh,新帕莱索（奥科塔尔湖）
249954935,3246168,zh,\N
249955012,3246169,zh,圣拉斐尔
249955089,3246170,zh,圣伊西德罗
249955166,3246171,zh,穆库尔维茨
249955243,3246172,zh,波索·德·彼德拉
249955320,3246173,zh,拉昆布雷
249955397,3246174,zh,纳伊尔顿
249955474,3246175,zh,旧金山拉斯鲁纳斯
249955551,3246176,zh,栀子花
249955628,3246177,zh,圣贝尼托
249955705,3246178,zh,拉瓜達盧普
249955782,3246179,zh,拉瓜达卢佩
249955859,3246180,zh,新布埃纳维斯塔卡拉科尔
249955936,3246181,zh,\N
249956013,3246182,zh,兰乔德马雷斯
249956090,3246183,zh,托马斯·加里多·卡纳瓦尔（圣马科斯）
249956167,3246184,zh,23 德埃内罗·帕哈尔二世
249956244,3246185,zh,津顿
249956321,3246186,zh,里奥布兰科
249956398,3246187,zh,拉谢内吉塔
249956475,3246188,zh,拉蓬塔
249956552,3246189,zh,韦乔埃塔沃（古特马雷）
249956629,3246190,zh,圣安东尼奥德拉加维亚
249956706,3246191,zh,\N
249956783,3246192,zh,拉哈仙达
249956860,3246193,zh,埃尔恩西纳尔
249956937,3246194,zh,特坎科
249957014,3246195,zh,特坎科
249957091,3246196,zh,拉坎帕纳
249957168,3246197,zh,拉坎帕纳
249957245,3246198,zh,洛斯埃斯佩霍斯
249957322,3246199,zh,洛斯埃斯佩霍斯
249957399,3246200,zh,埃尔科斯卡特
249957476,3246201,zh,拉埃斯基纳
249957553,3246202,zh,帕洛布兰科
249957630,3246203,zh,埃尔诺维莱罗
249957707,3246204,zh,帕洛阿尔托
249957784,3246205,zh,拉金塔埃斯特雷拉
249957861,3246206,zh,内格雷特的普罗维登西亚
249957938,3246207,zh,瓦皮米
249958015,3246208,zh,拉巴列萨
249958092,3246209,zh,格拉尼亚德瓜达卢佩
249958169,3246210,zh,布埃纳维斯塔
249958246,3246211,zh,查科阿苏尔湾
249958323,3246212,zh,查科·阿祖尔
249958400,3246213,zh,克鲁兹佛得角
249958477,3246214,zh,洛斯利莫内斯
249958554,3246215,zh,埃尔卡帕德罗
249958631,3246216,zh,泰奥里亚
249958708,3246217,zh,\N
249958785,3246218,zh,\N
249958862,3246219,zh,榕属
249958939,3246220,zh,拉松布拉
249959016,3246221,zh,拉松布拉
249959093,3246222,zh,圣马科斯湖 (圣马科斯)
249959170,3246223,zh,里奥德尔酱
249959247,3246224,zh,拉米萨
249959324,3246225,zh,圣安娜诺特
249959401,3246226,zh,埃尔阿拉莫
249959478,3246227,zh,查科阿苏尔湾
249959555,3246228,zh,查科·阿祖尔
249959632,3246229,zh,蒂尔卡尔科
249959709,3246230,zh,特佩特拉帕
249959786,3246231,zh,埃尔卡图乔
249959863,3246232,zh,格兰德港
249959940,3246233,zh,科尤尔·格兰德
249960017,3246234,zh,\N
249960094,3246235,zh,桑贾·科罗拉达
249960171,3246236,zh,桑贾·科罗拉达
249960248,3246237,zh,阿罗约·博尼托
249960325,3246238,zh,拉斯科洛尼亚斯
249960402,3246239,zh,卡西利亚斯
249960479,3246240,zh,埃尔阿尔托德圣华金
249960556,3246241,zh,埃尔塔卡莫
249960633,3246242,zh,埃尔塔卡莫
249960710,3246243,zh,洛斯夸托斯
249960787,3246244,zh,维斯塔赫莫萨
249960864,3246245,zh,维斯塔赫莫萨
249960941,3246246,zh,洛马·德·瓜达卢佩
249961018,3246247,zh,卡萨布兰卡殖民地
249961095,3246248,zh,\N
249961172,3246249,zh,聖克魯斯
249961249,3246250,zh,圣克鲁斯
249961326,3246251,zh,\N
249961403,3246252,zh,拉坎帕纳
249961480,3246253,zh,拉坎帕纳
249961557,3246254,zh,瓦莱西托斯
249961634,3246255,zh,齐鲁夸罗
249961711,3246256,zh,西安卡
249961788,3246257,zh,拉克鲁斯
249961865,3246258,zh,拉普埃爾塔
249961942,3246259,zh,拉普尔塔
249962019,3246260,zh,托雷西利亞山
249962096,3246261,zh,拉托雷西利亚
249962173,3246262,zh,拉乔亚德尔艾尔
249962250,3246263,zh,埃尔雷苏米德罗
249962327,3246264,zh,科洛尼亚谷多拉多
249962404,3246265,zh,\N
249962481,3246266,zh,坎波德拉普雷萨
249962558,3246267,zh,聖費爾南多
249962635,3246268,zh,圣费尔南多
249962712,3246269,zh,乔罗德阿瓜
249962789,3246270,zh,旧金山拉亚
249962866,3246271,zh,彼德拉·科罗拉达
249962943,3246272,zh,彼德拉·安查
249963020,3246273,zh,埃尔卡内罗
249963097,3246274,zh,洛马斯·帕诺拉米卡斯
249963174,3246275,zh,莫雷洛斯州
249963251,3246276,zh,莫雷洛斯州
249963328,3246277,zh,\N
249963405,3246278,zh,\N
249963482,3246279,zh,里奥*特拉皮切
249963559,3246280,zh,波蒂略埃尔瓜亚巴尔
249963636,3246281,zh,萨波特之花
249963713,3246282,zh,圣何塞林达维斯塔
249963790,3246283,zh,埃尔帕尔马
249963867,3246284,zh,巴里奥拉斯佩纳斯
249963944,3246285,zh,圣克里斯托瓦尔琳达维斯塔
249964021,3246286,zh,科洛尼亚*布甘比利亚斯
249964098,3246287,zh,波蒂略·蒂拉·布兰卡
249964175,3246288,zh,圣何塞德斯波布拉多多斯
249964252,3246289,zh,放大普罗格雷索
249964329,3246290,zh,佩纳·弗洛尔·德·克拉沃
249964406,3246291,zh,\N
249964483,3246292,zh,冒号
249964560,3246293,zh,巴兰卡本田
249964637,3246294,zh,琳达维斯塔
249964714,3246295,zh,埃尔奥科蒂洛
249964791,3246296,zh,洛马维德
249964868,3246297,zh,克里斯托·雷伊
249964945,3246298,zh,\N
249965022,3246299,zh,拉斯维博拉斯
249965099,3246300,zh,库吉尼奎拉
249965176,3246301,zh,\N
249965253,3246302,zh,聖克魯斯
249965330,3246303,zh,圣克鲁斯
249965407,3246304,zh,\N
249965484,3246305,zh,拉斯马拉维拉斯
249965561,3246306,zh,拉谢内加
249965638,3246307,zh,埃尔阿帕
249965715,3246308,zh,维加·德·拉米雷斯
249965792,3246309,zh,阿布拉斯德尔科罗索
249965869,3246310,zh,加里塔港
249965946,3246311,zh,拉斯帕尔梅拉斯
249966023,3246312,zh,拉诺里亚
249966100,3246313,zh,埃尔朱克
249966177,3246314,zh,阿布拉斯德尔科罗索
249966254,3246315,zh,\N
249966331,3246316,zh,\N
249966408,3246317,zh,克鲁塞罗德科莫卡
249966485,3246318,zh,圣拉斐尔
249966562,3246319,zh,圣拉斐尔
249966639,3246320,zh,埃尔萨波
249966716,3246321,zh,特尔科永基
249966793,3246322,zh,埃尔·波特苏埃洛
249966870,3246323,zh,埃尔阿瓜吉托
249966947,3246324,zh,埃尔阿拉阿纳尔
249967024,3246325,zh,\N
249967101,3246326,zh,\N
249967178,3246327,zh,维内多·兰乔·索诺拉
249967255,3246328,zh,圣塞西利亚
249967332,3246329,zh,圣塞西莉亚
249967409,3246330,zh,瓜卡玛亚
249967486,3246331,zh,\N
249967563,3246332,zh,科洛尼亚杜兰戈
249967640,3246333,zh,拉斯卡西利亚斯
249967717,3246334,zh,特伯纳尔
249967794,3246335,zh,帕索费桑
249967871,3246336,zh,特库阿帕
249967948,3246337,zh,拉斐尔·穆里略·维达尔
249968025,3246338,zh,塞罗德拉拉古尼利亚
249968102,3246339,zh,阿罗约阿祖尔
249968179,3246340,zh,佐梅拉瓦坎
249968256,3246341,zh,拉康奇塔
249968333,3246342,zh,埃尔米内罗
249968410,3246343,zh,阿特佩克西
249968487,3246344,zh,阿特佩克西
249968564,3246345,zh,\N
249968641,3246346,zh,洛斯·洛佩兹
249968718,3246347,zh,埃斯特雷拉
249968795,3246348,zh,圣克拉拉（科洛尼亚·阿尔瓦罗·奥夫雷贡）
249968872,3246349,zh,\N
249968949,3246350,zh,埃尔奥霍德阿瓜
249969026,3246351,zh,\N
249969103,3246352,zh,\N
249969180,3246353,zh,埃尔普埃尔特西托
249969257,3246354,zh,\N
249969334,3246355,zh,莫雷洛斯大元帅
249969411,3246356,zh,新米却肯州
249969488,3246357,zh,马塔德尔查托
249969565,3246358,zh,奥霍·德·阿瓜
249969642,3246359,zh,\N
249969719,3246360,zh,埃尔牺牲（洛杉矶）
249969796,3246361,zh,瓜达卢佩
249969873,3246362,zh,瓜达卢佩
249969950,3246363,zh,拉古纳塞卡
249970027,3246364,zh,马库什特蒂奇
249970104,3246365,zh,奥霍·德·阿瓜
249970181,3246366,zh,西辛托尼
249970258,3246367,zh,圣米格尔坎克萨尼尔
249970335,3246368,zh,皮昆泰尔
249970412,3246369,zh,圣何塞托
249970489,3246370,zh,圣何塞托
249970566,3246371,zh,聖米格爾河
249970643,3246372,zh,圣米格尔特诺奇蒂特兰
249970720,3246373,zh,弗洛尔·德·格里哈尔瓦
249970797,3246374,zh,拉佛罗里达（圣拉蒙）
249970874,3246375,zh,\N
249970951,3246376,zh,陈艾尔
249971028,3246377,zh,\N
249971105,3246378,zh,圣犹大塔德奥
249971182,3246379,zh,埃尔卡门
249971259,3246380,zh,托尼娜
249971336,3246381,zh,\N
249971413,3246382,zh,阿罗约恩坎托二世
249971490,3246383,zh,波尔莫罗纳
249971567,3246384,zh,圣罗莎
249971644,3246385,zh,埃利姆·蒙特贝罗
249971721,3246386,zh,特雷斯·埃尔马诺斯·圣伊西德罗
249971798,3246387,zh,埃尔桑萨尔
249971875,3246388,zh,赫纳罗·巴斯克斯·罗哈斯
249971952,3246389,zh,新韦拉克鲁斯州
249972029,3246390,zh,圣赫罗尼莫
249972106,3246391,zh,瓜达卢佩·普卢马吉略
249972183,3246392,zh,瓜达卢佩·普卢马吉略
249972260,3246393,zh,多洛雷斯·康塞普西翁
249972337,3246394,zh,杰里科
249972414,3246395,zh,科洛尼亚黑山（圣安东尼奥）
249972491,3246396,zh,科洛尼亚黑山（圣安东尼奥）
249972568,3246397,zh,拉古尼塔斯
249972645,3246398,zh,兰乔维耶霍
249972722,3246399,zh,\N
249972799,3246400,zh,塞罗德洛斯帕纳莱斯
249972876,3246401,zh,卡巴纳德尔希特勒酒店
249972953,3246402,zh,阿瓜佛得角
249973030,3246403,zh,拉斯帕帕斯
249973107,3246404,zh,拉斯帕帕斯
249973184,3246405,zh,圣埃琳娜特塞拉部分
249973261,3246406,zh,\N
249973338,3246407,zh,\N
249973415,3246408,zh,埃尔卡斯蒂略
249973569,3246410,zh,\N
249973646,3246411,zh,聖拉蒙
249973723,3246412,zh,圣拉蒙
249973800,3246413,zh,埃尔萨利特雷
249973877,3246414,zh,拉查马库埃拉
249973954,3246415,zh,\N
249974031,3246416,zh,\N
249974108,3246417,zh,旧金山德尔梅斯基塔尔
249974185,3246418,zh,维斯塔赫莫萨
249974262,3246419,zh,特培克索科蒂特兰
249974339,3246420,zh,\N
249974416,3246421,zh,埃尔瓜亚巴尔
249974493,3246422,zh,埃尔瓜亚巴尔
249974570,3246423,zh,\N
249974647,3246424,zh,洛斯科吉奥特斯
249974724,3246425,zh,\N
249974801,3246426,zh,\N
249974878,3246427,zh,拉诺·迈扎尔
249974955,3246428,zh,\N
249975032,3246429,zh,蒙特维德
249975109,3246430,zh,耶尔巴布埃纳
249975186,3246431,zh,\N
249975263,3246432,zh,朱塔斯德尔里奥
249975340,3246433,zh,拉米萨
249975417,3246434,zh,加拿大
249975494,3246435,zh,佳能德特拉克斯卡拉
249975571,3246436,zh,佩德罗·莫雷诺
249975648,3246437,zh,洛萨尔科斯
249975725,3246438,zh,聖克魯斯
249975802,3246439,zh,圣克鲁斯
249975879,3246440,zh,埃尔卡洪
249975956,3246441,zh,埃尔托罗
249976033,3246442,zh,洛斯塞里托斯
249976110,3246443,zh,圣拉斐尔多斯
249976187,3246444,zh,\N
249976264,3246445,zh,圣特雷莎
249976341,3246446,zh,洛斯塞里托斯
249976418,3246447,zh,埃尔克鲁塞罗德尔萨尔托
249976495,3246448,zh,塞卡·丽莎
249976572,3246449,zh,埃尔卡里索
249976649,3246450,zh,多洛雷斯（多洛雷斯庄园）
249976726,3246451,zh,\N
249976803,3246452,zh,埃尔坦克
249976880,3246453,zh,弗洛伦西亚·德·莫拉
249976957,3246454,zh,洛马斯·德·埃米利亚诺·萨帕塔 (拉斯洛马斯)
249977034,3246455,zh,拉斯埃斯梅拉达斯 [奥尔加诺港]
249977111,3246456,zh,埃吉多·圣巴托洛
249977188,3246457,zh,曼萨纳德尔库博
249977265,3246458,zh,埃尔伊多洛
249977342,3246459,zh,洛斯西门托斯
249977419,3246460,zh,科拉利托斯
249977496,3246461,zh,塞奥拉
249977573,3246462,zh,拉纳兰加
249977650,3246463,zh,\N
249977727,3246464,zh,\N
249977804,3246465,zh,\N
249977881,3246466,zh,帕洛斯·塞科斯
249977958,3246467,zh,埃尔卡皮尔
249978035,3246468,zh,布兰科山（卡布亚纳）
249978112,3246469,zh,\N
249978189,3246470,zh,埃尔阿特拉维萨诺
249978266,3246471,zh,\N
249978343,3246472,zh,圣安德烈斯
249978420,3246473,zh,拉安戈斯图拉德尔卡杰
249978497,3246474,zh,阿瓜沙拉达
249978574,3246475,zh,阿瓜沙拉达
249978651,3246476,zh,安普拉西翁·拉扎罗·卡德纳斯
249978728,3246477,zh,安普拉西翁·拉扎罗·卡德纳斯
249978805,3246478,zh,特拉尔科穆尔科
249978882,3246479,zh,科拉·德·阿瓦霍
249978959,3246480,zh,拉斯伊格拉斯
249979036,3246481,zh,拉斯伊格拉斯
249979113,3246482,zh,\N
249979190,3246483,zh,埃尔*布兰基洛*别霍
249979267,3246484,zh,佩纳维德
249979344,3246485,zh,佩纳维德
249979421,3246486,zh,拉佩纳
249979498,3246487,zh,埃尔·多森托斯·乌诺
249979575,3246488,zh,胡安·迪格尔
249979652,3246489,zh,埃爾卡爾瓦里奧
249979729,3246490,zh,埃尔卡列洪
249979806,3246491,zh,洛斯科勒斯牧场
249979883,3246492,zh,阿瓜·弗里亚
249979960,3246493,zh,阿罗约布兰科
249980037,3246494,zh,\N
249980114,3246495,zh,巴里奥奇科德阿巴霍
249980191,3246496,zh,埃尔夸希洛特
249980268,3246497,zh,埃吉多·埃尔·莫拉尔
249980345,3246498,zh,埃尔·卡里尔
249980422,3246499,zh,埃尔曼加尔
249980499,3246500,zh,聖克魯斯
249980576,3246501,zh,圣克鲁斯
249980653,3246502,zh,特马兹卡尔科
249980730,3246503,zh,特马兹卡尔科
249980807,3246504,zh,\N
249980884,3246505,zh,新耶路撒冷
249980961,3246506,zh,埃尔加拉巴托
249981038,3246507,zh,拉克鲁西塔
249981115,3246508,zh,\N
249981192,3246509,zh,基利科
249981269,3246510,zh,圣伯纳尔
249981346,3246511,zh,\N
249981423,3246512,zh,加拿大格兰德
249981500,3246513,zh,拉古尼利亚斯
249981577,3246514,zh,拉斯洛米塔斯
249981654,3246515,zh,拉斯洛米塔斯
249981731,3246516,zh,拉斯韦尔塔斯
249981808,3246517,zh,拉斯韦尔塔斯
249981885,3246518,zh,\N
249981962,3246519,zh,拉奎瓦
249982039,3246520,zh,圣维森特·德拉克鲁斯
249982116,3246521,zh,曼萨纳德尔库博
249982193,3246522,zh,拉谢内吉塔
249982270,3246523,zh,克鲁塞罗德霍尼洛斯
249982347,3246524,zh,\N
249982424,3246525,zh,克里斯蒂安娜马斯奎文塞多雷斯之家
249982501,3246526,zh,托马斯·加里多·卡纳巴尔
249982578,3246527,zh,加西亚
249982655,3246528,zh,弗朗西斯科·馬德羅
249982732,3246529,zh,弗朗西斯科·马德罗
249982809,3246530,zh,克鲁兹·布兰卡
249982886,3246531,zh,埃尔阿尔比恩
249982963,3246532,zh,圣胡安德尔奥科蒂略
249983040,3246533,zh,托雷斯山卡米诺
249983117,3246534,zh,拉斯克鲁塞斯
249983194,3246535,zh,帕索阿卡瓦尔
249983271,3246536,zh,洛杉矶
249983348,3246537,zh,埃爾西魯埃洛
249983425,3246538,zh,埃尔西鲁埃洛
249983502,3246539,zh,阿道夫·洛佩兹·马特奥斯（萨卡塔尔）
249983579,3246540,zh,洛斯加维拉内斯
249983656,3246541,zh,聖米格爾河
249983733,3246542,zh,圣米格尔特诺奇蒂特兰
249983810,3246543,zh,拉塞瓦迪拉
249983887,3246544,zh,马塔德卡纳
249983964,3246545,zh,赫马诺斯·加西亚
249984041,3246546,zh,\N
249984118,3246547,zh,洛斯托纳尔迈尔斯
249984195,3246548,zh,帕里利亚二世
249984272,3246549,zh,阿特克斯卡特尔
249984349,3246550,zh,圣拉斐尔
249984426,3246551,zh,圣格特鲁迪斯
249984503,3246552,zh,聖米格爾河
249984580,3246553,zh,圣米格尔特诺奇蒂特兰
249984657,3246554,zh,坎波阿雷格里
249984734,3246555,zh,坎波阿雷格里
249984811,3246556,zh,奥霍·德·阿瓜
249984888,3246557,zh,里奥别墅
249984965,3246558,zh,埃尔帕尔马
249985042,3246559,zh,圣伊西德罗 (圣安东尼奥)
249985119,3246560,zh,二条
249985196,3246561,zh,新拉雷多
249985273,3246562,zh,新拉雷多
249985350,3246563,zh,巴克尔泰尔
249985427,3246564,zh,拉斯德利西亚斯
249985504,3246565,zh,聖胡安埃爾米塔
249985581,3246566,zh,林达维斯塔
249985658,3246567,zh,林达维斯塔
249985812,3246569,zh,聖拉蒙
249985889,3246570,zh,圣拉蒙
249985966,3246571,zh,埃尔帕卡亚尔
249986043,3246572,zh,卢贝卡
249986120,3246573,zh,圣安东尼奥德尔蒙特
249986197,3246574,zh,圣安东尼奥德尔蒙特
249986274,3246575,zh,巴威茨
249986351,3246576,zh,圣佩德罗·拉·格兰德萨
249986428,3246577,zh,圣佩德罗·拉·格兰德萨
249986505,3246578,zh,埃尔奥里藏特
249986582,3246579,zh,拉普罗维登西亚
249986659,3246580,zh,拉加斯·洛马斯
249986736,3246581,zh,埃尔雷库尔多多斯
249986813,3246582,zh,特雷斯·彼德拉斯·采莱杰
249986890,3246583,zh,洛斯德菲拉德罗斯
249986967,3246584,zh,阿罗约德圣安德烈斯
249987044,3246585,zh,阿罗约德圣安德烈斯
249987121,3246586,zh,\N
249987198,3246587,zh,圣伊格纳西奥德谢内吉亚
249987275,3246588,zh,班敦高
249987352,3246589,zh,户巴拉奇
249987429,3246590,zh,坎波塞森塔和西耶特和梅迪奥
249987506,3246591,zh,\N
249987583,3246592,zh,洛斯瓦莱西洛斯
249987660,3246593,zh,洛斯瓦莱西洛斯
249987737,3246594,zh,洛斯恩西诺斯
249987814,3246595,zh,\N
249987891,3246596,zh,埃尔卡里索
249987968,3246597,zh,蒙特格蘭德
249988045,3246598,zh,蒙特格兰德
249988122,3246599,zh,\N
249988199,3246600,zh,\N
249988276,3246601,zh,奥霍德阿瓜（圣玛格丽塔德奥霍德阿瓜）
249988353,3246602,zh,\N
249988430,3246603,zh,圣布里吉达
249988507,3246604,zh,波特雷里洛·德·托雷斯
249988584,3246605,zh,拉斯塔马库亚斯
249988661,3246606,zh,特奥通戈
249988738,3246607,zh,\N
249988815,3246608,zh,埃尔奥科蒂托
249988892,3246609,zh,\N
249988969,3246610,zh,\N
249989046,3246611,zh,普埃斯特西托斯
249989123,3246612,zh,\N
249989200,3246613,zh,佩里科内斯
249989277,3246614,zh,拉斯塞瓦斯
249989354,3246615,zh,拉洛马
249989431,3246616,zh,埃尔雷帕罗
249989508,3246617,zh,埃尔雷帕罗
249989585,3246618,zh,塔莫卡利托二世
249989662,3246619,zh,塔莫卡利托二世
249989739,3246620,zh,拉洛马
249989816,3246621,zh,埃爾克魯塞羅
249989893,3246622,zh,埃尔克鲁塞罗
249989970,3246623,zh,奇米斯特拉
249990047,3246624,zh,圣何塞德阿瓦霍
249990124,3246625,zh,埃尔*伊瓜尔
249990201,3246626,zh,阿罗约·塞科
249990278,3246627,zh,拉古纳德尔奥连特
249990355,3246628,zh,拉卡皮亞
249990432,3246629,zh,拉卡皮拉
249990509,3246630,zh,林达维斯塔（拉斯普拉苏埃拉斯）
249990586,3246631,zh,拉斯巴罗萨斯
249990663,3246632,zh,拉马加达
249990740,3246633,zh,阿瓜布兰卡
249990817,3246634,zh,拉安戈斯图拉
249990894,3246635,zh,\N
249990971,3246636,zh,圣米格尔区（拉斯埃斯皮纳斯）
249991048,3246637,zh,西里安·格兰德
249991125,3246638,zh,洛斯帕佩莱斯港
249991202,3246639,zh,非洲
249991279,3246640,zh,米尔·昆布雷斯
249991356,3246641,zh,洛斯特雷斯里奥斯
249991433,3246642,zh,圣米格尔·图巴斯塔蒂罗
249991510,3246643,zh,拉谢内加
249991587,3246644,zh,聖米格爾河
249991664,3246645,zh,圣米格尔特诺奇蒂特兰
249991741,3246646,zh,拉斯科西纳斯
249991818,3246647,zh,拉科蒂纳
249991895,3246648,zh,科洛尼亚·安普拉西翁·埃尔·索兹
249991972,3246649,zh,\N
249992049,3246650,zh,科洛尼亚埃尔西丰
249992126,3246651,zh,科洛尼亚怡和德佐基帕
249992203,3246652,zh,拉文塔尼拉
249992280,3246653,zh,埃尔科拉尔德索里亚
249992357,3246654,zh,埃尔阿拉马尔
249992434,3246655,zh,尤里科
249992511,3246656,zh,圣尼古拉斯·比钦加
249992588,3246657,zh,洛斯吉约内斯
249992665,3246658,zh,洛斯吉约内斯
249992742,3246659,zh,布宜諾斯艾利斯
249992819,3246660,zh,布宜诺斯艾利斯
249992896,3246661,zh,米纳德竞技场
249992973,3246662,zh,塞罗德竞技场
249993050,3246663,zh,塞罗*莱昂
249993127,3246664,zh,2德梅奥
249993204,3246665,zh,拉塔莱拉
249993281,3246666,zh,拉塔莱拉
249993358,3246667,zh,埃尔阿诺纳尔
249993435,3246668,zh,\N
249993512,3246669,zh,旧金山区
249993589,3246670,zh,拉乔伊塔
249993666,3246671,zh,乔拉维斯塔
249993743,3246672,zh,科洛尼亚圣塞西莉亚伊塔尤尤
249993820,3246673,zh,圣卢卡斯
249993897,3246674,zh,弗朗西斯科·馬德羅
249993974,3246675,zh,弗朗西斯科·马德罗
249994051,3246676,zh,埃尔米拉索尔
249994128,3246677,zh,\N
249994205,3246678,zh,埃尔恩西纳尔
249994282,3246679,zh,埃尔恩西纳尔
249994359,3246680,zh,埃尔乌韦罗
249994436,3246681,zh,\N
249994513,3246682,zh,梅尤科
249994590,3246683,zh,洛斯佩里科斯
249994667,3246684,zh,洛斯佩里科斯
249994744,3246685,zh,阿卡拉马
249994821,3246686,zh,埃尔帕拉伊索
249994898,3246687,zh,索约基拉
249994975,3246688,zh,特纳米提克
249995052,3246689,zh,科洛尼亚·利莫纳尔
249995129,3246690,zh,\N
249995206,3246691,zh,\N
249995283,3246692,zh,\N
249995360,3246693,zh,圣何塞
249995437,3246694,zh,埃尔波韦尼尔 [住宅]
249995514,3246695,zh,\N
249995591,3246696,zh,孔特雷耶尔巴
249995668,3246697,zh,布埃纳维斯塔
249995745,3246698,zh,奥伊特拉约
249995822,3246699,zh,扎巴克
249995899,3246700,zh,阿瓜·弗里亚
249995976,3246701,zh,阿瓜·弗里亚
249996053,3246702,zh,\N
249996130,3246703,zh,埃尔帕纳索
249996207,3246704,zh,埃尔帕纳索
249996284,3246705,zh,阿尔贝格*卡洛马托
249996361,3246706,zh,埃尔卡普勒
249996438,3246707,zh,圣盖博
249996515,3246708,zh,圣盖博
249996592,3246709,zh,安东尼奥·纳罗（瓦内萨 饰）
249996669,3246710,zh,埃尔坦克
249996746,3246711,zh,弗洛伦西亚·德·莫拉
249996823,3246712,zh,\N
249996900,3246713,zh,埃尔普埃布利托
249996977,3246714,zh,\N
249997054,3246715,zh,奥霍·德·阿瓜
249997131,3246716,zh,拉拉古纳
249997208,3246717,zh,埃尔科约尔
249997285,3246718,zh,圣何塞林达维斯塔
249997362,3246719,zh,洛斯特卡莱斯
249997439,3246720,zh,科洛尼亚 洛杉矶
249997516,3246721,zh,托纳利斯科
249997593,3246722,zh,卡洪德拉皮塔
249997670,3246723,zh,\N
249997747,3246724,zh,\N
249997824,3246725,zh,新帕尔马索拉
249997901,3246726,zh,埃尔科佩特
249997978,3246727,zh,埃塞奎尔·奥多涅斯
249998055,3246728,zh,\N
249998132,3246729,zh,乔卢卡
249998209,3246730,zh,拉瓜達盧普
249998286,3246731,zh,拉瓜达卢佩
249998363,3246732,zh,梅森·德·戈多伊
249998440,3246733,zh,洛斯克鲁塞斯
249998517,3246734,zh,\N
249998594,3246735,zh,洛斯诺维洛斯
249998671,3246736,zh,\N
249998748,3246737,zh,\N
249998825,3246738,zh,埃吉多·埃尔·帕纳尔
249998902,3246739,zh,\N
249998979,3246740,zh,埃尔瓜穆奇拉尔
249999056,3246741,zh,拉斯弗洛雷斯五科
249999133,3246742,zh,新进步
249999210,3246743,zh,圣马科斯
249999287,3246744,zh,洛马博尼塔
249999364,3246745,zh,埃尔奇拉尔
249999441,3246746,zh,新进步
249999518,3246747,zh,瓜达卢佩·埃尔·贾吉
249999595,3246748,zh,新进步
249999672,3246749,zh,圣塞巴斯蒂安
249999749,3246750,zh,塞佩尔·阿特
249999826,3246751,zh,拉斯克鲁塞斯
249999903,3246752,zh,杜拉兹纳尔
249999980,3246753,zh,康塞普西翁
250000057,3246754,zh,康塞普西翁
250000134,3246755,zh,圣洛伦索德昆蒂
250000211,3246756,zh,圣克鲁斯查西
250000288,3246757,zh,拉文塔
250000365,3246758,zh,维多利亚·坎佩西纳二世
250000442,3246759,zh,曼萨纳 1 号贝拉坎德拉里亚
250000519,3246760,zh,拉斯阿诺纳斯
250000596,3246761,zh,贝塔尼亚
250000673,3246762,zh,圣埃琳娜（特休特兰）
250000750,3246763,zh,普兰塔*维亚
250000827,3246764,zh,圣胡安韦拉克鲁斯
250000904,3246765,zh,圣胡安韦拉克鲁斯
250000981,3246766,zh,拉坎德拉里亚
250001058,3246767,zh,圣佩德罗·陈切拉
250001135,3246768,zh,圣何塞·克里斯蒂亚尼
250001212,3246769,zh,旧金山金巴尔
250001289,3246770,zh,普拉亚德尔索尔
250001366,3246771,zh,阿罗约·利伯塔德
250001443,3246772,zh,埃尔波蒂略
250001520,3246773,zh,埃尔罗萨里奥
250001597,3246774,zh,特拉皮奇托
250001674,3246775,zh,\N
250001751,3246776,zh,拉拉古尼塔
250001828,3246777,zh,古特奇（古特奇）
250001905,3246778,zh,\N
250001982,3246779,zh,\N
250002059,3246780,zh,惠约拉雷
250002136,3246781,zh,卡皮扎约
250002213,3246782,zh,拉拉哈
250002290,3246783,zh,塞塞卡梅尔
250002367,3246784,zh,布斯蒂洛斯的谢内吉塔
250002444,3246785,zh,拉斯普拉亚斯
250002521,3246786,zh,洛斯贝罗斯
250002598,3246787,zh,坎波诺文塔
250002675,3246788,zh,坎波诺文塔
250002752,3246789,zh,\N
250002829,3246790,zh,阿帕特拉科
250002906,3246791,zh,圣特雷莎德洛斯皮诺斯
250002983,3246792,zh,瓦伦西亚的萨波特斯
250003060,3246793,zh,聖赫拉爾多
250003137,3246794,zh,圣赫拉多
250003214,3246795,zh,埃尔莫利诺德尔普韦布洛
250003291,3246796,zh,\N
250003368,3246797,zh,洛斯卡多斯
250003445,3246798,zh,圣伊西德罗·德·比利亚尔潘多
250003522,3246799,zh,阿瓜扎尔卡
250003599,3246800,zh,埃尔查科 (埃尔罗梅拉尔)
250003753,3246802,zh,兰诺斯德尔穆尔托
250003830,3246803,zh,圣何塞德拉斯辅塔斯
250003907,3246804,zh,塔布拉德穆诺斯
250003984,3246805,zh,坦克*努埃沃
250004061,3246806,zh,洛杉矶
250004138,3246807,zh,洛杉矶
250004215,3246808,zh,埃尔皮塔哈约
250004292,3246809,zh,萨波蒂特兰
250004369,3246810,zh,加洛·德·马西尔
250004446,3246811,zh,齐兰达兰吉奥
250004523,3246812,zh,\N
250004600,3246813,zh,夸胡洛特
250004677,3246814,zh,拉索莱达
250004754,3246815,zh,\N
250004831,3246816,zh,\N
250004908,3246817,zh,埃尔林孔
250004985,3246818,zh,阿沃萊達斯
250005062,3246819,zh,隆戈
250005139,3246820,zh,埃尔霍约
250005216,3246821,zh,特韦特兰尼托
250005293,3246822,zh,洛斯拉德里洛斯
250005370,3246823,zh,埃尔纳兰贾尔
250005447,3246824,zh,卡拉科尔
250005524,3246825,zh,埃尔巴里奥德圣何塞
250005601,3246826,zh,阿瓜戈尔达
250005678,3246827,zh,拉巴兰卡德尔穆希
250005755,3246828,zh,拉斯阿拉萨纳斯
250005832,3246829,zh,\N
250005909,3246830,zh,巴兰基亚
250005986,3246831,zh,巴兰基亚
250006063,3246832,zh,阿瓜内格拉
250006140,3246833,zh,蒙泰隆戈
250006217,3246834,zh,蒙特隆戈
250006294,3246835,zh,米塞里亚和阿尼马斯
250006371,3246836,zh,洛斯塞达索斯
250006448,3246837,zh,\N
250006525,3246838,zh,\N
250006602,3246839,zh,\N
250006679,3246840,zh,纳卡特佩克
250006756,3246841,zh,纳卡特佩克
250006833,3246842,zh,阿卡特利帕
250006910,3246843,zh,埃尔特特帕约
250006987,3246844,zh,库内克斯特尔
250007064,3246845,zh,兰乔维耶霍
250007141,3246846,zh,埃爾桑圖阿里奧
250007218,3246847,zh,马加丹
250007295,3246848,zh,马加丹
250007372,3246849,zh,拉拉哈
250007449,3246850,zh,塞塞卡梅尔
250007526,3246851,zh,马贾瓦
250007603,3246852,zh,洛斯查皮尔斯
250007680,3246853,zh,拉格林加
250007757,3246854,zh,阿尔戈多内拉
250007834,3246855,zh,圣何塞
250007911,3246856,zh,埃尔卡杰特
250007988,3246857,zh,埃尔米拉多尔
250008065,3246858,zh,圣埃菲吉尼亚
250008142,3246859,zh,圣罗莎
250008219,3246860,zh,圣马科斯
250008296,3246861,zh,\N
250008373,3246862,zh,埃尔西里安
250008450,3246863,zh,科罗拉多德拉莫拉
250008527,3246864,zh,阿兹塔特佩克
250008604,3246865,zh,拉斯加勒拉斯
250008681,3246866,zh,\N
250008758,3246867,zh,洛斯奇奇卡斯尔斯
250008835,3246868,zh,洛斯奇奇卡斯尔斯
250008912,3246869,zh,阿罗约德尔弗莱尔
250008989,3246870,zh,拉拉古纳
250009066,3246871,zh,布埃纳维斯塔
250009143,3246872,zh,洛斯吉拉索莱斯
250009220,3246873,zh,帕里利亚二世
250009297,3246874,zh,埃尔贾吉
250009374,3246875,zh,胡安·迪格尔
250009451,3246876,zh,德维亚西翁克马多山
250009605,3246878,zh,拉奥罗拉（兰乔维耶霍）
250009682,3246879,zh,拉诺蒂格雷
250009759,3246880,zh,彼德拉斯·布兰卡斯
250009836,3246881,zh,迪维纳斯·弗洛雷斯
250009913,3246882,zh,埃尔林孔
250009990,3246883,zh,拉法布里卡
250010067,3246884,zh,波爾凡尼爾
250010144,3246885,zh,埃尔波韦尼尔
250010221,3246886,zh,联合德尔帕尔马
250010298,3246887,zh,阿瓜·弗里亚
250010375,3246888,zh,洛马德多洛尔
250010452,3246889,zh,\N
250010529,3246890,zh,弗洛雷斯塔
250010606,3246891,zh,齐马特兰布埃纳维斯塔
250010683,3246892,zh,科威特
250010760,3246893,zh,胡克索卡尔科
250010837,3246894,zh,阿萨卡特拉
250010914,3246895,zh,伊特兰蒂克斯卡利
250010991,3246896,zh,埃尔科
250011068,3246897,zh,圣安娜奥科特佩克
250011145,3246898,zh,贾兹敏
250011222,3246899,zh,拉韦尔蒂拉
250011299,3246900,zh,洛马斯·德·圣安东尼奥
250011376,3246901,zh,伊斯特拉瓦坎
250011453,3246902,zh,圣安东尼奥科阿特佩克（蒂拉布兰卡）
250011530,3246903,zh,埃尔坦佩克斯奎斯特
250011607,3246904,zh,圣胡安德迪奥斯
250011684,3246905,zh,拉科洛尼亚德圣佩德罗
250011761,3246906,zh,加拿大
250011838,3246907,zh,埃尔阿雷纳尔
250011915,3246908,zh,埃尔卡普林
250011992,3246909,zh,埃斯佩兰萨区（圣巴托洛）
250012069,3246910,zh,拉诺·拉戈·马拉维拉斯
250012146,3246911,zh,拉科洛尼亚特雷斯
250012223,3246912,zh,拉卡尔多纳
250012300,3246913,zh,拉佩尼亚德萨拉萨尔
250012377,3246914,zh,拉米西翁
250012454,3246915,zh,坦帕斯昆
250012531,3246916,zh,\N
250012608,3246917,zh,埃尔卡门
250012685,3246918,zh,埃尔塞德拉尔
250012762,3246919,zh,阿利西托斯
250012839,3246920,zh,埃尔瓦索
250012916,3246921,zh,\N
250012993,3246922,zh,\N
250013070,3246923,zh,拉斯陶纳斯
250013147,3246924,zh,赞琼
250013224,3246925,zh,帕洛斯布蘭科斯
250013301,3246926,zh,帕洛斯布兰科斯
250013378,3246927,zh,拉林科纳达
250013455,3246928,zh,拉林科纳达
250013532,3246929,zh,埃尔米拉多尔
250013609,3246930,zh,埃尔米拉多尔
250013686,3246931,zh,塞罗德尔弗雷尔
250013763,3246932,zh,帕索德拉别哈
250013840,3246933,zh,圣维森特
250013917,3246934,zh,洛斯劳雷莱斯
250013994,3246935,zh,埃尔卡斯塔诺
250014071,3246936,zh,诺诺阿尔科
250014148,3246937,zh,加拉帕塔
250014225,3246938,zh,拉洛马
250014302,3246939,zh,洛斯利里奥斯
250014379,3246940,zh,\N
250014456,3246941,zh,埃尔泰拉尔
250014533,3246942,zh,科洛尼亚·罗莎·博伦达·德·埃雷拉
250014610,3246943,zh,塞罗*德*莱昂（蒙多*拉罗）
250014687,3246944,zh,圣胡安·特松特莫克
250014764,3246945,zh,拉利马（库阿曼科）
250014841,3246946,zh,布埃纳维斯塔
250014918,3246947,zh,塞罗*阿祖尔
250014995,3246948,zh,圣何塞德尔可可
250015072,3246949,zh,兰乔维耶霍
250015149,3246950,zh,克斯科希尔
250015226,3246951,zh,洛斯波西托斯
250015303,3246952,zh,\N
250015380,3246953,zh,埃尔霍泰托
250015457,3246954,zh,瓜尔特里亚洛斯格里洛斯
250015534,3246955,zh,安托查二世
250015611,3246956,zh,埃尔帕拉伊索
250015688,3246957,zh,圣托马斯洛斯西门托斯
250015765,3246958,zh,圣托马斯洛斯西门托斯
250015842,3246959,zh,西奈山
250015919,3246960,zh,尼基丹巴
250015996,3246961,zh,埃斯佩兰萨
250016073,3246962,zh,坎维尼奇
250016150,3246963,zh,拉斯图纳斯
250016227,3246964,zh,马金查布
250016304,3246965,zh,亚克休尼奇
250016381,3246966,zh,蒙特洛斯奥利沃斯
250016458,3246967,zh,卡洛斯·赫拉尔多
250016535,3246968,zh,圣安东尼奥图伊克斯库姆
250016612,3246969,zh,赫伯托·卡斯蒂略·马丁内斯
250016689,3246970,zh,赫伯托·卡斯蒂略·马丁内斯
250016766,3246971,zh,亚拉腊
250016843,3246972,zh,圣罗莎
250016920,3246973,zh,洛斯·洛佩兹
250016997,3246974,zh,洛斯·洛佩兹
250017074,3246975,zh,拉雷普雷薩
250017151,3246976,zh,拉雷普雷萨
250017228,3246977,zh,佩德雷加尔·德·阿瓦霍
250017305,3246978,zh,兰乔阿雷格里
250017382,3246979,zh,拉斯加勒拉斯
250017459,3246980,zh,聖克魯斯
250017536,3246981,zh,圣克鲁斯
250017613,3246982,zh,耶尔巴布埃纳
250017690,3246983,zh,\N
250017767,3246984,zh,里卡多·弗洛雷斯·马贡
250017844,3246985,zh,帕尔马·帕哈尔·乌诺
250017921,3246986,zh,新蒙多洛斯皮诺斯
250017998,3246987,zh,梅萨*德*图切奇
250018075,3246988,zh,萨特沃
250018152,3246989,zh,卡胡拉雷
250018229,3246990,zh,埃尔曼萨诺
250018306,3246991,zh,埃尔曼萨诺
250018383,3246992,zh,圣马蒂尔德
250018460,3246993,zh,恩帕尔梅·阿奎莱拉
250018537,3246994,zh,恩帕尔梅·阿奎莱拉
250018614,3246995,zh,埃尔佩德雷戈索
250018691,3246996,zh,\N
250018768,3246997,zh,卡米诺真的是圣佩德罗
250018845,3246998,zh,拉索莱达
250018922,3246999,zh,拉诺*德*杰鲁萨伦
250018999,3247000,zh,瓦奇梅塔斯·德·阿里巴
250019076,3247001,zh,新洛贝拉
250019153,3247002,zh,\N
250019230,3247003,zh,林德罗·塔沃阿达
250019307,3247004,zh,拉马奎纳
250019384,3247005,zh,拉马奎纳
250019461,3247006,zh,埃斯坦西亚德班基托斯
250019538,3247007,zh,拉霍亚
250019615,3247008,zh,塞里托·布兰科
250019692,3247009,zh,波萨维德
250019769,3247010,zh,埃尔梅松西洛
250019846,3247011,zh,拉拉古纳
250019923,3247012,zh,拉斯米纳斯
250020000,3247013,zh,\N
250020077,3247014,zh,佐佐奎特拉
250020154,3247015,zh,佐佐奎特拉
250020231,3247016,zh,戈麦斯
250020308,3247017,zh,马斯蒂卡帕
250020385,3247018,zh,圣马科斯殖民地 图斯特佩克
250020462,3247019,zh,聖費爾南多
250020539,3247020,zh,圣费尔南多
250020616,3247021,zh,塞罗*亨诺
250020693,3247022,zh,科洛尼亚·埃米利亚诺·萨帕塔
250020770,3247023,zh,拉索莱达
250020847,3247024,zh,拉索莱达
250020924,3247025,zh,圣安娜
250021001,3247026,zh,埃尔帕拉杰
250021078,3247027,zh,特胡伊斯科
250021155,3247028,zh,特帕内卡
250021232,3247029,zh,莫兰戈齐
250021309,3247030,zh,埃尔塞德罗
250021386,3247031,zh,洛斯托卡莱斯
250021463,3247032,zh,\N
250021540,3247033,zh,圣安东尼奥德拉哈斯
250021617,3247034,zh,埃尔巴坦
250021694,3247035,zh,\N
250021771,3247036,zh,拉斯*明布雷斯
250021848,3247037,zh,埃尔巴吉奥
250021925,3247038,zh,埃尔罗萨里奥
250022002,3247039,zh,拉昆布雷
250022079,3247040,zh,苏潘克尔
250022156,3247041,zh,圣伊西德罗埃尔奇科
250022233,3247042,zh,阿塞拉德罗*别霍
250022310,3247043,zh,拉斯阿尼马斯
250022387,3247044,zh,\N
250022464,3247045,zh,曼萨纳拉佩拉
250022541,3247046,zh,\N
250022618,3247047,zh,拉帕尔米塔·德·奥斯图拉
250022695,3247048,zh,\N
250022772,3247049,zh,埃尔埃斯皮纳尔（圣何塞德尔米拉格罗）
250022849,3247050,zh,帕洛斯阿尔托斯
250022926,3247051,zh,米·兰奇托
250023003,3247052,zh,拉米纳
250023080,3247053,zh,拉米纳
250023157,3247054,zh,埃尔萨利特雷
250023234,3247055,zh,埃尔萨波蒂托
250023311,3247056,zh,托隆吉奥
250023388,3247057,zh,埃尔塔雷佩
250023465,3247058,zh,埃尔塔雷佩
250023542,3247059,zh,埃尔利蒙
250023619,3247060,zh,洛斯阿萨雷斯
250023696,3247061,zh,洛斯阿萨雷斯
250023773,3247062,zh,旧吉卡兰（拉古纳）
250023850,3247063,zh,科洛尼亚*萨尔托
250023927,3247064,zh,\N
250024004,3247065,zh,阿宗科
250024081,3247066,zh,\N
250024158,3247067,zh,埃尔卡里索
250024235,3247068,zh,拉斯康普塔斯
250024312,3247069,zh,埃尔帕纳索
250024389,3247070,zh,\N
250024466,3247071,zh,拉华纳米尔佩里亚
250024543,3247072,zh,巴里奥·蒙特苏马
250024620,3247073,zh,阿诺德华雷斯
250024697,3247074,zh,提西
250024774,3247075,zh,提西
250024851,3247076,zh,圣何塞（第二节）
250024928,3247077,zh,维斯塔赫莫萨
250025005,3247078,zh,兰乔·马丁·维森特
250025082,3247079,zh,圣克鲁斯（埃斯孔迪多牧场）
250025159,3247080,zh,普韦布洛亚诺
250025236,3247081,zh,科洛尼亚·科洛西奥
250025313,3247082,zh,科洛尼亚·科洛西奥
250025390,3247083,zh,贾尤科
250025467,3247084,zh,波爾凡尼爾
250025544,3247085,zh,埃尔波韦尼尔
250025621,3247086,zh,科洛尼亚 5 月 10 日
250025698,3247087,zh,格蘭德河
250025775,3247088,zh,格兰德河
250025852,3247089,zh,佩纳布兰卡
250025929,3247090,zh,伊格纳西奥·萨拉戈萨
250026006,3247091,zh,纳西索·门多萨
250026083,3247092,zh,奥霍·德·韦纳多
250026160,3247093,zh,阿雷纳莱斯
250026237,3247094,zh,阿雷纳莱斯
250026314,3247095,zh,彼德拉布蘭卡
250026391,3247096,zh,彼德拉·布兰卡
250026468,3247097,zh,彼德拉·安查
250026545,3247098,zh,圣塞西利亚
250026622,3247099,zh,圣塞西莉亚
250026699,3247100,zh,惠克斯特拉夸特拉
250026776,3247101,zh,拉斯皮拉斯
250026853,3247102,zh,埃尔卡里萨尔
250026930,3247103,zh,\N
250027007,3247104,zh,特佩西提特拉
250027084,3247105,zh,佩纳布兰卡
250027161,3247106,zh,埃尔瓜杰
250027238,3247107,zh,库阿奎尔科
250027315,3247108,zh,特科阿纳克
250027392,3247109,zh,拉巴罗萨
250027469,3247110,zh,埃尔耶索
250027546,3247111,zh,拉蓬德罗萨
250027700,3247113,zh,拉库奇拉
250027777,3247114,zh,圣维森特
250027854,3247115,zh,梅萨德拉克鲁斯
250027931,3247116,zh,\N
250028008,3247117,zh,圣阿马利亚
250028085,3247118,zh,圣阿玛利亚
250028162,3247119,zh,大巴伊亚普林西比
250028239,3247120,zh,\N
250028316,3247121,zh,埃斯库阿约
250028393,3247122,zh,科罗拉达湖
250028470,3247123,zh,科罗拉多湖
250028547,3247124,zh,拉马坦萨
250028624,3247125,zh,拉巴兰卡
250028701,3247126,zh,埃尔兰奇托
250028778,3247127,zh,埃爾普羅格雷索
250028855,3247128,zh,埃尔普罗格雷索
250028932,3247129,zh,索诺戈里斯
250029009,3247130,zh,\N
250029086,3247131,zh,坎帕尼利亚斯
250029163,3247132,zh,坎帕尼利亚斯
250029240,3247133,zh,阿瓜·弗里亚
250029317,3247134,zh,埃尔瓜纳尔
250029394,3247135,zh,\N
250029471,3247136,zh,马格达莱诺·阿吉拉尔
250029548,3247137,zh,巴尔德拉斯
250029625,3247138,zh,巴尔德拉斯
250029702,3247139,zh,拉阿兹特克
250029779,3247140,zh,拉亚瓜
250029856,3247141,zh,拉亚瓜
250029933,3247142,zh,皮诺利洛
250030010,3247143,zh,普拉亚阿苏尔
250030087,3247144,zh,拉古纳德尔罗布尔
250030164,3247145,zh,普恩特奇科
250030241,3247146,zh,拉斯皮拉斯
250030318,3247147,zh,拉斯皮拉斯
250030395,3247148,zh,洛马阿尔塔
250030472,3247149,zh,洛马阿尔塔
250030549,3247150,zh,兰乔阿雷格里
250030626,3247151,zh,埃尔利蒙
250030703,3247152,zh,布宜诺斯艾利斯（普韦布洛维耶霍）
250030780,3247153,zh,托托卡潘
250030857,3247154,zh,拉塞比拉
250030934,3247155,zh,萨卡特佩克
250031011,3247156,zh,玻利瓦尔
250031088,3247157,zh,埃尔卡洪
250031165,3247158,zh,蒂娜娅·德·马塔
250031242,3247159,zh,拉露娜
250031319,3247160,zh,弗朗西斯科·维拉·普莱梅拉 (圣贝尔纳多)
250031396,3247161,zh,拉帕爾馬島
250031473,3247162,zh,拉斯莫尼卡斯
250031550,3247163,zh,巴兰卡塞卡
250031627,3247164,zh,赫克托·蒙特斯·帕拉
250031704,3247165,zh,拉斯阿马波拉斯
250031781,3247166,zh,拉斯阿马波拉斯
250031858,3247167,zh,科洛尼亚阿格里科拉·文森特·格雷罗
250031935,3247168,zh,拉阿诺纳
250032012,3247169,zh,\N
250032089,3247170,zh,塞里托·拉文蒂亚
250032166,3247171,zh,洛斯莱安德罗斯
250032243,3247172,zh,埃斯佩兰萨
250032320,3247173,zh,科阿惠利塔
250032397,3247174,zh,洛斯劳雷莱斯
250032474,3247175,zh,洛斯劳雷莱斯
250032551,3247176,zh,埃尔贝伦
250032628,3247177,zh,圣巴尔塔扎
250032705,3247178,zh,旧金山拉普里马维拉
250032782,3247179,zh,约尔坎蒂奇
250032859,3247180,zh,圣帕斯夸尔·拜隆
250032936,3247181,zh,新希腊（圣安托林）
250033013,3247182,zh,圣马特奥·纳蒂尔·克鲁斯·拉斯·孔奇塔斯
250033090,3247183,zh,圣马特奥·纳蒂尔·克鲁斯·拉斯·孔奇塔斯
250033167,3247184,zh,伊格纳西奥·萨拉戈萨
250033244,3247185,zh,新圣达菲
250033398,3247187,zh,\N
250033475,3247188,zh,阿科钦
250033552,3247189,zh,卡巴列特*莫托津特拉
250033629,3247190,zh,\N
250033706,3247191,zh,查普尔特佩克
250033783,3247192,zh,圣何塞
250033860,3247193,zh,洛斯曼吉托斯
250033937,3247194,zh,所罗门·冈萨雷斯·布兰科
250034014,3247195,zh,拉斯皮拉斯
250034091,3247196,zh,圣克拉拉
250034168,3247197,zh,圣克拉拉
250034245,3247198,zh,拉斯皮拉斯
250034322,3247199,zh,埃尔科卡尔
250034399,3247200,zh,科阿佩切
250034476,3247201,zh,拉帕特里亚
250034553,3247202,zh,聖胡安
250034630,3247203,zh,圣胡安
250034707,3247204,zh,索西略·德·洛斯·卢戈
250034784,3247205,zh,埃尔塔斯卡特
250034861,3247206,zh,埃尔皮纳贝特
250034938,3247207,zh,埃尔巴吉奥
250035015,3247208,zh,拉斯马尔维纳斯
250035092,3247209,zh,\N
250035169,3247210,zh,恩西诺·阿马里洛
250035246,3247211,zh,埃尔塞罗德尔奥索
250035323,3247212,zh,普雷萨德拉马奎纳
250035400,3247213,zh,埃尔帕莱索（圣何塞）
250035477,3247214,zh,\N
250035554,3247215,zh,华雷斯别墅
250035631,3247216,zh,圣何塞德尔亚诺
250035708,3247217,zh,拉昆布雷
250035785,3247218,zh,阿尔塔米拉
250035862,3247219,zh,埃尔特科洛特
250035939,3247220,zh,科洛尼亚拉佩拉
250036016,3247221,zh,\N
250036093,3247222,zh,\N
250036170,3247223,zh,\N
250036247,3247224,zh,玛吉·奎特
250036324,3247225,zh,埃尔塞里托德洛斯佩雷斯
250036401,3247226,zh,埃尔帕拉伊索
250036478,3247227,zh,埃尔帕拉伊索
250036555,3247228,zh,彼德拉·德尔·蒂格雷
250036632,3247229,zh,普恩特德尔图扎尔
250036709,3247230,zh,\N
250036786,3247231,zh,埃尔萨马诺
250036863,3247232,zh,阿佐尤克·奇基托
250036940,3247233,zh,阿特兹卡帕
250037017,3247234,zh,曼萨尼塔斯
250037094,3247235,zh,圣马特奥布埃纳维斯塔
250037171,3247236,zh,洛斯萨比诺斯
250037248,3247237,zh,科帕尔蒂特拉
250037325,3247238,zh,辛德霍第二 (辛德霍·索西洛)
250037402,3247239,zh,洛斯波索斯洪多斯
250037479,3247240,zh,卡皮扎约
250037556,3247241,zh,圣米格尔德拉斯图纳斯
250037633,3247242,zh,科罗拉多州铁拉斯
250037710,3247243,zh,洛斯林科内斯
250037787,3247244,zh,埃尔瓦莱西托
250037864,3247245,zh,埃尔劳雷尔
250037941,3247246,zh,埃尔劳雷尔
250038018,3247247,zh,富恩特西拉斯
250038095,3247248,zh,科迪托
250038172,3247249,zh,\N
250038249,3247250,zh,洛斯皮诺斯
250038326,3247251,zh,洛斯皮诺斯
250038403,3247252,zh,拉普雷萨
250038480,3247253,zh,拉韦尔塔
250038557,3247254,zh,\N
250038634,3247255,zh,曼萨纳·德·奇奇凯什勒
250038711,3247256,zh,\N
250038788,3247257,zh,帕洛马斯（塞罗德尔加洛）
250038865,3247258,zh,埃尔恩巴卡德罗
250038942,3247259,zh,华吉尼基尔
250039019,3247260,zh,科罗拉多州埃尔梅森
250039096,3247261,zh,马拉瓦蒂奥
250039173,3247262,zh,布埃纳维斯塔
250039250,3247263,zh,布埃纳维斯塔
250039327,3247264,zh,埃尔米拉多尔
250039404,3247265,zh,奥尔蒂加·德拉·雷福马
250039481,3247266,zh,埃尔卡列容
250039558,3247267,zh,科洛尼亚布埃纳维斯塔
250039635,3247268,zh,\N
250039712,3247269,zh,萨卡瓦卡特拉
250039789,3247270,zh,蒙特维德
250039866,3247271,zh,埃爾卡爾瓦里奧
250039943,3247272,zh,萨拉戈萨
250040020,3247273,zh,萨拉戈萨
250040097,3247274,zh,洛马德帕斯托
250040174,3247275,zh,\N
250040251,3247276,zh,\N
250040328,3247277,zh,布埃纳维斯塔
250040405,3247278,zh,布埃纳维斯塔
250040482,3247279,zh,西尔维里奥·拉·阿罗塞拉
250040559,3247280,zh,西尔维里奥·拉·阿罗塞拉
250040636,3247281,zh,阿罗约德尔萨比诺
250040713,3247282,zh,\N
250040790,3247283,zh,埃尔雷莫利诺
250040867,3247284,zh,埃尔佩斯卡迪托
250040944,3247285,zh,耶尔巴圣诞老人
250041021,3247286,zh,\N
250041098,3247287,zh,派德拉佩纳
250041175,3247288,zh,卡巴拉
250041252,3247289,zh,\N
250041329,3247290,zh,洛马·德·皮帕尔
250041406,3247291,zh,里奥·霍尔米加
250041483,3247292,zh,托西
250041560,3247293,zh,拉斯阿德尔法斯
250041637,3247294,zh,拉斯彼德拉斯 (圣安东尼奥拉斯彼德拉斯)
250041714,3247295,zh,埃尔卡普林·奥科哈拉
250041791,3247296,zh,科洛尼亚新普罗格雷索
250041868,3247297,zh,洛斯阿格塔
250041945,3247298,zh,洛斯阿格塔
250042022,3247299,zh,拉努埃瓦罗马
250042099,3247300,zh,\N
250042176,3247301,zh,梅萨德尔坎帕纳里奥
250042253,3247302,zh,\N
250042330,3247303,zh,埃尔卡普林奇科
250042407,3247304,zh,埃尔科洛特
250042484,3247305,zh,布埃纳维斯塔
250042561,3247306,zh,格兰哈·拉古尼塔
250042638,3247307,zh,埃爾貝貝德羅
250042715,3247308,zh,埃尔贝贝德罗
250042792,3247309,zh,洛斯普拉塔尼托斯
250042869,3247310,zh,埃尔卡洪西托
250042946,3247311,zh,坎波埃尔印第奥
250043023,3247312,zh,新科萨拉
250043100,3247313,zh,莫雷洛斯州（波佐莱）
250043177,3247314,zh,雷蒙娜·里奥斯
250043254,3247315,zh,\N
250043331,3247316,zh,\N
250043408,3247317,zh,曼努埃尔·卡瓦佐斯·莱尔马
250043485,3247318,zh,克鲁兹佛得角
250043562,3247319,zh,埃尔克里斯平 (圣克里斯平)
250043639,3247320,zh,阿西洛·德·安西亚诺斯·圣犹大·塔德奥
250043716,3247321,zh,维斯塔赫莫萨
250043793,3247322,zh,蓬塔瓦连特
250043870,3247323,zh,埃吉多·贾兹明
250043947,3247324,zh,林孔瓦尼拉
250044024,3247325,zh,科罗拉多州阿罗约
250044101,3247326,zh,蒙特*奥布库罗
250044178,3247327,zh,琳达·塔尔德
250044255,3247328,zh,琳达·塔德
250044332,3247329,zh,帕索·蒂蒙
250044409,3247330,zh,拉科布兰萨
250044486,3247331,zh,拉科雷吉多拉
250044563,3247332,zh,圣安东尼奥
250044640,3247333,zh,圣安东尼奥
250044717,3247334,zh,\N
250044794,3247335,zh,圣地亚哥帕索
250044871,3247336,zh,阿罗约德尔蒙特
250044948,3247337,zh,埃爾蒂格雷
250045025,3247338,zh,埃爾克魯塞羅
250045102,3247339,zh,埃尔克鲁塞罗
250045179,3247340,zh,埃尔阿雷纳尔
250045256,3247341,zh,圣安东尼奥拉利伯塔德
250045333,3247342,zh,\N
250045410,3247343,zh,沙利斯弗洛
250045487,3247344,zh,马里亚尼塔斯（玛丽安娜·埃利亚斯·德·罗德里格斯 饰）
250045564,3247345,zh,洛斯萨比诺斯
250045641,3247346,zh,华雷斯殖民地
250045718,3247347,zh,圣豪尔赫
250045795,3247348,zh,圣豪尔赫
250045872,3247349,zh,拉古纳塞卡
250045949,3247350,zh,埃尔科基托
250046026,3247351,zh,阿罗约·塞科
250046103,3247352,zh,新约克
250046180,3247353,zh,安吉利斯·奇克斯特提克
250046257,3247354,zh,奥辛博
250046334,3247355,zh,圣安妮塔
250046411,3247356,zh,布埃纳维斯塔·新埃斯佩兰萨
250046488,3247357,zh,贝伦
250046565,3247358,zh,埃尔乔罗
250046642,3247359,zh,马米蒂
250046719,3247360,zh,圣罗莎拉利伯塔德
250046796,3247361,zh,埃尔卡门
250046873,3247362,zh,埃尔雷库尔多
250046950,3247363,zh,坎佩切州
250047027,3247364,zh,坎佩切
250047104,3247365,zh,里约布拉沃
250047181,3247366,zh,弗洛里多山
250047258,3247367,zh,胡安·冈萨雷斯·埃斯彭达
250047335,3247368,zh,埃尔科内霍
250047412,3247369,zh,拉皮纳达
250047489,3247370,zh,圣拉萨罗拉斯皮拉斯
250047566,3247371,zh,圣巴托洛
250047643,3247372,zh,\N
250047720,3247373,zh,\N
250047797,3247374,zh,埃吉普托
250047874,3247375,zh,\N
250047951,3247376,zh,圣阿马利亚
250048028,3247377,zh,圣阿玛利亚
250048105,3247378,zh,埃吉多·萨拉戈萨
250048182,3247379,zh,\N
250048259,3247380,zh,罗米奇
250048336,3247381,zh,圣伊西德罗
250048413,3247382,zh,圣伊西德罗
250048490,3247383,zh,特莫克拉卢卡
250048567,3247384,zh,帕拉赫·拉克鲁斯
250048644,3247385,zh,康特拉科
250048721,3247386,zh,拉尼托·索里亚纳
250048798,3247387,zh,梅萨德拉托雷西拉
250048875,3247388,zh,\N
250048952,3247389,zh,拉库皮亚
250049029,3247390,zh,拉库皮亚
250049106,3247391,zh,洛斯格雷罗
250049183,3247392,zh,格兰哈·罗伯斯
250049260,3247393,zh,瓦拉尔·德拉卢斯
250049337,3247394,zh,\N
250049414,3247395,zh,\N
250049491,3247396,zh,布埃纳维斯塔*特塞罗
250049568,3247397,zh,梅萨斯德阿尔曼萨
250049645,3247398,zh,\N
250049722,3247399,zh,维斯塔阿雷格雷
250049799,3247400,zh,维斯塔阿雷格雷
250049876,3247401,zh,坎特拉罗莎
250049953,3247402,zh,\N
250050030,3247403,zh,\N
250050107,3247404,zh,科洛尼亚·莫雷诺
250050184,3247405,zh,埃尔平赞
250050261,3247406,zh,埃尔卡马龙
250050338,3247407,zh,林康奇基托
250050415,3247408,zh,阿罗约圣马丁
250050492,3247409,zh,\N
250050569,3247410,zh,昌贡加尔
250050646,3247411,zh,埃爾西魯埃洛
250050723,3247412,zh,埃尔西鲁埃洛
250050800,3247413,zh,埃尔马梅亚尔
250050877,3247414,zh,埃尔波特雷罗
250050954,3247415,zh,圣伊西德罗
250051031,3247416,zh,圣伊西德罗
250051108,3247417,zh,特拉佐基蒂帕
250051185,3247418,zh,多兹比（洛马斯·德·索奇特兰）
250051262,3247419,zh,库奥特莫克
250051339,3247420,zh,拉梅萨
250051416,3247421,zh,拉米萨
250051493,3247422,zh,埃尔雷利托
250051570,3247423,zh,帕洛斯科罗拉多斯
250051647,3247424,zh,克鲁兹*德尔*卡尔瓦里奥
250051724,3247425,zh,科罗拉多州阿罗约
250051801,3247426,zh,\N
250051878,3247427,zh,埃尔卡普林德加尔瓦内斯
250051955,3247428,zh,\N
250052032,3247429,zh,埃尔桑托
250052109,3247430,zh,洛斯兰乔斯
250052186,3247431,zh,拉索莱达
250052263,3247432,zh,奇蒂略
250052340,3247433,zh,\N
250052417,3247434,zh,埃吉多·托托尔津戈
250052494,3247435,zh,\N
250052571,3247436,zh,科洛尼亚卡莱圣克鲁斯阿马利纳尔科
250052648,3247437,zh,阿道弗·鲁伊斯·科尔蒂内斯
250052725,3247438,zh,阿道夫·鲁伊斯·科尔蒂内斯
250052802,3247439,zh,埃尔塞罗布兰科 (拉斯加勒拉斯)
250052879,3247440,zh,埃尔萨拉多（帕尔马竞技场）
250052956,3247441,zh,拉斯佩纳斯
250053033,3247442,zh,瓦拉尔·德拉斯·弗洛雷斯
250053110,3247443,zh,圣安东尼奥奥霍德阿瓜
250053187,3247444,zh,洛斯马穆洛斯
250053264,3247445,zh,圣安东尼奥塔里查多
250053341,3247446,zh,圣卡塔琳娜州
250053418,3247447,zh,圣特雷莎
250053495,3247448,zh,埃尔普拉塔诺
250053572,3247449,zh,拉米萨阿尔塔
250053649,3247450,zh,\N
250053726,3247451,zh,帕洛·皮卡多
250053803,3247452,zh,\N
250053880,3247453,zh,\N
250053957,3247454,zh,阿宗帕
250054034,3247455,zh,\N
250054111,3247456,zh,奥蒂利奥·蒙塔诺
250054188,3247457,zh,拉斯阿诺纳斯
250054265,3247458,zh,波波塔
250054342,3247459,zh,圣拉斐尔·德尔·卡斯蒂略
250054419,3247460,zh,拉瓜達盧普
250054496,3247461,zh,拉瓜达卢佩
250054573,3247462,zh,\N
250054650,3247463,zh,埃爾克魯塞羅
250054727,3247464,zh,维森特格雷罗
250054804,3247465,zh,维森特·格雷罗
250054881,3247466,zh,彼德拉·阿祖尔
250054958,3247467,zh,乔亚·格兰德
250055035,3247468,zh,林达维斯塔区
250055112,3247469,zh,普韦布洛亚诺
250055189,3247470,zh,圣豪尔赫·布埃纳维斯塔
250055266,3247471,zh,塞罗耶尔巴德波洛
250055343,3247472,zh,改革
250055420,3247473,zh,里约音色
250055497,3247474,zh,德维亚西翁·尤库达
250055574,3247475,zh,瓜达卢佩区
250055651,3247476,zh,拉露娜
250055728,3247477,zh,帕萊斯蒂納
250055805,3247478,zh,帕朗
250055882,3247479,zh,埃尔卡普林
250055959,3247480,zh,科洛尼亚维斯塔德尔瓦莱
250056036,3247481,zh,科洛尼亚维斯塔德尔瓦莱
250056113,3247482,zh,塞罗德拉奥拉
250056190,3247483,zh,拉古娜恩坎塔达
250056267,3247484,zh,拉洛马
250056344,3247485,zh,切罗奇诺
250056421,3247486,zh,矢田由
250056498,3247487,zh,埃尔帕洛马尔
250056575,3247488,zh,埃尔帕洛马尔
250056652,3247489,zh,洛马·德·塞博拉
250056729,3247490,zh,埃尔帕尔马
250056806,3247491,zh,洛马加拿大佛得角
250056883,3247492,zh,恰帕斯之花
250056960,3247493,zh,埃尔普埃布利托
250057037,3247494,zh,埃尔林德罗
250057114,3247495,zh,洛马博尼塔
250057191,3247496,zh,\N
250057268,3247497,zh,阿瓜布兰卡
250057345,3247498,zh,\N
250057422,3247499,zh,塔托克
250057499,3247500,zh,彼德拉布蘭卡
250057576,3247501,zh,彼德拉·布兰卡
250057653,3247502,zh,特瓦克斯特拉
250057730,3247503,zh,\N
250057807,3247504,zh,圣埃琳娜
250057884,3247505,zh,圣马丁德波雷斯
250057961,3247506,zh,\N
250058038,3247507,zh,瓜达卢佩
250058115,3247508,zh,肖坦潘
250058192,3247509,zh,春华
250058269,3247510,zh,乔波伊
250058346,3247511,zh,萨卡佩特拉约·图赞特拉
250058423,3247512,zh,拉洛马
250058500,3247513,zh,拉斯曼加斯多斯
250058577,3247514,zh,埃尔卡拉霍
250058654,3247515,zh,特帕姆（阿尔塔米拉）
250058731,3247516,zh,科洛尼亚拉埃斯特雷拉
250058808,3247517,zh,丹索纳帕
250058885,3247518,zh,拉斯阿瓜米塔斯
250058962,3247519,zh,拉斯卡尼塔斯
250059039,3247520,zh,埃尔阿尼尔
250059116,3247521,zh,帕斯夸尔诉艾恩
250059193,3247522,zh,坎波卡诺拉斯
250059270,3247523,zh,阿图罗·索托
250059347,3247524,zh,埃尔科梅塔
250059424,3247525,zh,佐纳住宅区
250059501,3247526,zh,\N
250059578,3247527,zh,迪亚兹·米龙
250059655,3247528,zh,圣卢卡斯
250059732,3247529,zh,拉卡皮利塔
250059809,3247530,zh,塔库巴亚 (阿特拉克科)
250059886,3247531,zh,\N
250059963,3247532,zh,拉斯卡诺阿斯
250060040,3247533,zh,拉斯卡诺阿斯
250060117,3247534,zh,瓜达卢佩·卡斯特罗·莫雷诺
250060194,3247535,zh,耶尔巴布埃纳
250060271,3247536,zh,卡贝萨
250060348,3247537,zh,克鲁兹奇基塔
250060425,3247538,zh,\N
250060502,3247539,zh,特拉马尼克格兰德
250060579,3247540,zh,特拉马尼克格兰德
250060656,3247541,zh,科内霍斯
250060733,3247542,zh,埃尔科巴纳尔
250060810,3247543,zh,埃尔罗萨里奥
250060887,3247544,zh,波夫拉多·德·科拉利洛
250060964,3247545,zh,赫尔马诺斯·科尔多瓦
250061041,3247546,zh,塞罗*图尼利亚
250061118,3247547,zh,洛马德尔瓦科
250061195,3247548,zh,塞罗德拉斯海螺
250061272,3247549,zh,阿库阿提特拉
250061349,3247550,zh,莱奥吉
250061426,3247551,zh,新理想德阿里巴
250061503,3247552,zh,\N
250061580,3247553,zh,拉苏利亚娜·特雷斯
250061657,3247554,zh,巴霍德莫亚
250061734,3247555,zh,埃尔萨尔托
250061811,3247556,zh,拉卢兹
250061888,3247557,zh,\N
250061965,3247558,zh,阿卡普尔科
250062042,3247559,zh,阿卡普尔科
250062119,3247560,zh,萨尔托德尔蒂格雷
250062196,3247561,zh,洛斯塞里托斯
250062273,3247562,zh,圣安东尼奥阿拉克特
250062350,3247563,zh,圣卡洛斯
250062427,3247564,zh,圣卡洛斯
250062504,3247565,zh,贾拉帕
250062581,3247566,zh,埃尔卡里萨尔
250062658,3247567,zh,佩特马克
250062735,3247568,zh,维多利亚·坎佩西纳一世
250062812,3247569,zh,维多利亚·坎佩西纳一世
250062889,3247570,zh,马塔萨诺
250062966,3247571,zh,马塔萨诺
250063043,3247572,zh,锡耶特兰乔斯
250063120,3247573,zh,钦图利托·坎帕门托
250063197,3247574,zh,拉利伯塔德
250063274,3247575,zh,聖克魯斯
250063351,3247576,zh,圣克鲁斯
250063428,3247577,zh,皮卡乔斯
250063505,3247578,zh,拉斯贾里拉斯
250063582,3247579,zh,惠池
250063659,3247580,zh,奥里沃
250063736,3247581,zh,伊瓜拉计划(拉塔皮亚)
250063813,3247582,zh,埃尔卡卡斯尔
250063890,3247583,zh,埃尔卡卡斯尔
250063967,3247584,zh,洛斯德蒙特斯
250064044,3247585,zh,丘皮·梅杜斯
250064121,3247586,zh,蓬塔阿瓦坦科
250064198,3247587,zh,伊兹陶哈格卡
250064275,3247588,zh,埃爾查爾科
250064352,3247589,zh,埃尔查科
250064429,3247590,zh,波特雷里托·德·卡拉斯科
250064506,3247591,zh,巴焦德拉中国
250064583,3247592,zh,拉斯克鲁塞斯
250064660,3247593,zh,拉斯克鲁塞斯
250064737,3247594,zh,圣帕特里西奥
250064814,3247595,zh,埃尔卡洪
250064891,3247596,zh,多斯德阿布里尔
250064968,3247597,zh,埃尔品味
250065045,3247598,zh,拉加莱拉德加拉多
250065122,3247599,zh,拉马拉纳
250065199,3247600,zh,格兰哈萨瓦拉 (格兰哈普罗维登西亚)
250065276,3247601,zh,格兰哈萨瓦拉 (格兰哈普罗维登西亚)
250065353,3247602,zh,埃尔塞里托（拉斯帕尔马斯）
250065430,3247603,zh,洛斯查科斯
250065507,3247604,zh,\N
250065584,3247605,zh,拉康普尔蒂塔
250065661,3247606,zh,科罗拉多州普雷萨
250065738,3247607,zh,波特雷罗·德拉克鲁斯
250065815,3247608,zh,拉斯塔莱加斯（阿纳斯塔西奥·巴萨尔杜阿·涅托 饰）
250065892,3247609,zh,\N
250065969,3247610,zh,阿罗约格兰德德尔帕拉伊索
250066046,3247611,zh,\N
250066123,3247612,zh,加拿大
250066200,3247613,zh,\N
250066277,3247614,zh,\N
250066354,3247615,zh,\N
250066431,3247616,zh,新意大利
250066508,3247617,zh,拉拉古纳
250066585,3247618,zh,\N
250066662,3247619,zh,阿罗约·萨波特
250066739,3247620,zh,阿罗约·萨波特
250066816,3247621,zh,\N
250066893,3247622,zh,瓦伦特·德拉克鲁斯殖民地
250066970,3247623,zh,洛斯奥尔尼托斯 (拉卡纳)
250067047,3247624,zh,科尤尔·格兰德
250067124,3247625,zh,埃尔萨波蒂托
250067201,3247626,zh,圣胡安德尔里奥
250067278,3247627,zh,普雷萨·弗朗西斯科·马德罗
250067355,3247628,zh,圣胡安夸胡滕戈
250067432,3247629,zh,帕尔米拉斯
250067509,3247630,zh,阿特拉尔潘
250067586,3247631,zh,拉库奇拉
250067663,3247632,zh,努埃瓦别墅
250067740,3247633,zh,洛马斯·德·圣地亚哥
250067817,3247634,zh,埃尔奇奇梅科
250067894,3247635,zh,阿莫莱拉
250067971,3247636,zh,埃尔普埃布利托
250068048,3247637,zh,班提
250068125,3247638,zh,\N
250068202,3247639,zh,克鲁兹佛得角
250068279,3247640,zh,\N
250068356,3247641,zh,拉霍亚
250068433,3247642,zh,拉斯卡雷拉斯
250068510,3247643,zh,\N
250068587,3247644,zh,圣何塞德尔蒙特
250068664,3247645,zh,埃尔卡斯蒂略
250068741,3247646,zh,埃尔卡斯蒂略
250068818,3247647,zh,埃爾阿爾托
250068895,3247648,zh,埃尔阿尔托
250068972,3247649,zh,科罗拉多梅萨
250069049,3247650,zh,\N
250069126,3247651,zh,巴兰卡德尔科约尔
250069203,3247652,zh,拉诺帕莱拉
250069280,3247653,zh,拉康奇塔
250069357,3247654,zh,圣佩德罗埃尔格兰德
250069434,3247655,zh,西瓜皮拉
250069511,3247656,zh,波特雷罗德尔道德
250069588,3247657,zh,科洛尼亚·巴里奥斯
250069665,3247658,zh,\N
250069742,3247659,zh,拉特赫里亚
250069819,3247660,zh,帕洛阿尔托
250069896,3247661,zh,兰乔弗鲁塔尔
250069973,3247662,zh,漫画德查韦斯
250070050,3247663,zh,拉古尼利亚斯
250070127,3247664,zh,拉古尼利亚斯
250070204,3247665,zh,阿马波拉斯德尔里奥
250070281,3247666,zh,聖多明哥
250070358,3247667,zh,圣多明各
250070435,3247668,zh,卡萨布兰卡
250070512,3247669,zh,拉瓜迪亚
250070589,3247670,zh,\N
250070666,3247671,zh,拉科弗拉迪亚
250070743,3247672,zh,埃尔阿瓜格兰德
250070820,3247673,zh,科洛尼亚阿瓜弗里亚
250070897,3247674,zh,科洛尼亚阿瓜弗里亚
250070974,3247675,zh,洛斯西门托斯
250071051,3247676,zh,洛斯利亞尼托斯
250071128,3247677,zh,洛斯亚尼托斯
250071205,3247678,zh,拉塔贝尔纳
250071282,3247679,zh,洛斯卡洪斯
250071359,3247680,zh,林达维斯塔港
250071436,3247681,zh,圣达菲奇瓦瓦州
250071513,3247682,zh,绍西洛
250071590,3247683,zh,\N
250071667,3247684,zh,拉康塞普西翁
250071744,3247685,zh,科扎拉
250071821,3247686,zh,阿罗约·萨波特
250071898,3247687,zh,埃尔坎格雷霍
250071975,3247688,zh,圣胡安·尤塔库因
250072052,3247689,zh,洛马阿尔塔科罗拉多州
250072129,3247690,zh,\N
250072206,3247691,zh,\N
250072283,3247692,zh,\N
250072360,3247693,zh,\N
250072437,3247694,zh,圣马科斯埃尔科尤尔
250072514,3247695,zh,埃尔塞德罗
250072591,3247696,zh,埃尔塞德罗
250072668,3247697,zh,洛马·德·特拉夸什
250072745,3247698,zh,\N
250072822,3247699,zh,\N
250072899,3247700,zh,阿罗约·奥布斯库罗
250072976,3247701,zh,拉希尔巴圣诞老人
250073053,3247702,zh,埃斯皮纳尔
250073130,3247703,zh,马里亚诺·胡安·卡斯蒂略
250073207,3247704,zh,科帕莱斯
250073284,3247705,zh,拉帕伊拉
250073361,3247706,zh,拉派拉
250073438,3247707,zh,埃斯梅拉达
250073515,3247708,zh,瓜达卢佩
250073592,3247709,zh,拉洛马
250073669,3247710,zh,穆西拉戈
250073746,3247711,zh,改革
250073823,3247712,zh,洛斯弗雷斯诺斯
250073900,3247713,zh,佐蒂克
250073977,3247714,zh,兰乔洛斯阿特阿加
250074054,3247715,zh,拉斯弗拉瓜斯
250074131,3247716,zh,拉埃爾米塔
250074208,3247717,zh,拉埃尔米塔
250074285,3247718,zh,洛斯希门尼斯
250074362,3247719,zh,埃斯佩兰萨
250074439,3247720,zh,特佩特兰科
250074516,3247721,zh,埃尔柠檬西托
250074593,3247722,zh,巴拉哈斯
250074670,3247723,zh,普羅維登西亞
250074747,3247724,zh,普罗维登西亚
250074824,3247725,zh,埃爾西魯埃洛
250074901,3247726,zh,埃尔西鲁埃洛
250074978,3247727,zh,洛斯特雷霍斯
250075055,3247728,zh,拉乔伊塔
250075132,3247729,zh,拉斯鲁西亚斯
250075209,3247730,zh,兰乔维耶霍
250075286,3247731,zh,圣巴巴拉
250075363,3247732,zh,拉斯拉哈斯
250075440,3247733,zh,坎波拉斯卡罗莱纳州
250075517,3247734,zh,索諾拉州
250075594,3247735,zh,索诺拉
250075671,3247736,zh,苏阿基·德拉坎德拉里亚
250075748,3247737,zh,小烛树（拉斯帕尔米塔斯）
250075825,3247738,zh,\N
250075902,3247739,zh,\N
250075979,3247740,zh,埃尔雷文顿
250076056,3247741,zh,埃尔恩西纳尔
250076133,3247742,zh,埃尔恩西纳尔
250076210,3247743,zh,奇奇克拉
250076287,3247744,zh,拉柯瓦
250076364,3247745,zh,巴兰卡本田
250076441,3247746,zh,卢西奥·布兰科
250076518,3247747,zh,\N
250076595,3247748,zh,拉航站楼
250076672,3247749,zh,埃尔阿马特（特佩西卢阿潘）
250076749,3247750,zh,塔莫安查·托特拉利
250076826,3247751,zh,\N
250076903,3247752,zh,圣康苏埃洛
250076980,3247753,zh,瓜达卢佩
250077057,3247754,zh,\N
250077134,3247755,zh,特佩塔蒂洛
250077211,3247756,zh,特佩塔蒂洛
250077288,3247757,zh,拉斯克鲁塞斯
250077365,3247758,zh,文图拉 (布埃纳文图拉)
250077442,3247759,zh,埃尔阿拉克兰
250077519,3247760,zh,拉博基亚 (帕洛科罗拉多州)
250077596,3247761,zh,圣胡安德拉帕尔马
250077673,3247762,zh,拉埃斯特雷亚 [兰乔]
250077750,3247763,zh,拉普埃爾塔
250077827,3247764,zh,拉普尔塔
250077904,3247765,zh,陈乔吉·拉库布雷
250077981,3247766,zh,圣安东尼奥 蒙特雷
250078058,3247767,zh,埃尔奇纳尔
250078135,3247768,zh,拉皮纳迪塔
250078212,3247769,zh,拉皮纳迪塔
250078289,3247770,zh,拉奥奎迪亚
250078366,3247771,zh,瓜亚比拉尔
250078443,3247772,zh,埃米利亚诺·萨帕塔
250078520,3247773,zh,埃米利亚诺·萨帕塔
250078597,3247774,zh,洛斯利莫内斯
250078674,3247775,zh,布兰卡岛坎帕门托
250078751,3247776,zh,比亚埃尔莫萨州
250078828,3247777,zh,聖馬利亞
250078905,3247778,zh,圣玛丽亚
250078982,3247779,zh,帕卡亚利托
250079059,3247780,zh,圣克里斯托巴利托
250079136,3247781,zh,圣何塞维拉帕斯
250079213,3247782,zh,查贾鲁库姆
250079290,3247783,zh,拉昆布雷
250079367,3247784,zh,拉斯帕尔马斯
250079444,3247785,zh,拉斯帕尔马斯
250079521,3247786,zh,里约奥苏马辛塔
250079598,3247787,zh,埃尔瓜纳利托
250079675,3247788,zh,埃尔瓜纳利托
250079752,3247789,zh,\N
250079829,3247790,zh,\N
250079906,3247791,zh,聖胡安
250079983,3247792,zh,圣胡安
250080060,3247793,zh,鲁本·哈拉米洛
250080137,3247794,zh,旧金山塔基努库姆
250080214,3247795,zh,彼德拉·阿古杰拉达
250080291,3247796,zh,\N
250080368,3247797,zh,萨皮奥里
250080445,3247798,zh,萨皮奥里
250080522,3247799,zh,提拉斯·阿马里拉斯
250080599,3247800,zh,提拉斯·阿马里拉斯
250080676,3247801,zh,洛斯卡里佐斯
250080753,3247802,zh,洛斯卡莫特斯
250080830,3247803,zh,埃尔乔阿尔
250080907,3247804,zh,林孔德尔佩德雷加尔
250080984,3247805,zh,瓦基博
250081061,3247806,zh,阿瓜卡连特
250081138,3247807,zh,圣克鲁斯的卡米诺维耶霍
250081215,3247808,zh,拉斯洛马斯
250081292,3247809,zh,拉斯洛马斯
250081369,3247810,zh,埃尔杜拉兹诺
250081446,3247811,zh,彼德拉·拉贾达
250081523,3247812,zh,拉斯米萨斯德拉康塞普西翁
250081600,3247813,zh,拉斯米萨斯德拉康塞普西翁
250081677,3247814,zh,\N
250081754,3247815,zh,拉韦尔蒂塔
250081831,3247816,zh,阿瓜达·拉·普苏米达
250081908,3247817,zh,多斯埃斯特雷拉斯
250081985,3247818,zh,安吉利斯·德·维拉塞诺
250082062,3247819,zh,拉昆布雷
250082139,3247820,zh,旧金山
250082216,3247821,zh,旧金山
250082293,3247822,zh,圣特雷莎德尔泰雷罗
250082370,3247823,zh,\N
250082447,3247824,zh,拉斯戈隆德里纳斯
250082524,3247825,zh,拉普拉泽塔
250082601,3247826,zh,洛马博尼塔
250082678,3247827,zh,拉斯特洛赫斯
250082755,3247828,zh,洛斯利莫内斯
250082832,3247829,zh,洛斯利亞尼托斯
250082909,3247830,zh,洛斯亚尼托斯
250082986,3247831,zh,埃尔萨尔托
250083063,3247832,zh,桑库多
250083140,3247833,zh,帕索德尔塔巴科
250083217,3247834,zh,克鲁兹·格兰德
250083294,3247835,zh,埃爾查爾科
250083371,3247836,zh,埃尔查科
250083448,3247837,zh,拉乔亚德奥罗
250083525,3247838,zh,\N
250083602,3247839,zh,拉维加
250083679,3247840,zh,阿莫克斯亚胡特尔
250083756,3247841,zh,托兰通戈
250083833,3247842,zh,\N
250083910,3247843,zh,\N
250083987,3247844,zh,拉拉德拉
250084064,3247845,zh,卡皮利亚德拉卢兹
250084141,3247846,zh,\N
250084218,3247847,zh,拉斯普雷萨斯
250084295,3247848,zh,蒂拉斯·布兰卡斯·怀斯蒂塔
250084372,3247849,zh,塔塔尔特佩克·德·巴尔德斯
250084449,3247850,zh,埃尔潘迪洛
250084526,3247851,zh,拉洛马
250084603,3247852,zh,埃尔诺加尔
250084680,3247853,zh,埃尔萨利特雷
250084757,3247854,zh,洛斯查科斯
250084834,3247855,zh,\N
250084911,3247856,zh,\N
250084988,3247857,zh,安东尼奥*阿尔扎特[埃斯库埃拉]
250085065,3247858,zh,\N
250085142,3247859,zh,埃尔萨利特雷
250085219,3247860,zh,埃尔萨利特雷
250085296,3247861,zh,\N
250085373,3247862,zh,\N
250085450,3247863,zh,兰乔莫雷洛斯
250085527,3247864,zh,\N
250085604,3247865,zh,\N
250085681,3247866,zh,拉贝胡克拉
250085758,3247867,zh,科罗拉多德拉莫拉
250085835,3247868,zh,\N
250085912,3247869,zh,拉斯卡雷拉斯
250085989,3247870,zh,\N
250086066,3247871,zh,布埃纳维斯塔
250086143,3247872,zh,拉奎林古夸
250086220,3247873,zh,布埃纳维斯塔
250086297,3247874,zh,拉斯巴兰基亚斯
250086374,3247875,zh,\N
250086451,3247876,zh,阿特波卡
250086528,3247877,zh,普罗维登西亚（霍亚港）
250086605,3247878,zh,\N
250086682,3247879,zh,\N
250086759,3247880,zh,萨尔瓦多
250086836,3247881,zh,萨尔瓦多
250086913,3247882,zh,特佐基帕
250086990,3247883,zh,贝尼托华雷斯殖民地
250087067,3247884,zh,\N
250087144,3247885,zh,坎波埃尔马克斯
250087221,3247886,zh,拉斯汉布里拉斯
250087298,3247887,zh,拉谢内吉塔
250087375,3247888,zh,埃尔莫纳尔
250087452,3247889,zh,圣维森特
250087529,3247890,zh,拉门蒂拉 (拉斯阿纳夸斯)
250087606,3247891,zh,\N
250087683,3247892,zh,佐纳多斯
250087760,3247893,zh,\N
250087837,3247894,zh,朱托阿尔塞罗
250087914,3247895,zh,\N
250087991,3247896,zh,拉诺德纳兰霍
250088068,3247897,zh,\N
250088145,3247898,zh,圣安东尼奥德尔瓦莱
250088222,3247899,zh,拉利伯塔德
250088299,3247900,zh,洛斯菲格罗亚
250088376,3247901,zh,洛斯菲格罗亚
250088453,3247902,zh,圣巴托洛梅佐图拉
250088530,3247903,zh,圣巴托洛梅佐图拉
250088607,3247904,zh,潘顿*维霍
250088684,3247905,zh,布埃纳维斯塔
250088761,3247906,zh,埃尔帕洛维德
250088838,3247907,zh,拉库查拉
250088915,3247908,zh,洛马音色
250088992,3247909,zh,埃尔泰斯特洛
250089069,3247910,zh,圣马科斯埃尔别霍
250089146,3247911,zh,拉扎罗·卡德纳斯
250089223,3247912,zh,托托利奇皮
250089300,3247913,zh,\N
250089377,3247914,zh,拉斯弗洛雷斯
250089454,3247915,zh,米奎斯科
250089531,3247916,zh,聖克魯斯
250089608,3247917,zh,圣克鲁斯
250089685,3247918,zh,埃尔塞德罗
250089762,3247919,zh,放大器里维拉·德·阿帕里西奥第二节
250089839,3247920,zh,洛斯纳兰霍斯
250089916,3247921,zh,阿瓜梅兹奎特
250089993,3247922,zh,埃斯孔迪达
250090070,3247923,zh,洛斯埃尔南德斯
250090147,3247924,zh,拉塞瓦
250090224,3247925,zh,拉塞瓦
250090301,3247926,zh,洛斯弗莱莱斯
250090378,3247927,zh,洛斯弗莱莱斯
250090455,3247928,zh,卡普乔特尔
250090532,3247929,zh,埃尔诺加利托
250090609,3247930,zh,拉佩努埃拉
250090686,3247931,zh,拉席尔瓦
250090763,3247932,zh,拉利伯塔德塞贡达塞奇翁
250090840,3247933,zh,乔亚·德尔·杜拉兹诺
250090917,3247934,zh,埃尔柠檬西托
250090994,3247935,zh,洛斯泰雷罗斯
250091071,3247936,zh,兰乔布兰科
250091148,3247937,zh,洛斯布利托斯
250091225,3247938,zh,波布拉多努埃沃
250091302,3247939,zh,拉斯托尔图加斯
250091379,3247940,zh,\N
250091456,3247941,zh,弗朗西斯科·馬德羅
250091533,3247942,zh,弗朗西斯科·马德罗
250091610,3247943,zh,洛斯坦克
250091687,3247944,zh,拉古纳塞卡
250091764,3247945,zh,鲁本·哈拉米洛
250091841,3247946,zh,\N
250091918,3247947,zh,\N
250091995,3247948,zh,\N
250092072,3247949,zh,埃尔巴里奥
250092149,3247950,zh,圣何塞奇皮拉
250092226,3247951,zh,卡罗利诺·阿纳亚
250092303,3247952,zh,马塔·奥斯库拉
250092380,3247953,zh,\N
250092457,3247954,zh,索特奥潘
250092534,3247955,zh,\N
250092611,3247956,zh,阿瓜杜尔塞
250092688,3247957,zh,拉马里波萨
250092765,3247958,zh,拉马里波萨
250092842,3247959,zh,洛斯马南提亚莱斯
250092919,3247960,zh,兰奇托拉斯弗洛雷斯
250092996,3247961,zh,阿瓜布兰卡
250093073,3247962,zh,班德里塔斯·乌诺
250093150,3247963,zh,恩里克·埃斯特拉达将军
250093227,3247964,zh,雷伊
250093304,3247965,zh,\N
250093381,3247966,zh,查科·普列托（埃尔·帕洛玛）
250093458,3247967,zh,\N
250093535,3247968,zh,埃尔马耶拉
250093612,3247969,zh,不可能的事
250093689,3247970,zh,圣丽塔
250093766,3247971,zh,\N
250093843,3247972,zh,阿罗约德尔朱鲁巴尔
250093920,3247973,zh,特雷斯德梅奥特雷斯
250093997,3247974,zh,拉埃斯佩兰西塔
250094074,3247975,zh,\N
250094151,3247976,zh,拉斯利马斯
250094228,3247977,zh,新耶路撒冷
250094305,3247978,zh,瓜达卢佩
250094382,3247979,zh,瓜达卢佩
250094459,3247980,zh,科洛尼亚·巴里奥斯
250094536,3247981,zh,奧里薩巴
250094613,3247982,zh,奥里扎巴
250094690,3247983,zh,聖米格爾河
250094767,3247984,zh,圣米格尔特诺奇蒂特兰
250094844,3247985,zh,埃尔贾邦西洛
250094998,3247987,zh,琳达维斯塔
250095075,3247988,zh,阿拉杰*查姆
250095152,3247989,zh,拉拉古纳
250095229,3247990,zh,瓜达卢佩
250095306,3247991,zh,波爾凡尼爾
250095383,3247992,zh,埃尔波韦尼尔
250095460,3247993,zh,巴里奥斯·阿尔托斯
250095537,3247994,zh,\N
250095614,3247995,zh,欧文提克奇科
250095691,3247996,zh,埃尔钦奇尔
250095768,3247997,zh,埃尔帕拉伊索
250095845,3247998,zh,埃尔帕拉伊索
250095922,3247999,zh,埃尔卡门
250095999,3248000,zh,拉安提瓜岛
250096076,3248001,zh,锡纳尔特佩克
250096153,3248002,zh,埃尔因杰托
250096230,3248003,zh,瓜达卢佩
250096307,3248004,zh,圣埃斯特万
250096384,3248005,zh,拉科尔梅纳
250096461,3248006,zh,拉阿利安扎
250096538,3248007,zh,塞罗拉恩科米恩达
250096615,3248008,zh,克鲁兹佛得角
250096692,3248009,zh,林达维斯塔
250096769,3248010,zh,圣安东尼奥·埃尔·波韦尼尔
250096846,3248011,zh,洛杉矶
250096923,3248012,zh,洛杉矶
250097000,3248013,zh,德利西亚斯
250097077,3248014,zh,德利西亚斯
250097154,3248015,zh,新进步
250097231,3248016,zh,鲁本·哈拉米洛·特雷斯·皮科斯
250097308,3248017,zh,鲁本·哈拉米洛·特雷斯·皮科斯
250097385,3248018,zh,拉岛
250097462,3248019,zh,加拿大
250097539,3248020,zh,拉谢内加
250097616,3248021,zh,埃尔泰雷罗
250097693,3248022,zh,拉斯提赫拉斯
250097770,3248023,zh,兰乔·马尔克斯
250097847,3248024,zh,拉拉哈·德·罗德里格斯
250097924,3248025,zh,\N
250098001,3248026,zh,耶尔巴布埃纳和安克索斯
250098078,3248027,zh,埃尔普拉塔尼托
250098155,3248028,zh,薩波蒂略
250098232,3248029,zh,萨波蒂略
250098309,3248030,zh,拉埃斯特雷拉
250098386,3248031,zh,拉普罗维登西亚
250098463,3248032,zh,拉斯帕尔马斯
250098540,3248033,zh,拉斯帕尔马斯
250098617,3248034,zh,洛斯皮诺斯
250098694,3248035,zh,维斯塔赫莫萨
250098771,3248036,zh,巴希奥·德·圣罗莎
250098848,3248037,zh,洛斯卡普林斯德阿吉雷
250098925,3248038,zh,拉斯科洛尼亚斯德贾尔帕
250099002,3248039,zh,拉康塞普西翁乌诺
250099079,3248040,zh,埃尔罗布尔
250099156,3248041,zh,格兰哈斯圣特雷莎（洛斯桑切斯）
250099233,3248042,zh,\N
250099310,3248043,zh,洛斯查韦斯
250099387,3248044,zh,\N
250099464,3248045,zh,维斯塔赫莫萨
250099541,3248046,zh,兰乔阿瓜扎尔卡
250099618,3248047,zh,拉康塞普西翁 (特科马特兰港)
250099695,3248048,zh,特拉利克斯特拉瓦克
250099772,3248049,zh,拉斯皮纳斯
250099849,3248050,zh,拉斯皮纳斯
250099926,3248051,zh,拉谢内加
250100003,3248052,zh,洛马博尼塔德华雷斯
250100080,3248053,zh,洛马德尔弗雷斯诺
250100157,3248054,zh,埃爾克魯塞羅
250100234,3248055,zh,埃尔克鲁塞罗
250100311,3248056,zh,阿奎斯特拉
250100388,3248057,zh,新耶路撒冷
250100465,3248058,zh,埃尔巴尔扎莫
250100542,3248059,zh,瓜达卢佩
250100619,3248060,zh,奎斯塔布兰卡
250100696,3248061,zh,埃吉多·阿普尔科
250100773,3248062,zh,埃尔多尼莫
250100850,3248063,zh,林达维斯塔
250100927,3248064,zh,林达维斯塔
250101004,3248065,zh,\N
250101081,3248066,zh,沃兰汀
250101158,3248067,zh,拉蒙大拿
250101235,3248068,zh,卡萨斯布兰卡斯 (圣费利佩德赫苏斯)
250101312,3248069,zh,洛斯波塔莱斯
250101389,3248070,zh,拉库莱布拉
250101466,3248071,zh,拉帕尔马德马西亚斯
250101543,3248072,zh,拉卡吉洛塔
250101620,3248073,zh,圣伊西德罗
250101697,3248074,zh,圣伊西德罗
250101774,3248075,zh,马德里加莱斯
250101851,3248076,zh,帕洛维德
250101928,3248077,zh,圣安娜
250102005,3248078,zh,埃尔皮诺
250102082,3248079,zh,埃尔耶特
250102159,3248080,zh,\N
250102236,3248081,zh,\N
250102313,3248082,zh,巴里奥德圣佩德罗
250102390,3248083,zh,\N
250102467,3248084,zh,图纳夸罗
250102544,3248085,zh,埃尔马克斯
250102621,3248086,zh,\N
250102698,3248087,zh,加拿大
250102775,3248088,zh,埃斯科贝蒂略
250102852,3248089,zh,埃斯孔迪达
250102929,3248090,zh,拉皮塔亚
250103006,3248091,zh,埃尔卡里萨尔
250103083,3248092,zh,洛斯奎塔塞斯
250103160,3248093,zh,特里吉托斯
250103237,3248094,zh,洛斯奎塔塞斯
250103314,3248095,zh,拉斯赛巴斯
250103391,3248096,zh,\N
250103468,3248097,zh,法布里卡·德·希洛
250103545,3248098,zh,洛萨尔科斯
250103622,3248099,zh,圣安东尼奥
250103699,3248100,zh,圣安东尼奥
250103776,3248101,zh,铁拉阿胡马达
250103853,3248102,zh,佩纳布兰卡布埃纳维斯塔
250103930,3248103,zh,佩纳布兰卡布埃纳维斯塔
250104007,3248104,zh,科洛尼亚·埃米利亚诺·萨帕塔
250104084,3248105,zh,拉科弗拉迪亚
250104161,3248106,zh,巴里奥洛斯皮诺斯
250104238,3248107,zh,塞罗*弗里奥
250104315,3248108,zh,贾塔泰翁
250104392,3248109,zh,\N
250104469,3248110,zh,洛马奥罗拉
250104546,3248111,zh,埃尔波特雷里托
250104623,3248112,zh,阿罗约·塞科
250104700,3248113,zh,阿罗约·塞科
250104777,3248114,zh,巴里奥圣阿古斯丁
250104854,3248115,zh,佩纳普列塔
250104931,3248116,zh,坎格雷杰罗
250105008,3248117,zh,五月五日节
250105085,3248118,zh,五月五日节
250105162,3248119,zh,拉乌尼翁省
250105239,3248120,zh,拉乌尼翁
250105316,3248121,zh,希尼尤科
250105393,3248122,zh,洛马·塞雷萨尔
250105470,3248123,zh,\N
250105547,3248124,zh,\N
250105624,3248125,zh,聖克魯斯
250105701,3248126,zh,圣克鲁斯
250105778,3248127,zh,塔利克斯
250105855,3248128,zh,他扎洛班
250105932,3248129,zh,瓜达卢佩·维多利亚
250106009,3248130,zh,瓜达卢佩·维多利亚
250106086,3248131,zh,圣佩德罗洛斯皮诺斯
250106163,3248132,zh,阿瓜普列塔
250106240,3248133,zh,洛马斯·德·特佩亚克
250106317,3248134,zh,特佐丘卡
250106394,3248135,zh,拉马格达莱纳
250106471,3248136,zh,埃斯库埃拉*维亚
250106548,3248137,zh,坦克*拉斯*托尔图加斯
250106625,3248138,zh,阿瓜布兰卡
250106702,3248139,zh,\N
250106779,3248140,zh,埃尔雷利托
250106856,3248141,zh,埃尔雷科多
250106933,3248142,zh,洛马·雷东达
250107010,3248143,zh,\N
250107087,3248144,zh,埃尔塔布隆
250107164,3248145,zh,\N
250107241,3248146,zh,拉奎斯塔德尔卡里萨尔
250107318,3248147,zh,洛斯多拉多斯
250107395,3248148,zh,坎波努梅罗昆斯
250107472,3248149,zh,帕克斯特佩克
250107549,3248150,zh,埃尔花园
250107626,3248151,zh,埃尔罗萨里奥
250107703,3248152,zh,梅拉皮莱斯
250107780,3248153,zh,费罗卡里尔 [巴苏雷罗]
250107857,3248154,zh,纳卡斯特(拉斯特兰卡斯)
250107934,3248155,zh,洛斯查科斯
250108011,3248156,zh,科洛尼亚圣佩德里托
250108088,3248157,zh,奇奇卡萨帕
250108165,3248158,zh,埃尔马南蒂尔
250108242,3248159,zh,奥古斯丁·梅尔加
250108319,3248160,zh,马尼拉
250108396,3248161,zh,鲁道夫·坎波多尼科
250108473,3248162,zh,鲁比
250108550,3248163,zh,\N
250108627,3248164,zh,埃尔科梅延
250108704,3248165,zh,特兰卡内格拉
250108781,3248166,zh,特兰卡内格拉
250108858,3248167,zh,博卡德马丁特拉
250108935,3248168,zh,博卡德马丁特拉
250109012,3248169,zh,加拉帕塔
250109089,3248170,zh,埃尔科尔蒂霍
250109166,3248171,zh,伊库尔科（拉斯卡诺阿斯）
250109243,3248172,zh,埃尔马多齐
250109320,3248173,zh,布埃纳维斯塔
250109397,3248174,zh,洛马拉加（圣米格尔）
250109474,3248175,zh,韦尤基利塔·德·洛斯·马尔克斯
250109551,3248176,zh,帕索德奥罗斯科
250109628,3248177,zh,马拉维拉斯
250109705,3248178,zh,埃尔查韦诺
250109782,3248179,zh,洛马托瓦
250109859,3248180,zh,洛马托瓦
250109936,3248181,zh,埃伦迪拉 [坎佩斯特雷俱乐部]
250110013,3248182,zh,圣伊西德罗多斯
250110090,3248183,zh,新特里尼達
250110167,3248184,zh,新特立尼达
250110244,3248185,zh,恩特拉达*奎耶
250110321,3248186,zh,拉莫里塔
250110398,3248187,zh,埃尔阿瓜卡特
250110475,3248188,zh,聖馬丁河
250110552,3248189,zh,圣马丁
250110629,3248190,zh,改革2000
250110706,3248191,zh,萨克琴
250110783,3248192,zh,扎扎奎尔
250110860,3248193,zh,尤库顿
250110937,3248194,zh,拉斯戈隆德里纳斯
250111014,3248195,zh,阿罗约·桑格雷
250111091,3248196,zh,兰乔奥比斯波
250111168,3248197,zh,玩美女人
250111245,3248198,zh,科罗拉达湖
250111322,3248199,zh,科罗拉多湖
250111399,3248200,zh,\N
250111476,3248201,zh,聖多明哥
250111553,3248202,zh,圣多明各
250111630,3248203,zh,贝尼托·胡亚雷斯
250111707,3248204,zh,贝尼托·胡亚雷斯
250111784,3248205,zh,塞巴斯蒂安·佩雷斯·努涅斯
250111861,3248206,zh,拉卡罗莱纳州
250111938,3248207,zh,拉卡罗莱纳州
250112015,3248208,zh,新瓜亚巴尔
250112092,3248209,zh,艾因·卡里姆
250112169,3248210,zh,拉索莱达州
250112246,3248211,zh,埃尔卡门塞罗布兰科
250112323,3248212,zh,新独立 (瓜努蒂)
250112400,3248213,zh,美索不达米亚
250112477,3248214,zh,美索不达米亚
250112554,3248215,zh,洛斯利亞尼托斯
250112631,3248216,zh,洛斯亚尼托斯
250112708,3248217,zh,梅萨德尔胡拉坎
250112785,3248218,zh,阿罗约·洪多
250112862,3248219,zh,埃尔马塔德罗
250112939,3248220,zh,拉斯帕帕斯
250113016,3248221,zh,拉萨卡托萨
250113093,3248222,zh,拉斯皮拉斯
250113170,3248223,zh,库萨雷科塔
250113247,3248224,zh,特拉查查利帕克
250113324,3248225,zh,特特科洛克
250113401,3248226,zh,聖克魯斯
250113478,3248227,zh,聖馬丁河
250113555,3248228,zh,圣马丁
250113632,3248229,zh,埃尔哈巴尔
250113709,3248230,zh,埃尔卡里索
250113786,3248231,zh,\N
250113863,3248232,zh,埃尔伊瓜拉莫
250113940,3248233,zh,洛斯特贾巴内斯
250114017,3248234,zh,拉维加德尔奥索
250114094,3248235,zh,\N
250114171,3248236,zh,贝尼尼奥斯(埃尔塞里托)
250114248,3248237,zh,拉卢兹·德·奥罗斯科
250114325,3248238,zh,拉卢兹·德·奥罗斯科
250114402,3248239,zh,\N
250114479,3248240,zh,\N
250114556,3248241,zh,拉普罗维登西亚
250114633,3248242,zh,圣特雷莎
250114710,3248243,zh,萨波蒂托德曼西拉
250114787,3248244,zh,圣盖博 (拉谢内加)
250114864,3248245,zh,埃尔波多德阿迪亚斯
250114941,3248246,zh,格兰哈埃尔雷富希奥
250115018,3248247,zh,\N
250115095,3248248,zh,\N
250115172,3248249,zh,卡巴纳斯
250115249,3248250,zh,卡巴纳斯
250115326,3248251,zh,科洛尼亚塞斯德阿戈斯托
250115403,3248252,zh,弗里若拉尔
250115480,3248253,zh,阿尔托斯·德·巴拉纳
250115557,3248254,zh,莫洛尼尔
250115634,3248255,zh,拉索莱达
250115711,3248256,zh,\N
250115788,3248257,zh,\N
250115865,3248258,zh,新蒙多
250115942,3248259,zh,圣赫罗尼莫
250116019,3248260,zh,安哥拉
250116096,3248261,zh,特科阿纳帕
250116250,3248263,zh,\N
250116327,3248264,zh,巴兰卡塞尼扎
250116404,3248265,zh,曼萨纳德尔库博
250116481,3248266,zh,拉普雷萨
250116558,3248267,zh,特克西多
250116635,3248268,zh,\N
250116712,3248269,zh,聖馬利亞
250116789,3248270,zh,圣玛丽亚
250116866,3248271,zh,洛斯卡里佐斯
250116943,3248272,zh,拉斯皮拉斯
250117020,3248273,zh,埃尔莫诺
250117097,3248274,zh,阿瓦卡潘
250117174,3248275,zh,洛马·德·恩梅迪奥
250117251,3248276,zh,拉普罗维登西亚
250117328,3248277,zh,拉斯弗洛雷斯
250117405,3248278,zh,瓦莱西托
250117482,3248279,zh,塞尔卡布兰卡 (洛斯卡马乔斯)
250117559,3248280,zh,圣安东尼奥德帕多瓦
250117636,3248281,zh,拉斯巴兰卡斯
250117713,3248282,zh,泰奥里亚
250117790,3248283,zh,洛斯科尔特斯
250117867,3248284,zh,兰乔拉阿塔赫亚
250117944,3248285,zh,埃爾查爾科
250118021,3248286,zh,埃尔查科
250118098,3248287,zh,洛斯利亞尼托斯
250118175,3248288,zh,洛斯亚尼托斯
250118252,3248289,zh,拉斯皮拉斯
250118329,3248290,zh,\N
250118406,3248291,zh,帕拉杰·托什特
250118483,3248292,zh,圣安娜
250118560,3248293,zh,埃尔雷诺
250118637,3248294,zh,拉斯马哈斯
250118791,3248296,zh,阿尔托山（米尔帕别哈）
250118868,3248297,zh,芒果独奏
250118945,3248298,zh,塞里托·德·阿吉雷
250119022,3248299,zh,拉斯马拉维拉斯
250119099,3248300,zh,拉斯马拉维拉斯
250119176,3248301,zh,拉斯皮拉斯
250119253,3248302,zh,拉斯皮拉斯
250119330,3248303,zh,坎波努梅罗昆斯
250119407,3248304,zh,阿瓜·弗里亚（皮斯夸罗）
250119484,3248305,zh,埃尔特拉纳特
250119561,3248306,zh,埃尔特拉纳特
250119638,3248307,zh,埃尔阿特拉维萨诺
250119715,3248308,zh,卡卡特科
250119792,3248309,zh,埃尔卡普林
250119869,3248310,zh,科塔杜拉斯
250119946,3248311,zh,埃尔利蒙
250120023,3248312,zh,埃尔利蒙
250120100,3248313,zh,拉奥罗拉
250120177,3248314,zh,洛斯塞哈
250120254,3248315,zh,\N
250120331,3248316,zh,拉克布拉多拉
250120408,3248317,zh,前庄园蒙特法尔科
250120485,3248318,zh,科洛尼亚·乔亚斯·德尔·阿斯蒂莱罗
250120562,3248319,zh,\N
250120639,3248320,zh,圣伊西德罗·德谢内加·德尔·托罗
250120716,3248321,zh,圣伊西德罗·德谢内加·德尔·托罗
250120793,3248322,zh,畜栏
250120870,3248323,zh,畜栏
250120947,3248324,zh,阿瓜德阿拉莫
250121024,3248325,zh,\N
250121101,3248326,zh,巴里奥德拉克鲁斯
250121178,3248327,zh,埃尔卡拉巴扎
250121255,3248328,zh,聖米格爾河
250121332,3248329,zh,圣米格尔特诺奇蒂特兰
250121409,3248330,zh,里奥维德
250121486,3248331,zh,斯塔齐
250121563,3248332,zh,帕拉赫·维蒂戈蒂奥帕
250121640,3248333,zh,拉斯帕尔马斯
250121717,3248334,zh,拉斯帕尔马斯
250121794,3248335,zh,埃尔科罗萨尔格兰德
250121871,3248336,zh,萨波特·德·阿吉雷
250121948,3248337,zh,巴兰卡·菲耶拉
250122025,3248338,zh,佩纳德吉卡拉
250122102,3248339,zh,帕拉赫·克鲁兹·德·胡安
250122179,3248340,zh,阿尔蒂米娅*卡维罗
250122256,3248341,zh,\N
250122333,3248342,zh,普恩特*埃斯孔迪多
250122410,3248343,zh,尤图萨尼
250122487,3248344,zh,尤图萨尼
250122564,3248345,zh,卡班迪会
250122641,3248346,zh,洛马·埃斯佩兰萨
250122718,3248347,zh,洛马·埃斯佩兰萨
250122795,3248348,zh,拉斯特蘭卡斯
250122872,3248349,zh,拉斯特兰卡斯
250122949,3248350,zh,卡萨*科穆纳尔
250123026,3248351,zh,蒂拉*帕尔马
250123103,3248352,zh,洛斯利莫内斯
250123180,3248353,zh,埃尔佩德雷加尔
250123257,3248354,zh,埃尔佩德雷加尔
250123334,3248355,zh,特佩希
250123411,3248356,zh,特佩克斯科
250123488,3248357,zh,阿克萨米尔帕
250123565,3248358,zh,博薩
250123642,3248359,zh,博扎
250123719,3248360,zh,拉布兰卡
250123796,3248361,zh,林科纳达拉斯霍亚斯
250123873,3248362,zh,拉乔伊塔
250123950,3248363,zh,圣何塞
250124027,3248364,zh,\N
250124104,3248365,zh,蒂纳胡埃拉斯
250124181,3248366,zh,蒂纳胡埃拉斯
250124258,3248367,zh,\N
250124335,3248368,zh,拉塞瓦
250124412,3248369,zh,拉塞瓦
250124489,3248370,zh,帕尔马斯·安查斯
250124566,3248371,zh,帕萨坎查
250124643,3248372,zh,洛斯布拉塞罗斯
250124720,3248373,zh,拉库拉查
250124797,3248374,zh,波特雷里洛
250124874,3248375,zh,埃尔奥波奇
250124951,3248376,zh,拉家族
250125028,3248377,zh,波夫拉多·拉扎罗·卡德纳斯·德尔里奥
250125105,3248378,zh,瓜亚里纳 (圭亚里那)
250125182,3248379,zh,埃尔泰雷罗
250125259,3248380,zh,拉斯克鲁塞斯
250125336,3248381,zh,\N
250125413,3248382,zh,波索4号
250125490,3248383,zh,何塞·纳西索·罗维罗萨
250125567,3248384,zh,阿尔托德尔奇诺
250125644,3248385,zh,洛索尔莫斯
250125721,3248386,zh,洛斯奥尔莫斯
250125798,3248387,zh,圣罗莎德利马
250125875,3248388,zh,圣罗莎德利马
250125952,3248389,zh,博卡德尔蒙特
250126029,3248390,zh,博卡德尔蒙特
250126106,3248391,zh,\N
250126183,3248392,zh,\N
250126260,3248393,zh,埃尔普拉塔纳尔
250126337,3248394,zh,埃尔博斯克
250126414,3248395,zh,林德罗
250126491,3248396,zh,拉斯克鲁塞斯
250126568,3248397,zh,佛罗里达科洛尼亚
250126645,3248398,zh,乔贝里洛
250126722,3248399,zh,科尤尔·格兰德
250126799,3248400,zh,拉扎罗·卡德纳斯
250126876,3248401,zh,科洛尼亚多斯德阿布里尔
250126953,3248402,zh,努埃瓦别墅
250127030,3248403,zh,\N
250127107,3248404,zh,埃尔塞德拉尔
250127184,3248405,zh,卢兹·贝拉
250127261,3248406,zh,\N
250127338,3248407,zh,特克帕津加
250127415,3248408,zh,聖地牙哥
250127492,3248409,zh,圣地亚哥
250127569,3248410,zh,洛马·杰瓦西奥
250127646,3248411,zh,洛德萨拉斯德阿里巴
250127723,3248412,zh,洛德萨拉斯德阿里巴
250127800,3248413,zh,埃尔泰雷罗
250127877,3248414,zh,\N
250127954,3248415,zh,拉斯梅塞德斯
250128031,3248416,zh,埃尔森特纳里奥
250128108,3248417,zh,拉古尼塔斯
250128185,3248418,zh,新杜兰戈锡耶特
250128262,3248419,zh,拉马梅耶拉
250128339,3248420,zh,亚林村
250128416,3248421,zh,亚林村
250128493,3248422,zh,林多斯艾利斯
250128570,3248423,zh,洛斯霍尔科内斯
250128647,3248424,zh,陈穆特
250128724,3248425,zh,维斯塔赫莫萨
250128801,3248426,zh,维斯塔赫莫萨
250128878,3248427,zh,拉斯米纳斯
250128955,3248428,zh,瓜达卢佩·萨奎利亚
250129032,3248429,zh,瓜达卢佩·萨奎拉
250129109,3248430,zh,钦楚马詹
250129186,3248431,zh,埃尔利蒙
250129263,3248432,zh,埃尔利蒙
250129340,3248433,zh,\N
250129417,3248434,zh,拉斯佩纳斯
250129494,3248435,zh,\N
250129571,3248436,zh,埃米利亚诺·萨帕塔（拉斯瓦里利亚斯）
250129648,3248437,zh,圣洛伦索德昆蒂
250129725,3248438,zh,圣安娜
250129802,3248439,zh,西伯利亚
250129879,3248440,zh,西伯利亚
250129956,3248441,zh,阿尔瓦罗·奥夫雷贡
250130033,3248442,zh,瓜亚比勒
250130110,3248443,zh,瓜亚比勒
250130187,3248444,zh,埃爾普羅格雷索
250130264,3248445,zh,埃尔普罗格雷索
250130341,3248446,zh,新特里翁弗
250130418,3248447,zh,圣安东尼奥·德拉吉拉尔达
250130495,3248448,zh,佩德雷加尔·德·阿瓦霍
250130572,3248449,zh,佩德雷加尔·德·阿瓦霍
250130649,3248450,zh,雷贾塔雷
250130726,3248451,zh,格兰哈霍加尔埃斯佩兰萨之家
250130803,3248452,zh,埃尔卡内罗
250130880,3248453,zh,惠扎罗奇
250130957,3248454,zh,洛斯印第奥斯
250131034,3248455,zh,洛斯印第奥斯
250131111,3248456,zh,拉斯卡萨斯
250131188,3248457,zh,洛斯塔罗斯
250131265,3248458,zh,洛斯塔罗斯
250131342,3248459,zh,埃尔特诺里奥
250131419,3248460,zh,波特雷罗·韦尔杜恰
250131496,3248461,zh,兰乔圣劳拉
250131573,3248462,zh,扎卡通科
250131650,3248463,zh,公里 33.5
250131727,3248464,zh,埃尔阿科伊里斯
250131804,3248465,zh,埃尔塞德罗
250131881,3248466,zh,埃尔塞德罗
250131958,3248467,zh,拉索莱达
250132035,3248468,zh,洛斯阿瓜卡特斯
250132112,3248469,zh,洛斯科拉利托斯
250132189,3248470,zh,埃尔加托
250132266,3248471,zh,拉斯阿朱塔斯
250132343,3248472,zh,阿瓜蒂塔
250132420,3248473,zh,洛斯巴格雷斯
250132497,3248474,zh,圣杰罗尼莫
250132574,3248475,zh,拉努埃瓦萨卢德
250132651,3248476,zh,帕斯蒂塔
250132728,3248477,zh,帕斯蒂塔
250132805,3248478,zh,埃尔阿希哈德罗
250132882,3248479,zh,圣克鲁斯德尔梅科
250132959,3248480,zh,拉图尔比纳
250133036,3248481,zh,索拉诺
250133113,3248482,zh,梅拉迪托
250133190,3248483,zh,圣安东尼奥德尔巨人
250133267,3248484,zh,圣安东尼奥德尔巨人
250133344,3248485,zh,圣安东尼奥德尔阿尔托
250133421,3248486,zh,圣安东尼奥德尔阿尔托
250133498,3248487,zh,维利塔·德·瓜达卢佩
250133575,3248488,zh,\N
250133652,3248489,zh,\N
250133729,3248490,zh,卡贝萨斯
250133806,3248491,zh,阿罗约·扎尔科
250133883,3248492,zh,埃尔吉塔诺
250133960,3248493,zh,\N
250134037,3248494,zh,拉斯佩纳斯(埃尔迪兹)
250134114,3248495,zh,聖克魯斯
250134191,3248496,zh,圣克鲁斯
250134268,3248497,zh,埃尔雷帕罗
250134345,3248498,zh,帕洛·努埃沃
250134422,3248499,zh,拉斯卡尼塔斯
250134499,3248500,zh,埃尔萨利特雷
250134576,3248501,zh,埃尔萨利特雷
250134653,3248502,zh,科洛尼亚*埃尔曼吉托
250134730,3248503,zh,拉卡诺亚
250134807,3248504,zh,科洛尼亚圣维森特
250134884,3248505,zh,圣安德烈斯查米尔帕
250134961,3248506,zh,\N
250135038,3248507,zh,埃尔潘塔诺
250135115,3248508,zh,埃尔潘塔诺
250135192,3248509,zh,拉卡尼塔
250135269,3248510,zh,布埃纳维斯塔计划
250135346,3248511,zh,聖米格爾河
250135423,3248512,zh,圣米格尔特诺奇蒂特兰
250135500,3248513,zh,埃尔塞里托·伊齐库罗
250135577,3248514,zh,埃尔林德罗·奇科
250135654,3248515,zh,旧金山
250135731,3248516,zh,旧金山
250135808,3248517,zh,拉马塔
250135885,3248518,zh,埃爾蒂格雷
250135962,3248519,zh,聖多明哥
250136039,3248520,zh,圣多明各
250136116,3248521,zh,拉福雷斯塔尔
250136193,3248522,zh,拉特罗哈
250136270,3248523,zh,阿瓜塔帕达
250136347,3248524,zh,克马多
250136424,3248525,zh,圣巴勃罗
250136501,3248526,zh,科利米拉
250136578,3248527,zh,艾尔*奎奥特
250136655,3248528,zh,拉哈·德·塞万提斯
250136732,3248529,zh,拉哈·德·塞万提斯
250136809,3248530,zh,洛斯紹塞斯
250136886,3248531,zh,洛斯酱料
250136963,3248532,zh,拉科弗拉迪亚
250137040,3248533,zh,埃尔梅兹奎特
250137117,3248534,zh,埃尔米拉多尔
250137194,3248535,zh,米拉多·特萨卢卡
250137271,3248536,zh,埃尔奥霍德阿瓜
250137348,3248537,zh,洛斯埃帕佐特斯
250137425,3248538,zh,埃拉斯蒂列罗
250137502,3248539,zh,埃尔阿斯蒂莱罗
250137579,3248540,zh,拉索莱达
250137656,3248541,zh,克泽里奥
250137733,3248542,zh,埃尔伊多洛
250137810,3248543,zh,图里奥
250137887,3248544,zh,乔亚斯·德尔·皮拉尔
250137964,3248545,zh,圣何塞德尔萨尔托
250138041,3248546,zh,帕马塞奥
250138118,3248547,zh,埃斯坦科
250138195,3248548,zh,拉卡塞塔
250138272,3248549,zh,埃尔扎皮恩
250138349,3248550,zh,圣拉斐尔·德·伊拉纳惠皮奥
250138426,3248551,zh,科洛尼亚·梅尔乔·奥坎波
250138503,3248552,zh,科洛尼亚·梅尔乔·奥坎波
250138580,3248553,zh,卡萨布兰卡
250138657,3248554,zh,圣玛丽亚德贾尔滕巴
250138734,3248555,zh,\N
250138811,3248556,zh,阿瓜特拉波
250138888,3248557,zh,菲耶罗桥
250138965,3248558,zh,拉普雷萨
250139042,3248559,zh,拉普雷萨
250139119,3248560,zh,\N
250139196,3248561,zh,\N
250139273,3248562,zh,曼萨纳德尔库博
250139350,3248563,zh,里约约旦
250139427,3248564,zh,圣尼诺
250139504,3248565,zh,\N
250139581,3248566,zh,巴里奥德圣胡安
250139658,3248567,zh,埃尔卡普林
250139735,3248568,zh,埃尔夸希洛特
250139812,3248569,zh,拉斯韦尔塔斯
250139889,3248570,zh,霍亚拉德拉德广场
250139966,3248571,zh,埃爾普羅格雷索
250140043,3248572,zh,埃尔普罗格雷索
250140120,3248573,zh,里奥米纳
250140197,3248574,zh,里奥米纳
250140274,3248575,zh,圣塞巴斯蒂安洛斯乔卢拉
250140351,3248576,zh,埃尔撒拉尔
250140428,3248577,zh,新卡诺
250140505,3248578,zh,\N
250140582,3248579,zh,聖馬丁河
250140659,3248580,zh,圣马丁
250140736,3248581,zh,埃尔奥霍德阿瓜
250140813,3248582,zh,加拿大德库瓦
250140890,3248583,zh,尤库希略
250140967,3248584,zh,尤宁
250141044,3248585,zh,科洛尼亚米纳斯
250141121,3248586,zh,克鲁兹佛得角
250141198,3248587,zh,科利惠
250141275,3248588,zh,卡吉纳宁（圣拉斐尔）
250141352,3248589,zh,桑蒂诺
250141429,3248590,zh,圣克鲁斯 (科洛尼亚泰特尔)
250141506,3248591,zh,埃尔马塔德罗
250141583,3248592,zh,华雷斯殖民地
250141660,3248593,zh,科拉里略斯
250141737,3248594,zh,拉阿达尔加
250141814,3248595,zh,拉科科纳
250141891,3248596,zh,圣安东尼奥
250141968,3248597,zh,圣安东尼奥
250142045,3248598,zh,卡拉巴西利亚斯
250142122,3248599,zh,卡拉巴西利亚斯
250142199,3248600,zh,拉卢兹
250142276,3248601,zh,波索·布兰科
250142353,3248602,zh,埃尔瓦拉尔
250142430,3248603,zh,巴尔贝乔斯
250142507,3248604,zh,拉斯芬卡斯
250142584,3248605,zh,阿尔塔米拉
250142661,3248606,zh,圣伊西德罗
250142738,3248607,zh,拉韦尔塔
250142815,3248608,zh,圣潘塔莱翁
250142892,3248609,zh,埃尔阿莫利托
250142969,3248610,zh,\N
250143046,3248611,zh,埃尔·博尔森
250143123,3248612,zh,\N
250143200,3248613,zh,预计到达时间
250143277,3248614,zh,特索塔韦卡
250143354,3248615,zh,\N
250143431,3248616,zh,\N
250143508,3248617,zh,何塞·席尔瓦·桑切斯·多斯
250143585,3248618,zh,何塞·席尔瓦·桑切斯·多斯
250143662,3248619,zh,埃尔帕尔米托
250143739,3248620,zh,\N
250143816,3248621,zh,拉谢内加
250143893,3248622,zh,朱基拉
250143970,3248623,zh,\N
250144047,3248624,zh,聖洛倫索
250144124,3248625,zh,圣洛伦索
250144201,3248626,zh,\N
250144355,3248628,zh,埃尔塞帕罗
250144432,3248629,zh,卡贝萨斯
250144509,3248630,zh,埃尔卡里萨尔
250144586,3248631,zh,阿瓜阿祖尔
250144663,3248632,zh,拉卡梅利亚
250144740,3248633,zh,拉阿尔坎塔里拉
250144817,3248634,zh,拉阿尔坎塔里拉
250144894,3248635,zh,贝拉联盟
250144971,3248636,zh,\N
250145048,3248637,zh,曼努埃尔·阿尔曼扎
250145125,3248638,zh,查奎西
250145202,3248639,zh,埃尔朱伊勒
250145279,3248640,zh,科洛尼亚·林达维斯塔
250145356,3248641,zh,波唑
250145433,3248642,zh,\N
250145510,3248643,zh,埃尔曼加尔
250145587,3248644,zh,拉奎特佐纳
250145664,3248645,zh,韦莱卡帕
250145741,3248646,zh,扎卡塔尔
250145818,3248647,zh,埃尔科多
250145895,3248648,zh,玛塔·达皮什
250145972,3248649,zh,伊佐蒂特拉
250146049,3248650,zh,维斯塔赫莫萨
250146126,3248651,zh,圣贝尼托
250146203,3248652,zh,蒂纳哈斯
250146280,3248653,zh,恩里克·埃斯特拉达
250146357,3248654,zh,拉拉古纳
250146434,3248655,zh,瓦莱埃尔莫索
250146511,3248656,zh,拉斯韦尔塔斯
250146588,3248657,zh,埃尔莫乔
250146665,3248658,zh,\N
250146742,3248659,zh,圣洛伦索德昆蒂
250146819,3248660,zh,\N
250146896,3248661,zh,卡拉科尔
250146973,3248662,zh,加拿大圣米格尔
250147050,3248663,zh,\N
250147127,3248664,zh,耶路撒冷
250147204,3248665,zh,莫琼·楚伊
250147281,3248666,zh,\N
250147358,3248667,zh,罗萨里托·拉·皮努埃拉
250147435,3248668,zh,阿尔戈维亚
250147512,3248669,zh,特帕特阿巴霍
250147589,3248670,zh,圣特雷莎
250147666,3248671,zh,旧金山
250147743,3248672,zh,旧金山
250147820,3248673,zh,\N
250147897,3248674,zh,阿迈提克
250147974,3248675,zh,圣何塞
250148051,3248676,zh,布埃纳维斯塔茶基尔
250148128,3248677,zh,圣塞巴斯蒂安·哈瓦卡
250148205,3248678,zh,亚克斯特·埃米利亚诺·萨帕塔
250148282,3248679,zh,埃尔罗隆
250148359,3248680,zh,约克维茨
250148436,3248681,zh,扬切尼利亚
250148513,3248682,zh,拉扎罗·卡德纳斯
250148590,3248683,zh,佩纳布兰卡
250148667,3248684,zh,佩纳布兰卡
250148744,3248685,zh,普韦布洛亚诺
250148821,3248686,zh,圣安东尼奥卡内拉尔
250148898,3248687,zh,埃尔马南蒂尔
250148975,3248688,zh,拉斯布里萨斯
250149052,3248689,zh,圣何塞错觉
250149129,3248690,zh,阿斯蒂莱罗
250149206,3248691,zh,西蒙·玻利瓦尔
250149283,3248692,zh,维森特·格雷罗
250149360,3248693,zh,康塞普西翁
250149437,3248694,zh,康塞普西翁
250149514,3248695,zh,加利阿纳
250149591,3248696,zh,埃尔·卡门·多斯
250149668,3248697,zh,新联盟谢沙尔
250149745,3248698,zh,聖克魯斯
250149822,3248699,zh,圣克鲁斯
250149899,3248700,zh,\N
250149976,3248701,zh,埃吉多拉斯光环
250150053,3248702,zh,科克纳斯
250150130,3248703,zh,\N
250150207,3248704,zh,雷佩希克
250150284,3248705,zh,贝拉维斯塔
250150361,3248706,zh,普雷西迪奥·维拉德
250150438,3248707,zh,埃尔纳兰霍
250150515,3248708,zh,巴科奇
250150592,3248709,zh,埃尔杜拉兹诺
250150669,3248710,zh,\N
250150746,3248711,zh,阿休奇克
250150823,3248712,zh,帕拉杰·阿耶卡克
250150900,3248713,zh,拉奥尔卡
250150977,3248714,zh,拉奥尔卡
250151054,3248715,zh,圣卢卡斯
250151131,3248716,zh,迈普拉德贾尔帕
250151208,3248717,zh,埃尔奇库拉尔
250151285,3248718,zh,埃尔奇库拉尔
250151362,3248719,zh,埃尔阿瓜吉托
250151439,3248720,zh,\N
250151593,3248722,zh,拉洛马
250151670,3248723,zh,\N
250151747,3248724,zh,巴里恩托斯港
250151824,3248725,zh,圣安东尼奥的普雷萨（劳尔·里维拉 饰）
250151901,3248726,zh,埃尔皮鲁尔
250151978,3248727,zh,埃尔·特罗纳尔（何塞·罗查·纳瓦 饰）
250152055,3248728,zh,媒体月神
250152132,3248729,zh,埃尔·帕托利托·多斯
250152209,3248730,zh,\N
250152286,3248731,zh,埃尔卡门·德·洛斯·瓦尔加斯
250152363,3248732,zh,埃尔普埃尔特西托
250152440,3248733,zh,格兰哈拉赫拉杜拉
250152517,3248734,zh,马萨特兰 (圣何塞)
250152594,3248735,zh,\N
250152671,3248736,zh,埃尔萨利特雷
250152748,3248737,zh,特雷斯玛丽亚斯
250152825,3248738,zh,拉普雷萨
250152902,3248739,zh,拉斯米纳斯
250152979,3248740,zh,拉卡雷里塔
250153056,3248741,zh,巴里奥德圣阿古斯丁
250153133,3248742,zh,伊蒂亚*米尼努联合国
250153210,3248743,zh,阿华科西提克
250153287,3248744,zh,查维斯科
250153364,3248745,zh,特奥卡利克斯特拉瓦坎
250153441,3248746,zh,洛马·巴尔迪亚
250153518,3248747,zh,特雷斯埃尔马纳斯
250153595,3248748,zh,波乔卡
250153672,3248749,zh,拉斯努埃塞斯
250153749,3248750,zh,贝拉维斯塔
250153826,3248751,zh,贝拉维斯塔
250153903,3248752,zh,埃尔博博伦
250153980,3248753,zh,拉卡皮亞
250154057,3248754,zh,拉卡皮拉
250154134,3248755,zh,阿尼马斯·德·罗梅罗
250154211,3248756,zh,洛斯哈卡利托斯
250154288,3248757,zh,洛马德弗洛雷斯
250154365,3248758,zh,拉斯佩尼塔斯
250154442,3248759,zh,\N
250154519,3248760,zh,伊斯塔尔帕
250154596,3248761,zh,塔马利亚瓜
250154673,3248762,zh,圣罗克（埃尔巴里奥）
250154750,3248763,zh,圣罗克（埃尔巴里奥）
250154827,3248764,zh,巴兰基亚斯
250154904,3248765,zh,普雷萨·德·涅韦斯
250154981,3248766,zh,帕斯托雷斯
250155135,3248768,zh,埃尔卡马洛特
250155366,3248771,zh,\N
250155443,3248772,zh,圣安东尼奥
250155520,3248773,zh,卡諾阿斯
250155597,3248774,zh,聖米格爾河
250155674,3248775,zh,圣米格尔特诺奇蒂特兰
250155751,3248776,zh,卡拉科尔
250155828,3248777,zh,埃尔雷东多
250155905,3248778,zh,聖馬利亞
250155982,3248779,zh,圣玛丽亚
250156059,3248780,zh,埃尔阿戈斯塔德里托
250156136,3248781,zh,洛马塞卡
250156213,3248782,zh,埃尔兰奇托
250156290,3248783,zh,林孔·德拉·埃拉兹库亚
250156367,3248784,zh,拉穆内卡
250156444,3248785,zh,\N
250156521,3248786,zh,拉托卡萨
250156598,3248787,zh,阿塞布什
250156675,3248788,zh,瓜达卢佩·卡林达帕斯
250156752,3248789,zh,埃尔博内特
250156829,3248790,zh,埃尔柠檬西托
250156906,3248791,zh,圣米格尔·萨波蒂特兰
250156983,3248792,zh,埃尔塞德罗
250157060,3248793,zh,\N
250157137,3248794,zh,坎波特拉科特拉科
250157214,3248795,zh,米格尔·伊达尔戈
250157291,3248796,zh,洛斯奎罗斯
250157368,3248797,zh,科洛尼亚瓦多德尔科拉
250157445,3248798,zh,拉斯卡勒拉斯
250157522,3248799,zh,\N
250157599,3248800,zh,拉斯阿尔博莱达斯
250157676,3248801,zh,尼扎维亚
250157753,3248802,zh,\N
250157830,3248803,zh,查普拉帕*别霍
250157907,3248804,zh,拉诺·拉奇宗
250157984,3248805,zh,加拿大格兰德
250158061,3248806,zh,圣佩德罗卡尔瓦里奥
250158138,3248807,zh,圣克拉拉
250158215,3248808,zh,圣克拉拉
250158292,3248809,zh,加拿大
250158369,3248810,zh,波蒂略·德·阿穆兹戈斯 (阿穆兹戈斯牧场)
250158446,3248811,zh,普罗格雷索
250158523,3248812,zh,拉克鲁兹伊莎贝尔（巴里奥格兰德）
250158600,3248813,zh,埃尔阿肯
250158677,3248814,zh,瓜达卢佩区
250158754,3248815,zh,卡巴蒂亚瓦·伊达尔戈
250158831,3248816,zh,\N
250158908,3248817,zh,埃尔伊诺科科
250158985,3248818,zh,埃尔维德里奥
250159062,3248819,zh,拉诺帕莱拉
250159139,3248820,zh,埃米利亚诺·萨帕塔
250159216,3248821,zh,埃米利亚诺·萨帕塔
250159293,3248822,zh,\N
250159370,3248823,zh,\N
250159447,3248824,zh,圣克里斯托瓦尔河
250159524,3248825,zh,马萨特兰
250159601,3248826,zh,埃尔卡内罗
250159678,3248827,zh,拉克鲁塞西塔
250159755,3248828,zh,拉希尔巴圣诞老人
250159832,3248829,zh,埃尔阿尼尔
250159909,3248830,zh,拉德拉德阿迪拉
250159986,3248831,zh,蒂拉*内格拉
250160063,3248832,zh,埃尔伊斯塔什
250160140,3248833,zh,埃尔阿科
250160217,3248834,zh,圣伊莎贝尔殖民地
250160294,3248835,zh,洛斯纳兰霍斯
250160371,3248836,zh,阿纳瓦克
250160448,3248837,zh,胡埃索卡特尔
250160525,3248838,zh,拉斯巴兰卡斯
250160602,3248839,zh,多洛雷斯
250160679,3248840,zh,圣何塞奥万多
250160756,3248841,zh,圣何塞奥万多
250160833,3248842,zh,埃尔阿雷纳尔
250160910,3248843,zh,新羅西塔
250160987,3248844,zh,新罗西塔
250161064,3248845,zh,\N
250161141,3248846,zh,圣米格尔布埃纳维斯塔
250161218,3248847,zh,\N
250161295,3248848,zh,奥罗西潘
250161372,3248849,zh,龙基约科
250161449,3248850,zh,彦慧卡潘
250161526,3248851,zh,拉斯奎瓦斯
250161603,3248852,zh,路易斯·唐纳多·科洛西奥
250161680,3248853,zh,巴里奥德洛斯佩雷斯
250161757,3248854,zh,埃尔恩西尼托
250161834,3248855,zh,埃尔维扎查尔·德拉斯·泰蒂拉斯
250161911,3248856,zh,拉博利塔
250161988,3248857,zh,琳达维斯塔
250162065,3248858,zh,埃尔亚诺德尔平托
250162142,3248859,zh,聖拉蒙
250162219,3248860,zh,圣拉蒙
250162296,3248861,zh,\N
250162373,3248862,zh,埃尔·汤姆
250162450,3248863,zh,曼萨纳德尔库博
250162527,3248864,zh,洛斯波西托斯
250162604,3248865,zh,\N
250162681,3248866,zh,\N
250162758,3248867,zh,圣罗莎莉娅中心
250162835,3248868,zh,圣格特鲁迪斯
250162912,3248869,zh,埃尔梅兹奎特
250162989,3248870,zh,巴兰科德洛斯鲁埃拉斯
250163066,3248871,zh,乔卢拉
250163143,3248872,zh,拉罗西塔
250163220,3248873,zh,波特雷里略斯
250163297,3248874,zh,马萨吉阿奇
250163374,3248875,zh,拉格兰中国
250163451,3248876,zh,\N
250163528,3248877,zh,拉斯洛马斯德卡帕罗索
250163605,3248878,zh,拉斯洛马斯德卡帕罗索
250163682,3248879,zh,竞技场
250163759,3248880,zh,竞技场
250163836,3248881,zh,科尔特斯科
250163913,3248882,zh,埃尔迪亚曼特
250163990,3248883,zh,埃尔恩苏埃诺
250164067,3248884,zh,拉斯帕尔米塔斯
250164144,3248885,zh,阿尔塔卢兹
250164221,3248886,zh,多萨瓜斯
250164298,3248887,zh,多斯阿瓜斯
250164375,3248888,zh,洛马阿尔塔
250164452,3248889,zh,莫利诺·德·阿瓜
250164529,3248890,zh,埃尔坎佩西诺
250164606,3248891,zh,聖馬丁河
250164683,3248892,zh,圣马丁
250164760,3248893,zh,布埃纳维斯塔
250164837,3248894,zh,\N
250164914,3248895,zh,埃尔奥尔诺
250164991,3248896,zh,\N
250165068,3248897,zh,埃尔伊斯洛特
250165145,3248898,zh,林孔德佩雷斯
250165222,3248899,zh,新萨拉戈萨
250165299,3248900,zh,奇约莱斯
250165376,3248901,zh,拉普拉亚
250165453,3248902,zh,奇拉潘
250165530,3248903,zh,奇拉潘
250165607,3248904,zh,\N
250165684,3248905,zh,科洛尼亚·奎斯塔·阿巴霍
250165761,3248906,zh,奥吉塔尔·莫利诺
250165838,3248907,zh,阿尔塔米拉
250165915,3248908,zh,改革
250165992,3248909,zh,埃尔米拉多尔
250166069,3248910,zh,科洛尼亚埃尔菲尼克斯
250166146,3248911,zh,帕索德尔托罗
250166223,3248912,zh,\N
250166300,3248913,zh,科洛尼亚·莫德罗
250166377,3248914,zh,\N
250166454,3248915,zh,埃尔阿拉莫
250166531,3248916,zh,\N
250166608,3248917,zh,埃尔兰奇托
250166685,3248918,zh,埃尔兰奇托
250166762,3248919,zh,圣克鲁斯德特佩塔斯
250166839,3248920,zh,埃尔吉甘特[兰乔]
250166916,3248921,zh,埃尔普罗格雷索（拉蒂拉）
250166993,3248922,zh,圣多明各德尔里奥
250167070,3248923,zh,埃尔帕拉伊索
250167147,3248924,zh,坎波·梅诺尼塔·查维·努梅罗·四号
250167224,3248925,zh,新罗西塔二世
250167301,3248926,zh,\N
250167378,3248927,zh,拉斯米纳斯
250167455,3248928,zh,波爾凡尼爾
250167532,3248929,zh,旧金山
250167609,3248930,zh,旧金山
250167686,3248931,zh,拉文塔纳
250167763,3248932,zh,圣伊西德罗
250167840,3248933,zh,圣托顿
250167917,3248934,zh,莫巴尔特
250167994,3248935,zh,卡门·拉·彼达
250168071,3248936,zh,克西尔
250168148,3248937,zh,卡卡维利亚
250168225,3248938,zh,联合恰帕内卡
250168302,3248939,zh,新圣马丁
250168379,3248940,zh,新千年托利马姆多斯
250168456,3248941,zh,拉胡勒里亚
250168533,3248942,zh,圣克鲁斯利马尔
250168610,3248943,zh,奇瓦维塔
250168687,3248944,zh,阿瓜·弗里亚
250168764,3248945,zh,阿瓜·弗里亚
250168841,3248946,zh,普里西马·康塞普西翁·马约拉兹戈
250168918,3248947,zh,\N
250168995,3248948,zh,\N
250169072,3248949,zh,铅笔
250169149,3248950,zh,德利里奥
250169226,3248951,zh,拉普罗维登西亚
250169303,3248952,zh,瓦德尼亚
250169380,3248953,zh,圣塞西莉亚埃尔阿雷纳尔
250169457,3248954,zh,黑影奇卡
250169534,3248955,zh,圣索非亚
250169611,3248956,zh,\N
250169688,3248957,zh,\N
250169765,3248958,zh,\N
250169842,3248959,zh,盖查戈阿奇
250169919,3248960,zh,宁古诺 [机场]
250169996,3248961,zh,巴乔德洛斯内格罗斯
250170073,3248962,zh,阿罗约奇基托
250170150,3248963,zh,埃尔阿雷纳尔
250170227,3248964,zh,蒂拉斯·布兰卡斯
250170304,3248965,zh,蒂拉斯·布兰卡斯
250170381,3248966,zh,拉盖塔
250170458,3248967,zh,卡布拉斯
250170535,3248968,zh,卡布拉斯
250170612,3248969,zh,\N
250170689,3248970,zh,卡皮扎约
250170766,3248971,zh,拉霍亚
250170843,3248972,zh,新森特纳里奥
250170920,3248973,zh,洛斯巴贝科斯
250170997,3248974,zh,\N
250171074,3248975,zh,卡皮扎约
250171151,3248976,zh,拉斯卡纳斯
250171228,3248977,zh,卡莱里塔
250171305,3248978,zh,洛斯紹塞斯
250171382,3248979,zh,洛斯酱料
250171459,3248980,zh,坎波*德*弗洛雷斯
250171536,3248981,zh,\N
250171690,3248983,zh,墨西哥基托
250171767,3248984,zh,拉伊格拉
250171844,3248985,zh,拉伊格拉
250171921,3248986,zh,格拉尼亚圣何塞德洛斯皮诺斯
250171998,3248987,zh,瓜达卢佩河畔维利塔殖民地
250172075,3248988,zh,\N
250172152,3248989,zh,埃尔科拉隆
250172229,3248990,zh,埃尔·马圭·德·巴拉哈斯
250172383,3248992,zh,查科·德尔·维扎什
250172460,3248993,zh,北拉坎特拉
250172537,3248994,zh,圣何塞特塞罗
250172614,3248995,zh,洛斯阿尔法罗（梅诺雷斯）
250172691,3248996,zh,霍亚德埃斯特拉达
250172768,3248997,zh,洛斯霍尔科内斯
250172845,3248998,zh,洛斯霍尔科内斯
250172922,3248999,zh,帕拉杰·马纳尔特佩克
250172999,3249000,zh,埃尔特霍鲁科
250173076,3249001,zh,拉克雷斯塔（莫利纳帕尔马）
250173153,3249002,zh,埃尔帕洛马尔
250173230,3249003,zh,科特拉齐纳帕
250173307,3249004,zh,埃尔佩斯卡多
250173384,3249005,zh,埃尔佩斯卡多
250173461,3249006,zh,加拿大
250173538,3249007,zh,拉斯乌梅达德斯
250173615,3249008,zh,科洛尼亚*索普雷萨
250173692,3249009,zh,埃尔华杰
250173769,3249010,zh,科拉尔*别霍
250173846,3249011,zh,朱塔斯*德尔*波布拉多
250173923,3249012,zh,埃尔普埃尔特西托
250174000,3249013,zh,拉卡莱拉
250174077,3249014,zh,拉哈西恩迪塔
250174154,3249015,zh,帕拉达170
250174231,3249016,zh,埃尔博杰
250174308,3249017,zh,科罗纳斯
250174385,3249018,zh,科罗纳斯
250174462,3249019,zh,埃吉多·埃米利亚诺·萨帕塔
250174539,3249020,zh,萨波特·德·阿吉雷
250174616,3249021,zh,洛斯罗伯斯
250174693,3249022,zh,巴希奥·德维扎什
250174770,3249023,zh,阿瓜内格拉
250174847,3249024,zh,洛斯卡雷托内斯
250174924,3249025,zh,圣达菲
250175001,3249026,zh,圣达菲
250175078,3249027,zh,圣何塞德尔亚诺
250175155,3249028,zh,拉拉纳
250175232,3249029,zh,拉斯卡诺阿斯
250175309,3249030,zh,萨波特·德·阿吉雷
250175386,3249031,zh,埃尔塞德罗
250175463,3249032,zh,洛斯德蒙特斯
250175540,3249033,zh,羅地奧
250175617,3249034,zh,牛仔竞技表演
250175694,3249035,zh,拉克鲁斯
250175771,3249036,zh,拉克鲁斯
250175848,3249037,zh,圣加斯帕
250175925,3249038,zh,埃尔蒙托罗
250176002,3249039,zh,埃尔蒙托罗
250176079,3249040,zh,埃尔阿瓜杰
250176156,3249041,zh,拉梅萨德圣华金
250176233,3249042,zh,波特雷罗·德·洛斯·皮鲁勒斯
250176310,3249043,zh,扎卡尔梅卡特尔
250176387,3249044,zh,埃尔阿雷纳尔
250176464,3249045,zh,埃尔阿雷纳尔
250176541,3249046,zh,\N
250176618,3249047,zh,康普尔塔*奥连特
250176695,3249048,zh,拉斯米尔皮塔斯
250176772,3249049,zh,拉恩拉马达
250176926,3249051,zh,兰乔洛斯马德罗诺斯
250177003,3249052,zh,拉托马
250177080,3249053,zh,拉托马
250177157,3249054,zh,拉康帕尼亚
250177234,3249055,zh,洛斯皮鲁勒斯
250177311,3249056,zh,弗雷斯诺弗雷斯诺别墅酒店
250177388,3249057,zh,拉拉哈
250177465,3249058,zh,塞塞卡梅尔
250177542,3249059,zh,圣伊西德里托
250177619,3249060,zh,埃尔博廷
250177696,3249061,zh,科洛尼亚普埃斯塔德尔索尔
250177773,3249062,zh,圣伊内斯 (拉埃斯孔迪达)
250177850,3249063,zh,曼萨纳·德科拉尔·法索
250177927,3249064,zh,加西亚牧场
250178004,3249065,zh,科洛尼亚埃尔柠檬西托
250178081,3249066,zh,奇里莫约
250178158,3249067,zh,林孔德尔特佩塔特
250178235,3249068,zh,圣华金
250178312,3249069,zh,埃尔德斯科加德罗
250178389,3249070,zh,科罗拉多港
250178466,3249071,zh,\N
250178543,3249072,zh,坎波查尔帕
250178620,3249073,zh,贝尼托华雷斯殖民地
250178697,3249074,zh,\N
250178774,3249075,zh,安普拉西翁·洛马斯·德尔·雷亚尔
250178851,3249076,zh,\N
250178928,3249077,zh,萨拉戈萨
250179005,3249078,zh,萨拉戈萨
250179082,3249079,zh,巴里奥*埃尔*萨波特
250179159,3249080,zh,\N
250179236,3249081,zh,联合德尔苏尔
250179313,3249082,zh,圣佩德罗·拉奇戈巴
250179390,3249083,zh,巴里奥3德梅奥
250179467,3249084,zh,埃尔罗布尔
250179544,3249085,zh,阿瓜卡塔尔
250179621,3249086,zh,彼德拉·德·阿雷纳
250179698,3249087,zh,彼德拉·德·阿雷纳
250179775,3249088,zh,帕拉赫·拉·托尔图加
250179852,3249089,zh,努比努顿
250179929,3249090,zh,里奥·坦博尔
250180006,3249091,zh,巴里奥德圣克鲁斯
250180083,3249092,zh,圣伊西德罗阿连德
250180160,3249093,zh,拉诺特兰帕
250180237,3249094,zh,托洛洛特
250180314,3249095,zh,卡卡瓦塔尔
250180391,3249096,zh,卡萨斯科罗拉多斯
250180468,3249097,zh,\N
250180545,3249098,zh,里奥德洛斯皮诺斯
250180622,3249099,zh,玻利瓦尔
250180699,3249100,zh,洛马梅卡特
250180776,3249101,zh,彼德拉·德尔·德斯坎索
250180853,3249102,zh,彼德拉·德尔·德斯坎索
250180930,3249103,zh,圣埃琳娜·德拉克鲁斯殖民地
250181007,3249104,zh,兰格乌罗
250181084,3249105,zh,\N
250181161,3249106,zh,金塔拉彼达
250181238,3249107,zh,佩納菲耶爾
250181315,3249108,zh,佩纳菲耶尔
250181392,3249109,zh,埃尔瓜因
250181469,3249110,zh,埃尔瓜因
250181546,3249111,zh,\N
250181623,3249112,zh,查普尔特佩克庄园
250181700,3249113,zh,洛斯帕爾米托斯
250181777,3249114,zh,洛斯帕尔米托斯
250181854,3249115,zh,洛马博尼塔
250181931,3249116,zh,萨利纳斯
250182008,3249117,zh,萨利纳斯
250182162,3249119,zh,鲁道夫·坎波多尼科
250182239,3249120,zh,瓜达卢佩的拉克鲁斯
250182316,3249121,zh,蒙特苏马斯·德尔·特佩塔特
250182393,3249122,zh,埃尔可可
250182470,3249123,zh,洛斯门多萨
250182547,3249124,zh,\N
250182624,3249125,zh,萨拉戈萨
250182701,3249126,zh,萨拉戈萨
250182855,3249128,zh,阿特姆帕普里梅罗
250182932,3249129,zh,圣拉斐尔·德拉·库瓦
250183009,3249130,zh,拉柯瓦
250183086,3249131,zh,拉芬卡
250183163,3249132,zh,圣安德烈斯查米尔帕
250183240,3249133,zh,埃尔莫利诺
250183317,3249134,zh,埃尔波特雷里洛
250183394,3249135,zh,埃尔帕洛帕拉多
250183471,3249136,zh,圣尼诺
250183548,3249137,zh,埃尔索利托
250183625,3249138,zh,埃尔瓜亚沃
250183702,3249139,zh,拉科弗拉迪亚
250183779,3249140,zh,科珀斯克里斯蒂
250183856,3249141,zh,科珀斯克里斯蒂
250183933,3249142,zh,贝尼托华雷斯殖民地
250184010,3249143,zh,拉拉哈
250184087,3249144,zh,塞塞卡梅尔
250184164,3249145,zh,多斯·阿罗约斯
250184241,3249146,zh,拉索尔普雷萨
250184318,3249147,zh,塞罗德拉班德拉
250184395,3249148,zh,放大卡里扎尔
250184472,3249149,zh,外邦人
250184549,3249150,zh,圣洛伦索德昆蒂
250184626,3249151,zh,埃尔泰雷罗
250184703,3249152,zh,埃尔泰雷罗
250184780,3249153,zh,埃尔帕尔马
250184857,3249154,zh,埃爾普羅格雷索
250184934,3249155,zh,維多利亞
250185011,3249156,zh,拉维多利亚
250185088,3249157,zh,\N
250185165,3249158,zh,\N
250185242,3249159,zh,\N
250185319,3249160,zh,特马克斯卡拉帕·奇科
250185396,3249161,zh,埃尔维吉亚
250185473,3249162,zh,阿尔弗雷多·邦菲尔
250185550,3249163,zh,\N
250185627,3249164,zh,拉斯皮拉斯
250185704,3249165,zh,拉斯皮拉斯
250185781,3249166,zh,拉斯伊莎贝莱斯
250185858,3249167,zh,\N
250185935,3249168,zh,下加利福尼亚州新米却肯州埃吉多
250186012,3249169,zh,下加利福尼亚州新米却肯州埃吉多
250186089,3249170,zh,埃尔普拉塔纳尔
250186166,3249171,zh,埃尔普拉塔纳尔
250186243,3249172,zh,\N
250186320,3249173,zh,拉斯克鲁塞斯
250186397,3249174,zh,圣佩德罗德拉斯帕尔马斯
250186474,3249175,zh,聖胡安
250186551,3249176,zh,圣胡安
250186628,3249177,zh,圣安东尼奥拉斯米纳斯
250186705,3249178,zh,莫雷利亚圣玛丽亚
250186782,3249179,zh,拉扎罗·卡德纳斯
250186859,3249180,zh,阿利安扎
250186936,3249181,zh,\N
250187013,3249182,zh,齐泰尔
250187090,3249183,zh,提坎特拉
250187167,3249184,zh,里约圣佩德罗
250187244,3249185,zh,阿卡普尔基托
250187321,3249186,zh,埃尔帕拉伊索
250187398,3249187,zh,埃尔帕拉伊索
250187475,3249188,zh,圣佩德罗·拉·格兰德萨
250187552,3249189,zh,拉斯韦吉塔斯
250187629,3249190,zh,埃尔普拉多
250187706,3249191,zh,圣罗莎
250187783,3249192,zh,新意大利
250187860,3249193,zh,埃尔林孔德尔瓜诺
250187937,3249194,zh,洛斯戈麦斯
250188014,3249195,zh,洛斯吉拉索莱斯
250188091,3249196,zh,圣何塞布埃纳维斯塔第二
250188168,3249197,zh,胡安·萨宾斯·古铁雷斯
250188245,3249198,zh,瓜达卢佩 葡萄牙
250188322,3249199,zh,拉乌尼翁省
250188399,3249200,zh,拉乌尼翁
250188476,3249201,zh,索諾拉州
250188553,3249202,zh,索诺拉
250188630,3249203,zh,圣罗莎
250188707,3249204,zh,埃尔德森加诺
250188784,3249205,zh,埃尔德森加诺
250188861,3249206,zh,埃尔安帕罗
250188938,3249207,zh,\N
250189015,3249208,zh,卡门之花
250189092,3249209,zh,圣巴尔塔扎
250189169,3249210,zh,埃尔纳兰吉托
250189246,3249211,zh,阿罗约德尔兰乔
250189323,3249212,zh,博基利亚斯
250189400,3249213,zh,坎布雷德圣伊格纳西奥
250189477,3249214,zh,拉安戈斯图拉
250189554,3249215,zh,库萨雷科塔
250189631,3249216,zh,埃尔波特雷罗
250189708,3249217,zh,\N
250189785,3249218,zh,里奥吉里奇沃
250189862,3249219,zh,阿瓜·弗里亚
250189939,3249220,zh,纳特拉瓦卡洛卡
250190016,3249221,zh,伊索蒂特拉
250190093,3249222,zh,马德里埃斯塔布洛
250190170,3249223,zh,圣何塞德洛斯皮卡乔斯
250190247,3249224,zh,圣何塞德尔帕雄
250190324,3249225,zh,塞里托·布兰科
250190401,3249226,zh,男子气概帕拉多
250190478,3249227,zh,\N
250190555,3249228,zh,康布斯蒂塔
250190632,3249229,zh,埃尔奥霍德阿瓜
250190709,3249230,zh,圣胡安德洛斯弗赖莱斯
250190786,3249231,zh,坎贝罗斯的谢内加
250190863,3249232,zh,\N
250190940,3249233,zh,埃尔波多黎各
250191017,3249234,zh,埃尔波多黎各
250191094,3249235,zh,圣特雷莎德阿吉雷
250191171,3249236,zh,格兰哈圣莫尼卡
250191248,3249237,zh,拉洛马
250191325,3249238,zh,洛斯歌剧院
250191402,3249239,zh,塞罗布兰科德卡马里洛
250191479,3249240,zh,埃尔维韦罗
250191556,3249241,zh,艾尔·林德罗 (阿罗约·布兰科 饰)
250191633,3249242,zh,艾尔·林德罗 (阿罗约·布兰科 饰)
250191710,3249243,zh,\N
250191787,3249244,zh,克鲁兹·布兰卡
250191864,3249245,zh,圣丽塔
250191941,3249246,zh,埃尔托里托
250192018,3249247,zh,埃尔阿瓜卡特
250192095,3249248,zh,埃尔阿瓜卡特
250192172,3249249,zh,埃尔塔马林多
250192249,3249250,zh,洛斯皮诺斯
250192326,3249251,zh,拉瓦尼利亚
250192403,3249252,zh,拉佩里卡
250192480,3249253,zh,瓦莱德尔杜拉兹诺
250192557,3249254,zh,拉斯帕雷德斯
250192634,3249255,zh,圣克鲁斯德拉斯弗洛雷斯
250192711,3249256,zh,丁满（艾尔·丁满·凯多 饰）
250192788,3249257,zh,\N
250192865,3249258,zh,拉斯孔查斯
250192942,3249259,zh,\N
250193019,3249260,zh,阿库塔蒂帕
250193096,3249261,zh,\N
250193173,3249262,zh,\N
250193250,3249263,zh,埃尔洪戈
250193327,3249264,zh,阿贾卡亚
250193404,3249265,zh,奎斯塔·特克斯奎多
250193481,3249266,zh,拉埃斯坦西亚
250193558,3249267,zh,拉斯乌尼加斯
250193635,3249268,zh,巴里奥巴霍
250193712,3249269,zh,埃尔帕哈尔
250193789,3249270,zh,埃尔波西龙
250193866,3249271,zh,拉阿罗内拉
250193943,3249272,zh,拉斯韦尔塔斯
250194020,3249273,zh,埃尔弗雷斯纳尔
250194097,3249274,zh,埃尔科内吉托
250194174,3249275,zh,埃尔乔罗
250194251,3249276,zh,马法拉
250194328,3249277,zh,\N
250194405,3249278,zh,洛斯明布尔斯
250194482,3249279,zh,洛斯明布尔斯
250194559,3249280,zh,梅萨德尔阿波佐尔
250194636,3249281,zh,埃尔萨尔托
250194713,3249282,zh,埃尔萨尔托
250194790,3249283,zh,圣何塞波萨本田
250194867,3249284,zh,拉诺里亚
250194944,3249285,zh,拉诺里亚
250195021,3249286,zh,彼德拉·安查
250195098,3249287,zh,\N
250195175,3249288,zh,巴里奥*米尔滕科
250195252,3249289,zh,\N
250195329,3249290,zh,帕尔马德奥罗
250195406,3249291,zh,\N
250195483,3249292,zh,埃尔西普雷斯
250195560,3249293,zh,埃尔帕哈尔
250195637,3249294,zh,拉斯科洛尼亚斯德拉卢纳
250195714,3249295,zh,拉斯卡维霍
250195791,3249296,zh,\N
250195868,3249297,zh,拉弗拉瓜
250195945,3249298,zh,拉索莱达
250196022,3249299,zh,洛斯瓜亚比托斯
250196099,3249300,zh,科洛尼亚·琼瓜兰
250196176,3249301,zh,埃尔利蒙
250196253,3249302,zh,克鲁兹·德·卡米诺斯
250196330,3249303,zh,埃尔梅斯卡尔
250196407,3249304,zh,科洛尼亚巴尔布埃纳
250196484,3249305,zh,\N
250196561,3249306,zh,拉斯帕洛马斯
250196638,3249307,zh,贝尼托·胡亚雷斯
250196715,3249308,zh,科洛尼亚·埃吉达尔·特佐基帕
250196792,3249309,zh,拉斯瓜西马斯
250196869,3249310,zh,拉特拉韦西亚
250196946,3249311,zh,拉斯科多尼斯
250197023,3249312,zh,圣安东尼奥·亚克斯霍姆
250197100,3249313,zh,特雷斯赫尔马诺斯
250197177,3249314,zh,\N
250197254,3249315,zh,海狸鼠
250197331,3249316,zh,拉斯德利西亚斯
250197408,3249317,zh,\N
250197485,3249318,zh,圣格特鲁迪斯庄园
250197562,3249319,zh,埃尔曼萨诺
250197639,3249320,zh,埃尔曼萨诺
250197716,3249321,zh,里奥弗里奥
250197793,3249322,zh,埃尔马克斯
250197870,3249323,zh,\N
250197947,3249324,zh,拉奥尔德纳
250198024,3249325,zh,埃尔瓜哈尔
250198101,3249326,zh,拉乌尼翁省
250198178,3249327,zh,拉乌尼翁
250198255,3249328,zh,拉奇贵
250198332,3249329,zh,拉雷哈
250198409,3249330,zh,拉雷哈
250198486,3249331,zh,萨卡马特尔
250198563,3249332,zh,拉辛格拉
250198640,3249333,zh,圣佩德罗马蒂尔区
250198717,3249334,zh,拉巴兰卡德尔塔巴科
250198794,3249335,zh,拉韦尔多拉加
250198871,3249336,zh,戈麦斯
250198948,3249337,zh,\N
250199025,3249338,zh,拉乌尼翁省
250199102,3249339,zh,布宜諾斯艾利斯
250199179,3249340,zh,布宜诺斯艾利斯
250199256,3249341,zh,拉萨比拉
250199333,3249342,zh,安纳尔科
250199410,3249343,zh,埃尔纳兰霍
250199487,3249344,zh,索兰戈
250199564,3249345,zh,洛斯紹塞斯
250199641,3249346,zh,洛斯酱料
250199718,3249347,zh,圣何塞布埃纳维斯塔
250199795,3249348,zh,\N
250199872,3249349,zh,\N
250199949,3249350,zh,圣何塞德尔雷蒂罗
250200026,3249351,zh,埃尔库查拉尔
250200103,3249352,zh,拉斯米纳斯
250200180,3249353,zh,科拉里略斯
250200257,3249354,zh,巴兰卡德尔索多
250200334,3249355,zh,埃尔皮诺
250200411,3249356,zh,\N
250200488,3249357,zh,\N
250200565,3249358,zh,拉斯科洛尼亚斯
250200642,3249359,zh,洛斯塞里托斯
250200719,3249360,zh,拉佩纳
250200796,3249361,zh,埃斯皮里图
250200873,3249362,zh,洛马德尔米拉多尔
250200950,3249363,zh,马贾迪塔·布兰卡
250201027,3249364,zh,圣拉蒙（坎佩斯特雷）
250201104,3249365,zh,塔科比策
250201181,3249366,zh,埃爾迪維薩德羅
250201258,3249367,zh,埃尔迪维萨德罗
250201335,3249368,zh,布埃纳维斯塔
250201412,3249369,zh,拉克鲁斯格兰德
250201489,3249370,zh,埃尔纳兰贾尔
250201566,3249371,zh,拉斯阿朱塔斯
250201643,3249372,zh,圣费尔南迪托
250201720,3249373,zh,埃尔林德罗
250201797,3249374,zh,\N
250201874,3249375,zh,\N
250201951,3249376,zh,拉诺里亚
250202028,3249377,zh,拉诺里亚
250202105,3249378,zh,圣胡安 比利亚雷亚尔 [兰乔]
250202182,3249379,zh,拉瓜達盧普
250202259,3249380,zh,拉瓜达卢佩
250202336,3249381,zh,科洛尼亚·弗雷德波·佩努埃拉
250202413,3249382,zh,圣玛格丽塔
250202490,3249383,zh,\N
250202567,3249384,zh,贝尼托·胡亚雷斯
250202644,3249385,zh,阿皮贾
250202721,3249386,zh,阿皮贾
250202798,3249387,zh,克鲁兹·德·彼德拉
250202875,3249388,zh,拉卡诺亚
250202952,3249389,zh,特佩皮斯科
250203029,3249390,zh,埃爾克魯塞羅
250203106,3249391,zh,埃尔克鲁塞罗
250203183,3249392,zh,拉伊斯莱塔（贝尼托·胡亚雷斯）
250203260,3249393,zh,拉伊斯莱塔（贝尼托·胡亚雷斯）
250203337,3249394,zh,奥通特佩克
250203414,3249395,zh,马格耶斯
250203491,3249396,zh,圣巴勃罗
250203568,3249397,zh,\N
250203645,3249398,zh,洛马博尼塔
250203722,3249399,zh,洛斯阿里亚斯
250203799,3249400,zh,特蒂帕纳帕
250203876,3249401,zh,米拉多雷斯
250203953,3249402,zh,洛斯加西亚
250204030,3249403,zh,库奥特莫克
250204107,3249404,zh,洛斯豪华轿车
250204184,3249405,zh,拉帕爾馬島
250204261,3249406,zh,拉斯莫尼卡斯
250204338,3249407,zh,奇科港
250204415,3249408,zh,圣马丁（埃斯特里比拉尔）
250204492,3249409,zh,埃爾希卡拉爾
250204569,3249410,zh,埃尔吉卡拉尔
250204646,3249411,zh,坎卡布钦甘博亚
250204723,3249412,zh,普韦布洛亚诺
250204800,3249413,zh,\N
250204877,3249414,zh,特奥多罗
250204954,3249415,zh,埃尔莫利诺
250205031,3249416,zh,科洛尼亚圣朱利安
250205108,3249417,zh,埃尔索科罗
250205185,3249418,zh,拉拉古纳[兰乔]
250205262,3249419,zh,\N
250205339,3249420,zh,\N
250205416,3249421,zh,\N
250205493,3249422,zh,\N
250205570,3249423,zh,阿道夫·洛佩兹·马特奥斯
250205647,3249424,zh,卡洛斯·萨利纳斯·德戈塔里（圣萨尔瓦多）
250205724,3249425,zh,\N
250205801,3249426,zh,圣豪尔赫（埃尔克罗塔洛）
250205878,3249427,zh,奥霍·德阿瓜·萨比诺
250205955,3249428,zh,拉德利西亚
250206032,3249429,zh,圣伊西德罗乌诺
250206109,3249430,zh,阿伊蒂克
250206186,3249431,zh,圣扎埃尔雷库埃尔多
250206263,3249432,zh,圣胡安坎塔哈尔
250206340,3249433,zh,埃尔舒克
250206417,3249434,zh,拉佩尼塔
250206494,3249435,zh,圣丽塔
250206571,3249436,zh,埃尔林孔
250206648,3249437,zh,波索·布兰科
250206725,3249438,zh,圣佩德罗埃尔普伊
250206802,3249439,zh,5德梅奥
250206879,3249440,zh,哈维尔·洛佩兹·莫雷诺
250206956,3249441,zh,圣安东尼奥德尔蒙特
250207033,3249442,zh,科拉松·德·玛丽亚
250207110,3249443,zh,\N
250207187,3249444,zh,维拉弗洛雷斯
250207264,3249445,zh,胡拉尔
250207341,3249446,zh,查乔布
250207418,3249447,zh,\N
250207495,3249448,zh,赫苏斯·佩雷斯·奥尔蒂斯
250207572,3249449,zh,拉索莱达
250207649,3249450,zh,聖洛倫索
250207726,3249451,zh,圣洛伦索
250207803,3249452,zh,克鲁塞罗德科隆
250207880,3249453,zh,瓜达卢佩拉库奇亚
250207957,3249454,zh,拉普埃爾塔
250208034,3249455,zh,拉普尔塔
250208111,3249456,zh,拉索莱达
250208188,3249457,zh,拉索莱达
250208265,3249458,zh,拉罗莎
250208342,3249459,zh,圣埃琳娜
250208419,3249460,zh,圣埃琳娜
250208496,3249461,zh,奇尼沃
250208573,3249462,zh,拉斯卡罗莱纳州
250208650,3249463,zh,帕卡伊沃
250208727,3249464,zh,穆莱托
250208804,3249465,zh,\N
250208881,3249466,zh,\N
250208958,3249467,zh,埃尔皮拉尔
250209035,3249468,zh,蒙特维德
250209112,3249469,zh,埃尔阿瓜杰
250209189,3249470,zh,萨巴尼拉
250209266,3249471,zh,洛斯番茄
250209343,3249472,zh,梅萨德洛斯贝塞罗斯
250209420,3249473,zh,圣伊西德罗德拉斯卡拉巴萨斯 (拉斯卡拉巴萨斯)
250209497,3249474,zh,埃尔维因蒂奥乔
250209574,3249475,zh,科尤尔·格兰德
250209651,3249476,zh,格拉尼亚拉普罗维登西亚
250209728,3249477,zh,\N
250209882,3249479,zh,波多*德尔*卡门
250209959,3249480,zh,\N
250210036,3249481,zh,\N
250210113,3249482,zh,埃尔哈拉利洛
250210190,3249483,zh,拉洛马
250210267,3249484,zh,特霍科特·德·帕斯托雷斯
250210344,3249485,zh,埃尔纳兰霍
250210421,3249486,zh,兰贝德罗
250210498,3249487,zh,\N
250210575,3249488,zh,阿特波卡
250210652,3249489,zh,埃尔奥霍德阿瓜
250210729,3249490,zh,埃尔米拉多尔
250210806,3249491,zh,老普韦布洛（瓜达卢佩殖民地）
250210883,3249492,zh,\N
250210960,3249493,zh,拉埃斯卡莱拉
250211037,3249494,zh,拉埃斯卡莱拉
250211114,3249495,zh,洛斯曼吉托斯
250211191,3249496,zh,伦夫雷拉斯
250211268,3249497,zh,伦布雷拉斯
250211345,3249498,zh,巴兰卡·佐罗（兰乔·曼努埃尔·加利纳饰演）
250211422,3249499,zh,蒙特维德
250211499,3249500,zh,卡贝萨·德·阿罗约·格拉尼索
250211576,3249501,zh,\N
250211653,3249502,zh,奇夸帕
250211730,3249503,zh,特波赞
250211807,3249504,zh,埃斯佩兰萨二世
250211884,3249505,zh,\N
250211961,3249506,zh,巴里奥*艾尔昆斯
250212038,3249507,zh,洪都拉
250212115,3249508,zh,埃尔马多
250212192,3249509,zh,埃尔马多
250212269,3249510,zh,\N
250212346,3249511,zh,\N
250212423,3249512,zh,圣安德烈斯
250212500,3249513,zh,拉拉亚
250212577,3249514,zh,圣何塞避难所
250212654,3249515,zh,拉哈仙达
250212731,3249516,zh,拉埃斯克雷帕
250212808,3249517,zh,埃尔泰雷罗
250212885,3249518,zh,埃尔卡洪德阿巴霍
250212962,3249519,zh,坎特拉德托雷斯
250213039,3249520,zh,埃尔拉米雷诺
250213116,3249521,zh,拉斯努埃塞斯
250213193,3249522,zh,帕索*德*梅兹奎蒂奇
250213270,3249523,zh,埃尔索西洛·德·阿巴霍
250213347,3249524,zh,拉马提尼克岛
250213424,3249525,zh,帕洛维德
250213501,3249526,zh,帕洛维德
250213578,3249527,zh,科洛尼亚·阿道夫·洛佩兹·马特奥斯
250213655,3249528,zh,圣帕特里西奥区
250213732,3249529,zh,拉洛马（拉斯鲁纳斯）
250213886,3249531,zh,洛斯利莫内斯
250213963,3249532,zh,洛斯利莫内斯
250214040,3249533,zh,波多黎各德尔托罗
250214117,3249534,zh,埃斯帕丁
250214194,3249535,zh,拉拉德拉
250214271,3249536,zh,\N
250214348,3249537,zh,埃尔雷帕罗
250214425,3249538,zh,拉斯埃斯塔卡斯
250214502,3249539,zh,卡拉科尔
250214579,3249540,zh,帕尔米托·德尔·波尼恩特
250214656,3249541,zh,拉谢内加
250214733,3249542,zh,埃爾恩坎托
250214810,3249543,zh,埃尔恩坎托
250214887,3249544,zh,阿特波卡
250214964,3249545,zh,蒂拉斯·布兰卡斯
250215041,3249546,zh,蒂拉斯·布兰卡斯
250215118,3249547,zh,卓帕卡托
250215195,3249548,zh,洛斯艾尔斯
250215272,3249549,zh,\N
250215349,3249550,zh,科洛尼亚·夸基亚瓦克
250215426,3249551,zh,埃尔瓜亚沃
250215503,3249552,zh,拉斯奎瓦斯
250215580,3249553,zh,圣洛伦索德昆蒂
250215657,3249554,zh,圣特雷莎（唐·耶稣）
250215734,3249555,zh,\N
250215811,3249556,zh,廷杜查科
250215888,3249557,zh,科洛尼亚利伯塔德
250215965,3249558,zh,彼德拉·马扎科特尔
250216042,3249559,zh,查巴卡诺
250216119,3249560,zh,\N
250216196,3249561,zh,阿瓜德尔索尔
250216273,3249562,zh,埃尔曼萨尼托
250216350,3249563,zh,拉联盟改革
250216427,3249564,zh,阿瓜哈巴利
250216504,3249565,zh,阿瓜贾巴利
250216581,3249566,zh,卡里扎尔
250216658,3249567,zh,埃斯佩兰萨
250216735,3249568,zh,埃斯佩兰萨
250216812,3249569,zh,维斯塔赫莫萨
250216889,3249570,zh,朱基拉独立
250216966,3249571,zh,巴里奥*阿帕努恩
250217043,3249572,zh,普拉亚奇卡
250217120,3249573,zh,拉霍亚德尔加维兰
250217197,3249574,zh,埃尔帕尔马
250217274,3249575,zh,拉斯弗洛雷斯
250217351,3249576,zh,\N
250217505,3249578,zh,科洛尼亚圣何塞
250217582,3249579,zh,埃爾卡爾瓦里奧
250217659,3249580,zh,埃尔卡列洪
250217736,3249581,zh,尤维塔阿
250217813,3249582,zh,尤维塔阿
250217890,3249583,zh,扎马祖尔
250217967,3249584,zh,塞里托·德·阿吉雷
250218044,3249585,zh,拉斯特洛哈斯
250218121,3249586,zh,加拿大奇基惠特
250218198,3249587,zh,布埃纳维斯塔
250218275,3249588,zh,布埃纳维斯塔
250218352,3249589,zh,洛斯阿维拉
250218429,3249590,zh,洛斯阿维拉
250218506,3249591,zh,拉正常
250218583,3249592,zh,\N
250218660,3249593,zh,拉斯韦尔塔斯德耶稣第三节
250218737,3249594,zh,特雷斯奥科特斯
250218814,3249595,zh,玛丽亚·楚楚特
250218891,3249596,zh,梅克斯奎特佩克
250218968,3249597,zh,\N
250219045,3249598,zh,洛玛·贝拉
250219122,3249599,zh,圣何塞科齐特拉
250219199,3249600,zh,兰乔米克斯库特拉
250219276,3249601,zh,埃尔罗萨里奥
250219353,3249602,zh,埃尔萨尔托 (拉塞瓦)
250219430,3249603,zh,特拉查洛亚
250219507,3249604,zh,波多德尔泽特
250219584,3249605,zh,圣盖博
250219661,3249606,zh,拉瓜西玛德洛斯格雷罗
250219738,3249607,zh,拉斯克鲁西塔斯
250219815,3249608,zh,拉斯克鲁西塔斯
250219892,3249609,zh,洛斯维达莱斯
250219969,3249610,zh,洛斯维达莱斯
250220046,3249611,zh,曼萨纳德尔库博
250220123,3249612,zh,拉洛马
250220200,3249613,zh,拉洛马
250220277,3249614,zh,蒙特维德
250220354,3249615,zh,聖米格爾河
250220431,3249616,zh,圣米格尔特诺奇蒂特兰
250220508,3249617,zh,尤罗吉奥·扎马里帕
250220585,3249618,zh,尤洛吉奥·扎马里帕
250220662,3249619,zh,圣埃利亚斯
250220739,3249620,zh,埃尔劳雷尔
250220816,3249621,zh,埃尔恩西纳尔
250220893,3249622,zh,埃尔恩西纳尔
250220970,3249623,zh,埃尔卡米钦
250221047,3249624,zh,幻象
250221124,3249625,zh,坎波圣路易斯
250221201,3249626,zh,\N
250221278,3249627,zh,聖米格爾河
250221355,3249628,zh,圣米格尔特诺奇蒂特兰
250221432,3249629,zh,帕洛·索罗
250221509,3249630,zh,多明戈·阿里纳斯
250221586,3249631,zh,多明戈·阿里纳斯
250221663,3249632,zh,埃尔埃帕佐特 [兰乔]
250221740,3249633,zh,拉斯罗卡斯
250221817,3249634,zh,拉斯罗卡斯
250221894,3249635,zh,拉塞雷纳
250221971,3249636,zh,拉洛马
250222048,3249637,zh,蒙特德奥罗
250222125,3249638,zh,洛玛·贝拉
250222202,3249639,zh,埃尔柠檬西托
250222279,3249640,zh,埃尔纳兰霍
250222356,3249641,zh,埃爾托爾圖格羅
250222433,3249642,zh,埃米利亚诺·萨帕塔
250222510,3249643,zh,埃米利亚诺·萨帕塔
250222587,3249644,zh,卡纳马扎尔
250222664,3249645,zh,马法拉
250222741,3249646,zh,维加·埃斯孔迪达
250222818,3249647,zh,皮诺·索罗
250222895,3249648,zh,\N
250222972,3249649,zh,苏努阿帕
250223049,3249650,zh,诺帕利洛
250223126,3249651,zh,诺帕利洛
250223203,3249652,zh,马塔库库特
250223280,3249653,zh,库格库奥蒂特拉
250223357,3249654,zh,米桑特拉第二
250223434,3249655,zh,马加里托·蒙特斯·帕拉·埃吉多
250223511,3249656,zh,华雷斯殖民地
250223588,3249657,zh,索兹·德·洛斯·冈萨雷斯
250223665,3249658,zh,埃尔索亚塔尔
250223742,3249659,zh,曼萨纳德尔库博
250223819,3249660,zh,埃尔阿瓜卡特
250223896,3249661,zh,拉克鲁斯
250223973,3249662,zh,拉克鲁斯
250224050,3249663,zh,圣莱昂纳多
250224127,3249664,zh,波特雷罗·格兰德
250224204,3249665,zh,埃尔乔科基
250224281,3249666,zh,\N
250224358,3249667,zh,德尔玛别墅
250224435,3249668,zh,萨尔蒂约教区神学院
250224512,3249669,zh,瓜达卢佩德尔雷伊
250224589,3249670,zh,胡安·安东尼奥·德尔·苏尔（吉利塔·奥乔区）
250224666,3249671,zh,拉特霍内拉
250224743,3249672,zh,\N
250224820,3249673,zh,米纳德洛杉矶
250224897,3249674,zh,阿根廷
250224974,3249675,zh,阿根廷
250225051,3249676,zh,\N
250225128,3249677,zh,埃尔帕拉伊索
250225205,3249678,zh,安泰尔
250225282,3249679,zh,圣佩德罗·普希拉
250225359,3249680,zh,圣克鲁斯·图利亚
250225436,3249681,zh,拉亚奥霍德阿瓜
250225513,3249682,zh,聖克魯斯
250225590,3249683,zh,圣克鲁斯
250225667,3249684,zh,聖多明哥
250225744,3249685,zh,圣多明各
250225821,3249686,zh,\N
250225898,3249687,zh,琳达维斯塔
250225975,3249688,zh,托阿曼
250226052,3249689,zh,里奥*贾塔特
250226129,3249690,zh,圣特雷莎多斯
250226206,3249691,zh,圣何塞·洛马斯·阿尔塔斯
250226283,3249692,zh,圣多明各韦克萨
250226360,3249693,zh,库拉克特
250226437,3249694,zh,埃尔坎帕门托
250226514,3249695,zh,圣佩德罗隧道
250226591,3249696,zh,\N
250226668,3249697,zh,新波夫拉多瓜达卢佩
250226745,3249698,zh,奥斯卡·萨利纳斯·莫加
250226822,3249699,zh,翁达·弗里亚
250226899,3249700,zh,瓜达卢佩
250226976,3249701,zh,聖多明哥
250227053,3249702,zh,圣多明各
250227130,3249703,zh,圣安东尼奥布埃纳维斯塔
250227207,3249704,zh,卡拉謝島
250227284,3249705,zh,卡拉切弗尔
250227361,3249706,zh,奥科乔奇
250227438,3249707,zh,坎波韦因蒂努韦
250227515,3249708,zh,埃尔坎波
250227592,3249709,zh,圣伊格纳西奥德洛斯卡诺
250227669,3249710,zh,埃尔波韦尼尔（拉洛马）
250227746,3249711,zh,兰乔布兰科
250227823,3249712,zh,拉卡雷拉
250227900,3249713,zh,拉卡雷拉
250227977,3249714,zh,\N
250228054,3249715,zh,拉昆布雷
250228131,3249716,zh,埃尔格拉尼洛
250228208,3249717,zh,科西科奇
250228285,3249718,zh,库萨雷科塔
250228362,3249719,zh,库萨雷科塔
250228439,3249720,zh,克皮尔科
250228516,3249721,zh,特佐姆帕
250228593,3249722,zh,圣胡安阿吉纳尔多
250228670,3249723,zh,洛斯奥加诺斯
250228747,3249724,zh,洛斯阿米莱斯
250228824,3249725,zh,拉拉古纳
250228901,3249726,zh,萨波特·德·阿吉雷
250228978,3249727,zh,圣费尔南多·德塞尔达
250229055,3249728,zh,埃尔卡门
250229132,3249729,zh,埃尔卡门
250229209,3249730,zh,拉坎德拉里亚
250229286,3249731,zh,埃尔恩西纳尔
250229363,3249732,zh,帕拉西奥德阿里巴
250229440,3249733,zh,里奥*阿祖尔*德*马拉维利亚斯
250229517,3249734,zh,埃尔科罗内尔
250229594,3249735,zh,瓜达拉哈里塔
250229671,3249736,zh,圣伊西德罗·德·洛斯·卡马乔
250229825,3249738,zh,圣伊西德罗·德·博尔哈
250229902,3249739,zh,洛斯拉索斯
250229979,3249740,zh,埃尔利蒙
250230056,3249741,zh,穆拉斯的普雷萨·德·乔亚·德·穆拉斯
250230210,3249743,zh,拉斯帕洛马斯
250230287,3249744,zh,\N
250230364,3249745,zh,\N
250230441,3249746,zh,奥霍·德阿瓜·德·瓦拉德兹
250230518,3249747,zh,奥霍·德阿瓜·德·瓦拉德兹
250230595,3249748,zh,\N
250230672,3249749,zh,洛斯坦克
250230749,3249750,zh,何塞菲娜·德拉奥
250230826,3249751,zh,布埃纳维斯塔
250230903,3249752,zh,阿尔塔米拉
250230980,3249753,zh,卡纳德阿瓜
250231057,3249754,zh,埃尔利蒙
250231134,3249755,zh,博卡查韦
250231211,3249756,zh,维尔塔格兰德
250231288,3249757,zh,西鲁埃洛·阿马里洛
250231365,3249758,zh,洪都拉佛得角
250231442,3249759,zh,\N
250231519,3249760,zh,夸纳卡马特拉
250231596,3249761,zh,萨卡瓦杰
250231673,3249762,zh,拉斯托尔图加斯
250231750,3249763,zh,兰乔圣佩德罗
250231827,3249764,zh,特内克斯泰约
250231904,3249765,zh,\N
250231981,3249766,zh,塞罗德拉劳维亚
250232058,3249767,zh,大学
250232135,3249768,zh,圣伊西德罗博贾伊托（前博贾伊托庄园）
250232212,3249769,zh,科洛尼亚*埃尔萨比诺
250232289,3249770,zh,埃爾克魯塞羅
250232366,3249771,zh,埃尔克鲁塞罗
250232443,3249772,zh,埃尔恩西诺特
250232520,3249773,zh,圣米格尔·萨波蒂特兰
250232597,3249774,zh,埃尔多
250232674,3249775,zh,特卡马特尔
250232751,3249776,zh,\N
250232828,3249777,zh,特帕梅拉
250232905,3249778,zh,洛斯泰雷罗斯
250232982,3249779,zh,埃尔卡雷顿
250233059,3249780,zh,埃尔卡雷顿
250233136,3249781,zh,圣伊波利托
250233213,3249782,zh,埃尔奥卡尔
250233290,3249783,zh,埃尔卡里索
250233367,3249784,zh,蒂拉斯·布兰卡斯
250233444,3249785,zh,埃尔菲耶罗
250233521,3249786,zh,拉米尼塔
250233598,3249787,zh,拉斯梅萨斯
250233675,3249788,zh,拉斯梅萨斯
250233752,3249789,zh,埃尔卡洪
250233829,3249790,zh,埃尔卡洪
250233906,3249791,zh,圣克鲁斯德阿里巴
250233983,3249792,zh,洛马·德·罗德里格斯
250234060,3249793,zh,\N
250234137,3249794,zh,拉斯瓜西马斯
250234214,3249795,zh,拉普洛莫萨
250234291,3249796,zh,圣安娜
250234368,3249797,zh,特雷斯·波特里洛斯
250234445,3249798,zh,波特雷罗·格兰德
250234522,3249799,zh,波特雷罗·格兰德
250234599,3249800,zh,拉索莱达
250234676,3249801,zh,拉维纳塔
250234753,3249802,zh,阿瓦卡潘
250234830,3249803,zh,拉惠扎塔
250234907,3249804,zh,埃尔卡亚基托
250234984,3249805,zh,埃尔卡亚基托
250235061,3249806,zh,\N
250235138,3249807,zh,埃尔阿瓜卡特
250235215,3249808,zh,埃尔阿瓜卡特
250235292,3249809,zh,拉米埃爾
250235369,3249810,zh,拉米尔
250235446,3249811,zh,博卡塞卡
250235523,3249812,zh,\N
250235600,3249813,zh,拉拉哈
250235677,3249814,zh,塞塞卡梅尔
250235754,3249815,zh,洛斯自由
250235831,3249816,zh,奈纳雷
250235908,3249817,zh,巴兰卡本田
250235985,3249818,zh,\N
250236062,3249819,zh,内格拉斯殖民地
250236139,3249820,zh,科洛尼亚·路易斯·唐纳多·科洛西奥
250236216,3249821,zh,卡米诺阿拉托马
250236293,3249822,zh,卡米诺阿拉托马
250236370,3249823,zh,聖克魯斯
250236447,3249824,zh,圣克鲁斯
250236524,3249825,zh,埃尔伊佐特
250236601,3249826,zh,科洛尼亚弗洛雷斯马贡
250236678,3249827,zh,布埃纳维斯塔
250236755,3249828,zh,布埃纳维斯塔
250236832,3249829,zh,帕索圣安东尼奥
250236909,3249830,zh,帕索圣安东尼奥
250236986,3249831,zh,普罗格雷索
250237063,3249832,zh,拉佐纳德尔帕伦克
250237140,3249833,zh,\N
250237217,3249834,zh,尼扎林达尼
250237294,3249835,zh,埃爾卡爾瓦里奧
250237371,3249836,zh,埃尔卡列洪
250237448,3249837,zh,阿瓜德拉富恩特
250237525,3249838,zh,以色列
250237602,3249839,zh,以色列
250237679,3249840,zh,胡安娜·卡斯蒂略
250237756,3249841,zh,圣布里吉达
250237910,3249843,zh,科洛尼亚区乌诺
250238064,3249845,zh,帕索翁多
250238141,3249846,zh,拉亚·德·雅惠什
250238218,3249847,zh,洛斯萨米恩托
250238295,3249848,zh,拉科迪勒拉
250238372,3249849,zh,\N
250238449,3249850,zh,埃尔帕杰里托
250238526,3249851,zh,彼德拉丽莎
250238603,3249852,zh,洛马·拉尔加
250238680,3249853,zh,\N
250238757,3249854,zh,\N
250238834,3249855,zh,兰乔罗萨斯
250238911,3249856,zh,多斯里奥斯
250238988,3249857,zh,拉特龙科内拉
250239065,3249858,zh,阿提特拉
250239142,3249859,zh,奥塔蒂特兰
250239219,3249860,zh,阿祖奇特兰
250239296,3249861,zh,\N
250239373,3249862,zh,普恩特·塔布拉
250239450,3249863,zh,普恩特塔布拉
250239527,3249864,zh,圣佩德罗阿斯科纳
250239604,3249865,zh,\N
250239681,3249866,zh,洛斯马丁内斯
250239758,3249867,zh,拉斯帕尔米塔斯
250239835,3249868,zh,彼德拉戈尔达
250239912,3249869,zh,圣胡安德拉希亚
250239989,3249870,zh,托尔蒂特拉
250240066,3249871,zh,特拉伊库特佩克
250240143,3249872,zh,兰乔科拉蒂特拉
250240220,3249873,zh,彼德拉斯·内格拉斯
250240297,3249874,zh,彼德拉斯·内格拉斯
250240374,3249875,zh,埃尔巴苏什
250240451,3249876,zh,阿基夏梅尔
250240528,3249877,zh,埃尔亨迪多
250240605,3249878,zh,\N
250240682,3249879,zh,新独立
250240759,3249880,zh,埃尔奥霍德阿瓜
250240836,3249881,zh,圣菲德尔
250240913,3249882,zh,雷亚尔
250240990,3249883,zh,桑塔纳
250241067,3249884,zh,埃尔泰雷罗二世
250241144,3249885,zh,埃尔米拉多尔
250241221,3249886,zh,\N
250241298,3249887,zh,拉波萨
250241375,3249888,zh,\N
250241452,3249889,zh,拉里尼加
250241529,3249890,zh,\N
250241606,3249891,zh,圣安娜
250241683,3249892,zh,维森特·格雷罗将军
250241760,3249893,zh,\N
250241837,3249894,zh,曼努埃尔·冈萨雷斯·马格达莱诺
250241914,3249895,zh,胡伊拉帕
250241991,3249896,zh,\N
250242068,3249897,zh,约洛克拉
250242145,3249898,zh,埃尔帕拉伊索
250242222,3249899,zh,圣何塞查卡拉帕
250242299,3249900,zh,拉特霍纳
250242376,3249901,zh,拉古纳德尔福图诺
250242453,3249902,zh,塔克斯科夸约
250242530,3249903,zh,塞罗德拉帕尔马
250242607,3249904,zh,新萨波塔尔
250242684,3249905,zh,\N
250242761,3249906,zh,埃斯梅拉达
250242838,3249907,zh,米娜·普罗格雷索
250242915,3249908,zh,埃尔阿瓜卡特
250242992,3249909,zh,克鲁兹·德·拉玛
250243069,3249910,zh,埃尔加维兰
250243146,3249911,zh,拉莫内拉
250243223,3249912,zh,索科蒂特拉
250243300,3249913,zh,帕里利亚二世
250243377,3249914,zh,埃尔乔比托
250243454,3249915,zh,聖佩德羅河
250243531,3249916,zh,圣佩德罗
250243608,3249917,zh,拉莫霍内拉
250243685,3249918,zh,拉莫霍内拉
250243762,3249919,zh,新纳兰霍斯
250243839,3249920,zh,\N
250243916,3249921,zh,科尤尔·格兰德
250243993,3249922,zh,洛斯哈罗
250244070,3249923,zh,洛斯哈罗
250244147,3249924,zh,埃尔萨利特雷
250244224,3249925,zh,埃尔萨利特雷
250244301,3249926,zh,帕尔米图斯
250244378,3249927,zh,聖馬丁河
250244455,3249928,zh,圣马丁
250244532,3249929,zh,\N
250244609,3249930,zh,拉库瓦 (新奥迪西亚)
250244686,3249931,zh,西恩托·塞滕塔·西特号包裹
250244763,3249932,zh,\N
250244840,3249933,zh,特佩亚克（梅尔乔·奥坎波 饰）
250244917,3249934,zh,洛斯马斯特罗斯
250244994,3249935,zh,西奈山
250245071,3249936,zh,新阿卡普尔科
250245148,3249937,zh,拉斯克鲁塞斯
250245225,3249938,zh,\N
250245302,3249939,zh,库楚巴克
250245379,3249940,zh,圣巴尔塔扎
250245456,3249941,zh,拉康塞普西翁
250245533,3249942,zh,维斯塔赫莫萨
250245610,3249943,zh,帕特萨努尔
250245687,3249944,zh,拉索莱达
250245764,3249945,zh,圣胡安里奥维德
250245841,3249946,zh,皮特姆芒果
250245918,3249947,zh,特雷斯里奥斯
250245995,3249948,zh,特雷斯里奥斯
250246072,3249949,zh,\N
250246149,3249950,zh,洛斯塞里托斯
250246226,3249951,zh,洛斯塞里托斯
250246303,3249952,zh,拉福尔图纳
250246380,3249953,zh,埃尔沉默
250246457,3249954,zh,圣哈辛托
250246534,3249955,zh,拉格拉纳迪拉
250246611,3249956,zh,拉普拉纳达圣路易斯
250246688,3249957,zh,卡卡特
250246765,3249958,zh,洛斯西门托斯
250246842,3249959,zh,洛斯西门托斯
250246919,3249960,zh,圣安东尼奥罗萨里奥
250246996,3249961,zh,弗洛尔·纳兰霍（洪都拉斯）
250247073,3249962,zh,圣何塞拉诺里亚
250247150,3249963,zh,圣何塞拉诺里亚
250247227,3249964,zh,圣安娜
250247304,3249965,zh,曼萨纳德尔库博
250247381,3249966,zh,阿瓜·弗里亚·卡里扎尔
250247458,3249967,zh,圣何塞谢沙尔
250247535,3249968,zh,埃尔林孔
250247612,3249969,zh,塔拉约特斯
250247689,3249970,zh,拉斯军塔斯
250247766,3249971,zh,布埃纳维斯塔
250247843,3249972,zh,\N
250247920,3249973,zh,西蒂奥·路易斯·雷伊
250247997,3249974,zh,西蒂奥·路易斯·雷伊
250248074,3249975,zh,拉谢内加
250248151,3249976,zh,哈利斯科乌诺
250248228,3249977,zh,哈利斯科乌诺
250248305,3249978,zh,马拉卡斯科
250248382,3249979,zh,特拉西科阿帕 (穆洛特拉)
250248459,3249980,zh,特拉卡尔特卡
250248536,3249981,zh,圣伊西德罗
250248613,3249982,zh,拉利奥内拉
250248690,3249983,zh,拉文塔纳
250248767,3249984,zh,埃尔帕尔马
250248844,3249985,zh,\N
250248921,3249986,zh,埃尔瓜亚比托
250248998,3249987,zh,拉谢内吉塔
250249075,3249988,zh,查波蒂略斯
250249152,3249989,zh,\N
250249306,3249991,zh,\N
250249383,3249992,zh,圣安东尼奥德拉斯奎维塔斯
250249460,3249993,zh,圣安东尼奥德拉斯奎维塔斯
250249537,3249994,zh,阿帕帕塔罗
250249614,3249995,zh,拉科罗拉达
250249691,3249996,zh,埃爾普羅格雷索
250249768,3249997,zh,埃尔普罗格雷索
250249845,3249998,zh,格兰哈·杰里科
250249922,3249999,zh,圣何塞马拉维拉斯 (埃尔兰奇托)
250249999,3250000,zh,拉斯皮拉斯诺特
250250076,3250001,zh,帕里利亚二世
250250153,3250002,zh,埃尔阿拉莫
250250230,3250003,zh,科洛尼亚·曼努埃尔·阿诺尔韦·巴尼奥斯
250250307,3250004,zh,拉普罗维登西亚
250250384,3250005,zh,德伦巴多
250250461,3250006,zh,西里安·格兰德
250250538,3250007,zh,\N
250250615,3250008,zh,\N
250250692,3250009,zh,戈麦斯
250250769,3250010,zh,洛斯弗雷斯诺斯庄园
250250846,3250011,zh,拉诺蒂格雷
250250923,3250012,zh,彼德拉内格拉
250251000,3250013,zh,阿瓜扎尔卡
250251077,3250014,zh,夸特拉科庄园
250251154,3250015,zh,拉斯佩尼塔斯
250251231,3250016,zh,佩塔科蒂塔
250251308,3250017,zh,佩塔科蒂塔
250251385,3250018,zh,克鲁西塔德皮拉斯
250251462,3250019,zh,阿卡滕科
250251539,3250020,zh,坎塔拉纳斯
250251616,3250021,zh,埃尔米拉多尔
250251693,3250022,zh,埃尔米拉多尔
250251770,3250023,zh,拉阿雷纳
250251847,3250024,zh,埃尔泰雷罗
250251924,3250025,zh,埃尔瓦莱
250252001,3250026,zh,拉阿吉利亚
250252078,3250027,zh,拉洛马德圣维森特
250252155,3250028,zh,阿特里克斯科
250252232,3250029,zh,旧金山德奥利沃
250252309,3250030,zh,波特雷罗·德·纳瓦雷特
250252386,3250031,zh,洛斯利亞尼托斯
250252463,3250032,zh,洛斯亚尼托斯
250252540,3250033,zh,埃尔塞德罗
250252617,3250034,zh,拉洛马
250252694,3250035,zh,拉马塔（法蒂玛）
250252771,3250036,zh,特雷斯玛丽亚斯
250252848,3250037,zh,埃尔瓜亚沃
250252925,3250038,zh,托纳兰
250253002,3250039,zh,埃尔奥里托
250253079,3250040,zh,\N
250253156,3250041,zh,卡萨斯维耶哈斯
250253233,3250042,zh,埃尔罗梅拉尔
250253310,3250043,zh,埃尔罗梅拉尔
250253387,3250044,zh,卡萨斯科罗拉多斯
250253464,3250045,zh,埃吉多·夸特兰戈
250253541,3250046,zh,巴里奥拉斯佩纳斯
250253618,3250047,zh,\N
250253695,3250048,zh,波索·埃尔·米拉格罗
250253772,3250049,zh,圣博尔哈
250253849,3250050,zh,埃吉多皮拉尔门
250253926,3250051,zh,\N
250254003,3250052,zh,埃尔坎波航空公司
250254080,3250053,zh,埃尔帕帕约
250254157,3250054,zh,埃尔特马兹卡尔
250254234,3250055,zh,萨波特德洛斯迪亚兹
250254311,3250056,zh,乌帕夸罗
250254388,3250057,zh,乌帕夸罗
250254465,3250058,zh,\N
250254542,3250059,zh,洛斯利亞尼托斯
250254619,3250060,zh,洛斯亚尼托斯
250254696,3250061,zh,拉斯科罗尼拉斯
250254773,3250062,zh,\N
250254850,3250063,zh,埃尔普埃尔特西托
250254927,3250064,zh,埃尔雷帕罗
250255004,3250065,zh,埃尔塞德罗
250255081,3250066,zh,洛马斯·德尔·索尔
250255158,3250067,zh,\N
250255235,3250068,zh,埃尔阿马特
250255312,3250069,zh,洛马博尼塔
250255389,3250070,zh,洛马博尼塔
250255466,3250071,zh,科洛尼亚*埃尔安吉尔(第33公里)
250255543,3250072,zh,何塞·奥尔蒂斯（圣马丁）
250255620,3250073,zh,拉斯帕尔马斯
250255697,3250074,zh,拉斯帕尔马斯
250255774,3250075,zh,鬼十莲
250255851,3250076,zh,牺牲
250255928,3250077,zh,曼萨纳德尔库博
250256005,3250078,zh,卡米诺安乔
250256082,3250079,zh,洛马·德·阿迪拉
250256159,3250080,zh,老圣伊西德罗 (拉宗加)
250256236,3250081,zh,兰乔加拿大德米纳斯
250256313,3250082,zh,约尼亚托
250256390,3250083,zh,埃尔科科尤尔
250256467,3250084,zh,洛斯蓬特斯库奇斯
250256544,3250085,zh,尤库尼托索 (拉巴斯)
250256621,3250086,zh,拉佩纳内格拉
250256698,3250087,zh,拉罗莎
250256775,3250088,zh,\N
250256852,3250089,zh,拉斯利马斯
250256929,3250090,zh,贝尼托华雷斯殖民地
250257006,3250091,zh,汤田巴
250257083,3250092,zh,圣卢卡斯
250257160,3250093,zh,\N
250257237,3250094,zh,\N
250257314,3250095,zh,拉斯努埃塞斯
250257391,3250096,zh,埃尔卡列容
250257468,3250097,zh,\N
250257545,3250098,zh,萨比诺·法罗尔
250257622,3250099,zh,圣卡塔琳娜州
250257699,3250100,zh,圣卡塔琳娜州
250257776,3250101,zh,栀子花
250257853,3250102,zh,埃尔卡门
250257930,3250103,zh,埃尔马克斯
250258007,3250104,zh,圣玛丽亚洛斯皮尼托斯
250258084,3250105,zh,\N
250258161,3250106,zh,奥霍·德·阿瓜
250258238,3250107,zh,圣伊莎贝尔
250258315,3250108,zh,马哈达阿尔塔
250258392,3250109,zh,帕洛韦科
250258469,3250110,zh,坦佩特
250258546,3250111,zh,拉萨帕蒂拉
250258623,3250112,zh,科洛尼亚贝拉维斯塔
250258700,3250113,zh,拉米西翁
250258777,3250114,zh,里拉
250258854,3250115,zh,聖多明哥
250258931,3250116,zh,圣多明各
250259008,3250117,zh,\N
250259085,3250118,zh,埃尔贾吉
250259162,3250119,zh,萨利特里洛斯
250259239,3250120,zh,洛斯阿亚莱斯
250259316,3250121,zh,拉西鲁埃丽塔
250259393,3250122,zh,埃尔阿维昂
250259470,3250123,zh,坎波圣埃米利奥
250259547,3250124,zh,洛马·德·洛斯·休伊扎什
250259624,3250125,zh,洛斯阿米莱斯
250259701,3250126,zh,\N
250259778,3250127,zh,埃尔瓜穆奇尔
250259855,3250128,zh,巴里奥德瓜达卢佩
250259932,3250129,zh,圣伊内斯多斯 (洛斯皮尼托斯)
250260009,3250130,zh,\N
250260086,3250131,zh,拉格拉纳迪拉
250260163,3250132,zh,特雷斯恩西诺斯
250260240,3250133,zh,拉洪塔
250260317,3250134,zh,戈多山
250260394,3250135,zh,诺里亚·德尔·塞罗·戈多
250260471,3250136,zh,\N
250260548,3250137,zh,奇奇格萨
250260625,3250138,zh,奇奇格萨
250260702,3250139,zh,埃尔奇科萨波特
250260779,3250140,zh,埃尔皮卡德罗
250260856,3250141,zh,特拉索帕
250260933,3250142,zh,萨卡曼戈
250261010,3250143,zh,\N
250261087,3250144,zh,\N
250261164,3250145,zh,科洛尼亚努埃瓦德尔卡门
250261241,3250146,zh,圣华尼托
250261318,3250147,zh,帕尔马德圣地亚哥
250261395,3250148,zh,圣费利佩·德赫苏斯
250261472,3250149,zh,圣马丁阿瓦特佩克
250261549,3250150,zh,埃耶卡特佩特尔
250261626,3250151,zh,拉埃斯特雷拉
250261703,3250152,zh,卡萨布兰卡
250261780,3250153,zh,聖馬利亞
250261857,3250154,zh,圣玛丽亚
250261934,3250155,zh,拉帕爾馬島
250262011,3250156,zh,拉斯莫尼卡斯
250262088,3250157,zh,埃尔卡雷诺
250262165,3250158,zh,\N
250262242,3250159,zh,埃尔马雷西托
250262319,3250160,zh,拉斯胡尔塔斯德阿马亚
250262396,3250161,zh,埃尔萨利特里洛
250262473,3250162,zh,埃尔索尔 [格兰哈]
250262550,3250163,zh,\N
250262627,3250164,zh,圣达菲多斯
250262704,3250165,zh,维森特*格雷罗*努梅罗2
250262781,3250166,zh,\N
250262858,3250167,zh,库奥特莫克·卡德纳斯
250262935,3250168,zh,\N
250263012,3250169,zh,拉卡帕圣何塞奥布雷罗
250263089,3250170,zh,瓦多雷亚尔
250263166,3250171,zh,瓦多雷亚尔
250263243,3250172,zh,克鲁兹·克马达
250263320,3250173,zh,\N
250263397,3250174,zh,納亞里特州
250263474,3250175,zh,圣安东尼奥布埃纳维斯塔
250263551,3250176,zh,圣安东尼奥布埃纳维斯塔
250263628,3250177,zh,埃米利亚诺·萨帕塔
250263705,3250178,zh,埃米利亚诺·萨帕塔
250263782,3250179,zh,佩德雷加尔·德·阿瓦霍
250263859,3250180,zh,埃尔雷库尔多
250263936,3250181,zh,\N
250264013,3250182,zh,拉斯莫拉斯
250264090,3250183,zh,拉斯弗拉瓜斯
250264167,3250184,zh,埃米利亚诺·萨帕塔（拉斯瓦里利亚斯）
250264244,3250185,zh,圣克里斯托瓦尔 布宜诺斯艾利斯
250264321,3250186,zh,鲁本·哈拉米洛
250264398,3250187,zh,鲁本·哈拉米洛
250264475,3250188,zh,罗萨里奥·圣地亚哥
250264552,3250189,zh,埃尔卡普林
250264629,3250190,zh,穆蒙提克·乌诺
250264706,3250191,zh,新班布
250264783,3250192,zh,尤特·卢米利亚
250264860,3250193,zh,洛斯奥尔维多斯
250264937,3250194,zh,拉格拉纳迪拉
250265014,3250195,zh,阿瓜维瓦
250265091,3250196,zh,桑塔露琪娅
250265168,3250197,zh,圣卢西亚
250265245,3250198,zh,圣何塞拉斯格拉纳达斯
250265322,3250199,zh,圣安东尼奥德尔蒙特第二区
250265399,3250200,zh,\N
250265476,3250201,zh,拉斯帕尔马斯
250265553,3250202,zh,拉斯帕尔马斯
250265630,3250203,zh,埃斯梅拉达
250265707,3250204,zh,拉斯波马罗萨斯
250265784,3250205,zh,\N
250265861,3250206,zh,帕里奇
250265938,3250207,zh,皮奇基
250266015,3250208,zh,纳卡鲁里
250266092,3250209,zh,科切拉雷
250266169,3250210,zh,巴卡索阿奇
250266246,3250211,zh,科尔科瓦迪托
250266323,3250212,zh,埃尔泰雷罗
250266400,3250213,zh,拉阿雷纳
250266477,3250214,zh,拉阿雷纳
250266554,3250215,zh,洛斯紹塞斯
250266631,3250216,zh,洛斯酱料
250266708,3250217,zh,洛斯芒果
250266785,3250218,zh,拉乌尼翁 (拉佩拉)
250266862,3250219,zh,\N
250266939,3250220,zh,拉梅萨德尔奥索
250267016,3250221,zh,洛马琳达
250267093,3250222,zh,圣佩德罗 (拉普拉卡)
250267170,3250223,zh,阿特波卡
250267247,3250224,zh,洛斯菲耶罗斯
250267324,3250225,zh,埃尔康塔多
250267401,3250226,zh,\N
250267478,3250227,zh,格兰哈埃尔查罗多斯
250267555,3250228,zh,普雷萨德萨德纳塔
250267632,3250229,zh,\N
250267709,3250230,zh,坦博阿尔托
250267786,3250231,zh,埃尔博雷戈
250267863,3250232,zh,埃尔蒂迪奥
250267940,3250233,zh,拉斯卡纳莱斯多斯
250268017,3250234,zh,埃尔兰奇托
250268094,3250235,zh,伊格纳西奥·萨拉戈萨
250268171,3250236,zh,圣佩德罗德拉埃斯佩兰萨（洛斯兰吉斯）
250268248,3250237,zh,兰乔埃斯孔迪多
250268325,3250238,zh,拉斯克鲁塞斯
250268402,3250239,zh,埃尔雷帕里托
250268479,3250240,zh,拉拉古纳
250268556,3250241,zh,特潘戈
250268633,3250242,zh,特潘戈
250268710,3250243,zh,韦尔塔格兰德
250268787,3250244,zh,\N
250268864,3250245,zh,埃尔卡皮尔
250268941,3250246,zh,普拉亚拉加
250269018,3250247,zh,库萨雷科塔
250269095,3250248,zh,埃尔夫雷斯诺
250269172,3250249,zh,埃尔弗雷斯诺
250269249,3250250,zh,\N
250269326,3250251,zh,佐姆佩佩尔科
250269403,3250252,zh,阿马特·阿马里洛
250269480,3250253,zh,阿马特·阿马里洛
250269557,3250254,zh,卡萨斯维耶哈斯
250269634,3250255,zh,\N
250269711,3250256,zh,佩德雷加尔
250269788,3250257,zh,特佐丘卡
250269865,3250258,zh,波特雷里略斯
250269942,3250259,zh,波特雷里略斯
250270019,3250260,zh,拉洛马
250270096,3250261,zh,拉洛马
250270173,3250262,zh,卡里扎利托
250270250,3250263,zh,埃尔坦克
250270327,3250264,zh,弗洛伦西亚·德·莫拉
250270404,3250265,zh,\N
250270481,3250266,zh,塞贡多*皮拉斯
250270558,3250267,zh,安普拉西翁埃尔瓦拉尔
250270635,3250268,zh,卡尔德罗内斯
250270712,3250269,zh,波萨斯·恩坎塔达斯
250270789,3250270,zh,拉梅萨
250270866,3250271,zh,拉米萨
250270943,3250272,zh,拉帕爾馬島
250271020,3250273,zh,拉斯莫尼卡斯
250271097,3250274,zh,\N
250271174,3250275,zh,聖馬丁河
250271251,3250276,zh,圣马丁
250271328,3250277,zh,曼萨纳德尔库博
250271405,3250278,zh,帕索德尔泰内
250271482,3250279,zh,帕索德尔泰内
250271559,3250280,zh,埃尔雷加迪罗
250271636,3250281,zh,\N
250271713,3250282,zh,洛斯加西亚
250271790,3250283,zh,\N
250271867,3250284,zh,埃吉多·波夫拉多·圣马梅斯
250271944,3250285,zh,埃吉多·波夫拉多·圣马梅斯
250272021,3250286,zh,卡雷特罗·德·阿瓦霍
250272098,3250287,zh,拉索莱达 (埃尔莫戈特)
250272175,3250288,zh,兰乔圣伊西德罗（拉洛贝拉）
250272252,3250289,zh,聖佩德羅河
250272329,3250290,zh,圣佩德罗
250272406,3250291,zh,洛斯劳雷莱斯
250272483,3250292,zh,埃尔索兹德尔阿尔戈东
250272560,3250293,zh,拉斯利马斯
250272637,3250294,zh,埃尔库尔沃
250272714,3250295,zh,马尔莫莱霍湖
250272791,3250296,zh,巴兰卡本田
250272868,3250297,zh,巴兰卡本田
250272945,3250298,zh,埃尔卡里索
250273022,3250299,zh,埃尔卡里索
250273099,3250300,zh,纳扎里奥梅萨 (洛斯波索斯)
250273176,3250301,zh,马塔·韦纳多
250273253,3250302,zh,科洛尼亚洛斯吉甘特斯
250273330,3250303,zh,阿瓜奇基塔
250273407,3250304,zh,\N
250273484,3250305,zh,卡纳莱斯
250273561,3250306,zh,卡纳莱斯
250273638,3250307,zh,拉普雷萨
250273715,3250308,zh,埃尔萨利特雷
250273792,3250309,zh,拉斯卡梅利纳斯
250273869,3250310,zh,拉卡帕
250273946,3250311,zh,拉卡帕
250274023,3250312,zh,圣米格尔阿帕特拉科殖民地
250274100,3250313,zh,洛斯利亞尼托斯
250274177,3250314,zh,洛斯亚尼托斯
250274254,3250315,zh,洛斯皮诺斯
250274331,3250316,zh,拉古纳斯
250274408,3250317,zh,拉古纳拉加
250274485,3250318,zh,圣玛利亚尼韦斯
250274562,3250319,zh,埃尔卡里萨尔
250274639,3250320,zh,埃尔卡里萨尔
250274716,3250321,zh,恩迪卡尤科
250274793,3250322,zh,拉马里波萨
250274870,3250323,zh,拉马里波萨
250274947,3250324,zh,\N
250275024,3250325,zh,新马尔多纳多（阿尔塔米拉）
250275101,3250326,zh,佩纳格兰德
250275178,3250327,zh,尤赞蒂科
250275255,3250328,zh,博克龙
250275332,3250329,zh,埃尔可科尤什
250275409,3250330,zh,圣洛伦索·奥克特尤科
250275486,3250331,zh,拉塞瓦
250275563,3250332,zh,拉塞瓦
250275640,3250333,zh,圣维森特
250275717,3250334,zh,圣维森特
250275794,3250335,zh,洛斯梅达诺斯
250275871,3250336,zh,阿瓜德拉加利纳
250275948,3250337,zh,阿瓜德尔佩罗
250276025,3250338,zh,埃尔马南蒂尔
250276102,3250339,zh,埃爾卡爾瓦里奧
250276179,3250340,zh,埃尔卡列洪
250276256,3250341,zh,罗萨里奥·马丁内斯
250276333,3250342,zh,拉科弗拉迪亚
250276410,3250343,zh,\N
250276487,3250344,zh,埃尔莱昂
250276564,3250345,zh,拉巴斯
250276641,3250346,zh,拉帕爾馬島
250276718,3250347,zh,拉斯莫尼卡斯
250276795,3250348,zh,埃尔阿雷纳尔
250276872,3250349,zh,多斯塞罗斯
250276949,3250350,zh,科洛尼亚*布甘比利亚斯
250277026,3250351,zh,圣安东尼奥特内克斯卡拉
250277103,3250352,zh,加西亚斯科
250277180,3250353,zh,索科特拉
250277257,3250354,zh,潘蒂贾坎
250277334,3250355,zh,洛马德尔奇沃
250277411,3250356,zh,圣达菲 [住宅]
250277488,3250357,zh,阿尔特阿纳姆(拉班奎塔)
250277565,3250358,zh,希洛佐基奥
250277642,3250359,zh,\N
250277719,3250360,zh,拉斯查卡斯
250277796,3250361,zh,拉斯查卡斯
250277873,3250362,zh,\N
250277950,3250363,zh,菲查斯·德·洛佩兹
250278027,3250364,zh,埃尔雷帕罗
250278104,3250365,zh,圣埃琳娜
250278181,3250366,zh,埃尔萨奎洛
250278258,3250367,zh,埃尔萨奎洛
250278335,3250368,zh,圣巴勃罗
250278412,3250369,zh,拉曼萨纳
250278489,3250370,zh,埃尔奇里沃
250278566,3250371,zh,埃尔佩农
250278643,3250372,zh,拉帕拉达
250278720,3250373,zh,拉帕拉达
250278797,3250374,zh,阿克塞拉
250278874,3250375,zh,帕洛格兰德
250278951,3250376,zh,帕洛格兰德
250279105,3250378,zh,拉孔杜莎
250279182,3250379,zh,埃尔迪兹
250279259,3250380,zh,瑞卡别墅
250279336,3250381,zh,林孔·克马多
250279413,3250382,zh,林孔·克马多
250279490,3250383,zh,洛马德拉斯科罗纳斯
250279567,3250384,zh,埃尔帕拉伊索
250279644,3250385,zh,内克斯库阿提特拉
250279721,3250386,zh,埃尔恩布多
250279798,3250387,zh,埃尔佩德雷加尔
250279875,3250388,zh,埃尔佩德雷加尔
250279952,3250389,zh,埃尔塞德罗
250280029,3250390,zh,埃尔塞德罗
250280106,3250391,zh,\N
250280183,3250392,zh,马塔德卡纳
250280260,3250393,zh,拉布雷拉
250280337,3250394,zh,伊达尔戈蒂特兰
250280414,3250395,zh,伊达尔戈蒂特兰
250280491,3250396,zh,埃尔索尔
250280568,3250397,zh,拉帕尔米亚
250280645,3250398,zh,拉瓜達盧普
250280722,3250399,zh,拉瓜达卢佩
250280799,3250400,zh,桑格拉多尔
250280876,3250401,zh,特库纳克托克
250280953,3250402,zh,科洛尼亚尼古拉斯布拉沃
250281030,3250403,zh,埃尔塔拉尔
250281107,3250404,zh,圣玛丽亚亚克什
250281184,3250405,zh,\N
250281261,3250406,zh,\N
250281338,3250407,zh,圣何塞德拉坎德拉里亚
250281415,3250408,zh,圣何塞德拉坎德拉里亚
250281492,3250409,zh,洛斯帕斯托雷斯
250281569,3250410,zh,拉斯克鲁塞斯
250281646,3250411,zh,埃尔阿瓜杰
250281723,3250412,zh,埃尔查皮尔
250281877,3250414,zh,圣伊格纳西奥
250281954,3250415,zh,圣何塞托
250282031,3250416,zh,阿玛坦（布鲁霍山）
250282108,3250417,zh,拉索莱达
250282185,3250418,zh,拉斯努布斯
250282262,3250419,zh,新欧洲
250282339,3250420,zh,拉阿利安扎
250282416,3250421,zh,洛杉矶
250282493,3250422,zh,洛杉矶
250282570,3250423,zh,洛马博尼塔
250282647,3250424,zh,埃尔帕尔马
250282724,3250425,zh,圣罗莎多斯
250282801,3250426,zh,圣胡安德尔里奥
250282878,3250427,zh,拉利伯塔德
250282955,3250428,zh,洛马斯·德尔·东方
250283032,3250429,zh,阿马伊利亚
250283109,3250430,zh,洛斯劳雷莱斯
250283186,3250431,zh,克里斯托瓦尔·科隆（米格尔·伊达尔戈 饰）
250283263,3250432,zh,埃尔阿尔坎福尔
250283340,3250433,zh,蒙特维尔根
250283417,3250434,zh,圣克鲁斯·巴维兹
250283494,3250435,zh,圣何塞泰拉诺瓦
250283571,3250436,zh,弗拉西翁约兰达
250283648,3250437,zh,阿尔瓦罗·奥夫雷贡
250283725,3250438,zh,圣胡安德尔里奥
250283802,3250439,zh,圣塞西莉亚春
250283879,3250440,zh,厄巴纳区
250283956,3250441,zh,塞拉*阿尔塔
250284033,3250442,zh,罗卡瓜奇
250284110,3250443,zh,罗卡瓜奇
250284187,3250444,zh,莫利纳雷斯
250284264,3250445,zh,莫利纳雷斯
250284341,3250446,zh,西库奇基
250284418,3250447,zh,梅萨德罗萨莉亚
250284495,3250448,zh,阿瓦卡潘
250284572,3250449,zh,巴希奥德拉奎瓦
250284649,3250450,zh,科佩拉奇
250284726,3250451,zh,洛斯阿罗伊托斯
250284803,3250452,zh,埃尔库伊达梅
250284880,3250453,zh,洛斯阿尔戈多内斯
250284957,3250454,zh,卡里西托
250285034,3250455,zh,兰乔德尔库拉
250285111,3250456,zh,普雷迪奥·拉斯·特拉佐拉斯
250285188,3250457,zh,\N
250285265,3250458,zh,科拉里略斯
250285342,3250459,zh,拉坎特拉
250285419,3250460,zh,蒙泰西洛·德·古兹曼
250285496,3250461,zh,洛斯托瓦雷斯
250285573,3250462,zh,洛斯莫利纳
250285650,3250463,zh,\N
250285727,3250464,zh,埃尔科拉利洛
250285804,3250465,zh,媒体露娜
250285881,3250466,zh,媒体露娜
250285958,3250467,zh,\N
250286035,3250468,zh,埃尔劳雷尔
250286112,3250469,zh,\N
250286189,3250470,zh,拉奥尔德尼塔
250286266,3250471,zh,普里西玛·德·卡贝西塔斯
250286343,3250472,zh,普里西玛·德·卡贝西塔斯
250286420,3250473,zh,拉斯阿维斯帕斯
250286497,3250474,zh,拉杜西塔
250286574,3250475,zh,埃斯基纳德尔博斯克
250286651,3250476,zh,拉普拉德拉
250286728,3250477,zh,萨比尼托·德尔·布拉索
250286805,3250478,zh,埃尔诺加尔奇科
250286882,3250479,zh,波霍特拉斯科
250286959,3250480,zh,卡斯托卡帕
250287036,3250481,zh,埃尔西里安
250287113,3250482,zh,萨波特·德·阿吉雷
250287190,3250483,zh,克鲁兹努埃瓦
250287267,3250484,zh,埃尔蒂拉德罗
250287344,3250485,zh,拉斯弗洛雷斯
250287421,3250486,zh,琳达维斯塔
250287498,3250487,zh,彼德拉·格兰德
250287575,3250488,zh,塞罗*萨波特
250287652,3250489,zh,阿瓜卡蒂特拉
250287729,3250490,zh,\N
250287806,3250491,zh,科罗拉多州埃斯特罗
250287883,3250492,zh,特雷斯克鲁塞斯
250287960,3250493,zh,特雷斯克鲁塞斯
250288037,3250494,zh,科洛尼亚*埃尔潘通
250288114,3250495,zh,特拉科津特拉
250288191,3250496,zh,洛马拉帕雷哈
250288268,3250497,zh,埃尔泰雷罗
250288345,3250498,zh,波特雷罗·德·卡马乔
250288422,3250499,zh,拉马提尼克岛
250288499,3250500,zh,新莫雷洛斯州
250288576,3250501,zh,新莫雷洛斯州
250288653,3250502,zh,霍奇蒂特拉
250288730,3250503,zh,阿特波卡
250288807,3250504,zh,阿特波卡
250288884,3250505,zh,圣马特奥
250288961,3250506,zh,萨比诺·德·阿里巴
250289038,3250507,zh,帕索德瓜达卢佩
250289115,3250508,zh,塔皮亚斯·德·阿里巴
250289192,3250509,zh,塔皮亚斯·德·阿里巴
250289269,3250510,zh,埃尔塔拉约特
250289346,3250511,zh,洛斯紹塞斯
250289423,3250512,zh,洛斯酱料
250289500,3250513,zh,拉普拉伊塔
250289577,3250514,zh,帕索德圣胡安
250289654,3250515,zh,圣何塞阿尔托
250289731,3250516,zh,圣何塞
250289808,3250517,zh,雅维克斯
250289885,3250518,zh,兰乔埃斯孔迪多
250289962,3250519,zh,兰乔埃斯孔迪多
250290116,3250521,zh,洛斯普莱托斯
250290193,3250522,zh,埃希多拉普罗维登西亚
250290270,3250523,zh,\N
250290347,3250524,zh,拉帕尔米塔
250290424,3250525,zh,拉帕尔米塔
250290501,3250526,zh,埃尔罗萨里奥
250290578,3250527,zh,埃尔阿尔戈东
250290655,3250528,zh,埃尔弗雷斯尼托
250290732,3250529,zh,埃尔弗雷斯尼托
250290809,3250530,zh,普恩特*拉斯*加利纳斯
250290886,3250531,zh,提姆比里切
250290963,3250532,zh,埃尔夫雷斯诺
250291040,3250533,zh,埃尔弗雷斯诺
250291117,3250534,zh,卡坎吉奥
250291194,3250535,zh,瓜达卢佩的埃尔弗雷斯诺
250291271,3250536,zh,蒙特格蘭德
250291348,3250537,zh,蒙特格兰德
250291425,3250538,zh,洛斯瓜赫斯德特兰
250291502,3250539,zh,拉奥尔德尼塔
250291579,3250540,zh,卡米诺雷亚尔德齐皮查
250291656,3250541,zh,拉康塞普西翁
250291733,3250542,zh,\N
250291810,3250543,zh,瓜亚卡瓦拉
250291887,3250544,zh,坎波阿马宗戈
250291964,3250545,zh,\N
250292041,3250546,zh,\N
250292118,3250547,zh,\N
250292195,3250548,zh,阿兹塔特佩克
250292272,3250549,zh,萨利特里洛
250292349,3250550,zh,萨利特里洛
250292426,3250551,zh,帕尔米利亚斯 (阿吉利亚斯)
250292503,3250552,zh,德尔*迈斯卓
250292580,3250553,zh,拉巴加达德尔卡雷顿
250292657,3250554,zh,伊格纳西奥·萨拉戈萨（埃尔巴雷亚尔）
250292734,3250555,zh,阿瓜·埃斯孔迪达（本田卓雅 饰）
250292811,3250556,zh,\N
250292888,3250557,zh,拉加勒里塔
250292965,3250558,zh,洛斯维森特
250293042,3250559,zh,\N
250293119,3250560,zh,科洛尼亚布埃纳维斯塔
250293196,3250561,zh,洛马德尔帕尔马
250293273,3250562,zh,维斯塔阿尔马尔
250293350,3250563,zh,科洛尼亚*罗萨琳达
250293427,3250564,zh,洛马德韦索
250293504,3250565,zh,彼德拉丽莎
250293581,3250566,zh,改革
250293658,3250567,zh,里奥卡皮诺
250293735,3250568,zh,波爾凡尼爾
250293812,3250569,zh,埃尔波韦尼尔
250293889,3250570,zh,拉瓜達盧普
250293966,3250571,zh,拉瓜达卢佩
250294043,3250572,zh,蒂纳玛
250294120,3250573,zh,蒂安吉斯科
250294197,3250574,zh,阿罗约阿瓜卡特
250294274,3250575,zh,阿罗约阿瓜卡特
250294351,3250576,zh,埃尔佩纳斯科
250294428,3250577,zh,埃奥拉吉亚
250294505,3250578,zh,瓦兰帕莫
250294582,3250579,zh,圣马特奥埃克索多
250294659,3250580,zh,马卡胡特新沃
250294736,3250581,zh,洛斯塞雷罗斯
250294813,3250582,zh,拉斯烏瓦斯
250294890,3250583,zh,拉斯乌瓦斯
250294967,3250584,zh,兰乔维耶霍
250295044,3250585,zh,埃尔诺布尔
250295121,3250586,zh,洛马·德·亚韦戈
250295198,3250587,zh,洛马·阿莫洛
250295275,3250588,zh,洛斯门布里洛斯
250295352,3250589,zh,圣马特奥
250295429,3250590,zh,圣马特奥
250295506,3250591,zh,圣克鲁斯莫利诺
250295583,3250592,zh,圣托马斯·阿特利西利维安
250295660,3250593,zh,埃尔塞里托
250295737,3250594,zh,埃尔塞里托
250295814,3250595,zh,帕德龙特拉
250295891,3250596,zh,拉斯玛格丽塔酒
250295968,3250597,zh,埃尔特佩亚克
250296045,3250598,zh,阿瓜莱昂
250296122,3250599,zh,阿瓜佛得角
250296199,3250600,zh,阿瓜佛得角
250296276,3250601,zh,奥托米特
250296353,3250602,zh,埃尔皮诺
250296430,3250603,zh,洛马德圣佩德罗
250296507,3250604,zh,埃爾查爾科
250296584,3250605,zh,洛斯卡涅洛斯
250296661,3250606,zh,洛斯卡内洛斯
250296738,3250607,zh,拉克鲁斯
250296815,3250608,zh,埃尔潘塔诺
250296892,3250609,zh,埃尔潘塔诺
250296969,3250610,zh,拉斯阿特拉维萨达斯
250297046,3250611,zh,埃尔特鲁诺
250297123,3250612,zh,拉斯佩尼塔斯
250297200,3250613,zh,拉斯佩尼塔斯
250297277,3250614,zh,拉埃斯科比拉
250297354,3250615,zh,波索·卡特罗·布兰科·德·博卡斯
250297431,3250616,zh,\N
250297508,3250617,zh,阿瓦卡约
250297585,3250618,zh,弗朗西斯科·馬德羅
250297662,3250619,zh,圣安东尼奥
250297739,3250620,zh,圣安东尼奥
250297816,3250621,zh,萨卡德阿瓜
250297893,3250622,zh,拉帕爾馬島
250297970,3250623,zh,拉斯莫尼卡斯
250298047,3250624,zh,埃尔亚诺德阿巴霍
250298124,3250625,zh,埃尔雷利托
250298201,3250626,zh,洛斯罗萨里奥
250298278,3250627,zh,埃尔可可
250298355,3250628,zh,圣费利佩
250298432,3250629,zh,圣费利佩
250298509,3250630,zh,费利佩·卡里略·波多黎各 (拉奥古斯丁)
250298586,3250631,zh,\N
250298663,3250632,zh,亚松森拉斯科纳
250298740,3250633,zh,阿瓦舒梅
250298817,3250634,zh,洛马博尼塔
250298894,3250635,zh,洛马洛斯皮诺斯
250298971,3250636,zh,桑塔露琪娅
250299048,3250637,zh,圣卢西亚
250299125,3250638,zh,洛斯巴贝科斯
250299202,3250639,zh,卡萨斯科罗拉多斯
250299279,3250640,zh,佛手瓜
250299356,3250641,zh,奥霍·德·阿瓜
250299433,3250642,zh,弗洛雷斯堡
250299510,3250643,zh,帕索德拉斯米尔帕斯
250299587,3250644,zh,埃尔维拉德罗
250299664,3250645,zh,杰拉西奥·基哈诺
250299741,3250646,zh,\N
250299818,3250647,zh,\N
250299895,3250648,zh,圣洛伦索德昆蒂
250299972,3250649,zh,阿瓦卡特拉
250300049,3250650,zh,洛马阿尔塔
250300126,3250651,zh,\N
250300203,3250652,zh,埃尔帕拉伊索
250300280,3250653,zh,埃尔帕拉伊索
250300357,3250654,zh,\N
250300434,3250655,zh,拉洛马
250300511,3250656,zh,洛西洛斯
250300588,3250657,zh,洛斯筒仓
250300665,3250658,zh,\N
250300742,3250659,zh,泰奥里亚
250300819,3250660,zh,波特雷罗·德·奥胡埃洛斯
250300896,3250661,zh,波特雷罗·德·奥胡埃洛斯
250300973,3250662,zh,坎佩斯特雷弗拉西奥纳米恩托别墅
250301050,3250663,zh,埃尔巴雷亚尔
250301127,3250664,zh,拉贾博内拉
250301204,3250665,zh,\N
250301281,3250666,zh,圣克鲁斯的埃尔克鲁塞罗
250301358,3250667,zh,圣克鲁斯的埃尔克鲁塞罗
250301435,3250668,zh,拉福尔图纳
250301512,3250669,zh,拉斯托雷西拉斯
250301589,3250670,zh,\N
250301666,3250671,zh,科洛尼亚·伊达尔戈（冈萨雷斯·奥尔特加·多斯 饰）
250301743,3250672,zh,洛斯德尔费内斯
250301897,3250674,zh,\N
250301974,3250675,zh,拉萨卡托萨
250302051,3250676,zh,埃尔卡农
250302128,3250677,zh,科洛尼亚·温贝托·莫雷拉
250302205,3250678,zh,琳达维斯塔
250302282,3250679,zh,埃尔拉约
250302359,3250680,zh,\N
250302436,3250681,zh,\N
250302513,3250682,zh,圣伊西德罗
250302590,3250683,zh,埃爾卡爾瓦里奧
250302667,3250684,zh,埃尔卡列洪
250302744,3250685,zh,拉梅西利亚
250302821,3250686,zh,聖多明哥
250302898,3250687,zh,圣多明各
250302975,3250688,zh,奥霍德阿瓜 2
250303052,3250689,zh,地图
250303129,3250690,zh,\N
250303206,3250691,zh,埃尔马塔德罗
250303283,3250692,zh,埃尔马塔德罗
250303360,3250693,zh,旧金山
250303437,3250694,zh,旧金山
250303514,3250695,zh,埃尔纳兰霍
250303591,3250696,zh,塔昆顿
250303668,3250697,zh,塔昆顿
250303745,3250698,zh,米格尔·伊达尔戈
250303822,3250699,zh,聖多明哥
250303899,3250700,zh,圣多明各
250303976,3250701,zh,圣玛莎
250304053,3250702,zh,弗朗西斯科·馬德羅
250304130,3250703,zh,弗朗西斯科·马德罗
250304207,3250704,zh,洛斯皮诺斯
250304284,3250705,zh,拉拉哈
250304361,3250706,zh,塞塞卡梅尔
250304438,3250707,zh,圣特雷莎
250304515,3250708,zh,聖克魯斯
250304592,3250709,zh,圣克鲁斯
250304669,3250710,zh,\N
250304746,3250711,zh,聖米格爾河
250304823,3250712,zh,圣米格尔特诺奇蒂特兰
250304900,3250713,zh,拉弗龙特拉
250304977,3250714,zh,圣何塞埃尔波韦尼尔
250305054,3250715,zh,新耶路撒冷卡斯卡哈尔
250305131,3250716,zh,塞萨尔米罗·雷纳·埃尔南德斯
250305208,3250717,zh,科洛尼亚·巴里奥斯
250305285,3250718,zh,埃尔瓜亚巴尔
250305362,3250719,zh,埃尔瓜亚巴尔
250305439,3250720,zh,圣巴尔塔扎
250305516,3250721,zh,新埃斯帕纳
250305593,3250722,zh,卡罗莱纳州新波夫拉多
250305670,3250723,zh,埃尔马南蒂尔
250305747,3250724,zh,聖洛倫索
250305824,3250725,zh,圣洛伦索
250305901,3250726,zh,埃尔维格诺 [阿塞拉德罗]
250305978,3250727,zh,雷科马奇
250306055,3250728,zh,科拉利托斯
250306132,3250729,zh,洛斯瓜亚博斯
250306209,3250730,zh,萨帕雷阿奇
250306286,3250731,zh,瓜卡伊沃台地
250306363,3250732,zh,萨帕雷阿奇
250306440,3250733,zh,\N
250306517,3250734,zh,卡萨布兰卡
250306594,3250735,zh,巴兰基塔
250306671,3250736,zh,圣安娜
250306748,3250737,zh,圣安娜
250306825,3250738,zh,康帕尼亚
250306902,3250739,zh,\N
250306979,3250740,zh,\N
250307056,3250741,zh,巴洛哈克
250307133,3250742,zh,阿华提特拉
250307210,3250743,zh,佐佐特拉克
250307287,3250744,zh,奥科蒂特拉
250307364,3250745,zh,拉特姆布拉多拉
250307441,3250746,zh,\N
250307518,3250747,zh,拉诺德贾卡利托斯
250307595,3250748,zh,洛斯阿拉克拉内斯
250307672,3250749,zh,埃尔柠檬西托
250307749,3250750,zh,\N
250307826,3250751,zh,拉科弗拉迪亚
250307903,3250752,zh,埃尔阿瓜杰
250307980,3250753,zh,埃尔帕帕加约
250308057,3250754,zh,圣费利佩·德赫苏斯
250308134,3250755,zh,圣克拉拉
250308211,3250756,zh,圣克拉拉
250308288,3250757,zh,帕伦苏埃拉
250308365,3250758,zh,帕伦苏埃拉
250308442,3250759,zh,\N
250308519,3250760,zh,\N
250308596,3250761,zh,\N
250308673,3250762,zh,圣路易斯托
250308750,3250763,zh,洛斯波西托斯
250308827,3250764,zh,埃尔托沃索
250308904,3250765,zh,埃尔托沃索
250308981,3250766,zh,拉拉古纳
250309058,3250767,zh,兰乔洛斯冈萨雷斯
250309135,3250768,zh,洛斯萨拉萨雷斯
250309212,3250769,zh,拉昆布雷
250309289,3250770,zh,拉拉古纳
250309366,3250771,zh,埃尔贾拉利托
250309443,3250772,zh,洛斯利莫内斯
250309520,3250773,zh,埃尔波韦尼尔柠檬
250309597,3250774,zh,拉彼德拉·雷东达
250309674,3250775,zh,新耶路撒冷
250309751,3250776,zh,埃尔阿胡约特
250309828,3250777,zh,拉帕爾馬島
250309905,3250778,zh,拉斯莫尼卡斯
250309982,3250779,zh,维斯塔赫莫萨
250310059,3250780,zh,柠檬·德·蓬加兰乔
250310136,3250781,zh,帕索德尔莫利诺
250310213,3250782,zh,西姆普雷维瓦尔
250310290,3250783,zh,特科洛特里帕
250310367,3250784,zh,埃尔科赫特
250310444,3250785,zh,科洛尼亚·鲁本·菲格罗亚·阿尔科塞尔
250310521,3250786,zh,科洛尼亚·巴里奥斯
250310598,3250787,zh,拉斯内布利纳斯
250310675,3250788,zh,拉斯内布利纳斯
250310752,3250789,zh,\N
250310829,3250790,zh,帕帕洛阿潘
250310906,3250791,zh,奇卡瓦斯特佩克多斯
250310983,3250792,zh,卡韦萨·德·阿罗约·卢塞罗
250311060,3250793,zh,卡韦萨·德·阿罗约·卢塞罗
250311137,3250794,zh,洛斯梅迪奥斯
250311214,3250795,zh,科洛尼亚努埃瓦埃斯佩兰萨
250311291,3250796,zh,\N
250311368,3250797,zh,萨卡尔科
250311445,3250798,zh,塞罗德尔特松特尔
250311522,3250799,zh,埃尔贾斯佩
250311599,3250800,zh,埃尔吉尔格罗
250311676,3250801,zh,\N
250311753,3250802,zh,拉埃斯塔西翁奥乔
250311830,3250803,zh,特莱卡
250311907,3250804,zh,圣伊西德罗·卡拉斯科
250311984,3250805,zh,埃尔帕尔马
250312061,3250806,zh,旧金山
250312138,3250807,zh,旧金山
250312215,3250808,zh,埃尔坦皮斯克
250312292,3250809,zh,\N
250312369,3250810,zh,\N
250312446,3250811,zh,拉古尼塔德佩雷斯
250312523,3250812,zh,拉普里西玛
250312600,3250813,zh,拉斯托尔图加斯
250312677,3250814,zh,拉奎瓦
250312754,3250815,zh,拉斯特里帕斯
250312831,3250816,zh,索索拉
250312908,3250817,zh,拉卡门塔
250312985,3250818,zh,埃尔蒙特西洛
250313062,3250819,zh,科雷德罗
250313139,3250820,zh,拉斯军塔斯
250313216,3250821,zh,拉斯特雷斯阿拉米达斯
250313293,3250822,zh,\N
250313370,3250823,zh,埃尔森西洛
250313447,3250824,zh,埃爾莫薩鎮
250313524,3250825,zh,赫莫萨别墅
250313601,3250826,zh,拉普罗维登西亚
250313678,3250827,zh,绍西洛
250313755,3250828,zh,阿瓜德桑托
250313909,3250830,zh,圣塞巴斯蒂安
250313986,3250831,zh,奎维利亚斯
250314063,3250832,zh,洛马圣华金
250314140,3250833,zh,华奇卡尔科
250314217,3250834,zh,洛马·德·唐璜
250314294,3250835,zh,罗莎*德*卡斯蒂利亚
250314371,3250836,zh,洛马·德拉斯·彼德拉斯
250314448,3250837,zh,\N
250314525,3250838,zh,巴兰卡德拉瓜亚贝拉
250314602,3250839,zh,\N
250314679,3250840,zh,\N
250314756,3250841,zh,科罗拉多州平赞
250314833,3250842,zh,拉斯克鲁塞斯
250314910,3250843,zh,拉斯皮拉斯
250314987,3250844,zh,埃尔恩昆特罗
250315064,3250845,zh,\N
250315141,3250846,zh,\N
250315218,3250847,zh,\N
250315295,3250848,zh,科洛尼亚圣茱莉亚
250315372,3250849,zh,阿瓜德拉罗莎
250315449,3250850,zh,\N
250315526,3250851,zh,阿波特拉
250315603,3250852,zh,萨波特拉
250315680,3250853,zh,圣巴勃罗
250315757,3250854,zh,兰乔*何塞*韦尔塔
250315834,3250855,zh,帕贾里托斯
250315911,3250856,zh,埃尔卡穆科 (拉利昂娜)
250315988,3250857,zh,布埃纳维斯塔
250316065,3250858,zh,拉奥罗拉
250316142,3250859,zh,拉弗洛雷纳 [阿维科拉]
250316219,3250860,zh,昆斯*德*阿布里尔
250316296,3250861,zh,兰乔苏比达
250316373,3250862,zh,里奥土狼
250316450,3250863,zh,蒙扎姆
250316527,3250864,zh,埃尔乔里托德阿瓜
250316604,3250865,zh,\N
250316681,3250866,zh,圣何塞埃尔科罗萨尔
250316758,3250867,zh,纳纳亚特拉
250316835,3250868,zh,洛斯利莫内斯
250316912,3250869,zh,瓜达卢佩拉萨比内拉
250316989,3250870,zh,\N
250317066,3250871,zh,阿利安扎
250317143,3250872,zh,埃尔特拉皮什·吉纳加蒂
250317220,3250873,zh,拉索莱达洛斯加西亚
250317297,3250874,zh,拉诺圣米格尔
250317374,3250875,zh,洛马·查卡诺
250317451,3250876,zh,瓜卡玛亚
250317528,3250877,zh,拉韦尔多拉加
250317605,3250878,zh,霍亚·德·马佐尔卡
250317682,3250879,zh,阿罗约德萨尔
250317759,3250880,zh,洛斯特克斯卡莱斯
250317836,3250881,zh,洛斯特克斯卡莱斯
250317913,3250882,zh,宗泰科
250317990,3250883,zh,萨拉比亚
250318067,3250884,zh,奥科蒂特拉
250318144,3250885,zh,特波萨帕
250318221,3250886,zh,蒙顿德阿雷纳
250318298,3250887,zh,蒙顿德阿雷纳
250318375,3250888,zh,埃尔特佩亚克
250318452,3250889,zh,特拉科皮亚
250318529,3250890,zh,卡门山
250318606,3250891,zh,圣佩德罗·拉·格兰德萨
250318683,3250892,zh,拉孔普埃塔
250318760,3250893,zh,加比诺·巴斯克斯
250318837,3250894,zh,塔霍纳斯·德尔乔丹
250318914,3250895,zh,巴里奥拉古纳
250318991,3250896,zh,坦勒库埃 (埃尔奥利沃)
250319068,3250897,zh,埃尔阿霍加多
250319145,3250898,zh,拉斯奎瓦斯
250319222,3250899,zh,瑞科
250319299,3250900,zh,\N
250319376,3250901,zh,塞里托·德拉克鲁斯
250319453,3250902,zh,\N
250319530,3250903,zh,纳西索·门多萨
250319607,3250904,zh,\N
250319684,3250905,zh,洛斯内格里托斯
250319761,3250906,zh,洛斯内格里托斯
250319838,3250907,zh,拉哈西恩迪塔
250319915,3250908,zh,林孔格兰德德拜梅纳
250319992,3250909,zh,林孔格兰德德拜梅纳
250320069,3250910,zh,拉谢内加
250320146,3250911,zh,埃尔奇库拉尔
250320223,3250912,zh,坎波埃斯梅拉达
250320300,3250913,zh,\N
250320377,3250914,zh,聖克魯斯
250320454,3250915,zh,圣克鲁斯
250320531,3250916,zh,埃尔奇纳尔
250320608,3250917,zh,布雷查132公里83和85
250320685,3250918,zh,拉卡东西塔
250320762,3250919,zh,阿特克斯卡特尔
250320839,3250920,zh,\N
250320916,3250921,zh,\N
250321070,3250923,zh,\N
250321147,3250924,zh,波特雷罗·埃尔莫索
250321224,3250925,zh,拉斯帕尔马斯
250321301,3250926,zh,拉斯帕尔马斯
250321378,3250927,zh,拉坎德拉里亚
250321455,3250928,zh,帕拉达德卡巴洛
250321532,3250929,zh,拉斯马拉维拉斯
250321609,3250930,zh,阿尔瓦罗·奥夫雷贡
250321686,3250931,zh,埃尔阿尔托 旧金山
250321763,3250932,zh,埃尔阿瓜杰
250321840,3250933,zh,埃尔考蒂沃
250321917,3250934,zh,拉雷普雷薩
250321994,3250935,zh,拉雷普雷萨
250322071,3250936,zh,萨波特奇科
250322148,3250937,zh,洛斯利里奥斯
250322225,3250938,zh,马塔吉他
250322302,3250939,zh,阿尔塔米拉
250322379,3250940,zh,圣安娜
250322456,3250941,zh,洛斯紹塞斯
250322533,3250942,zh,洛斯酱料
250322610,3250943,zh,\N
250322687,3250944,zh,埃尔特佩塔特
250322764,3250945,zh,圣玛利亚德拉菲
250322841,3250946,zh,洛斯马丁内斯
250322918,3250947,zh,埃尔莫利诺
250322995,3250948,zh,圣胡安德拉克鲁斯
250323072,3250949,zh,\N
250323149,3250950,zh,埃米利亚诺·萨帕塔
250323226,3250951,zh,埃米利亚诺·萨帕塔
250323303,3250952,zh,苏米德罗
250323380,3250953,zh,拉格拉纳迪拉
250323457,3250954,zh,塔塔尔特佩克·德·巴尔德斯
250323534,3250955,zh,新乌克兰
250323611,3250956,zh,拉斯德利西亚斯
250323688,3250957,zh,圣维森特埃尔罗萨里奥
250323765,3250958,zh,旧金山
250323842,3250959,zh,旧金山
250323919,3250960,zh,聖多明哥
250323996,3250961,zh,圣多明各
250324073,3250962,zh,锡基胡库姆
250324150,3250963,zh,拉帕爾馬島
250324227,3250964,zh,拉斯莫尼卡斯
250324304,3250965,zh,圣赫罗尼莫
250324381,3250966,zh,拉斯玛格丽塔酒
250324458,3250967,zh,洛斯皮诺斯别墅
250324535,3250968,zh,埃尔科基托
250324612,3250969,zh,聖多明哥
250324689,3250970,zh,圣多明各
250324766,3250971,zh,圣罗莎
250324843,3250972,zh,奇林蒂尔·德华雷斯
250324920,3250973,zh,圣马科斯
250324997,3250974,zh,卡斯卡达第七节
250325074,3250975,zh,圣佩德罗·拉·泰赫里亚
250325151,3250976,zh,埃尔马德罗纳尔
250325228,3250977,zh,拉斯德利西亚斯
250325305,3250978,zh,圣安东尼奥阿萨帕克
250325382,3250979,zh,梅塞德斯·德·玛丽亚
250325459,3250980,zh,拉斯格兰吉塔斯
250325536,3250981,zh,圣安东尼奥
250325613,3250982,zh,圣安东尼奥
250325690,3250983,zh,拉古娜*埃斯奎尔
250325767,3250984,zh,洛马琳达
250325844,3250985,zh,洛马琳达
250325921,3250986,zh,新里奥内格罗
250325998,3250987,zh,埃尔泰雷罗
250326075,3250988,zh,\N
250326152,3250989,zh,拉斯卡拉维拉斯
250326229,3250990,zh,巴拉韦科
250326306,3250991,zh,萨皮奥里
250326383,3250992,zh,萨特沃
250326460,3250993,zh,埃尔普拉塔纳尔
250326537,3250994,zh,埃尔普拉塔纳尔
250326614,3250995,zh,拉梅西塔
250326691,3250996,zh,梅萨德旧金山
250326768,3250997,zh,\N
250326845,3250998,zh,韦尔塔·泰勒
250326922,3250999,zh,拉巴兰卡
250326999,3251000,zh,拉巴兰卡
250327076,3251001,zh,帕拉杰·里奥·博拉乔
250327153,3251002,zh,塞拉达弗朗西斯科·马德罗
250327230,3251003,zh,塞拉达弗朗西斯科·马德罗
250327307,3251004,zh,西特奥科特斯
250327384,3251005,zh,\N
250327461,3251006,zh,卡贝萨斯
250327538,3251007,zh,卡贝萨斯
250327615,3251008,zh,桑库多·多斯
250327692,3251009,zh,拉斯佩拉斯
250327769,3251010,zh,拉斯佩拉斯
250327846,3251011,zh,\N
250327923,3251012,zh,圣佩德罗和阿内克索斯 (埃尔萨尔托)
250328000,3251013,zh,圣何塞德尔亚诺
250328077,3251014,zh,\N
250328154,3251015,zh,洛马布兰卡德蒂拉多
250328231,3251016,zh,洛马布兰卡德蒂拉多
250328308,3251017,zh,索斯纳巴尔的普罗维登西亚
250328385,3251018,zh,埃斯梅拉达
250328462,3251019,zh,卡米诺阿拉帕尔米塔
250328539,3251020,zh,圣罗莎德利马 (拉巴兰卡)
250328616,3251021,zh,圣罗莎德利马 (拉巴兰卡)
250328693,3251022,zh,洛斯奥尔维拉
250328770,3251023,zh,卡莱拉德洛斯鲁伊斯
250328847,3251024,zh,\N
250328924,3251025,zh,拉库奇拉
250329001,3251026,zh,埃尔加拉巴托
250329078,3251027,zh,科洛尼亚拉斯普拉德拉斯
250329155,3251028,zh,科罗拉多州拉佩纳
250329232,3251029,zh,格兰贾洛斯内格雷特
250329309,3251030,zh,\N
250329386,3251031,zh,拉帕爾馬島
250329540,3251033,zh,圣埃琳娜洛马斯殖民地
250329617,3251034,zh,埃尔祖尼加（洛斯皮诺斯）
250329694,3251035,zh,兰乔圣拉斐尔 (赫马诺斯阿门塔)
250329771,3251036,zh,喜瑞都
250329848,3251037,zh,聖馬丁河
250329925,3251038,zh,圣马丁
250330002,3251039,zh,兰乔萨利特雷（兰乔维耶霍）
250330079,3251040,zh,阿瓦克斯蒂特兰
250330156,3251041,zh,奥霍·德·阿瓜
250330233,3251042,zh,\N
250330310,3251043,zh,埃尔佩德雷加尔
250330387,3251044,zh,埃尔佩德雷加尔
250330464,3251045,zh,埃尔米拉多尔
250330541,3251046,zh,埃尔米拉多尔
250330618,3251047,zh,萨波特·德·阿吉雷
250330695,3251048,zh,圣米格尔和韦尔塔
250330772,3251049,zh,洛斯瓜赫斯
250330849,3251050,zh,洛斯瓜赫斯
250330926,3251051,zh,科洛尼亚阿瓜弗里亚
250331003,3251052,zh,蒙特洛斯皮诺斯
250331080,3251053,zh,蒙特洛斯皮诺斯
250331157,3251054,zh,埃尔林孔
250331234,3251055,zh,\N
250331311,3251056,zh,巴里奥*拉斯*弗洛雷斯
250331388,3251057,zh,拉斯卡诺阿斯
250331465,3251058,zh,加拿大
250331542,3251059,zh,\N
250331619,3251060,zh,圣巴巴拉
250331696,3251061,zh,埃尔纳兰贾尔
250331773,3251062,zh,查瓦科
250331850,3251063,zh,查瓦科
250331927,3251064,zh,惠蒂蒂特拉
250332004,3251065,zh,\N
250332081,3251066,zh,\N
250332158,3251067,zh,洛斯紹塞斯
250332235,3251068,zh,洛斯酱料
250332312,3251069,zh,埃尔皮鲁利托
250332389,3251070,zh,圣罗莎
250332466,3251071,zh,埃尔卡里萨尔
250332543,3251072,zh,\N
250332620,3251073,zh,阿波唑
250332697,3251074,zh,埃尔普拉塔纳尔
250332774,3251075,zh,埃尔普拉塔纳尔
250332851,3251076,zh,巴耶德拉孔基斯塔
250332928,3251077,zh,埃尔劳雷尔
250333005,3251078,zh,埃尔利蒙
250333082,3251079,zh,埃尔萨利特里洛
250333159,3251080,zh,旧金山
250333236,3251081,zh,旧金山
250333313,3251082,zh,拉帕尔米塔
250333390,3251083,zh,拉斯韦尔塔斯
250333467,3251084,zh,彼德拉·埃拉达
250333544,3251085,zh,埃尔咖啡馆
250333621,3251086,zh,埃吉多·波夫拉多·胡安·巴拉甘
250333698,3251087,zh,埃斯特罗·德·贝塞拉
250333775,3251088,zh,拉昆布雷
250333852,3251089,zh,\N
250333929,3251090,zh,博斯克*格兰德
250334083,3251092,zh,埃斯科巴尔
250334160,3251093,zh,拉古尼利亚
250334237,3251094,zh,埃尔瓦拉尔
250334314,3251095,zh,佩纳科罗拉多
250334391,3251096,zh,\N
250334468,3251097,zh,拉卡布拉
250334545,3251098,zh,拉斯帕罗塔斯
250334622,3251099,zh,洛斯弗雷斯诺斯
250334699,3251100,zh,埃尔佩德雷加尔
250334776,3251101,zh,埃尔佩德雷加尔
250334853,3251102,zh,拉米尼塔
250334930,3251103,zh,圣何塞阿拉穆塔罗
250335007,3251104,zh,拉西玛
250335084,3251105,zh,洛马德尔萨波特
250335161,3251106,zh,阿瓜布兰卡
250335238,3251107,zh,洛斯弗雷斯诺斯
250335315,3251108,zh,圣拉斐尔
250335392,3251109,zh,拉孔普埃塔
250335469,3251110,zh,坎波努梅罗昆斯
250335546,3251111,zh,圣华尼托
250335623,3251112,zh,\N
250335700,3251113,zh,\N
250335777,3251114,zh,埃尔波多黎各
250335854,3251115,zh,唐甘西卡托
250335931,3251116,zh,埃尔佐罗
250336008,3251117,zh,科洛尼亚·阿玛利亚·索洛扎诺
250336085,3251118,zh,潘辛达
250336162,3251119,zh,埃尔莫利尼托
250336239,3251120,zh,埃尔莫利尼托
250336316,3251121,zh,阿瓜卡连特
250336393,3251122,zh,科斯托
250336470,3251123,zh,\N
250336547,3251124,zh,胡尔托斯·埃尔·米拉多尔
250336624,3251125,zh,埃尔阿拉扬
250336701,3251126,zh,洛斯利莫内斯
250336778,3251127,zh,埃尔·波特苏埃洛
250336855,3251128,zh,拉谢内加
250336932,3251129,zh,拉卡诺亚
250337009,3251130,zh,拉卡诺亚
250337086,3251131,zh,圣费利佩德马丁内斯
250337163,3251132,zh,拉彼德拉
250337240,3251133,zh,\N
250337317,3251134,zh,埃尔卡普林
250337394,3251135,zh,波索·德·阿瓜
250337471,3251136,zh,埃尔帕尔马
250337548,3251137,zh,\N
250337625,3251138,zh,洛马·图坎
250337702,3251139,zh,巴里奥巴霍
250337779,3251140,zh,洛斯帕德罗内斯
250337856,3251141,zh,拉克鲁斯
250337933,3251142,zh,拉克鲁斯
250338010,3251143,zh,聖馬丁河
250338087,3251144,zh,圣马丁
250338164,3251145,zh,阿雷纳尔中心
250338241,3251146,zh,谢内加德拉阿迪亚
250338318,3251147,zh,西马德拉佩纳
250338395,3251148,zh,\N
250338472,3251149,zh,奧科塔爾
250338549,3251150,zh,奥科塔尔
250338626,3251151,zh,彼德拉·科罗拉达
250338703,3251152,zh,埃尔维拉诺
250338780,3251153,zh,瓜达卢佩蒂萨
250338857,3251154,zh,蒂拉*内格拉
250338934,3251155,zh,斯尼特
250339011,3251156,zh,科连特斯军政府
250339088,3251157,zh,圣佩德罗·阿特马特拉
250339165,3251158,zh,弗朗西斯科·萨拉比亚
250339242,3251159,zh,加拿大德塞尼扎
250339319,3251160,zh,拉德拉·德·贾斯敏
250339396,3251161,zh,拉谢内加布兰卡
250339473,3251162,zh,恩西诺·格兰德（拉扎罗·卡德纳斯 饰）
250339550,3251163,zh,贾兹敏
250339627,3251164,zh,拉桑迪亚
250339704,3251165,zh,拉桑迪亚
250339781,3251166,zh,科穆尔科
250339858,3251167,zh,沙育特佩克
250339935,3251168,zh,\N
250340012,3251169,zh,克里斯托·雷伊
250340089,3251170,zh,克里斯托·雷伊
250340166,3251171,zh,埃尔阿雷纳尔
250340243,3251172,zh,朱基拉
250340320,3251173,zh,特佩利瓦坎
250340397,3251174,zh,圣何塞德尔亚诺
250340474,3251175,zh,埃尔钴铝石
250340551,3251176,zh,阿特莫洛尼
250340628,3251177,zh,圣米格尔阿连德
250340705,3251178,zh,\N
250340782,3251179,zh,里奥阿登特罗
250340859,3251180,zh,拉塞卡达
250340936,3251181,zh,改革
250341013,3251182,zh,拉斯托雷斯
250341090,3251183,zh,圣马科斯·德拉阿瓜达
250341167,3251184,zh,圣胡安包蒂斯塔的普拉多斯
250341244,3251185,zh,圣胡安包蒂斯塔的普拉多斯
250341321,3251186,zh,安普拉西翁·拉·洛马
250341398,3251187,zh,拉佩拉
250341475,3251188,zh,帕洛马斯
250341552,3251189,zh,\N
250341629,3251190,zh,\N
250341706,3251191,zh,赞贾·本田
250341783,3251192,zh,埃尔普恩特乌诺
250341860,3251193,zh,埃尔卡利查尔
250341937,3251194,zh,拉斯阿加纳斯
250342014,3251195,zh,库查拉亚特尔
250342091,3251196,zh,埃尔瓜西马尔
250342168,3251197,zh,埃尔瓜亚沃
250342245,3251198,zh,奧爾孔西托斯
250342322,3251199,zh,霍康西托斯
250342399,3251200,zh,洛斯迪丰托斯
250342476,3251201,zh,\N
250342553,3251202,zh,奎斯塔布兰卡
250342630,3251203,zh,洛德梅奥（阿拉莫凯多）
250342707,3251204,zh,桑吉胡埃拉斯
250342784,3251205,zh,拉梅萨德尔加洛
250342861,3251206,zh,拉梅萨德尔加洛
250342938,3251207,zh,帕加多尔坎波
250343015,3251208,zh,亚历杭德里亚·乌诺
250343092,3251209,zh,普鲁塔科·埃利亚斯·卡莱斯
250343169,3251210,zh,普鲁塔科·埃利亚斯·卡莱斯
250343246,3251211,zh,奥尔法纳托里奥
250343323,3251212,zh,拉蒙图拉
250343400,3251213,zh,拉蒙图拉
250343477,3251214,zh,埃米利奥·巴斯克斯·戈麦斯（阿瓜·弗里亚）
250343554,3251215,zh,\N
250343631,3251216,zh,圣洛伦索德昆蒂
250343708,3251217,zh,马塔德卡纳
250343785,3251218,zh,阿托托尼尔科
250343862,3251219,zh,拉卡莱拉
250343939,3251220,zh,喜瑞都马普利克斯瓦特拉
250344016,3251221,zh,马塔德卡纳
250344093,3251222,zh,拉诺帕莱拉
250344170,3251223,zh,拉诺帕莱拉
250344247,3251224,zh,改革
250344324,3251225,zh,卡贝萨斯
250344401,3251226,zh,\N
250344478,3251227,zh,埃尔太平洋
250344555,3251228,zh,萨波特·德·阿吉雷
250344632,3251229,zh,拉皮米恩塔
250344709,3251230,zh,曼努埃尔·阿维拉·卡马乔
250344786,3251231,zh,贝拉维斯塔
250344863,3251232,zh,纳兰霍区
250344940,3251233,zh,洛斯加西亚
250345017,3251234,zh,拉斯阿吉拉斯
250345094,3251235,zh,拉斯阿吉拉斯
250345171,3251236,zh,塞罗*奇基托
250345248,3251237,zh,米拉马尔
250345325,3251238,zh,帕索卡诺亚
250345402,3251239,zh,克鲁兹德尔塞德罗
250345479,3251240,zh,马塔库库特
250345556,3251241,zh,阿塔尔帕格兰德
250345633,3251242,zh,\N
250345710,3251243,zh,德斯彭萨·奇卡
250345787,3251244,zh,埃尔雷西登
250345864,3251245,zh,阿罗约
250345941,3251246,zh,埃尔格拉内罗
250346018,3251247,zh,特帕坎
250346095,3251248,zh,洛斯里奥斯
250346172,3251249,zh,拉玛萨
250346249,3251250,zh,科洛尼亚布埃纳维斯塔
250346326,3251251,zh,埃尔塞里托
250346403,3251252,zh,埃尔塞里托
250346480,3251253,zh,埃尔帕拉伊索
250346557,3251254,zh,\N
250346634,3251255,zh,拉斯格鲁塔斯
250346711,3251256,zh,拉斯努布斯
250346788,3251257,zh,新阿莱曼尼亚
250346865,3251258,zh,约奇恩提克
250346942,3251259,zh,圣安东尼奥埃尔阿尔托
250347019,3251260,zh,运河乌鲁布
250347096,3251261,zh,巴维茨耶路撒冷
250347173,3251262,zh,喷射乌库姆
250347250,3251263,zh,\N
250347327,3251264,zh,洛斯皮诺斯
250347404,3251265,zh,帕拉杰圣安东尼奥
250347481,3251266,zh,帕拉杰圣安东尼奥
250347558,3251267,zh,巴兰基亚
250347635,3251268,zh,巴兰基亚
250347712,3251269,zh,比亚埃尔莫萨·多斯
250347789,3251270,zh,比亚埃尔莫萨·多斯
250347866,3251271,zh,伊斯兰马帕
250347943,3251272,zh,蒂拉*内格拉
250348020,3251273,zh,拿巴兰
250348097,3251274,zh,圣朱莉娅
250348174,3251275,zh,\N
250348251,3251276,zh,埃尔卡里萨尔
250348328,3251277,zh,佐泰亚尔娅
250348405,3251278,zh,新阿尔塔米拉诺
250348482,3251279,zh,\N
250348559,3251280,zh,埃尔纳兰霍
250348636,3251281,zh,琉息太尼亞
250348713,3251282,zh,聖馬丁河
250348790,3251283,zh,圣马丁
250348867,3251284,zh,波韦尼尔·坎波·阿莱格里
250348944,3251285,zh,圣安东尼奥埃尔西马隆
250349021,3251286,zh,拉雷万查
250349098,3251287,zh,克斯帕拉
250349175,3251288,zh,埃斯孔迪达
250349252,3251289,zh,埃尔帕莱索一世
250349329,3251290,zh,圣何塞拉库奇亚
250349406,3251291,zh,科罗拉多州兰切里亚奎斯塔
250349483,3251292,zh,查帕塔雷
250349560,3251293,zh,巴布雷阿奇
250349637,3251294,zh,\N
250349714,3251295,zh,帕拉赫·拉·莫拉
250349791,3251296,zh,格阿格阿奇
250349868,3251297,zh,坎波辛科
250349945,3251298,zh,拉斯波马斯
250350022,3251299,zh,\N
250350099,3251300,zh,里托港
250350176,3251301,zh,拉斯拉古尼塔斯
250350253,3251302,zh,拉斯拉古尼塔斯
250350330,3251303,zh,\N
250350407,3251304,zh,\N
250350484,3251305,zh,华泰池
250350561,3251306,zh,埃尔科罗萨尔
250350638,3251307,zh,埃尔巴罗
250350715,3251308,zh,埃尔巴罗
250350792,3251309,zh,卡米诺·提古斯蒂特拉
250350869,3251310,zh,卡米诺·提古斯蒂特拉
250350946,3251311,zh,科罗拉多州阿罗约
250351023,3251312,zh,帕拉赫·洛斯·特霍科特斯
250351100,3251313,zh,特拉尔梅拉克
250351177,3251314,zh,圣诞老人玛丽亚斯
250351254,3251315,zh,波爾凡尼爾
250351331,3251316,zh,埃尔波韦尼尔
250351408,3251317,zh,\N
250351485,3251318,zh,洛斯弗里霍勒斯
250351562,3251319,zh,克夫拉达德洛斯杜兰
250351639,3251320,zh,埃尔兰奇托
250351716,3251321,zh,坎波德韦拉诺
250351793,3251322,zh,拉古尼拉*德*米雷勒斯
250351870,3251323,zh,埃吉多·圣特尔莫（洛斯佩雷斯）
250351947,3251324,zh,埃吉多·圣特尔莫（洛斯佩雷斯）
250352024,3251325,zh,埃尔瓦拉尔
250352101,3251326,zh,埃尔米拉多（科洛尼亚塞万提斯）
250352178,3251327,zh,埃尔普埃尔特西托
250352255,3251328,zh,\N
250352332,3251329,zh,拉卡梅丽塔
250352409,3251330,zh,梅萨德加西亚
250352486,3251331,zh,埃尔拉米尔特
250352563,3251332,zh,埃尔巴里亚尔
250352717,3251334,zh,普拉苏埃拉斯殖民地
250352794,3251335,zh,普拉苏埃拉斯殖民地
250352871,3251336,zh,埃斯佩兰萨
250352948,3251337,zh,\N
250353025,3251338,zh,卡拉科尔
250353102,3251339,zh,圣何塞德洛斯阿瓜卡特斯
250353179,3251340,zh,圣何塞德洛斯阿瓜卡特斯
250353256,3251341,zh,托托尔津特拉
250353333,3251342,zh,科洛尼亚圣罗莎
250353410,3251343,zh,圣何塞
250353487,3251344,zh,琳达维斯塔
250353564,3251345,zh,诺帕莱拉
250353641,3251346,zh,埃尔柠檬西托
250353718,3251347,zh,\N
250353795,3251348,zh,阿平特拉
250353872,3251349,zh,特潘特兰
250353949,3251350,zh,特潘特兰
250354026,3251351,zh,巴兰卡德拉班德拉
250354103,3251352,zh,埃尔科尔特
250354180,3251353,zh,改革
250354257,3251354,zh,\N
250354334,3251355,zh,埃尔阿戈斯塔德罗
250354411,3251356,zh,科洛尼亚·巴奇勒雷斯
250354488,3251357,zh,科洛尼亚·巴奇勒雷斯
250354565,3251358,zh,阿罗约拉戈
250354642,3251359,zh,洛斯特雷霍
250354719,3251360,zh,圣安东尼奥埃尔亚诺
250354796,3251361,zh,圣安东尼奥埃尔亚诺
250354873,3251362,zh,德韦戈
250354950,3251363,zh,拉皮斯塔德蒂扎尤卡
250355027,3251364,zh,科多尼塞斯
250355104,3251365,zh,圣安娜 [车站]
250355181,3251366,zh,圣安娜 [车站]
250355258,3251367,zh,克雷塔里托
250355335,3251368,zh,富矿
250355412,3251369,zh,拉普罗维登西亚 (纳瓦罗)
250355489,3251370,zh,洛斯弗雷斯诺斯
250355566,3251371,zh,绍西洛
250355643,3251372,zh,埃斯坦科
250355720,3251373,zh,钱科阿
250355797,3251374,zh,洛斯萨拉特
250355874,3251375,zh,波特雷罗·德·瓜达卢佩
250355951,3251376,zh,兰乔德拉雷拉西翁
250356028,3251377,zh,圣何塞德尔亚诺
250356105,3251378,zh,\N
250356182,3251379,zh,兰乔拉卡德纳
250356259,3251380,zh,埃尔卡普林
250356336,3251381,zh,拉斯布兰卡斯港
250356413,3251382,zh,林孔德尔阿瓜卡特
250356490,3251383,zh,洛斯圣地亚哥
250356567,3251384,zh,拉拉博西拉
250356644,3251385,zh,圣米格尔·萨波蒂特兰
250356721,3251386,zh,帕莱塔奇卡
250356798,3251387,zh,拉斯阿诺纳斯
250356875,3251388,zh,聖米格爾河
250356952,3251389,zh,圣米格尔特诺奇蒂特兰
250357029,3251390,zh,喜瑞都
250357106,3251391,zh,洛斯坦克
250357183,3251392,zh,奥科特拉（德伦巴德罗）
250357260,3251393,zh,拉斯托雷西拉斯
250357337,3251394,zh,圣何塞林达维斯塔
250357414,3251395,zh,拉斯维拉多拉斯
250357491,3251396,zh,奇奇卡斯科埃尔别霍
250357568,3251397,zh,洛马斯·德·特胡皮尔科
250357645,3251398,zh,圣何塞阿马纳尔科
250357722,3251399,zh,\N
250357799,3251400,zh,朱塔斯德尔帕索托皮拉尔
250357876,3251401,zh,洛斯阿拉莫斯
250357953,3251402,zh,洛马博尼塔
250358030,3251403,zh,曼萨纳德尔港
250358107,3251404,zh,拉斯卡诺阿斯
250358184,3251405,zh,埃拉德罗
250358261,3251406,zh,埃尔奇科
250358338,3251407,zh,拉帕尔米塔
250358415,3251408,zh,拉斯坎特拉斯
250358492,3251409,zh,圣胡安德迪奥斯豪哈
250358569,3251410,zh,乌罗
250358646,3251411,zh,埃尔塔马林多
250358723,3251412,zh,拉帕爾馬島
250358800,3251413,zh,拉斯莫尼卡斯
250358877,3251414,zh,洛斯奎林达莱斯
250358954,3251415,zh,拉拉博西拉
250359031,3251416,zh,洛斯波索斯
250359108,3251417,zh,帕兰盖蒂罗
250359185,3251418,zh,维拉韦尔德
250359262,3251419,zh,佛得别墅
250359339,3251420,zh,拉米萨德洛斯印第奥斯
250359416,3251421,zh,\N
250359493,3251422,zh,科洛尼亚*赫莫萨
250359570,3251423,zh,埃尔特克斯卡尔
250359647,3251424,zh,埃尔恩西纳尔
250359724,3251425,zh,科洛尼亚·阿奎莱斯·塞尔丹
250359801,3251426,zh,埃尔博内特
250359878,3251427,zh,洛斯格拉诺斯
250359955,3251428,zh,拉扎罗·卡德纳斯
250360032,3251429,zh,拉扎罗·卡德纳斯
250360109,3251430,zh,帕纳利洛斯
250360186,3251431,zh,拉爸爸
250360263,3251432,zh,帕尔马库阿塔
250360340,3251433,zh,拉斯弗洛雷斯
250360417,3251434,zh,拉斯弗洛雷斯
250360494,3251435,zh,圣佩德罗德洛斯恩西诺斯
250360571,3251436,zh,特马斯卡莱斯
250360648,3251437,zh,\N
250360725,3251438,zh,埃尔利蒙
250360802,3251439,zh,洛马·德·蒂兹尼
250360879,3251440,zh,亚诺马德拉
250360956,3251441,zh,圣伊西德罗
250361033,3251442,zh,卡贝萨·德·蒂拉
250361110,3251443,zh,拉卡皮亞
250361187,3251444,zh,拉卡皮拉
250361264,3251445,zh,扎卡马林
250361341,3251446,zh,兰乔洛斯伦加斯
250361418,3251447,zh,圣西蒙卡米诺
250361495,3251448,zh,圣西蒙卡米诺
250361572,3251449,zh,波爾凡尼爾
250361649,3251450,zh,埃尔波韦尼尔
250361726,3251451,zh,拉诺德拉马佐尔卡
250361803,3251452,zh,约松加什
250361880,3251453,zh,胡安娜·伊内斯·德拉克鲁斯修女
250361957,3251454,zh,拉普里西马康塞普西翁
250362034,3251455,zh,阿瓜赫·德拉·丹塔
250362111,3251456,zh,洛斯马南提亚莱斯
250362188,3251457,zh,阿瓜布兰卡
250362265,3251458,zh,卡巴卡亚
250362342,3251459,zh,蒂尼克斯卡特尔
250362419,3251460,zh,蒂尼克斯卡特尔
250362496,3251461,zh,特拉皮萨瓦坎
250362573,3251462,zh,圣阿方索
250362650,3251463,zh,克鲁兹佛得角
250362727,3251464,zh,圣费利佩
250362804,3251465,zh,奥霍科特拉
250362881,3251466,zh,洛马·彼德拉·帕拉达
250362958,3251467,zh,圣马丁托尔特佩克
250363035,3251468,zh,多斯·阿罗约斯
250363112,3251469,zh,阿瓦特佩克
250363189,3251470,zh,阿瓦特佩克
250363266,3251471,zh,\N
250363343,3251472,zh,阿瓜阿祖尔
250363420,3251473,zh,萨尔瓦多
250363497,3251474,zh,萨尔瓦多
250363574,3251475,zh,塞罗德洛斯加洛斯
250363651,3251476,zh,埃尔托尔诺
250363728,3251477,zh,埃尔托尔诺
250363805,3251478,zh,埃尔泰雷莫特
250363882,3251479,zh,阿夸皮奇科
250363959,3251480,zh,埃尔卡农
250364036,3251481,zh,帕里塔斯
250364113,3251482,zh,雅库巴尔
250364190,3251483,zh,拉默塞德
250364267,3251484,zh,拉塞瓦
250364344,3251485,zh,拉塞瓦
250364421,3251486,zh,夏蒂帕
250364498,3251487,zh,\N
250364575,3251488,zh,圣罗莎
250364652,3251489,zh,埃尔恩西纳尔
250364729,3251490,zh,聖胡安
250364806,3251491,zh,圣胡安
250364883,3251492,zh,奥霍·德·阿瓜
250364960,3251493,zh,科尤尔·格兰德
250365037,3251494,zh,洛斯奇诺斯
250365114,3251495,zh,\N
250365191,3251496,zh,拉奎奇（佩利卡诺）
250365268,3251497,zh,\N
250365345,3251498,zh,艾尔·劳雷尔（阿贝尔·加西亚 饰）
250365422,3251499,zh,埃尔莫克蒂托
250365499,3251500,zh,\N
250365653,3251502,zh,圣何塞阿特兰加
250365730,3251503,zh,圣何塞阿特兰加
250365807,3251504,zh,塞里托·德·阿吉雷
250365884,3251505,zh,\N
250365961,3251506,zh,新耶路撒冷
250366038,3251507,zh,圣米格尔布埃纳维斯塔
250366115,3251508,zh,圣迪莉亚
250366192,3251509,zh,埃尔阿吉拉
250366269,3251510,zh,加拿大
250366346,3251511,zh,卡波特
250366423,3251512,zh,诺加莱斯
250366500,3251513,zh,米拉多尔二号
250366577,3251514,zh,圣拉斐尔德尔皮纳尔
250366654,3251515,zh,埃尔科内霍
250366731,3251516,zh,拉普罗维登西亚
250366808,3251517,zh,圣费利佩
250366885,3251518,zh,佛罗里达州 (新特内日本)
250366962,3251519,zh,瓦卡帕
250367039,3251520,zh,阿罗约·塞科
250367116,3251521,zh,埃尔迪亚曼特
250367193,3251522,zh,埃尔迪亚曼特
250367270,3251523,zh,公里 3.44
250367347,3251524,zh,卡诺·普列托
250367424,3251525,zh,洛斯莫戈特斯
250367501,3251526,zh,林德罗·科斯特诺斯
250367578,3251527,zh,塞罗德华雷斯
250367655,3251528,zh,特拉克查拉
250367732,3251529,zh,拉斯洛马斯
250367809,3251530,zh,索奇米尔科
250367886,3251531,zh,霍奇米尔科
250367963,3251532,zh,埃尔波顿
250368040,3251533,zh,特南戈
250368117,3251534,zh,阿罗约·翁多·德·阿里巴
250368194,3251535,zh,拉斯诺里亚斯
250368271,3251536,zh,埃尔弗莱尔（洛斯特里亚纳）
250368348,3251537,zh,\N
250368425,3251538,zh,科洛尼亚弗朗西斯科别墅（拉普雷西塔）
250368887,3251544,zh,\N
250369426,3251551,zh,布宜諾斯艾利斯
250370812,3251569,zh,拉康斯坦西亚
250384210,3251743,zh,埃吉多圣何塞
250386058,3251767,zh,诺里亚·德·圣何塞（马查多）
250387367,3251784,zh,圣埃美隆
250389754,3251815,zh,洛马斯·德·洛杉矶
250392680,3251853,zh,努埃瓦*以色列塔
250392988,3251857,zh,\N
250396299,3251900,zh,拉斯阿德利塔斯
250401304,3251965,zh,\N
250403075,3251988,zh,特松特拉尔帕
250411699,3252100,zh,拉门多萨
250418860,3252193,zh,聖拉蒙
250427869,3252310,zh,安普拉西翁布埃纳维斯塔
250428716,3252321,zh,\N
250432027,3252364,zh,特南吉托
250434029,3252390,zh,巴里奥·阿尔祖鲁普
250436031,3252416,zh,皮拉约科
250437109,3252430,zh,埃尔纳兰贾尔
250437571,3252436,zh,拉斯卡雷塔斯
250440343,3252472,zh,瓜皮诺
250449044,3252585,zh,巴里奥*永瓜
250451123,3252612,zh,拉卡巴尼塔
250455512,3252669,zh,埃尔辛科
250457437,3252694,zh,\N
250464906,3252791,zh,鸡科特拉
250469603,3252852,zh,埃尔科洛莫
250475532,3252929,zh,\N
250480152,3252989,zh,科利纳斯德圣何塞
250481769,3253010,zh,夸伊洛特
250492164,3253145,zh,拉斯坎帕纳斯
250500480,3253253,zh,圣阿玛达
250517574,3253475,zh,波索塞科（洛斯巴雷拉）
250518113,3253482,zh,洛马斯·德尔·阿拉莫
250520731,3253516,zh,埃尔莫拉多（拉帕尔马岛）
250524427,3253564,zh,巴霍拉佩纳
250527661,3253606,zh,洛斯蒂拉多雷斯
250532743,3253672,zh,阿梅亚科
250536747,3253724,zh,\N
250550992,3253909,zh,洛斯普兰斯
250576787,3254244,zh,\N
250580252,3254289,zh,科洛尼亚埃尔阿琼乔利纳尔
250584333,3254342,zh,坎西诺
250586181,3254366,zh,圣拉斐尔德洛斯马丁内斯
250586797,3254374,zh,埃尔莫蒂罗
250589261,3254406,zh,\N
250597654,3254515,zh,\N
250603737,3254594,zh,卡拉巴西拉
250614671,3254736,zh,埃尔桑托
250615133,3254742,zh,特科马蒂洛
250634152,3254989,zh,卡萨斯平塔斯
250637771,3255036,zh,洛斯卡洪斯
250639003,3255052,zh,科罗拉多州拉佩纳
250639157,3255054,zh,\N
250648782,3255179,zh,拉孔丘达
250650861,3255206,zh,科洛尼亚·古斯塔沃·迪亚斯·奥尔达斯
250651785,3255218,zh,科洛尼亚太平洋 (迪乔乔公里)
250653325,3255238,zh,洛斯郁金香
250660024,3255325,zh,洛斯帕雷多内斯
250666877,3255414,zh,特雷斯帕洛斯
250674577,3255514,zh,霍帕纳帕
250674808,3255517,zh,特维克斯蒂特拉
250677041,3255546,zh,\N
250678427,3255564,zh,埃尔纳卡斯特
250679736,3255581,zh,\N
250695752,3255789,zh,米尔皮拉斯
250697215,3255808,zh,埃吉多·圣特雷莎
250700834,3255855,zh,帕洛波莱罗
250703760,3255893,zh,埃尔波莱奥
250704453,3255902,zh,帕拉杰·彼德拉·阿祖尔
250719006,3256091,zh,萨瓦罗奇
250726244,3256185,zh,瑙卡尔潘德华雷斯
250736023,3256312,zh,9 月 16 日科洛尼亚
250751115,3256508,zh,新耶路撒冷（拉斯卡米利亚斯）
250757121,3256586,zh,拉帕尔米塔
250758969,3256610,zh,萨尔瓦维达
250761818,3256647,zh,普羅維登西亞
250762896,3256661,zh,拉斯霍米加斯
250764513,3256682,zh,彼德拉·德尔·莫利诺
250764744,3256685,zh,波鲁乔
250767131,3256716,zh,拉布法
250767516,3256721,zh,洛斯雷耶斯（金塔·曼萨纳）
250768748,3256737,zh,埃尔阿瓦拉莫
250769210,3256743,zh,奥霍·德·阿瓜·米特拉通戈
250771597,3256774,zh,卡瓦亚
250773984,3256805,zh,拉索莱达
250779374,3256875,zh,蒙特雷亚尔
250781145,3256898,zh,坦克拉维兹纳加
250783224,3256925,zh,\N
250785688,3256957,zh,新马拉维拉斯
250789538,3257007,zh,圣拉米罗
250791771,3257036,zh,埃尔坎塔罗
250795852,3257089,zh,卡普蒂特兰
250798239,3257120,zh,\N
250802859,3257180,zh,埃尔法尔赛特
250803629,3257190,zh,拉斯托雷斯
250804784,3257205,zh,洛斯纳兰霍斯
250806632,3257229,zh,亚诺德阿多比
250810559,3257280,zh,埃尔普埃斯托
250817566,3257371,zh,圣迭戈巴里奥
250819645,3257398,zh,\N
250829732,3257529,zh,洛杉矶
250830502,3257539,zh,埃斯库纳帕
250836508,3257617,zh,巴勒莫
250851908,3257817,zh,特立尼达加西亚德拉卡德纳（瓜达卢皮托）
250858068,3257897,zh,\N
250861995,3257948,zh,埃尔坦博尔
250867693,3258022,zh,埃尔纳兰贾尔
250869387,3258044,zh,马伦顿·奇科
250870927,3258064,zh,\N
250876471,3258136,zh,圣克鲁斯·皮皮拉
250889176,3258301,zh,洛斯韦热莱斯
250892641,3258346,zh,圣特雷莎
250893411,3258356,zh,佛罗里达乌诺
250894027,3258364,zh,耶稣
250895259,3258380,zh,皮诺·索罗
250897646,3258411,zh,\N
250902420,3258473,zh,西基玉坤
250908118,3258547,zh,\N
250909350,3258563,zh,科拉尔德蒂拉
250917281,3258666,zh,埃尔阿罗约韦恩特
250921285,3258718,zh,\N
250921593,3258722,zh,\N
250928908,3258817,zh,莱昂[埃斯塔布罗]
250932681,3258866,zh,莫伊塞斯·甘地
250945386,3259031,zh,埃尔波韦尼尔 [格兰哈]
250945694,3259035,zh,\N
250948774,3259075,zh,埃尔布恩苏塞索
250948851,3259076,zh,兰切里亚圣何塞萨瓦莱塔
250953548,3259137,zh,齐兰达罗
250959477,3259214,zh,洛斯拉加托斯
250975878,3259427,zh,圣埃琳娜
250978573,3259462,zh,恩帕尔梅·阿奎莱拉
250986504,3259565,zh,埃尔弗雷斯纳尔
250988352,3259589,zh,\N
250991894,3259635,zh,奎斯塔阿尔塔
250995051,3259676,zh,埃尔·亚加兰（多洛丽丝）
251006524,3259825,zh,\N
251008218,3259847,zh,埃吉多埃尔帕拉伊索
251011452,3259889,zh,天使
251011606,3259891,zh,\N
251011760,3259893,zh,圣克鲁斯德洛斯萨卡蒂托斯
251023849,3260050,zh,\N
251024003,3260052,zh,拉卢兹
251024157,3260054,zh,拉帕斯托拉
251027468,3260097,zh,洛斯紹塞斯
251036323,3260212,zh,佩尼亚德尔阿瓜
251064813,3260582,zh,洛斯阿瓜卡特斯
251068740,3260633,zh,\N
251070973,3260662,zh,卡贝萨·德谢内加
251076517,3260734,zh,奇基利斯坦
251085372,3260849,zh,圣罗莎芬卡
251087143,3260872,zh,卡米诺阿克索克特兰埃斯塔奇奥特基奥
251087682,3260879,zh,拉恩维迪亚
251091763,3260932,zh,巴里奥拉克鲁斯
251094920,3260973,zh,埃希多·德·阿连德
251101696,3261061,zh,\N
251104083,3261092,zh,\N
251112630,3261203,zh,佩里科斯
251113631,3261216,zh,努埃沃德尔古萨诺牧场
251121100,3261313,zh,埃尔阿雷纳尔德拉斯奥拉斯
251127029,3261390,zh,卡普里廖拉
251130494,3261435,zh,拉斯霍米加斯
251133266,3261471,zh,\N
251135884,3261505,zh,埃尔奥加诺
251144739,3261620,zh,埃尔阿蓬帕尔
251147896,3261661,zh,蒙大拿州
251161987,3261844,zh,\N
251168686,3261931,zh,圣安东尼奥德罗阿
251171227,3261964,zh,加拉多圣玛利亚教堂
251173999,3262000,zh,\N
251177772,3262049,zh,\N
251191170,3262223,zh,埃吉多·鲁本·哈拉米洛
251197715,3262308,zh,曼萨纳德尔库博
251204337,3262394,zh,旧金山
251217350,3262563,zh,埃尔埃斯坦克德拉克鲁斯
251217735,3262568,zh,布兰科桥
251218043,3262572,zh,\N
251223125,3262638,zh,伊斯塔卡帕（里约奇基托）
251237986,3262831,zh,牙买加
251239988,3262857,zh,拉卡纳迪塔
251262472,3263149,zh,拉弗洛尔
251264089,3263170,zh,安内克索·贝里奥扎巴尔
251267246,3263211,zh,\N
251269941,3263246,zh,库萨雷科塔
251272020,3263273,zh,阿利安扎
251273175,3263288,zh,洛斯布勒斯
251276640,3263333,zh,安东尼奥·埃斯特拉达（加维亚·德·里瓦斯 饰）
251283031,3263416,zh,科洛尼亚·巴里奥斯
251284725,3263438,zh,媒体月神
251291578,3263527,zh,\N
251302281,3263666,zh,洛梅里亚
251306670,3263723,zh,拉维因蒂辛科
251306747,3263724,zh,维内多埃尔卡梅尔
251306824,3263725,zh,拉洛米塔
251307363,3263732,zh,埃尔帕拉伊索
251307748,3263737,zh,洛斯皮诺斯
251308672,3263749,zh,埃尔索里亚诺
251309057,3263754,zh,洛斯科约利托斯
251310289,3263770,zh,萨波特·德·阿吉雷
251310520,3263773,zh,\N
251310751,3263776,zh,格拉诺德奥罗
251324457,3263954,zh,瓜伊马斯
251333004,3264065,zh,洛斯奥雷加尼托斯
251349251,3264276,zh,鲁本·哈拉米洛
251366422,3264499,zh,\N
251366499,3264500,zh,拉佩尼塔
251367038,3264507,zh,拉卢兹
251367423,3264512,zh,圣阿玛利亚
251369040,3264533,zh,\N
251379743,3264672,zh,卡门·拉斯·弗洛雷斯
251380359,3264680,zh,\N
251398300,3264913,zh,里奥阿祖尔
251400379,3264940,zh,巴里奥埃尔米拉多尔 (拉卡皮利亚)
251417242,3265159,zh,圣安东尼奥
251418397,3265174,zh,帕拉杰·里奥·奇基托
251420014,3265195,zh,圣安德烈斯别墅
251422170,3265223,zh,兰乔奥霍德阿瓜
251438186,3265431,zh,圣安东尼奥·卡斯蒂略·贝拉斯科
251446425,3265538,zh,萨尔瓦多·阿连德
251448427,3265564,zh,林达维斯塔
251467831,3265816,zh,可可查斯
251470988,3265857,zh,埃尔伊佐特
251489083,3266092,zh,佩纳科罗拉多
251499247,3266224,zh,波多黎各
251501480,3266253,zh,阿波达卡
251502173,3266262,zh,\N
251502558,3266267,zh,埃内斯托·阿吉雷·科罗拉多
251504945,3266298,zh,科约利洛
251518266,3266471,zh,\N
251520345,3266498,zh,圣多明各
251527275,3266588,zh,拉兰切里亚
251529816,3266621,zh,索诺拉
251532511,3266656,zh,费利佩·安吉利斯
251536900,3266713,zh,米兰达*罗德里格斯家族（埃尔霍诺）
251542675,3266788,zh,佩纳德尔蒂格雷
251552531,3266916,zh,洛斯泰雷罗斯港
251559692,3267009,zh,埃尔西丰·德拉库埃拉
251562079,3267040,zh,\N
251588259,3267380,zh,拉斯布甘比利亚斯
251595343,3267472,zh,洛斯科科斯
251595805,3267478,zh,阿雷纳利托
251599039,3267520,zh,旧金山埃尔塞雷西洛
251607355,3267628,zh,\N
251626605,3267878,zh,洛斯波乔特斯 (乔卢拉)
251633535,3267968,zh,\N
251640542,3268059,zh,\N
251653093,3268222,zh,洛斯科基托斯
251659407,3268304,zh,\N
251661255,3268328,zh,公里 39
251665105,3268378,zh,圣卢卡斯
251668185,3268418,zh,卡尤约
251674807,3268504,zh,22 公里（圣维森特）
251677656,3268541,zh,库拉提
251680043,3268572,zh,卢西奥·卡巴纳斯·巴里恩托斯
251695135,3268768,zh,罗莎布兰卡
251702681,3268866,zh,\N
251703913,3268882,zh,洛斯亚特勒斯
251704760,3268893,zh,\N
251720853,3269102,zh,阿雷纳尔
251725704,3269165,zh,\N
251730247,3269224,zh,彼德拉·博鲁达
251733558,3269267,zh,洛马斯·德·圣佩德罗
251739795,3269348,zh,圣犹大
251746032,3269429,zh,洛斯曼吉托斯
251772366,3269771,zh,查卡麦克斯
251779989,3269870,zh,梅萨德圣拉斐尔
251789922,3269999,zh,卡吉塔斯·德·索里亚
251798777,3270114,zh,拉斯罗萨斯
251802935,3270168,zh,洛斯紹塞斯
251812945,3270298,zh,科龙迪罗
251823571,3270436,zh,拉斯埃斯科莱拉斯
251825188,3270457,zh,巴里奥圣尼古拉斯
251831656,3270541,zh,拉马塞塔
251832272,3270549,zh,拉斯阿尔贝卡斯
251838124,3270625,zh,马利奇塔
251841204,3270665,zh,瓜达卢佩
251850598,3270787,zh,聖米格爾河
251851676,3270801,zh,巴吉奥·埃尔·卡门
251861686,3270931,zh,\N
251866691,3270996,zh,圣罗莎拉斯利马斯
251877317,3271134,zh,梅萨布兰卡（拉普尔加）
251883785,3271218,zh,埃尔萨尔托
251885402,3271239,zh,兰乔德尔卡门（拉佩纳）
251899878,3271427,zh,拉维多利亚
251902727,3271464,zh,\N
251905114,3271495,zh,\N
251906423,3271512,zh,埃尔特克斯卡拉姆
251909503,3271552,zh,波爾凡尼爾
251912891,3271596,zh,洛斯砍刀
251924826,3271751,zh,科洛尼亚拉斯阿吉拉斯
251925596,3271761,zh,\N
251928445,3271798,zh,圣米格尔庄园
251932988,3271857,zh,兰乔圣达菲
251936299,3271900,zh,拉阿马帕
251953470,3272123,zh,\N
251954471,3272136,zh,帕拉斯
251964635,3272268,zh,埃尔亚基
251978649,3272450,zh,洛斯康帕德雷斯港
251978957,3272454,zh,阿瓜杰德尔塞德罗
251979034,3272455,zh,埃尔巴兰科
251979188,3272457,zh,楚鲁比亚奇
251979265,3272458,zh,萨克拉门托
251979342,3272459,zh,\N
251979419,3272460,zh,乔科拉奇
251979496,3272461,zh,瓜西拉奇
251979573,3272462,zh,梅萨德雷凯纳
251979650,3272463,zh,埃尔卡洪
251979727,3272464,zh,拉米萨
251989814,3272595,zh,拉昆布雷
251990276,3272601,zh,洛斯加勒比
251995820,3272673,zh,拉斯塔布拉斯（莱昂）
251997283,3272692,zh,\N
252006985,3272818,zh,特佩希卡
252015917,3272934,zh,圣达菲
252015994,3272935,zh,阿卡斯波莱斯
252016456,3272941,zh,\N
252017688,3272957,zh,拉哈西恩迪塔
252017765,3272958,zh,\N
252018150,3272963,zh,克里斯托巴尔科隆
252018381,3272966,zh,西比亚韦斯
252018689,3272970,zh,埃尔瓦里尔
252018766,3272971,zh,埃尔卡贝萨尔
252022308,3273017,zh,博斯克*莫纳卡
252023771,3273036,zh,巧克力
252048334,3273355,zh,拉迪斯彭西拉
252048488,3273357,zh,梅萨德伯纳尔
252063734,3273555,zh,彼德拉·萨莫拉诺
252065274,3273575,zh,埃尔佩里科
252067199,3273600,zh,民主和利伯塔德
252072127,3273664,zh,韦尔塔·马塞拉
252094226,3273951,zh,埃尔西科莫罗
252098615,3274008,zh,埃尔维博雷罗
252104313,3274082,zh,下一个拉尔潘
252105545,3274098,zh,蒙大拿州埃斯塔布洛
252117942,3274259,zh,查科·拉戈
252125026,3274351,zh,巴里奥拉科切拉
252137269,3274510,zh,宾巴莱特
252137346,3274511,zh,拉斯克鲁塞斯
252149127,3274664,zh,\N
252151668,3274697,zh,圣米格尔特诺奇蒂特兰
252152977,3274714,zh,拉斯米西奥内斯
252157751,3274776,zh,里奥哈马卡
252158829,3274790,zh,彼德拉·库阿什
252160754,3274815,zh,埃尔罗萨里奥
252166298,3274887,zh,洛斯*胡莫斯
252172381,3274966,zh,拉卡雷里塔
252172535,3274968,zh,埃尔奥塔塔尔
252173690,3274983,zh,\N
252173998,3274987,zh,格拉纳多斯
252174152,3274989,zh,胡安·萨尔瓦多·埃斯克
252178156,3275041,zh,胡安尼洛（本杰明·维拉饰演）
252180851,3275076,zh,拉特拉斯基拉
252185625,3275138,zh,埃爾克魯塞羅
252199100,3275313,zh,萨尔特内霍
252207339,3275420,zh,拉玛丽娜
252228976,3275701,zh,萨瓦拉博
252229130,3275703,zh,埃尔富斯特
252244607,3275904,zh,聖克魯斯
252245146,3275911,zh,洛斯巴格雷斯
252254617,3276034,zh,\N
252266167,3276184,zh,拉洛马乌诺
252276023,3276312,zh,拉巴卡
252284416,3276421,zh,洛斯内格里洛斯
252296659,3276580,zh,圣阿马利亚
252310596,3276761,zh,\N
252315909,3276830,zh,乔伊塔斯
252322685,3276918,zh,\N
252327151,3276976,zh,塞拉尔沃
252357258,3277367,zh,帕洛德拉约
252365497,3277474,zh,特雷斯阿尔博利托斯
252365959,3277480,zh,莫雷利亚
252368423,3277512,zh,坎德拉里亚
252375122,3277599,zh,桑坦德
252376200,3277613,zh,布宜诺斯艾利斯
252379973,3277662,zh,洛斯克鲁斯科尔索
252393679,3277840,zh,加吉纳普奇
252394064,3277845,zh,利诺
252396220,3277873,zh,拉蒙·洛佩兹
252396528,3277877,zh,\N
252403304,3277965,zh,米兰迪利亚
252405845,3277998,zh,拉阿尔达纳（拉蒙·兰赫尔饰演）
252409464,3278045,zh,\N
252411851,3278076,zh,\N
252415624,3278125,zh,圣卡塔琳娜州
252416702,3278139,zh,拉昆布雷
252418319,3278160,zh,马塔·泰洪
252421553,3278202,zh,\N
252425480,3278253,zh,拉斯佩纳斯
252427636,3278281,zh,拉康查
252429176,3278301,zh,\N
252430254,3278315,zh,埃斯佩兰萨
252439802,3278439,zh,\N
252441881,3278466,zh,\N
252460130,3278703,zh,胡安·德·迪奥斯·维耶霍
252466752,3278789,zh,拉马格达莱纳
252472527,3278864,zh,圣费利佩
252474452,3278889,zh,阿克萨尔帕
252477070,3278923,zh,埃尔塞德拉利托
252480997,3278974,zh,\N
252497321,3279186,zh,卡西塔斯
252504713,3279282,zh,佩德罗·希门尼斯
252505406,3279291,zh,阿罗约埃尔科内霍
252508178,3279327,zh,拉马坦巴
252510257,3279354,zh,拉潘加
252517803,3279452,zh,弗拉维亚诺·肯·科利
252522346,3279511,zh,圣拉斐尔·德·阿里巴
252525657,3279554,zh,拉帕爾馬島
252526119,3279560,zh,埃尔集体
252536206,3279691,zh,拉卢查
252544137,3279794,zh,圣塞西莉亚
252546755,3279828,zh,洛斯科科斯
252555148,3279937,zh,圣迭吉托
252556765,3279958,zh,圣里卡多阿尔塔米萨
252572011,3280156,zh,埃尔阿拉米洛
252576169,3280210,zh,洛特·西恩托·诺文塔
252603196,3280561,zh,圣安德烈斯
252608509,3280630,zh,纳兰霍斯
252611204,3280665,zh,阿拉卡特斯
252612590,3280683,zh,拉贝塞雷拉
252623216,3280821,zh,哈仙达布兰卡
252638616,3281021,zh,埃尔沃兰廷
252641157,3281054,zh,\N
252644237,3281094,zh,罗望子
252657404,3281265,zh,多斯·德·马索
252669262,3281419,zh,\N
252677116,3281521,zh,埃尔萨尔蒂利托
252679811,3281556,zh,埃尔波特雷罗
252681274,3281575,zh,萨拉戈萨的恩特龙克
252681582,3281579,zh,兰乔*埃尔*普雷索
252683353,3281602,zh,阿罗约德尔阿瓜
252688435,3281668,zh,奥罗兹
252688820,3281673,zh,加列戈斯
252689975,3281688,zh,\N
252690437,3281694,zh,\N
252694056,3281741,zh,布宜诺斯艾利斯（多洛雷斯·德尔·安赫尔·马丁内斯）
252694133,3281742,zh,埃尔雷库尔多
252702218,3281847,zh,\N
252702603,3281852,zh,拉玛丽娜
252717772,3282049,zh,埃尔贾拉尔
252725164,3282145,zh,塞卡别墅
252727705,3282178,zh,卡萨斯布兰卡斯
252758967,3282584,zh,黃金國
252759737,3282594,zh,埃尔拉戈
252772596,3282761,zh,蒙蒂卡梅卢
252776600,3282813,zh,塞帕拉奇
252780912,3282869,zh,拉霍亚
252784685,3282918,zh,埃尔富恩特诺
252821029,3283390,zh,拉霍米加
252827112,3283469,zh,圣何塞别墅
252836737,3283594,zh,贝尼托·维拉塞诺
252846593,3283722,zh,洛斯卡沃斯
252850751,3283776,zh,洛斯萨波蒂洛斯
252851059,3283780,zh,加拿大德布埃纳维斯塔
252861454,3283915,zh,莱奥波尔多·卡斯塔内达
252863841,3283946,zh,\N
252895103,3284352,zh,埃吉多·埃尔·迪兹
252897182,3284379,zh,拉昆斯
252905113,3284482,zh,\N
252907115,3284508,zh,卡巴纳斯*德*奥菲利亚
252924517,3284734,zh,洛斯阿尔坎弗雷斯
252941688,3284957,zh,拉拉古纳
252944152,3284989,zh,曼努埃尔·卡斯特罗·埃斯皮诺萨
252967021,3285286,zh,阿瓜斯维德斯
252976415,3285408,zh,拉瓦奎塔
252976646,3285411,zh,拉斯卡罗莱纳州
252995126,3285651,zh,埃尔酱
252995742,3285659,zh,埃尔维拉诺
253014838,3285907,zh,特波拉奇
253015300,3285913,zh,埃尔泰雷里托
253018842,3285959,zh,埃尔曼萨诺
253023462,3286019,zh,\N
253024232,3286029,zh,埃尔琴蒂内拉
253025618,3286047,zh,帕索德彼德拉
253047024,3286325,zh,洛斯索拉雷斯
253049103,3286352,zh,波多黎各德莱昂
253072896,3286661,zh,兰乔*埃尔*皮纳尔
253073204,3286665,zh,洛马德卡马雷纳
253078209,3286730,zh,穆卡图穆尼
253082444,3286785,zh,西里亚科·萨拉戈萨
253083291,3286796,zh,普拉塔纳里洛
253093994,3286935,zh,拉库查拉
253096612,3286969,zh,普拉亚埃尔纳兰霍
253103927,3287064,zh,圣何塞德尔亚诺
253113552,3287189,zh,托纳拉
253117787,3287244,zh,拉斯拉古尼塔斯
253127566,3287371,zh,埃尔卡扎瓜特
253130261,3287406,zh,帕拉伊索
253131108,3287417,zh,\N
253142581,3287566,zh,埃尔·卢塞罗·多斯
253144583,3287592,zh,阿尔塔米拉
253148510,3287643,zh,圣达菲
253149588,3287657,zh,拉斯阿米利亚斯
253151282,3287679,zh,埃尔·诺维洛（西蒙·贝尔马雷斯 饰）
253163140,3287833,zh,安东尼奥·鲁伊斯·冈萨雷斯二世
253163294,3287835,zh,圣阿玛利亚（何塞·曼努埃尔·帕拉西奥斯 饰）
253172457,3287954,zh,埃尔·博尔森
253198175,3288288,zh,阿尔托埃尔恩坎塔多
253202102,3288339,zh,洛斯芒果
253203488,3288357,zh,拉格林加
253207338,3288407,zh,兰乔*德*加莱戈
253215500,3288513,zh,圣胡安
253219350,3288563,zh,埃斯梅拉达
253220659,3288580,zh,马哈达·贝尼尼奥·克鲁兹
253227435,3288668,zh,\N
253228513,3288682,zh,埃吉多 旧金山
253229206,3288691,zh,格兰哈·埃斯佩兰萨（耶稣·穆尼奥斯 饰）
253229668,3288697,zh,阿马德奥牧场
253232902,3288739,zh,维加·德·奥塔特斯
253241141,3288846,zh,拉普埃爾塔
253242681,3288866,zh,拉帕拉帕
253242758,3288867,zh,天秤座
253252614,3288995,zh,卡沃内拉港
253254154,3289015,zh,特雷斯*普恩特斯
253260160,3289093,zh,雷亚尔
253260391,3289096,zh,巴勒扎
253265550,3289163,zh,韦尔格尔
253268784,3289205,zh,拉斯弗洛雷斯
253270863,3289232,zh,圣佩德罗巴琼
253284646,3289411,zh,新瓜達盧佩
253296889,3289570,zh,波爾凡尼爾
253299430,3289603,zh,帕里利亚二世
253309132,3289729,zh,华惠塔尔
253326765,3289958,zh,纳卡达德
253334234,3290055,zh,埃斯佩兰萨
253336390,3290083,zh,拉梅萨德圣安东尼奥
253340317,3290134,zh,卡納內阿
253365804,3290465,zh,泰特尔齐
253366651,3290476,zh,阿罗约·卡马伦
253390213,3290782,zh,阿布拉斯德尔科罗索
253397836,3290881,zh,加拿大拉普拉塔
253399453,3290902,zh,阿瓜普尔卡
253400608,3290917,zh,伊齐库罗
253424401,3291226,zh,萨波潘
253437876,3291401,zh,拉斯多斯埃佩兰萨斯
253439647,3291424,zh,福廷
253446962,3291519,zh,\N
253452198,3291587,zh,埃尔帕拉伊索
253456895,3291648,zh,洛马埃尔托罗
253467213,3291782,zh,埃尔亚基
253482305,3291978,zh,拉拉古尼塔
253482767,3291984,zh,圣朱利安德拉谢拉
253489697,3292074,zh,埃尔特贾班
253498706,3292191,zh,圣安东尼奥
253506868,3292297,zh,巴拉·德·奥斯蒂内斯
253509717,3292334,zh,拉斯克鲁塞斯
253510333,3292342,zh,圣佩德罗·德·瓜达卢佩
253520574,3292475,zh,韦塔莫
253525656,3292541,zh,\N
253529737,3292594,zh,洛斯乔博斯
253542134,3292755,zh,克丘莱诺
253546215,3292808,zh,埃尔雷希莱特
253559382,3292979,zh,阿罗约·洪多（拉斯克鲁塞斯）
253561769,3293010,zh,\N
253562231,3293016,zh,兰乔·本杰明·查韦斯·鲁伊斯
253570624,3293125,zh,\N
253587179,3293340,zh,埃尔梅兹奎特
253590644,3293385,zh,卡皮扎约
253594032,3293429,zh,埃尔多拉多
253596958,3293467,zh,戴安娜瓦内萨
253639770,3294023,zh,洛斯弗兰博亚内斯
253643081,3294066,zh,埃尔科莱托
253650858,3294167,zh,玻利瓦尔
253667413,3294382,zh,拉斯特兰卡斯
253669723,3294412,zh,圣朱莉娅（洛马·博尼塔）
253731708,3295217,zh,埃尔蒂迪奥
253731862,3295219,zh,拉斯维加斯
253751112,3295469,zh,拉弗龙特里塔
253752344,3295485,zh,拉耶尔巴布埃纳
253753499,3295500,zh,阿斯拉德罗埃尔塞雷诺
253756579,3295540,zh,特雷斯·布拉佐斯
253756887,3295544,zh,埃尔马赛科
253769361,3295706,zh,兰乔莫兰
253771825,3295738,zh,拉克布拉迪塔
253778832,3295829,zh,科罗拉多恩西诺
253779987,3295844,zh,埃尔卡普林
253780988,3295857,zh,拉斯莫尼卡斯
253803626,3296151,zh,埃尔塞雷佐
253816331,3296316,zh,洛斯奎西洛斯
253836890,3296583,zh,\N
253838122,3296599,zh,曼萨纳德尔库博
253841433,3296642,zh,埃尔森德罗
253843204,3296665,zh,龙舌兰酒
253844128,3296677,zh,埃爾普羅格雷索
253847285,3296718,zh,圣伊西德罗
253872233,3297042,zh,特松特佩克·德·阿尔达马
253877238,3297107,zh,阿罗约布兰科
253884707,3297204,zh,埃尔蒂格里托
253884861,3297206,zh,兰乔·埃尔南德斯·佩拉莱斯
253896796,3297361,zh,拉塞巴（埃塞奎尔特拉萨斯）
253907191,3297496,zh,拉科切拉
253911272,3297549,zh,洛斯奥加诺斯
253911965,3297558,zh,洛斯劳雷莱斯
253912504,3297565,zh,埃尔阿吉拉
253912889,3297570,zh,劳尔·奥尔特加·莫拉莱斯
253919434,3297655,zh,\N
253919588,3297657,zh,何塞·赫苏斯·洛佩斯·阿门塔
253924131,3297716,zh,丘拉维斯塔·多斯
253943073,3297962,zh,艾尔·纳兰霍（鲁道夫·阿尔瓦拉多 饰）
253944228,3297977,zh,拉帕拉帕多斯
253960244,3298185,zh,拉克鲁斯
253965249,3298250,zh,波菲里奥·特拉帕拉
253966481,3298266,zh,\N
253966558,3298267,zh,博卡托马
253974104,3298365,zh,埃尔帕尔米查尔
253980187,3298444,zh,内扎瓦尔科约特尔
253981650,3298463,zh,埃尔坎顿
253982497,3298474,zh,埃尔皮鲁尔
253983036,3298481,zh,拉克布拉奇塔
253993277,3298614,zh,聖馬丁河
253993662,3298619,zh,埃吉多·坦惠乔
253997974,3298675,zh,洛斯马南提亚莱斯
253999206,3298691,zh,塞昆迪诺·托雷斯（52 公里）
254002209,3298730,zh,洛马别哈
254004673,3298762,zh,圣玛丽亚
254004750,3298763,zh,埃尔帕拉莱罗
254007676,3298801,zh,坎波努梅罗昆斯
254008292,3298809,zh,圣菲勒蒙
254009678,3298827,zh,梅萨图尼奇
254019688,3298957,zh,洛斯卡多斯
254022460,3298993,zh,圣拉蒙
254041864,3299245,zh,兰乔门迪维尔
254046253,3299302,zh,埃尔索萨尔
254053799,3299400,zh,埃尔坎蒂尔
254053953,3299402,zh,埃尔凡多多
254055108,3299417,zh,埃尔瓦塔莫蒂托
254055878,3299427,zh,\N
254059497,3299474,zh,8公里
254072895,3299648,zh,蒙大拿州[美]
254120019,3300260,zh,埃米利亚诺·萨帕塔（拉斯瓦里利亚斯）
254126564,3300345,zh,科罗拉多州萨波特
254133494,3300435,zh,奥霍斯·内格罗斯
254133571,3300436,zh,拉巴兰卡
254147046,3300611,zh,牺牲
254151050,3300663,zh,彼德拉·桑塔
254156902,3300739,zh,拉拉古纳
254157441,3300746,zh,布里塞纳斯
254163447,3300824,zh,洪都拉斯
254199329,3301290,zh,圣安娜
254201331,3301316,zh,阿瓜萨卡
254229051,3301676,zh,洛斯德蒙特斯
254229128,3301677,zh,拉埃斯普埃拉
254261468,3302097,zh,德斯帕拉马德罗
254261699,3302100,zh,韦尔塔·埃米利亚诺·门迪奥拉
254309901,3302726,zh,帕拉乔
254312904,3302765,zh,埃尔卡里扎利洛
254312981,3302766,zh,埃尔纳兰贾尔
254328458,3302967,zh,\N
254348324,3303225,zh,架空道路
254350249,3303250,zh,玛丽亚·路易莎
254351173,3303262,zh,埃尔波韦尼尔 (埃尔阿拉莫)
254352636,3303281,zh,埃尔纳兰霍
254358488,3303357,zh,旧金山
254359104,3303365,zh,圣格特鲁迪斯
254372502,3303539,zh,聖克魯斯
254373195,3303548,zh,洛斯利莫内斯
254375813,3303582,zh,法尔达·德·波蒂略
254383205,3303678,zh,兰乔拉菲
254386439,3303720,zh,茶卡尔
254391752,3303789,zh,拉克鲁斯
254391906,3303791,zh,圣米格尔特诺奇蒂特兰
254399067,3303884,zh,圣罗莎芬卡
254401685,3303918,zh,拉莫莱斯
254407537,3303994,zh,圣胡安
254418779,3304140,zh,马拉维拉斯牧场（伊诺森西奥·马丁内斯 饰）
254419164,3304145,zh,埃尔维博东方
254420627,3304164,zh,拉彼德拉德尔帕德里
254428173,3304262,zh,埃尔卡卡瓦特
254432100,3304313,zh,拉帕萨迪塔
254435026,3304351,zh,格兰哈
254435103,3304352,zh,圣朱莉娅
254435180,3304353,zh,埃尔一旦
254436643,3304372,zh,兰乔埃尔波特雷罗
254463516,3304721,zh,埃尔巴松
254472140,3304833,zh,戈麦斯·法里亚斯
254507868,3305297,zh,圣拉斐尔
254511410,3305343,zh,温贝托·卢乔
254512026,3305351,zh,\N
254514413,3305382,zh,\N
254533817,3305634,zh,路易斯·卡马乔·阿门塔
254534279,3305640,zh,埃斯托阿潘
254544058,3305767,zh,埃尔绿洲
254548678,3305827,zh,科蒂哈
254571470,3306123,zh,圣费利佩
254579170,3306223,zh,洛斯古铁雷斯
254579632,3306229,zh,梅兹奎蒂略·特塞罗
254583097,3306274,zh,拉诺里亚
254584714,3306295,zh,\N
254589796,3306361,zh,埃尔罗西奥
254594801,3306426,zh,埃尔杰梅洛乌诺
254595340,3306433,zh,格兰哈莫雷洛斯
254596110,3306443,zh,胡安·安东尼奥·德·卢纳·阿塞维多（拉斯帕尔马斯牧场）
254606890,3306583,zh,\N
254610278,3306627,zh,\N
254610586,3306631,zh,兰乔柯林斯
254611125,3306638,zh,兰乔费尔南德斯
254611279,3306640,zh,\N
254612280,3306653,zh,拉洛马
254614590,3306683,zh,埃尔卡马里奥
254615976,3306701,zh,\N
254616669,3306710,zh,拉韦尔蒂塔·多斯
254616746,3306711,zh,奥霍·德·阿瓜
254619749,3306750,zh,\N
254622829,3306790,zh,旧金山德拉斯韦尔蒂塔斯
254653706,3307191,zh,阿尔贝托·维拉·阿里亚斯
254704526,3307851,zh,穆兹奎兹
254737405,3308278,zh,圣米格尔德尔阿尔托
254806782,3309179,zh,拉斯弗拉瓜斯
254816407,3309304,zh,洛斯·奥利沃斯（阿图罗·马丁内斯 饰）
254818948,3309337,zh,拉埃斯孔迪达德阿尔佐拉
254822105,3309378,zh,圣安东尼奥德拉斯特洛赫斯
254822875,3309388,zh,埃雷罗
254857217,3309834,zh,拉谢内加
254889018,3310247,zh,圣塞西莉亚
254897719,3310360,zh,克莱托
254897950,3310363,zh,新坎德拉里亚
254912657,3310554,zh,贝拉联盟
254929674,3310775,zh,\N
254958703,3311152,zh,洛斯萨波斯德阿巴霍
254963400,3311213,zh,埃尔韦因蒂努韦德阿戈斯托
255010678,3311827,zh,洛斯普拉多斯
255026848,3312037,zh,圣何塞科柳卡
255026925,3312038,zh,圣伊西德罗·科柳卡
255027233,3312042,zh,特科洛基略
255027926,3312051,zh,圣伊西德罗·阿托托尼尔科
255028311,3312056,zh,洛马阿尔塔
255031545,3312098,zh,\N
255031622,3312099,zh,坦胡科德尔卡门
255039014,3312195,zh,埃尔马卡普勒
255040708,3312217,zh,\N
255043634,3312255,zh,\N
255043788,3312257,zh,利蒙泰坦奇科
255056570,3312423,zh,圣佩德罗·帕雷德斯
255059265,3312458,zh,\N
255060574,3312475,zh,\N
255062730,3312503,zh,阿瓜德拉丘帕罗萨
255065194,3312535,zh,\N
255067735,3312568,zh,叶米拉
255078053,3312702,zh,拉卡帕
255079747,3312724,zh,拉伊格拉
255080363,3312732,zh,埃尔德斯坎索
255100152,3312989,zh,圣哈辛托
255113473,3313162,zh,圣多明各德尔里奥
255116784,3313205,zh,圣佩德罗·惠茨基利科
255118555,3313228,zh,圣佩德罗卡普拉
255121866,3313271,zh,\N
255124176,3313301,zh,拉斯努埃塞斯
255124715,3313308,zh,\N
255124946,3313311,zh,春恩岑·多斯·努埃韦
255125100,3313313,zh,\N
255125716,3313321,zh,埃吉多·卡尔梅卡约
255127025,3313338,zh,埃尔*奇约尔
255127102,3313339,zh,特内克索
255133339,3313420,zh,库米拉
255133647,3313424,zh,\N
255134879,3313440,zh,特拉马萨克
255135187,3313444,zh,别霍*阿托科
255137343,3313472,zh,拉斯卡兰德里亚斯
255144812,3313569,zh,米娜·弗里亚
255148970,3313623,zh,聖洛倫索
255150356,3313641,zh,拉利伯塔德
255157517,3313734,zh,圣西蒙阿兹辛特拉
255159134,3313755,zh,圣胡安图斯科
255165063,3313832,zh,可可酮
255171531,3313916,zh,旧金山
255179308,3314017,zh,\N
255181618,3314047,zh,聖胡安
255187778,3314127,zh,阿察夸尔科
255188548,3314137,zh,奥科特兰·特帕特拉斯科
255198635,3314268,zh,玛雅·特昆二世
255198712,3314269,zh,玛雅·特昆一号
255206027,3314364,zh,圣卢西亚
255207875,3314388,zh,拉斯丽莎
255210031,3314416,zh,圣胡安德拉斯克鲁塞斯
255219733,3314542,zh,圣皮拉尔
255233747,3314724,zh,圣埃米利奥
255234363,3314732,zh,埃尔贾卡尔
255239214,3314795,zh,桑坦德银行
255239368,3314797,zh,新坎佩切州
255241139,3314820,zh,拉哈西恩迪塔
255242140,3314833,zh,奥米基拉
255244450,3314863,zh,埃尔迪亚曼特
255251996,3314961,zh,达克斯塔
255252535,3314968,zh,埃尔帕索·德·阿玛雅克
255252997,3314974,zh,德维亚西翁·法拉隆·蒂纳吉塔斯
255255769,3315010,zh,林康西托
255264701,3315126,zh,坎波·梅诺尼塔·努梅罗·一次
255264778,3315127,zh,坎波·梅诺尼塔·努梅罗·一次
255264855,3315128,zh,坎波·梅诺尼塔·努梅罗·迪兹
255265856,3315141,zh,坎波·梅诺尼塔·努梅罗·乌诺
255265933,3315142,zh,坎波*梅诺尼塔*努梅罗*夸特罗
255266010,3315143,zh,坎波梅诺尼塔号码
255266087,3315144,zh,\N
255266164,3315145,zh,坎波·梅诺尼塔·努梅罗·塞斯
255266241,3315146,zh,基度山
255267011,3315156,zh,新特立尼达岛
255267627,3315164,zh,\N
255270168,3315197,zh,埃尔·德克西·阿尔贝托
255270784,3315205,zh,拉洛马普韦布洛努埃沃
255270861,3315206,zh,贾维·卡普拉
255270938,3315207,zh,拉韦尔塔卡普拉
255271323,3315212,zh,博基利亚斯
255274018,3315247,zh,西提
255275250,3315263,zh,林孔德帕特拉纳兰
255276328,3315277,zh,圣马丁科马拉帕
255277175,3315288,zh,特奥卡尔科
255277252,3315289,zh,圣何塞特拉佩克斯卡特
255278022,3315299,zh,埃斯塔西翁*查瓦里洛
255278715,3315308,zh,圣米格尔·阿约特拉
255278869,3315310,zh,伊斯塔克佐奎特拉
255279254,3315315,zh,蜂蜜
255279408,3315317,zh,新内卡萨
255279562,3315319,zh,特佐基帕
255281564,3315345,zh,旧金山阿尔吉布斯
255281872,3315349,zh,圣费利佩
255282334,3315355,zh,拉斐尔·阿维拉·卡马乔
255284875,3315388,zh,布埃纳维斯塔
255286954,3315415,zh,纳兰霍第二
255287647,3315424,zh,桑吉胡埃拉斯
255288340,3315433,zh,特内克萨帕·德·阿苏埃塔
255289341,3315446,zh,圣米格尔蒂拉帕
255290958,3315467,zh,鲁库扬楚楚特
255291343,3315472,zh,塔瓦克斯尼苏尔
255291497,3315474,zh,阿纳亚尔*努梅罗*多斯
255291882,3315479,zh,埃斯皮纳尔
255292190,3315483,zh,布埃纳维斯塔
255292575,3315488,zh,特佩蒂坦·萨卡蒂潘
255294808,3315517,zh,拉福尔图纳
255296425,3315538,zh,基亚蒂潘
255297349,3315550,zh,曼戈卡蒂特拉
255304433,3315642,zh,圣玛丽亚
255311286,3315731,zh,特克索帕
255311902,3315739,zh,拉特罗耶
255333077,3316014,zh,库比里·德拉·洛马
255334617,3316034,zh,埃尔科约尔 旧金山
255337851,3316076,zh,奥坎波别墅
255339545,3316098,zh,阿瓜德尔加达（洛斯拉尼托斯）
255339699,3316100,zh,阿玛蒂特拉·圣地亚哥
255339776,3316101,zh,夸亚帕塔曼
255339853,3316102,zh,阿玛蒂特拉·塔曼
255342779,3316140,zh,洛斯阿尔戈多内斯
255368651,3316476,zh,曼萨纳德尔库博
255370037,3316494,zh,埃吉多蒙特格兰德
255371577,3316514,zh,拉科拉拉
255373271,3316536,zh,帕米塔尔圣洛伦索
255377660,3316593,zh,科罗拉多州帕索
255402916,3316921,zh,拉斯戈迪塔斯
255404456,3316941,zh,拉斯乔伊塔斯
255405842,3316959,zh,彼德拉斯
255406766,3316971,zh,梅斯卡拉
255409538,3317007,zh,拉埃爾米塔
255412310,3317043,zh,圣安东尼奥
255414928,3317077,zh,埃吉多·德尔·帕利扎尔
255415005,3317078,zh,\N
255415313,3317082,zh,埃吉多·圣佩德里托
255416545,3317098,zh,拉普罗维登西亚
255422474,3317175,zh,塞罗*莫贾拉
255422859,3317180,zh,新卡莱里亚
255424784,3317205,zh,圣特雷莎帕帕洛潘
255425015,3317208,zh,圣罗莎帕帕洛潘
255427787,3317244,zh,拉加莱拉
255435872,3317349,zh,德克萨尔潘·德·阿瓦霍
255435949,3317350,zh,塞罗*阿马里洛*德*阿巴霍
255436180,3317353,zh,郊狼
255436411,3317356,zh,塞瓦迪拉·格兰德
255441878,3317427,zh,阿苏埃塔别墅
255445343,3317472,zh,埃尔*劳雷尔*维霍
255446036,3317481,zh,老夸托托拉潘
255449732,3317529,zh,埃尔韦纳多
255452350,3317563,zh,埃吉多·库特莫钦
255453351,3317576,zh,\N
255453967,3317584,zh,因赫尼奥·贝尼托·胡亚雷斯总统
255462129,3317690,zh,阿罗约祖祖勒
255463669,3317710,zh,埃尔南扎尔
255464131,3317716,zh,\N
255464593,3317722,zh,埃尔帕拉伊索
255466595,3317748,zh,阿霍纳
255470445,3317798,zh,拉普罗维登西亚
255471061,3317806,zh,埃尔霍米贡
255472447,3317824,zh,森托*穆奎尔
255472678,3317827,zh,\N
255472832,3317829,zh,纳多·布埃纳维斯塔
255472909,3317830,zh,圣卢卡斯托托马洛亚
255472986,3317831,zh,拉马格达莱纳莫雷洛斯
255473063,3317832,zh,拉马格达莱纳莫雷洛斯
255473140,3317833,zh,新圣米格尔阿莫特佩克
255473294,3317835,zh,阿韦特利克斯帕
255473371,3317836,zh,圣胡安托托辛特拉
255473756,3317841,zh,圣埃斯特班·泰克蒂特兰
255473833,3317842,zh,拉曼科纳达
255473910,3317843,zh,拉曼科纳达
255474141,3317846,zh,圣何塞奇南特奎利亚
255474295,3317848,zh,帕尔马·阿基切·普里梅罗
255474372,3317849,zh,\N
255474603,3317852,zh,\N
255474834,3317855,zh,埃尔尼格罗曼特
255474911,3317856,zh,圣卢卡斯
255474988,3317857,zh,朱阿马夫
255475142,3317859,zh,新孔华斯
255475219,3317860,zh,圣卢卡斯阿托亚基略
255475296,3317861,zh,\N
255475681,3317866,zh,\N
255476913,3317882,zh,埃尔卡洪德皮亚斯特拉
255483073,3317962,zh,埃尔波韦尼尔
255486923,3318012,zh,埃尔帕尔马
255503555,3318228,zh,拉斯卡苏利塔斯
255505480,3318253,zh,车库
255505942,3318259,zh,卡平特罗
255506558,3318267,zh,埃尔库埃尼托
255507020,3318273,zh,拉斯塔特马斯德阿瓦霍
255507636,3318281,zh,埃尔蒂罗
255514643,3318372,zh,兰乔布兰科
255521496,3318461,zh,拉梅萨德洛斯内格罗斯
255523190,3318483,zh,埃尔奥霍德阿瓜
255523575,3318488,zh,洛斯阿拉莫斯
255530274,3318575,zh,\N
255530890,3318583,zh,圣塞西利亚
255532815,3318608,zh,拉谢内加
255534355,3318628,zh,拉霍亚·克马达
255534663,3318632,zh,埃斯帕达纳尔德圣热罗尼莫
255536742,3318659,zh,拉梅萨巴拉哈斯
255539745,3318698,zh,拉古纳德尔图拉
255544442,3318759,zh,兰乔·唐·爱德华多
255545058,3318767,zh,埃尔皮诺
255548523,3318812,zh,玉兰属
255548677,3318814,zh,拉柯瓦
255550602,3318839,zh,兰乔*德*米格尔
255551218,3318847,zh,洛马·阿尔塔·德·唐·马里亚诺
255552373,3318862,zh,拉科尔梅纳
255552527,3318864,zh,拉斯帕尔马斯
255552604,3318865,zh,拉斯南奇斯
255552681,3318866,zh,埃尔佩里科
255552758,3318867,zh,奇维里科克
255556685,3318918,zh,埃尔奥洛特
255558302,3318939,zh,新坎波阿尔托
255560304,3318965,zh,哈巴尔·德·科帕拉
255561844,3318985,zh,基里莫洛斯
255565078,3319027,zh,奇克里托斯
255568620,3319073,zh,洛斯特帕尔卡特斯
255569236,3319081,zh,拉康塞普西翁
255570314,3319095,zh,旧金山德奥加诺斯
255578476,3319201,zh,埃尔卡普勒
255584790,3319283,zh,\N
255584867,3319284,zh,尤马
255585021,3319286,zh,塞里托
255586176,3319301,zh,拉维因蒂辛科
255586561,3319306,zh,撒玛利亚
255587254,3319315,zh,凯曼西托*维霍
255588178,3319327,zh,拉格兰哈
255588332,3319329,zh,拉格兰哈
255588486,3319331,zh,圣米格尔德拉赫拉杜拉
255588871,3319336,zh,帕尔马戈尔达
255590257,3319354,zh,圣朱利安
255590873,3319362,zh,雷帕里托斯
255590950,3319363,zh,拉普伦萨
255591027,3319364,zh,圣洛伦索·德·卡德纳斯·冈萨雷斯
255591104,3319365,zh,埃尔帕托
255591335,3319368,zh,埃尔帕尔米托
255591566,3319371,zh,埃尔华拉切
255591720,3319373,zh,埃尔阿科
255591797,3319374,zh,内格里托牧场
255591874,3319375,zh,萨波特·德·阿吉雷
255591951,3319376,zh,拉埃斯特雷拉
255592490,3319383,zh,埃尔加洛
255593876,3319401,zh,查拉特
255594030,3319403,zh,奎瓦·罗诺萨
255594107,3319404,zh,拉奎瓦德尔帕纳德罗
255594569,3319410,zh,\N
255595031,3319416,zh,兰乔阿波罗尼奥
255595416,3319421,zh,奥通特佩克
255596263,3319432,zh,埃尔阿利扎尔
255596417,3319434,zh,拉斯加利纳斯
255600421,3319486,zh,洛斯托沃斯
255601499,3319500,zh,拉斯容蒂塔斯
255601730,3319503,zh,拉斯吉他拉斯
255601807,3319504,zh,曼西拉斯
255603578,3319527,zh,瓜洛里亚斯
255603732,3319529,zh,阿罗约德尔阿瓜
255604040,3319533,zh,拉布埃纳维斯塔
255605118,3319547,zh,洛斯阿米莱斯
255605272,3319549,zh,埃尔阿瓜卡连特
255606119,3319560,zh,埃尔拉尼托
255606812,3319569,zh,波索·德·洛雷托·多斯
255606889,3319570,zh,圣米格尔特诺奇蒂特兰
255606966,3319571,zh,圣莫尼卡
255607043,3319572,zh,兰乔费尔南德斯
255607120,3319573,zh,迈阿密兰乔
255607197,3319574,zh,兰乔卢纳
255607274,3319575,zh,拉洛马普列塔
255607428,3319577,zh,圣卡洛斯
255607505,3319578,zh,埃尔·卡登查尔
255607582,3319579,zh,埃尔雷利托
255607659,3319580,zh,埃尔奥吉托
255607736,3319581,zh,博基利亚斯
255612202,3319639,zh,聖胡安
255627448,3319837,zh,洛斯奥加诺斯圣婴
255629373,3319862,zh,埃斯塔西翁*维森特*格雷罗
255631914,3319895,zh,埃尔维韦罗
255635764,3319945,zh,阿瓜阿塞达
255641000,3320013,zh,穆鲁阿塔
255647237,3320094,zh,拉科弗拉迪亚
255668566,3320371,zh,卡马乔·德阿里巴
255669490,3320383,zh,阿巴霍的圣米格尔·德拉斯·马拉维拉斯
255671338,3320407,zh,\N
255675342,3320459,zh,\N
255681579,3320540,zh,拉霍亚
255685814,3320595,zh,康塞普西翁·里维拉
255696132,3320729,zh,阿梅卡*埃尔*别霍
255701445,3320798,zh,法布里卡·德·瓜达卢佩
255703524,3320825,zh,洛斯特科洛特斯
255708606,3320891,zh,拉拉古纳
255713765,3320958,zh,\N
255715382,3320979,zh,圣安娜德阿瓦霍
255727163,3321132,zh,\N
255730012,3321169,zh,埃尔诺加利托
255735787,3321244,zh,埃尔萨利特拉尔
255737096,3321261,zh,拉特罗吉塔
255759272,3321549,zh,圣克鲁斯
255775211,3321756,zh,萨波蒂托斯
255776058,3321767,zh,奇马尔泰坦
255781140,3321833,zh,圣何塞
255781525,3321838,zh,拉塔贝尔纳
255781602,3321839,zh,拉米萨阿尔塔
255781679,3321840,zh,埃尔皮诺
255781756,3321841,zh,科罗拉多州拉皮拉
255781910,3321843,zh,埃尔皮诺
255782141,3321846,zh,拉米萨
255782218,3321847,zh,拉普雷萨
255783296,3321861,zh,皮库达斯德阿里巴
255783373,3321862,zh,拉乌瓦
255783450,3321863,zh,旧金山
255783527,3321864,zh,旧金山
255783681,3321866,zh,塔皮亚·科罗拉达
255783758,3321867,zh,马格耶斯
255783835,3321868,zh,拉昆布雷
255783989,3321870,zh,戈特拉斯
255785529,3321890,zh,拉斯卡萨斯德拉普雷萨
255785760,3321893,zh,埃尔*乔里托
255785837,3321894,zh,阿罗约德尔特科洛特
255786068,3321897,zh,埃尔巴吉奥
255786222,3321899,zh,伊达尔戈州科拉莱霍
255786299,3321900,zh,\N
255786376,3321901,zh,拉诺*德尔*阿蒂斯塔
255786453,3321902,zh,巴希奥·德保拉斯
255787685,3321918,zh,梅萨德巴贝基托斯
255787762,3321919,zh,拉斯米纳斯
255787839,3321920,zh,拉古尼利亚
255789071,3321936,zh,拉斯加勒拉斯
255789302,3321939,zh,恩西尼利亚斯
255789456,3321941,zh,拉古纳拉加
255790226,3321951,zh,拉斯莫尼卡斯
255790457,3321954,zh,圣安东尼奥马图特
255790534,3321955,zh,阿卡斯波莱斯
255790842,3321959,zh,萨利纳斯
255791458,3321967,zh,埃尔莫拉利洛
255792228,3321977,zh,埃尔皮尼托
255792382,3321979,zh,埃尔库阿特
255792536,3321981,zh,圣安东尼奥
255792613,3321982,zh,圣安东尼奥
255792998,3321987,zh,旧金山避难所
255793999,3322000,zh,埃尔特刚果
255794230,3322003,zh,拉拉古纳
255795154,3322015,zh,巴兰卡·普列塔
255795924,3322025,zh,兰乔维耶霍
255796848,3322037,zh,洛斯普兰斯
255797079,3322040,zh,梅萨·德·拉米雷斯
255797772,3322049,zh,埃尔瓦拉尔
255798465,3322058,zh,霍约利斯尔
255798696,3322061,zh,埃尔贝拉科
255799081,3322066,zh,帕贾里托斯
255799466,3322071,zh,阿塔斯卡德罗
255799774,3322075,zh,埃尔苏尔科
255800159,3322080,zh,洛斯杜兰
255801622,3322099,zh,埃尔林孔
255802007,3322104,zh,洛斯阿利索斯
255802238,3322107,zh,阿巴霍河畔巴兰基塔
255802315,3322108,zh,埃尔兰奇托
255802777,3322114,zh,拉坎特拉
255802854,3322115,zh,洛斯紹塞斯
255802931,3322116,zh,洛斯酱料
255803701,3322126,zh,拉阿贝吉塔
255803932,3322129,zh,唐·马丁
255804009,3322130,zh,拉米罗·查韦斯·阿纳亚
255804086,3322131,zh,拉斯托尔图加斯
255804317,3322134,zh,拉马加达
255804702,3322139,zh,塔塔尔特佩克·德·巴尔德斯
255804856,3322141,zh,洛斯利莫内斯
255805780,3322153,zh,埃尔萨尔托德尔博雷戈
255806781,3322166,zh,基林古卡斯
255808475,3322188,zh,埃尔恩西纳尔
255808629,3322190,zh,埃尔西里安
255809091,3322196,zh,波特雷里略斯
255809245,3322198,zh,拉卡皮亞
255810477,3322214,zh,埃尔科阿坦特
255810631,3322216,zh,帕洛·普列托
255831652,3322489,zh,\N
255831806,3322491,zh,圣丽塔普里梅拉
255836734,3322555,zh,圣胡安·特卡里奥
255836811,3322556,zh,圣拉斐尔·特卡里奥
255845820,3322673,zh,拉廷加
255855291,3322796,zh,喜瑞都
255856754,3322815,zh,拉斯帕罗塔斯
255857909,3322830,zh,圣何塞德拉斯西德拉斯
255860835,3322868,zh,拉斯查兰达斯
255862144,3322885,zh,洛斯贾巴林斯
255862221,3322886,zh,圣诞老人玛丽亚斯
255864916,3322921,zh,库林达利托
255865301,3322926,zh,埃尔帕林格
255866225,3322938,zh,埃尔阿瓜卡特
255866302,3322939,zh,庫埃納瓦卡
255867303,3322952,zh,埃尔阿拉扬
255868073,3322962,zh,埃尔瓜亚沃
255869459,3322980,zh,贾兹敏
255869613,3322982,zh,卡萨斯维耶哈斯
255869690,3322983,zh,科利馬州
255870768,3322997,zh,瓜若洛特
255870845,3322998,zh,埃尔普拉塔诺
255870922,3322999,zh,拉斯皮纳斯
255871307,3323004,zh,阿瓜本迪塔
255872231,3323016,zh,埃尔乌热
255872539,3323020,zh,桑吉里奥
255875003,3323052,zh,梅萨德尔库伊斯勒
255876620,3323073,zh,洛斯奎塔塞斯
255878391,3323096,zh,埃尔奇科
255878853,3323102,zh,埃尔科约尔
255879623,3323112,zh,西纳瓜
255879700,3323113,zh,科弗拉迪亚·德·阿库约
255879854,3323115,zh,利蒙西托
255879931,3323116,zh,圣拉斐尔
255880316,3323121,zh,拉维纳塔
255880624,3323125,zh,埃尔卡梅兹
255880778,3323127,zh,埃尔平赞
255880932,3323129,zh,埃尔瓜亚比托
255881240,3323133,zh,卡拉松巴皮奥
255881702,3323139,zh,布埃纳维斯塔
255881779,3323140,zh,\N
255882626,3323151,zh,拉克鲁斯港
255883165,3323158,zh,埃尔夸希洛特
255883627,3323164,zh,拉帕爾馬島
255884474,3323175,zh,埃尔恩西诺
255884936,3323181,zh,拉斯德利西亚斯
255895485,3323318,zh,加利阿纳·德·阿瓦霍
255923975,3323688,zh,卡拉克穆尔
255933908,3323817,zh,阿布拉斯德尔科罗索
255934062,3323819,zh,新阿根廷
255934986,3323831,zh,埃尔奥科塔尔
255935987,3323844,zh,\N
255937065,3323858,zh,聖米格爾河
255937373,3323862,zh,圣豪尔赫
255937604,3323865,zh,拉斯佩纳斯
255938143,3323872,zh,埃尔维拉诺
255938682,3323879,zh,拉拉古纳
255939144,3323885,zh,\N
255941762,3323919,zh,拉博德加
255941839,3323920,zh,拉斯科托拉斯
255941916,3323921,zh,圣米格尔德尔萨波特
255942070,3323923,zh,拉索莱达
255942147,3323924,zh,埃尔加多
255942532,3323929,zh,圣安东尼奥
255943148,3323937,zh,多洛雷斯一世
255943225,3323938,zh,圣罗莎
255943302,3323939,zh,卢斯*德拉斯*埃斯特雷拉斯
255943379,3323940,zh,胡安·德拉卡巴达·维拉
255943456,3323941,zh,拉弗洛尔
255943687,3323944,zh,贾尔特南吉略
255944226,3323951,zh,恶魔岛
255944534,3323955,zh,苏努阿帕
255944611,3323956,zh,洛马德尔托罗
255945227,3323964,zh,拉拉古尼塔
255945766,3323971,zh,伊达尔戈州科拉莱霍
255946613,3323982,zh,波特雷罗德阿里巴
255947075,3323988,zh,埃尔林孔
255947306,3323991,zh,埃尔德斯蒙特
255947383,3323992,zh,埃尔索兹·德·洛斯·埃尔南德斯
255948692,3324009,zh,拉梅萨德阿永
255948769,3324010,zh,拉斯乔伊塔斯
255948846,3324011,zh,埃尔阿瓜卡特
255949000,3324013,zh,梅萨德皮诺斯
255949770,3324023,zh,洛斯利里奥斯
255955930,3324103,zh,拉塔贝尔纳
255959241,3324146,zh,漫画拉布拉
255964323,3324212,zh,埃尔奇基维特
255970483,3324292,zh,拉惠兹利特拉
255970791,3324296,zh,洛斯查科斯
255976874,3324375,zh,拉古尼利亚斯德阿约蒂特兰
255982572,3324449,zh,洛斯坎塔罗斯
255982649,3324450,zh,埃尔波多黎各
255982880,3324453,zh,拉霍亚
255983188,3324457,zh,洛斯普拉雷斯
255983265,3324458,zh,拉斯维加斯塔布拉斯
255983342,3324459,zh,拉岛
255984189,3324470,zh,洛斯塔巴基托斯
255984497,3324474,zh,拉帕尔梅拉
255984882,3324479,zh,拉布尔萨
255985113,3324482,zh,洛斯巴贝科斯
255985267,3324484,zh,洛斯特佩瓜赫斯
255986807,3324504,zh,拉帕爾馬島
255987038,3324507,zh,伊索尔迪亚
255987192,3324509,zh,拉塔夸切拉
255987654,3324515,zh,埃尔贾吉
255988193,3324522,zh,聖洛倫索
255989348,3324537,zh,拉赫拉杜拉
255989425,3324538,zh,圣何塞
255991350,3324563,zh,拉索莱达
255991504,3324565,zh,聖米格爾河
255991735,3324568,zh,拉康塞普西翁
255991812,3324569,zh,布埃纳维斯塔
255991889,3324570,zh,洛斯特科洛特斯
255992120,3324573,zh,拉帕拉
255992505,3324578,zh,埃斯梅拉達
255992582,3324579,zh,埃斯梅拉达
255992890,3324583,zh,圣伊西德罗
255992967,3324584,zh,洛斯杜拉兹诺斯
255993121,3324586,zh,罗查
255993429,3324590,zh,圣费利佩
255993968,3324597,zh,圣特雷莎
255994199,3324600,zh,贝塔尼亚
255994430,3324603,zh,圣拉斐尔
255994507,3324604,zh,埃尔塞德罗
255994584,3324605,zh,富恩特斯
255995046,3324611,zh,拉斯阿尼马斯
255995123,3324612,zh,埃尔波罗
255995200,3324613,zh,洛斯贝伦西托斯
255995354,3324615,zh,拉洛马
255995431,3324616,zh,帕塔斯·莫哈达斯
255995585,3324618,zh,埃尔奇波蒂托
255995662,3324619,zh,拉普里西玛
255995739,3324620,zh,埃尔扎加尔
255996278,3324627,zh,埃尔博雷戈
255996509,3324630,zh,吉伦巴
255996586,3324631,zh,拉康菲特拉
255996663,3324632,zh,泽佩兰
255996740,3324633,zh,拉卡乔拉
255996817,3324634,zh,拉曼恰
255996894,3324635,zh,埃尔奥塔蒂托
255997125,3324638,zh,埃尔维霍港
255997818,3324647,zh,埃尔萨利特罗
255998203,3324652,zh,布林科德尔阿瓜
255998357,3324654,zh,\N
255998511,3324656,zh,巴兰卡·普列塔
255998588,3324657,zh,埃斯克里巴诺
255998665,3324658,zh,彼德拉·阿马里拉
255998896,3324661,zh,埃尔普拉塔纳尔
255998973,3324662,zh,加纳迪略
255999050,3324663,zh,马库蒂拉
255999127,3324664,zh,埃尔*伊瓜尔
255999281,3324666,zh,阿瓜·莫拉莱斯
255999512,3324669,zh,埃尔柠檬西托
255999743,3324672,zh,拉卡雷塔
256000051,3324676,zh,埃尔雷莫利诺
256000205,3324678,zh,拉布尔萨
256004132,3324729,zh,圣巴巴拉
256004979,3324740,zh,埃尔帕雷霍
256005056,3324741,zh,萨尔维亚尔
256005133,3324742,zh,阿尔基米奇
256005903,3324752,zh,拉哈西恩迪塔
256006134,3324755,zh,卡洪佛得角
256008521,3324786,zh,埃尔卡普林
256008829,3324790,zh,埃尔巴奎诺
256008983,3324792,zh,华雷斯别墅
256009137,3324794,zh,洛斯赞琼斯
256009214,3324795,zh,拉斯克鲁塞斯
256009522,3324799,zh,洛斯阿米莱斯
256009599,3324800,zh,埃尔惠吉拉卡特
256010908,3324817,zh,加拿大
256011447,3324824,zh,埃尔碳
256011909,3324830,zh,拉贝塞拉
256016606,3324891,zh,拉斯乌纳斯德加托
256017068,3324897,zh,埃尔·波特苏埃洛
256017145,3324898,zh,塞拉赫莫萨
256017992,3324909,zh,洛斯萨波特斯
256018069,3324910,zh,拉古纳德尔卡米钦
256018916,3324921,zh,埃尔塞里托德尔奎斯
256021149,3324950,zh,拉坎帕纳
256028618,3325047,zh,埃尔波多黎各
256058725,3325438,zh,阿卡瓦托的拉普雷萨
256069274,3325575,zh,兰乔维耶霍
256076281,3325666,zh,埃斯坦西亚德沃克罗斯
256079361,3325706,zh,拉瓜达卢佩德尔科布尔
256093914,3325895,zh,林孔德尔瓜亚巴尔
256098072,3325949,zh,圣胡安第二
256099304,3325965,zh,圣安东尼奥普里梅罗
256100074,3325975,zh,图利略·德·阿瓦霍
256100305,3325978,zh,埃尔波索布兰科德加洛莫
256100382,3325979,zh,埃尔塞里托·德·加洛莫
256100536,3325981,zh,洛斯维加德阿里巴
256101229,3325990,zh,洛马德洛斯泰雷罗斯
256101537,3325994,zh,圣瓦伦特
256102461,3326006,zh,法哈多·德坦布拉
256103231,3326016,zh,\N
256103539,3326020,zh,奥霍·德·阿瓜·德·奥苏纳
256103770,3326023,zh,\N
256105464,3326045,zh,萨波特·德拉·埃斯佩兰萨
256106465,3326058,zh,诺里亚·德·蒙吉亚
256106619,3326060,zh,圣何塞德拉拉古纳
256107620,3326073,zh,埃尔韦纳多德约斯蒂罗
256107774,3326075,zh,\N
256107851,3326076,zh,瓦伦西亚·德·约斯蒂罗
256108236,3326081,zh,圣米格尔德尔布雷特
256108621,3326086,zh,杜拉内斯·德·阿瓦霍
256109083,3326092,zh,科洛尼亚*特雷斯*德胡里奥
256122019,3326260,zh,圣维森特德马尔瓦斯
256122789,3326270,zh,旧金山
256123251,3326276,zh,圣拉斐尔·德·乌鲁埃塔罗
256124714,3326295,zh,奥霍·德·阿瓜·德尔·卡里萨尔
256126639,3326320,zh,圣安东尼奥德拉斯马拉维拉斯
256127255,3326328,zh,圣拉斐尔·德·尤斯蒂斯
256128487,3326344,zh,圣胡安德尔拉尼托
256128564,3326345,zh,圣胡安德尔拉尼托
256129565,3326358,zh,圣何塞德洛斯奥尔维拉
256129796,3326361,zh,兰乔门查卡
256129950,3326363,zh,\N
