id,country,region,name,native_name,population,status,native_status,timezone_utc,timezone_iana
295936,BY,BY-BR,Skarchevo,Скарчава,114,4,village,UTC+3,Europe/Minsk
295941,BY,BY-HR,Indura,Індура,1472,4,village,UTC+3,Europe/Minsk
295942,BY,BY-MA,Gavrilovka,Gavrilovka,1096,3,Neighborhood,UTC+3,Europe/Minsk
295943,BY,BY-HO,Balazhevichi,Балажэвічы,171,4,locality,UTC+3,Europe/Minsk
295946,BY,BY-HR,Skidel',Скідаль,10168,3,locality,UTC+3,Europe/Minsk
295948,BY,BY-HO,Usokhskaya Buda,Усохская Буда,471,3,locality,UTC+3,Europe/Minsk
295950,BY,BY-MI,Mikolce,Мікольцы,116,4,locality,UTC+3,Europe/Minsk
295956,BY,BY-HO,Zyatkovichi,Зяткавічы,140,4,locality,UTC+3,Europe/Minsk
295957,BY,BY-HO,Zyabrovka,Зябраўка,764,4,village,UTC+3,Europe/Minsk
295959,BY,BY-VI,Zyabliny,Zyabliny,1668,3,Neighborhood,UTC+3,Europe/Minsk
295960,BY,BY-VI,Zyabki,Зябкі,292,3,locality,UTC+3,Europe/Minsk
295962,BY,\N,Zvyagi,Zvyagi,4935,3,Neighborhood,UTC+3,Europe/Minsk
295963,BY,BY-HO,Zvanyets,Званец,660,3,Neighborhood,UTC+3,Europe/Minsk
295964,BY,BY-VI,Zvon',Звонь,784,3,Village,UTC+3,Europe/Minsk
295967,BY,BY-HO,Zvenyatskoye,Звяняцкае,109,4,locality,UTC+3,Europe/Minsk
295968,BY,BY-MA,Zvyanchatka,Звянчатка,437,3,locality,UTC+3,Europe/Minsk
295975,BY,BY-VI,Zubrevichi,Зубрэвічы,453,3,locality,UTC+3,Europe/Minsk
295977,BY,BY-VI,Zubovo,Зубава,502,3,locality,UTC+3,Europe/Minsk
295979,BY,BY-MI,Zubki,Зубкі,570,4,village,UTC+3,Europe/Minsk
295980,BY,BY-BR,Zubelevichi,Зубелевічы,406,4,village,UTC+3,Europe/Minsk
295982,BY,\N,Zubarevshchina,Zubarevshchina,16747,3,City,UTC+3,Europe/Minsk
295986,BY,BY-HO,Zasintsy,Засінцы,322,4,village,UTC+3,Europe/Minsk
295989,BY,BY-MA,Zori,Зоры,1631,3,Neighborhood,UTC+3,Europe/Minsk
295990,BY,BY-HR,Zenyuki,Зенюкі,156,4,locality,UTC+3,Europe/Minsk
295992,BY,BY-HO,Zalatukha,Залатуха,667,3,locality,UTC+3,Europe/Minsk
295995,BY,BY-HR,Zoloteyevo,Золотеево,313,3,locality,UTC+3,Europe/Minsk
295997,BY,BY-BR,Znamenka,Знаменка,1324,3,locality,UTC+3,Europe/Minsk
296001,BY,BY-BR,Zinovichi,Зіновічы,184,4,locality,UTC+3,Europe/Minsk
296004,BY,\N,Zimnitskiye,Zimnitskiye,259,4,village,UTC+3,Europe/Minsk
296010,BY,BY-BR,Zhichin,Жычын,132,4,village,UTC+3,Europe/Minsk
296013,BY,BY-MI,Zhurovka,Журоўка,149,4,village,UTC+3,Europe/Minsk
296014,BY,BY-MI,Zhurikhi,Журыхі,272,3,locality,UTC+3,Europe/Minsk
296015,BY,BY-MI,Zhurevichi,Журэвічы,558,3,Village,UTC+3,Europe/Minsk
296018,BY,BY-MI,Zhuravy,Журавы,122,4,village,UTC+3,Europe/Minsk
296023,BY,BY-HO,Zhuravichy,Журавічы,1207,3,Neighborhood,UTC+3,Europe/Minsk
296026,BY,BY-BR,Zhuravok,Журавок,94,4,locality,UTC+3,Europe/Minsk
296027,BY,BY-HR,Zuprany,Жупраны,733,4,village,UTC+3,Europe/Minsk
296032,BY,BY-VI,Zhukovshchina,Жукоўшчына,177,4,locality,UTC+3,Europe/Minsk
296033,BY,BY-VI,Zhukovo,Zhukovo,1202,3,Neighborhood,UTC+3,Europe/Minsk
296045,BY,BY-VI,Zhuknyeva,Жукнева,251,3,locality,UTC+3,Europe/Minsk
296050,BY,BY-HR,Zhukevichi,Жукевічы,250,4,village,UTC+3,Europe/Minsk
296051,BY,BY-HR,Zubrovo,Zubrovo,827,3,Neighborhood,UTC+3,Europe/Minsk
296052,BY,BY-VI,Zhovnino,Жоўніна,114,4,village,UTC+3,Europe/Minsk
296054,BY,BY-MI,Zhortay,Жортай,248,4,village,UTC+3,Europe/Minsk
296056,BY,BY-MI,Zhornawka,Жорнаўка,288,3,locality,UTC+3,Europe/Minsk
296058,BY,BY-MI,Zhomoydz,Zhomoydz,2326,3,Town,UTC+3,Europe/Minsk
296059,BY,BY-MA,Zhelvinets,Жалвінец,60,4,village,UTC+3,Europe/Minsk
296065,BY,BY-HR,Zhodzishki,Жодзішкі,835,4,village,UTC+3,Europe/Minsk
296066,BY,BY-MI,Horad Zhodzina,Жодзiна,61949,2,locality,UTC+3,Europe/Minsk
296067,BY,BY-HO,Zhmurawka,Жмураўка,1315,3,locality,UTC+3,Europe/Minsk
296069,BY,BY-HO,Zhlobin,Жлобін,76355,2,City,UTC+3,Europe/Minsk
296073,BY,BY-HR,Zhitomlya,Жытомля,793,3,locality,UTC+3,Europe/Minsk
296074,BY,BY-BR,Zhytnavichy,Жытнавічы,1073,3,Neighborhood,UTC+3,Europe/Minsk
296075,BY,BY-BR,Zhitlin,Жытлін,1258,3,Village,UTC+3,Europe/Minsk
296076,BY,BY-MI,Zhit'kovo,Жыцькава,467,3,locality,UTC+3,Europe/Minsk
296077,BY,BY-HO,Zytkavicy,Жыткавічы,15893,2,City,UTC+3,Europe/Minsk
296078,BY,BY-MA,Zhitin,Жыцін,84,4,village,UTC+3,Europe/Minsk
296080,BY,BY-HR,Zhirovichi,Жыровічы,1800,3,Neighborhood,UTC+3,Europe/Minsk
296081,BY,BY-BR,Kamenitsa-Zhirovetskaya,Камяніца Жыравецкая,310,4,village,UTC+3,Europe/Minsk
296082,BY,BY-HR,Zhyrmuny,Жырмуны,651,3,locality,UTC+3,Europe/Minsk
296085,BY,BY-MI,Zhilikhovo,Жыліхава,438,4,village,UTC+3,Europe/Minsk
296087,BY,BY-HR,Zhilichi,Жылічы,67,4,village,UTC+3,Europe/Minsk
296088,BY,BY-MA,Zhylichy,Жылічы,200,4,village,UTC+3,Europe/Minsk
296089,BY,BY-HO,Zhilichi,Жылічы,68,4,village,UTC+3,Europe/Minsk
296094,BY,BY-MI,Zhyhalki,Жыгалкі,124,4,village,UTC+3,Europe/Minsk
296095,BY,BY-HO,Zhhunskaya Buda,Жгунская Буда,546,4,village,UTC+3,Europe/Minsk
296096,BY,BY-HO,Zhgun',Жгунь,1328,4,village,UTC+3,Europe/Minsk
296099,BY,BY-MA,Zhevan',Жавань,133,4,locality,UTC+3,Europe/Minsk
296100,BY,BY-MA,Zhornovka,Жорнаўка,444,3,locality,UTC+3,Europe/Minsk
296102,BY,BY-VI,Zhernoseki,Жарнасекі,630,4,village,UTC+3,Europe/Minsk
296104,BY,BY-MI,Zheremets,Zheremets,1810,3,Neighborhood,UTC+3,Europe/Minsk
296107,BY,BY-BR,Zharabkovichy,Жарабковічы,665,4,village,UTC+3,Europe/Minsk
296112,BY,BY-HR,Zhamyslawl',Жамыслаўль,456,4,village,UTC+3,Europe/Minsk
296114,BY,BY-HR,Zhaludok,Жалудок,1017,3,locality,UTC+3,Europe/Minsk
296117,BY,BY-VI,Zhelezki,Zhelezki,653,4,village,UTC+3,Europe/Minsk
296120,BY,BY-MA,Zhelezinka,Zhelezinka,969,3,Neighborhood,UTC+3,Europe/Minsk
296123,BY,BY-VI,Zhdehyeli,Ждэгелі,15496,3,Neighborhood,UTC+3,Europe/Minsk
296125,BY,BY-MI,Zhdanovichy,Ждановічы,5000,3,locality,UTC+3,Europe/Minsk
296128,BY,BY-MI,Zhazhelka,Жажэлка,288,4,village,UTC+3,Europe/Minsk
296129,BY,\N,Zhavoronki,Zhavoronki,795,3,Neighborhood,UTC+3,Europe/Minsk
296133,BY,BY-VI,Zhary,Жары,232,4,village,UTC+3,Europe/Minsk
296134,BY,BY-MI,Zhary,Жары,8589,3,City,UTC+3,Europe/Minsk
296137,BY,BY-HR,Malaya Zhernovka,Malaya Zhernovka,22575,3,City,UTC+3,Europe/Minsk
296141,BY,BY-MI,Zhankovichi,Жанкавічы,110,4,village,UTC+3,Europe/Minsk
296146,BY,BY-HO,Zhakhovichi,Жахавічы,115,4,village,UTC+3,Europe/Minsk
296150,BY,BY-VI,Zhabinka,Жабінка,1001,3,Neighborhood,UTC+3,Europe/Minsk
296151,BY,BY-BR,Zhabinka,Жабінка,13643,2,City,UTC+3,Europe/Minsk
296153,BY,BY-MI,Zhabin,Жабін,273,3,locality,UTC+3,Europe/Minsk
296155,BY,BY-BR,Zhaber,Жабер,85,4,locality,UTC+3,Europe/Minsk
296156,BY,BY-BR,Zhabchitsy,Жабчыцы,646,4,village,UTC+3,Europe/Minsk
296161,BY,BY-HR,Denovishki,Дзенавішкі,1108,3,Neighborhood,UTC+3,Europe/Minsk
296163,BY,BY-MI,Zyen'kavichy,Зенькавічы,680,4,village,UTC+3,Europe/Minsk
296164,BY,BY-HR,Zenevichi,Зенявічы,64,4,village,UTC+3,Europe/Minsk
296167,BY,BY-HR,Zel'va,Зэльва,6705,2,Neighborhood,UTC+3,Europe/Minsk
296173,BY,BY-HO,Zyalyony Mokh,Зялёны Мох,104211,3,City,UTC+3,Europe/Minsk
296178,BY,BY-HO,Zeleny Dub,Zeleny Dub,897,3,Village,UTC+3,Europe/Minsk
296179,BY,BY-VI,Zyalyonka,Зялёнка,475,3,locality,UTC+3,Europe/Minsk
296180,BY,BY-MI,Zyalyony Bor,Зялёны Бор,1000,3,locality,UTC+3,Europe/Minsk
296181,BY,BY-HO,Zelenochi,Зеляночы,345,3,locality,UTC+3,Europe/Minsk
296183,BY,BY-MA,Zyelyankovichy,Зелянковічы,132,4,locality,UTC+3,Europe/Minsk
296186,BY,BY-BR,Zyelyanyevichy,Зеляневічы,105,4,locality,UTC+3,Europe/Minsk
296190,BY,BY-MA,Zelenaya Roshcha,Zelënaya Roshcha,2728,3,Town,UTC+3,Europe/Minsk
296194,BY,BY-HO,Zdudichi,Здудзічы,222,3,locality,UTC+3,Europe/Minsk
296195,BY,BY-BR,Zdzitava,Здзітава,880,4,village,UTC+3,Europe/Minsk
296196,BY,BY-MA,Zbyshin,Збышын,94,4,locality,UTC+3,Europe/Minsk
296197,BY,BY-BR,Zburazh,Збураж,672,3,Neighborhood,UTC+3,Europe/Minsk
296198,BY,BY-HR,Zboysk,Zboysk,1274,3,Neighborhood,UTC+3,Europe/Minsk
296200,BY,BY-HR,Zbochna,Збочна,81,4,locality,UTC+3,Europe/Minsk
296203,BY,BY-BR,Zbirogi,Збірагі,157,4,village,UTC+3,Europe/Minsk
296204,BY,BY-HO,Zbarow,Збароў,464,3,locality,UTC+3,Europe/Minsk
296205,BY,BY-MI,Zazhevichy,Зажэвічы,703,4,village,UTC+3,Europe/Minsk
296207,BY,BY-MI,Zazheche,Зарэчча,371,4,village,UTC+3,Europe/Minsk
296208,BY,BY-MI,Zazezhe,Zazezhe,1763,3,Neighborhood,UTC+3,Europe/Minsk
296210,BY,BY-MI,Zazer'ye,Зазер’е,931,3,Village,UTC+3,Europe/Minsk
296217,BY,BY-HO,Zaymishche,Zaymishche,761,3,Village,UTC+3,Europe/Minsk
296223,BY,BY-MA,Strazhi,Заеліца,828,3,locality,UTC+3,Europe/Minsk
296226,BY,BY-MI,Zayamochnoye,Заямачнае,148,4,village,UTC+3,Europe/Minsk
296228,BY,BY-MI,Zayamnaye,Заямнае,917,3,locality,UTC+3,Europe/Minsk
296233,BY,BY-HO,Zavoyt',Завайць,543,3,Neighborhood,UTC+3,Europe/Minsk
296235,BY,BY-MA,Zavod-Virovaya,Завад-Віравая,80,4,locality,UTC+3,Europe/Minsk
296237,BY,BY-MA,Zavodskaya Slabada,Заводская Слабада,552,3,locality,UTC+3,Europe/Minsk
296243,BY,BY-MI,Zavitaya,Завітая,297,3,locality,UTC+3,Europe/Minsk
296244,BY,BY-MI,Zavishino,Завішына,507,3,Village,UTC+3,Europe/Minsk
296247,BY,BY-HO,Zavidovka,Завідаўка,80,4,locality,UTC+3,Europe/Minsk
296248,BY,BY-BR,Zavidchitsy,Завідчыцы,198,4,locality,UTC+3,Europe/Minsk
296249,BY,BY-HO,Zavich'ye,Zavich’ye,763,3,Neighborhood,UTC+3,Europe/Minsk
296250,BY,BY-BR,Zavyersha,Заверша,336,4,village,UTC+3,Europe/Minsk
296251,BY,BY-BR,Zavershany,Zavershany,2438,3,Neighborhood,UTC+3,Europe/Minsk
296256,BY,BY-VI,Zavyachellye,Завячэлле,163,4,village,UTC+3,Europe/Minsk
296258,BY,BY-VI,Zavutstsye,Завуцце,323,4,village,UTC+3,Europe/Minsk
296260,BY,BY-MI,Zatur'ya,Затур’я,517,4,village,UTC+3,Europe/Minsk
296261,BY,BY-MI,Zatitova Sloboda,Зацітава Слабада,447,3,locality,UTC+3,Europe/Minsk
296262,BY,BY-HM,Zatsen',Зацань,206,3,locality,UTC+3,Europe/Minsk
296264,BY,BY-HO,Zaton,Затон,464,3,Village,UTC+3,Europe/Minsk
296266,BY,BY-MA,Zatish'ye,Зацішша,241,3,locality,UTC+3,Europe/Minsk
296272,BY,BY-VI,Zatsyaklyassye,Зацякляссе,75,4,locality,UTC+3,Europe/Minsk
296275,BY,BY-MI,Zasullye,Засулле,372,3,locality,UTC+3,Europe/Minsk
296276,BY,BY-BR,Zastruzhe,Застружжа,236,4,village,UTC+3,Europe/Minsk
296277,BY,BY-VI,Zastadollye,Застадолле,61,4,locality,UTC+3,Europe/Minsk
296279,BY,BY-MA,Zastenok-Usterkhi,Засценак Усцярхі,246,4,village,UTC+3,Europe/Minsk
296280,BY,BY-MA,Turino,Турыно,244,3,locality,UTC+3,Europe/Minsk
296282,BY,BY-VI,Zastsyenki,Засценкі,174,4,locality,UTC+3,Europe/Minsk
296284,BY,BY-BR,Zastave,Застаўе,243,4,village,UTC+3,Europe/Minsk
296285,BY,BY-VI,Zastarin'ye,Застарынне,111,4,village,UTC+3,Europe/Minsk
296288,BY,BY-BR,Zastarynnye,Застарынне,243,4,village,UTC+3,Europe/Minsk
296289,BY,BY-HO,Zaspa,Заспа,1258,3,Village,UTC+3,Europe/Minsk
296290,BY,BY-MI,Zasowye,Засоўе,303,3,locality,UTC+3,Europe/Minsk
296292,BY,BY-MI,Zaslawye,Заслаўе,15849,3,City,UTC+3,Europe/Minsk
296294,BY,BY-VI,Zaskorki,Заскаркі,141,4,village,UTC+3,Europe/Minsk
296295,BY,BY-MI,Zaskavicy,Заскавічы,726,4,village,UTC+3,Europe/Minsk
296296,BY,BY-BR,Zosimy,Засімы,123,4,village,UTC+3,Europe/Minsk
296298,BY,BY-HO,Zashir'ye,Зашыр’е,1295,4,village,UTC+3,Europe/Minsk
296301,BY,\N,Zashcheb'ye,Зашчоб’е,907,4,village,UTC+3,Europe/Minsk
296302,BY,BY-HR,Zasyetstsye,Засецце,268,4,village,UTC+3,Europe/Minsk
296304,BY,BY-BR,Zarytovo,Зарытава,285,4,village,UTC+3,Europe/Minsk
296305,BY,BY-HR,Zarudav'ye,Зарудаўе,312,3,locality,UTC+3,Europe/Minsk
296307,BY,BY-HR,Zarudichi,Зарудзічы,244,3,locality,UTC+3,Europe/Minsk
296311,BY,BY-VI,Zaruchewye,Заручэўе,4407,3,Neighborhood,UTC+3,Europe/Minsk
296314,BY,BY-VI,Zaruby,Зарубы,381,4,village,UTC+3,Europe/Minsk
296316,BY,BY-MA,Zarubets,Зарубец,123,4,village,UTC+3,Europe/Minsk
296319,BY,BY-HR,Zaroy,Зарой,59,4,locality,UTC+3,Europe/Minsk
296320,BY,BY-MA,Zarovtsy,Зароўцы,166,4,locality,UTC+3,Europe/Minsk
296321,BY,BY-VI,Zaronovo,Заронава,509,3,locality,UTC+3,Europe/Minsk
296323,BY,BY-MA,Zarestsye,Зарэсце,240,3,locality,UTC+3,Europe/Minsk
296326,BY,BY-VI,Zarechcha,Зарэчча,572,3,Village,UTC+3,Europe/Minsk
296330,BY,BY-MI,Zarechcha,Зарэчча,334,3,locality,UTC+3,Europe/Minsk
296331,BY,BY-MA,Zarech'ye,Зарэчча 1,127,4,locality,UTC+3,Europe/Minsk
296336,BY,BY-MI,Zarech'ye,Зарэчча,283,3,locality,UTC+3,Europe/Minsk
296337,BY,BY-HR,Zarech'ye,Зарэчча,59,4,locality,UTC+3,Europe/Minsk
296340,BY,BY-HO,Zarech'ye,Зарэчча,906,3,locality,UTC+3,Europe/Minsk
296343,BY,BY-BR,Zarzeche,Зарэчча,630,3,Village,UTC+3,Europe/Minsk
296346,BY,BY-MI,Gotsk,Гоцк,1649,3,locality,UTC+3,Europe/Minsk
296347,BY,BY-HO,Zarechcha,Зарэчча,169,4,locality,UTC+3,Europe/Minsk
296351,BY,BY-BR,Zarechka,Зарэчка,1078,3,Neighborhood,UTC+3,Europe/Minsk
296353,BY,BY-VI,Zarachcha,Зарачча,74,4,locality,UTC+3,Europe/Minsk
296356,BY,BY-VI,Zapruddzye,Запруддзе,224,3,locality,UTC+3,Europe/Minsk
296357,BY,BY-VI,Zaprud'ye,Запруддзе,64,4,village,UTC+3,Europe/Minsk
296359,BY,BY-BR,Zaprudy,Запруды,204,4,hamlet,UTC+3,Europe/Minsk
296360,BY,BY-BR,Zaprose,Запроссе,236,3,locality,UTC+3,Europe/Minsk
296363,BY,BY-VI,Zapollye,Заполле,236,4,village,UTC+3,Europe/Minsk
296365,BY,BY-VI,Zapollye,Заполле,149,4,village,UTC+3,Europe/Minsk
296367,BY,BY-HR,Zapol'ye,Запольле,55,4,locality,UTC+3,Europe/Minsk
296368,BY,BY-MA,Zapollye,Заполле,435,3,locality,UTC+3,Europe/Minsk
296369,BY,BY-HR,Zapol'ye,Заполле,169,4,village,UTC+3,Europe/Minsk
296370,BY,BY-HR,Zapol'ye,Заполле,120,4,locality,UTC+3,Europe/Minsk
296372,BY,BY-HR,Zapollye,Заполле,321,3,locality,UTC+3,Europe/Minsk
296373,BY,BY-HR,Zapollye,Заполле,196,4,village,UTC+3,Europe/Minsk
296374,BY,BY-MA,Zapollye,Заполле,575,4,village,UTC+3,Europe/Minsk
296379,BY,BY-BR,Zapole,Заполле,147,4,locality,UTC+3,Europe/Minsk
296384,BY,BY-HO,Zapyasochcha,Запясочча,826,3,locality,UTC+3,Europe/Minsk
296389,BY,BY-VI,Zaozer'ye,Заазер’е,399,3,locality,UTC+3,Europe/Minsk
296392,BY,BY-VI,Zaazyor'ye,Заазёрье,102,4,locality,UTC+3,Europe/Minsk
296396,BY,BY-MI,Zaozer'ye,Заазер’е,178,4,village,UTC+3,Europe/Minsk
296399,BY,BY-HR,Zajeziorce,Завозерцы,66,4,locality,UTC+3,Europe/Minsk
296402,BY,BY-MI,Zaastravyechcha,Заастравечча,2153,3,locality,UTC+3,Europe/Minsk
296403,BY,BY-BR,Zaose,Завоссе,399,3,Neighborhood,UTC+3,Europe/Minsk
296407,BY,BY-HR,Zanki Pervyye,Занкі 1,415,3,locality,UTC+3,Europe/Minsk
296408,BY,BY-BR,Zaniwie,Заніўе,86,4,village,UTC+3,Europe/Minsk
296410,BY,BY-HR,Zanemansk,Zanemansk,808,3,Village,UTC+3,Europe/Minsk
296411,BY,BY-MI,Zani,Зані,5361,3,Neighborhood,UTC+3,Europe/Minsk
296412,BY,BY-MI,Zani,Зані,1805,3,Village,UTC+3,Europe/Minsk
296413,BY,BY-MI,Zanarach,Занарач,683,3,locality,UTC+3,Europe/Minsk
296414,BY,BY-VI,Zamsheno,Замшына,207,3,locality,UTC+3,Europe/Minsk
296415,BY,BY-VI,Novyye Zamshany,Новыя Замшаны,54,4,locality,UTC+3,Europe/Minsk
296418,BY,BY-MI,Zamoscie,Замосце,564,4,village,UTC+3,Europe/Minsk
296421,BY,BY-HO,Zamostsye,Замосце,413,3,locality,UTC+3,Europe/Minsk
296423,BY,BY-HR,Zamostyany,Замасцяны,228,3,locality,UTC+3,Europe/Minsk
296427,BY,BY-VI,Zamastochcha,Замасточча,466,4,village,UTC+3,Europe/Minsk
296428,BY,BY-VI,Sznitki,Sznitki,12736,3,Neighborhood,UTC+3,Europe/Minsk
296430,BY,BY-MI,Zamostochye,Замасточча,2442,3,Village,UTC+3,Europe/Minsk
296432,BY,BY-VI,Zamastochcha,Замасточча,275,3,locality,UTC+3,Europe/Minsk
296434,BY,BY-VI,Zamoshsha,Замошша,313,3,locality,UTC+3,Europe/Minsk
296437,BY,BY-VI,Zamosh'ye,Zamosh’ye,90,4,village,UTC+3,Europe/Minsk
296445,BY,BY-MA,Zamosh'ye,Замошша,232,3,locality,UTC+3,Europe/Minsk
296446,BY,BY-MI,Zamosh'ye,Замошша,188,4,village,UTC+3,Europe/Minsk
296449,BY,BY-HO,Zamoshsha,Замошша,325,3,locality,UTC+3,Europe/Minsk
296451,BY,\N,Zamoshki,Zamoshki,1039,3,Village,UTC+3,Europe/Minsk
296456,BY,BY-MI,Zamosha,Zamosha,750,3,Village,UTC+3,Europe/Minsk
296463,BY,BY-MI,Zaluzhzha,Залужжа,403,4,village,UTC+3,Europe/Minsk
296464,BY,BY-MI,Zaluzhzha,Залужжа,640,3,locality,UTC+3,Europe/Minsk
296467,BY,BY-MA,Zalubnishche,Zalubnishche,1000,3,Neighborhood,UTC+3,Europe/Minsk
296472,BY,BY-HO,Zalip'ye,Заліп’е,1231,3,Neighborhood,UTC+3,Europe/Minsk
296479,BY,BY-VI,Zalyessye,Залессе,194,4,locality,UTC+3,Europe/Minsk
296480,BY,BY-VI,Zales'ye,Залессе,96,4,locality,UTC+3,Europe/Minsk
296483,BY,BY-HR,Zalyessye,Залессе,1000,3,locality,UTC+3,Europe/Minsk
296489,BY,BY-HO,Zalyessye,Залессе,957,3,Village,UTC+3,Europe/Minsk
296490,BY,BY-HO,Zales'ye,Залессе,168,4,locality,UTC+3,Europe/Minsk
296492,BY,BY-HO,Zales'ye,Залессе,444,3,locality,UTC+3,Europe/Minsk
296495,BY,BY-BR,Zalyessye,Залессе,623,3,locality,UTC+3,Europe/Minsk
296498,BY,BY-MA,Zalesovichi,Залесавічы,185,4,village,UTC+3,Europe/Minsk
296499,BY,BY-HR,Zalesna,Zalyesna,83,4,locality,UTC+3,Europe/Minsk
296500,BY,BY-MI,Zaleshany,Заляшаны,182,4,locality,UTC+3,Europe/Minsk
296502,BY,BY-BR,Zalese,Залессе,105,4,village,UTC+3,Europe/Minsk
296506,BY,BY-HO,Zalav'ye,Залаўе,50,4,locality,UTC+3,Europe/Minsk
296512,BY,BY-BR,Zakrosnitsa,Закросніца,242,4,village,UTC+3,Europe/Minsk
296516,BY,BY-VI,Zakaliv'ye,Zakaliv’ye,792,3,Neighborhood,UTC+3,Europe/Minsk
296518,BY,BY-MA,Zakhody,Заходы,108,4,village,UTC+3,Europe/Minsk
296519,BY,BY-MA,Zakhody,Заходы,88,4,village,UTC+3,Europe/Minsk
296521,BY,BY-MA,Zakhody,Zakhody,923,3,Neighborhood,UTC+3,Europe/Minsk
296528,BY,\N,Zakharopol'ye,Zakharopol’ye,1398,3,Neighborhood,UTC+3,Europe/Minsk
296529,BY,BY-VI,Zakharnichi,Захарнічы,61,4,locality,UTC+3,Europe/Minsk
296537,BY,BY-VI,Zahuzzye,Загуззе,73,4,locality,UTC+3,Europe/Minsk
296538,BY,BY-HR,Zagor'ye,Загор’е,123,4,locality,UTC+3,Europe/Minsk
296543,BY,BY-VI,Zagovalino,Zagovalino,1150,3,Village,UTC+3,Europe/Minsk
296547,BY,BY-BR,Zagozhe,Zagozhe,1664,3,Neighborhood,UTC+3,Europe/Minsk
296550,BY,BY-MA,Zagoryanki,Загаранкі,188,4,village,UTC+3,Europe/Minsk
296552,BY,BY-MI,Zagortsy,Zagortsy,2096,3,Town,UTC+3,Europe/Minsk
296555,BY,BY-VI,Zagolov'ye,Zagolov’ye,2759,3,Town,UTC+3,Europe/Minsk
296562,BY,BY-HO,Zagat'ye,Zagat’ye,79611,3,City,UTC+3,Europe/Minsk
296564,BY,BY-MI,Zagal'ye,Загалле,547,3,locality,UTC+3,Europe/Minsk
296567,BY,BY-BR,Zagalichi,Загалічы,105,4,locality,UTC+3,Europe/Minsk
296571,BY,BY-HR,Zadvoryane,Задваране,1264,3,Neighborhood,UTC+3,Europe/Minsk
296572,BY,BY-MI,Zadvor'ye,Задвор’е,504,4,village,UTC+3,Europe/Minsk
296578,BY,BY-BR,Zadveya,Задзвея,614,3,Neighborhood,UTC+3,Europe/Minsk
296579,BY,BY-HO,Zadub'ye,Задуб’е,263,3,locality,UTC+3,Europe/Minsk
296580,BY,BY-BR,Zadubie,Задуб’е,352,4,village,UTC+3,Europe/Minsk
296581,BY,BY-VI,Zadubrowye,Задуброўе,593,4,village,UTC+3,Europe/Minsk
296585,BY,BY-VI,Zadrowye,Задроўе,258,4,village,UTC+3,Europe/Minsk
296587,BY,BY-MI,Zador'ye,Задорье,320,3,locality,UTC+3,Europe/Minsk
296590,BY,BY-MA,Zadorozh'ye,Задарожжа,1155,3,Town,UTC+3,Europe/Minsk
296592,BY,BY-MI,Zadomlya,Задомля,217,4,hamlet,UTC+3,Europe/Minsk
296594,BY,BY-VI,Zadzyezhzha,Задзежжа,74,4,village,UTC+3,Europe/Minsk
296597,BY,BY-MI,Zadoshchen'ye,Задашчэнне,123,4,locality,UTC+3,Europe/Minsk
296599,BY,BY-MI,Zachystsye,Зачысце,435,3,locality,UTC+3,Europe/Minsk
296601,BY,BY-HR,Zachepichi,Зачэпічы,184,4,locality,UTC+3,Europe/Minsk
296604,BY,BY-MA,Zabychannye,Забычанне,300,4,village,UTC+3,Europe/Minsk
296607,BY,BY-MI,Zabrodze,Заброддзе,87,4,village,UTC+3,Europe/Minsk
296608,BY,BY-MA,Zabroddzye,Заброддзе,261,4,village,UTC+3,Europe/Minsk
296610,BY,BY-HO,Zabrod'ye,Zabrod’ye,1204,3,Neighborhood,UTC+3,Europe/Minsk
296612,BY,BY-MI,Zabrezzye,Забрэззе,328,4,village,UTC+3,Europe/Minsk
296616,BY,BY-VI,Zaboyeniye,Забаенне,598,3,Village,UTC+3,Europe/Minsk
296618,BY,BY-VI,"Zabor""ye",Забор’е,430,4,village,UTC+3,Europe/Minsk
296624,BY,BY-VI,Zabor'ye,Забор’е,108,4,village,UTC+3,Europe/Minsk
296627,BY,BY-VI,Zabor'ye,Забор’е,144,4,village,UTC+3,Europe/Minsk
296628,BY,BY-MI,Zabor'ye,Забор’е,158,4,village,UTC+3,Europe/Minsk
296635,BY,BY-VI,Zabortsy,Заборцы,128,4,village,UTC+3,Europe/Minsk
296637,BY,BY-VI,Zaborov'ye,Забароўе,216,4,village,UTC+3,Europe/Minsk
296639,BY,BY-BR,Zaborovtsy,Забараўцы,308,3,locality,UTC+3,Europe/Minsk
296644,BY,BY-VI,Zabolot'ye,Zabolot’ye,3187,3,Neighborhood,UTC+3,Europe/Minsk
296646,BY,BY-VI,Zabolot'ye,Zabolot’ye,788,3,Village,UTC+3,Europe/Minsk
296647,BY,BY-HR,Zabolot'ye,Zabolot’ye,926,3,Neighborhood,UTC+3,Europe/Minsk
296648,BY,BY-VI,Zabalatstsye,Забалацце,272,4,village,UTC+3,Europe/Minsk
296650,BY,BY-VI,Zabolot'ye Pervoye,Забалацце,81,4,village,UTC+3,Europe/Minsk
296651,BY,BY-MI,Zabolot'ye,Zabolot’ye,3090,3,Town,UTC+3,Europe/Minsk
296653,BY,BY-MI,Zabalotstsye,Забалоцце,717,3,Town,UTC+3,Europe/Minsk
296657,BY,BY-MA,Zabalatstsye,Забалацце,401,4,hamlet,UTC+3,Europe/Minsk
296658,BY,BY-MI,Zabolot'ye,Забалацце,492,3,Village,UTC+3,Europe/Minsk
296665,BY,BY-BR,Zabalatstsye,Забалацце,338,3,locality,UTC+3,Europe/Minsk
296666,BY,BY-HO,Zabalotstsye,Забалоцце,550,4,village,UTC+3,Europe/Minsk
296667,BY,BY-HO,Zabalotstsye,Забалоцце,1840,3,Town,UTC+3,Europe/Minsk
296668,BY,BY-HO,Zabolot'ye,Забалацце,356,4,village,UTC+3,Europe/Minsk
296669,BY,BY-BR,Zabalatstsye,Забалацце,473,3,Village,UTC+3,Europe/Minsk
296673,BY,BY-HO,Zabolot'ye,Zabolot’ye,1071,3,Neighborhood,UTC+3,Europe/Minsk
296675,BY,BY-HR,Zabolot',Забалаць,1062,3,locality,UTC+3,Europe/Minsk
296677,BY,BY-MI,Zabolot',Забалаць,561,3,locality,UTC+3,Europe/Minsk
296680,BY,BY-HR,Zabolot'ye,Забалацце,732,3,Neighborhood,UTC+3,Europe/Minsk
296683,BY,BY-MI,Zabichany,Забічаны,177,4,village,UTC+3,Europe/Minsk
296684,BY,BY-HR,Zabyeraz',Заберазь,252,4,village,UTC+3,Europe/Minsk
296685,BY,BY-MA,Zabyalyshyn,Забялышын,805,4,village,UTC+3,Europe/Minsk
296687,BY,\N,Zabel'ye,Zabel’ye,274,4,village,UTC+3,Europe/Minsk
296690,BY,BY-MI,Zabashevka,Zabashevka,1497,3,Village,UTC+3,Europe/Minsk
296691,BY,BY-MI,Zabashavichy,Забашавічы,515,3,locality,UTC+3,Europe/Minsk
296693,BY,BY-MA,Belishcheno,Belishcheno,6312,3,Neighborhood,UTC+3,Europe/Minsk
296695,BY,BY-VI,Yuzefovo,Yuzefovo,1177,3,Neighborhood,UTC+3,Europe/Minsk
296700,BY,\N,Yutsuny,Yutsuny,270,4,village,UTC+3,Europe/Minsk
296701,BY,BY-MI,Yutski,Юцкі,310,4,village,UTC+3,Europe/Minsk
296705,BY,BY-MI,Yushkavichy,Юшкавічы,153,4,locality,UTC+3,Europe/Minsk
296708,BY,BY-MI,Yushavichy,Юшавічы,6420,3,City,UTC+3,Europe/Minsk
296710,BY,BY-MI,Dubina Yurzdytskaya,Дубіна Юрздыцкая,194,4,locality,UTC+3,Europe/Minsk
296711,BY,BY-MI,Yurove,Юр’ева,291,3,PPL,UTC+3,Europe/Minsk
296712,BY,BY-VI,Yurtsevo,Юрцава,616,3,locality,UTC+3,Europe/Minsk
296715,BY,BY-VI,Yurkovshchina,Юркаўшчына,132,4,hamlet,UTC+3,Europe/Minsk
296716,BY,BY-MI,Yurkavichy,Юркавічы,85,4,village,UTC+3,Europe/Minsk
296717,BY,BY-HO,Yurkovichi,Юркавічы,60,4,locality,UTC+3,Europe/Minsk
296719,BY,BY-HO,Yurkyevichy,Юркевічы,226,3,locality,UTC+3,Europe/Minsk
296721,BY,BY-HR,Yurevichi,Юравічы,103,4,locality,UTC+3,Europe/Minsk
296722,BY,BY-HR,Yurovichi,Yurovichi,53459,3,Neighborhood,UTC+3,Europe/Minsk
296724,BY,BY-HO,Yuravichy,Юравічы,726,3,locality,UTC+3,Europe/Minsk
296725,BY,BY-HR,Yuratsishki,Юрацішкі,1367,3,locality,UTC+3,Europe/Minsk
296731,BY,BY-VI,Yun'ki,Юнькі,348,3,locality,UTC+3,Europe/Minsk
296732,BY,BY-BR,Yunishche,Юнішча,247,3,locality,UTC+3,Europe/Minsk
296733,BY,BY-BR,Yundzily,Юндзілы,231,4,village,UTC+3,Europe/Minsk
296734,BY,BY-VI,Yukhovichi,Юхавічы,162,4,locality,UTC+3,Europe/Minsk
296735,BY,BY-VI,Yukhnovka,Юхнаўка,85,4,village,UTC+3,Europe/Minsk
296738,BY,BY-BR,Yukhnavichy,Юхнавічы,209,4,village,UTC+3,Europe/Minsk
296740,BY,BY-HO,Yudichi,Юдзічы,150,4,village,UTC+3,Europe/Minsk
296743,BY,BY-BR,Yazhony,Яжоны,189,4,village,UTC+3,Europe/Minsk
296747,BY,BY-VI,Yezerishche,Езярышча,1116,3,locality,UTC+3,Europe/Minsk
296754,BY,BY-MI,Yewlichy,Еўлічы,267,3,Neighborhood,UTC+3,Europe/Minsk
296755,BY,BY-HR,Yevlashi,Еўлашы,66,4,village,UTC+3,Europe/Minsk
296756,BY,BY-MA,Yevdokimovichi,Еўдакімавічы,508,4,village,UTC+3,Europe/Minsk
296757,BY,BY-MI,Yes'manovtsy,Ясьманаўцы,79,4,locality,UTC+3,Europe/Minsk
296762,BY,BY-MI,Yershi,Яршы,118,4,village,UTC+3,Europe/Minsk
296767,BY,BY-MA,Yermalowka,Ермалоўка,14187,3,Neighborhood,UTC+3,Europe/Minsk
296768,BY,BY-MA,Yermolovichi,Ермалавічы,219,4,village,UTC+3,Europe/Minsk
296769,BY,\N,Yermakovshchina,Yermakovshchina,1052,3,Village,UTC+3,Europe/Minsk
296772,BY,BY-MI,Yerkhi,Ерхі,292,4,village,UTC+3,Europe/Minsk
296773,BY,BY-VI,Yaromina,Яроміна,258,4,village,UTC+3,Europe/Minsk
296774,BY,BY-HO,Yaromina,Яроміна,5925,4,village,UTC+3,Europe/Minsk
296775,BY,BY-HR,Yaremichy,Ярэмічы,302,3,locality,UTC+3,Europe/Minsk
296776,BY,BY-BR,Yeremiche,Яромічы,1036,3,Neighborhood,UTC+3,Europe/Minsk
296777,BY,BY-VI,Yeremeyevshchina,Ерамееўшчына,321,4,village,UTC+3,Europe/Minsk
296779,BY,BY-MI,Yemel'yanovo,Емяльянава,83,4,village,UTC+3,Europe/Minsk
296780,BY,BY-HO,Yel'sk,Ельск,9037,2,City,UTC+3,Europe/Minsk
296782,BY,BY-MA,Yelovets,Елавец,229,4,village,UTC+3,Europe/Minsk
296783,BY,\N,Yeloved,Yeloved,3659,3,Neighborhood,UTC+3,Europe/Minsk
296784,BY,BY-MA,Yel'nya,Ельня,241,3,Neighborhood,UTC+3,Europe/Minsk
296785,BY,BY-HO,Yel'na,Ельна,166,4,village,UTC+3,Europe/Minsk
296790,BY,BY-MA,Yel'kovshchina,Елькаўшчына,214,4,village,UTC+3,Europe/Minsk
296791,BY,BY-BR,Yelki,Yëlki,183663,3,City,UTC+3,Europe/Minsk
296792,BY,BY-MA,Yalizava,Ялізава,2600,4,village,UTC+3,Europe/Minsk
296798,BY,BY-HO,Yelenets,Елянец,215,4,village,UTC+3,Europe/Minsk
296800,BY,BY-HO,Yelany,Яланы,505,3,Village,UTC+3,Europe/Minsk
296803,BY,BY-VI,Yedlovichi,Ёдлавічы,166,4,village,UTC+3,Europe/Minsk
296804,BY,BY-MI,Yazyl',Языль,907,4,village,UTC+3,Europe/Minsk
296807,BY,\N,Yazviny,Yazviny,756,3,Neighborhood,UTC+3,Europe/Minsk
296810,BY,BY-BR,Yazviny,Yazviny,38598,3,Neighborhood,UTC+3,Europe/Minsk
296812,BY,BY-BR,Yazhawki,Яжаўкі,908,3,locality,UTC+3,Europe/Minsk
296817,BY,BY-VI,Yazno,Язна,705,4,hamlet,UTC+3,Europe/Minsk
296818,BY,BY-HR,Yaskevichi,Яскевічы,105,4,village,UTC+3,Europe/Minsk
296820,BY,\N,Yayechkavichy,Яечкавічы,1152,4,village,UTC+3,Europe/Minsk
296823,BY,BY-HR,Yavor,Явар,2763,3,City,UTC+3,Europe/Minsk
296824,BY,BY-HR,Yatvez',Яцьвезь,129,4,locality,UTC+3,Europe/Minsk
296829,BY,BY-MI,Yatsyny,Yatsyny,33367,3,Neighborhood,UTC+3,Europe/Minsk
296830,BY,\N,Yatsyniki,Yatsyniki,131,4,village,UTC+3,Europe/Minsk
296831,BY,BY-HO,Staraya Yatskovshchina,Старая Яцкаўшчына,104,4,village,UTC+3,Europe/Minsk
296832,BY,BY-MI,Yatskovo Peski,Yatskovo Peski,12251,3,City,UTC+3,Europe/Minsk
296833,BY,BY-BR,Yatskovichi,Яцкавічы,378,4,village,UTC+3,Europe/Minsk
296834,BY,BY-HR,Yatra,Ятра,241,4,village,UTC+3,Europe/Minsk
296836,BY,BY-BR,Yastshomb,Ястрабель,344,4,village,UTC+3,Europe/Minsk
296837,BY,BY-BR,Yastrembel',Ястрэмбель,467,4,village,UTC+3,Europe/Minsk
296840,BY,BY-MA,Yasnyy Les,Ясны Лес,120,4,village,UTC+3,Europe/Minsk
296841,BY,BY-VI,Yas'kawshchyna,Яськаўшчына,267,4,village,UTC+3,Europe/Minsk
296842,BY,BY-MA,Yas'kovshchina,Yas’kovshchina,25039,3,Neighborhood,UTC+3,Europe/Minsk
296844,BY,BY-MI,Yaskavichy,Яскавічы,376,3,locality,UTC+3,Europe/Minsk
296846,BY,BY-MI,Yes'kovichi,Еськавічы,263,4,village,UTC+3,Europe/Minsk
296852,BY,BY-HO,Yasenovka,Yasenovka,36622,3,City,UTC+3,Europe/Minsk
296855,BY,BY-MA,Yasyen',Ясень,469,4,village,UTC+3,Europe/Minsk
296856,BY,BY-MA,Poselok Yasen',Станцыя Ясень,283,4,village,UTC+3,Europe/Minsk
296859,BY,BY-MI,Yarshevichy,Яршэвічы,88,4,village,UTC+3,Europe/Minsk
296860,BY,BY-MI,Yermaki,Yermaki,12312,3,City,UTC+3,Europe/Minsk
296863,BY,BY-HR,Yanyshi,Янышы,92,4,village,UTC+3,Europe/Minsk
296864,BY,BY-VI,Yanuylovo,Yanuylovo,50,4,village,UTC+3,Europe/Minsk
296865,BY,BY-MI,Yanushkavichy,Янушкавічы,455,3,locality,UTC+3,Europe/Minsk
296869,BY,BY-MA,Yanov,Yanov,826,3,Village,UTC+3,Europe/Minsk
296871,BY,\N,Yanovo,Yanovo,1306,3,Neighborhood,UTC+3,Europe/Minsk
296873,BY,BY-VI,Yanovo,Янова,707,3,locality,UTC+3,Europe/Minsk
296875,BY,BY-VI,Yanovo,Yanovo,12252,3,Neighborhood,UTC+3,Europe/Minsk
296876,BY,BY-HO,Yanova,Янова,393,4,hamlet,UTC+3,Europe/Minsk
296879,BY,BY-MA,Yanovka,Яноўка,61,4,village,UTC+3,Europe/Minsk
296880,BY,BY-MA,Yanovka,Яноўка,407,3,locality,UTC+3,Europe/Minsk
296881,BY,BY-HO,Yanovka,Яноўка,408,3,Neighborhood,UTC+3,Europe/Minsk
296882,BY,BY-VI,Yanovichi,Янавічы,676,4,village,UTC+3,Europe/Minsk
296883,BY,BY-HR,Yanovichi,Янавічы,142,4,village,UTC+3,Europe/Minsk
296884,BY,BY-MI,Yanovichi,Янавічы,869,4,village,UTC+3,Europe/Minsk
296885,BY,BY-VI,Zamernaya,Зачэрня,461,3,Neighborhood,UTC+3,Europe/Minsk
296887,BY,BY-VI,Yankavichy,Янкавічы,391,3,locality,UTC+3,Europe/Minsk
296888,BY,BY-MI,Yankovichi,Янкавічы,970,3,Neighborhood,UTC+3,Europe/Minsk
296889,BY,BY-VI,Yanki,Янкі,273,4,village,UTC+3,Europe/Minsk
296890,BY,BY-HR,Yankantsy,Янканцы,65,4,village,UTC+3,Europe/Minsk
296893,BY,BY-HO,Yampol',Ямпаль,120,4,village,UTC+3,Europe/Minsk
296895,BY,BY-BR,Yamnoye,Ямнае,27084,3,City,UTC+3,Europe/Minsk
296896,BY,BY-MA,Yamnaye,Ямнае,258,4,village,UTC+3,Europe/Minsk
296898,BY,BY-HO,Yamnoye,Ямнае,1258,3,Neighborhood,UTC+3,Europe/Minsk
296902,BY,BY-MI,Yaminsk,Ямінск,519,4,village,UTC+3,Europe/Minsk
296903,BY,BY-BR,Yamichno,Ямічна,94,4,village,UTC+3,Europe/Minsk
296904,BY,BY-HR,Yalutsevichi,Ялуцэвічы,256,4,village,UTC+3,Europe/Minsk
296905,BY,BY-BR,Yalovo,Ялова,245,4,village,UTC+3,Europe/Minsk
296908,BY,BY-MI,Yalovitsa,Yalovitsa,3801,3,Neighborhood,UTC+3,Europe/Minsk
296909,BY,BY-BR,Yalach,Ялач,234,4,village,UTC+3,Europe/Minsk
296912,BY,BY-VI,Yakubovshchina,Якубаўшчына,306,4,village,UTC+3,Europe/Minsk
296913,BY,BY-HR,Yakubovtsy,Якубаўцы,432,3,Neighborhood,UTC+3,Europe/Minsk
296917,BY,BY-MI,Yakshichi,Якшычы,181,4,village,UTC+3,Europe/Minsk
296918,BY,BY-MI,Yakshytsy,Якшыцы,254,4,village,UTC+3,Europe/Minsk
296919,BY,BY-BR,Yaksha,Якша,108,4,village,UTC+3,Europe/Minsk
296922,BY,\N,Yakimovskaya Sloboda,Якімава Слабада,1011,4,village,UTC+3,Europe/Minsk
296923,BY,BY-MI,Yakimovka,Якімаўка,305,4,village,UTC+3,Europe/Minsk
296924,BY,BY-HO,Yakimovka,Якiмаўка,105,4,village,UTC+3,Europe/Minsk
296926,BY,BY-HO,Yakimavichy,Якімавічы,385,3,locality,UTC+3,Europe/Minsk
296927,BY,BY-MA,Yakimovo Lyado,Yakimovo Lyado,250,3,Neighborhood,UTC+3,Europe/Minsk
296934,BY,BY-MI,Yagodka,Ягодка,540,3,Neighborhood,UTC+3,Europe/Minsk
296938,BY,BY-BR,Yahlyevichy,Яглевічы,1417,3,locality,UTC+3,Europe/Minsk
296940,BY,BY-MA,Yadrina Sloboda,Ядраная Слабада,101,4,village,UTC+3,Europe/Minsk
296942,BY,BY-MI,Yachnoye,Ячнае,2300,3,City,UTC+3,Europe/Minsk
296943,BY,BY-MA,Yachnaya Buda,Yachnaya Buda,5766,3,Neighborhood,UTC+3,Europe/Minsk
296946,BY,BY-MI,Yachonka,Ячонка,304,4,village,UTC+3,Europe/Minsk
296947,BY,BY-HR,Yabrovichi,Yabrovichi,1201,3,Village,UTC+3,Europe/Minsk
296948,BY,\N,Yablonovshchina,Yablonovshchina,1867,4,village,UTC+3,Europe/Minsk
296950,BY,BY-BR,Yablonka,Yablonka,9013,3,City,UTC+3,Europe/Minsk
296952,BY,BY-BR,Vyzhlovichi,Выжлавічы,200,4,locality,UTC+3,Europe/Minsk
296954,BY,BY-MA,Vyzhary,Vyzhary,714866,4,town,UTC+3,Europe/Minsk
296955,BY,\N,Vyzhary Pervyye,Vyzhary Pervyye,36845,3,Neighborhood,UTC+3,Europe/Minsk
296961,BY,BY-VI,Vysokoye,Высокае,225,4,village,UTC+3,Europe/Minsk
296965,BY,BY-HO,Vysokoye,Высокае,411,3,locality,UTC+3,Europe/Minsk
296966,BY,BY-BR,Vysokaye,Высокае,5107,3,City,UTC+3,Europe/Minsk
296967,BY,BY-BR,Vysokoye,Высокае,500,3,locality,UTC+3,Europe/Minsk
296968,BY,BY-VI,Vysokiy Gorodets,Высокі Гарадзец,101,4,locality,UTC+3,Europe/Minsk
296970,BY,BY-MA,Vysokaye,Высокае,440,4,village,UTC+3,Europe/Minsk
296971,BY,BY-HO,Vysokaya,Высокая,319,3,locality,UTC+3,Europe/Minsk
296976,BY,BY-MI,Vysokaya Hara,Высокая Гара,243,4,village,UTC+3,Europe/Minsk
296977,BY,BY-MI,Vysokaya Gora,Vysokaya Gora,257,4,village,UTC+3,Europe/Minsk
296979,BY,BY-BR,Vysokaye,Высокае,64,4,hamlet,UTC+3,Europe/Minsk
296980,BY,BY-VI,Vysochany,Высачаны,13994,3,Neighborhood,UTC+3,Europe/Minsk
296984,BY,BY-BR,Vishavichy,Вішавічы,942,4,village,UTC+3,Europe/Minsk
296985,BY,BY-HO,Vyshamir,Вышамір,294,4,village,UTC+3,Europe/Minsk
296986,BY,BY-VI,Vyshadki,Вышадкі,71,4,village,UTC+3,Europe/Minsk
296990,BY,BY-HO,Vynoshevka,Вынашаўка,191,4,village,UTC+3,Europe/Minsk
296991,BY,BY-MI,Vynistsy,Вынішчы,223,4,village,UTC+3,Europe/Minsk
296993,BY,BY-BR,Vyhanashchy,Выганашчы,534,4,village,UTC+3,Europe/Minsk
296994,BY,BY-MI,Vygonichi,Выганічы,406,3,Neighborhood,UTC+3,Europe/Minsk
296995,BY,BY-MI,Vyhalavichy,Выгалавічы,440,4,village,UTC+3,Europe/Minsk
296996,BY,BY-HR,Vygolenenty,Выгаляненты,198,4,village,UTC+3,Europe/Minsk
296998,BY,BY-MI,Vygoda,Vygoda,2278,4,village,UTC+3,Europe/Minsk
297001,BY,BY-VI,Vyetryna,Ветрына,1839,4,village,UTC+3,Europe/Minsk
297002,BY,BY-MI,Vydrytsa,Выдрыца,186,4,village,UTC+3,Europe/Minsk
297004,BY,BY-MA,Vydrenka,Выдранка,102,4,village,UTC+3,Europe/Minsk
297006,BY,BY-MI,Vyazynka,Вязынка,366,4,village,UTC+3,Europe/Minsk
297007,BY,BY-MI,Vyazyn',Вязынь,615,3,locality,UTC+3,Europe/Minsk
297008,BY,BY-MA,Vyazzye,Вяззе,717,4,village,UTC+3,Europe/Minsk
297009,BY,BY-MA,Vyazawnitsa,Вязаўніца,389,4,village,UTC+3,Europe/Minsk
297010,BY,BY-HO,Vyazovitsa,Вязавіца,148,4,village,UTC+3,Europe/Minsk
297011,BY,BY-VI,Vyaz'michi,Vyaz’michi,1946,3,Neighborhood,UTC+3,Europe/Minsk
297012,BY,BY-MA,Vyaz'ma,Вязьма,113,4,village,UTC+3,Europe/Minsk
297013,BY,BY-MI,Vyaz'kutin Pervyy,Vyaz’kutin Pervyy,839,3,Neighborhood,UTC+3,Europe/Minsk
297014,BY,BY-HO,Vyazhny,Вяжны,494,3,locality,UTC+3,Europe/Minsk
297015,BY,BY-MI,Vyazan',Вязань,287,4,village,UTC+3,Europe/Minsk
297017,BY,\N,Vyater,Vyater,43469,3,Neighborhood,UTC+3,Europe/Minsk
297023,BY,BY-BR,Vul'ka Druhaya,Вулька Другая,906,3,locality,UTC+3,Europe/Minsk
297024,BY,BY-BR,Vul'ka-Popinskaya,Вулька Папінская,274,3,locality,UTC+3,Europe/Minsk
297025,BY,BY-BR,Vul'ka Pyershaya,Вулька Першая,1055,3,locality,UTC+3,Europe/Minsk
297026,BY,BY-BR,Vul'ka-Abrowskaya,Вулька-Аброўская,651,4,village,UTC+3,Europe/Minsk
297027,BY,BY-BR,Malaya Vul'ka,Малая Вулька,3486,3,Neighborhood,UTC+3,Europe/Minsk
297029,BY,BY-BR,Vul'ka,Вулька Целяханская,706,4,village,UTC+3,Europe/Minsk
297031,BY,BY-BR,Vul'ka,Вулька Гарадзішчанская,305,4,village,UTC+3,Europe/Minsk
297032,BY,BY-BR,Vul'ka-Radovetskaya,Вулька Радавецкая,342,4,village,UTC+3,Europe/Minsk
297033,BY,BY-BR,Vul'ka,Вулька,101,4,village,UTC+3,Europe/Minsk
297038,BY,BY-HR,Vselyub,Уселюб,603,3,Neighborhood,UTC+3,Europe/Minsk
297042,BY,BY-HO,Vozrozhdeniye,Адраджэнне,324,4,village,UTC+3,Europe/Minsk
297045,BY,BY-VI,Voznovo,Voznovo,2651,4,village,UTC+3,Europe/Minsk
297052,BY,BY-VI,Voytovo,Войтава,662,3,Neighborhood,UTC+3,Europe/Minsk
297055,BY,BY-HR,Voytkavichy,Войткавічы,725,3,Neighborhood,UTC+3,Europe/Minsk
297058,BY,BY-HR,Voystam,Войстам,224,4,village,UTC+3,Europe/Minsk
297059,BY,BY-BR,Voyskaya,Войская,865,4,village,UTC+3,Europe/Minsk
297060,BY,BY-MI,Voyshtovichi,Войштавічы,137,4,village,UTC+3,Europe/Minsk
297063,BY,BY-VI,Vaynyuntsy,Вайнюнцы,188,4,locality,UTC+3,Europe/Minsk
297064,BY,BY-MI,Vaynilava,Вайнілава,335,4,village,UTC+3,Europe/Minsk
297067,BY,BY-HR,Voynevichi,Войневічы,217,3,locality,UTC+3,Europe/Minsk
297068,BY,BY-MI,Voykava,Войкава,179,4,village,UTC+3,Europe/Minsk
297070,BY,BY-MA,Voyevichi,Ваевічы,58,4,locality,UTC+3,Europe/Minsk
297076,BY,\N,Voskhod,Усход,941,3,Village,UTC+3,Europe/Minsk
297079,BY,BY-HO,Voshchanki,Вашчанкі,144,4,locality,UTC+3,Europe/Minsk
297082,BY,BY-MA,Varatyn',Варатынь,540,4,village,UTC+3,Europe/Minsk
297083,BY,BY-BR,Vorotsevichi,Варацэвічы,423,4,village,UTC+3,Europe/Minsk
297085,BY,BY-MI,Vorotishche,Варацішча,75,4,locality,UTC+3,Europe/Minsk
297087,BY,BY-VI,Voropayevo,Варапаева,2386,3,locality,UTC+3,Europe/Minsk
297088,BY,BY-VI,Vorony,Вароны,674,3,locality,UTC+3,Europe/Minsk
297090,BY,BY-VI,Vorony,Vorony,80830,3,City,UTC+3,Europe/Minsk
297091,BY,BY-HR,Varona,Варона,344,4,village,UTC+3,Europe/Minsk
297092,BY,BY-VI,Vorontsevichi,Варанцэвічы,244,4,village,UTC+3,Europe/Minsk
297093,BY,BY-HR,Voronovo,Воранава,5995,2,hamlet,UTC+3,Europe/Minsk
297095,BY,BY-MA,Voronovichi,Voronovichi,21802,3,Neighborhood,UTC+3,Europe/Minsk
297096,BY,BY-VI,Voronka,Варонка,87,4,locality,UTC+3,Europe/Minsk
297099,BY,BY-BR,Varanilavichy,Варанілавічы,1454,3,City,UTC+3,Europe/Minsk
297100,BY,BY-MI,Varonichy,Варонічы,515,3,Neighborhood,UTC+3,Europe/Minsk
297102,BY,BY-BR,Voroni,Варані,832,4,village,UTC+3,Europe/Minsk
297104,BY,BY-VI,Varonichy,Варонічы,475,3,locality,UTC+3,Europe/Minsk
297105,BY,BY-HR,Varoncha,Варонча,391,3,locality,UTC+3,Europe/Minsk
297106,BY,BY-VI,Voron',Ворань,99,4,village,UTC+3,Europe/Minsk
297111,BY,BY-MI,Werebie,Вераб’і,124,4,village,UTC+3,Europe/Minsk
297112,BY,BY-HR,Varniany,Варняны,1160,4,village,UTC+3,Europe/Minsk
297113,BY,BY-HO,Vornawka,Ворнаўка,408,3,locality,UTC+3,Europe/Minsk
297116,BY,BY-VI,Valyntsy,Валынцы,791,3,locality,UTC+3,Europe/Minsk
297117,BY,BY-HO,Volyntsy,Валынцы,177,4,locality,UTC+3,Europe/Minsk
297120,BY,BY-BR,Volya,Воля,122,4,locality,UTC+3,Europe/Minsk
297123,BY,BY-BR,Vyeluta,Велута,1192,4,village,UTC+3,Europe/Minsk
297125,BY,BY-HR,Voltsa,Voltsa,5419,3,Neighborhood,UTC+3,Europe/Minsk
297126,BY,BY-HR,Volpa,Воўпа,782,4,hamlet,UTC+3,Europe/Minsk
297130,BY,BY-MA,Volovniki,Volovniki,24771,3,Neighborhood,UTC+3,Europe/Minsk
297131,BY,BY-HR,Voloviki,Валовікі,7724,3,Neighborhood,UTC+3,Europe/Minsk
297132,BY,BY-HR,Valavicoucy,Валавічоўцы,78,4,hamlet,UTC+3,Europe/Minsk
297133,BY,BY-BR,Volovel',Валавель,380,3,locality,UTC+3,Europe/Minsk
297137,BY,BY-VI,Volosovo,Валосава,185,4,locality,UTC+3,Europe/Minsk
297138,BY,BY-VI,Novyya Valosavichy,Новыя Валосавічы,531,3,locality,UTC+3,Europe/Minsk
297140,BY,BY-MA,Volosovichi,Валосавічы,285,3,locality,UTC+3,Europe/Minsk
297141,BY,BY-HO,Valosavichy,Валосавічы,229,3,locality,UTC+3,Europe/Minsk
297142,BY,BY-HO,Valosavichy,Валосавічы,445,4,village,UTC+3,Europe/Minsk
297147,BY,BY-MI,Voloki,Валокі,109,4,village,UTC+3,Europe/Minsk
297148,BY,BY-HR,Voloki,Voloki,9038,3,City,UTC+3,Europe/Minsk
297151,BY,BY-BR,Vyalikaya Valakhva,Вялікая Валахва,120,4,village,UTC+3,Europe/Minsk
297154,BY,BY-VI,Valodz'ki,Валодзькі,138,4,village,UTC+3,Europe/Minsk
297155,BY,BY-MI,Volod'ki,Валодзькі,143,4,village,UTC+3,Europe/Minsk
297158,BY,BY-HO,Volodarsk,Валадарск,57,4,village,UTC+3,Europe/Minsk
297160,BY,BY-BR,Vol'na,Вольна,660,4,village,UTC+3,Europe/Minsk
297161,BY,BY-MI,Volma,Волма,331,4,village,UTC+3,Europe/Minsk
297162,BY,BY-MI,Volma,Волма,217,4,village,UTC+3,Europe/Minsk
297163,BY,BY-MI,Volma,Волма,188,4,hamlet,UTC+3,Europe/Minsk
297166,BY,BY-VI,Volkovshchina,Ваўкаўшчына,270,4,locality,UTC+3,Europe/Minsk
297169,BY,BY-VI,Volkovichi,Ваўкавічы,199,4,village,UTC+3,Europe/Minsk
297170,BY,BY-MA,Vawkavichy,Ваўкавічы,1273,3,Neighborhood,UTC+3,Europe/Minsk
297171,BY,BY-HR,Volkovichi,Ваўковічы,207,4,village,UTC+3,Europe/Minsk
297172,BY,BY-BR,Volkovichi,Ваўковічы,118,4,village,UTC+3,Europe/Minsk
297174,BY,BY-MI,Vawkalatka,Воўкалатка,128,3,Neighborhood,UTC+3,Europe/Minsk
297175,BY,BY-VI,Vawkalata,Воўкалата,328,4,village,UTC+3,Europe/Minsk
297177,BY,BY-VI,Volki,Ваўкі,168,4,village,UTC+3,Europe/Minsk
297178,BY,BY-HO,Vulkan,Вулкан,95,4,hamlet,UTC+3,Europe/Minsk
297180,BY,BY-BR,Vol'ka,Волька,1037,4,village,UTC+3,Europe/Minsk
297181,BY,BY-HR,Valyeykavichy,Валейкавічы,231,3,locality,UTC+3,Europe/Minsk
297182,BY,BY-HR,Voleykishki,Валэйкішкі,1270,3,Neighborhood,UTC+3,Europe/Minsk
297184,BY,BY-MI,Valyevachy,Валевачы,588,3,village,UTC+3,Europe/Minsk
297186,BY,BY-HO,Volch'ya Gora,Воўчая Гара,134,4,village,UTC+3,Europe/Minsk
297189,BY,\N,Volchiy,Volchiy,1567,3,Village,UTC+3,Europe/Minsk
297190,BY,BY-BR,Vowchyn,Воўчын,505,4,village,UTC+3,Europe/Minsk
297192,BY,BY-VI,Vawcha,Ваўча,144,4,locality,UTC+3,Europe/Minsk
297194,BY,BY-MA,Vokhor,Vokhor,1318,3,Village,UTC+3,Europe/Minsk
297202,BY,BY-VI,Vladychino,Vladychino,4477,3,Neighborhood,UTC+3,Europe/Minsk
297205,BY,BY-VI,Vitunichy,Вітунічы,338,3,locality,UTC+3,Europe/Minsk
297206,BY,BY-VI,Vitebsk,Віцебск,355062,2,CityCR,UTC+3,Europe/Minsk
297207,BY,BY-MI,Vitskovshchina,Віцкаўшчына,114,4,locality,UTC+3,Europe/Minsk
297211,BY,BY-HR,Vitki,Vitki,4308,3,Neighborhood,UTC+3,Europe/Minsk
297212,BY,BY-HO,Vit',Віць,466,4,village,UTC+3,Europe/Minsk
297213,BY,BY-VI,Visyaty,Visyaty,1915,3,Neighborhood,UTC+3,Europe/Minsk
297215,BY,BY-MA,Vishow,Вішоў,1224,4,village,UTC+3,Europe/Minsk
297216,BY,BY-HR,Vishnyewka,Вішнеўка,802,3,Neighborhood,UTC+3,Europe/Minsk
297218,BY,BY-HR,Vishnyeva,Вішнева,7000,4,village,UTC+3,Europe/Minsk
297219,BY,BY-MI,Vishnyovo,Вішнёво,439,4,village,UTC+3,Europe/Minsk
297221,BY,BY-HR,Vishnyuvka,Вішнеўка,116,4,locality,UTC+3,Europe/Minsk
297222,BY,BY-MA,Vishnyowka,Вішнёўка,409,3,locality,UTC+3,Europe/Minsk
297224,BY,BY-VI,Vishkovichi,Vishkovichi,1997,3,Neighborhood,UTC+3,Europe/Minsk
297225,BY,BY-MI,Veshevka,Вяшэўка,264,4,village,UTC+3,Europe/Minsk
297226,BY,BY-HR,Vishevo,Вішава,115,4,locality,UTC+3,Europe/Minsk
297229,BY,BY-HO,Vishenki,Вішанька,63,4,locality,UTC+3,Europe/Minsk
297230,BY,BY-HO,Vishen'ki,Вішанькі,109,4,locality,UTC+3,Europe/Minsk
297236,BY,BY-VI,Virovlya,Віраўля,431,4,village,UTC+3,Europe/Minsk
297238,BY,BY-MA,Virkaw,Віркаў,390,3,locality,UTC+3,Europe/Minsk
297241,BY,BY-BR,Vilyanuv,Vilyanuv,3155,3,Neighborhood,UTC+3,Europe/Minsk
297247,BY,BY-MI,Vileyka,Вілейка,26771,2,City,UTC+3,Europe/Minsk
297248,BY,BY-MA,Vil'chytsy,Вільчыцы,405,3,locality,UTC+3,Europe/Minsk
297252,BY,BY-HR,Vikshnyany,Вікшняны,123,4,locality,UTC+3,Europe/Minsk
297253,BY,BY-HR,Vigushki,Вігушкі,51,4,locality,UTC+3,Europe/Minsk
297256,BY,BY-VI,Vidzy,Відзы,1669,3,Urban Settlement,UTC+3,Europe/Minsk
297257,BY,BY-HR,Videyki,Відзейкі,1095,3,Town,UTC+3,Europe/Minsk
297259,BY,BY-MA,Viduytsy,Відуйцы,114,4,locality,UTC+3,Europe/Minsk
297260,BY,BY-BR,Vidamlya,Відамля,927,4,village,UTC+3,Europe/Minsk
297261,BY,BY-BR,Vidzibor,Відзібор,470,4,village,UTC+3,Europe/Minsk
297263,BY,BY-BR,Vitchin,Вічын,817,4,village,UTC+3,Europe/Minsk
297266,BY,BY-MI,Vezhenka,Vezhenka,858,3,Village,UTC+3,Europe/Minsk
297268,BY,BY-MI,Veyno,Вейна,273,4,village,UTC+3,Europe/Minsk
297269,BY,BY-HO,Vetvitsa,Вецвіца,71,4,locality,UTC+3,Europe/Minsk
297272,BY,BY-MA,Vetrenka,Ветранка,128,4,locality,UTC+3,Europe/Minsk
297273,BY,BY-HO,Vetkhin',Вятхінь,111,4,village,UTC+3,Europe/Minsk
297274,BY,BY-HO,Vyetka,Ветка,8467,2,locality,UTC+3,Europe/Minsk
297276,BY,BY-HO,Vyatchyn,Вятчын,393,4,village,UTC+3,Europe/Minsk
297277,BY,BY-MA,Vyets',Вець,164,4,village,UTC+3,Europe/Minsk
297281,BY,BY-MI,Vyeska,Веска,771,3,Neighborhood,UTC+3,Europe/Minsk
297283,BY,BY-MI,Vyasyeya,Вясея,1322,3,locality,UTC+3,Europe/Minsk
297284,BY,BY-MI,Veselyy Ugol,Vesëlyy Ugol,40839,3,Neighborhood,UTC+3,Europe/Minsk
297285,BY,BY-MI,Vyesyalova,Весялова,374,4,hamlet,UTC+3,Europe/Minsk
297286,BY,BY-HO,Veselovka,Vesëlovka,2174,3,City,UTC+3,Europe/Minsk
297287,BY,BY-MI,Vyertniki,Вертнікі,73,4,locality,UTC+3,Europe/Minsk
297288,BY,BY-HR,Vertelishki,Верцялішкі,3250,4,village,UTC+3,Europe/Minsk
297289,BY,BY-MI,Vershovka,Vershovka,818,3,Village,UTC+3,Europe/Minsk
297292,BY,BY-MI,Vyarkhutsina,Вярхуціна,126,4,village,UTC+3,Europe/Minsk
297294,BY,BY-VI,Vyarkhowye,Вярхоўе,637,3,locality,UTC+3,Europe/Minsk
297296,BY,BY-BR,Vyarkhovichy,Вярховічы,531,4,village,UTC+3,Europe/Minsk
297299,BY,BY-BR,Vyerkhalyessye,Верхалессе,392,4,village,UTC+3,Europe/Minsk
297301,BY,BY-MA,Vyerkhnyaya Toshchytsa,Верхняя Тошчыца,113,4,locality,UTC+3,Europe/Minsk
297302,BY,BY-HO,Vyerkhnyaya Alba,Верхняя Алба,362,3,locality,UTC+3,Europe/Minsk
297305,BY,BY-HO,Verkhniye Zhary,Верхнія Жары,180,4,locality,UTC+3,Europe/Minsk
297306,BY,BY-HO,Kazlovichy,Казловічы,428,4,village,UTC+3,Europe/Minsk
297308,BY,BY-VI,Verkhneye,Верхняе,660,4,village,UTC+3,Europe/Minsk
297309,BY,BY-VI,Verkhneye Krivino,Верхняя Крывіна,291,4,village,UTC+3,Europe/Minsk
297311,BY,BY-VI,Verkhnedvinsk,Верхнядзвінск,7131,2,Village,UTC+3,Europe/Minsk
297312,BY,BY-MI,Vyerkhmyen',Верхмень,100,4,hamlet,UTC+3,Europe/Minsk
297315,BY,BY-MI,Verkaly,Verkaly,1204,3,Neighborhood,UTC+3,Europe/Minsk
297316,BY,BY-HO,Virichev,Virichev,1401,3,Village,UTC+3,Europe/Minsk
297317,BY,BY-MA,Vereytsy,Верайцы,2222,3,Town,UTC+3,Europe/Minsk
297318,BY,BY-HR,Vereyki,Вярэйкі,1122,4,village,UTC+3,Europe/Minsk
297325,BY,BY-HO,Vyerasnitsa,Верасніца,1167,3,locality,UTC+3,Europe/Minsk
297327,BY,BY-HR,Vereskovo,Вераскава,291,4,village,UTC+3,Europe/Minsk
297330,BY,BY-BR,Vereshki,Верашкі,60,4,village,UTC+3,Europe/Minsk
297332,BY,BY-MA,Veremeyki,Верамейкі,1465,4,village,UTC+3,Europe/Minsk
297335,BY,BY-VI,Vyarechcha,Вярэчча,236,4,village,UTC+3,Europe/Minsk
297337,BY,BY-HR,Wierebuszki,Вярэбушкі,52,4,village,UTC+3,Europe/Minsk
297339,BY,BY-HR,Verdomichi,Вердамічы,1051,3,Neighborhood,UTC+3,Europe/Minsk
297342,BY,BY-HO,Verbovichi,Вербавічы,245,4,village,UTC+3,Europe/Minsk
297345,BY,BY-HR,Verbilki,Вярбілкі,215,4,village,UTC+3,Europe/Minsk
297346,BY,BY-HR,Venzovets,Вензавец,597,4,village,UTC+3,Europe/Minsk
297348,BY,BY-HR,Vintsuki,Вінцукі,99,4,locality,UTC+3,Europe/Minsk
297349,BY,BY-MI,Ventsevichi,Ventsevichi,920,3,Neighborhood,UTC+3,Europe/Minsk
297353,BY,BY-MA,Vyendarazh,Вендараж,306,3,locality,UTC+3,Europe/Minsk
297355,BY,BY-MI,Vyalyatsichy,Вяляцічы,1290,4,village,UTC+3,Europe/Minsk
297356,BY,BY-BR,Velyatichi,Вяляцічы,666,3,Neighborhood,UTC+3,Europe/Minsk
297357,BY,BY-VI,Vyelyashkovichy,Веляшковічы,413,3,locality,UTC+3,Europe/Minsk
297360,BY,\N,Vel'ki Karatsk,Карацк,519,4,village,UTC+3,Europe/Minsk
297362,BY,BY-BR,Vyalikiya Vikaravichy,Вялікія Вікаравічы,5219,3,Town,UTC+3,Europe/Minsk
297363,BY,BY-VI,Vyalikaye Syalo,Вялікае Сяло,367,4,village,UTC+3,Europe/Minsk
297365,BY,BY-HR,Razhki Pershyya,Ражкі Першыя,1802,3,Neighborhood,UTC+3,Europe/Minsk
297368,BY,BY-BR,Bol'shaya Lotva,Вялікая Лотва,594,4,village,UTC+3,Europe/Minsk
297369,BY,BY-MI,Velikaya Lipa,Вялікая Ліпа,2021,3,Town,UTC+3,Europe/Minsk
297371,BY,BY-HO,Veletin,Веляцін,1801,3,City,UTC+3,Europe/Minsk
297372,BY,BY-HO,Velin,Велін,127,4,village,UTC+3,Europe/Minsk
297373,BY,BY-VI,Vyalikaye Syalo,Вялікае Сяло,74,4,village,UTC+3,Europe/Minsk
297379,BY,BY-HR,Velikoye Selo,Velikoye Selo,904,3,Neighborhood,UTC+3,Europe/Minsk
297380,BY,BY-BR,Velikoye Selo,Вялікае Сяло,160,4,village,UTC+3,Europe/Minsk
297381,BY,BY-HR,Velikoye Selo,Вялікае Сяло,284,4,village,UTC+3,Europe/Minsk
297383,BY,BY-BR,Vyalikaye Syalo,Вялікае Сяло,411,3,locality,UTC+3,Europe/Minsk
297386,BY,BY-BR,Velikorita,Вялікарыта,327,4,village,UTC+3,Europe/Minsk
297387,BY,BY-MI,Vyelikapollye,Велікаполле,143,3,Neighborhood,UTC+3,Europe/Minsk
297391,BY,BY-HO,Velikiy Les,Вялікі Лес,102,4,locality,UTC+3,Europe/Minsk
297393,BY,BY-HR,Kosichi,Косічы,71,4,village,UTC+3,Europe/Minsk
297394,BY,BY-BR,Velikiye Korchitsy,Корчыцы,769,3,Neighborhood,UTC+3,Europe/Minsk
297395,BY,BY-HR,Hrynki Pyershyya,Грынкі Першыя,271,4,village,UTC+3,Europe/Minsk
297397,BY,BY-BR,Baranki,Баранкі,1085,3,Neighborhood,UTC+3,Europe/Minsk
297400,BY,BY-HO,Vyaliki Bor,Вялікі Бор,914,4,village,UTC+3,Europe/Minsk
297401,BY,BY-HO,Velikiy Bokov,Вялікі Бокаў,142,4,locality,UTC+3,Europe/Minsk
297402,BY,BY-HR,Velikaya Volya,Velikaya Volya,1030,3,Village,UTC+3,Europe/Minsk
297404,BY,BY-MA,Velikaya Starina,Velikaya Starina,977,3,Neighborhood,UTC+3,Europe/Minsk
297406,BY,BY-HR,Velikaya Krakotka,Вялікая Кракотка,619,3,Neighborhood,UTC+3,Europe/Minsk
297407,BY,BY-BR,Vyalikaya Hats',Вялікая Гаць,757,4,village,UTC+3,Europe/Minsk
297409,BY,BY-VI,Vyelyewshchyna,Велеўшчына,339,4,village,UTC+3,Europe/Minsk
297410,BY,BY-VI,Velets,Вялец,73,4,locality,UTC+3,Europe/Minsk
297414,BY,BY-MI,Veleshino,Вялешына,1350,3,Neighborhood,UTC+3,Europe/Minsk
297416,BY,BY-MI,Velen',Velen’,1820,3,Neighborhood,UTC+3,Europe/Minsk
297417,BY,BY-BR,Vyelyamichy,Велямічы,1731,4,village,UTC+3,Europe/Minsk
297419,BY,BY-HO,Valawsk,Валаўск,362,4,village,UTC+3,Europe/Minsk
297422,BY,BY-HR,Vekhotnitsa,Вехатніца,98,4,locality,UTC+3,Europe/Minsk
297427,BY,BY-HR,Voykuntsy,Вайкунцы,105,4,village,UTC+3,Europe/Minsk
297428,BY,BY-HR,Volkovysk,Ваўкавыск,44084,2,village,UTC+3,Europe/Minsk
297429,BY,BY-BR,Vavulichi,Вавулічы,133,4,village,UTC+3,Europe/Minsk
297430,BY,BY-HR,Vavyorka,Вавёрка,776,3,Village,UTC+3,Europe/Minsk
297431,BY,BY-VI,Vatslavovo,Вацлавова,68,4,village,UTC+3,Europe/Minsk
297434,BY,BY-VI,Vasyuki,Васюкі,170,4,locality,UTC+3,Europe/Minsk
297435,BY,BY-HR,Vasyuki,Vasyuki,1272,3,Neighborhood,UTC+3,Europe/Minsk
297439,BY,BY-MA,Vas'kovichi,Васькавічы,971,3,Neighborhood,UTC+3,Europe/Minsk
297440,BY,BY-MA,Vas'kovichi,Васькавічы,179,4,village,UTC+3,Europe/Minsk
297442,BY,\N,Vasil'yevka,Vasil’yevka,186,4,village,UTC+3,Europe/Minsk
297443,BY,BY-HO,Vasil'yevka,Васільеўка,667,4,village,UTC+3,Europe/Minsk
297445,BY,BY-HO,Vasil'kovo,Васількова,185,4,village,UTC+3,Europe/Minsk
297448,BY,BY-HR,Vasilishki,Васілішкі,1668,3,locality,UTC+3,Europe/Minsk
297450,BY,BY-MI,Vasilinki,Васiлiнкi,515,4,village,UTC+3,Europe/Minsk
297451,BY,\N,Vasilevskiye,Vasilevskiye,1613,3,Town,UTC+3,Europe/Minsk
297452,BY,\N,Vasilevo,Васілева,2579,3,Town,UTC+3,Europe/Minsk
297454,BY,BY-HO,Vasilevka,Васілёўка,274,4,village,UTC+3,Europe/Minsk
297455,BY,BY-HO,Vasilevo,Васілева,105,4,locality,UTC+3,Europe/Minsk
297460,BY,BY-HO,Vasilyevichy,Васілевічы,1742,3,Town,UTC+3,Europe/Minsk
297461,BY,BY-HO,Vasilyevichy,Васілевічы,3220,3,City,UTC+3,Europe/Minsk
297464,BY,BY-VI,Vashkovo,Вашкова,93,4,village,UTC+3,Europe/Minsk
297466,BY,BY-VI,Vasevichi,Vasevichi,20851,3,City,UTC+3,Europe/Minsk
297469,BY,BY-VI,Varki,Варкі,121,4,hamlet,UTC+3,Europe/Minsk
297470,BY,BY-VI,Vargany,Varhany,156,4,locality,UTC+3,Europe/Minsk
297471,BY,BY-VI,Vyaren'ki,Вярэнькі,233,3,locality,UTC+3,Europe/Minsk
297474,BY,BY-BR,Vartytsk,Вартыцк,264,4,village,UTC+3,Europe/Minsk
297477,BY,BY-HR,Vangi,Вангі,89,4,village,UTC+3,Europe/Minsk
297478,BY,BY-MI,Vanyelyevichy,Ванелевічы,549,3,locality,UTC+3,Europe/Minsk
297480,BY,BY-MI,Volozhin,Валожын,10015,2,village,UTC+3,Europe/Minsk
297484,BY,BY-BR,Valishcha,Валішча,688,4,village,UTC+3,Europe/Minsk
297485,BY,BY-HR,Valevka,Валеўка,435,3,Neighborhood,UTC+3,Europe/Minsk
297487,BY,BY-MI,Valer'yanovo,Валяр’янава,790,4,village,UTC+3,Europe/Minsk
297488,BY,BY-HO,Valavsk,Валаўск,716,4,village,UTC+3,Europe/Minsk
297490,BY,BY-VI,Uzrechcha,Узрэчча,68,4,village,UTC+3,Europe/Minsk
297491,BY,BY-HO,Uznozh,Узнаж,518,3,Neighborhood,UTC+3,Europe/Minsk
297496,BY,BY-HO,Uznazh,Узнаж,237,4,village,UTC+3,Europe/Minsk
297497,BY,BY-MI,Uznatsk,Узнацк,316,4,village,UTC+3,Europe/Minsk
297498,BY,BY-VI,Uzmyony,Узмёны,367,4,village,UTC+3,Europe/Minsk
297499,BY,BY-MI,Uzliany,Узляны,375,4,village,UTC+3,Europe/Minsk
297501,BY,BY-MI,Uzla,Узла,198,4,village,UTC+3,Europe/Minsk
297503,BY,BY-HO,Uzhynyets,Ужынец,144,4,locality,UTC+3,Europe/Minsk
297505,BY,BY-MI,Uzhanka,Ужанка,343,4,village,UTC+3,Europe/Minsk
297506,BY,BY-MI,Uzha,Ужа,154,4,locality,UTC+3,Europe/Minsk
297507,BY,BY-VI,Uzgoi,Uzgoi,621,3,Neighborhood,UTC+3,Europe/Minsk
297511,BY,BY-MI,Uzda,Узда,10194,2,City,UTC+3,Europe/Minsk
297512,BY,BY-MI,Uzbolot',Узбалаць,91,4,village,UTC+3,Europe/Minsk
297515,BY,BY-HO,Uvaravichy,Уваравічы,2245,4,village,UTC+3,Europe/Minsk
297519,BY,BY-BR,Utsyos,Уцёс,340,3,locality,UTC+3,Europe/Minsk
297520,BY,BY-HO,Ut',Вуць,865,4,hamlet,UTC+3,Europe/Minsk
297521,BY,BY-MI,Usyazha,Усяжа,400,3,Village,UTC+3,Europe/Minsk
297522,BY,BY-VI,Usyany,Усяны,113,4,locality,UTC+3,Europe/Minsk
297525,BY,BY-MA,Usushak,Усушак,62,4,locality,UTC+3,Europe/Minsk
297526,BY,BY-VI,Vustsye,Вусце,770,3,Neighborhood,UTC+3,Europe/Minsk
297529,BY,BY-MA,Ust'ye,Вусце,115,4,village,UTC+3,Europe/Minsk
297532,BY,BY-MA,Usterkhi,Usterkhi,13057,3,City,UTC+3,Europe/Minsk
297534,BY,BY-MA,Ustinovichi,Усцінавічы,143,4,village,UTC+3,Europe/Minsk
297535,BY,BY-MA,Uspol'ye,Усполле,249,3,locality,UTC+3,Europe/Minsk
297537,BY,BY-VI,Usovo,Usovo,1056,3,Village,UTC+3,Europe/Minsk
297543,BY,BY-MA,Usokhi,Usokhi,897,3,Neighborhood,UTC+3,Europe/Minsk
297544,BY,BY-MA,Usokhi,Усохі,246,4,village,UTC+3,Europe/Minsk
297545,BY,BY-HO,Usokhi,Усохі,80,4,locality,UTC+3,Europe/Minsk
297551,BY,BY-VI,Ushachi,Ушачы,5773,2,village,UTC+3,Europe/Minsk
297552,BY,BY-MI,Usha Pervaya,Уша,167,4,village,UTC+3,Europe/Minsk
297553,BY,BY-HR,Usha,Уша,112,4,village,UTC+3,Europe/Minsk
297555,BY,BY-MA,Usakina,Усакіна,170,4,hamlet,UTC+3,Europe/Minsk
297558,BY,BY-MI,Urzecze,Urzecze,953,3,Neighborhood,UTC+3,Europe/Minsk
297559,BY,BY-MI,Urechcha,Урэчча,3300,4,village,UTC+3,Europe/Minsk
297561,BY,BY-VI,Urbany,Урбаны,162,4,hamlet,UTC+3,Europe/Minsk
297563,BY,BY-BR,Upirovo,Упірава,243,4,village,UTC+3,Europe/Minsk
297564,BY,\N,Unoshev,Unoshev,32649,3,City,UTC+3,Europe/Minsk
297565,BY,BY-HO,Unoritsa,Унорыца,82,4,village,UTC+3,Europe/Minsk
297566,BY,BY-VI,Una,Уна,121,4,hamlet,UTC+3,Europe/Minsk
297568,BY,BY-VI,Ikonki,Ikonki,504,4,village,UTC+3,Europe/Minsk
297571,BY,BY-VI,Ul'yanovichi,Ульянавічы,471,3,Neighborhood,UTC+3,Europe/Minsk
297572,BY,BY-HO,Ulukawye,Улукаўе,737,3,locality,UTC+3,Europe/Minsk
297575,BY,BY-VI,Ulla,Ула,1069,3,locality,UTC+3,Europe/Minsk
297581,BY,BY-MI,Ulanovshchina,Уланаўшчына,76,4,village,UTC+3,Europe/Minsk
297582,BY,BY-MA,Vyalikaye Ulanava,Вялікае Уланава,195,4,village,UTC+3,Europe/Minsk
297586,BY,BY-VI,Ukleyenka,Ukleyenka,1143,3,Neighborhood,UTC+3,Europe/Minsk
297588,BY,BY-MI,Ukhvala,Ухвала,907,4,village,UTC+3,Europe/Minsk
297590,BY,BY-BR,Uglyany,Вугляны,124,4,locality,UTC+3,Europe/Minsk
297593,BY,BY-MA,Ugol'shchina,Вугольшчына,58,4,locality,UTC+3,Europe/Minsk
297595,BY,BY-BR,Ugolets,Вугалец,274,3,locality,UTC+3,Europe/Minsk
297596,BY,\N,Ugol,Ugol,815,3,Neighborhood,UTC+3,Europe/Minsk
297598,BY,BY-BR,Melenkovo,Мелянкова,68,4,locality,UTC+3,Europe/Minsk
297599,BY,BY-HR,Uglyany,Вугляны,62,4,locality,UTC+3,Europe/Minsk
297601,BY,BY-MI,Uglyany,Вугляны,58,4,village,UTC+3,Europe/Minsk
297602,BY,\N,Uglyane,Uglyane,68,4,village,UTC+3,Europe/Minsk
297608,BY,BY-MI,Ugly,Вуглы,125,4,locality,UTC+3,Europe/Minsk
297609,BY,BY-HR,Ugly,Вуглы,64,4,locality,UTC+3,Europe/Minsk
297610,BY,BY-MI,Ugly,Вуглы,151,4,locality,UTC+3,Europe/Minsk
297611,BY,BY-MI,Ugly,Вуглы,2048,3,Neighborhood,UTC+3,Europe/Minsk
297613,BY,BY-BR,Ugly,Вуглы,79,4,village,UTC+3,Europe/Minsk
297614,BY,BY-HO,Ugly,Вуглы,81,4,village,UTC+3,Europe/Minsk
297615,BY,BY-HO,Ugly,Вуглы,76,4,village,UTC+3,Europe/Minsk
297616,BY,BY-HO,Ugly,Вуглы,262,4,village,UTC+3,Europe/Minsk
297619,BY,BY-MA,Udoga,Удога,204,4,village,UTC+3,Europe/Minsk
297620,BY,BY-VI,Udelo,Удзела,1338,3,Neighborhood,UTC+3,Europe/Minsk
297621,BY,BY-HO,Udalevka,Удалёўка,670,3,Village,UTC+3,Europe/Minsk
297622,BY,BY-HO,Ubortskaya Rudnya,Убарцкая Рудня,119,4,locality,UTC+3,Europe/Minsk
297623,BY,BY-MI,Uborok,Uborok,794,3,Village,UTC+3,Europe/Minsk
297626,BY,BY-HO,Uborak,Уборак,598,4,village,UTC+3,Europe/Minsk
297628,BY,BY-MI,Ubolot'ye,Ubolot’ye,1195,3,Neighborhood,UTC+3,Europe/Minsk
297631,BY,BY-HO,Ubolot',Ubolot’,1647,3,Village,UTC+3,Europe/Minsk
297633,BY,BY-BR,Tyukhinichi,Цюхінічы,482,4,village,UTC+3,Europe/Minsk
297634,BY,BY-BR,Tyshkavichy,Тышкавічы,1338,4,village,UTC+3,Europe/Minsk
297639,BY,BY-VI,Tyasty,Цясты,111,4,hamlet,UTC+3,Europe/Minsk
297640,BY,BY-VI,Tyapino,Цяпіна,293,3,locality,UTC+3,Europe/Minsk
297641,BY,BY-MA,Tverdovo,Tvërdovo,201,4,village,UTC+3,Europe/Minsk
297642,BY,BY-HO,Tvarychawka,Тварычаўка,447,3,Neighborhood,UTC+3,Europe/Minsk
297647,BY,BY-HR,Tushemlya,Тушемля,110,4,village,UTC+3,Europe/Minsk
297651,BY,BY-MA,"Tur""ye",Тур’е,557,3,Village,UTC+3,Europe/Minsk
297653,BY,BY-HO,Tursk,Турск,290,4,hamlet,UTC+3,Europe/Minsk
297657,BY,BY-HO,Turovichi,Туравічы,99,4,village,UTC+3,Europe/Minsk
297659,BY,BY-HO,Turau,Тураў,2846,3,City,UTC+3,Europe/Minsk
297662,BY,BY-HO,Turok,Турок,215,4,hamlet,UTC+3,Europe/Minsk
297663,BY,BY-BR,Turnaya,Турная,197,4,village,UTC+3,Europe/Minsk
297664,BY,BY-BR,Turna Vyalikaya,Турна Вялікая,575,4,village,UTC+3,Europe/Minsk
297667,BY,BY-VI,Turkovo,Туркова,274,4,village,UTC+3,Europe/Minsk
297669,BY,BY-MA,Turki,Туркі,320,4,village,UTC+3,Europe/Minsk
297671,BY,BY-MI,Turyn,Турын,367,4,village,UTC+3,Europe/Minsk
297673,BY,\N,Turets,Turets,3540,3,Neighborhood,UTC+3,Europe/Minsk
297674,BY,BY-MI,Turets,Турэц,826,4,village,UTC+3,Europe/Minsk
297675,BY,BY-HR,Turets,Турэц,630,4,village,UTC+3,Europe/Minsk
297678,BY,BY-MA,Tupichin,Тупічына,685,4,village,UTC+3,Europe/Minsk
297679,BY,BY-HR,Tupichany,Тупічаны,83,4,locality,UTC+3,Europe/Minsk
297681,BY,BY-VI,Tumilavichy,Тумілавічы,317,4,village,UTC+3,Europe/Minsk
297682,BY,\N,Tumentsy,Tumentsy,3559,3,Town,UTC+3,Europe/Minsk
297687,BY,BY-VI,Tulovo,Тулава,1820,4,village,UTC+3,Europe/Minsk
297689,BY,BY-HR,Tulichava,Тулічава,845,3,Neighborhood,UTC+3,Europe/Minsk
297690,BY,BY-BR,Tukhavichy,Тухавічы,920,3,locality,UTC+3,Europe/Minsk
297692,BY,BY-MA,Tudorovo,Тударава,167,4,village,UTC+3,Europe/Minsk
297694,BY,BY-MI,Tucha,Туча,632,3,locality,UTC+3,Europe/Minsk
297695,BY,BY-VI,Tsygany,Tsygany,785,3,Village,UTC+3,Europe/Minsk
297696,BY,BY-BR,Tsygane,Цыгань,61,4,village,UTC+3,Europe/Minsk
297702,BY,BY-HR,Tsudenishki,Цудзенішкі,178,4,village,UTC+3,Europe/Minsk
297704,BY,BY-MI,Tsna,Tsna,1866,3,Neighborhood,UTC+3,Europe/Minsk
297706,BY,BY-BR,Tsna,Цна,3930,4,village,UTC+3,Europe/Minsk
297708,BY,BY-MI,Tsitva,Цітва,557,3,Neighborhood,UTC+3,Europe/Minsk
297709,BY,BY-HR,Tsyryn,Цырын,817,3,Neighborhood,UTC+3,Europe/Minsk
297710,BY,BY-MI,Tsintsevichi,Цынцавічы,158,4,village,UTC+3,Europe/Minsk
297711,BY,BY-HR,Tsidovichi,Цідовічы,154,4,village,UTC+3,Europe/Minsk
297719,BY,BY-MI,Tsepra,Цапра,229,3,locality,UTC+3,Europe/Minsk
297720,BY,BY-HR,Tsepenyata,Tsepenyata,1292,3,Neighborhood,UTC+3,Europe/Minsk
297722,BY,BY-VI,Tilevtsy,Tilevtsy,842,3,Village,UTC+3,Europe/Minsk
297723,BY,BY-MI,Tselevichi,Цалевічы,245,4,village,UTC+3,Europe/Minsk
297729,BY,\N,Tsarovtsy,Tsarovtsy,1501,3,Neighborhood,UTC+3,Europe/Minsk
297732,BY,BY-MI,Tridany,Tridany,2584,3,Neighborhood,UTC+3,Europe/Minsk
297733,BY,BY-BR,Trushevo,Трушава,100,4,locality,UTC+3,Europe/Minsk
297734,BY,BY-VI,Trushchi,Trushchi,736,3,Neighborhood,UTC+3,Europe/Minsk
297737,BY,BY-HR,Trakhimavichy,Трахімавічы,441,4,village,UTC+3,Europe/Minsk
297738,BY,BY-MI,Truchanavicy,Труханавічы,126,4,hamlet,UTC+3,Europe/Minsk
297739,BY,BY-VI,Trudy,Труды,148,4,hamlet,UTC+3,Europe/Minsk
297742,BY,BY-MI,Traychany,Трайчаны,693,3,Neighborhood,UTC+3,Europe/Minsk
297745,BY,BY-MI,Troyanovo,Troyanovo,485,3,Neighborhood,UTC+3,Europe/Minsk
297746,BY,BY-MI,Trayanawka,Траянаўка,854,3,Neighborhood,UTC+3,Europe/Minsk
297748,BY,BY-HR,Trostyanka,Трасцянка,1689,3,Neighborhood,UTC+3,Europe/Minsk
297750,BY,BY-MA,Trastsino,Трасціно,649,4,village,UTC+3,Europe/Minsk
297751,BY,BY-VI,Trosnitsa,Тросніца,289,3,locality,UTC+3,Europe/Minsk
297755,BY,BY-HR,Troshchytsy,Трошчыцы,102,4,locality,UTC+3,Europe/Minsk
297757,BY,BY-HR,Trakyeli,Тракелі,541,4,village,UTC+3,Europe/Minsk
297759,BY,BY-MA,Trilesino,Трылесіна,1219,3,Village,UTC+3,Europe/Minsk
297760,BY,BY-MA,Trilesino,Трылесіна,119,4,village,UTC+3,Europe/Minsk
297764,BY,BY-HR,Tret'yakovtsy,Траццякоўцы,153,4,village,UTC+3,Europe/Minsk
297768,BY,BY-MA,Travna,Travna,152,3,Neighborhood,UTC+3,Europe/Minsk
297769,BY,BY-BR,Tratsevichi,Tratsevichi,18635,3,Neighborhood,UTC+3,Europe/Minsk
297770,BY,BY-MI,Traskowshchyna,Траскоўшчына,206,4,village,UTC+3,Europe/Minsk
297772,BY,BY-VI,Trakhimovo,Trakhimovo,1579,3,Neighborhood,UTC+3,Europe/Minsk
297773,BY,BY-HR,Traby,Трабы,848,4,village,UTC+3,Europe/Minsk
297777,BY,BY-HR,Torkachi,Таркачы,363,4,village,UTC+3,Europe/Minsk
297778,BY,BY-VI,Tarhuny,Таргуны,580,3,Neighborhood,UTC+3,Europe/Minsk
297781,BY,BY-VI,Torchilovo,Тарчылава,1165,3,Neighborhood,UTC+3,Europe/Minsk
297787,BY,BY-MI,Tonovo,Тонава,443,3,locality,UTC+3,Europe/Minsk
297788,BY,BY-HO,Tonezh,Тонеж,725,3,locality,UTC+3,Europe/Minsk
297789,BY,BY-HO,Tomino,Tomino,22331,3,City,UTC+3,Europe/Minsk
297790,BY,BY-BR,Tomashovka,Тамашоўка,1015,4,village,UTC+3,Europe/Minsk
297797,BY,BY-VI,Tolochin,Талачын,9899,2,village,UTC+3,Europe/Minsk
297798,BY,BY-MI,Tolmachevo,Tolmachëvo,783,3,Neighborhood,UTC+3,Europe/Minsk
297799,BY,BY-BR,Tolmachevo,Талмачава,519,4,village,UTC+3,Europe/Minsk
297801,BY,BY-BR,Tolkovo,Толкава,131,4,locality,UTC+3,Europe/Minsk
297802,BY,BY-MA,Tolkachi,Таўкачы,105,4,village,UTC+3,Europe/Minsk
297804,BY,BY-MI,Tawkachevichy Pyershyya,Таўкачэвічы Першыя,149,4,village,UTC+3,Europe/Minsk
297806,BY,BY-HR,Takaryshki,Такарышкі,112,4,village,UTC+3,Europe/Minsk
297809,BY,BY-BR,Tkachy,Ткачы,86,4,locality,UTC+3,Europe/Minsk
297812,BY,BY-MA,Titovka,Цітаўка,61,4,locality,UTC+3,Europe/Minsk
297815,BY,BY-MA,Tsishowka,Цішоўка,1008,4,village,UTC+3,Europe/Minsk
297817,BY,BY-HO,Tishkovka,Цішкаўка,185,4,locality,UTC+3,Europe/Minsk
297819,BY,BY-VI,Tinkovtsy,Цінкаўцы,95,4,village,UTC+3,Europe/Minsk
297820,BY,BY-VI,Timoshkovo,Цімошкава,133,4,village,UTC+3,Europe/Minsk
297823,BY,BY-HO,Timoshevichi,Цімашэвічы,96,4,locality,UTC+3,Europe/Minsk
297824,BY,BY-MA,Tsimanava,Ціманава,1764,3,locality,UTC+3,Europe/Minsk
297826,BY,BY-MA,Timokhovka,Timokhovka,7985,3,Neighborhood,UTC+3,Europe/Minsk
297827,BY,BY-MI,Tsimkavichy,Цімкавічы,1299,4,village,UTC+3,Europe/Minsk
297830,BY,BY-HR,Tikhovolya,Ціхаволя,207,4,village,UTC+3,Europe/Minsk
297832,BY,BY-MI,Tikhon',Tikhon’,53,4,village,UTC+3,Europe/Minsk
297833,BY,BY-HO,Tsikhinichy,Ціхінічы,1584,4,village,UTC+3,Europe/Minsk
297836,BY,BY-MI,Chyzhakha,Чыжаха,180,4,village,UTC+3,Europe/Minsk
297837,BY,BY-MA,Teykovichi,Цейкавічы,163,4,locality,UTC+3,Europe/Minsk
297838,BY,BY-BR,Tewli,Тэўлі,3565,3,Neighborhood,UTC+3,Europe/Minsk
297839,BY,BY-VI,Tsyatsyerki,Цяцеркі,1548,3,City,UTC+3,Europe/Minsk
297841,BY,BY-MA,Tsyatsyeryn,Цяцерын,475,3,locality,UTC+3,Europe/Minsk
297842,BY,BY-MI,Tsyetsyeravyets,Цецеравец,161,4,locality,UTC+3,Europe/Minsk
297844,BY,BY-MI,Tesovo,Цясова,585,3,locality,UTC+3,Europe/Minsk
297845,BY,BY-HO,Tesny,Цясны,131,4,village,UTC+3,Europe/Minsk
297846,BY,BY-HO,Tesnovoye,Цеснавое,74,4,locality,UTC+3,Europe/Minsk
297850,BY,BY-HO,Tsyerukha,Церуха,840,3,locality,UTC+3,Europe/Minsk
297851,BY,BY-MI,Staryye Terushki,Старыя Цярушкі,583,4,village,UTC+3,Europe/Minsk
297854,BY,BY-HR,Teraspol',Teraspol’,1477,3,Neighborhood,UTC+3,Europe/Minsk
297856,BY,BY-HO,Tsyarenichy,Цярэнічы,746,3,Neighborhood,UTC+3,Europe/Minsk
297858,BY,BY-MA,Terekhovka,Церахоўка,131,4,locality,UTC+3,Europe/Minsk
297860,BY,BY-HO,Terekhovka,Церахоўка,2979,3,locality,UTC+3,Europe/Minsk
297863,BY,BY-HO,Terebov,Церабаў,298,4,village,UTC+3,Europe/Minsk
297864,BY,BY-BR,Tsyerablichy,Цераблічы,947,4,village,UTC+3,Europe/Minsk
297866,BY,BY-BR,Nizhniy Terebezhov,Ніжні Церабяжоў,459,4,village,UTC+3,Europe/Minsk
297867,BY,BY-MI,Tsyerabyeynaye,Церабейнае,122,4,village,UTC+3,Europe/Minsk
297874,BY,BY-MA,Teplukhi,Цяплухі,149,4,village,UTC+3,Europe/Minsk
297876,BY,BY-MI,Tsyeplyen',Цеплень,862,3,Neighborhood,UTC+3,Europe/Minsk
297878,BY,BY-MA,Tsyemravichy,Цемравічы,468,3,Village,UTC+3,Europe/Minsk
297879,BY,BY-MA,Tsyomny Lyes,Цёмны Лес,433,4,village,UTC+3,Europe/Minsk
297881,BY,\N,Telyuki,Telyuki,1302,3,Village,UTC+3,Europe/Minsk
297882,BY,\N,Telyatnikova,Telyatnikova,845,3,Neighborhood,UTC+3,Europe/Minsk
297883,BY,BY-MA,Tsyelyashy,Целяшы,977,3,Village,UTC+3,Europe/Minsk
297885,BY,BY-MI,Tsyalyakava,Цялякава,185,4,village,UTC+3,Europe/Minsk
297889,BY,BY-MA,Tsyalusha,Цялуша,485,4,village,UTC+3,Europe/Minsk
297890,BY,BY-BR,Tel'my Vtorye,Тэльмы 2,273,3,locality,UTC+3,Europe/Minsk
297891,BY,BY-BR,Tel'my Pyershyya,Тэльмы Першыя,1985,3,locality,UTC+3,Europe/Minsk
297893,BY,BY-HO,Tsyelyashy,Целяшы,586,4,village,UTC+3,Europe/Minsk
297896,BY,BY-BR,Tsyelyakhany,Целяханы,3767,4,village,UTC+3,Europe/Minsk
297898,BY,BY-MA,Tsyakhtsin,Цяхцін,745,3,Neighborhood,UTC+3,Europe/Minsk
297899,BY,BY-MA,Tekhanichi,Tekhanichi,40784,3,City,UTC+3,Europe/Minsk
297900,BY,BY-MA,Tazhilovichi,Тажылавічы,111,4,village,UTC+3,Europe/Minsk
297901,BY,BY-MA,Taymanava,Тайманава,349,3,locality,UTC+3,Europe/Minsk
297905,BY,BY-VI,Tatarsk,Татарск,142,4,hamlet,UTC+3,Europe/Minsk
297908,BY,BY-MA,Tatarkovichi,Tatarkovichi,2871,3,Neighborhood,UTC+3,Europe/Minsk
297909,BY,BY-MA,Tatarka,Татарка,770,3,Industrial Settlement,UTC+3,Europe/Minsk
297916,BY,BY-MI,Tarasovo,Тарасава,1000,4,village,UTC+3,Europe/Minsk
297917,BY,BY-HO,Tarasovka,Тарасаўка,20728,3,City,UTC+3,Europe/Minsk
297921,BY,BY-VI,Tarasyenki,Тарасенкі,178,4,village,UTC+3,Europe/Minsk
297923,BY,BY-MA,Taranovo,Таранава,276,3,locality,UTC+3,Europe/Minsk
297926,BY,BY-MI,Tanyezhytsy,Танежыцы,654,4,village,UTC+3,Europe/Minsk
297927,BY,BY-HR,Tanyevichy,Таневічы,92,4,village,UTC+3,Europe/Minsk
297929,BY,BY-MI,Taluts,Талуць,97,4,locality,UTC+3,Europe/Minsk
297930,BY,BY-HR,Talminovo,Талмінава,138,4,locality,UTC+3,Europe/Minsk
297931,BY,BY-BR,Talminowicze,Тальмінавічы,451,3,locality,UTC+3,Europe/Minsk
297932,BY,BY-HR,Tal'kovtsy,Талькаўцы,108,4,village,UTC+3,Europe/Minsk
297934,BY,BY-MI,Tal'ka,Талька,373,4,village,UTC+3,Europe/Minsk
297936,BY,BY-MI,Tal',Таль,1231,4,village,UTC+3,Europe/Minsk
297938,BY,BY-BR,Tabulki,Табулкі,490,4,village,UTC+3,Europe/Minsk
297939,BY,BY-HR,Tabola,Табала,148,4,village,UTC+3,Europe/Minsk
297945,BY,BY-HR,Syravatki,Сыраваткі,409,4,village,UTC+3,Europe/Minsk
297946,BY,\N,Syrochin,Syrochin,199,4,village,UTC+3,Europe/Minsk
297947,BY,BY-MI,Syrmyezh,Сырмеж,120,4,village,UTC+3,Europe/Minsk
297948,BY,BY-HR,Synkovichi,Сынкавичы,200,4,village,UTC+3,Europe/Minsk
297952,BY,BY-MA,Sychkava,Сычкава,364,4,village,UTC+3,Europe/Minsk
297955,BY,BY-BR,Sychi,Сычы,53,4,locality,UTC+3,Europe/Minsk
297957,BY,BY-BR,Sychevo,Сычэва,217,4,village,UTC+3,Europe/Minsk
297958,BY,BY-BR,Sychevo,Сычова,57,4,village,UTC+3,Europe/Minsk
297959,BY,BY-MI,Sychevichi,Сычавічы,120,4,village,UTC+3,Europe/Minsk
297962,BY,BY-BR,Syalyets,Сялец,752,4,village,UTC+3,Europe/Minsk
297964,BY,\N,Svyatsk-Velikiy,Svyatsk-Velikiy,32,3,Neighborhood,UTC+3,Europe/Minsk
297965,BY,\N,Svyatsk-Gurny,Svyatsk-Gurny,1070,3,Neighborhood,UTC+3,Europe/Minsk
297968,BY,BY-BR,Svyatsitsa,Свяціца,642,4,village,UTC+3,Europe/Minsk
297969,BY,BY-BR,Svyataya Volya,Святая Воля,440,4,village,UTC+3,Europe/Minsk
297973,BY,BY-BR,Svoyatichi,Сваятычы,273,4,village,UTC+3,Europe/Minsk
297978,BY,BY-VI,Svistelki,Свісцёлкі,172,4,village,UTC+3,Europe/Minsk
297979,BY,BY-MA,Svislach,Свіслач,738,3,locality,UTC+3,Europe/Minsk
297980,BY,BY-HR,Svislach,Свіслач,6605,2,City,UTC+3,Europe/Minsk
297982,BY,BY-BR,Svirany,Свіраны,175,4,hamlet,UTC+3,Europe/Minsk
297985,BY,BY-HO,Svirydavichy,Свірыдавічы,247,4,village,UTC+3,Europe/Minsk
297987,BY,BY-VI,Svirany,Свіраны,204,4,hamlet,UTC+3,Europe/Minsk
297989,BY,BY-MI,Svir,Свір,1055,3,Urban Settlement,UTC+3,Europe/Minsk
297993,BY,BY-HR,Svily,Свілы,151,4,hamlet,UTC+3,Europe/Minsk
297999,BY,BY-MI,Svidichi,Свідзічы,627,3,Neighborhood,UTC+3,Europe/Minsk
298002,BY,BY-HO,Svetlogorsk,Светлагорск,64468,2,Town,UTC+3,Europe/Minsk
298003,BY,BY-MI,Svetlitsa,Святліца,208,4,village,UTC+3,Europe/Minsk
298005,BY,BY-MA,Svyatsilavichy,Свяцілавічы,506,3,locality,UTC+3,Europe/Minsk
298006,BY,BY-HO,Svyatsilavichy,Свяцілавічы,980,4,village,UTC+3,Europe/Minsk
298007,BY,BY-HO,Sverzhen',Свержань,51,4,village,UTC+3,Europe/Minsk
298013,BY,BY-HO,Svedskoye,Сведскае,216,4,village,UTC+3,Europe/Minsk
298014,BY,BY-HO,Svidera,Свідзера,717,3,Neighborhood,UTC+3,Europe/Minsk
298015,BY,BY-VI,Svecha,Свяча,260,4,village,UTC+3,Europe/Minsk
298018,BY,BY-VI,Svatashytsy,Сваташыцы,365,3,locality,UTC+3,Europe/Minsk
298019,BY,BY-MI,Svatki,Сваткі,1242,3,Neighborhood,UTC+3,Europe/Minsk
298022,BY,BY-MI,Sutoki,Сутокі,114,4,hamlet,UTC+3,Europe/Minsk
298026,BY,BY-BR,Sutki,Суткі,107,4,hamlet,UTC+3,Europe/Minsk
298027,BY,BY-MI,Sutsin,Суцін,307,4,village,UTC+3,Europe/Minsk
298029,BY,BY-BR,Sushitsk,Сушыцк,169,4,locality,UTC+3,Europe/Minsk
298033,BY,BY-MA,Sushchev,Sushchev,132767,3,City,UTC+3,Europe/Minsk
298034,BY,BY-VI,Susha,Суша,209,4,village,UTC+3,Europe/Minsk
298035,BY,BY-MA,Susha,Суша,134,4,locality,UTC+3,Europe/Minsk
298038,BY,BY-HR,Surynka,Сурынка,428,4,village,UTC+3,Europe/Minsk
298041,BY,BY-VI,Surovni,Сураўні,256,3,locality,UTC+3,Europe/Minsk
298045,BY,BY-VI,Surazh,Сураж,960,4,Town,UTC+3,Europe/Minsk
298046,BY,BY-HR,Surazh,Сураж,230,4,village,UTC+3,Europe/Minsk
298047,BY,BY-HR,Supronenty,Супраненты,110,4,village,UTC+3,Europe/Minsk
298051,BY,BY-MI,Sunai,Сунаі,137,4,hamlet,UTC+3,Europe/Minsk
298052,BY,BY-MA,Sumarokovo,Сумарокава,464,4,village,UTC+3,Europe/Minsk
298053,BY,BY-HR,Sulyatichi,Суляцічы,3417,3,Town,UTC+3,Europe/Minsk
298055,BY,BY-BR,Sulichevo,Сулічава,290,3,locality,UTC+3,Europe/Minsk
298056,BY,BY-MA,Sulevo,Sulevo,2139,3,Neighborhood,UTC+3,Europe/Minsk
298059,BY,BY-VI,Suklino,Сукліна,2559,3,Neighborhood,UTC+3,Europe/Minsk
298061,BY,BY-HR,Sukhval'nya,Сухвальня,154,4,locality,UTC+3,Europe/Minsk
298063,BY,BY-BR,Sukhoye,Сухое,478,4,village,UTC+3,Europe/Minsk
298065,BY,BY-HO,Sukhovichi,Сухавічы,84,4,village,UTC+3,Europe/Minsk
298069,BY,BY-BR,Sukhopal',Сухопаль,393,3,locality,UTC+3,Europe/Minsk
298071,BY,BY-MI,Sukhlichi,Сухлічы,173,4,locality,UTC+3,Europe/Minsk
298072,BY,BY-HR,Sukhinichi,Сухінічы,308,3,locality,UTC+3,Europe/Minsk
298073,BY,\N,Sukhaya Milya,Sukhaya Milya,42060,3,Neighborhood,UTC+3,Europe/Minsk
298075,BY,BY-HR,Sukhaya Dolina,Сухая Даліна,80,4,locality,UTC+3,Europe/Minsk
298077,BY,BY-MA,Sukhary,Сухары,599,4,village,UTC+3,Europe/Minsk
298082,BY,BY-MI,Suhvazdy,Сугвазды,323,3,Neighborhood,UTC+3,Europe/Minsk
298084,BY,BY-MA,Sudzily,Судзілы,161,4,hamlet,UTC+3,Europe/Minsk
298087,BY,BY-MI,Sudniki,Суднікі,287,4,hamlet,UTC+3,Europe/Minsk
298088,BY,\N,Sudniki,Sudniki,20892,3,City,UTC+3,Europe/Minsk
298093,BY,BY-HR,Subochi,Субачы,710,3,locality,UTC+3,Europe/Minsk
298094,BY,BY-BR,Subaty,Субаты,95,4,hamlet,UTC+3,Europe/Minsk
298095,BY,BY-HR,Subotniki,Суботнікі,716,4,village,UTC+3,Europe/Minsk
298099,BY,BY-MA,Stupeni,Ступяні,240,4,village,UTC+3,Europe/Minsk
298104,BY,BY-MI,Studzenki,Студзёнкі,381,3,locality,UTC+3,Europe/Minsk
298107,BY,BY-MI,Studenka,Studënka,8560,3,Neighborhood,UTC+3,Europe/Minsk
298111,BY,BY-MI,Studzyonka,Студзёнка,206,3,locality,UTC+3,Europe/Minsk
298114,BY,BY-HR,Studzyenki,Студзенкі,256,3,locality,UTC+3,Europe/Minsk
298116,BY,BY-MA,Studenets,Студзянец,72,4,locality,UTC+3,Europe/Minsk
298117,BY,BY-MA,Studenets,Сцюдзянец,557665,3,City,UTC+3,Europe/Minsk
298119,BY,BY-HO,Studenaya Guta,Студзёная Гута,132,4,village,UTC+3,Europe/Minsk
298121,BY,BY-MI,Stetski,Сцяцкі,481,3,locality,UTC+3,Europe/Minsk
298123,BY,\N,Stsepenevo,Stsepenevo,244,4,village,UTC+3,Europe/Minsk
298124,BY,\N,Stsenka,Stsenka,877,4,village,UTC+3,Europe/Minsk
298128,BY,BY-MI,Strupen',Струпень,140,4,locality,UTC+3,Europe/Minsk
298129,BY,BY-VI,Strun'ye,Strun’ye,898,3,Neighborhood,UTC+3,Europe/Minsk
298133,BY,BY-HO,Strukachow,Струкачоў,309,3,locality,UTC+3,Europe/Minsk
298134,BY,BY-HR,Struga,Струга,128,4,locality,UTC+3,Europe/Minsk
298135,BY,BY-BR,Struha,Струга,972,4,village,UTC+3,Europe/Minsk
298136,BY,\N,Stroma,Строма,924,3,Neighborhood,UTC+3,Europe/Minsk
298138,BY,\N,Strizhki,Strizhki,1198,3,Neighborhood,UTC+3,Europe/Minsk
298140,BY,BY-HR,Strypuny,Стрыпуны,149,4,hamlet,UTC+3,Europe/Minsk
298142,BY,BY-BR,Strii,Стрыі,175,4,locality,UTC+3,Europe/Minsk
298143,BY,BY-BR,Stryhava,Стрыгава,573,4,village,UTC+3,Europe/Minsk
298144,BY,BY-BR,Stryhin',Стрыгінь,713,4,village,UTC+3,Europe/Minsk
298145,BY,BY-VI,Strigi,Стрыгі,820,4,village,UTC+3,Europe/Minsk
298146,BY,BY-BR,Striganets,Стрыганец,286,4,village,UTC+3,Europe/Minsk
298147,BY,BY-HO,Streshyn,Стрэшын,982,4,village,UTC+3,Europe/Minsk
298148,BY,BY-HR,Strel'tsy Pervyye,Стральцы,135,4,locality,UTC+3,Europe/Minsk
298149,BY,BY-VI,Strel'tsovo,Стральцова,1011,3,Neighborhood,UTC+3,Europe/Minsk
298152,BY,\N,Strelka,Strelka,1784,3,Neighborhood,UTC+3,Europe/Minsk
298153,BY,BY-HO,Strelichevo,Стралічава,883,3,locality,UTC+3,Europe/Minsk
298154,BY,BY-HR,Strela,Страла,85,4,village,UTC+3,Europe/Minsk
298157,BY,BY-VI,Strazhevichi,Стражавічы,181,4,village,UTC+3,Europe/Minsk
298158,BY,BY-HO,Strakovichi,Стракавічы,306,4,village,UTC+3,Europe/Minsk
298159,BY,BY-BR,Stradzyech,Страдзеч,1579,4,village,UTC+3,Europe/Minsk
298163,BY,BY-MA,Stoyalovo,Стаялава,663,3,Neighborhood,UTC+3,Europe/Minsk
298164,BY,BY-MI,Stowbtsy,Стоўбцы,16646,2,City,UTC+3,Europe/Minsk
298165,BY,BY-BR,Stoshany,Сташаны,341,3,locality,UTC+3,Europe/Minsk
298167,BY,BY-HO,Storozhovtsy,Старажоўцы,256,4,village,UTC+3,Europe/Minsk
298168,BY,BY-BR,Stawpy,Стаўпы,107,4,village,UTC+3,Europe/Minsk
298169,BY,BY-HO,Stowpnya,Стоўпня,462,3,locality,UTC+3,Europe/Minsk
298170,BY,BY-MA,Stawpishchy,Стаўпішчы,498,4,village,UTC+3,Europe/Minsk
298172,BY,BY-BR,Stalovichy,Сталовічы,671,3,Town,UTC+3,Europe/Minsk
298174,BY,BY-BR,Stolin,Столін,13038,2,City,UTC+3,Europe/Minsk
298175,BY,BY-MI,Stolbunovichi,Стаўбуновічы,143,4,village,UTC+3,Europe/Minsk
298176,BY,BY-HO,Stawbun,Стаўбун,1116,4,village,UTC+3,Europe/Minsk
298178,BY,BY-HR,Stoki,Стокі,120,4,hamlet,UTC+3,Europe/Minsk
298179,BY,BY-VI,Stodola,Stodola,781,3,Village,UTC+3,Europe/Minsk
298180,BY,BY-HO,Stodolichi,Стадолічы,801,2,village,UTC+3,Europe/Minsk
298181,BY,\N,Stytychava,Стытычава,609,4,village,UTC+3,Europe/Minsk
298183,BY,BY-HO,Stezhernoye,Сцежарнае,498,3,Neighborhood,UTC+3,Europe/Minsk
298187,BY,BY-MI,Steshitsy,Сцешыцы,373,4,village,UTC+3,Europe/Minsk
298188,BY,BY-HR,Sterkovo,Сцеркава,203,3,locality,UTC+3,Europe/Minsk
298189,BY,BY-HO,Stepy,Сцяпы,403,3,locality,UTC+3,Europe/Minsk
298194,BY,BY-HO,Stepanovka,Stepanovka,1419,3,Neighborhood,UTC+3,Europe/Minsk
298197,BY,BY-BR,Stsyapanki,Сцяпанкі,272,4,village,UTC+3,Europe/Minsk
298198,BY,BY-HO,Step',Стэп,290,3,Town,UTC+3,Europe/Minsk
298211,BY,BY-VI,Bol'shiye Stayki,Вялікія Стайкі,133,4,locality,UTC+3,Europe/Minsk
298212,BY,BY-VI,Stayki,Стайкі,360,4,village,UTC+3,Europe/Minsk
298213,BY,BY-MI,Stayki,Стайкі,192,4,village,UTC+3,Europe/Minsk
298216,BY,BY-MI,Stayki,Стайкі,152,4,locality,UTC+3,Europe/Minsk
298217,BY,BY-MA,Stayki,Стайкі,189,4,village,UTC+3,Europe/Minsk
298219,BY,BY-MA,Stayki,Стайкі,333,4,hamlet,UTC+3,Europe/Minsk
298220,BY,BY-BR,Stayki,Стайкі,458,3,locality,UTC+3,Europe/Minsk
298222,BY,BY-BR,Stayki,Стайкі,1019,4,village,UTC+3,Europe/Minsk
298224,BY,BY-BR,Stavy,Ставы,505,4,village,UTC+3,Europe/Minsk
298227,BY,BY-BR,Stavok,Ставок,343,4,village,UTC+3,Europe/Minsk
298232,BY,BY-VI,Stasyeva,Стасева,4362,3,City,UTC+3,Europe/Minsk
298235,BY,BY-MA,Stasevka,Стасеўка,1442,3,Neighborhood,UTC+3,Europe/Minsk
298236,BY,BY-HO,Stasevka,Стасеўка,119,4,locality,UTC+3,Europe/Minsk
298237,BY,BY-MI,Staryy Sverzhen',Стары Свержань,548,4,village,UTC+3,Europe/Minsk
298239,BY,BY-VI,Staryy Pogost,Стары Пагост,115,4,locality,UTC+3,Europe/Minsk
298240,BY,BY-MA,Stary Vostraw,Стары Востраў,400,4,village,UTC+3,Europe/Minsk
298241,BY,BY-HO,Moskali,Маскалі,913,3,Neighborhood,UTC+3,Europe/Minsk
298242,BY,BY-HO,Staryy Krivsk,Стары Крыўск,128,4,locality,UTC+3,Europe/Minsk
298247,BY,BY-HO,Staryye Yurkovichi,Staryye Yurkovichi,1516,3,Neighborhood,UTC+3,Europe/Minsk
298248,BY,BY-VI,Staryye Volosovichi,Staryye Volosovichi,2201,3,Town,UTC+3,Europe/Minsk
298252,BY,BY-HO,Tsyareshkavichy,Цярэшкавічы,1730,4,village,UTC+3,Europe/Minsk
298254,BY,BY-MA,Staryye Stayki,Старыя Стайкі,136,4,village,UTC+3,Europe/Minsk
298255,BY,BY-HO,Rossokhi,Расохі,99,4,village,UTC+3,Europe/Minsk
298258,BY,BY-MI,Stare Novosyulki,Старыя Навасёлкі,401,4,village,UTC+3,Europe/Minsk
298263,BY,BY-MI,Lyady,Ляды,387,3,locality,UTC+3,Europe/Minsk
298265,BY,BY-VI,Staryye Kryuki,Старыя Крукі,87,4,village,UTC+3,Europe/Minsk
298266,BY,BY-BR,Staryye Klenki,Старыя Клёнкі,120,4,village,UTC+3,Europe/Minsk
298267,BY,BY-HO,Staryye Khrakovichi,Старыя Храковічы,464,3,locality,UTC+3,Europe/Minsk
298268,BY,BY-HO,Ivaki,Івакі,1139,4,village,UTC+3,Europe/Minsk
298270,BY,BY-HO,Staraya Husyavitsa,Старая Гусявіца,212,4,village,UTC+3,Europe/Minsk
298272,BY,BY-HO,Staryye Golovchitsy,Старыя Галоўчыцы,105,4,locality,UTC+3,Europe/Minsk
298274,BY,BY-MI,Staryya Haby,Старыя Габы,421,4,village,UTC+3,Europe/Minsk
298275,BY,BY-MI,Staryye Falichi,Старыя Фалічы,184,4,locality,UTC+3,Europe/Minsk
298276,BY,BY-HO,Staryya Dzyatlavichy,Старыя Дзятлавічы,255,4,village,UTC+3,Europe/Minsk
298278,BY,BY-MI,Staryye Dorogi,Старыя Дарогі,10898,2,village,UTC+3,Europe/Minsk
298279,BY,BY-HR,Stary Dvorats,Стары Дворац,479,4,village,UTC+3,Europe/Minsk
298280,BY,BY-VI,Staryy Dvor,Стары Двор,327,3,locality,UTC+3,Europe/Minsk
298281,BY,BY-HO,Staryy Dovsk,Стары Доўск,177,4,locality,UTC+3,Europe/Minsk
298282,BY,BY-MA,Stary Dzyedzin,Стары Дзедзін,184,4,village,UTC+3,Europe/Minsk
298283,BY,BY-HO,Aktsyabrova,Акцяброва,509,4,village,UTC+3,Europe/Minsk
298284,BY,BY-MI,Budslaw,Будслаў,721,3,locality,UTC+3,Europe/Minsk
298289,BY,BY-BR,Storozhovshchina,Storozhovshchina,2247,3,Village,UTC+3,Europe/Minsk
298293,BY,BY-VI,Staroye Selo,Старое Сяло,534,4,hamlet,UTC+3,Europe/Minsk
298294,BY,BY-VI,Staraye Syalo,Старае Сяло,303,3,locality,UTC+3,Europe/Minsk
298297,BY,BY-MI,Staroye Syalo,Старое Сяло,551,3,locality,UTC+3,Europe/Minsk
298299,BY,BY-HR,Staroye Selo,Старое Сяло,229463,3,City,UTC+3,Europe/Minsk
298300,BY,BY-HO,Staraye Syalo,Старае Сяло,530,3,locality,UTC+3,Europe/Minsk
298301,BY,BY-HO,Staroye Selo,Старое Сяло,836,4,village,UTC+3,Europe/Minsk
298302,BY,BY-BR,Staroye Syalo,Старое Сяло,473,3,locality,UTC+3,Europe/Minsk
298304,BY,BY-MA,Staroye Prybuzhzha,Старое Прыбужжа,162,4,village,UTC+3,Europe/Minsk
298306,BY,BY-MA,Starobrashchino,Starobrashchino,580,3,Neighborhood,UTC+3,Europe/Minsk
298308,BY,BY-HO,Staroye Vysokoye,Старое Высокае,333,3,locality,UTC+3,Europe/Minsk
298309,BY,BY-BR,Staravolya,Стараволя,620,3,locality,UTC+3,Europe/Minsk
298310,BY,\N,Starosel'ye,Starosel’ye,795,3,Neighborhood,UTC+3,Europe/Minsk
298314,BY,BY-MA,Starosel'ye,Стараселле,723,3,locality,UTC+3,Europe/Minsk
298315,BY,BY-MA,Starasyellye,Стараселле,431,3,locality,UTC+3,Europe/Minsk
298316,BY,BY-MA,Starosel'ye,Стараселле,62989,3,City,UTC+3,Europe/Minsk
298319,BY,BY-HO,Starosel'ye,Стараселле,157,4,locality,UTC+3,Europe/Minsk
298320,BY,BY-MI,Starosiele,Стараселле,185,4,locality,UTC+3,Europe/Minsk
298326,BY,BY-MI,Starosek,Starosek,24647,3,City,UTC+3,Europe/Minsk
298327,BY,BY-BR,Staromlyny Vtoryye,Staromlyny Vtoryye,4207,3,Neighborhood,UTC+3,Europe/Minsk
298329,BY,BY-HO,Starokrasnoye,Старакраснае,178,4,locality,UTC+3,Europe/Minsk
298331,BY,BY-HO,Starahrad,Стараград,303,4,village,UTC+3,Europe/Minsk
298333,BY,BY-HR,Starodvortsy,Старадворцы,739807,3,City,UTC+3,Europe/Minsk
298334,BY,BY-HO,Stradubka,Страдубка,435,4,village,UTC+3,Europe/Minsk
298336,BY,BY-MI,Starobin,Старобін,6000,3,Urban Settlement,UTC+3,Europe/Minsk
298337,BY,BY-MI,Starlyhi,Старлыгі,302,4,village,UTC+3,Europe/Minsk
298338,BY,BY-MI,Staritsa,Старыца,695,3,Village,UTC+3,Europe/Minsk
298341,BY,BY-MI,Starinki,Старынкі,193,4,village,UTC+3,Europe/Minsk
298343,BY,BY-MI,Starynki,Старынкі,132,4,hamlet,UTC+3,Europe/Minsk
298344,BY,BY-MI,Starynki,Старынкі,173,4,village,UTC+3,Europe/Minsk
298346,BY,BY-VI,Starinka,Старынка,81,4,locality,UTC+3,Europe/Minsk
298348,BY,BY-VI,Starina,Старына,2400,3,Neighborhood,UTC+3,Europe/Minsk
298349,BY,BY-VI,Starina,Старына,1061,3,Neighborhood,UTC+3,Europe/Minsk
298350,BY,\N,Starina,Старына,2028,4,village,UTC+3,Europe/Minsk
298354,BY,BY-MI,Starina,Старына,499,4,village,UTC+3,Europe/Minsk
298355,BY,BY-MI,Staryna,Старына,269,4,hamlet,UTC+3,Europe/Minsk
298356,BY,BY-HR,Staryna,Старына,10123,3,Neighborhood,UTC+3,Europe/Minsk
298357,BY,BY-MI,Staryna,Старына,959,3,Neighborhood,UTC+3,Europe/Minsk
298359,BY,BY-MI,Starino,Старына,167,4,hamlet,UTC+3,Europe/Minsk
298360,BY,BY-MI,Starevo,Старэва,5979,3,Neighborhood,UTC+3,Europe/Minsk
298362,BY,BY-VI,Starchuny,Старчуны,53,4,village,UTC+3,Europe/Minsk
298363,BY,BY-HR,Starchenyata,Старчаняты,156,4,village,UTC+3,Europe/Minsk
298365,BY,BY-MA,Staraya Vodva,Старая Вадва,323,4,village,UTC+3,Europe/Minsk
298368,BY,BY-MI,Staraya Slabada,Старая Слабада,213,4,village,UTC+3,Europe/Minsk
298373,BY,BY-HO,Staraya Rudnya,Старая Рудня,915,4,village,UTC+3,Europe/Minsk
298378,BY,BY-MI,Staraya Moshchenitsa,Старая Машчаніца,965,3,Neighborhood,UTC+3,Europe/Minsk
298379,BY,BY-MA,Staraya Mileyevka,Старая Мілееўка,155,4,village,UTC+3,Europe/Minsk
298381,BY,BY-MI,Malinovka,Малінаўка,262,3,locality,UTC+3,Europe/Minsk
298382,BY,BY-VI,Staraya Lepel',Стары Лепель,259,4,village,UTC+3,Europe/Minsk
298383,BY,BY-MI,Staraya Kopyl',Стары Капыль,93,4,locality,UTC+3,Europe/Minsk
298385,BY,BY-HR,Staraya Kazakovshchina,Старая Казакоўшчына,173,4,village,UTC+3,Europe/Minsk
298387,BY,BY-MI,Staryye Gumny,Staryye Gumny,1429,3,Neighborhood,UTC+3,Europe/Minsk
298388,BY,BY-MA,Frolovka,Фралоўка,111,4,locality,UTC+3,Europe/Minsk
298390,BY,BY-HR,Staradubavaya,Старадубавая,294,4,village,UTC+3,Europe/Minsk
298394,BY,BY-MA,Staraya Buda,Staraya Buda,206,4,village,UTC+3,Europe/Minsk
298396,BY,BY-MA,Staraya Buda,Staraya Buda,100,4,village,UTC+3,Europe/Minsk
298397,BY,BY-HO,Staraya Buda,Старая Буда,451,4,village,UTC+3,Europe/Minsk
298398,BY,BY-MA,Staraya Boyarshchina,Staraya Boyarshchina,1315,3,Neighborhood,UTC+3,Europe/Minsk
298399,BY,BY-VI,Staraya Belitsa,Старая Беліца,226,3,locality,UTC+3,Europe/Minsk
298401,BY,BY-HO,Staraya Byelitsa,Старая Беліца,409,3,locality,UTC+3,Europe/Minsk
298402,BY,BY-HO,Staraya Aleshnya,Старая Алешня,227,4,village,UTC+3,Europe/Minsk
298406,BY,BY-MI,Stan'kava,Станькава,1850,3,locality,UTC+3,Europe/Minsk
298407,BY,BY-HO,Stan'kov,Станькаў,137,4,village,UTC+3,Europe/Minsk
298410,BY,BY-VI,Stanislawtsy,Станіслаўцы,499,3,Village,UTC+3,Europe/Minsk
298412,BY,BY-VI,Stanislavovo,Stanislavovo,5696,3,City,UTC+3,Europe/Minsk
298413,BY,BY-HR,Stanelevichi,Станелевічы,99,4,village,UTC+3,Europe/Minsk
298415,BY,BY-MA,Stan,Стан,238,4,hamlet,UTC+3,Europe/Minsk
298420,BY,BY-MI,Stal'bovshchina,Стальбоўшчына,144,4,village,UTC+3,Europe/Minsk
298422,BY,BY-MI,Stakhowtsy,Стахоўцы,172,4,village,UTC+3,Europe/Minsk
298425,BY,BY-BR,Stakhava,Стахава,845,4,village,UTC+3,Europe/Minsk
298429,BY,BY-VI,Stai,Стаі,896,4,village,UTC+3,Europe/Minsk
298432,BY,BY-HO,Sredniye Pechi,Сярэднія Печы,326,4,village,UTC+3,Europe/Minsk
298433,BY,BY-HO,Sredniye Malynichi,Сярэднія Малынічы,9879,3,City,UTC+3,Europe/Minsk
298435,BY,BY-MI,Spyaglo,Spyaglo,43810,3,City,UTC+3,Europe/Minsk
298436,BY,BY-HR,Staraya Spusha,Старая Спуша,90,4,village,UTC+3,Europe/Minsk
298438,BY,BY-VI,Sprindy,Спрынды,70,4,locality,UTC+3,Europe/Minsk
298440,BY,BY-BR,Sporava,Спорава,1114,4,village,UTC+3,Europe/Minsk
298442,BY,\N,Sporkovshchizna,Sporkovshchizna,3009,3,Neighborhood,UTC+3,Europe/Minsk
298443,BY,BY-HR,Spondy,Спонды,90,4,hamlet,UTC+3,Europe/Minsk
298451,BY,BY-BR,Sovino,Совіна,2886,3,City,UTC+3,Europe/Minsk
298453,BY,BY-MI,Sovetskaya Moroch',Sovetskaya Moroch’,1375,3,Neighborhood,UTC+3,Europe/Minsk
298454,BY,BY-VI,Sosnyagi,Sosnyagi,4908,3,City,UTC+3,Europe/Minsk
298455,BY,BY-MI,Sosny,Сосны,1105,4,village,UTC+3,Europe/Minsk
298456,BY,BY-VI,Sosnovtsy,Сасноўцы,200,4,locality,UTC+3,Europe/Minsk
298458,BY,BY-HO,Sasnovy Bor,Сасновый Бор,2423,3,Industrial Settlement,UTC+3,Europe/Minsk
298460,BY,BY-VI,Sosnovka,Sosnovka,1226,3,Neighborhood,UTC+3,Europe/Minsk
298461,BY,BY-HR,Sosnovka,Сасноўка,316,4,village,UTC+3,Europe/Minsk
298463,BY,BY-BR,Sosnovka,Сасноўка,966,3,Village,UTC+3,Europe/Minsk
298464,BY,BY-HO,Sosnovka,Сасноўка,149,4,locality,UTC+3,Europe/Minsk
298466,BY,BY-VI,Sosnitsa,Сосніца,92,3,Neighborhood,UTC+3,Europe/Minsk
298467,BY,BY-BR,Soshna,Сошна,714,4,village,UTC+3,Europe/Minsk
298468,BY,BY-MI,Sosyenka,Сосенка,84,4,locality,UTC+3,Europe/Minsk
298470,BY,BY-VI,Sorzhitsa,Соржыца,55,4,village,UTC+3,Europe/Minsk
298471,BY,BY-MI,Sorokovshchina,Sorokovshchina,10127,3,Neighborhood,UTC+3,Europe/Minsk
298473,BY,\N,Soroki,Soroki,227,4,village,UTC+3,Europe/Minsk
298474,BY,BY-HR,Soroki,Сарокі,119,4,locality,UTC+3,Europe/Minsk
298475,BY,BY-MI,Sorahi,Сорагі,531,4,village,UTC+3,Europe/Minsk
298476,BY,BY-VI,Sarochyna,Сарочына,1197,3,City,UTC+3,Europe/Minsk
298479,BY,BY-HR,Sorgovtsy,Sorgovtsy,2907,3,Neighborhood,UTC+3,Europe/Minsk
298480,BY,BY-MA,Sapyezhinka,Сапежінка,200,4,locality,UTC+3,Europe/Minsk
298482,BY,BY-HR,Sopotskin,Сапоцкін,973,3,Village,UTC+3,Europe/Minsk
298483,BY,BY-HR,Sonichi,Сонічы,567,3,Neighborhood,UTC+3,Europe/Minsk
298485,BY,BY-VI,Somonovo,Somonovo,17004,3,City,UTC+3,Europe/Minsk
298487,BY,BY-BR,Somino,Соміна,336,4,village,UTC+3,Europe/Minsk
298488,BY,BY-HR,Soly,Солы,1657,4,village,UTC+3,Europe/Minsk
298489,BY,BY-MI,Saltanawshchyna,Салтанаўшчына,305,3,Neighborhood,UTC+3,Europe/Minsk
298490,BY,BY-MA,Soltanovka,Салтанаўка,708,4,village,UTC+3,Europe/Minsk
298491,BY,BY-HO,Soltanovka,Soltanovka,168,4,village,UTC+3,Europe/Minsk
298492,BY,BY-HR,Soltanishki,Салтанішкі,1145,3,Neighborhood,UTC+3,Europe/Minsk
298497,BY,\N,Solovey,Solovey,6170,3,Neighborhood,UTC+3,Europe/Minsk
298499,BY,BY-HO,Salonaye,Салонае,1270,4,village,UTC+3,Europe/Minsk
298500,BY,BY-VI,Soloniki,Саланік,649,4,village,UTC+3,Europe/Minsk
298501,BY,BY-MI,Solonoye,Саланое,74,4,village,UTC+3,Europe/Minsk
298503,BY,BY-MI,Solan,Солан,233,4,hamlet,UTC+3,Europe/Minsk
298504,BY,BY-MA,Solomenka,Solomenka,802,3,Village,UTC+3,Europe/Minsk
298507,BY,BY-HR,Solishki,Solishki,17,3,Neighborhood,UTC+3,Europe/Minsk
298508,BY,BY-VI,Sokorovo,Сокарава,445,3,Neighborhood,UTC+3,Europe/Minsk
298510,BY,\N,Sokolyanka,Sokolyanka,1025,3,Neighborhood,UTC+3,Europe/Minsk
298516,BY,BY-BR,Sakalova,Сакалова,678,4,village,UTC+3,Europe/Minsk
298517,BY,BY-BR,Sokolovo,Сакалова,165,4,locality,UTC+3,Europe/Minsk
298518,BY,BY-MA,Sokolovka,Sokolovka,1469,3,Neighborhood,UTC+3,Europe/Minsk
298519,BY,BY-MA,Sokolovka,Сакалоўка,410,3,locality,UTC+3,Europe/Minsk
298520,BY,BY-MI,Sokolovichi,Сакалавічы,116,3,Neighborhood,UTC+3,Europe/Minsk
298522,BY,BY-HR,Sakol'niki,Сакольнікі,234,4,village,UTC+3,Europe/Minsk
298524,BY,BY-MA,Sokol'nichi,Сакольнікі,446,3,locality,UTC+3,Europe/Minsk
298525,BY,BY-VI,Sakalishcha,Сакалішча,267,4,village,UTC+3,Europe/Minsk
298527,BY,BY-VI,Staroye Sokolino,Staraya Sokolina,68,4,village,UTC+3,Europe/Minsk
298531,BY,BY-BR,Sachywki,Сачыўкі,340,4,village,UTC+3,Europe/Minsk
298532,BY,BY-HR,Sobolyany,Сабаляны,135,4,locality,UTC+3,Europe/Minsk
298533,BY,BY-HR,Sobol'ki,Sobol’ki,2193,3,Town,UTC+3,Europe/Minsk
298535,BY,BY-MA,Soboli,Сабалі,80,4,village,UTC+3,Europe/Minsk
298539,BY,BY-HO,Snyadzin,Снядзін,196,4,locality,UTC+3,Europe/Minsk
298540,BY,BY-MI,Snow,Сноў,2600,3,locality,UTC+3,Europe/Minsk
298541,BY,BY-BR,Snitava,Снітава,718,4,village,UTC+3,Europe/Minsk
298543,BY,BY-HR,Snihyany,Снігяны,173,4,village,UTC+3,Europe/Minsk
298545,BY,BY-HO,Smychok,Смычок,266,4,village,UTC+3,Europe/Minsk
298548,BY,BY-MI,Smorodinka,Смародзінка,66,4,village,UTC+3,Europe/Minsk
298549,BY,\N,Smorki,Smorki,1303,3,Neighborhood,UTC+3,Europe/Minsk
298550,BY,BY-HR,Smarhon,Смаргонь,36283,2,City,UTC+3,Europe/Minsk
298552,BY,BY-BR,Smalyany,Смаляны,201,4,village,UTC+3,Europe/Minsk
298555,BY,BY-BR,Smolyanitsa,Смаляніца,329,4,village,UTC+3,Europe/Minsk
298556,BY,\N,Smolyaki,Smolyaki,2401,3,Town,UTC+3,Europe/Minsk
298557,BY,BY-VI,Smalowka,Смалоўка,209,4,village,UTC+3,Europe/Minsk
298560,BY,BY-MA,Smol'ki,Смолькі,291,3,locality,UTC+3,Europe/Minsk
298561,BY,BY-MA,Smalitsa,Смаліца,515,3,locality,UTC+3,Europe/Minsk
298562,BY,BY-MI,Smalichy,Смалічы,345,4,village,UTC+3,Europe/Minsk
298564,BY,BY-MI,Smaliavicy,Горад Смалявічы,16784,2,City,UTC+3,Europe/Minsk
298566,BY,BY-HO,Smagorin,Смагарын,168,4,village,UTC+3,Europe/Minsk
298567,BY,BY-MI,Smilavicy,Смілавічы,5200,3,Urban Settlement,UTC+3,Europe/Minsk
298568,BY,BY-HR,Smil'gini,Смільгіні,145,4,village,UTC+3,Europe/Minsk
298570,BY,BY-HO,Smetanichi,Смятанічы,269,4,village,UTC+3,Europe/Minsk
298574,BY,BY-MI,Slutsk,Слуцк,61015,2,City,UTC+3,Europe/Minsk
298575,BY,BY-HO,Tsykuny,Цыкуны,96,3,Neighborhood,UTC+3,Europe/Minsk
298576,BY,BY-VI,Slavyeni,Славені,112,4,village,UTC+3,Europe/Minsk
298577,BY,BY-MA,Malyye Sloveni,Малыя Славені,569,3,Neighborhood,UTC+3,Europe/Minsk
298578,BY,BY-HO,Slovechno,Славечна,103,4,village,UTC+3,Europe/Minsk
298579,BY,BY-HR,Slavatsichy,Славацічы,139,4,village,UTC+3,Europe/Minsk
298583,BY,BY-HR,Slonim,Слонім,49042,2,City,UTC+3,Europe/Minsk
298585,BY,BY-HR,Solomyanka,Solomyanka,1122,3,Neighborhood,UTC+3,Europe/Minsk
298586,BY,BY-BR,Slabudka,Слабудка,973,4,village,UTC+3,Europe/Minsk
298588,BY,BY-VI,Slobodka,Слабодка,822,4,village,UTC+3,Europe/Minsk
298590,BY,BY-VI,Slobodka,Slobodka,780,3,Village,UTC+3,Europe/Minsk
298594,BY,BY-HR,Slobodka,Слабодка,120,4,village,UTC+3,Europe/Minsk
298595,BY,BY-HR,Slobodka,Слабодка,447,3,Neighborhood,UTC+3,Europe/Minsk
298596,BY,BY-VI,Slobodka,Slobodka,3555,3,Town,UTC+3,Europe/Minsk
298598,BY,BY-MA,Slobodka,Slabodka,220,3,locality,UTC+3,Europe/Minsk
298600,BY,BY-MI,Slobodka,Слабодка,1799,3,Neighborhood,UTC+3,Europe/Minsk
298602,BY,BY-MI,Slobodka,Слабодка,162,4,locality,UTC+3,Europe/Minsk
298603,BY,BY-MA,Slobodka,Слабодка,60,4,village,UTC+3,Europe/Minsk
298605,BY,BY-MA,Slobodka,Слабодка,244,3,locality,UTC+3,Europe/Minsk
298606,BY,BY-MI,Slobodka,Слабодка,210,3,Neighborhood,UTC+3,Europe/Minsk
298607,BY,BY-MI,Slobodka,Slobodka,1009,3,Village,UTC+3,Europe/Minsk
298608,BY,BY-MA,Slabodka,Слабодка,578,4,village,UTC+3,Europe/Minsk
298610,BY,BY-MI,Slobodka,Slobodka,1221,3,Neighborhood,UTC+3,Europe/Minsk
298615,BY,BY-HO,Slobodka,Слабодка,123,4,village,UTC+3,Europe/Minsk
298618,BY,BY-VI,Slabada,Слабада,652,4,village,UTC+3,Europe/Minsk
298619,BY,BY-HO,Rovyenskaya Slabada,Ровенская Слабада,844,3,locality,UTC+3,Europe/Minsk
298620,BY,BY-MI,Slabada,Слабада,272,4,village,UTC+3,Europe/Minsk
298623,BY,BY-MI,Slabada-Kuchynka,Слабада-Кучынка,499,4,village,UTC+3,Europe/Minsk
298625,BY,BY-VI,Sloboda,Слабада,363,3,locality,UTC+3,Europe/Minsk
298632,BY,BY-MI,Slabada,Слабада,219,4,village,UTC+3,Europe/Minsk
298634,BY,BY-VI,Slabada,Слабада,481,4,village,UTC+3,Europe/Minsk
298638,BY,BY-VI,Sloboda,Слабада,831,3,Village,UTC+3,Europe/Minsk
298639,BY,BY-MI,Sloboda,Слабада,530,4,village,UTC+3,Europe/Minsk
298641,BY,BY-MI,Sloboda,Слабада,843,3,Neighborhood,UTC+3,Europe/Minsk
298642,BY,BY-MI,Sloboda,Слабада,59,4,locality,UTC+3,Europe/Minsk
298644,BY,BY-MI,Slabada,Слабада,1870,4,village,UTC+3,Europe/Minsk
298645,BY,BY-MI,Sloboda,Слабада,752,3,locality,UTC+3,Europe/Minsk
298647,BY,BY-MI,Slobudka,Slobudka,4939,3,City,UTC+3,Europe/Minsk
298649,BY,BY-MI,Slabada,Слабада,478,4,village,UTC+3,Europe/Minsk
298651,BY,BY-HO,Slabada,Слабада,823,4,village,UTC+3,Europe/Minsk
298652,BY,BY-MI,Slizhino,Сліжына,109,4,village,UTC+3,Europe/Minsk
298658,BY,BY-HR,Slesari,Слесары,395,3,Village,UTC+3,Europe/Minsk
298661,BY,BY-MA,Slyedzyuki,Следзюкі,773,3,locality,UTC+3,Europe/Minsk
298662,BY,BY-MA,Slawharad,Слаўгарад,7820,2,City,UTC+3,Europe/Minsk
298663,BY,BY-MA,Slavnya,Слаўня,158,4,village,UTC+3,Europe/Minsk
298664,BY,BY-VI,Slavnoye,Слаўнае,416,3,locality,UTC+3,Europe/Minsk
298665,BY,BY-MI,Slavkovo,Слаўкава,396,3,locality,UTC+3,Europe/Minsk
298666,BY,BY-MA,Slawkavichy,Слаўкавічы,282,3,locality,UTC+3,Europe/Minsk
298671,BY,BY-HO,Slavan',Славань,271,4,hamlet,UTC+3,Europe/Minsk
298672,BY,BY-MA,Slastsyeny,Сласцены,242,4,village,UTC+3,Europe/Minsk
298683,BY,BY-MI,Skryl'-Sloboda,Skryl’-Sloboda,58,3,Neighborhood,UTC+3,Europe/Minsk
298684,BY,BY-HO,Skryhalaw,Скрыгалаў,625,3,locality,UTC+3,Europe/Minsk
298687,BY,\N,Skrobovo,Скробава,218,4,village,UTC+3,Europe/Minsk
298688,BY,BY-MA,Skryplitsa,Скрыпліца,1082,3,Neighborhood,UTC+3,Europe/Minsk
298690,BY,BY-HR,Skorzhiki,Скоржыкі,147,4,village,UTC+3,Europe/Minsk
298693,BY,BY-BR,Skortsy,Скорцы,3047,4,village,UTC+3,Europe/Minsk
298695,BY,BY-HO,Skorodnoye,Скароднае,671,3,locality,UTC+3,Europe/Minsk
298697,BY,BY-HR,Skorichi,Скорычы,65,4,locality,UTC+3,Europe/Minsk
298699,BY,BY-MA,Skoklevo,Skoklevo,3849,3,Neighborhood,UTC+3,Europe/Minsk
298700,BY,BY-BR,Skoki,Скокі,973,4,village,UTC+3,Europe/Minsk
298702,BY,BY-MI,Skobrawka,Скобраўка,102,4,locality,UTC+3,Europe/Minsk
298704,BY,BY-MA,Sklimin,Склімін,52,4,hamlet,UTC+3,Europe/Minsk
298707,BY,BY-HO,Skyepnya,Скепня,576,4,village,UTC+3,Europe/Minsk
298709,BY,BY-MI,Skawshyn,Скаўшын,410,4,village,UTC+3,Europe/Minsk
298716,BY,BY-VI,Skaby,Скабы,1280,3,Neighborhood,UTC+3,Europe/Minsk
298717,BY,BY-MI,Skabin,Скабін,552,4,village,UTC+3,Europe/Minsk
298720,BY,BY-MI,Sivtsy,Sivtsy,2147,3,Neighborhood,UTC+3,Europe/Minsk
298725,BY,BY-HR,Sivitsa,Сівіца,3654,3,City,UTC+3,Europe/Minsk
298726,BY,BY-MI,Sivitsa,Сівіца,398,4,village,UTC+3,Europe/Minsk
298727,BY,\N,Sivaki,Sivaki,31299,4,town,UTC+3,Europe/Minsk
298728,BY,BY-VI,Malyye Sittsy,Malyye Sittsy,6661,3,City,UTC+3,Europe/Minsk
298729,BY,BY-HO,Sitnya,Sitnya,7541,3,Neighborhood,UTC+3,Europe/Minsk
298730,BY,BY-BR,Sitnitsa,Сітніца,564,4,village,UTC+3,Europe/Minsk
298731,BY,BY-MI,Sitniki,Сітнікі,469,4,village,UTC+3,Europe/Minsk
298735,BY,BY-VI,Sirotino,Сіроціна,1120,3,Neighborhood,UTC+3,Europe/Minsk
298736,BY,BY-HO,Sirod,Сірод,671,4,village,UTC+3,Europe/Minsk
298738,BY,BY-HO,Sloboda,Слабада,137,4,village,UTC+3,Europe/Minsk
298741,BY,BY-MI,Sinyawka,Сіняўка,1562,3,locality,UTC+3,Europe/Minsk
298742,BY,BY-VI,Sinyany,Sinyany,167,3,Neighborhood,UTC+3,Europe/Minsk
298743,BY,BY-MI,Sinyahova,Сінягова,365,4,village,UTC+3,Europe/Minsk
298746,BY,BY-HR,Sin'ki,Сін’кі,321,3,locality,UTC+3,Europe/Minsk
298747,BY,BY-BR,Sinkyevichy,Сінкевічы,928,4,village,UTC+3,Europe/Minsk
298748,BY,BY-HO,Sinitskoye Pole,Сініцкае Поле,359,3,locality,UTC+3,Europe/Minsk
298750,BY,BY-HO,Sinichino,Сінічына,152,4,village,UTC+3,Europe/Minsk
298752,BY,BY-MI,Sinilo,Сіняло,220,4,village,UTC+3,Europe/Minsk
298753,BY,BY-MI,Sincha,Сінча,117,4,locality,UTC+3,Europe/Minsk
298756,BY,BY-BR,Simonovichi,Сіманавічы,228,4,village,UTC+3,Europe/Minsk
298757,BY,BY-HO,Simonichi,Сіманічы,439,3,Neighborhood,UTC+3,Europe/Minsk
298758,BY,BY-MA,Simonovichi,Сіманавічы,146,4,village,UTC+3,Europe/Minsk
298759,BY,BY-HR,Simakovo,Сімакава,115,4,village,UTC+3,Europe/Minsk
298760,BY,BY-HR,Selivanovtsy,Селіванаўцы,72,4,village,UTC+3,Europe/Minsk
298761,BY,BY-MA,Silichi,Сілічы,69,4,locality,UTC+3,Europe/Minsk
298762,BY,BY-BR,Sihnyevichy,Сігневічы,327,4,village,UTC+3,Europe/Minsk
298767,BY,BY-MA,Sidorovka,Сідараўка,105,4,locality,UTC+3,Europe/Minsk
298768,BY,BY-MA,Sidaravichy,Сідаравічы,269,3,Neighborhood,UTC+3,Europe/Minsk
298770,BY,\N,Sidornichi,Sidornichi,65052,3,town,UTC+3,Europe/Minsk
298776,BY,BY-VI,Shishki,Shishki,860,3,Village,UTC+3,Europe/Minsk
298783,BY,BY-MI,Shvakshty,Швакшты,473,4,village,UTC+3,Europe/Minsk
298785,BY,BY-HR,Shutavichy,Шутавічы,200,4,village,UTC+3,Europe/Minsk
298788,BY,BY-HO,Shupeyki,Шупейкі,205,4,village,UTC+3,Europe/Minsk
298790,BY,BY-MA,Shupeni,Шупені,131,4,village,UTC+3,Europe/Minsk
298794,BY,BY-VI,Shumilino,Шуміліна,7364,2,Urban Settlement,UTC+3,Europe/Minsk
298796,BY,BY-HR,Szumieliszki Wielkie,Szumieliszki Wielkie,847,3,Neighborhood,UTC+3,Europe/Minsk
298804,BY,BY-VI,Shudovtsy,Shudovtsy,9996,3,Neighborhood,UTC+3,Europe/Minsk
298806,BY,BY-VI,Shubniki,Shubniki,154493,3,City,UTC+3,Europe/Minsk
298808,BY,BY-MI,Shtanyuki,Shtanyuki,45,3,Neighborhood,UTC+3,Europe/Minsk
298812,BY,BY-VI,Shpakovshchina,Шпакоўшчына,327,3,locality,UTC+3,Europe/Minsk
298814,BY,BY-VI,Sheteni,Sheteni,134,4,village,UTC+3,Europe/Minsk
298815,BY,BY-BR,Shostakovo,Shostakovo,1029,4,village,UTC+3,Europe/Minsk
298816,BY,BY-HR,Shostaki,Shostaki,8477,3,Neighborhood,UTC+3,Europe/Minsk
298817,BY,BY-HR,Shestakovtsy,Шастакоўцы,85,4,locality,UTC+3,Europe/Minsk
298832,BY,BY-HO,Shkuraty,Шкураты,187,4,locality,UTC+3,Europe/Minsk
298833,BY,BY-VI,Shkuntiki,Шкунцікі,63,4,locality,UTC+3,Europe/Minsk
298836,BY,BY-MA,Shklov,Шклоў,15256,2,village,UTC+3,Europe/Minsk
298837,BY,BY-MI,Shklennikovo,Shklennikovo,961,3,Neighborhood,UTC+3,Europe/Minsk
298839,BY,BY-HO,Shkava,Шкава,369,3,locality,UTC+3,Europe/Minsk
298844,BY,BY-MA,Shishevo,Шышава,165,4,hamlet,UTC+3,Europe/Minsk
298845,BY,BY-MI,Syscycy,Шышчыцы,391,4,village,UTC+3,Europe/Minsk
298846,BY,\N,Shirokiy,Shirokiy,35376,3,City,UTC+3,Europe/Minsk
298848,BY,BY-VI,Shyrki,Шыркі,2357,3,Town,UTC+3,Europe/Minsk
298849,BY,BY-MA,Shirki,Шыркі,89,4,village,UTC+3,Europe/Minsk
298851,BY,BY-MI,Shipki,Шыпкі,99,4,village,UTC+3,Europe/Minsk
298852,BY,BY-MI,Shipilovichi,Шыпілавічы,496,3,locality,UTC+3,Europe/Minsk
298853,BY,BY-HR,Shinkovtsy,Шынкоўцы,82,4,locality,UTC+3,Europe/Minsk
298857,BY,\N,Shily,Shily,826,3,Village,UTC+3,Europe/Minsk
298859,BY,BY-MA,Shilovichi,Шылавічы,247,3,Neighborhood,UTC+3,Europe/Minsk
298860,BY,BY-HR,Shilovichi,Шылавічы,742,4,village,UTC+3,Europe/Minsk
298861,BY,BY-HR,Shilovichi,Шылавічы,103,4,locality,UTC+3,Europe/Minsk
298863,BY,BY-BR,Shilin,Шылін,202,3,locality,UTC+3,Europe/Minsk
298864,BY,BY-HO,Shikhov,Шыхаў,239,4,village,UTC+3,Europe/Minsk
298865,BY,BY-HO,Shyichy,Шыічы,564,4,village,UTC+3,Europe/Minsk
298866,BY,BY-VI,Shybyoki,Шыбëкі,135,4,village,UTC+3,Europe/Minsk
298870,BY,BY-MI,Sheyka,Шэйка,82,4,village,UTC+3,Europe/Minsk
298872,BY,BY-MI,Shevernichi,Шавярнічы,299,4,village,UTC+3,Europe/Minsk
298873,BY,BY-BR,Sheveli,Шавялі,160,4,village,UTC+3,Europe/Minsk
298880,BY,BY-HO,Sherstin,Шарсцін,487,4,village,UTC+3,Europe/Minsk
298881,BY,BY-MI,Sharshuny,Шаршуны,525,3,locality,UTC+3,Europe/Minsk
298882,BY,BY-VI,Shersni,Shersni,13047,3,City,UTC+3,Europe/Minsk
298885,BY,BY-BR,Sharashova,Шарашэва,1628,3,locality,UTC+3,Europe/Minsk
298887,BY,BY-MI,Shapyali,Шапялі,93,4,village,UTC+3,Europe/Minsk
298889,BY,BY-MA,Shapyalyevichy,Шапялевічы,360,3,locality,UTC+3,Europe/Minsk
298890,BY,BY-BR,Shani,Шані,8605,3,Neighborhood,UTC+3,Europe/Minsk
298897,BY,BY-VI,Lipovtsy,Lipovtsy,845,3,Neighborhood,UTC+3,Europe/Minsk
298899,BY,BY-MA,Shelomy,Шаламы,107,4,locality,UTC+3,Europe/Minsk
298905,BY,BY-HR,Shurichi,Шурычы,103,4,village,UTC+3,Europe/Minsk
298906,BY,BY-HR,Shchuchyn,Шчучын,15207,2,City,UTC+3,Europe/Minsk
298909,BY,BY-HR,Shchorsy,Шчорсы,600,4,village,UTC+3,Europe/Minsk
298915,BY,BY-MI,Shchitomirichi,Шчытомірычы,336,4,village,UTC+3,Europe/Minsk
298917,BY,BY-MI,Shchytkavichy,Шчыткавічы,828,3,locality,UTC+3,Europe/Minsk
298919,BY,BY-HO,Shchibrin,Шчыбрын,412,3,locality,UTC+3,Europe/Minsk
298920,BY,BY-MA,Shchezher' Pervyy,Шчэжар 1,783,3,Neighborhood,UTC+3,Europe/Minsk
298921,BY,BY-MA,Shchetinka,Шчацінка,1831,3,Neighborhood,UTC+3,Europe/Minsk
298922,BY,BY-BR,Shcharchova,Шчарчова,442,4,village,UTC+3,Europe/Minsk
298924,BY,BY-BR,Shcherbovo,Шчэрбава,133,4,village,UTC+3,Europe/Minsk
298928,BY,BY-BR,Shcherbava,Шчэрбава,170,4,locality,UTC+3,Europe/Minsk
298930,BY,BY-MI,Shchepichy,Шчэпічы,732,3,locality,UTC+3,Europe/Minsk
298931,BY,BY-HR,Shchapanavichy,Шчапанавічы,162,4,locality,UTC+3,Europe/Minsk
298934,BY,BY-BR,Shchekotsk,Шчакоцк,171,4,village,UTC+3,Europe/Minsk
298935,BY,BY-HO,Shchekotovo,Shchëkotovo,197330,3,City,UTC+3,Europe/Minsk
298938,BY,BY-MI,Staryye Shchavry,Старыя Шчаўры,187,4,locality,UTC+3,Europe/Minsk
298940,BY,BY-HO,Shchadryn,Шчадрын,690,4,village,UTC+3,Europe/Minsk
298945,BY,BY-MI,Sack,Шацк,667,4,village,UTC+3,Europe/Minsk
298946,BY,\N,Shatrovo,Shatrovo,936,3,Neighborhood,UTC+3,Europe/Minsk
298947,BY,BY-VI,Shatrovo,Шатрова,108,4,hamlet,UTC+3,Europe/Minsk
298949,BY,BY-MA,Shchatkovo,Шчаткава,135,4,village,UTC+3,Europe/Minsk
298951,BY,BY-VI,Shatilovo,Шацілава,59,4,village,UTC+3,Europe/Minsk
298953,BY,BY-MI,Shashki,Шашкі,865,3,Neighborhood,UTC+3,Europe/Minsk
298957,BY,BY-HO,Sharibovka,Шарыбаўка,424,3,locality,UTC+3,Europe/Minsk
298958,BY,BY-MI,Sharpilovka,Sharpilovka,6287,3,Neighborhood,UTC+3,Europe/Minsk
298959,BY,BY-HO,Sharpilawka,Шарпілаўка,664,4,village,UTC+3,Europe/Minsk
298960,BY,BY-MA,Sharoyevka,Шароеўка,96,4,hamlet,UTC+3,Europe/Minsk
298961,BY,BY-VI,Sharkovshchina,Шаркаўшчына,6363,2,locality,UTC+3,Europe/Minsk
298963,BY,BY-MA,Bol'shiye Sharipy,Вялікія Шарыпы,211,4,village,UTC+3,Europe/Minsk
298965,BY,BY-MA,Shareyki,Шарэйкі,669,3,locality,UTC+3,Europe/Minsk
298966,BY,BY-HO,Shareyki,Шарэйки,62,4,locality,UTC+3,Europe/Minsk
298967,BY,BY-VI,Sharagi,Шарагі,93,4,village,UTC+3,Europe/Minsk
298968,BY,BY-VI,Staryye Sharabai,Старыя Шарабаі,185,4,village,UTC+3,Europe/Minsk
298969,BY,BY-VI,Novyye Sharabai,Новыя Шарабаі,561,3,Neighborhood,UTC+3,Europe/Minsk
298970,BY,BY-VI,Shapurovo,Шапурова,398,4,village,UTC+3,Europe/Minsk
298971,BY,BY-MI,Shapchitsy,Шапчыцы,370,3,locality,UTC+3,Europe/Minsk
298973,BY,BY-MA,Shapchitsy,Shapchitsy,1189,3,Village,UTC+3,Europe/Minsk
298975,BY,BY-VI,Shapechino,Шапечына,352,4,village,UTC+3,Europe/Minsk
298976,BY,BY-HO,Shapchitsy,Шапчыцы,639,4,village,UTC+3,Europe/Minsk
298977,BY,BY-VI,Shantyrovo,Шантырава,11411,3,City,UTC+3,Europe/Minsk
298978,BY,BY-MA,Shamawshchyna,Шамаўшчына,1357,3,Neighborhood,UTC+3,Europe/Minsk
298979,BY,BY-MA,Shamovo,Шамава,91,4,locality,UTC+3,Europe/Minsk
298982,BY,BY-VI,Shalushino,Shalushino,1214,3,Village,UTC+3,Europe/Minsk
298983,BY,BY-MA,Shalayewka,Шалаеўка,138,4,locality,UTC+3,Europe/Minsk
298985,BY,BY-HO,Shalomeya,Shalomeya,102,4,village,UTC+3,Europe/Minsk
298987,BY,BY-VI,Shakury,Shakury,10218,3,Neighborhood,UTC+3,Europe/Minsk
298989,BY,BY-VI,Shaytsyerava,Шайцерава,616,3,locality,UTC+3,Europe/Minsk
298991,BY,BY-MI,Shabyn'ki,Шабынькі,258,4,village,UTC+3,Europe/Minsk
298994,BY,BY-HO,Sizany,Сізаны,948,3,Neighborhood,UTC+3,Europe/Minsk
298995,BY,BY-MI,Syeylavichy,Сейлавічы,698,4,village,UTC+3,Europe/Minsk
298996,BY,BY-HO,Sevruki,Сеўрукі,519,3,locality,UTC+3,Europe/Minsk
298997,BY,BY-HO,Sevki,Сяўкі,340,3,locality,UTC+3,Europe/Minsk
299000,BY,BY-HR,Semerniki,Семернікі,199,4,village,UTC+3,Europe/Minsk
299001,BY,BY-MI,Setcha,Сетча,125,4,locality,UTC+3,Europe/Minsk
299005,BY,BY-MI,Syarahi,Сярагі,632,3,locality,UTC+3,Europe/Minsk
299007,BY,BY-BR,Sernichki,Sernichki,5237,3,Neighborhood,UTC+3,Europe/Minsk
299010,BY,BY-VI,Syerkavitsa,Серкавіца,581,4,village,UTC+3,Europe/Minsk
299014,BY,BY-VI,Sergeyevichi,Сяргеевічы,190,4,village,UTC+3,Europe/Minsk
299015,BY,BY-MI,Syarhyeyevichy,Сяргеевічы,450,4,village,UTC+3,Europe/Minsk
299016,BY,BY-MA,Sergeyevichi,Сяргеевічы,270,4,village,UTC+3,Europe/Minsk
299017,BY,BY-VI,Saranchany,Саранчаны,1847,3,Neighborhood,UTC+3,Europe/Minsk
299020,BY,BY-HO,Syerabranka,Серабранка,543,4,village,UTC+3,Europe/Minsk
299022,BY,BY-BR,Seradovo,Сярадава,113,4,village,UTC+3,Europe/Minsk
299023,BY,BY-VI,Sipishchevo,Сіпішчава,232,4,village,UTC+3,Europe/Minsk
299027,BY,BY-VI,Senno,Сянно,7125,2,village,UTC+3,Europe/Minsk
299028,BY,BY-HR,Senno,Senno,939,3,Neighborhood,UTC+3,Europe/Minsk
299030,BY,BY-MA,Sennaya,Sennaya,1084,3,Village,UTC+3,Europe/Minsk
299032,BY,BY-HR,Sen'kovshchina,Сянькоўшчына,533,4,village,UTC+3,Europe/Minsk
299033,BY,BY-VI,Sen'kovo,Сенькава,7237,3,Neighborhood,UTC+3,Europe/Minsk
299034,BY,BY-MA,Sen'kovo,Сенькава,104,4,locality,UTC+3,Europe/Minsk
299035,BY,BY-VI,Sen'kovo,Sen’kovo,1210,3,Village,UTC+3,Europe/Minsk
299036,BY,BY-MA,Sen'kovo,Сенькaвa,406,4,village,UTC+3,Europe/Minsk
299037,BY,BY-BR,Sienkavicy,Сенькавічы,408,4,hamlet,UTC+3,Europe/Minsk
299039,BY,BY-MI,Syenitsa,Сеніца,5000,4,hamlet,UTC+3,Europe/Minsk
299043,BY,BY-MA,Syemukachy,Семукачы,368,4,village,UTC+3,Europe/Minsk
299044,BY,BY-MI,Syomkava,Сёмкава,1551,3,City,UTC+3,Europe/Minsk
299045,BY,BY-HR,Semkovo,Сямкова,3722,3,Neighborhood,UTC+3,Europe/Minsk
299046,BY,BY-MI,Semkov,Сёмкаў Гарадок,192,4,locality,UTC+3,Europe/Minsk
299049,BY,BY-BR,Syamihostsichy,Сямігосцічы,1520,3,locality,UTC+3,Europe/Minsk
299050,BY,BY-MI,Syemyezhava,Семежава,1336,3,locality,UTC+3,Europe/Minsk
299051,BY,BY-HR,Semeyki,Сямейкі,2067,3,Neighborhood,UTC+3,Europe/Minsk
299052,BY,BY-MI,Semerniki,Semerniki,2280,4,village,UTC+3,Europe/Minsk
299054,BY,\N,Semenovshchina,Semënovshchina,15930,3,City,UTC+3,Europe/Minsk
299059,BY,BY-HO,Syamyonawka,Сямёнаўка,134,4,locality,UTC+3,Europe/Minsk
299060,BY,BY-MI,Syamyonavichy,Сямёнавічы,317,4,village,UTC+3,Europe/Minsk
299063,BY,BY-VI,Semenets,Семянец,123,4,locality,UTC+3,Europe/Minsk
299064,BY,BY-VI,Selyuty,Сялюты,198,4,village,UTC+3,Europe/Minsk
299065,BY,BY-VI,Selyavshchina,Сяляўшчына,740,3,Village,UTC+3,Europe/Minsk
299071,BY,BY-MI,Sel'tso,Sel’tso,1045,3,Village,UTC+3,Europe/Minsk
299074,BY,BY-VI,Selishche,Селишча,168,4,locality,UTC+3,Europe/Minsk
299075,BY,BY-VI,Selishche,Селішча,282,3,locality,UTC+3,Europe/Minsk
299084,BY,BY-MI,Syelishcha,Селішча,830,3,Neighborhood,UTC+3,Europe/Minsk
299086,BY,BY-HO,Selishchi,Селішчы,53,4,village,UTC+3,Europe/Minsk
299087,BY,BY-BR,Selishcha,Селішча,235,4,village,UTC+3,Europe/Minsk
299088,BY,BY-VI,Selivonovka,Selivonovka,814,3,Neighborhood,UTC+3,Europe/Minsk
299089,BY,BY-MI,Syaliba,Сяліба,328,4,village,UTC+3,Europe/Minsk
299092,BY,BY-HR,Syalyavichy,Сялявічы,485,4,village,UTC+3,Europe/Minsk
299093,BY,BY-MA,Seletskoye,Сялецкае,691,4,village,UTC+3,Europe/Minsk
299094,BY,BY-MA,Syalyets,Сялец,380,3,locality,UTC+3,Europe/Minsk
299097,BY,BY-MI,Syalyets,Сялец,125,4,village,UTC+3,Europe/Minsk
299098,BY,BY-MA,Selets,Сялец,246,4,village,UTC+3,Europe/Minsk
299099,BY,BY-MA,Selets,Сялец,588,4,village,UTC+3,Europe/Minsk
299100,BY,BY-MA,Selets,Сялец,396,3,locality,UTC+3,Europe/Minsk
299101,BY,BY-HR,Selets,Сялец,287,3,locality,UTC+3,Europe/Minsk
299102,BY,BY-HO,Selets,Selets,162,4,village,UTC+3,Europe/Minsk
299104,BY,BY-BR,Selets,Сялец,332,3,locality,UTC+3,Europe/Minsk
299106,BY,BY-BR,Selets,Сялец,213,3,locality,UTC+3,Europe/Minsk
299109,BY,BY-HO,Sekerichi,Sekerichi,147,3,Neighborhood,UTC+3,Europe/Minsk
299110,BY,BY-MI,Sekerichi,Сякерычы,597,4,village,UTC+3,Europe/Minsk
299111,BY,BY-HO,Syakyerychy,Сякерычы,174,4,locality,UTC+3,Europe/Minsk
299115,BY,BY-MI,Seditsa,Seditsa,786,3,Neighborhood,UTC+3,Europe/Minsk
299116,BY,BY-MA,Sedich,Сядзіч,177,4,hamlet,UTC+3,Europe/Minsk
299126,BY,BY-HR,Savovshchina,Саваўшчына,51,4,village,UTC+3,Europe/Minsk
299127,BY,BY-MA,Sevost'yanovichi,Савасцянавічы,220,3,locality,UTC+3,Europe/Minsk
299128,BY,BY-MI,Savoni,Савоні,137,4,hamlet,UTC+3,Europe/Minsk
299130,BY,BY-MI,Savkovo,Savkovo,805,3,Neighborhood,UTC+3,Europe/Minsk
299136,BY,BY-VI,Savichi,Савічы,120,4,village,UTC+3,Europe/Minsk
299137,BY,BY-HR,Savichi,Savichi,64918,3,City,UTC+3,Europe/Minsk
299138,BY,BY-HR,Savichi,Савічы,129,4,locality,UTC+3,Europe/Minsk
299139,BY,BY-BR,Savichi,Савічы,227,4,village,UTC+3,Europe/Minsk
299143,BY,\N,Savichi,Савічы,539,3,locality,UTC+3,Europe/Minsk
299146,BY,BY-VI,Savchenki,Саўчонкі,96,4,village,UTC+3,Europe/Minsk
299148,BY,BY-HR,Savolyewka,Саволеўка,291,3,locality,UTC+3,Europe/Minsk
299149,BY,BY-MA,Sava,Сава,361,4,village,UTC+3,Europe/Minsk
299150,BY,BY-VI,Sautki,Савуткі,1523,3,Town,UTC+3,Europe/Minsk
299152,BY,BY-MI,Saska Lipka,Саска Ліпка,599,4,village,UTC+3,Europe/Minsk
299153,BY,BY-BR,Sashytsa,Сашыца,160,4,locality,UTC+3,Europe/Minsk
299154,BY,BY-VI,"Sar""ya",Сар’я,521,3,PPL,UTC+3,Europe/Minsk
299157,BY,BY-VI,Sornopol'ye,Sornopol’ye,278,3,Neighborhood,UTC+3,Europe/Minsk
299158,BY,BY-VI,Sardyki,Сардыкі,61,4,hamlet,UTC+3,Europe/Minsk
299159,BY,BY-MI,Sarachy,Сарачы,1350,4,village,UTC+3,Europe/Minsk
299160,BY,\N,Sapronovo,Sapronovo,221,4,village,UTC+3,Europe/Minsk
299161,BY,BY-MA,Saprynavichy,Сапрынавічы,373,3,locality,UTC+3,Europe/Minsk
299165,BY,BY-HO,Sanyuki,Санюкі,131,4,locality,UTC+3,Europe/Minsk
299168,BY,BY-MA,Samulki,Самулкі,133,3,Neighborhood,UTC+3,Europe/Minsk
299171,BY,BY-MA,Samotevichi,Самацэвічы,561,3,Neighborhood,UTC+3,Europe/Minsk
299172,BY,BY-MI,Samakhvalavichy,Самахвалавічы,2500,4,Town,UTC+3,Europe/Minsk
299176,BY,BY-HR,Samarovichi,Самаравічы,279,4,village,UTC+3,Europe/Minsk
299177,BY,BY-HO,Saltanova,Салтанова,939,4,village,UTC+3,Europe/Minsk
299178,BY,BY-HO,Saltanovka,Салтанаўка,290,3,locality,UTC+3,Europe/Minsk
299180,BY,BY-MI,Soligorsk,Салігорск,101525,2,City,UTC+3,Europe/Minsk
299182,BY,BY-MI,Sakawshchyna,Сакаўшчына,443,4,village,UTC+3,Europe/Minsk
299186,BY,BY-MI,Sakovichy,Саковічы,409,3,locality,UTC+3,Europe/Minsk
299187,BY,BY-BR,Saki,Сакі,139,4,hamlet,UTC+3,Europe/Minsk
299196,BY,BY-MI,Sadovichi,Sadovichi,766,3,Neighborhood,UTC+3,Europe/Minsk
299197,BY,BY-MA,Rzhavtsy,Ржаўцы,1239,3,Neighborhood,UTC+3,Europe/Minsk
299198,BY,BY-VI,Rzhavka,Ржаўка,310,3,locality,UTC+3,Europe/Minsk
299199,BY,BY-MA,Rzhawka Pyershaya,Ржаўка Першая,382,4,village,UTC+3,Europe/Minsk
299204,BY,BY-HO,Ryzhkov,Рыжкаў,153,4,village,UTC+3,Europe/Minsk
299207,BY,BY-HR,Rytan',Рытань,276,4,village,UTC+3,Europe/Minsk
299208,BY,BY-HO,Riskov,Рыскоў,433,3,Village,UTC+3,Europe/Minsk
299212,BY,BY-HR,Rymdziuny,Рымдзюны,282,4,village,UTC+3,Europe/Minsk
299215,BY,BY-MI,Rimashi,Рымашы,141,4,village,UTC+3,Europe/Minsk
299219,BY,BY-BR,Rylovichi,Рылавічы,301,4,village,UTC+3,Europe/Minsk
299221,BY,BY-MA,Riki,Рыкі,58,4,village,UTC+3,Europe/Minsk
299226,BY,BY-HO,Rychow,Рычоў,476,3,locality,UTC+3,Europe/Minsk
299227,BY,BY-MI,Rybtsy,Рыбцы,141,4,locality,UTC+3,Europe/Minsk
299228,BY,BY-HR,Rybnitsa,Рыбніца,194,4,village,UTC+3,Europe/Minsk
299231,BY,BY-VI,Rybchino,Rybchino,1037,3,Neighborhood,UTC+3,Europe/Minsk
299233,BY,BY-HR,Rybaki,Рыбакі,11274,3,Neighborhood,UTC+3,Europe/Minsk
299235,BY,BY-BR,Ryasno,Расна,848,4,village,UTC+3,Europe/Minsk
299236,BY,BY-VI,Ryasno,Расна,135,4,village,UTC+3,Europe/Minsk
299237,BY,BY-MA,Rasna,Расна,809,4,village,UTC+3,Europe/Minsk
299239,BY,BY-VI,Rabava,Рабава,1348,3,Neighborhood,UTC+3,Europe/Minsk
299243,BY,BY-VI,Ryabchenki,Рабчонкі,750,3,Neighborhood,UTC+3,Europe/Minsk
299244,BY,BY-BR,Ruzhany,Ружаны,2999,3,Urban Settlement,UTC+3,Europe/Minsk
299249,BY,BY-MI,Russkoye Selo,Рускае Сяло,962,3,Town,UTC+3,Europe/Minsk
299251,BY,BY-BR,Rusina,Русіна,1560,3,locality,UTC+3,Europe/Minsk
299254,BY,BY-BR,Rusinovichi,Русінавічы,523,3,locality,UTC+3,Europe/Minsk
299256,BY,BY-MI,Rusakovichy,Русаковічы,160,4,village,UTC+3,Europe/Minsk
299260,BY,BY-MI,Rusaki,Русакі,204,3,Village,UTC+3,Europe/Minsk
299264,BY,BY-MI,Rum,Рум,64,4,hamlet,UTC+3,Europe/Minsk
299268,BY,BY-MI,Rukhava,Рухава,11033,3,City,UTC+3,Europe/Minsk
299269,BY,BY-BR,Rukhovichi,Руховічы,189,4,locality,UTC+3,Europe/Minsk
299270,BY,BY-BR,Rukhcha Pyershaya,Рухча Першая,249,4,village,UTC+3,Europe/Minsk
299272,BY,BY-MI,Rugayets,Ругаец,1250,3,Neighborhood,UTC+3,Europe/Minsk
299276,BY,BY-BR,Rudsk,Рудск,682,4,village,UTC+3,Europe/Minsk
299279,BY,BY-HO,Rudnya-Zhurawlyova,Рудня-Жураўлёва,153,4,village,UTC+3,Europe/Minsk
299281,BY,BY-HO,Valawskaya Rudnya,Валаўская Рудня,180,4,village,UTC+3,Europe/Minsk
299286,BY,BY-HO,Rudnya-Nisimkovichskaya,Рудня Нісімкавіцкая,51,4,locality,UTC+3,Europe/Minsk
299288,BY,BY-HO,Malyevitskaya Rudnya,Малевіцкая Рудня,120,4,village,UTC+3,Europe/Minsk
299289,BY,BY-HO,Rudnya Gorbovichskaya,Рудня Гарбавіцкая,152,4,village,UTC+3,Europe/Minsk
299291,BY,BY-HO,Rudnya-Buritskaya,Рудня Бурыцкая,121,4,village,UTC+3,Europe/Minsk
299293,BY,BY-HO,Rudnya-Bartolomeyevskaya,Рудня Барталамееўская,79,4,village,UTC+3,Europe/Minsk
299298,BY,BY-VI,Rudnya,Рудня,55,4,village,UTC+3,Europe/Minsk
299301,BY,BY-VI,Rudnya,Рудня,410,4,village,UTC+3,Europe/Minsk
299305,BY,BY-MI,Rudnya,Рудня,336,3,locality,UTC+3,Europe/Minsk
299307,BY,BY-MI,Rudnya,Rudnya,81,4,village,UTC+3,Europe/Minsk
299310,BY,BY-MI,Rudnya,Рудня,540,4,village,UTC+3,Europe/Minsk
299312,BY,BY-MA,Rudnya,Rudnya,872,3,Village,UTC+3,Europe/Minsk
299315,BY,BY-MI,Rudnya,Рудня,161,4,locality,UTC+3,Europe/Minsk
299321,BY,BY-HO,Rudnya,Рудня-Альхоўка,51,4,village,UTC+3,Europe/Minsk
299322,BY,BY-HO,Rudnya-Teleshevskaya,Рудня Целяшоўская,285,4,village,UTC+3,Europe/Minsk
299323,BY,BY-BR,Rudnya,Рудня,489,3,locality,UTC+3,Europe/Minsk
299324,BY,BY-HO,Vitchinskaya Rudnya,Vitchinskaya Rudnya,1996,3,Neighborhood,UTC+3,Europe/Minsk
299325,BY,BY-HO,Rudnya-Pribytkovskaya,Рудня Прыбыткаўская,678,3,Neighborhood,UTC+3,Europe/Minsk
299326,BY,BY-HO,Rudnya,Рудня,180,4,locality,UTC+3,Europe/Minsk
299327,BY,BY-HO,Rudnya,Рудня,1054,3,Neighborhood,UTC+3,Europe/Minsk
299330,BY,BY-MI,Rudnoye,Руднае,351,4,village,UTC+3,Europe/Minsk
299334,BY,BY-BR,Rudniki,Руднікі,189,4,village,UTC+3,Europe/Minsk
299335,BY,BY-MA,Rudkovshchina,Рудкаўшчына,296,4,village,UTC+3,Europe/Minsk
299342,BY,BY-HR,Rudevichi,Рудевичи,314,3,locality,UTC+3,Europe/Minsk
299343,BY,BY-HO,Rudets,Rudets,1235,3,Neighborhood,UTC+3,Europe/Minsk
299344,BY,BY-MI,Rudzyensk,Рудзенск,2900,4,hamlet,UTC+3,Europe/Minsk
299345,BY,BY-MI,Rudenka,Rudenka,4025,3,Neighborhood,UTC+3,Europe/Minsk
299346,BY,BY-HO,Rudenka,Rudenka,252,3,Neighborhood,UTC+3,Europe/Minsk
299347,BY,BY-HO,Rudenets,Рудзянец,604,3,Neighborhood,UTC+3,Europe/Minsk
299348,BY,BY-HR,Ruda Yavorskaya,Руда Яварская,380,4,village,UTC+3,Europe/Minsk
299349,BY,BY-MI,Rudawka,Рудаўка,1000,4,Town,UTC+3,Europe/Minsk
299350,BY,BY-VI,Rudashkovo,Rudashkovo,933,3,Neighborhood,UTC+3,Europe/Minsk
299354,BY,\N,Rudaki,Рудакі,806,4,village,UTC+3,Europe/Minsk
299355,BY,BY-VI,Rudoye,Rudoye,2534,3,Neighborhood,UTC+3,Europe/Minsk
299359,BY,BY-BR,Ruda,Руда,498,3,Neighborhood,UTC+3,Europe/Minsk
299361,BY,BY-HO,Ruchayowka,Ручаёўка,329,3,locality,UTC+3,Europe/Minsk
299362,BY,BY-VI,Ruchay,Ручай,81,4,locality,UTC+3,Europe/Minsk
299364,BY,BY-MI,Rubilki,Рубілкі,75,4,hamlet,UTC+3,Europe/Minsk
299369,BY,BY-VI,Rubyezh,Рубеж,99,4,locality,UTC+3,Europe/Minsk
299373,BY,BY-MI,Rubezh,Рубеж,199,4,locality,UTC+3,Europe/Minsk
299376,BY,BY-HO,Rubcha,Рубча,1301,3,Neighborhood,UTC+3,Europe/Minsk
299378,BY,BY-VI,Ruba,Руба,4471,3,Neighborhood,UTC+3,Europe/Minsk
299379,BY,BY-HR,Razvazha,Razvazha,17230,3,Neighborhood,UTC+3,Europe/Minsk
299383,BY,BY-BR,Rozhkovka,Ражкоўка,71,4,locality,UTC+3,Europe/Minsk
299389,BY,BY-HR,Rozhanka,Ражанка,2182,3,locality,UTC+3,Europe/Minsk
299390,BY,BY-VI,Rozeta,Rozeta,6689,3,Neighborhood,UTC+3,Europe/Minsk
299391,BY,BY-HO,Roza Lyuksemburg,Роза Люксембург,236,3,locality,UTC+3,Europe/Minsk
299392,BY,BY-BR,Revyatichi,Равяцічы,789,3,locality,UTC+3,Europe/Minsk
299394,BY,\N,Rovnoye Pole,Rovnoye Pole,146,3,Neighborhood,UTC+3,Europe/Minsk
299395,BY,BY-HO,Rovnoye,Роўнае,114,4,locality,UTC+3,Europe/Minsk
299396,BY,BY-MI,Rawnapollye,Раўнаполле,941,3,Village,UTC+3,Europe/Minsk
299397,BY,BY-MA,Rovnishche,Rovnishche,820,3,Village,UTC+3,Europe/Minsk
299399,BY,BY-HO,Rowkavichy,Роўкавічы,337,3,locality,UTC+3,Europe/Minsk
299402,BY,BY-BR,Roviny,Равіны,1251,3,Neighborhood,UTC+3,Europe/Minsk
299403,BY,BY-BR,Rowbitsk,Роўбіцк,1553,3,Neighborhood,UTC+3,Europe/Minsk
299412,BY,BY-VI,Rossony,Расоны,5100,2,village,UTC+3,Europe/Minsk
299413,BY,BY-VI,Rosskiy Selets,Роскі Сялец,3545,3,City,UTC+3,Europe/Minsk
299414,BY,BY-VI,Rasasna,Расасна,247,4,village,UTC+3,Europe/Minsk
299415,BY,BY-HR,Ross',Рось,5306,3,Village,UTC+3,Europe/Minsk
299419,BY,BY-VI,Rositsa,Росіца,460,3,locality,UTC+3,Europe/Minsk
299429,BY,BY-HO,Romanovka,Раманаўка,330,3,locality,UTC+3,Europe/Minsk
299431,BY,BY-HO,Romanovichi,Раманавічы,1453,3,locality,UTC+3,Europe/Minsk
299433,BY,BY-HO,Romanishchi,Раманішчы,73,4,locality,UTC+3,Europe/Minsk
299435,BY,BY-BR,Rakitna,Ракітна,922,4,village,UTC+3,Europe/Minsk
299436,BY,BY-BR,Rakitnitsa,Ракітніца,666,4,village,UTC+3,Europe/Minsk
299438,BY,BY-BR,Rahozna,Рагозна,226,4,hamlet,UTC+3,Europe/Minsk
299439,BY,BY-MI,Ragozino,Рагозіна,1147,3,Village,UTC+3,Europe/Minsk
299441,BY,BY-MI,Rahava,Рагава,59,4,hamlet,UTC+3,Europe/Minsk
299443,BY,BY-HR,Rogotna,Рагатна,619,3,Neighborhood,UTC+3,Europe/Minsk
299444,BY,BY-HO,Rahin',Рагінь,707,4,village,UTC+3,Europe/Minsk
299445,BY,BY-MA,Rogi,Rogi,3044,3,Neighborhood,UTC+3,Europe/Minsk
299446,BY,BY-MA,Rogi,Рагі,597,3,Neighborhood,UTC+3,Europe/Minsk
299447,BY,BY-HO,Rogi,Рагі,435,3,locality,UTC+3,Europe/Minsk
299449,BY,BY-MA,Rahalina,Рагаліна,3385,3,Neighborhood,UTC+3,Europe/Minsk
299450,BY,BY-BR,Rogachi,Rogachi,776,3,Neighborhood,UTC+3,Europe/Minsk
299451,BY,BY-HO,Rahachow,Рагачоў,33290,2,City,UTC+3,Europe/Minsk
299452,BY,BY-MA,Rogach,Рагач,132,4,village,UTC+3,Europe/Minsk
299454,BY,BY-HO,Roh,Рог,241,4,hamlet,UTC+3,Europe/Minsk
299455,BY,BY-BR,Razdzyalavichy,Раздзялавічы,1385,4,village,UTC+3,Europe/Minsk
299459,BY,\N,Rodyaki,Rodyaki,798,3,Neighborhood,UTC+3,Europe/Minsk
299460,BY,BY-MA,Rodnya,Родня,672,4,village,UTC+3,Europe/Minsk
299464,BY,BY-BR,Repichi,Repichi,2435,4,village,UTC+3,Europe/Minsk
299468,BY,BY-MI,Revyachka,Revyachka,1899,3,Neighborhood,UTC+3,Europe/Minsk
299477,BY,BY-HR,Replya,Рэпля,469,3,locality,UTC+3,Europe/Minsk
299480,BY,BY-MA,Repishche,Рэпішча,354,3,locality,UTC+3,Europe/Minsk
299481,BY,\N,Repishche,Repishche,8502,3,Neighborhood,UTC+3,Europe/Minsk
299483,BY,BY-HR,Rymutevtsy,Рэмуцёўцы,103,4,locality,UTC+3,Europe/Minsk
299486,BY,BY-HO,Remezy,Рамязы,522,3,locality,UTC+3,Europe/Minsk
299487,BY,BY-BR,Ramyel',Рамель,1139,4,village,UTC+3,Europe/Minsk
299488,BY,BY-MA,Rekta,Рэкта,650,4,village,UTC+3,Europe/Minsk
299490,BY,BY-MA,Rekta,Рэкта,373,4,village,UTC+3,Europe/Minsk
299491,BY,BY-HO,Rekta,Рэкта,114,4,hamlet,UTC+3,Europe/Minsk
299492,BY,BY-HO,Rekta,Рэкта,767,4,village,UTC+3,Europe/Minsk
299497,BY,BY-MI,Rodkoviche,Рэдзькавічы,106,4,locality,UTC+3,Europe/Minsk
299498,BY,BY-MI,Redkovichi,Рэдкавічы,518,3,locality,UTC+3,Europe/Minsk
299499,BY,BY-BR,Radzihyerava,Радзігерава,3815,3,City,UTC+3,Europe/Minsk
299500,BY,BY-HO,Rechytsa,Рэчыца,65304,2,City,UTC+3,Europe/Minsk
299501,BY,BY-BR,Rechytsa,Рэчыца,5864,3,locality,UTC+3,Europe/Minsk
299502,BY,BY-MI,Recki,Рэчкі,119,4,hamlet,UTC+3,Europe/Minsk
299503,BY,BY-BR,Rechki,Рэчкі,852,3,locality,UTC+3,Europe/Minsk
299505,BY,BY-MA,Rechytsa,Рэчыца,438,3,locality,UTC+3,Europe/Minsk
299506,BY,BY-BR,Rechytsa,Рэчыца,254,3,locality,UTC+3,Europe/Minsk
299507,BY,BY-BR,Rechytsa,Рэчыца,238,4,village,UTC+3,Europe/Minsk
299511,BY,BY-MA,Razdel,Раздзел,117,4,village,UTC+3,Europe/Minsk
299513,BY,BY-HO,Rayevskiye,Rayevskiye,23137,3,Neighborhood,UTC+3,Europe/Minsk
299514,BY,BY-MI,Rayevshchina,Раеўшчына,969,3,City,UTC+3,Europe/Minsk
299516,BY,BY-MI,Rawkutycze,Rawkutycze,524,4,village,UTC+3,Europe/Minsk
299520,BY,BY-MI,Ratyntsy,Ratyntsy,784,3,Neighborhood,UTC+3,Europe/Minsk
299521,BY,BY-MI,Ratutichi,Ratutichi,2479,3,Neighborhood,UTC+3,Europe/Minsk
299524,BY,BY-MI,Ratamka,Ратамка,2227,4,village,UTC+3,Europe/Minsk
299525,BY,BY-MA,Ratnaya,Ratnaya,272,4,village,UTC+3,Europe/Minsk
299526,BY,BY-HO,Ratmirovichi,Ratmirovichi,3364,3,Village,UTC+3,Europe/Minsk
299529,BY,\N,Rataychytsy,Ратайчыцы,305,4,village,UTC+3,Europe/Minsk
299540,BY,BY-HO,Rakshyn,Ракшын,50,4,locality,UTC+3,Europe/Minsk
299541,BY,BY-HR,Rakawtsy,Ракаўцы,331,4,village,UTC+3,Europe/Minsk
299542,BY,BY-MA,Rakshino,Ракшына,166,4,locality,UTC+3,Europe/Minsk
299543,BY,BY-HR,Rakovichi,Ракавічы,215,3,locality,UTC+3,Europe/Minsk
299545,BY,BY-HO,Rakovichi,Rakovichi,70617,3,City,UTC+3,Europe/Minsk
299546,BY,BY-MI,Rakaw,Ракаў,6300,3,locality,UTC+3,Europe/Minsk
299547,BY,BY-MI,Rakoshichi,Rakoshichi,211,4,village,UTC+3,Europe/Minsk
299556,BY,BY-HR,Radzivonishki,Радзівонішкі,200,4,locality,UTC+3,Europe/Minsk
299557,BY,BY-HR,Radevichi,Радзевічы,151,4,locality,UTC+3,Europe/Minsk
299558,BY,BY-BR,Vyalikiya Radvanichy,Вялікія Радванічы,461,3,locality,UTC+3,Europe/Minsk
299560,BY,BY-MA,Radutsichy,Радуцічы,278,3,locality,UTC+3,Europe/Minsk
299562,BY,BY-HO,Radusha,Радуша,773,3,locality,UTC+3,Europe/Minsk
299563,BY,BY-VI,Radun',Радунь,2673,3,Urban Settlement,UTC+3,Europe/Minsk
299564,BY,BY-HR,Radun',Радунь,2215,4,town,UTC+3,Europe/Minsk
299567,BY,BY-BR,Radovnya,Радаўня,262,4,village,UTC+3,Europe/Minsk
299568,BY,BY-BR,Radostovo,Радастава,2188,3,Neighborhood,UTC+3,Europe/Minsk
299570,BY,BY-MI,Radaskovicy,Радашковічы,5862,3,Urban Settlement,UTC+3,Europe/Minsk
299571,BY,BY-MA,Radamlya,Радамля,322,3,locality,UTC+3,Europe/Minsk
299572,BY,BY-BR,Radohoszcz,Рагадашч,180,4,village,UTC+3,Europe/Minsk
299575,BY,BY-MA,Redisheno,Redisheno,28043,3,City,UTC+3,Europe/Minsk
299577,BY,BY-BR,Radezh,Радзеж,413,4,village,UTC+3,Europe/Minsk
299578,BY,BY-HO,Radeyevo,Радзеева,343,4,village,UTC+3,Europe/Minsk
299581,BY,BY-BR,Radchytsk,Радчыцк,535,4,village,UTC+3,Europe/Minsk
299582,BY,BY-MA,Staraya Radcha,Старое Радча,72324,3,City,UTC+3,Europe/Minsk
299586,BY,BY-BR,Rachkany,Рачканы,146,4,locality,UTC+3,Europe/Minsk
299587,BY,BY-MI,Rachkovo,Rachkovo,22779,3,Neighborhood,UTC+3,Europe/Minsk
299588,BY,BY-HR,Ratsichy,Рацічы,505,3,locality,UTC+3,Europe/Minsk
299590,BY,BY-MI,Rachen',Рачэнь,789,3,locality,UTC+3,Europe/Minsk
299591,BY,BY-HO,Rebusa,Рабуса,232,3,locality,UTC+3,Europe/Minsk
299592,BY,BY-MI,Rabun',Рабунь,307,3,Neighborhood,UTC+3,Europe/Minsk
299593,BY,BY-MA,Rabovichi,Рабавічы,181,4,village,UTC+3,Europe/Minsk
299596,BY,BY-MI,Rabak,Рабак,125,4,hamlet,UTC+3,Europe/Minsk
299597,BY,BY-HO,Pyt'kovka,Пыцькаўка,585,3,Neighborhood,UTC+3,Europe/Minsk
299598,BY,BY-VI,Pyshna,Пышна,308,4,village,UTC+3,Europe/Minsk
299604,BY,\N,Pylevshchina,Pylevshchina,1976,3,Town,UTC+3,Europe/Minsk
299605,BY,BY-HO,Pykhan',Пыхань,380,3,locality,UTC+3,Europe/Minsk
299606,BY,BY-BR,Pyershamayskaya,Першамайская,1765,3,locality,UTC+3,Europe/Minsk
299609,BY,BY-VI,Pyatigorsk,Пяцігорск,442,3,Neighborhood,UTC+3,Europe/Minsk
299615,BY,BY-VI,Pyaliki,Пялікі,250,4,village,UTC+3,Europe/Minsk
299618,BY,BY-MI,Puzyry,Пузыры,174,4,village,UTC+3,Europe/Minsk
299621,BY,\N,Puzovo,Puzovo,2814,3,Town,UTC+3,Europe/Minsk
299622,BY,BY-MI,Puzichi,Пузічы,395,4,village,UTC+3,Europe/Minsk
299623,BY,BY-HR,Partizanskaya,Партызанская,119,4,locality,UTC+3,Europe/Minsk
299625,BY,BY-HR,Putryshki,Путрышкі,1847,3,locality,UTC+3,Europe/Minsk
299627,BY,BY-MA,Putniki,Путнікі,102,4,hamlet,UTC+3,Europe/Minsk
299628,BY,BY-MI,Putniki,Путнікі,119,4,hamlet,UTC+3,Europe/Minsk
299630,BY,BY-MA,Puts'ki,Пуцькі,293,4,village,UTC+3,Europe/Minsk
299635,BY,BY-MI,Putchyna,Путчына,4641,3,Neighborhood,UTC+3,Europe/Minsk
299636,BY,BY-VI,Pustynki,Пустынкі,123,4,hamlet,UTC+3,Europe/Minsk
299637,BY,BY-MA,Pustoy Osovets,Пусты Асавец,50,4,village,UTC+3,Europe/Minsk
299638,BY,BY-VI,Pustosel'ye,Pustosel’ye,269,3,Neighborhood,UTC+3,Europe/Minsk
299643,BY,BY-VI,Pushkari,Pushkari,15184,3,Neighborhood,UTC+3,Europe/Minsk
299653,BY,BY-VI,Pukhovka,Pukhovka,3326,3,Neighborhood,UTC+3,Europe/Minsk
299654,BY,BY-VI,Pukhovichi,Пухавічы,119,4,village,UTC+3,Europe/Minsk
299655,BY,BY-MI,Puchavicy,Пухавічы,2369,4,village,UTC+3,Europe/Minsk
299656,BY,BY-HO,Pukhavichy,Пухавічы,637,4,village,UTC+3,Europe/Minsk
299659,BY,BY-VI,Puglyai,Пугляі,269,3,locality,UTC+3,Europe/Minsk
299660,BY,BY-VI,Pugachki,Pugachki,2554,3,Neighborhood,UTC+3,Europe/Minsk
299661,BY,BY-MI,Puhachy,Пугачы,451,4,village,UTC+3,Europe/Minsk
299664,BY,BY-MI,Sloboda,Слабада,145,4,village,UTC+3,Europe/Minsk
299665,BY,BY-BR,Puchiny,Пучыны,418,4,village,UTC+3,Europe/Minsk
299666,BY,BY-MI,Ptich',Пціч,205,4,village,UTC+3,Europe/Minsk
299667,BY,BY-HO,Ptsich,Пціч,1092,4,village,UTC+3,Europe/Minsk
299668,BY,BY-BR,Psyshchava,Псышчава,527,3,locality,UTC+3,Europe/Minsk
299669,BY,BY-VI,Psuya,Псуя,450,3,locality,UTC+3,Europe/Minsk
299672,BY,BY-VI,Pribytki,Pribytki,1095,3,Neighborhood,UTC+3,Europe/Minsk
299675,BY,BY-BR,Pruzhany,Пружаны,19013,2,City,UTC+3,Europe/Minsk
299677,BY,BY-MI,Prussy,Вялікія Прусы,123,4,village,UTC+3,Europe/Minsk
299678,BY,BY-MI,Prusy,Прусы,129,4,hamlet,UTC+3,Europe/Minsk
299679,BY,BY-MI,Prusy,Прусы,462,4,village,UTC+3,Europe/Minsk
299683,BY,BY-BR,Prusko,Пруск,142,4,isolated_dwelling,UTC+3,Europe/Minsk
299685,BY,BY-MI,Prusinovo,Прусінава,123,4,village,UTC+3,Europe/Minsk
299687,BY,BY-MA,Prusino,Прусіна,430,4,village,UTC+3,Europe/Minsk
299689,BY,BY-MI,Prudy,Пруды,240,4,hamlet,UTC+3,Europe/Minsk
299690,BY,BY-VI,Prudok,Прудок,306,4,hamlet,UTC+3,Europe/Minsk
299695,BY,BY-MA,Prudok,Прудок,202,4,hamlet,UTC+3,Europe/Minsk
299697,BY,BY-HO,Prudok,Прудок,278,4,hamlet,UTC+3,Europe/Minsk
299699,BY,BY-HO,Prudok,Прудок,787,4,village,UTC+3,Europe/Minsk
299700,BY,BY-HO,Prudok,Прудок,300,4,village,UTC+3,Europe/Minsk
299701,BY,BY-VI,Prudniki,Пруднікі,5992,3,City,UTC+3,Europe/Minsk
299702,BY,BY-VI,Prudniki,Пруднікі,233,4,village,UTC+3,Europe/Minsk
299708,BY,BY-MI,Prudishche,Prudishche,1579,3,Neighborhood,UTC+3,Europe/Minsk
299713,BY,BY-VI,Prudzinki,Прудзінкі,324,4,village,UTC+3,Europe/Minsk
299717,BY,BY-VI,Prozoroki,Празарокі,411,3,locality,UTC+3,Europe/Minsk
299722,BY,BY-HO,Pratasy,Пратасы,230,4,village,UTC+3,Europe/Minsk
299723,BY,BY-MA,Pratasyevichy,Пратасевічы,371,4,village,UTC+3,Europe/Minsk
299724,BY,BY-HO,Prosvet,Prosvet,1318,3,Village,UTC+3,Europe/Minsk
299725,BY,BY-MI,Prosti,Прасці,148,4,locality,UTC+3,Europe/Minsk
299726,BY,BY-HO,Proskurni,Праскурні,564,4,village,UTC+3,Europe/Minsk
299727,BY,BY-VI,Proshkovo,Прошкава,287,4,village,UTC+3,Europe/Minsk
299730,BY,BY-MI,Proshyka,Прошыка,155,4,locality,UTC+3,Europe/Minsk
299731,BY,BY-MI,Proshchitsy,Прошчыцы,390,4,village,UTC+3,Europe/Minsk
299736,BY,BY-MI,Prancheykava,Пранчэйкава,148,4,village,UTC+3,Europe/Minsk
299737,BY,BY-BR,Pronchaki,Пранчакі,163,4,locality,UTC+3,Europe/Minsk
299738,BY,BY-VI,Promysly,Промыслы,824,3,Neighborhood,UTC+3,Europe/Minsk
299739,BY,BY-MA,Proletarskoye,Пралетарскае,324,4,village,UTC+3,Europe/Minsk
299740,BY,BY-VI,Proletarsk,Пралетарск,141,4,village,UTC+3,Europe/Minsk
299742,BY,BY-HO,Proletariy,Пралетарый,480,3,Neighborhood,UTC+3,Europe/Minsk
299744,BY,BY-HO,Prokopovka,Пракопаўка,108,4,village,UTC+3,Europe/Minsk
299745,BY,BY-HR,Prokopovichi,Пракопавічы,142,4,village,UTC+3,Europe/Minsk
299746,BY,BY-HO,Prokisel',Пракісель,407,3,locality,UTC+3,Europe/Minsk
299747,BY,BY-MA,Prokhorovka,Прахораўка,52,4,village,UTC+3,Europe/Minsk
299750,BY,BY-MA,Prodvino,Продзвіна,461,4,village,UTC+3,Europe/Minsk
299751,BY,BY-MI,Priyamino,Прыяміна,368,4,village,UTC+3,Europe/Minsk
299755,BY,BY-VI,Prival'ni,Prival’ni,4006,3,City,UTC+3,Europe/Minsk
299756,BY,BY-HR,Pryvalki,Прывалкі,223,4,hamlet,UTC+3,Europe/Minsk
299757,BY,BY-MI,Prisynok,Прысынак,438,3,Village,UTC+3,Europe/Minsk
299762,BY,BY-HO,Prysno,Прысно,498,4,village,UTC+3,Europe/Minsk
299763,BY,BY-MA,Prisna-1,Прысна 1,238,3,Village,UTC+3,Europe/Minsk
299767,BY,BY-MI,Priluki,Прылучкі,93,4,village,UTC+3,Europe/Minsk
299769,BY,BY-BR,Priluki,Прылукі,575,4,village,UTC+3,Europe/Minsk
299770,BY,BY-MA,Priles'ye,Прылессе,76,4,locality,UTC+3,Europe/Minsk
299771,BY,BY-MI,Prilepy,Прылепы,470,3,locality,UTC+3,Europe/Minsk
299776,BY,BY-MA,Prikhaby,Прыхабы,59,4,locality,UTC+3,Europe/Minsk
299779,BY,BY-VI,Pridvor'ye,Pridvor’ye,868,3,Neighborhood,UTC+3,Europe/Minsk
299785,BY,BY-HO,Pribolovichi,Прыбалавічы,899,4,village,UTC+3,Europe/Minsk
299786,BY,BY-HO,Prybudak,Прыбудак,378,3,Neighborhood,UTC+3,Europe/Minsk
299788,BY,BY-BR,Priborovo,Прыбарава,462,3,locality,UTC+3,Europe/Minsk
299790,BY,BY-HO,Prybar,Прыбар,1033,4,village,UTC+3,Europe/Minsk
299792,BY,BY-HR,Pretimo,Pretsima,165,4,village,UTC+3,Europe/Minsk
299794,BY,BY-MI,Presnaki,Праснакі,240,4,village,UTC+3,Europe/Minsk
299797,BY,BY-MI,Prawdzinski,Праўдзінскі,2900,4,village,UTC+3,Europe/Minsk
299801,BY,BY-HR,Pozhizhma,Пажыжма,57,4,village,UTC+3,Europe/Minsk
299802,BY,BY-VI,Pozhen'ki,Пожанькі,106,4,village,UTC+3,Europe/Minsk
299803,BY,BY-BR,Pozhezhin,Пажэжын,212,4,village,UTC+3,Europe/Minsk
299811,BY,BY-HR,Povyazhi,Павяжы,229,4,village,UTC+3,Europe/Minsk
299812,BY,BY-VI,Pavyatsi,Павяці,455,4,village,UTC+3,Europe/Minsk
299814,BY,BY-MI,Pawstyn',Паўстынь,2568,3,Neighborhood,UTC+3,Europe/Minsk
299816,BY,BY-MI,Povarchitsy,Паварчыцы,325,3,locality,UTC+3,Europe/Minsk
299817,BY,BY-MA,Podsoltovo,Падсолтава,252711,3,City,UTC+3,Europe/Minsk
299819,BY,BY-MI,Patsyeyki,Пацейкі,402,4,village,UTC+3,Europe/Minsk
299827,BY,BY-HO,Patapawka,Патапаўка,908,3,locality,UTC+3,Europe/Minsk
299828,BY,BY-BR,Potapovichi,Патапавічы,348,3,locality,UTC+3,Europe/Minsk
299829,BY,BY-BR,Potapovichi,Патапавічы,191,4,locality,UTC+3,Europe/Minsk
299836,BY,BY-BR,Posenichi,Пасянічы,404,3,locality,UTC+3,Europe/Minsk
299837,BY,BY-VI,Veyno,Veyno,1997,3,Neighborhood,UTC+3,Europe/Minsk
299845,BY,BY-HO,Poselichi,Паселічы,227,3,locality,UTC+3,Europe/Minsk
299846,BY,BY-MI,Posadets,Пасадзец,176,4,locality,UTC+3,Europe/Minsk
299848,BY,BY-VI,Porplishcha,Порплішча,688,3,locality,UTC+3,Europe/Minsk
299849,BY,BY-HR,Porazava,Поразава,864,3,Urban Settlement,UTC+3,Europe/Minsk
299850,BY,BY-MA,Poroyevka,Poroyevka,21413,3,Neighborhood,UTC+3,Europe/Minsk
299853,BY,BY-BR,Poroslyany,Парасляны,159,4,locality,UTC+3,Europe/Minsk
299861,BY,BY-HR,Parechcha,Парэчча,230,4,village,UTC+3,Europe/Minsk
299862,BY,BY-HR,Parechcha,Парэчча,80,4,village,UTC+3,Europe/Minsk
299863,BY,BY-HR,Parechcha,Парэчча,246,4,village,UTC+3,Europe/Minsk
299866,BY,BY-HR,Parechcha,Парэчча,199,4,locality,UTC+3,Europe/Minsk
299867,BY,BY-HO,Parechcha,Парэчча,591,4,village,UTC+3,Europe/Minsk
299868,BY,BY-BR,Pozheche,Парэчча,579,4,village,UTC+3,Europe/Minsk
299869,BY,BY-HR,Porechany,Парачаны,3582,3,Neighborhood,UTC+3,Europe/Minsk
299872,BY,BY-MA,Popovtsy,Папоўцы,1650,3,Neighborhood,UTC+3,Europe/Minsk
299874,BY,BY-HO,Popovtsy,Папоўцы,2754,3,Neighborhood,UTC+3,Europe/Minsk
299880,BY,BY-MI,Paplavy,Паплавы,577,4,village,UTC+3,Europe/Minsk
299881,BY,BY-MA,Paplavy,Паплавы,135,4,hamlet,UTC+3,Europe/Minsk
299886,BY,BY-BR,Novaya Papina,Новая Папіна,844,4,village,UTC+3,Europe/Minsk
299889,BY,BY-BR,Papyalyova,Папялёва,126,4,village,UTC+3,Europe/Minsk
299892,BY,BY-HR,Ponizie,Паніззе,136,4,locality,UTC+3,Europe/Minsk
299895,BY,BY-VI,Panizowye,Панізоўе,339,4,village,UTC+3,Europe/Minsk
299896,BY,BY-BR,Ponikvy,Паніквы,157,4,locality,UTC+3,Europe/Minsk
299900,BY,BY-HR,Ponara,Ponara,161024,3,City,UTC+3,Europe/Minsk
299901,BY,BY-MI,Pomoshe,Памошша,94,4,village,UTC+3,Europe/Minsk
299905,BY,BY-VI,Palyudovichi,Palyudavichy,53,4,village,UTC+3,Europe/Minsk
299907,BY,BY-MA,Polykovichi-2,Палыкавічы 2,149,3,Neighborhood,UTC+3,Europe/Minsk
299911,BY,BY-HR,Polyany,Паляны,204,4,village,UTC+3,Europe/Minsk
299916,BY,BY-MA,Polyaninovichi,Палянінавічы,426,3,locality,UTC+3,Europe/Minsk
299919,BY,BY-VI,Polyachki,Polyachki,1212,3,Neighborhood,UTC+3,Europe/Minsk
299924,BY,BY-MI,Palazhevichy,Палажэвічы,500,4,village,UTC+3,Europe/Minsk
299926,BY,BY-MI,Polovtsy,Папоўцы,938,3,Neighborhood,UTC+3,Europe/Minsk
299927,BY,\N,Polovo,Polovo,1198,3,Neighborhood,UTC+3,Europe/Minsk
299928,BY,BY-VI,Polovo,Полава,178,4,village,UTC+3,Europe/Minsk
299930,BY,BY-MI,Poloviki,Poloviki,1222,3,Neighborhood,UTC+3,Europe/Minsk
299932,BY,BY-VI,Polota,Палата,629,3,locality,UTC+3,Europe/Minsk
299933,BY,BY-MA,Poloshkovo,Палошкава,345,3,locality,UTC+3,Europe/Minsk
299934,BY,BY-BR,Polansk,Поланск,175,4,hamlet,UTC+3,Europe/Minsk
299936,BY,BY-BR,Polonka,Палонка,722,3,locality,UTC+3,Europe/Minsk
299939,BY,BY-MI,Polonevichi,Паланевічы,97,4,village,UTC+3,Europe/Minsk
299940,BY,BY-BR,Palanechka,Паланэчка,201,3,locality,UTC+3,Europe/Minsk
299941,BY,BY-HR,Polonaya,Паланая,193,4,locality,UTC+3,Europe/Minsk
299943,BY,BY-MI,Palachany,Палачаны,972,3,locality,UTC+3,Europe/Minsk
299944,BY,BY-HR,Bogatyri-Pol'nyye,Польныя Багатыры,78,4,village,UTC+3,Europe/Minsk
299945,BY,BY-MA,Polna,Пална,142,4,village,UTC+3,Europe/Minsk
299950,BY,BY-HR,Polipnitsa,Поліпніца,56,4,village,UTC+3,Europe/Minsk
299953,BY,BY-HR,Palystskishki,Паляцкішкі,401,4,village,UTC+3,Europe/Minsk
299954,BY,BY-MA,Poletniki,Палетнікі,113,4,locality,UTC+3,Europe/Minsk
299955,BY,BY-VI,Paliessie,Палессе,310,4,village,UTC+3,Europe/Minsk
299956,BY,BY-MI,Polesie,Палессе,191,4,locality,UTC+3,Europe/Minsk
299957,BY,BY-HO,Palyessye,Палессе,306,4,village,UTC+3,Europe/Minsk
299960,BY,BY-BR,Polenichitsy,Палянічыцы,153,4,locality,UTC+3,Europe/Minsk
299962,BY,BY-VI,Polotsk,Полацк,81463,2,City,UTC+3,Europe/Minsk
299963,BY,BY-MA,Pokut'ye,Пакуцце,61,4,locality,UTC+3,Europe/Minsk
299965,BY,BY-MI,Pokrasava,Покрашава,409,4,village,UTC+3,Europe/Minsk
299966,BY,BY-HO,Pokats',Покаць,170,4,village,UTC+3,Europe/Minsk
299967,BY,BY-HO,Pokolyubichi,Пакалюбічы,3159,4,village,UTC+3,Europe/Minsk
299970,BY,BY-MI,Pogulyanka,Pogulyanka,936,3,Village,UTC+3,Europe/Minsk
299971,BY,BY-HR,Pogranichnyy,Пагранічны,1445,3,locality,UTC+3,Europe/Minsk
299972,BY,BY-BR,Pahost-Zaharodsk,Пагост-Загородск,359,3,locality,UTC+3,Europe/Minsk
299974,BY,BY-MI,Pogost,Пагост,238,4,village,UTC+3,Europe/Minsk
299975,BY,BY-MI,Pahost,Пагост,687,4,village,UTC+3,Europe/Minsk
299977,BY,BY-MI,Pahost Pershy,Пагост Першы,248,4,hamlet,UTC+3,Europe/Minsk
299978,BY,BY-HO,Pogost,Пагост,272,3,locality,UTC+3,Europe/Minsk
299979,BY,BY-VI,Pahoshcha,Пагошча,535,4,village,UTC+3,Europe/Minsk
299981,BY,BY-MI,Paharelaye,Пагарэлае,129,4,village,UTC+3,Europe/Minsk
299982,BY,BY-MI,Paharel'tsy,Пагарэльцы,215,4,village,UTC+3,Europe/Minsk
299986,BY,BY-MA,Paharelaye,Пагарэлае,327,3,locality,UTC+3,Europe/Minsk
299991,BY,BY-MI,Pogoditsa,Пагадзіца,101,4,village,UTC+3,Europe/Minsk
299993,BY,BY-HR,Pogiri,Погіры,200,4,village,UTC+3,Europe/Minsk
299995,BY,BY-HR,Paharelka,Пагарэлка,173,4,hamlet,UTC+3,Europe/Minsk
299997,BY,BY-HR,Poditva,Подзітва,150,4,village,UTC+3,Europe/Minsk
299998,BY,BY-BR,"Pod""yazovle",Пад’язаўле,68,4,PPL,UTC+3,Europe/Minsk
299999,BY,BY-MA,"Pod""yasenka",Pod”yasenka,33,3,Neighborhood,UTC+3,Europe/Minsk
300000,BY,\N,Podvoritsa,Podvoritsa,1010,3,Village,UTC+3,Europe/Minsk
300001,BY,BY-VI,Padvorytsa,Падворыца,152,4,village,UTC+3,Europe/Minsk
300005,BY,\N,Podvol'ye,Podvol’ye,1504,3,Village,UTC+3,Europe/Minsk
300008,BY,BY-HR,Podvelikoye,Падвялікае,626,3,Village,UTC+3,Europe/Minsk
300011,BY,BY-VI,Padsvillye,Падсвілле,1765,4,village,UTC+3,Europe/Minsk
300012,BY,BY-BR,Pastarynnye,Пастарынне,512,3,Neighborhood,UTC+3,Europe/Minsk
300013,BY,BY-BR,Padstaryny,Падстарыны,661,4,village,UTC+3,Europe/Minsk
300014,BY,\N,Podsoson'ye,Падсасонне,60,4,locality,UTC+3,Europe/Minsk
300015,BY,BY-MA,Podsely,Падсёлы,1010,3,Town,UTC+3,Europe/Minsk
300016,BY,BY-MI,Podsadskiye,Падсадскія,127,4,village,UTC+3,Europe/Minsk
300019,BY,BY-MA,Podrech'ye,Падрэчча,133,4,locality,UTC+3,Europe/Minsk
300023,BY,BY-BR,Podose,Podose,1388,3,Neighborhood,UTC+3,Europe/Minsk
300025,BY,BY-HR,Padarosk,Падароск,660,3,Neighborhood,UTC+3,Europe/Minsk
300026,BY,BY-MI,Podoresse,Падарэссе,517,4,village,UTC+3,Europe/Minsk
300027,BY,\N,Podonki,Podonki,1317,3,Neighborhood,UTC+3,Europe/Minsk
300028,BY,BY-HR,Padol'tsy,Падольцы,403,4,village,UTC+3,Europe/Minsk
300030,BY,BY-HO,Podmost'ye,Podmost’ye,4197,3,Neighborhood,UTC+3,Europe/Minsk
300032,BY,BY-VI,Podmishnev'ye,Podmishnev’ye,6402,3,Neighborhood,UTC+3,Europe/Minsk
300033,BY,BY-MA,Padluzhzha,Падлужжа,359,3,locality,UTC+3,Europe/Minsk
300034,BY,BY-MA,Podluzh'ye,Podluzh’ye,1629,3,Neighborhood,UTC+3,Europe/Minsk
300037,BY,BY-BR,Padluzhzha,Падлужжа,97,4,locality,UTC+3,Europe/Minsk
300039,BY,BY-MI,Podliptsy,Падліпцы,138,4,village,UTC+3,Europe/Minsk
300040,BY,BY-HR,Padlipki,Падліпкі,200,4,hamlet,UTC+3,Europe/Minsk
300041,BY,BY-BR,Padlyessye,Падлессе,638,4,village,UTC+3,Europe/Minsk
300042,BY,BY-BR,Podlese,Падлессе,342,3,locality,UTC+3,Europe/Minsk
300043,BY,BY-BR,Podles'ye-Kamenetskoye,Падлессе Камянецкае,133,4,locality,UTC+3,Europe/Minsk
300045,BY,BY-BR,Padlyasyeyki,Падлясейкі,379,3,locality,UTC+3,Europe/Minsk
300048,BY,BY-BR,Padkraichy,Падкраічы,481,4,village,UTC+3,Europe/Minsk
300057,BY,BY-HR,Paharodna,Пагародна,860,4,village,UTC+3,Europe/Minsk
300058,BY,BY-BR,Padhornaya,Падгорная,31802,3,City,UTC+3,Europe/Minsk
300064,BY,BY-MI,Podgay,Падгай,99,4,locality,UTC+3,Europe/Minsk
300067,BY,BY-HO,Padhallye,Падгалле,288,4,village,UTC+3,Europe/Minsk
300075,BY,BY-HO,Poddobryanka,Паддабранка,78171,3,City,UTC+3,Europe/Minsk
300082,BY,BY-HR,Padbalotstsye,Падбалоцце,398,4,village,UTC+3,Europe/Minsk
300083,BY,BY-BR,Podblotse,Падбалоцце,89,4,locality,UTC+3,Europe/Minsk
300091,BY,BY-MA,Pochepy,Пачапы,1627,3,Neighborhood,UTC+3,Europe/Minsk
300092,BY,BY-MA,Pochepok,Pochepok,113,4,village,UTC+3,Europe/Minsk
300093,BY,BY-VI,Pachayevichy,Пачаевічы,246,4,village,UTC+3,Europe/Minsk
300094,BY,BY-BR,Pochapovo,Пачапава,212,3,locality,UTC+3,Europe/Minsk
300095,BY,BY-HO,Pobalava,Побалава,632,4,village,UTC+3,Europe/Minsk
300096,BY,BY-MA,Pobokovichi,Pobokovichi,2189,3,Neighborhood,UTC+3,Europe/Minsk
300097,BY,BY-MA,Pobokovichi,Пабокавічы,91,4,village,UTC+3,Europe/Minsk
300099,BY,BY-MA,Pnevshchina,Пнеўшчына,56,4,hamlet,UTC+3,Europe/Minsk
300100,BY,BY-VI,Plyusy,Плюсы,255,3,locality,UTC+3,Europe/Minsk
300108,BY,BY-BR,Plotnitsa,Плотніца,983,4,village,UTC+3,Europe/Minsk
300110,BY,BY-VI,Ploskoye,Плоскае,193,4,village,UTC+3,Europe/Minsk
300117,BY,BY-VI,Plisa,Пліса,550,4,village,UTC+3,Europe/Minsk
300118,BY,BY-VI,Plisa,Пліса,133,4,village,UTC+3,Europe/Minsk
300122,BY,BY-MI,Plisa,Пліса,341,3,Town,UTC+3,Europe/Minsk
300130,BY,BY-MA,Plessy,Плёсы,311,3,locality,UTC+3,Europe/Minsk
300131,BY,BY-HO,Plesovichi,Плесавічы,103,4,village,UTC+3,Europe/Minsk
300132,BY,BY-HO,Plesovichskaya Slobodka,Плесавіцкая Слабодка,287,3,locality,UTC+3,Europe/Minsk
300135,BY,BY-MA,Pleshchitsy,Плешчыцы,157,4,village,UTC+3,Europe/Minsk
300136,BY,BY-BR,Plyeshchytsy,Плешчыцы,941,4,village,UTC+3,Europe/Minsk
300139,BY,BY-MI,Plyeshchanitsy,Плешчаніцы,7800,4,village,UTC+3,Europe/Minsk
300141,BY,\N,Plekhovo,Plekhovo,3244,3,City,UTC+3,Europe/Minsk
300142,BY,BY-MI,Plebantsy,Плябанцы,171,4,village,UTC+3,Europe/Minsk
300144,BY,BY-HR,Plebanovtsy,Плябанаўцы,182,4,village,UTC+3,Europe/Minsk
300147,BY,BY-MI,Plastok,Пласток,379,4,village,UTC+3,Europe/Minsk
300148,BY,BY-MI,Plashino,Plashino,3703,3,Town,UTC+3,Europe/Minsk
300149,BY,BY-VI,Plamya,Полымя,300,4,village,UTC+3,Europe/Minsk
300152,BY,BY-MA,Pislyatino,Pislyatino,1223,3,Neighborhood,UTC+3,Europe/Minsk
300156,BY,BY-VI,Pishchalovo,Пішчалава,283,3,locality,UTC+3,Europe/Minsk
300160,BY,BY-HR,Pironim,Піронім,143,4,hamlet,UTC+3,Europe/Minsk
300163,BY,BY-VI,Pirogi,Пірагі,790,3,Neighborhood,UTC+3,Europe/Minsk
300164,BY,BY-HR,Pyerahantsy,Пераганцы,364,4,village,UTC+3,Europe/Minsk
300165,BY,BY-HO,Pirevichy,Пірэвічы,1152,3,locality,UTC+3,Europe/Minsk
300168,BY,BY-BR,Pinsk,Пінск,127281,2,City,UTC+3,Europe/Minsk
300169,BY,BY-BR,Pinkavichy,Пінкавічы,3898,3,locality,UTC+3,Europe/Minsk
300170,BY,BY-MA,Pil'shychy,Пільшычы,842,3,Village,UTC+3,Europe/Minsk
300172,BY,BY-MA,Pil'nya,Пільня,1031,3,Neighborhood,UTC+3,Europe/Minsk
300174,BY,BY-MA,Pileshchino,Пілешчына,5487,3,Neighborhood,UTC+3,Europe/Minsk
300176,BY,BY-MI,Petukhovshchina,Петухоўшчына,112,4,locality,UTC+3,Europe/Minsk
300177,BY,BY-MA,Petukhovka,Петухоўка,228,3,locality,UTC+3,Europe/Minsk
300181,BY,BY-MI,Petrovshchina,Пятроўшчына,288,4,village,UTC+3,Europe/Minsk
300182,BY,BY-MI,Petrovinka,Петравінка,134,4,village,UTC+3,Europe/Minsk
300184,BY,BY-HR,Petrovichi,Пятровічы,119,4,locality,UTC+3,Europe/Minsk
300185,BY,BY-MI,Pyatrovichy,Пятровічы,134,4,village,UTC+3,Europe/Minsk
300186,BY,BY-MA,Pyatrovichy,Пятровічы,236,4,village,UTC+3,Europe/Minsk
300188,BY,BY-BR,Petrovichi,Пятровічы,95,4,village,UTC+3,Europe/Minsk
300191,BY,BY-HO,Petritskoye,Петрыцкае,86,4,village,UTC+3,Europe/Minsk
300192,BY,BY-MI,Pyatryshki,Пятрышкі,1946,4,village,UTC+3,Europe/Minsk
300193,BY,BY-MI,Petrilovo,Пятрылава,125,4,village,UTC+3,Europe/Minsk
300194,BY,BY-MI,Pyatrylavichy,Пятрылавічы,127,4,locality,UTC+3,Europe/Minsk
300195,BY,BY-HO,Petrikov,Петрыкаў,10401,2,City,UTC+3,Europe/Minsk
300196,BY,BY-VI,Petriki,Пятрыкі,5613,3,City,UTC+3,Europe/Minsk
300197,BY,BY-HR,Petrevichi,Пятрэвічы,6663,4,town,UTC+3,Europe/Minsk
300201,BY,BY-VI,Petrashi,Petrashi,10138,3,City,UTC+3,Europe/Minsk
300202,BY,BY-HR,Pyatralyevichy 1,Пятралевічы 1,254,3,locality,UTC+3,Europe/Minsk
300204,BY,BY-BR,Pet'ki,Пецькі,306,3,locality,UTC+3,Europe/Minsk
300205,BY,BY-BR,Pyetkavichy,Петкавічы,333,4,village,UTC+3,Europe/Minsk
300207,BY,BY-MI,Pyatevshchina,Пяцеўшчына,444,3,locality,UTC+3,Europe/Minsk
300209,BY,BY-MI,Pyasochnaye,Пясочнае,573,3,locality,UTC+3,Europe/Minsk
300210,BY,BY-HR,Pesochnaya,Пясочная,1225,3,Neighborhood,UTC+3,Europe/Minsk
300211,BY,BY-HO,Pesochnaya Buda,Пясочная Буда,736,4,village,UTC+3,Europe/Minsk
300212,BY,BY-VI,Pesochnya,Pesochnya,317,3,Neighborhood,UTC+3,Europe/Minsk
300213,BY,BY-VI,Pesochanka,Песачанка,63,4,village,UTC+3,Europe/Minsk
300214,BY,BY-HR,Pyeskawtsy,Пескаўцы,348,4,village,UTC+3,Europe/Minsk
300219,BY,BY-HR,Pyaski,Пяскі,698,3,locality,UTC+3,Europe/Minsk
300223,BY,BY-BR,Peshki,Пешкі,116,4,village,UTC+3,Europe/Minsk
300225,BY,BY-HR,Pesevichi,Pesevichi,3718,3,Neighborhood,UTC+3,Europe/Minsk
300232,BY,BY-HO,Selishche Pervoye,Selishche Pervoye,103,4,village,UTC+3,Europe/Minsk
300233,BY,BY-BR,Pervomaysk,Першамайск,187,4,locality,UTC+3,Europe/Minsk
300234,BY,BY-HO,Pervomaysk,Першамайск,126,4,village,UTC+3,Europe/Minsk
300236,BY,BY-HR,Pyershamayski,Першамайскі,17929,3,Neighborhood,UTC+3,Europe/Minsk
300240,BY,BY-HR,Pyershamayskaya,Першамайская,410,3,locality,UTC+3,Europe/Minsk
300243,BY,BY-HO,Pervomaysk,Першамайск,200,4,locality,UTC+3,Europe/Minsk
300244,BY,BY-HO,Pervomaysk,Первамайск,55,4,village,UTC+3,Europe/Minsk
300245,BY,BY-HO,Pervomaysk,Першамайск,182,4,village,UTC+3,Europe/Minsk
300247,BY,BY-MA,Perunovo,Perunovo,1076,3,Neighborhood,UTC+3,Europe/Minsk
300248,BY,\N,Pertets,Pertets,1105,3,Neighborhood,UTC+3,Europe/Minsk
300250,BY,BY-BR,Pyerasudavichy,Перасудавічы,127,4,locality,UTC+3,Europe/Minsk
300252,BY,BY-MI,Pyarshai,Пяршаі,677,4,village,UTC+3,Europe/Minsk
300255,BY,BY-BR,Perkhovichi,Перхавічы,258,4,village,UTC+3,Europe/Minsk
300257,BY,BY-BR,Perinovo,Перунова,741,3,Village,UTC+3,Europe/Minsk
300260,BY,BY-MI,Pyarazhyr,Пяражыр,492,4,village,UTC+3,Europe/Minsk
300262,BY,BY-VI,Perevoz,Perevoz,902,3,Neighborhood,UTC+3,Europe/Minsk
300267,BY,BY-HO,Pyeravaloka,Перавалока,621,4,village,UTC+3,Europe/Minsk
300273,BY,BY-MI,Peretyatki,Peretyatki,15024,3,City,UTC+3,Europe/Minsk
300274,BY,BY-MI,Peretoki,Ператокі,308,3,locality,UTC+3,Europe/Minsk
300276,BY,BY-HO,Pyerasvyatoye,Перасвятое,532,3,locality,UTC+3,Europe/Minsk
300277,BY,BY-MA,Peresopnya,Peresopnya,952,3,Neighborhood,UTC+3,Europe/Minsk
300281,BY,BY-MI,Pyerasady,Перасады,498,3,locality,UTC+3,Europe/Minsk
300282,BY,BY-BR,Pererub,Pererub,1022,3,Neighborhood,UTC+3,Europe/Minsk
300283,BY,BY-HO,Pererov,Перароў,389,4,village,UTC+3,Europe/Minsk
300284,BY,BY-HO,Pererost,Перарост,660,3,Neighborhood,UTC+3,Europe/Minsk
300285,BY,BY-HO,Perelevka,Пералёўка,220,3,locality,UTC+3,Europe/Minsk
300286,BY,BY-MA,Peresel'ye,Peresel’ye,2314,3,Town,UTC+3,Europe/Minsk
300289,BY,BY-VI,Perekopovo,Perekopovo,1174,3,Village,UTC+3,Europe/Minsk
300291,BY,BY-BR,Perekhrest'ye,Перахрэсце,67,4,village,UTC+3,Europe/Minsk
300292,BY,BY-VI,Perekhodtsy,Perekhodtsy,1542,3,Village,UTC+3,Europe/Minsk
300298,BY,BY-HO,Pyaredzyelka,Пярэдзелка,1100,3,Neighborhood,UTC+3,Europe/Minsk
300300,BY,BY-VI,Pyerabroddzye,Пераброддзе,233,4,village,UTC+3,Europe/Minsk
300304,BY,BY-VI,Penklovichi,Penklovichi,778,3,Neighborhood,UTC+3,Europe/Minsk
300306,BY,BY-HR,Pinanishki,Pinanishki,750,3,Neighborhood,UTC+3,Europe/Minsk
300307,BY,BY-HO,Penchin,Пянчын,619,3,locality,UTC+3,Europe/Minsk
300308,BY,BY-HR,Pelyasa,Пеляса,214,4,village,UTC+3,Europe/Minsk
300309,BY,BY-BR,Pyelishcha,Пелішча,1378,3,locality,UTC+3,Europe/Minsk
300312,BY,BY-MI,Peklichi,Пеклічы,136,4,locality,UTC+3,Europe/Minsk
300314,BY,BY-MI,Pyekary,Пекары,172,4,village,UTC+3,Europe/Minsk
300316,BY,BY-MI,Pyekalin,Пекалін,597,4,village,UTC+3,Europe/Minsk
300321,BY,BY-MA,Pechkovka,Пячкоўка,756,3,Neighborhood,UTC+3,Europe/Minsk
300323,BY,BY-HO,Pyechyshchy,Печышчы,408,4,village,UTC+3,Europe/Minsk
300326,BY,BY-MA,Pechenki,Пячонкі,761,3,Neighborhood,UTC+3,Europe/Minsk
300328,BY,BY-MA,Pechary,Пячары,68,4,locality,UTC+3,Europe/Minsk
300332,BY,BY-HR,Pavlovo,Паўлава,174,4,locality,UTC+3,Europe/Minsk
300337,BY,BY-VI,Pavlovichi,Pavlovichi,424,4,village,UTC+3,Europe/Minsk
300338,BY,BY-VI,Pavlovichi,Паўлавічы,803,3,Village,UTC+3,Europe/Minsk
300339,BY,BY-MA,Pavlovichi,Паўлавічы,343,4,village,UTC+3,Europe/Minsk
300341,BY,BY-MA,Pavlovichi,Паўлавічы,341,4,village,UTC+3,Europe/Minsk
300346,BY,BY-MI,Pavelkovo,Павялкова,155,4,locality,UTC+3,Europe/Minsk
300347,BY,BY-VI,Paul'ye,Павулле,88,4,locality,UTC+3,Europe/Minsk
300349,BY,BY-MA,Patsava Slabada,Пацава Слабада,511,4,village,UTC+3,Europe/Minsk
300352,BY,BY-VI,Patskovichi,Patskovichi,67197,3,City,UTC+3,Europe/Minsk
300354,BY,BY-HR,Patsavichy,Пацавічы,636,3,Neighborhood,UTC+3,Europe/Minsk
300357,BY,BY-HR,Pasutichi,Пасуцічы,95,4,locality,UTC+3,Europe/Minsk
300358,BY,BY-MI,Pastavichy,Паставічы,632,3,locality,UTC+3,Europe/Minsk
300359,BY,BY-VI,Pastavy,Паставы,19800,3,City,UTC+3,Europe/Minsk
300360,BY,BY-MI,Pasekovaya Gorka,Паськава Горка,50,4,village,UTC+3,Europe/Minsk
300361,BY,BY-HR,Pasinichi,Пасінічы,962,3,Village,UTC+3,Europe/Minsk
300364,BY,BY-BR,Pashuki,Пашукі,452,3,Neighborhood,UTC+3,Europe/Minsk
300367,BY,BY-MA,Pashkovo,Pashkovo,154,4,locality,UTC+3,Europe/Minsk
300368,BY,BY-HR,Pashkovichi,Пашкевічы,191,4,village,UTC+3,Europe/Minsk
300371,BY,BY-VI,Pashino,Pashino,104312,3,City,UTC+3,Europe/Minsk
300374,BY,BY-MI,Pasyeka,Пасека,348,4,village,UTC+3,Europe/Minsk
300376,BY,BY-MA,Parshino,Паршына,350,3,locality,UTC+3,Europe/Minsk
300377,BY,BY-VI,Parshchevshchina,Parshchevshchina,27014,3,City,UTC+3,Europe/Minsk
300378,BY,BY-BR,Parakhonsk,Парахонск,2014,3,locality,UTC+3,Europe/Minsk
300381,BY,BY-MI,Parkhovo,Parkhovo,1556,3,Neighborhood,UTC+3,Europe/Minsk
300382,BY,BY-HR,Parkhimawtsy,Пархімаўцы,501,4,village,UTC+3,Europe/Minsk
300383,BY,BY-MA,Parkhimkovichi,Пархімкавічы,129,4,locality,UTC+3,Europe/Minsk
300384,BY,BY-HO,Parychy,Парычы,2300,4,village,UTC+3,Europe/Minsk
300385,BY,BY-HR,Parfyonavichy,Парфёнавічы,136,4,village,UTC+3,Europe/Minsk
300386,BY,BY-VI,Parafyanuv,Параф’янава,250,3,locality,UTC+3,Europe/Minsk
300388,BY,BY-MA,Paradino,Парадзіна,506,3,Neighborhood,UTC+3,Europe/Minsk
300389,BY,BY-BR,Pare,Парэ,158,4,hamlet,UTC+3,Europe/Minsk
300391,BY,BY-HO,Paparatnaye,Папаратнае,805,4,village,UTC+3,Europe/Minsk
300395,BY,BY-MI,Papyernya,Паперня,494,4,village,UTC+3,Europe/Minsk
300396,BY,BY-HR,Papyernya,Паперня,216,4,village,UTC+3,Europe/Minsk
300399,BY,\N,Pantsovtsy,Pantsovtsy,89093,3,City,UTC+3,Europe/Minsk
300401,BY,BY-VI,Pankry,Панкры,144,4,hamlet,UTC+3,Europe/Minsk
300403,BY,BY-MA,Pankratovka,Панкратаўка,97,4,village,UTC+3,Europe/Minsk
300404,BY,BY-MA,Pankratavichy,Панкратавічы,186,4,village,UTC+3,Europe/Minsk
300406,BY,BY-BR,Panki,Панкі,227,4,hamlet,UTC+3,Europe/Minsk
300410,BY,BY-MI,Panacha,Панача,342,3,locality,UTC+3,Europe/Minsk
300415,BY,BY-MA,Paluzh,Палуж,241,3,locality,UTC+3,Europe/Minsk
300417,BY,BY-HR,Palushi,Палушы,384,4,village,UTC+3,Europe/Minsk
300420,BY,BY-HR,Polnica,Польніца,192,3,Neighborhood,UTC+3,Europe/Minsk
300421,BY,BY-VI,Pal'minka,Пальмінка,1461,4,village,UTC+3,Europe/Minsk
300422,BY,BY-MA,Pol'kovichi,Полькавічы,127,4,locality,UTC+3,Europe/Minsk
300423,BY,BY-MA,Palki,Палкі,142,4,hamlet,UTC+3,Europe/Minsk
300427,BY,BY-MI,Polovkovichi,Палаўковічы,383,4,village,UTC+3,Europe/Minsk
300431,BY,BY-MI,Padnevichi,Падневічы,112,4,village,UTC+3,Europe/Minsk
300432,BY,BY-BR,Azyaty,Азяты,591,4,village,UTC+3,Europe/Minsk
300435,BY,BY-HR,Ozginovichi,Азгінавічы,69,4,village,UTC+3,Europe/Minsk
300437,BY,BY-HR,Azyory,Азёры,1000,4,village,UTC+3,Europe/Minsk
300438,BY,BY-MA,Yazyory,Язёры,732,3,locality,UTC+3,Europe/Minsk
300440,BY,BY-VI,Ozertsy,Азерцы,772,3,Village,UTC+3,Europe/Minsk
300442,BY,BY-MI,Azyartso,Азярцо,1247,4,village,UTC+3,Europe/Minsk
300444,BY,BY-HO,Azyershchyna,Азершчына,4552,3,locality,UTC+3,Europe/Minsk
300447,BY,BY-MI,Vozyera,Возера,780,3,locality,UTC+3,Europe/Minsk
300449,BY,BY-HR,Ozernitsa,Азярніца,432,3,locality,UTC+3,Europe/Minsk
300450,BY,BY-BR,Ozernitsa,Азярніца,605,3,locality,UTC+3,Europe/Minsk
300454,BY,BY-HO,Ozerishche,Ozerishche,128,4,village,UTC+3,Europe/Minsk
300455,BY,BY-MI,Ozerichino,Азярычына,298,4,village,UTC+3,Europe/Minsk
300456,BY,BY-VI,Ozeravtsy,Азяраўцы,84,4,village,UTC+3,Europe/Minsk
300457,BY,BY-HR,Ozerany,Азяраны,117,4,village,UTC+3,Europe/Minsk
300458,BY,BY-HO,Azyarany,Азяраны,517,3,locality,UTC+3,Europe/Minsk
300459,BY,BY-HO,Azyarany,Азяраны,567,3,locality,UTC+3,Europe/Minsk
300461,BY,BY-MI,Azdzyatsichy,Аздзяцічы,687,4,village,UTC+3,Europe/Minsk
300462,BY,BY-BR,Azdamichy,Аздамічы,1118,4,Town,UTC+3,Europe/Minsk
300464,BY,BY-HO,Azarychy,Азарычы,1266,3,Urban Settlement,UTC+3,Europe/Minsk
300465,BY,BY-BR,Ozarichi,Азарычы,368,4,village,UTC+3,Europe/Minsk
300466,BY,BY-HR,Ayutsavichy,Аюцавічы,561,4,locality,UTC+3,Europe/Minsk
300467,BY,BY-BR,Owzichy,Оўзічы,152,4,locality,UTC+3,Europe/Minsk
300468,BY,\N,Ovsyukovo,Ovsyukovo,16658,3,City,UTC+3,Europe/Minsk
300469,BY,BY-VI,Ovsyaniki,Ovsyaniki,822,3,Neighborhood,UTC+3,Europe/Minsk
300471,BY,BY-BR,Ovsemirovo,Аўсямірава,295,4,village,UTC+3,Europe/Minsk
300473,BY,BY-BR,Otverzhichi,Атвержычы,556,3,locality,UTC+3,Europe/Minsk
300474,BY,BY-VI,Otskovichi,Оцкавічы,76,4,village,UTC+3,Europe/Minsk
300479,BY,BY-HO,Otor,Отар,392,4,village,UTC+3,Europe/Minsk
300481,BY,BY-HR,Otminovo,Ацмінава,347,3,locality,UTC+3,Europe/Minsk
300484,BY,BY-VI,Asvieja,Асвея,1300,3,Urban Settlement,UTC+3,Europe/Minsk
300486,BY,BY-HR,Ostryna,Астрына,1573,3,locality,UTC+3,Europe/Minsk
300488,BY,BY-HO,Ostrozhanka,Астражанка,378,4,hamlet,UTC+3,Europe/Minsk
300490,BY,BY-HO,Ostrovy,Астравы,5164,3,Neighborhood,UTC+3,Europe/Minsk
300492,BY,BY-MI,Ostrovy,Астравы,748,4,village,UTC+3,Europe/Minsk
300498,BY,BY-VI,Ostrovshchina,Астроўшчына,354,4,village,UTC+3,Europe/Minsk
300501,BY,BY-MI,Ostrovok,Ostrovok,12168,3,Neighborhood,UTC+3,Europe/Minsk
300503,BY,BY-HR,Ostrovo,Астрова,90,4,village,UTC+3,Europe/Minsk
300504,BY,BY-HR,Ostrovo,Вострава,303,4,village,UTC+3,Europe/Minsk
300505,BY,BY-HR,Vostrava,Вострава,321,4,village,UTC+3,Europe/Minsk
300507,BY,BY-VI,Ostrovno,Астроўна,631,3,locality,UTC+3,Europe/Minsk
300508,BY,BY-BR,Ostrovlyany,Астраўляны,274,3,locality,UTC+3,Europe/Minsk
300509,BY,BY-VI,Ostrovlyany,Астраўляне,125,4,village,UTC+3,Europe/Minsk
300511,BY,BY-VI,Astrawskiya,Астраўскія,213,4,village,UTC+3,Europe/Minsk
300514,BY,BY-MI,Astrowki,Астроўкі,2209,3,Neighborhood,UTC+3,Europe/Minsk
300515,BY,BY-MI,Ostrovki,Астроўкі,156,4,village,UTC+3,Europe/Minsk
300517,BY,BY-MI,Ostrovity,Ostrovity,1355,3,Neighborhood,UTC+3,Europe/Minsk
300519,BY,BY-HR,Astraviec,Астравец,10878,3,City,UTC+3,Europe/Minsk
300520,BY,BY-HO,Ostrovchitsy,Астроўчыцы,111,4,locality,UTC+3,Europe/Minsk
300522,BY,BY-VI,Vostrava,Вострава,72,4,hamlet,UTC+3,Europe/Minsk
300529,BY,BY-HO,Ostrov,Востраў,711,4,village,UTC+3,Europe/Minsk
300530,BY,BY-BR,Vostraw,Востраў,488,4,hamlet,UTC+3,Europe/Minsk
300531,BY,BY-BR,Vostrau,Востраў,397,3,Neighborhood,UTC+3,Europe/Minsk
300532,BY,BY-BR,Ostrov,Востраў,74,4,village,UTC+3,Europe/Minsk
300533,BY,BY-MI,Astrashytski,Астрашыцкі,700,3,Neighborhood,UTC+3,Europe/Minsk
300534,BY,BY-MI,Astrashytski Haradok,Астрашыцкі Гарадок,2390,4,village,UTC+3,Europe/Minsk
300535,BY,BY-BR,Astromichy,Астромічы,832,3,locality,UTC+3,Europe/Minsk
300536,BY,BY-BR,Astramechava,Астрамечава,1886,3,locality,UTC+3,Europe/Minsk
300539,BY,BY-VI,Vostsyevichy,Восцевічы,215,4,village,UTC+3,Europe/Minsk
300541,BY,BY-HO,Astashkavichy,Асташкавічы,738,3,Village,UTC+3,Europe/Minsk
300542,BY,BY-HR,Ostashino,Асташына,243,4,village,UTC+3,Europe/Minsk
300543,BY,BY-HR,Ostashin,Асташын,197,4,village,UTC+3,Europe/Minsk
300547,BY,BY-BR,Osa,Воса,318,3,locality,UTC+3,Europe/Minsk
300548,BY,BY-HO,Ospin,Ospin,302,3,Neighborhood,UTC+3,Europe/Minsk
300550,BY,BY-HO,Osovtsy,Асаўцы,306,4,village,UTC+3,Europe/Minsk
300551,BY,BY-BR,Vosawtsy,Восаўцы,600,3,locality,UTC+3,Europe/Minsk
300552,BY,BY-BR,Asawtsy,Асаўцы,220,3,locality,UTC+3,Europe/Minsk
300557,BY,BY-MI,Vosava,Восава,355,4,hamlet,UTC+3,Europe/Minsk
300562,BY,BY-MA,Osovo,Восава,184,4,village,UTC+3,Europe/Minsk
300563,BY,BY-MA,Vosava,Восава,554,4,village,UTC+3,Europe/Minsk
300564,BY,BY-BR,Osovnitsa,Асаўніца,228,4,village,UTC+3,Europe/Minsk
300565,BY,BY-MA,Osovnik,Асаўнік,99,4,locality,UTC+3,Europe/Minsk
300569,BY,BY-MI,Osovets,Асавец,226,4,village,UTC+3,Europe/Minsk
300570,BY,BY-MA,Asavyets,Асавец,114,4,village,UTC+3,Europe/Minsk
300571,BY,BY-MA,Osovets,Асавец,227,4,village,UTC+3,Europe/Minsk
300573,BY,BY-MI,Asavyets,Асавец,1394,3,Neighborhood,UTC+3,Europe/Minsk
300574,BY,BY-HO,Asavyets,Асавец,1806,3,Town,UTC+3,Europe/Minsk
300575,BY,BY-MA,Malyy Osovets,Малы Асавец,84,4,locality,UTC+3,Europe/Minsk
300576,BY,BY-BR,Osovaya,Асавая,188,4,village,UTC+3,Europe/Minsk
300577,BY,BY-BR,Osovaya,Асавая,103,4,village,UTC+3,Europe/Minsk
300584,BY,BY-HO,Osobino,Асобіна,124,4,hamlet,UTC+3,Europe/Minsk
300585,BY,BY-BR,Asnyezhytsy,Аснежыцы,1185,4,village,UTC+3,Europe/Minsk
300587,BY,BY-MI,Osmolovo,Асмолава,425,3,locality,UTC+3,Europe/Minsk
300589,BY,BY-MA,Osmolovichi,Асмолавічы,437,3,locality,UTC+3,Europe/Minsk
300591,BY,BY-HO,Udarnaya,Ударная,839,3,Neighborhood,UTC+3,Europe/Minsk
300593,BY,BY-HR,Aslavenyaty,Aslavenyaty,14851,3,City,UTC+3,Europe/Minsk
300595,BY,BY-MI,Asipavichy,Асіпавічы,358,3,locality,UTC+3,Europe/Minsk
300597,BY,BY-MA,Osipovichi,Асіпоповічы,29941,2,locality,UTC+3,Europe/Minsk
300601,BY,BY-VI,Osintorf,Асінторф,3341,3,City,UTC+3,Europe/Minsk
300603,BY,BY-MA,Osinovyy Most,Osinovyy Most,1608,3,Neighborhood,UTC+3,Europe/Minsk
300611,BY,BY-VI,Osinovka,Асінаўка,245,3,locality,UTC+3,Europe/Minsk
300614,BY,BY-VI,Osinovka,Асінаўка,185837,3,City,UTC+3,Europe/Minsk
300615,BY,BY-VI,Osinovka,Асінаўка,1808,3,Neighborhood,UTC+3,Europe/Minsk
300616,BY,BY-MI,Osinovka,Osinovka,7082,3,City,UTC+3,Europe/Minsk
300617,BY,BY-MA,Asinawka,Асінаўка,300,3,locality,UTC+3,Europe/Minsk
300619,BY,BY-HO,Osinovka,Osinovka,366740,3,City,UTC+3,Europe/Minsk
300622,BY,BY-HO,Osinovka,Асінаўка,156,4,locality,UTC+3,Europe/Minsk
300623,BY,BY-VI,Osinogorodok,Асінагарадок,149,4,village,UTC+3,Europe/Minsk
300624,BY,BY-VI,Osetki,Osetki,286,4,village,UTC+3,Europe/Minsk
300628,BY,BY-BR,Osovtsy,Асаўцы,149,4,village,UTC+3,Europe/Minsk
300630,BY,BY-MA,Orsichi,Орсічы,492,3,Village,UTC+3,Europe/Minsk
300632,BY,BY-MA,Orshani,Orshani,12601,3,City,UTC+3,Europe/Minsk
300633,BY,BY-VI,Orsha,Орша,107075,2,City,UTC+3,Europe/Minsk
300636,BY,BY-HR,Orlya,Орля,1343,3,Town,UTC+3,Europe/Minsk
300640,BY,BY-VI,Arlovichy,Арловічы,69363,3,City,UTC+3,Europe/Minsk
300644,BY,BY-BR,Orkhovo,Орхава,226,3,locality,UTC+3,Europe/Minsk
300646,BY,BY-MI,Areshkavichy,Арэшкавічы,326,4,village,UTC+3,Europe/Minsk
300647,BY,BY-MI,Areshkavichy,Арэшкавічы,175,4,village,UTC+3,Europe/Minsk
300648,BY,BY-HO,Krasnyy Orel,Krasnyy Orël,834,3,Neighborhood,UTC+3,Europe/Minsk
300649,BY,BY-VI,Orekhovsk,Арэхаўск,2399,3,locality,UTC+3,Europe/Minsk
300650,BY,BY-VI,Orekhovno,Арэхаўна,623,3,locality,UTC+3,Europe/Minsk
300651,BY,BY-BR,Orekhovo,Арэхава,597,3,locality,UTC+3,Europe/Minsk
300656,BY,BY-MA,Arekhawka,Арэхаўка,1017,4,village,UTC+3,Europe/Minsk
300657,BY,\N,Orekhovka,Orekhovka,1122,3,Neighborhood,UTC+3,Europe/Minsk
300660,BY,BY-MA,Ordats',Ордаць,541,3,locality,UTC+3,Europe/Minsk
300661,BY,BY-HR,Ardashy,Ардашы,226,4,village,UTC+3,Europe/Minsk
300662,BY,BY-MI,Orda,Арда,187,4,village,UTC+3,Europe/Minsk
300663,BY,BY-MA,Orcha,Орча,116,4,locality,UTC+3,Europe/Minsk
300667,BY,BY-VI,Opsa,Опса,700,3,Town,UTC+3,Europe/Minsk
300668,BY,BY-BR,Opal',Опаль,590,4,village,UTC+3,Europe/Minsk
300672,BY,BY-HR,Anzhadava,Анжадава,362,3,Neighborhood,UTC+3,Europe/Minsk
300673,BY,BY-MI,Anufrovichi,Ануфравічы,152,4,village,UTC+3,Europe/Minsk
300675,BY,BY-MI,Anoshki,Anoshki,80,4,locality,UTC+3,Europe/Minsk
300676,BY,BY-BR,Aniskavichy,Аніскавічы,206,4,village,UTC+3,Europe/Minsk
300678,BY,BY-MI,Amhovichy,Амговічы,401,3,locality,UTC+3,Europe/Minsk
300679,BY,BY-MI,Vomel'na,Вомельна,263,3,locality,UTC+3,Europe/Minsk
300680,BY,BY-HO,Omel'no,Амельна,148,4,locality,UTC+3,Europe/Minsk
300681,BY,BY-BR,Amyal'naya,Амяльная,325,4,village,UTC+3,Europe/Minsk
300682,BY,BY-HR,Amelino,Амяліна,84,4,locality,UTC+3,Europe/Minsk
300683,BY,BY-BR,Ol'pen',Альпень,575,3,locality,UTC+3,Europe/Minsk
300684,BY,BY-BR,Oltush,Олтуш,646,4,village,UTC+3,Europe/Minsk
300687,BY,BY-BR,Ol'shevo,Альшэва,113,4,locality,UTC+3,Europe/Minsk
300692,BY,BY-VI,Vyalikaya Al'shanka,Вялікая Альшанка,415,4,village,UTC+3,Europe/Minsk
300694,BY,BY-BR,Ol'shanitsa,Альшаніца,66,4,locality,UTC+3,Europe/Minsk
300697,BY,BY-MI,Olsiewicze,Olsiewicze,1141,3,Town,UTC+3,Europe/Minsk
300701,BY,BY-BR,Ol'many,Альманы,1041,3,locality,UTC+3,Europe/Minsk
300705,BY,BY-BR,Al'khowtsy,Альхоўцы,370,4,village,UTC+3,Europe/Minsk
300707,BY,BY-HR,Ol'khovo,Альхова,95,4,locality,UTC+3,Europe/Minsk
300714,BY,BY-BR,Ozdamicze,Альгомель,1005,3,locality,UTC+3,Europe/Minsk
300715,BY,BY-HR,Ol'ginyany,Альгіняны,78,4,locality,UTC+3,Europe/Minsk
300718,BY,BY-MA,Oleshkovichi,Алешкавічы,145,4,locality,UTC+3,Europe/Minsk
300722,BY,BY-HR,Olekshitsa,Алекшыцы,814,4,village,UTC+3,Europe/Minsk
300724,BY,BY-HR,Okuninovo,Акунінава,106,4,locality,UTC+3,Europe/Minsk
300726,BY,BY-HO,Aktsyabrski,Акцябрскі,7232,2,village,UTC+3,Europe/Minsk
300727,BY,BY-MI,Aktsyabr,Акцябр,627,4,village,UTC+3,Europe/Minsk
300728,BY,BY-MA,Oktyabr',Акцябр,102,4,village,UTC+3,Europe/Minsk
300731,BY,BY-MI,Aktsyabr,Акцябр,413,3,locality,UTC+3,Europe/Minsk
300732,BY,BY-BR,Aktsyabr,Акцябр,13626,3,City,UTC+3,Europe/Minsk
300738,BY,BY-MI,Akalova,Акалова,110,4,village,UTC+3,Europe/Minsk
300743,BY,BY-MA,Sosnovitsa Vtoraya,Sosnovitsa Vtoraya,10931,3,City,UTC+3,Europe/Minsk
300746,BY,BY-HR,Mitskantsy,Міцканцы,157,4,locality,UTC+3,Europe/Minsk
300748,BY,BY-HR,Korkutyany,Korkutyany,590309,3,Neighborhood,UTC+3,Europe/Minsk
300752,BY,BY-BR,Akhova,Ахова,563,3,locality,UTC+3,Europe/Minsk
300754,BY,BY-HR,Okhonovo,Ахонава,1891,3,City,UTC+3,Europe/Minsk
300756,BY,BY-HR,Akanovichi,Аканавічы,605,3,Village,UTC+3,Europe/Minsk
300760,BY,BY-HR,Ogorodniki,Агароднікі,57,4,village,UTC+3,Europe/Minsk
300761,BY,BY-BR,Ogovo,Агова,284,3,locality,UTC+3,Europe/Minsk
300762,BY,BY-HO,Ogorodnya-Gomel'skaya,Агародня-Гомельская,93,4,village,UTC+3,Europe/Minsk
300763,BY,BY-HR,Ogorodniki,Агароднікі,399,3,Neighborhood,UTC+3,Europe/Minsk
300765,BY,BY-HR,Ogorodniki,Агароднікі,975,3,Neighborhood,UTC+3,Europe/Minsk
300766,BY,BY-HR,Ogorodniki,Агароднікі,69,4,locality,UTC+3,Europe/Minsk
300767,BY,BY-BR,Ogorodniki,Агароднікі,657,3,Neighborhood,UTC+3,Europe/Minsk
300768,BY,BY-BR,Aharodniki,Агароднікі,368,4,village,UTC+3,Europe/Minsk
300769,BY,BY-HO,Ogorodniki,Агароднікі,228,3,locality,UTC+3,Europe/Minsk
300772,BY,BY-HO,Ogolichi,Аголічы,120,4,locality,UTC+3,Europe/Minsk
300773,BY,BY-BR,Ahdemyer,Агдэмер,231,4,village,UTC+3,Europe/Minsk
300776,BY,BY-BR,Odrizhin,Адрыжын,700,4,village,UTC+3,Europe/Minsk
300780,BY,BY-HR,Adel'sk,Адэльск,755,4,village,UTC+3,Europe/Minsk
300781,BY,BY-BR,Adakhovshchina,Адахаўшчына,270,3,locality,UTC+3,Europe/Minsk
300784,BY,BY-VI,Obukhovo,Абухава,804,3,Village,UTC+3,Europe/Minsk
300785,BY,BY-HR,Obukhovo,Абухава,1962,3,locality,UTC+3,Europe/Minsk
300786,BY,BY-HR,Obukhovichi,Абухавічы,128,4,locality,UTC+3,Europe/Minsk
300787,BY,BY-HR,Bol'shaya Obrina,Вялікая Вобрына,245,3,locality,UTC+3,Europe/Minsk
300791,BY,BY-VI,Obrub,Абруб,26872,3,City,UTC+3,Europe/Minsk
300792,BY,\N,Abrova,Аброва,1110,4,village,UTC+3,Europe/Minsk
300796,BY,BY-VI,Obol',Обаль,22626,3,Urban Settlement,UTC+3,Europe/Minsk
300797,BY,BY-VI,Obol',Обаль,124326,3,City,UTC+3,Europe/Minsk
300798,BY,BY-VI,Abol'tsy,Абольцы,327,3,locality,UTC+3,Europe/Minsk
300802,BY,BY-BR,Obech,Обеч,66,4,locality,UTC+3,Europe/Minsk
300803,BY,BY-MI,Obchuga,Абчуга,320,3,locality,UTC+3,Europe/Minsk
300804,BY,BY-MI,Vobchyn,Вобчын,617,4,village,UTC+3,Europe/Minsk
300808,BY,BY-HR,Nyankuv,Nyankuv,97245,3,City,UTC+3,Europe/Minsk
300809,BY,BY-HO,Novyy Svet,Novyy Svet,2659,3,Neighborhood,UTC+3,Europe/Minsk
300811,BY,BY-MI,Novy Svyerzhan',Новы Свержань,2200,4,village,UTC+3,Europe/Minsk
300820,BY,BY-VI,Novyy Pogost,Новы Пагост,500,4,village,UTC+3,Europe/Minsk
300822,BY,BY-MA,Novyy Ostrov,Новы Востраў,160340,3,City,UTC+3,Europe/Minsk
300826,BY,BY-MA,Kadino,Кадзіна,1753,3,locality,UTC+3,Europe/Minsk
300827,BY,BY-HO,Novolenino,Novolenino,1622,3,Neighborhood,UTC+3,Europe/Minsk
300828,BY,BY-HO,Novyy Krivsk,Новы Крыўск,216,3,locality,UTC+3,Europe/Minsk
300836,BY,BY-MA,Novyye Zharki,Новыя Жаркі,102,4,locality,UTC+3,Europe/Minsk
300837,BY,BY-VI,Novyya Vaykhany,Новыя Вайханы,222,3,locality,UTC+3,Europe/Minsk
300838,BY,BY-MI,Vyalichkavichy,Вялічкавічы,1072,3,locality,UTC+3,Europe/Minsk
300839,BY,BY-MI,Novyya Tsyarushki,Новыя Цярушкі,87,4,village,UTC+3,Europe/Minsk
300840,BY,BY-HO,Novyye Tereshkovichi,Новыя Цярэшкавічы,167,4,locality,UTC+3,Europe/Minsk
300847,BY,BY-MA,Novyya Maksimavichy,Новыя Максімавічы,421,3,locality,UTC+3,Europe/Minsk
300850,BY,BY-HO,Novyye Luki,Новыя Лукі,670,3,locality,UTC+3,Europe/Minsk
300852,BY,BY-BR,Novyye Klenki,Новыя Клёнкі,101,4,village,UTC+3,Europe/Minsk
300855,BY,BY-HR,Novyye Grinki,Novyye Grinki,893,3,Neighborhood,UTC+3,Europe/Minsk
300856,BY,BY-HO,Novyya Halowchytsy,Новыя Галоўчыцы,340,3,locality,UTC+3,Europe/Minsk
300860,BY,BY-HO,Novyye Dyatlovichi,Новыя Дзятлавічы,146,4,locality,UTC+3,Europe/Minsk
300862,BY,BY-MI,Novyya Darohi,Новыя Дарогі,349,4,village,UTC+3,Europe/Minsk
300865,BY,BY-MI,Novobelichi,Навабелічы,109,4,locality,UTC+3,Europe/Minsk
300869,BY,BY-MI,Novy Dvor,Новы Двор,1133,4,village,UTC+3,Europe/Minsk
300870,BY,BY-HR,Novyy Dvor,Новы Двор,669,3,locality,UTC+3,Europe/Minsk
300871,BY,BY-HR,Novy Dvor,Новы Двор,794,4,village,UTC+3,Europe/Minsk
300872,BY,BY-BR,Novy Dvor,Новы Двор,928,4,village,UTC+3,Europe/Minsk
300874,BY,BY-MA,Novy Bykhaw,Новы Быхаў,543,3,locality,UTC+3,Europe/Minsk
300875,BY,BY-HO,Novy Barsuk,Новы Барсук,417,4,village,UTC+3,Europe/Minsk
300882,BY,BY-HO,Novozakharpol'ye,Новазахарполле,177,4,locality,UTC+3,Europe/Minsk
300885,BY,BY-MI,Novoye Yanchino,Новае Янчына,84,4,locality,UTC+3,Europe/Minsk
300889,BY,BY-VI,Novoye Selo,Новае Сяло,104,4,locality,UTC+3,Europe/Minsk
300894,BY,BY-MI,Novaya Vyoska,Новая Вёска,370,3,locality,UTC+3,Europe/Minsk
300898,BY,BY-HR,Novoyel'nya,Наваельня,2705,4,village,UTC+3,Europe/Minsk
300902,BY,BY-MA,Drazhnya,Drazhnya,36242,3,Neighborhood,UTC+3,Europe/Minsk
300903,BY,BY-HO,Novoye Vysokoye,Новае Высокае,88,4,village,UTC+3,Europe/Minsk
300907,BY,BY-MI,Novosyulki,Novosyulki,836,3,Neighborhood,UTC+3,Europe/Minsk
300910,BY,BY-HR,Navaspask,Наваспаск,201,4,hamlet,UTC+3,Europe/Minsk
300912,BY,BY-VI,Novosel'ye,Novosel’ye,1978,3,Town,UTC+3,Europe/Minsk
300913,BY,BY-MI,Novosel'ye,Наваселле,1269,4,village,UTC+3,Europe/Minsk
300915,BY,BY-BR,Nowosiele,Наваселле,157,4,locality,UTC+3,Europe/Minsk
300917,BY,BY-VI,Navasyolki,Навасёлкі,736,4,village,UTC+3,Europe/Minsk
300918,BY,BY-VI,Navasyolki,Навасёлкі,143,4,village,UTC+3,Europe/Minsk
300919,BY,BY-VI,Navasyellye,Наваселле,323,4,village,UTC+3,Europe/Minsk
300920,BY,BY-VI,Novoselki,Novosëlki,7531,3,City,UTC+3,Europe/Minsk
300921,BY,BY-VI,Novosyulki,Навасёлкі 2,126,4,village,UTC+3,Europe/Minsk
300922,BY,BY-VI,Novoselki,Novosëlki,67,4,village,UTC+3,Europe/Minsk
300930,BY,BY-HR,Navasyolki,Навасёлкі,357,4,village,UTC+3,Europe/Minsk
300931,BY,BY-MI,Navasyolki,Навасёлкі,690,3,locality,UTC+3,Europe/Minsk
300932,BY,BY-MA,Novoselki,Навасёлкі,125,4,locality,UTC+3,Europe/Minsk
300933,BY,BY-MI,Novoselki,Навасёлкі,306,4,village,UTC+3,Europe/Minsk
300935,BY,BY-MA,Novoselki,Навасёлкі,261,4,village,UTC+3,Europe/Minsk
300936,BY,BY-MI,Novoselki,Novosëlki,3680,3,Neighborhood,UTC+3,Europe/Minsk
300938,BY,BY-MI,Navasyolki,Навасёлкі,260,3,locality,UTC+3,Europe/Minsk
300940,BY,BY-MA,Novoselki,Навасёлкі,61,4,locality,UTC+3,Europe/Minsk
300941,BY,BY-MA,Novoselki,Навасёлкі,188,4,locality,UTC+3,Europe/Minsk
300943,BY,BY-MI,Khutor Malyye Novoselki,Малыя Навасёлкі,112,4,locality,UTC+3,Europe/Minsk
300945,BY,BY-HR,Novoselki,Навасёлкі,107,4,locality,UTC+3,Europe/Minsk
300946,BY,BY-MI,Navasyolki,Навасёлкі,566,3,locality,UTC+3,Europe/Minsk
300947,BY,BY-HR,Novosyulki,Навасёлкі,699,3,Neighborhood,UTC+3,Europe/Minsk
300948,BY,BY-HR,Navasyolki,Навасёлкі,109,4,locality,UTC+3,Europe/Minsk
300951,BY,BY-HR,Navasyolki,Навасёлкі,346,4,village,UTC+3,Europe/Minsk
300953,BY,BY-HO,Novoselki,Навасёлкі,192,4,village,UTC+3,Europe/Minsk
300956,BY,BY-BR,Navasyolki,Навасёлкі,403,4,village,UTC+3,Europe/Minsk
300958,BY,BY-MI,Navasyolki,Навасёлкі,435,4,village,UTC+3,Europe/Minsk
300960,BY,BY-HR,Novosyulki,Навасёлкі,210,3,locality,UTC+3,Europe/Minsk
300961,BY,BY-BR,Navasyolki,Навасёлкі,180,4,locality,UTC+3,Europe/Minsk
300962,BY,BY-HO,Navasyolki,Навасёлкі,527,3,locality,UTC+3,Europe/Minsk
300963,BY,BY-BR,Novosyulki,Навасёлкі,104,4,locality,UTC+3,Europe/Minsk
300964,BY,BY-HO,Navasyolki,Навасёлкі,1250,3,locality,UTC+3,Europe/Minsk
300965,BY,BY-HO,Navasyolki,Навасёлкі,227,3,locality,UTC+3,Europe/Minsk
300967,BY,BY-BR,Navasyolki,Навасёлкі,526,3,locality,UTC+3,Europe/Minsk
300969,BY,BY-HO,Navasyolki,Навасёлкі,99,4,village,UTC+3,Europe/Minsk
300975,BY,BY-HR,Navasady,Навасады,174,4,locality,UTC+3,Europe/Minsk
300980,BY,BY-MI,Navapollye,Наваполле,311,3,locality,UTC+3,Europe/Minsk
300982,BY,BY-MA,Novoye Pashkovo,Новае Пашкава,680,3,Neighborhood,UTC+3,Europe/Minsk
300985,BY,BY-HO,Novyya Markavichy,Новыя Маркавічы,351,4,village,UTC+3,Europe/Minsk
300987,BY,BY-VI,Novolukoml',Новалукомль,12439,4,Town,UTC+3,Europe/Minsk
300992,BY,BY-MI,Navadvortsy,Навадворцы,641,3,locality,UTC+3,Europe/Minsk
300995,BY,BY-MA,Novaje Brascyna,Новае Брашчына,67,4,hamlet,UTC+3,Europe/Minsk
300997,BY,BY-MA,Novoandreyevka,Новаандрэеўка,2605,3,Neighborhood,UTC+3,Europe/Minsk
301001,BY,BY-BR,Navitskavichy,Навіцкавічы,392,3,locality,UTC+3,Europe/Minsk
301004,BY,BY-MI,Noviny,Новіны,218,4,hamlet,UTC+3,Europe/Minsk
301005,BY,BY-HR,Noviny,Навіны,138,4,village,UTC+3,Europe/Minsk
301009,BY,BY-HO,Navinki,Навінкі,494,4,village,UTC+3,Europe/Minsk
301010,BY,BY-HO,Navilawka,Навілаўка,47138,3,City,UTC+3,Europe/Minsk
301011,BY,BY-VI,Noviki,Навікі,112,4,village,UTC+3,Europe/Minsk
301015,BY,BY-HR,Noviki,Навікі,89,4,hamlet,UTC+3,Europe/Minsk
301016,BY,BY-MI,Velikiye Noviki,Вялікія Навікі,92,4,locality,UTC+3,Europe/Minsk
301020,BY,BY-VI,Novgorody,Наўгароды,241,3,locality,UTC+3,Europe/Minsk
301021,BY,BY-MA,Novyy Gorodok,Novyy Gorodok,1544,3,Neighborhood,UTC+3,Europe/Minsk
301023,BY,BY-HR,Novoye Selo,Новае Сяло,157,4,locality,UTC+3,Europe/Minsk
301031,BY,BY-VI,Novaya Zara,Новая Зара,494,4,village,UTC+3,Europe/Minsk
301032,BY,BY-HO,Novaya Yolcha,Новая Ёлча,86,4,village,UTC+3,Europe/Minsk
301033,BY,BY-HO,Novaya Yatskovshchina,Новая Яцкаўшчына,81,4,locality,UTC+3,Europe/Minsk
301035,BY,BY-MI,Usha,Уша,237,3,Neighborhood,UTC+3,Europe/Minsk
301037,BY,BY-BR,Strel'na,Стрэльна,233,4,village,UTC+3,Europe/Minsk
301038,BY,BY-MA,Smolyarnya,Smolyarnya,103,3,Neighborhood,UTC+3,Europe/Minsk
301043,BY,BY-MA,Novaya Sloboda,Новая Слабада,789,4,village,UTC+3,Europe/Minsk
301046,BY,BY-HO,Novaya Rudnya,Новая Рудня,129,4,locality,UTC+3,Europe/Minsk
301047,BY,BY-HR,Novaya Ruda,Новая Руда,113,4,village,UTC+3,Europe/Minsk
301055,BY,BY-BR,Novaya Mysh,Новая Мыш,1370,4,village,UTC+3,Europe/Minsk
301056,BY,BY-MA,Novaya Mileyevka,Новая Мілееўка,125,4,locality,UTC+3,Europe/Minsk
301064,BY,BY-HO,Novaya Kamenka,Novaya Kamenka,1097,3,Village,UTC+3,Europe/Minsk
301066,BY,BY-HO,Novaya Huta,Новая Гута,2159,3,locality,UTC+3,Europe/Minsk
301067,BY,BY-HO,Novaya Gusevitsa,Новая Гусявіца,612,4,village,UTC+3,Europe/Minsk
301073,BY,BY-HO,Novaya Dubrova,Новая Дуброва,200,4,village,UTC+3,Europe/Minsk
301074,BY,BY-MI,Novaya Dubrova,Новая Дуброва,164,4,village,UTC+3,Europe/Minsk
301075,BY,BY-MA,Dubinka,Дубінка,123,4,hamlet,UTC+3,Europe/Minsk
301080,BY,BY-HO,Novaya Buda,Новая Буда,296,3,locality,UTC+3,Europe/Minsk
301086,BY,BY-HO,Novaya Aleshnya,Новая Алешня,53,4,village,UTC+3,Europe/Minsk
301089,BY,BY-VI,Novaya,Novaya,15804,3,Neighborhood,UTC+3,Europe/Minsk
301091,BY,BY-HO,Nosovichi,Насовічы,1569,4,hamlet,UTC+3,Europe/Minsk
301092,BY,BY-MI,Nasilava,Насілава,1259,3,Town,UTC+3,Europe/Minsk
301093,BY,BY-HR,Nortsevichi,Норцавічы,1001,3,Village,UTC+3,Europe/Minsk
301097,BY,BY-MA,Norkino,Norkino,1292,3,Neighborhood,UTC+3,Europe/Minsk
301099,BY,BY-HR,Nogorodovichi,Нагародавічы,123,4,locality,UTC+3,Europe/Minsk
301100,BY,BY-HR,Nizyany,Нізяны,117,4,locality,UTC+3,Europe/Minsk
301101,BY,BY-HR,Nizovtsy,Nizovtsy,105500,3,City,UTC+3,Europe/Minsk
301102,BY,BY-MI,Nizok,Нізок,196,4,hamlet,UTC+3,Europe/Minsk
301105,BY,BY-MA,Nizki,Нізькі,243,4,hamlet,UTC+3,Europe/Minsk
301106,BY,BY-HO,Nizhnyaya Alba,Ніжняя Алба,662,3,Neighborhood,UTC+3,Europe/Minsk
301108,BY,BY-MA,Nizhnyaya Toshchytsa,Ніжняя Тошчыца,138,4,locality,UTC+3,Europe/Minsk
301111,BY,BY-HO,Nizhniye Zhary,Ніжнія Жары,66,4,village,UTC+3,Europe/Minsk
301112,BY,BY-HR,Samuylovichi Dol'nyye,Самуйлавічы Дольныя,99,4,locality,UTC+3,Europe/Minsk
301115,BY,BY-VI,Nizhniye Koltuny,Nizhniye Koltuny,1048,3,Neighborhood,UTC+3,Europe/Minsk
301116,BY,\N,Nizhneye Zaborov'ye,Nizhneye Zaborov’ye,30243,3,City,UTC+3,Europe/Minsk
301118,BY,BY-MI,Nizhin,Нежын,296,4,village,UTC+3,Europe/Minsk
301120,BY,BY-HO,Nivy,Нівы,736,4,village,UTC+3,Europe/Minsk
301121,BY,BY-MI,Niwnaye,Ніўнае,449,4,village,UTC+3,Europe/Minsk
301122,BY,BY-VI,Nivniki,Nivniki,1649,3,Neighborhood,UTC+3,Europe/Minsk
301124,BY,BY-MI,Niwki,Ніўкі,168,4,village,UTC+3,Europe/Minsk
301126,BY,BY-BR,Nivki,Ніўкі,127,3,Neighborhood,UTC+3,Europe/Minsk
301127,BY,BY-HO,Nivki,Ніўкі,338,4,village,UTC+3,Europe/Minsk
301133,BY,BY-HO,Nisimkavichy,Нісімкавічы,326,4,village,UTC+3,Europe/Minsk
301134,BY,BY-MA,Nikonovichi,Ніканавічы,365,4,village,UTC+3,Europe/Minsk
301135,BY,BY-MA,Nikol'sk,Мікольск,115,4,locality,UTC+3,Europe/Minsk
301139,BY,BY-MI,Mikalayewshchyna,Мікалаеўшчына,859,4,village,UTC+3,Europe/Minsk
301140,BY,BY-VI,Nikolayevo,Мікалаева,349,4,hamlet,UTC+3,Europe/Minsk
301142,BY,BY-BR,Nikolayevo,Мікалаева,274,4,village,UTC+3,Europe/Minsk
301143,BY,BY-MA,Nikolayevka-1,Мікалаеўка 1,220,4,village,UTC+3,Europe/Minsk
301147,BY,\N,Nikolayevka,Nikolayevka,1254,3,Village,UTC+3,Europe/Minsk
301148,BY,BY-HO,Mikalayewka,Мікалаеўка,422,4,village,UTC+3,Europe/Minsk
301149,BY,BY-HO,Nikolayevka,Мікалаеўка,182,4,locality,UTC+3,Europe/Minsk
301150,BY,BY-VI,Mikalayeva,Мікалаева,498,3,locality,UTC+3,Europe/Minsk
301153,BY,BY-MA,Nikitinichi,Мікіцінічы,84,4,village,UTC+3,Europe/Minsk
301156,BY,BY-MA,Nichiporovichi,Нічыпаравічы,1000,3,Neighborhood,UTC+3,Europe/Minsk
301157,BY,BY-MA,Nezovka,Nezovka,800,3,Neighborhood,UTC+3,Europe/Minsk
301158,BY,BY-HR,Neznanovo,Нязнанава,1179,3,Neighborhood,UTC+3,Europe/Minsk
301161,BY,BY-HR,Nyazbodzichy,Нязбодзічы,4035,3,Town,UTC+3,Europe/Minsk
301167,BY,BY-HR,Netsech,Няцеч,226,4,village,UTC+3,Europe/Minsk
301168,BY,BY-HR,Nyatsyech,Няцеч,1179,3,Neighborhood,UTC+3,Europe/Minsk
301169,BY,BY-MA,Nyasyata,Нясята,707,3,locality,UTC+3,Europe/Minsk
301170,BY,BY-MI,Nesvizh,Нясвіж,14883,2,City,UTC+3,Europe/Minsk
301172,BY,BY-VI,Nesterovshchina,Несцераўшчына,2420,3,City,UTC+3,Europe/Minsk
301173,BY,BY-MA,Nesterovo,Несцерава,258,4,village,UTC+3,Europe/Minsk
301176,BY,BY-HO,Nestanovichi,Nestanovichi,2197,3,Town,UTC+3,Europe/Minsk
301177,BY,BY-HR,Nestanishki,Нястанішкі,90,4,village,UTC+3,Europe/Minsk
301181,BY,BY-MA,Nezhkovo,Nezhkovo,273,3,Neighborhood,UTC+3,Europe/Minsk
301185,BY,BY-MA,Neryazh,Няраж,517,3,locality,UTC+3,Europe/Minsk
301190,BY,BY-VI,Nemoyta,Нямойта,329,3,locality,UTC+3,Europe/Minsk
301194,BY,BY-BR,Nyamyerzha,Нямержа,282,3,locality,UTC+3,Europe/Minsk
301195,BY,BY-MI,Nyemanitsa,Неманіца,827,3,locality,UTC+3,Europe/Minsk
301198,BY,BY-MI,Nelidovichi,Нялідавічы,116,4,village,UTC+3,Europe/Minsk
301201,BY,BY-HR,Nekrashi,Некрашы,158,4,locality,UTC+3,Europe/Minsk
301203,BY,BY-HR,Nekrashevichi,Некрашэвічы,292,3,locality,UTC+3,Europe/Minsk
301208,BY,BY-BR,Nekholsty,Нехалсты,165,4,locality,UTC+3,Europe/Minsk
301209,BY,BY-BR,Nyakhachava,Няхачава,1200,3,City,UTC+3,Europe/Minsk
301212,BY,BY-HO,Nyehawka,Негаўка,497,4,village,UTC+3,Europe/Minsk
301214,BY,BY-MI,Nyehorelaye,Негорэлае,1000,3,locality,UTC+3,Europe/Minsk
301215,BY,BY-MI,Negonichi,Неганічы,94,4,village,UTC+3,Europe/Minsk
301216,BY,BY-HR,Nyahnyevichy,Нягневічы,1098,3,locality,UTC+3,Europe/Minsk
301217,BY,BY-HO,Nyehlyubka,Неглюбка,794,4,village,UTC+3,Europe/Minsk
301218,BY,BY-MA,Negino,Негіна,107,4,locality,UTC+3,Europe/Minsk
301219,BY,\N,Negertovo,Negertovo,2961,3,Neighborhood,UTC+3,Europe/Minsk
301220,BY,BY-MA,Nedved',Недзведзь,77,4,village,UTC+3,Europe/Minsk
301222,BY,BY-HO,Nedoyka,Недайка,298,4,village,UTC+3,Europe/Minsk
301223,BY,BY-MA,Nyadashava,Нядашава,83,4,village,UTC+3,Europe/Minsk
301224,BY,BY-MI,Nedal',Нядаль,683,3,Neighborhood,UTC+3,Europe/Minsk
301225,BY,BY-HR,Negnichi,Negnichi,1767,3,Neighborhood,UTC+3,Europe/Minsk
301226,BY,BY-BR,Nechatovo,Нячатава,227,4,village,UTC+3,Europe/Minsk
301227,BY,BY-HO,Nebytov,Небытаў,168,4,village,UTC+3,Europe/Minsk
301231,BY,BY-HO,Nayda,Найда,138,4,village,UTC+3,Europe/Minsk
301236,BY,BY-BR,Novosyulki,Навасёлкі,259,4,village,UTC+3,Europe/Minsk
301237,BY,BY-VI,Novopolotsk,Наваполацк,98473,2,City proper,UTC+3,Europe/Minsk
301238,BY,BY-HR,Novogrudok,Навагрудак,28110,2,City,UTC+3,Europe/Minsk
301239,BY,\N,Naumov Ostrov,Naumov Ostrov,19392,3,Neighborhood,UTC+3,Europe/Minsk
301240,BY,BY-HR,Naumovichi,Навумавічы,1003,3,Town,UTC+3,Europe/Minsk
301241,BY,BY-HR,Natskovo,Нацкава,160,4,locality,UTC+3,Europe/Minsk
301242,BY,BY-HR,Natskovichi,Natskovichi,787,3,Neighborhood,UTC+3,Europe/Minsk
301247,BY,BY-HO,Nasavichy,Насавічы,268,4,village,UTC+3,Europe/Minsk
301248,BY,BY-BR,Narutavichy,Нарутавічы,308,4,village,UTC+3,Europe/Minsk
301250,BY,BY-HO,Narovlya,Нароўля,8358,2,Neighborhood,UTC+3,Europe/Minsk
301251,BY,BY-HR,Naroty,Naroty,13004,3,City,UTC+3,Europe/Minsk
301253,BY,BY-HR,Naroshi,Нарошы,111,4,locality,UTC+3,Europe/Minsk
301254,BY,BY-MI,Narach,Нарач,3400,3,locality,UTC+3,Europe/Minsk
301255,BY,BY-MI,Narach,Нарач,2563,3,Neighborhood,UTC+3,Europe/Minsk
301256,BY,BY-MI,Nareyshi,Nareyshi,34934,3,City,UTC+3,Europe/Minsk
301257,BY,BY-MI,Nareyki,Нарэйкі,645,3,Neighborhood,UTC+3,Europe/Minsk
301258,BY,BY-MI,Narach,Нарач,2137,3,Town,UTC+3,Europe/Minsk
301262,BY,BY-MI,Nalibaki,Налібакі,546,4,village,UTC+3,Europe/Minsk
301263,BY,BY-HR,Naliboki,Налібакі,332,3,locality,UTC+3,Europe/Minsk
301264,BY,BY-HR,Nakryshki,Накрышкі,119,4,village,UTC+3,Europe/Minsk
301265,BY,BY-HO,Nakhaw,Нахаў,389,3,locality,UTC+3,Europe/Minsk
301267,BY,BY-MI,Nahornaye,Нагорнае,410,4,village,UTC+3,Europe/Minsk
301268,BY,BY-MI,Nogavki,Нагаўкі,61,4,village,UTC+3,Europe/Minsk
301269,BY,BY-HO,Nadvin,Надзвін,135,4,village,UTC+3,Europe/Minsk
301271,BY,\N,Nadeykovichi,Nadeykovichi,1576,3,Neighborhood,UTC+3,Europe/Minsk
301272,BY,BY-VI,Nacha,Нача,273,4,village,UTC+3,Europe/Minsk
301273,BY,BY-MI,Nacha,Нача,527,3,locality,UTC+3,Europe/Minsk
301274,BY,BY-HR,Nacha,Нача,451,4,village,UTC+3,Europe/Minsk
301275,BY,BY-BR,Nach,Нач,224,4,village,UTC+3,Europe/Minsk
301277,BY,BY-HR,Myto,Мыто,195,4,hamlet,UTC+3,Europe/Minsk
301279,BY,BY-HR,Myslovo,Мыслава,1288,3,Neighborhood,UTC+3,Europe/Minsk
301283,BY,BY-MA,Myshkavichy,Мышкавічы,2000,4,village,UTC+3,Europe/Minsk
301287,BY,BY-HO,Myshanka,Мышанка,1510,3,locality,UTC+3,Europe/Minsk
301290,BY,\N,Myasoyedy,Myasoyedy,1253,3,Neighborhood,UTC+3,Europe/Minsk
301291,BY,BY-MI,Myasata,Мясата,328,3,locality,UTC+3,Europe/Minsk
301295,BY,BY-MI,Myadzyel,Мядзел,7046,2,City,UTC+3,Europe/Minsk
301298,BY,BY-HO,Mutsizhar,Муціжар,57,4,locality,UTC+3,Europe/Minsk
301299,BY,BY-MI,Musichi,Мусічы,117,4,village,UTC+3,Europe/Minsk
301300,BY,BY-MA,Mushyna,Мушына,483,4,village,UTC+3,Europe/Minsk
301304,BY,BY-MI,Murovo,Murovo,964,3,Neighborhood,UTC+3,Europe/Minsk
301307,BY,BY-MA,Muryn Bor,Мурын Бор,1484,3,Neighborhood,UTC+3,Europe/Minsk
301308,BY,BY-VI,Murazhi,Муражы,119,4,village,UTC+3,Europe/Minsk
301310,BY,BY-BR,Murava,Мурава,560,4,village,UTC+3,Europe/Minsk
301311,BY,BY-VI,Muragi,Muragi,7954,3,Neighborhood,UTC+3,Europe/Minsk
301312,BY,BY-VI,Muntsevichi,Muntsevichi,3090,3,Neighborhood,UTC+3,Europe/Minsk
301317,BY,BY-BR,Mukhavets,Мухавец,2178,4,village,UTC+3,Europe/Minsk
301318,BY,BY-MA,Mscislau,Мсціслаў,10343,2,City,UTC+3,Europe/Minsk
301319,BY,BY-MI,Mstsizh,Мсціж,308,3,locality,UTC+3,Europe/Minsk
301320,BY,BY-HR,Mstibovo,Мсцібова,500,3,locality,UTC+3,Europe/Minsk
301322,BY,BY-MI,Mozoli,Мазалі,137,4,village,UTC+3,Europe/Minsk
301323,BY,BY-MI,Mozoli,Mozoli,958,3,Neighborhood,UTC+3,Europe/Minsk
301325,BY,BY-MI,Moysichi,Мойсічы,236,4,village,UTC+3,Europe/Minsk
301326,BY,BY-MI,Maisyeyewshchyna,Маісееўшчына,418,4,village,UTC+3,Europe/Minsk
301327,BY,BY-HR,Matyli,Матылі,253,4,hamlet,UTC+3,Europe/Minsk
301329,BY,BY-BR,Motal',Моталь,4079,4,village,UTC+3,Europe/Minsk
301330,BY,BY-HO,Motnevichi,Матнявічы,628,3,Neighborhood,UTC+3,Europe/Minsk
301336,BY,BY-HR,Mostvilishki,Маствілішкі,194,4,locality,UTC+3,Europe/Minsk
301337,BY,BY-HR,Mostyany,Масцяны,128,4,locality,UTC+3,Europe/Minsk
301341,BY,BY-MA,Mastok,Масток,621,4,village,UTC+3,Europe/Minsk
301350,BY,BY-MA,Mostishche,Mostishche,51596,3,City,UTC+3,Europe/Minsk
301351,BY,BY-HO,Mostishche,Mostishche,661,3,Neighborhood,UTC+3,Europe/Minsk
301353,BY,BY-HR,Moskali,Маскалі,8769,3,City,UTC+3,Europe/Minsk
301354,BY,\N,Moskali,Moskali,1858,3,Neighborhood,UTC+3,Europe/Minsk
301356,BY,BY-VI,Moskalenyata,Маскаляняты,76,4,village,UTC+3,Europe/Minsk
301367,BY,BY-BR,Moshkavichy,Мошкавічы,104,4,locality,UTC+3,Europe/Minsk
301368,BY,BY-VI,Moshkany,Машканы,923,4,village,UTC+3,Europe/Minsk
301369,BY,BY-MA,Moshevoye,Машавое,313,3,locality,UTC+3,Europe/Minsk
301370,BY,BY-MA,Mashanaki,Машанакі,906,3,Neighborhood,UTC+3,Europe/Minsk
301371,BY,BY-VI,Moshcheny,Машчоны,71,4,locality,UTC+3,Europe/Minsk
301373,BY,\N,Moseyki Vtoroye,Moseyki Vtoroye,917,3,Neighborhood,UTC+3,Europe/Minsk
301376,BY,BY-VI,Mosar,Мосар,956,4,village,UTC+3,Europe/Minsk
301377,BY,BY-VI,Mosar,Мосар,206,4,hamlet,UTC+3,Europe/Minsk
301378,BY,BY-MA,Masal'shchina,Masal’shchina,1008,3,Neighborhood,UTC+3,Europe/Minsk
301379,BY,\N,Mortkovo,Mortkovo,1055,3,Village,UTC+3,Europe/Minsk
301383,BY,BY-HO,Marozavichy,Марозавічы,381,4,village,UTC+3,Europe/Minsk
301384,BY,BY-BR,Morozovichi,Марозавічы,93,4,village,UTC+3,Europe/Minsk
301386,BY,BY-MI,Moros'ki,Мароські,2624,3,Neighborhood,UTC+3,Europe/Minsk
301387,BY,BY-HO,Marokharava,Марохарава,377,4,village,UTC+3,Europe/Minsk
301388,BY,BY-HR,Morochi,Марачы,2374,4,village,UTC+3,Europe/Minsk
301389,BY,BY-MI,Morach,Морач,1416,4,village,UTC+3,Europe/Minsk
301390,BY,BY-MI,Morocz,Morocz,330,4,village,UTC+3,Europe/Minsk
301392,BY,BY-HO,Mormol',Мормаль,459,3,locality,UTC+3,Europe/Minsk
301394,BY,BY-HR,Morino,Морына,379,4,village,UTC+3,Europe/Minsk
301396,BY,BY-HO,Mordvin,Мардзвін,89,4,village,UTC+3,Europe/Minsk
301398,BY,\N,Mordasy,Mordasy,325,3,Neighborhood,UTC+3,Europe/Minsk
301399,BY,BY-MI,Mordasy,Mordasy,1387,3,Neighborhood,UTC+3,Europe/Minsk
301400,BY,BY-VI,Mardakhi,Мардахі,130,4,village,UTC+3,Europe/Minsk
301401,BY,BY-MA,Muravil',Муравілле,605,3,locality,UTC+3,Europe/Minsk
301402,BY,BY-VI,Marachkova,Марачкова,168,4,locality,UTC+3,Europe/Minsk
301404,BY,BY-HR,Montyaki,Манцякі,333,4,village,UTC+3,Europe/Minsk
301407,BY,BY-HR,Mon'kovichi,Монькавічы,164,4,village,UTC+3,Europe/Minsk
301414,BY,BY-MA,Molyatichi,Маляцічы,352,3,locality,UTC+3,Europe/Minsk
301415,BY,BY-HO,Malozhin,Малажын,482,4,village,UTC+3,Europe/Minsk
301418,BY,BY-MA,Molotovki,Molotovki,1501,3,Village,UTC+3,Europe/Minsk
301419,BY,BY-BR,Molotkavichy,Молоткавічы,1882,4,village,UTC+3,Europe/Minsk
301421,BY,BY-BR,Moladava,Моладава,799,3,Neighborhood,UTC+3,Europe/Minsk
301423,BY,BY-MI,Molodi,Моладзі,55,4,village,UTC+3,Europe/Minsk
301425,BY,BY-BR,Molochki,Малочкі,145,4,village,UTC+3,Europe/Minsk
301426,BY,BY-HR,Moldovichi,Малдавічы,93,4,locality,UTC+3,Europe/Minsk
301427,BY,BY-BR,Molchad',Моўчадзь,661,4,village,UTC+3,Europe/Minsk
301431,BY,BY-VI,Mokryany,Макраны,5601,3,City,UTC+3,Europe/Minsk
301432,BY,BY-MA,Mokroye,Мокрае,738,3,locality,UTC+3,Europe/Minsk
301434,BY,BY-BR,Mokrovo,Мокрава,463,4,village,UTC+3,Europe/Minsk
301435,BY,BY-MA,Mokrovichi,Мокравічы,132,4,locality,UTC+3,Europe/Minsk
301437,BY,BY-BR,Mokraya Dubrava,Мокрая Дубрава,901,3,Town,UTC+3,Europe/Minsk
301438,BY,\N,Mokrany Nove,Mokrany Nove,3664,3,Town,UTC+3,Europe/Minsk
301440,BY,BY-BR,Mokrany,Макраны,641,3,locality,UTC+3,Europe/Minsk
301442,BY,BY-BR,Mokhro,Махро,1498,3,Neighborhood,UTC+3,Europe/Minsk
301443,BY,BY-HO,Mokhov,Мохаў,264,3,locality,UTC+3,Europe/Minsk
301445,BY,BY-HO,Makanavichy,Маканавічы,668,3,locality,UTC+3,Europe/Minsk
301446,BY,BY-VI,Moseyevka,Moseyevka,619,3,Neighborhood,UTC+3,Europe/Minsk
301448,BY,BY-HO,Maysyeyewka,Майсееўка,245,4,village,UTC+3,Europe/Minsk
301449,BY,BY-HO,Maysyeyewka,Майсееўка,443,4,village,UTC+3,Europe/Minsk
301450,BY,BY-HO,Moiseyevka,Маісееўка,227,3,locality,UTC+3,Europe/Minsk
301451,BY,BY-HR,Moiseyevichi,Маісеевічы,54,4,locality,UTC+3,Europe/Minsk
301452,BY,BY-MA,Moiseyevichi,Майсеевічы,156,4,locality,UTC+3,Europe/Minsk
301453,BY,BY-HO,Moiseyevichi,Moiseyevichi,8649,3,City,UTC+3,Europe/Minsk
301456,BY,BY-MI,Mahil'na,Магільна,416,4,village,UTC+3,Europe/Minsk
301461,BY,BY-BR,Mogilitsa,Магіліцы,381,3,locality,UTC+3,Europe/Minsk
301462,BY,BY-BR,Mogylovtse,Магілёўцы,447,4,village,UTC+3,Europe/Minsk
301465,BY,BY-HR,Mochulino,Мачуліна,411,3,locality,UTC+3,Europe/Minsk
301466,BY,BY-MI,Mochulishche,Mochulishche,1313,3,Neighborhood,UTC+3,Europe/Minsk
301470,BY,BY-MI,Mishany,Mishany,2828,3,Neighborhood,UTC+3,Europe/Minsk
301481,BY,BY-HR,Mizhevo,Мижава,202,4,village,UTC+3,Europe/Minsk
301482,BY,BY-HR,Mizhevichy,Міжэвічы,590,3,locality,UTC+3,Europe/Minsk
301483,BY,BY-HR,Mezhantsy,Mezhantsy,21425,3,City,UTC+3,Europe/Minsk
301487,BY,BY-HR,Mitskevichi,Міцкевічы,278,3,Neighborhood,UTC+3,Europe/Minsk
301488,BY,BY-BR,Mitskevichi,Міцкевічы,305,3,locality,UTC+3,Europe/Minsk
301489,BY,BY-MI,Mitskeviche Male,Міцькавічы,224,3,locality,UTC+3,Europe/Minsk
301492,BY,BY-MI,Misuny,Місуны,24336,3,City,UTC+3,Europe/Minsk
301493,BY,\N,Malyye Misniki,Malyye Misniki,220,4,village,UTC+3,Europe/Minsk
301496,BY,BY-VI,Mishnevichi,Мішневічы,630,3,locality,UTC+3,Europe/Minsk
301498,BY,BY-VI,Mishkovichi,Мішкавічы,365,3,locality,UTC+3,Europe/Minsk
301499,BY,BY-HR,Mirovshchina,Міраўшчына,394,4,village,UTC+3,Europe/Minsk
301501,BY,BY-BR,Mironim,Міронім,142,4,hamlet,UTC+3,Europe/Minsk
301502,BY,BY-MA,Mirogoshch,Мірагошч,134,4,village,UTC+3,Europe/Minsk
301504,BY,BY-HR,Miratichi,Мірацічы,310,4,village,UTC+3,Europe/Minsk
301506,BY,BY-HR,Mir,Мір,2310,3,Urban Settlement,UTC+3,Europe/Minsk
301507,BY,BY-MI,Novaya Myotcha,Новая Мётча,86,4,locality,UTC+3,Europe/Minsk
301508,BY,BY-VI,Miory,Мёры,7888,2,town,UTC+3,Europe/Minsk
301510,BY,BY-BR,Minyanka,Мінянка,133,4,locality,UTC+3,Europe/Minsk
301512,BY,BY-MI,Minti,Мінці,63,4,village,UTC+3,Europe/Minsk
301513,BY,BY-HM,Minsk,Мінск,1950680,1,City,UTC+3,Europe/Minsk
301514,BY,BY-HR,Minoyty,Мінойты,1486,4,village,UTC+3,Europe/Minsk
301516,BY,BY-BR,Minichi,Мінічы,95,4,locality,UTC+3,Europe/Minsk
301518,BY,BY-VI,Milyuntsy,Мілюнцы,108,4,locality,UTC+3,Europe/Minsk
301523,BY,BY-BR,Milavidy,Мілавіды,712,4,village,UTC+3,Europe/Minsk
301525,BY,BY-MA,Milaslavichy,Мілаславічы,644,3,locality,UTC+3,Europe/Minsk
301528,BY,BY-HR,Myal'kanavichy,Мяльканавічы,628,3,Neighborhood,UTC+3,Europe/Minsk
301529,BY,BY-HR,Milayshuny,Milayshuny,121437,4,town,UTC+3,Europe/Minsk
301531,BY,BY-MA,Maleykovo,Мілейкава,260,4,village,UTC+3,Europe/Minsk
301533,BY,BY-BR,Mileyki,Мілейкі,567,3,locality,UTC+3,Europe/Minsk
301534,BY,BY-HR,Milevichi,Мілявічы,577,3,City,UTC+3,Europe/Minsk
301535,BY,BY-HO,Milievicy,Мілевічы,590,4,village,UTC+3,Europe/Minsk
301536,BY,BY-MI,Mil'cha,Мільча,262,4,village,UTC+3,Europe/Minsk
301537,BY,BY-VI,Milashki,Мілашкі,23707,3,City,UTC+3,Europe/Minsk
301539,BY,BY-VI,Milashevo,Milashëvo,10128,3,City,UTC+3,Europe/Minsk
301540,BY,BY-HO,Milashevichi,Мілашавічы,1092,4,village,UTC+3,Europe/Minsk
301544,BY,BY-MI,Mikulichi,Мікулічы,399,4,village,UTC+3,Europe/Minsk
301545,BY,BY-HO,Mikulichi,Мікулічы,223,3,locality,UTC+3,Europe/Minsk
301546,BY,BY-MA,Nikulino,Мікуліна,3049,3,City,UTC+3,Europe/Minsk
301550,BY,BY-HO,Mikhnovka,Mikhnovka,8743,3,Neighborhood,UTC+3,Europe/Minsk
301551,BY,BY-HO,Mikhnavichy,Міхнавічы,327,4,village,UTC+3,Europe/Minsk
301553,BY,BY-HR,Mikhnevichi,Міхневічы,164,4,village,UTC+3,Europe/Minsk
301555,BY,BY-MI,Mikheyki,Міхейкі,410,4,village,UTC+3,Europe/Minsk
301559,BY,BY-MA,Mikheyevichi,Міхеевічы,186,4,village,UTC+3,Europe/Minsk
301562,BY,BY-HO,Mikhyedavichy,Міхедавічы,470,4,village,UTC+3,Europe/Minsk
301564,BY,BY-HR,Mikhaylovshchina,Міхайлоўшчына,179,4,village,UTC+3,Europe/Minsk
301566,BY,BY-HO,Mikhaylovka,Міхайлаўка,3477,3,City,UTC+3,Europe/Minsk
301567,BY,BY-MA,Mikhaylovichi,Mikhaylovichi,5274,3,City,UTC+3,Europe/Minsk
301569,BY,BY-MI,Mikhanovichi,Міханавічы,165,4,village,UTC+3,Europe/Minsk
301573,BY,BY-MI,Mikhalkovichi,Mikhalkovichi,1383,3,Neighborhood,UTC+3,Europe/Minsk
301574,BY,BY-HR,Velikiye Mikhalki,Вялікія Міхалкі,137,4,village,UTC+3,Europe/Minsk
301576,BY,BY-HO,Mikhal'ki,Міхалькі,586,4,village,UTC+3,Europe/Minsk
301578,BY,BY-HR,Michaliski,Міхалішкі,793,4,village,UTC+3,Europe/Minsk
301581,BY,BY-BR,Mikhalin,Mikhalin,855,3,Neighborhood,UTC+3,Europe/Minsk
301584,BY,BY-MI,Mikhalevo,Міхалёва,206,3,locality,UTC+3,Europe/Minsk
301585,BY,BY-MA,Mikhalevo Pervoye,Міхалёва 1,660,3,locality,UTC+3,Europe/Minsk
301586,BY,BY-HO,Mikhalevka,Міхалёўка,57,4,locality,UTC+3,Europe/Minsk
301588,BY,BY-HR,Mikyelyowshchyna,Мікелёўшчына,797,3,Village,UTC+3,Europe/Minsk
301589,BY,BY-BR,Mikashevichy,Мікашевічы,12888,3,City,UTC+3,Europe/Minsk
301592,BY,BY-MI,Migdalovichi,Мігдалавічы,128,4,locality,UTC+3,Europe/Minsk
301594,BY,BY-MI,Mhlyo,Мглё,1776,3,Neighborhood,UTC+3,Europe/Minsk
301596,BY,BY-HR,Mizherychy,Міжэрычы,1087,3,Town,UTC+3,Europe/Minsk
301597,BY,BY-MA,Mezhnoye,Mezhnoye,1151,3,Neighborhood,UTC+3,Europe/Minsk
301601,BY,BY-MI,Mezhnaya Sloboda,Межная Слабада,193,4,locality,UTC+3,Europe/Minsk
301603,BY,BY-MA,Myazhysyatki,Мяжысяткі,1807,4,village,UTC+3,Europe/Minsk
301608,BY,BY-VI,Myezhava,Межава,888,4,village,UTC+3,Europe/Minsk
301609,BY,BY-MA,Mezhenin,Mezhenin,8317,3,City,UTC+3,Europe/Minsk
301611,BY,BY-VI,Mezhany,Мяжаны,206,4,village,UTC+3,Europe/Minsk
301612,BY,BY-VI,Myazha,Мяжа,359,4,village,UTC+3,Europe/Minsk
301614,BY,BY-MI,Metyavichi,Мяцявічы,204,3,locality,UTC+3,Europe/Minsk
301618,BY,BY-BR,Myestkavichy,Месткавічы,162,4,locality,UTC+3,Europe/Minsk
301620,BY,BY-VI,Meshkovo,Мяшкова,282,4,village,UTC+3,Europe/Minsk
301621,BY,BY-MI,Meshichi,Мешычы,135,4,locality,UTC+3,Europe/Minsk
301624,BY,BY-HO,Myerkulavichy,Меркулавічы,1961,3,Neighborhood,UTC+3,Europe/Minsk
301625,BY,BY-VI,Myaretskiya,Мярэцкія,459,3,locality,UTC+3,Europe/Minsk
301626,BY,BY-BR,Myerchytsy,Мерчыцы,316,4,village,UTC+3,Europe/Minsk
301635,BY,BY-BR,Mielniki,Мельнікі,137,4,hamlet,UTC+3,Europe/Minsk
301638,BY,BY-MI,Mel'kovichi,Mel’kovichi,350,3,Neighborhood,UTC+3,Europe/Minsk
301643,BY,BY-MI,Myalyeshki,Мялешкі,397,4,village,UTC+3,Europe/Minsk
301644,BY,BY-HO,Meleshkovichi,Мялешкавічы,549,4,hamlet,UTC+3,Europe/Minsk
301647,BY,BY-VI,Mekhovoye,Мехавое,212,3,locality,UTC+3,Europe/Minsk
301650,BY,BY-HR,Myadzvinavichy,Мядзвінавічы,106,4,locality,UTC+3,Europe/Minsk
301652,BY,BY-MA,Medvedevka,Мядзвёдаўка,116,4,locality,UTC+3,Europe/Minsk
301655,BY,BY-MA,Medvedevka,Мядзвёдаўка,80,4,locality,UTC+3,Europe/Minsk
301657,BY,BY-MI,Medvednya,Medvednya,3978,3,Neighborhood,UTC+3,Europe/Minsk
301658,BY,BY-HO,Medvednoye,Мядзведнае,105,4,village,UTC+3,Europe/Minsk
301660,BY,BY-BR,Myadzvyedzichy,Мядзведзічы,165,4,village,UTC+3,Europe/Minsk
301668,BY,BY-HO,Medukhov,Medukhov,2103,3,Neighborhood,UTC+3,Europe/Minsk
301669,BY,BY-BR,Myedna,Медна,833,3,locality,UTC+3,Europe/Minsk
301670,BY,BY-BR,Medenevichi,Мядзеневічы,117,4,locality,UTC+3,Europe/Minsk
301671,BY,BY-HO,Mazyr,Мазыр,105380,2,City,UTC+3,Europe/Minsk
301674,BY,BY-MI,Mazurshchina,Мазуршчына,237,4,village,UTC+3,Europe/Minsk
301680,BY,BY-VI,Mazolovo,Мазалава,9995,4,town,UTC+3,Europe/Minsk
301681,BY,BY-MA,Mazalava,Мазалава,688,4,village,UTC+3,Europe/Minsk
301682,BY,BY-HO,Mayskaye,Майскае,482,3,locality,UTC+3,Europe/Minsk
301684,BY,BY-VI,Matyrino,Матырына,335,4,village,UTC+3,Europe/Minsk
301685,BY,BY-BR,Matyasy,Мацясы,92,4,village,UTC+3,Europe/Minsk
301694,BY,BY-HR,Matski,Matski,147,4,village,UTC+3,Europe/Minsk
301696,BY,BY-MI,Matskevichi,Мацкевічы,134,4,village,UTC+3,Europe/Minsk
301698,BY,BY-HR,Matsvyeyewtsy,Мацвееўцы,591,3,locality,UTC+3,Europe/Minsk
301703,BY,BY-VI,Matsiyeva,Маціева,606,3,Village,UTC+3,Europe/Minsk
301704,BY,BY-MI,Mateyevo,Mateyevo,952,3,Neighborhood,UTC+3,Europe/Minsk
301706,BY,BY-BR,Matsiyevichy,Маціевічы,370,4,village,UTC+3,Europe/Minsk
301709,BY,BY-HR,Mosty,Масты,14822,2,Town,UTC+3,Europe/Minsk
301712,BY,BY-HR,Masalyany,Масаляны,570,4,village,UTC+3,Europe/Minsk
301715,BY,BY-MA,Maslaki,Маслакі,662,4,village,UTC+3,Europe/Minsk
301716,BY,BY-HR,Masilovichi,Масілавічы,149,4,village,UTC+3,Europe/Minsk
301717,BY,BY-MI,Mashuki,Машукі,171,4,village,UTC+3,Europe/Minsk
301719,BY,BY-MI,Mashchitsy,Mashchitsy,51939,3,suburb,UTC+3,Europe/Minsk
301721,BY,BY-HR,Moshevichi,Машэвічы,53,4,village,UTC+3,Europe/Minsk
301723,BY,BY-BR,Masevichi,Масевічы,383,4,village,UTC+3,Europe/Minsk
301727,BY,BY-MA,Mart'yanovichi,Марцьянавічы,498,3,Neighborhood,UTC+3,Europe/Minsk
301731,BY,BY-HO,Marmovichi,Marmovichi,30679,3,Neighborhood,UTC+3,Europe/Minsk
301736,BY,BY-HO,Markowskaye,Маркоўскае,365,3,locality,UTC+3,Europe/Minsk
301741,BY,BY-MI,Markava,Маркава,707,4,village,UTC+3,Europe/Minsk
301742,BY,BY-HO,Markovichi,Маркавічы,843,4,village,UTC+3,Europe/Minsk
301744,BY,BY-HO,Markhlevsk,Мархлеўск,53,4,locality,UTC+3,Europe/Minsk
301747,BY,BY-HO,Mar'ino,Мар’іна,147,4,village,UTC+3,Europe/Minsk
301749,BY,BY-MI,Mar'ina Gorka,Мар’іна Горка,20946,2,City,UTC+3,Europe/Minsk
301757,BY,BY-BR,Man'kavichy,Манькавічы,2142,4,village,UTC+3,Europe/Minsk
301760,BY,BY-HO,Manchitsy,Манчыцы,126,4,locality,UTC+3,Europe/Minsk
301763,BY,BY-VI,Mamoyki,Mamoyki,2519,3,Neighborhood,UTC+3,Europe/Minsk
301766,BY,BY-VI,Mamchikovo,Mamchikovo,2113,3,Town,UTC+3,Europe/Minsk
301767,BY,BY-VI,Mamai,Мамаі,150,4,hamlet,UTC+3,Europe/Minsk
301771,BY,\N,Malyy Rassolay,Malyy Rassolay,204,3,Neighborhood,UTC+3,Europe/Minsk
301772,BY,BY-HO,Malishev,Малешаў,534,4,village,UTC+3,Europe/Minsk
301773,BY,BY-MA,Maly Kudzin,Малы Кудзін,378,4,village,UTC+3,Europe/Minsk
301775,BY,BY-HR,Malyya Zhukhavichy,Малыя Жухавічы,701,3,locality,UTC+3,Europe/Minsk
301776,BY,BY-MI,Malyye Zhaberichi,Малыя Жаберычы,117,4,village,UTC+3,Europe/Minsk
301777,BY,BY-MI,Malyye Zavshitsy,Малыя Заўшыцы,183,4,village,UTC+3,Europe/Minsk
301779,BY,BY-VI,Poselok Yakovlevichi,Posëlok Yakovlevichi,1891,3,Neighborhood,UTC+3,Europe/Minsk
301783,BY,BY-VI,Malaya Vedren',Малая Вядрэнь,183,4,locality,UTC+3,Europe/Minsk
301784,BY,BY-HO,Malyye Steblevichi,Малыя Сцяблевічы,432,3,Neighborhood,UTC+3,Europe/Minsk
301788,BY,BY-BR,Radvanichi-Malyye,Малыя Радванічы,593,4,village,UTC+3,Europe/Minsk
301790,BY,BY-BR,Malyye Orly,Малыя Арлы,1266,3,Neighborhood,UTC+3,Europe/Minsk
301791,BY,BY-HO,Malyya Nyamki,Малыя Нямкі,381,4,village,UTC+3,Europe/Minsk
301792,BY,BY-MI,Malyye Negnovichi,Малыя Негнавічы,607,3,Neighborhood,UTC+3,Europe/Minsk
301795,BY,BY-MA,Malyya Lazitsy,Малыя Лазіцы,97,4,village,UTC+3,Europe/Minsk
301798,BY,BY-VI,Malyye Lettsy,Малыя Лётцы,501,4,village,UTC+3,Europe/Minsk
301800,BY,BY-BR,Malyye Krugovichi,Малыя Круговічы,665,3,Neighborhood,UTC+3,Europe/Minsk
301809,BY,BY-HR,Hrynki Druhiya,Грынкі Другія,270,4,locality,UTC+3,Europe/Minsk
301810,BY,BY-MI,Malyye Gorodyatichi,Малыя Гарадзяцічы,596,3,locality,UTC+3,Europe/Minsk
301814,BY,BY-VI,Malyye Dol'tsy,Малыя Дольцы,55,4,village,UTC+3,Europe/Minsk
301815,BY,BY-BR,Malyye Chuchevichi,Малыя Чучавічы,575,4,village,UTC+3,Europe/Minsk
301818,BY,BY-MA,Malyye Bortniki,Малыя Бортнікі,349,4,village,UTC+3,Europe/Minsk
301824,BY,BY-HR,Malyushychy,Маюшычы,9780,3,City,UTC+3,Europe/Minsk
301825,BY,BY-MA,Malyushino,Malyushino,490,4,village,UTC+3,Europe/Minsk
301827,BY,BY-MI,Malyshki,Malyshki,25566,3,City,UTC+3,Europe/Minsk
301828,BY,BY-MI,Malyshevichi,Малышэвічы,82,4,village,UTC+3,Europe/Minsk
301829,BY,BY-HO,Malisau,Малішаў,3062,3,City,UTC+3,Europe/Minsk
301838,BY,BY-HO,Malyye Zimovishchi,Малыя Зімовішчы,318,4,village,UTC+3,Europe/Minsk
301846,BY,BY-VI,Maloye Savina,Малое Савіна,77,4,village,UTC+3,Europe/Minsk
301850,BY,\N,Maloye Mozheykovo,Мажэйкава,500,3,locality,UTC+3,Europe/Minsk
301855,BY,BY-MI,Maloye Khotyukhovo,Maloye Khotyukhovo,24880,3,City,UTC+3,Europe/Minsk
301857,BY,BY-BR,Gorodishche Maloye,Малое Гарадзішча,335,3,locality,UTC+3,Europe/Minsk
301859,BY,BY-MI,Maloye Bykovo,Maloye Bykovo,1993,3,Town,UTC+3,Europe/Minsk
301862,BY,BY-BR,Malorita,Маларыта,12593,2,Town,UTC+3,Europe/Minsk
301863,BY,BY-HO,Maladusha,Маладуша,272,3,locality,UTC+3,Europe/Minsk
301867,BY,BY-BR,Mal'kavichy,Малькавічы,1393,4,village,UTC+3,Europe/Minsk
301869,BY,BY-HR,Mal'kavichy,Малькавічі,304,4,hamlet,UTC+3,Europe/Minsk
301870,BY,BY-VI,Malinovka,Малінаўка,937,3,Neighborhood,UTC+3,Europe/Minsk
301884,BY,BY-HR,Mali,Малі,539,3,City,UTC+3,Europe/Minsk
301885,BY,BY-HO,Maleyki,Малейкі,347,3,locality,UTC+3,Europe/Minsk
301886,BY,BY-MI,Malevo,Малева,376,4,village,UTC+3,Europe/Minsk
301890,BY,BY-HO,Malyevichy,Малевічы,691,4,village,UTC+3,Europe/Minsk
301893,BY,BY-MI,Myerviny,Мервіны,307,4,village,UTC+3,Europe/Minsk
301895,BY,BY-BR,Malyech,Малеч,200,4,village,UTC+3,Europe/Minsk
301896,BY,BY-HO,Malyya Awtsyuki,Малыя Аўцюкі,843,4,village,UTC+3,Europe/Minsk
301903,BY,BY-MI,Maly Syrmyezh,Малы Сырмеж,175,4,village,UTC+3,Europe/Minsk
301905,BY,BY-MA,Osinovka,Osinovka,1541,3,Neighborhood,UTC+3,Europe/Minsk
301907,BY,\N,Malaya RAyevka,Malaya RAyëvka,1294,3,Neighborhood,UTC+3,Europe/Minsk
301908,BY,BY-BR,Malaya Plotnitsa,Малая Плотніца,266,3,locality,UTC+3,Europe/Minsk
301910,BY,BY-HO,Malaya Lyudvinovka,Малая Людзвінаўка,156,4,village,UTC+3,Europe/Minsk
301911,BY,\N,Malaya Lotva,Malaya Lotva,45325,3,City,UTC+3,Europe/Minsk
301912,BY,BY-HR,Malaya Lapenitsa,Малая Лапеніца,204,3,locality,UTC+3,Europe/Minsk
301913,BY,BY-MA,Lipawka,Ліпаўка,408,4,village,UTC+3,Europe/Minsk
301917,BY,BY-BR,Malaya Kawpyenitsa,Малая Каўпеніца,702,3,locality,UTC+3,Europe/Minsk
301920,BY,BY-MA,Malaya Gorozha,Малая Гарожа,540,3,Neighborhood,UTC+3,Europe/Minsk
301924,BY,BY-HR,Malaya Byerastavitsa,Малая Бераставіца,1174,4,village,UTC+3,Europe/Minsk
301925,BY,BY-MA,Malashkovichi,Малышкавічы,675,3,Neighborhood,UTC+3,Europe/Minsk
301926,BY,BY-HO,Malashkovichi,Malashkovichi,2063,3,Neighborhood,UTC+3,Europe/Minsk
301927,BY,BY-MI,Malashki,Malashki,755,3,Neighborhood,UTC+3,Europe/Minsk
301930,BY,BY-BR,Malakhovtsy,Малахоўцы,123,4,locality,UTC+3,Europe/Minsk
301932,BY,BY-MI,Maladziecna,Маладзечна,94282,2,City,UTC+3,Europe/Minsk
301943,BY,BY-HO,Makawye,Макаўе,3790,3,City,UTC+3,Europe/Minsk
301944,BY,BY-BR,Makovo,Макава,199,4,locality,UTC+3,Europe/Minsk
301947,BY,BY-MA,Makovichi,Макавічы,199,4,locality,UTC+3,Europe/Minsk
301950,BY,BY-MA,Makhava,Махава,529,3,locality,UTC+3,Europe/Minsk
301952,BY,BY-HO,Makhnovichi,Махнавічы,688,3,locality,UTC+3,Europe/Minsk
301953,BY,BY-MI,Makhnavichy,Махнавічы,562,3,Neighborhood,UTC+3,Europe/Minsk
301955,BY,BY-HR,Mikhayly,Міхайлы,655,3,Neighborhood,UTC+3,Europe/Minsk
301956,BY,BY-MA,Makyeyevichy,Макеевічы,348,3,locality,UTC+3,Europe/Minsk
301961,BY,BY-HR,Makarawtsy,Макараўцы,1832,3,Town,UTC+3,Europe/Minsk
301966,BY,BY-VI,Makarovichi,Макаравічы,75,4,village,UTC+3,Europe/Minsk
301968,BY,BY-MA,Makarentsy,Макаранцы,301,3,locality,UTC+3,Europe/Minsk
301969,BY,BY-MI,Makarychy,Макарычы,173,4,locality,UTC+3,Europe/Minsk
301970,BY,BY-HO,Makarychy,Макарычы,573,4,village,UTC+3,Europe/Minsk
301971,BY,BY-BR,Makarava,Макарава,403,4,village,UTC+3,Europe/Minsk
301972,BY,BY-MA,Mahilyow,Магілёў,354489,2,Village,UTC+3,Europe/Minsk
301973,BY,BY-VI,Myahuny,Мягуны,246,3,locality,UTC+3,Europe/Minsk
301975,BY,BY-HR,Magentsy,Магенцы,85394,3,City,UTC+3,Europe/Minsk
301976,BY,BY-HO,Madora,Мадора,202,4,hamlet,UTC+3,Europe/Minsk
301978,BY,BY-MI,Machulishchy,Мачулішчы,8900,3,Sett,UTC+3,Europe/Minsk
301979,BY,BY-MI,Machask,Мачаск,156,4,village,UTC+3,Europe/Minsk
301989,BY,BY-BR,Lyuta,Люта,128,4,locality,UTC+3,Europe/Minsk
301990,BY,BY-MI,Lyutyye,Лютыя,91,4,village,UTC+3,Europe/Minsk
301991,BY,BY-BR,Lyusina,Люсіна,1506,3,locality,UTC+3,Europe/Minsk
301995,BY,BY-HO,Lyudvinovka,Вялікая Людзвінаўка,195,4,village,UTC+3,Europe/Minsk
302000,BY,BY-HO,Liudzianievicy,Людзяневічы,1003,4,village,UTC+3,Europe/Minsk
302002,BY,BY-MI,Lyubyacha,Любяча,82,4,village,UTC+3,Europe/Minsk
302004,BY,BY-HO,Lyubovichi,Любавічы,205,3,locality,UTC+3,Europe/Minsk
302006,BY,BY-VI,Lyubotyn',Lyubotyn’,10228,3,Neighborhood,UTC+3,Europe/Minsk
302007,BY,BY-MA,Lyubonichy,Любонічы,704,4,village,UTC+3,Europe/Minsk
302008,BY,BY-BR,Lyuban',Любань,934,3,Neighborhood,UTC+3,Europe/Minsk
302010,BY,BY-MA,Lyubizh,Любіж,97,4,locality,UTC+3,Europe/Minsk
302011,BY,BY-BR,Lyubishchytsy,Любішчыцы,1157,4,village,UTC+3,Europe/Minsk
302012,BY,BY-MA,Lyubinichi,Любінічы,318,4,village,UTC+3,Europe/Minsk
302013,BY,BY-VI,Lyubichi,Любічы,1877,3,Neighborhood,UTC+3,Europe/Minsk
302015,BY,BY-BR,Lyubel',Любель,985,3,Neighborhood,UTC+3,Europe/Minsk
302016,BY,BY-MI,Lyubcha,Lyubcha,5320,3,Neighborhood,UTC+3,Europe/Minsk
302017,BY,BY-HR,Lyubcha,Любча,1002,4,village,UTC+3,Europe/Minsk
302019,BY,BY-BR,Lyubashava,Любашава,1042,4,village,UTC+3,Europe/Minsk
302020,BY,BY-HR,Lyubarty,Любарты,134,4,village,UTC+3,Europe/Minsk
302023,BY,BY-MI,Lyuban',Любань,1058,4,village,UTC+3,Europe/Minsk
302024,BY,BY-MI,Lyuban',Любань,11298,2,City,UTC+3,Europe/Minsk
302025,BY,BY-HO,Lyuban',Любань,400,4,village,UTC+3,Europe/Minsk
302026,BY,BY-BR,Lyubachin,Любачын,510,4,village,UTC+3,Europe/Minsk
302027,BY,BY-MI,Lytsavichy,Лыцавічы,986,3,Village,UTC+3,Europe/Minsk
302028,BY,BY-BR,Lyskava,Лыскава,368,4,village,UTC+3,Europe/Minsk
302029,BY,BY-VI,Lyskova,Lyskova,870,3,Neighborhood,UTC+3,Europe/Minsk
302032,BY,BY-BR,Novyya Lyshchytsy,Новыя Лышчыцы,479,3,locality,UTC+3,Europe/Minsk
302033,BY,BY-BR,Lyshcha,Лышча,432,3,locality,UTC+3,Europe/Minsk
302034,BY,BY-MI,Lysaya Gora,Лысая Гара,1015,3,Neighborhood,UTC+3,Europe/Minsk
302037,BY,BY-VI,Lyntupy,Лынтупы,1600,3,Urban Settlement,UTC+3,Europe/Minsk
302040,BY,BY-HR,Lyloytsi,Лылойці,302,3,locality,UTC+3,Europe/Minsk
302041,BY,BY-MA,Lykovo,Лыкава,389,4,village,UTC+3,Europe/Minsk
302043,BY,BY-VI,Lyepyel',Лепель,111377,2,City,UTC+3,Europe/Minsk
302044,BY,\N,Lychytse,Lychytse,872,3,Neighborhood,UTC+3,Europe/Minsk
302046,BY,BY-HR,Lychkawtsy,Лычкаўцы,303,4,village,UTC+3,Europe/Minsk
302050,BY,BY-BR,Leskovo,Ляскова,145,4,village,UTC+3,Europe/Minsk
302051,BY,BY-HO,Lyaskavichy,Ляскавічы,336,3,locality,UTC+3,Europe/Minsk
302052,BY,BY-BR,Lyaskavichy,Ляскавічы,1359,3,locality,UTC+3,Europe/Minsk
302053,BY,BY-HO,Lyaskavichy,Ляскавічы,772,3,locality,UTC+3,Europe/Minsk
302056,BY,BY-BR,Lyakhovtsy,Ляхаўцы,771,4,village,UTC+3,Europe/Minsk
302057,BY,BY-MI,Lyakhovshchina,Ляхаўшчына,91,4,locality,UTC+3,Europe/Minsk
302062,BY,BY-BR,Lyakhovichi,Ляхавічы,114,4,locality,UTC+3,Europe/Minsk
302064,BY,BY-HR,Lyakhovichi Pervyye,Ляхавічы 1,644,3,Neighborhood,UTC+3,Europe/Minsk
302065,BY,BY-MI,Lyakhavichy,Ляхавічы,161,4,locality,UTC+3,Europe/Minsk
302066,BY,BY-HR,Lyakhovichi,Ляхавічы,263,3,locality,UTC+3,Europe/Minsk
302067,BY,BY-BR,Lyakhovichi,Ляхавічы,10613,2,Town,UTC+3,Europe/Minsk
302068,BY,BY-HO,Lyakhovichi,Ляхавічы,160,4,locality,UTC+3,Europe/Minsk
302069,BY,\N,Lyakhova,Lyakhova,4535,3,Town,UTC+3,Europe/Minsk
302072,BY,BY-VI,Lyady,Ляды,486,3,locality,UTC+3,Europe/Minsk
302076,BY,BY-HO,Lyady,Ляды,703,3,Village,UTC+3,Europe/Minsk
302077,BY,BY-BR,Lyadzyets,Лядзец,852,3,locality,UTC+3,Europe/Minsk
302078,BY,BY-MI,Lyadtso,Лядцо,148,4,village,UTC+3,Europe/Minsk
302080,BY,BY-BR,Lyadovichi,Лядавічы,443,3,locality,UTC+3,Europe/Minsk
302081,BY,BY-MI,Lyadna,Лядна,714,4,village,UTC+3,Europe/Minsk
302086,BY,BY-HR,Lyada,Ляда,187,4,village,UTC+3,Europe/Minsk
302088,BY,BY-HO,Luzhok,Лужок,347,4,village,UTC+3,Europe/Minsk
302089,BY,BY-VI,Luzhki,Лужкі,818,4,village,UTC+3,Europe/Minsk
302093,BY,\N,Luzhki,Luzhki,750,3,Neighborhood,UTC+3,Europe/Minsk
302094,BY,BY-VI,Luzhesno,Лужасна,1803,4,village,UTC+3,Europe/Minsk
302096,BY,BY-VI,Lutsk-Mosarskiy,Lutsk-Mosarskiy,8324,3,Neighborhood,UTC+3,Europe/Minsk
302101,BY,BY-BR,Lutki,Луткі,349,4,village,UTC+3,Europe/Minsk
302103,BY,BY-MI,Luskovo,Лускава,128,4,hamlet,UTC+3,Europe/Minsk
302104,BY,BY-BR,Lushchiki,Лушчыкі,575,3,Village,UTC+3,Europe/Minsk
302109,BY,BY-HR,Lunno,Лунна,1042,3,locality,UTC+3,Europe/Minsk
302111,BY,BY-BR,Luninyets,Лунінец,23600,2,Town,UTC+3,Europe/Minsk
302113,BY,BY-BR,Lunin,Лунін,1472,4,village,UTC+3,Europe/Minsk
302114,BY,BY-VI,Luni,Луні,105,3,Neighborhood,UTC+3,Europe/Minsk
302115,BY,BY-VI,Lunacharskoye,Луначарскае,543,3,locality,UTC+3,Europe/Minsk
302117,BY,BY-MI,"Luk""yanavichy",Лук’янавічы,283,3,PPL,UTC+3,Europe/Minsk
302119,BY,BY-BR,Lukovo,Лукава,1056,3,Neighborhood,UTC+3,Europe/Minsk
302121,BY,BY-VI,Lukoml',Лукомль,540,4,village,UTC+3,Europe/Minsk
302124,BY,BY-HR,Luki,Лукі,674,4,village,UTC+3,Europe/Minsk
302127,BY,BY-HO,Luki,Лукі,246,4,hamlet,UTC+3,Europe/Minsk
302128,BY,BY-HO,Luki,Лукі,356,4,village,UTC+3,Europe/Minsk
302129,BY,BY-BR,Luka,Лука,323,4,village,UTC+3,Europe/Minsk
302130,BY,BY-MI,Lukavtsy,Лукаўцы,162,4,locality,UTC+3,Europe/Minsk
302132,BY,BY-HR,Lukashino,Лукашына,189,4,locality,UTC+3,Europe/Minsk
302133,BY,BY-VI,Lukashova,Лукашова,103,4,locality,UTC+3,Europe/Minsk
302135,BY,BY-BR,Lukomir,Лукомір,1516,3,Town,UTC+3,Europe/Minsk
302136,BY,BY-BR,Luka,Лука,637,4,village,UTC+3,Europe/Minsk
302139,BY,BY-MI,Luhavaya Slabada,Лугавая Слабада,1306,4,village,UTC+3,Europe/Minsk
302140,BY,BY-HO,Lugovaya Virnya,Лугавая Вірня,245,3,locality,UTC+3,Europe/Minsk
302141,BY,BY-HR,Lugomovichi,Лугамовічы,142,4,locality,UTC+3,Europe/Minsk
302145,BY,\N,Lugi,Lugi,213,4,village,UTC+3,Europe/Minsk
302146,BY,BY-VI,Lug,Луг,260,3,Neighborhood,UTC+3,Europe/Minsk
302147,BY,BY-BR,Luhi,Лугі,92,4,hamlet,UTC+3,Europe/Minsk
302149,BY,BY-HR,Ludy,Луды,109,4,hamlet,UTC+3,Europe/Minsk
302150,BY,BY-HR,Ludichi,Ludichi,10268,3,City,UTC+3,Europe/Minsk
302153,BY,BY-MI,Luchniki,Лучнікі,1649,4,village,UTC+3,Europe/Minsk
302154,BY,BY-MA,Luchitsy,Лучыцы,119,4,village,UTC+3,Europe/Minsk
302155,BY,BY-HO,Luchytsy,Лучыцы,673,3,Neighborhood,UTC+3,Europe/Minsk
302157,BY,BY-HO,Luchyn,Лучын,854,4,village,UTC+3,Europe/Minsk
302160,BY,BY-VI,Luchay,Лучай,1171,3,Neighborhood,UTC+3,Europe/Minsk
302164,BY,BY-MA,Lubnishche,Лубнішча,102,4,locality,UTC+3,Europe/Minsk
302165,BY,BY-HO,Lubeniki,Лубенікі,117,4,village,UTC+3,Europe/Minsk
302166,BY,BY-MI,Luben',Лубень,133,4,village,UTC+3,Europe/Minsk
302177,BY,BY-MA,Lozovitsa,Лазовіца,85,4,locality,UTC+3,Europe/Minsk
302183,BY,BY-VI,Lozichi,Лазічы,155,4,locality,UTC+3,Europe/Minsk
302186,BY,BY-HR,Loyki,Лойкі,441,3,locality,UTC+3,Europe/Minsk
302187,BY,BY-HO,Loyev,Лоеў,6155,2,village,UTC+3,Europe/Minsk
302189,BY,BY-HO,Lavstyki,Лаўстыкі,215,4,village,UTC+3,Europe/Minsk
302191,BY,BY-MI,Lotviny,Лоцвіны,261,3,locality,UTC+3,Europe/Minsk
302192,BY,BY-BR,Lotvichi,Лотвічы,1166,3,Village,UTC+3,Europe/Minsk
302193,BY,BY-MI,Lotva,Лотва,232,4,hamlet,UTC+3,Europe/Minsk
302195,BY,BY-MA,Lotva,Станцыя Латва,1000,4,village,UTC+3,Europe/Minsk
302196,BY,BY-VI,Lovtsy,Лаўцы,127,4,village,UTC+3,Europe/Minsk
302197,BY,BY-MI,Lostoyantsy,Ластаянцы,93,4,locality,UTC+3,Europe/Minsk
302199,BY,\N,Lososnitsa,Lososnitsa,2181,3,Neighborhood,UTC+3,Europe/Minsk
302200,BY,BY-BR,Lososin,Ласасін,189,4,village,UTC+3,Europe/Minsk
302201,BY,BY-MI,Losk,Лоск,244,4,hamlet,UTC+3,Europe/Minsk
302202,BY,BY-BR,Losintsy,Ласінцы,134,4,village,UTC+3,Europe/Minsk
302203,BY,BY-BR,Losichi,Лосічы,381,3,locality,UTC+3,Europe/Minsk
302204,BY,BY-MI,Loshnitsa,Лошніца,6524,4,village,UTC+3,Europe/Minsk
302209,BY,BY-HR,Losha,Лоша,207,3,locality,UTC+3,Europe/Minsk
302210,BY,BY-MI,Losha,Лоша,143,4,locality,UTC+3,Europe/Minsk
302211,BY,BY-HR,Lopushno,Лапушна,230,3,locality,UTC+3,Europe/Minsk
302216,BY,BY-MA,Lopatovichi,Лапатавічы,76,4,locality,UTC+3,Europe/Minsk
302217,BY,BY-HO,Lapatsina,Лапаціна,789,4,village,UTC+3,Europe/Minsk
302219,BY,BY-BR,Lapatsin,Лапацін,2049,3,Neighborhood,UTC+3,Europe/Minsk
302220,BY,BY-MA,Lapatsichy,Лапацічы,481,4,village,UTC+3,Europe/Minsk
302221,BY,BY-MI,Lopatichi,Лапацічы,133,4,locality,UTC+3,Europe/Minsk
302222,BY,BY-VI,Lonskiye,Lonskiye,1212,3,Neighborhood,UTC+3,Europe/Minsk
302224,BY,BY-HO,Lamavichy,Ламавічы,441,3,locality,UTC+3,Europe/Minsk
302227,BY,BY-MA,Lokuti,Лакуці,2021,3,Neighborhood,UTC+3,Europe/Minsk
302228,BY,BY-BR,Laktyshy,Лактышы,414,4,village,UTC+3,Europe/Minsk
302230,BY,BY-HO,Lokhnitsa,Лохніца,872,3,Neighborhood,UTC+3,Europe/Minsk
302232,BY,BY-MI,Logovishche,Логавішча,200,4,village,UTC+3,Europe/Minsk
302233,BY,BY-MI,Lognovichi,Логнавічы,230,4,village,UTC+3,Europe/Minsk
302234,BY,BY-MI,Logoysk,Лагойск,15336,2,Town,UTC+3,Europe/Minsk
302238,BY,BY-MA,Lobzha,Лобжа,336,4,village,UTC+3,Europe/Minsk
302241,BY,BY-MA,Lobkovichi,Лабковічы,589,4,village,UTC+3,Europe/Minsk
302244,BY,BY-MA,Labanawka,Лабанаўка,315,3,locality,UTC+3,Europe/Minsk
302249,BY,BY-VI,Litvyaki,Litvyaki,1075,3,Village,UTC+3,Europe/Minsk
302252,BY,BY-HO,Litvinovichi,Ліцвінавічы,1059,3,locality,UTC+3,Europe/Minsk
302255,BY,BY-BR,Litvinki,Літвінкі,157,4,hamlet,UTC+3,Europe/Minsk
302257,BY,BY-MI,Litvichi,Litvichi,24248,3,Neighborhood,UTC+3,Europe/Minsk
302258,BY,BY-MI,Litva,Літва,295,4,hamlet,UTC+3,Europe/Minsk
302259,BY,BY-MI,Litva,Літва,198,4,village,UTC+3,Europe/Minsk
302260,BY,BY-BR,Litva,Літва,668,4,village,UTC+3,Europe/Minsk
302263,BY,BY-BR,Litovsk,Літоўск,312,4,village,UTC+3,Europe/Minsk
302264,BY,BY-VI,Litovshchina,Літоўшчына,82,4,village,UTC+3,Europe/Minsk
302266,BY,BY-VI,Lisuny,Лісуны,499,4,village,UTC+3,Europe/Minsk
302268,BY,BY-MI,Listopadovichi,Лістападавічы,811,3,Neighborhood,UTC+3,Europe/Minsk
302269,BY,BY-VI,Lisno,Лісна,50,4,locality,UTC+3,Europe/Minsk
302271,BY,BY-HO,Liskovskaya Sloboda,Ліскаўская Слабада,72,4,village,UTC+3,Europe/Minsk
302272,BY,BY-MI,Liskovo,Ліскава,88,4,locality,UTC+3,Europe/Minsk
302274,BY,BY-HO,Liski,Ліскі,600,4,village,UTC+3,Europe/Minsk
302283,BY,BY-BR,Lipsk,Ліпск,910,4,village,UTC+3,Europe/Minsk
302284,BY,BY-BR,Lipsk,Ліпск,244,4,hamlet,UTC+3,Europe/Minsk
302285,BY,BY-BR,Lipava,Ліпава,103,4,hamlet,UTC+3,Europe/Minsk
302286,BY,\N,Lipovki,Lipovki,762,3,Neighborhood,UTC+3,Europe/Minsk
302289,BY,BY-MA,Lipovka,Ліпаўка,148,4,village,UTC+3,Europe/Minsk
302292,BY,BY-VI,Lipavets,Ліпавец,2889,3,Neighborhood,UTC+3,Europe/Minsk
302293,BY,BY-HO,Lipava,Ліпава,726,4,village,UTC+3,Europe/Minsk
302294,BY,BY-HO,Liplyany,Ліпляны,665,3,locality,UTC+3,Europe/Minsk
302296,BY,BY-HO,Lipnyaki,Ліпнякі,138,4,locality,UTC+3,Europe/Minsk
302297,BY,BY-HR,Lipniski,Ліпнішкі,978,4,village,UTC+3,Europe/Minsk
302300,BY,BY-BR,Lipniki,Ліпнікі,193,4,hamlet,UTC+3,Europe/Minsk
302301,BY,BY-BR,Lipniki,Ліпнікі,769,3,Neighborhood,UTC+3,Europe/Minsk
302305,BY,BY-VI,Lipki,Ліпкі,132,4,hamlet,UTC+3,Europe/Minsk
302308,BY,BY-HO,Lipinichy,Ліпінічы,179,4,locality,UTC+3,Europe/Minsk
302310,BY,BY-HR,Lipichanka,Ліпічанка,199,4,village,UTC+3,Europe/Minsk
302311,BY,BY-MA,Lipets,Ліпец,99,4,village,UTC+3,Europe/Minsk
302312,BY,BY-MA,Lipyen',Ліпень,788,4,village,UTC+3,Europe/Minsk
302315,BY,BY-MI,Vysokaya Lipa,Высокая Ліпа,801,4,village,UTC+3,Europe/Minsk
302316,BY,BY-HO,Lipa,Ліпа,461,4,hamlet,UTC+3,Europe/Minsk
302317,BY,BY-VI,Liozno,Лёзна,6642,2,village,UTC+3,Europe/Minsk
302318,BY,BY-BR,Linova Pyershaye,Лінова Першае,1723,4,village,UTC+3,Europe/Minsk
302320,BY,BY-VI,Len'kovichi,Ленькавічы,109,4,village,UTC+3,Europe/Minsk
302326,BY,BY-BR,Likhosel'tsy,Likhosel’tsy,191,4,village,UTC+3,Europe/Minsk
302327,BY,\N,Likhinichi,Likhinichi,2170,3,Town,UTC+3,Europe/Minsk
302328,BY,BY-HR,Likhachi,Ліхачы,160,4,village,UTC+3,Europe/Minsk
302330,BY,BY-HR,Lida,Ліда,102182,2,City,UTC+3,Europe/Minsk
302331,BY,BY-HR,Lichitsy,Лічыцы,62,4,locality,UTC+3,Europe/Minsk
302332,BY,BY-MA,Lichinka,Лічынка,133,4,locality,UTC+3,Europe/Minsk
302335,BY,BY-MA,Lezhnevka,Лежнеўка,136,4,locality,UTC+3,Europe/Minsk
302336,BY,BY-HR,Lezhnevichi,Лежневічы,314,3,locality,UTC+3,Europe/Minsk
302337,BY,BY-BR,Lezhitkovichi,Lezhitkovichi,872,3,Village,UTC+3,Europe/Minsk
302342,BY,BY-MA,Levkovshchina,Лёўкаўшчына,173,4,locality,UTC+3,Europe/Minsk
302343,BY,BY-MI,Lyawki,Ляўкі,124,4,village,UTC+3,Europe/Minsk
302346,BY,BY-HO,Levashi,Левашы,484,4,village,UTC+3,Europe/Minsk
302348,BY,BY-MA,Lyatsyahi,Ляцягі,106,4,village,UTC+3,Europe/Minsk
302349,BY,BY-MI,Letkovshchina,Леткаўшчына,321,3,locality,UTC+3,Europe/Minsk
302351,BY,BY-VI,Lesovo,Лесава,162,4,locality,UTC+3,Europe/Minsk
302352,BY,BY-MA,Lesnyye,Лясныя,609,3,Neighborhood,UTC+3,Europe/Minsk
302353,BY,BY-HR,Lesnyaki,Леснякі,73,4,locality,UTC+3,Europe/Minsk
302355,BY,BY-BR,Leshnitsa,Лешніца,81622,3,City,UTC+3,Europe/Minsk
302358,BY,BY-HR,Lesniki,Леснікі,922,3,Neighborhood,UTC+3,Europe/Minsk
302360,BY,BY-MA,Lyasnaya,Лясная,376,3,locality,UTC+3,Europe/Minsk
302361,BY,BY-BR,Lyasnaya,Лясная,1642,3,locality,UTC+3,Europe/Minsk
302362,BY,BY-VI,Leskovichi,Лескавічы,238,3,locality,UTC+3,Europe/Minsk
302363,BY,BY-MI,Lyaskovichy,Лясковічы,142,4,hamlet,UTC+3,Europe/Minsk
302364,BY,BY-BR,Lyaskovichi,Вялікія Лясковічы,595,3,Neighborhood,UTC+3,Europe/Minsk
302369,BY,BY-MI,Leshnya,Лешня,408,3,locality,UTC+3,Europe/Minsk
302371,BY,BY-MI,Lyeshnitsa,Лешніца,490,4,village,UTC+3,Europe/Minsk
302372,BY,BY-MI,Leshnitsa,Лешніца,95,4,locality,UTC+3,Europe/Minsk
302373,BY,BY-MI,Leshchinskiye,Ляшчынск,74,4,hamlet,UTC+3,Europe/Minsk
302379,BY,BY-MA,Leshchenka,Лешчанка,85,4,locality,UTC+3,Europe/Minsk
302380,BY,BY-HO,Lyasyets,Лясец,348,4,village,UTC+3,Europe/Minsk
302382,BY,BY-BR,Liplyowka,Ліплёўка,426,4,village,UTC+3,Europe/Minsk
302387,BY,BY-VI,Leonpol',Лявонпаль,119,4,locality,UTC+3,Europe/Minsk
302389,BY,BY-VI,Leonovo,Лявонава,4985,3,City,UTC+3,Europe/Minsk
302390,BY,BY-MI,Leonovo,Леванова,187,4,village,UTC+3,Europe/Minsk
302393,BY,BY-MI,Lyavonavichy,Лявонавічы,389,3,locality,UTC+3,Europe/Minsk
302400,BY,BY-HR,Lenkovshchina,Lenkovshchina,5518,3,Neighborhood,UTC+3,Europe/Minsk
302401,BY,BY-MI,Len'ki,Ленькі,4225,3,City,UTC+3,Europe/Minsk
302406,BY,BY-BR,Lyeninski,Ленінскі,1311,3,Neighborhood,UTC+3,Europe/Minsk
302407,BY,BY-HO,Leninskiy,Ленінскі,716,3,Village,UTC+3,Europe/Minsk
302409,BY,BY-MA,Lenino,Леніна,1615,4,village,UTC+3,Europe/Minsk
302410,BY,BY-MI,Lyenina,Леніна,435,3,locality,UTC+3,Europe/Minsk
302411,BY,BY-HO,Lenino,Леніна,762,3,locality,UTC+3,Europe/Minsk
302413,BY,BY-HO,Lenin,Ленін,709,3,locality,UTC+3,Europe/Minsk
302417,BY,BY-BR,Lyemyashevichy,Лемяшэвічы,405,3,locality,UTC+3,Europe/Minsk
302419,BY,BY-HR,Lelyuki,Лелюкі,386,4,village,UTC+3,Europe/Minsk
302420,BY,BY-BR,Lelikovo,Лелікава,807,4,village,UTC+3,Europe/Minsk
302421,BY,BY-HO,Lel'chitsy,Лельчыцы,12100,2,neighbourhood,UTC+3,Europe/Minsk
302422,BY,BY-HO,Buda-Lyel'chytskaya,Буда-Лельчыцкая,417,3,locality,UTC+3,Europe/Minsk
302425,BY,BY-VI,Lednevichi,Ледневічы,168,4,village,UTC+3,Europe/Minsk
302429,BY,BY-MI,Liebiedzieva,Лебедзева,1063,4,village,UTC+3,Europe/Minsk
302430,BY,BY-MA,Lebedevo,Лебедзева,276,4,village,UTC+3,Europe/Minsk
302436,BY,BY-HR,Lazduny Pyershyya,Лаздуны,882,3,locality,UTC+3,Europe/Minsk
302437,BY,BY-HO,Lazarevka,Лазараўка,82,4,village,UTC+3,Europe/Minsk
302442,BY,BY-HR,Laurysava,Лаўрышава,187,3,City,UTC+3,Europe/Minsk
302444,BY,BY-BR,Lavrinovichi,Лаўрынавічы,264,4,village,UTC+3,Europe/Minsk
302446,BY,BY-HR,Lavrinovichi,Лаўрынавічы,112,4,locality,UTC+3,Europe/Minsk
302448,BY,BY-HR,Lavno,Лаўна,88,4,village,UTC+3,Europe/Minsk
302452,BY,BY-MA,Latyshchina,Латышчына,641,3,Village,UTC+3,Europe/Minsk
302456,BY,BY-VI,Latyholichy,Латыголічы,362,4,village,UTC+3,Europe/Minsk
302458,BY,BY-VI,Latygol',Латыгаль,162,4,locality,UTC+3,Europe/Minsk
302459,BY,BY-MI,Latygol',Латыгаль,110,4,locality,UTC+3,Europe/Minsk
302461,BY,BY-BR,Lasitsk,Ласіцк,601,3,locality,UTC+3,Europe/Minsk
302463,BY,BY-HR,Lasha,Лаша,219,3,locality,UTC+3,Europe/Minsk
302464,BY,BY-MA,Lar'yanovo,Лар’янава,234,3,locality,UTC+3,Europe/Minsk
302465,BY,BY-HO,Larishchevo,Ларышчава,242,4,village,UTC+3,Europe/Minsk
302466,BY,BY-VI,Larinovka,Ларынаўка,301,4,village,UTC+3,Europe/Minsk
302473,BY,BY-MA,Lapichy,Лапічы,1616,4,village,UTC+3,Europe/Minsk
302474,BY,BY-HO,Lapichi,Лапічы,106,4,locality,UTC+3,Europe/Minsk
302476,BY,BY-HR,Lantsevichi,Ланцавічы,874,3,Neighborhood,UTC+3,Europe/Minsk
302477,BY,BY-BR,Lanskaya,Ланская,895,3,Village,UTC+3,Europe/Minsk
302479,BY,BY-MA,Lan'kaw,Ланькаў,225,3,locality,UTC+3,Europe/Minsk
302482,BY,\N,Landy,Landy,16021,3,City,UTC+3,Europe/Minsk
302483,BY,BY-MI,Lan',Лань,802,4,village,UTC+3,Europe/Minsk
302485,BY,BY-MA,Lambava,Ламбава,158,4,hamlet,UTC+3,Europe/Minsk
302487,BY,BY-BR,Lakhva,Лахва,1286,3,locality,UTC+3,Europe/Minsk
302488,BY,BY-BR,Lakhovka,Лахаўка,464,4,village,UTC+3,Europe/Minsk
302489,BY,BY-BR,Lahishyn,Лагішын,2395,3,Neighborhood,UTC+3,Europe/Minsk
302490,BY,BY-HO,Lagvoshchi,Лагвошчы,180,4,hamlet,UTC+3,Europe/Minsk
302494,BY,BY-BR,Ladorozh,Ладараж,203,4,village,UTC+3,Europe/Minsk
302495,BY,BY-HR,Ladeniki,Ладзенікі,384,4,village,UTC+3,Europe/Minsk
302496,BY,\N,Labynshchina,Labynshchina,5979,3,Neighborhood,UTC+3,Europe/Minsk
302498,BY,BY-BR,Krywchytsy,Крыўчыцы,260,4,village,UTC+3,Europe/Minsk
302501,BY,BY-HR,Kvatary,Кватары,459,4,village,UTC+3,Europe/Minsk
302503,BY,BY-BR,Kvasyevichy,Квасевічы,537,4,village,UTC+3,Europe/Minsk
302505,BY,BY-VI,Kvachi,Квачы,93,4,locality,UTC+3,Europe/Minsk
302506,BY,BY-MI,Kvachi,Квачы,243,4,village,UTC+3,Europe/Minsk
302507,BY,BY-MA,Kuzovino,Кузавіна,116,4,locality,UTC+3,Europe/Minsk
302512,BY,BY-HO,Sloboda,Слабада,107,4,locality,UTC+3,Europe/Minsk
302513,BY,BY-MA,Kuz'minichi,Кузьмінічы,189,4,locality,UTC+3,Europe/Minsk
302514,BY,BY-HO,Kuz'minichi,Кузьмінічы,395,3,locality,UTC+3,Europe/Minsk
302516,BY,BY-MI,Kuz'michi,Кузьмічы,791,3,Neighborhood,UTC+3,Europe/Minsk
302517,BY,BY-MA,Kuz'kovichi,Кузькавічы,247,3,locality,UTC+3,Europe/Minsk
302520,BY,BY-MI,Kuzevichi,Кузевічы,95,4,locality,UTC+3,Europe/Minsk
302525,BY,\N,Kuty,Куты,109439,3,City,UTC+3,Europe/Minsk
302529,BY,BY-HR,Kutsavichy,Куцавічы,70,4,village,UTC+3,Europe/Minsk
302530,BY,BY-VI,Kutnyany,Кутняны,102,4,locality,UTC+3,Europe/Minsk
302536,BY,BY-BR,Kustovichi,Кустовічы,233,3,locality,UTC+3,Europe/Minsk
302538,BY,BY-BR,Kushnery,Кушняры,1173,3,Neighborhood,UTC+3,Europe/Minsk
302539,BY,BY-HR,Kushlyany,Кушляны,340,4,village,UTC+3,Europe/Minsk
302540,BY,BY-VI,Kushliki,Кушлікі,379,3,locality,UTC+3,Europe/Minsk
302542,BY,BY-VI,Kurty,Курты,1395,3,Neighborhood,UTC+3,Europe/Minsk
302544,BY,BY-BR,Kurshynavichy,Куршынавічы,350,3,locality,UTC+3,Europe/Minsk
302547,BY,BY-VI,Kurapollye,Кураполле,332,3,locality,UTC+3,Europe/Minsk
302549,BY,BY-MA,Kurmanovo,Курманава,283,3,locality,UTC+3,Europe/Minsk
302550,BY,BY-MI,Kurkuli,Куркулі,7731,3,Neighborhood,UTC+3,Europe/Minsk
302553,BY,BY-HO,Kurytsichy,Курыцічы,800,3,locality,UTC+3,Europe/Minsk
302554,BY,BY-VI,Kuryna,Курына,263,4,village,UTC+3,Europe/Minsk
302555,BY,BY-HO,Kurin,Kurin,1384,3,Village,UTC+3,Europe/Minsk
302556,BY,BY-HR,Kurilovichi,Курылавічы,445,4,village,UTC+3,Europe/Minsk
302557,BY,BY-HO,Kurhannye,Курганне,567,4,village,UTC+3,Europe/Minsk
302561,BY,BY-HR,Kurovichi,Куравічы,1043,3,Neighborhood,UTC+3,Europe/Minsk
302563,BY,BY-MI,Kuraniec,Куранец,995,4,village,UTC+3,Europe/Minsk
302565,BY,BY-HR,Kurchevtsy,Курчоўцы,294,4,village,UTC+3,Europe/Minsk
302572,BY,BY-BR,Kupyatichi,Kupyatichi,2342,3,Neighborhood,UTC+3,Europe/Minsk
302574,BY,BY-BR,Kupovtsy,Купаўцы,253,4,village,UTC+3,Europe/Minsk
302575,BY,\N,Kupnoly,Kupnoly,3479,3,Neighborhood,UTC+3,Europe/Minsk
302578,BY,BY-MA,Kupely,Купёлы,233,3,locality,UTC+3,Europe/Minsk
302587,BY,BY-BR,Kulyany,Куляны,103,4,locality,UTC+3,Europe/Minsk
302588,BY,BY-BR,Kulyaki,Кулякі,106,4,village,UTC+3,Europe/Minsk
302596,BY,BY-MI,Kuliki,Кулікі,178,4,hamlet,UTC+3,Europe/Minsk
302599,BY,BY-VI,Kul'gai,Кульгаі,91,4,locality,UTC+3,Europe/Minsk
302607,BY,BY-MI,Kul',Куль,767,4,village,UTC+3,Europe/Minsk
302609,BY,BY-MI,Kukshevichi,Кукшавічы,157,4,locality,UTC+3,Europe/Minsk
302611,BY,BY-BR,Kukovo,Кукава,561,4,village,UTC+3,Europe/Minsk
302615,BY,BY-HR,Kuklichy,Куклічы,189,4,locality,UTC+3,Europe/Minsk
302619,BY,BY-MI,Kukhty,Кухты,186,4,village,UTC+3,Europe/Minsk
302620,BY,BY-MI,Kukhtsichy,Кухцічы,467,3,locality,UTC+3,Europe/Minsk
302624,BY,BY-HR,Kukolki,Кукалкі,527,3,Village,UTC+3,Europe/Minsk
302629,BY,\N,Kudrevshchyzna,Kudrevshchyzna,943,3,Neighborhood,UTC+3,Europe/Minsk
302632,BY,BY-VI,Kudiny,Кудзіны,64,4,village,UTC+3,Europe/Minsk
302636,BY,BY-MA,Kuchin,Кучын,21212,3,Neighborhood,UTC+3,Europe/Minsk
302637,BY,BY-HO,Kuchin,Кучын,285,4,village,UTC+3,Europe/Minsk
302640,BY,BY-BR,Kublik,Кублік,210,4,hamlet,UTC+3,Europe/Minsk
302641,BY,BY-VI,Kublichy,Кублічы,344,4,village,UTC+3,Europe/Minsk
302645,BY,BY-MI,Krechety,Krechety,1764,3,Neighborhood,UTC+3,Europe/Minsk
302647,BY,BY-HO,Krukavichy,Крукавічы,483,3,locality,UTC+3,Europe/Minsk
302648,BY,BY-BR,Krytyshyn,Крытышын,519,4,village,UTC+3,Europe/Minsk
302652,BY,BY-HR,Kryshilovshchina,Крышылоўшчына,163,4,village,UTC+3,Europe/Minsk
302654,BY,BY-VI,Krynki,Крынкі,830,4,village,UTC+3,Europe/Minsk
302655,BY,BY-MA,Krynka,Крынка,486,3,Village,UTC+3,Europe/Minsk
302656,BY,BY-HO,Krynki,Крынкі,322,3,Village,UTC+3,Europe/Minsk
302660,BY,BY-MA,Krychaw,Крычаў,25850,2,City,UTC+3,Europe/Minsk
302661,BY,BY-HO,Krutoye,Крутое,102,4,locality,UTC+3,Europe/Minsk
302665,BY,BY-MI,Krutaya Gora,Krutaya Gora,157,4,village,UTC+3,Europe/Minsk
302667,BY,BY-HO,Vyalikaya Krushynawka,Вялікая Крушынаўка,12024,4,town,UTC+3,Europe/Minsk
302671,BY,BY-MI,Krupski,Крупскі,1152,4,village,UTC+3,Europe/Minsk
302672,BY,BY-HR,Krupovo,Крупава,587,4,village,UTC+3,Europe/Minsk
302677,BY,BY-MI,Krupki,Крупкі,8650,2,City,UTC+3,Europe/Minsk
302678,BY,BY-HO,Krupka,Крупка,1953,3,Town,UTC+3,Europe/Minsk
302679,BY,BY-MI,Krupitsa,Крупіца,773,4,village,UTC+3,Europe/Minsk
302682,BY,BY-HO,Krupeyki,Крупейкі,546,3,locality,UTC+3,Europe/Minsk
302684,BY,BY-VI,Krupenino,Крупеніна,98,4,village,UTC+3,Europe/Minsk
302689,BY,BY-VI,Krulyewshchyna,Крулеўшчына,2986,3,locality,UTC+3,Europe/Minsk
302693,BY,BY-HO,Krugovets-Kalinino,Кругавец-Калініна,1050,3,locality,UTC+3,Europe/Minsk
302694,BY,BY-HO,Krugovets,Кругавец,187,4,locality,UTC+3,Europe/Minsk
302695,BY,BY-MA,Krugloye,Круглае,7300,2,Town,UTC+3,Europe/Minsk
302696,BY,BY-MA,Krugloye,Krugloye,952,3,Town,UTC+3,Europe/Minsk
302700,BY,BY-MA,Krucha,Круча,435,4,village,UTC+3,Europe/Minsk
302701,BY,\N,Krovnitsa,Krovnitsa,1369,3,Neighborhood,UTC+3,Europe/Minsk
302702,BY,BY-BR,Krotava,Кротава,126,4,hamlet,UTC+3,Europe/Minsk
302703,BY,BY-HO,Krotov,Кротаў,270,3,locality,UTC+3,Europe/Minsk
302705,BY,BY-BR,Kroshyn,Крошын,715,4,village,UTC+3,Europe/Minsk
302706,BY,BY-HR,Kron'ki,Кронькі,162,4,locality,UTC+3,Europe/Minsk
302709,BY,BY-HO,Krywsk,Крыўск,694,3,locality,UTC+3,Europe/Minsk
302710,BY,BY-VI,Krivoye Selo,Крывое Сяло,324,4,village,UTC+3,Europe/Minsk
302711,BY,BY-MI,Krivoye Selo,Крывое Сяло,365,3,locality,UTC+3,Europe/Minsk
302713,BY,BY-VI,Krivoye Vtoroye,Крывое 2,56,4,locality,UTC+3,Europe/Minsk
302714,BY,BY-BR,Kryvoshyn,Крывошын,693,3,locality,UTC+3,Europe/Minsk
302719,BY,BY-MI,Kryvanosy,Крываносы,186,4,hamlet,UTC+3,Europe/Minsk
302720,BY,BY-HR,Krivonogovo,Крываногава,6192,3,City,UTC+3,Europe/Minsk
302721,BY,BY-BR,Krywlyany,Крыўляны,381,4,village,UTC+3,Europe/Minsk
302723,BY,BY-MI,Kryvichy,Крывічы,1298,4,village,UTC+3,Europe/Minsk
302724,BY,BY-HR,Krivichi,Крывічы,6289,3,City,UTC+3,Europe/Minsk
302725,BY,BY-HR,Krivichi,Крывічы,274,3,locality,UTC+3,Europe/Minsk
302726,BY,BY-MI,Kryvichy,Крывічы,1053,4,hamlet,UTC+3,Europe/Minsk
302736,BY,BY-VI,Krypuli,Крыпулі,298,3,Town,UTC+3,Europe/Minsk
302738,BY,BY-BR,Krynitsa,Крыніца,209,4,village,UTC+3,Europe/Minsk
302739,BY,BY-HR,Krajvancy,Крайванцы,280,4,village,UTC+3,Europe/Minsk
302740,BY,BY-HR,Kreva,Крэва,1873,4,village,UTC+3,Europe/Minsk
302742,BY,BY-MI,Krutoy Bereg,Круты Бераг,152,4,village,UTC+3,Europe/Minsk
302745,BY,BY-HR,Kremyanitsa,Крамяніца,128,4,locality,UTC+3,Europe/Minsk
302747,BY,BY-BR,Kremno,Крамно,268,4,village,UTC+3,Europe/Minsk
302748,BY,BY-MI,Kramyanyets,Крамянец,194,4,village,UTC+3,Europe/Minsk
302750,BY,BY-MI,Kraysk,Крайск,375,3,locality,UTC+3,Europe/Minsk
302751,BY,BY-MA,Kray,Краі,127,4,locality,UTC+3,Europe/Minsk
302754,BY,BY-HO,Kravtsovka,Краўцоўка,291,4,village,UTC+3,Europe/Minsk
302755,BY,\N,Kravtsov,Kravtsov,2064,3,Neighborhood,UTC+3,Europe/Minsk
302757,BY,BY-MI,Kratsevichy,Крацэвічы,130,4,village,UTC+3,Europe/Minsk
302758,BY,BY-VI,Krasyni,Красыні,504,3,Neighborhood,UTC+3,Europe/Minsk
302759,BY,BY-MA,Krasulino,Красуліна,2478,3,Neighborhood,UTC+3,Europe/Minsk
302762,BY,BY-MA,Kresovka,Kresovka,2575,3,Neighborhood,UTC+3,Europe/Minsk
302763,BY,BY-MA,Krasavichi,Красавічы,77,4,village,UTC+3,Europe/Minsk
302764,BY,\N,Krasovicheskaya Sloboda,Krasovicheskaya Sloboda,890,3,Neighborhood,UTC+3,Europe/Minsk
302770,BY,BY-HO,Kommuna,Kommuna,287,3,Neighborhood,UTC+3,Europe/Minsk
302771,BY,BY-HO,Krasnyy Partizan,Чырвоны Партызан,235,3,locality,UTC+3,Europe/Minsk
302777,BY,BY-MI,Krasny Dar,Красны Дар,326,4,village,UTC+3,Europe/Minsk
302781,BY,BY-MA,Krasnyy Bor,Krasnyy Bor,6252,3,City,UTC+3,Europe/Minsk
302782,BY,\N,Krasnyy Bor,Krasnyy Bor,9100,3,City,UTC+3,Europe/Minsk
302786,BY,BY-MA,Krasnyy Bereg,Красны Бераг,1573,3,Neighborhood,UTC+3,Europe/Minsk
302787,BY,BY-HO,Chyrvony Byerah,Чырвоны Бераг,3012,3,City,UTC+3,Europe/Minsk
302789,BY,BY-HO,Krasnozem'ye,Krasnozëm’ye,1753,3,Neighborhood,UTC+3,Europe/Minsk
302794,BY,BY-HR,Krasnaye,Краснае,505,3,locality,UTC+3,Europe/Minsk
302797,BY,BY-MI,Krasnaye,Краснае,2900,4,village,UTC+3,Europe/Minsk
302798,BY,BY-MA,Krasnoye,Краснае,124,4,village,UTC+3,Europe/Minsk
302800,BY,BY-MA,Krasnoye,Krasnoye,50444,3,City,UTC+3,Europe/Minsk
302801,BY,BY-BR,Krasnoye,Краснае,1294,3,Town,UTC+3,Europe/Minsk
302802,BY,BY-HO,Krasnaye,Краснае,3603,4,village,UTC+3,Europe/Minsk
302803,BY,BY-HO,Krasnawka,Краснаўка,202,3,locality,UTC+3,Europe/Minsk
302804,BY,BY-HO,Krasnovka,Krasnowka,123,4,village,UTC+3,Europe/Minsk
302805,BY,BY-VI,Krasnosel'tsy,Краснасельцы,115,4,locality,UTC+3,Europe/Minsk
302806,BY,BY-HR,Krasnosel'skiy,Краснасельскі,6672,3,Neighborhood,UTC+3,Europe/Minsk
302807,BY,BY-VI,Krasnapollye,Краснаполле,529,3,locality,UTC+3,Europe/Minsk
302808,BY,BY-MA,Krasnopol'ye,Краснаполле 2,52,4,locality,UTC+3,Europe/Minsk
302810,BY,BY-MA,Krasnapollye,Краснаполле,6100,2,locality,UTC+3,Europe/Minsk
302811,BY,BY-VI,Krasnaluki,Красналукі,548,4,village,UTC+3,Europe/Minsk
302815,BY,BY-MI,Krasnadvortsy,Краснадворцы,835,4,village,UTC+3,Europe/Minsk
302816,BY,BY-HO,Chyrvonabyarezhzha,Чырвонабярэжжа,5044,3,Neighborhood,UTC+3,Europe/Minsk
302819,BY,BY-MA,Krasnitsa,Krasnitsa,107138,3,City,UTC+3,Europe/Minsk
302820,BY,BY-MA,Krasnitsa Pervaya,Красніца 1,93,4,locality,UTC+3,Europe/Minsk
302822,BY,BY-HO,Krasnitsa,Красніца,342,3,locality,UTC+3,Europe/Minsk
302824,BY,BY-HR,Krasnoye,Krasnoye,21213,3,City,UTC+3,Europe/Minsk
302830,BY,BY-BR,Krasnaya Volya,Красная Воля,806,3,locality,UTC+3,Europe/Minsk
302840,BY,BY-MI,Chyrvonaya Slabada,Чырвоная Слабада,4700,4,Town,UTC+3,Europe/Minsk
302842,BY,BY-HO,Krasnaya Niva,Krasnaya Niva,912,4,village,UTC+3,Europe/Minsk
302848,BY,BY-HO,Krasnaya Dubrova,Красная Дуброва,327,4,village,UTC+3,Europe/Minsk
302849,BY,BY-MA,Krasnaya Buda,Чырвоная Буда,781,4,village,UTC+3,Europe/Minsk
302851,BY,BY-HO,Krasnaya Buda,Чырвоная Буда,548,4,village,UTC+3,Europe/Minsk
302853,BY,BY-VI,Krasnoye,Krasnoye,4315,3,Town,UTC+3,Europe/Minsk
302863,BY,BY-VI,Krapivno,Крапіўна,647,4,village,UTC+3,Europe/Minsk
302864,BY,BY-HR,Krapivnitsa,Крапіўніца,165,4,village,UTC+3,Europe/Minsk
302867,BY,BY-BR,Krai,Краі,617,4,village,UTC+3,Europe/Minsk
302868,BY,BY-BR,Kraglevichi,Краглевічы,229,4,village,UTC+3,Europe/Minsk
302869,BY,\N,Krachkovo,Krachkovo,755,3,Neighborhood,UTC+3,Europe/Minsk
302870,BY,BY-HO,Koz'ye,Коззе,399,4,village,UTC+3,Europe/Minsk
302871,BY,BY-VI,Koz'yany,Казьяны,1019,3,Neighborhood,UTC+3,Europe/Minsk
302872,BY,BY-VI,Kazyany,Казяны,473,4,village,UTC+3,Europe/Minsk
302874,BY,BY-VI,Koz'yany,Казьяны,103,4,locality,UTC+3,Europe/Minsk
302875,BY,BY-MA,Kazulichy,Казулічы,264,4,hamlet,UTC+3,Europe/Minsk
302880,BY,BY-MI,Kazly,Казлы,304,3,Neighborhood,UTC+3,Europe/Minsk
302881,BY,BY-BR,Kozly,Казлы,463,3,Neighborhood,UTC+3,Europe/Minsk
302883,BY,BY-MI,Kozlov Bereg,Казлоў Бераг,115,4,locality,UTC+3,Europe/Minsk
302884,BY,BY-VI,Kozlovshchina,Казлоўшчына,224,3,locality,UTC+3,Europe/Minsk
302886,BY,BY-HR,Kozlovshchina,Казлоўшчына,1468,4,village,UTC+3,Europe/Minsk
302889,BY,BY-HO,Kazlowka,Казлоўка,738,4,locality,UTC+3,Europe/Minsk
302891,BY,BY-MA,Kozlovichi,Казловічы,2807,3,Neighborhood,UTC+3,Europe/Minsk
302892,BY,BY-VI,Kozlovichi,Казловічы,790,3,Neighborhood,UTC+3,Europe/Minsk
302894,BY,BY-HR,Kozlovichi,Казловічы,186,4,locality,UTC+3,Europe/Minsk
302895,BY,BY-MI,Kazlovichy,Казловічы,941,3,locality,UTC+3,Europe/Minsk
302896,BY,BY-MA,Staroye Selo,Старое Сяло,307,3,Neighborhood,UTC+3,Europe/Minsk
302897,BY,BY-BR,Kozlovichi,Казловічы,192,4,village,UTC+3,Europe/Minsk
302898,BY,BY-HR,Kozlovichi,Казловічы,2603,3,Neighborhood,UTC+3,Europe/Minsk
302900,BY,BY-BR,Kozishche,Казішча,63,4,village,UTC+3,Europe/Minsk
302901,BY,BY-HO,Kozyenki,Козенкі,15531,3,Neighborhood,UTC+3,Europe/Minsk
302903,BY,BY-BR,Koziki,Козікі,253,3,City,UTC+3,Europe/Minsk
302907,BY,BY-HR,Kozhevo,Кожава,1043,3,Neighborhood,UTC+3,Europe/Minsk
302909,BY,BY-MA,Kozhemyakino,Кажамякіна,124,4,village,UTC+3,Europe/Minsk
302912,BY,BY-BR,Kazhan-Haradok,Кажан-Гарадок,5796,3,City,UTC+3,Europe/Minsk
302914,BY,BY-HO,Kozerogi,Казярогі,1071,3,Town,UTC+3,Europe/Minsk
302917,BY,BY-MA,Kozel'ye,Казелле,363,4,village,UTC+3,Europe/Minsk
302918,BY,BY-HO,Kazyaluzhzha,Казялужжа,564,3,locality,UTC+3,Europe/Minsk
302919,BY,BY-MI,Kozielszczyzna,Kozielszczyzna,812,3,Neighborhood,UTC+3,Europe/Minsk
302924,BY,BY-HR,Novaya Kazakovshchina,Новая Казакоўшчына,780,3,Village,UTC+3,Europe/Minsk
302932,BY,BY-VI,Kovshelevo,Каўшэлева,704,3,Neighborhood,UTC+3,Europe/Minsk
302934,BY,BY-MA,Kovrin,Коўрын,172,4,locality,UTC+3,Europe/Minsk
302935,BY,BY-BR,Kovnyatin,Каўняцін,585,4,village,UTC+3,Europe/Minsk
302938,BY,BY-HO,Kowchytsy Drugiya,Коўчыцы Другія,214,4,village,UTC+3,Europe/Minsk
302943,BY,BY-VI,Kavali,Кавалі,238,4,hamlet,UTC+3,Europe/Minsk
302947,BY,BY-MI,Kovali,Кавалі,126,4,village,UTC+3,Europe/Minsk
302948,BY,BY-HR,Kovali,Кавалі,1109,3,Village,UTC+3,Europe/Minsk
302950,BY,BY-MA,Kavali,Кавалі,737,4,village,UTC+3,Europe/Minsk
302951,BY,BY-BR,Kovali,Кавалі,145,4,village,UTC+3,Europe/Minsk
302961,BY,BY-HO,Kovaka,Кавака,122,4,village,UTC+3,Europe/Minsk
302964,BY,BY-BR,Kotra,Котра,458,3,Village,UTC+3,Europe/Minsk
302966,BY,BY-VI,Kotovshchina,Kotovshchina,2874,3,Neighborhood,UTC+3,Europe/Minsk
302967,BY,BY-VI,Kotovo,Котава,65,4,locality,UTC+3,Europe/Minsk
302970,BY,BY-BR,Kotelki,Кацёлкі,208,4,village,UTC+3,Europe/Minsk
302971,BY,BY-MA,Kotelevo,Кацялёва,108,3,Village,UTC+3,Europe/Minsk
302974,BY,BY-MA,Kostyushkovichi,Касцюшкавічы,395,4,village,UTC+3,Europe/Minsk
302976,BY,BY-MA,Kostyukovichi,Касцюковічы,15181,2,village,UTC+3,Europe/Minsk
302978,BY,BY-MI,Kostyuki,Касцюкі,306,4,village,UTC+3,Europe/Minsk
302979,BY,BY-MI,Kostyuki,Касцюкі,494,4,village,UTC+3,Europe/Minsk
302981,BY,BY-VI,Kosteni,Kosteni,2015,3,Village,UTC+3,Europe/Minsk
302982,BY,BY-BR,Kostrovo,Kostrovo,2509,3,Neighborhood,UTC+3,Europe/Minsk
302983,BY,BY-HR,Kostrovichi,Кастровічы,278,3,locality,UTC+3,Europe/Minsk
302984,BY,BY-MI,Kastrytsa,Кастрыца,278,4,village,UTC+3,Europe/Minsk
302987,BY,BY-VI,Kostino,Kostino,210,4,village,UTC+3,Europe/Minsk
302988,BY,BY-MA,Kostinka,Косцінка,124,4,locality,UTC+3,Europe/Minsk
302990,BY,BY-HR,Kostevichi,Косцевічы,1356,3,Village,UTC+3,Europe/Minsk
302991,BY,BY-MI,Kastsyashy,Касцяшы,175,4,village,UTC+3,Europe/Minsk
302993,BY,BY-HR,Kastsyanyova,Касцянёва,144,4,village,UTC+3,Europe/Minsk
302994,BY,BY-HR,Kastsyani,Касцяні,326,4,village,UTC+3,Europe/Minsk
302995,BY,BY-MI,Kastsyanyevichy,Касцяневічы,184,4,village,UTC+3,Europe/Minsk
302996,BY,BY-BR,Kosava,Косава,1900,3,City,UTC+3,Europe/Minsk
302998,BY,BY-MI,Kosovka,Косаўка,337,4,village,UTC+3,Europe/Minsk
302999,BY,BY-MA,Kosmynichi,Касмынічы,1741,3,Neighborhood,UTC+3,Europe/Minsk
303001,BY,BY-HO,Kosetov,Косетаў,105,4,locality,UTC+3,Europe/Minsk
303002,BY,BY-MI,Kosino,Косіна,588,4,village,UTC+3,Europe/Minsk
303003,BY,BY-HR,Kosino,Kosino,812,3,Village,UTC+3,Europe/Minsk
303005,BY,BY-MA,Kosichi,Касічы,95,4,village,UTC+3,Europe/Minsk
303006,BY,BY-BR,Kosicze Wielkie,Вялікія Косічы,153,4,locality,UTC+3,Europe/Minsk
303008,BY,BY-HO,Koshevichi,Кашэвічы,423,4,locality,UTC+3,Europe/Minsk
303009,BY,BY-BR,Koshevichi,Кашавічы,336,4,village,UTC+3,Europe/Minsk
303010,BY,BY-HR,Kashali,Кашалі,263,4,village,UTC+3,Europe/Minsk
303013,BY,BY-HR,Kashalyeva,Кашалёва,582,3,Neighborhood,UTC+3,Europe/Minsk
303015,BY,BY-HO,Kashalyova,Кашалёва,424,4,village,UTC+3,Europe/Minsk
303016,BY,BY-HO,Koshchichi,Кошчычы,566,3,Village,UTC+3,Europe/Minsk
303017,BY,BY-HO,Kashara,Кашара,1194,3,Neighborhood,UTC+3,Europe/Minsk
303019,BY,BY-MI,Kosenichi,Касянічы,247,4,village,UTC+3,Europe/Minsk
303020,BY,BY-HO,Kosel'skiy Prudok,Kosel’skiy Prudok,1404,3,Town,UTC+3,Europe/Minsk
303022,BY,BY-VI,Kosarevo,Kosarëvo,40115,3,City,UTC+3,Europe/Minsk
303025,BY,BY-MA,Karytnaye,Карытнае,378,3,locality,UTC+3,Europe/Minsk
303035,BY,BY-MI,Karsakavichy,Карсакавічы,667,3,Neighborhood,UTC+3,Europe/Minsk
303039,BY,BY-MA,Korovchino,Кароўчына,705,3,locality,UTC+3,Europe/Minsk
303040,BY,BY-HO,Karavatsichy,Каравацічы,783,3,locality,UTC+3,Europe/Minsk
303041,BY,BY-HO,Karotkavichy,Кароткавічы,731,4,village,UTC+3,Europe/Minsk
303042,BY,BY-HO,Karots'ki,Кароцькі,951,3,Village,UTC+3,Europe/Minsk
303043,BY,BY-BR,Korotichi,Кароцічы,940,3,locality,UTC+3,Europe/Minsk
303044,BY,BY-HR,Korostovo,Корастава,96,4,locality,UTC+3,Europe/Minsk
303045,BY,BY-HO,Novaye Palyessye,Новае Палессе,209,3,locality,UTC+3,Europe/Minsk
303046,BY,\N,Korost',Korost’,1395,3,Village,UTC+3,Europe/Minsk
303049,BY,BY-MI,Korolishchevichi,Каралішчавічы,520,4,village,UTC+3,Europe/Minsk
303050,BY,\N,Korolina,Korolina,896,3,Neighborhood,UTC+3,Europe/Minsk
303053,BY,BY-MI,Karalyowtsy,Каралёўцы,779,3,Village,UTC+3,Europe/Minsk
303054,BY,BY-MI,Korolev Stan,Каралёў Стан,1033,3,locality,UTC+3,Europe/Minsk
303055,BY,BY-VI,Korolevskiye Pervyye,Korolevskiye Pervyye,1364,3,Village,UTC+3,Europe/Minsk
303057,BY,BY-HO,Korolevskaya Sloboda Vtoraya,Каралёва Слабада 2,131,4,village,UTC+3,Europe/Minsk
303059,BY,BY-VI,Korolevo,Korolëvo,858,3,Neighborhood,UTC+3,Europe/Minsk
303061,BY,BY-VI,Korolevichi,Каралевічы,105,4,locality,UTC+3,Europe/Minsk
303062,BY,BY-VI,Korolevo,Каралэва,2271,3,Village,UTC+3,Europe/Minsk
303065,BY,BY-MI,Korobovichi,Korobovichi,943,3,Neighborhood,UTC+3,Europe/Minsk
303067,BY,BY-HR,Karobchytsy,Каробчыцы,874,4,village,UTC+3,Europe/Minsk
303068,BY,BY-MA,Korobchino,Каробчына,409,4,village,UTC+3,Europe/Minsk
303070,BY,BY-VI,Kornitsa,Корніца,55,4,village,UTC+3,Europe/Minsk
303073,BY,BY-MI,Korma,Korma,764,3,Neighborhood,UTC+3,Europe/Minsk
303074,BY,BY-HO,Korma,Карма,814,2,Neighborhood,UTC+3,Europe/Minsk
303076,BY,BY-HO,Korma,Карма,1141,4,village,UTC+3,Europe/Minsk
303077,BY,BY-HO,Korma,Карма,82,4,locality,UTC+3,Europe/Minsk
303079,BY,BY-HO,Korma,Карма,104,4,hamlet,UTC+3,Europe/Minsk
303081,BY,BY-MI,Korgovo,Korgovo,905,3,Neighborhood,UTC+3,Europe/Minsk
303085,BY,BY-HR,Koreni,Карані,1059,3,Neighborhood,UTC+3,Europe/Minsk
303086,BY,BY-HO,Karani,Карані,444,4,village,UTC+3,Europe/Minsk
303087,BY,BY-VI,Korenevka,Korenëvka,5780,3,Neighborhood,UTC+3,Europe/Minsk
303088,BY,BY-HO,Karanyowka,Каранёўка,1128,3,Neighborhood,UTC+3,Europe/Minsk
303089,BY,BY-HO,Korenevka,Korenëvka,3928,3,Town,UTC+3,Europe/Minsk
303090,BY,\N,Korenevka,Korenëvka,7349,3,Neighborhood,UTC+3,Europe/Minsk
303092,BY,BY-MI,Koran',Корань,364,3,Neighborhood,UTC+3,Europe/Minsk
303093,BY,BY-HR,Korelichi,Карэлічы,5973,2,locality,UTC+3,Europe/Minsk
303101,BY,BY-VI,Kopys',Копысь,900,3,Urban Settlement,UTC+3,Europe/Minsk
303104,BY,BY-VI,Kopyl'shchina,Капыльшчына,222,4,village,UTC+3,Europe/Minsk
303106,BY,BY-MI,Kopyl',Капыль,9985,2,village,UTC+3,Europe/Minsk
303107,BY,\N,Koptyush,Капцюгі,3247,3,City,UTC+3,Europe/Minsk
303108,BY,BY-MI,Koptevshchina,Копцеўшчына,222,4,village,UTC+3,Europe/Minsk
303109,BY,BY-HO,Koptsevichi,Капцэвічы,118,4,village,UTC+3,Europe/Minsk
303111,BY,BY-HO,Kaptsevichy,Капцэвічы,1523,4,village,UTC+3,Europe/Minsk
303113,BY,BY-HR,Kaptsyowka,Капцёўка,835,4,village,UTC+3,Europe/Minsk
303118,BY,BY-MI,Kapatsevichy,Капацэвічы,113,4,village,UTC+3,Europe/Minsk
303119,BY,BY-HO,Kapatkyevichy,Капаткевічы,2837,3,locality,UTC+3,Europe/Minsk
303121,BY,BY-HO,Kopan',Капань,252,4,village,UTC+3,Europe/Minsk
303122,BY,BY-HR,Kopachi,Копачи,136,4,village,UTC+3,Europe/Minsk
303123,BY,BY-MI,Kapachewka,Капачэўка,161,3,Neighborhood,UTC+3,Europe/Minsk
303124,BY,BY-MI,Kopachi,Капачы,121,4,village,UTC+3,Europe/Minsk
303125,BY,BY-VI,Kopti,Копці,1065,4,village,UTC+3,Europe/Minsk
303130,BY,BY-HR,Konyukhi,Канюхі,316,3,Neighborhood,UTC+3,Europe/Minsk
303132,BY,BY-HR,Kanvyelishki,Канвелішкі,424,4,village,UTC+3,Europe/Minsk
303133,BY,BY-HO,Kuntorovka,Кунтараўка,96,4,locality,UTC+3,Europe/Minsk
303137,BY,BY-MI,Kanstantsinava,Канстанцінава,146,4,village,UTC+3,Europe/Minsk
303138,BY,BY-MA,Konstantov,Konstantov,1206,3,Neighborhood,UTC+3,Europe/Minsk
303139,BY,BY-MI,Kanstantsinava,Канстанцінава,266,3,locality,UTC+3,Europe/Minsk
303140,BY,BY-VI,Konstantinovo,Канстанцінава,3800,3,locality,UTC+3,Europe/Minsk
303147,BY,BY-BR,Konotop,Канатоп,2186,3,City,UTC+3,Europe/Minsk
303149,BY,BY-VI,Kanashy,Канашы,83,4,village,UTC+3,Europe/Minsk
303150,BY,BY-MI,Kunosa,Кунаса,143,4,village,UTC+3,Europe/Minsk
303151,BY,BY-HO,Konopel'ka,Konopel’ka,253,4,village,UTC+3,Europe/Minsk
303152,BY,BY-HO,Kononovshchina,Конанаўшчына,171,4,village,UTC+3,Europe/Minsk
303155,BY,BY-HR,Konno,Конно,231,4,hamlet,UTC+3,Europe/Minsk
303156,BY,BY-HO,Konkavichy,Конкавічы,885,3,Neighborhood,UTC+3,Europe/Minsk
303159,BY,BY-HR,Kondraty,Kondraty,1724,3,Neighborhood,UTC+3,Europe/Minsk
303162,BY,\N,Konchytsy,Кончыцы,535,3,locality,UTC+3,Europe/Minsk
303169,BY,BY-HO,Kamsamol'sk,Камсамольск,533,3,locality,UTC+3,Europe/Minsk
303170,BY,BY-MI,Komsichi,Комсічы,124,4,village,UTC+3,Europe/Minsk
303171,BY,BY-MA,Komsyenichy,Комсенічы,572,4,village,UTC+3,Europe/Minsk
303176,BY,BY-MI,Kommuna,Камуна,650,3,locality,UTC+3,Europe/Minsk
303183,BY,BY-MI,Komary,Komary,820,4,village,UTC+3,Europe/Minsk
303185,BY,BY-MI,Komarovo,Komarovo,765,3,Neighborhood,UTC+3,Europe/Minsk
303186,BY,BY-MA,Komarovka,Komarovka,300,4,village,UTC+3,Europe/Minsk
303188,BY,BY-BR,Komarovka,Камароўка,261,4,village,UTC+3,Europe/Minsk
303190,BY,BY-HO,Kamarovichy,Камаровічы,761,4,village,UTC+3,Europe/Minsk
303191,BY,BY-HO,Komarin,Камарын,1407,3,Neighborhood,UTC+3,Europe/Minsk
303194,BY,BY-VI,Kamai,Камаі,773,4,village,UTC+3,Europe/Minsk
303195,BY,BY-MI,Kalyuga,Kalyuga,249731,3,City,UTC+3,Europe/Minsk
303196,BY,BY-VI,Kolyshki,Калышкі,92,4,village,UTC+3,Europe/Minsk
303197,BY,BY-HO,Kolybovka,Калыбаўка,110,4,village,UTC+3,Europe/Minsk
303204,BY,BY-HO,Kolpen',Каўпень,482,4,village,UTC+3,Europe/Minsk
303205,BY,BY-HR,Kawpaki,Каўпакі,996,3,Neighborhood,UTC+3,Europe/Minsk
303206,BY,BY-BR,Kolozuby,Калазубы,209,4,village,UTC+3,Europe/Minsk
303207,BY,BY-MI,Kolovichi,Каловічы,562,3,Neighborhood,UTC+3,Europe/Minsk
303213,BY,BY-BR,Kolonsk,Коланск,252,4,village,UTC+3,Europe/Minsk
303217,BY,\N,Koloniya Ostromechevo,Koloniya Ostromechevo,397,3,Neighborhood,UTC+3,Europe/Minsk
303218,BY,BY-VI,Konstantinovo,Канстанцінава,115,4,village,UTC+3,Europe/Minsk
303219,BY,BY-HR,Berestovichany,Бераставічаны,90,4,hamlet,UTC+3,Europe/Minsk
303221,BY,BY-BR,Kolodnoye,Калоднае,481,3,locality,UTC+3,Europe/Minsk
303222,BY,BY-MI,Kalodnitsa,Калодніца,270,4,village,UTC+3,Europe/Minsk
303225,BY,BY-MI,Kalodzishchy,Калодзішчы,17000,3,locality,UTC+3,Europe/Minsk
303229,BY,BY-MI,Kalodzyezhy,Калодзежы,233,4,village,UTC+3,Europe/Minsk
303230,BY,BY-BR,Kaladziejevicy,Каладзеевічы,125,4,hamlet,UTC+3,Europe/Minsk
303232,BY,BY-HO,Kolna,Кольна,727,4,village,UTC+3,Europe/Minsk
303235,BY,BY-HR,Kolontai,Калантаі,774,3,Neighborhood,UTC+3,Europe/Minsk
303237,BY,BY-MI,Kolki,Колкі,259,4,hamlet,UTC+3,Europe/Minsk
303238,BY,BY-HO,Kolki,Колкі,617,4,village,UTC+3,Europe/Minsk
303243,BY,BY-BR,Kaldycheva,Калдычэва,145,4,village,UTC+3,Europe/Minsk
303244,BY,BY-HR,Kal'chuny,Кальчуны,464,4,village,UTC+3,Europe/Minsk
303249,BY,BY-HO,Kolbovka,Колбаўка,151,4,locality,UTC+3,Europe/Minsk
303252,BY,BY-MA,Kowbcha,Коўбча,420,3,locality,UTC+3,Europe/Minsk
303253,BY,BY-HR,Kalbasina,Калбасіна,891,3,Village,UTC+3,Europe/Minsk
303254,BY,\N,Kolbasichi,Kolbasichi,961,3,Neighborhood,UTC+3,Europe/Minsk
303256,BY,BY-VI,Kokovchino,Какоўчына,319,4,village,UTC+3,Europe/Minsk
303261,BY,BY-VI,Kokhanovo,Коханава,4300,4,village,UTC+3,Europe/Minsk
303262,BY,BY-VI,Kakhanavichy,Каханавічы,575,3,locality,UTC+3,Europe/Minsk
303263,BY,BY-MA,Kachurino,Kachurino,1702,3,Neighborhood,UTC+3,Europe/Minsk
303266,BY,BY-MI,Kuchkuny,Кучкуны,98,4,locality,UTC+3,Europe/Minsk
303267,BY,BY-HO,Kochyshcha,Кочышча,450,3,locality,UTC+3,Europe/Minsk
303272,BY,\N,Kobylyanka,Kobylyanka,891,3,Neighborhood,UTC+3,Europe/Minsk
303274,BY,BY-HO,Palyessye,Палессе,495,4,village,UTC+3,Europe/Minsk
303282,BY,BY-BR,Kobryn,Кобрын,52635,2,City,UTC+3,Europe/Minsk
303284,BY,BY-BR,Kabyolki,Кабёлкі,262,4,village,UTC+3,Europe/Minsk
303288,BY,BY-MA,Knyazhitsy,Княжыцы,88,4,locality,UTC+3,Europe/Minsk
303289,BY,BY-MA,Knyazhytsy,Княжыцы,767,4,Town,UTC+3,Europe/Minsk
303290,BY,BY-VI,Knyazhino,Княжына,9830,3,City,UTC+3,Europe/Minsk
303293,BY,BY-HO,Knyazhebor'ye,Княжабор’е,809,4,village,UTC+3,Europe/Minsk
303296,BY,BY-MI,Knyahinin,Княгінін,1011,4,village,UTC+3,Europe/Minsk
303301,BY,BY-HR,Klyushchany,Клюшчаны,21982,3,Neighborhood,UTC+3,Europe/Minsk
303302,BY,BY-VI,Klyukovka,Клюкаўка,209,4,village,UTC+3,Europe/Minsk
303304,BY,BY-HR,Klyuchniki,Klyuchniki,1382,3,Neighborhood,UTC+3,Europe/Minsk
303305,BY,BY-VI,Klyuch,Klyuch,10363,3,Neighborhood,UTC+3,Europe/Minsk
303306,BY,BY-MA,Klyuch,Klyuch,943,3,Village,UTC+3,Europe/Minsk
303307,BY,BY-MI,Klypenka,Клыпенка,133,4,locality,UTC+3,Europe/Minsk
303308,BY,BY-VI,Klyastsitsy,Клясціцы,908,4,village,UTC+3,Europe/Minsk
303310,BY,BY-MA,Klyasin,Клясіна,50,4,village,UTC+3,Europe/Minsk
303312,BY,BY-MA,Klyapinichi,Кляпінічы,142,4,village,UTC+3,Europe/Minsk
303319,BY,BY-HR,Klochki,Klochki,12925,4,village,UTC+3,Europe/Minsk
303320,BY,BY-HO,Klivy,Клівы,161,4,hamlet,UTC+3,Europe/Minsk
303324,BY,BY-HO,Klinsk,Клінск,209,3,Village,UTC+3,Europe/Minsk
303325,BY,BY-MI,Klinok,Клінок,366,4,village,UTC+3,Europe/Minsk
303330,BY,BY-HO,Klimovka,Клімаўка,874,4,village,UTC+3,Europe/Minsk
303332,BY,BY-MI,Klimovichi,Клімавічы,1649,3,Town,UTC+3,Europe/Minsk
303333,BY,BY-MA,Klimovichi,Клімавічы,15183,2,village,UTC+3,Europe/Minsk
303335,BY,BY-MA,Klicau,Клічаў,7407,2,City,UTC+3,Europe/Minsk
303336,BY,\N,Klyeyniki,Клейнікі,1290,3,Village,UTC+3,Europe/Minsk
303337,BY,BY-VI,Klevtsy,Кляўцы,193,4,locality,UTC+3,Europe/Minsk
303339,BY,BY-HR,Klyavitsa,Клявіца,185,4,locality,UTC+3,Europe/Minsk
303341,BY,BY-MI,Kletsk,Клецк,11005,2,City,UTC+3,Europe/Minsk
303344,BY,BY-MA,Klyetnaye,Клетнае,325,4,village,UTC+3,Europe/Minsk
303346,BY,BY-MI,Klyatnoye,Клятное,68,4,village,UTC+3,Europe/Minsk
303347,BY,BY-BR,Klyatnaya,Клятная,256,3,locality,UTC+3,Europe/Minsk
303349,BY,BY-HO,Kletishche,Kletishche,1060,3,Village,UTC+3,Europe/Minsk
303351,BY,BY-VI,Kletchino,Клётчына,176,4,village,UTC+3,Europe/Minsk
303354,BY,BY-MI,Klyatsishcha,Кляцішча,36556,3,City,UTC+3,Europe/Minsk
303355,BY,BY-MI,Kleshevo,Клешава,167,4,village,UTC+3,Europe/Minsk
303357,BY,BY-BR,Kleshchi,Кляшчы,1271,3,Village,UTC+3,Europe/Minsk
303358,BY,BY-MI,Klepchany,Кляпчаны,411,4,village,UTC+3,Europe/Minsk
303361,BY,BY-BR,Klyepachy,Клепачы,20902,3,Neighborhood,UTC+3,Europe/Minsk
303362,BY,BY-BR,Klepachi,Klepachi,1080,3,Neighborhood,UTC+3,Europe/Minsk
303363,BY,BY-VI,Klyany,Кляны,67,4,locality,UTC+3,Europe/Minsk
303366,BY,BY-HO,Klenovitsa,Кленавіца,13935,3,Neighborhood,UTC+3,Europe/Minsk
303369,BY,BY-MI,Klyannik,Кляннік,258,3,locality,UTC+3,Europe/Minsk
303373,BY,BY-MA,Klednevichi,Кледнявічы,251,4,village,UTC+3,Europe/Minsk
303377,BY,BY-HR,Kivantsy,Kivantsy,870,3,Neighborhood,UTC+3,Europe/Minsk
303379,BY,BY-HO,Kitsin,Кіцін,462,4,village,UTC+3,Europe/Minsk
303380,BY,BY-HO,Kistsyani,Кісцяні,514,4,village,UTC+3,Europe/Minsk
303381,BY,BY-MA,Kishchitsy,Кішчыцы,51,4,village,UTC+3,Europe/Minsk
303382,BY,BY-MI,Kishchyna Slabada,Кішчына Слабада,484,3,locality,UTC+3,Europe/Minsk
303388,BY,BY-BR,Kisyalyowtsy,Кісялёўцы,518,4,village,UTC+3,Europe/Minsk
303390,BY,BY-MA,Kiselevka,Kiselëvka,2589,3,Neighborhood,UTC+3,Europe/Minsk
303391,BY,BY-MA,Kisyalyova Buda,Кісялёва Буда,292,4,village,UTC+3,Europe/Minsk
303395,BY,BY-MA,Kirovsk,Кіраўск,8306,2,Town,UTC+3,Europe/Minsk
303397,BY,BY-HO,Kirava,Кірава,988,4,village,UTC+3,Europe/Minsk
303399,BY,BY-HO,Kirovo,Кірава,220,3,locality,UTC+3,Europe/Minsk
303402,BY,BY-VI,Kireyevo,Kireyevo,166,4,village,UTC+3,Europe/Minsk
303403,BY,\N,Kiritovka,Kiritovka,70,4,village,UTC+3,Europe/Minsk
303408,BY,BY-HO,Khvoynoye,Хвойнае,75,4,village,UTC+3,Europe/Minsk
303409,BY,BY-MA,Khvaynitsa,Хвайніца,3372,3,City,UTC+3,Europe/Minsk
303410,BY,BY-MI,Khvoyniki,Хвойнікі,2844,3,Neighborhood,UTC+3,Europe/Minsk
303413,BY,BY-MI,Khvoyevo,Хвоева,1736,3,Neighborhood,UTC+3,Europe/Minsk
303414,BY,BY-HO,Khvoyensk,Хваенск,490,4,village,UTC+3,Europe/Minsk
303416,BY,BY-VI,Khvoshna,Хвошна,181,4,village,UTC+3,Europe/Minsk
303418,BY,BY-BR,Khvorosno,Хваросна,205,4,village,UTC+3,Europe/Minsk
303420,BY,BY-BR,Khvedkovichi,Федзькавічы,197,4,village,UTC+3,Europe/Minsk
303424,BY,BY-MA,Khvastavichy,Хваставічы,353,4,village,UTC+3,Europe/Minsk
303426,BY,BY-BR,Khvalovo,Хвалава,204,3,locality,UTC+3,Europe/Minsk
303431,BY,\N,Khutor Svyatotskiy,Khutor Svyatotskiy,1394,3,Village,UTC+3,Europe/Minsk
303432,BY,\N,Pokupateli,Pokupateli,1325,3,Village,UTC+3,Europe/Minsk
303449,BY,BY-MI,Khutar,Хутар,111,4,locality,UTC+3,Europe/Minsk
303451,BY,BY-HO,Khutar,Хутар,587,4,village,UTC+3,Europe/Minsk
303453,BY,BY-HO,Khusnoye,Хуснае,93,4,locality,UTC+3,Europe/Minsk
303454,BY,\N,Khudolovo,Khudolovo,1924,3,Neighborhood,UTC+3,Europe/Minsk
303455,BY,BY-BR,Khudlin,Худлін,73,4,hamlet,UTC+3,Europe/Minsk
303457,BY,BY-MI,Gruzdovo,Груздава,185,4,locality,UTC+3,Europe/Minsk
303458,BY,BY-HR,Khrustovo,Хрустава,53,4,village,UTC+3,Europe/Minsk
303460,BY,BY-VI,Khrapaki,Khrapaki,1832,3,Neighborhood,UTC+3,Europe/Minsk
303465,BY,BY-HO,Khrapkovo,Храпкаў,392,3,locality,UTC+3,Europe/Minsk
303468,BY,BY-MI,Khazhova,Хажова,603,4,village,UTC+3,Europe/Minsk
303470,BY,BY-BR,Khoyno,Хойна,380,4,village,UTC+3,Europe/Minsk
303471,BY,BY-HO,Khoyniki,Хойнікі,13316,2,Town,UTC+3,Europe/Minsk
303472,BY,BY-HO,Khowkhla,Хоўхла,167,4,locality,UTC+3,Europe/Minsk
303473,BY,BY-MI,Khatsyukhova,Хацюхова,532,4,village,UTC+3,Europe/Minsk
303474,BY,BY-BR,Khatynichy,Хатынічы,2437,3,locality,UTC+3,Europe/Minsk
303476,BY,BY-VI,Khatsily,Хацілы,317,4,village,UTC+3,Europe/Minsk
303477,BY,BY-MI,Khatava,Хатава,13137,3,Neighborhood,UTC+3,Europe/Minsk
303478,BY,BY-HO,Khatovnya,Хатоўня,742,4,village,UTC+3,Europe/Minsk
303479,BY,BY-MA,Khotovizh,Хатовіж,185,4,hamlet,UTC+3,Europe/Minsk
303480,BY,BY-BR,Khotamyel',Хотамель,1034,4,village,UTC+3,Europe/Minsk
303481,BY,BY-MI,Khatlyany,Хатляны,984,4,village,UTC+3,Europe/Minsk
303482,BY,BY-HR,Khat'kovtsy,Хацькоўцы,246,4,village,UTC+3,Europe/Minsk
303483,BY,BY-BR,Khotislav,Хаціслаў,948,4,village,UTC+3,Europe/Minsk
303486,BY,BY-MA,Khotimsk,Хоцімск,6229,2,PPLA2,UTC+3,Europe/Minsk
303490,BY,BY-MI,Khatsyenchytsy,Хаценчыцы,64,4,village,UTC+3,Europe/Minsk
303491,BY,BY-MA,Khatsyen',Хацень,424,4,village,UTC+3,Europe/Minsk
303493,BY,BY-HR,Khoruzhantsy,Харужанцы,3013,3,Neighborhood,UTC+3,Europe/Minsk
303494,BY,BY-BR,Khorsk,Хорск,1043,3,locality,UTC+3,Europe/Minsk
303495,BY,BY-MI,Khorastava,Хорастава,869,3,Neighborhood,UTC+3,Europe/Minsk
303497,BY,BY-MI,Khorosheye,Харошае,310,4,village,UTC+3,Europe/Minsk
303500,BY,BY-HO,Khoroshevka,Харошаўка,161,4,village,UTC+3,Europe/Minsk
303501,BY,BY-HR,Khoroshevichi,Харашэвічы,515,3,Neighborhood,UTC+3,Europe/Minsk
303503,BY,BY-HO,Kharomtsy,Харомцы,174,4,locality,UTC+3,Europe/Minsk
303504,BY,BY-BR,Kharomsk,Харомск,737,3,locality,UTC+3,Europe/Minsk
303506,BY,BY-BR,Kharava,Харава,3148,3,Neighborhood,UTC+3,Europe/Minsk
303507,BY,BY-MA,Khonovo,Вялікае Хонава,74,4,village,UTC+3,Europe/Minsk
303508,BY,BY-MA,Khon'kavichy,Khon’kavichy,1047,3,Village,UTC+3,Europe/Minsk
303509,BY,BY-HR,Khanyavichy,Ханявічы,509,3,locality,UTC+3,Europe/Minsk
303510,BY,BY-BR,Khomsk,Хомск,1071,4,hamlet,UTC+3,Europe/Minsk
303511,BY,BY-HO,Khominka,Хамінка,221,4,village,UTC+3,Europe/Minsk
303514,BY,BY-MA,Khamichy,Хамічы,159,4,village,UTC+3,Europe/Minsk
303517,BY,BY-HO,Khomichi,Хамічы,254,3,locality,UTC+3,Europe/Minsk
303518,BY,BY-BR,Khomichevo,Хамічава,257,4,village,UTC+3,Europe/Minsk
303522,BY,BY-MA,Kholstava,Холстава,395,3,locality,UTC+3,Europe/Minsk
303524,BY,BY-MI,Kholopenichi,Халопенічы,1411,3,locality,UTC+3,Europe/Minsk
303526,BY,BY-VI,Kholomer'ye,Халамер’е,299,3,PPL,UTC+3,Europe/Minsk
303527,BY,BY-HO,Kholodniki,Халоднікі,290,3,locality,UTC+3,Europe/Minsk
303532,BY,BY-MA,Kholmy,Kholmy,10736,3,Neighborhood,UTC+3,Europe/Minsk
303533,BY,BY-MA,Kholmy,Халмы,296,4,village,UTC+3,Europe/Minsk
303537,BY,BY-HO,Kholmyech,Холмеч,1191,4,locality,UTC+3,Europe/Minsk
303538,BY,BY-MI,Khawkholitsa,Хаўхоліца,443,4,village,UTC+3,Europe/Minsk
303539,BY,BY-MI,Khowkhlava,Хоўхлава,415,3,locality,UTC+3,Europe/Minsk
303541,BY,BY-MA,Kholdeyevka,Kholdeyevka,750,3,Village,UTC+3,Europe/Minsk
303547,BY,BY-MI,Khudawtsy,Худаўцы,382,4,village,UTC+3,Europe/Minsk
303548,BY,BY-MA,Khodosy,Ходасы,1990,4,Town,UTC+3,Europe/Minsk
303549,BY,BY-BR,Khodosy,Хадасы,522,3,locality,UTC+3,Europe/Minsk
303552,BY,BY-HR,Khodarawtsy,Ходараўцы,385,3,locality,UTC+3,Europe/Minsk
303553,BY,BY-VI,Khodorovka,Khodorovka,4582,3,Neighborhood,UTC+3,Europe/Minsk
303554,BY,BY-MA,Khodorovka,Ходараўка,307,3,locality,UTC+3,Europe/Minsk
303557,BY,BY-HR,Khodiloni,Хадзілоні,250,3,locality,UTC+3,Europe/Minsk
303558,BY,BY-HR,Khodevichi,Хадзявічы,244,4,village,UTC+3,Europe/Minsk
303561,BY,BY-BR,Khadaki,Хадакі,342,3,locality,UTC+3,Europe/Minsk
303563,BY,BY-HO,Khobnaye,Хобнае,312,4,village,UTC+3,Europe/Minsk
303566,BY,BY-HR,Khmel'nitsa,Khmel’nitsa,847,3,Village,UTC+3,Europe/Minsk
303567,BY,BY-VI,Khmyal'nik,Хмяльнік,134,4,village,UTC+3,Europe/Minsk
303569,BY,BY-HO,Khmelino,Khmelino,1282,3,Town,UTC+3,Europe/Minsk
303570,BY,BY-BR,Khmeleva,Хмелева,379,4,village,UTC+3,Europe/Minsk
303571,BY,BY-BR,Khmelevka,Хмялёўка,102,4,village,UTC+3,Europe/Minsk
303573,BY,BY-HR,Khlyupichi,Хлюпічы,3400,3,Neighborhood,UTC+3,Europe/Minsk
303579,BY,BY-HO,Khizov,Хізаў,466,3,locality,UTC+3,Europe/Minsk
303582,BY,BY-MA,Khimy,Хімы,353,4,village,UTC+3,Europe/Minsk
303584,BY,BY-MA,Khaminichi,Хамінічы,203,4,village,UTC+3,Europe/Minsk
303586,BY,BY-HO,Khil'chytsy,Хільчыцы,496,4,village,UTC+3,Europe/Minsk
303588,BY,BY-MI,Khidra,Хідра,686,3,Neighborhood,UTC+3,Europe/Minsk
303592,BY,BY-MA,Khatskovichi Pervyye,Хацкавічы,221,4,village,UTC+3,Europe/Minsk
303593,BY,BY-HO,Krasnoye Znamya,Чырвонае Знамя,1438,3,Neighborhood,UTC+3,Europe/Minsk
303595,BY,BY-VI,Khortovo,Хартова,105,4,village,UTC+3,Europe/Minsk
303600,BY,BY-VI,Khar'kovka,Харкаўка,102,4,locality,UTC+3,Europe/Minsk
303607,BY,BY-HR,Khanevichi,Ханявічы,128,4,village,UTC+3,Europe/Minsk
303612,BY,BY-HO,Khal'ch,Хальч,615,3,locality,UTC+3,Europe/Minsk
303613,BY,BY-HO,Khal'ch,Хальч,1249,3,Neighborhood,UTC+3,Europe/Minsk
303614,BY,BY-MA,Khachinka,Khachinka,627,4,village,UTC+3,Europe/Minsk
303615,BY,BY-BR,Khaby,Хабы,104,4,locality,UTC+3,Europe/Minsk
303616,BY,BY-BR,Khabovichy,Хабовічы,612,3,locality,UTC+3,Europe/Minsk
303618,BY,BY-HR,Kevly,Кеўлы,96,4,village,UTC+3,Europe/Minsk
303626,BY,BY-HO,Kazimirovskaya Slobodka,Kazimirovskaya Slobodka,1712,3,Neighborhood,UTC+3,Europe/Minsk
303628,BY,BY-VI,Kazimirovo,Kazimirovo,4423,3,Neighborhood,UTC+3,Europe/Minsk
303630,BY,BY-HO,Kazimirovo,Казімірава,123,4,village,UTC+3,Europe/Minsk
303632,BY,BY-HR,Kazimirovka,Казіміроўка,1438,4,village,UTC+3,Europe/Minsk
303637,BY,BY-HO,Kazatskiya Balsuny,Казацкія Балсуны,222,4,village,UTC+3,Europe/Minsk
303639,BY,BY-HO,Kazansk,Казанск,262,4,hamlet,UTC+3,Europe/Minsk
303642,BY,BY-MA,Kazakovka,Kazakovka,21769,3,City,UTC+3,Europe/Minsk
303644,BY,BY-HR,Kayshovka,Кайшоўка,181,4,village,UTC+3,Europe/Minsk
303645,BY,BY-MI,Kaykovo,Кайкава,241,4,village,UTC+3,Europe/Minsk
303646,BY,\N,Kayki,Kayki,453,4,village,UTC+3,Europe/Minsk
303648,BY,BY-MA,Kavyaza,Kavyaza,763,3,Neighborhood,UTC+3,Europe/Minsk
303649,BY,BY-MA,Katka,Катка,544,4,village,UTC+3,Europe/Minsk
303658,BY,BY-VI,Kashitsy,Kashitsy,1289,3,Neighborhood,UTC+3,Europe/Minsk
303661,BY,BY-VI,Kashchino,Кашчына,708,3,Neighborhood,UTC+3,Europe/Minsk
303662,BY,BY-MA,Kosarichi,Kosarichi,285,4,village,UTC+3,Europe/Minsk
303664,BY,BY-HO,Kartynichi,Картынічы,98,4,isolated_dwelling,UTC+3,Europe/Minsk
303665,BY,BY-MI,Kartsevichy,Карцэвічы,277,4,village,UTC+3,Europe/Minsk
303669,BY,BY-HO,Karpawka,Карпаўка,347,4,village,UTC+3,Europe/Minsk
303671,BY,BY-MI,Karpovichi,Карпавічы,357,4,village,UTC+3,Europe/Minsk
303672,BY,BY-HO,Karpovichi,Карпавічы,95,4,village,UTC+3,Europe/Minsk
303673,BY,\N,Karpitskiye,Karpitskiye,753,3,Village,UTC+3,Europe/Minsk
303677,BY,BY-MI,Karalino,Караліна,117,4,locality,UTC+3,Europe/Minsk
303679,BY,BY-HR,Karolin,Каролин,301,4,village,UTC+3,Europe/Minsk
303680,BY,BY-BR,Korolin,Каралін,58,4,locality,UTC+3,Europe/Minsk
303681,BY,\N,Karmolity,Karmolity,1030,3,Village,UTC+3,Europe/Minsk
303682,BY,BY-MI,Karmazy,Кармазы,153,4,hamlet,UTC+3,Europe/Minsk
303685,BY,BY-HO,Karlovka,Карлаўка,884,3,Neighborhood,UTC+3,Europe/Minsk
303686,BY,BY-HR,Korgovdy,Korgovdy,849,3,Village,UTC+3,Europe/Minsk
303689,BY,BY-MA,Kareby,Карэбы,79,4,hamlet,UTC+3,Europe/Minsk
303691,BY,BY-BR,Karchova,Карчова,360,4,village,UTC+3,Europe/Minsk
303692,BY,BY-HO,Karchovaye,Карчовае,116,4,village,UTC+3,Europe/Minsk
303696,BY,BY-VI,Karayevichy,Караевічы,1002,3,Village,UTC+3,Europe/Minsk
303697,BY,BY-MI,Karavayevo,Караваева,167,4,village,UTC+3,Europe/Minsk
303698,BY,BY-VI,Karasina,Карасіна,198,4,village,UTC+3,Europe/Minsk
303700,BY,BY-HR,Karashava,Карашава,94564,3,City,UTC+3,Europe/Minsk
303701,BY,BY-VI,Karasi,Карасі,62,4,hamlet,UTC+3,Europe/Minsk
303706,BY,BY-MI,Kapustino,Капусціна,144,4,village,UTC+3,Europe/Minsk
303709,BY,BY-MA,Kapustino,Капусціна,347,4,village,UTC+3,Europe/Minsk
303710,BY,BY-HO,Kaparawka,Капараўка,208,3,locality,UTC+3,Europe/Minsk
303712,BY,BY-HO,Kaplichy,Каплічы,664,4,village,UTC+3,Europe/Minsk
303715,BY,BY-MI,Kaplantsy,Капланцы,306,4,village,UTC+3,Europe/Minsk
303719,BY,BY-HO,Kontakuzovka,Кантакузаўка,73,4,village,UTC+3,Europe/Minsk
303720,BY,BY-MA,Kanichi,Канічы,158,4,village,UTC+3,Europe/Minsk
303722,BY,\N,Kanevka,Kanëvka,12700,3,Neighborhood,UTC+3,Europe/Minsk
303726,BY,BY-HO,Kanava,Канава,1172,3,Town,UTC+3,Europe/Minsk
303729,BY,BY-BR,Kamyanyuki,Камянюкі,1160,3,Village,UTC+3,Europe/Minsk
303731,BY,BY-VI,Kamenpol'ye,Камянполле,140,4,village,UTC+3,Europe/Minsk
303732,BY,BY-HR,Kamyenny Loh,Каменны Лог,264,4,village,UTC+3,Europe/Minsk
303733,BY,BY-MA,Kamyennyya Lavy,Каменныя Лавы,1500,4,village,UTC+3,Europe/Minsk
303734,BY,BY-MI,Kamyenny Barok,Каменны Барок,1468,3,Town,UTC+3,Europe/Minsk
303738,BY,BY-BR,Kamyen',Камень,261,3,locality,UTC+3,Europe/Minsk
303743,BY,BY-MI,Kamenka,Каменка,557,3,locality,UTC+3,Europe/Minsk
303744,BY,BY-MA,Kamenka,Каменка,325,4,village,UTC+3,Europe/Minsk
303745,BY,BY-HR,Kamenka,Каменка,120,4,village,UTC+3,Europe/Minsk
303750,BY,BY-MA,Kamenka,Каменка,110119,3,City,UTC+3,Europe/Minsk
303751,BY,BY-MA,Kamenka,Каменка,395,4,village,UTC+3,Europe/Minsk
303752,BY,BY-MA,Kamenka,Каменка,311,4,village,UTC+3,Europe/Minsk
303756,BY,BY-HR,Kamenka,Kamyenka,1331,3,Neighborhood,UTC+3,Europe/Minsk
303758,BY,BY-HR,Kamenka,Каменка,199,4,locality,UTC+3,Europe/Minsk
303759,BY,BY-HR,Kamenka,Каменка,593,3,locality,UTC+3,Europe/Minsk
303760,BY,BY-MI,Kamenka,Каменка,1569,3,Town,UTC+3,Europe/Minsk
303763,BY,BY-HO,Kamyenka,Каменка,5361,3,City,UTC+3,Europe/Minsk
303766,BY,BY-MA,Kamenka,Каменка,753,3,locality,UTC+3,Europe/Minsk
303767,BY,BY-HO,Kamenka,Каменка,176,4,village,UTC+3,Europe/Minsk
303769,BY,BY-HO,Kamenka,Каменка,649,3,locality,UTC+3,Europe/Minsk
303771,BY,BY-MA,Kamenitsa,Камяніца,143,4,locality,UTC+3,Europe/Minsk
303774,BY,BY-MA,Kamyenichy,Каменічы,358,4,village,UTC+3,Europe/Minsk
303775,BY,BY-HO,Rudnya-Kameneva,Рудня Каменева,73,4,village,UTC+3,Europe/Minsk
303776,BY,BY-BR,Kamenets,Камянец,8343,2,village,UTC+3,Europe/Minsk
303779,BY,BY-VI,Kamyen',Камень,370,3,locality,UTC+3,Europe/Minsk
303780,BY,BY-MI,Kamyena,Камена,553,4,village,UTC+3,Europe/Minsk
303782,BY,BY-MI,Kamien,Камень,518,4,village,UTC+3,Europe/Minsk
303783,BY,BY-MI,Kamien,Камень,359,4,village,UTC+3,Europe/Minsk
303784,BY,BY-HO,Kamen',Kamen’,818,3,Village,UTC+3,Europe/Minsk
303786,BY,BY-BR,Kamyen',Камень,845,3,locality,UTC+3,Europe/Minsk
303787,BY,BY-HR,Kyemyelishki,Кемелішкі,605,4,village,UTC+3,Europe/Minsk
303788,BY,BY-VI,Komary,Камары,448,3,Neighborhood,UTC+3,Europe/Minsk
303792,BY,\N,Kalyutino Vtoroye,Kalyutino Vtoroye,171,3,Neighborhood,UTC+3,Europe/Minsk
303798,BY,BY-VI,Kality,Каліты,126136,3,City,UTC+3,Europe/Minsk
303799,BY,BY-BR,Kalily,Калілы,121,4,hamlet,UTC+3,Europe/Minsk
303804,BY,BY-MA,Kalinovka,Каліноўка,53,4,village,UTC+3,Europe/Minsk
303806,BY,BY-HO,Kalinino,Калініна,224,4,village,UTC+3,Europe/Minsk
303807,BY,BY-HO,Kalinovka,Калінаўка,1313,3,Neighborhood,UTC+3,Europe/Minsk
303809,BY,BY-HO,Kalinkovichi,Калинкавичы,37430,2,village,UTC+3,Europe/Minsk
303812,BY,BY-MA,Kalinino,Калініна,232,3,locality,UTC+3,Europe/Minsk
303813,BY,BY-HO,Kalinino,Калініна,654,4,locality,UTC+3,Europe/Minsk
303814,BY,\N,Kalinino,Kalinino,1153,3,Village,UTC+3,Europe/Minsk
303815,BY,BY-MA,Kalinin,Калініна,82,4,village,UTC+3,Europe/Minsk
303819,BY,BY-BR,Kalyenkavichy,Каленкавічы,464,4,village,UTC+3,Europe/Minsk
303823,BY,BY-BR,Kalavuravichy,Калавуравічы,226,3,locality,UTC+3,Europe/Minsk
303824,BY,BY-MA,Kalatsichy,Калацічы,647,3,locality,UTC+3,Europe/Minsk
303825,BY,BY-MI,Kalachi,Калачы,369,4,village,UTC+3,Europe/Minsk
303827,BY,\N,Kachay Boloto,Kachay Boloto,163868,3,City,UTC+3,Europe/Minsk
303828,BY,BY-MI,Kachanovichy,Качановічы,155,4,locality,UTC+3,Europe/Minsk
303829,BY,BY-VI,Kabishche,Кабішча,281,4,village,UTC+3,Europe/Minsk
303830,BY,BY-HO,Kabanovka,Кабанаўка,160,4,locality,UTC+3,Europe/Minsk
303831,BY,BY-HO,Kabanovka,Кабанаўка,120599,3,City,UTC+3,Europe/Minsk
303833,BY,BY-BR,Kabaki,Кабакі,613,4,village,UTC+3,Europe/Minsk
303836,BY,BY-MA,Izobishche,Ізобішча,92,4,locality,UTC+3,Europe/Minsk
303837,BY,\N,Izhery,Izhëry,2172,3,Neighborhood,UTC+3,Europe/Minsk
303838,BY,BY-MI,Izha,Іжа,399,4,village,UTC+3,Europe/Minsk
303841,BY,BY-MI,Izbishcha,Ізбішча,398,3,locality,UTC+3,Europe/Minsk
303842,BY,BY-HR,Izabelino,Ізабеліна,494,3,Neighborhood,UTC+3,Europe/Minsk
303843,BY,BY-HR,Izabelin,Изабелин,560,4,village,UTC+3,Europe/Minsk
303844,BY,BY-HR,Iwye,Іўе,7752,2,City,UTC+3,Europe/Minsk
303845,BY,BY-HO,Ivol'sk,Івольск,413,3,locality,UTC+3,Europe/Minsk
303848,BY,BY-MI,Ivyanyets,Івянец,4603,3,Neighborhood,UTC+3,Europe/Minsk
303849,BY,BY-BR,Ivatsevichi,Івацэвічы,22487,2,Town,UTC+3,Europe/Minsk
303850,BY,BY-HR,Ivashkovtsy,Івашкаўцы,145,4,locality,UTC+3,Europe/Minsk
303851,BY,BY-HO,Ivashkovichi,Івашкавічы,130,4,locality,UTC+3,Europe/Minsk
303852,BY,BY-HR,Ivashkovichi,Івашкавічы,100,4,locality,UTC+3,Europe/Minsk
303854,BY,BY-VI,Ivansk,Іванск,456,4,village,UTC+3,Europe/Minsk
303859,BY,BY-BR,Ivanovo,Іванава,16377,2,Town,UTC+3,Europe/Minsk
303861,BY,BY-MA,Ivanovka,Іванаўка,396,3,locality,UTC+3,Europe/Minsk
303866,BY,BY-HO,Ivanovka,Іванаўка,139,4,village,UTC+3,Europe/Minsk
303871,BY,BY-BR,Ivankovichi,Іванкавічы,789,3,Neighborhood,UTC+3,Europe/Minsk
303873,BY,BY-BR,Ivanisovka,Ivanisovka,131093,3,City,UTC+3,Europe/Minsk
303877,BY,BY-MI,Ivanichy,Іванічы,142,4,village,UTC+3,Europe/Minsk
303878,BY,BY-BR,Ivakhnovichi,Івахнавічы,140,4,locality,UTC+3,Europe/Minsk
303885,BY,BY-MA,Iskan',Іскань,201,4,hamlet,UTC+3,Europe/Minsk
303888,BY,BY-MI,Isyerna,Ісерна,423,3,locality,UTC+3,Europe/Minsk
303892,BY,BY-HO,Ippolitovka,Іпалітаўка,99,4,village,UTC+3,Europe/Minsk
303893,BY,BY-HO,Iovichi,Iovichi,785,3,Village,UTC+3,Europe/Minsk
303894,BY,BY-HR,Yetsevichi,Ёцавічы,1864,3,Town,UTC+3,Europe/Minsk
303895,BY,BY-VI,Iody,Ёды,452,3,locality,UTC+3,Europe/Minsk
303897,BY,BY-HR,Yotki,Ёткі,977,4,village,UTC+3,Europe/Minsk
303898,BY,BY-HR,Iodichi,Ёдзічы,75,4,locality,UTC+3,Europe/Minsk
303899,BY,BY-HR,Yedentsi,Yedentsi,341,4,village,UTC+3,Europe/Minsk
303901,BY,BY-BR,Iodchiki,Ёдчыкі,523,3,Neighborhood,UTC+3,Europe/Minsk
303905,BY,\N,Imeni Stalina,Imeni Stalina,65000,4,town,UTC+3,Europe/Minsk
303909,BY,BY-BR,Imyanin,Імянін,681,3,locality,UTC+3,Europe/Minsk
303911,BY,\N,Imeni Kalinina,Imeni Kalinina,132,3,Neighborhood,UTC+3,Europe/Minsk
303912,BY,BY-MI,Ilja,Ілья,1736,4,village,UTC+3,Europe/Minsk
303913,BY,BY-BR,Ilosk,Іласк,81,4,village,UTC+3,Europe/Minsk
303918,BY,BY-HO,Rogi-Iletskiy,Рагі-Ілецкі,809,3,Neighborhood,UTC+3,Europe/Minsk
303919,BY,BY-VI,Ikazn',Іказнь,300,3,Neighborhood,UTC+3,Europe/Minsk
303920,BY,BY-MI,Ikany,Іканы,382,4,village,UTC+3,Europe/Minsk
303922,BY,BY-MI,Ihrushka,Ігрушка,380,3,locality,UTC+3,Europe/Minsk
303923,BY,BY-MI,Igrishche,Igrishche,897,3,Neighborhood,UTC+3,Europe/Minsk
303926,BY,BY-MI,Ignatovo,Ігнатава,61,4,hamlet,UTC+3,Europe/Minsk
303930,BY,BY-VI,Ignalino,Ihnalina,1857,3,Neighborhood,UTC+3,Europe/Minsk
303932,BY,BY-VI,Iduta,Ідута,4770,3,Village,UTC+3,Europe/Minsk
303933,BY,BY-HR,Hrodna,Гродна,343129,2,City,UTC+3,Europe/Minsk
303934,BY,BY-MA,Horki,Горкі,32777,2,City,UTC+3,Europe/Minsk
303935,BY,BY-VI,Homyel',Гомель,310,3,locality,UTC+3,Europe/Minsk
303936,BY,BY-HO,Homyel',Гомель,485603,2,Town,UTC+3,Europe/Minsk
303937,BY,BY-VI,Hlybokaye,Глыбокае,17939,2,City,UTC+3,Europe/Minsk
303938,BY,BY-BR,Hantsavichy,Ганцавічы,13730,2,City,UTC+3,Europe/Minsk
303940,BY,BY-BR,Gvoznitsa,Гвозніца,447,3,locality,UTC+3,Europe/Minsk
303946,BY,BY-BR,Hutava,Гутава,463,4,village,UTC+3,Europe/Minsk
303949,BY,BY-BR,Hutka,Гутка,97,4,hamlet,UTC+3,Europe/Minsk
303955,BY,BY-MA,Guta,Гута,69,4,village,UTC+3,Europe/Minsk
303958,BY,BY-HR,Guta,Гута,67,4,locality,UTC+3,Europe/Minsk
303960,BY,BY-HO,Guta,Гута,5245,3,Neighborhood,UTC+3,Europe/Minsk
303962,BY,BY-BR,Guta,Гута,145,4,village,UTC+3,Europe/Minsk
303963,BY,BY-BR,Guta,Гута,136,4,village,UTC+3,Europe/Minsk
303965,BY,BY-BR,Guta,Гута,96,4,village,UTC+3,Europe/Minsk
303968,BY,BY-MA,Guslishche,Гуслішча,153,4,locality,UTC+3,Europe/Minsk
303969,BY,BY-HR,Gushchitsy,Гушчыцы,230,4,village,UTC+3,Europe/Minsk
303971,BY,BY-MA,Gusarka,Гусарка,73,4,village,UTC+3,Europe/Minsk
303972,BY,BY-MI,Gusaki,Гусакі,123,4,locality,UTC+3,Europe/Minsk
303974,BY,BY-BR,Gusak,Гусак,250,3,Neighborhood,UTC+3,Europe/Minsk
303976,BY,\N,Gurnovichi,Gurnovichi,2416,3,Neighborhood,UTC+3,Europe/Minsk
303977,BY,BY-HR,Horna,Горна,180,4,hamlet,UTC+3,Europe/Minsk
303979,BY,BY-VI,Hurki,Гуркі,133,4,hamlet,UTC+3,Europe/Minsk
303982,BY,BY-HO,Guriny,Гурыны,217,3,locality,UTC+3,Europe/Minsk
303983,BY,BY-VI,Gurino,Gurino,1064,4,village,UTC+3,Europe/Minsk
303985,BY,BY-BR,Goravitsa,Гаравіца,162,4,village,UTC+3,Europe/Minsk
303999,BY,BY-HO,Gulevichi,Гулевічы,351,3,locality,UTC+3,Europe/Minsk
304002,BY,BY-HR,Gudenyaty,Gudenyaty,12640,3,Neighborhood,UTC+3,Europe/Minsk
304004,BY,BY-HR,Hudy,Гуды,528,4,village,UTC+3,Europe/Minsk
304005,BY,BY-MI,Gudovichi,Гудавічы,212,4,village,UTC+3,Europe/Minsk
304006,BY,BY-HR,Hudahay,Гудагай,835,4,village,UTC+3,Europe/Minsk
304007,BY,BY-HR,Gudogay,Гудагай,66,4,village,UTC+3,Europe/Minsk
304008,BY,BY-HR,Gudevichi,Гудзевічы,702,4,village,UTC+3,Europe/Minsk
304009,BY,BY-HR,Gudeli,Gudeli,16988,3,City,UTC+3,Europe/Minsk
304010,BY,BY-HR,Gudali,Gudali,2517,3,Neighborhood,UTC+3,Europe/Minsk
304011,BY,BY-HO,Hubichy,Губічы,671,3,locality,UTC+3,Europe/Minsk
304013,BY,\N,Grytsuki,Grytsuki,47744,3,City,UTC+3,Europe/Minsk
304014,BY,BY-HR,Hrytski,Грыцкі,129,4,village,UTC+3,Europe/Minsk
304023,BY,BY-VI,Gryada,Gryada,20347,3,Neighborhood,UTC+3,Europe/Minsk
304027,BY,BY-VI,Gruzdovo,Груздава,157,4,locality,UTC+3,Europe/Minsk
304028,BY,BY-MI,Gruskovo,Грускова,312,3,Neighborhood,UTC+3,Europe/Minsk
304029,BY,BY-HO,Grushnoye,Грушнае,86,4,locality,UTC+3,Europe/Minsk
304031,BY,BY-HO,Grushevka,Грушаўка,247,4,village,UTC+3,Europe/Minsk
304036,BY,BY-MA,Hrudzinawka,Грудзінаўка,110,4,village,UTC+3,Europe/Minsk
304038,BY,BY-MI,Hrozava,Грозава,404,4,village,UTC+3,Europe/Minsk
304039,BY,BY-MA,Hronava,Гронава,313,3,locality,UTC+3,Europe/Minsk
304048,BY,BY-MA,Hradzyanka,Градзянка,440,4,Town,UTC+3,Europe/Minsk
304049,BY,BY-HR,Hrodzi,Гродзі,404,4,village,UTC+3,Europe/Minsk
304055,BY,BY-BR,Grivda,Грыўда,192,4,village,UTC+3,Europe/Minsk
304056,BY,BY-MI,Griva,Грыва,487,3,Neighborhood,UTC+3,Europe/Minsk
304058,BY,BY-MI,Gritskovichi,Грыцкавічы,148,4,village,UTC+3,Europe/Minsk
304060,BY,BY-MI,Hrytskyevichy,Грыцкевічы,580,4,village,UTC+3,Europe/Minsk
304061,BY,BY-HR,Gritsevichi,Грыцавічы,126,4,village,UTC+3,Europe/Minsk
304062,BY,BY-MI,Hrytsevichy,Грыцэвічы,556,4,village,UTC+3,Europe/Minsk
304066,BY,BY-VI,Grin'ki,Грынькі,56,4,village,UTC+3,Europe/Minsk
304067,BY,BY-HR,Grinki,Грынкі,546,3,Neighborhood,UTC+3,Europe/Minsk
304072,BY,BY-VI,Hryharavichy,Грыгаравічы,302,3,locality,UTC+3,Europe/Minsk
304074,BY,BY-HO,Hrychynavichy,Грычынавічы,223,4,village,UTC+3,Europe/Minsk
304075,BY,BY-MI,Grichino,Грычына,580,4,village,UTC+3,Europe/Minsk
304078,BY,BY-MA,Gribova Sloboda,Gribova Sloboda,7232,3,City,UTC+3,Europe/Minsk
304079,BY,BY-VI,Gribly,Gribly,261,3,Neighborhood,UTC+3,Europe/Minsk
304081,BY,BY-VI,Gribino,Gribino,116707,3,City,UTC+3,Europe/Minsk
304087,BY,BY-MI,Hresk,Грэск,1802,4,village,UTC+3,Europe/Minsk
304089,BY,BY-MI,Hrabyonka,Грабёнка,478,4,village,UTC+3,Europe/Minsk
304091,BY,BY-HO,Grebeni,Грабяні,1256,3,Neighborhood,UTC+3,Europe/Minsk
304093,BY,\N,Grebenevo,Grebenëvo,959,3,Neighborhood,UTC+3,Europe/Minsk
304094,BY,BY-MI,Hrabyanyets,Грабянец,348,4,village,UTC+3,Europe/Minsk
304096,BY,BY-HO,Greben',Грэбень,149,4,locality,UTC+3,Europe/Minsk
304097,BY,BY-HR,Hrawzhyshki,Граўжышкі,498,3,locality,UTC+3,Europe/Minsk
304098,BY,BY-MI,Hranichy,Гранічы,344,4,village,UTC+3,Europe/Minsk
304101,BY,\N,Graleva,Gralëva,1879,3,Neighborhood,UTC+3,Europe/Minsk
304103,BY,\N,Grodno,Гродна,356686,3,City proper,UTC+3,Europe/Minsk
304105,BY,BY-HO,Grab'ye,Граб’ё,96,4,locality,UTC+3,Europe/Minsk
304106,BY,BY-VI,Grebucheye,Грабучае,87,4,locality,UTC+3,Europe/Minsk
304108,BY,BY-HR,Grabovo,Грабава,80,4,village,UTC+3,Europe/Minsk
304109,BY,BY-HO,Grabovka,Грабаўка,787,4,village,UTC+3,Europe/Minsk
304110,BY,BY-BR,Grabovets,Grabovets,25025,3,City,UTC+3,Europe/Minsk
304111,BY,BY-HO,Hrabava,Грабава,182,4,hamlet,UTC+3,Europe/Minsk
304112,BY,BY-HO,Hrabaw,Грабаў,438,4,village,UTC+3,Europe/Minsk
304114,BY,BY-HR,Gozha,Гожа,851,4,village,UTC+3,Europe/Minsk
304115,BY,BY-HR,Hoza,Газа,185,4,village,UTC+3,Europe/Minsk
304118,BY,BY-MI,Hotsk,Гоцк,1100,3,Neighborhood,UTC+3,Europe/Minsk
304123,BY,BY-BR,Goshevo,Гошава,232,4,village,UTC+3,Europe/Minsk
304124,BY,BY-BR,Goshchevo,Гошчава,710,3,locality,UTC+3,Europe/Minsk
304127,BY,BY-VI,Goryany,Гараны,725,3,locality,UTC+3,Europe/Minsk
304130,BY,BY-VI,Goryane,Goryane,1090,3,Neighborhood,UTC+3,Europe/Minsk
304134,BY,BY-MA,Gory,Горы,2883,3,Neighborhood,UTC+3,Europe/Minsk
304135,BY,BY-MA,Gory,Горы,377,3,locality,UTC+3,Europe/Minsk
304136,BY,BY-HO,Horval',Горваль,123,4,hamlet,UTC+3,Europe/Minsk
304137,BY,BY-BR,Hortal',Горталь,977,4,village,UTC+3,Europe/Minsk
304138,BY,BY-BR,Horsk,Горск,15832,3,City,UTC+3,Europe/Minsk
304139,BY,BY-HR,Gorshavichi,Gorshavichi,42350,4,village,UTC+3,Europe/Minsk
304140,BY,BY-VI,Gorshchevshchina,Гаршчэўшчына,429,4,village,UTC+3,Europe/Minsk
304141,BY,\N,Gorozha,Вялікая Гарожа,66,4,locality,UTC+3,Europe/Minsk
304147,BY,BY-HO,Goroshkov,Гарошкаў,464,3,locality,UTC+3,Europe/Minsk
304149,BY,BY-HO,Garokhavishchy,Гарохавішчы,316,4,village,UTC+3,Europe/Minsk
304153,BY,BY-VI,Gorodok,Гарадок,12367,2,City,UTC+3,Europe/Minsk
304154,BY,BY-MI,Haradok,Гарадок,475,3,City,UTC+3,Europe/Minsk
304157,BY,BY-MA,Haradok,Гарадок,106,4,hamlet,UTC+3,Europe/Minsk
304164,BY,BY-BR,Gorodnaya,Гарадная,1162,4,village,UTC+3,Europe/Minsk
304165,BY,BY-HR,Gorodniki,Гароднікі,100,4,locality,UTC+3,Europe/Minsk
304166,BY,BY-MI,Harodz'ki,Гародзькі,561,3,locality,UTC+3,Europe/Minsk
304170,BY,BY-MI,Gorodishche,Гарадзішча,329,4,village,UTC+3,Europe/Minsk
304172,BY,BY-MA,Gorodishche,Гарадзішча,185,4,village,UTC+3,Europe/Minsk
304173,BY,BY-BR,Haradzishcha,Гарадзішча,2600,4,village,UTC+3,Europe/Minsk
304174,BY,BY-MI,Gorodishche,Гарадзішча,340,3,locality,UTC+3,Europe/Minsk
304175,BY,BY-BR,Gorodishche,Gorodishche,298,4,village,UTC+3,Europe/Minsk
304176,BY,BY-BR,Haradzishcha,Гарадзішча,384,4,village,UTC+3,Europe/Minsk
304178,BY,BY-MI,Haradzilava,Гарадзілава,473,3,Neighborhood,UTC+3,Europe/Minsk
304179,BY,BY-VI,Gorodilovichi,Gorodilovichi,24599,3,Neighborhood,UTC+3,Europe/Minsk
304180,BY,BY-MI,Haradzyeya,Гарадзея,3751,4,village,UTC+3,Europe/Minsk
304184,BY,BY-MA,Gorodetskaya,Гарадзецкая,77822,3,City,UTC+3,Europe/Minsk
304189,BY,BY-MA,Gorodets,Гарадзец,519,3,locality,UTC+3,Europe/Minsk
304192,BY,BY-MA,Gorodets,Гарадзец,608,3,locality,UTC+3,Europe/Minsk
304193,BY,BY-MA,Haradzyets,Гарадзец,291,4,village,UTC+3,Europe/Minsk
304194,BY,BY-HO,Haradzyets,Гарадзец,925,4,village,UTC+3,Europe/Minsk
304195,BY,BY-BR,Haradzyets,Гарадзец,1356,3,locality,UTC+3,Europe/Minsk
304196,BY,BY-BR,Gorodets,Гарадзец,6790,3,City,UTC+3,Europe/Minsk
304199,BY,BY-HR,Gorodechno,Гарадзечна,424,3,locality,UTC+3,Europe/Minsk
304200,BY,BY-BR,Haradzyechna,Гарадзечна,153,4,village,UTC+3,Europe/Minsk
304203,BY,BY-HO,Harochychy,Гарочычы,613,4,village,UTC+3,Europe/Minsk
304204,BY,BY-MI,Gorno,Горна,2750,3,Neighborhood,UTC+3,Europe/Minsk
304206,BY,BY-BR,Gornovo,Горнава,123,4,locality,UTC+3,Europe/Minsk
304208,BY,BY-MI,Gornostaylovo,Гарнастайлава,84,4,locality,UTC+3,Europe/Minsk
304209,BY,BY-HR,Harnastayevichy,Гарнастаевічы,216,3,locality,UTC+3,Europe/Minsk
304210,BY,\N,Gornevo,Gornevo,96,3,Neighborhood,UTC+3,Europe/Minsk
304219,BY,BY-MI,Horki,Горкі,55,4,hamlet,UTC+3,Europe/Minsk
304220,BY,BY-MI,Gorki,Горкі,10354,3,Neighborhood,UTC+3,Europe/Minsk
304222,BY,BY-MI,Horki,Горкі,467,4,village,UTC+3,Europe/Minsk
304224,BY,BY-HR,Gorka,Горка,247,3,locality,UTC+3,Europe/Minsk
304225,BY,BY-VI,Gorivets,Гарывец,387,3,Village,UTC+3,Europe/Minsk
304229,BY,BY-HR,Goretskovshchina,Гарэцкаўшчына,178,4,village,UTC+3,Europe/Minsk
304230,BY,BY-MI,Gorenichi,Гарэнічы,229,3,locality,UTC+3,Europe/Minsk
304232,BY,BY-MI,Gorelyy Lug,Гарэлы Луг,101,4,village,UTC+3,Europe/Minsk
304234,BY,BY-MI,Harelyets,Гарэлец,287,3,locality,UTC+3,Europe/Minsk
304236,BY,BY-HO,Gorduny,Гардуны,262,3,locality,UTC+3,Europe/Minsk
304240,BY,BY-MI,Gorbunovshchina,Гарбуноўшчына,141,4,village,UTC+3,Europe/Minsk
304243,BY,BY-MA,Harbavichy,Гарбавічы,799,3,Village,UTC+3,Europe/Minsk
304244,BY,BY-HO,Garbavichy,Гарбавічы,1333,3,Town,UTC+3,Europe/Minsk
304246,BY,BY-MA,Harbatsevichy,Гарбацэвічы,572,4,village,UTC+3,Europe/Minsk
304251,BY,BY-BR,Harbakha,Гарбаха,516,4,village,UTC+3,Europe/Minsk
304252,BY,BY-VI,Harbacheva,Гарбачэва,287,4,village,UTC+3,Europe/Minsk
304253,BY,BY-MI,Goravets,Гаравец,77,4,village,UTC+3,Europe/Minsk
304255,BY,BY-MI,Harani,Гарані,126,4,hamlet,UTC+3,Europe/Minsk
304259,BY,BY-VI,Gora,Гара,109,4,locality,UTC+3,Europe/Minsk
304260,BY,BY-MI,Hara,Гара,715,4,village,UTC+3,Europe/Minsk
304261,BY,BY-MI,Golovnyye Lyady,Галаўныя Ляды,111,4,village,UTC+3,Europe/Minsk
304263,BY,BY-HR,Gonchary,Ганчары,426,4,village,UTC+3,Europe/Minsk
304264,BY,BY-BR,Gonchary,Ганчары,566,3,Neighborhood,UTC+3,Europe/Minsk
304266,BY,BY-MA,Honcha,Гонча,64,4,locality,UTC+3,Europe/Minsk
304271,BY,\N,Golyshevka,Golyshëvka,4942,3,Neighborhood,UTC+3,Europe/Minsk
304272,BY,BY-HR,Golynka,Галынка,99,4,village,UTC+3,Europe/Minsk
304277,BY,BY-HR,Golynka,Галынка,291,4,village,UTC+3,Europe/Minsk
304279,BY,BY-MI,Halynka,Галынка,421,4,village,UTC+3,Europe/Minsk
304280,BY,BY-VI,Galyni,Galyni,3349,3,Village,UTC+3,Europe/Minsk
304281,BY,BY-MA,Golynets,Галынец,432,4,village,UTC+3,Europe/Minsk
304283,BY,BY-HR,Golyn',Галынь,224,4,village,UTC+3,Europe/Minsk
304289,BY,BY-HR,Goluby,Галубы,274,4,village,UTC+3,Europe/Minsk
304291,BY,BY-VI,Golubovo,Галубова,212,3,locality,UTC+3,Europe/Minsk
304292,BY,BY-VI,Halubava,Галубава,70,4,locality,UTC+3,Europe/Minsk
304293,BY,BY-MA,Golubovka,Голубаўка,106,4,locality,UTC+3,Europe/Minsk
304294,BY,BY-HO,Galubitsa,Галубіца,575,3,locality,UTC+3,Europe/Minsk
304295,BY,BY-VI,Golubichi,Галубічы,394,3,locality,UTC+3,Europe/Minsk
304296,BY,BY-BR,Holce,Гальцы,213,4,village,UTC+3,Europe/Minsk
304297,BY,BY-HR,Hal'shany,Гальшаны,5000,4,village,UTC+3,Europe/Minsk
304299,BY,BY-VI,Golovchitsy,Галоўчыцы,249,4,village,UTC+3,Europe/Minsk
304301,BY,BY-HO,Halowki,Галоўкі,410,4,village,UTC+3,Europe/Minsk
304302,BY,BY-HO,Golovintsy,Галавінцы,3767,3,Town,UTC+3,Europe/Minsk
304304,BY,BY-MA,Golovenchitsy,Галавенчыцы,107,4,village,UTC+3,Europe/Minsk
304305,BY,BY-MI,Golovenchitsy,Галавенчыцы,147,4,locality,UTC+3,Europe/Minsk
304307,BY,\N,Golovchitsy,Golovchitsy,16741,3,Neighborhood,UTC+3,Europe/Minsk
304310,BY,BY-BR,Halowchytsy,Галоўчыцы,398,4,village,UTC+3,Europe/Minsk
304311,BY,BY-HO,Golovchitsy,Галоўчыцы,419,3,locality,UTC+3,Europe/Minsk
304312,BY,BY-MA,Halowchyn,Галоўчын,504,4,village,UTC+3,Europe/Minsk
304313,BY,BY-MI,Golovachi,Галавачы,123,4,locality,UTC+3,Europe/Minsk
304316,BY,BY-MI,Holatsk,Голацк,582,3,locality,UTC+3,Europe/Minsk
304317,BY,BY-VI,Haloshava,Галошава,198,4,locality,UTC+3,Europe/Minsk
304334,BY,BY-HR,Goldovo,Голдава,456,4,village,UTC+3,Europe/Minsk
304335,BY,BY-MI,Hol'chychy,Гольчычы,662,4,village,UTC+3,Europe/Minsk
304336,BY,BY-VI,Golbeya,Галбея,573,3,Neighborhood,UTC+3,Europe/Minsk
304341,BY,\N,Gnyuta,Gnyuta,874,3,Neighborhood,UTC+3,Europe/Minsk
304347,BY,BY-HR,Gnezno,Гнезна,500,4,village,UTC+3,Europe/Minsk
304349,BY,BY-VI,Gnezdilovo,Гняздзілава,1939,3,Town,UTC+3,Europe/Minsk
304351,BY,BY-BR,Hnyewchytsy,Гнеўчыцы,359,3,locality,UTC+3,Europe/Minsk
304353,BY,BY-HO,Hlybaw,Глыбаў,175,4,locality,UTC+3,Europe/Minsk
304354,BY,BY-MA,Glybokovichi,Глыбокавічы,170,4,locality,UTC+3,Europe/Minsk
304355,BY,BY-HO,Hlybochytsa,Глыбочыца,64548,3,City,UTC+3,Europe/Minsk
304357,BY,BY-HR,Glyadovichi,Глядавічы,706,3,Neighborhood,UTC+3,Europe/Minsk
304359,BY,BY-MA,Glusk,Глуск,7484,2,village,UTC+3,Europe/Minsk
304362,BY,BY-HO,Glushkevichi,Глушкавічы,2327,3,locality,UTC+3,Europe/Minsk
304367,BY,BY-MA,Glusha,Glusha,1539,3,Town,UTC+3,Europe/Minsk
304368,BY,BY-MA,Hlusha,Глуша,1400,4,Town,UTC+3,Europe/Minsk
304370,BY,BY-HO,Glukhovka,Глухаўка,105,4,village,UTC+3,Europe/Minsk
304371,BY,BY-MA,Hlukhi,Глухі,381,3,locality,UTC+3,Europe/Minsk
304372,BY,BY-MA,Glukhaya Seliba,Глухская Сяліба,2161,3,City,UTC+3,Europe/Minsk
304373,BY,BY-HO,Hlybotskaye,Глыбоцкае,637,4,village,UTC+3,Europe/Minsk
304377,BY,BY-BR,Glubokoye,Глыбокае,100,4,village,UTC+3,Europe/Minsk
304378,BY,BY-HR,Hlowsyevichy,Глоўсевічы,174,4,village,UTC+3,Europe/Minsk
304379,BY,BY-VI,Gloty,Gloty,894,3,Village,UTC+3,Europe/Minsk
304381,BY,BY-MI,Hlivin,Глівін,640,4,village,UTC+3,Europe/Minsk
304382,BY,BY-HR,Glinyany,Гліняны,82235,3,City,UTC+3,Europe/Minsk
304388,BY,BY-VI,Hlinnaye,Гліннае,509,3,locality,UTC+3,Europe/Minsk
304390,BY,BY-HO,Hlinnaya Slabada,Глінная Слабада,380,3,locality,UTC+3,Europe/Minsk
304392,BY,BY-BR,Glinnaya,Глінная,482,3,locality,UTC+3,Europe/Minsk
304393,BY,BY-BR,Glinna,Глінна,152,4,village,UTC+3,Europe/Minsk
304396,BY,BY-BR,Hlinka,Глінка,1132,4,village,UTC+3,Europe/Minsk
304398,BY,BY-HO,Hlinishcha,Глінішча,545,3,locality,UTC+3,Europe/Minsk
304399,BY,BY-MA,Glin',Глінь,140,4,locality,UTC+3,Europe/Minsk
304400,BY,BY-HR,Glebovichi,Глебавічы,68,4,village,UTC+3,Europe/Minsk
304402,BY,BY-MI,Glebkovichi,Глебкавічы,120,4,locality,UTC+3,Europe/Minsk
304403,BY,BY-HO,Hlazawka,Глазаўка,599,3,locality,UTC+3,Europe/Minsk
304407,BY,BY-MA,Hizhenka,Гіжэнка,321,3,locality,UTC+3,Europe/Minsk
304409,BY,BY-BR,Girsk,Гірск,139,4,locality,UTC+3,Europe/Minsk
304410,BY,BY-MA,Girevtsy,Girevtsy,12551,3,Neighborhood,UTC+3,Europe/Minsk
304411,BY,BY-BR,Girovo,Гірава,282,3,locality,UTC+3,Europe/Minsk
304414,BY,BY-BR,Hirmantawtsy,Гірмантаўцы,269,4,village,UTC+3,Europe/Minsk
304415,BY,BY-VI,Hireyshy,Гірэйшы,182,4,locality,UTC+3,Europe/Minsk
304418,BY,BY-VI,Gerchany,Gerchany,218816,4,town,UTC+3,Europe/Minsk
304423,BY,BY-VI,Hili,Гілі,229,4,hamlet,UTC+3,Europe/Minsk
304424,BY,BY-BR,Gichitsy,Гічыцы,143,4,hamlet,UTC+3,Europe/Minsk
304425,BY,BY-HR,Gibulichy,Гібулічы,60,4,village,UTC+3,Europe/Minsk
304428,BY,BY-HR,Gezgaly,Гезгалы,815,3,locality,UTC+3,Europe/Minsk
304429,BY,\N,Hierviaty,Гервяты,518,4,village,UTC+3,Europe/Minsk
304435,BY,BY-HR,Gerniki,Гернікі,1225,3,Village,UTC+3,Europe/Minsk
304436,BY,BY-VI,Germanovichi,Германавічы,645,3,locality,UTC+3,Europe/Minsk
304439,BY,BY-HR,Gerbelevichi,Гербелевічы,73,4,village,UTC+3,Europe/Minsk
304440,BY,BY-HR,Hyeranyony,Геранёны,1419,3,Neighborhood,UTC+3,Europe/Minsk
304444,BY,BY-HR,Galenovo,Галенава,970,3,Village,UTC+3,Europe/Minsk
304446,BY,BY-HO,Gden',Гдзень,109,4,locality,UTC+3,Europe/Minsk
304448,BY,BY-VI,Haz'ba,Газьба,125,4,village,UTC+3,Europe/Minsk
304449,BY,BY-MA,Hayshyn,Гайшын,84,4,village,UTC+3,Europe/Minsk
304452,BY,BY-MI,Hayna,Гайна,612,4,village,UTC+3,Europe/Minsk
304454,BY,BY-BR,Gaykovka,Гайкоўка,212,4,village,UTC+3,Europe/Minsk
304461,BY,BY-VI,Gavrilovtsy,Гаўрылаўцы,97,4,village,UTC+3,Europe/Minsk
304462,BY,BY-MA,Gavrilenka,Гаўрыленка,245,4,village,UTC+3,Europe/Minsk
304463,BY,BY-MI,Hawryl'chytsy,Гаўрыльчыцы,574,4,village,UTC+3,Europe/Minsk
304465,BY,BY-HO,Gavli,Гаўлі,160,4,locality,UTC+3,Europe/Minsk
304468,BY,BY-MI,Hatsuk,Гацук,1012,4,village,UTC+3,Europe/Minsk
304471,BY,BY-MI,Hatava,Гатава,8000,4,village,UTC+3,Europe/Minsk
304472,BY,BY-MI,Gatovichi,Гатавічы,379,4,village,UTC+3,Europe/Minsk
304478,BY,BY-HO,Hats',Гаць,295,3,Neighborhood,UTC+3,Europe/Minsk
304479,BY,BY-HO,Gostivel',Gostivel’,1094,3,Neighborhood,UTC+3,Europe/Minsk
304480,BY,BY-HR,Gastilovtsy,Гасцілаўцы,101,4,locality,UTC+3,Europe/Minsk
304484,BY,BY-HO,Gorivoda,Гарывада,191,4,village,UTC+3,Europe/Minsk
304487,BY,BY-MI,Haponavichy,Гапонавічы,296,4,village,UTC+3,Europe/Minsk
304488,BY,BY-MI,Starogantsevichskaya Sloboda,Starogantsevichskaya Sloboda,2364,3,Neighborhood,UTC+3,Europe/Minsk
304489,BY,BY-MI,Hantsavichy,Ганцавічы,71,4,village,UTC+3,Europe/Minsk
304493,BY,BY-MI,Ganevichi,Ганявічы,177,4,village,UTC+3,Europe/Minsk
304495,BY,BY-HO,Goncharov Podel,Ганчароўка,61,4,hamlet,UTC+3,Europe/Minsk
304506,BY,BY-HO,Galki,Галкі,77,4,village,UTC+3,Europe/Minsk
304507,BY,BY-MI,Galitsa,Galitsa,5140,3,Neighborhood,UTC+3,Europe/Minsk
304509,BY,BY-MI,Galimtsy,Галімцы,133,4,village,UTC+3,Europe/Minsk
304510,BY,BY-HR,Galimshchina,Галімшчына,121,4,locality,UTC+3,Europe/Minsk
304512,BY,BY-MA,Halichy,Галічы,211,4,village,UTC+3,Europe/Minsk
304515,BY,BY-HO,Galeyevka,Галееўка,112,4,locality,UTC+3,Europe/Minsk
304516,BY,BY-BR,Halyova,Галёва,2468,4,village,UTC+3,Europe/Minsk
304519,BY,\N,Halyany,Галяны,2239,3,Neighborhood,UTC+3,Europe/Minsk
304521,BY,BY-HR,Galczuny,Гальчуны,107,4,locality,UTC+3,Europe/Minsk
304526,BY,BY-HO,Hadzilavichy,Гадзілавічы,619,3,locality,UTC+3,Europe/Minsk
304527,BY,BY-HO,Gadichevo,Гадзічава,148,4,locality,UTC+3,Europe/Minsk
304531,BY,BY-VI,Frolovo,Фролава,1040507,3,City,UTC+3,Europe/Minsk
304532,BY,BY-VI,Frolkovichi,Фролкавічы,138,4,locality,UTC+3,Europe/Minsk
304533,BY,\N,Frolikha,Frolikha,8158,3,Neighborhood,UTC+3,Europe/Minsk
304535,BY,BY-BR,Franopol',Франопаль,88,4,village,UTC+3,Europe/Minsk
304538,BY,BY-VI,Filipovo,Filipovo,1257,3,Neighborhood,UTC+3,Europe/Minsk
304542,BY,BY-MI,Filipinyaty,Філіпіняты,150,4,locality,UTC+3,Europe/Minsk
304544,BY,BY-MA,Filatovo,Філатава,517,4,village,UTC+3,Europe/Minsk
304548,BY,BY-BR,Fyedzyuki,Федзюкі,111,4,village,UTC+3,Europe/Minsk
304551,BY,BY-BR,Fyadory,Фядоры,1049,3,locality,UTC+3,Europe/Minsk
304554,BY,BY-HO,Fedorovka,Фёдараўка,408,3,Neighborhood,UTC+3,Europe/Minsk
304560,BY,BY-MA,Fashchawka,Фашчаўка,602,3,locality,UTC+3,Europe/Minsk
304561,BY,BY-HR,Farnyy Konets,Фарны Канец,213,3,locality,UTC+3,Europe/Minsk
304562,BY,BY-HR,Fal'kovichi,Фалькавічы,71,4,locality,UTC+3,Europe/Minsk
304564,BY,BY-VI,Falevichi,Falevichi,32395,3,Neighborhood,UTC+3,Europe/Minsk
304567,BY,BY-HR,Eytuny,Эйтуны,114,4,locality,UTC+3,Europe/Minsk
304570,BY,BY-HR,Vyalikiya Eysmanty,Вялікія Эйсманты,774,3,locality,UTC+3,Europe/Minsk
304571,BY,BY-HR,Eyminovtsy,Эймінаўцы,1733,3,Neighborhood,UTC+3,Europe/Minsk
304573,BY,BY-MA,Es'mony,Эсьмоны,230,4,village,UTC+3,Europe/Minsk
304576,BY,BY-VI,Ekiman',Экімань,341,3,locality,UTC+3,Europe/Minsk
304578,BY,BY-MI,Dzyarzhynsk,Дзяржынск,25417,2,City,UTC+3,Europe/Minsk
304579,BY,BY-HR,Dirmuny,Dirmuny,172,4,village,UTC+3,Europe/Minsk
304580,BY,BY-BR,Vyalikiya Dzikovichy,Вялікія Дзіковічы,2049,3,Town,UTC+3,Europe/Minsk
304582,BY,BY-HR,Deshkovichi,Дзешкавічы,346366,4,town,UTC+3,Europe/Minsk
304584,BY,BY-HO,Dzerzhinsk,Дзяржынск,944,4,village,UTC+3,Europe/Minsk
304585,BY,BY-VI,Deruki,Deruki,2432,3,Village,UTC+3,Europe/Minsk
304591,BY,BY-MI,Dyya,Дыя,149,4,village,UTC+3,Europe/Minsk
304594,BY,BY-HR,Dervany,Дзерваны,886,3,Neighborhood,UTC+3,Europe/Minsk
304597,BY,BY-HR,Dykhnovichi,Дыхнавічы,61,4,locality,UTC+3,Europe/Minsk
304598,BY,BY-HR,Dyatlovo,Дзятлава,7767,2,locality,UTC+3,Europe/Minsk
304599,BY,BY-HR,Dyatlovichi,Дзятлавічы,67,4,village,UTC+3,Europe/Minsk
304600,BY,BY-BR,Dzyatlavichy,Дзятлавічы,2332,3,locality,UTC+3,Europe/Minsk
304602,BY,BY-HO,Dzyakavichy,Дзякавічы,605,3,locality,UTC+3,Europe/Minsk
304603,BY,BY-MA,Dyagovichi,Дзягавічы,342,4,village,UTC+3,Europe/Minsk
304604,BY,BY-MI,Dyagil'no,Дзягільна,508,4,village,UTC+3,Europe/Minsk
304605,BY,BY-MI,Dzyahili,Дзягілі,224,3,locality,UTC+3,Europe/Minsk
304609,BY,BY-MA,Staryye Dvoryaninovichi,Старыя Дваранінавічы,560,3,Neighborhood,UTC+3,Europe/Minsk
304610,BY,BY-BR,Dvartsy,Дварцы,203,4,village,UTC+3,Europe/Minsk
304612,BY,BY-MA,Dvorovaya,Dvorovaya,185573,3,City,UTC+3,Europe/Minsk
304613,BY,BY-VI,Dvornoye Selo,Дворнае Сяло,214,3,locality,UTC+3,Europe/Minsk
304614,BY,BY-VI,Dvornovo,Дворнава,178,4,locality,UTC+3,Europe/Minsk
304617,BY,BY-VI,Dvorishche,Дварышча,259,3,locality,UTC+3,Europe/Minsk
304622,BY,BY-HM,Dvorishche,Dvorishche,1065,3,Village,UTC+3,Europe/Minsk
304624,BY,BY-HO,Dvoryshcha,Дворышча,319,4,village,UTC+3,Europe/Minsk
304627,BY,BY-VI,Dvorets,Дварэц,148,4,village,UTC+3,Europe/Minsk
304629,BY,BY-HR,Dvorets,Дварэц,805,3,locality,UTC+3,Europe/Minsk
304630,BY,BY-HO,Dvarets,Дварэц,606,3,locality,UTC+3,Europe/Minsk
304631,BY,BY-BR,Dvarets,Дварэц,1240,3,locality,UTC+3,Europe/Minsk
304632,BY,BY-HO,Dvorets,Дварэц,369,3,locality,UTC+3,Europe/Minsk
304634,BY,BY-VI,Dvarchany,Дварчаны,165,4,village,UTC+3,Europe/Minsk
304637,BY,BY-HO,Dvizhki,Дзвіжкі,499,4,village,UTC+3,Europe/Minsk
304639,BY,BY-MA,Duzhawka,Дужаўка,267,4,village,UTC+3,Europe/Minsk
304641,BY,BY-BR,Dushkovtsy,Душкаўцы,8124,3,Neighborhood,UTC+3,Europe/Minsk
304643,BY,BY-MA,Duzhki,Душкі,141,4,village,UTC+3,Europe/Minsk
304644,BY,BY-MI,Dusayevshchina,Дусаеўшчына,532,4,village,UTC+3,Europe/Minsk
304645,BY,BY-HO,Duravichy,Дуравічы,646,3,locality,UTC+3,Europe/Minsk
304646,BY,BY-VI,Dunilovichi,Дунілавічы,744,4,village,UTC+3,Europe/Minsk
304647,BY,BY-MA,Dunayok,Дунаёк,343,4,village,UTC+3,Europe/Minsk
304649,BY,BY-MI,Dunay,Dunay,211,4,village,UTC+3,Europe/Minsk
304651,BY,BY-MI,Dumichi,Думічы,137,4,village,UTC+3,Europe/Minsk
304653,BY,BY-HR,Dulyawtsy,Дуляўцы,304,3,locality,UTC+3,Europe/Minsk
304656,BY,BY-MI,Dulyeby,Дулебы,181,4,locality,UTC+3,Europe/Minsk
304657,BY,BY-MA,Dulebna,Дулебня,102,4,village,UTC+3,Europe/Minsk
304659,BY,BY-MI,Dukorshchina,Дукоршчына,124,4,locality,UTC+3,Europe/Minsk
304661,BY,BY-MI,Dukora,Дукора,1302,4,village,UTC+3,Europe/Minsk
304664,BY,BY-MI,Dunaychitsy,Дунайчыцы,230,4,village,UTC+3,Europe/Minsk
304667,BY,BY-HR,Dudki,Дудкі,130,4,hamlet,UTC+3,Europe/Minsk
304668,BY,BY-MI,Dudki,Дудкі,101,4,hamlet,UTC+3,Europe/Minsk
304670,BY,BY-MI,Dudichi,Дудзічы,263,3,locality,UTC+3,Europe/Minsk
304672,BY,BY-HO,Dudzichy,Дудзічы,741,3,locality,UTC+3,Europe/Minsk
304674,BY,BY-VI,Dudchino,Дудчына,1474,3,Town,UTC+3,Europe/Minsk
304675,BY,BY-MA,Dudakovichi,Дудаковічы,172,4,village,UTC+3,Europe/Minsk
304678,BY,BY-MI,Duby,Дубы,63,4,hamlet,UTC+3,Europe/Minsk
304679,BY,BY-BR,Dubrovki,Dubrovki,1056,3,Neighborhood,UTC+3,Europe/Minsk
304680,BY,BY-VI,Dubravy,Дубровы,203,4,village,UTC+3,Europe/Minsk
304688,BY,BY-MI,Dubrovo,Дубрава,575,4,village,UTC+3,Europe/Minsk
304689,BY,BY-MA,Dubrova,Дуброва,335,4,village,UTC+3,Europe/Minsk
304690,BY,BY-HR,Dubrovo,Дубрава,21210,3,Neighborhood,UTC+3,Europe/Minsk
304691,BY,BY-VI,Dubrowna,Дуброўна,7232,2,City,UTC+3,Europe/Minsk
304692,BY,BY-HR,Dubrownya,Дуброўня,405,3,locality,UTC+3,Europe/Minsk
304698,BY,BY-MI,Dubrawka,Дубраўка,799,3,locality,UTC+3,Europe/Minsk
304699,BY,BY-VI,Dubrovka,Дубраўка,98,4,village,UTC+3,Europe/Minsk
304700,BY,BY-VI,Dubrovka,Дубраўка,248,3,locality,UTC+3,Europe/Minsk
304702,BY,BY-MI,Dubrovka,Дуброўка,245,4,village,UTC+3,Europe/Minsk
304705,BY,BY-MA,Dubrovka Pervaya,Дубраўка 1,122,4,hamlet,UTC+3,Europe/Minsk
304707,BY,BY-MI,Dubrovka,Дубраўка,11042,3,Neighborhood,UTC+3,Europe/Minsk
304713,BY,BY-MA,Dubrovka,Дубраўка,72,4,locality,UTC+3,Europe/Minsk
304716,BY,BY-HO,Dubrovka,Дубраўка,223,4,village,UTC+3,Europe/Minsk
304719,BY,BY-VI,Dubrovo,Дубрава,284,4,village,UTC+3,Europe/Minsk
304722,BY,BY-MA,Dubrova,Дуброва,202,4,hamlet,UTC+3,Europe/Minsk
304724,BY,BY-HO,Dubrova,Дуброва,510,4,village,UTC+3,Europe/Minsk
304725,BY,BY-HO,Dubrova,Дуброва,131,4,hamlet,UTC+3,Europe/Minsk
304726,BY,BY-HO,Dubrova,Дуброва,1529,3,Neighborhood,UTC+3,Europe/Minsk
304727,BY,BY-HO,Dubrova,Дуброва,436,4,village,UTC+3,Europe/Minsk
304730,BY,\N,Dubay,Дубай,309,4,hamlet,UTC+3,Europe/Minsk
304731,BY,BY-BR,Dubay,Дубай,739,4,hamlet,UTC+3,Europe/Minsk
304732,BY,BY-HO,Dubovyy Log,Дубовы Лог,1170,3,Town,UTC+3,Europe/Minsk
304733,BY,BY-MI,Dubovyy Les,Dubovyy Les,1162,3,Neighborhood,UTC+3,Europe/Minsk
304734,BY,BY-HR,Dubawtsy,Дубаўцы,13304,3,City,UTC+3,Europe/Minsk
304738,BY,BY-MI,Starodubovo,Starodubovo,2464,3,City,UTC+3,Europe/Minsk
304739,BY,BY-BR,Dubovo,Дубава,237,3,locality,UTC+3,Europe/Minsk
304740,BY,BY-MI,Dubovlyany,Дубаўляны,294,3,locality,UTC+3,Europe/Minsk
304745,BY,BY-BR,Dubok,Дубок,143,4,hamlet,UTC+3,Europe/Minsk
304747,BY,BY-BR,Dubnavichy,Дубнавічы,232,3,locality,UTC+3,Europe/Minsk
304748,BY,BY-MA,Dubno,Дубно,88,4,hamlet,UTC+3,Europe/Minsk
304749,BY,BY-HR,Dubno,Дубна,1375,3,Neighborhood,UTC+3,Europe/Minsk
304751,BY,BY-VI,Dubnitsy,Дубніцы,137,4,locality,UTC+3,Europe/Minsk
304752,BY,BY-HO,Dubnitskoye,Дубніцкае,172,4,village,UTC+3,Europe/Minsk
304754,BY,BY-MI,Dubniki,Дубнікі,214,4,hamlet,UTC+3,Europe/Minsk
304755,BY,BY-MA,Poblin,Поблін,6345,3,Neighborhood,UTC+3,Europe/Minsk
304756,BY,BY-HO,Dublin,Дублін,260,3,Neighborhood,UTC+3,Europe/Minsk
304762,BY,BY-BR,Dubitsa,Дубіца,82,4,locality,UTC+3,Europe/Minsk
304770,BY,BY-MI,Dubina Bayarskaya,Дубіна Баярская,180,4,locality,UTC+3,Europe/Minsk
304774,BY,BY-MI,Dubeyki,Дубейкі,79,4,locality,UTC+3,Europe/Minsk
304776,BY,BY-BR,Bor-Dubenetskiy,Бор-Дубінец,409,3,locality,UTC+3,Europe/Minsk
304777,BY,BY-BR,Dubyenyets,Дубенец,328,4,village,UTC+3,Europe/Minsk
304779,BY,BY-MI,Dubei,Дубеі,148,4,locality,UTC+3,Europe/Minsk
304780,BY,BY-BR,Dubichno,Дубічна,140,4,village,UTC+3,Europe/Minsk
304782,BY,BY-MI,Duboshi,Duboshi,72778,3,City,UTC+3,Europe/Minsk
304785,BY,BY-MA,Drybin,Дрыбін,2945,2,Urban Settlement,UTC+3,Europe/Minsk
304788,BY,\N,Druzhylavichy,Дружылавічы,501,4,village,UTC+3,Europe/Minsk
304789,BY,BY-VI,Druysk,Друйск,260,3,locality,UTC+3,Europe/Minsk
304790,BY,BY-VI,Druja,Друя,1225,4,village,UTC+3,Europe/Minsk
304791,BY,BY-VI,Drutsk,Друцк,262,4,village,UTC+3,Europe/Minsk
304793,BY,BY-VI,Drozdy,Дразды,297,3,locality,UTC+3,Europe/Minsk
304797,BY,BY-MI,Drozdino,Дроздзіна,106109,3,City,UTC+3,Europe/Minsk
304798,BY,BY-BR,Drogichin,Драгічын,14804,2,Town,UTC+3,Europe/Minsk
304801,BY,BY-BR,Drochava,Дрочава,173,4,village,UTC+3,Europe/Minsk
304804,BY,BY-VI,Drysvyaty,Дрысвяты,280,3,Neighborhood,UTC+3,Europe/Minsk
304805,BY,BY-MI,Drychyn,Дрычын,705,4,village,UTC+3,Europe/Minsk
304806,BY,BY-MA,Drychyn,Дрычын,269,4,village,UTC+3,Europe/Minsk
304807,BY,BY-HR,Dreveniki,Дравянікі,104,4,locality,UTC+3,Europe/Minsk
304808,BY,BY-VI,Dretun',Дрэтунь,380,4,village,UTC+3,Europe/Minsk
304812,BY,BY-VI,Drekol'ye,Дрыколле,98,4,locality,UTC+3,Europe/Minsk
304814,BY,BY-BR,Drebsk,Дрэбск,985,4,village,UTC+3,Europe/Minsk
304816,BY,BY-MI,Drazhna,Дражна,394,4,village,UTC+3,Europe/Minsk
304824,BY,BY-MI,Drachkava,Драчкава,891,3,locality,UTC+3,Europe/Minsk
304825,BY,BY-MI,Drabovshchina,Драбаўшчына,372,3,locality,UTC+3,Europe/Minsk
304827,BY,BY-HR,Daylidy,Дайліды,392233,3,City,UTC+3,Europe/Minsk
304830,BY,BY-HO,Dowsk,Доўск,1840,4,Town,UTC+3,Europe/Minsk
304831,BY,BY-HR,Downary,Доўнары,363,3,locality,UTC+3,Europe/Minsk
304833,BY,BY-HR,Dawhyerdzishki,Даўгердзішкі,62,4,village,UTC+3,Europe/Minsk
304834,BY,BY-MI,Dovbeni,Даўбені,101,4,village,UTC+3,Europe/Minsk
304835,BY,BY-BR,Dastoyeva,Дастоева,555,4,village,UTC+3,Europe/Minsk
304840,BY,BY-MI,Dory,Доры,517,3,Village,UTC+3,Europe/Minsk
304842,BY,BY-HO,Doroshevichi,Дарашэвічы,139,4,locality,UTC+3,Europe/Minsk
304846,BY,BY-HR,Dorogovo,Дорагава,93,4,locality,UTC+3,Europe/Minsk
304847,BY,BY-HR,Doroglyany,Дарагляны,377,3,locality,UTC+3,Europe/Minsk
304849,BY,BY-MA,Dorogaya,Дарагая,100,4,locality,UTC+3,Europe/Minsk
304851,BY,BY-HR,Dorhishki,Доргішкі,276,4,village,UTC+3,Europe/Minsk
304852,BY,BY-VI,Domzharytsy,Домжарыцы,392,3,locality,UTC+3,Europe/Minsk
304853,BY,BY-MI,Domovitsk,Дамавіцк,291,3,locality,UTC+3,Europe/Minsk
304854,BY,\N,Domoslave,Domoslave,165950,3,City,UTC+3,Europe/Minsk
304855,BY,BY-VI,Domniki,Домнікі,75,4,hamlet,UTC+3,Europe/Minsk
304856,BY,BY-MI,Damatkanavichy,Даматканавічы,761,3,locality,UTC+3,Europe/Minsk
304857,BY,BY-VI,Domashkovichi,Дамашкавічы,96,4,locality,UTC+3,Europe/Minsk
304858,BY,\N,Damashytsy,Дамашыцы,753,3,locality,UTC+3,Europe/Minsk
304863,BY,BY-MA,Domany,Domany,948,3,Neighborhood,UTC+3,Europe/Minsk
304865,BY,BY-BR,Damanava,Даманава,1584,4,village,UTC+3,Europe/Minsk
304866,BY,BY-MI,Damanavichy,Даманавічы,174,4,locality,UTC+3,Europe/Minsk
304867,BY,BY-HO,Damanavichy,Даманавічы,681,3,locality,UTC+3,Europe/Minsk
304868,BY,BY-HO,Dimamerki,Дзімамеркі,198,4,locality,UTC+3,Europe/Minsk
304869,BY,BY-MA,Domamerichi,Дамамерычы,107,4,locality,UTC+3,Europe/Minsk
304870,BY,BY-BR,Damachava,Дамачава,1211,3,Urban Settlement,UTC+3,Europe/Minsk
304874,BY,BY-HR,Dolmatovshchina,Далматаўшчына,129,4,locality,UTC+3,Europe/Minsk
304877,BY,BY-MA,Dowhaye,Доўгае,1636,3,Neighborhood,UTC+3,Europe/Minsk
304878,BY,BY-MA,Dolgaya,Доўгае,110,4,locality,UTC+3,Europe/Minsk
304879,BY,BY-HR,Dolgaya,Доўгая,146,4,village,UTC+3,Europe/Minsk
304880,BY,BY-BR,Dolgoye,Доўгае,82,4,village,UTC+3,Europe/Minsk
304881,BY,\N,Dolgoye,Dolgoye,71,4,village,UTC+3,Europe/Minsk
304882,BY,BY-MI,Dowhaye,Доўгае,1629,4,village,UTC+3,Europe/Minsk
304883,BY,BY-MA,Dowhavichy,Доўгавічы,261,3,locality,UTC+3,Europe/Minsk
304884,BY,BY-MA,Sloboda,Слабада,261,3,locality,UTC+3,Europe/Minsk
304885,BY,BY-VI,Dawhapollye,Даўгаполле,343513,4,town,UTC+3,Europe/Minsk
304886,BY,BY-MA,Dolgiy Mokh,Доўгі Мох,117,4,village,UTC+3,Europe/Minsk
304888,BY,BY-VI,Dolginovo,Даўгінава,211,3,locality,UTC+3,Europe/Minsk
304889,BY,BY-MI,Dawhinava,Даўгінава,1138,3,locality,UTC+3,Europe/Minsk
304897,BY,BY-MI,Dakudava,Дакудава,368,4,village,UTC+3,Europe/Minsk
304898,BY,BY-HR,Dokudovo,Дакудава,283,4,hamlet,UTC+3,Europe/Minsk
304900,BY,BY-MI,Doktorovichi,Доктаравічы,201,3,locality,UTC+3,Europe/Minsk
304901,BY,BY-VI,Dokshytsy,Докшыцы,6726,2,City,UTC+3,Europe/Minsk
304902,BY,BY-MA,Dakol',Даколь,325,4,hamlet,UTC+3,Europe/Minsk
304905,BY,BY-BR,Dabuchyn,Дабучын,174,4,village,UTC+3,Europe/Minsk
304910,BY,BY-VI,Dobryn',Дабрынь,271,3,locality,UTC+3,Europe/Minsk
304912,BY,BY-HO,Dobryn',Дабрынь,688,4,village,UTC+3,Europe/Minsk
304913,BY,BY-HO,Dobrush,Добруш,18269,2,City,UTC+3,Europe/Minsk
304916,BY,BY-BR,Dobroye,Dobroye,35740,3,City,UTC+3,Europe/Minsk
304917,BY,BY-HR,Dabravolya,Дабраволя,430,4,village,UTC+3,Europe/Minsk
304918,BY,BY-HO,Dobrovol'shcha,Дабравольшча,85,4,locality,UTC+3,Europe/Minsk
304921,BY,BY-MA,Dobrosnevichi,Дабрасневічы,63,4,village,UTC+3,Europe/Minsk
304922,BY,BY-BR,Dabraslawka,Дабраслаўка,496169,3,City,UTC+3,Europe/Minsk
304923,BY,BY-HR,Dobrosel'tsy,Дабрасельцы,116,4,village,UTC+3,Europe/Minsk
304925,BY,BY-VI,Dobromysli,Дабрамыслі,1110,3,locality,UTC+3,Europe/Minsk
304926,BY,BY-BR,Dabromysl',Дабромысль,571,4,village,UTC+3,Europe/Minsk
304927,BY,BY-HO,Dabrahoshcha,Дабрагошча,490,3,locality,UTC+3,Europe/Minsk
304928,BY,BY-MA,Dobritsa,Дабрыца,178,4,village,UTC+3,Europe/Minsk
304930,BY,BY-VI,Dobrino,Добрына,427,3,locality,UTC+3,Europe/Minsk
304931,BY,BY-VI,Dobrino,Добрына,996,3,Neighborhood,UTC+3,Europe/Minsk
304932,BY,BY-MI,Dabrynyova,Дабрынёва,244,4,village,UTC+3,Europe/Minsk
304934,BY,BY-MI,Dobrenevo,Дабрэнева,58,4,village,UTC+3,Europe/Minsk
304935,BY,BY-MA,Dobraya,Добрая,406,4,village,UTC+3,Europe/Minsk
304936,BY,BY-MA,Dobasna,Добасна,455,4,village,UTC+3,Europe/Minsk
304937,BY,BY-VI,Dobeya,Дабея,304,4,village,UTC+3,Europe/Minsk
304941,BY,BY-MA,Dmitrovka Vtoraya,Дзмітраўка 2,733,3,locality,UTC+3,Europe/Minsk
304942,BY,BY-MI,Dzmitravichy,Дзмітравічы,454,4,village,UTC+3,Europe/Minsk
304943,BY,BY-BR,Dzmitravichy,Дзмітравічы,588,4,village,UTC+3,Europe/Minsk
304946,BY,BY-BR,Divin,Дзівін,3331,3,locality,UTC+3,Europe/Minsk
304947,BY,BY-VI,Dzisna,Дзісна,1500,3,City,UTC+3,Europe/Minsk
304949,BY,BY-HO,Dikalovka,Dikalovka,850,3,Neighborhood,UTC+3,Europe/Minsk
304952,BY,BY-HR,Daylidki,Дайлідкі,327,4,village,UTC+3,Europe/Minsk
304953,BY,BY-HR,Dzyevyatni,Дзевятні,222,4,village,UTC+3,Europe/Minsk
304954,BY,BY-HR,Devyatkovtsy,Дзевяткоўцы,548,3,Village,UTC+3,Europe/Minsk
304956,BY,BY-BR,Dzyevyatki,Дзевяткі,186,4,village,UTC+3,Europe/Minsk
304958,BY,BY-VI,Devino,Дзевіна,89,4,village,UTC+3,Europe/Minsk
304959,BY,BY-MI,Devenitsa,Devenitsa,845,3,Neighborhood,UTC+3,Europe/Minsk
304961,BY,BY-BR,Dzyetkavichy,Дзеткавічы,543,3,locality,UTC+3,Europe/Minsk
304964,BY,BY-MI,Derutskaya,Derutskaya,53034,3,Neighborhood,UTC+3,Europe/Minsk
304968,BY,BY-VI,Dzyernavichy,Дзернавічы,366,3,locality,UTC+3,Europe/Minsk
304970,BY,BY-VI,Derkovshchina,Дзеркаўшчына,982,3,locality,UTC+3,Europe/Minsk
304971,BY,BY-HR,Dergili,Дзергілі,125,4,village,UTC+3,Europe/Minsk
304972,BY,BY-MI,Dergai,Дзергаі,108,3,Neighborhood,UTC+3,Europe/Minsk
304975,BY,BY-BR,Derevnaya,Дзераўная,296,3,locality,UTC+3,Europe/Minsk
304976,BY,BY-BR,Derevnaya,Дзераўная,1636,3,Village,UTC+3,Europe/Minsk
304977,BY,BY-MI,Dzyerawnaya,Дзераўная,1511,4,village,UTC+3,Europe/Minsk
304978,BY,BY-HR,Dzyerawnaya,Дзераўная,661,4,village,UTC+3,Europe/Minsk
304979,BY,BY-HO,Derevishche,Derevishche,4256,3,City,UTC+3,Europe/Minsk
304981,BY,BY-HR,Derechin,Деречин,610,4,village,UTC+3,Europe/Minsk
304982,BY,BY-HO,Derbichi,Дзербічы,604,4,village,UTC+3,Europe/Minsk
304983,BY,BY-MA,Derazhnya,Derazhnya,7740,4,town,UTC+3,Europe/Minsk
304986,BY,BY-HO,Derazhichi,Дзяражычы,101,4,village,UTC+3,Europe/Minsk
304987,BY,BY-HR,Den'kovtsy,Дзенькаўцы,704,3,Village,UTC+3,Europe/Minsk
304991,BY,BY-MI,Novyya Dzyanisavichy,Новыя Дзянісавічы,300,4,village,UTC+3,Europe/Minsk
304993,BY,BY-BR,Dzyaniskavichy,Дзяніскавічы,1223,3,locality,UTC+3,Europe/Minsk
304996,BY,BY-HR,Demyanovtsy,Дзям’янаўцы,121,4,village,UTC+3,Europe/Minsk
304998,BY,BY-BR,Demyanichi,Дзяменічы,1058,3,Neighborhood,UTC+3,Europe/Minsk
305001,BY,BY-BR,Dzyamidawshchyna,Дзямідаўшчына,91,4,locality,UTC+3,Europe/Minsk
305003,BY,BY-MI,Demidovichi,Дзямідавічы,92,4,village,UTC+3,Europe/Minsk
305004,BY,BY-HO,Demidov,Дзямідаў,284,4,village,UTC+3,Europe/Minsk
305008,BY,BY-HO,Dzyemyakhi,Дземяхі,291,3,locality,UTC+3,Europe/Minsk
305009,BY,BY-HR,Dembrovo,Дамброва,598,4,village,UTC+3,Europe/Minsk
305010,BY,BY-HR,Delyatichi,Дзяляцічы,213,3,locality,UTC+3,Europe/Minsk
305012,BY,BY-MI,Degtyarovka,Дзегцяроўка,321,3,locality,UTC+3,Europe/Minsk
305013,BY,BY-MI,Degtyanyye,Дзягцяныя,128,4,locality,UTC+3,Europe/Minsk
305020,BY,BY-HO,Dziedauka,Дзедаўка,247,4,hamlet,UTC+3,Europe/Minsk
305029,BY,BY-MI,Dedilovichi,Дзедзілавічы,132,4,village,UTC+3,Europe/Minsk
305033,BY,BY-HR,Daynova Pervaya,Дайнава 1,147,4,locality,UTC+3,Europe/Minsk
305034,BY,BY-HO,Davydawka,Давыдаўка,68,4,village,UTC+3,Europe/Minsk
305037,BY,BY-HO,Davydovichi,Давыдавічы,1399,3,Neighborhood,UTC+3,Europe/Minsk
305039,BY,BY-BR,Davyd-Haradok,Давыд-Гарадок,5943,3,City,UTC+3,Europe/Minsk
305041,BY,BY-HR,Dashkovtsy,Дашкаўцы,11071,4,town,UTC+3,Europe/Minsk
305042,BY,BY-MA,Dashkawka,Дашкаўка,1528,4,village,UTC+3,Europe/Minsk
305045,BY,BY-HR,Dashkavichy,Дашкавічы,54,4,village,UTC+3,Europe/Minsk
305047,BY,BY-MA,Dary Pervyye,Дары,60,4,locality,UTC+3,Europe/Minsk
305050,BY,BY-BR,Darevo-Chizh,Дарава-Чыж,404,3,locality,UTC+3,Europe/Minsk
305051,BY,BY-BR,Derevnaya,Дзераўная,163,4,village,UTC+3,Europe/Minsk
305053,BY,BY-MI,Darasino,Дарасіно,463,4,village,UTC+3,Europe/Minsk
305054,BY,BY-MA,Darahanava,Дараганава,338,3,Neighborhood,UTC+3,Europe/Minsk
305056,BY,\N,Daniluvka,Daniluvka,940,3,Neighborhood,UTC+3,Europe/Minsk
305057,BY,BY-HR,Danilovtsy,Данілаўцы,176,4,village,UTC+3,Europe/Minsk
305058,BY,BY-MA,Danilovsk,Danilovsk,266,3,Neighborhood,UTC+3,Europe/Minsk
305059,BY,BY-HO,Danilovka,Данілоўка,155,4,village,UTC+3,Europe/Minsk
305060,BY,BY-HO,Danilovka,Данілаўка,122,4,village,UTC+3,Europe/Minsk
305061,BY,BY-MI,Danilavichy,Данілавічы,407,3,locality,UTC+3,Europe/Minsk
305062,BY,BY-HR,Danilovichi,Данілавічы,174,4,village,UTC+3,Europe/Minsk
305063,BY,BY-HO,Danilavichy,Данілавічы,375,4,village,UTC+3,Europe/Minsk
305064,BY,BY-HR,Danilki,Данілкі,58,4,hamlet,UTC+3,Europe/Minsk
305071,BY,BY-VI,Daliki,Далікі,126,4,hamlet,UTC+3,Europe/Minsk
305073,BY,BY-VI,Dalyokiya,Далёкія,364,3,locality,UTC+3,Europe/Minsk
305082,BY,BY-MI,Churilovo,Чурылава,1584,3,Neighborhood,UTC+3,Europe/Minsk
305084,BY,BY-BR,Chukhava,Чухава,1136,3,locality,UTC+3,Europe/Minsk
305089,BY,BY-BR,Chudzin,Чудзін,9266,3,City,UTC+3,Europe/Minsk
305091,BY,BY-BR,Shubichi,Шубічы,77,4,locality,UTC+3,Europe/Minsk
305092,BY,BY-MI,Chalanyets,Чаланец,506,3,locality,UTC+3,Europe/Minsk
305094,BY,BY-HO,Chkalovo,Чкалава,357,3,locality,UTC+3,Europe/Minsk
305095,BY,BY-HO,Chkalovo,Чкалава,491,3,locality,UTC+3,Europe/Minsk
305097,BY,BY-VI,Chizhovka,Чыжоўка,148,4,locality,UTC+3,Europe/Minsk
305098,BY,BY-MA,Chizhi,Chizhi,766,3,Village,UTC+3,Europe/Minsk
305100,BY,BY-BR,Chizhevshchizna,Чыжэўшчына,219,4,village,UTC+3,Europe/Minsk
305103,BY,BY-MA,Chistiki,Chistiki,3920,3,Neighborhood,UTC+3,Europe/Minsk
305104,BY,BY-HO,Chistyye Luzhi,Чыстыя Лужы,60,4,locality,UTC+3,Europe/Minsk
305105,BY,BY-HO,Chyrkavichy,Чыркавічы,1086,3,locality,UTC+3,Europe/Minsk
305106,BY,BY-VI,Chirino,Чырына,205,3,locality,UTC+3,Europe/Minsk
305107,BY,BY-MA,Chikovka,Chikovka,1385,3,Village,UTC+3,Europe/Minsk
305108,BY,BY-MA,Chykili,Чыкілі,106,4,village,UTC+3,Europe/Minsk
305110,BY,BY-MA,Chyhirynka,Чыгірынка,447,3,locality,UTC+3,Europe/Minsk
305112,BY,BY-HO,Chetvernya,Чацвярня,159,4,hamlet,UTC+3,Europe/Minsk
305113,BY,BY-MI,Tsyesnavaya Pyeshaya,Цеснавая Пешая,292,3,locality,UTC+3,Europe/Minsk
305117,BY,BY-BR,Tsyeshawlye,Цешаўля,554,3,locality,UTC+3,Europe/Minsk
305118,BY,BY-HR,Cheshchevlyany,Чашчаўляны,95,4,village,UTC+3,Europe/Minsk
305129,BY,BY-HR,Chervonoye Selo,Чырвонае Сяло,188,4,locality,UTC+3,Europe/Minsk
305130,BY,BY-MA,Krasnyy Osovets,Красны Асавец,118,4,locality,UTC+3,Europe/Minsk
305133,BY,BY-MI,Krasnoye Ozero,Краснае Возера,133,4,village,UTC+3,Europe/Minsk
305134,BY,BY-HO,Chyrvonaya Slabada,Чырвоная Слабада,611,4,village,UTC+3,Europe/Minsk
305135,BY,BY-MI,Chyrvonaya Shvabawka,Чырвоная Швабаўка,340,4,village,UTC+3,Europe/Minsk
305141,BY,BY-MI,Cervien,Чэрвень,10150,3,City,UTC+3,Europe/Minsk
305143,BY,BY-VI,Chertsy,Чэрцы,218,3,locality,UTC+3,Europe/Minsk
305144,BY,BY-MI,Chertovichi,Chertovichi,11171,3,Neighborhood,UTC+3,Europe/Minsk
305146,BY,BY-BR,Chersk,Чэрск,150,4,village,UTC+3,Europe/Minsk
305150,BY,BY-MA,Chernyshin,Chernyshin,59,4,village,UTC+3,Europe/Minsk
305153,BY,BY-MI,Chernyavka,Chernyavka,1662,3,Neighborhood,UTC+3,Europe/Minsk
305154,BY,BY-MA,Charnyawka,Чарняўка,194,4,village,UTC+3,Europe/Minsk
305158,BY,BY-BR,Chernyany,Чарняны,1490,3,Neighborhood,UTC+3,Europe/Minsk
305159,BY,BY-MA,Chernyakovka,Чарнякоўка,127,4,locality,UTC+3,Europe/Minsk
305161,BY,BY-VI,Chernoye,Чорнае,133,4,village,UTC+3,Europe/Minsk
305162,BY,BY-MA,Vialikaje Cornaje,Вялікае Чорнае,134,4,village,UTC+3,Europe/Minsk
305163,BY,BY-HO,Chornaye,Чорнае,120,4,village,UTC+3,Europe/Minsk
305164,BY,BY-HO,Chernovshchina,Чарноўшчына,51,4,village,UTC+3,Europe/Minsk
305167,BY,BY-MA,Charnaruchcha,Чарнаручча,312,3,locality,UTC+3,Europe/Minsk
305168,BY,BY-MI,Chernogubovo,Чарнагубава,267,4,hamlet,UTC+3,Europe/Minsk
305170,BY,BY-MI,Chernograd',Чарнаградзь,509,3,locality,UTC+3,Europe/Minsk
305173,BY,BY-VI,Chernitsy,Чарніцы,133,4,locality,UTC+3,Europe/Minsk
305179,BY,BY-HO,Chernin,Чэрнін,107,4,village,UTC+3,Europe/Minsk
305180,BY,BY-MI,Chernikovshchina,Чэрнікаўшчына,379,3,locality,UTC+3,Europe/Minsk
305181,BY,BY-BR,Verkhneye Chernikhovo,Verkhneye Chernikhovo,1109,3,Village,UTC+3,Europe/Minsk
305182,BY,BY-BR,Cherni,Чэрні,2685,4,village,UTC+3,Europe/Minsk
305184,BY,BY-MA,Chernyewka,Чэрнеўка,356,3,locality,UTC+3,Europe/Minsk
305185,BY,BY-MI,Charnyevichy,Чарневічы,341,4,village,UTC+3,Europe/Minsk
305190,BY,BY-BR,Charnawchytsy,Чарнаўчыцы,2372,3,Village,UTC+3,Europe/Minsk
305191,BY,BY-BR,Chernaki,Чарнакі,124,4,village,UTC+3,Europe/Minsk
305194,BY,BY-VI,Cherkasy,Чаркасы,3019,3,Neighborhood,UTC+3,Europe/Minsk
305197,BY,BY-MA,Cherikov,Чэрыкаў,7855,2,village,UTC+3,Europe/Minsk
305198,BY,BY-VI,Chereya,Чарэя,523,3,locality,UTC+3,Europe/Minsk
305199,BY,BY-MI,Cherevki,Чараўкі,187,4,village,UTC+3,Europe/Minsk
305202,BY,BY-HO,Cheretyanka,Чарацянка,537,3,locality,UTC+3,Europe/Minsk
305204,BY,BY-VI,Charasy,Чарасы,395,4,village,UTC+3,Europe/Minsk
305210,BY,BY-MA,Cherenki,Чарэнкі,9044,3,City,UTC+3,Europe/Minsk
305214,BY,BY-HR,Cherchychy,Чэрчычы,1455,3,Neighborhood,UTC+3,Europe/Minsk
305215,BY,BY-MI,Chapyali,Чапялі,431,4,village,UTC+3,Europe/Minsk
305216,BY,BY-BR,Chepeli,Чапялі,193,4,locality,UTC+3,Europe/Minsk
305218,BY,BY-HR,Chenevichi,Чэневічы,57,4,village,UTC+3,Europe/Minsk
305219,BY,BY-HR,Chemery,Чамяры,1164,3,Village,UTC+3,Europe/Minsk
305222,BY,BY-BR,Chemerin,Чамярын,254,4,village,UTC+3,Europe/Minsk
305224,BY,BY-BR,Chemely,Чамялы,159,4,village,UTC+3,Europe/Minsk
305225,BY,BY-HO,Chalyushchavichy,Чалюшчавічы,643,4,village,UTC+3,Europe/Minsk
305228,BY,BY-HR,Chekhi,Чэхі,124,4,village,UTC+3,Europe/Minsk
305231,BY,BY-VI,Mosalki,Mosalki,1301,3,Neighborhood,UTC+3,Europe/Minsk
305232,BY,BY-VI,Chechuki,Чачукі,124,4,locality,UTC+3,Europe/Minsk
305233,BY,BY-MA,Chachevichy,Чачэвічы,296,3,locality,UTC+3,Europe/Minsk
305234,BY,BY-HO,Chachersk,Чачэрск,8799,3,City,UTC+3,Europe/Minsk
305235,BY,BY-HO,Chabatovichy,Чабатовічы,319,4,village,UTC+3,Europe/Minsk
305237,BY,BY-MA,Chausy,Чавусы,9993,2,Town,UTC+3,Europe/Minsk
305239,BY,BY-VI,Chashniki,Чашнікі,8558,2,City,UTC+3,Europe/Minsk
305246,BY,BY-MI,Chernova,Чарнава,898,3,Neighborhood,UTC+3,Europe/Minsk
305247,BY,BY-HR,Vyalikaya Chapun',Вялікая Чапунь,80,4,village,UTC+3,Europe/Minsk
305248,BY,BY-MI,Chaplitsy,Чапліцы,150,4,village,UTC+3,Europe/Minsk
305249,BY,BY-HO,Chaplin,Чаплін,131,4,village,UTC+3,Europe/Minsk
305252,BY,BY-VI,Chepelino,Chepelino,1623,3,Neighborhood,UTC+3,Europe/Minsk
305256,BY,BY-BR,Chakhets,Чахец,116,4,hamlet,UTC+3,Europe/Minsk
305257,BY,BY-MI,Chachkovo,Чачкава,1001,4,village,UTC+3,Europe/Minsk
305259,BY,\N,Bzhukhache,Bzhukhache,962,3,Village,UTC+3,Europe/Minsk
305261,BY,BY-HO,Byval'ki,Бывалькі,594,4,village,UTC+3,Europe/Minsk
305263,BY,BY-BR,Bytsyen',Быцень,1719,4,village,UTC+3,Europe/Minsk
305264,BY,BY-MI,Bytcha,Бытча,428,3,locality,UTC+3,Europe/Minsk
305266,BY,BY-VI,Bystromovtsy,Быстрамаўцы,107,4,locality,UTC+3,Europe/Minsk
305267,BY,BY-HR,Bystritsa,Быстрыца,174,4,locality,UTC+3,Europe/Minsk
305268,BY,BY-MI,Bystrytsa,Быстрыца,258592,3,City,UTC+3,Europe/Minsk
305274,BY,BY-MI,Bol'shaya Bykhovshchina,Вялікая Быхаўшчына,216,3,locality,UTC+3,Europe/Minsk
305275,BY,BY-MI,Malaya Bykhovshchina,Malaya Bykhovshchina,1952,3,City,UTC+3,Europe/Minsk
305276,BY,\N,Bykhovshchina,Bykhovshchina,751,3,Neighborhood,UTC+3,Europe/Minsk
305277,BY,BY-MA,Bykhov,Быхаў,16514,2,Town,UTC+3,Europe/Minsk
305278,BY,BY-HR,Byenyakoni,Беняконі,1299,3,locality,UTC+3,Europe/Minsk
305280,BY,BY-VI,Bychikha,Бычыха,556,4,village,UTC+3,Europe/Minsk
305281,BY,BY-BR,Byaroza,Бяроза,28972,2,City,UTC+3,Europe/Minsk
305284,BY,BY-HR,Byelahurna,Белагурна,251,3,locality,UTC+3,Europe/Minsk
305290,BY,BY-HO,Buynovichi,Буйнавічы,1025,2,village,UTC+3,Europe/Minsk
305291,BY,BY-MA,Buynichy,Буйнічы,2784,3,Neighborhood,UTC+3,Europe/Minsk
305298,BY,BY-MI,Butsevichi,Буцэвічы,414,3,Neighborhood,UTC+3,Europe/Minsk
305300,BY,BY-HR,Butily,Буцілы,152,4,village,UTC+3,Europe/Minsk
305302,BY,BY-BR,Busyazh,Бусяж,184,4,locality,UTC+3,Europe/Minsk
305303,BY,BY-BR,Busa,Буса,154,4,hamlet,UTC+3,Europe/Minsk
305306,BY,BY-BR,Bushmichi,Бушмічы,133,4,locality,UTC+3,Europe/Minsk
305307,BY,BY-HO,Bushevka,Бушаўка,140,4,village,UTC+3,Europe/Minsk
305315,BY,BY-HO,Burki,Буркі,332,4,village,UTC+3,Europe/Minsk
305321,BY,\N,Buraki Pervyye,Buraki Pervyye,141,4,village,UTC+3,Europe/Minsk
305322,BY,BY-HR,Bor,Бор,224,4,hamlet,UTC+3,Europe/Minsk
305325,BY,BY-BR,Bula,Була,1901,3,Neighborhood,UTC+3,Europe/Minsk
305326,BY,BY-BR,Bulkowo,Булькова,157,4,village,UTC+3,Europe/Minsk
305328,BY,BY-VI,Bulavki,Булаўкі,95,4,village,UTC+3,Europe/Minsk
305329,BY,BY-HO,Bulavki,Булаўкі,152,4,locality,UTC+3,Europe/Minsk
305330,BY,BY-HO,Bulavki,Булаўкі,257,4,village,UTC+3,Europe/Minsk
305332,BY,BY-MA,Bukino,Букіно,266,4,hamlet,UTC+3,Europe/Minsk
305336,BY,BY-HO,Bukcha,Букча,869,4,village,UTC+3,Europe/Minsk
305340,BY,BY-MA,Buglai,Buglai,122,3,Neighborhood,UTC+3,Europe/Minsk
305347,BY,BY-VI,Budno,Budno,705,4,village,UTC+3,Europe/Minsk
305349,BY,BY-VI,Budniki,Буднікі,773,3,Village,UTC+3,Europe/Minsk
305350,BY,BY-MA,Budnevo,Буднева,3183,3,Neighborhood,UTC+3,Europe/Minsk
305351,BY,BY-HO,Budki,Будкі,1059,3,Neighborhood,UTC+3,Europe/Minsk
305352,BY,BY-HO,Budki,Будкі,187,4,hamlet,UTC+3,Europe/Minsk
305354,BY,BY-HO,Budka,Будка,249,4,hamlet,UTC+3,Europe/Minsk
305359,BY,BY-HO,Budishche,Budishche,99710,3,City,UTC+3,Europe/Minsk
305366,BY,BY-BR,Budcha,Будча,767,3,locality,UTC+3,Europe/Minsk
305367,BY,BY-HO,Buda-Sofiyevka,Буда-Сафіеўка,390,3,locality,UTC+3,Europe/Minsk
305371,BY,BY-HO,Buda-Kashalyova,Буда-Кашалёва,8750,2,City,UTC+3,Europe/Minsk
305374,BY,BY-VI,Buda,Буда,60,4,hamlet,UTC+3,Europe/Minsk
305375,BY,BY-VI,Buda,Буда,335,3,Neighborhood,UTC+3,Europe/Minsk
305377,BY,BY-MA,Budy,Буды,216,4,hamlet,UTC+3,Europe/Minsk
305381,BY,BY-HO,Buda,Буда,181,4,hamlet,UTC+3,Europe/Minsk
305382,BY,BY-HO,Buda,Галоўчыцкая Буда,302,4,village,UTC+3,Europe/Minsk
305384,BY,BY-MI,Buchatsina,Бучаціна,507,4,village,UTC+3,Europe/Minsk
305386,BY,BY-MI,Bubny,Бубны,267,4,hamlet,UTC+3,Europe/Minsk
305389,BY,BY-MI,Brinichevo,Brinichevo,92,4,village,UTC+3,Europe/Minsk
305390,BY,BY-HO,Brynyow,Брынёў,605,4,village,UTC+3,Europe/Minsk
305391,BY,BY-MA,Bryli,Брылі,367,4,village,UTC+3,Europe/Minsk
305394,BY,BY-MI,Bryanchitsy,Бранчыцы,150,4,locality,UTC+3,Europe/Minsk
305395,BY,BY-HR,Bruzgi,Брузгі,236,3,locality,UTC+3,Europe/Minsk
305396,BY,BY-MI,Brusy,Брусы,222,4,hamlet,UTC+3,Europe/Minsk
305397,BY,BY-MA,Brozha,Брожа,618,4,village,UTC+3,Europe/Minsk
305401,BY,BY-HO,Bronnaye,Броннае,1318,4,locality,UTC+3,Europe/Minsk
305402,BY,BY-HO,Bronnitsa,Бронніца,204,3,locality,UTC+3,Europe/Minsk
305403,BY,BY-HO,Branislaw,Браніслаў,218,3,locality,UTC+3,Europe/Minsk
305407,BY,BY-BR,Brady,Брады,174,4,hamlet,UTC+3,Europe/Minsk
305409,BY,BY-MI,Brodawka,Бродаўка,204,4,village,UTC+3,Europe/Minsk
305410,BY,BY-MI,Brodok,Брадок,252,3,locality,UTC+3,Europe/Minsk
305411,BY,BY-MA,Brodok,Бродак,930,3,Neighborhood,UTC+3,Europe/Minsk
305413,BY,BY-BR,Brodnitsa,Бродніца,870,4,locality,UTC+3,Europe/Minsk
305414,BY,BY-BR,Brodnitsa,Бродніца,533,3,locality,UTC+3,Europe/Minsk
305416,BY,BY-MA,Brodishche,Brodishche,3382,3,Neighborhood,UTC+3,Europe/Minsk
305417,BY,BY-MI,Bradzyets,Брадзец,300,4,village,UTC+3,Europe/Minsk
305425,BY,BY-MI,Bryl'ki,Брылькі,345,3,locality,UTC+3,Europe/Minsk
305427,BY,BY-BR,Brest,Брэст,339519,2,City,UTC+3,Europe/Minsk
305429,BY,BY-VI,Brazdetchino,Браздзечына,137,4,village,UTC+3,Europe/Minsk
305430,BY,BY-MI,Bratkava,Браткава,226,4,village,UTC+3,Europe/Minsk
305431,BY,BY-VI,Braslav,Браслаў,9419,2,village,UTC+3,Europe/Minsk
305432,BY,BY-BR,Brashevichy,Брашэвічы,847,4,village,UTC+3,Europe/Minsk
305434,BY,BY-MA,Brakovo,Бракава,558,3,locality,UTC+3,Europe/Minsk
305436,BY,BY-HO,Bragin,Брагін,4474,2,village,UTC+3,Europe/Minsk
305437,BY,BY-HR,Bragi,Брагі,149,4,village,UTC+3,Europe/Minsk
305439,BY,BY-MA,Bozok,Bozok,897,3,Neighborhood,UTC+3,Europe/Minsk
305441,BY,BY-MI,Bozhino,Божына,54,4,hamlet,UTC+3,Europe/Minsk
305448,BY,BY-MI,Boyary,Баяры,1793,3,Neighborhood,UTC+3,Europe/Minsk
305451,BY,BY-MI,Turets-Bayary,Турэц-Баяры,1602,4,village,UTC+3,Europe/Minsk
305452,BY,BY-MI,Boyary,Баяры,141,4,village,UTC+3,Europe/Minsk
305456,BY,BY-HR,Boyary,Баяры,7055,3,Neighborhood,UTC+3,Europe/Minsk
305457,BY,BY-HR,Boyary,Boyary,1130,3,Neighborhood,UTC+3,Europe/Minsk
305459,BY,BY-BR,Boyary,Boyary,1121,3,Neighborhood,UTC+3,Europe/Minsk
305462,BY,BY-HR,Bayarsk,Баярск,196,4,locality,UTC+3,Europe/Minsk
305468,BY,BY-MA,Botvinovka,Бацвінаўка,393,4,hamlet,UTC+3,Europe/Minsk
305470,BY,BY-MA,Batayevo,Батаева,296,4,village,UTC+3,Europe/Minsk
305474,BY,BY-BR,Bastyn',Бастынь,1432,4,village,UTC+3,Europe/Minsk
305475,BY,BY-VI,Bosyanyye,Bosyanyye,1585,3,Neighborhood,UTC+3,Europe/Minsk
305476,BY,BY-MA,Bushlyaki,Бушлякі,142,4,locality,UTC+3,Europe/Minsk
305481,BY,BY-HO,Borusk,Боруск,126,4,hamlet,UTC+3,Europe/Minsk
305482,BY,BY-VI,Baruny,Баруны,141,4,hamlet,UTC+3,Europe/Minsk
305483,BY,BY-HR,Baruny,Баруны,1486,4,village,UTC+3,Europe/Minsk
305484,BY,BY-HR,Borti,Borti,1617,3,Neighborhood,UTC+3,Europe/Minsk
305487,BY,BY-VI,Bortniki,Бортнікі,192,4,hamlet,UTC+3,Europe/Minsk
305488,BY,BY-VI,Barsuki,Барсукі,516,4,village,UTC+3,Europe/Minsk
305490,BY,BY-BR,Barsceva,Баршчэва,94,4,hamlet,UTC+3,Europe/Minsk
305493,BY,BY-HO,Barshchowka,Баршчоўка,690,3,locality,UTC+3,Europe/Minsk
305494,BY,BY-HO,Borshchovka,Баршчоўка,724,4,village,UTC+3,Europe/Minsk
305495,BY,BY-HO,Novaya Borshchovka,Новая Баршчоўка,190,4,village,UTC+3,Europe/Minsk
305496,BY,BY-VI,Barseyevo,Барсеева,283,4,village,UTC+3,Europe/Minsk
305497,BY,BY-MI,Borovyye,Баравыя,618,3,Neighborhood,UTC+3,Europe/Minsk
305500,BY,BY-VI,Borovtsy,Borovtsy,1144,3,Neighborhood,UTC+3,Europe/Minsk
305501,BY,\N,Borovtsy,Borovtsy,262,4,village,UTC+3,Europe/Minsk
305502,BY,BY-MI,Barawtsy,Бараўцы,161,4,locality,UTC+3,Europe/Minsk
305503,BY,BY-BR,Borovtsy,Бараўцы,274,3,locality,UTC+3,Europe/Minsk
305504,BY,BY-MI,Baravoye,Баравое,414,3,locality,UTC+3,Europe/Minsk
305507,BY,BY-VI,Borovno,Бораўна,119,4,locality,UTC+3,Europe/Minsk
305509,BY,BY-VI,Borovka,Бароўка,1429,4,village,UTC+3,Europe/Minsk
305510,BY,BY-MA,Borovka,Бароўка,197,4,village,UTC+3,Europe/Minsk
305514,BY,BY-MA,Baravitsa,Баравіца,570,4,village,UTC+3,Europe/Minsk
305519,BY,BY-MI,Boroviki,Баравікі,275,3,locality,UTC+3,Europe/Minsk
305520,BY,BY-HR,Boroviki,Boroviki,212,4,village,UTC+3,Europe/Minsk
305522,BY,BY-HO,Baraviki,Баравікі,799,4,village,UTC+3,Europe/Minsk
305523,BY,BY-BR,Baraviki,Баравікі,205,4,hamlet,UTC+3,Europe/Minsk
305525,BY,BY-MI,Bor,Бор,470,4,village,UTC+3,Europe/Minsk
305526,BY,BY-HO,Borovaya Buda,Баравая Буда,399,3,locality,UTC+3,Europe/Minsk
305527,BY,BY-HM,Baravaya,Баравая,323,4,village,UTC+3,Europe/Minsk
305528,BY,BY-MA,Borovaya,Borovaya,810,3,Neighborhood,UTC+3,Europe/Minsk
305531,BY,BY-HO,Granovka,Гранаўка,126,4,locality,UTC+3,Europe/Minsk
305532,BY,BY-MI,Borovaya,Borovaya,48629,3,City,UTC+3,Europe/Minsk
305535,BY,BY-MA,Krutyak,Krutyak,11,3,Neighborhood,UTC+3,Europe/Minsk
305536,BY,BY-MA,Boron'ki,Баронькі,454,3,locality,UTC+3,Europe/Minsk
305544,BY,BY-HR,Borodichi,Бородичи,775,4,village,UTC+3,Europe/Minsk
305545,BY,BY-VI,Borodinichi,Borodinichi,2152,3,Neighborhood,UTC+3,Europe/Minsk
305546,BY,BY-VI,Borkuny,Borkuny,1134,3,Neighborhood,UTC+3,Europe/Minsk
305547,BY,BY-VI,Borkovichi,Боркавічы,1116,4,village,UTC+3,Europe/Minsk
305560,BY,BY-BR,Borki,Боркі,108,4,hamlet,UTC+3,Europe/Minsk
305561,BY,BY-BR,Borki,Боркі,61,4,hamlet,UTC+3,Europe/Minsk
305562,BY,BY-BR,Borki,Боркі,237,4,hamlet,UTC+3,Europe/Minsk
305563,BY,BY-BR,Borki,Боркі,305,4,village,UTC+3,Europe/Minsk
305564,BY,BY-BR,Borki,Боркі,407,4,village,UTC+3,Europe/Minsk
305565,BY,BY-HO,Borki,Боркі,159,4,hamlet,UTC+3,Europe/Minsk
305569,BY,BY-HO,Borkhov,Борхаў,64,4,locality,UTC+3,Europe/Minsk
305570,BY,BY-MA,Borisovshchina,Барысаўшчына,126,4,locality,UTC+3,Europe/Minsk
305571,BY,BY-HO,Borisovshchina,Барысаўшчына,313,3,locality,UTC+3,Europe/Minsk
305573,BY,BY-MA,Barysavichy,Барысавічы,304,3,locality,UTC+3,Europe/Minsk
305575,BY,BY-HO,Boriskovichi,Барыскавічы,203,4,village,UTC+3,Europe/Minsk
305576,BY,\N,Borikov,Барыкоў,393,3,Neighborhood,UTC+3,Europe/Minsk
305591,BY,BY-HO,Bolsuny,Балсуны,1720,3,Neighborhood,UTC+3,Europe/Minsk
305593,BY,BY-MI,Vyaliki Trastsyanets,Вялікі Трасцянец,2100,4,village,UTC+3,Europe/Minsk
305594,BY,BY-MA,Bol'shoy Trilesin,Вялікі Трылесін,119,4,village,UTC+3,Europe/Minsk
305595,BY,BY-MI,Vyaliki Rozhan,Вялікі Рожан,967,4,village,UTC+3,Europe/Minsk
305596,BY,BY-HO,Bol'shiye Rogi,Вялікія Рагі,774,3,locality,UTC+3,Europe/Minsk
305599,BY,BY-VI,Bol'shoy Polsvizh,Вялікі Поўсвіж,526,3,locality,UTC+3,Europe/Minsk
305602,BY,BY-MA,Bol'shoy Nezhkov,Вялікі Нежкаў,126,4,locality,UTC+3,Europe/Minsk
305605,BY,BY-HR,Kupisk,Купіск,212,4,hamlet,UTC+3,Europe/Minsk
305607,BY,BY-HO,Bol'shiye Zimovishchi,Вялікія Зімовішчы,270,4,village,UTC+3,Europe/Minsk
305608,BY,BY-VI,Bol'shoye Zhezhlino,Bol’shoye Zhezhlino,1133,3,Neighborhood,UTC+3,Europe/Minsk
305613,BY,BY-MI,Bol'shoye Stiklevo,Вялікае Сціклева,967,3,locality,UTC+3,Europe/Minsk
305614,BY,BY-MI,Striyevo,Striyevo,1857,3,Town,UTC+3,Europe/Minsk
305615,BY,BY-MI,Vyalikaya Stazhava,Вялікая Стажава,231,4,village,UTC+3,Europe/Minsk
305618,BY,BY-HR,Velikoye Selo,Вялікае Сяло,1970,3,Neighborhood,UTC+3,Europe/Minsk
305623,BY,BY-MI,Plashevo,Plashevo,1331,3,Neighborhood,UTC+3,Europe/Minsk
305625,BY,BY-MI,Vyalikaya Vosava,Вялікая Восава,159,4,locality,UTC+3,Europe/Minsk
305626,BY,BY-HR,Ossova,Асава,64,4,village,UTC+3,Europe/Minsk
305628,BY,BY-HR,Vyalikaye Mazheykava,Вялікая Мажэйкава,737,4,village,UTC+3,Europe/Minsk
305629,BY,BY-BR,Vyalikaye Mizhlyessye,Вялікае Міжлессе,579,3,locality,UTC+3,Europe/Minsk
305631,BY,BY-MA,Khotetovo,Хацетава,65,4,village,UTC+3,Europe/Minsk
305636,BY,BY-VI,Bol'shoye Bakhovo,Вялікае Бахава,137,4,village,UTC+3,Europe/Minsk
305637,BY,BY-VI,Bol'shoy Dyatel',Вялiкi Дзяцель,218,3,locality,UTC+3,Europe/Minsk
305638,BY,BY-HR,Vyalikiya Zhukhavichy,Вялікія Жухавічы,565,3,locality,UTC+3,Europe/Minsk
305640,BY,BY-MI,Zavshitsy,Вялікія Заўшыцы,334,3,locality,UTC+3,Europe/Minsk
305641,BY,BY-BR,Vyalikiya Yakawchytsy,Вялікія Якаўчыцы,346,3,locality,UTC+3,Europe/Minsk
305644,BY,BY-VI,Bol'shaya Vedren',Вялікая Вядрэнь,439,3,Neighborhood,UTC+3,Europe/Minsk
305645,BY,BY-MI,Vyalikaya Ukhaloda,Вялікая Ухалода,1208,3,locality,UTC+3,Europe/Minsk
305649,BY,BY-HO,Vyalikiya Stralki,Вялікія Стралкі,323,3,locality,UTC+3,Europe/Minsk
305650,BY,BY-HR,Vyalikiya Stsyapanishki,Вялікія Сцяпанішкі,1155,4,village,UTC+3,Europe/Minsk
305653,BY,BY-VI,Sittsy,Сітцы,425,4,village,UTC+3,Europe/Minsk
305654,BY,BY-HR,Vyalikiya Shylavichy,Вялікія Шылавічы,1008,3,Village,UTC+3,Europe/Minsk
305655,BY,BY-HO,Vyalikiya Syalyutsichy,Вялікія Сялюцічы,208,4,village,UTC+3,Europe/Minsk
305656,BY,BY-BR,Vialikija Siachnovicy,Вялікія Сяхновічы,112,4,hamlet,UTC+3,Europe/Minsk
305658,BY,BY-HR,Bol'shiye Pugachi,Вялікія Пугачы,80,4,locality,UTC+3,Europe/Minsk
305660,BY,BY-HR,Vyalikiya Azyorki,Вялікія Азёркі,508,3,locality,UTC+3,Europe/Minsk
305661,BY,BY-BR,Bol'shiye Orly,Вялікія Арлы,853,3,locality,UTC+3,Europe/Minsk
305663,BY,BY-HR,Navasyolki,Навасёлкі,67,4,locality,UTC+3,Europe/Minsk
305664,BY,BY-MI,Bol'shiye Nestanovichi,Вялікія Нястанавічы,85,4,village,UTC+3,Europe/Minsk
305665,BY,BY-HO,Vyalikiya Nyamki,Вялікія Нямкі,502,3,locality,UTC+3,Europe/Minsk
305666,BY,BY-MI,Bol'shiye Negnovichi,Вялікія Негнавічы,200,4,village,UTC+3,Europe/Minsk
305667,BY,BY-BR,Bol'shie Motykaly,Вялікія Матыкалы,2378,4,locality,UTC+3,Europe/Minsk
305669,BY,BY-BR,Vyalikiya Luki,Вялікія Лукі,637,4,village,UTC+3,Europe/Minsk
305670,BY,BY-MA,Velikiye Lozitsy,Вялікія Лазіцы,133,4,village,UTC+3,Europe/Minsk
305671,BY,BY-VI,Bol'shiye Lettsy,Вялікія Лётцы,458,4,village,UTC+3,Europe/Minsk
305672,BY,BY-BR,Vyalikiya Lyepyasy,Вялікія Лепясы,1517,4,village,UTC+3,Europe/Minsk
305676,BY,BY-HR,Bol'shiye Konyushany,Вялікія Канюшаны,160,4,hamlet,UTC+3,Europe/Minsk
305677,BY,BY-HR,Vyalikiya Knyazikowtsy,Вялікія Князікоўцы,258,4,village,UTC+3,Europe/Minsk
305678,BY,BY-MI,Bol'shiye Khol'nevichi,Вялікія Хальнявічы,60,4,village,UTC+3,Europe/Minsk
305680,BY,BY-VI,Bol'shiye Kalinovichi,Bol’shiye Kalinovichi,5239,3,Neighborhood,UTC+3,Europe/Minsk
305681,BY,BY-HR,Bol'shiye Iodkovichi,Вялікія Ёдкавічы,36798,4,town,UTC+3,Europe/Minsk
305682,BY,BY-MI,Vyalikiya Haradzyatsichy,Вялікія Гарадзяцічы,180,4,village,UTC+3,Europe/Minsk
305685,BY,BY-VI,Vyalikiya Dol'tsy,Вялікія Дольцы,2707,3,City,UTC+3,Europe/Minsk
305686,BY,BY-VI,Bol'shiye Davydki,Bol’shiye Davydki,13172,4,town,UTC+3,Europe/Minsk
305687,BY,BY-BR,Vyalikiya Chuchavichy,Вялікія Чучавічы,2048,4,village,UTC+3,Europe/Minsk
305688,BY,BY-HR,Bol'shiye Boyary,Вялікія Баяры,1386,3,Neighborhood,UTC+3,Europe/Minsk
305689,BY,BY-MA,Vyalikiya Bortniki,Вялікія Бортнікі,827,3,locality,UTC+3,Europe/Minsk
305690,BY,BY-HR,Vyalikiya Byarozawtsy,Вялікія Бярозаўцы,762,3,Neighborhood,UTC+3,Europe/Minsk
305691,BY,BY-MA,Belevichi,Вялікія Бялевічы,391,4,village,UTC+3,Europe/Minsk
305692,BY,BY-HO,Vyalikiya Awtsyuki,Вялікія Аўцюкі,752,3,Village,UTC+3,Europe/Minsk
305693,BY,BY-MA,Amkhinichi,Вялікія Амхінічы,89,4,village,UTC+3,Europe/Minsk
305695,BY,BY-HO,Bal'shavik,Бальшавік,1323,4,locality,UTC+3,Europe/Minsk
305696,BY,BY-VI,Vyaliki Azyaretsk,Вялікі Азярэцк,127,4,hamlet,UTC+3,Europe/Minsk
305697,BY,\N,Bol'she-Borovaya,Bol’she-Borovaya,2093,3,Village,UTC+3,Europe/Minsk
305699,BY,BY-MA,Bol'shaya Zyatitsa,Bol’shaya Zyatitsa,9826,3,Town,UTC+3,Europe/Minsk
305700,BY,BY-MA,Bol'shaya Zimnitsa,Вялікая Зімніца,331,4,village,UTC+3,Europe/Minsk
305703,BY,BY-VI,Vydreya,Вялікая Выдрэя,52,4,locality,UTC+3,Europe/Minsk
305704,BY,BY-MI,Bol'shaya Trostyanitsa,Вялікая Трасцяніца,185,4,locality,UTC+3,Europe/Minsk
305705,BY,BY-HO,Terebeyevka,Церабееўка,79,4,locality,UTC+3,Europe/Minsk
305706,BY,BY-HR,Velikaya Sloboda,Вялікая Слабада,211,4,village,UTC+3,Europe/Minsk
305707,BY,BY-MI,Vyalikaya Sliva,Вялікая Сліва,666,3,locality,UTC+3,Europe/Minsk
305710,BY,BY-HR,Vyalikaya Rahoznitsa,Вялікая Рагозніца,853,4,village,UTC+3,Europe/Minsk
305711,BY,BY-MI,Vyalikaya Rayowka,Вялікая Раёўка,284,4,village,UTC+3,Europe/Minsk
305712,BY,BY-VI,Bol'shaya Perespa,Bol’shaya Perespa,124,4,village,UTC+3,Europe/Minsk
305713,BY,BY-HR,Wielka Myssa,Вялікая Мыса,171,4,village,UTC+3,Europe/Minsk
305714,BY,BY-MA,Vyalikaya Mashchanitsa,Вялікая Машчаніца,579,4,village,UTC+3,Europe/Minsk
305715,BY,BY-HR,Bol'shaya Medvyadka,Вялікая Мядзвядка,195,4,village,UTC+3,Europe/Minsk
305716,BY,BY-MI,Vyalikaya Lysitsa,Вялікая Лысіца,487,3,locality,UTC+3,Europe/Minsk
305719,BY,BY-MA,Bol'shaya Grava,Вялікая Грава,119,4,hamlet,UTC+3,Europe/Minsk
305720,BY,BY-MI,Bol'shoye Gorodno,Вялікае Горадна,171,4,village,UTC+3,Europe/Minsk
305723,BY,BY-HO,Demenka,Дземенка,77,4,village,UTC+3,Europe/Minsk
305727,BY,BY-HR,Vyalikaya Byerastavitsa,Вялікая Бераставіца,5724,2,Urban Settlement,UTC+3,Europe/Minsk
305728,BY,BY-BR,Baloty,Балоты,417,3,locality,UTC+3,Europe/Minsk
305729,BY,BY-HO,Balotnya,Балотня,543,3,locality,UTC+3,Europe/Minsk
305731,BY,BY-MA,Bolonov Selets Vtoroy,Bolonov Selets Vtoroy,986,3,Neighborhood,UTC+3,Europe/Minsk
305732,BY,BY-MI,Bolotchitsy,Балотчыцы,482,3,locality,UTC+3,Europe/Minsk
305734,BY,BY-MI,Balocha,Балоча,224,4,village,UTC+3,Europe/Minsk
305735,BY,BY-HR,Bolniki,Больнікі,110,4,hamlet,UTC+3,Europe/Minsk
305737,BY,BY-VI,Novyy Boletsk,Новы Болецк,1394,3,City,UTC+3,Europe/Minsk
305739,BY,BY-MI,Bokshytsy,Бокшыцы,151,4,village,UTC+3,Europe/Minsk
305741,BY,BY-BR,Bokinichi,Бакінічы,178,4,locality,UTC+3,Europe/Minsk
305742,BY,BY-MA,Bakhotets,Бахацец,27335,3,City,UTC+3,Europe/Minsk
305744,BY,BY-MA,Bakhany,Баханы,437,3,locality,UTC+3,Europe/Minsk
305748,BY,BY-HO,Bogutichi,Багуцічы,319,4,village,UTC+3,Europe/Minsk
305750,BY,\N,Boguslavitsa,Boguslavitsa,24704,3,City,UTC+3,Europe/Minsk
305751,BY,BY-BR,Bogushi,Багушы,165,4,village,UTC+3,Europe/Minsk
305752,BY,BY-VI,Bahushewsk,Багушэўск,2528,3,locality,UTC+3,Europe/Minsk
305753,BY,BY-VI,Bahushova,Вагушова,191,4,village,UTC+3,Europe/Minsk
305754,BY,BY-BR,Bogushevo,Bogushëvo,2495,3,Village,UTC+3,Europe/Minsk
305755,BY,BY-HR,Bahushowka,Багушоўка,197,4,village,UTC+3,Europe/Minsk
305756,BY,BY-MA,Bogushovka,Багушоўка,96,4,locality,UTC+3,Europe/Minsk
305757,BY,BY-MI,Bahusevicy,Багушэвічы,420,4,village,UTC+3,Europe/Minsk
305758,BY,BY-VI,Bogino,Богіна,355,4,village,UTC+3,Europe/Minsk
305760,BY,\N,Bogdanovo,Bogdanovo,1006,3,Village,UTC+3,Europe/Minsk
305763,BY,BY-MI,Bogdanovo,Багданава,120,4,locality,UTC+3,Europe/Minsk
305764,BY,BY-BR,Bahdanawka,Багданаўка,1642,4,village,UTC+3,Europe/Minsk
305765,BY,BY-HO,Bahdanavichy,Багданавічы,567,3,Neighborhood,UTC+3,Europe/Minsk
305767,BY,BY-MI,Bogatyrevo,Багатырова,132,4,locality,UTC+3,Europe/Minsk
305768,BY,BY-HR,Minevichi,Мінявічы,76859,3,Neighborhood,UTC+3,Europe/Minsk
305770,BY,BY-VI,Bocheykovo,Бачэйкава,918,4,village,UTC+3,Europe/Minsk
305771,BY,BY-HR,Bocheshniki,Бачэшнікі,100,4,village,UTC+3,Europe/Minsk
305772,BY,BY-VI,Bobynichi,Бабынічы,247,4,village,UTC+3,Europe/Minsk
305776,BY,BY-HO,Babruyki,Бабруйкі,2544,3,Town,UTC+3,Europe/Minsk
305780,BY,BY-VI,Bobrovo,Баброва,368,3,locality,UTC+3,Europe/Minsk
305781,BY,BY-VI,Bobrovo,Баброва,296,3,locality,UTC+3,Europe/Minsk
305782,BY,BY-MI,Bobrovo Pervoye,Bobrovo Pervoye,59,3,Neighborhood,UTC+3,Europe/Minsk
305785,BY,BY-MI,Babrovichy,Бабровічы,290,4,village,UTC+3,Europe/Minsk
305787,BY,BY-BR,Babrovichy,Бабровічы,70,4,locality,UTC+3,Europe/Minsk
305788,BY,BY-HO,Babrovichy,Бабровічы,2204,3,locality,UTC+3,Europe/Minsk
305790,BY,BY-BR,Bobryk,Бобрык,422,4,village,UTC+3,Europe/Minsk
305791,BY,BY-HO,Bobrik,Бобрык,115,4,village,UTC+3,Europe/Minsk
305792,BY,BY-HO,Babranyaty,Бабраняты,401,4,hamlet,UTC+3,Europe/Minsk
305794,BY,BY-MI,Bobr,Бобр,1100,3,Urban Settlement,UTC+3,Europe/Minsk
305796,BY,BY-MI,Babownya,Бабоўня,412,4,village,UTC+3,Europe/Minsk
305799,BY,\N,Boboviki,Boboviki,24014,3,Neighborhood,UTC+3,Europe/Minsk
305800,BY,BY-HO,Babovichy,Бабовічы,1484,4,village,UTC+3,Europe/Minsk
305803,BY,\N,Bobnov,Bobnov,1277,3,Neighborhood,UTC+3,Europe/Minsk
305804,BY,BY-HR,Boblovo,Боблава,74,4,locality,UTC+3,Europe/Minsk
305805,BY,BY-HO,Blyudnitsa,Блюдніца,54,4,village,UTC+3,Europe/Minsk
305810,BY,BY-MI,Blon',Блонь,1780,3,City,UTC+3,Europe/Minsk
305815,BY,BY-MI,Blevchitsy,Блеўчыцы,191,4,village,UTC+3,Europe/Minsk
305820,BY,BY-MA,Blahavichy,Благавічы,352,3,locality,UTC+3,Europe/Minsk
305822,BY,BY-BR,Bizherevichi,Біжаравічы,69,4,locality,UTC+3,Europe/Minsk
305825,BY,BY-VI,Bitelevo,Біцялёва,695,3,Neighborhood,UTC+3,Europe/Minsk
305827,BY,BY-HR,Biskuptsy,Біскупцы,264,4,village,UTC+3,Europe/Minsk
305832,BY,BY-MA,Bircha,Бірча,180,4,village,UTC+3,Europe/Minsk
305833,BY,BY-MA,Byorda,Бёрда,208,3,locality,UTC+3,Europe/Minsk
305835,BY,BY-MI,Bilcewicze Pierwsze,Більцавічы,131,4,locality,UTC+3,Europe/Minsk
305837,BY,BY-VI,Bil'dyugi,Більдзюгі,520,4,village,UTC+3,Europe/Minsk
305838,BY,BY-VI,Bigosovo,Бігосава,1795,3,locality,UTC+3,Europe/Minsk
305839,BY,BY-HO,Bibiki,Бібікі,210,4,hamlet,UTC+3,Europe/Minsk
305842,BY,BY-MI,Bezverkhovichi,Бязверхавічы,322,4,village,UTC+3,Europe/Minsk
305844,BY,BY-HO,Byazuyew,Бязуеў,107,4,locality,UTC+3,Europe/Minsk
305847,BY,BY-BR,Byezdzyezh,Бездзеж,1058,4,locality,UTC+3,Europe/Minsk
305855,BY,BY-VI,Beshenkovichi,Бешанковічы,6924,2,village,UTC+3,Europe/Minsk
305856,BY,BY-MA,Byasyedavichy,Бяседавічы,400,3,locality,UTC+3,Europe/Minsk
305857,BY,BY-HO,Besedki,Беседкі,103,4,locality,UTC+3,Europe/Minsk
305859,BY,BY-VI,Bervyaki,Bervyaki,19075,3,Neighborhood,UTC+3,Europe/Minsk
305861,BY,BY-HR,Bershty,Бершты,146,4,locality,UTC+3,Europe/Minsk
305867,BY,BY-HO,Berezhtsy,Бярэжцы,235,4,village,UTC+3,Europe/Minsk
305871,BY,BY-VI,Byarozawka,Бярозаўка,249,4,village,UTC+3,Europe/Minsk
305875,BY,BY-HR,Byarozawka,Бярозаўка,11318,3,City,UTC+3,Europe/Minsk
305876,BY,BY-MA,Berezovka,Бярозаўка,225,3,locality,UTC+3,Europe/Minsk
305878,BY,BY-MI,Berezovka,Бярозаўка,140,4,village,UTC+3,Europe/Minsk
305880,BY,BY-MA,Byarozawka,Бярозаўка,300,3,locality,UTC+3,Europe/Minsk
305883,BY,BY-HO,Byarozawka,Бярозаўка,401,3,locality,UTC+3,Europe/Minsk
305884,BY,BY-BR,Byarozavichy,Бярозавічы,630,3,locality,UTC+3,Europe/Minsk
305886,BY,BY-HO,Bierazniaki,Беразнякі,266,4,hamlet,UTC+3,Europe/Minsk
305887,BY,BY-HO,Bereznyaki,Беразнякі,181,4,locality,UTC+3,Europe/Minsk
305889,BY,BY-BR,Byerazhnoye,Беражное,1917,4,village,UTC+3,Europe/Minsk
305890,BY,BY-BR,Bereznitsa,Бярэзніца,104,4,village,UTC+3,Europe/Minsk
305893,BY,BY-VI,Byarozki,Бярозкі,338,4,village,UTC+3,Europe/Minsk
305894,BY,BY-MA,Byarozki,Бярозкі,5605,3,Town,UTC+3,Europe/Minsk
305896,BY,BY-HO,Berezki,Бярозкі,139,4,locality,UTC+3,Europe/Minsk
305897,BY,BY-MA,Berezka,Berëzka,1193,3,Neighborhood,UTC+3,Europe/Minsk
305898,BY,\N,Berezinskiy Forshtadt,Berezinskiy Forshtadt,11405,3,Neighborhood,UTC+3,Europe/Minsk
305900,BY,BY-MI,Bierazino,Беразіно,11672,3,City,UTC+3,Europe/Minsk
305907,BY,BY-HO,Berestovets,Бераставец,157,4,locality,UTC+3,Europe/Minsk
305912,BY,BY-HO,Beresnevka,Бераснёўка,68,4,village,UTC+3,Europe/Minsk
305913,BY,BY-VI,Bereshovo,Bereshovo,2188,3,Neighborhood,UTC+3,Europe/Minsk
305914,BY,BY-HO,Beregovaya Sloboda,Берагавая Слабада,633,4,village,UTC+3,Europe/Minsk
305916,BY,\N,Berdovka,Бердаўка,634,4,village,UTC+3,Europe/Minsk
305920,BY,BY-MI,Byenitsa,Беніца,224,3,locality,UTC+3,Europe/Minsk
305921,BY,BY-HR,Benin,Бенін,239,3,locality,UTC+3,Europe/Minsk
305922,BY,\N,Benikontsy,Benikontsy,276,3,Neighborhood,UTC+3,Europe/Minsk
305924,BY,BY-HR,Benevichi,Беневічы,159,4,locality,UTC+3,Europe/Minsk
305928,BY,\N,Belyy Log,Belyy Log,65,4,village,UTC+3,Europe/Minsk
305934,BY,BY-VI,Belynovichi,Бялынавічы,283,3,locality,UTC+3,Europe/Minsk
305935,BY,BY-MA,Belynkovichi,Бялынкавічы,489,3,locality,UTC+3,Europe/Minsk
305936,BY,BY-MA,Belynichi,Бялынічы,9670,2,village,UTC+3,Europe/Minsk
305938,BY,BY-HO,Byalyayewka,Бяляеўка,368,3,locality,UTC+3,Europe/Minsk
305940,BY,BY-HR,Belyany,Бяляны,133,4,locality,UTC+3,Europe/Minsk
305945,BY,BY-VI,Belyai,Belyai,1872,3,Town,UTC+3,Europe/Minsk
305949,BY,BY-MA,Bel' Pervaya,Бель,733,3,Village,UTC+3,Europe/Minsk
305954,BY,BY-BR,Byelavusha,Белавуша,2668,3,locality,UTC+3,Europe/Minsk
305955,BY,BY-MI,Byalaruchy,Бяларучы,90,4,locality,UTC+3,Europe/Minsk
305956,BY,BY-BR,Byelaazyorsk,Белаазёрск,11125,3,City,UTC+3,Europe/Minsk
305959,BY,BY-MI,Byelakopats,Белакопац,76,4,locality,UTC+3,Europe/Minsk
305961,BY,BY-HR,Byelagruda,Белагруда,700,4,village,UTC+3,Europe/Minsk
305965,BY,BY-HR,Byalkowshchyna,Бялкоўшчына,158,4,locality,UTC+3,Europe/Minsk
305966,BY,BY-VI,Bel'ki,Белькі,119,4,locality,UTC+3,Europe/Minsk
305969,BY,BY-HO,Byelitsk,Беліцк,484,3,locality,UTC+3,Europe/Minsk
305973,BY,BY-HR,Byelitsa,Беліца,622,3,locality,UTC+3,Europe/Minsk
305975,BY,BY-BR,Belin,Белін,355,3,locality,UTC+3,Europe/Minsk
305978,BY,BY-MI,Byelichy,Белічы,222,4,village,UTC+3,Europe/Minsk
305985,BY,BY-BR,Byalyova,Бялёва,164,4,village,UTC+3,Europe/Minsk
305986,BY,BY-HO,Byalyow,Бялёў,1019,3,locality,UTC+3,Europe/Minsk
305989,BY,BY-MI,Belevichi,Бялевічы,190,4,locality,UTC+3,Europe/Minsk
305992,BY,BY-VI,Bel'chitsa,Бельчыца,551,3,locality,UTC+3,Europe/Minsk
305996,BY,BY-MA,Belaya Dubrova,Белая Дуброва,707,4,village,UTC+3,Europe/Minsk
305998,BY,BY-HR,Belaya,Белая,93,4,locality,UTC+3,Europe/Minsk
305999,BY,BY-MA,Belaya,Белая,577,3,locality,UTC+3,Europe/Minsk
306001,BY,BY-HO,Belaya,Белая,318,4,village,UTC+3,Europe/Minsk
306003,BY,BY-HR,Belavichi,Бялавічы,83,4,locality,UTC+3,Europe/Minsk
306004,BY,BY-BR,Byalavichy,Бялавічы,226,3,locality,UTC+3,Europe/Minsk
306005,BY,BY-HO,Belanovichi,Бяланавічы,183,4,locality,UTC+3,Europe/Minsk
306009,BY,BY-HO,Beki,Beki,1984,3,Neighborhood,UTC+3,Europe/Minsk
306010,BY,BY-VI,Byahoml',Бягомль,2501,4,village,UTC+3,Europe/Minsk
306015,BY,BY-HO,Bechi,Бечы,121,4,locality,UTC+3,Europe/Minsk
306021,BY,BY-VI,Bayevo,Баева,144,4,village,UTC+3,Europe/Minsk
306022,BY,BY-MA,Bayevka,Баеўка Першая,53,4,village,UTC+3,Europe/Minsk
306026,BY,BY-MA,Batun',Батунь,1329,3,Neighborhood,UTC+3,Europe/Minsk
306027,BY,BY-HO,Batsun',Бацунь,490,4,village,UTC+3,Europe/Minsk
306028,BY,BY-MA,Batsevichy,Бацэвічы,730,4,village,UTC+3,Europe/Minsk
306030,BY,BY-BR,Batchy,Батчы,524,3,locality,UTC+3,Europe/Minsk
306032,BY,BY-MA,Bastenovichi,Басценавічы,633,3,Neighborhood,UTC+3,Europe/Minsk
306036,BY,BY-VI,Barzdowka,Барздоўка,221,3,locality,UTC+3,Europe/Minsk
306037,BY,BY-MI,Barysaw,Барысаў,135696,2,City,UTC+3,Europe/Minsk
306038,BY,BY-HR,Bartashi,Барташы,143,4,locality,UTC+3,Europe/Minsk
306039,BY,BY-BR,Bartniki,Бартнікі,298,4,hamlet,UTC+3,Europe/Minsk
306041,BY,\N,Barsukova-Gryada,Barsukova-Gryada,27933,3,City,UTC+3,Europe/Minsk
306042,BY,\N,Barsuki,Barsuki,60128,4,town,UTC+3,Europe/Minsk
306045,BY,BY-VI,Barsuki,Барсукі,1336,3,Neighborhood,UTC+3,Europe/Minsk
306049,BY,BY-MA,Barsuki,Барсукі,229,4,hamlet,UTC+3,Europe/Minsk
306052,BY,BY-HO,Barsuki,Барсукі,507,4,village,UTC+3,Europe/Minsk
306053,BY,BY-HO,Barsuki,Барсукі,98,4,hamlet,UTC+3,Europe/Minsk
306057,BY,BY-HR,Barovo,Барава,141,4,village,UTC+3,Europe/Minsk
306060,BY,BY-MA,Barkalabava,Баркалабава,503,4,village,UTC+3,Europe/Minsk
306061,BY,BY-MA,Baryshevka,Барышаўка,204,4,village,UTC+3,Europe/Minsk
306064,BY,BY-MA,Barchitsy,Барчыцы,296,4,village,UTC+3,Europe/Minsk
306066,BY,BY-HO,Barbarov,Барбароў,261,4,village,UTC+3,Europe/Minsk
306072,BY,BY-HR,Barantsy,Баранцы,116,4,village,UTC+3,Europe/Minsk
306075,BY,BY-HR,Baranava,Баранава,344,4,village,UTC+3,Europe/Minsk
306078,BY,BY-VI,Baranovka,Baranovka,21783,3,City,UTC+3,Europe/Minsk
306080,BY,BY-MA,Baranovichi,Baranovichi,116,4,village,UTC+3,Europe/Minsk
306081,BY,BY-BR,Baranovichi,Баранавічы,171361,2,City,UTC+3,Europe/Minsk
306082,BY,BY-MI,Baran',Барань,148,4,hamlet,UTC+3,Europe/Minsk
306083,BY,BY-VI,Baran',Барань,11154,3,City,UTC+3,Europe/Minsk
306085,BY,BY-VI,Balyui,Balyui,1167,3,Neighborhood,UTC+3,Europe/Minsk
306089,BY,BY-VI,Baliny,Баліны,162,4,hamlet,UTC+3,Europe/Minsk
306090,BY,BY-HR,Balichi,Балічы,406,3,locality,UTC+3,Europe/Minsk
306094,BY,BY-MA,Balashevichi,Балашэвічы,7846,3,Neighborhood,UTC+3,Europe/Minsk
306096,BY,\N,Balabanovichi,Balabanovichi,810,3,Neighborhood,UTC+3,Europe/Minsk
306097,BY,BY-BR,Bakuny,Бакуны,264,4,hamlet,UTC+3,Europe/Minsk
306098,BY,BY-BR,Bakuny,Бакуны,219,4,hamlet,UTC+3,Europe/Minsk
306103,BY,BY-HR,Bakshty,Бакшты,488,4,village,UTC+3,Europe/Minsk
306104,BY,BY-HR,Bakshty,Бакшты,384,4,village,UTC+3,Europe/Minsk
306112,BY,BY-HO,Bagrimovichi,Багрымавічы,82708,3,City,UTC+3,Europe/Minsk
306114,BY,BY-MI,Badezhi,Бадзяжы,81,4,locality,UTC+3,Europe/Minsk
306115,BY,BY-HR,Bachentsy Pervyye,Бачанцы 1,7500,3,City,UTC+3,Europe/Minsk
306116,BY,BY-HO,Babunichy,Бабуничы,656,3,locality,UTC+3,Europe/Minsk
306118,BY,BY-MA,Bobruysk,Бабруйск,215170,2,Town,UTC+3,Europe/Minsk
306120,BY,BY-MA,Babirova,Бабірова,314,4,village,UTC+3,Europe/Minsk
306122,BY,BY-VI,Babinovichi,Babinovichi,21274,3,Neighborhood,UTC+3,Europe/Minsk
306123,BY,BY-VI,Babinovichi,Бабінавічы,589,3,locality,UTC+3,Europe/Minsk
306124,BY,BY-MA,Babino Pervoye,Бабіна 1,252,3,locality,UTC+3,Europe/Minsk
306126,BY,BY-VI,Babinichi,Бабінічы,772,4,hamlet,UTC+3,Europe/Minsk
306131,BY,BY-MI,Babayevichi,Бабаевічы,418,4,village,UTC+3,Europe/Minsk
306133,BY,BY-HO,Azdzyelina,Аздзеліна,481,4,village,UTC+3,Europe/Minsk
306141,BY,BY-MI,Awhustova,Аўгустова,2010,3,Neighborhood,UTC+3,Europe/Minsk
306145,BY,BY-MA,Ovchinets,Ovchinets,842,4,village,UTC+3,Europe/Minsk
306147,BY,BY-MI,Atalyez',Аталезь,506,4,village,UTC+3,Europe/Minsk
306153,BY,BY-BR,Osipovichi,Асіпавічы,363,4,village,UTC+3,Europe/Minsk
306154,BY,BY-HR,Oshmyany,Ашмяны,16787,2,village,UTC+3,Europe/Minsk
306156,BY,BY-MA,Aseredok,Асяродак,77,4,village,UTC+3,Europe/Minsk
306157,BY,BY-HO,Asarevichi,Асарэвічы,329,4,village,UTC+3,Europe/Minsk
306162,BY,BY-HO,Artuki,Артукі,352,4,village,UTC+3,Europe/Minsk
306168,BY,BY-BR,Arabniki,Арабнікі,184,4,hamlet,UTC+3,Europe/Minsk
306173,BY,BY-MI,Obchak,Абчак,313,3,Neighborhood,UTC+3,Europe/Minsk
306179,BY,BY-BR,Antopal',Антопаль,1475,3,Urban Settlement,UTC+3,Europe/Minsk
306185,BY,BY-MA,Antonawka,Антонаўка,505,4,village,UTC+3,Europe/Minsk
306188,BY,BY-HO,Antonovka,Антонаўка,465,4,village,UTC+3,Europe/Minsk
306190,BY,BY-HO,Antonovka,Антонаўка,417,3,locality,UTC+3,Europe/Minsk
306191,BY,BY-HO,Antonovka,Антонаўка,210,3,locality,UTC+3,Europe/Minsk
306193,BY,BY-MA,Antonova Buda,Antonova Buda,12049,3,City,UTC+3,Europe/Minsk
306194,BY,BY-HO,Antonov,Antonov,38425,4,town,UTC+3,Europe/Minsk
306201,BY,BY-MI,Anopal',Анопаль,517,4,village,UTC+3,Europe/Minsk
306202,BY,BY-HR,Ankudy,Анкуды,71,4,hamlet,UTC+3,Europe/Minsk
306203,BY,BY-VI,Anisimovichi,Anisimovichi,2498,3,Town,UTC+3,Europe/Minsk
306205,BY,BY-MA,Malyya Anikavichy,Малыя Анікавічы,159,3,Neighborhood,UTC+3,Europe/Minsk
306206,BY,BY-VI,Anelino,Анэліна,226,3,locality,UTC+3,Europe/Minsk
306207,BY,BY-MI,Andreyki,Andreyki,32035,3,City,UTC+3,Europe/Minsk
306208,BY,BY-MI,Andrushi,Андрушы,241,4,village,UTC+3,Europe/Minsk
306209,BY,BY-HR,Andryushevtsy,Андрушоўцы,129,4,locality,UTC+3,Europe/Minsk
306211,BY,BY-MI,Androsovshchina,Андросаўшчына,144,4,village,UTC+3,Europe/Minsk
306212,BY,BY-VI,Androny,Андроны,225,4,village,UTC+3,Europe/Minsk
306213,BY,BY-MA,Andrany,Андраны,571,4,village,UTC+3,Europe/Minsk
306215,BY,BY-VI,Andronovichi,Андронавічы,761,3,Neighborhood,UTC+3,Europe/Minsk
306219,BY,BY-VI,Andreyevshchina,Андрэеўшчына,1106,3,locality,UTC+3,Europe/Minsk
306221,BY,BY-HO,Andreyevka,Андрэеўка,108,4,locality,UTC+3,Europe/Minsk
306222,BY,BY-HO,Andreyevka,Андрэеўка,110,4,locality,UTC+3,Europe/Minsk
306227,BY,BY-MI,Ananichi,Ананічы,77,4,village,UTC+3,Europe/Minsk
306228,BY,BY-MI,Ananchytsy,Ананчыцы,422,3,locality,UTC+3,Europe/Minsk
306232,BY,BY-VI,Ambrosovichi,Амбросавічы,295,3,locality,UTC+3,Europe/Minsk
306234,BY,BY-VI,Ol'govo,Альгова,1607,3,locality,UTC+3,Europe/Minsk
306238,BY,BY-VI,Aleksinichi,Алексінічы,318,4,village,UTC+3,Europe/Minsk
306243,BY,BY-HO,Alekseyevka,Аляксееўка,161,4,locality,UTC+3,Europe/Minsk
306244,BY,BY-BR,Alekseyevichi,Аляксеевічы,505,4,village,UTC+3,Europe/Minsk
306245,BY,BY-VI,Aleksandrina,Александрына,92,4,village,UTC+3,Europe/Minsk
306247,BY,BY-MA,Aleksandrovka Pervaya,Aleksandrovka Pervaya,6912,3,Neighborhood,UTC+3,Europe/Minsk
306255,BY,BY-HO,Aleksandrovka,Аляксандраўка,385,3,locality,UTC+3,Europe/Minsk
306257,BY,BY-HO,Aleksandrovka,Аляксандраўка,80,4,locality,UTC+3,Europe/Minsk
306258,BY,BY-MA,Aleksandriya,Александрыя,524,3,locality,UTC+3,Europe/Minsk
306261,BY,BY-VI,Al'brekhtava,Альбрэхтава,254,3,locality,UTC+3,Europe/Minsk
306262,BY,BY-HO,Al'binsk,Al’binsk,1016,3,Neighborhood,UTC+3,Europe/Minsk
306263,BY,BY-BR,Al'ba,Альба,76,4,village,UTC+3,Europe/Minsk
306264,BY,BY-VI,Vyalikiya Alashki,Вялікія Алашкі,1077,4,village,UTC+3,Europe/Minsk
306270,BY,BY-MI,Aksakawshchyna,Аксакаўшчына,391,4,village,UTC+3,Europe/Minsk
306272,BY,BY-VI,Akhremawtsy,Ахрэмаўцы,1312,3,locality,UTC+3,Europe/Minsk
306273,BY,BY-VI,Agal'nitsa Bol'shaya,Agal’nitsa Bol’shaya,1032,3,Village,UTC+3,Europe/Minsk
306277,BY,BY-MI,Adamovo,Адамова,189,4,village,UTC+3,Europe/Minsk
306278,BY,BY-BR,Adamovo,Адамова,106,4,village,UTC+3,Europe/Minsk
306285,BY,BY-HR,Achukevichi,Achukevichi,20304,3,City,UTC+3,Europe/Minsk
306287,BY,BY-HR,Abramovshchina Pervaya,Абрамаўшчына 1,108,4,locality,UTC+3,Europe/Minsk
306291,BY,BY-HO,Abakumy,Абакумы,116,4,hamlet,UTC+3,Europe/Minsk
306293,BY,BY-BR,Svaryn',Сварынь,650,4,village,UTC+3,Europe/Minsk
306296,BY,BY-BR,Pavitstsye,Павіцце,1528,4,village,UTC+3,Europe/Minsk
306297,BY,BY-BR,Podyshche,Падышча,150,4,locality,UTC+3,Europe/Minsk
306298,BY,BY-BR,Nevel',Невель,442,3,Village,UTC+3,Europe/Minsk
306301,BY,BY-VI,Bolbasovo,Балбасава,3600,3,locality,UTC+3,Europe/Minsk
306302,BY,BY-VI,Zaslonovo,Заслонава,1831,3,locality,UTC+3,Europe/Minsk
306304,BY,BY-VI,Marchanki,Марчанкі,215,3,locality,UTC+3,Europe/Minsk
306308,BY,BY-VI,Mariampol',Mariampol’,2842,3,Neighborhood,UTC+3,Europe/Minsk
306314,BY,BY-VI,Stadolishcha,Стадолішча,244,4,village,UTC+3,Europe/Minsk
306316,BY,BY-VI,Dowzha,Доўжа,855,4,village,UTC+3,Europe/Minsk
306317,BY,BY-VI,Khaysy,Хайсы,543,3,locality,UTC+3,Europe/Minsk
306319,BY,BY-VI,Suykovo,Суйкава,244,4,village,UTC+3,Europe/Minsk
306321,BY,BY-VI,Dobreyka,Дабрэйка,135,4,village,UTC+3,Europe/Minsk
306330,BY,BY-VI,Charnaruchcha,Чарнаручча,384,3,locality,UTC+3,Europe/Minsk
306332,BY,BY-VI,Zamosh'ye,Zamosh’ye,3817,3,Neighborhood,UTC+3,Europe/Minsk
306333,BY,BY-VI,Adamenki,Адаменкі,473,3,locality,UTC+3,Europe/Minsk
306344,BY,BY-VI,Polovo,Палова,133,4,locality,UTC+3,Europe/Minsk
306354,BY,BY-VI,Kryuki,Kryuki,2186,3,Neighborhood,UTC+3,Europe/Minsk
306356,BY,BY-VI,Luzhki,Luzhki,1893,3,Town,UTC+3,Europe/Minsk
306360,BY,BY-VI,Buyevo,Buyevo,785,3,Neighborhood,UTC+3,Europe/Minsk
306361,BY,BY-VI,Podberez'ye,Падбярэззе,443,3,locality,UTC+3,Europe/Minsk
306362,BY,BY-VI,Dymanovo-Dva,Дыманова,215,3,locality,UTC+3,Europe/Minsk
306363,BY,BY-VI,Shapury,Шапуры,122,4,locality,UTC+3,Europe/Minsk
306366,BY,BY-VI,Polyai,Паляі,125,4,village,UTC+3,Europe/Minsk
306369,BY,BY-VI,Puruzy,Puruzy,873,3,Village,UTC+3,Europe/Minsk
306370,BY,BY-VI,Paludzyetki,Палудзеткі,215,3,locality,UTC+3,Europe/Minsk
306371,BY,BY-VI,Kosovo,Косава,123,4,locality,UTC+3,Europe/Minsk
306372,BY,BY-VI,Zhebentyay,Жабенцяі,219,3,locality,UTC+3,Europe/Minsk
306377,BY,BY-VI,Prisushino,Прысушына,257,3,locality,UTC+3,Europe/Minsk
306381,BY,BY-VI,Vymno,Вымна,564,4,village,UTC+3,Europe/Minsk
306395,BY,BY-VI,Mikhalinovo,Міхалінава,270,4,village,UTC+3,Europe/Minsk
306396,BY,BY-VI,Konashkovo,Канашкава,123,4,locality,UTC+3,Europe/Minsk
306400,BY,BY-VI,Yemel'yanovo,Емельянова,115,4,locality,UTC+3,Europe/Minsk
306402,BY,BY-VI,Kovali,Кавалі,313,4,village,UTC+3,Europe/Minsk
306403,BY,BY-VI,Krasyni,Красыні,3080,3,Town,UTC+3,Europe/Minsk
306408,BY,BY-HO,Knyazhinka,Knyazhinka,778,4,village,UTC+3,Europe/Minsk
306418,BY,BY-HO,Staryye Verkhi,Staryye Verkhi,776,3,Neighborhood,UTC+3,Europe/Minsk
306420,BY,BY-HO,Loshchinets,Loshchinets,1452,3,Neighborhood,UTC+3,Europe/Minsk
306423,BY,BY-HO,Palom,Palom,1311,3,Neighborhood,UTC+3,Europe/Minsk
306425,BY,BY-HO,Vikov,Вікоў,352,3,locality,UTC+3,Europe/Minsk
306444,BY,BY-MA,Havyady,Гавяды,664,4,village,UTC+3,Europe/Minsk
306447,BY,BY-MA,Klimovichi,Клімавічы,150,4,village,UTC+3,Europe/Minsk
306459,BY,BY-MA,Kucharino,Кучарына,142,4,locality,UTC+3,Europe/Minsk
306461,BY,BY-MA,Dan'kovichi,Данькавічы,250,3,locality,UTC+3,Europe/Minsk
306463,BY,BY-HO,Dobrich,Добрыч,1345,3,Neighborhood,UTC+3,Europe/Minsk
306469,BY,BY-MA,Krugi,Krugi,1579,3,Neighborhood,UTC+3,Europe/Minsk
306470,BY,BY-MA,Kalinovaya,Калінавая,210,4,village,UTC+3,Europe/Minsk
306472,BY,BY-MA,Dobreyka,Дабрэйка,291,4,village,UTC+3,Europe/Minsk
306474,BY,BY-MA,Privol'ye,Privol’ye,42304,3,City,UTC+3,Europe/Minsk
306476,BY,BY-HO,Bezbozhnik,Bezbozhnik,14627,3,City,UTC+3,Europe/Minsk
306477,BY,BY-HO,Barsuki,Барсукі,3901,3,City,UTC+3,Europe/Minsk
306478,BY,BY-HO,Kalinino,Калініна,555,3,Village,UTC+3,Europe/Minsk
306480,BY,BY-MA,Korzeyevo,Korzeyevo,511,4,village,UTC+3,Europe/Minsk
306481,BY,BY-MA,Pudawnya,Пудаўня,1160,3,locality,UTC+3,Europe/Minsk
306484,BY,BY-MA,Akunyowka,Акунёўка,310,4,village,UTC+3,Europe/Minsk
306491,BY,BY-MA,Virovka,Virovka,503,4,village,UTC+3,Europe/Minsk
306512,BY,BY-MA,Zapol'ye,Заполле,241,4,village,UTC+3,Europe/Minsk
306515,BY,BY-HO,Kustar',Kustar’,1083,3,Village,UTC+3,Europe/Minsk
306520,BY,BY-MA,Mishni,Мiшнi,1211,3,City,UTC+3,Europe/Minsk
306524,BY,BY-MA,Kopachi,Капачы,804,3,Neighborhood,UTC+3,Europe/Minsk
306530,BY,BY-HO,Semenovka,Сямёнаўка,154,4,village,UTC+3,Europe/Minsk
306537,BY,BY-HO,Koselyanskiy,Koselyanskiy,12811,4,town,UTC+3,Europe/Minsk
306544,BY,BY-MA,Koptevka,Копцеўка,291,4,village,UTC+3,Europe/Minsk
306546,BY,BY-HO,Kolyudy,Kolyudy,1658,3,City,UTC+3,Europe/Minsk
306551,BY,BY-MA,Matyuty,Мацюты,355,3,locality,UTC+3,Europe/Minsk
306553,BY,BY-MA,Nivishchi,Нівішчы,173,4,village,UTC+3,Europe/Minsk
306564,BY,BY-VI,Massory,Massory,4125,3,Neighborhood,UTC+3,Europe/Minsk
306570,BY,BY-HO,Maydan,Maydan,199609,4,town,UTC+3,Europe/Minsk
306571,BY,BY-MA,Bol'shevik,Bol’shevik,1365287,3,City,UTC+3,Europe/Minsk
306573,BY,BY-VI,Stan'ki,Stan’ki,382,3,Neighborhood,UTC+3,Europe/Minsk
306574,BY,BY-VI,Dubovtsy,Dubovtsy,753,3,Neighborhood,UTC+3,Europe/Minsk
306576,BY,BY-VI,Konstantovo,Канстантова,229,4,village,UTC+3,Europe/Minsk
306580,BY,BY-VI,Posad,Пасад,136,4,locality,UTC+3,Europe/Minsk
306581,BY,BY-VI,Tsypki,Цыпкі,584,4,village,UTC+3,Europe/Minsk
306582,BY,BY-VI,Belenevo,Бяленева,199,4,village,UTC+3,Europe/Minsk
306583,BY,BY-VI,Papino,Papino,1199,3,Village,UTC+3,Europe/Minsk
306589,BY,BY-HO,Il'ich,Ільіч,879,4,hamlet,UTC+3,Europe/Minsk
306590,BY,BY-VI,Nekrashevo,Някрашава,66,4,village,UTC+3,Europe/Minsk
306591,BY,BY-MA,Chernoles'ye,Чарналессе,925,3,Town,UTC+3,Europe/Minsk
306593,BY,BY-MA,Dubrovskiy,Дуброўскі,3770,3,Town,UTC+3,Europe/Minsk
306594,BY,BY-VI,Litusovo,Літусава,285,4,village,UTC+3,Europe/Minsk
306595,BY,BY-MA,Votnya,Votnya,2255,3,Neighborhood,UTC+3,Europe/Minsk
306601,BY,BY-VI,Pogost,Пaгост,83,4,locality,UTC+3,Europe/Minsk
306602,BY,BY-VI,Nizhnyaya Verovoysha,Ніжняя Веравойша,167,4,locality,UTC+3,Europe/Minsk
306604,BY,BY-VI,Star,Стар,229,4,village,UTC+3,Europe/Minsk
306608,BY,BY-HO,Mikhaylovka,Mikhaylovka,971,3,Village,UTC+3,Europe/Minsk
306612,BY,BY-VI,Zvenyachi,Звянячы,222,4,village,UTC+3,Europe/Minsk
306616,BY,BY-VI,Byelyeva,Белева,222,4,village,UTC+3,Europe/Minsk
306617,BY,BY-VI,Tuminichi,Тумінічы,107,4,village,UTC+3,Europe/Minsk
306619,BY,BY-VI,Ratsevo,Рацава,266,4,village,UTC+3,Europe/Minsk
306621,BY,BY-VI,Levki,Ляўкі,122,4,village,UTC+3,Europe/Minsk
306622,BY,BY-MA,Maloye Zamosh'ye,Maloye Zamosh’ye,2884,3,Town,UTC+3,Europe/Minsk
306623,BY,BY-VI,Babinichi,Бабінічы,3430,4,village,UTC+3,Europe/Minsk
306624,BY,BY-VI,Vustsye,Вусце,783,4,hamlet,UTC+3,Europe/Minsk
306625,BY,BY-VI,Korovo,Корава,105,4,village,UTC+3,Europe/Minsk
306626,BY,BY-MA,Rekta-Mikhaylovka,Rekta-Mikhaylovka,17966,3,Neighborhood,UTC+3,Europe/Minsk
306631,BY,BY-VI,Zarech'ye,Zarech’ye,1475,3,Town,UTC+3,Europe/Minsk
306632,BY,BY-VI,Obukhovo,Абухава,266,4,village,UTC+3,Europe/Minsk
306634,BY,BY-VI,Grishany,Грышаны,231,3,locality,UTC+3,Europe/Minsk
306637,BY,BY-VI,Skog,Ског,692,3,Village,UTC+3,Europe/Minsk
306638,BY,BY-VI,Pastushki,Pastushki,780,3,Village,UTC+3,Europe/Minsk
306641,BY,BY-VI,Sosnovaya Naspa,Sosnovaya Naspa,201905,3,Neighborhood,UTC+3,Europe/Minsk
306647,BY,BY-MA,Oktyabr',Акцябр,2020,3,Neighborhood,UTC+3,Europe/Minsk
306657,BY,BY-MA,Galuzy,Galuzy,804,3,Neighborhood,UTC+3,Europe/Minsk
306659,BY,BY-MA,Brylevka,Brylevka,232,3,Neighborhood,UTC+3,Europe/Minsk
306664,BY,BY-VI,Osipenki,Восьпенкі,216,3,locality,UTC+3,Europe/Minsk
306666,BY,BY-VI,Bryukhovo,Брухава,1667,3,Town,UTC+3,Europe/Minsk
306667,BY,BY-VI,Shabany,Шабаны,207,4,village,UTC+3,Europe/Minsk
306672,BY,BY-VI,Yakubovo,Якубава,204,3,locality,UTC+3,Europe/Minsk
306673,BY,BY-VI,Mit'kovshchina,Міцькаўшчына,312,4,village,UTC+3,Europe/Minsk
306674,BY,BY-VI,Pugachevo,Pugachevo,755,3,Neighborhood,UTC+3,Europe/Minsk
306677,BY,BY-MA,Mikhalev,Mikhalev,2067,3,Village,UTC+3,Europe/Minsk
306679,BY,BY-VI,Rumino,Руміна,267,4,village,UTC+3,Europe/Minsk
306686,BY,BY-VI,Lemna,Раска,616,4,village,UTC+3,Europe/Minsk
306690,BY,BY-VI,Kozlovichi Vtoryye,Казловічы Другая,172,4,locality,UTC+3,Europe/Minsk
306696,BY,BY-VI,Magerovka,Магераўка,237,4,village,UTC+3,Europe/Minsk
306702,BY,BY-VI,Bystriyevka,Быстрыёўка,67,4,locality,UTC+3,Europe/Minsk
306704,BY,BY-VI,Kovrovaya,Каўровае,57,4,locality,UTC+3,Europe/Minsk
306705,BY,BY-MA,Karma,Карма,7448,3,Urban Settlement,UTC+3,Europe/Minsk
306721,BY,BY-VI,Volevki,Валяўкі,78,4,locality,UTC+3,Europe/Minsk
306724,BY,BY-VI,Kalinawka,Калінаўка,339,3,locality,UTC+3,Europe/Minsk
306727,BY,BY-VI,Redz'ki,Рэдзькі,206,3,locality,UTC+3,Europe/Minsk
306728,BY,BY-VI,Vykhodtsy,Выхадцы,117,4,locality,UTC+3,Europe/Minsk
306732,BY,BY-MA,Papowka,Папоўка,192,4,village,UTC+3,Europe/Minsk
306733,BY,BY-VI,Poddub'ye,Poddub’ye,50833,3,Neighborhood,UTC+3,Europe/Minsk
306748,BY,BY-MA,Novoselki,Novosëlki,989,3,Neighborhood,UTC+3,Europe/Minsk
306759,BY,BY-MA,Starosel'ye,Starosel’ye,1104,3,Neighborhood,UTC+3,Europe/Minsk
306760,BY,BY-MA,Ludchytsy,Лудчыцы,566,4,village,UTC+3,Europe/Minsk
306765,BY,BY-MA,Chyrvonaya Slabada,Чырвоная Слабада,392,3,locality,UTC+3,Europe/Minsk
306768,BY,BY-MA,Novaya Trasna,Novaya Trasna,1045,3,Neighborhood,UTC+3,Europe/Minsk
306779,BY,BY-MA,Brodnitsa,Brodnitsa,6866,3,Neighborhood,UTC+3,Europe/Minsk
306784,BY,BY-MA,Kurganovka,Курганаўка,122,4,locality,UTC+3,Europe/Minsk
306801,BY,BY-MA,Varanino,Вараніно,536,4,village,UTC+3,Europe/Minsk
306802,BY,BY-MA,Vilyaga,Vilyaga,755,3,Neighborhood,UTC+3,Europe/Minsk
306806,BY,BY-MA,Krasnyy Oktyabr',Krasnyy Oktyabr’,1004,3,Neighborhood,UTC+3,Europe/Minsk
306824,BY,BY-MA,Oktyabr',Oktyabr’,51670,3,village,UTC+3,Europe/Minsk
306825,BY,BY-MA,Krasnaya Gorka,Krasnaya Gorka,2013,3,Neighborhood,UTC+3,Europe/Minsk
306832,BY,BY-MA,Yelovets,Yelovets,929,3,Village,UTC+3,Europe/Minsk
306842,BY,BY-MA,Zarech'ye,Zarech’ye,421,3,Neighborhood,UTC+3,Europe/Minsk
306846,BY,BY-HO,Aktsyabr,Акцябр,622,3,locality,UTC+3,Europe/Minsk
306850,BY,BY-MA,Malaya Borovka,Malaya Borovka,2296,3,Neighborhood,UTC+3,Europe/Minsk
306853,BY,BY-MA,Bynovo,Бынава,118,4,village,UTC+3,Europe/Minsk
306856,BY,BY-MA,Vetka,Ветка,217,4,village,UTC+3,Europe/Minsk
306859,BY,BY-MA,Momachino,Momachino,4797,3,Neighborhood,UTC+3,Europe/Minsk
306869,BY,BY-HO,Malinawka,Малінаўка,366,3,locality,UTC+3,Europe/Minsk
306871,BY,BY-MA,Khvorostyany,Хварасцяны,159,4,village,UTC+3,Europe/Minsk
306873,BY,BY-MA,Zhilovskiy,Zhilovskiy,1346,3,Village,UTC+3,Europe/Minsk
306874,BY,BY-MA,Ustannoye,Ustannoye,1347,3,Village,UTC+3,Europe/Minsk
306880,BY,BY-HO,Molchany,Маўчаны,69,4,locality,UTC+3,Europe/Minsk
306881,BY,BY-MA,Verbezh,Вербеж,157,4,village,UTC+3,Europe/Minsk
306891,BY,BY-MA,Peredovoy,Peredovoy,21525,3,Neighborhood,UTC+3,Europe/Minsk
306900,BY,BY-HO,Khimy,Хімы,126,4,village,UTC+3,Europe/Minsk
306908,BY,BY-MA,Podbrod'ye,Podbrod’ye,14000,3,City,UTC+3,Europe/Minsk
306909,BY,BY-MA,Yamische,Yamische,4207,3,Neighborhood,UTC+3,Europe/Minsk
306912,BY,BY-MA,Proletariy,Пралетарый,452,4,village,UTC+3,Europe/Minsk
306916,BY,BY-MA,Turgen'yevka,Turgen’yevka,2757,3,Town,UTC+3,Europe/Minsk
306921,BY,BY-MA,"Ryasno, Rjasno, Rasna",Бясчынне,764,4,village,UTC+3,Europe/Minsk
306925,BY,BY-MA,Kutnya,Кутня,98,4,locality,UTC+3,Europe/Minsk
306929,BY,BY-MA,Kolosovka,Kolosovka,1027,3,Village,UTC+3,Europe/Minsk
306931,BY,BY-MA,Vitun',Вітунь,143,4,hamlet,UTC+3,Europe/Minsk
306932,BY,BY-HO,Pribor,Прыбар,111,4,village,UTC+3,Europe/Minsk
306933,BY,BY-HO,Sovkhoznaya,Царкоўе,381,3,locality,UTC+3,Europe/Minsk
306935,BY,BY-HO,Botvinovo,Бацвінава,5877,3,City,UTC+3,Europe/Minsk
306936,BY,BY-MA,Ust'ye,Вусце,205,4,village,UTC+3,Europe/Minsk
306938,BY,BY-HO,Korablishche,Караблішча,56,4,locality,UTC+3,Europe/Minsk
306953,BY,BY-HO,Dawhalyessye,Даўгалессе,710,4,village,UTC+3,Europe/Minsk
306959,BY,BY-MA,Sychyki,Сычыкі,327,4,village,UTC+3,Europe/Minsk
306962,BY,BY-MA,Luchki,Luchki,4495,3,Neighborhood,UTC+3,Europe/Minsk
306964,BY,BY-MA,Yurkovka,Юркаўка,916,3,Neighborhood,UTC+3,Europe/Minsk
306968,BY,BY-HO,Karnalin,Карналін,1004,3,Neighborhood,UTC+3,Europe/Minsk
306969,BY,BY-HO,Skitok,Скіток,58,4,hamlet,UTC+3,Europe/Minsk
306970,BY,BY-HO,Borets,Borets,587,3,Urban agglomeration,UTC+3,Europe/Minsk
306972,BY,BY-MA,Zui,Зуі,176,4,hamlet,UTC+3,Europe/Minsk
306981,BY,BY-MA,Ol'shov Vtoroy,Ol’shov Vtoroy,224,3,Neighborhood,UTC+3,Europe/Minsk
306998,BY,BY-HO,Dubovitsa,Дубавіца,361,3,locality,UTC+3,Europe/Minsk
307001,BY,BY-HO,Repishche,Рэпішча,50,4,locality,UTC+3,Europe/Minsk
307002,BY,BY-HO,Sapriki,Сапрыкі,130,4,locality,UTC+3,Europe/Minsk
307003,BY,BY-MA,Demidovichi,Дзямідавічы,287,3,locality,UTC+3,Europe/Minsk
307010,BY,BY-MA,Korbanovo,Korbanovo,9569,3,Neighborhood,UTC+3,Europe/Minsk
307012,BY,BY-HO,Gayek,Gayek,1603,3,Neighborhood,UTC+3,Europe/Minsk
307014,BY,BY-HO,Molinsk,Molinsk,1905,3,Town,UTC+3,Europe/Minsk
307018,BY,BY-MA,Knyazevka,Князеўка,615,3,Neighborhood,UTC+3,Europe/Minsk
307019,BY,BY-MA,Novoselki,Навасёлкі,512,4,Town,UTC+3,Europe/Minsk
307021,BY,BY-MA,Zimnitsa,Зімніца,85,4,locality,UTC+3,Europe/Minsk
307023,BY,BY-MA,Podgor'ye,Падгор’е,521,3,locality,UTC+3,Europe/Minsk
307026,BY,BY-MA,Amkhovaya Pyershaya,Амховая Першая,319,3,locality,UTC+3,Europe/Minsk
307028,BY,BY-MA,Roshenha,Roshenha,753,3,Neighborhood,UTC+3,Europe/Minsk
307029,BY,BY-MA,Laryshskaya,Laryshskaya,969,3,Village,UTC+3,Europe/Minsk
307033,BY,BY-MA,Vaynily,Вайнілы,461,3,locality,UTC+3,Europe/Minsk
307035,BY,BY-HO,Ihawka,Iгаўка,613,3,locality,UTC+3,Europe/Minsk
307036,BY,BY-HO,Lyebyadzyowka,Лебядзёўка,156,4,locality,UTC+3,Europe/Minsk
307039,BY,BY-MA,Golochevo,Галачэва,519,3,Neighborhood,UTC+3,Europe/Minsk
307042,BY,BY-HO,Kholmy,Kholmy,1144,3,Neighborhood,UTC+3,Europe/Minsk
307049,BY,BY-MA,Novaya Belitsa,Novaya Belitsa,1538,3,Neighborhood,UTC+3,Europe/Minsk
307061,BY,BY-HO,Zalyaddzye,Заляддзе,609,3,Neighborhood,UTC+3,Europe/Minsk
307064,BY,BY-MA,Vasilevka Vtoraya,Васілёўка 2,97,4,locality,UTC+3,Europe/Minsk
307066,BY,BY-HO,Vaznyasyenski,Вазнясенскі,431,4,village,UTC+3,Europe/Minsk
307068,BY,BY-HO,Naukhovichi,Наўхавічы,731,3,Neighborhood,UTC+3,Europe/Minsk
307084,BY,BY-MA,Cherchenovka,Cherchenovka,196633,3,City,UTC+3,Europe/Minsk
307092,BY,BY-MA,Bruski,Брускі,133,4,hamlet,UTC+3,Europe/Minsk
307096,BY,BY-MA,Gorodshchina,Гарадшчына,186,4,locality,UTC+3,Europe/Minsk
307098,BY,BY-HO,Shyrokaye,Шырокае,886,4,village,UTC+3,Europe/Minsk
307099,BY,BY-HO,Aktsyabr,Акцябр,876,4,village,UTC+3,Europe/Minsk
307102,BY,BY-MA,Polovinnyy Log,Палавінны Лог,291,3,Village,UTC+3,Europe/Minsk
307103,BY,BY-HO,Uza,Уза,1293,4,village,UTC+3,Europe/Minsk
307104,BY,BY-HO,Kamunar,Камунар,2416,4,village,UTC+3,Europe/Minsk
307109,BY,BY-MA,Ramanavichy,Раманавічы,1341,4,village,UTC+3,Europe/Minsk
307114,BY,BY-MA,Mikhalyova,Міхалёва,328,3,locality,UTC+3,Europe/Minsk
307121,BY,BY-MA,Ryabinovaya,Ryabinovaya,1874,3,Neighborhood,UTC+3,Europe/Minsk
307129,BY,BY-MA,Buglayevo,Buglayevo,1914,3,City,UTC+3,Europe/Minsk
307134,BY,BY-MA,Sobolevka,Сабалёўка,249,4,village,UTC+3,Europe/Minsk
307148,BY,BY-MA,Uzniki,Uzniki,1352,3,Neighborhood,UTC+3,Europe/Minsk
307150,BY,BY-MA,Borisovka,Барысаўка,95,4,village,UTC+3,Europe/Minsk
307159,BY,BY-MA,Bulyzhitsy,Булыжыцы,96,4,village,UTC+3,Europe/Minsk
307164,BY,BY-MA,Gay,Гаі,120,4,village,UTC+3,Europe/Minsk
307166,BY,BY-MA,Palykavichy Pyershyya,Палыкавічы Першыя,1572,4,village,UTC+3,Europe/Minsk
307169,BY,BY-MA,Gribany,Грыбаны,311,4,village,UTC+3,Europe/Minsk
307171,BY,BY-MA,Khoroshki,Харошкі,87,4,village,UTC+3,Europe/Minsk
307181,BY,BY-MA,Volymerovo,Volymerovo,1561,3,Village,UTC+3,Europe/Minsk
307185,BY,BY-MA,Klin,Клін,55,4,hamlet,UTC+3,Europe/Minsk
307187,BY,BY-MA,Ozhogovshchino,Ozhogovshchino,2898,3,Town,UTC+3,Europe/Minsk
307192,BY,BY-MA,Tatarshchino,Tatarshchino,1483,3,Neighborhood,UTC+3,Europe/Minsk
307210,BY,BY-MA,Kuleshovka,Kuleshovka,1221,3,Village,UTC+3,Europe/Minsk
307211,BY,BY-MA,Semenovka,Semënovka,12411,3,City,UTC+3,Europe/Minsk
307213,BY,BY-MA,Horad Krychaw,Горад Крычаў,\N,2,village,UTC+3,Europe/Minsk
307214,BY,BY-MI,Fanipol,Фанiпаль,14233,4,village,UTC+3,Europe/Minsk
307218,BY,BY-BR,Zakozyel',Закозель,581,4,village,UTC+3,Europe/Minsk
307219,BY,BY-BR,Malinawka,Малінаўка,116,4,locality,UTC+3,Europe/Minsk
307221,BY,BY-BR,Zalyadynnye,Залядынне,196,4,village,UTC+3,Europe/Minsk
307222,BY,BY-BR,Shamyatowka,Шамятоўка,248,4,village,UTC+3,Europe/Minsk
307223,BY,BY-BR,Powkatsichy,Поўкацічы,210,4,hamlet,UTC+3,Europe/Minsk
307225,BY,BY-BR,Abyarowshchyna,Абяроўшчына,961,4,village,UTC+3,Europe/Minsk
307226,BY,BY-BR,Byelavyezhski,Белавежскі,2220,3,locality,UTC+3,Europe/Minsk
307227,BY,BY-BR,Malyya Zvody,Малыя Зводы,399,4,village,UTC+3,Europe/Minsk
307228,BY,BY-BR,Kavyerdzyaki,Кавердзякі,1273,4,village,UTC+3,Europe/Minsk
307229,BY,BY-BR,Vistychy,Вістычы,697,4,village,UTC+3,Europe/Minsk
307230,BY,BY-BR,Sushytnitsa,Сушытніца,372,4,village,UTC+3,Europe/Minsk
307232,BY,BY-BR,Zaazyornaya,Заазёрная,138,4,village,UTC+3,Europe/Minsk
307235,BY,BY-BR,Pyarkovichy,Пярковічы,408,3,locality,UTC+3,Europe/Minsk
307236,BY,BY-BR,Pahranichnaya,Пагранічная,453,3,locality,UTC+3,Europe/Minsk
307240,BY,BY-BR,Novyya Zasimavichy,Новыя Засімавічы,2762,3,locality,UTC+3,Europe/Minsk
307241,BY,BY-BR,Mokraye,Мокрае,302,3,locality,UTC+3,Europe/Minsk
307243,BY,BY-BR,Pawlava,Паўлава,240,4,village,UTC+3,Europe/Minsk
307244,BY,BY-BR,Novyya Pyeski,Новыя Пескі,1946,3,locality,UTC+3,Europe/Minsk
307249,BY,BY-BR,Zaluzzye,Залуззе,186,4,locality,UTC+3,Europe/Minsk
307250,BY,BY-BR,Vyerkhni Tsyerabyazhow,Верхні Церабяжоў,666,3,locality,UTC+3,Europe/Minsk
307252,BY,BY-BR,Mizhlyessye,Міжлессе,1041,3,locality,UTC+3,Europe/Minsk
307253,BY,BY-BR,Barsukova,Барсукова,118,4,hamlet,UTC+3,Europe/Minsk
307254,BY,BY-BR,Hanchary,Ганчары,409,3,locality,UTC+3,Europe/Minsk
307255,BY,BY-BR,Nacha,Нача,578,3,locality,UTC+3,Europe/Minsk
307257,BY,BY-BR,Kon'ki,Конькі,342,3,locality,UTC+3,Europe/Minsk
307258,BY,BY-BR,Zyalyonaya,Зялёная,182,4,locality,UTC+3,Europe/Minsk
307259,BY,BY-BR,Zhamchuzhny,Жамчужны,3600,3,locality,UTC+3,Europe/Minsk
307260,BY,BY-BR,Staryna,Старына,241,4,hamlet,UTC+3,Europe/Minsk
307261,BY,BY-BR,Byeraztsy,Беразцы,208,3,locality,UTC+3,Europe/Minsk
307262,BY,BY-BR,Palyeski,Палескі,1067,3,locality,UTC+3,Europe/Minsk
307263,BY,BY-BR,Palon',Палонь,161,4,hamlet,UTC+3,Europe/Minsk
307265,BY,BY-BR,Mirny,Мірны,424,4,village,UTC+3,Europe/Minsk
307271,BY,BY-BR,Berest'ye,Бярэсце,158,4,locality,UTC+3,Europe/Minsk
307273,BY,BY-BR,Gorokhovishche,Gorokhovishche,1363,3,Neighborhood,UTC+3,Europe/Minsk
307276,BY,BY-BR,Borisy,Барысы,375,4,village,UTC+3,Europe/Minsk
307282,BY,BY-BR,Dvorishche,Дворышча,370,3,locality,UTC+3,Europe/Minsk
307287,BY,BY-HR,Lebeda,Лебяда,3370,3,Neighborhood,UTC+3,Europe/Minsk
307289,BY,BY-HR,Dovgyalishki,Даўгялішкі,1100,3,Neighborhood,UTC+3,Europe/Minsk
307293,BY,BY-HR,Zalesskiye,Залескія,857,3,Village,UTC+3,Europe/Minsk
307294,BY,BY-HR,Shevardaki,Shevardaki,913,3,Neighborhood,UTC+3,Europe/Minsk
307297,BY,BY-HR,Shavdyuki,Shavdyuki,132,4,village,UTC+3,Europe/Minsk
307313,BY,BY-HR,Karpovichi,Карповічы,1103,3,Village,UTC+3,Europe/Minsk
307318,BY,BY-HR,Bol'tsishki,Больцішкі,428,4,village,UTC+3,Europe/Minsk
307321,BY,BY-HR,Narkuny,Наркуны,102,4,hamlet,UTC+3,Europe/Minsk
307327,BY,BY-HR,Chekhovtsy,Chekhovtsy,3392,3,Neighborhood,UTC+3,Europe/Minsk
307336,BY,BY-HR,Sudrogi,Судрогі,137,4,village,UTC+3,Europe/Minsk
307338,BY,BY-HR,Krasowshchyna,Красовщина,125,4,village,UTC+3,Europe/Minsk
307339,BY,BY-HR,Savguti,Саўгуці,112,4,village,UTC+3,Europe/Minsk
307341,BY,BY-HR,Zubkovichi,Зубковічы,1013,3,Neighborhood,UTC+3,Europe/Minsk
307343,BY,BY-HR,Rusachki,Rusachki,1050,3,Village,UTC+3,Europe/Minsk
307344,BY,BY-HR,Gradovshchizna,Gradovshchizna,597,3,Neighborhood,UTC+3,Europe/Minsk
307347,BY,BY-HR,Rapeyki,Rapeyki,1567,3,Neighborhood,UTC+3,Europe/Minsk
307350,BY,BY-HR,Malyeykawshchyna,Малейкаўшчына,944,4,village,UTC+3,Europe/Minsk
307367,BY,BY-HR,Bobinsk,Bobinsk,100,3,Neighborhood,UTC+3,Europe/Minsk
307371,BY,BY-HR,Gorantsy,Horantsy,891,3,Neighborhood,UTC+3,Europe/Minsk
307374,BY,BY-HR,Dzitva,Дзітва,1605,4,village,UTC+3,Europe/Minsk
307378,BY,BY-HR,Ostrovlya,Астроўля,298,3,locality,UTC+3,Europe/Minsk
307382,BY,BY-HR,Novoselki,Навасёлкі,251,4,village,UTC+3,Europe/Minsk
307392,BY,BY-HR,Dendelishki,Дзендзялішкі,1692,3,Neighborhood,UTC+3,Europe/Minsk
307393,BY,BY-HR,Pavlovichi,Паўловічы,1020,3,Neighborhood,UTC+3,Europe/Minsk
307398,BY,BY-HR,Krasnovtsy,Краснаўцы,152,4,village,UTC+3,Europe/Minsk
307400,BY,BY-HR,Maloye Ol'zhevo,Malaye Ol’zhava,784,3,Village,UTC+3,Europe/Minsk
307401,BY,BY-HR,Gorni,Гарні,148,4,village,UTC+3,Europe/Minsk
307403,BY,BY-HR,Vin'kovtsy,Вінкаўцы,113,4,village,UTC+3,Europe/Minsk
307404,BY,BY-HR,Sheybaki,Шайбакі,352,3,locality,UTC+3,Europe/Minsk
307406,BY,BY-HR,Novitskiye Vtoryye,Навіцкія 2,227,3,locality,UTC+3,Europe/Minsk
307419,BY,BY-HR,Potel'tsy,Potel’tsy,1937,3,Neighborhood,UTC+3,Europe/Minsk
307420,BY,BY-HR,Galunovichi,Галуновічы,1756,3,Neighborhood,UTC+3,Europe/Minsk
307421,BY,BY-HR,Brody-Yurkovichi,Brody-Yurkovichi,1366,3,Village,UTC+3,Europe/Minsk
307422,BY,BY-HR,Podol'khovka,Падальхоўка,1024,3,Neighborhood,UTC+3,Europe/Minsk
307426,BY,BY-HR,Tarnova,Тарнова,652,4,village,UTC+3,Europe/Minsk
307429,BY,BY-HR,Dalyokiya,Далёкія,312,3,locality,UTC+3,Europe/Minsk
307433,BY,BY-HR,Skamennyy Bor,Skamennyy Bor,1188,3,Village,UTC+3,Europe/Minsk
307441,BY,BY-HR,Khodyuki,Хадзюкі,124,4,village,UTC+3,Europe/Minsk
307442,BY,BY-HR,Ditriki,Дзітрыкі,124,4,locality,UTC+3,Europe/Minsk
307443,BY,BY-HR,Lyubary,Lyubary,70,4,village,UTC+3,Europe/Minsk
307448,BY,BY-HR,Dorzhy,Доржы,389,3,locality,UTC+3,Europe/Minsk
307459,BY,BY-HR,Pobeda,Pobeda,898,3,Neighborhood,UTC+3,Europe/Minsk
307461,BY,BY-HR,Feliksovo,Фелiксава,162,4,locality,UTC+3,Europe/Minsk
307474,BY,BY-HR,Drozdovo,Дроздава,135,4,locality,UTC+3,Europe/Minsk
307486,BY,BY-HR,Podzagor'ye,Podzagor’ye,461,3,Neighborhood,UTC+3,Europe/Minsk
307487,BY,BY-HR,Murovanka,Мураванка,500,4,village,UTC+3,Europe/Minsk
307489,BY,BY-HR,Klyukovichi,Клюкавічы,3555,3,Neighborhood,UTC+3,Europe/Minsk
307491,BY,BY-HR,Simany,Сіманы,213,3,Neighborhood,UTC+3,Europe/Minsk
307495,BY,BY-HR,Gantsevichi,Gantsevichi,552,4,village,UTC+3,Europe/Minsk
307507,BY,BY-HR,Rakevichi,Rakevichi,3545,3,Neighborhood,UTC+3,Europe/Minsk
307515,BY,BY-HR,Patsuki,Patsuki,149454,3,City,UTC+3,Europe/Minsk
307531,BY,BY-HR,Bortyaki,Bortyaki,767,3,Village,UTC+3,Europe/Minsk
307536,BY,BY-HR,Serki,Serki,1023,3,Neighborhood,UTC+3,Europe/Minsk
307537,BY,BY-HR,Laykovshchina,Лайкоўшчына,364,4,village,UTC+3,Europe/Minsk
307543,BY,BY-HR,Bayki,Байкі,1119,3,Neighborhood,UTC+3,Europe/Minsk
307546,BY,BY-HR,Staryy Les,Стары Лес,4947,3,Neighborhood,UTC+3,Europe/Minsk
307549,BY,BY-HR,Nyesutychy,Несутычы,225,4,village,UTC+3,Europe/Minsk
307550,BY,BY-HR,Brol'niki,Брольнікі,317,4,village,UTC+3,Europe/Minsk
307551,BY,BY-HR,Mol'nichi,Мольнічы,95,4,village,UTC+3,Europe/Minsk
307553,BY,BY-HR,Oshmyantsy,Ашмянцы,209,3,locality,UTC+3,Europe/Minsk
307569,BY,BY-HR,Katolyshi,Католышы,1139,3,Neighborhood,UTC+3,Europe/Minsk
307571,BY,BY-HR,Ekonomiya,Эканомія,1801,3,Town,UTC+3,Europe/Minsk
307578,BY,BY-HR,Tolochki,Tolochki,800,3,Neighborhood,UTC+3,Europe/Minsk
307587,BY,BY-HR,Kragli Malyye,Kragli Malyye,2469,3,Neighborhood,UTC+3,Europe/Minsk
307599,BY,BY-HR,Novyye Lagodki,Новыя Лагадкі,2426,3,Village,UTC+3,Europe/Minsk
307600,BY,BY-HR,Rutka 2,Рутка 2,1205,3,Neighborhood,UTC+3,Europe/Minsk
307601,BY,BY-HR,Gorevichi,Гаравічы,87,4,locality,UTC+3,Europe/Minsk
307610,BY,BY-HR,Zhukowshchyna,Жукоўшчына,408,4,village,UTC+3,Europe/Minsk
307612,BY,BY-HR,Penchitsy,Penchitsy,875,3,Neighborhood,UTC+3,Europe/Minsk
307613,BY,BY-HR,Boroviki,Баравікі,1399,3,Neighborhood,UTC+3,Europe/Minsk
307623,BY,BY-HR,Nyevashowshchyna,Невашоўшчына,29744,3,City,UTC+3,Europe/Minsk
307625,BY,BY-HR,Yaruga,Yaruha,3039,3,Neighborhood,UTC+3,Europe/Minsk
307629,BY,BY-HR,Khvinyavichy,Хвінявічы,499,3,locality,UTC+3,Europe/Minsk
307632,BY,BY-HR,Aleksandrovichi,Aleksandrovichi,1207,3,Neighborhood,UTC+3,Europe/Minsk
307636,BY,BY-HR,Kurpeshi,Курпяшы,975,3,Neighborhood,UTC+3,Europe/Minsk
307639,BY,BY-HR,Raklevichi,Раклевічы,374,4,village,UTC+3,Europe/Minsk
307640,BY,BY-HR,Golovli,Golovli,992,3,Neighborhood,UTC+3,Europe/Minsk
307646,BY,BY-HR,Leznevichi,Лезнявічы,436,3,Village,UTC+3,Europe/Minsk
307653,BY,BY-HR,Zalesovtsy,Залесаўцы,1023,3,Neighborhood,UTC+3,Europe/Minsk
307654,BY,BY-HR,Charomushki,Чаромушкі,188769,3,City,UTC+3,Europe/Minsk
307657,BY,BY-HR,Syohda,Syohda,101143,3,City,UTC+3,Europe/Minsk
307659,BY,BY-HR,Baranovichi,Баранавічы,339,4,village,UTC+3,Europe/Minsk
307660,BY,BY-HR,Vorokomshchina,Варакомшчына,806,3,Neighborhood,UTC+3,Europe/Minsk
307663,BY,BY-HR,Patsevshchina,Пацаўшчына,88,4,locality,UTC+3,Europe/Minsk
307668,BY,BY-HR,Molduti,Малдуці,65,4,village,UTC+3,Europe/Minsk
307672,BY,BY-HR,Krutsilavichy,Круцілавічы,465,4,village,UTC+3,Europe/Minsk
307676,BY,BY-HR,Novosady,Навасады,1644,3,Neighborhood,UTC+3,Europe/Minsk
307685,BY,BY-HR,Repishche,Рэпішча,160,4,village,UTC+3,Europe/Minsk
307704,BY,BY-HR,Zarechka,Зарэчка,1522,3,Neighborhood,UTC+3,Europe/Minsk
307706,BY,BY-HR,Yatvez',Yatvyez’,1145,3,Village,UTC+3,Europe/Minsk
307712,BY,BY-HR,Leonovichi,Лявонавічы,243,4,village,UTC+3,Europe/Minsk
307716,BY,BY-HR,Sachywlyany,Сачыўляны,304,3,locality,UTC+3,Europe/Minsk
307727,BY,BY-HR,Tinevichi,Цінявічы,26754,3,City,UTC+3,Europe/Minsk
307732,BY,BY-HR,Puzovichi,Puzovichi,1381,3,Neighborhood,UTC+3,Europe/Minsk
307748,BY,BY-MI,Stanok-Voditsa,Станок-Вадзіца,337,3,locality,UTC+3,Europe/Minsk
307751,BY,BY-MI,Dubrova,Дуброва,98,4,hamlet,UTC+3,Europe/Minsk
307757,BY,BY-MI,Energiya,Энергія,246,4,village,UTC+3,Europe/Minsk
307759,BY,BY-MI,Pobeda,Пабеда,84,4,locality,UTC+3,Europe/Minsk
307764,BY,BY-MI,Veseloye,Вясёлае 2,86,4,locality,UTC+3,Europe/Minsk
307769,BY,BY-MI,Chernikovshchina,Чэрнікаўшчына,153,4,village,UTC+3,Europe/Minsk
307770,BY,BY-MI,Starina,Старына,213,4,village,UTC+3,Europe/Minsk
307771,BY,BY-MI,Pyatiletka,Пяцілетка,75,4,locality,UTC+3,Europe/Minsk
307773,BY,BY-MI,Verkhles,Верхлес,161,4,locality,UTC+3,Europe/Minsk
307786,BY,BY-MI,Gorodok,Gorodok,20929,3,City,UTC+3,Europe/Minsk
307788,BY,BY-MI,Kupal'ye,Kupal’ye,2116,3,Town,UTC+3,Europe/Minsk
307789,BY,BY-MI,Zagay,Загай,128,4,village,UTC+3,Europe/Minsk
307801,BY,BY-MI,Dubrovka,Дуброўка,828,3,Neighborhood,UTC+3,Europe/Minsk
307805,BY,BY-MI,Mar'ino,Мар’іна,1049,3,locality,UTC+3,Europe/Minsk
307807,BY,BY-MI,Mikhaylovo,Міхайлава,612,3,Neighborhood,UTC+3,Europe/Minsk
307809,BY,BY-MI,Novyy Uborok,Новы Уборак,538,3,locality,UTC+3,Europe/Minsk
307811,BY,BY-MI,Chernitsa,Chernitsa,3527,3,Neighborhood,UTC+3,Europe/Minsk
307835,BY,BY-MI,Alesino,Алесіна,475,4,village,UTC+3,Europe/Minsk
307838,BY,BY-MI,Tumel',Tumel’,2256,3,Neighborhood,UTC+3,Europe/Minsk
307845,BY,BY-MI,Izbishche,Izbishche,99,4,village,UTC+3,Europe/Minsk
307857,BY,BY-MI,Shipyany,Шыпяны,174,4,locality,UTC+3,Europe/Minsk
307863,BY,BY-MI,Novyye Zelenki,Новыя Зелянкі,632,3,locality,UTC+3,Europe/Minsk
307864,BY,BY-MI,Vishen'ka,Vishen’ka,110316,3,City,UTC+3,Europe/Minsk
307868,BY,BY-MI,Svyetly Bor,Светлы Бор,633,3,locality,UTC+3,Europe/Minsk
307878,BY,BY-MI,Yurovka,Yurovka,780,3,Neighborhood,UTC+3,Europe/Minsk
307879,BY,BY-MI,Kurhannye,Курганне,335,4,village,UTC+3,Europe/Minsk
307887,BY,BY-MI,Rostoki,Rostoki,844,3,Neighborhood,UTC+3,Europe/Minsk
307888,BY,BY-MI,Bluzhskiy Bor,Bluzhskiy Bor,2250,3,Neighborhood,UTC+3,Europe/Minsk
307898,BY,BY-MI,Vishen'ka,Vishen’ka,1954,3,Neighborhood,UTC+3,Europe/Minsk
307904,BY,BY-MI,Natal'yewsk,Натальеўск,672,4,village,UTC+3,Europe/Minsk
307907,BY,BY-MI,Krasny Aktsyabr,Красны Акцябр,230,3,locality,UTC+3,Europe/Minsk
307915,BY,BY-MI,Novyy Dubok,Novyy Dubok,5469,3,Town,UTC+3,Europe/Minsk
307916,BY,BY-MI,Lyubishyna,Любішына,440,4,village,UTC+3,Europe/Minsk
307924,BY,BY-MI,Gorkovskaya Sloboda,Горкаўская Слабада,417,3,locality,UTC+3,Europe/Minsk
307927,BY,BY-MI,Staryy Prud,Стары Пруд,380,4,village,UTC+3,Europe/Minsk
307929,BY,BY-MI,Ravanichy,Раванічы,849,4,village,UTC+3,Europe/Minsk
307931,BY,BY-MI,Byshanka,Byshanka,1571,3,Village,UTC+3,Europe/Minsk
307933,BY,BY-MI,Slobodka,Slobodka,1360,3,Neighborhood,UTC+3,Europe/Minsk
307934,BY,BY-MI,Mayzorovo,Майзарова,177,4,village,UTC+3,Europe/Minsk
307939,BY,BY-MI,Chernyy Brod,Chërnyy Brod,2170,3,Neighborhood,UTC+3,Europe/Minsk
307941,BY,BY-MI,Dubniki,Дубнікі,217,3,Neighborhood,UTC+3,Europe/Minsk
307942,BY,BY-MI,Dom Invalidov,Індом,400,4,village,UTC+3,Europe/Minsk
307948,BY,BY-MI,Podvolozhka,Podvolozhka,3893,3,City,UTC+3,Europe/Minsk
307952,BY,BY-MI,Zabor'ye,Zabor’ye,3834,3,Neighborhood,UTC+3,Europe/Minsk
307960,BY,BY-MI,Moshchalino,Moshchalino,794,3,Neighborhood,UTC+3,Europe/Minsk
307965,BY,BY-MI,Vedritsa,Ведрыца,277,3,locality,UTC+3,Europe/Minsk
307976,BY,BY-MI,Podrubezh,Podrubezh,6781,3,Neighborhood,UTC+3,Europe/Minsk
307987,BY,BY-MI,Kupy,Купы,1470,3,Neighborhood,UTC+3,Europe/Minsk
307989,BY,BY-MI,Kalinino,Калініна,106,4,village,UTC+3,Europe/Minsk
307992,BY,BY-MI,Kotava,Котава,147,3,Neighborhood,UTC+3,Europe/Minsk
307995,BY,BY-MI,Luch,Прамень,114,3,Neighborhood,UTC+3,Europe/Minsk
308003,BY,BY-MI,Zayamnoye,Zayamnoye,751,3,Village,UTC+3,Europe/Minsk
308010,BY,BY-MI,Khutor,Хутар,1834,3,Neighborhood,UTC+3,Europe/Minsk
308015,BY,BY-MI,Gorodishche,Gorodishche,877,3,Village,UTC+3,Europe/Minsk
308022,BY,BY-MI,Glukhoy Tok,Глухі Ток,223,3,locality,UTC+3,Europe/Minsk
308023,BY,BY-MI,Trostyanka,Трасцянка,129,4,village,UTC+3,Europe/Minsk
308024,BY,BY-MI,Krasnopol'ye,Краснаполле,9183,3,City,UTC+3,Europe/Minsk
308027,BY,BY-MI,Luchnoy Most,Luchnoy Most,1259,3,Neighborhood,UTC+3,Europe/Minsk
308032,BY,BY-MI,Uskhod,Усход,143,4,locality,UTC+3,Europe/Minsk
308041,BY,BY-MA,Staroye Selo,Staroye Selo,114,4,village,UTC+3,Europe/Minsk
308045,BY,BY-MA,Vyazychin,Вязычын,105,4,village,UTC+3,Europe/Minsk
308049,BY,BY-MA,Dubrova,Дуброва,77,4,hamlet,UTC+3,Europe/Minsk
308052,BY,BY-MA,Omelishche,Omelishche,735,3,Neighborhood,UTC+3,Europe/Minsk
308058,BY,BY-MA,Uglata,Вуглата,123,4,locality,UTC+3,Europe/Minsk
308059,BY,BY-MA,Sloboda,Слабада,2821,3,Neighborhood,UTC+3,Europe/Minsk
308063,BY,BY-MA,Tsel',Tsel’,1149,3,Village,UTC+3,Europe/Minsk
308065,BY,BY-MA,Sasnovy,Сасновы,259,4,hamlet,UTC+3,Europe/Minsk
308070,BY,BY-MA,Zborsk,Зборск,78,4,hamlet,UTC+3,Europe/Minsk
308075,BY,BY-HR,Lyakhovichi Vtoryye,Ляхавічы 2,100,4,locality,UTC+3,Europe/Minsk
308084,BY,BY-MI,Teyki,Teyki,93,3,Neighborhood,UTC+3,Europe/Minsk
308089,BY,BY-MI,Zyalyonaya,Зялёная,111,4,village,UTC+3,Europe/Minsk
308091,BY,BY-MI,Primor'ye,Прымор’е,77,4,locality,UTC+3,Europe/Minsk
308092,BY,BY-MI,Drozdovo,Дроздава,350,3,locality,UTC+3,Europe/Minsk
308093,BY,BY-MI,Slobodshchina,Слабашчына,188,4,locality,UTC+3,Europe/Minsk
308095,BY,BY-MI,Gorodishche,Гарадзішча,920,4,village,UTC+3,Europe/Minsk
308097,BY,BY-MI,Oreshniki,Арэшнікі,1021,3,Neighborhood,UTC+3,Europe/Minsk
308100,BY,BY-MI,Novoye Pole,Новае Поле,659,3,Neighborhood,UTC+3,Europe/Minsk
308105,BY,BY-MI,Kryzhovka,Крыжоўка,177,4,locality,UTC+3,Europe/Minsk
308110,BY,BY-HM,Tsnyanka,Цнянка,917,3,locality,UTC+3,Europe/Minsk
308112,BY,BY-MI,Kopishche,Копішча,222,4,village,UTC+3,Europe/Minsk
308113,BY,BY-MI,Sukhorukiye,Сухарукія,807,4,village,UTC+3,Europe/Minsk
308114,BY,BY-MI,Zhukov Lug,Жукаў Луг,90,4,village,UTC+3,Europe/Minsk
308116,BY,BY-MI,Yukhnovka,Юхнаўка,950,3,locality,UTC+3,Europe/Minsk
308117,BY,BY-MI,Goncharovka,Ганчароўка,135,4,locality,UTC+3,Europe/Minsk
308121,BY,BY-MI,Rudaki,Рудакі,127,3,Neighborhood,UTC+3,Europe/Minsk
308126,BY,BY-MI,Vishevka,Vishevka,341,3,Neighborhood,UTC+3,Europe/Minsk
308129,BY,BY-MI,Khatsyezhyna,Хацежына,1145,3,locality,UTC+3,Europe/Minsk
308131,BY,BY-MI,Kachino,Качына,175,4,locality,UTC+3,Europe/Minsk
308133,BY,BY-MI,Yarkovo,Yarkovo,15779,3,City,UTC+3,Europe/Minsk
308143,BY,BY-MI,Karasevshchina,Karasevshchina,1013,3,Neighborhood,UTC+3,Europe/Minsk
308146,BY,BY-MI,Dulichi,Дулічы,186,4,village,UTC+3,Europe/Minsk
308151,BY,BY-MI,Zakabluki,Закаблукі,139,4,hamlet,UTC+3,Europe/Minsk
308154,BY,BY-MI,Skirmantava,Скірмантава,515,4,village,UTC+3,Europe/Minsk
308162,BY,BY-MI,Guzgalovka,Гузгалаўка,159,4,locality,UTC+3,Europe/Minsk
308166,BY,BY-MI,Snezhki,Сняжкі,1298,3,Village,UTC+3,Europe/Minsk
308168,BY,BY-MI,Zapollye,Заполле,933,3,locality,UTC+3,Europe/Minsk
308171,BY,BY-MI,Matarova,Матарова,470,4,village,UTC+3,Europe/Minsk
308176,BY,BY-MI,Korzuny,Карзуны,399,4,village,UTC+3,Europe/Minsk
308182,BY,BY-MI,Ferma-Gay,Ферма-Гай,155,4,locality,UTC+3,Europe/Minsk
308185,BY,BY-MI,Nevelichi,Нявелічы,244,4,village,UTC+3,Europe/Minsk
308186,BY,BY-MI,Usa,Уса,500,3,Neighborhood,UTC+3,Europe/Minsk
308194,BY,BY-MI,Novaya Veska,Novaya Vëska,794,3,Neighborhood,UTC+3,Europe/Minsk
308196,BY,BY-MI,Malinovka,Малінаўка,348,4,village,UTC+3,Europe/Minsk
308199,BY,BY-MI,Zagor'ye,Zagor’ye,1819,3,Neighborhood,UTC+3,Europe/Minsk
308202,BY,BY-MI,Zelenyy Luzhok,Zelënyy Luzhok,1679,3,Village,UTC+3,Europe/Minsk
308203,BY,BY-MI,Kuleshovka,Kuleshovka,5463,3,Town,UTC+3,Europe/Minsk
308208,BY,BY-MI,Lipni,Lipni,5991,3,Neighborhood,UTC+3,Europe/Minsk
308217,BY,BY-MI,Strochitsa,Строчыца,748,3,City,UTC+3,Europe/Minsk
308218,BY,BY-MI,Volkovichi,Воўкавічы,328,3,locality,UTC+3,Europe/Minsk
308219,BY,BY-MI,Schomyslitsa,Шчомысліца,1822,3,locality,UTC+3,Europe/Minsk
308220,BY,BY-MI,Prilukskaya Sloboda,Прылуцкая Слабада,27033,3,City,UTC+3,Europe/Minsk
308221,BY,BY-MI,Skorinichi,Скарынічы,306,3,locality,UTC+3,Europe/Minsk
308222,BY,BY-MI,Kopiyevichi,Капіевічы,127,4,locality,UTC+3,Europe/Minsk
308223,BY,BY-MI,Yubilyeyny,Юбілейны,3000,3,locality,UTC+3,Europe/Minsk
308224,BY,BY-MI,Pashkovichi,Пашкавічы,93988,3,City,UTC+3,Europe/Minsk
308227,BY,BY-MI,Priles'ye,Прылессе,153,4,village,UTC+3,Europe/Minsk
308230,BY,BY-MI,Danilovka,Danilovka,3721,3,City,UTC+3,Europe/Minsk
308232,BY,BY-MI,Zarech'ye,Зарэчча,722,4,village,UTC+3,Europe/Minsk
308233,BY,BY-MI,Uzbarogi,Uzbarogi,5027,3,City,UTC+3,Europe/Minsk
308235,BY,BY-MI,Novyye Skorinichi,Скарынічы,199,4,locality,UTC+3,Europe/Minsk
308239,BY,BY-MI,Nasledniki,Путчына,554,3,locality,UTC+3,Europe/Minsk
308246,BY,BY-MI,Shpil'ki,Shpil’ki,1473,3,Neighborhood,UTC+3,Europe/Minsk
308247,BY,BY-MI,Shumshchina,Shumshchina,845,3,Neighborhood,UTC+3,Europe/Minsk
308249,BY,BY-MI,Dvoryshcha,Дворышча,594,4,village,UTC+3,Europe/Minsk
308255,BY,BY-MI,Vitovka,Vitovka,952,3,Neighborhood,UTC+3,Europe/Minsk
308256,BY,BY-MI,Charkasy,Чаркасы,525,3,locality,UTC+3,Europe/Minsk
308258,BY,BY-MI,Slobodka,Слабодка,142,4,village,UTC+3,Europe/Minsk
308259,BY,BY-MI,Zabolot'ye,Забалацце,193,4,locality,UTC+3,Europe/Minsk
308260,BY,BY-MI,Volkovichi,Воўкавічы,279,4,village,UTC+3,Europe/Minsk
308261,BY,BY-MI,Atolina,Атоліна,1265,3,City,UTC+3,Europe/Minsk
308262,BY,BY-MI,Kokhanovshchina,Каханаўшчына,135,4,locality,UTC+3,Europe/Minsk
308263,BY,BY-MI,Leont'yevichi,Лявонцавічы,108,4,locality,UTC+3,Europe/Minsk
308264,BY,BY-MI,Urozhaynaya,Ураджайная,326,4,village,UTC+3,Europe/Minsk
308265,BY,BY-MI,Konyutichi,Канюцічы,191,4,locality,UTC+3,Europe/Minsk
308266,BY,BY-MI,Aleksandrovo,Аляксандрава,136,3,Neighborhood,UTC+3,Europe/Minsk
308271,BY,BY-MI,Pryvol'ny,Прывольны,2000,3,locality,UTC+3,Europe/Minsk
308274,BY,BY-MI,Vyalikiya Navasyolki,Вялікія Навасёлкі,855,3,Neighborhood,UTC+3,Europe/Minsk
308280,BY,BY-MI,Chechino,Чэчына,137,4,locality,UTC+3,Europe/Minsk
308284,BY,BY-MI,Vasilevshchina,Vasilevshchina,2999,3,Neighborhood,UTC+3,Europe/Minsk
308285,BY,BY-MI,Sloboda,Слабада,196,4,locality,UTC+3,Europe/Minsk
308286,BY,BY-MI,Kalinino,Калініна,73,4,village,UTC+3,Europe/Minsk
308287,BY,BY-MI,Churilovichi,Чурылавічы,770,4,village,UTC+3,Europe/Minsk
308288,BY,BY-MI,Kotyagi,Кацягі,199,4,village,UTC+3,Europe/Minsk
308293,BY,BY-MI,Serafimovo,Серафімова,463,4,village,UTC+3,Europe/Minsk
308297,BY,BY-MI,Kholma,Холма,51,4,locality,UTC+3,Europe/Minsk
308307,BY,BY-MI,Bardzilawka,Бардзілаўка,206,4,village,UTC+3,Europe/Minsk
308315,BY,BY-MI,Petkovichi,Петкавічы,486,3,locality,UTC+3,Europe/Minsk
308322,BY,BY-MI,Bogdanovshchina,Bogdanovshchina,1871,3,Neighborhood,UTC+3,Europe/Minsk
308323,BY,BY-MI,Dovnary,Dovnary,1361,3,Neighborhood,UTC+3,Europe/Minsk
308325,BY,BY-MI,Pavlovshchina,Pavlovshchina,874,3,Neighborhood,UTC+3,Europe/Minsk
308327,BY,BY-MI,Rudnya,Рудня,387,4,village,UTC+3,Europe/Minsk
308328,BY,BY-MI,Enyerhyetykaw,Энергетыкаў,2445,3,locality,UTC+3,Europe/Minsk
308330,BY,BY-MI,Poselok Klochki,Клачкі,216,4,village,UTC+3,Europe/Minsk
308331,BY,BY-MI,Kolodniki,Калоднікі,100,4,village,UTC+3,Europe/Minsk
308335,BY,BY-MI,Yanovichi,Янавічы,931722,4,town,UTC+3,Europe/Minsk
308336,BY,BY-MI,Tomkovichi,Томкавічы,381,4,village,UTC+3,Europe/Minsk
308341,BY,BY-MI,Pobednoye,Пабеднае,99,4,locality,UTC+3,Europe/Minsk
308347,BY,BY-MI,Vishnevka,Вішнёўка,67,4,locality,UTC+3,Europe/Minsk
308352,BY,BY-MI,Zakruzhka,Закружка,100,4,village,UTC+3,Europe/Minsk
308353,BY,BY-MI,Zagat'ye,Zagat’ye,1505,3,Neighborhood,UTC+3,Europe/Minsk
308356,BY,BY-MI,Syedcha,Седча,589,3,locality,UTC+3,Europe/Minsk
308357,BY,BY-MI,Zazerka,Зазерка,1174,3,Town,UTC+3,Europe/Minsk
308365,BY,BY-MI,Malaya Shatanovshchina,Malaya Shatanovshchina,7044,3,City,UTC+3,Europe/Minsk
308367,BY,BY-MI,Kamenka,Каменка,104,4,village,UTC+3,Europe/Minsk
308377,BY,BY-MI,Shikotovichi,Шыкатавічы,178,4,locality,UTC+3,Europe/Minsk
308378,BY,BY-MI,Basmanovka,Басманоўка,74,4,village,UTC+3,Europe/Minsk
308389,BY,BY-MI,Voyrovka,Voyrovka,5085,3,City,UTC+3,Europe/Minsk
308390,BY,BY-MI,Samuelevo,Самуэлева,158,4,village,UTC+3,Europe/Minsk
308395,BY,BY-MI,Svislach,Свіслач,4060,3,Urban Settlement,UTC+3,Europe/Minsk
308397,BY,BY-MI,Druzhny,Дружны,8846,4,village,UTC+3,Europe/Minsk
308400,BY,BY-MI,Radima,Radima,43601,3,Neighborhood,UTC+3,Europe/Minsk
308401,BY,BY-MI,Uzrech'ye,Узрэчча,689,3,Neighborhood,UTC+3,Europe/Minsk
308403,BY,BY-MI,Korolevo,Каралёва,986,4,village,UTC+3,Europe/Minsk
308404,BY,BY-MI,Korma,Карма,113,4,locality,UTC+3,Europe/Minsk
308405,BY,BY-MI,Dzyeshchanka,Дзешчанка,620,3,locality,UTC+3,Europe/Minsk
308416,BY,BY-MI,Anetovo,Anetovo,758,3,Neighborhood,UTC+3,Europe/Minsk
308419,BY,BY-MI,Harbuzy,Гарбузы,294,4,hamlet,UTC+3,Europe/Minsk
308432,BY,BY-MI,Zelen',Zelen’,6717,3,Neighborhood,UTC+3,Europe/Minsk
308444,BY,BY-MI,Vasil'ki,Васількі,126,4,locality,UTC+3,Europe/Minsk
308445,BY,BY-MI,Krinitsa,Крыніца,363,3,Neighborhood,UTC+3,Europe/Minsk
308453,BY,BY-MI,Gorodishche,Гарадзішча,134,4,village,UTC+3,Europe/Minsk
308455,BY,BY-MI,Lisovshchina,Lisovshchina,2151,3,Town,UTC+3,Europe/Minsk
308464,BY,BY-MI,Ladyga,Ladyga,988578,3,City,UTC+3,Europe/Minsk
308480,BY,BY-MI,Litsvyany,Ліцвяны,255,4,village,UTC+3,Europe/Minsk
308488,BY,BY-MI,Chirvonyy Les,Chirvonyy Les,746,3,Village,UTC+3,Europe/Minsk
308492,BY,BY-MI,Bervishchi,Бярвішчы,482,3,Neighborhood,UTC+3,Europe/Minsk
308493,BY,BY-MI,Tychinki,Тычынкі,388,4,village,UTC+3,Europe/Minsk
308510,BY,BY-MI,Voronovka,Voronovka,5489,3,Neighborhood,UTC+3,Europe/Minsk
308519,BY,BY-MI,Litva,Літва,1128,3,Village,UTC+3,Europe/Minsk
308520,BY,BY-MI,Kalyuga,Kalyuga,962,3,Village,UTC+3,Europe/Minsk
308525,BY,BY-MI,Novyy,Новы,126,4,locality,UTC+3,Europe/Minsk
308535,BY,BY-MI,Borovyye,Баравыя,92,4,village,UTC+3,Europe/Minsk
308536,BY,BY-MI,Kriveli,Крывялі,124,4,locality,UTC+3,Europe/Minsk
308537,BY,BY-MI,Kostyuki,Касцюкі,160,4,locality,UTC+3,Europe/Minsk
308541,BY,BY-MI,Dubrovka,Дуброўка,169,4,village,UTC+3,Europe/Minsk
308544,BY,BY-MI,Gabriyelevka,Габрыелеўка,704,4,village,UTC+3,Europe/Minsk
308552,BY,BY-MI,Kamennoye,Kamennoye,809,3,Neighborhood,UTC+3,Europe/Minsk
308559,BY,BY-MI,Zabolot'ye,Забалацце,214,4,village,UTC+3,Europe/Minsk
308560,BY,BY-MI,Chirvonaya Gorka,Чырвоная Горка,93,4,village,UTC+3,Europe/Minsk
308563,BY,BY-MI,Luchki,Luchki,1348,4,village,UTC+3,Europe/Minsk
308569,BY,BY-MI,Novosady,Novosady,362407,4,town,UTC+3,Europe/Minsk
308571,BY,BY-MI,Gorodok,Гарадок,227,4,village,UTC+3,Europe/Minsk
308572,BY,BY-MI,Chashin,Chashin,3390,3,Neighborhood,UTC+3,Europe/Minsk
308574,BY,BY-MI,Glinki,Глінкі,151,4,village,UTC+3,Europe/Minsk
308575,BY,BY-MI,Konopel'ki,Konopel’ki,809,3,Neighborhood,UTC+3,Europe/Minsk
308580,BY,BY-MI,Vyetsyarevichy Druhiya,Вецярэвічы Другія,367,4,hamlet,UTC+3,Europe/Minsk
308584,BY,BY-BR,Pererov,Pererov,1264,3,Neighborhood,UTC+3,Europe/Minsk
308585,BY,BY-BR,Lyatskiye,Lyatskiye,1732,3,Neighborhood,UTC+3,Europe/Minsk
308603,BY,BY-BR,Kazimirovo,Kazimirovo,2290,3,Neighborhood,UTC+3,Europe/Minsk
308605,BY,BY-BR,Omelenets,Амелянец,321,3,locality,UTC+3,Europe/Minsk
308607,BY,BY-BR,Dubravtsy,Dubravtsy,1872,3,Village,UTC+3,Europe/Minsk
308616,BY,BY-BR,Yelovyy Grud,Yelovyy Grud,379,4,village,UTC+3,Europe/Minsk
308617,BY,BY-BR,Repishche,Repishche,1107,3,Neighborhood,UTC+3,Europe/Minsk
308618,BY,BY-BR,Podbela,Падбела,326,3,locality,UTC+3,Europe/Minsk
308620,BY,BY-BR,Podomsha,Падомша,455,4,village,UTC+3,Europe/Minsk
308623,BY,BY-BR,Sinitichi,Sinitichi,858,4,village,UTC+3,Europe/Minsk
308634,BY,BY-BR,Radevichi,Radevichi,965,3,Neighborhood,UTC+3,Europe/Minsk
308640,BY,BY-BR,Lyakhovichi,Lyakhovichi,4865,3,Neighborhood,UTC+3,Europe/Minsk
308642,BY,BY-BR,Yamenka,Yamenka,103,4,village,UTC+3,Europe/Minsk
308647,BY,BY-BR,Golovchitsy,Галоўчыцы,121,4,village,UTC+3,Europe/Minsk
308657,BY,BY-BR,Gory,Gory,96,4,village,UTC+3,Europe/Minsk
308666,BY,BY-BR,Martynyuki,Мартынюкі,173,4,village,UTC+3,Europe/Minsk
308668,BY,BY-BR,Chemeri Pervyye,Chemeri Pervyye,1223,3,Neighborhood,UTC+3,Europe/Minsk
308672,BY,BY-BR,Serduzh,Serduzh,983,3,Neighborhood,UTC+3,Europe/Minsk
308681,BY,BY-BR,Bucheml'-Tret'ya,Бучамля 3,116,4,village,UTC+3,Europe/Minsk
308682,BY,BY-BR,Svishchova,Свішчова,234,4,village,UTC+3,Europe/Minsk
308685,BY,BY-BR,Verkhi,Вярхі,93,4,village,UTC+3,Europe/Minsk
308688,BY,BY-BR,Lumna,Лумна,123,4,hamlet,UTC+3,Europe/Minsk
308691,BY,BY-BR,Vyganovo,Vyganovo,111395,3,Neighborhood,UTC+3,Europe/Minsk
308694,BY,BY-BR,Minkovichi,Мінкавічы,259,4,village,UTC+3,Europe/Minsk
308697,BY,BY-BR,Krugel',Krugel’,5108,3,Town,UTC+3,Europe/Minsk
308704,BY,BY-BR,Rani,Рані,1349,3,Neighborhood,UTC+3,Europe/Minsk
308705,BY,BY-BR,Orepichi,Арэпічы,2099,3,Neighborhood,UTC+3,Europe/Minsk
308706,BY,BY-BR,Grabovtsy,Грабаўцы,507,3,Village,UTC+3,Europe/Minsk
308721,BY,BY-BR,Plyanta,Plyanta,1310,3,Neighborhood,UTC+3,Europe/Minsk
308726,BY,BY-BR,Machulishche,Мачулішча,106,4,village,UTC+3,Europe/Minsk
308733,BY,BY-BR,Segenevshchina,Segenevshchina,168,3,Neighborhood,UTC+3,Europe/Minsk
308734,BY,BY-BR,Kustyn',Кустын,142,4,hamlet,UTC+3,Europe/Minsk
308744,BY,BY-BR,Zhitin,Zhitin,2223,3,Neighborhood,UTC+3,Europe/Minsk
308754,BY,BY-BR,Omelino,Амяліна,193,4,locality,UTC+3,Europe/Minsk
308755,BY,BY-BR,Sosnovka,Сасноўка,190,4,locality,UTC+3,Europe/Minsk
308762,BY,BY-BR,Zboromirovo,Zboromirovo,1010,3,Village,UTC+3,Europe/Minsk
308763,BY,BY-BR,Koshilovo,Кашылава,122,4,village,UTC+3,Europe/Minsk
308768,BY,BY-BR,Mel'niki,Mel’niki,5533,3,Neighborhood,UTC+3,Europe/Minsk
308775,BY,BY-BR,Rudavets,Rudavets,3164,3,Neighborhood,UTC+3,Europe/Minsk
308776,BY,BY-BR,Vel'yamovichi,Вельямовічы,4684,3,Neighborhood,UTC+3,Europe/Minsk
308778,BY,BY-BR,Chileyevo,Чылеева,425,3,Neighborhood,UTC+3,Europe/Minsk
308785,BY,BY-BR,Zelenets,Zelenets,4682,3,Town,UTC+3,Europe/Minsk
308794,BY,BY-BR,Rachki,Рачкі,89,4,village,UTC+3,Europe/Minsk
308799,BY,BY-BR,Velyun',Вялюнь,89,4,locality,UTC+3,Europe/Minsk
308803,BY,BY-BR,Druzhba,Дружба,213,3,Neighborhood,UTC+3,Europe/Minsk
308808,BY,BY-BR,Terebun',Церабунь,184,4,locality,UTC+3,Europe/Minsk
308811,BY,BY-BR,Kostychi,Kostychi,1718,3,Town,UTC+3,Europe/Minsk
308812,BY,BY-BR,Peski,Пяскі,136,4,village,UTC+3,Europe/Minsk
308818,BY,BY-BR,Bratylovo,Братылава,99,4,village,UTC+3,Europe/Minsk
308819,BY,BY-BR,Kosichi-Malyye,Малыя Косічы,159,4,locality,UTC+3,Europe/Minsk
308823,BY,BY-BR,Shebrin,Шэбрын,94,4,village,UTC+3,Europe/Minsk
308827,BY,BY-BR,Yamno,Ямна,231,3,locality,UTC+3,Europe/Minsk
308840,BY,BY-HR,Pasynki,Пасынкі,22505,3,Neighborhood,UTC+3,Europe/Minsk
308841,BY,BY-HR,Zarechany,Зарачаны,60,4,village,UTC+3,Europe/Minsk
308847,BY,BY-HR,Strubnitsa,Струбніца,282,3,locality,UTC+3,Europe/Minsk
308852,BY,BY-HR,Malyya Azyorki,Малыя Азёркі,123,4,locality,UTC+3,Europe/Minsk
308862,BY,BY-HR,Poloshki,Poloshki,312,4,village,UTC+3,Europe/Minsk
308869,BY,BY-HR,Andrushi,Андрушы,1910,3,Village,UTC+3,Europe/Minsk
308870,BY,BY-HR,Stankovtsy,Станкоўцы,136,4,locality,UTC+3,Europe/Minsk
308871,BY,BY-HR,Studenets,Студзянец,285,4,hamlet,UTC+3,Europe/Minsk
308872,BY,BY-HR,Kolyadichi,Калядзічы,183,4,village,UTC+3,Europe/Minsk
308877,BY,BY-HR,Bukshtava,Букштово,149,4,village,UTC+3,Europe/Minsk
308880,BY,BY-HR,Zaykovshchina,Зайкаўшчына,191,3,Neighborhood,UTC+3,Europe/Minsk
308881,BY,BY-HR,Lyudvinovo,Людвінава,39,3,Neighborhood,UTC+3,Europe/Minsk
308887,BY,BY-HR,Krasnyy Grud,Чырвоны Груд,181,4,locality,UTC+3,Europe/Minsk
308888,BY,BY-HR,Shuleyki,Shuleyki,1266,3,Neighborhood,UTC+3,Europe/Minsk
308893,BY,BY-HR,Yendrykhawtsy,Ендрыхаўцы,476,4,village,UTC+3,Europe/Minsk
308908,BY,BY-HR,Malaya Rahoznitsa,Малая Рогозница,146,4,village,UTC+3,Europe/Minsk
308911,BY,BY-HR,Aleksichi,Алексічы,176,4,locality,UTC+3,Europe/Minsk
308919,BY,BY-HR,Zinevtsy,Зінёўцы,331,3,Neighborhood,UTC+3,Europe/Minsk
308920,BY,BY-HR,Shovki,Шаўкі,93,4,locality,UTC+3,Europe/Minsk
308922,BY,BY-HR,Teolin,Цеалін,116,4,locality,UTC+3,Europe/Minsk
308927,BY,BY-HR,Paseki,Пасекі,5150,3,Village,UTC+3,Europe/Minsk
308928,BY,BY-HR,Derkachi,Дзеркачы,150,4,village,UTC+3,Europe/Minsk
308929,BY,BY-HR,Kanyawtsy,Каняўцы,157,4,village,UTC+3,Europe/Minsk
308930,BY,BY-HR,Zadvor'ye,Задвор’е,174,4,village,UTC+3,Europe/Minsk
308931,BY,BY-HR,Knyazevo,Князева,408,4,village,UTC+3,Europe/Minsk
308943,BY,BY-HR,Yatvyez',Яцвезь,641,4,village,UTC+3,Europe/Minsk
308944,BY,BY-HR,Novyy Yatvez',Новая Ятвезь,916,3,Neighborhood,UTC+3,Europe/Minsk
308948,BY,BY-HR,Tadino,Пасекі,35286,3,City,UTC+3,Europe/Minsk
308960,BY,BY-HR,Snezhnaya,Snyezhnaya,318,3,locality,UTC+3,Europe/Minsk
308965,BY,BY-HR,Rodniki,Раднікі,290,3,locality,UTC+3,Europe/Minsk
308970,BY,BY-HR,Oshmyantsy,Ашмянцы,93,4,locality,UTC+3,Europe/Minsk
308971,BY,BY-HR,Madeyki,Мадзейкі,160,4,locality,UTC+3,Europe/Minsk
308981,BY,BY-HR,Andreyevichy,Андрэевічы,118,4,village,UTC+3,Europe/Minsk
308982,BY,BY-HR,Golynka,Галынка,934,3,Neighborhood,UTC+3,Europe/Minsk
308985,BY,BY-HR,Zadvorentsy,Zadvorentsy,804,3,Neighborhood,UTC+3,Europe/Minsk
308987,BY,BY-HR,Rupeyki,Рупейкі,316,4,village,UTC+3,Europe/Minsk
308988,BY,BY-HR,Segenevshchina,Сегянеўшчына,345000,4,town,UTC+3,Europe/Minsk
308991,BY,BY-HR,Zabahonnye,Забагонне,91,4,village,UTC+3,Europe/Minsk
308998,BY,BY-HR,Yaskoldy,Yaskoldy,10321,3,City,UTC+3,Europe/Minsk
309002,BY,BY-HR,Rudavka,Rudavka,829,3,Neighborhood,UTC+3,Europe/Minsk
309006,BY,BY-HR,Khanchitsy,Ханчыцы,241,4,village,UTC+3,Europe/Minsk
309008,BY,BY-HR,Nesterovichi,Несцеравічы,2004,3,City,UTC+3,Europe/Minsk
309010,BY,BY-HR,Zadvorentsy,Zadvorentsy,416,3,Neighborhood,UTC+3,Europe/Minsk
309013,BY,BY-HR,Novyye Khat'kovtsy,Новыя Хацькоўцы,223,4,village,UTC+3,Europe/Minsk
309014,BY,BY-HR,Yanovo,Yanovo,2694,3,Town,UTC+3,Europe/Minsk
309015,BY,BY-HR,Bogdi,Багдзі,99,4,locality,UTC+3,Europe/Minsk
309016,BY,BY-HR,Boubli,Баўблі,3721,3,Neighborhood,UTC+3,Europe/Minsk
309017,BY,BY-HR,Zadvor'ye,Задвор’е,147,4,village,UTC+3,Europe/Minsk
309020,BY,BY-HR,Aleksandrovshchina,Аляксандраўшчына,148,4,locality,UTC+3,Europe/Minsk
309028,BY,BY-HR,Ranevichi,Ранявічы,118,4,locality,UTC+3,Europe/Minsk
309031,BY,BY-HR,Shelesty,Shelesty,19407,3,Neighborhood,UTC+3,Europe/Minsk
309032,BY,BY-HR,Putski,Putski,19765,3,City,UTC+3,Europe/Minsk
309033,BY,BY-HR,Manchitsy,Манчыцы,74,4,locality,UTC+3,Europe/Minsk
309048,BY,BY-HR,Rudavka,Рудаўка,92,4,locality,UTC+3,Europe/Minsk
309049,BY,BY-HR,Kalinovskaya,Каліноўская,560,3,Neighborhood,UTC+3,Europe/Minsk
309052,BY,BY-HR,Mel'novo,Мяльнова,206,3,locality,UTC+3,Europe/Minsk
309055,BY,BY-HR,Bol'shiye Bobrovniki,Вялікія Баброўнікі,115,4,village,UTC+3,Europe/Minsk
309057,BY,BY-HR,Skrebly,Skrebly,1064,3,Village,UTC+3,Europe/Minsk
309059,BY,BY-HR,Grushchany,Grushchany,968,3,Neighborhood,UTC+3,Europe/Minsk
309064,BY,BY-HR,Demidovichi,Demidovichi,3171,3,Neighborhood,UTC+3,Europe/Minsk
309067,BY,BY-HR,Shambelin,Шамбялін,899,3,Neighborhood,UTC+3,Europe/Minsk
309072,BY,BY-HR,Tsyahlyevichy,Цяглевічы,292,3,locality,UTC+3,Europe/Minsk
309074,BY,BY-HR,Pavlovichi,Паўлавічы,114,4,locality,UTC+3,Europe/Minsk
309077,BY,BY-HR,Romanovtsy,Romanovtsy,1308,3,Neighborhood,UTC+3,Europe/Minsk
309085,BY,BY-HR,Prazdniki,Prazdniki,1222,3,Neighborhood,UTC+3,Europe/Minsk
309093,BY,BY-HR,Kraski,Краскі,995,3,Neighborhood,UTC+3,Europe/Minsk
309095,BY,BY-HR,Dubichi,Дубічы,159,4,locality,UTC+3,Europe/Minsk
309098,BY,BY-HR,Ovechitsy,Ovechitsy,13959,3,Neighborhood,UTC+3,Europe/Minsk
309110,BY,BY-HR,Zapolichi,Заполічы,131,4,locality,UTC+3,Europe/Minsk
309112,BY,BY-HR,Cherepki,Cherepki,2019,3,Town,UTC+3,Europe/Minsk
309118,BY,BY-HR,Darani,Дарані,123,4,hamlet,UTC+3,Europe/Minsk
309121,BY,BY-HR,Yuzefpol',Yuzefpol’,912,3,Neighborhood,UTC+3,Europe/Minsk
309131,BY,BY-HR,Nemerzha,Nemerzha,3620,3,City,UTC+3,Europe/Minsk
309133,BY,BY-HR,Yalovo,Yalovo,1354,3,Village,UTC+3,Europe/Minsk
309134,BY,BY-HR,Malyye Masushiny,Malyye Masushiny,6535,3,City,UTC+3,Europe/Minsk
309140,BY,BY-HR,Kornadz',Корнадзь,619,4,village,UTC+3,Europe/Minsk
309144,BY,BY-BR,Kuzevichi,Кузявічы,89,4,village,UTC+3,Europe/Minsk
309167,BY,BY-BR,Osetnitsa,Osetnitsa,1128,3,Neighborhood,UTC+3,Europe/Minsk
309169,BY,BY-BR,Yuzefin,Yuzefin,1259,3,Town,UTC+3,Europe/Minsk
309176,BY,BY-BR,Kosinshchina,Kosinshchina,156,3,Neighborhood,UTC+3,Europe/Minsk
309177,BY,BY-BR,Peski,Пяскі,815,4,village,UTC+3,Europe/Minsk
309182,BY,BY-BR,Glushets,Glushets,1010,3,Village,UTC+3,Europe/Minsk
309189,BY,BY-BR,Novodvortsy,Novodvortsy,957,3,Village,UTC+3,Europe/Minsk
309192,BY,BY-BR,Kobylovka,Кабылаўка,4787,3,Neighborhood,UTC+3,Europe/Minsk
309199,BY,BY-BR,Noviki,Noviki,16765,3,City,UTC+3,Europe/Minsk
309201,BY,BY-BR,Oktyabr'skiy,Кастрычніцкі,751,3,Neighborhood,UTC+3,Europe/Minsk
309208,BY,BY-BR,Arabovshchina,Арабаўшчына,354,4,village,UTC+3,Europe/Minsk
309212,BY,BY-BR,Yanovo,Yanovo,3025,4,village,UTC+3,Europe/Minsk
309214,BY,BY-BR,Kabushkino,Кабушкіна,126,4,village,UTC+3,Europe/Minsk
309216,BY,BY-BR,Gorodishche Bol'shoye,Вялікае Гарадзішча,1572,3,Town,UTC+3,Europe/Minsk
309218,BY,BY-BR,Golovnintsy,Галаўнінцы,454,3,locality,UTC+3,Europe/Minsk
309227,BY,BY-BR,Adakhovshchina Pervaya,Адахаўшчына,61,4,village,UTC+3,Europe/Minsk
309235,BY,BY-BR,Zalipen'ye,Заліпенне,210,3,locality,UTC+3,Europe/Minsk
309239,BY,BY-BR,Staryy Dvor,Стары Двор,141,4,village,UTC+3,Europe/Minsk
309242,BY,BY-BR,Maloye Podles'ye,Малое Падлессе,98,4,locality,UTC+3,Europe/Minsk
309261,BY,BY-BR,Nizhneye Chernikhovo,Ніжняе Чэрніхава,333,3,locality,UTC+3,Europe/Minsk
309265,BY,BY-BR,Titkovshchina,Ціткаўшчына,99,4,village,UTC+3,Europe/Minsk
309273,BY,BY-BR,Dudichi,Дудзічы,1339,3,Neighborhood,UTC+3,Europe/Minsk
309274,BY,BY-BR,Golynka,Галынка,231,4,village,UTC+3,Europe/Minsk
309276,BY,BY-BR,Pirshtuki,Pirshtuki,1208,3,Neighborhood,UTC+3,Europe/Minsk
309280,BY,BY-BR,Korenevshchina,Каранеўшчына,189,4,locality,UTC+3,Europe/Minsk
309283,BY,BY-BR,Grushevka,Grushevka,100,4,locality,UTC+3,Europe/Minsk
309284,BY,BY-BR,Goslavshchina,Гаслаўшчына,198,4,locality,UTC+3,Europe/Minsk
309299,BY,BY-BR,Yel'nya,Ельня,116,4,village,UTC+3,Europe/Minsk
309304,BY,BY-BR,Shashki,Шашкі,137,4,locality,UTC+3,Europe/Minsk
309307,BY,BY-BR,Bobovishche,Bobovishche,1134,3,Neighborhood,UTC+3,Europe/Minsk
309309,BY,BY-MI,Drutskovshchizna,Друцкаўшчына,441,4,village,UTC+3,Europe/Minsk
309310,BY,BY-MI,Sloboda,Слабада,261,4,village,UTC+3,Europe/Minsk
309311,BY,BY-MI,Suprunovichi,Suprunovichi,32375,4,town,UTC+3,Europe/Minsk
309312,BY,BY-MI,Zabolot'ye,Zabolot’ye,43028,3,Neighborhood,UTC+3,Europe/Minsk
309314,BY,BY-MI,Panyutichi,Panyutichi,71,4,locality,UTC+3,Europe/Minsk
309317,BY,BY-MI,Nelepovo,Нялепава,175,4,locality,UTC+3,Europe/Minsk
309319,BY,BY-MI,Boyary,Баяры,111,4,locality,UTC+3,Europe/Minsk
309320,BY,BY-MI,Dolkindy,Долкінды,2225,3,Neighborhood,UTC+3,Europe/Minsk
309321,BY,BY-MI,Onoshki,Аношкі,880,4,village,UTC+3,Europe/Minsk
309326,BY,BY-MI,Zabolotniki,Забалатнікі,194,4,locality,UTC+3,Europe/Minsk
309329,BY,BY-MI,Nareshevichi,Нарэшавічы,240,3,locality,UTC+3,Europe/Minsk
309333,BY,BY-MI,Poselok Ozerech'ye,Азярэчча,941,3,locality,UTC+3,Europe/Minsk
309334,BY,BY-MI,Udarnyy,Ударны,827,3,locality,UTC+3,Europe/Minsk
309335,BY,BY-MI,Novogorodeyskiy,Новагарадзейскі,719,3,locality,UTC+3,Europe/Minsk
309340,BY,BY-MI,Yazhevichi,Яжавічы,147,4,locality,UTC+3,Europe/Minsk
309341,BY,BY-MI,Kukhchytsy,Кухчыцы,976,4,village,UTC+3,Europe/Minsk
309343,BY,BY-MI,Bobki,Bobki,1238,3,City,UTC+3,Europe/Minsk
309346,BY,BY-MI,Poselok Al'ba,Альба,329,4,hamlet,UTC+3,Europe/Minsk
309348,BY,BY-MI,Sychevo,Сычэва,61,4,locality,UTC+3,Europe/Minsk
309359,BY,BY-MI,Novyya Navasyolki,Новыя Навасёлкі,153,4,village,UTC+3,Europe/Minsk
309361,BY,BY-MI,"Zaazyer""ye",Заазер’е,1091,4,village,UTC+3,Europe/Minsk
309363,BY,BY-MI,Voynilovichi,Вайнілавічы,175,4,village,UTC+3,Europe/Minsk
309366,BY,BY-MI,Kosmovichi,Касмовічы,136,4,village,UTC+3,Europe/Minsk
309367,BY,BY-MI,Rassvet,Рассвет,368,4,village,UTC+3,Europe/Minsk
309369,BY,BY-MI,Pankratovichi,Панкратавічы,353,3,locality,UTC+3,Europe/Minsk
309371,BY,BY-MI,Chyrvona Zorka,Чырвона Зорка,500,3,locality,UTC+3,Europe/Minsk
309373,BY,BY-MI,Zayel'nya,Заельня,251,3,locality,UTC+3,Europe/Minsk
309374,BY,BY-MI,Oreshnitsa,Арэшніца,268,3,locality,UTC+3,Europe/Minsk
309376,BY,BY-MI,Amlyntsy,Амлынцы,134,4,locality,UTC+3,Europe/Minsk
309381,BY,BY-MI,Karolina,Караліна,260,4,village,UTC+3,Europe/Minsk
309382,BY,BY-MI,Sadovaya,Садовая,223,3,locality,UTC+3,Europe/Minsk
309385,BY,BY-MI,Gurnovshchina,Гурнаўшчына,352,3,locality,UTC+3,Europe/Minsk
309395,BY,BY-MI,Smolichi,Смалічы,131,4,village,UTC+3,Europe/Minsk
309397,BY,BY-MI,Rassvetnaya,Рассветная,161,4,village,UTC+3,Europe/Minsk
309405,BY,BY-MI,Lesuny,Lesuny,2917,3,Town,UTC+3,Europe/Minsk
309415,BY,BY-MI,Kolodeznoye,Kolodeznoye,42889,3,City,UTC+3,Europe/Minsk
309423,BY,BY-MI,Lazovichi,Лазавічы,391,3,locality,UTC+3,Europe/Minsk
309424,BY,BY-MI,Krasnaya Dubrova,Чырвоная Дубрава,603,3,Neighborhood,UTC+3,Europe/Minsk
309429,BY,BY-MI,Dushevo,Душава,307,3,locality,UTC+3,Europe/Minsk
309432,BY,BY-MI,Ogorodniki,Агароднікі,124,4,village,UTC+3,Europe/Minsk
309435,BY,BY-MI,Domantovichi,Domantovichi,284,3,Neighborhood,UTC+3,Europe/Minsk
309436,BY,BY-HR,Lazduny Druhiya,Лаздуны Першыя,176,4,locality,UTC+3,Europe/Minsk
309440,BY,BY-MI,Zagornoye,Загорнае,327,4,village,UTC+3,Europe/Minsk
309444,BY,BY-HR,Navasyolki,Навасёлкі,50,4,village,UTC+3,Europe/Minsk
309448,BY,BY-HR,Zhidevichi,Zhidevichi,433,4,village,UTC+3,Europe/Minsk
309452,BY,BY-HR,Belyy Bereg,Belyy Bereg,1621,3,Neighborhood,UTC+3,Europe/Minsk
309486,BY,BY-HR,Lozki,Лозкі,128,4,hamlet,UTC+3,Europe/Minsk
309492,BY,BY-HR,Adampol',Adampol’,2400,3,Town,UTC+3,Europe/Minsk
309494,BY,BY-HR,Khorositsa,Харосіца,251,3,locality,UTC+3,Europe/Minsk
309495,BY,BY-HR,Podkosov'ye,Падкасоўе,469,3,Village,UTC+3,Europe/Minsk
309499,BY,BY-HR,Rud'ma,Rud’ma,924,3,Village,UTC+3,Europe/Minsk
309505,BY,BY-HR,Bushki,Bushki,1010,3,Village,UTC+3,Europe/Minsk
309507,BY,BY-HR,Sadovaya,Sadovaya,891,3,Neighborhood,UTC+3,Europe/Minsk
309508,BY,BY-HR,Gornaya Ruta,Горная Рута,191,4,locality,UTC+3,Europe/Minsk
309512,BY,BY-HR,Petruki,Petruki,6048,3,City,UTC+3,Europe/Minsk
309513,BY,BY-HR,Protenevichi,Protenevichi,4176,3,Neighborhood,UTC+3,Europe/Minsk
309516,BY,BY-HR,Zagor'ye,Загор’е,98,4,village,UTC+3,Europe/Minsk
309517,BY,BY-HR,Lyadki,Лядкі,127,4,village,UTC+3,Europe/Minsk
309518,BY,BY-HR,Pervomayskaya,Першамайскі Пасёлак,714,4,village,UTC+3,Europe/Minsk
309523,BY,BY-HR,Dolginovo,Даўгінава,93,4,village,UTC+3,Europe/Minsk
309527,BY,BY-HR,Veletovo,Veletovo,174037,3,City,UTC+3,Europe/Minsk
309528,BY,BY-HR,Tarasovichi,Тарасавічы,110,4,village,UTC+3,Europe/Minsk
309529,BY,BY-HR,Berezovets,Беразавец,98,4,locality,UTC+3,Europe/Minsk
309554,BY,BY-HR,Burdevichi,Burdevichi,3998,3,Town,UTC+3,Europe/Minsk
309559,BY,BY-HR,Krasnoye,Krasnoye,754,3,Neighborhood,UTC+3,Europe/Minsk
309565,BY,BY-BR,Sovetskiy,Савецкі,221,4,village,UTC+3,Europe/Minsk
309566,BY,BY-BR,Olizarovshchina,Olizarovshchina,803,3,Neighborhood,UTC+3,Europe/Minsk
309573,BY,BY-MI,Pral'niki,Пральнікі,162,4,village,UTC+3,Europe/Minsk
309574,BY,BY-MI,Radniki,Раднікі,218,4,hamlet,UTC+3,Europe/Minsk
309582,BY,BY-MI,Mikhalovo,Міхалова,129,4,village,UTC+3,Europe/Minsk
309585,BY,BY-MI,Borovikovshchina,Borovikovshchina,521,3,Neighborhood,UTC+3,Europe/Minsk
309591,BY,BY-MI,Pokuti,Pokuti,2830,3,Village,UTC+3,Europe/Minsk
309596,BY,BY-MI,Goloburdy,Goloburdy,1210,3,Village,UTC+3,Europe/Minsk
309602,BY,BY-MI,Leontsy,Leontsy,833,3,Village,UTC+3,Europe/Minsk
309603,BY,BY-MI,Shelevshchina,Shelëvshchina,2145,3,Neighborhood,UTC+3,Europe/Minsk
309610,BY,BY-MI,Mikhalovo,Mikhalovo,2728,3,City,UTC+3,Europe/Minsk
309613,BY,BY-MI,Pilyuzhino,Pilyuzhino,1522,3,Neighborhood,UTC+3,Europe/Minsk
309642,BY,BY-MI,Rochevichi,Рочавічы,131,4,locality,UTC+3,Europe/Minsk
309645,BY,BY-MI,Tesnovaya Vtoraya,Цеснавая 2,135,4,village,UTC+3,Europe/Minsk
309647,BY,BY-MI,Zamenka,Zamenka,120512,3,City,UTC+3,Europe/Minsk
309648,BY,BY-MI,Aleshkovets,Alëshkovets,1540,3,Neighborhood,UTC+3,Europe/Minsk
309651,BY,BY-MI,Novyya Rubyazhevichy,Новыя Рубяжэвічы,357,4,village,UTC+3,Europe/Minsk
309652,BY,BY-MI,Druzhnaya,Дружная,160,4,village,UTC+3,Europe/Minsk
309653,BY,BY-MI,Vishnyavyets,Вішнявец,651,4,town,UTC+3,Europe/Minsk
309654,BY,BY-MI,Drazdy,Дразды,422,3,Neighborhood,UTC+3,Europe/Minsk
309663,BY,BY-MI,Kondratovichi,Kondratovichi,21562,3,City,UTC+3,Europe/Minsk
309672,BY,BY-MI,Poselok Shkolnyy,Posëlok Shkolnyy,482,3,Neighborhood,UTC+3,Europe/Minsk
309679,BY,BY-MI,Velikoye Selo,Вялікае Сяло,419,4,village,UTC+3,Europe/Minsk
309684,BY,BY-MI,Rusaki,Русакі,83,4,hamlet,UTC+3,Europe/Minsk
309687,BY,BY-MI,Ogorodniki,Агароднікі,107,4,village,UTC+3,Europe/Minsk
309696,BY,BY-MI,Gnet'ki,Гнецькі,112,4,locality,UTC+3,Europe/Minsk
309698,BY,BY-MI,Popki,Popki,887,3,Neighborhood,UTC+3,Europe/Minsk
309699,BY,BY-MI,Kuliki,Кулікі,1282,3,Neighborhood,UTC+3,Europe/Minsk
309705,BY,BY-MI,Rozhanka,Rozhanka,2692,3,City,UTC+3,Europe/Minsk
309706,BY,BY-MI,Kameyshi,Kameyshi,1260,3,Neighborhood,UTC+3,Europe/Minsk
309714,BY,BY-MI,Neman,Нёман,364,3,locality,UTC+3,Europe/Minsk
309717,BY,BY-MI,Zuberovo,Zuberovo,98,4,village,UTC+3,Europe/Minsk
309726,BY,BY-MI,Semenchitsy,Семенчыцы,139,4,village,UTC+3,Europe/Minsk
309729,BY,BY-MI,Yablonawka,Яблонаўка,277,4,village,UTC+3,Europe/Minsk
309730,BY,BY-MI,Ottseda,Атцэда,94,4,village,UTC+3,Europe/Minsk
309731,BY,BY-MI,Kolosovo,Коласава,237,4,village,UTC+3,Europe/Minsk
309732,BY,BY-MI,Poselok Novokolosovo,Наваколасава,1605,3,locality,UTC+3,Europe/Minsk
309733,BY,BY-MI,Pukhovshchina,Pukhovshchina,209,4,hamlet,UTC+3,Europe/Minsk
309738,BY,BY-MI,Skomoroshki,Скамарошкі,309,4,village,UTC+3,Europe/Minsk
309750,BY,BY-MI,Vechetorovo,Вечатарова,1288,3,Town,UTC+3,Europe/Minsk
309751,BY,BY-HR,Dolginovo,Dolginovo,333,4,village,UTC+3,Europe/Minsk
309753,BY,BY-MI,Rayevshchina,Раёўшчына,115,4,village,UTC+3,Europe/Minsk
309754,BY,BY-MI,Zhaterevo,Жацерава,132,4,village,UTC+3,Europe/Minsk
309758,BY,BY-MI,Yavishchi,Явішчы,8961,3,City,UTC+3,Europe/Minsk
309759,BY,BY-MI,Sudniki,Суднікі,1153,3,Neighborhood,UTC+3,Europe/Minsk
309760,BY,BY-MI,Lyubkovshchina,Любкаўшчына,430,4,village,UTC+3,Europe/Minsk
309768,BY,BY-MI,Velikiy Dvor,Вялікі Двор,143,4,locality,UTC+3,Europe/Minsk
309776,BY,BY-BR,Stromets,Stromets,1863,3,Neighborhood,UTC+3,Europe/Minsk
309777,BY,BY-BR,Balandichi,Баландзічы,240,4,village,UTC+3,Europe/Minsk
309779,BY,BY-HR,Vasilyevichy,Васілевічы,313,4,village,UTC+3,Europe/Minsk
309780,BY,BY-HR,Padlabyennye,Падлабенне,655,4,village,UTC+3,Europe/Minsk
309783,BY,BY-HR,Kvasowka,Квасоўка,1264,4,village,UTC+3,Europe/Minsk
309784,BY,BY-HR,Bayary,Баяры,286,4,village,UTC+3,Europe/Minsk
309785,BY,BY-HR,Lutskawlyany,Луцкаўляны,760,4,village,UTC+3,Europe/Minsk
309796,BY,BY-HR,Osochniki,Osochniki,2579,3,Neighborhood,UTC+3,Europe/Minsk
309799,BY,BY-HR,Golovenchitsy,Golovenchitsy,1267,3,Neighborhood,UTC+3,Europe/Minsk
309802,BY,BY-HR,Zagorniki,Zagorniki,1210,3,Neighborhood,UTC+3,Europe/Minsk
309807,BY,BY-HR,Demidkovo,Demidkovo,948,3,Village,UTC+3,Europe/Minsk
309813,BY,BY-HR,Plebanskoye,Plebanskoye,1299,3,Neighborhood,UTC+3,Europe/Minsk
309815,BY,BY-HR,Budniki,Буднікі,1851,3,Neighborhood,UTC+3,Europe/Minsk
309817,BY,BY-HR,Chernukha,Chernukha,752,3,Neighborhood,UTC+3,Europe/Minsk
309821,BY,BY-HR,Podozerki,Podozërki,3843,3,City,UTC+3,Europe/Minsk
309824,BY,BY-HR,Man'kovtsy,Man’kovtsy,1298,3,Town,UTC+3,Europe/Minsk
309828,BY,BY-HR,Radzivilki,Радзівілкі,113,4,hamlet,UTC+3,Europe/Minsk
309830,BY,BY-HR,Shinkovtsy,Shinkovtsy,761,3,Neighborhood,UTC+3,Europe/Minsk
309839,BY,BY-HR,Beloboloto,Белыя Балаты,446,3,Neighborhood,UTC+3,Europe/Minsk
309848,BY,BY-HR,Ginovichi,Гінавічы,190,4,locality,UTC+3,Europe/Minsk
309851,BY,BY-HR,Kaplanovtse,Kaplanovtse,692,3,Neighborhood,UTC+3,Europe/Minsk
309855,BY,BY-HR,Kulakovshchina,Кулакоўшчына,111,4,locality,UTC+3,Europe/Minsk
309857,BY,BY-HR,Konyukhi,Канюхі,324,3,locality,UTC+3,Europe/Minsk
309859,BY,BY-HR,Labno-Ogorodniki,Лабна-Агароднікі,432,3,locality,UTC+3,Europe/Minsk
309863,BY,BY-HR,Trichi,Трычы,115,4,village,UTC+3,Europe/Minsk
309869,BY,BY-HR,Zarechanka,Зарачанка,229,3,locality,UTC+3,Europe/Minsk
309871,BY,BY-HR,Ponemun',Ponemun’,911,3,Neighborhood,UTC+3,Europe/Minsk
309889,BY,BY-HR,Zabolot',Zabolot’,5342,3,Neighborhood,UTC+3,Europe/Minsk
309895,BY,BY-HR,Pogorany,Pogorany,1435,3,Neighborhood,UTC+3,Europe/Minsk
309897,BY,BY-HR,Soly,Солы,877,3,Neighborhood,UTC+3,Europe/Minsk
309917,BY,BY-HR,Bakuny,Бакуны,124,4,hamlet,UTC+3,Europe/Minsk
309924,BY,BY-HR,Chekhovshchina,Чэхаўшчына,69,4,locality,UTC+3,Europe/Minsk
309931,BY,BY-HR,Novodel',Novodel’,3125,3,Neighborhood,UTC+3,Europe/Minsk
309938,BY,BY-HR,Kurchevtsy,Курчоўцы,110,4,village,UTC+3,Europe/Minsk
309939,BY,BY-HR,Podbogoniki,Podbogoniki,116439,3,village,UTC+3,Europe/Minsk
309943,BY,BY-HR,Yermolichi,Ярмолічы,82,4,locality,UTC+3,Europe/Minsk
309946,BY,BY-HR,Rogachi,Рагачы,95,4,village,UTC+3,Europe/Minsk
309947,BY,BY-HR,Bobrovniki,Bobrovniki,913,3,Neighborhood,UTC+3,Europe/Minsk
309954,BY,BY-HR,Korenevichi,Korenevichi,1246,3,Neighborhood,UTC+3,Europe/Minsk
309956,BY,BY-HR,Polotkovo,Палаткова,66,4,locality,UTC+3,Europe/Minsk
309981,BY,BY-HR,Drechany,Дрэчаны,170,4,locality,UTC+3,Europe/Minsk
309983,BY,BY-HR,Kolosy,Каласы,85,4,locality,UTC+3,Europe/Minsk
309984,BY,BY-HR,Klipachi,Клепачы,62,4,locality,UTC+3,Europe/Minsk
309986,BY,BY-HR,Kashentsy,Кашанцы,98,4,locality,UTC+3,Europe/Minsk
309988,BY,BY-HR,Paplawtsy,Паплаўцы,225,4,village,UTC+3,Europe/Minsk
309989,BY,BY-HR,Kuli,Кулі,60,4,hamlet,UTC+3,Europe/Minsk
309994,BY,BY-HR,Zhebry,Zhebry,16662,3,Neighborhood,UTC+3,Europe/Minsk
310000,BY,BY-HR,Voytekhovshchina,Вайцехаўшчына,99,4,locality,UTC+3,Europe/Minsk
310004,BY,BY-HR,Genyushi,Генюшы,8334,3,City,UTC+3,Europe/Minsk
310007,BY,BY-HR,Khilyaki,Khilyaki,2218,3,Neighborhood,UTC+3,Europe/Minsk
310008,BY,BY-HR,Kamenka,Каменка,73,4,village,UTC+3,Europe/Minsk
310009,BY,BY-HR,Muravana,Муравана,439,4,village,UTC+3,Europe/Minsk
310010,BY,BY-HR,Lishki,Лішкі,587,3,Neighborhood,UTC+3,Europe/Minsk
310013,BY,BY-HR,Ignatovichi,Ігнатавічы,115,4,village,UTC+3,Europe/Minsk
310016,BY,BY-HR,Kolesniki,Калеснікі,66,4,village,UTC+3,Europe/Minsk
310021,BY,BY-HR,Khartsitsa,Харціца,476,3,locality,UTC+3,Europe/Minsk
310022,BY,BY-HR,Svislach,Свіслач,2029,3,Neighborhood,UTC+3,Europe/Minsk
310023,BY,BY-HR,Rutkyevichy,Руткевічы,471,4,village,UTC+3,Europe/Minsk
310024,BY,BY-HR,Lyashchanka,Ляшчанка,577,4,village,UTC+3,Europe/Minsk
310025,BY,BY-HR,Tapilishki,Тапілішкі,851,3,locality,UTC+3,Europe/Minsk
310026,BY,BY-HR,Misyavichy,Місявічы,224,3,locality,UTC+3,Europe/Minsk
310027,BY,BY-HR,Skrybawtsy,Скрыбаўцы,986,3,Neighborhood,UTC+3,Europe/Minsk
310028,BY,BY-HR,Halavichpolye,Галавічполе,463,4,village,UTC+3,Europe/Minsk
310044,BY,BY-HR,Smuga,Smuga,12242,3,City,UTC+3,Europe/Minsk
310047,BY,BY-HR,Golevtsy,Golevtsy,1785,3,Town,UTC+3,Europe/Minsk
310075,BY,BY-HR,Bushnevo,Бушнева,2511,3,Village,UTC+3,Europe/Minsk
310083,BY,BY-HR,Pilyuki,Pilyuki,10428,3,Neighborhood,UTC+3,Europe/Minsk
310092,BY,BY-HR,Ganel'ki,Ganel’ki,189,4,village,UTC+3,Europe/Minsk
310094,BY,BY-HR,Dovbenki,Dovbenki,906,3,Village,UTC+3,Europe/Minsk
310097,BY,BY-HR,Kuleshi,Куляшы,216,4,village,UTC+3,Europe/Minsk
310124,BY,BY-HR,Ambilevtsy,Амбілеўцы,186,4,village,UTC+3,Europe/Minsk
310125,BY,BY-HR,Pil'chuki,Pil’chuki,2031,3,Neighborhood,UTC+3,Europe/Minsk
310141,BY,BY-HR,Golosovichi,Голасавічы,1010,3,Village,UTC+3,Europe/Minsk
310169,BY,BY-HR,Dvorchany,Дварчаны,1345,3,Neighborhood,UTC+3,Europe/Minsk
310175,BY,BY-HR,Goldishki,Гоўдзішкі,22217,3,Neighborhood,UTC+3,Europe/Minsk
310181,BY,BY-HR,Yakhnovichi,Яхновічы,753,3,Neighborhood,UTC+3,Europe/Minsk
310200,BY,BY-HR,Selyakhi,Selyakhi,7620,3,City,UTC+3,Europe/Minsk
310201,BY,BY-HR,Ol'khovka,Ol’khovka,419,4,village,UTC+3,Europe/Minsk
310202,BY,BY-HR,Radzivilovtsy,Radzivilovtsy,74,3,Neighborhood,UTC+3,Europe/Minsk
310203,BY,BY-HR,Zinevichi,Zinevichi,1018,3,Village,UTC+3,Europe/Minsk
310213,BY,BY-HR,Lelyushi,Lelyushi,1681,3,Village,UTC+3,Europe/Minsk
310217,BY,BY-HR,Zaprudyany,Запрудзяны,116,4,locality,UTC+3,Europe/Minsk
310234,BY,BY-HR,Gudinishki,Gudinishki,1654,3,Neighborhood,UTC+3,Europe/Minsk
310236,BY,BY-HR,Petyulevtsy,Пяцюлеўцы,101,4,locality,UTC+3,Europe/Minsk
310241,BY,BY-HR,Staryye Podduby,Старыя Паддубы,129,4,locality,UTC+3,Europe/Minsk
310248,BY,BY-HR,Byl'chitsy,Быльчыцы,223,3,Neighborhood,UTC+3,Europe/Minsk
310253,BY,BY-HR,Nekrashi,Некрашы,179,4,village,UTC+3,Europe/Minsk
310254,BY,BY-HR,Kotra,Котра,241,4,hamlet,UTC+3,Europe/Minsk
310257,BY,BY-HR,Mil'kovshchina,Мількаўшчына,263,4,village,UTC+3,Europe/Minsk
310260,BY,BY-HR,Sukhovlyany,Сухаўляны,108,4,locality,UTC+3,Europe/Minsk
310263,BY,BY-HR,Ponizhany,Паніжаны,835,3,Neighborhood,UTC+3,Europe/Minsk
310271,BY,BY-HR,Budovlya,Будоўля,1028,3,Neighborhood,UTC+3,Europe/Minsk
310274,BY,BY-HR,Aleksandrovo,Аляксандрава,3642,3,Neighborhood,UTC+3,Europe/Minsk
310276,BY,BY-HR,Gorny,Gorny,796,3,Neighborhood,UTC+3,Europe/Minsk
310279,BY,BY-HR,Verkhniye Pogorany,Verkhniye Pogorany,2489,3,Neighborhood,UTC+3,Europe/Minsk
310289,BY,BY-HR,Nyoman,Nyoman,122,4,village,UTC+3,Europe/Minsk
310291,BY,BY-HR,Netechi,Нецечы,115,4,village,UTC+3,Europe/Minsk
310292,BY,BY-HR,Strel'tsy,Стральцы,306,4,village,UTC+3,Europe/Minsk
310293,BY,BY-HR,Mashtalery,Машталеры,123,4,locality,UTC+3,Europe/Minsk
310304,BY,BY-HR,Pilki,Пілкі,151,4,hamlet,UTC+3,Europe/Minsk
310306,BY,BY-HR,Aleksandrovka,Аляксандраўка,3078,3,Town,UTC+3,Europe/Minsk
310308,BY,BY-HR,Kovali,Кавалі,990,3,Village,UTC+3,Europe/Minsk
310331,BY,BY-HR,Zavalki,Завалкі,1090,3,Village,UTC+3,Europe/Minsk
310336,BY,BY-HR,Pogorany Nizhniye,Pogorany Nizhniye,74,4,village,UTC+3,Europe/Minsk
310339,BY,BY-HR,Kaleniki,Kaleniki,1516,3,Village,UTC+3,Europe/Minsk
310345,BY,BY-HR,Volotyn',Валатынь,70,4,village,UTC+3,Europe/Minsk
310349,BY,BY-HR,Tur'ya,Тур’я,434,4,village,UTC+3,Europe/Minsk
310350,BY,BY-HR,Buyvichi,Буйвічы,155,4,village,UTC+3,Europe/Minsk
310351,BY,BY-HR,Girdevka,Гірдзеўка,1201,4,village,UTC+3,Europe/Minsk
310352,BY,BY-HR,Novinka,Навінкі,2282,3,Neighborhood,UTC+3,Europe/Minsk
310353,BY,BY-HR,Novoselki,Навасёлкі,1185,3,Village,UTC+3,Europe/Minsk
310357,BY,BY-HR,Oleshevichi,Алешавічы,65,4,locality,UTC+3,Europe/Minsk
310364,BY,BY-HR,Lagody,Lahody,228,4,village,UTC+3,Europe/Minsk
310372,BY,BY-HR,Tureysk,Турэйск,163,4,village,UTC+3,Europe/Minsk
310373,BY,BY-HR,Stukaly,Стукалы,160,4,hamlet,UTC+3,Europe/Minsk
310377,BY,BY-HR,Beregovtsy,Берагоўцы,33718,3,Neighborhood,UTC+3,Europe/Minsk
310383,BY,BY-HR,Lipichino,Ліпічна,205,4,village,UTC+3,Europe/Minsk
310390,BY,BY-HR,Dyakovtsy,Дзякоўцы,257,4,village,UTC+3,Europe/Minsk
310392,BY,BY-HR,Teykovshchina,Teykovshchina,1154,3,Neighborhood,UTC+3,Europe/Minsk
310393,BY,BY-HR,Koroli,Каралі,2182,3,Town,UTC+3,Europe/Minsk
310408,BY,BY-HR,Malyye Stepanishki,Малыя Сцяпанішкі,478,3,Town,UTC+3,Europe/Minsk
310426,BY,BY-HR,Ogorodniki,Ogorodniki,1410,3,Neighborhood,UTC+3,Europe/Minsk
310428,BY,BY-HR,Protasovshchina,Protasovshchina,1959,3,Neighborhood,UTC+3,Europe/Minsk
310433,BY,BY-HR,Starovshchina,Стараўшчына,161,4,locality,UTC+3,Europe/Minsk
310446,BY,BY-HR,Krasnaya,Красная,435,3,locality,UTC+3,Europe/Minsk
310447,BY,BY-HR,Plyanty,Плянты,209,3,locality,UTC+3,Europe/Minsk
310448,BY,BY-HR,Dovlyudovshchina,Даўлюдаўшчына,124,4,locality,UTC+3,Europe/Minsk
310450,BY,BY-HR,Kemyany,Kyemyany,139,4,village,UTC+3,Europe/Minsk
310457,BY,BY-HR,Kupry,Купры,13424,3,Neighborhood,UTC+3,Europe/Minsk
310466,BY,BY-HR,Kul'shichi,Кульшычы,147,4,locality,UTC+3,Europe/Minsk
310467,BY,BY-HR,Zbrozhki,Zbrozhki,968,3,Village,UTC+3,Europe/Minsk
310476,BY,BY-HR,Aktsyabrskaya,Акцябрская,225,4,village,UTC+3,Europe/Minsk
310478,BY,BY-HR,Prud,Пруд,101,4,hamlet,UTC+3,Europe/Minsk
310480,BY,BY-HR,Revtovichi,Раўтовічы,127412,3,City,UTC+3,Europe/Minsk
310482,BY,BY-HR,Yermolovshchina,Ермалоўшчына,344,3,Neighborhood,UTC+3,Europe/Minsk
310483,BY,BY-HR,Drapava,Драпава,238,3,Neighborhood,UTC+3,Europe/Minsk
310497,BY,BY-BR,Khrishchanovichi,Khrishchanovichi,1847,3,Neighborhood,UTC+3,Europe/Minsk
310503,BY,BY-HR,Bayki,Байкі,141,4,village,UTC+3,Europe/Minsk
310504,BY,BY-HR,Lyski,Лыскі,109,4,hamlet,UTC+3,Europe/Minsk
310505,BY,BY-HR,Shishki,Шышкі,1567,3,Neighborhood,UTC+3,Europe/Minsk
310507,BY,BY-HR,Yolka,Ёлка,383,3,locality,UTC+3,Europe/Minsk
310515,BY,BY-HR,Parkhuty,Parkhuty,3943,3,Neighborhood,UTC+3,Europe/Minsk
310518,BY,BY-HR,Sokolovo,Сакалова,153,4,locality,UTC+3,Europe/Minsk
310520,BY,BY-HR,Rakhovichi,Рахавічы,170,4,locality,UTC+3,Europe/Minsk
310523,BY,BY-HR,Mirnaya,Мірная,112,4,locality,UTC+3,Europe/Minsk
310524,BY,BY-HR,Novadzyevyatkavichy,Новадзевяткавічы,628,3,locality,UTC+3,Europe/Minsk
310528,BY,BY-HR,Drabovichi,Драбавічы,130,4,locality,UTC+3,Europe/Minsk
310535,BY,BY-HR,Babinichi,Бабынічы,156,4,locality,UTC+3,Europe/Minsk
310540,BY,BY-HR,Dzyeravyanchytsy,Дзеравянчыцы,451,3,locality,UTC+3,Europe/Minsk
310545,BY,BY-HR,Partizanovka,Партызанаўка,324,3,locality,UTC+3,Europe/Minsk
310551,BY,BY-HR,Dzyanisava,Дзянісава,407,3,locality,UTC+3,Europe/Minsk
310554,BY,BY-HR,Zadvor'ye,Задвор’е,15216,3,City,UTC+3,Europe/Minsk
310560,BY,BY-HR,Vasilyevichy,Васілевічы,396,4,village,UTC+3,Europe/Minsk
310563,BY,BY-HR,Tushevichi,Тушэвічы,871,3,Town,UTC+3,Europe/Minsk
310568,BY,BY-HR,Randilovshchina,Рандзілаўшчына,246,3,locality,UTC+3,Europe/Minsk
310603,BY,BY-BR,Skuraty,Скураты,144,4,hamlet,UTC+3,Europe/Minsk
310605,BY,BY-BR,Yukevichi,Yukevichi,30916,3,Neighborhood,UTC+3,Europe/Minsk
310609,BY,BY-BR,Ozerets,Ozerets,2276,3,Neighborhood,UTC+3,Europe/Minsk
310611,BY,BY-BR,Mikhnovichi,Міхнавічы,146,4,locality,UTC+3,Europe/Minsk
310612,BY,BY-BR,Barany,Бараны,269,4,hamlet,UTC+3,Europe/Minsk
310619,BY,BY-BR,Skorodintsy,Скародзінцы,230,4,village,UTC+3,Europe/Minsk
310623,BY,BY-BR,Badiny,Badiny,700,4,village,UTC+3,Europe/Minsk
310628,BY,BY-BR,Glyadeni,Глядзенне,80,4,village,UTC+3,Europe/Minsk
310632,BY,BY-BR,Perenosiny,Пераносіны,72,4,village,UTC+3,Europe/Minsk
310634,BY,BY-BR,Kozlovichi,Казловічы,188,3,Neighborhood,UTC+3,Europe/Minsk
310641,BY,BY-BR,Sosnovaya,Сасновая,10706,3,City,UTC+3,Europe/Minsk
310643,BY,BY-BR,Yugolin,Югалін,132,4,village,UTC+3,Europe/Minsk
310650,BY,BY-BR,Pervomayskiy,Першамайскі,235,3,locality,UTC+3,Europe/Minsk
310653,BY,BY-BR,Pavlinovo,Паўлінава,219,4,village,UTC+3,Europe/Minsk
310663,BY,BY-BR,Ogorodniki,Агароднікі,2430,3,Town,UTC+3,Europe/Minsk
310666,BY,BY-BR,Pryazyornaya,Прыазёрная,258,4,village,UTC+3,Europe/Minsk
310669,BY,BY-BR,Svetlyy,Светлы,292,4,village,UTC+3,Europe/Minsk
310677,BY,BY-BR,Stankevichi,Станкевічы,3926,3,Neighborhood,UTC+3,Europe/Minsk
310680,BY,BY-BR,Sokolovichi,Сакаловічы,1338,3,Neighborhood,UTC+3,Europe/Minsk
310683,BY,BY-BR,Tyukantovichi,Цюкантавічы,141,4,village,UTC+3,Europe/Minsk
310684,BY,BY-BR,Mir,Мір,919,4,village,UTC+3,Europe/Minsk
310685,BY,BY-BR,Kozlyakevichi,Казлякевічы,158,4,village,UTC+3,Europe/Minsk
310695,BY,BY-MI,Tsyalyadavichy,Цялядавічы,179,4,locality,UTC+3,Europe/Minsk
310697,BY,BY-MI,Lavy,Лавы,828,3,Neighborhood,UTC+3,Europe/Minsk
310699,BY,BY-MI,Kalinovka Pervaya,Калінаўка 2,108,4,village,UTC+3,Europe/Minsk
310705,BY,BY-MI,Vyezhy,Вежы,414,4,village,UTC+3,Europe/Minsk
310706,BY,BY-MI,Syelyetsk,Селецк,203,3,locality,UTC+3,Europe/Minsk
310716,BY,BY-MI,Yamnoye,Ямнае,172,4,village,UTC+3,Europe/Minsk
310719,BY,BY-MI,Kornicheye,Kornicheye,315,3,Neighborhood,UTC+3,Europe/Minsk
310725,BY,BY-MI,Korzuny,Карзуны,100,4,locality,UTC+3,Europe/Minsk
310734,BY,BY-MI,Lesnoye,Лясное,418,3,locality,UTC+3,Europe/Minsk
310743,BY,BY-MI,Kamsamol'skaya,Камсамольская,394,4,village,UTC+3,Europe/Minsk
310751,BY,BY-MI,Zhylin Brod,Жылін Брод,171,4,locality,UTC+3,Europe/Minsk
310752,BY,BY-MI,Novinki,Навінкі,154,4,locality,UTC+3,Europe/Minsk
310762,BY,BY-MI,Sadki,Садкі,90,4,hamlet,UTC+3,Europe/Minsk
310774,BY,BY-MI,Mikhalevtsy,Mikhalëvtsy,468,3,Neighborhood,UTC+3,Europe/Minsk
310775,BY,BY-MI,Konyukhi,Канюхі,283,4,village,UTC+3,Europe/Minsk
310780,BY,BY-MI,Lyakhovo,Ляхава,848,3,Neighborhood,UTC+3,Europe/Minsk
310784,BY,BY-MI,Starina,Старына,4092,3,Neighborhood,UTC+3,Europe/Minsk
310787,BY,BY-MI,Mayak,Маяк,327,4,locality,UTC+3,Europe/Minsk
310789,BY,BY-MI,Zagorovshchina,Zagorovshchina,8882,3,City,UTC+3,Europe/Minsk
310790,BY,BY-MI,Stan'ki,Stan’ki,2127,3,Neighborhood,UTC+3,Europe/Minsk
310794,BY,BY-MI,Mazha,Мажа,871,3,locality,UTC+3,Europe/Minsk
310798,BY,BY-MI,Novyya Dovtaravichy,Новыя Доктаравічы,1227,3,Neighborhood,UTC+3,Europe/Minsk
310801,BY,BY-MI,Barok,Барок,157,4,hamlet,UTC+3,Europe/Minsk
310803,BY,BY-MI,Vetka,Ветка,272,3,Neighborhood,UTC+3,Europe/Minsk
310805,BY,BY-MI,Radichevo,Радзічава,137,4,village,UTC+3,Europe/Minsk
310806,BY,BY-MI,Zagor'ye,Zagor’ye,1307,3,Neighborhood,UTC+3,Europe/Minsk
310807,BY,BY-MI,Zabolot',Zabolot’,1102,3,Neighborhood,UTC+3,Europe/Minsk
310823,BY,BY-MI,Loshitsa,Loshitsa,1767,3,Town,UTC+3,Europe/Minsk
310824,BY,BY-MI,Podloshitsa,Podloshitsa,1153,3,Village,UTC+3,Europe/Minsk
310831,BY,BY-MI,Ushalovichi,Ushalovichi,4987,3,Neighborhood,UTC+3,Europe/Minsk
310833,BY,BY-MI,Znamya,Знамя,642,3,locality,UTC+3,Europe/Minsk
310834,BY,BY-MI,Svobodnyy,Svobodnyy,4195,3,Town,UTC+3,Europe/Minsk
310838,BY,BY-MI,Kruglyak,Kruglyak,4909,3,Neighborhood,UTC+3,Europe/Minsk
310843,BY,BY-MI,Slavinsk,Славінск,86,4,hamlet,UTC+3,Europe/Minsk
310844,BY,BY-MI,Podles'ye,Падлессе,474,4,village,UTC+3,Europe/Minsk
310845,BY,BY-MI,Belarus',Belarus’,1500,3,Neighborhood,UTC+3,Europe/Minsk
310846,BY,BY-MI,Serednyaki,Сераднякі,62,4,village,UTC+3,Europe/Minsk
310852,BY,BY-MI,Branovichi,Бранавічы,875,4,village,UTC+3,Europe/Minsk
310853,BY,BY-MI,Ogorodniki,Агароднікі,281,4,village,UTC+3,Europe/Minsk
310854,BY,BY-MI,Malaya Pader',Малая Падзер,154,4,locality,UTC+3,Europe/Minsk
310855,BY,BY-MI,Bol'shaya Pader',Вялікая Падзер,87938,3,City,UTC+3,Europe/Minsk
310859,BY,BY-MI,Krichin,Krichin,571266,3,City,UTC+3,Europe/Minsk
310860,BY,BY-MI,Kublishche,Kublishche,1003,3,Neighborhood,UTC+3,Europe/Minsk
310863,BY,BY-MI,Blizhniye Bondari,Бліжнія Бандары,101,4,locality,UTC+3,Europe/Minsk
310864,BY,BY-MI,Ogorodniki,Агароднікі,128,4,village,UTC+3,Europe/Minsk
310866,BY,BY-MI,Velikoye Zhurovo,Вялікае Журава,109,4,village,UTC+3,Europe/Minsk
310869,BY,BY-MI,Ivanovskiye,Іванаўскія Агароднікі,237,4,village,UTC+3,Europe/Minsk
310875,BY,BY-MI,Rachkovichi,Рачкавічы,60,4,village,UTC+3,Europe/Minsk
310879,BY,BY-MI,Zalyad'ye,Zalyad’ye,799,3,Neighborhood,UTC+3,Europe/Minsk
310880,BY,BY-MI,Zanevedomka,Zanevedomka,1595,3,Neighborhood,UTC+3,Europe/Minsk
310884,BY,BY-MI,Novyya Rachkavichy,Новыя Рачкавічы,345,3,locality,UTC+3,Europe/Minsk
310886,BY,BY-MI,Oktyabr',Акцябр,315,4,hamlet,UTC+3,Europe/Minsk
310887,BY,BY-MI,Chizhovka,Чыжоўка,200,4,hamlet,UTC+3,Europe/Minsk
310888,BY,BY-MI,Gorki,Горкі,4527,3,City,UTC+3,Europe/Minsk
310889,BY,BY-MI,Kvasynichi,Квасынічы,689,4,village,UTC+3,Europe/Minsk
310890,BY,BY-MI,Kirava,Кірава,398,4,village,UTC+3,Europe/Minsk
310891,BY,BY-MI,Novyy Dvor,Новы Двор,166,4,locality,UTC+3,Europe/Minsk
310892,BY,BY-MI,Lesishche,Lesishche,124053,3,City,UTC+3,Europe/Minsk
310894,BY,BY-MI,Mereshino,Мерашыно,140,4,village,UTC+3,Europe/Minsk
310895,BY,BY-MI,Krupeniki,Крупенікі,125,4,locality,UTC+3,Europe/Minsk
310899,BY,BY-MI,Nezharovka,Nezharovka,1152,3,Neighborhood,UTC+3,Europe/Minsk
310901,BY,BY-MI,Nezhevka,Nezhevka,283,3,Neighborhood,UTC+3,Europe/Minsk
310903,BY,BY-MI,Pratsevichi,Працавічы,409,4,village,UTC+3,Europe/Minsk
310907,BY,BY-MI,Ustran',Устрань,13047,3,City,UTC+3,Europe/Minsk
310918,BY,BY-MI,Pyershamaysk,Першамайск,524,4,village,UTC+3,Europe/Minsk
310920,BY,BY-MI,Komsomol'skiy,Komsomol’skiy,921,3,Neighborhood,UTC+3,Europe/Minsk
310923,BY,BY-MI,Internatsional,Internatsional,1235,3,Neighborhood,UTC+3,Europe/Minsk
310924,BY,BY-MI,Malinovo,Malinovo,119,4,village,UTC+3,Europe/Minsk
310935,BY,BY-MI,Rayevka,Rayëvka,760,3,Neighborhood,UTC+3,Europe/Minsk
310937,BY,BY-MI,Gat',Gat’,1752,3,Neighborhood,UTC+3,Europe/Minsk
310938,BY,BY-MI,Vetka,Ветка,86,4,village,UTC+3,Europe/Minsk
310950,BY,BY-MI,Raduga,Вясёлка,795,3,Neighborhood,UTC+3,Europe/Minsk
310952,BY,BY-MI,Peretok,Peretok,508,4,village,UTC+3,Europe/Minsk
310954,BY,BY-MI,Smol'hava,Смольгава,364,3,locality,UTC+3,Europe/Minsk
310958,BY,BY-MI,Dubochki,Dubochki,410,4,village,UTC+3,Europe/Minsk
310961,BY,BY-MI,Radkovo,Радкава,107,4,hamlet,UTC+3,Europe/Minsk
310963,BY,BY-MI,Rassvet,Рассвет,92,4,locality,UTC+3,Europe/Minsk
310965,BY,BY-MI,Strakhini,Strakhini,1042,3,Neighborhood,UTC+3,Europe/Minsk
310975,BY,BY-MI,Zabrodskiye,Zabrodskiye,1490,3,Neighborhood,UTC+3,Europe/Minsk
310976,BY,BY-MI,Kulaki,Кулакі,115,4,hamlet,UTC+3,Europe/Minsk
310982,BY,BY-MI,Zelenyy Mokh,Zelënyy Mokh,8217,3,Neighborhood,UTC+3,Europe/Minsk
310983,BY,BY-MI,Ol'khovka,Ol’khovka,1812,3,Neighborhood,UTC+3,Europe/Minsk
310985,BY,BY-MI,Orlevo,Арлёва,424,3,locality,UTC+3,Europe/Minsk
310991,BY,BY-MI,Nales,Nales,657,3,Neighborhood,UTC+3,Europe/Minsk
310993,BY,BY-MI,Podleski,Podleski,675,4,village,UTC+3,Europe/Minsk
310996,BY,BY-MI,Zakal'noye,Закальное,513,4,village,UTC+3,Europe/Minsk
311005,BY,BY-MI,Salahoshch,Салагошч,2079,3,Neighborhood,UTC+3,Europe/Minsk
311022,BY,BY-MI,Zhorovka,Жораўка,185,4,village,UTC+3,Europe/Minsk
311023,BY,BY-MI,Lyakhawka,Ляхаўка,76,4,village,UTC+3,Europe/Minsk
311025,BY,BY-MI,Otradnoye,Атраднае,549,4,village,UTC+3,Europe/Minsk
311031,BY,BY-MI,Novaya Gramota,Novaya Gramota,1059,3,Neighborhood,UTC+3,Europe/Minsk
311033,BY,BY-MI,Krushniki,Krushniki,42,3,Neighborhood,UTC+3,Europe/Minsk
311036,BY,BY-MI,Lesovnya,Lesovnya,768,3,Neighborhood,UTC+3,Europe/Minsk
311037,BY,BY-MI,Zagor'ye,Zagor’ye,1200,3,Neighborhood,UTC+3,Europe/Minsk
311046,BY,BY-MI,Zaloh Pyatsilyetki,Залог Пяцілеткі,2799199,3,City,UTC+3,Europe/Minsk
311047,BY,BY-MI,Krasnyy Poselok,Красны Пасёлак,98,4,village,UTC+3,Europe/Minsk
311048,BY,BY-MI,Tsyerabuty,Церабуты,1116,3,Neighborhood,UTC+3,Europe/Minsk
311051,BY,BY-MI,Kovalichi,Кавалічы,497,3,Village,UTC+3,Europe/Minsk
311054,BY,BY-MI,Zarechnoye,Зарэчнае,20108,3,City,UTC+3,Europe/Minsk
311060,BY,BY-MI,Minkovichi,Minkovichi,1440,3,Village,UTC+3,Europe/Minsk
311073,BY,BY-MI,Shusherovka,Shusherovka,246746,3,City,UTC+3,Europe/Minsk
311074,BY,BY-MI,Zelenki,Зялёнкі,213,4,village,UTC+3,Europe/Minsk
311076,BY,BY-MI,Strazhi,Strazhi,55843,3,Neighborhood,UTC+3,Europe/Minsk
311086,BY,BY-MI,Zhaly,Жалы,233,3,locality,UTC+3,Europe/Minsk
311087,BY,BY-MI,Sosny,Сосны,682,4,village,UTC+3,Europe/Minsk
311094,BY,BY-MI,Staryya Yurkovichy,Старыя Юрковічы,745,3,Neighborhood,UTC+3,Europe/Minsk
311098,BY,BY-MA,Dubrova,Дуброва,2789,3,Neighborhood,UTC+3,Europe/Minsk
311104,BY,BY-MA,Komarino,Komarino,66941,4,town,UTC+3,Europe/Minsk
311105,BY,BY-MA,Zabalatstsye,Забалацце,394,3,locality,UTC+3,Europe/Minsk
311111,BY,BY-MA,Grinevka,Grinëvka,246639,3,City,UTC+3,Europe/Minsk
311113,BY,BY-MA,Lyulevo,Lyulevo,755,3,Neighborhood,UTC+3,Europe/Minsk
311115,BY,BY-MA,Sloboda,Слабада,1442,3,Neighborhood,UTC+3,Europe/Minsk
311117,BY,BY-MA,Svikhanovo,Svikhanovo,2867,3,Neighborhood,UTC+3,Europe/Minsk
311120,BY,BY-MA,Velikiy Bor,Вялікі Бор,215,3,locality,UTC+3,Europe/Minsk
311125,BY,BY-MA,Lyakhova Gryada,Lyakhova Gryada,2205,3,Neighborhood,UTC+3,Europe/Minsk
311129,BY,BY-MA,Zarech'ye,Zarech’ye,123,4,village,UTC+3,Europe/Minsk
311130,BY,BY-MA,Poselok Progress,Posëlok Progress,1140,3,Neighborhood,UTC+3,Europe/Minsk
311133,BY,BY-MA,Kinovka,Kinovka,55,4,village,UTC+3,Europe/Minsk
311138,BY,BY-MA,Kovgary,Каўгары,406,3,locality,UTC+3,Europe/Minsk
311141,BY,BY-MA,Oryzhnya,Oryzhnya,5957,4,village,UTC+3,Europe/Minsk
311142,BY,BY-MA,Zabud'ki,Zabud’ki,787,3,Neighborhood,UTC+3,Europe/Minsk
311143,BY,BY-MA,Doynichevo,Дойнічава,248,3,locality,UTC+3,Europe/Minsk
311144,BY,BY-MA,Boyarshchina,Boyarshchina,2760,3,Neighborhood,UTC+3,Europe/Minsk
311151,BY,BY-MA,Stany,Станы,88,4,hamlet,UTC+3,Europe/Minsk
311159,BY,BY-MA,Krasnyy Ogorod,Krasnyy Ogorod,7326,3,Town,UTC+3,Europe/Minsk
311162,BY,BY-MA,Yevseyevichi,Yevseyevichi,879,3,Neighborhood,UTC+3,Europe/Minsk
311163,BY,BY-MA,Rudnya,Rudnya,547,3,Neighborhood,UTC+3,Europe/Minsk
311169,BY,BY-MA,Mosty,Mosty,822,3,Neighborhood,UTC+3,Europe/Minsk
311178,BY,BY-MA,Harokhawka,Гарохаўка,317,3,locality,UTC+3,Europe/Minsk
311184,BY,BY-MA,Makrany,Макраны,1351,3,Neighborhood,UTC+3,Europe/Minsk
311190,BY,BY-MA,Dolgiy Les,Dolgiy Les,1214,3,Neighborhood,UTC+3,Europe/Minsk
311191,BY,BY-MA,Zapol'ye,Zapol’ye,997,3,Neighborhood,UTC+3,Europe/Minsk
311193,BY,BY-MA,Zhukavichy,Жукавічы,13372,3,City,UTC+3,Europe/Minsk
311199,BY,BY-MA,Myslotino,Мыслоціна,100,4,village,UTC+3,Europe/Minsk
311204,BY,BY-MA,Vesnovo,Веснава,188,3,Neighborhood,UTC+3,Europe/Minsk
311211,BY,BY-MA,Povstka,Поўстка,82,4,village,UTC+3,Europe/Minsk
311214,BY,BY-MA,Starina,Старына,7829,3,Neighborhood,UTC+3,Europe/Minsk
311216,BY,BY-MA,Selets,Selets,916,3,Neighborhood,UTC+3,Europe/Minsk
311223,BY,BY-MA,Styag,Сцяг,232,3,Neighborhood,UTC+3,Europe/Minsk
311229,BY,BY-HO,Bumazhkovo,Bumazhkovo,16229,3,Neighborhood,UTC+3,Europe/Minsk
311235,BY,BY-MA,Zavalochytsy,Завалочыцы,585,4,village,UTC+3,Europe/Minsk
311237,BY,BY-BR,Malyye Vikorovichi,Малыя Вікаравічы,371,4,village,UTC+3,Europe/Minsk
311239,BY,BY-BR,Vul'ka-Oreya,Вулька-Арэя,487,3,Neighborhood,UTC+3,Europe/Minsk
311242,BY,BY-BR,Pervomaysk,Pervomaysk,2090,3,Neighborhood,UTC+3,Europe/Minsk
311246,BY,BY-BR,Pesovo,Пясова,116,4,locality,UTC+3,Europe/Minsk
311249,BY,BY-BR,Luchitsa,Лучыца,85,4,village,UTC+3,Europe/Minsk
311251,BY,BY-BR,Uzlyazh'ye,Узляжжа,130,4,village,UTC+3,Europe/Minsk
311252,BY,BY-BR,Rovchak,Rovchak,1654,3,Village,UTC+3,Europe/Minsk
311257,BY,BY-BR,Lukoye,Lukoye,245,4,village,UTC+3,Europe/Minsk
311258,BY,BY-BR,Novyy Poselok,Новы Пасёлак,149,4,locality,UTC+3,Europe/Minsk
311260,BY,BY-MA,Krasnaye,Краснае,387,3,locality,UTC+3,Europe/Minsk
311264,BY,BY-MA,Kolodino,Kolodino,74139,3,Neighborhood,UTC+3,Europe/Minsk
311271,BY,BY-MA,Rogovka,Rogovka,2058,3,Town,UTC+3,Europe/Minsk
311274,BY,BY-MA,Staroye Zalitvin'ye,Staroye Zalitvin’ye,911,4,village,UTC+3,Europe/Minsk
311277,BY,BY-MA,Vyazovka,Вязаўка,746,3,Village,UTC+3,Europe/Minsk
311286,BY,BY-MA,Poselok Imeni Lenina,Леніна,512,4,village,UTC+3,Europe/Minsk
311292,BY,BY-MA,Kalinina,Калініна,122,3,Neighborhood,UTC+3,Europe/Minsk
311307,BY,BY-MA,Kharlapovichi,Харлапавічы,100,4,village,UTC+3,Europe/Minsk
311308,BY,BY-MA,Neptun,Няптун,115,4,village,UTC+3,Europe/Minsk
311309,BY,BY-MA,Levkovichi,Леўкавічы,345,3,locality,UTC+3,Europe/Minsk
311310,BY,BY-MA,Malinovka,Малінаўка,28175,3,Neighborhood,UTC+3,Europe/Minsk
311314,BY,BY-MA,Zarubin Ugol,Zarubin Ugol,41963,3,City,UTC+3,Europe/Minsk
311317,BY,BY-MA,Barsuki,Барсукі,353,4,village,UTC+3,Europe/Minsk
311322,BY,BY-MA,Miradino,Мірадзіна,87,4,locality,UTC+3,Europe/Minsk
311335,BY,BY-MA,Krasnyy Berezhok,Krasnyy Berezhok,16985,3,Neighborhood,UTC+3,Europe/Minsk
311336,BY,BY-MA,Dubovoye,Dubovoye,941,4,village,UTC+3,Europe/Minsk
311340,BY,BY-MA,Zhavoronki,Zhavoronki,3331,3,Neighborhood,UTC+3,Europe/Minsk
311350,BY,BY-MA,Lekerta,Лекерта,131,4,locality,UTC+3,Europe/Minsk
311351,BY,BY-MA,Berezovichi,Бярэзавічы,277,3,locality,UTC+3,Europe/Minsk
311358,BY,BY-MA,Yemel'yanov Most,Yemel’yanov Most,25614,4,town,UTC+3,Europe/Minsk
311361,BY,BY-MA,Zales'ye,Zales’ye,23848,3,City,UTC+3,Europe/Minsk
311364,BY,BY-MA,Dubovka,Дубаўка,119,4,village,UTC+3,Europe/Minsk
311365,BY,BY-MA,Savichi,Савічы,190,4,village,UTC+3,Europe/Minsk
311371,BY,BY-MA,Zabolot'ye,Забалацце,117,4,village,UTC+3,Europe/Minsk
311373,BY,BY-MA,Mikulichi,Mikulichi,2067,3,Neighborhood,UTC+3,Europe/Minsk
311375,BY,BY-MA,Turkovskaya Sloboda,Туркоўская Слабада,59,4,locality,UTC+3,Europe/Minsk
311380,BY,BY-MA,Seliba,Сяліба,117,4,village,UTC+3,Europe/Minsk
311383,BY,BY-MA,Rogosel'ye,Rogosel’ye,1622,3,Neighborhood,UTC+3,Europe/Minsk
311390,BY,BY-MA,Yur'yevo,Юр’ева,129,4,locality,UTC+3,Europe/Minsk
311400,BY,BY-MA,Dolgiy Klin,Доўгі Клін,83,4,locality,UTC+3,Europe/Minsk
311405,BY,BY-MA,Losi,Ласі,111,4,locality,UTC+3,Europe/Minsk
311409,BY,BY-HO,Velikoye Lyado,Velikoye Lyado,824,3,Neighborhood,UTC+3,Europe/Minsk
311418,BY,BY-HO,Bol'shiye Filipkovichi,Вялікія Філіпкавічы,150,4,locality,UTC+3,Europe/Minsk
311424,BY,BY-HO,Kruchpol'ye,Kruchpol’ye,937,3,Village,UTC+3,Europe/Minsk
311429,BY,BY-HO,Osinniki,Асіннікі,601,3,Neighborhood,UTC+3,Europe/Minsk
311431,BY,BY-HO,Gusarovka,Gusarovka,6742,3,Neighborhood,UTC+3,Europe/Minsk
311433,BY,BY-HO,Staraya Koshara,Staraya Koshara,4969,3,City,UTC+3,Europe/Minsk
311442,BY,BY-HO,Grechukhi,Grechukhi,69,4,village,UTC+3,Europe/Minsk
311447,BY,BY-HO,Klyuchi,Ключы,131,4,village,UTC+3,Europe/Minsk
311448,BY,BY-HO,Lutski,Луцкі,1626,4,isolated_dwelling,UTC+3,Europe/Minsk
311453,BY,BY-HO,Antushi,Antushi,31396,3,City,UTC+3,Europe/Minsk
311459,BY,BY-HO,Belitsa,Беліца,368,3,locality,UTC+3,Europe/Minsk
311469,BY,BY-HO,Velikiy Lug,Velikiy Lug,1746,3,Village,UTC+3,Europe/Minsk
311485,BY,BY-HO,Vysokiy Polk,Высокі Полк,152,4,village,UTC+3,Europe/Minsk
311490,BY,BY-HO,Rassvyet,Рассвет,676,3,Village,UTC+3,Europe/Minsk
311499,BY,BY-HO,Sudavitsa,Судавіца,418,3,locality,UTC+3,Europe/Minsk
311500,BY,BY-HO,Yel'nichki,Ельнічкі,418,3,Neighborhood,UTC+3,Europe/Minsk
311501,BY,BY-HO,Sopeyki,Sopeyki,1534,3,Neighborhood,UTC+3,Europe/Minsk
311503,BY,BY-HO,Mikalayewka,Мікалаеўка,343,3,locality,UTC+3,Europe/Minsk
311509,BY,BY-BR,Zarech'ye,Zarech’ye,278,4,village,UTC+3,Europe/Minsk
311511,BY,BY-BR,Novoye,Навое,153,4,locality,UTC+3,Europe/Minsk
311513,BY,BY-BR,Zdzitava,Здзітава,526,4,village,UTC+3,Europe/Minsk
311514,BY,BY-BR,Shilinok,Шылінок,116,4,village,UTC+3,Europe/Minsk
311515,BY,BY-BR,Yelenovo,Yelenovo,2830,4,village,UTC+3,Europe/Minsk
311528,BY,BY-BR,Markovichi,Маркавічы,112,4,locality,UTC+3,Europe/Minsk
311529,BY,BY-BR,Mostyki,Мастыкі,123,4,locality,UTC+3,Europe/Minsk
311531,BY,BY-BR,Khrissy,Khrissy,103,4,village,UTC+3,Europe/Minsk
311533,BY,BY-BR,Yartsevichi,Yartsevichi,10754,3,Neighborhood,UTC+3,Europe/Minsk
311534,BY,BY-BR,Ogorodniki,Агароднікі,344,4,village,UTC+3,Europe/Minsk
311535,BY,BY-BR,Zakleten'ye,Закляценне,157,4,village,UTC+3,Europe/Minsk
311538,BY,BY-BR,Kokoritsa,Kokoritsa,3004,3,Town,UTC+3,Europe/Minsk
311543,BY,BY-BR,Zaluzh'ye,Залужжа,923,3,Neighborhood,UTC+3,Europe/Minsk
311544,BY,BY-BR,Yuzefiny,Юзафіны,53,4,village,UTC+3,Europe/Minsk
311547,BY,BY-BR,Skibichi,Скібічы,4713,3,City,UTC+3,Europe/Minsk
311553,BY,BY-BR,Velikiy Les,Вялікі Лес,33221,3,City,UTC+3,Europe/Minsk
311554,BY,BY-BR,Velikiy Les,Velikiy Les,1667,3,Neighborhood,UTC+3,Europe/Minsk
311557,BY,BY-BR,Belinok,Белінок,116,4,locality,UTC+3,Europe/Minsk
311558,BY,BY-BR,Dubovoye,Dubovoye,758,3,Neighborhood,UTC+3,Europe/Minsk
311559,BY,BY-BR,Nagor'ye,Нагор’е,483,4,village,UTC+3,Europe/Minsk
311562,BY,BY-BR,Zavelev'ye,Завялёўе,336,4,village,UTC+3,Europe/Minsk
311563,BY,BY-BR,Semonovshchina,Сёманаўшчына,316,3,locality,UTC+3,Europe/Minsk
311564,BY,BY-BR,Dubrova,Дуброва,242,4,hamlet,UTC+3,Europe/Minsk
311565,BY,BY-BR,Tulyatichi,Туляцічы,122,4,locality,UTC+3,Europe/Minsk
311566,BY,BY-BR,Lyudvinovo,Людвінова,78,4,village,UTC+3,Europe/Minsk
311569,BY,BY-BR,Belaya,Белая,137,4,locality,UTC+3,Europe/Minsk
311574,BY,BY-BR,Trudovaya,Трудавая,227,3,locality,UTC+3,Europe/Minsk
311579,BY,BY-BR,Rudkovka,Рудкаўка,54,4,village,UTC+3,Europe/Minsk
311581,BY,BY-BR,Konotop,Канатоп,156,4,locality,UTC+3,Europe/Minsk
311584,BY,BY-BR,Peshkovo,Пяшкова,67,4,village,UTC+3,Europe/Minsk
311585,BY,BY-BR,Lyudinovichi,Людзінавічы,619,3,Village,UTC+3,Europe/Minsk
311586,BY,BY-BR,Yevlashi,Еўлашы,650,3,Neighborhood,UTC+3,Europe/Minsk
311587,BY,BY-BR,Petrovichi,Пятровічы,72,3,Neighborhood,UTC+3,Europe/Minsk
311591,BY,BY-BR,Krasiyevka,Красіеўка,204,4,village,UTC+3,Europe/Minsk
311592,BY,BY-BR,Zamosh'ye,Замошша,156,4,locality,UTC+3,Europe/Minsk
311594,BY,BY-BR,Lysukha,Lysukha,1844,3,City,UTC+3,Europe/Minsk
311603,BY,BY-BR,Gan'kovichi,Ганькавічы,151,4,village,UTC+3,Europe/Minsk
311605,BY,BY-BR,Cherneyevichi,Чарнеевічы,256,4,village,UTC+3,Europe/Minsk
311610,BY,BY-BR,Stakhovichi,Стахавічы,127,4,locality,UTC+3,Europe/Minsk
311613,BY,BY-BR,Tepenets,Цепянец,153,4,isolated_dwelling,UTC+3,Europe/Minsk
311614,BY,BY-BR,Novyy Dvorets,Новы Дварэц,423,3,locality,UTC+3,Europe/Minsk
311615,BY,BY-BR,Otolchitsy,Otolchitsy,779,3,Neighborhood,UTC+3,Europe/Minsk
311621,BY,BY-BR,Zatoch'ye,Заточча,151,4,locality,UTC+3,Europe/Minsk
311622,BY,BY-BR,Kormuzh,Кормуж,69,4,locality,UTC+3,Europe/Minsk
311628,BY,BY-BR,Zanovinskoye,Zanovinskoye,3429,3,Town,UTC+3,Europe/Minsk
311636,BY,BY-BR,Vyaz,Вяз,1131,3,Neighborhood,UTC+3,Europe/Minsk
311638,BY,BY-BR,Dubovka,Дубаўка,488,3,locality,UTC+3,Europe/Minsk
311643,BY,BY-BR,Krasiyevo,Красіева,224,4,village,UTC+3,Europe/Minsk
311644,BY,BY-BR,Rudavin,Рудавін,187,4,hamlet,UTC+3,Europe/Minsk
311645,BY,BY-BR,Druzhnyy,Druzhnyy,15989,3,City,UTC+3,Europe/Minsk
311646,BY,BY-BR,Boyary,Баяры,181,3,Neighborhood,UTC+3,Europe/Minsk
311648,BY,BY-BR,Poselok Gorodishche,Гарадзішча,785,4,village,UTC+3,Europe/Minsk
311651,BY,BY-BR,Pochalovo,Пачапава,866,4,village,UTC+3,Europe/Minsk
311652,BY,BY-BR,Dobraya Volya,Добрая Воля,174,4,locality,UTC+3,Europe/Minsk
311653,BY,BY-BR,Zapollye,Заполле,1244,4,village,UTC+3,Europe/Minsk
311656,BY,BY-BR,Krivichi,Krivichi,2289,3,Town,UTC+3,Europe/Minsk
311659,BY,BY-BR,Sholomichi,Sholomichi,113,3,Neighborhood,UTC+3,Europe/Minsk
311663,BY,BY-BR,Bolgary,Bolgary,299,4,village,UTC+3,Europe/Minsk
311664,BY,BY-BR,Sachkovichi,Сачкавічы,57,4,locality,UTC+3,Europe/Minsk
311665,BY,BY-BR,Knubovo,Кнубава,100626,3,City,UTC+3,Europe/Minsk
311667,BY,BY-BR,Borichevichi,Барычавічы,186,4,village,UTC+3,Europe/Minsk
311674,BY,BY-BR,Komarniki,Komarniki,1457,3,Neighborhood,UTC+3,Europe/Minsk
311682,BY,BY-HM,Palichin,Палічын,443,4,village,UTC+3,Europe/Minsk
311684,BY,BY-HO,Staraya Dubrova,Старая Дуброва,395,3,locality,UTC+3,Europe/Minsk
311689,BY,BY-HM,Kalinawka,Калінаўка,297,4,village,UTC+3,Europe/Minsk
311694,BY,BY-HO,Khvoyka,Хвойка,187,4,village,UTC+3,Europe/Minsk
311695,BY,BY-HO,Buda,Буда,1697,3,Neighborhood,UTC+3,Europe/Minsk
311704,BY,BY-HO,Andreyevka,Андрэеўка,30583,3,City,UTC+3,Europe/Minsk
311707,BY,BY-HO,Buda,Буда,128,4,hamlet,UTC+3,Europe/Minsk
311708,BY,BY-HO,Ryabka,Ryabka,1283,3,Neighborhood,UTC+3,Europe/Minsk
311711,BY,BY-HO,Dubrova,Дуброва,555,3,Neighborhood,UTC+3,Europe/Minsk
311716,BY,BY-HO,Vyshelov,Вышалаў,149,4,village,UTC+3,Europe/Minsk
311720,BY,BY-HO,Sloboda,Слабада,208,3,locality,UTC+3,Europe/Minsk
311723,BY,BY-HO,Sosnovets,Sosnovets,1068,3,Neighborhood,UTC+3,Europe/Minsk
311724,BY,BY-HO,Podkonoplishche,Podkonoplishche,1614,3,Village,UTC+3,Europe/Minsk
311726,BY,BY-HO,Serp,Serp,6640,3,Neighborhood,UTC+3,Europe/Minsk
311730,BY,BY-HO,Bereznyaki,Bereznyaki,15962,3,Neighborhood,UTC+3,Europe/Minsk
311735,BY,BY-HO,Zabolot'ye,Забалацце,102,4,village,UTC+3,Europe/Minsk
311738,BY,BY-HO,Korzhevka,Korzhevka,281,3,Neighborhood,UTC+3,Europe/Minsk
311746,BY,BY-HO,Srednyaya Rudnya,Сярэдняя Рудня,123,4,village,UTC+3,Europe/Minsk
311748,BY,BY-HM,Konstantinovka,Канстанцінаўка,318,3,locality,UTC+3,Europe/Minsk
311756,BY,BY-HO,Vtoraya Slobodka,Другая Слабодка,198,4,village,UTC+3,Europe/Minsk
311759,BY,BY-HO,Novyye Katsury,Новыя Кацуры,71,4,village,UTC+3,Europe/Minsk
311762,BY,BY-HO,Turbinka,Турбінка,1429,3,Neighborhood,UTC+3,Europe/Minsk
311766,BY,BY-HO,Peredreyka,Peredreyka,1654,3,Town,UTC+3,Europe/Minsk
311768,BY,BY-HO,Poselok Shestovichskiy,Шастовічы,54,4,village,UTC+3,Europe/Minsk
311777,BY,BY-BR,Karpin,Карпін,1580,3,City,UTC+3,Europe/Minsk
311784,BY,BY-BR,Otchino,Вотчына,69,4,locality,UTC+3,Europe/Minsk
311785,BY,BY-BR,Uzhovo,Ужова,140,4,locality,UTC+3,Europe/Minsk
311786,BY,BY-BR,Vysokoye,Vysokoye,1536,3,Neighborhood,UTC+3,Europe/Minsk
311795,BY,BY-BR,Voshchinichi,Вашчынічы,201,4,village,UTC+3,Europe/Minsk
311796,BY,BY-BR,Rozhkovichi,Ражковічы,113,4,locality,UTC+3,Europe/Minsk
311797,BY,BY-BR,Nesterki,Nesterki,305,3,Neighborhood,UTC+3,Europe/Minsk
311801,BY,BY-BR,Novoselki,Навасёлкі,120,4,village,UTC+3,Europe/Minsk
311814,BY,BY-BR,Noski,Носкі,444,3,Neighborhood,UTC+3,Europe/Minsk
311815,BY,BY-BR,Rossokhi,Росахі,202,3,locality,UTC+3,Europe/Minsk
311820,BY,BY-BR,Yanovshchizna,Янаўшчына,286,3,locality,UTC+3,Europe/Minsk
311837,BY,BY-BR,Kuplin,Куплін,139,4,hamlet,UTC+3,Europe/Minsk
311844,BY,BY-BR,Onitsevichi,Onitsevichi,1741,3,Town,UTC+3,Europe/Minsk
311845,BY,BY-BR,Sosnovka,Сасноўка,853,3,Town,UTC+3,Europe/Minsk
311854,BY,BY-BR,Plebantsy,Плябанцы,169,4,locality,UTC+3,Europe/Minsk
311855,BY,BY-BR,Kvasovshchina,Kvasovshchina,140,4,village,UTC+3,Europe/Minsk
311856,BY,BY-BR,Lozovka,Lozovka,2639,3,Neighborhood,UTC+3,Europe/Minsk
311859,BY,BY-BR,Tikhny,Tikhny,1042,3,Neighborhood,UTC+3,Europe/Minsk
311869,BY,BY-BR,Kashtanovka,Kashtanovka,4086,3,City,UTC+3,Europe/Minsk
311874,BY,BY-BR,Podoles'ye,Podoles’ye,1260,3,Neighborhood,UTC+3,Europe/Minsk
311877,BY,BY-BR,Dyagelets,Dyagelets,1780,3,Neighborhood,UTC+3,Europe/Minsk
311888,BY,BY-BR,Brukovitsa,Brukovitsa,1119,3,Neighborhood,UTC+3,Europe/Minsk
311891,BY,BY-BR,Aleksandrovka,Aleksandrovka,2698,3,Town,UTC+3,Europe/Minsk
311900,BY,BY-BR,Marevil',Маравіль,688,4,village,UTC+3,Europe/Minsk
311903,BY,BY-BR,Gritsevichi,Gritsevichi,2177,3,Neighborhood,UTC+3,Europe/Minsk
311908,BY,BY-BR,Khar'ki,Харкі,706,3,Neighborhood,UTC+3,Europe/Minsk
311919,BY,BY-BR,Tynevichi,Тыневічы,86,4,locality,UTC+3,Europe/Minsk
311926,BY,BY-BR,Shlyakh-Pushcha,Shlyakh-Pushcha,1180,3,Neighborhood,UTC+3,Europe/Minsk
311928,BY,BY-VI,Byki,Быкі,161,4,hamlet,UTC+3,Europe/Minsk
311944,BY,BY-BR,Staraya Temra,Staraya Temra,753,3,Neighborhood,UTC+3,Europe/Minsk
311945,BY,BY-BR,Borki,Боркі,1640,3,Neighborhood,UTC+3,Europe/Minsk
311962,BY,BY-BR,Smedyna,Smedyna,22491,3,City,UTC+3,Europe/Minsk
311964,BY,BY-BR,Plyanta,Плянта,219,3,locality,UTC+3,Europe/Minsk
311965,BY,BY-BR,Yevsimovichi,Яўсімавічы,227,3,locality,UTC+3,Europe/Minsk
311969,BY,BY-BR,Glinyanki,Глінянкі,261,4,village,UTC+3,Europe/Minsk
311978,BY,BY-BR,Zhukhovtsy,Жухаўцы,232,3,locality,UTC+3,Europe/Minsk
311987,BY,BY-BR,Mozheyki,Mozheyki,765,3,Neighborhood,UTC+3,Europe/Minsk
311990,BY,BY-BR,Tatar'ya,Татар’я,82,4,village,UTC+3,Europe/Minsk
311994,BY,BY-BR,Podzemen'ye,Podzemen’ye,2323,3,City,UTC+3,Europe/Minsk
312000,BY,BY-BR,Bukhavichy,Бухавічы,383,3,locality,UTC+3,Europe/Minsk
312001,BY,BY-BR,Lutsevichi,Lutsevichi,311446,3,Neighborhood,UTC+3,Europe/Minsk
312015,BY,BY-BR,Brilevo,Брылёва,192,4,village,UTC+3,Europe/Minsk
312017,BY,BY-BR,Mazury,Мазуры,278,4,village,UTC+3,Europe/Minsk
312024,BY,BY-BR,Kantynovo,Kantynovo,22707,3,City,UTC+3,Europe/Minsk
312025,BY,BY-BR,Pantyukhi,Pantyukhi,862,3,Neighborhood,UTC+3,Europe/Minsk
312027,BY,BY-BR,Zditovo,Zditovo,3123,3,City,UTC+3,Europe/Minsk
312028,BY,BY-BR,Polyatichi,Паляцічы,236,4,village,UTC+3,Europe/Minsk
312029,BY,BY-BR,Korsun',Корсунь,264,4,hamlet,UTC+3,Europe/Minsk
312030,BY,BY-BR,Goritsy,Горыцы,143,4,locality,UTC+3,Europe/Minsk
312032,BY,BY-BR,Sveklichi,Свеклічы,120,4,locality,UTC+3,Europe/Minsk
312033,BY,BY-BR,Hubyernya,Губерня,504,3,locality,UTC+3,Europe/Minsk
312037,BY,BY-BR,Rybna,Рыбна,316,4,village,UTC+3,Europe/Minsk
312040,BY,BY-BR,Gubern'ya,Gubern’ya,3206,3,Neighborhood,UTC+3,Europe/Minsk
312042,BY,BY-BR,Yagolki,Yagolki,1008,3,Neighborhood,UTC+3,Europe/Minsk
312043,BY,BY-BR,Ushkovitsa,Ушкавіца,164,4,village,UTC+3,Europe/Minsk
312044,BY,BY-BR,Sukhovchitsy,Сухоўчыцы,114,4,village,UTC+3,Europe/Minsk
312045,BY,BY-BR,Busni,Бусні,202,4,hamlet,UTC+3,Europe/Minsk
312051,BY,BY-BR,Khomichitsy,Khomichitsy,12531,4,town,UTC+3,Europe/Minsk
312055,BY,BY-BR,Ploskoye,Плоскае,165,4,village,UTC+3,Europe/Minsk
312056,BY,BY-BR,Kotashi,Каташы,196,4,village,UTC+3,Europe/Minsk
312070,BY,BY-BR,Lyakhchitsy,Ляхчыцы,149,4,village,UTC+3,Europe/Minsk
312073,BY,BY-BR,Barantsy,Barantsy,860,3,Neighborhood,UTC+3,Europe/Minsk
312082,BY,BY-BR,Zabava,Забава,1822,3,Town,UTC+3,Europe/Minsk
312084,BY,BY-BR,Novyy Dvor,Novyy Dvor,1154,3,Neighborhood,UTC+3,Europe/Minsk
312091,BY,BY-BR,Zastenok,Засценак,144,4,village,UTC+3,Europe/Minsk
312092,BY,BY-BR,Flerovo,Флярова,136,4,locality,UTC+3,Europe/Minsk
312099,BY,BY-BR,Monoseyevo,Манасеева,170,4,locality,UTC+3,Europe/Minsk
312100,BY,BY-BR,Cherebasovo,Чарабасава,312,3,locality,UTC+3,Europe/Minsk
312103,BY,BY-BR,Ostrovo,Вострава,180,4,village,UTC+3,Europe/Minsk
312104,BY,BY-BR,Lutoven',Лутавень,213,3,locality,UTC+3,Europe/Minsk
312107,BY,BY-BR,Gryada,Града,132,4,locality,UTC+3,Europe/Minsk
312109,BY,BY-BR,Vysokoye,Высокае,321,3,locality,UTC+3,Europe/Minsk
312110,BY,BY-BR,Tury,Туры,975,4,village,UTC+3,Europe/Minsk
312111,BY,BY-BR,Lisoviichi,Лісовічы,217,3,locality,UTC+3,Europe/Minsk
312112,BY,BY-BR,Turskoye,Турское,381,4,village,UTC+3,Europe/Minsk
312114,BY,BY-HO,Korchevatka,Korchevatka,17923,3,City,UTC+3,Europe/Minsk
312115,BY,BY-HO,Novyja Milievicy,Новыя Мілевічы,109,4,hamlet,UTC+3,Europe/Minsk
312116,BY,BY-HO,Chyrvonaye,Чырвонае,1482,4,village,UTC+3,Europe/Minsk
312118,BY,BY-HO,Syamyencha,Сяменча,960,4,village,UTC+3,Europe/Minsk
312120,BY,BY-HO,Vidoshino,Відошын,131,4,locality,UTC+3,Europe/Minsk
312123,BY,BY-HO,Ozernyy,Азёрны,244,4,village,UTC+3,Europe/Minsk
312124,BY,BY-HO,Borovaya,Баравая,176,4,village,UTC+3,Europe/Minsk
312129,BY,BY-HO,Naut',Naut’,1003,3,Neighborhood,UTC+3,Europe/Minsk
312131,BY,BY-HO,Hrada,Града,262,4,hamlet,UTC+3,Europe/Minsk
312133,BY,BY-HO,Bierazina,Беразіна,166,4,hamlet,UTC+3,Europe/Minsk
312134,BY,BY-HO,Zapadny,Западны,26334,3,City,UTC+3,Europe/Minsk
312137,BY,BY-HO,Cyrvonaja Zorka,Чырвоная Зорка,204,4,hamlet,UTC+3,Europe/Minsk
312138,BY,BY-HO,Ostranka,Ostranka,831,3,Neighborhood,UTC+3,Europe/Minsk
312140,BY,BY-HO,Hrabyanyowski,Грабянёўскі,578,3,Neighborhood,UTC+3,Europe/Minsk
312143,BY,BY-HO,Otskovannoye,Otskovannoye,5836,3,Neighborhood,UTC+3,Europe/Minsk
312149,BY,BY-HO,Mlynok,Млынок,120,4,hamlet,UTC+3,Europe/Minsk
312150,BY,BY-HO,Pasieka,Пасека,50,4,hamlet,UTC+3,Europe/Minsk
312152,BY,BY-HO,Burez',Буразь,169,4,village,UTC+3,Europe/Minsk
312153,BY,BY-HO,Kremnaje,Крэмнае,1723,3,Neighborhood,UTC+3,Europe/Minsk
312154,BY,BY-HO,Semuradtsy,Сямурадцы,226,4,village,UTC+3,Europe/Minsk
312155,BY,BY-HO,Znamenka,Знаменка,200,4,village,UTC+3,Europe/Minsk
312156,BY,BY-HO,Cernicy,Чэрнічы,214,4,hamlet,UTC+3,Europe/Minsk
312158,BY,BY-HO,Khochen',Хачэнь,177,4,village,UTC+3,Europe/Minsk
312160,BY,BY-MI,Peschanka,Пясчанка,264,3,locality,UTC+3,Europe/Minsk
312161,BY,BY-MI,Dubitsa,Дубіца,242,3,locality,UTC+3,Europe/Minsk
312162,BY,BY-MI,Novapalyeski,Новапалескі,704,4,village,UTC+3,Europe/Minsk
312164,BY,BY-MI,Zheltyy Brod,Жоўты Брод,71,4,locality,UTC+3,Europe/Minsk
312167,BY,BY-MI,Zyalyony Bor,Зялёны Бор,766,3,Village,UTC+3,Europe/Minsk
312171,BY,BY-MI,Krasnaya Polyana,Чырвоная Паляна,143,4,village,UTC+3,Europe/Minsk
312173,BY,BY-MI,Dracheva,Драчава,329,3,locality,UTC+3,Europe/Minsk
312175,BY,BY-MI,Gorka,Горка,541,3,Village,UTC+3,Europe/Minsk
312184,BY,BY-MI,Rakhovichi,Рахавічы,150,4,locality,UTC+3,Europe/Minsk
312185,BY,BY-MI,Korch,Korch,830,3,Village,UTC+3,Europe/Minsk
312187,BY,BY-MI,Vosava,Восава,278,4,hamlet,UTC+3,Europe/Minsk
312197,BY,BY-HO,Derbin,Дзербін,332,4,village,UTC+3,Europe/Minsk
312200,BY,BY-HO,Mikhaylovskoye,Міхайлаўскае,98,4,village,UTC+3,Europe/Minsk
312201,BY,BY-HO,Pyeratrutawski Varatyn,Ператрутаўскі Варатын,847,3,locality,UTC+3,Europe/Minsk
312206,BY,BY-HO,Sadki,Садкі,902,3,Neighborhood,UTC+3,Europe/Minsk
312210,BY,BY-HO,Poselok Gorochichskiy,Гарочыцкі,155,4,locality,UTC+3,Europe/Minsk
312215,BY,BY-HO,Rudnya Antonovskaya,Рудня Антонаўская,253,3,locality,UTC+3,Europe/Minsk
312216,BY,BY-HO,Ladyzhin,Ladyzhin,1018,3,Neighborhood,UTC+3,Europe/Minsk
312217,BY,BY-HO,Turtsevichi,Турцэвічы,447,3,locality,UTC+3,Europe/Minsk
312219,BY,BY-HO,Luchezhevichi,Лучажэвічы,276,3,locality,UTC+3,Europe/Minsk
312220,BY,BY-HO,Pren'ki,Пранькі,120,4,locality,UTC+3,Europe/Minsk
312223,BY,BY-HO,Sosnovyy,Сасновы,668,3,locality,UTC+3,Europe/Minsk
312225,BY,BY-HO,Nagornyye,Нагорныя,414,3,locality,UTC+3,Europe/Minsk
312226,BY,BY-HO,Noviki,Навікі,356,3,locality,UTC+3,Europe/Minsk
312229,BY,BY-HO,Penitsa,Penitsa,2560,3,Town,UTC+3,Europe/Minsk
312235,BY,BY-HO,Rudnitsa,Rudnitsa,224,3,Neighborhood,UTC+3,Europe/Minsk
312244,BY,BY-HO,Chepchin,Chepchin,4248,3,City,UTC+3,Europe/Minsk
312245,BY,BY-HO,Gogolev,Gogolev,11492,3,City,UTC+3,Europe/Minsk
312248,BY,BY-HO,Medvedov,Медзведаў,120,4,village,UTC+3,Europe/Minsk
312250,BY,BY-HO,Zagor'ye,Загор’е,290,4,village,UTC+3,Europe/Minsk
312251,BY,BY-HO,Prosvet,Прасвет,128,4,village,UTC+3,Europe/Minsk
312253,BY,BY-HO,Vysokiy Borok,Vysokiy Borok,10587,3,City,UTC+3,Europe/Minsk
312255,BY,BY-HO,Mironenki,Міроненкі,375,4,hamlet,UTC+3,Europe/Minsk
312256,BY,BY-HO,Denisovichi,Denisovichi,20331,3,Neighborhood,UTC+3,Europe/Minsk
312264,BY,BY-HO,Pchel'nik,Pchel’nik,1503,3,Village,UTC+3,Europe/Minsk
312267,BY,BY-HO,Ugly,Вуглы,87,4,locality,UTC+3,Europe/Minsk
312271,BY,BY-HO,Krasnaya Sloboda,Чырвоная Слабодка,213,4,village,UTC+3,Europe/Minsk
312273,BY,BY-HO,Medkov,Мядкоў,908,3,locality,UTC+3,Europe/Minsk
312274,BY,BY-HO,Rasova,Rasova,96,4,village,UTC+3,Europe/Minsk
312280,BY,BY-HO,Zakhody,Заходы,319,3,locality,UTC+3,Europe/Minsk
312282,BY,BY-HO,Khatyni,Khatyni,2119,3,Town,UTC+3,Europe/Minsk
312284,BY,BY-HO,Osov,Восаў,152,4,locality,UTC+3,Europe/Minsk
312289,BY,BY-HO,Partizanskaya,Партызанская,8718,3,City,UTC+3,Europe/Minsk
312294,BY,BY-MA,Geranimovka,Geranimovka,949,3,Neighborhood,UTC+3,Europe/Minsk
312298,BY,BY-MA,Kamenka,Каменка,1274,3,Neighborhood,UTC+3,Europe/Minsk
312305,BY,BY-MA,Fedorovka,Fëdorovka,1471,3,Neighborhood,UTC+3,Europe/Minsk
312315,BY,BY-MA,Molotovka,Molotovka,2145,3,Town,UTC+3,Europe/Minsk
312330,BY,BY-HO,Ostrov,Востраў,218,4,village,UTC+3,Europe/Minsk
312331,BY,BY-HO,Mostishche,Масцішча,141,4,locality,UTC+3,Europe/Minsk
312336,BY,BY-HO,Rzhavets,Rzhavets,134,3,Neighborhood,UTC+3,Europe/Minsk
312341,BY,BY-HO,Podgor'ye,Podgor’ye,851,3,Village,UTC+3,Europe/Minsk
312342,BY,BY-HO,Il'ich,Ільіч,279,3,locality,UTC+3,Europe/Minsk
312345,BY,BY-HO,Iput',Іпуць,425,4,village,UTC+3,Europe/Minsk
312347,BY,BY-HO,Zales'ye,Залессе,286,4,village,UTC+3,Europe/Minsk
312349,BY,BY-HO,Peramoga,Перамога,1423,3,locality,UTC+3,Europe/Minsk
312350,BY,BY-HO,Yubileynyy,Юбілейны,759,3,locality,UTC+3,Europe/Minsk
312351,BY,BY-HO,Byarozki,Бярозкі,2954,3,locality,UTC+3,Europe/Minsk
312355,BY,BY-HO,Medvezhiy Log,Medvezhiy Log,20082,3,City,UTC+3,Europe/Minsk
312356,BY,BY-HO,Dudarevo,Дударава,76,4,village,UTC+3,Europe/Minsk
312357,BY,BY-HO,Rassvyet,Рассвет,462,4,village,UTC+3,Europe/Minsk
312358,BY,BY-HO,Sciah Pracy,Сцяг Працы,69,4,village,UTC+3,Europe/Minsk
312362,BY,BY-HO,Zaytsev,Зайцаў,5485,3,Neighborhood,UTC+3,Europe/Minsk
312365,BY,BY-HO,Yasenki,Yasenki,116,3,Neighborhood,UTC+3,Europe/Minsk
312366,BY,BY-HO,Ogorodnya-Kuz'minichskaya,Агародня Кузьмініцкая,141,4,locality,UTC+3,Europe/Minsk
312368,BY,BY-HO,Sozh,Сож,181,4,locality,UTC+3,Europe/Minsk
312370,BY,BY-HO,Duyanovka,Дуянаўка,508,3,locality,UTC+3,Europe/Minsk
312371,BY,BY-HO,Voyevoda,Ваявода,138,4,village,UTC+3,Europe/Minsk
312380,BY,BY-HO,Krasnyy Kurgan,Krasnyy Kurgan,3477,3,Neighborhood,UTC+3,Europe/Minsk
312386,BY,BY-HO,Zaprudovka,Запрудоўка,94,4,locality,UTC+3,Europe/Minsk
312390,BY,BY-HO,Lyebyadzyowka,Лебядзёўка,1946,3,Town,UTC+3,Europe/Minsk
312391,BY,BY-HO,Krasnyy Ales,Krasnyy Alës,756,3,Neighborhood,UTC+3,Europe/Minsk
312400,BY,BY-HO,Vysokiy Khutor,Высокі Хутар,155,4,village,UTC+3,Europe/Minsk
312401,BY,BY-HO,Prudovka,Прудоўка,128,4,locality,UTC+3,Europe/Minsk
312405,BY,BY-HO,Grushevka,Grushevka,33651,3,City,UTC+3,Europe/Minsk
312406,BY,BY-HO,Luk'yanovka,Luk’yanovka,4394,3,City,UTC+3,Europe/Minsk
312409,BY,BY-HO,Zales'ye,Zales’ye,834,3,Village,UTC+3,Europe/Minsk
312416,BY,BY-HO,Shatuny,Shatuny,26245,4,town,UTC+3,Europe/Minsk
312419,BY,BY-HO,Demidy,Demidy,13057,3,City,UTC+3,Europe/Minsk
312422,BY,BY-HO,Zayach'ye,Zayach’ye,5751,3,Neighborhood,UTC+3,Europe/Minsk
312425,BY,BY-HO,Chemernoye,Чэмернае,529,4,hamlet,UTC+3,Europe/Minsk
312426,BY,BY-HO,Prochemyshlya,Prochëmyshlya,1383,3,Neighborhood,UTC+3,Europe/Minsk
312427,BY,BY-HO,Dubrova,Дуброва,330,4,hamlet,UTC+3,Europe/Minsk
312428,BY,BY-HO,Mikolayevka,Мікалаеўка,385,3,Village,UTC+3,Europe/Minsk
312429,BY,BY-HO,Chiyane,Чыянне,146,4,village,UTC+3,Europe/Minsk
312434,BY,BY-HO,Pobednoye,Пабеднае,239,4,village,UTC+3,Europe/Minsk
312437,BY,BY-HO,Zelenka,Zelënka,852,3,Neighborhood,UTC+3,Europe/Minsk
312438,BY,BY-HO,Krynichny,Крынічны,1709,4,village,UTC+3,Europe/Minsk
312440,BY,BY-HO,Dzyarzhynsk,Дзяржынск,75,4,locality,UTC+3,Europe/Minsk
312441,BY,BY-HO,Mlynok,Млынок,366,4,village,UTC+3,Europe/Minsk
312449,BY,BY-HO,Gornaya,Gornaya,3124,3,Town,UTC+3,Europe/Minsk
312450,BY,BY-HO,Peredovoy,Перадавы,193,4,locality,UTC+3,Europe/Minsk
312452,BY,BY-HO,Sudkovo,Судкова,577,3,locality,UTC+3,Europe/Minsk
312453,BY,BY-HO,Boyets,Boyets,17399,3,Neighborhood,UTC+3,Europe/Minsk
312456,BY,BY-HO,Slobozhanka,Слабажанка,390,3,locality,UTC+3,Europe/Minsk
312457,BY,BY-HO,Potashnya,Паташня,71,4,village,UTC+3,Europe/Minsk
312467,BY,BY-HO,Yezapov,Езапоў,168,4,village,UTC+3,Europe/Minsk
312469,BY,BY-HO,Druzhba,Дружба,86,4,village,UTC+3,Europe/Minsk
312471,BY,BY-HO,Fizinki,Фізінкі,121,4,hamlet,UTC+3,Europe/Minsk
312474,BY,BY-HO,Dobrynskiy,Дабрынскі,177,4,village,UTC+3,Europe/Minsk
312479,BY,BY-HO,Dyatlik,Dyatlik,5688,3,City,UTC+3,Europe/Minsk
312484,BY,BY-HO,Petrash,Petrash,2254,3,Village,UTC+3,Europe/Minsk
312485,BY,BY-HO,Vysokoye,Высокае,51,4,village,UTC+3,Europe/Minsk
312487,BY,BY-HO,Velikiy Les,Velikiy Les,828,3,Village,UTC+3,Europe/Minsk
312493,BY,BY-HO,Trostenets,Trostenets,1026,3,Village,UTC+3,Europe/Minsk
312497,BY,BY-HO,Tel'man,Тэльман,120,4,locality,UTC+3,Europe/Minsk
312498,BY,BY-HO,Kovali,Кавалі,150,4,village,UTC+3,Europe/Minsk
312499,BY,BY-HO,Bakuny,Бакуны,112,4,hamlet,UTC+3,Europe/Minsk
312501,BY,BY-HO,Prosmychi,Просмычы,132,4,village,UTC+3,Europe/Minsk
312502,BY,BY-HO,Sadovyy,Sadovyy,1616,3,Village,UTC+3,Europe/Minsk
312503,BY,BY-HO,Perenosy,Пераносы,67,4,locality,UTC+3,Europe/Minsk
312504,BY,BY-HO,Selets,Сялец,2638,3,City,UTC+3,Europe/Minsk
312506,BY,BY-HO,Kryuca,Крыўча,82,4,hamlet,UTC+3,Europe/Minsk
312511,BY,BY-HO,Krasnoye,Краснае,351,4,Town,UTC+3,Europe/Minsk
312513,BY,BY-HO,Staraya Iolcha,Старая Ёлча,173,4,village,UTC+3,Europe/Minsk
312523,BY,BY-MI,Grozovok,Grozovok,60821,3,City,UTC+3,Europe/Minsk
312524,BY,BY-MI,Pogost Vtoroy,Пагост 2,645,3,locality,UTC+3,Europe/Minsk
312525,BY,BY-MI,Chyzhevichy,Чыжэвічы,317,3,locality,UTC+3,Europe/Minsk
312528,BY,BY-MA,Novaya Dobosna,Новая Добасна,159,4,locality,UTC+3,Europe/Minsk
312531,BY,BY-MA,Mikhalevo Tret'ye,Mikhalëvo Tret’ye,47650,3,City,UTC+3,Europe/Minsk
312535,BY,BY-HO,Novyye Zalyutichi,Новыя Залюцічы,145,4,village,UTC+3,Europe/Minsk
312536,BY,BY-HO,Novyye Novoselki,Новыя Навасёлкі,154,4,locality,UTC+3,Europe/Minsk
312539,BY,BY-HO,Poselok Zyabrovka,Зябраўка,12129,3,Neighborhood,UTC+3,Europe/Minsk
312544,BY,BY-MA,Dubovyy Log,Dubovyy Log,1527,3,Town,UTC+3,Europe/Minsk
312553,BY,BY-HO,Pakhar',Пахар,366,3,locality,UTC+3,Europe/Minsk
312564,BY,BY-HO,Gorodok,Gorodok,1128,3,Village,UTC+3,Europe/Minsk
312571,BY,BY-HO,Poselok Turskovoy,Турскавы,229,3,locality,UTC+3,Europe/Minsk
312572,BY,BY-HO,Pridneprovskiy,Прыдняпроўскі,580,3,locality,UTC+3,Europe/Minsk
312577,BY,BY-HO,Malyye Strelki,Малыя Стралкі,51,4,village,UTC+3,Europe/Minsk
312579,BY,BY-HO,Osoye,Osoye,27057,3,Neighborhood,UTC+3,Europe/Minsk
312613,BY,BY-HO,Korobka,Korobka,1665,3,Village,UTC+3,Europe/Minsk
312629,BY,BY-HO,Ales,Ales,945,3,Neighborhood,UTC+3,Europe/Minsk
312636,BY,BY-HO,Mirnaya,Mirnaya,1544,3,Neighborhood,UTC+3,Europe/Minsk
312638,BY,BY-HO,Shaparnya,Shaparnya,769,3,Neighborhood,UTC+3,Europe/Minsk
312649,BY,BY-HO,Malyye Rogi,Malyye Rogi,1554,3,City,UTC+3,Europe/Minsk
312653,BY,BY-HO,Zelenyy Mokh,Zelënyy Mokh,848,3,Village,UTC+3,Europe/Minsk
312655,BY,BY-HO,Lyubimoye,Lyubimoye,116,4,village,UTC+3,Europe/Minsk
312663,BY,BY-HO,Osinovitsa,Osinovitsa,13204,3,City,UTC+3,Europe/Minsk
312664,BY,BY-HO,Grabsk,Грабск,117,4,hamlet,UTC+3,Europe/Minsk
312685,BY,BY-HO,Zarech'ye,Zarech’ye,204,4,village,UTC+3,Europe/Minsk
312686,BY,BY-HO,Chervonyy Gorodok,Chervonyy Gorodok,1073,3,Neighborhood,UTC+3,Europe/Minsk
312699,BY,BY-HO,Kolos,Колас,838,3,Neighborhood,UTC+3,Europe/Minsk
312708,BY,BY-HO,Brody,Броды,68,4,hamlet,UTC+3,Europe/Minsk
312710,BY,BY-HO,Boldui,Boldui,958,3,Neighborhood,UTC+3,Europe/Minsk
312711,BY,BY-HO,Velikiy Mokh,Вялікі Мох,134,4,village,UTC+3,Europe/Minsk
312712,BY,BY-HO,Borovoye Lyado,Баравое Ляда,698,3,Neighborhood,UTC+3,Europe/Minsk
312720,BY,BY-HO,Kosakovka,Касакоўка,317,4,village,UTC+3,Europe/Minsk
312728,BY,BY-HO,Berezina,Berezina,1214,3,Neighborhood,UTC+3,Europe/Minsk
312729,BY,BY-HO,Rekord,Рэкорд,90,3,Neighborhood,UTC+3,Europe/Minsk
312731,BY,BY-HO,Boderyy,Boderyy,11003,3,City,UTC+3,Europe/Minsk
312761,BY,BY-HO,Pobeda,Пабеда,121,4,village,UTC+3,Europe/Minsk
312767,BY,BY-MA,Pobeda,Pobeda,40560,3,Neighborhood,UTC+3,Europe/Minsk
312772,BY,BY-MA,"Tur""ya",Тур’я,367,3,PPL,UTC+3,Europe/Minsk
312783,BY,BY-HO,Svoboda,Свабода,1450,3,Neighborhood,UTC+3,Europe/Minsk
312797,BY,BY-MA,Lyenina,Леніна,239,3,locality,UTC+3,Europe/Minsk
312803,BY,BY-MA,Lesovoy,Lesovoy,1628,3,Neighborhood,UTC+3,Europe/Minsk
312806,BY,BY-MA,Malinovka,Малінаўка,764,3,Neighborhood,UTC+3,Europe/Minsk
312817,BY,BY-HO,Kovalevka,Kovalëvka,2904,3,City,UTC+3,Europe/Minsk
312825,BY,BY-HO,Solov'yev,Solov’yëv,2415,3,Neighborhood,UTC+3,Europe/Minsk
312829,BY,BY-HO,Zelenyy Dub,Зялёны Дуб,183,4,village,UTC+3,Europe/Minsk
312837,BY,BY-HO,Temnyy Osov,Tëmnyy Osov,1280,3,Neighborhood,UTC+3,Europe/Minsk
312843,BY,BY-HO,Rudnya,Rudnya,816,3,Neighborhood,UTC+3,Europe/Minsk
312846,BY,BY-HO,Levady,Levady,186,4,village,UTC+3,Europe/Minsk
312858,BY,BY-HO,Teklevka,Тэклеўка,95,4,locality,UTC+3,Europe/Minsk
312862,BY,BY-HO,Niva,Ніва,9080,3,City,UTC+3,Europe/Minsk
312863,BY,BY-HO,Makov'ye,Makov’ye,8271,3,Town,UTC+3,Europe/Minsk
312872,BY,BY-HO,Yasnyy Bor,Yasnyy Bor,1417,3,Neighborhood,UTC+3,Europe/Minsk
312881,BY,BY-HO,Pervomayskiy,Pervomayskiy,907,3,Neighborhood,UTC+3,Europe/Minsk
312882,BY,BY-HO,Krasnaya Ploshchad',Krasnaya Ploshchad’,876,3,Village,UTC+3,Europe/Minsk
312887,BY,BY-HO,Zelenyy Ostrov,Zelënyy Ostrov,1874,3,Neighborhood,UTC+3,Europe/Minsk
312890,BY,BY-HO,Krasnaya Znamya,Чырвонае Знамя,733,3,locality,UTC+3,Europe/Minsk
312893,BY,BY-HO,Rassvetnaya,Рассветная,270,3,locality,UTC+3,Europe/Minsk
312894,BY,BY-HO,Peschanaya,Peschanaya,6828,3,City,UTC+3,Europe/Minsk
312899,BY,BY-HO,Borki,Боркі,7645,3,City,UTC+3,Europe/Minsk
312901,BY,BY-HO,Okolitsa,Аколіца,77,4,locality,UTC+3,Europe/Minsk
312902,BY,BY-HO,Bros'kov,Bros’kov,109,3,Neighborhood,UTC+3,Europe/Minsk
312910,BY,BY-HO,Zhitovlya,Жытоўля,246,4,village,UTC+3,Europe/Minsk
312920,BY,BY-HO,Vishenskiy,Вішанскі,305,4,village,UTC+3,Europe/Minsk
312923,BY,BY-HO,Griva,Грыва,209,4,village,UTC+3,Europe/Minsk
312924,BY,BY-HO,Krasnyy Mayak,Красны Маяк,2376,3,Neighborhood,UTC+3,Europe/Minsk
312931,BY,BY-HO,Milograd,Мілаград,608,4,hamlet,UTC+3,Europe/Minsk
312937,BY,BY-HO,Yantarnyy,Янтарны,327,3,locality,UTC+3,Europe/Minsk
312940,BY,BY-HO,Repishche,Рэпішча,1270,3,Neighborhood,UTC+3,Europe/Minsk
312944,BY,BY-HO,Krasnyy Mayak,Чырвоны Маяк,150,4,locality,UTC+3,Europe/Minsk
312945,BY,BY-HO,Krasnyy Bogatyr',Красны Багатыр,160,4,village,UTC+3,Europe/Minsk
312946,BY,BY-HO,Zabiyaka,Забіяка,109,4,village,UTC+3,Europe/Minsk
312947,BY,BY-HO,Proletariy,Пралетарый,122,4,village,UTC+3,Europe/Minsk
312948,BY,BY-HO,Michurynskaya,Мічурынская,2527,4,village,UTC+3,Europe/Minsk
312949,BY,BY-HO,Zarechcha,Зарэчча,2036,3,locality,UTC+3,Europe/Minsk
312951,BY,BY-HO,Belaye Balota,Белае Балота,514,4,village,UTC+3,Europe/Minsk
312952,BY,BY-HO,Klenovitsa,Klenovitsa,871,3,Neighborhood,UTC+3,Europe/Minsk
312956,BY,BY-HO,Pioner,Піянер,465,4,village,UTC+3,Europe/Minsk
312957,BY,BY-HO,Vostok,Vostok,7626,3,Neighborhood,UTC+3,Europe/Minsk
312967,BY,BY-HO,Polyana,Паляна,209,4,village,UTC+3,Europe/Minsk
312968,BY,BY-HO,Chonki,Чонкі,2630,3,locality,UTC+3,Europe/Minsk
312969,BY,BY-HO,Novyy Svet,Novyy Svet,2839,3,Neighborhood,UTC+3,Europe/Minsk
312970,BY,BY-HO,Zhary,Zhary,901,3,Village,UTC+3,Europe/Minsk
312972,BY,BY-HO,Dneprovets,Дняпровец,109,4,village,UTC+3,Europe/Minsk
312973,BY,BY-HO,Prigorodnaya,Прыгарадная,980,3,locality,UTC+3,Europe/Minsk
312975,BY,BY-HO,Aleksandrovka,Аляксандраўка,103,4,village,UTC+3,Europe/Minsk
312977,BY,BY-HO,Svidovka,Свідаўка,60,4,village,UTC+3,Europe/Minsk
312980,BY,BY-HO,Korostan',Korostan’,1863,3,Neighborhood,UTC+3,Europe/Minsk
312991,BY,BY-HO,Khrabryy,Khrabryy,235,4,village,UTC+3,Europe/Minsk
312992,BY,BY-HO,Vostok,Васток,92,4,locality,UTC+3,Europe/Minsk
312995,BY,BY-HO,Lobki,Лабкі,128,4,village,UTC+3,Europe/Minsk
313008,BY,BY-HO,Dobrush,Добруш,483,3,Village,UTC+3,Europe/Minsk
313010,BY,BY-HO,Krasnopol'ye,Краснаполле,153,4,village,UTC+3,Europe/Minsk
313013,BY,BY-HO,Mikhaylovsk,Mikhaylovsk,11911,3,City,UTC+3,Europe/Minsk
313027,BY,BY-HO,Sutkovo,Суткова,349,4,village,UTC+3,Europe/Minsk
313033,BY,BY-HO,Orel,Арол,422,4,village,UTC+3,Europe/Minsk
313036,BY,BY-HO,Lebedev,Lebedev,1030,3,Neighborhood,UTC+3,Europe/Minsk
313053,BY,BY-VI,Vyazhi,Vyazhi,1102,4,village,UTC+3,Europe/Minsk
313054,BY,BY-VI,Ilantsy,Ilantsy,1126,3,Neighborhood,UTC+3,Europe/Minsk
313065,BY,BY-VI,Kishkelishki,Kishkelishki,1204,3,Neighborhood,UTC+3,Europe/Minsk
313069,BY,BY-VI,Kokhanishki,Kokhanishki,919,3,Village,UTC+3,Europe/Minsk
313071,BY,BY-VI,Yel'no,Yel’no,1082,3,Neighborhood,UTC+3,Europe/Minsk
313073,BY,BY-VI,Minkovichi,Minkovichi,1047,3,Neighborhood,UTC+3,Europe/Minsk
313076,BY,BY-VI,Zhvirine,Zhvirine,10029,3,Neighborhood,UTC+3,Europe/Minsk
313103,BY,BY-VI,Grituny,Грытуны,65,4,locality,UTC+3,Europe/Minsk
313105,BY,BY-VI,Voylenishki,Voylenishki,850,3,Village,UTC+3,Europe/Minsk
313107,BY,BY-VI,Obolyany,Obolyany,175,3,Neighborhood,UTC+3,Europe/Minsk
313108,BY,BY-VI,Yakovichi,Yakovichi,1433,3,Neighborhood,UTC+3,Europe/Minsk
313110,BY,BY-VI,Kemyantsy,Kemyantsy,5213,3,City,UTC+3,Europe/Minsk
313126,BY,BY-VI,Utinki,Utinki,6317,3,Neighborhood,UTC+3,Europe/Minsk
313131,BY,BY-VI,Avgustovo,Avgustovo,969,3,Neighborhood,UTC+3,Europe/Minsk
313132,BY,BY-VI,Bityuny,Bityuny,64,4,village,UTC+3,Europe/Minsk
313148,BY,BY-VI,Zhernelishki,Zhernelishki,2487,3,Neighborhood,UTC+3,Europe/Minsk
313151,BY,BY-VI,Pakul'nya,Відзішкі,157,4,locality,UTC+3,Europe/Minsk
313155,BY,BY-VI,Sekly,Сэклы,15607,3,Neighborhood,UTC+3,Europe/Minsk
313157,BY,BY-VI,Padruksha,Падрукша,220,4,village,UTC+3,Europe/Minsk
313158,BY,BY-VI,Starodvorishche,Starodvorishche,1871,3,Town,UTC+3,Europe/Minsk
313164,BY,BY-VI,Trabshishki,Trabshishki,172,3,Neighborhood,UTC+3,Europe/Minsk
313174,BY,BY-VI,Zhvirblishki,Zhvirblishki,7686,3,Neighborhood,UTC+3,Europe/Minsk
313179,BY,BY-VI,Skrebeni,Skrebeni,162,4,village,UTC+3,Europe/Minsk
313184,BY,BY-VI,Romulishki,Romulishki,1211,3,Village,UTC+3,Europe/Minsk
313199,BY,BY-VI,Chizhevniki,Chizhevniki,17687,3,Neighborhood,UTC+3,Europe/Minsk
313203,BY,BY-VI,Kolonishki,Kolonishki,33977,3,Neighborhood,UTC+3,Europe/Minsk
313205,BY,BY-VI,Bulovishki,Bulovishki,1808,3,Village,UTC+3,Europe/Minsk
313213,BY,BY-VI,Dukeli,Dukeli,203,4,village,UTC+3,Europe/Minsk
313217,BY,BY-VI,Apanasishki Vtoryye,Apanasishki Vtoryye,909,3,Village,UTC+3,Europe/Minsk
313220,BY,BY-VI,Shashkishki,Shashkishki,20889,3,Neighborhood,UTC+3,Europe/Minsk
313225,BY,BY-VI,Likuti,Likuti,1223,3,Neighborhood,UTC+3,Europe/Minsk
313227,BY,BY-VI,Antonovtsy,Antonovtsy,770,3,Neighborhood,UTC+3,Europe/Minsk
313228,BY,BY-VI,Rubyezh,Рубеж,237,4,hamlet,UTC+3,Europe/Minsk
313233,BY,BY-VI,Poles'ye,Poles’ye,971,3,Neighborhood,UTC+3,Europe/Minsk
313245,BY,BY-VI,Vasil'kishki Pervyye,Vasil’kishki Pervyye,62,4,village,UTC+3,Europe/Minsk
313248,BY,BY-VI,Kamenka,Каменка,7981,3,Neighborhood,UTC+3,Europe/Minsk
313249,BY,BY-VI,Dan'ki,Dan’ki,30000,4,town,UTC+3,Europe/Minsk
313250,BY,BY-VI,Shtokovtsy,Shtokovtsy,762,3,Neighborhood,UTC+3,Europe/Minsk
313267,BY,BY-VI,Girdyushi,Girdyushi,1572,3,Neighborhood,UTC+3,Europe/Minsk
313281,BY,BY-VI,Dunderi,Dunderi,456,4,village,UTC+3,Europe/Minsk
313285,BY,BY-VI,Petkuny,Petkuny,3575,3,Neighborhood,UTC+3,Europe/Minsk
313286,BY,BY-VI,Zaver'ye,Завер’е,251,4,village,UTC+3,Europe/Minsk
313291,BY,BY-VI,Zaprud'ye,Zaprud’ye,1007,3,Neighborhood,UTC+3,Europe/Minsk
313296,BY,BY-VI,Khlebovshchina,Khlebovshchina,946,3,Neighborhood,UTC+3,Europe/Minsk
313304,BY,BY-VI,Yatelevshchina,Yatelevshchina,1236,3,Village,UTC+3,Europe/Minsk
313308,BY,BY-VI,Chernevo,Чэрнева,163,4,locality,UTC+3,Europe/Minsk
313309,BY,BY-VI,Vidaytsy,Vidaytsy,1047,3,Neighborhood,UTC+3,Europe/Minsk
313312,BY,BY-VI,Oplisa Pervaya,Опліса 1,123,4,locality,UTC+3,Europe/Minsk
313314,BY,BY-VI,Rodevshchina,Rodevshchina,14750,3,City,UTC+3,Europe/Minsk
313324,BY,BY-VI,Dirnichi,Дзірнічы,92,4,village,UTC+3,Europe/Minsk
313328,BY,BY-VI,Sokolovshchina,Sokolovshchina,36133,4,town,UTC+3,Europe/Minsk
313329,BY,BY-VI,Pozhard'ye,Pozhard’ye,4781,3,City,UTC+3,Europe/Minsk
313331,BY,BY-VI,Volkovshchina,Volkovshchina,37491,3,City,UTC+3,Europe/Minsk
313332,BY,BY-VI,Buyewshchyna,Буеўшчына,191,4,village,UTC+3,Europe/Minsk
313334,BY,BY-VI,Shytsi,Шыці,197,4,village,UTC+3,Europe/Minsk
313340,BY,BY-VI,Pun'ki,Pun’ki,145,4,village,UTC+3,Europe/Minsk
313362,BY,BY-VI,Mil'ki,Мількі,230,3,locality,UTC+3,Europe/Minsk
313369,BY,BY-VI,Besednoye,Besednoye,2659,3,Neighborhood,UTC+3,Europe/Minsk
313372,BY,BY-VI,Valozhynki,Валожынкі,159,4,locality,UTC+3,Europe/Minsk
313379,BY,BY-VI,Rustsy,Rustsy,5550,3,Neighborhood,UTC+3,Europe/Minsk
313381,BY,BY-VI,Redkuny,Redkuny,2142,3,Village,UTC+3,Europe/Minsk
313391,BY,BY-VI,Avlasy,Avlasy,1374,3,Neighborhood,UTC+3,Europe/Minsk
313393,BY,BY-VI,Dubovka,Dubovka,3572,3,Neighborhood,UTC+3,Europe/Minsk
313396,BY,BY-VI,Kubelevshchina,Кубелеўшчына,449,3,Neighborhood,UTC+3,Europe/Minsk
313408,BY,BY-VI,Zabalotstsye,Забалоцце,435,3,Neighborhood,UTC+3,Europe/Minsk
313413,BY,BY-VI,Klibovshchina,Klibovshchina,1227,3,Neighborhood,UTC+3,Europe/Minsk
313415,BY,BY-VI,Bertovshchina,Bertovshchina,4609,3,Town,UTC+3,Europe/Minsk
313422,BY,BY-VI,Galinovo,Galinovo,1384,3,Neighborhood,UTC+3,Europe/Minsk
313423,BY,BY-VI,Yakubovo,Yakubovo,1931,3,Neighborhood,UTC+3,Europe/Minsk
313432,BY,BY-VI,Idolta,Ідолта,383,3,Town,UTC+3,Europe/Minsk
313449,BY,BY-VI,Galiyevshchina,Galiyevshchina,949,3,Village,UTC+3,Europe/Minsk
313452,BY,BY-VI,Bobovshchina,Bobovshchina,33052,3,Neighborhood,UTC+3,Europe/Minsk
313455,BY,BY-VI,Kupchelevo,Kupchelevo,1546,3,Village,UTC+3,Europe/Minsk
313461,BY,BY-VI,Pravdinskaya,Pravdinskaya,1014,3,Neighborhood,UTC+3,Europe/Minsk
313464,BY,BY-VI,Gurki,Гуркі,165,4,village,UTC+3,Europe/Minsk
313466,BY,BY-VI,Aleksandrovo,Александрова,3407,3,Village,UTC+3,Europe/Minsk
313470,BY,BY-VI,Novoye Selo,Novoye Selo,5340,3,Neighborhood,UTC+3,Europe/Minsk
313472,BY,BY-VI,Babariki,Babariki,4684,3,City,UTC+3,Europe/Minsk
313478,BY,BY-VI,Shnurki,Shnurki,479,4,village,UTC+3,Europe/Minsk
313481,BY,BY-VI,Gizuny,Gizuny,5130,3,Neighborhood,UTC+3,Europe/Minsk
313482,BY,BY-VI,Martinovtsy,Martinovtsy,19229,3,Neighborhood,UTC+3,Europe/Minsk
313483,BY,BY-VI,Miorki Pervyye,Мёркі 2,259,3,locality,UTC+3,Europe/Minsk
313493,BY,BY-VI,Zaprud'ye,Zaprud’ye,47207,3,Neighborhood,UTC+3,Europe/Minsk
313495,BY,BY-VI,Popki,Папкі,18246,3,Neighborhood,UTC+3,Europe/Minsk
313498,BY,BY-VI,Bowkaly,Боўкалы,128,4,locality,UTC+3,Europe/Minsk
313500,BY,BY-VI,Kozhany,Kozhany,2465,3,Neighborhood,UTC+3,Europe/Minsk
313502,BY,BY-VI,Kartenevo,Kartenevo,895,3,Neighborhood,UTC+3,Europe/Minsk
313506,BY,BY-VI,Grigorovshchina,Grigorovshchina,6223,3,Neighborhood,UTC+3,Europe/Minsk
313510,BY,BY-VI,Rybaki,Рыбакі,1279,3,Neighborhood,UTC+3,Europe/Minsk
313511,BY,BY-VI,Yakuzhi,Yakuzhi,2809,3,Neighborhood,UTC+3,Europe/Minsk
313520,BY,BY-VI,Masevtsy,Masevtsy,423,4,village,UTC+3,Europe/Minsk
313526,BY,BY-VI,Stefanovo,Stefanovo,4492,3,City,UTC+3,Europe/Minsk
313534,BY,BY-VI,Pashki,Пашкі,218,3,locality,UTC+3,Europe/Minsk
313537,BY,BY-VI,Bondary Tulovskiye,Bondary Tulovskiye,9630,3,Neighborhood,UTC+3,Europe/Minsk
313540,BY,BY-VI,Marozy,Марозы,219,3,locality,UTC+3,Europe/Minsk
313568,BY,BY-VI,Denisovo,Denisovo,9238,3,Neighborhood,UTC+3,Europe/Minsk
313571,BY,BY-VI,Pishchalevka,Pishchalëvka,1103,3,Neighborhood,UTC+3,Europe/Minsk
313572,BY,BY-VI,Letniki,Letniki,1996,3,Village,UTC+3,Europe/Minsk
313574,BY,BY-VI,Novosel'tsy,Novosel’tsy,1229,3,Neighborhood,UTC+3,Europe/Minsk
313582,BY,BY-VI,Noviki,Noviki,12170,3,Neighborhood,UTC+3,Europe/Minsk
313585,BY,BY-VI,Lysogorka,Lysogorka,4478,3,Neighborhood,UTC+3,Europe/Minsk
313588,BY,BY-VI,Ambrosenki,Ambrosenki,2950,3,Town,UTC+3,Europe/Minsk
313592,BY,BY-VI,Pateyenki,Pateyenki,287,4,village,UTC+3,Europe/Minsk
313595,BY,BY-VI,Dul'skiye,Dul’skiye,1758,3,Village,UTC+3,Europe/Minsk
313601,BY,BY-VI,Stalitsa,Сталіца,281,3,locality,UTC+3,Europe/Minsk
313602,BY,BY-VI,Premyany,Прамяны,111,4,locality,UTC+3,Europe/Minsk
313621,BY,BY-VI,Zorka,Зорка,203,4,hamlet,UTC+3,Europe/Minsk
313622,BY,BY-VI,Leskovo,Leskovo,1449,3,Neighborhood,UTC+3,Europe/Minsk
313624,BY,BY-VI,Lopunovo,Lopunovo,1039,3,Neighborhood,UTC+3,Europe/Minsk
313626,BY,BY-VI,Vasilevo,Васілева,1869,3,Town,UTC+3,Europe/Minsk
313628,BY,BY-VI,Klinovoye,Klinovoye,859,4,village,UTC+3,Europe/Minsk
313632,BY,BY-VI,Chystapollye,Чыстаполле,368,3,locality,UTC+3,Europe/Minsk
313635,BY,BY-VI,Yanino,Яніна,1791,3,Village,UTC+3,Europe/Minsk
313637,BY,BY-VI,Byal'kowshchyna,Бялькоўшчына,361,3,locality,UTC+3,Europe/Minsk
313640,BY,BY-VI,Yustiyanovo,Yustiyanovo,4660,3,Neighborhood,UTC+3,Europe/Minsk
313647,BY,BY-VI,Borilovo,Borilovo,3967,3,Neighborhood,UTC+3,Europe/Minsk
313658,BY,BY-VI,Plavno,Plavno,9596,3,City,UTC+3,Europe/Minsk
313660,BY,BY-VI,Podlipki,Podlipki,2810,3,Town,UTC+3,Europe/Minsk
313662,BY,BY-VI,Haradzyets,Гарадзец,486,4,village,UTC+3,Europe/Minsk
313664,BY,BY-VI,Malyye Gridyushki,Грыдзюшкі Малыя,214,3,Neighborhood,UTC+3,Europe/Minsk
313667,BY,BY-VI,Vesnino,Vesnino,3746,3,Neighborhood,UTC+3,Europe/Minsk
313668,BY,BY-VI,Gribovtsy,Gribovtsy,889,3,Neighborhood,UTC+3,Europe/Minsk
313669,BY,BY-VI,Chernyavshchina,Chernyavshchina,17968,3,City,UTC+3,Europe/Minsk
313672,BY,BY-VI,Dryhuchy,Дрыгучы,181,4,village,UTC+3,Europe/Minsk
313691,BY,BY-VI,Vidoki,Відокі,183,4,hamlet,UTC+3,Europe/Minsk
313709,BY,BY-VI,Ponizovo,Ponizovo,1324,3,Neighborhood,UTC+3,Europe/Minsk
313713,BY,BY-VI,Bol'shiye Pozhen'ki,Bol’shiye Pozhen’ki,856,3,Village,UTC+3,Europe/Minsk
313717,BY,BY-VI,Ragul'tsy,Ragul’tsy,102,4,village,UTC+3,Europe/Minsk
313718,BY,BY-VI,Gorovtsy,Gorovtsy,1468,3,Village,UTC+3,Europe/Minsk
313725,BY,BY-VI,Brushki,Brushki,155,3,Neighborhood,UTC+3,Europe/Minsk
313726,BY,BY-VI,Baranchiki,Baranchiki,355,4,village,UTC+3,Europe/Minsk
313727,BY,BY-VI,Sits'kava Druhoye,Сіцькава Другое,236,3,locality,UTC+3,Europe/Minsk
313732,BY,BY-VI,Rudnya,Rudnya,14403,3,Neighborhood,UTC+3,Europe/Minsk
313734,BY,BY-VI,Papshuli,Папшулі,165,4,locality,UTC+3,Europe/Minsk
313739,BY,BY-VI,Basyanki Tretsiya,Басянкі Трэція,1221,3,Neighborhood,UTC+3,Europe/Minsk
313742,BY,BY-VI,Stomino,Stomino,1173,3,Village,UTC+3,Europe/Minsk
313752,BY,BY-VI,Kozlovshchina,Kozlovshchina,1437,3,Neighborhood,UTC+3,Europe/Minsk
313760,BY,BY-VI,Zatoch'ye,Заточча,125,4,village,UTC+3,Europe/Minsk
313767,BY,BY-VI,Khrustelevo,Khrustelëvo,4270,4,village,UTC+3,Europe/Minsk
313775,BY,BY-VI,Lipanty,Ліпанты,1217,3,Neighborhood,UTC+3,Europe/Minsk
313789,BY,BY-VI,Rumpollye,Румполле,109,4,village,UTC+3,Europe/Minsk
313794,BY,BY-VI,Kilepovo,Kilepovo,8188,3,City,UTC+3,Europe/Minsk
313795,BY,BY-VI,Chubarino,Chubarino,1815,3,Neighborhood,UTC+3,Europe/Minsk
313801,BY,BY-VI,Ragelevo,Ragelevo,3978,3,City,UTC+3,Europe/Minsk
313803,BY,BY-VI,Stralki,Стралкі,227,4,hamlet,UTC+3,Europe/Minsk
313808,BY,BY-VI,Sokolovshchina,Сакалоўшчына,119,4,village,UTC+3,Europe/Minsk
313819,BY,BY-VI,Nurovo,Нурава,366,3,locality,UTC+3,Europe/Minsk
313821,BY,BY-VI,Sharagi,Шарагі,189,4,locality,UTC+3,Europe/Minsk
313823,BY,BY-VI,Bychinshchino,Bychinshchino,546,4,village,UTC+3,Europe/Minsk
313825,BY,BY-VI,Kosabuki,Kosabuki,1545,3,Village,UTC+3,Europe/Minsk
313827,BY,BY-VI,Dvorishche,Dvorishche,1505,3,Neighborhood,UTC+3,Europe/Minsk
313829,BY,BY-VI,Tsvyetsina,Цвеціна,1302,3,Village,UTC+3,Europe/Minsk
313837,BY,BY-VI,Kantserava,Канцэрава,233,4,village,UTC+3,Europe/Minsk
313840,BY,BY-VI,Semki,Sëmki,1667,3,Neighborhood,UTC+3,Europe/Minsk
313847,BY,BY-VI,Goncharovo,Goncharovo,1208,3,Neighborhood,UTC+3,Europe/Minsk
313849,BY,BY-VI,Sviravshchina,Свіраўшчына,158,4,village,UTC+3,Europe/Minsk
313852,BY,BY-VI,Tereshki,Tereshki,839,3,Neighborhood,UTC+3,Europe/Minsk
313854,BY,BY-VI,Antonovo,Антонава,407,4,village,UTC+3,Europe/Minsk
313859,BY,BY-VI,Skoroda,Skoroda,858,3,Village,UTC+3,Europe/Minsk
313865,BY,BY-VI,Zabor'ye,Zabor’ye,2627,3,Neighborhood,UTC+3,Europe/Minsk
313866,BY,BY-VI,Zalonitskiye,Zalonitskiye,996,3,Neighborhood,UTC+3,Europe/Minsk
313876,BY,BY-VI,Cherkasovo,Cherkasovo,6565,3,Neighborhood,UTC+3,Europe/Minsk
313877,BY,BY-VI,Ist,Іст,258,4,hamlet,UTC+3,Europe/Minsk
313885,BY,BY-VI,Popely,Popely,581,4,village,UTC+3,Europe/Minsk
313888,BY,BY-VI,Lyavonishyna,Лявонішына,178,4,locality,UTC+3,Europe/Minsk
313891,BY,BY-VI,Dvoritsa,Dvoritsa,1136,3,Neighborhood,UTC+3,Europe/Minsk
313892,BY,BY-VI,Magery,Магеры,216,4,village,UTC+3,Europe/Minsk
313898,BY,BY-VI,Podvin'ye,Podvin’ye,87,4,village,UTC+3,Europe/Minsk
313900,BY,BY-VI,Gayevka,Gayevka,7868,3,Neighborhood,UTC+3,Europe/Minsk
313908,BY,BY-VI,Sergeychiki,Sergeychiki,960,3,Neighborhood,UTC+3,Europe/Minsk
313911,BY,BY-VI,Shkilyaki,Shkilyaki,1424,3,Neighborhood,UTC+3,Europe/Minsk
313914,BY,BY-VI,Lomashy,Ломашы,590,4,village,UTC+3,Europe/Minsk
313915,BY,BY-VI,Motorino,Motorino,914,3,Village,UTC+3,Europe/Minsk
313923,BY,BY-VI,Novyy Dvor,Новы Двор,159,4,locality,UTC+3,Europe/Minsk
313933,BY,BY-VI,Luzhayki,Luzhayki,1144,3,Village,UTC+3,Europe/Minsk
313938,BY,BY-VI,Pliski,Пліскі,1116,3,Neighborhood,UTC+3,Europe/Minsk
313939,BY,BY-VI,Kevlino,Kevlino,600,4,village,UTC+3,Europe/Minsk
313942,BY,BY-VI,Levoye,Levoye,1595,3,Neighborhood,UTC+3,Europe/Minsk
313947,BY,BY-VI,Grigorovtsy,Grigorovtsy,2034,3,Town,UTC+3,Europe/Minsk
313954,BY,BY-VI,Gramoshche,Грамошча,173,4,locality,UTC+3,Europe/Minsk
313955,BY,BY-VI,Kulikovo,Kulikovo,2516,3,Town,UTC+3,Europe/Minsk
313960,BY,BY-VI,Zavalynka,Завалынка,11001,3,City,UTC+3,Europe/Minsk
313966,BY,BY-VI,Bykovshchina,Быкаўшчына,306,3,locality,UTC+3,Europe/Minsk
313973,BY,BY-VI,Kazakovo,Kazakovo,3177,3,City,UTC+3,Europe/Minsk
313977,BY,BY-VI,Parfenovtsy,Parfënovtsy,1039,3,Neighborhood,UTC+3,Europe/Minsk
313981,BY,BY-VI,Rashtovo,Rashtovo,895,3,Village,UTC+3,Europe/Minsk
313995,BY,BY-VI,Latyshevo,Latyshëvo,11515,3,City,UTC+3,Europe/Minsk
313998,BY,BY-VI,Matyushi,Мацюшы,249,4,village,UTC+3,Europe/Minsk
314000,BY,BY-VI,Laguny,Laguny,1260,3,Neighborhood,UTC+3,Europe/Minsk
314007,BY,BY-VI,Valevki,Valevki,2507,3,Neighborhood,UTC+3,Europe/Minsk
314008,BY,BY-VI,Revyaki,Revyaki,2453,4,village,UTC+3,Europe/Minsk
314021,BY,BY-VI,Larkovtsy,Larkovtsy,518,4,village,UTC+3,Europe/Minsk
314022,BY,BY-VI,Azina,Азіна,603,4,village,UTC+3,Europe/Minsk
314023,BY,BY-VI,Tinovka,Tinovka,125,4,village,UTC+3,Europe/Minsk
314030,BY,BY-VI,Latyshki,Latyshki,645,4,village,UTC+3,Europe/Minsk
314033,BY,BY-VI,Kazimirovo,Kazimirovo,995,3,City,UTC+3,Europe/Minsk
314038,BY,BY-VI,Shalashino,Shalashino,12589,3,City,UTC+3,Europe/Minsk
314043,BY,BY-VI,Charnyeshchyna,Чарнешчына,227,3,locality,UTC+3,Europe/Minsk
314045,BY,BY-VI,Merugi,Merugi,244,3,Neighborhood,UTC+3,Europe/Minsk
314051,BY,BY-VI,Gorsplya,Gorsplya,3086,3,Neighborhood,UTC+3,Europe/Minsk
314053,BY,BY-VI,Boriskovo,Барыскава,428,3,Neighborhood,UTC+3,Europe/Minsk
314055,BY,BY-VI,Gorovtsy,Gorovtsy,1586,3,Neighborhood,UTC+3,Europe/Minsk
314061,BY,BY-VI,Kollektivnaya,Калектыўная,197,4,village,UTC+3,Europe/Minsk
314064,BY,BY-VI,Kstovka,Kstovka,5185,3,Neighborhood,UTC+3,Europe/Minsk
314068,BY,BY-VI,Usomlya,Usomlya,1464,3,Neighborhood,UTC+3,Europe/Minsk
314072,BY,BY-VI,Osinniki,Асіннікі,8412,3,City,UTC+3,Europe/Minsk
314074,BY,BY-VI,Biryuzovo,Бірузова,271,3,locality,UTC+3,Europe/Minsk
314078,BY,BY-VI,Yakovtsy,Yakovtsy,2054,3,Town,UTC+3,Europe/Minsk
314080,BY,BY-VI,Lukavtsy,Лукаўцы,117,4,locality,UTC+3,Europe/Minsk
314082,BY,BY-VI,Sukhoy Bor,Сухі Бор,82,4,village,UTC+3,Europe/Minsk
314085,BY,BY-VI,Baranovo,Baranovo,1530,3,Village,UTC+3,Europe/Minsk
314087,BY,BY-VI,Vesnyanka,Вяснянка,154,4,village,UTC+3,Europe/Minsk
314088,BY,BY-VI,Kaz'yanki,Каз’янкі,237,3,locality,UTC+3,Europe/Minsk
314095,BY,BY-VI,Lyutovka,Lyutovka,5564,3,Neighborhood,UTC+3,Europe/Minsk
314096,BY,BY-VI,Kopovishche,Капавішча,256,3,locality,UTC+3,Europe/Minsk
314103,BY,BY-VI,Sekerovshchina,Сякераўшчына,165,4,village,UTC+3,Europe/Minsk
314105,BY,BY-VI,Bahatyrskaya,Багатырская,1539,4,village,UTC+3,Europe/Minsk
314113,BY,BY-VI,Petrakovo,Petrakovo,135,3,Neighborhood,UTC+3,Europe/Minsk
314122,BY,BY-VI,Yuravichy,Юравічы,91,4,locality,UTC+3,Europe/Minsk
314125,BY,BY-VI,Spasskoye,Spasskoye,1544,3,Neighborhood,UTC+3,Europe/Minsk
314126,BY,BY-VI,Belovodka,Belovodka,820,4,village,UTC+3,Europe/Minsk
314129,BY,BY-VI,Dubrovno,Dubrovno,206,4,village,UTC+3,Europe/Minsk
314131,BY,BY-VI,Karpeki,Карпекі,253,3,locality,UTC+3,Europe/Minsk
314133,BY,BY-VI,Suvalkovo,Suvalkovo,116757,3,town,UTC+3,Europe/Minsk
314136,BY,BY-VI,Nasilitsa,Nasilitsa,41527,3,City,UTC+3,Europe/Minsk
314150,BY,BY-VI,Starina,Старына,1255,3,Village,UTC+3,Europe/Minsk
314151,BY,BY-VI,Lyut'kovo,Lyut’kovo,104,3,Neighborhood,UTC+3,Europe/Minsk
314154,BY,BY-VI,Tripol'ye,Tripol’ye,117,4,village,UTC+3,Europe/Minsk
314164,BY,BY-VI,Plekhany,Plekhany,2051,3,Town,UTC+3,Europe/Minsk
314182,BY,BY-VI,Smorigi,Smorigi,1795,3,Neighborhood,UTC+3,Europe/Minsk
314185,BY,BY-VI,Bol'shaya Pushcha,Bol’shaya Pushcha,2533,3,Neighborhood,UTC+3,Europe/Minsk
314188,BY,BY-VI,Krivoyevshchina,Krivoyëvshchina,36922,3,City,UTC+3,Europe/Minsk
314206,BY,BY-VI,Tupichino,Tupichino,2486,3,Neighborhood,UTC+3,Europe/Minsk
314209,BY,BY-VI,Hrudzinava,Грудзінава,177,4,hamlet,UTC+3,Europe/Minsk
314220,BY,BY-VI,Britiki,Britiki,3428,3,Neighborhood,UTC+3,Europe/Minsk
314225,BY,BY-VI,Shilovo,Shilovo,1989,4,village,UTC+3,Europe/Minsk
314226,BY,BY-VI,Gorelitsa,Gorelitsa,2066,3,Town,UTC+3,Europe/Minsk
314229,BY,BY-VI,Sel'niki,Sel’niki,1428,3,Neighborhood,UTC+3,Europe/Minsk
314230,BY,BY-VI,Alyoshcha,Алёшча,1360,4,village,UTC+3,Europe/Minsk
314231,BY,BY-VI,Osovtsy,Osovtsy,58388,3,Neighborhood,UTC+3,Europe/Minsk
314235,BY,BY-VI,Haravyya,Гаравыя,203,3,locality,UTC+3,Europe/Minsk
314237,BY,BY-VI,Niv'ye,Niv’ye,1005,3,Neighborhood,UTC+3,Europe/Minsk
314239,BY,BY-VI,Kovali,Kovali,834,3,Neighborhood,UTC+3,Europe/Minsk
314242,BY,BY-VI,Obolon'ye,Obolon’ye,1031,3,Neighborhood,UTC+3,Europe/Minsk
314248,BY,BY-VI,Malyshki,Malyshki,1829,3,Neighborhood,UTC+3,Europe/Minsk
314260,BY,BY-VI,Gul'bishche,Gul’bishche,374,3,Neighborhood,UTC+3,Europe/Minsk
314279,BY,BY-VI,Zemtsy,Zemtsy,1327,4,village,UTC+3,Europe/Minsk
314282,BY,BY-VI,Kovali,Kovali,1203,3,Neighborhood,UTC+3,Europe/Minsk
314294,BY,BY-VI,Antonenki,Antonenki,583,4,village,UTC+3,Europe/Minsk
314296,BY,BY-VI,Pustel'niki,Pustel’niki,409,4,village,UTC+3,Europe/Minsk
314300,BY,BY-VI,Pushcha,Pushcha,1945,3,Neighborhood,UTC+3,Europe/Minsk
314301,BY,BY-VI,Kravtsovo,Kravtsovo,74,4,village,UTC+3,Europe/Minsk
314302,BY,BY-VI,Zaretskiye,Zaretskiye,2064,3,Neighborhood,UTC+3,Europe/Minsk
314306,BY,BY-VI,Poddub'ye,Poddub’ye,1982,3,Neighborhood,UTC+3,Europe/Minsk
314311,BY,BY-VI,Pligovki,Pligovki,2258,3,Town,UTC+3,Europe/Minsk
314318,BY,BY-VI,Palyeshyna,Палешына,157,4,village,UTC+3,Europe/Minsk
314319,BY,BY-VI,Khveshchenki,Khveshchenki,990,3,Town,UTC+3,Europe/Minsk
314320,BY,BY-VI,Krynichnaya,Krynichnaya,158,4,village,UTC+3,Europe/Minsk
314321,BY,BY-VI,Byeraznyaki,Беразнякі,104,4,village,UTC+3,Europe/Minsk
314324,BY,BY-VI,Yerokhi,Yerokhi,956,3,Village,UTC+3,Europe/Minsk
314330,BY,BY-VI,Puryshki,Puryshki,1669,3,Village,UTC+3,Europe/Minsk
314334,BY,BY-VI,Malki,Малкі,966,3,Neighborhood,UTC+3,Europe/Minsk
314351,BY,BY-VI,Sen'kovo,Sen’kovo,1735,3,Town,UTC+3,Europe/Minsk
314352,BY,BY-VI,Filippenki,Filippenki,230,4,village,UTC+3,Europe/Minsk
314354,BY,BY-VI,Shkola-Internat,Shkola-Internat,965,3,Neighborhood,UTC+3,Europe/Minsk
314363,BY,BY-VI,Vesnina,Vesnina,1073,3,Village,UTC+3,Europe/Minsk
314364,BY,BY-VI,Radchenki,Radchenki,10455,3,Neighborhood,UTC+3,Europe/Minsk
314366,BY,BY-VI,Vysoty,Высоты,1801,3,Village,UTC+3,Europe/Minsk
314373,BY,BY-VI,Kazinovo,Kazinovo,1289,3,Village,UTC+3,Europe/Minsk
314380,BY,BY-VI,Svyetlyya,Светлыя,123,4,locality,UTC+3,Europe/Minsk
314385,BY,BY-VI,Varkhi,Вархі,292,3,locality,UTC+3,Europe/Minsk
314400,BY,BY-HR,Katlowka,Катлоўка,45,3,Neighborhood,UTC+3,Europe/Minsk
314408,BY,BY-HR,Kovalevka,Kovalëvka,328,3,Neighborhood,UTC+3,Europe/Minsk
314412,BY,BY-HR,Klanishki,Klanishki,2448,3,Village,UTC+3,Europe/Minsk
314415,BY,BY-HR,Podvaryshki,Podvaryshki,878,3,Neighborhood,UTC+3,Europe/Minsk
314422,BY,BY-HR,Davnaryshki,Davnaryshki,1018,3,Village,UTC+3,Europe/Minsk
314434,BY,BY-HR,Shadyuny,Shadyuny,1549,3,Neighborhood,UTC+3,Europe/Minsk
314438,BY,BY-HR,Molinyak,Molinyak,850,3,Village,UTC+3,Europe/Minsk
314440,BY,BY-HR,Malinovo,Malinovo,904,3,Village,UTC+3,Europe/Minsk
314443,BY,BY-HR,Belyany,Belyany,1855,3,Neighborhood,UTC+3,Europe/Minsk
314448,BY,BY-HR,Folivarki,Folivarki,153,3,Neighborhood,UTC+3,Europe/Minsk
314449,BY,BY-HR,Midyatly,Midyatly,846,3,Neighborhood,UTC+3,Europe/Minsk
314459,BY,BY-VI,Cheremushniki Podisennyye,Cheremushniki Podisennyye,2877,3,Neighborhood,UTC+3,Europe/Minsk
314462,BY,BY-VI,Pasternaki,Пастарнакі,100,4,locality,UTC+3,Europe/Minsk
314479,BY,BY-VI,Volod'ki,Volod’ki,1314,3,Neighborhood,UTC+3,Europe/Minsk
314481,BY,BY-VI,Telyaki,Целякі,110,4,locality,UTC+3,Europe/Minsk
314492,BY,BY-VI,Yareva,Ярэва,250,4,village,UTC+3,Europe/Minsk
314511,BY,BY-VI,Mulyary,Муляры,595,3,Village,UTC+3,Europe/Minsk
314519,BY,BY-VI,Potashnya,Potashnya,774,3,Neighborhood,UTC+3,Europe/Minsk
314529,BY,BY-VI,Petruti,Petruti,3782,3,Town,UTC+3,Europe/Minsk
314540,BY,BY-VI,Botviny,Botviny,1292,3,Neighborhood,UTC+3,Europe/Minsk
314557,BY,BY-VI,Loputi,Loputi,18860,3,City,UTC+3,Europe/Minsk
314573,BY,BY-VI,Verdashishki,Verdashishki,29558,3,City,UTC+3,Europe/Minsk
314598,BY,BY-VI,Shabany,Shabany,955,3,Neighborhood,UTC+3,Europe/Minsk
314599,BY,BY-VI,Koleyevtsy,Koleyevtsy,1257,3,Neighborhood,UTC+3,Europe/Minsk
314601,BY,BY-VI,Biyuti,Biyuti,1143,3,Neighborhood,UTC+3,Europe/Minsk
314608,BY,BY-VI,Boyary,Boyary,11758,3,City,UTC+3,Europe/Minsk
314611,BY,BY-VI,Yatsevichi,Yatsevichi,1359,3,Neighborhood,UTC+3,Europe/Minsk
314617,BY,BY-HR,Vyalikaya Stracha,Вялікая Страча,231,4,village,UTC+3,Europe/Minsk
314622,BY,BY-HR,Potoka,Potoka,621,3,Neighborhood,UTC+3,Europe/Minsk
314624,BY,BY-HR,Borovo,Borovo,1241,3,Village,UTC+3,Europe/Minsk
314626,BY,BY-HR,Astashishki,Astashishki,888,3,Neighborhood,UTC+3,Europe/Minsk
314629,BY,BY-HR,Strachanka,Страчанка,111,4,locality,UTC+3,Europe/Minsk
314634,BY,BY-HR,Dvorzhishche,Dvorzhishche,797,3,Neighborhood,UTC+3,Europe/Minsk
314635,BY,BY-HR,Losi,Losi,863,3,Neighborhood,UTC+3,Europe/Minsk
314642,BY,BY-HR,Al'khowka,Альхоўка,686,4,village,UTC+3,Europe/Minsk
314648,BY,BY-HR,Zabortsy,Zabortsy,20881,3,City,UTC+3,Europe/Minsk
314651,BY,BY-HR,Babichi,Babichi,720,4,village,UTC+3,Europe/Minsk
314652,BY,BY-HR,Borovyye,Borovyye,86,3,Neighborhood,UTC+3,Europe/Minsk
314657,BY,BY-HR,Senyuti,Senyuti,927,3,Village,UTC+3,Europe/Minsk
314658,BY,BY-HR,Leonovichi,Leonovichi,1917,3,Neighborhood,UTC+3,Europe/Minsk
314665,BY,BY-HR,Milayshuny,Milayshuny,16639,3,City,UTC+3,Europe/Minsk
314667,BY,BY-HR,Aveny,Aveny,881,3,Village,UTC+3,Europe/Minsk
314672,BY,BY-HR,Malyja Jacyny,Малыя Яцыны,4122,3,Village,UTC+3,Europe/Minsk
314677,BY,BY-HR,Korobki,Korobki,1542,3,Neighborhood,UTC+3,Europe/Minsk
314679,BY,BY-HR,Zamechek,Zamechek,861,3,Neighborhood,UTC+3,Europe/Minsk
314694,BY,BY-HR,Mityuny,Міцюны,184,4,hamlet,UTC+3,Europe/Minsk
314698,BY,BY-HR,Karlovshchizna,Karlovshchizna,5279,3,City,UTC+3,Europe/Minsk
314700,BY,BY-HR,Kernyany,Kernyany,1506,3,Neighborhood,UTC+3,Europe/Minsk
314701,BY,BY-HR,Filipany,Філіпаны,859,3,Neighborhood,UTC+3,Europe/Minsk
314706,BY,BY-HR,Dubok,Дубок,1631,3,Village,UTC+3,Europe/Minsk
314708,BY,BY-HR,Antosino,Antosino,1512,3,Village,UTC+3,Europe/Minsk
314716,BY,BY-MI,Kuz'michi,Kuz’michi,38243,3,City,UTC+3,Europe/Minsk
314717,BY,BY-MI,Repyakhi,Repyakhi,644,4,village,UTC+3,Europe/Minsk
314724,BY,BY-MI,Vorgi,Vorgi,512,3,Neighborhood,UTC+3,Europe/Minsk
314754,BY,BY-MI,Pasynki,Пасынкі,842,3,Neighborhood,UTC+3,Europe/Minsk
314761,BY,BY-MI,Kamarova,Камарова,749,4,village,UTC+3,Europe/Minsk
314763,BY,BY-MI,Lushchiki,Лушчыкі,192,4,village,UTC+3,Europe/Minsk
314767,BY,BY-MI,Dubniki,Дубнікі,1561,3,Village,UTC+3,Europe/Minsk
314770,BY,BY-MI,Balashi,Balashi,1562,3,Village,UTC+3,Europe/Minsk
314777,BY,BY-MI,Nosovichi,Nosovichi,130,4,village,UTC+3,Europe/Minsk
314780,BY,BY-MI,Khonevichi,Хоневічы,50,4,village,UTC+3,Europe/Minsk
314784,BY,BY-MI,Khmylki,Khmylki,149,4,village,UTC+3,Europe/Minsk
314787,BY,BY-MI,Zhelezniki,Жалезнікі,96,4,locality,UTC+3,Europe/Minsk
314790,BY,BY-MI,Shlyapi,Shlyapi,2188,3,Neighborhood,UTC+3,Europe/Minsk
314791,BY,BY-MI,Buyki,Буйкі,231,3,locality,UTC+3,Europe/Minsk
314793,BY,BY-MI,Ivanki,Іванкі,1448,3,Neighborhood,UTC+3,Europe/Minsk
314800,BY,BY-MI,Zaozer'ye,Zaozër’ye,3931,3,Neighborhood,UTC+3,Europe/Minsk
314806,BY,BY-MI,Kurniki,Курнікі,110,3,Neighborhood,UTC+3,Europe/Minsk
314811,BY,BY-VI,Zhdany,Жданы,92,4,locality,UTC+3,Europe/Minsk
314812,BY,BY-VI,Lyadniki,Lyadniki,41429,3,City,UTC+3,Europe/Minsk
314814,BY,BY-VI,Radzyuki,Радзюкі,513,4,village,UTC+3,Europe/Minsk
314820,BY,BY-VI,Gasperovshchina,Gasperovshchina,1324,3,Neighborhood,UTC+3,Europe/Minsk
314822,BY,BY-VI,Bereznyanka,Bereznyanka,35204,3,Neighborhood,UTC+3,Europe/Minsk
314826,BY,BY-VI,Tolstiki,Tolstiki,135000,4,town,UTC+3,Europe/Minsk
314830,BY,BY-VI,Zabolot'ye,Zabolot’ye,1680723,3,City,UTC+3,Europe/Minsk
314835,BY,BY-VI,Luchayka Vtoraya,Лучайка Другая,223,4,village,UTC+3,Europe/Minsk
314842,BY,BY-VI,Bychkovo,Bychkovo,538,3,Neighborhood,UTC+3,Europe/Minsk
314846,BY,BY-VI,Adamovo,Adamovo,1143,3,Neighborhood,UTC+3,Europe/Minsk
314857,BY,BY-VI,Balai,Балаі,125,4,hamlet,UTC+3,Europe/Minsk
314858,BY,BY-VI,Osinniki,Асіннікі,562,3,Village,UTC+3,Europe/Minsk
314871,BY,BY-VI,Stanislavova,Станіславова,149,4,village,UTC+3,Europe/Minsk
314875,BY,BY-VI,Novinki,Навінкі,50,4,locality,UTC+3,Europe/Minsk
314880,BY,BY-VI,Pyatrowshchyna,Пятроўшчына,251,3,locality,UTC+3,Europe/Minsk
314885,BY,BY-VI,Babichi,Бабічы,233,3,locality,UTC+3,Europe/Minsk
314887,BY,BY-VI,Vorob'i,Вераб’і,91,4,locality,UTC+3,Europe/Minsk
314893,BY,BY-VI,Ozerki,Азёркі,66,4,locality,UTC+3,Europe/Minsk
314894,BY,BY-VI,Mnyuta Druhoye,Мнюта Другое,1050,3,Neighborhood,UTC+3,Europe/Minsk
314895,BY,BY-VI,Mnyuto Pervoye,Мнюта 1,76,4,village,UTC+3,Europe/Minsk
314896,BY,BY-VI,Mnyuta,Мнюта,121,4,village,UTC+3,Europe/Minsk
314899,BY,BY-VI,Matyasy,Мацясы,65,4,locality,UTC+3,Europe/Minsk
314900,BY,BY-VI,Gatovshchina,Гатоўшчына,296,3,locality,UTC+3,Europe/Minsk
314903,BY,BY-VI,Kaminshchina,Каміншчына,28594,3,City,UTC+3,Europe/Minsk
314904,BY,BY-VI,Kisarevshchina Pervaya,Кісарэўшчына 1,88,4,village,UTC+3,Europe/Minsk
314917,BY,BY-VI,Maysyutino,Maysyutino,802,3,Neighborhood,UTC+3,Europe/Minsk
314919,BY,BY-VI,Gotovki,Gotovki,1180,3,Village,UTC+3,Europe/Minsk
314923,BY,BY-VI,Prusy,Прусы,21765,3,City,UTC+3,Europe/Minsk
314925,BY,BY-VI,Vertinskiye,Vertinskiye,991,3,Neighborhood,UTC+3,Europe/Minsk
314926,BY,BY-VI,Yaloviki,Yaloviki,534,4,village,UTC+3,Europe/Minsk
314930,BY,BY-VI,Huta,Гута,600,4,village,UTC+3,Europe/Minsk
314931,BY,BY-VI,Shilovatoye,Shilovatoye,64987,3,Neighborhood,UTC+3,Europe/Minsk
314936,BY,BY-VI,Krivoy Most,Krivoy Most,2215,3,Town,UTC+3,Europe/Minsk
314955,BY,BY-VI,Zabel'ye,Zabel’ye,1173,3,Neighborhood,UTC+3,Europe/Minsk
314957,BY,BY-VI,Martsibylino,Марцыбыліна,191,4,village,UTC+3,Europe/Minsk
314960,BY,BY-VI,Azyertsy,Азерцы,647,3,locality,UTC+3,Europe/Minsk
314964,BY,BY-VI,Kishi,Кішы,261,4,village,UTC+3,Europe/Minsk
314966,BY,BY-VI,Kubochniki,Kubochniki,281,4,village,UTC+3,Europe/Minsk
314967,BY,BY-VI,Strinadki,Стрынадкі,105508,3,City,UTC+3,Europe/Minsk
314968,BY,BY-VI,Snorki,Сноркі,2674,3,Town,UTC+3,Europe/Minsk
314970,BY,BY-VI,Ogurni,Ogurni,895,3,Neighborhood,UTC+3,Europe/Minsk
314971,BY,BY-VI,Nesterovichi,Nesterovichi,787,3,Neighborhood,UTC+3,Europe/Minsk
314973,BY,BY-VI,Matyasy,Matyasy,8693,3,Town,UTC+3,Europe/Minsk
314976,BY,BY-VI,Lavrinovka,Lavrinovka,993,3,Village,UTC+3,Europe/Minsk
314977,BY,BY-VI,Stanuli,Станулі,385,4,village,UTC+3,Europe/Minsk
314978,BY,BY-VI,Orekhovno,Арэхаўна,147,4,village,UTC+3,Europe/Minsk
314979,BY,BY-VI,Lyakhawshchyna,Ляхаўшчына,189,4,locality,UTC+3,Europe/Minsk
314981,BY,BY-VI,Shunyewtsy,Шунеўцы,975,4,village,UTC+3,Europe/Minsk
314996,BY,BY-VI,Beloye,Beloye,3586,3,City,UTC+3,Europe/Minsk
315000,BY,BY-VI,Tiuntsy,Tiuntsy,10979,3,City,UTC+3,Europe/Minsk
315006,BY,BY-VI,Sloboda,Слабада,832,3,Neighborhood,UTC+3,Europe/Minsk
315008,BY,BY-VI,Maloye Ginevo,Maloye Ginëvo,3891,3,Neighborhood,UTC+3,Europe/Minsk
315009,BY,BY-VI,Kovzany,Коўзаны,81,4,village,UTC+3,Europe/Minsk
315026,BY,BY-VI,Soroki,Soroki,1214,3,Neighborhood,UTC+3,Europe/Minsk
315031,BY,BY-VI,Belevichi,Belevichi,382,3,Neighborhood,UTC+3,Europe/Minsk
315033,BY,BY-VI,Karaby Druhiya,Карабы Другія,396,4,village,UTC+3,Europe/Minsk
315038,BY,BY-VI,Shunyevichy,Шуневічы,408,4,village,UTC+3,Europe/Minsk
315041,BY,BY-VI,Lastovichi,Ластавічы,126,4,village,UTC+3,Europe/Minsk
315042,BY,BY-VI,Zamoshsha,Замошша,1212,3,Neighborhood,UTC+3,Europe/Minsk
315043,BY,BY-VI,Pozhartsy,Pozhartsy,771,3,Neighborhood,UTC+3,Europe/Minsk
315050,BY,BY-VI,Uradzhaynaya,Ураджайная,237,3,locality,UTC+3,Europe/Minsk
315051,BY,BY-VI,Bykovshchina,Bykovshchina,73,4,village,UTC+3,Europe/Minsk
315057,BY,BY-VI,Shipy,Шыпы,186,4,locality,UTC+3,Europe/Minsk
315061,BY,BY-VI,Kukhtinshchina,Kukhtinshchina,23455,3,City,UTC+3,Europe/Minsk
315062,BY,BY-VI,Sakovichi,Sakovichi,946,3,Neighborhood,UTC+3,Europe/Minsk
315066,BY,BY-VI,Khristovo,Khristovo,755,3,Neighborhood,UTC+3,Europe/Minsk
315068,BY,BY-VI,Voronovka,Voronovka,873,3,Neighborhood,UTC+3,Europe/Minsk
315075,BY,BY-VI,Norytsa,Норыца,157,4,locality,UTC+3,Europe/Minsk
315081,BY,BY-VI,Sarapony,Сарапоны,938,3,Neighborhood,UTC+3,Europe/Minsk
315082,BY,BY-VI,Teshelovo,Цешылава,161,4,village,UTC+3,Europe/Minsk
315086,BY,BY-VI,Ryl'ki,Ryl’ki,1099,3,Neighborhood,UTC+3,Europe/Minsk
315088,BY,BY-VI,Zen'kovo,Zen’kovo,1787,3,Town,UTC+3,Europe/Minsk
315101,BY,BY-VI,Lipovki,Lipovki,2034,3,Neighborhood,UTC+3,Europe/Minsk
315102,BY,BY-VI,Gurby,Gurby,833,3,Village,UTC+3,Europe/Minsk
315104,BY,BY-VI,Krupeni,Krupeni,3423,3,Neighborhood,UTC+3,Europe/Minsk
315127,BY,BY-VI,Malyakovo,Malyakovo,1627,3,Neighborhood,UTC+3,Europe/Minsk
315131,BY,BY-VI,Haradzishcha,Гарадзішча,208,4,village,UTC+3,Europe/Minsk
315132,BY,BY-VI,Ovsyaniki,Ovsyaniki,7574,4,town,UTC+3,Europe/Minsk
315135,BY,BY-VI,Lisovichi,Лісавічы,60,4,village,UTC+3,Europe/Minsk
315144,BY,BY-VI,Khoroshki,Khoroshki,2664,3,Neighborhood,UTC+3,Europe/Minsk
315155,BY,BY-VI,Volosovshchina,Volosovshchina,629112,4,town,UTC+3,Europe/Minsk
315156,BY,BY-VI,Karpovka,Karpovka,1297,3,Village,UTC+3,Europe/Minsk
315158,BY,BY-VI,Vetera,Вецяра,162,4,locality,UTC+3,Europe/Minsk
315168,BY,BY-VI,Dubovoye,Dubovoye,831,3,Village,UTC+3,Europe/Minsk
315171,BY,BY-VI,Laputy,Лапуты,231,4,hamlet,UTC+3,Europe/Minsk
315172,BY,BY-VI,Krasnoye Berezino,Краснае Беразіно,296,4,village,UTC+3,Europe/Minsk
315183,BY,BY-VI,Plotechno,Plotechno,15231,3,City,UTC+3,Europe/Minsk
315185,BY,BY-VI,Yasenovtsy,Yasenovtsy,3050,3,Neighborhood,UTC+3,Europe/Minsk
315199,BY,BY-VI,Prudniki,Пруднікі,345,4,village,UTC+3,Europe/Minsk
315202,BY,BY-VI,Flor'yanovo,Flor’yanovo,789023,3,City,UTC+3,Europe/Minsk
315211,BY,BY-VI,Dormantovo,Dormantovo,1816,3,Neighborhood,UTC+3,Europe/Minsk
315218,BY,BY-VI,Dubovik,Dubovik,22334,3,City,UTC+3,Europe/Minsk
315242,BY,BY-MI,Krapivno,Krapivno,809,4,village,UTC+3,Europe/Minsk
315249,BY,BY-MI,Ilava,Ілава,252,4,hamlet,UTC+3,Europe/Minsk
315250,BY,BY-MI,Parubki,Парубкі,246,3,Neighborhood,UTC+3,Europe/Minsk
315251,BY,BY-MI,Yazni,Язні,286,4,village,UTC+3,Europe/Minsk
315254,BY,BY-MI,Gribki,Gribki,130,4,village,UTC+3,Europe/Minsk
315255,BY,BY-MI,Repishche,Рэпішча,444,3,Neighborhood,UTC+3,Europe/Minsk
315260,BY,BY-MI,Kulikovo,Kulikovo,109,4,village,UTC+3,Europe/Minsk
315275,BY,BY-MI,Vyazovets,Vyazovets,763,3,Village,UTC+3,Europe/Minsk
315314,BY,BY-MI,Tonkovichi,Tonkovichi,8091,3,Neighborhood,UTC+3,Europe/Minsk
315319,BY,BY-MI,Prudniki,Пруднікі,112,4,hamlet,UTC+3,Europe/Minsk
315324,BY,BY-MI,Kotlovtsy,Kotlovtsy,6407,3,Neighborhood,UTC+3,Europe/Minsk
315332,BY,BY-VI,Kaluzhino,Kaluzhino,26532,3,Neighborhood,UTC+3,Europe/Minsk
315334,BY,BY-VI,Paddub'ye,Паддубье,1468,3,Town,UTC+3,Europe/Minsk
315337,BY,BY-VI,Horki,Горкі,272,4,village,UTC+3,Europe/Minsk
315338,BY,BY-VI,Yurkawshchyna,Юркаўшчына,237,4,village,UTC+3,Europe/Minsk
315339,BY,BY-VI,Novazaslonava,Новазаслонава,2293,4,hamlet,UTC+3,Europe/Minsk
315340,BY,BY-VI,Hlybachka,Глыбачка,670,4,village,UTC+3,Europe/Minsk
315341,BY,BY-VI,Murawshchyna,Мураўшчына,160,4,locality,UTC+3,Europe/Minsk
315342,BY,BY-VI,Barowka,Бароўка,3178,4,village,UTC+3,Europe/Minsk
315343,BY,BY-VI,Slabada,Слабада,196,4,hamlet,UTC+3,Europe/Minsk
315344,BY,BY-VI,Vyarkudy,Вяркуды,266,4,village,UTC+3,Europe/Minsk
315345,BY,BY-VI,Kazimirova,Казімірово,99,4,hamlet,UTC+3,Europe/Minsk
315346,BY,BY-VI,Kasary,Касары,308,4,village,UTC+3,Europe/Minsk
315368,BY,BY-VI,Peredoly,Перадолы,293043,3,City,UTC+3,Europe/Minsk
315373,BY,BY-VI,Ugol'tsy,Ugol’tsy,142477,3,City,UTC+3,Europe/Minsk
315377,BY,BY-VI,Chernichka Pervaya,Chernichka Pervaya,1275,3,Neighborhood,UTC+3,Europe/Minsk
315378,BY,BY-VI,Chernichka Vtoraya,Chernichka Vtoraya,13321,3,City,UTC+3,Europe/Minsk
315380,BY,BY-VI,Biryuli,Biryuli,18668,3,Neighborhood,UTC+3,Europe/Minsk
315385,BY,BY-VI,Dvor-Plino,Двор Пліна,361,3,locality,UTC+3,Europe/Minsk
315387,BY,BY-VI,Dvor-Zerchenitsy,Dvor-Zerchenitsy,1242,3,Neighborhood,UTC+3,Europe/Minsk
315393,BY,BY-VI,Prudy,Пруды,757,3,Neighborhood,UTC+3,Europe/Minsk
315397,BY,BY-VI,Andreychiki,Andreychiki,1282,3,Neighborhood,UTC+3,Europe/Minsk
315401,BY,BY-VI,Pod'yazno,Pod’yazno,20231,3,City,UTC+3,Europe/Minsk
315405,BY,BY-VI,Cherepovshchina,Чарапоўшчына,432,3,Village,UTC+3,Europe/Minsk
315409,BY,BY-VI,Doroshkovichi,Doroshkovichi,7948,3,Town,UTC+3,Europe/Minsk
315413,BY,BY-VI,Chemerichino,Chemerichino,3645,3,Neighborhood,UTC+3,Europe/Minsk
315417,BY,BY-VI,Mostishche,Mostishche,1246,3,Village,UTC+3,Europe/Minsk
315419,BY,BY-VI,Zapol'ye,Zapol’ye,778,3,Neighborhood,UTC+3,Europe/Minsk
315422,BY,BY-VI,Glinishche,Glinishche,2438,3,Town,UTC+3,Europe/Minsk
315432,BY,BY-VI,Tserkovishche,Царкавішча,149,4,locality,UTC+3,Europe/Minsk
315435,BY,BY-VI,Novaya Zhizn',Novaya Zhizn’,1126,3,Neighborhood,UTC+3,Europe/Minsk
315445,BY,BY-VI,Soino,Соіна,1414,4,village,UTC+3,Europe/Minsk
315447,BY,BY-VI,Matyukovo,Мацюкова,269,4,village,UTC+3,Europe/Minsk
315450,BY,BY-VI,Chernevichi,Чарневічы,360,3,locality,UTC+3,Europe/Minsk
315455,BY,BY-VI,Bogushevichi,Bogushevichi,904,3,Village,UTC+3,Europe/Minsk
315468,BY,BY-VI,Zabolot'ye,Zabolot’ye,90253,3,City,UTC+3,Europe/Minsk
315474,BY,BY-VI,Kopteli,Kopteli,3596,3,Town,UTC+3,Europe/Minsk
315484,BY,BY-VI,Zagarani,Zagarani,331,4,village,UTC+3,Europe/Minsk
315497,BY,BY-VI,Ukhvishche,Вухвішча,183,4,locality,UTC+3,Europe/Minsk
315498,BY,BY-VI,Zhuravno,Жураўна,122282,3,City,UTC+3,Europe/Minsk
315501,BY,BY-VI,Matyrino,Матырына,260,3,locality,UTC+3,Europe/Minsk
315504,BY,BY-VI,Mamonovo,Мамонава,1343,3,Village,UTC+3,Europe/Minsk
315506,BY,BY-VI,Bliznitsa,Блізніца,647,4,hamlet,UTC+3,Europe/Minsk
315515,BY,BY-VI,Glybochka,Глыбачка,58124,3,City,UTC+3,Europe/Minsk
315530,BY,BY-VI,Gorovyye,Gorovyye,137946,3,City,UTC+3,Europe/Minsk
315535,BY,BY-VI,Konashi,Konashi,3643,3,Neighborhood,UTC+3,Europe/Minsk
315553,BY,BY-VI,Dvor-Paul'ye,Dvor-Paul’ye,1268,3,Village,UTC+3,Europe/Minsk
315559,BY,BY-VI,Lozy,Лозы,2482,3,Village,UTC+3,Europe/Minsk
315560,BY,BY-VI,Gory,Gory,919,3,Neighborhood,UTC+3,Europe/Minsk
315571,BY,BY-VI,Zamosh'ye,Zamosh’ye,5549,3,Neighborhood,UTC+3,Europe/Minsk
315578,BY,BY-VI,Avlasovo,Avlasovo,802,4,village,UTC+3,Europe/Minsk
315584,BY,BY-VI,Chereyshchina,Чарэйшчына,256,4,village,UTC+3,Europe/Minsk
315586,BY,BY-VI,Zan'ki,Zan’ki,1028,3,Neighborhood,UTC+3,Europe/Minsk
315606,BY,BY-VI,Lobani,Lobani,1995,3,Neighborhood,UTC+3,Europe/Minsk
315617,BY,BY-VI,Guta,Гута,4409,3,City,UTC+3,Europe/Minsk
315618,BY,BY-VI,Ilyushino,Ільюшына,452,4,village,UTC+3,Europe/Minsk
315621,BY,BY-VI,Petukhi,Petukhi,30398,3,City,UTC+3,Europe/Minsk
315622,BY,BY-VI,Dvoritsa,Dvoritsa,205,4,village,UTC+3,Europe/Minsk
315637,BY,BY-VI,Verkhov'ye,Verkhov’ye,373,4,village,UTC+3,Europe/Minsk
315639,BY,BY-VI,Starinka,Starinka,15706,3,City,UTC+3,Europe/Minsk
315643,BY,BY-VI,Dvor-Babcha,Двор Бабча,172,4,village,UTC+3,Europe/Minsk
315645,BY,BY-VI,Gubino,Губіна,189,4,village,UTC+3,Europe/Minsk
315649,BY,BY-VI,Butovo,Butovo,1301,3,Neighborhood,UTC+3,Europe/Minsk
315651,BY,BY-VI,Latyshovo,Latyshovo,792,3,Neighborhood,UTC+3,Europe/Minsk
315655,BY,BY-VI,Velichkovtsy,Velichkovtsy,2337,3,Neighborhood,UTC+3,Europe/Minsk
315669,BY,BY-VI,Malyy Polsvizh,Малы Поўсвіж,157,4,village,UTC+3,Europe/Minsk
315677,BY,BY-VI,Veselovo,Весялова,50,4,locality,UTC+3,Europe/Minsk
315678,BY,BY-VI,Lipki,Ліпкі,1966,3,Town,UTC+3,Europe/Minsk
315691,BY,BY-VI,Taraski,Тараскі,219,4,hamlet,UTC+3,Europe/Minsk
315692,BY,BY-VI,Danilovka,Danilovka,219,4,village,UTC+3,Europe/Minsk
315697,BY,BY-VI,Mikhalovo,Mikhalovo,29103,3,City,UTC+3,Europe/Minsk
315698,BY,BY-VI,Borovenskiye Khutora,Borovenskiye Khutora,5070,3,Neighborhood,UTC+3,Europe/Minsk
315702,BY,BY-VI,Staroye Lyadno,Старое Лядна,339,3,locality,UTC+3,Europe/Minsk
315703,BY,BY-VI,Ekiman',Экімань,2452,3,Town,UTC+3,Europe/Minsk
315711,BY,BY-VI,Mezhitsa,Межыца 2,348,3,locality,UTC+3,Europe/Minsk
315718,BY,BY-VI,Zaluchino,Залучына,103,4,locality,UTC+3,Europe/Minsk
315720,BY,BY-VI,Kozinshchina,Kozinshchina,44220,3,City,UTC+3,Europe/Minsk
315727,BY,BY-VI,Matyushino,Мацюшына,229,3,Neighborhood,UTC+3,Europe/Minsk
315728,BY,BY-VI,Zhartsy,Zhartsy,1658,3,Neighborhood,UTC+3,Europe/Minsk
315732,BY,BY-VI,Zvezda,Звязда,259,3,locality,UTC+3,Europe/Minsk
315739,BY,BY-VI,Chernoruch'ye,Chernoruch’ye,6277,3,Town,UTC+3,Europe/Minsk
315743,BY,BY-VI,Tereshki,Tereshki,2118,3,Neighborhood,UTC+3,Europe/Minsk
315748,BY,BY-VI,Zaboyen'ye Vtoroye,Zaboyen’ye Vtoroye,827,3,Village,UTC+3,Europe/Minsk
315750,BY,BY-VI,Lipovets,Lipovets,1040,3,Neighborhood,UTC+3,Europe/Minsk
315753,BY,BY-VI,Amosovka,Amosovka,855,4,village,UTC+3,Europe/Minsk
315758,BY,BY-VI,Barsuki,Барсукі,128,3,City,UTC+3,Europe/Minsk
315772,BY,BY-VI,Varlan',Варлань,2965,3,Neighborhood,UTC+3,Europe/Minsk
315773,BY,BY-VI,Mil'kun',Mil’kun’,2242,4,village,UTC+3,Europe/Minsk
315776,BY,BY-VI,Pugachevo,Пугачова,169,4,village,UTC+3,Europe/Minsk
315780,BY,BY-VI,Studenka,Studënka,946,3,Village,UTC+3,Europe/Minsk
315783,BY,BY-VI,Ivyes',Івесь,148,4,village,UTC+3,Europe/Minsk
315791,BY,BY-VI,Novyye Goryany,Новыя Гараны,399,4,village,UTC+3,Europe/Minsk
315794,BY,BY-VI,Veretei Pervyye,Верацеі Першая,261,4,village,UTC+3,Europe/Minsk
315795,BY,BY-VI,Obrub-Berezvechskiy,Абруб Беразвецкі,115885,3,City,UTC+3,Europe/Minsk
315800,BY,BY-VI,Bystriki,Bystriki,3995,3,Neighborhood,UTC+3,Europe/Minsk
315805,BY,BY-VI,Lyakhovo,Ляхава,1163,3,Neighborhood,UTC+3,Europe/Minsk
315808,BY,BY-VI,Bodyalino,Bodyalino,399170,3,City,UTC+3,Europe/Minsk
315809,BY,BY-VI,Cherchitsy,Cherchitsy,1295,3,Neighborhood,UTC+3,Europe/Minsk
315810,BY,BY-VI,Uboyno,Убоіна,9649,3,Neighborhood,UTC+3,Europe/Minsk
315813,BY,BY-VI,Repinshchina,Repinshchina,914,3,Neighborhood,UTC+3,Europe/Minsk
315828,BY,BY-VI,Sutoki,Сутокі,915,3,Village,UTC+3,Europe/Minsk
315831,BY,BY-VI,Dubrovo,Dubrovo,1381,3,Village,UTC+3,Europe/Minsk
315833,BY,BY-VI,Andreyevo,Andreyevo,2206,3,Neighborhood,UTC+3,Europe/Minsk
315835,BY,BY-VI,Mokraki,Mokraki,7961,3,City,UTC+3,Europe/Minsk
315839,BY,BY-VI,Pobeda,Пабеда,250,4,village,UTC+3,Europe/Minsk
315842,BY,BY-VI,Bol'shiye Lezhni,Вялікія Ляжні,182,4,hamlet,UTC+3,Europe/Minsk
315874,BY,BY-VI,Dvor-Nizgolovo,Двор-Нізгалава,162,4,village,UTC+3,Europe/Minsk
315878,BY,BY-VI,Churilovo,Чурылава,119,4,village,UTC+3,Europe/Minsk
315893,BY,BY-VI,Nadezhino,Nadëzhino,1243,4,village,UTC+3,Europe/Minsk
315901,BY,BY-VI,Khmelevskiye,Khmelëvskiye,3510,3,Neighborhood,UTC+3,Europe/Minsk
315905,BY,BY-VI,Budishche,Budishche,16759,3,City,UTC+3,Europe/Minsk
315913,BY,BY-VI,Bon'ki,Bon’ki,1730,3,Neighborhood,UTC+3,Europe/Minsk
315915,BY,BY-VI,Sverdly,Sverdly,1156,3,Neighborhood,UTC+3,Europe/Minsk
315918,BY,BY-VI,Bondarevo,Bondarevo,1251,3,Neighborhood,UTC+3,Europe/Minsk
315919,BY,BY-VI,Pol'kovichi,Полькавічы,159,4,village,UTC+3,Europe/Minsk
315920,BY,BY-VI,Dvurech'ye,Двурэчча,113,4,locality,UTC+3,Europe/Minsk
315926,BY,BY-VI,Lobachevo,Лабачова,105,4,village,UTC+3,Europe/Minsk
315934,BY,BY-VI,Komoski,Камоскі,246,3,locality,UTC+3,Europe/Minsk
315953,BY,BY-VI,Derevnya,Derevnya,8044,3,City,UTC+3,Europe/Minsk
315960,BY,BY-VI,Parnevka,Parnëvka,17330,3,Neighborhood,UTC+3,Europe/Minsk
315971,BY,BY-VI,Astashevo,Асташова,85,4,locality,UTC+3,Europe/Minsk
315985,BY,BY-VI,Dolgoye,Dolgoye,136833,3,City,UTC+3,Europe/Minsk
315988,BY,BY-VI,Lyulyuki,Lyulyuki,4618,3,Town,UTC+3,Europe/Minsk
315991,BY,BY-VI,Shelkovshchina,Shelkovshchina,853,3,Neighborhood,UTC+3,Europe/Minsk
315997,BY,BY-VI,Drimovshchina,Drimovshchina,135,4,village,UTC+3,Europe/Minsk
316010,BY,BY-VI,Vyatero,Вяцера,246,4,locality,UTC+3,Europe/Minsk
316020,BY,BY-VI,Dol'devo,Дольдзева,1782,3,Neighborhood,UTC+3,Europe/Minsk
316022,BY,BY-VI,Mar'yanovo,Mar’yanovo,892,3,Neighborhood,UTC+3,Europe/Minsk
316024,BY,BY-VI,Ugly,Ugly,894,3,Neighborhood,UTC+3,Europe/Minsk
316028,BY,BY-VI,Dapany,Дапаны,2070,3,Neighborhood,UTC+3,Europe/Minsk
316032,BY,BY-VI,Moskalenki,Маскалёнкі,57,4,village,UTC+3,Europe/Minsk
316037,BY,BY-VI,Gavrilino,Gavrilino,2383,3,Town,UTC+3,Europe/Minsk
316040,BY,BY-VI,Lug,Луг,103,4,locality,UTC+3,Europe/Minsk
316041,BY,BY-VI,Rulevshchina,Рулёўшчына,262,4,village,UTC+3,Europe/Minsk
316052,BY,BY-VI,Turovo,Турава,172,4,locality,UTC+3,Europe/Minsk
316054,BY,BY-VI,Sukremno,Сукрэмна,55,4,village,UTC+3,Europe/Minsk
316058,BY,BY-VI,Budishche,Budishche,3732,3,Neighborhood,UTC+3,Europe/Minsk
316061,BY,BY-VI,Dubovtsy,Dubovtsy,166,3,Neighborhood,UTC+3,Europe/Minsk
316065,BY,BY-VI,Aleksandrovskaya,Aleksandrovskaya,1623,3,Town,UTC+3,Europe/Minsk
316069,BY,BY-VI,Orlyany,Orlyany,197,4,village,UTC+3,Europe/Minsk
316073,BY,BY-VI,Sinegorskoye,Сінягорскае,304,4,village,UTC+3,Europe/Minsk
316081,BY,BY-VI,Popovka,Папоўка,137,4,village,UTC+3,Europe/Minsk
316083,BY,BY-VI,Svobodnoye,Свабоднае,217,4,village,UTC+3,Europe/Minsk
316095,BY,BY-VI,Grakovo,Grakovo,426,3,Neighborhood,UTC+3,Europe/Minsk
316096,BY,BY-VI,Gankovichi,Ганкавічы,2664,3,Neighborhood,UTC+3,Europe/Minsk
316098,BY,BY-VI,Malyye Golyni,Malyye Golyni,954,3,Village,UTC+3,Europe/Minsk
316102,BY,BY-VI,Shashely,Shashely,15633,3,City,UTC+3,Europe/Minsk
316120,BY,BY-VI,Zadorozh'ye,Zadorozh’ye,2715,3,Town,UTC+3,Europe/Minsk
316129,BY,BY-VI,Aleksandrovo,Аляксандрава,278,3,Neighborhood,UTC+3,Europe/Minsk
316132,BY,BY-VI,Gryada,Gryada,400,4,village,UTC+3,Europe/Minsk
316133,BY,BY-VI,Tsyganki,Цыганкі,92,4,village,UTC+3,Europe/Minsk
316137,BY,BY-VI,Bor,Бор,18174,3,Neighborhood,UTC+3,Europe/Minsk
316139,BY,BY-VI,Noviki,Навікі,569,3,Neighborhood,UTC+3,Europe/Minsk
316140,BY,BY-VI,Malyye Trubachi,Malyye Trubachi,822,3,Neighborhood,UTC+3,Europe/Minsk
316144,BY,BY-VI,Vasil'ki,Васількі,138,4,locality,UTC+3,Europe/Minsk
316146,BY,BY-VI,Vyaderevo,Вядзерава,143,4,village,UTC+3,Europe/Minsk
316148,BY,BY-VI,Shevino,Шэвіна,117,4,village,UTC+3,Europe/Minsk
316152,BY,BY-VI,Bashni,Башні,384,3,locality,UTC+3,Europe/Minsk
316165,BY,BY-VI,Poltevo,Poltevo,1214,3,City,UTC+3,Europe/Minsk
316166,BY,BY-VI,Russki,Russki,1449,3,Village,UTC+3,Europe/Minsk
316193,BY,BY-VI,Sementsovo,Семянцова,85,4,locality,UTC+3,Europe/Minsk
316194,BY,BY-VI,Vyazhishche,Vyazhishche,789,3,Neighborhood,UTC+3,Europe/Minsk
316195,BY,BY-VI,Sinitsy,Сініцы,198,4,village,UTC+3,Europe/Minsk
316197,BY,BY-VI,Berkovo,Berkovo,2826,3,Neighborhood,UTC+3,Europe/Minsk
316209,BY,BY-VI,Buzany,Бузаны,3531,3,Neighborhood,UTC+3,Europe/Minsk
316215,BY,BY-VI,Danilovka,Danilovka,894,3,Village,UTC+3,Europe/Minsk
316223,BY,BY-VI,Grushevskaya,Grushevskaya,3238,3,City,UTC+3,Europe/Minsk
316239,BY,BY-VI,Novozaronovo,Novozaronovo,1646,3,Neighborhood,UTC+3,Europe/Minsk
316240,BY,BY-VI,Bos'kovo,Bos’kovo,2837,3,Neighborhood,UTC+3,Europe/Minsk
316244,BY,BY-VI,Priozernaya,Priozërnaya,826,3,Neighborhood,UTC+3,Europe/Minsk
316252,BY,BY-VI,Korovaynitsa,Каравайніца,143,4,village,UTC+3,Europe/Minsk
316253,BY,BY-VI,Simonovichi,Simonovichi,1596,3,Neighborhood,UTC+3,Europe/Minsk
316262,BY,BY-VI,Moskovskaya Gora,Moskovskaya Gora,68023,3,City,UTC+3,Europe/Minsk
316265,BY,BY-VI,Rotno,Rotno,1085,3,Neighborhood,UTC+3,Europe/Minsk
316270,BY,BY-VI,Kamenets,Kamenets,3009,3,Neighborhood,UTC+3,Europe/Minsk
316271,BY,BY-VI,Zamochek,Замачак,799,3,Village,UTC+3,Europe/Minsk
316273,BY,BY-VI,Mar'ino,Mar’ino,41889,3,Neighborhood,UTC+3,Europe/Minsk
316274,BY,BY-VI,Borovtsy,Borovtsy,1003,3,Village,UTC+3,Europe/Minsk
316275,BY,BY-VI,Zhuki,Zhuki,1773,3,Neighborhood,UTC+3,Europe/Minsk
316276,BY,BY-VI,Budishche,Budishche,233,4,village,UTC+3,Europe/Minsk
316284,BY,BY-VI,Zapol'ye,Zapol’ye,90288,3,City,UTC+3,Europe/Minsk
316289,BY,BY-VI,Andreychiki,Andreychiki,263,4,village,UTC+3,Europe/Minsk
316299,BY,BY-VI,Stryzhava,Стрыжава,132,4,village,UTC+3,Europe/Minsk
316300,BY,BY-VI,Mikitsikha,Мікіціха,951,3,locality,UTC+3,Europe/Minsk
316301,BY,BY-VI,Svyetlasyel'skaya,Светласельская,1234,3,Neighborhood,UTC+3,Europe/Minsk
316302,BY,BY-VI,Pyestunitsa,Пестуніца,1844,3,Neighborhood,UTC+3,Europe/Minsk
316305,BY,BY-VI,Budzilava,Будзілава,252,4,village,UTC+3,Europe/Minsk
316308,BY,BY-VI,Prozyemlya,Проземля,249,4,village,UTC+3,Europe/Minsk
316310,BY,BY-VI,Kruhlitsa,Кругліца,523,3,Neighborhood,UTC+3,Europe/Minsk
316312,BY,BY-VI,Aktsyabrski,Акцябрскі,629,3,Neighborhood,UTC+3,Europe/Minsk
316313,BY,BY-VI,Purplyeva,Пурплева,131,4,locality,UTC+3,Europe/Minsk
316315,BY,BY-VI,Obol',Оболь,373,3,locality,UTC+3,Europe/Minsk
316316,BY,BY-VI,Studzyonka,Студзёнка,178,4,locality,UTC+3,Europe/Minsk
316317,BY,BY-VI,Belaya Lipa,Белая Ліпа,285,3,locality,UTC+3,Europe/Minsk
316318,BY,BY-VI,Bahdanava,Богданово,387,4,village,UTC+3,Europe/Minsk
316320,BY,BY-HR,Rovbishki,Роўбішкі,145,4,locality,UTC+3,Europe/Minsk
316327,BY,BY-HR,Dotsishki,Доцішкі,552,4,village,UTC+3,Europe/Minsk
316330,BY,BY-HR,Novosady,Novosady,10018,3,City,UTC+3,Europe/Minsk
316336,BY,BY-HR,Alekshishki,Алякшышкі,138,4,village,UTC+3,Europe/Minsk
316341,BY,BY-HR,Staryye Smil'gini,Старыя Смільгіні,129,4,village,UTC+3,Europe/Minsk
316343,BY,BY-HR,Palashki,Palashki,849,3,Village,UTC+3,Europe/Minsk
316345,BY,BY-HR,Hirki,Гіркі,177,4,village,UTC+3,Europe/Minsk
316349,BY,BY-MI,Balashi,Балашы,264,4,village,UTC+3,Europe/Minsk
316351,BY,BY-MI,Strazhi,Strazhi,1370,3,Neighborhood,UTC+3,Europe/Minsk
316366,BY,BY-MI,Selishche,Селішча,271,4,village,UTC+3,Europe/Minsk
316369,BY,BY-MI,Nesterki,Nestërki,1567,3,Neighborhood,UTC+3,Europe/Minsk
316376,BY,BY-MI,Shchuki,Shchuki,4500,3,City,UTC+3,Europe/Minsk
316382,BY,BY-MI,Barsuki,Барсукі,373,3,Neighborhood,UTC+3,Europe/Minsk
316383,BY,BY-MI,Boyary,Boyary,952,3,Neighborhood,UTC+3,Europe/Minsk
316394,BY,BY-MI,Mikhnichi,Mikhnichi,2284,3,Neighborhood,UTC+3,Europe/Minsk
316398,BY,BY-MI,Putrichi,Putrichi,163,3,Neighborhood,UTC+3,Europe/Minsk
316400,BY,BY-MI,Chudzyenichy,Чудзенічы,464,3,locality,UTC+3,Europe/Minsk
316403,BY,BY-MI,Pashkovshchina,Пашкоўшчына,134,4,village,UTC+3,Europe/Minsk
316406,BY,BY-MI,Tereshki,Tereshki,1508,3,Neighborhood,UTC+3,Europe/Minsk
316411,BY,BY-MI,Gorbachevo,Gorbachevo,116570,3,City,UTC+3,Europe/Minsk
316415,BY,BY-MI,Davydki,Давыдкі,99,4,hamlet,UTC+3,Europe/Minsk
316420,BY,BY-MI,Volos'ki,Volos’ki,2682,3,Neighborhood,UTC+3,Europe/Minsk
316424,BY,BY-MI,Dubrovka,Дуброўка,5493,3,Town,UTC+3,Europe/Minsk
316428,BY,BY-MI,Khodosy,Хадасы,129,4,village,UTC+3,Europe/Minsk
316431,BY,BY-MI,Ovsyaniki,Аўсянікі,1288,3,City,UTC+3,Europe/Minsk
316434,BY,BY-MI,Zabolot'ye,Забалацце,235,4,village,UTC+3,Europe/Minsk
316439,BY,BY-MI,General'chiki,General’chiki,838,3,Village,UTC+3,Europe/Minsk
316440,BY,BY-MI,Bezvodnoye,Bezvodnoye,25553,3,City,UTC+3,Europe/Minsk
316441,BY,BY-MI,Obodovtsy,Абадоўцы,302,4,village,UTC+3,Europe/Minsk
316448,BY,BY-MI,Zabor'ye,Забар’е,116,4,village,UTC+3,Europe/Minsk
316450,BY,BY-MI,Skoberets,Skoberets,1089,3,Village,UTC+3,Europe/Minsk
316466,BY,BY-MI,Asintsy,Asintsy,2348,3,Village,UTC+3,Europe/Minsk
316467,BY,BY-MI,Gaponovo,Gaponovo,88,4,village,UTC+3,Europe/Minsk
316469,BY,BY-MI,Sushkovo,Sushkovo,4545,3,City,UTC+3,Europe/Minsk
316473,BY,BY-MI,Krivoznaki,Krivoznaki,1482,3,Village,UTC+3,Europe/Minsk
316475,BY,BY-MI,Yurilovo,Yurilovo,10606,3,City,UTC+3,Europe/Minsk
316487,BY,BY-MI,Stanovishche,Stanovishche,774,3,Neighborhood,UTC+3,Europe/Minsk
316492,BY,BY-MI,Starinki,Starinki,2299,3,Neighborhood,UTC+3,Europe/Minsk
316495,BY,BY-MI,Prileptsy,Прылепцы,189,4,village,UTC+3,Europe/Minsk
316497,BY,BY-MI,Vyazovshchina,Vyazovshchina,1725,3,Neighborhood,UTC+3,Europe/Minsk
316499,BY,BY-MI,Komarovka,Камароўка,147,4,village,UTC+3,Europe/Minsk
316507,BY,BY-MI,Staroye Chernevo,Staroye Chernëvo,1463,3,Neighborhood,UTC+3,Europe/Minsk
316509,BY,BY-MI,Gromnitsy,Gromnitsy,228,4,village,UTC+3,Europe/Minsk
316519,BY,BY-MI,Suknevichi,Сукневічы,108,4,village,UTC+3,Europe/Minsk
316525,BY,BY-MI,Lozovka,Lozovka,2409,3,City,UTC+3,Europe/Minsk
316533,BY,BY-MI,Beloye,Белае,211,3,locality,UTC+3,Europe/Minsk
316541,BY,BY-MI,Bulakhovka,Bulakhovka,1087786,3,City,UTC+3,Europe/Minsk
316542,BY,BY-MI,Ostrov Pervyy,Ostrov Pervyy,31355,3,City,UTC+3,Europe/Minsk
316544,BY,BY-MI,Veynka,Veynka,13589,3,City,UTC+3,Europe/Minsk
316549,BY,BY-MI,Sloboda,Слабада,250,3,locality,UTC+3,Europe/Minsk
316550,BY,BY-MI,Vygor,Vygor,1587,3,Neighborhood,UTC+3,Europe/Minsk
316558,BY,BY-MI,Rudnya,Rudnya,2813,3,Town,UTC+3,Europe/Minsk
316561,BY,BY-MI,Mikhalovo,Міхалова,108,4,locality,UTC+3,Europe/Minsk
316572,BY,BY-MI,Belany,Belany,6656,3,Village,UTC+3,Europe/Minsk
316574,BY,BY-MI,Zelenyy Lug,Зялёны Луг,181,3,Neighborhood,UTC+3,Europe/Minsk
316588,BY,BY-MI,Zhilichi,Zhilichi,990,3,Neighborhood,UTC+3,Europe/Minsk
316589,BY,BY-MI,Kanikovichi,Kanikovichi,2611,3,Neighborhood,UTC+3,Europe/Minsk
316597,BY,BY-MI,Myshkovichi,Myshkovichi,204,3,Neighborhood,UTC+3,Europe/Minsk
316604,BY,BY-MI,Tadulino,Тадуліна,112,4,locality,UTC+3,Europe/Minsk
316605,BY,BY-MI,Vishnya,Вішня,402,3,Neighborhood,UTC+3,Europe/Minsk
316611,BY,BY-MI,Rebrishche,Rebrishche,793,3,Neighborhood,UTC+3,Europe/Minsk
316624,BY,BY-MI,Semkovo,Сямкова,275,4,village,UTC+3,Europe/Minsk
316627,BY,BY-MI,Metlichino,Metlichino,1238,3,Neighborhood,UTC+3,Europe/Minsk
316628,BY,BY-MI,Komsomolets,Камсамолец,351,4,village,UTC+3,Europe/Minsk
316629,BY,BY-MI,Alekshitsy,Алекшыцы,218,3,locality,UTC+3,Europe/Minsk
316634,BY,BY-MI,Chertyazh,Chertyazh,26708,3,City,UTC+3,Europe/Minsk
316635,BY,BY-MI,Verbitskiye,Verbitskiye,52,4,village,UTC+3,Europe/Minsk
316636,BY,BY-MI,Borovlyany,Бараўляны,5000,3,locality,UTC+3,Europe/Minsk
316638,BY,BY-MI,Skuraty,Скураты,29,3,Neighborhood,UTC+3,Europe/Minsk
316643,BY,BY-MI,Luzhki,Лужкі,325,3,locality,UTC+3,Europe/Minsk
316645,BY,BY-MI,Pristromy,Прыстрамы,94,4,village,UTC+3,Europe/Minsk
316648,BY,BY-MI,Lyady,Ляды,87,4,village,UTC+3,Europe/Minsk
316652,BY,BY-MI,Lipniki,Ліпнікі,61,4,hamlet,UTC+3,Europe/Minsk
316653,BY,BY-MI,Sosnovaya,Сасновая,195,4,village,UTC+3,Europe/Minsk
316655,BY,BY-MI,Konchany,Канчаны,238,3,locality,UTC+3,Europe/Minsk
316667,BY,BY-MI,Trusovichi,Trusovichi,7312,3,Neighborhood,UTC+3,Europe/Minsk
316670,BY,BY-MI,Dyatlovka,Dyatlovka,1913,3,Village,UTC+3,Europe/Minsk
316681,BY,BY-MI,Ledveni,Ledveni,681,4,village,UTC+3,Europe/Minsk
316682,BY,BY-MI,Srednyaya,Srednyaya,1064,3,Neighborhood,UTC+3,Europe/Minsk
316685,BY,BY-MI,Dovborovo,Dovborovo,54,3,Neighborhood,UTC+3,Europe/Minsk
316691,BY,BY-MI,Rakhman'ki,Рахманькі,165,4,locality,UTC+3,Europe/Minsk
316695,BY,BY-MI,Lesiny,Lesiny,275,4,village,UTC+3,Europe/Minsk
316697,BY,BY-MI,Kasyn',Касынь,107,4,hamlet,UTC+3,Europe/Minsk
316699,BY,BY-MI,Osovo,Восава,71,4,village,UTC+3,Europe/Minsk
316705,BY,BY-MI,Laporovichi,Лапаравічы,1394,3,Neighborhood,UTC+3,Europe/Minsk
316708,BY,BY-MI,Kirshi,Кіршы,304,4,village,UTC+3,Europe/Minsk
316711,BY,BY-MI,Novashino,Навашыно,136,4,village,UTC+3,Europe/Minsk
316712,BY,BY-MI,Anusino,Анусіна,77,4,locality,UTC+3,Europe/Minsk
316718,BY,BY-MI,Yermaki,Yermaki,16150,3,Neighborhood,UTC+3,Europe/Minsk
316726,BY,BY-MI,Shimkovo,Shimkovo,36297,3,City,UTC+3,Europe/Minsk
316728,BY,BY-MI,Kuty,Куты,1052,3,Village,UTC+3,Europe/Minsk
316729,BY,BY-MI,Novinka,Навінка,124,4,village,UTC+3,Europe/Minsk
316732,BY,BY-MI,Maslovichi,Маславічы,83,4,locality,UTC+3,Europe/Minsk
316739,BY,BY-MI,Gory,Gory,762,3,Village,UTC+3,Europe/Minsk
316740,BY,BY-MI,Zhabovshchina,Zhabovshchina,1274,3,Neighborhood,UTC+3,Europe/Minsk
316746,BY,BY-MI,Tonelevo,Tonelevo,13739,3,City,UTC+3,Europe/Minsk
316756,BY,BY-MI,Tokarevshchina,Tokarevshchina,832,3,Village,UTC+3,Europe/Minsk
316757,BY,BY-MI,Bal'tsery,Bal’tsery,1911,3,Neighborhood,UTC+3,Europe/Minsk
316777,BY,BY-MI,Shubniki,Шубнікі,90,4,village,UTC+3,Europe/Minsk
316778,BY,BY-MI,Vyazanka,Vyazanka,3277,3,Town,UTC+3,Europe/Minsk
316783,BY,BY-MI,Vazgely,Вазгелы,111,4,locality,UTC+3,Europe/Minsk
316784,BY,BY-MI,Krichki,Крычкі,113,4,locality,UTC+3,Europe/Minsk
316793,BY,BY-MI,Dekshnyany,Дзякшняны,155,4,village,UTC+3,Europe/Minsk
316795,BY,BY-MI,Voyteli,Voyteli,54810,3,City,UTC+3,Europe/Minsk
316808,BY,BY-MI,Boyary,Баяры,234,3,locality,UTC+3,Europe/Minsk
316810,BY,BY-MI,Kostyushki,Касцюшкі,199,4,locality,UTC+3,Europe/Minsk
316817,BY,BY-MI,Rakutevshchina,Ракуцёўшчына,151,4,village,UTC+3,Europe/Minsk
316820,BY,BY-MI,Lyudvinova,Людвінова,832,4,village,UTC+3,Europe/Minsk
316821,BY,BY-MI,Mats'kawtsy,Мацькаўцы,334,4,village,UTC+3,Europe/Minsk
316822,BY,BY-MI,Partyzanski,Партызанскі,679,4,village,UTC+3,Europe/Minsk
316823,BY,BY-MI,Novy Dvor,Новы Двор,118,4,hamlet,UTC+3,Europe/Minsk
316825,BY,BY-MI,Lashany,Лашаны,621,4,village,UTC+3,Europe/Minsk
316827,BY,BY-MI,Novy Dvor,Новый Двор,703,4,village,UTC+3,Europe/Minsk
316828,BY,BY-MI,Yuzufova,Юзуфова,682,4,village,UTC+3,Europe/Minsk
316829,BY,BY-MI,Vishnyowka,Вішнёўка,1030,4,village,UTC+3,Europe/Minsk
316830,BY,BY-MI,Brawki,Браўкі,436,3,locality,UTC+3,Europe/Minsk
316831,BY,BY-MI,Malyya Nyastanavichy,Малыя Нястанавічы,267,3,locality,UTC+3,Europe/Minsk
316832,BY,BY-MI,Losi,Ласі,124,4,locality,UTC+3,Europe/Minsk
316833,BY,BY-MI,Chyst',Чысць,5300,3,locality,UTC+3,Europe/Minsk
316834,BY,BY-MI,Rayowka,Раёўка,527,4,village,UTC+3,Europe/Minsk
316835,BY,BY-MI,Lukavyets,Лукавец,215,4,village,UTC+3,Europe/Minsk
316836,BY,BY-MI,Lahaza,Лагаза,727,4,village,UTC+3,Europe/Minsk
316838,BY,BY-MI,Znamyenka,Знаменка,109,4,village,UTC+3,Europe/Minsk
316839,BY,BY-MI,Domashany,Дамашаны,550,3,Neighborhood,UTC+3,Europe/Minsk
316840,BY,BY-MI,Lyeskawka,Лескаўка,1400,4,village,UTC+3,Europe/Minsk
316841,BY,BY-MI,Lyasny,Лясны,15000,3,locality,UTC+3,Europe/Minsk
316842,BY,BY-MI,Akolitsa,Аколіца,680,3,locality,UTC+3,Europe/Minsk
316843,BY,BY-MI,Bal'shavik,Бальшавік,3470,4,village,UTC+3,Europe/Minsk
316857,BY,BY-VI,Volosachi,Volosachi,1424,3,Village,UTC+3,Europe/Minsk
316872,BY,BY-MI,Struga,Струга,1899,3,Neighborhood,UTC+3,Europe/Minsk
316876,BY,BY-MI,Podalets,Podalets,1392,3,Neighborhood,UTC+3,Europe/Minsk
316877,BY,BY-MI,Mkhereno Pervoye,Mkhereno Pervoye,10912,3,City,UTC+3,Europe/Minsk
316886,BY,BY-MI,Gorozhanka,Gorozhanka,4464,3,Neighborhood,UTC+3,Europe/Minsk
316894,BY,BY-MI,Mayachnaya,Mayachnaya,22671,3,City,UTC+3,Europe/Minsk
316899,BY,BY-MI,Gol'zberg,Gol’zberg,62203,4,town,UTC+3,Europe/Minsk
316902,BY,BY-MI,Versanka,Versanka,1211,3,Village,UTC+3,Europe/Minsk
316908,BY,BY-MI,Novosely,Навасёлы,150,4,village,UTC+3,Europe/Minsk
316909,BY,BY-MI,Zaprud'ye,Zaprud’ye,783,3,Neighborhood,UTC+3,Europe/Minsk
316911,BY,BY-MI,Zagotets,Zagotets,309,4,village,UTC+3,Europe/Minsk
316917,BY,BY-MI,Torosino,Torosino,80,4,village,UTC+3,Europe/Minsk
316918,BY,BY-MI,Guba,Guba,829,3,Village,UTC+3,Europe/Minsk
316942,BY,BY-MI,Khvorosteni,Khvorosteni,765,3,Neighborhood,UTC+3,Europe/Minsk
316963,BY,BY-MI,Yuzefovo,Юзафова,190,4,locality,UTC+3,Europe/Minsk
316967,BY,BY-MI,Krichino,Крычына,101,4,locality,UTC+3,Europe/Minsk
316981,BY,BY-MI,Zabolot'ye,Забалоцце,302,4,village,UTC+3,Europe/Minsk
316983,BY,BY-MI,Podberez'ye,Падбярэззе,134,4,village,UTC+3,Europe/Minsk
316999,BY,BY-MI,Brusy,Брусы,101,4,hamlet,UTC+3,Europe/Minsk
317010,BY,BY-MI,Svetlaya Roshcha,Светлая Рошча,136,4,locality,UTC+3,Europe/Minsk
317015,BY,BY-MI,Chirvonyy Kostrichnik,Chirvonyy Kostrichnik,785,3,Village,UTC+3,Europe/Minsk
317017,BY,BY-MI,Maloye Stakhovo,Малое Стахава,142,4,village,UTC+3,Europe/Minsk
317018,BY,BY-MI,Dudinka,Дудзінка,111,4,locality,UTC+3,Europe/Minsk
317019,BY,BY-MI,Starabarysaw,Старабарысаў,1290,3,locality,UTC+3,Europe/Minsk
317020,BY,BY-MI,Pchel'nik,Пчэльнік,507,4,village,UTC+3,Europe/Minsk
317021,BY,BY-MI,Mayak Kommunizma,Mayak Kommunizma,53,4,village,UTC+3,Europe/Minsk
317022,BY,BY-MI,Demidovka,Дзямідаўка,279,4,village,UTC+3,Europe/Minsk
317024,BY,BY-MI,Selitrenka,Сялітранка,131,4,locality,UTC+3,Europe/Minsk
317025,BY,BY-MI,Vuhly,Вуглы,1611,3,Village,UTC+3,Europe/Minsk
317035,BY,BY-MI,Maloye Osovo,Maloye Osovo,1990,3,Town,UTC+3,Europe/Minsk
317036,BY,BY-MI,Kolos,Колас,123,4,village,UTC+3,Europe/Minsk
317039,BY,BY-MI,Osinovka,Osinovka,902,3,Neighborhood,UTC+3,Europe/Minsk
317048,BY,BY-MI,Shilino,Шыліна,156,4,village,UTC+3,Europe/Minsk
317049,BY,BY-MI,Navasady,Навасады,2745,3,City,UTC+3,Europe/Minsk
317050,BY,BY-MI,Stayki,Стайкі,273,4,village,UTC+3,Europe/Minsk
317052,BY,BY-MI,Zherstvyanka,Zherstvyanka,849,3,Neighborhood,UTC+3,Europe/Minsk
317055,BY,BY-MI,Chemki,Chemki,1824,3,Neighborhood,UTC+3,Europe/Minsk
317058,BY,BY-MI,Ostrov,Востраў,365,3,locality,UTC+3,Europe/Minsk
317060,BY,BY-MI,Malaya Ukholoda,Малая Ухалода,247,4,village,UTC+3,Europe/Minsk
317063,BY,BY-MI,Askerki,Аскеркі,116,4,village,UTC+3,Europe/Minsk
317071,BY,BY-MI,Ryabinovka,Ryabinovka,19427,3,Neighborhood,UTC+3,Europe/Minsk
317082,BY,BY-MI,Stai,Стаі,116,4,hamlet,UTC+3,Europe/Minsk
317090,BY,BY-MI,Budahova,Будагова,706,4,village,UTC+3,Europe/Minsk
317091,BY,BY-MI,Zales'ye,Залессе,1408,3,Neighborhood,UTC+3,Europe/Minsk
317095,BY,BY-MI,Shobiki,Shobiki,4573,3,Neighborhood,UTC+3,Europe/Minsk
317099,BY,BY-MI,Mulishche,Mulishche,3151,3,Town,UTC+3,Europe/Minsk
317103,BY,BY-MI,Persten',Persten’,912,3,Neighborhood,UTC+3,Europe/Minsk
317109,BY,BY-MI,Tarasik,Тарасікі,606264,3,City,UTC+3,Europe/Minsk
317110,BY,BY-MI,Barsuki,Барсукі,1031,4,village,UTC+3,Europe/Minsk
317118,BY,BY-MI,Osovo,Osovo,31993,3,Neighborhood,UTC+3,Europe/Minsk
317120,BY,BY-MI,Kurkovo,Куркава,344,4,village,UTC+3,Europe/Minsk
317121,BY,BY-MI,Kryvaya Byaroza,Крывая Бяроза,774,3,locality,UTC+3,Europe/Minsk
317123,BY,BY-MI,Kalyuga,Калюга,129,4,locality,UTC+3,Europe/Minsk
317124,BY,BY-MI,Prisynok,Prisynok,1260,3,Neighborhood,UTC+3,Europe/Minsk
317125,BY,BY-MI,Sakovka,Сакаўка,85,4,locality,UTC+3,Europe/Minsk
317134,BY,BY-MI,Pribor'ye,Прыбор’е,132,4,village,UTC+3,Europe/Minsk
317141,BY,BY-MI,Lavnitsa,Лаўніца,184,4,village,UTC+3,Europe/Minsk
317145,BY,BY-MI,Kalinovka,Калінаўка,595,4,village,UTC+3,Europe/Minsk
317151,BY,BY-MI,Zarechcha,Зарэчча,1306,4,village,UTC+3,Europe/Minsk
317154,BY,BY-MI,Malyye Lipki,Malyye Lipki,746,3,Village,UTC+3,Europe/Minsk
317159,BY,BY-MI,Mikolayevichi,Мікалаевічы,340,4,village,UTC+3,Europe/Minsk
317160,BY,BY-MI,Zagor'ye,Загор’е,170,4,village,UTC+3,Europe/Minsk
317162,BY,BY-MI,Shpakovshchina,Шпакоўшчына,138,4,village,UTC+3,Europe/Minsk
317169,BY,BY-HR,Strel'chiki,Strel’chiki,1383,3,Neighborhood,UTC+3,Europe/Minsk
317179,BY,BY-HR,Daynovka,Daynovka,6865,3,Neighborhood,UTC+3,Europe/Minsk
317182,BY,BY-HR,Marvchanka,Marvchanka,5736,3,Neighborhood,UTC+3,Europe/Minsk
317190,BY,BY-HR,Lipnishki,Lipnishki,53878,3,Neighborhood,UTC+3,Europe/Minsk
317191,BY,BY-HR,Lipki,Ліпкі,141,4,hamlet,UTC+3,Europe/Minsk
317198,BY,BY-HR,Mindyany,Міндзяны,79,4,village,UTC+3,Europe/Minsk
317202,BY,BY-HR,Lozovka,Лазоўка,110,4,village,UTC+3,Europe/Minsk
317211,BY,BY-HR,Novoselki,Навасёлкі,62,4,locality,UTC+3,Europe/Minsk
317212,BY,BY-HR,Volkovshchina,Ваўкоўшчына,609,3,Neighborhood,UTC+3,Europe/Minsk
317215,BY,BY-HR,Benyany,Бяняны,146,3,Neighborhood,UTC+3,Europe/Minsk
317220,BY,BY-HR,Druzhba,Дружба,118,4,village,UTC+3,Europe/Minsk
317222,BY,BY-HR,Leylubka,Лэйлубка,432,3,Village,UTC+3,Europe/Minsk
317224,BY,BY-HR,Berventsy,Berventsy,534,3,Neighborhood,UTC+3,Europe/Minsk
317226,BY,BY-HR,Budzyonawka,Будзёнаўка,1072,4,village,UTC+3,Europe/Minsk
317227,BY,BY-HR,Lyudvinovo,Людзвінова,671,3,Neighborhood,UTC+3,Europe/Minsk
317236,BY,BY-HR,Lysaya Gora,Lysaya Gora,17529,3,City,UTC+3,Europe/Minsk
317237,BY,BY-HR,Burtishki,Burtishki,1666,3,Neighborhood,UTC+3,Europe/Minsk
317239,BY,BY-HR,Muriny,Muriny,1317,3,Town,UTC+3,Europe/Minsk
317241,BY,BY-HR,Dyalino,Dyalino,37021,4,town,UTC+3,Europe/Minsk
317246,BY,BY-HR,Latveli,Latveli,1882,3,Neighborhood,UTC+3,Europe/Minsk
317253,BY,BY-HR,Novosyady,Навасяды,153,4,village,UTC+3,Europe/Minsk
317261,BY,BY-HR,Novodvortsy,Novodvortsy,839,3,Neighborhood,UTC+3,Europe/Minsk
317272,BY,BY-HR,Andreykishki,Andreykishki,1599,3,Neighborhood,UTC+3,Europe/Minsk
317275,BY,BY-HR,Kodi,Kodi,940,3,Neighborhood,UTC+3,Europe/Minsk
317308,BY,BY-HR,Bol'teniki,Больцінікі,1086,3,Town,UTC+3,Europe/Minsk
317311,BY,BY-HR,Padvoryshki,Падворышкі,444,3,locality,UTC+3,Europe/Minsk
317312,BY,BY-HR,Litvitsa,Літвіца,118,4,village,UTC+3,Europe/Minsk
317314,BY,BY-HR,Gaytyunishki,Гайцюнішкі,288,3,locality,UTC+3,Europe/Minsk
317320,BY,BY-HR,Botyany,Botyany,840,3,Village,UTC+3,Europe/Minsk
317332,BY,BY-HR,Makary,Макары,3383,3,City,UTC+3,Europe/Minsk
317343,BY,BY-HR,Bobriki,Bobriki,1247,3,Neighborhood,UTC+3,Europe/Minsk
317345,BY,BY-HR,Azhukol'ni,Azhukol’ni,854,3,Neighborhood,UTC+3,Europe/Minsk
317351,BY,BY-HR,Iotkishki,Ёткішкі,150,4,locality,UTC+3,Europe/Minsk
317356,BY,BY-HR,Drobishuny,Драбішуны,125,4,village,UTC+3,Europe/Minsk
317361,BY,BY-HR,Kletkeniki,Клеткенікі,207,4,village,UTC+3,Europe/Minsk
317366,BY,BY-HR,Daynova,Daynova,1912,3,Neighborhood,UTC+3,Europe/Minsk
317367,BY,BY-HR,Bol'shiye Novosyady,Bol’shiye Novosyady,375,4,village,UTC+3,Europe/Minsk
317371,BY,BY-HR,Noviyanka,Навіянка,236,4,village,UTC+3,Europe/Minsk
317382,BY,BY-HR,Sharkuti,Шаркуці,85,4,village,UTC+3,Europe/Minsk
317386,BY,BY-HR,Rudevshchina,Rudevshchina,3732,3,City,UTC+3,Europe/Minsk
317390,BY,BY-HR,Kazary,Казары,2941,3,Village,UTC+3,Europe/Minsk
317414,BY,BY-HR,Lopatishki,Lopatishki,1602,4,village,UTC+3,Europe/Minsk
317415,BY,BY-HR,Bastuny,Бастуны,659,4,village,UTC+3,Europe/Minsk
317426,BY,BY-HR,Dobrovlyany,Dobrovlyany,868,3,Neighborhood,UTC+3,Europe/Minsk
317430,BY,BY-HR,Sekerishki,Sekerishki,3297,3,Neighborhood,UTC+3,Europe/Minsk
317432,BY,BY-HR,Lyapyoshki,Ляпёшкі,1626,3,Town,UTC+3,Europe/Minsk
317433,BY,BY-HR,Semenki,Semenki,455,3,Neighborhood,UTC+3,Europe/Minsk
317435,BY,BY-HR,Cherneli,Чарнэлі,76,4,locality,UTC+3,Europe/Minsk
317448,BY,BY-HR,Zhili,Жылі,66,4,locality,UTC+3,Europe/Minsk
317451,BY,BY-HR,Yedantsa,Yedantsa,848,3,Neighborhood,UTC+3,Europe/Minsk
317458,BY,BY-HR,Dovkni,Dovkni,3004,3,Town,UTC+3,Europe/Minsk
317465,BY,BY-HR,Zanyuny,Zanyuny,926,4,village,UTC+3,Europe/Minsk
317477,BY,BY-HR,Haradzishcha,Гарадзішча,676,3,Town,UTC+3,Europe/Minsk
317483,BY,BY-HR,Tovkini,Tovkini,994,3,Village,UTC+3,Europe/Minsk
317490,BY,BY-HR,Krynitsa,Крыніцы,977,3,Neighborhood,UTC+3,Europe/Minsk
317496,BY,BY-HR,Voytovichi,Voytovichi,5759,3,City,UTC+3,Europe/Minsk
317509,BY,BY-HR,Maslikovtsy,Maslikovtsy,16283,3,Neighborhood,UTC+3,Europe/Minsk
317510,BY,BY-HR,Tsentral'naya,Цэнтральная,333,4,village,UTC+3,Europe/Minsk
317515,BY,BY-HR,Noviki,Noviki,15877,3,Neighborhood,UTC+3,Europe/Minsk
317518,BY,BY-MI,Usiazh,Усяж,1500,3,locality,UTC+3,Europe/Minsk
317519,BY,\N,Cherjomushki,Чаромушкі,404,3,Village,UTC+3,Europe/Minsk
317521,BY,BY-MA,Nikolaevka-3,Мікалаеўка 3,136,4,locality,UTC+3,Europe/Minsk
317522,BY,BY-MA,Staroe Pashkovo,Старое Пашкава,150,4,village,UTC+3,Europe/Minsk
317523,BY,\N,Prisno-2,Присно-2,59,4,locality,UTC+3,Europe/Minsk
317524,BY,BY-MI,Oktjabr'skij,Кастрычніцкі,2324,3,Town,UTC+3,Europe/Minsk
317530,BY,BY-MI,Usha Vtoraya,Уша 2,99,4,village,UTC+3,Europe/Minsk
317533,BY,BY-MI,Staraya Miotcha,Старая Мётча,506,3,locality,UTC+3,Europe/Minsk
317543,BY,BY-MI,Vykras,Выкрас,17018,3,City,UTC+3,Europe/Minsk
317551,BY,BY-MI,Vasilevshchina,Васілеўшчына,162,4,village,UTC+3,Europe/Minsk
317554,BY,BY-MI,Borovoy Most,Borovoy Most,1216,3,Neighborhood,UTC+3,Europe/Minsk
317587,BY,BY-MI,Vasil'yevka,Vasil’yevka,21159,3,City,UTC+3,Europe/Minsk
317588,BY,BY-MI,Ules'ye,Ules’ye,18282,3,City,UTC+3,Europe/Minsk
317592,BY,BY-MI,Novoye Zhit'ye,Novoye Zhit’yë,1479,3,Village,UTC+3,Europe/Minsk
317602,BY,BY-MA,Gordovo,Gordovo,797,3,Neighborhood,UTC+3,Europe/Minsk
317608,BY,BY-MA,Neroplya,Neroplya,478,3,Neighborhood,UTC+3,Europe/Minsk
317621,BY,BY-MA,Lyamnitsa,Лямніца,170,4,locality,UTC+3,Europe/Minsk
317630,BY,BY-MA,Monevka,Monevka,619,4,village,UTC+3,Europe/Minsk
317633,BY,BY-MA,Lyebyadzyanka,Лебядзянка,231,4,village,UTC+3,Europe/Minsk
317639,BY,BY-MA,Guta,Guta,1095,3,Neighborhood,UTC+3,Europe/Minsk
317646,BY,BY-MA,Mezinets,Mezinets,180,4,village,UTC+3,Europe/Minsk
317666,BY,BY-MA,Osman-Kasayevo,Асман-Касаева,330,3,Neighborhood,UTC+3,Europe/Minsk
317681,BY,BY-MA,Zamochul'ye,Замачулле,2946,3,Neighborhood,UTC+3,Europe/Minsk
317714,BY,BY-MA,Komarovka,Komarovka,807,3,Village,UTC+3,Europe/Minsk
317719,BY,BY-MA,Kozel,Kozel,1598,3,Neighborhood,UTC+3,Europe/Minsk
317722,BY,BY-MA,Chorny Bor,Чорны Бор,349,3,locality,UTC+3,Europe/Minsk
317734,BY,BY-MA,Yelovka,Yelovka,854,3,Neighborhood,UTC+3,Europe/Minsk
317735,BY,BY-MA,Vesnik,Vesnik,734,3,Neighborhood,UTC+3,Europe/Minsk
317741,BY,BY-MA,Zakut'ye,Zakut’ye,3094,3,Town,UTC+3,Europe/Minsk
317751,BY,BY-MA,Oktyabr'sk,Акцябрск,150,4,locality,UTC+3,Europe/Minsk
317752,BY,BY-MA,Osinovka,Osinovka,827,3,Neighborhood,UTC+3,Europe/Minsk
317757,BY,BY-MA,Patoka,Патока,96,4,hamlet,UTC+3,Europe/Minsk
317759,BY,BY-MA,Podstruzh'ye,Podstruzh’ye,1590,3,Neighborhood,UTC+3,Europe/Minsk
317760,BY,BY-MA,Hanchanski,Ганчанскі,238,4,village,UTC+3,Europe/Minsk
317765,BY,BY-MA,Bolonovka,Bolonovka,1107,3,Village,UTC+3,Europe/Minsk
317767,BY,BY-MA,Gryadki,Gryadki,2029,3,Neighborhood,UTC+3,Europe/Minsk
317771,BY,BY-MA,Perekol',Пярэкаль,141,4,village,UTC+3,Europe/Minsk
317786,BY,BY-MA,Gogol',Gogol’,1694,3,Neighborhood,UTC+3,Europe/Minsk
317795,BY,BY-MA,"Pod""yablon'ka",Pod”yablon’ka,819,3,Neighborhood,UTC+3,Europe/Minsk
317802,BY,BY-MA,Mazurovka,Mazurovka,1110,3,Neighborhood,UTC+3,Europe/Minsk
317803,BY,BY-MA,Skachok,Скачок,368,3,locality,UTC+3,Europe/Minsk
317809,BY,BY-VI,Koytovo,Koytovo,2581,3,Neighborhood,UTC+3,Europe/Minsk
317816,BY,BY-VI,Prokudy,Пракуды,98,4,village,UTC+3,Europe/Minsk
317818,BY,BY-VI,Dutchino,Дудчына,86,4,locality,UTC+3,Europe/Minsk
317822,BY,BY-VI,Ananino,Ананіна,120,4,locality,UTC+3,Europe/Minsk
317824,BY,BY-VI,Vits'ba,Віцьба,1257,3,locality,UTC+3,Europe/Minsk
317837,BY,BY-VI,Kazimirovka,Kazimirovka,4112,3,City,UTC+3,Europe/Minsk
317844,BY,BY-VI,Barsuki,Барсукі,35311,3,City,UTC+3,Europe/Minsk
317845,BY,BY-VI,Knyazhitsa,Княжыца,156,4,village,UTC+3,Europe/Minsk
317846,BY,BY-VI,Lesovyye,Lesovyye,55008,3,Neighborhood,UTC+3,Europe/Minsk
317847,BY,BY-VI,Zaytsevo,Зайцава,133,4,locality,UTC+3,Europe/Minsk
317849,BY,BY-VI,Kirawskaya,Кіраўская,881,3,locality,UTC+3,Europe/Minsk
317850,BY,BY-VI,Grishany,Грышаны,262,3,locality,UTC+3,Europe/Minsk
317851,BY,BY-VI,Bilevo,Bilevo,96562,3,City,UTC+3,Europe/Minsk
317855,BY,BY-VI,Malyzheno,Malyzheno,196,3,Neighborhood,UTC+3,Europe/Minsk
317859,BY,BY-VI,Lapino,Lapino,838,3,Neighborhood,UTC+3,Europe/Minsk
317867,BY,BY-VI,Nowka,Ноўка,2522,4,village,UTC+3,Europe/Minsk
317870,BY,BY-VI,Sokol'niki,Сакольнікі,458,4,village,UTC+3,Europe/Minsk
317871,BY,BY-VI,Berniki,Бернікі,184,4,village,UTC+3,Europe/Minsk
317882,BY,BY-VI,Orlovo,Арлова,92,4,locality,UTC+3,Europe/Minsk
317883,BY,BY-VI,Aktsyabrskaya,Акцябрская,2178,4,village,UTC+3,Europe/Minsk
317884,BY,BY-VI,Zabolotinka,Zabolotinka,833,3,Neighborhood,UTC+3,Europe/Minsk
317896,BY,BY-VI,Chernyshenki,Chernyshenki,316,4,village,UTC+3,Europe/Minsk
317903,BY,BY-VI,Zabelino,Zabelino,3685,3,Town,UTC+3,Europe/Minsk
317905,BY,BY-VI,Sasnowka,Сасноўка,639,4,village,UTC+3,Europe/Minsk
317911,BY,BY-VI,Rozhnovo,Rozhnovo,1070,3,Neighborhood,UTC+3,Europe/Minsk
317913,BY,BY-VI,Lososino,Lososino,2199,3,Neighborhood,UTC+3,Europe/Minsk
317944,BY,BY-VI,Kosachi,Kosachi,754,3,Neighborhood,UTC+3,Europe/Minsk
317949,BY,BY-VI,Novoye Selo,Новае Сяло,266,4,village,UTC+3,Europe/Minsk
317952,BY,BY-VI,Zubki,Зубкі,478,4,village,UTC+3,Europe/Minsk
317953,BY,BY-VI,Pronskoye,Pronskoye,11481,3,City,UTC+3,Europe/Minsk
317970,BY,BY-VI,Star',Стар,2584,3,City,UTC+3,Europe/Minsk
317973,BY,BY-VI,Razumovo,Razumovo,15712,3,Neighborhood,UTC+3,Europe/Minsk
317987,BY,BY-VI,Vishni,Vishni,832,3,Neighborhood,UTC+3,Europe/Minsk
318001,BY,BY-VI,Rybnoye,Рыбнае,161,4,village,UTC+3,Europe/Minsk
318002,BY,BY-VI,Ryabtsevo,Рабцава,296,3,locality,UTC+3,Europe/Minsk
318003,BY,BY-VI,Zastenok,Засценак,155,4,locality,UTC+3,Europe/Minsk
318015,BY,BY-VI,Sofiyevka,Сафіёўка,83,4,village,UTC+3,Europe/Minsk
318026,BY,BY-VI,Shuplyaki,Shuplyaki,374,4,village,UTC+3,Europe/Minsk
318028,BY,BY-VI,Vygoda,Vygoda,9619,3,City,UTC+3,Europe/Minsk
318041,BY,BY-VI,Maloye Babino,Малая Бабіна,110,4,locality,UTC+3,Europe/Minsk
318043,BY,BY-VI,Usy,Usy,70,3,Neighborhood,UTC+3,Europe/Minsk
318060,BY,BY-VI,Sovetskaya,Sovetskaya,763,3,Neighborhood,UTC+3,Europe/Minsk
318061,BY,BY-VI,Ozerok,Ozerok,836,3,Neighborhood,UTC+3,Europe/Minsk
318069,BY,BY-VI,Vysokaye,Высокае,100,4,village,UTC+3,Europe/Minsk
318078,BY,BY-VI,Dneprovka,Dneprovka,1245,3,Village,UTC+3,Europe/Minsk
318089,BY,BY-VI,Kazechino,Kazechino,560,4,village,UTC+3,Europe/Minsk
318103,BY,BY-VI,Snegiri,Snegiri,1795,3,Neighborhood,UTC+3,Europe/Minsk
318104,BY,BY-VI,Parkovaya,Паркавая,194,4,locality,UTC+3,Europe/Minsk
318119,BY,BY-VI,Khlusovo,Khlusovo,891,3,Neighborhood,UTC+3,Europe/Minsk
318121,BY,BY-VI,Poselok Khlusovo,Posëlok Khlusovo,134,4,village,UTC+3,Europe/Minsk
318126,BY,BY-VI,Volkulakovo,Volkulakovo,877,3,Village,UTC+3,Europe/Minsk
318130,BY,BY-VI,Nagavki,Nagavki,935,3,Neighborhood,UTC+3,Europe/Minsk
318132,BY,BY-VI,Ponizov'ye,Ponizov’ye,228,4,village,UTC+3,Europe/Minsk
318137,BY,BY-VI,Zaslonawka,Заслонаўка,74054,3,City,UTC+3,Europe/Minsk
318138,BY,BY-VI,Osinovka,Osinovka,488,4,village,UTC+3,Europe/Minsk
318144,BY,BY-VI,Pridneprov'ye,Pridneprov’ye,2699,3,Town,UTC+3,Europe/Minsk
318148,BY,BY-VI,Stanislavovo,Станіславова,526,3,locality,UTC+3,Europe/Minsk
318164,BY,BY-VI,Dachnaya,Дачная,882,3,locality,UTC+3,Europe/Minsk
318165,BY,BY-VI,Zagorodnaya,Загарадная,198,4,hamlet,UTC+3,Europe/Minsk
318168,BY,BY-VI,Savishchino,Савішчына,229,4,village,UTC+3,Europe/Minsk
318170,BY,BY-VI,Chubakovo,Chubakovo,1042,3,Neighborhood,UTC+3,Europe/Minsk
318182,BY,BY-VI,Novoselki,Novosëlki,3406,3,Neighborhood,UTC+3,Europe/Minsk
318192,BY,BY-VI,Bogdanovka,Багданаўка,529,4,village,UTC+3,Europe/Minsk
318217,BY,BY-VI,Zvezdnaya,Звёздная,528,4,village,UTC+3,Europe/Minsk
318218,BY,BY-VI,Antonawka,Антонаўка,300,4,village,UTC+3,Europe/Minsk
318227,BY,BY-VI,Leshcha,Leshcha,14503,4,town,UTC+3,Europe/Minsk
318229,BY,BY-MA,Barki Pyershyya,Баркі,9140,3,City,UTC+3,Europe/Minsk
318232,BY,BY-MA,Vyaliki Myazhnik,Вялікі Мяжнік,313,4,village,UTC+3,Europe/Minsk
318236,BY,BY-MA,Moralevka,Маралёўка,497,3,Neighborhood,UTC+3,Europe/Minsk
318244,BY,BY-MA,Klin,Клін,929,3,Neighborhood,UTC+3,Europe/Minsk
318252,BY,BY-MA,Troytsa,Тройца,83,4,locality,UTC+3,Europe/Minsk
318253,BY,BY-MA,Gorodok,Gorodok,134041,3,City,UTC+3,Europe/Minsk
318264,BY,BY-MA,Ul'yashino,Ul’yashino,40888,3,City,UTC+3,Europe/Minsk
318268,BY,BY-MA,Trosenka,Trosenka,1249,3,Village,UTC+3,Europe/Minsk
318282,BY,BY-MA,Peschanka,Peschanka,1007,3,Neighborhood,UTC+3,Europe/Minsk
318287,BY,BY-MA,Krasnoye,Krasnoye,3515,3,Town,UTC+3,Europe/Minsk
318290,BY,BY-MA,Brus,Брус,1833,3,Neighborhood,UTC+3,Europe/Minsk
318292,BY,BY-MA,Malyy Staryy Shklov,Малы Стары Шклоў,161,4,village,UTC+3,Europe/Minsk
318297,BY,BY-MA,Awsyanka,Аўсянка,794,4,village,UTC+3,Europe/Minsk
318301,BY,BY-MA,Malyye Ovchinenki,Малыя Аўчыненкі,97,4,village,UTC+3,Europe/Minsk
318307,BY,BY-MA,Khoduly,Хадулы,63,4,village,UTC+3,Europe/Minsk
318352,BY,BY-MA,Nikolayevka,Nikolayevka,1027,3,Village,UTC+3,Europe/Minsk
318357,BY,BY-MA,Rechki Pervyye,Рэчкi,809,3,locality,UTC+3,Europe/Minsk
318372,BY,BY-MA,Kolesishche,Kolesishche,21336,3,City,UTC+3,Europe/Minsk
318396,BY,BY-VI,Ponizov'ye,Ponizov’ye,1131,3,Neighborhood,UTC+3,Europe/Minsk
318401,BY,BY-MA,Stefanovo,Stefanovo,34558,3,Neighborhood,UTC+3,Europe/Minsk
318404,BY,BY-MA,Klimatichi,Klimatichi,35984,4,town,UTC+3,Europe/Minsk
318405,BY,BY-MA,Konyukhi,Konyukhi,1166,3,Neighborhood,UTC+3,Europe/Minsk
318407,BY,BY-MA,Moiseyevo,Маісеева,160,4,locality,UTC+3,Europe/Minsk
318426,BY,BY-MA,Mikhyeyewka,Міхееўка,938,3,Neighborhood,UTC+3,Europe/Minsk
318430,BY,BY-MA,Zastenki,Zastenki,175,4,village,UTC+3,Europe/Minsk
318444,BY,BY-MA,Ol'khovets,Ol’khovets,2985,3,City,UTC+3,Europe/Minsk
318447,BY,BY-MA,Zaprud'ye,Запруддзе,83,4,village,UTC+3,Europe/Minsk
318456,BY,BY-MA,Pesochnya,Пясочня,201,4,village,UTC+3,Europe/Minsk
318467,BY,BY-MA,Rezantsy,Разанцы,662,4,village,UTC+3,Europe/Minsk
318468,BY,BY-MA,Staryye Vikhryany,Staryye Vikhryany,1919,3,Neighborhood,UTC+3,Europe/Minsk
318474,BY,BY-MA,Gimbotovka,Gimbotovka,640,3,Neighborhood,UTC+3,Europe/Minsk
318476,BY,BY-MA,Lyutnya,Лютня,437,3,locality,UTC+3,Europe/Minsk
318487,BY,BY-MA,Zan'kovshchina,Zan’kovshchina,545,3,Neighborhood,UTC+3,Europe/Minsk
318491,BY,BY-MA,Sverdlovo,Sverdlovo,2461,3,Town,UTC+3,Europe/Minsk
318496,BY,BY-MA,Kosh',Кош,1566,4,town,UTC+3,Europe/Minsk
318503,BY,BY-MA,Chepleyevka,Chepleyevka,64812,3,Neighborhood,UTC+3,Europe/Minsk
318506,BY,BY-MA,Selishche,Selishche,35240,3,City,UTC+3,Europe/Minsk
318508,BY,BY-MA,Velikiy Mokh,Вялікі Мох,1066,3,Neighborhood,UTC+3,Europe/Minsk
318518,BY,BY-MA,Ivanova Sloboda,Ivanova Sloboda,406,4,village,UTC+3,Europe/Minsk
318522,BY,BY-MA,Galichskaya Myza,Галіцкая Мыза,966,3,Village,UTC+3,Europe/Minsk
318526,BY,BY-MA,Ozerovka,Ozerovka,1798,3,Village,UTC+3,Europe/Minsk
318529,BY,BY-MA,Ol'shov Pervyy,Альшоў 1,265,4,village,UTC+3,Europe/Minsk
318532,BY,BY-MA,Markovka,Markovka,508,4,village,UTC+3,Europe/Minsk
318535,BY,BY-MA,Rozal'movo,Разальмова,64,4,village,UTC+3,Europe/Minsk
318536,BY,BY-MA,Budochka,Будачка,84,4,village,UTC+3,Europe/Minsk
318541,BY,BY-MA,Yanopol'ye,Янаполле,153,4,locality,UTC+3,Europe/Minsk
318544,BY,BY-MA,Vostochnyy Put',Vostochnyy Put’,11090,3,Neighborhood,UTC+3,Europe/Minsk
318550,BY,BY-MA,Artyukhovka,Artyukhovka,331,4,village,UTC+3,Europe/Minsk
318551,BY,BY-MA,Yangelovka,Yangelovka,1176,3,Neighborhood,UTC+3,Europe/Minsk
318581,BY,BY-HR,Kudishki,Kudishki,28168,4,town,UTC+3,Europe/Minsk
318592,BY,BY-HR,Novosady,Novosady,3099,3,Neighborhood,UTC+3,Europe/Minsk
318593,BY,BY-HR,Ashmyany,Ашмяны,7694,3,City,UTC+3,Europe/Minsk
318603,BY,BY-HR,Osipany,Osipany,12863,3,City,UTC+3,Europe/Minsk
318609,BY,BY-HR,Khvetsevichi,Khvetsevichi,958,3,Village,UTC+3,Europe/Minsk
318623,BY,BY-HR,Krasnoye,Krasnoye,1207,3,Village,UTC+3,Europe/Minsk
318626,BY,BY-HR,Osinovka,Асінаўка,271,3,locality,UTC+3,Europe/Minsk
318630,BY,BY-HR,Selets,Сялец,177,4,locality,UTC+3,Europe/Minsk
318641,BY,BY-HR,Mikhalkoni,Міхалконі,103,4,locality,UTC+3,Europe/Minsk
318643,BY,BY-HR,Ol'kovichi,Ol’kovichi,10069,3,Neighborhood,UTC+3,Europe/Minsk
318648,BY,BY-HR,Ginevtsy,Гінеўцы,203,3,locality,UTC+3,Europe/Minsk
318651,BY,BY-HR,Chernushka,Chernushka,6298,3,City,UTC+3,Europe/Minsk
318664,BY,BY-HR,Podbolottsy,Падбалотцы,141,4,village,UTC+3,Europe/Minsk
318666,BY,BY-HR,Karnolinka,Karnolinka,1606,3,Neighborhood,UTC+3,Europe/Minsk
318667,BY,BY-HR,Orekhovka,Арэхаўка,121,4,village,UTC+3,Europe/Minsk
318668,BY,BY-HR,Hawtsi,Гаўці,55530,3,City,UTC+3,Europe/Minsk
318670,BY,BY-HR,Osinovshchina Pervaya,Асінаўшчына 2,457,4,village,UTC+3,Europe/Minsk
318671,BY,BY-HR,Yazhgi,Yazhgi,901,3,Neighborhood,UTC+3,Europe/Minsk
318675,BY,BY-HR,Zelenyy Bor,Zelënyy Bor,115965,3,City,UTC+3,Europe/Minsk
318679,BY,BY-HR,Makovshchina,Makovshchina,1094,3,Village,UTC+3,Europe/Minsk
318685,BY,BY-HR,Biyutishki,Біюцішкі,84,4,locality,UTC+3,Europe/Minsk
318695,BY,BY-HR,Narushevtsy,Narushevtsy,5368,3,Neighborhood,UTC+3,Europe/Minsk
318704,BY,BY-HR,Ivanki,Іванкі,1013,3,Neighborhood,UTC+3,Europe/Minsk
318706,BY,BY-HR,Chichinovshchina,Chichinovshchina,1331,3,Neighborhood,UTC+3,Europe/Minsk
318708,BY,BY-HR,Eyhyerdy,Эйгерды,292,4,village,UTC+3,Europe/Minsk
318720,BY,BY-MI,Krynitsa,Крыніца,216,4,village,UTC+3,Europe/Minsk
318721,BY,BY-MI,Selivonovka,Селівонаўка,100,4,village,UTC+3,Europe/Minsk
318724,BY,BY-MI,Zagorskoye,Загорскае,159,4,village,UTC+3,Europe/Minsk
318729,BY,BY-MI,Bertoshki,Бяртошкі,5712,3,Town,UTC+3,Europe/Minsk
318734,BY,BY-MI,Vyazovets,Вязавец,186,4,village,UTC+3,Europe/Minsk
318735,BY,BY-MI,Tsyurli,Цюрлі,962,4,village,UTC+3,Europe/Minsk
318736,BY,BY-MI,Ragozy,Рагазы,282,4,village,UTC+3,Europe/Minsk
318740,BY,BY-MI,Myslevichi,Мыслевічы,1004,3,Neighborhood,UTC+3,Europe/Minsk
318742,BY,BY-MI,Brokhovshchina,Brokhovshchina,1422,3,Village,UTC+3,Europe/Minsk
318745,BY,BY-MI,Kuklovshchina,Kuklovshchina,2134,3,Neighborhood,UTC+3,Europe/Minsk
318747,BY,BY-MI,Vytropovshchina,Вытрапаўшчына,667,3,locality,UTC+3,Europe/Minsk
318748,BY,BY-MI,Zastenki,Засценкі,466,3,Neighborhood,UTC+3,Europe/Minsk
318749,BY,BY-MI,Tividovka,Tividovka,5925,3,Neighborhood,UTC+3,Europe/Minsk
318750,BY,BY-MI,Osanovo,Асанава,129,4,village,UTC+3,Europe/Minsk
318753,BY,BY-MI,Polyany,Паляны,1208,3,Neighborhood,UTC+3,Europe/Minsk
318754,BY,BY-MI,Zoren'ka,Zoren’ka,1874,3,Neighborhood,UTC+3,Europe/Minsk
318755,BY,BY-MI,Yakhimovshchina,Яхімоўшчына,33259,3,City,UTC+3,Europe/Minsk
318760,BY,BY-MI,Porech'ye,Парэчча,113,4,locality,UTC+3,Europe/Minsk
318766,BY,BY-MI,Luzhok,Luzhok,23450,3,City,UTC+3,Europe/Minsk
318767,BY,BY-MI,Sokol'niki,Сакольнікі,67,4,locality,UTC+3,Europe/Minsk
318771,BY,BY-MI,Vysokoye,Vysokoye,914,3,Village,UTC+3,Europe/Minsk
318781,BY,BY-MI,Trapalava,Трапалава,106,4,hamlet,UTC+3,Europe/Minsk
318782,BY,BY-MI,Vasyukovshchina,Vasyukovshchina,555,3,Neighborhood,UTC+3,Europe/Minsk
318786,BY,BY-MI,Podlesnaya,Podlesnaya,1141,3,Neighborhood,UTC+3,Europe/Minsk
318791,BY,BY-MI,Malinovshchina,Маліноўшчына,301,4,village,UTC+3,Europe/Minsk
318793,BY,BY-MI,Svechki,Svechki,2000,3,Town,UTC+3,Europe/Minsk
318796,BY,BY-MI,Byerazinskaye,Беразінскае,1716,4,locality,UTC+3,Europe/Minsk
318809,BY,BY-MI,Tuchino,Tuchino,971,3,Neighborhood,UTC+3,Europe/Minsk
318815,BY,BY-MI,Klerimonty,Klerimonty,3361,3,Neighborhood,UTC+3,Europe/Minsk
318816,BY,BY-MI,Selevtsy,Селеўцы,272,4,village,UTC+3,Europe/Minsk
318820,BY,BY-MI,Zarech'ye,Zarech’ye,1586,3,Neighborhood,UTC+3,Europe/Minsk
318830,BY,BY-MI,Sharai,Sharai,194,4,village,UTC+3,Europe/Minsk
318831,BY,BY-MI,Dogulevshchina,Dogulevshchina,917,3,Neighborhood,UTC+3,Europe/Minsk
318849,BY,BY-MI,Khoruzhi,Khoruzhi,3006,3,City,UTC+3,Europe/Minsk
318851,BY,BY-MI,Man'kawshchyna,Манькаўшчына,270,3,locality,UTC+3,Europe/Minsk
318860,BY,BY-MI,Pribornyye,Pribornyye,846,3,Village,UTC+3,Europe/Minsk
318870,BY,BY-MI,Vederniki,Vederniki,1130,3,Village,UTC+3,Europe/Minsk
318873,BY,BY-MI,Bogushevka,Bogushevka,1447,3,Neighborhood,UTC+3,Europe/Minsk
318877,BY,BY-MI,Tyabuty,Tyabuty,197,4,village,UTC+3,Europe/Minsk
318879,BY,BY-MI,Kashtanovka,Каштаноўка,152,4,town,UTC+3,Europe/Minsk
318880,BY,BY-MI,Adampol'ye,Adampol’ye,2753,3,Neighborhood,UTC+3,Europe/Minsk
318881,BY,BY-MI,Komarovka,Komarovka,1056,3,Neighborhood,UTC+3,Europe/Minsk
318885,BY,BY-MI,Kibuti,Kibuti,6920,3,City,UTC+3,Europe/Minsk
318891,BY,BY-MI,Pekari,Pekari,59,4,village,UTC+3,Europe/Minsk
318898,BY,BY-MI,Hanchary,Ганчары,181,4,village,UTC+3,Europe/Minsk
318899,BY,BY-MI,Ulazovichi,Улазавічы,162,4,village,UTC+3,Europe/Minsk
318900,BY,BY-MI,Makarovka,Макараўка,130,4,locality,UTC+3,Europe/Minsk
318904,BY,BY-MI,Petrashuntsy,Petrashuntsy,8510,3,City,UTC+3,Europe/Minsk
318908,BY,BY-MI,Kutenyata,Куцяняты,75,4,locality,UTC+3,Europe/Minsk
318912,BY,BY-MI,Lokhovshchina,Lokhovshchina,266,3,Neighborhood,UTC+3,Europe/Minsk
318913,BY,BY-HR,Mikulevshchina,Mikulevshchina,1687,3,Neighborhood,UTC+3,Europe/Minsk
318915,BY,BY-HR,Lasovichi,Lasovichi,1113,3,Neighborhood,UTC+3,Europe/Minsk
318922,BY,BY-HR,Bauki,Bauki,985,3,Village,UTC+3,Europe/Minsk
318925,BY,BY-HR,Kruglyanka,Kruglyanka,2628,3,Neighborhood,UTC+3,Europe/Minsk
318940,BY,BY-MI,Listopady,Listopady,824,3,Neighborhood,UTC+3,Europe/Minsk
318943,BY,BY-MI,Kabyl'chitsy,Kabyl’chitsy,826,3,Neighborhood,UTC+3,Europe/Minsk
318962,BY,BY-MI,Gonchary,Ганчары,116,4,locality,UTC+3,Europe/Minsk
318963,BY,BY-MI,Zapur'ye,Zapur’ye,5260,3,Neighborhood,UTC+3,Europe/Minsk
318967,BY,BY-MI,Ol'shanka,Ol’shanka,5786,3,Neighborhood,UTC+3,Europe/Minsk
318970,BY,BY-MI,Bartenikha,Bartenikha,379,4,village,UTC+3,Europe/Minsk
318972,BY,BY-MI,Yanishki,Янішкі,118,4,village,UTC+3,Europe/Minsk
318979,BY,BY-MI,Vayhany,Вайганы,443,3,Neighborhood,UTC+3,Europe/Minsk
318982,BY,BY-MI,Desyatniki,Дзесятнікі,147,4,locality,UTC+3,Europe/Minsk
318988,BY,BY-MI,Padbyarez',Падбярэзь,272,4,village,UTC+3,Europe/Minsk
318993,BY,BY-MI,Radyuki,Radyuki,2119,3,Neighborhood,UTC+3,Europe/Minsk
319011,BY,BY-MI,Zimodry,Зімодры,1434,3,Neighborhood,UTC+3,Europe/Minsk
319013,BY,BY-MI,Snezhkovo,Снежкава,171,4,village,UTC+3,Europe/Minsk
319015,BY,BY-MI,Ivontsevichi,Івонцавічы,137,4,village,UTC+3,Europe/Minsk
319023,BY,BY-MI,Sasnovy Bor,Сасновы Бор,581,4,village,UTC+3,Europe/Minsk
319027,BY,BY-MI,Usha,Usha,1519,3,Neighborhood,UTC+3,Europe/Minsk
319030,BY,BY-MI,Mamai,Мамай,2186,3,Town,UTC+3,Europe/Minsk
319031,BY,BY-MI,Domanovo,Domanovo,1072,3,Neighborhood,UTC+3,Europe/Minsk
319034,BY,BY-MI,Trepalovo,Trepalovo,1597,3,City,UTC+3,Europe/Minsk
319043,BY,BY-MI,Izbino,Ізбіно,343,4,village,UTC+3,Europe/Minsk
319045,BY,BY-MI,Porsa,Порса,325,4,village,UTC+3,Europe/Minsk
319047,BY,BY-MI,Zheltki,Zhëltki,8849,4,town,UTC+3,Europe/Minsk
319051,BY,BY-MI,Krasnyy Bereg,Krasnyy Bereg,4644,3,City,UTC+3,Europe/Minsk
319057,BY,BY-MI,Mishuty,Mishuty,759,3,Neighborhood,UTC+3,Europe/Minsk
319058,BY,BY-MI,Zabrod'ye,Zabrod’ye,946,4,village,UTC+3,Europe/Minsk
319059,BY,BY-MI,Konstanpol'ye,Konstanpol’ye,1417,3,Neighborhood,UTC+3,Europe/Minsk
319066,BY,BY-MI,Babishche,Babishche,4470,3,Neighborhood,UTC+3,Europe/Minsk
319069,BY,BY-MI,Kardon,Кардон,4302,3,City,UTC+3,Europe/Minsk
319070,BY,BY-MI,Konovichi,Конавічы,104,4,village,UTC+3,Europe/Minsk
319080,BY,BY-HR,Klidenyaty,Клідзеняты,189,4,locality,UTC+3,Europe/Minsk
319087,BY,BY-MI,Gotkovichi,Gotkovichi,338,4,village,UTC+3,Europe/Minsk
319088,BY,BY-HR,Vetkhovo,Vetkhovo,911,3,Village,UTC+3,Europe/Minsk
319091,BY,BY-HR,Ryabinovo,Ryabinovo,248,3,Neighborhood,UTC+3,Europe/Minsk
319096,BY,BY-HR,Onushkovshchina,Onushkovshchina,1583,3,Village,UTC+3,Europe/Minsk
319104,BY,BY-HR,Lemeshi,Lemeshi,14667,3,City,UTC+3,Europe/Minsk
319109,BY,BY-HR,Semenki,Семянкі,133,4,village,UTC+3,Europe/Minsk
319111,BY,BY-HR,Malinavaya,Малінавая,286,3,locality,UTC+3,Europe/Minsk
319114,BY,BY-HR,Ponizhany,Ponizhany,20602,3,Neighborhood,UTC+3,Europe/Minsk
319116,BY,BY-HR,Sochenyaty,Сачаняты,112,4,locality,UTC+3,Europe/Minsk
319118,BY,BY-HR,Sasnowka,Сасноўка,1546,3,Neighborhood,UTC+3,Europe/Minsk
319125,BY,BY-HR,Novaya Rudnya,Novaya Rudnya,2124,3,Village,UTC+3,Europe/Minsk
319127,BY,BY-HR,Antonishki,Antonishki,11610,3,Neighborhood,UTC+3,Europe/Minsk
319138,BY,BY-MI,Michanovichi,Міханавічы,4800,3,locality,UTC+3,Europe/Minsk
319140,BY,BY-BR,Zakrutin,Zakrutin,27,3,Neighborhood,UTC+3,Europe/Minsk
319142,BY,BY-BR,Lipinki,Ліпінкі,129,4,hamlet,UTC+3,Europe/Minsk
319143,BY,BY-BR,Zbunin,Збунін,187,4,hamlet,UTC+3,Europe/Minsk
319144,BY,BY-BR,Peschatka,Peschatka,1221,3,Village,UTC+3,Europe/Minsk
319146,BY,BY-BR,Kharitony,Харытоны,75,4,village,UTC+3,Europe/Minsk
319147,BY,BY-BR,Koshelevo,Кошалева,95,4,village,UTC+3,Europe/Minsk
319151,BY,BY-HR,Ivezyanka,Івязянка,2602,3,Neighborhood,UTC+3,Europe/Minsk
319154,BY,BY-BR,Sevryuki,Сеўрукі,544,3,locality,UTC+3,Europe/Minsk
319157,BY,BY-BR,Bukhlichy,Бухлічы,322,4,village,UTC+3,Europe/Minsk
319158,BY,BY-BR,Bronnaya Hara,Бронная Гара,773,4,village,UTC+3,Europe/Minsk
319159,BY,BY-BR,Lyushcha,Люшча,329,3,locality,UTC+3,Europe/Minsk
319164,BY,BY-BR,Pihanovichy,Пігановічы,160,4,locality,UTC+3,Europe/Minsk
319166,BY,BY-HO,Uza,Уза,237,3,Neighborhood,UTC+3,Europe/Minsk
319171,BY,BY-VI,Skrydlevo,Скрыдлева,1119,3,City,UTC+3,Europe/Minsk
319175,BY,BY-MA,Maloye Chernoye,Малое Чорнае,149,4,locality,UTC+3,Europe/Minsk
319179,BY,BY-MA,Poselok Pribuzh'ye Staroye,Posëlok Pribuzh’ye Staroye,954,3,Neighborhood,UTC+3,Europe/Minsk
319181,BY,BY-MI,Boyary,Баяры,623,3,Neighborhood,UTC+3,Europe/Minsk
319187,BY,BY-HR,Abramovshchina Tret'ya,Abramovshchina Tret’ya,1412,3,Neighborhood,UTC+3,Europe/Minsk
319195,BY,BY-MI,Yanawshchyna,Янаўшчына,118,4,locality,UTC+3,Europe/Minsk
319210,BY,BY-MI,Kiyevets,Кіявец,164,4,village,UTC+3,Europe/Minsk
319213,BY,BY-MI,Sloboda,Слaбaда,144,4,village,UTC+3,Europe/Minsk
319218,BY,BY-MI,Kruglitsa,Kruglitsa,415,4,village,UTC+3,Europe/Minsk
319219,BY,BY-MI,Batury,Батуры,2748,3,City,UTC+3,Europe/Minsk
319222,BY,BY-MI,Rotan',Ротань,217,4,village,UTC+3,Europe/Minsk
319227,BY,BY-MI,Zabolotskoye,Zabolotskoye,867,3,Neighborhood,UTC+3,Europe/Minsk
319228,BY,BY-MI,Yerashevka,Yerashëvka,902,3,Village,UTC+3,Europe/Minsk
319234,BY,BY-MI,Zamki,Замкі,557,4,village,UTC+3,Europe/Minsk
319237,BY,BY-MI,Ustinovka,Ustinovka,957,3,Neighborhood,UTC+3,Europe/Minsk
319245,BY,BY-MI,Bol'shaya Sloboda,Вялікая Слабада,258,3,locality,UTC+3,Europe/Minsk
319246,BY,BY-MI,Maslenka,Маслёнка,119,4,locality,UTC+3,Europe/Minsk
319248,BY,BY-MI,Novaya Krupka,Новая Крупка,105,4,village,UTC+3,Europe/Minsk
319249,BY,BY-MI,Mayskoye,Mayskoye,415,3,Neighborhood,UTC+3,Europe/Minsk
319254,BY,BY-MI,Podsosenka,Podsosenka,5097,3,City,UTC+3,Europe/Minsk
319258,BY,BY-MI,Novokhrosty,Навахросты,127,4,village,UTC+3,Europe/Minsk
319260,BY,BY-MI,Lenok,Лянок,484,3,locality,UTC+3,Europe/Minsk
319268,BY,BY-MI,Poparnoye,Poparnoye,6756,3,Neighborhood,UTC+3,Europe/Minsk
319272,BY,BY-MI,Nikolayevka,Мікалаеўка,65,4,hamlet,UTC+3,Europe/Minsk
319285,BY,BY-MI,Krasnoye,Krasnoye,2494,3,City,UTC+3,Europe/Minsk
319288,BY,BY-VI,Bolyuto,Болюта,76,4,locality,UTC+3,Europe/Minsk
319293,BY,BY-VI,Antapollye,Антаполле,281,3,locality,UTC+3,Europe/Minsk
319297,BY,BY-VI,Bobovka,Bobovka,1410,3,Neighborhood,UTC+3,Europe/Minsk
319301,BY,BY-VI,Nizki Haradzyets,Нізкі Гарадзец,257,4,village,UTC+3,Europe/Minsk
319303,BY,BY-VI,Dubovoye,Dubovoye,993,3,Village,UTC+3,Europe/Minsk
319309,BY,BY-VI,Pukkolovo,Pukkolovo,528,4,village,UTC+3,Europe/Minsk
319320,BY,BY-VI,Krivyye,Krivyye,243,3,Neighborhood,UTC+3,Europe/Minsk
319323,BY,BY-VI,Gorovyye Porshni,Gorovyye Porshni,1481,3,Neighborhood,UTC+3,Europe/Minsk
319327,BY,BY-VI,Zhvikovo,Zhvikovo,1463,3,Neighborhood,UTC+3,Europe/Minsk
319331,BY,BY-VI,Grechikhi,Грачыхі,150,4,village,UTC+3,Europe/Minsk
319345,BY,BY-VI,Yatskovshchina,Yatskovshchina,20937,4,town,UTC+3,Europe/Minsk
319346,BY,BY-VI,Khodatovo,Khodatovo,5213,3,City,UTC+3,Europe/Minsk
319357,BY,BY-VI,Martsyukhova,Марцюхова,3804,3,City,UTC+3,Europe/Minsk
319363,BY,BY-VI,Kozovka,Kozovka,16456,3,Neighborhood,UTC+3,Europe/Minsk
319367,BY,BY-VI,Usvizh-Buk,Усвіж-Бук,577,3,locality,UTC+3,Europe/Minsk
319377,BY,BY-VI,Novoselki,Novosëlki,2677,3,Town,UTC+3,Europe/Minsk
319382,BY,BY-VI,Piyamont,Піямонт,200,4,locality,UTC+3,Europe/Minsk
319383,BY,BY-VI,Bukarevo Pervoye,Букарава 1,1288,3,Neighborhood,UTC+3,Europe/Minsk
319387,BY,BY-VI,Krasnyy,Krasnyy,1089,3,Neighborhood,UTC+3,Europe/Minsk
319396,BY,BY-VI,Podberez'ye,Падбярэззе,131,4,locality,UTC+3,Europe/Minsk
319397,BY,BY-VI,Zarechanskoye Podberez'ye,Zarechanskoye Podberez’ye,172,4,village,UTC+3,Europe/Minsk
319401,BY,BY-VI,Ugolevshchina,Ugolevshchina,1856,3,Village,UTC+3,Europe/Minsk
319402,BY,BY-VI,Konopel'chitsy,Канапельчыцы,120,4,village,UTC+3,Europe/Minsk
319403,BY,BY-VI,Voskresenskaya,Васкрэсенская,200,4,village,UTC+3,Europe/Minsk
319406,BY,BY-VI,Raytsy,Райцы,783,4,village,UTC+3,Europe/Minsk
319408,BY,BY-VI,Dunovik,Dunovik,2985,3,Neighborhood,UTC+3,Europe/Minsk
319411,BY,BY-VI,Novinka,Навінка,142,4,locality,UTC+3,Europe/Minsk
319412,BY,BY-VI,Krynitsy,Крыніцы,186,4,village,UTC+3,Europe/Minsk
319414,BY,BY-VI,Yevlakhi,Еўлахі,773,4,village,UTC+3,Europe/Minsk
319415,BY,BY-VI,Zholna,Zholna,8578,4,town,UTC+3,Europe/Minsk
319419,BY,BY-VI,Zelenaya,Зялёная,204,4,village,UTC+3,Europe/Minsk
319420,BY,BY-VI,Lunnaya,Lunnaya,944,3,Neighborhood,UTC+3,Europe/Minsk
319423,BY,BY-VI,Rechki,Рэчкі,237,3,locality,UTC+3,Europe/Minsk
319425,BY,BY-VI,Lagovshchina,Лагаўшчына,254,4,village,UTC+3,Europe/Minsk
319431,BY,BY-VI,Prudtsy,Prudtsy,43345,3,Neighborhood,UTC+3,Europe/Minsk
319434,BY,BY-VI,Luzhnaya,Luzhnaya,154,3,Neighborhood,UTC+3,Europe/Minsk
319436,BY,BY-VI,Zagorod'ye,Zagorod’ye,783,3,Neighborhood,UTC+3,Europe/Minsk
319438,BY,BY-VI,Trotsilovo,Trotsilovo,1745,3,Neighborhood,UTC+3,Europe/Minsk
319439,BY,BY-VI,Kolosovo,Коласава,109,4,village,UTC+3,Europe/Minsk
319443,BY,BY-VI,Laminshchina,Ламіншчына,383,3,locality,UTC+3,Europe/Minsk
319445,BY,BY-VI,Nartsyzava,Нарцызава,540,4,village,UTC+3,Europe/Minsk
319446,BY,BY-VI,Trostyanka,Трасцянка,146,4,village,UTC+3,Europe/Minsk
319453,BY,BY-VI,Avkhuty,Аўхуты,116,4,village,UTC+3,Europe/Minsk
319462,BY,BY-MA,Volkonosovo,Volkonosovo,1025,3,Neighborhood,UTC+3,Europe/Minsk
319468,BY,BY-MA,Bakanovo,Баканава,146,4,locality,UTC+3,Europe/Minsk
319470,BY,BY-MA,Nekrasovo,Някрасава,1728,3,City,UTC+3,Europe/Minsk
319472,BY,BY-MA,Kovrizheno,Kovrizheno,3393,4,town,UTC+3,Europe/Minsk
319482,BY,BY-MA,Rakushava,Ракушава,527,4,village,UTC+3,Europe/Minsk
319484,BY,BY-MA,Vostochnyy,Усходні,248,3,locality,UTC+3,Europe/Minsk
319487,BY,BY-MA,Svoboda,Свабода,7872,3,Neighborhood,UTC+3,Europe/Minsk
319489,BY,BY-MA,Gribino,Грыбіна,326,4,village,UTC+3,Europe/Minsk
319493,BY,BY-MA,Rubezh,Рубеж,211,3,locality,UTC+3,Europe/Minsk
319513,BY,BY-MA,Zapruddzye,Запруддзе,221,4,village,UTC+3,Europe/Minsk
319519,BY,BY-MA,Prigani Vtoryye,Прыгані 2,293,4,village,UTC+3,Europe/Minsk
319521,BY,BY-MA,Zateterka,Zatetërka,1868,3,City,UTC+3,Europe/Minsk
319528,BY,BY-MA,Poselok Kamenka,Posëlok Kamenka,15445,3,Neighborhood,UTC+3,Europe/Minsk
319536,BY,BY-MA,Shamovka,Shamovka,2150,3,Neighborhood,UTC+3,Europe/Minsk
319548,BY,BY-MA,Kardan,Kardan,4403,3,Neighborhood,UTC+3,Europe/Minsk
319550,BY,BY-MA,Iskra,Іскра,267,4,village,UTC+3,Europe/Minsk
319557,BY,BY-MA,Goyenka,Goyenka,2509,3,Neighborhood,UTC+3,Europe/Minsk
319562,BY,BY-MA,Kuntsy,Kuntsy,787,3,Neighborhood,UTC+3,Europe/Minsk
319570,BY,BY-MA,Gury,Gury,6122,3,Neighborhood,UTC+3,Europe/Minsk
319583,BY,BY-MA,Malyy Trilesin,Malyy Trilesin,1759,3,Neighborhood,UTC+3,Europe/Minsk
319585,BY,BY-MA,Vasil'yevka,Vasil’yevka,3954,3,Neighborhood,UTC+3,Europe/Minsk
319587,BY,BY-MA,Novoselki,Novosëlki,833,3,Neighborhood,UTC+3,Europe/Minsk
319590,BY,BY-MA,Novyy Lan'kov,Novyy Lan’kov,2594,3,City,UTC+3,Europe/Minsk
319591,BY,BY-MA,Nikolayevka,Мікалаеўка,4117,4,town,UTC+3,Europe/Minsk
319592,BY,BY-MA,Pobeda,Pobeda,12797,3,Neighborhood,UTC+3,Europe/Minsk
319595,BY,BY-MA,Belinka,Бэлінка,12211,3,Neighborhood,UTC+3,Europe/Minsk
319602,BY,BY-VI,Avdeykovo,Avdeykovo,1736,3,Neighborhood,UTC+3,Europe/Minsk
319608,BY,BY-VI,Martynenki,Martynenki,24393,3,Neighborhood,UTC+3,Europe/Minsk
319628,BY,BY-VI,Petraki,Petraki,235,3,Neighborhood,UTC+3,Europe/Minsk
319632,BY,BY-VI,Gerasimovo,Герасімава,119,4,locality,UTC+3,Europe/Minsk
319636,BY,BY-VI,Konovalovo,Konovalovo,1261,3,Village,UTC+3,Europe/Minsk
319653,BY,BY-VI,Prudnyane,Prudnyane,7397,3,Neighborhood,UTC+3,Europe/Minsk
319655,BY,BY-VI,Ulishitsy,Улішыцы,75,4,village,UTC+3,Europe/Minsk
319671,BY,BY-VI,Sushchova,Сушчова,362,4,village,UTC+3,Europe/Minsk
319673,BY,BY-VI,Khodorovo,Khodorovo,946,3,Neighborhood,UTC+3,Europe/Minsk
319682,BY,BY-VI,Maksyutki,Maksyutki,1359,3,Neighborhood,UTC+3,Europe/Minsk
319689,BY,BY-VI,Svoboda,Свабода,10449,3,City,UTC+3,Europe/Minsk
319698,BY,BY-VI,Kraski,Краскі,927,3,Neighborhood,UTC+3,Europe/Minsk
319701,BY,BY-VI,Sobolevo,Sobolevo,855,3,Neighborhood,UTC+3,Europe/Minsk
319707,BY,BY-VI,Vishnevka,Vishnëvka,3408,3,City,UTC+3,Europe/Minsk
319708,BY,BY-VI,Leshkovo,Leshkovo,1280,3,Neighborhood,UTC+3,Europe/Minsk
319709,BY,BY-VI,Rudakovo,Rudakovo,1782,3,Neighborhood,UTC+3,Europe/Minsk
319712,BY,BY-VI,Slabada,Слабада,164,4,hamlet,UTC+3,Europe/Minsk
319717,BY,BY-VI,Oreshenki,Oreshenki,1483,3,Neighborhood,UTC+3,Europe/Minsk
319723,BY,BY-VI,Virok,Вірок,122,3,Neighborhood,UTC+3,Europe/Minsk
319727,BY,BY-VI,Galinovo,Galinovo,829,3,Neighborhood,UTC+3,Europe/Minsk
319736,BY,BY-VI,Arekhi,Arekhi,821,3,Neighborhood,UTC+3,Europe/Minsk
319743,BY,BY-VI,Zaselok,Zaselok,931,3,Neighborhood,UTC+3,Europe/Minsk
319746,BY,BY-VI,Antonovka,Antonovka,214,3,Neighborhood,UTC+3,Europe/Minsk
319753,BY,BY-MA,Nikitinichi,Нікіцінічы,453,3,locality,UTC+3,Europe/Minsk
319770,BY,BY-MA,Sofiyevka,Сафіеўка,124,4,village,UTC+3,Europe/Minsk
319777,BY,BY-MA,Komintern,Камінтэрн,247,4,village,UTC+3,Europe/Minsk
319780,BY,BY-MA,Pabochiy,Pabochiy,140,4,village,UTC+3,Europe/Minsk
319781,BY,BY-MA,Gorodok,Гарадок,150,4,village,UTC+3,Europe/Minsk
319784,BY,BY-MA,Chernozemovka,Чарназёмаўка,52,4,village,UTC+3,Europe/Minsk
319787,BY,BY-MA,Novaya Seliba,Novaya Seliba,5109,3,Town,UTC+3,Europe/Minsk
319789,BY,BY-MA,Uyensk,Uyensk,1810,3,Town,UTC+3,Europe/Minsk
319792,BY,BY-MA,Hadylyova,Гадылёва,960,3,locality,UTC+3,Europe/Minsk
319793,BY,BY-MA,Latkoloniya,Латкалонія,555,3,Neighborhood,UTC+3,Europe/Minsk
319797,BY,BY-MA,Gubanovo,Губанаў,94,4,village,UTC+3,Europe/Minsk
319799,BY,BY-MA,Poselok Voskhod,Усход,2000,4,village,UTC+3,Europe/Minsk
319801,BY,BY-MA,Mirny,Мірны,316,4,hamlet,UTC+3,Europe/Minsk
319805,BY,BY-MA,Vostochnaya,Васточнае,202,4,village,UTC+3,Europe/Minsk
319810,BY,BY-MA,Glinitskiy,Glinitskiy,1060,3,Village,UTC+3,Europe/Minsk
319814,BY,BY-MA,Smolka,Смолка,107,4,hamlet,UTC+3,Europe/Minsk
319823,BY,BY-MA,Pionerlager',Pionerlager’,40613,3,City,UTC+3,Europe/Minsk
319832,BY,BY-MA,Kabina Gora,Кабіна Гара,134,4,locality,UTC+3,Europe/Minsk
319839,BY,BY-MA,Krasnyy Voskhod,Красны Васход,240,3,locality,UTC+3,Europe/Minsk
319848,BY,BY-MA,Svyensk,Свенск,582,3,locality,UTC+3,Europe/Minsk
319849,BY,BY-MA,Urechcha Pyershaye,Урэчча Першае,129,4,locality,UTC+3,Europe/Minsk
319856,BY,BY-MA,Ukhlyast',Ухлясць,92,4,locality,UTC+3,Europe/Minsk
319857,BY,BY-MA,Khatmil'ye,Khatmil’ye,18107,4,town,UTC+3,Europe/Minsk
319859,BY,BY-MA,Irditsa,Ірдзіца,284,3,locality,UTC+3,Europe/Minsk
319867,BY,BY-MA,Chyrvonaya Byelarys',Чырвоная Беларусь,308,4,village,UTC+3,Europe/Minsk
319869,BY,BY-MA,Novoselki,Навасёлкі,143,4,locality,UTC+3,Europe/Minsk
319873,BY,BY-MA,Sheyki,Sheyki,337,4,village,UTC+3,Europe/Minsk
319875,BY,BY-MA,Svyatozer'ye,Svyatozër’ye,369,4,village,UTC+3,Europe/Minsk
319889,BY,BY-MA,Karpisonovka,Karpisonovka,1820,3,Neighborhood,UTC+3,Europe/Minsk
319897,BY,BY-MA,Dubasnik,Дубаснік,1133,3,Village,UTC+3,Europe/Minsk
319899,BY,BY-MA,Luty,Луты,193,4,hamlet,UTC+3,Europe/Minsk
319900,BY,BY-MA,Mirnaya,Мірная,128,4,locality,UTC+3,Europe/Minsk
319912,BY,BY-MA,Klinovskiy,Klinovskiy,1186,3,Neighborhood,UTC+3,Europe/Minsk
319914,BY,BY-MA,Nanoskovo,Nanoskovo,1770,3,Town,UTC+3,Europe/Minsk
319916,BY,BY-MA,Krychaw Druhi,Крычаў Другі,252,4,village,UTC+3,Europe/Minsk
319928,BY,BY-MA,Mostok,Mostok,529,3,Neighborhood,UTC+3,Europe/Minsk
319929,BY,BY-MA,Vozrozhdeniye,Vozrozhdeniye,1179,3,Village,UTC+3,Europe/Minsk
319931,BY,BY-MA,Korma,Korma,1540,3,Village,UTC+3,Europe/Minsk
319942,BY,BY-MA,Barsuki,Барсукі,697,4,village,UTC+3,Europe/Minsk
319950,BY,BY-MA,Zelenyy Dub,Zelënyy Dub,139,4,village,UTC+3,Europe/Minsk
319952,BY,BY-MA,Svishchevo,Svishchëvo,2535,3,Neighborhood,UTC+3,Europe/Minsk
319955,BY,BY-MA,"Pod""bel'ye",Pod”bel’ye,2612,3,Neighborhood,UTC+3,Europe/Minsk
319962,BY,BY-MA,Vinograd,Vinograd,582,3,Neighborhood,UTC+3,Europe/Minsk
319964,BY,BY-MA,Mikhlin,Mikhlin,1774,3,Neighborhood,UTC+3,Europe/Minsk
319966,BY,BY-MA,Mayski,Майскі,572,3,locality,UTC+3,Europe/Minsk
319988,BY,BY-MA,Ageyevo,Ageyevo,817,3,Village,UTC+3,Europe/Minsk
319990,BY,BY-MA,Sidarawka,Сідараўка,749,3,locality,UTC+3,Europe/Minsk
319999,BY,BY-MA,Ol'shaniki Pervyye,Альшанікі Першыя,221,3,locality,UTC+3,Europe/Minsk
320000,BY,BY-MA,Novyy Vendorozh,Новы Вендараж,170,4,locality,UTC+3,Europe/Minsk
320004,BY,BY-MA,Poselok Dashkovka,Posëlok Dashkovka,17407,3,City,UTC+3,Europe/Minsk
320013,BY,BY-MA,Vialikija Slavieni,Вялікія Славені,103,4,village,UTC+3,Europe/Minsk
320015,BY,BY-MA,Lyubuzh,Любуж,95,4,locality,UTC+3,Europe/Minsk
320017,BY,\N,Stancija Njasjata,Станцыя Нясята,211,4,village,UTC+3,Europe/Minsk
320023,BY,BY-HR,Dubrovskoye SMU,Дубрава,272,3,locality,UTC+3,Europe/Minsk
320026,BY,BY-MI,Malyye Lyady,Malyye Lyady,14727,3,Neighborhood,UTC+3,Europe/Minsk
320027,BY,BY-MI,Rybkhoz Volma,Азёрны,325,4,village,UTC+3,Europe/Minsk
320035,BY,BY-MI,Pryluki,Прылукі,1007,4,village,UTC+3,Europe/Minsk
320037,BY,BY-MI,Malaya Uzda,Malaya Uzda,759,3,Neighborhood,UTC+3,Europe/Minsk
320040,BY,BY-BR,Tokari,Такары,77,4,locality,UTC+3,Europe/Minsk
320048,BY,BY-HR,Malyy Galik,Malyy Galik,984,3,Neighborhood,UTC+3,Europe/Minsk
320050,BY,BY-MI,Malyye Prussy,Malyye Prussy,1978,3,Town,UTC+3,Europe/Minsk
320056,BY,BY-MA,Bircha Pervaya,Bircha Pervaya,845,3,Neighborhood,UTC+3,Europe/Minsk
320057,BY,BY-MA,Bircha Vtoraya,Bircha Vtoraya,31895,3,Neighborhood,UTC+3,Europe/Minsk
320061,BY,BY-HO,Poselok Ivashkovichi,Posëlok Ivashkovichi,4151,3,Neighborhood,UTC+3,Europe/Minsk
320065,BY,BY-BR,Orlovichi,Орлавічы,92,4,locality,UTC+3,Europe/Minsk
320072,BY,BY-HO,Pudakov,Пудакоў,71,4,locality,UTC+3,Europe/Minsk
320074,BY,BY-HO,Novyye Kolosy,Новыя Каласы,592,3,Neighborhood,UTC+3,Europe/Minsk
320080,BY,BY-VI,Vidzy-Lawchynskiya,Відзы-Лаўчынскія,314,3,locality,UTC+3,Europe/Minsk
320088,BY,BY-VI,"Paraf""yanava",Параф’янава,1111,3,PPL,UTC+3,Europe/Minsk
320096,BY,BY-VI,Dvor-Susha,Dvor-Susha,1799,3,Neighborhood,UTC+3,Europe/Minsk
320099,BY,BY-MI,Aronova Sloboda,Аронава Слабада,921,3,Neighborhood,UTC+3,Europe/Minsk
320106,BY,BY-VI,Krasnaya Khar'kovka,Krasnaya Khar’kovka,1206,3,Neighborhood,UTC+3,Europe/Minsk
320107,BY,BY-MA,Bol'shaya Komarovka,Вялікая Камароўка,862,3,Neighborhood,UTC+3,Europe/Minsk
320112,BY,BY-MI,Tatarshchizna,Выверы,247,4,village,UTC+3,Europe/Minsk
320124,BY,BY-MA,Malyy Gryazivets,Malyy Gryazivets,1692,3,Neighborhood,UTC+3,Europe/Minsk
320141,BY,BY-HO,Zarech'ye,Зарэчча,98,4,locality,UTC+3,Europe/Minsk
320152,BY,BY-VI,Osveitsa,Osveitsa,343,4,village,UTC+3,Europe/Minsk
320171,BY,BY-HR,Nelyubovtsy,Nelyubovtsy,1852,3,Town,UTC+3,Europe/Minsk
320177,BY,BY-HR,Zabolot'ye,Zabolot’ye,3724,3,Neighborhood,UTC+3,Europe/Minsk
320180,BY,BY-HR,Navasyolki,Навасёлкі,2473,3,Neighborhood,UTC+3,Europe/Minsk
320186,BY,BY-HR,Skolobovo,Сколабава,330,4,village,UTC+3,Europe/Minsk
320190,BY,BY-HR,Bobrovniki,Bobrovniki,2418,3,Neighborhood,UTC+3,Europe/Minsk
320196,BY,BY-HR,Kuleshi,Kuleshi,388,4,village,UTC+3,Europe/Minsk
320201,BY,BY-HR,Lavrinovichi,Lavrinovichi,1066,3,locality,UTC+3,Europe/Minsk
320205,BY,BY-HR,Stankishki,Stankishki,3744,3,Neighborhood,UTC+3,Europe/Minsk
320206,BY,BY-HR,Voynilovtsy,Voynilovtsy,576,3,locality,UTC+3,Europe/Minsk
320207,BY,BY-HR,Misyukovshchina,Misyukovshchina,1043,3,Village,UTC+3,Europe/Minsk
320216,BY,BY-BR,Parkhimovshchina,Пархімаўшчына,3546,3,Town,UTC+3,Europe/Minsk
320222,BY,BY-BR,Stramilawshchyna,Страмілаўшчына,1062,3,Village,UTC+3,Europe/Minsk
320224,BY,BY-BR,Malaya Svorotva,Малая Сваротва,231,3,locality,UTC+3,Europe/Minsk
320232,BY,BY-HR,Ispos',Іспась,1206,3,Village,UTC+3,Europe/Minsk
320238,BY,BY-HR,Borisovka,Borisovka,3877,3,Neighborhood,UTC+3,Europe/Minsk
320240,BY,BY-HR,Lyadsk Vysokiy,Lyadsk Vysokiy,266,3,locality,UTC+3,Europe/Minsk
320247,BY,BY-HR,Podzamche,Podzamche,1769,4,village,UTC+3,Europe/Minsk
320248,BY,BY-HR,Novaya Dubrovka,Novaya Dubrovka,204,4,village,UTC+3,Europe/Minsk
320257,BY,BY-HR,Zapol'ye,Zapol’ye,185000,4,town,UTC+3,Europe/Minsk
320268,BY,BY-HR,Vil'biki,Vil’biki,683,4,village,UTC+3,Europe/Minsk
320277,BY,BY-HR,Shlyakhty,Shlyakhty,1418,3,Neighborhood,UTC+3,Europe/Minsk
320281,BY,BY-HR,Zhdanovtsy,Жданаўцы,1889,3,Neighborhood,UTC+3,Europe/Minsk
320286,BY,BY-HR,Pristupichi,Pristupichi,801,3,Neighborhood,UTC+3,Europe/Minsk
320292,BY,BY-HR,Dayovshchina,Dayovshchina,1223,3,Neighborhood,UTC+3,Europe/Minsk
320295,BY,BY-HR,Rybaki,Рыбакі,1000,4,hamlet,UTC+3,Europe/Minsk
320310,BY,BY-HR,Yubileynyy,Юбілейны,416,4,village,UTC+3,Europe/Minsk
320314,BY,BY-HR,Plebanovichi,Plebanovichi,1384,3,Neighborhood,UTC+3,Europe/Minsk
320330,BY,BY-HR,Mitkevichi,Міткевічы,935,3,Village,UTC+3,Europe/Minsk
320343,BY,BY-HR,Malaya Nevisha,Малая Нявіша,443,3,Neighborhood,UTC+3,Europe/Minsk
320359,BY,BY-HR,Vidovka,Vidovka,774,3,Village,UTC+3,Europe/Minsk
320360,BY,BY-HR,Zarech'ye,Zarech’ye,758,3,Neighborhood,UTC+3,Europe/Minsk
320362,BY,BY-HR,Mosevtsy,Mosevtsy,1151,3,Neighborhood,UTC+3,Europe/Minsk
320369,BY,BY-HR,Zenevtsy,Зенеўцы,51783,3,City,UTC+3,Europe/Minsk
320374,BY,BY-HR,D'yakovichi,D’yakovichi,7859,3,City,UTC+3,Europe/Minsk
320386,BY,BY-HR,"Vyalikiya Vyerab""yevichy",Вялiкiя Вераб’евічы,244,3,Neighborhood,UTC+3,Europe/Minsk
320392,BY,BY-HR,Ferma,Ferma,84539,3,City,UTC+3,Europe/Minsk
320399,BY,BY-MA,Komarovichy,Камаровічы,132,4,village,UTC+3,Europe/Minsk
320406,BY,BY-VI,Al'khimtsy,Al’khimtsy,25950,3,City,UTC+3,Europe/Minsk
320407,BY,BY-VI,Vasilevo,Vasilëvo,87,4,village,UTC+3,Europe/Minsk
320413,BY,BY-VI,Blagoyevshchina,Blagoyevshchina,991,3,Neighborhood,UTC+3,Europe/Minsk
320424,BY,BY-VI,Repenshchina,Repenshchina,731,4,village,UTC+3,Europe/Minsk
320428,BY,BY-VI,Kochergi,Kochergi,2030,3,Neighborhood,UTC+3,Europe/Minsk
320433,BY,BY-VI,Isachki,Isachki,1285,3,Neighborhood,UTC+3,Europe/Minsk
320437,BY,BY-VI,Teleshi,Teleshi,16645,3,City,UTC+3,Europe/Minsk
320439,BY,BY-VI,Adamenki,Adamenki,926,3,Village,UTC+3,Europe/Minsk
320441,BY,BY-VI,Pushkeli,Pushkeli,1700,3,Neighborhood,UTC+3,Europe/Minsk
320448,BY,BY-VI,Al'binovshchina,Al’binovshchina,81330,3,City,UTC+3,Europe/Minsk
320461,BY,BY-VI,Zabolotishki,Zabolotishki,1005,3,Village,UTC+3,Europe/Minsk
320473,BY,BY-VI,Ferdinandovo,Ferdinandovo,1455,3,Neighborhood,UTC+3,Europe/Minsk
320486,BY,BY-VI,Kholm,Kholm,864,3,Village,UTC+3,Europe/Minsk
320494,BY,BY-VI,Perebrody,Perebrody,1313,3,Village,UTC+3,Europe/Minsk
320495,BY,BY-VI,Poselok Dubki,Posëlok Dubki,944,4,village,UTC+3,Europe/Minsk
320506,BY,BY-VI,Pervomayckiy,Pervomayckiy,836,3,Neighborhood,UTC+3,Europe/Minsk
320529,BY,BY-VI,Borovyye,Borovyye,959,3,Neighborhood,UTC+3,Europe/Minsk
320533,BY,BY-VI,Pliktovka,Pliktovka,52994,3,City,UTC+3,Europe/Minsk
320540,BY,BY-VI,Antonenki,Antonenki,258985,4,town,UTC+3,Europe/Minsk
320547,BY,BY-VI,Malyye Lipovichi,Malyye Lipovichi,1914,3,Neighborhood,UTC+3,Europe/Minsk
320550,BY,BY-VI,Voloyki,Voloyki,889,3,Neighborhood,UTC+3,Europe/Minsk
320551,BY,BY-VI,Monastyr',Monastyr’,215,4,village,UTC+3,Europe/Minsk
320552,BY,BY-VI,Tatarovshchina,Tatarovshchina,26910,3,City,UTC+3,Europe/Minsk
320556,BY,BY-VI,Mizory,Mizory,1191,3,Neighborhood,UTC+3,Europe/Minsk
320557,BY,BY-VI,Ogoni,Ogoni,58320,3,City,UTC+3,Europe/Minsk
320558,BY,BY-VI,Perevoloka,Perevoloka,792,3,Neighborhood,UTC+3,Europe/Minsk
320566,BY,BY-VI,Borovyye,Borovyye,505,4,village,UTC+3,Europe/Minsk
320568,BY,BY-VI,Dervanishki,Dervanishki,96,4,village,UTC+3,Europe/Minsk
320578,BY,BY-VI,Butevtsy,Butevtsy,400,4,village,UTC+3,Europe/Minsk
320581,BY,BY-VI,Petkuny,Petkuny,54641,3,City,UTC+3,Europe/Minsk
320582,BY,BY-VI,Rumishche,Rumishche,935,3,Neighborhood,UTC+3,Europe/Minsk
320584,BY,BY-VI,Borovyye,Borovyye,1237,3,Neighborhood,UTC+3,Europe/Minsk
320586,BY,BY-VI,Petrovshchina,Petrovshchina,877,3,Neighborhood,UTC+3,Europe/Minsk
320600,BY,BY-VI,Pechary,Pechary,909,3,Neighborhood,UTC+3,Europe/Minsk
320602,BY,BY-VI,Voropanshchina,Voropanshchina,268,4,village,UTC+3,Europe/Minsk
320603,BY,BY-VI,Bory,Bory,1379,3,Village,UTC+3,Europe/Minsk
320606,BY,BY-VI,Gorushka,Gorushka,4109,3,Neighborhood,UTC+3,Europe/Minsk
320615,BY,BY-VI,Ol'khovtsy,Альхоўцы,1941,3,Town,UTC+3,Europe/Minsk
320616,BY,BY-VI,Zhviranka,Zhviranka,5104,3,Neighborhood,UTC+3,Europe/Minsk
320620,BY,BY-VI,Bobov'ye,Bobov’ye,288,4,village,UTC+3,Europe/Minsk
320621,BY,BY-VI,Kravchenki,Kravchenki,26437,3,City,UTC+3,Europe/Minsk
320622,BY,BY-VI,Yuzefovo,Юзафова,62,4,PPL,UTC+3,Europe/Minsk
320631,BY,BY-VI,Nizina,Nizina,2654,3,Neighborhood,UTC+3,Europe/Minsk
320633,BY,BY-VI,Krapivishki,Krapivishki,1151,4,village,UTC+3,Europe/Minsk
320635,BY,BY-VI,Punishche,Punishche,1025,3,Neighborhood,UTC+3,Europe/Minsk
320636,BY,BY-VI,Novinka,Novinka,462,4,village,UTC+3,Europe/Minsk
320640,BY,BY-VI,Mosty,Mosty,1072,3,Neighborhood,UTC+3,Europe/Minsk
320641,BY,BY-VI,Chernichki,Chernichki,988,3,Neighborhood,UTC+3,Europe/Minsk
320647,BY,BY-VI,Lugovyye,Lugovyye,9887,3,City,UTC+3,Europe/Minsk
320648,BY,BY-VI,Tsupovo,Tsupovo,1761,3,Neighborhood,UTC+3,Europe/Minsk
320652,BY,BY-VI,Matveyevtsy,Matveyevtsy,3147,3,Neighborhood,UTC+3,Europe/Minsk
320700,BY,BY-VI,Luchki,Luchki,3023,3,City,UTC+3,Europe/Minsk
320715,BY,BY-VI,Ulino Vtoroye,Ulino Vtoroye,254,4,village,UTC+3,Europe/Minsk
320717,BY,BY-VI,Gavrilenki,Gavrilenki,801,3,Village,UTC+3,Europe/Minsk
320726,BY,BY-BR,Liachavicy,Ляхавічы,430,3,City,UTC+3,Europe/Minsk
320727,BY,BY-HO,Krupiec,Крупец,855,4,village,UTC+3,Europe/Minsk
320730,BY,BY-VI,Prasiolkavicy,Прасёлкавічы,2168,3,Neighborhood,UTC+3,Europe/Minsk
320734,BY,BY-VI,Kozlovo,Kozlovo,1382,3,Neighborhood,UTC+3,Europe/Minsk
320738,BY,BY-HR,Trokieniki 1,Трокенікі 1,295,4,village,UTC+3,Europe/Minsk
320739,BY,BY-VI,Degodki,Dëgodki,1141,3,Neighborhood,UTC+3,Europe/Minsk
320742,BY,BY-VI,Vasil'yevtsy,Vasil’yevtsy,270,3,Neighborhood,UTC+3,Europe/Minsk
320745,BY,BY-VI,Vorob'i,Vorob’i,1698,3,Village,UTC+3,Europe/Minsk
320754,BY,BY-VI,Gorovyye,Gorovyye,710,3,Village,UTC+3,Europe/Minsk
320755,BY,BY-HO,Muliarauka,Муляраўка,533,4,village,UTC+3,Europe/Minsk
320757,BY,BY-VI,Medyny,Medyny,2018,3,Neighborhood,UTC+3,Europe/Minsk
320768,BY,BY-VI,Sharkishki,Sharkishki,812,4,village,UTC+3,Europe/Minsk
320769,BY,BY-VI,Bykovskiye,Bykovskiye,765,3,Village,UTC+3,Europe/Minsk
320778,BY,BY-VI,Klyarinda,Klyarinda,723,3,Neighborhood,UTC+3,Europe/Minsk
320796,BY,BY-VI,Ostrovy,Ostrovy,252,4,village,UTC+3,Europe/Minsk
320797,BY,BY-MA,Krasylya,Krasylya,1746,3,Neighborhood,UTC+3,Europe/Minsk
320803,BY,BY-MI,Bahdanau,Багданаў,407,4,village,UTC+3,Europe/Minsk
320805,BY,BY-MI,Hiravicy,Гіравічы,119,4,hamlet,UTC+3,Europe/Minsk
320818,BY,BY-VI,Pan'kovichi,Pan’kovichi,1596,3,Village,UTC+3,Europe/Minsk
320829,BY,BY-VI,Barsuchiy Mokh,Barsuchiy Mokh,572,3,Neighborhood,UTC+3,Europe/Minsk
320832,BY,BY-VI,Zemtsy,Zemtsy,879,3,Neighborhood,UTC+3,Europe/Minsk
320835,BY,BY-VI,Mikhali,Mikhali,18056,3,Neighborhood,UTC+3,Europe/Minsk
320840,BY,BY-VI,Shlyakhty,Shlyakhty,269,3,Neighborhood,UTC+3,Europe/Minsk
320847,BY,BY-VI,Lipnyagi,Lipnyagi,1187,3,Neighborhood,UTC+3,Europe/Minsk
320857,BY,BY-VI,Pogorelitsa,Pogorelitsa,226437,4,town,UTC+3,Europe/Minsk
320859,BY,BY-BR,Rahozna,Рагозна,129,2,Neighborhood,UTC+3,Europe/Minsk
320860,BY,BY-VI,Sennitsa,Sennitsa,2557,3,Neighborhood,UTC+3,Europe/Minsk
320869,BY,BY-VI,Rechkovshchina,Rechkovshchina,357,4,village,UTC+3,Europe/Minsk
320871,BY,BY-VI,Kamenka,Kamenka,37215,3,City,UTC+3,Europe/Minsk
320879,BY,BY-VI,Vysokaya Gorka,Vysokaya Gorka,43398,3,City,UTC+3,Europe/Minsk
320885,BY,BY-VI,Berezoviki,Berëzoviki,2482,3,Village,UTC+3,Europe/Minsk
320902,BY,BY-VI,Filipenki,Filipenki,3010,3,Town,UTC+3,Europe/Minsk
320904,BY,BY-MI,Sarsuny,Шаршуны,314,4,village,UTC+3,Europe/Minsk
320911,BY,BY-VI,Degtyarevo,Degtyarevo,1004,3,Neighborhood,UTC+3,Europe/Minsk
320913,BY,BY-VI,Okunevo,Okunevo,882,4,village,UTC+3,Europe/Minsk
320917,BY,BY-VI,Gury-Drozdovy,Gury-Drozdovy,684,4,village,UTC+3,Europe/Minsk
320921,BY,BY-VI,Minavty,Minavty,801,3,Neighborhood,UTC+3,Europe/Minsk
320927,BY,BY-VI,Bukovo,Bukovo,1185,3,Neighborhood,UTC+3,Europe/Minsk
320942,BY,BY-BR,Velikiy Les,Velikiy Les,1166,3,Neighborhood,UTC+3,Europe/Minsk
320944,BY,BY-BR,Vul'ka,Vul’ka,1118,3,Village,UTC+3,Europe/Minsk
320946,BY,BY-BR,Dyatlovichi,Dyatlovichi,18791,3,City,UTC+3,Europe/Minsk
320956,BY,BY-VI,Konchane,Konchane,460,4,village,UTC+3,Europe/Minsk
320957,BY,BY-VI,Lasitsa,Lasitsa,1176,3,Village,UTC+3,Europe/Minsk
320962,BY,BY-MI,Lyakhovka,Lyakhovka,367,4,village,UTC+3,Europe/Minsk
320967,BY,BY-VI,Gryada,Gryada,1254,3,Neighborhood,UTC+3,Europe/Minsk
320986,BY,BY-VI,Obab'ye,Obab’ye,4217,3,Neighborhood,UTC+3,Europe/Minsk
320995,BY,BY-VI,Duman'ki,Duman’ki,92022,3,City,UTC+3,Europe/Minsk
320996,BY,BY-MI,Sonechny,Сонечны,1200,3,locality,UTC+3,Europe/Minsk
321001,BY,BY-VI,Lipovo,Lipovo,2160,3,Town,UTC+3,Europe/Minsk
321015,BY,BY-VI,Strinodki,Strinodki,1111,3,Neighborhood,UTC+3,Europe/Minsk
321025,BY,BY-VI,Novaya Veska,Novaya Veska,203422,3,City,UTC+3,Europe/Minsk
321027,BY,BY-VI,Stefanovo,Stefanovo,897,3,Neighborhood,UTC+3,Europe/Minsk
321030,BY,BY-VI,Petushki,Petushki,1049,4,village,UTC+3,Europe/Minsk
321031,BY,BY-VI,Shvepli,Shvepli,71538,3,City,UTC+3,Europe/Minsk
321039,BY,BY-VI,Veytkovo,Veytkovo,983,3,Neighborhood,UTC+3,Europe/Minsk
321045,BY,BY-VI,Karmany Tret'i,Karmany Tret’i,948,3,Village,UTC+3,Europe/Minsk
321059,BY,BY-VI,Novaya Psuya,Novaya Psuya,1832,3,Neighborhood,UTC+3,Europe/Minsk
321062,BY,BY-VI,Khodorovo,Khodorovo,80151,3,City,UTC+3,Europe/Minsk
321074,BY,BY-VI,Rat'kovo,Rat’kovo,1626,3,Neighborhood,UTC+3,Europe/Minsk
321075,BY,BY-VI,Atroshchino,Atroshchino,1211,3,Neighborhood,UTC+3,Europe/Minsk
321082,BY,BY-VI,Gorovtsy,Gorovtsy,128935,3,City,UTC+3,Europe/Minsk
321088,BY,BY-VI,Mushino,Mushino,2397,3,Village,UTC+3,Europe/Minsk
321089,BY,BY-VI,Tekelevo,Tekelevo,630,4,village,UTC+3,Europe/Minsk
321107,BY,BY-VI,Demidenki,Demidenki,524,3,Neighborhood,UTC+3,Europe/Minsk
321109,BY,BY-VI,Naumenki Vtoryye,Naumenki Vtoryye,1263,3,Neighborhood,UTC+3,Europe/Minsk
321120,BY,BY-VI,Kormolysy,Kormolysy,374,4,village,UTC+3,Europe/Minsk
321121,BY,BY-VI,Morozenki,Morozenki,2905,3,Neighborhood,UTC+3,Europe/Minsk
321125,BY,BY-VI,Slabki,Slabki,253,4,village,UTC+3,Europe/Minsk
321136,BY,BY-VI,Ol'khovka,Ol’khovka,18622,3,City,UTC+3,Europe/Minsk
321144,BY,BY-VI,Kotovichi,Kotovichi,812,3,Neighborhood,UTC+3,Europe/Minsk
