id,city_id,language_key,name
208720218,2710653,dz,ཝལ་མེཛ་ཛ་ན།
208720295,2710654,dz,པོན་ཊ་སི་ཡོ།
208720372,2710655,dz,ཝི་ག་ནོ།
208720449,2710656,dz,ཌོན་ན།
208720526,2710657,dz,ནེབ་བིའོ་ལི།
208720603,2710658,dz,མར་གྷི་ནིར།
208720680,2710659,dz,ཌེ་ལི།
208720757,2710660,dz,བེ་ལི་སི་མི།
208720834,2710661,dz,ལུང་ཕྱོགས་ཅཱ་ནོ་ཝ།
208720911,2710662,dz,ཝི་ལཱ།
208720988,2710663,dz,མདའ་ལེ་ནཱ།
208721065,2710664,dz,ལ་ཝིག་ན།
208721142,2710665,dz,ལ་ཝིག་ན།
208721219,2710666,dz,དོ་སོ་ (སི་པ་པ་ནི་ཀོ)
208721296,2710667,dz,སོ་ཊོ་ལཱང་།
208721373,2710668,dz,ཀ་བ་ནེ་ཊི།
208721450,2710669,dz,བོན་ཌི།
208721527,2710670,dz,མ་ཕིའོ་ལི།
208721604,2710671,dz,ཨི་སོ་ལ།
208721681,2710672,dz,དོ་སོ་ལོ།
208721758,2710673,dz,བཱར་ཀོ་ནི།
208721835,2710674,dz,ཊར་མི་ནོ་ནི།
208721912,2710675,dz,ཇིའོ་ཨ་ནེ་ལེ།
208721989,2710676,dz,མར་གུ་ཟོ།
208722066,2710677,dz,མོ་ལི་སི་བརྒྱུད་དེ།
208722143,2710678,dz,ལཱ་ཛ་རེ་ཊོ།
208722220,2710679,dz,གྷ་ར་ནོ།
208722297,2710680,dz,སི་ཊ་གྷི་ལི་ཡོན་
208722374,2710681,dz,ཕོར་ནེསི།
208722451,2710682,dz,བེར་གཱ་མ་སི་ཀོ།
208722528,2710683,dz,པི་ཛ་རོ་སི་ཊོ།
208722605,2710684,dz,སབ་བི་ཡ་ཊ།
208722682,2710685,dz,སབ་བི་ཡ་ཊ།
208722759,2710686,dz,ཟ་རག་ནི་ནོ།
208722836,2710687,dz,ལུ་ནེས།
208722990,2710689,dz,ཀོལ་པི།
208723067,2710690,dz,པྲ་དི་བོན་ཌོ།
208723144,2710691,dz,པི་ཡ་ར།
208723221,2710692,dz,ཝིའོན།
208723298,2710693,dz,པྲོག་ནི།
208723375,2710694,dz,པྲོག་ནི།
208723452,2710695,dz,ལེ་པོ་ཟེ།
208723529,2710696,dz,བོར་ཌ་ནོ།
208723606,2710697,dz,ཅའ་རོ་སེ་ཊ།
208723683,2710698,dz,ཆིའོ་ཌོ།
208723760,2710699,dz,སཱན་ཝི་ཊོ།
208723837,2710700,dz,ཅའ་ཀོར་ན་རོ།
208723914,2710701,dz,རི་ཝལ་ཊ།
208723991,2710702,dz,མ་དོར་བོ།
208724068,2710703,dz,ནུ་ཀི་ལིའོ་ཌི་སཱ་ལི།
208724145,2710704,dz,ཀེ་སི་ཌེལ་པུ་པོ།
208724222,2710705,dz,ཀོ་པྲི་ཡུ་ལི།
208724299,2710706,dz,སཱན་ཊ་ཀེ་ཊི་རི་ན།
208724376,2710707,dz,གནད་དོན་བི་ཡན་ཆིན།
208724530,2710709,dz,པ་ཏི་སི།
208724607,2710710,dz,ཝ་ལི་ཌེལ་པ་སུ་བིའོ་
208724684,2710711,dz,ཀ་སི་ཊེལ་ཀ་རོ་ བཱ་སོ།
208724761,2710712,dz,ལེ་གི་ཡ་རེ།
208724838,2710713,dz,མོ་ཊ།
208724915,2710714,dz,གྲོ་པོ།
208724992,2710715,dz,ཅའོན།
208725069,2710716,dz,ཀ་པོ་ཌི་སོ་པྲ།
208725146,2710717,dz,ལ་སིཛ།
208725223,2710718,dz,ལ་སིཛ།
208725300,2710719,dz,ཝེ་ཌི་སི་ཊོ།
208725377,2710720,dz,སཱན་ཝིན་སེན་ཟོ།
208725454,2710721,dz,མེ་ཌོན་ན་ཌི་པུའི་ཡ་ནེལ་ལོ།
208725531,2710722,dz,མེ་ཌོན་ན་ཌི་པུའི་ཡ་ནེལ་ལོ།
208725608,2710723,dz,བོ་ཀ་སུ་ཨོ་ལོ།
208725685,2710724,dz,གནད་དོན་མོ་ཌེ་ན།
208725762,2710725,dz,བོར་གཱ་ཊ་ཌེ་ལ་སི་ཊ་ཟི་ཡོན་
208725839,2710726,dz,ཀོ་ཌིན་སུ།
208725916,2710727,dz,ཊོ་རི་ཝེ་ཅི་ཡ།
208725993,2710728,dz,ཊེརེབ་བིའོ་
208726070,2710729,dz,ཊེརེབ་བིའོ་
208726147,2710730,dz,མདོ་ན་ཌེལ་ལི་གྷ་ར་ཟི།
208726224,2710731,dz,ལ་གྷི།
208726301,2710732,dz,ལ་གྷི།
208726378,2710733,dz,པའེ་ཀ་ས་ཝེ་ཅི་ཡ།
208726455,2710734,dz,པའེ་ཀ་ས་ཝེ་ཅི་ཡ།
208726532,2710735,dz,པོན་ཊི་པུ་གྷི་ལི་སི།
208726609,2710736,dz,མ་ལ་ཀོསི་ཊ།
208726686,2710737,dz,ཀྲོ་སི་པི་ཡ་ནེལ་ལོ།
208726763,2710738,dz,ཕཱརསི་ཀོན།
208726840,2710739,dz,ཀོར་ཊི་ཡར་ལ་གོ་མ་རེ།
208726917,2710740,dz,རིའོ་གསུམ་པ།
208726994,2710741,dz,ཀེ་ཊི་ག་ནོ།
208727071,2710742,dz,པོན་ཊི་རོ་ཊོ།
208727148,2710743,dz,ཕོར་ཌོང་གི་ཡ་ནུས།
208727225,2710744,dz,ལ་པི་ཝ།
208727302,2710745,dz,ཀཱར་མི་ག་ནོ།
208727379,2710746,dz,པི་ཡན་ཌེལ་པོན་ཊི།
208727456,2710747,dz,ཨ་ཀུ་ཝ་བོ་ར་-ཀ་སེལ།
208727533,2710748,dz,ལ་བི་ཀོ་ཀ།
208727610,2710749,dz,པཱ་ལེཊ་ཊ།
208727687,2710750,dz,བེལ་ཝེ་ཌི་རི།
208727764,2710751,dz,བེལ་ཝེ་ཌི་རི།
208727918,2710753,dz,སིའོ་ཀོ་ལན་ཊི།
208727995,2710754,dz,ཀ་སེན་ཊི་ནོ།
208728149,2710756,dz,ཀེ་ན་ལེ་ཝེ་ཅིའོ་
208728226,2710757,dz,\N
208728380,2710759,dz,པྲ་ཏོ་ལུང་གོ།
208728457,2710760,dz,པྲ་ཏོ་ལུང་གོ།
208728534,2710761,dz,ཕོན་ཊ་ནིལ་ཌེལ་སེ་སི་ཡོ།
208728611,2710762,dz,ཕོན་ཊ་ནིལ་ཌེལ་སེ་སི་ཡོ།
208728688,2710763,dz,ཨིས་ཊར་པ་ར།
208728765,2710764,dz,ཀོ་པོ་རེ་ཊི་ཝ་ ཀ་ས་མི་ཡ།
208728842,2710765,dz,བོ་ནི་ཕི་ཀ།
208728919,2710766,dz,བོ་ནི་ཕི་ཀ།
208728996,2710767,dz,ཀ་སེཊ།
208729073,2710768,dz,སི་མི་ཊེ་རོ།
208729150,2710769,dz,ལེ་ཊི་ན་བརྒྱུད་དེ།
208729227,2710770,dz,བི་བིའོ་
208729304,2710771,dz,ཀེ་པེ་ལ་ ལུ་སི་ཌ།
208729381,2710772,dz,སེལ་ཝ།
208729458,2710773,dz,སེར་རེ་ཊེལ།
208729535,2710774,dz,ཀ་སེ་ལ།
208729612,2710775,dz,ཝ་རི་ཡན་ཊི།
208729689,2710776,dz,པོན་ཊི་ཊ་ཝོ་ལེ།
208729766,2710777,dz,ཀྲོ་སེ་ལ།
208729843,2710778,dz,ཕོར་ནེསི།
208729920,2710779,dz,ཊི་རེ་པི་ཊར།
208729997,2710780,dz,སེ་ལ་རོ།
208730074,2710781,dz,ཅེ་ལ་ར།
208730151,2710782,dz,པོན་ཊེ་རོ་ཊོ།
208730228,2710783,dz,པོན་ཊེ་རོ་ཊོ།
208730305,2710784,dz,རི་ཝ་ར་ནོ།
208730382,2710785,dz,པི་ཡ་ནི་ཝིསི་ཀོསི།
208730459,2710786,dz,སཱན་སཱལ་ཝ་ཊོར།
208730536,2710787,dz,སཱན་སཱལ་ཝ་ཊོར།
208730613,2710788,dz,གནད་དོན་ཇེ་རར་ཌི།
208730690,2710789,dz,ཀོ་ལེ་ཝ་ར་ཌོ།
208730767,2710790,dz,སྟེར་པ་རོ་ཌེ་སན་ཏི།
208730844,2710791,dz,ཀོ་ལེ་སིན་སི་ཡ་རོ།
208730921,2710792,dz,ཕཱརན་ཀོ་ལི།
208730998,2710793,dz,ཝི་ལ་མཱ་སི་ཊི་༢པ།
208731075,2710794,dz,ཀ་སཱལ་ཕོར་ཛ་ཊོ།
208731152,2710795,dz,ཨའི་ཀོ་ནི་སེ་ལ།
208731229,2710796,dz,ཀན་ཊ་རེ་ལི།
208731306,2710797,dz,ཀྭ་གྷི་ལི་ཊ།
208731383,2710798,dz,ཀོ་ལེ་སི་ཡ་ལོན།
208731460,2710799,dz,མོན་ཊ་ན་རི།
208731537,2710800,dz,པི་ཀོ་སཱན་ཌོ་ན་ཊོ།
208731691,2710802,dz,ཀོན་སི་ཡོ།
208731768,2710803,dz,ཀེ་པེ་ལོ་ཌི་པག་ལི་ཡ།
208731845,2710804,dz,ཨོ་རེ་ཅི་ཨོཊོ།
208731922,2710805,dz,ཀ་སི་ཨོ་ལ།
208731999,2710806,dz,ཀ་སི་ཨོ་ལ།
208732076,2710807,dz,སན་ལུ་ཀ།
208732153,2710808,dz,ཀོན་ཊ་ར་ཌ་ མན་ན་རེ་ལ།
208732230,2710809,dz,ལོ་ཀ་ལི་ཊ་ བཱ་ཌི་ཡ།
208732307,2710810,dz,པར་སི་ཡ།
208732384,2710811,dz,ཀུ་ཟོ།
208732538,2710813,dz,ལུའུ་ས་
208732692,2710815,dz,རི་ས་རི།
208732769,2710816,dz,ཨན་ནུན་ཛི་ཏ།
208732846,2710817,dz,ནི་ཀོ་ལི་ཟི་ཡ།
208732923,2710818,dz,སེར་རོ་ ཀཱལ་ཌེ་ར་རོ།
208733000,2710819,dz,ས་ཅོན་ཏྲ།
208733077,2710820,dz,བཱ་ཅུ་ཀུར་ཟུ།
208733154,2710821,dz,ཕོར་རེ་ཌུསི་ཨིན་ན?
208733231,2710822,dz,སཱན་ཇིའོ་ཝ་ནི།
208733308,2710823,dz,ཀེ་སི་སེ་ཊི་ ཀ་སོ་ནི།
208733385,2710824,dz,མི་ནོ་-བོ་ན་རོ་-གཱ་ལོ།
208733462,2710825,dz,ཀ་སིན་རོན་ཀོ།
208733539,2710826,dz,ཕིརི་གྷོ་ཀ་
208733616,2710827,dz,ཀ་སོལ་ཊ།
208733693,2710828,dz,པག་ལི་ཡ་ལུང་ག།
208733770,2710829,dz,པག་ལི་ཡ་ལུང་ག།
208733924,2710831,dz,ཀྲོ་སི།
208734001,2710832,dz,ཏར་ག་ནི་༡།
208734078,2710833,dz,\N
208734155,2710834,dz,པི་རེན་ཊ།
208734232,2710835,dz,པཱལ་ས་-ཊོ་གྷི་ལི་ཡ་ཊི།
208734309,2710836,dz,ཌལ་མ་སི།
208734386,2710837,dz,པག་ལི།
208734463,2710838,dz,ཀ་སི་ན་བྲུ་སི་ཡ་ཊ།
208734540,2710839,dz,གྷྲེནཇ་སི་སེས།
208734617,2710840,dz,ཀན་ཊོ་གྷོ་ནོ།
208734694,2710841,dz,ཨ་གར་ལ།
208734771,2710842,dz,ཀ་སིན་ཟ་ནི།
208734848,2710843,dz,བཱ་ར་གིའོ་ཊ།
208734925,2710844,dz,ཀུ་ས་ནིའོ་
208735002,2710845,dz,ཀུ་ས་ནིའོ་
208735079,2710846,dz,གྷི་ཡར་ཌེ་ལོ།
208735156,2710847,dz,སཱན་ནཱ་ཟ་རིའོ།
208735233,2710848,dz,ཕོར་ན་ཀ།
208735310,2710849,dz,ཊོ་ཌོ་ཀོ།
208735387,2710850,dz,བེ་ནི་ཕི་སིའོ་-སི་ཊང་གོ་ནཱ།
208735464,2710851,dz,བེ་ནི་ཕི་སིའོ་-སི་ཊང་གོ་ནཱ།
208735541,2710852,dz,རོ་ལཱསི་ཀོ།
208735618,2710853,dz,ཀ་སི་ཊ་གྷོ་ལ།
208735695,2710854,dz,མེ་རེ་ལ།
208735772,2710855,dz,བཱ་ར་ཀ་
208735849,2710856,dz,ཕེབ་བི་རི་ཀོན།
208735926,2710857,dz,ཇིན་སི་ཡ་ཟི།
208736003,2710858,dz,\N
208736080,2710859,dz,ཝེ་རོ་ནཱ།
208736234,2710861,dz,ཀོཝར་ཊའི།
208736311,2710862,dz,ཀ་སིང་ཧེ་ནོ།
208736388,2710863,dz,\N
208736542,2710865,dz,རོ་ཀ་ཊ་གྷི་ལི་ཡ་ཊ།
208736619,2710866,dz,ཀམ་པོ་ཌེལ་ཝེས་ཀོ་ཝོ།
208736696,2710867,dz,བྲག་ཕུག །
208736773,2710868,dz,པི་ཡ་ནོ་རན་སི་ཡོ།
208736850,2710869,dz,ཀ་སི་ན་ཨིན་ཀ་སི་ཊོ།
208736927,2710870,dz,ཀར་ཊེ་རུ་ཨོ་ལ་-མ་སོན་སེ་ལོ་-ཊོར་ཅིའོ་
208737004,2710871,dz,ཀོ་སི་ཊ།
208737081,2710872,dz,དོ་སོ་ཌེལ་ཨེ་ར།
208737158,2710873,dz,སན་ཊི་ཨེ་རཱསི་མོ།
208737235,2710874,dz,པོན་ཊི་གཱ་ཊེ་ལོ་-ཀ་སི་ཊེ་ལོ་ པོན་ཊི་གཱ་ཊེ་ལོ།
208737312,2710875,dz,བོས་སོ་ཊི།
208737389,2710876,dz,ཀེམ་པ་ན་
208737466,2710877,dz,པེ་སེ་ག་ཏ།
208737543,2710878,dz,བོ་སིན།
208737620,2710879,dz,མོན་ཌོན་ཌོན།
208737697,2710880,dz,མོན་ཌོན་ཌོན།
208737774,2710881,dz,གེ་རེ་བོར་གྷི།
208737851,2710882,dz,སོ་ལ་ལོ་ལོ།
208737928,2710883,dz,བོར་གོ་ཝིག་ནཱ་ལེ།
208738005,2710884,dz,ཟོ་ན་རེ་སི་ཌེན་ཛི་ཡལ་པྲ་ཌོ་ནི་ཀོ།
208738082,2710885,dz,ཟོ་ན་རེ་སི་ཌེན་ཛི་ཡལ་པྲ་ཌོ་ནི་ཀོ།
208738159,2710886,dz,ཝེ་ཧར།
208738236,2710887,dz,ནོ་ག་ར་ ༡།
208738313,2710888,dz,ཅེ་ཨོ་ལ་ར།
208738390,2710889,dz,ཅེ་ཨོ་ལ་ར།
208738467,2710890,dz,སཱན་ཌིའོ་ནིག།
208738544,2710891,dz,ཝན་ཛི།
208738621,2710892,dz,བཱ་ར་གེ་ཊི།
208738698,2710893,dz,མདོ་ན་ཌེལ་ལི་གྷ་ར་ཟི།
208738775,2710894,dz,བྲུ་ནི།
208738852,2710895,dz,ཆིའུ་པེ་སི།
208738929,2710896,dz,\N
208739006,2710897,dz,ཊྲ་སེ་གྷོ་ནོ།
208739083,2710898,dz,ཀེམ་པོ་གཱ་ལོ།
208739160,2710899,dz,ནོ་གཱ་རིའོ།
208739237,2710900,dz,ཀ་ནའི་
208739314,2710901,dz,གནད་དོན་ཕ་ཝ་རོ།
208739391,2710902,dz,གནད་དོན་ཕ་ཝ་རོ།
208739468,2710903,dz,གནད་དོན་བོརོ་ས་
208739545,2710904,dz,ཀ་སི་ཊེ་ལེ་ཊོ།
208739622,2710905,dz,ཀ་སི་ཊེ་ལེ་ཊོ།
208739699,2710906,dz,\N
208739776,2710907,dz,མདོ་ན་ཌི་ལཱའུརཌིས།
208739853,2710908,dz,ཝ་ལི།
208739930,2710909,dz,ཀིརིསི་ཊོ་ཝལ་ཌོལ་མོ།
208740007,2710910,dz,ཅེ་ཅིན།
208740084,2710911,dz,རོ་ཌི་ན།
208740161,2710912,dz,ཅའ་ཀ་པེ་ལོ།
208740238,2710913,dz,ཅའ་ཀ་པེ་ལོ།
208740315,2710914,dz,ཀ་ས་ལི་སེ་ག་ཨའི་།
208740469,2710916,dz,བཱ་སི་ཊོ།
208740546,2710917,dz,ཀ་སེན་ཊི་ནོ།
208740623,2710918,dz,སཱན་ཊ་རོ་སཱ།
208740700,2710919,dz,ཝ་སི་ཊ་ནོ།
208740777,2710920,dz,ཝལ་བོ་ནཱ།
208740854,2710921,dz,པོན་ཊི་ནུའོ་ཝོ།
208740931,2710922,dz,པོན་ཊི་ནུའོ་ཝོ།
208741008,2710923,dz,ནོ་སི་ཌེ་ལ།
208741085,2710924,dz,སན་ཇི་ཡ་ཀོ་མོ།
208741162,2710925,dz,ཀ་སོ་ནི།
208741239,2710926,dz,པོན་ཊེ་གོམ་བོ་ལ།
208741316,2710927,dz,ཕྲ་བ་ཛ།
208741393,2710928,dz,བཱར་སི་ཌ།
208741470,2710929,dz,སི་ཡཱན་གཱའི་
208741547,2710930,dz,གནད་དོན་སེལ་ཝ་ཊི་ཆ།
208741624,2710931,dz,བོར་གོ་ཀ་ཝ་ལི་ཡར།
208741701,2710932,dz,པི་སི་ཡ་ཊེ་ལོ།
208741778,2710933,dz,མོན་ཊེ་ཅིའོ་
208741855,2710934,dz,ཕལ་སི་ར་ག།
208741932,2710935,dz,ཕལ་སི་ར་ག།
208742009,2710936,dz,སཱན་ཊ་རི་ཊ།
208742086,2710937,dz,པོ་གེ་ཊོ།
208742163,2710938,dz,ཇོན་ཕིཊ་ཇེ་རལཌ་ཀེན་ནེ་ཌི་བརྒྱུད་དེ།
208742240,2710939,dz,བཱ་སེ་དོ།
208742317,2710940,dz,པཱསི་ཊི་ན།
208742394,2710941,dz,རི་པོ་ལ།
208742471,2710942,dz,གུ་ཝ་ཌིན།
208742548,2710943,dz,གུ་ཝ་ཌིན།
208742625,2710944,dz,ཊེརེས་ཆི་ཊོ།
208742702,2710945,dz,ཀོར་ཊི་སི་ཊང་གྷེ་ལི་ནི།
208742779,2710946,dz,པོར་རེ་ཊ།
208742856,2710947,dz,ཀན་ཊོམ་བཱ་སི།
208742933,2710948,dz,ཝེར་རུ་ཀོལ།
208743010,2710949,dz,མོ་ལི་ནོ་ལའུ་ར།
208743087,2710950,dz,ཨིལ་ཇི་ཡར་ཌི་ནོ།
208743164,2710951,dz,ཝི་ལི་གིའོ་ཌེལ་སོ་ལེ།
208743241,2710952,dz,ལེ་པི་ཡ་ཛེ།
208743318,2710953,dz,སོ་ཌོ།
208743395,2710954,dz,ལུང་གར་ནོ།
208743472,2710955,dz,ལ་སི་ཊོ་ལ།
208743549,2710956,dz,ལ་སི་ཊོ་ལ།
208743703,2710958,dz,ཀེ་ན་ལེ།
208743780,2710959,dz,ཅའ་གེན་ཏི་ལི།
208743857,2710960,dz,ཅའ་གེན་ཏི་ལི།
208743934,2710961,dz,པོ་ཇིའོ་ཌེལ་ཀ་སི་ཊ་གྷོ།
208744011,2710962,dz,སཱན་ཨི་པོ་ལི་ཊོ།
208744088,2710963,dz,ཝི་ལ་ཕཱརན་ཀ།
208744165,2710964,dz,མོན་ཊི་ནོ་སི།
208744242,2710965,dz,སི་སི་རོན།
208744319,2710966,dz,ཀམ་པོ་ཨིང་ལི་སི།
208744396,2710967,dz,མེ་ཌོན་ནེལ།
208744473,2710968,dz,ཀ་པ་ན་སི་ཡོ།
208744550,2710969,dz,རི་ས་རི།
208744627,2710970,dz,པིམ་པི་ནེལ་ལི།
208744704,2710971,dz,གུ་ཝར་སི་ནི།
208744781,2710972,dz,ཝ་རེན།
208744858,2710973,dz,པོར་སི་རི་༢ པ།
208744935,2710974,dz,ཀོ་ལེ་མོ་རོ་ནི།
208745012,2710975,dz,སཱན་ཀཱར་ལོ་-ཀའུ་སི་ནོ།
208745089,2710976,dz,ཀཱར་མི་ཡ་ནོ།
208745166,2710977,dz,ཀཱར་མི་ཡ་ནོ།
208745243,2710978,dz,པོ་ཊེ་ཊི།
208745320,2710979,dz,ལ་མི་ཡ།
208745397,2710980,dz,ཊོ་རི་སེ་ལ།
208745474,2710981,dz,རི་ཝི་ཡ་ར་ཌི་མར་སི་གི་ལི་ཡ་ནོ།
208745551,2710982,dz,བཱ་རི་སེ་ལ།
208745628,2710983,dz,ཏེར་ཟོ་ཌི་མེ་ཟོ་༡
208745705,2710984,dz,པེ་རེལ།
208745782,2710985,dz,པིའོ་ལོ།
208745859,2710986,dz,ཊ་ཝར་ན་ནོ་ཝ།
208745936,2710987,dz,སན་ཊི་ཨིའུ་སི་ཊ་ཆིའོ།
208746013,2710988,dz,སན་ཊི་ཨན་ཊུའོ་ནོ།
208746090,2710989,dz,ཀེ་སི་ཕི་སིའོ་
208746167,2710990,dz,ཊར་ནར།
208746244,2710991,dz,རི་ལི།
208746321,2710992,dz,པི་ཛ་ནོ་ཀ།
208746398,2710993,dz,སེར་ཀོའོན།
208746475,2710994,dz,སན་ཊི་ཨེ་ལི་ཡ།
208746552,2710995,dz,ཕ་རིན་ཌོ་ལེས།
208746629,2710996,dz,ཀཱལ་ཀ་རེ་ལ།
208746706,2710997,dz,ཀཱལ་ཀ་རེ་ལ།
208746783,2710998,dz,སོ་གྷི་ལོ་ནི་གསུམ་པ།
208746860,2710999,dz,སེལ་ཝ་གསུམ་པ།
208746937,2711000,dz,ཀའུ་ཟ་རོ།
208747014,2711001,dz,ཀོ་ལི་མ་ར་ཀོ།
208747091,2711002,dz,ཊྲ་ཊུ་རོ།
208747168,2711003,dz,ལར་གོ་ལུང་གོ།
208747245,2711004,dz,པཱ་ལོ་ཧུའེ་ཀོ།
208747322,2711005,dz,སན་ཊོ་རོ།
208747399,2711006,dz,ཟོ་ན་ཨར་ཊི་ཇི་ཡ་ནེལ།
208747476,2711007,dz,གནད་དོན་ཀར་ཌི་ལོ།
208747553,2711008,dz,སཱན་ཇིའུ་ལི་ཡ་ནོ།
208747630,2711009,dz,སའི་མ།
208747707,2711010,dz,ཀོན་ཀྲ་ར་ཌ་གུ་རི་ས།
208747784,2711011,dz,ཀཱསི་ཊེ་ལ་ནོ།
208747861,2711012,dz,ཀུ་པ་སོ་པྲ་ན།
208747938,2711013,dz,ནི་ཀུ་ཟོ།
208748015,2711014,dz,སན་ཊ་སི་ས་རི་ཡ་ཊར་མེ།
208748092,2711015,dz,བོསི་ཀོ་པི་ས་ན།
208748169,2711016,dz,པིཀ་སིའོ་
208748246,2711017,dz,ཀོན་ཊ་ར་ཌ་ བིག་གེ་ནི།
208748323,2711018,dz,ས་ཨ་རེ་ནར་ཇུ།
208748400,2711019,dz,ཅེ་ལི་ནི།
208748477,2711020,dz,ཊོ་རེ།
208748554,2711021,dz,ཊོ་རེ།
208748631,2711022,dz,ཀོ་ལ་ནོ་ནི།
208748708,2711023,dz,ཀོ་ལ་ནོ་ནི།
208748785,2711024,dz,ཕོན་ཊི་ཀོ་སི་ཊན་ཛ།
208748862,2711025,dz,བོར་ག་ཏ་ལེ་ནོ་སི།
208748939,2711026,dz,ཀ་ས་ཛ།
208749016,2711027,dz,ཀོ་ལོང་གོ།
208749093,2711028,dz,པེན་ན་སོ།
208749170,2711029,dz,བི་སི་ཨོ་ལ།
208749247,2711030,dz,སོལ་ཊ་རི་ཀོ།
208749324,2711031,dz,སོལ་ཊ་རི་ཀོ།
208749401,2711032,dz,གནད་དོན་པེ་ཌི་ར་ར་གྷ་རན་ཌི།
208749478,2711033,dz,མི་སི་རོ་ལི།
208749555,2711034,dz,པྲ་ཌེ་ལཱ་མར་ཊ།
208749632,2711035,dz,པྲ་ཌེ་ལཱ་མར་ཊ།
208749709,2711036,dz,མོ་ཨ་ནོ།
208749786,2711037,dz,བིརི་ལེན་ཊི།
208749863,2711038,dz,ཕིའོ་ལ།
208749940,2711039,dz,ཊོ་ནིན།
208750017,2711040,dz,རོན་ཀ་ལི་ཡ།
208750094,2711041,dz,པི་ཀོ་ཌེལ་མོན་ཊི།
208750171,2711042,dz,ཀེ་རོ་ལི་ན།
208750248,2711043,dz,སཱན་བྷར་ནར་ཌོ།
208750325,2711044,dz,ཕེརེཝ།
208750402,2711045,dz,བོ་ལ་ནོ།
208750479,2711046,dz,བོ་ལ་ནོ།
208750556,2711047,dz,པར་ཊི་ནེལ།
208750633,2711048,dz,ཊེ་ར་ཟེ།
208750710,2711049,dz,ཊེ་ར་ཟེ།
208750787,2711050,dz,རོ་ཀ་ཌེལ་ལི་ཌོན་ནི།
208750864,2711051,dz,གིའུ་སུ་ལ་ན།
208750941,2711052,dz,ཀ་སིན་སཱ་ཝོ་ནེ་ས་
208751018,2711053,dz,ལོམ་མ་ཊོ།
208751095,2711054,dz,ཀ་ལན་ཌི་རི།
208751172,2711055,dz,ཀལ་ཝི།
208751249,2711056,dz,པ་ལི་པེརཊ།
208751326,2711057,dz,པ་ལི་པེརཊ།
208751403,2711058,dz,གནད་དོན་པོ་པོ་ལ་རི།
208751480,2711059,dz,ཀོསི་ཊ་ཀོར་ན་ཇི་ཡ།
208751557,2711060,dz,ཀ་སི་ན་ལེ་གོ་ར་ཊ་-ཌུ་ར་ཛོ་
208751634,2711061,dz,བུར་རོ།
208751711,2711062,dz,བུར་རོ།
208751788,2711063,dz,སི་ཊར་ཌ་ཀོན་སོར་ཛི་ཡལ།
208751865,2711064,dz,ཀེལ་སི་ནོན།
208751942,2711065,dz,ཀོ་ལེ་པེ་ཌི་རི་ནོ།
208752019,2711066,dz,བཱ་རེ་སི།
208752096,2711067,dz,ཝ་ལེ་སི།
208752173,2711068,dz,ཀོ་ལོམ་བཱ་རོ་-ཊི་མོ་ལིན།
208752250,2711069,dz,སོམ་མ་པྲ་དཱ།
208752327,2711070,dz,སཱ་ལེར་ནོ།
208752404,2711071,dz,སཱན་རོ་ཀོ།
208752481,2711072,dz,ལོག་ལིའོ་དི་སོཔྲ།
208752558,2711073,dz,བཱར་བུ་ཟེ་ར།
208752635,2711074,dz,ཀོར་ཊི་ཊེན་ཀ།
208752712,2711075,dz,པཱ་ལཱ་ཟོ་གྲགས་ཅན།
208752789,2711076,dz,གེར་བོ་ལི་ན།
208752866,2711077,dz,གྷ་ར་ཛིའོ་ལི་ཀོ་ཀོ་ལི།
208752943,2711078,dz,ཨིས་ཊི་ནི་ཇར་
208753020,2711079,dz,ཧོཕ་སི་ཊཊ།
208753097,2711080,dz,ཟ་ནོན།
208753174,2711081,dz,ཀོར་ཊི་སུ་པི་རི་ཡོར།
208753251,2711082,dz,ཀན་ཌི་རའི་ཡ།
208753328,2711083,dz,ཀོར་ཊི་ཝལ་ཝེ་ཅི་ཡ།
208753405,2711084,dz,མེ་ཌོན་ན།
208753482,2711085,dz,པོན་ཊི་སེ་ལི།
208753559,2711086,dz,ཅེ་རི་ན།
208753636,2711087,dz,གཱསི་པ་རི་ན།
208753713,2711088,dz,སེ་ར་ཕི་ནི།
208753790,2711089,dz,རོ་ཟོ་ལ།
208753867,2711090,dz,རོ་ཟོ་ལ།
208753944,2711091,dz,ཅའ་མི་ཤེལ་ལོན་-པོ་ལེ་ཊི།
208754021,2711092,dz,སཱན་ཊ་མ་རི་ཡ།
208754098,2711093,dz,མར་ཅེ་ཊི།
208754175,2711094,dz,པཱ་ལ་ཟོན་
208754252,2711095,dz,ཕྲ་ཀ་སི།
208754329,2711096,dz,ཨཱལ་པའོ་སི།
208754406,2711097,dz,གནད་དོན་སི་ཊེ་ཕ་ནོ་ནི།
208754483,2711098,dz,ཕྲ་ཝི་ཡ་ནོ།
208754560,2711099,dz,མལ་ཀན་ཊོན།
208754637,2711100,dz,གནད་དོན་ཟ་ནི་བེ་ལ་ཊོ་-རི་ཟ་ཊོ།
208754714,2711101,dz,གནད་དོན་ཟ་ནི་བེ་ལ་ཊོ་-རི་ཟ་ཊོ།
208754791,2711102,dz,ཕོན་ཊེན།
208754868,2711103,dz,བྲེ་ཌ།
208754945,2711104,dz,ཅའ་ཀ་པེ་ལ་རི།
208755022,2711105,dz,གནད་དོན་ཨ་ལུ་ཝི་ཡོ་ནཱ་ཊི།
208755099,2711106,dz,པི་ལ།
208755176,2711107,dz,པོན་ཊི་སཱན་ཌོ་ན་ཊོ།
208755330,2711109,dz,དགུན་ལྗང་ཁུ།
208755407,2711110,dz,ཀ་སི་ཊེལ་ནུའོ་ཝོ།
208755484,2711111,dz,གནད་དོན་རོ་སེ་ཊོ།
208755561,2711112,dz,ཀཱལ་མ་ན།
208755638,2711113,dz,སེལ་ཝ་ཊི་ཀོ།
208755715,2711114,dz,ཨར་ཇིན་ཝ་ལི།
208755792,2711115,dz,ཨེ་སེ་རིལ།
208755869,2711116,dz,མོ་ལི་ནེ་ལ།
208755946,2711117,dz,པོ་གིའོ་
208756023,2711118,dz,པོ་གིའོ་
208756100,2711119,dz,ཀེམ་པར་ཌུའིན།
208756177,2711120,dz,མི་ཟོན།
208756254,2711121,dz,མོ་རག་ནོ།
208756331,2711122,dz,ཝི་ལ་ཀཱར་བོ་ག་ན་ནི།
208756408,2711123,dz,སེར་ར་ཏ།
208756485,2711124,dz,ཨིལ་ཕོ་ལེ་ཊོ།
208756562,2711125,dz,ཝི་ལ་པྲ་ར།
208756639,2711126,dz,ཀེམ་པི་སི་ཡོ།
208756716,2711127,dz,ཀེམ་པི་སི་ཡོ།
208756793,2711128,dz,ཀ་སི་ཊེ་ལོ་ སན་ཊི་ཨེན་ཊོ་ནིའོ།
208756870,2711129,dz,ཀ་སི་ཊེ་ལོ་ སན་ཊི་ཨེན་ཊོ་ནིའོ།
208756947,2711130,dz,པོམ་པ་ག་ནོ།
208757024,2711131,dz,ཕི་གཱ་ཊེ་ལོ།
208757101,2711132,dz,རིའོ་ཀེན།
208757178,2711133,dz,རི་བཱལ་ཌེ་ས།
208757255,2711134,dz,ཅཱ་པེ་ཊུ་ཅི།
208757332,2711135,dz,མོ་ལི་ནེ་ལོ་-ཀ་སེ་ཊ་ཌི་ཀམ་པ་ན་
208757409,2711136,dz,མོ་ལི་ནེ་ལོ་-ཀ་སེ་ཊ་ཌི་ཀམ་པ་ན་
208757486,2711137,dz,ལི་ན་ར།
208757563,2711138,dz,ལི་ན་ར།
208757640,2711139,dz,ཇིའུ་ལི་ཨོ་ཌོ་རི།
208757717,2711140,dz,སེ་ཕེར་སི་ཡ།
208757794,2711141,dz,སཱན་ཊ་ལུ་ཤི་ཡ།
208757871,2711142,dz,བཟོ་གྲྭའི་ས་ཁོངས་ ཨིསི་ཀོ་ཝར་ཊ་བུ།
208757948,2711143,dz,བཱ་ཝ་རེ་ཊོ།
208758025,2711144,dz,ལོཔ་པི་ཡ་ཌི་སོ་ཊོ།
208758102,2711145,dz,ཀམ་པ་སིའོ་
208758179,2711146,dz,པོར་ཀ་རེ་སི།
208758256,2711147,dz,ས་སོ་རོ་སོ།
208758333,2711148,dz,ཕབ་བི་ཡ་ན།
208758410,2711149,dz,ཕབ་བི་ཡ་ན།
208758487,2711150,dz,ཀ་སི་ནི།
208758564,2711151,dz,ཀ་སི་ནི།
208758641,2711152,dz,ལ་ཕོན་ཊི།
208758718,2711153,dz,ཕི་ལི་པི་ནོ།
208758795,2711154,dz,ཝི་ལི་གིའོ་ཊོ་གྷི་ལི་ཡ་ཊི།
208758872,2711155,dz,ཝི་ལི་གིའོ་ཊོ་གྷི་ལི་ཡ་ཊི།
208758949,2711156,dz,ལེནཊི་ག་ནོ།
208759026,2711157,dz,ལ་ལ་པོ་ལ།
208759103,2711158,dz,ཀེམ་པི་ལི་ཡ་ནོ།
208759180,2711159,dz,སི་ཊེ་ལ་སི་ལེནཊོ།
208759257,2711160,dz,ཀ་ས་ནོ་ཝ།
208759411,2711162,dz,ཝི་ཡ་ཌེལ་ལེ་པཱར་ཊི།
208759642,2711165,dz,མན་ཅ་ཌི་སོ་པྲ།
208759719,2711166,dz,སན་ལོ་རེན་ཟོ།
208759873,2711168,dz,ཊོ་རི་ཆི་ཡ།
208759950,2711169,dz,ཀེབ་བི་ཡ་ནོ།
208760027,2711170,dz,ཝ་ལེ་བཱ་རཱ་ཅི་ཡ།
208760104,2711171,dz,ཀ་རི་ནེ་ལ།
208760181,2711172,dz,ཝིག་ནེ་ཊི་༢ པ།
208760258,2711173,dz,\N
208760335,2711174,dz,སི་ཊ་ཕ་རོ།
208760412,2711175,dz,སི་ཊ་ཕ་རོ།
208760489,2711176,dz,པཱལའུ་ཊོ།
208760566,2711177,dz,ཀོཀ་སི་ཨོཊོ།
208760643,2711178,dz,པེས་ཀཱ་ར།
208760720,2711179,dz,ཀོ་ལེ་སྒག་ལིའོ་ཕ་
208760797,2711180,dz,ཀ་སི་ཊེ་ལོ།
208760874,2711181,dz,ཝ་ཌོ་ཌི་ཝ་གཱལ་ཡ།
208760951,2711182,dz,སི་ཊ་ཌེ་ལ།
208761028,2711183,dz,སི་ཊ་ཌེ་ལ།
208761182,2711185,dz,ཝི་གྷི་ལིའོ་ཊི།
208761259,2711186,dz,ཀ་ས་ལ་སེལ་ཝ།
208761336,2711187,dz,རྡུལ་ཕྲན་མིསི་ཊོ།
208761413,2711188,dz,ཀོ་ཀོ་ལ།
208761490,2711189,dz,ཨན་ནུན་ཛི་ཏ།
208761567,2711190,dz,སེར་ཛི་ཊོ་གྷྲན་ཌི།
208761644,2711191,dz,པེ་ཊ་རོ།
208761721,2711192,dz,སན་ བར་ཊོ་ལོ་མེའོ།
208761798,2711193,dz,ཕེ་རི་ཡ་ར།
208761875,2711194,dz,གྷི་རི་ཀོ།
208761952,2711195,dz,སེར་རོན།
208762029,2711196,dz,པོ་ཌེ་རེ་སན་ཌོ་ནཱ་ཊོ།
208762106,2711197,dz,ཊེ་རོན།
208762183,2711198,dz,སན་པའོ་ལོ།
208762260,2711199,dz,རོ་ཊ་ཇི་ཡ་ནེ་ལི།
208762337,2711200,dz,རོ་ཊ་ཇི་ཡ་ནེ་ལི།
208762414,2711201,dz,ཀོ་ལེ་སཱན་ཊི་ཨེན་ཊོ་ནིའོ།
208762491,2711202,dz,ཀ་ས་ལེ་གཱ་ལིའོ་ཊི།
208762568,2711203,dz,ཝ་ཀཱར་ཌ།
208762645,2711204,dz,ཀ་སི་ཊེ་ལོ།
208762722,2711205,dz,ཝ་ལེ་ཀཱར་བུ་ར།
208762799,2711206,dz,ཀན་ཌེ་ལོ་རོ།
208762876,2711207,dz,ར་པ་ནི་སི།
208762953,2711208,dz,མོན་ཊེ་ཅིའོ་
208763030,2711209,dz,ཀེམ་པི་སཱ་ལེན་ཊི་ན།
208763107,2711210,dz,སེར་རེ་ཊོ་སན་ཊི་ཨེན་ཇེ་ལོ།
208763184,2711211,dz,བོར་གོ་པཱར་ཀོ་ལ་ཝེ་ཅི་ཡ།
208763261,2711212,dz,བོར་གོ་པཱར་ཀོ་ལ་ཝེ་ཅི་ཡ།
208763338,2711213,dz,པོར་ཊ་རི་ནོ།
208763415,2711214,dz,སྤི་ནེ་ཊོ།
208763492,2711215,dz,ཊིམ་པོན་མོར་ཊེ།
208763569,2711216,dz,སི་ཊོར་ཊི་ཀ་ཊི།
208763646,2711217,dz,སཱན་ཊ་ཀེ་ཊི་རི་ན།
208763723,2711218,dz,ཏ་ཝར་ན་སོ་ཊ་ན།
208763800,2711219,dz,ཏོར་ཏྲེ་པོན་ཏི།
208763877,2711220,dz,ས་ར་སེ་ན།
208763954,2711221,dz,\N
208764031,2711222,dz,གེ་ས་རིལ་ལུ།
208764108,2711223,dz,མ་ལི་ཝིན་ཌི།
208764185,2711224,dz,བཱ་རོན།
208764262,2711225,dz,རྡུལ་ཕྲན་ཨེས་པཱལ་མོ་ཨིན་ཕི་རི་ཡོར།
208764339,2711226,dz,པྲུཔ་པ།
208764416,2711227,dz,བཱ་ཌི་ཡ།
208764493,2711228,dz,ཀ་རི་སི་ཊི་ཡ།
208764570,2711229,dz,སཱན་ཊ་ཌོ་མེ་ནི་ཀ།
208764647,2711230,dz,མི་ལི་ཡན་ནི།
208764724,2711231,dz,མཀ་ལེ།
208764801,2711232,dz,བོར་གོ་པ་སོ།
208764878,2711233,dz,ཕྲེག་ནེ་ཊི་པི་རི་མོ་ (ཨེགསི་ཕྲེག་ནེ་ཊི་)
208764955,2711234,dz,ཨོ་སི་ཊི་ཛ།
208765032,2711235,dz,ཨོ་སི་ཊི་ཛ།
208765109,2711236,dz,ཕོར་ན་སེ་ཊ་སུ་པི་རི་ཡོར།
208765186,2711237,dz,མ་ར་གོ་
208765263,2711238,dz,ནོ་ནི་ ང་།
208765340,2711239,dz,ཀ་སིན་ཝོལ་པ་ཊི།
208765417,2711240,dz,ནེ་རོ།
208765494,2711241,dz,ཝི་ལི་གིའོ་མཌ་ལེ་ནཱ།
208765571,2711242,dz,ཨ་ལ་སི་ནི།
208765648,2711243,dz,ཨཱར་བི་རི་ཡ།
208765725,2711244,dz,མོ་མེ་ལོ།
208765802,2711245,dz,མོ་མེ་ལོ།
208765879,2711246,dz,གནད་དོན་པི་ཡན་ཌེན།
208765956,2711247,dz,ཀ་ས་ལེ་པཱ་ལ་ཟོ།
208766033,2711248,dz,ཝི་ལི་གིའོ་ཨོ་རོ་ར།
208766110,2711249,dz,པྲ་གྲ་ནེ་རོ།
208766187,2711250,dz,\N
208766264,2711251,dz,གོར་ར།
208766341,2711252,dz,ཊེ་ཊི་ཨེ་ལེ་རོ།
208766418,2711253,dz,བོསི་ཀོ།
208766495,2711254,dz,སནྡྲི།
208766572,2711255,dz,སནྡྲི།
208766649,2711256,dz,མདོ་ན་ཌི་ལོ་རེ་ཊོ།
208766726,2711257,dz,ཝལ་མ་གྷི་ཡོ་རེ་-སེ་ར་ཊི།
208766803,2711258,dz,པེ་རོ་ན།
208766880,2711259,dz,མར་ཅེ་ཊི།
208766957,2711260,dz,ཝལ་ཌི་ཅི་ས་
208767034,2711261,dz,ཕོརེསི་ཊོ།
208767111,2711262,dz,ཀ་ཝ་ན་-ཊ་རཱན་ཀོ།
208767188,2711263,dz,བི་ཡན་ཆི།
208767265,2711264,dz,ཀོསི་ཊི་ནོ།
208767342,2711265,dz,རེ་ཝེ་ལི།
208767419,2711266,dz,མེག་སི་ན།
208767496,2711267,dz,བོར་ལཱས་ཀ།
208767573,2711268,dz,ཀ་ས་རེ་ཇི་ཡོ།
208767650,2711269,dz,ཀྲོ་ཝ།
208767727,2711270,dz,ཀ་སིན།
208767804,2711271,dz,པི་ཡན་ཌེ་ཀུ་ནེ།
208767881,2711272,dz,སྔོན་འགྲོ།
208767958,2711273,dz,པཱ་ལུ་ཌི།
208768035,2711274,dz,པཱ་ལུ་ཌི།
208768112,2711275,dz,བེཊ་ཊོ་ལི་ནོ།
208768189,2711276,dz,བེཊ་ཊོ་ལི་ནོ།
208768266,2711277,dz,མི་གིན་ཌོ།
208768343,2711278,dz,ཀ་སི་ན་པིག་ནོན།
208768420,2711279,dz,ཀ་སི་ན་ཌེལ་པོན་ཊི་ཌི་ཀ་སི་ཊ་ནོ།
208768497,2711280,dz,ཀོན་ཊེ་རི་ཀོ།
208768574,2711281,dz,ཝལ་ཌ་རེན།
208768651,2711282,dz,ཀ་སི་ར་ག།
208768728,2711283,dz,ཊི་རི་བུ་ལི་ནི།
208768805,2711284,dz,ཝ་ལེ་སཱན་ཊ་མ་རི་ཡ།
208768882,2711285,dz,ཀོ་ཇི་ཡ།
208768959,2711286,dz,ཇིའོ་གོ།
208769036,2711287,dz,པ་སོ་ནི།
208769113,2711288,dz,མར་ཀོ་ལི་ནི་བརྒྱུད་དེ།
208769190,2711289,dz,མི་ར་ཝ་ལི།
208769344,2711291,dz,ཝི་ལི་གིའོ་ཇིའུ་སི་ཊི་ནོ།
208769421,2711292,dz,ཝི་ལི་གིའོ་ཇིའུ་སི་ཊི་ནོ།
208769498,2711293,dz,ཀམ་པ་ནེ་ལ།
208769575,2711294,dz,རོན་ཆི།
208769652,2711295,dz,རོན་ཆི།
208769729,2711296,dz,པ་ལི་མ་ཏ།
208769806,2711297,dz,ཝི་ལི་གིའོ་རུ་ར་ལེ།
208769883,2711298,dz,མོན་ཊ་གྷོ་ལི།
208769960,2711299,dz,ཀ་ས་ཊོ་ལོ་ཊི།
208770037,2711300,dz,སཱན་ཇོར་ཇིའོ་ཌེལ་ལི་པེར་ཊི་ཆི།
208770114,2711301,dz,རི་ག་ལེ་ཊ།
208770191,2711302,dz,ཆི་ཡའུ་ལིས།
208770268,2711303,dz,གྷ་ར་ལའོ་ནི་-པྲ་ལེ་སི་-སི་ས་ནོ།
208770345,2711304,dz,ཀོ་ལོམ་བ་ར་སན་ཝི་ཊོ།
208770422,2711305,dz,ཨོ་ཅ་ར།
208770499,2711306,dz,ཨོ་ཅ་ར།
208770576,2711307,dz,པཱསི་ཀྭ་རོ།
208770653,2711308,dz,ཆི་ཝི།
208770730,2711309,dz,པོ་ཛ་སི་ཊོ་ས་
208770807,2711310,dz,པོལ་ཌི་པིའོ་ཝེ་ཛ་ནོ།
208770884,2711311,dz,གུའི་ཊོ་
208770961,2711312,dz,སེ་སི་ཀེ་ཊོ།
208771038,2711313,dz,བེལ་ཝེ་ཌི་རི།
208771115,2711314,dz,མོན་ཊ་ག་ན།
208771192,2711315,dz,མ་ར་ན།
208771269,2711316,dz,ཀ་སོ་ནི་ཌི་སོ་པྲ།
208771346,2711317,dz,ཀ་སི་ཊེ་ལོ།
208771423,2711318,dz,ཀཱལ་ཌི་ཝེལ།
208771500,2711319,dz,ཨཱལ་པེ།
208771577,2711320,dz,མ་སོ།
208771654,2711321,dz,ཕ་རེནཛེ་ན།
208771731,2711322,dz,སའི་ར་ནོ།
208771808,2711323,dz,སོ་ལི་ཝོ།
208771885,2711324,dz,\N
208771962,2711325,dz,ཀོ་སི་ཊ།
208772039,2711326,dz,ཅེར་ཛ།
208772116,2711327,dz,བོར་གོ་ཕ་ཝ་རིན།
208772193,2711328,dz,བོར་གོ་ཕ་ཝ་རིན།
208772270,2711329,dz,ཨོང་ག་ན།
208772347,2711330,dz,ཏ་བ་ཅི།
208772424,2711331,dz,བོསི་ཀ་རི་ཡོལ།
208772501,2711332,dz,བོསི་ཀོ།
208772578,2711333,dz,གནད་དོན་ཀྲེ་མཱསི་ཀོ།
208772655,2711334,dz,སཱན་མ་མན་ཊི།
208772732,2711335,dz,ཅའ་ནཱ་ནི།
208772809,2711336,dz,ཅའ་ཟོ་ཊི་ནོ།
208772886,2711337,dz,ཀོར་ཊི་བོ་རིན།
208772963,2711338,dz,རོ་སི་གྷོ་ལོ་ལོ།
208773040,2711339,dz,ཕེ་ར་རི་སི།
208773117,2711340,dz,ཌ་རིའོ་
208773194,2711341,dz,ཌ་རིའོ་
208773271,2711342,dz,སི་ཊོཔ་རི།
208773348,2711343,dz,གྲུ་མོ་ལོ།
208773425,2711344,dz,ཀ་ས་ལི་ཨོར་ཝེན་ཀོ།
208773502,2711345,dz,བེལ་ཝེ་ཌི་རི།
208773579,2711346,dz,བེལ་ཝེ་ཌི་རི།
208773656,2711347,dz,ནོག་ལ་རེ་ཌ།
208773733,2711348,dz,ཨི་སོ་ལ་སེ་ར་ཕི་ནི།
208773810,2711349,dz,བཟོ་གྲྭའི་ས་ཁོངས་ ཀ་ཊ་གྷི་ནིན-པ་ལ་ཟི་ན།
208773887,2711350,dz,ཕོར་ནི།
208773964,2711351,dz,ཀ་ས་མཱསི་ཀན་ཌོ་ལ།
208774041,2711352,dz,ཨཱལ་པེ།
208774118,2711353,dz,སན་མི་ཤེལ་ཀ་ཝ་ན།
208774195,2711354,dz,ཨོར་ཛ་ལེ།
208774272,2711355,dz,པའེ་ཌི་ཝི་ཡ།
208774349,2711356,dz,ཅའ་དེའི་དུ་ཆི།
208774426,2711357,dz,ཅའ་དེའི་དུ་ཆི།
208774503,2711358,dz,ཝི་ལི་གིའོ་ཌེལ་སོ་ལེ།
208774580,2711359,dz,གནད་དོན་བུརུ་སི་ཡེཊ།
208774657,2711360,dz,ཀོར་ཊི་ཝེག་མེན།
208774734,2711361,dz,ཕོན་ཌོ་ཝི་སི་ཊ།
208774811,2711362,dz,སི་པོ་ལེ་ཊ།
208774888,2711363,dz,པིའོ་པ།
208774965,2711364,dz,པུན་ཏ།
208775042,2711365,dz,གནད་དོན་བཱལ་ཌི།
208775119,2711366,dz,གནད་དོན་ཕོསི་ཆི་ནི།
208775196,2711367,dz,གནད་དོན་ཕོསི་ཆི་ནི།
208775273,2711368,dz,ལ་པ་ལེ་ཊི་ཡ་-ལོམ་བར་ཌི་ན།
208775350,2711369,dz,གནད་དོན་རོན་ཀ་ཌེ་ལོ།
208775427,2711370,dz,གནད་དོན་རོན་ཀ་ཌེ་ལོ།
208775504,2711371,dz,ང་ ཀོན་ཊི།
208775581,2711372,dz,ཀ་སི་ཊེ་ལོ།
208775658,2711373,dz,ཀ་སེན་ཊི་ནོ།
208775735,2711374,dz,མི་ནི་ཡ་ར།
208775812,2711375,dz,སན་ཊི་ཨེ་རཱསི་མོ།
208775889,2711376,dz,པི་ཡན་ཌེ་ལཱ་པི་ཝི།
208775966,2711377,dz,ཊོར་རོན་སེར་ར་བ་ས་
208776043,2711378,dz,མོན་ཊེ་ཅིའོ་
208776120,2711379,dz,མོན་ཊེ་ཅིའོ་
208776197,2711380,dz,མོན་ཊི་ཀེརེ་ཊ་སི་ཡོ།
208776274,2711381,dz,ཝ་ལེ་ཨོམ་བྲོ་ས་
208776351,2711382,dz,གུའི་ན་ཌི།
208776428,2711383,dz,ལ་ཅུ་གན།
208776505,2711384,dz,ལེ་པཱ་སི་ཡོལ།
208776582,2711385,dz,ཀ་སི་ཊི་ལི་ན།
208776659,2711386,dz,རིན་ཕོར་ཛ་ཏི།
208776736,2711387,dz,རིན་ཕོར་ཛ་ཏི།
208776813,2711388,dz,ལ་བུ་ཅ།
208776890,2711389,dz,ལི་གཱལ་ཝེན།
208776967,2711390,dz,རོ་ཝི་ན་ཏོ།
208777044,2711391,dz,རོ་ཝི་ན་ཏོ།
208777121,2711392,dz,ཝལ་ཀ་ནི་ན།
208777198,2711393,dz,ཀུ་སི་གྷ་ནོ།
208777275,2711394,dz,ཅེར་རི།
208777352,2711395,dz,ཝོ་གོ་གཱ་ནོ།
208777429,2711396,dz,ཏ་སོ།
208777506,2711397,dz,ཏྲེ་ཇི་ཡ་ཡ།
208777583,2711398,dz,ཕི་ཨོ་རེ།
208777660,2711399,dz,ཀོ་ནེའོ།
208777737,2711400,dz,ཀ་སཱལ་ཊ་ཨི་བེལ་ཝེ་ཌིར།
208777814,2711401,dz,ཕོ་ཨེན་ན།
208777891,2711402,dz,ལ་གོ་བོ་ར་སི་ཕེ་རོ།
208778045,2711404,dz,བེལ་ཝེ་ཌི་རི།
208778122,2711405,dz,ཊོ་རི་སེ་ལ།
208778276,2711407,dz,པོ་གིའོ་
208778353,2711408,dz,པོ་གིའོ་
208778430,2711409,dz,\N
208778507,2711410,dz,སེཀོན་ཌི་ཝིལ་ལི།
208778584,2711411,dz,མག་ན་ལར་ཌོ།
208778661,2711412,dz,རེ་ཏ་རོ་ལ།
208778738,2711413,dz,ཀམ་པོ་-ཨིསི་ཊར་ཛ།
208778815,2711414,dz,ཝ་ནོ།
208778892,2711415,dz,ཝ་ནོ།
208778969,2711416,dz,ཀེན་སེ་ལོ།
208779046,2711417,dz,ཕོརསི་ཊ་-སི་ཌོ་ནིའོ།
208779123,2711418,dz,ཨེག་ནེ་རོན།
208779200,2711419,dz,གནད་དོན་ཨོན་ཊོ་ལ།
208779277,2711420,dz,མ་སེ་རི་ཡ་ ཊ་བ་སོ།
208779354,2711421,dz,སཱར་སི་ཡོ་ནི།
208779431,2711422,dz,ཨ་གོ་ནུར་སི།
208779508,2711423,dz,ཀ་སུ་སི་ཡོ།
208779585,2711424,dz,ཀ་སཱལ་པྲེ་ཊི་-ཝར་རི་ཆི།
208779662,2711425,dz,པཱལ་མེན་ཊ་ཊ།
208779739,2711426,dz,ཀེརེ་ཊའི་ཨོ།
208779816,2711427,dz,ས་གནས་བཟོ་གྲྭའི་རི་སི་ཡོ།
208779893,2711428,dz,ཀ་སཱལ་ཌི་ཀེརེ་ཊ།
208779970,2711429,dz,རི་སི་ཌེན་ཛ་-ཌོ་རི་ཀ།
208780047,2711430,dz,ཀ་སི་ནོ་ཝི་ལ།
208780124,2711431,dz,པོལ་ཝེ་རེ་ལི།
208780201,2711432,dz,རི་ག་ལེ་ཊ།
208780278,2711433,dz,ཀ་སི་ཊེལ་མེ་ཌི་ཊོ།
208780355,2711434,dz,ཀོ་ལི་ཕོར་མི་ཀ།
208780432,2711435,dz,ཀེ་སི་ཌི་ཊི་ལིའོ་
208780509,2711436,dz,ཀཱསི་ཊ་ར་ཀ་ནི།
208780586,2711437,dz,ཀཱསི་ཊ་ར་ཀ་ནི།
208780663,2711438,dz,བཱ་སི་ལི་ཀོ་ནང་ སཱན་ཊ་མ་རི་ཡ།
208780740,2711439,dz,གུ་ཌོ་ཀ་ཝ་ལི།
208780817,2711440,dz,བེཌེསི་ཀོ།
208780894,2711441,dz,ཕུ་མ་རོ་ལ།
208780971,2711442,dz,པཱསི་ཀ་རོ་ས་
208781048,2711443,dz,ཀོ་ལི་ཡན་ཌི་རི་ནོ།
208781125,2711444,dz,ཕར་མ་ཊ་ཊི་ཡ་ར།
208781202,2711445,dz,མི་སེ་ལེ།
208781279,2711446,dz,ཨ་གོ་སི་ཊོ།
208781356,2711447,dz,མཆི་ཡ་ཌི་མོ་ན་སི།
208781433,2711448,dz,རམ་མ་ཊི་ཀོ།
208781510,2711449,dz,རམ་མ་ཊི་ཀོ།
208781664,2711451,dz,པི་ཡ་ནོ་ལེ་པེར།
208781741,2711452,dz,པི་ཡ་ནོ་ལེ་པེར།
208781818,2711453,dz,ཕི་ཀུ་ཛ།
208781895,2711454,dz,པ་ར་ཏ།
208781972,2711455,dz,ནུ་པོ་ལ་ར།
208782049,2711456,dz,ཕ་ཝ་ལི།
208782126,2711457,dz,བུ་སི་ཊོ།
208782203,2711458,dz,སེར་ར་ཌི་ཨ་སི་ནོ།
208782357,2711460,dz,བན་ཌ།
208782434,2711461,dz,ཀམ་པོ་ཅི་ས་
208782511,2711462,dz,\N
208782588,2711463,dz,འདེམས་ངོ་།
208782665,2711464,dz,ལེ་ཇིའོ་
208782742,2711465,dz,ཨར་ས་ནེལ་ལོ།
208782819,2711466,dz,པི་པི།
208782896,2711467,dz,བཱ་ཊིའོ་ལ།
208782973,2711468,dz,ཨཱལ་བ་ན་ཟོ།
208783050,2711469,dz,ཨཱལ་བ་ན་ཟོ།
208783127,2711470,dz,ཆི་ཡུ་ས་ཀ་ཝ་ལི།
208783204,2711471,dz,ཀེ་སེ་ཊི་ཨེན་ཊོ་ནེལ་ལི།
208783281,2711472,dz,སན་ཊི་ཨེན་ཌི་རི་ཡ།
208783435,2711474,dz,ལ་གོ་ནི།
208783512,2711475,dz,གཽ་ཏ་དཱི་ལོ་ལོ།
208783589,2711476,dz,ཀེན་ནིན།
208783666,2711477,dz,ཆིའོ་ཅེ་ཊི་-ཇི་ཡ་ན་ཌ་
208783743,2711478,dz,ཀན་ཊོན་བོན་ཌ།
208783820,2711479,dz,ཊི་རི་ཝེ་རོ་-རེ་ནེ་ཀོ།
208783897,2711480,dz,བཱ་ར་ཛེ་ཊ་ཨིན་ཕི་རི་ཡོར།
208783974,2711481,dz,ཏ་པི་རོ་ས་
208784051,2711482,dz,ཕེ་རེ་རི་-པེ་རི་ནི་-མོ་ལི་ནི།
208784128,2711483,dz,སི་ཀེ་རི་ཛ།
208784205,2711484,dz,བཱ་ར་ཛི་ན་༢ པ།
208784282,2711485,dz,བཱ་ར་ཛི་ན་༢ པ།
208784359,2711486,dz,ཨིལ་པཱ་ལ་ཟོན་
208784436,2711487,dz,ཨིལ་པཱ་ལ་ཟོན་
208784513,2711488,dz,ཀ་སི་ཊེ་ལོ།
208784590,2711489,dz,ཕེརེ་སི་ཡོ་ནི།
208784667,2711490,dz,གྷྲན་ཇིའོ་ཊི།
208784744,2711491,dz,གྷྲན་ཇིའོ་ཊི།
208784821,2711492,dz,ཕུང་ཧེ་ར།
208784898,2711493,dz,གི་རེ་ལ་ཝི་ལ།
208784975,2711494,dz,མར་གའུ་ལ།
208785052,2711495,dz,ཝི་ལཱ།
208785129,2711496,dz,བཱའུ་ཌི།
208785206,2711497,dz,ཀ་སི་ན་པེ་ཊི་ཊི།
208785283,2711498,dz,སེར་ཝོ་ཊོ།
208785360,2711499,dz,ཀ་སི་ནོ་ཊི།
208785437,2711500,dz,ཆིའོན།
208785514,2711501,dz,ཀ་སི་ན་གྷྲན་ཌི་ན།
208785591,2711502,dz,ཀ་སི་ན་གྷྲན་ཌི་ན།
208785668,2711503,dz,ཝི་ལེ་རོ།
208785745,2711504,dz,རི་ཝོ།
208785822,2711505,dz,རོ་ཊ་བཱ་སི་ཡས།
208785899,2711506,dz,སན་ཊུ་རི་ཨོ་རོན་ཆི།
208785976,2711507,dz,པྲ་ཏོ་ས་ལི་སི་སོ་པྲ་ནོ།
208786053,2711508,dz,པི་ཡ།
208786130,2711509,dz,ཀེ་ནོ་ནེ་རོ།
208786207,2711510,dz,ཝི་ག་ནོ།
208786284,2711511,dz,ཀ་ས་བི་ཡན་ཀ།
208786361,2711512,dz,ཀ་ས་བི་ཡན་ཀ།
208786438,2711513,dz,སཱན་ཇིའུ་སེཔི།
208786515,2711514,dz,བེཊ་ཊོ་ལ།
208786592,2711515,dz,བེཊ་ཊོ་ལ།
208786669,2711516,dz,ཊ་ཀོ་ནོ་ཊི།
208786746,2711517,dz,ཅེ་ར་སི་ཀ།
208786823,2711518,dz,ཨཱལ་བ་ར་སི་ཀ།
208786900,2711519,dz,མདོ་ན་ཌེ་ལ་རུ་ཨོ་ཊ།
208786977,2711520,dz,མདོ་ན་ཌེ་ལ་རུ་ཨོ་ཊ།
208787054,2711521,dz,ཕེར་རི་ར།
208787131,2711522,dz,ཟ་ནོ་ནི།
208787208,2711523,dz,ཝར་ཛི།
208787285,2711524,dz,རོ་ཀོ་ལོ་
208787362,2711525,dz,རོ་ཀོ་ལོ་
208787439,2711526,dz,མེ་དུ།
208787516,2711527,dz,ཨེལ་ཌེ་ར།
208787593,2711528,dz,དོ་སོ་-ཕིན་སུའུ།
208787670,2711529,dz,དོ་སོ་-ཕིན་སུའུ།
208787747,2711530,dz,དོ་བེར་ཌོ་ཌེལ་ལ་གོ།
208787824,2711531,dz,པོར་ཊི་ཀོ་ཀ་ལེཔ་ཡོ།
208787901,2711532,dz,རོན་ཀ་ལི་ཡ།
208787978,2711533,dz,ཝི་ལི་ནོ།
208788055,2711534,dz,ཀ་སི་ཊེལ་མདའ་རུ་ཟོ།
208788132,2711535,dz,སཱན་ཊ་ཇིའུ་སི་ཊི་ན།
208788209,2711536,dz,བཱལ་ཌོན།
208788286,2711537,dz,སི་ཊ་ཀ།
208788363,2711538,dz,ཀ་སི་ན་མལ་པ་ག།
208788440,2711539,dz,ལཱ་ཝི་ནོ།
208788517,2711540,dz,མེ་ཇེནཊ།
208788594,2711541,dz,སི་ཊར་ཌེ་ལ།
208788671,2711542,dz,ཀ་སིན་སཱན་ཀཱར་ལོ།
208788748,2711543,dz,གུ་ཨ་ཌོ།
208788825,2711544,dz,སེ་གཱ་ར་དཱ་༡
208788902,2711545,dz,ཀ་སི་ནེལ།
208788979,2711546,dz,ས་རིང་།
208789056,2711547,dz,ཨི་རི་གྷེ།
208789133,2711548,dz,གོབ་བེ་ར།
208789210,2711549,dz,\N
208789287,2711550,dz,མགར།
208789364,2711551,dz,ཀ་སི་ན།
208789441,2711552,dz,པེར་གྷེ་རི།
208789518,2711553,dz,ཀ་སོ་ཊི་ནུའོ་ཝི།
208789595,2711554,dz,ཟོ་ཝོ།
208789672,2711555,dz,མོ་ལི་ནི་-ཊོར་རེ།
208789749,2711556,dz,ཀཱར་བོ་ནི་ནི།
208789826,2711557,dz,ཕོར་ནེ་ལོ།
208789980,2711559,dz,ཀམ་པ་ན་རི།
208790057,2711560,dz,ཀམ་པ་ན་རི།
208790134,2711561,dz,ཅིའེ་སུའོ་ལ།
208790211,2711562,dz,ཆི་ཡ་ཝི་ཀ།
208790288,2711563,dz,བེ་ལོ་ཀ།
208790365,2711564,dz,ཅའ་ཌེ་མི་ཅེ་ལི།
208790442,2711565,dz,ཊར་ཅེ་ཊི།
208790519,2711566,dz,ཀོར་ཊི་བཱ་ས་
208790596,2711567,dz,ཌུའེ་མོ་རི་-ཝི་ལ་གཱས་པ་རི།
208790673,2711568,dz,པ་ལུ།
208790750,2711569,dz,ཀཱར་པ་ནེ་ཌ།
208790827,2711570,dz,པི་ཡ་ན་རི།
208790904,2711571,dz,པི་ཡ་ན་རི།
208790981,2711572,dz,གེ་ཅེ་ལི་ན།
208791058,2711573,dz,སི་པི་ནོ་ས་ཌི་སོ་པྲ།
208791135,2711574,dz,ཨཱལ་བེ་རེ།
208791212,2711575,dz,ཨཱལ་བེ་རེ།
208791289,2711576,dz,ཨ་སེ།
208791366,2711577,dz,བྲ་གི།
208791443,2711578,dz,\N
208791520,2711579,dz,ཀམ་པོ་ལུ་ཡོད་པའི་ སཱན་པི་ཊོ།
208791597,2711580,dz,མར་ཊིན།
208791674,2711581,dz,ཀཱར་ཕོན།
208791751,2711582,dz,མོན་མའུཊ་མཚོ་འགྲམ།
208791828,2711583,dz,ལ་ཅུ་ན།
208791905,2711584,dz,པི་ཡན་མོ་ལིན་-ཀོསི་ཊ་ཌི་མེ་ཟོ།
208791982,2711585,dz,སཱན་ཊ་ལུ་ཤི་ཡ།
208792059,2711586,dz,གནད་དོན་ བཱ་སེ་ཇིའོ་
208792136,2711587,dz,ཀཱལ་མ་གྷི་ཡོར་༡
208792213,2711588,dz,ཌེལ་མེར་ལོ།
208792290,2711589,dz,ཌེལ་མེར་ལོ།
208792367,2711590,dz,གནད་དོན་ཕྲེ་ཀ་རོ།
208792444,2711591,dz,པོསི་ཊི་ཨོ་མ།
208792521,2711592,dz,ཀོསི་ཊ་ཌི་ལ།
208792598,2711593,dz,ལཱའུ་རོ།
208792675,2711594,dz,པའི་ལོ་ཊོ།
208792752,2711595,dz,ཏ་བི་ན།
208792829,2711596,dz,ཅའ་སོལ་དཏི།
208792906,2711597,dz,ཅའ་ཀོ་ལེ་ཊོ།
208792983,2711598,dz,སན་ཊི་ཨེ་ལི་ན་གཉིས་པ།
208793060,2711599,dz,སན་ཊི་ཨེ་ལི་ན་གཉིས་པ།
208793137,2711600,dz,ཊར་ཛོ་ བཱ་སི་ནོ།
208793214,2711601,dz,ཡན་ལག།
208793291,2711602,dz,གནད་དོན་ཀེམ་པི་གོ་ཊོ།
208793368,2711603,dz,བཱ་ལིན་-མིའོ་ཊོ།
208793445,2711604,dz,པིག་ནན།
208793522,2711605,dz,ལུང་ག་བརྒྱུད་དེ།
208793599,2711606,dz,སབ་བི་ཨོ་ནི།
208793676,2711607,dz,གནད་དོན་ཇེན་ན་རི།
208793753,2711608,dz,ཏ་ཌིའོ་ལེ།
208793830,2711609,dz,མར་ཀན་ཊ།
208793907,2711610,dz,ལེ་ཀེ་སེཊ།
208793984,2711611,dz,ལ་ཀོལ་ཊར།
208794061,2711612,dz,མར་སེའུ།
208794138,2711613,dz,ཨོསི་ནེ་ཊོ།
208794215,2711614,dz,ཕོར་ནེལ་ལི་ཌི་སོཔ་ར།
208794292,2711615,dz,བེལ་པོ་ཇིའོ།
208794369,2711616,dz,སན་ཏ་ཨ་ག་ཏ།
208794446,2711617,dz,གྷི་རེ་ཟོ་
208794523,2711618,dz,སེ་ཊི་རོན།
208794600,2711619,dz,སི་སི་ཊར་ནི་ནོ།
208794677,2711620,dz,མལ་ཀན་ཊོན།
208794754,2711621,dz,ཀོ་ལོ་རེ་ཊོ།
208794831,2711622,dz,པི་ཟོ་ལེ་སི།
208794908,2711623,dz,ལ་ཕོར་ནེསི།
208794985,2711624,dz,བེར་གོ་གྷོ་ནོ།
208795062,2711625,dz,ཝི་ཊོ་རི་ཡ།
208795139,2711626,dz,ག་ཊ།
208795216,2711627,dz,བེ་ལ་རི་ཡ།
208795293,2711628,dz,ཅའ་ནོ་ཝ།
208795370,2711629,dz,ལཱ་ཝོལ་ཊ།
208795447,2711630,dz,ལཱ་ཝོལ་ཊ།
208795524,2711631,dz,གནད་དོན་ཝི་ཡ་ཛ།
208795601,2711632,dz,བཟོ་གྲྭའི་ས་ཁོངས་ ཀ་སི་ཊེལ་ཕཱརན་ཀོ།
208795678,2711633,dz,སམ་མར་ཏིན།
208795755,2711634,dz,ཝ་ཊི་ཀ་ནོ།
208795832,2711635,dz,ཝ་ཊི་ཀ་ནོ།
208795909,2711636,dz,པོ་གིའོ་
208795986,2711637,dz,ལ་པི་ཡ་ཛ།
208796063,2711638,dz,སན་ཊི་ཨེན་ཊོ་ནིའོ་ཌི་སོཔ་ར།
208796140,2711639,dz,ཨཱལ་བཱར་སཱ་ནོ།
208796217,2711640,dz,གནད་དོན་ཕོར་མི་ཀ།
208796294,2711641,dz,སན་ཕི་ལི་པོ།
208796371,2711642,dz,ལ་མར་མ་ན།
208796448,2711643,dz,ཅའ་མོན་ཊེ་ཅི།
208796525,2711644,dz,མོན་ཊལ་ཝེ་ལོ།
208796602,2711645,dz,ཀེ་ནེ་པི་ན།
208796679,2711646,dz,བོ་ཊི་རི་སེ་ལོ།
208796756,2711647,dz,ཝི་ལ་ནོ་ཝ།
208796833,2711648,dz,ས་པོ་ནི་ཡ་ར།
208796910,2711649,dz,ལ་ག་ཅི།
208796987,2711650,dz,མུ་རི་ཅི་ཡ།
208797064,2711651,dz,བཱ་སི་ཊོ།
208797141,2711652,dz,ཀ་སེ་ལ།
208797218,2711653,dz,ཝི་ལ་མ་རི་ཡ།
208797295,2711654,dz,ཝི་ལ་མ་རི་ཡ།
208797372,2711655,dz,པོ་ཌེ་རེ་སན་ཊི་ཨ་ཅི་ལི།
208797449,2711656,dz,པོ་ཇི་ཨོ་ལོ།
208797526,2711657,dz,མར་སི་ཡ་ནིསི།
208797603,2711658,dz,གྷི་རི་མོ་ལི།
208797680,2711659,dz,བུ་ཅི་ཡ་ནོ།
208797834,2711661,dz,ཊེ་ར་རོ་ས་
208797911,2711662,dz,ཊོམ་བེ་ཊ།
208798065,2711664,dz,ཝལ་པིན་ཛ།
208798142,2711665,dz,ཀོ་རོ་ན།
208798604,2711671,dz,མོན་ཊེ་ར་ཟ་ནོ།
208798681,2711672,dz,མོན་ཊེ་ར་ཟ་ནོ།
208798758,2711673,dz,པི་ཡན་ཌི་ལེག་ནེམ།
208798835,2711674,dz,གྷོ་ཊ་གྷི་ལི།
208798912,2711675,dz,ཀ་ས་ནོ་ཝ་མེ་ཌོན་ན་པེ་སི་-སན་ཇིའོ་ཝ་ནི།
208798989,2711676,dz,ཀེམ་པི་ལི་ཡ་ནོ།
208799066,2711677,dz,སི་གྷི་ལི་ཡ་ནོ།
208799143,2711678,dz,ཕོ་སོ་ཌེལ་ཨི་སོ་ལོཊོ།
208799220,2711679,dz,སཱན་ཇིའུ་སེཔི།
208799297,2711680,dz,སེལ་ཝེ་ཌི་མོན་ཌ་ར་གོ་ནི།
208799374,2711681,dz,ཀ་ས་ལེ་ནུའོ་ཝོ།
208799451,2711682,dz,ཀ་ས་ལེ་ནུའོ་ཝོ།
208799528,2711683,dz,སཱན་ཊ་མ་རི་ཡ་ཨིམ་པེ་སོལ།
208799605,2711684,dz,སྤྲོ་ཕོནཌི།
208799682,2711685,dz,སན་པའོ་ལོ།
208799759,2711686,dz,སན་པའོ་ལོ།
208799836,2711687,dz,ས་ཅི།
208799913,2711688,dz,སེར་ཛོ་ཀོལ།
208799990,2711689,dz,ཀར་ཌི་ཊོ།
208800067,2711690,dz,ཕུ་མ་རི་ལི།
208800144,2711691,dz,ཊོར་རི་པ་ལ་ཟོ།
208800221,2711692,dz,སཱན་གྷི་རི་གོ་རིའོ།
208800298,2711693,dz,སེར་ཝི་ག་ནོ་ཌེལ་ཕི་རི་ཡུ་ལི།
208800375,2711694,dz,གཱར་ཌི།
208800452,2711695,dz,སི་ཕེ་ར་ཀ་ཝ་ལོ།
208800529,2711696,dz,ཏོར་ཏྲེ་པོན་ཏི།
208800606,2711697,dz,སཱན་ཇིའོ་ཝ་ནི།
208800683,2711698,dz,མ་ར་ནོ།
208800760,2711699,dz,སན་ཊོ་སི་པི་རི་ཊོ།
208800837,2711700,dz,ཕོན་ཊ་ན།
208800914,2711701,dz,མའི་སི།
208800991,2711702,dz,ཀེ་སི་ལེ་ཊི་ཡ་རི།
208801068,2711703,dz,ཊར་མི་ནི་-སན་ཊི་ཨ་ག་ཊ།
208801145,2711704,dz,སྤི་ནེ་ཊོ།
208801222,2711705,dz,བི་ཡན་ཀ་ནེ་ཝེ།
208801299,2711706,dz,དྲོ་ཌོ་-ཀ་ཝ་ལོ་མའུ་རོ།
208801376,2711707,dz,ཝ་ལེ་ཀོར་ཝོ།
208801453,2711708,dz,པེ་ཊོ་ར་ནོ།
208801530,2711709,dz,པོ་ཇི་ཡོ་ར་གོ་ནི།
208801684,2711711,dz,སོལ་ཕེ་རི་ནོ།
208801838,2711713,dz,ཊྲ་ཊུ་རོ།
208801915,2711714,dz,སོར་བོ་-སན་མི་ཤེལ།
208801992,2711715,dz,ས་ལེ་ར།
208802069,2711716,dz,པ་ལུ་ཌི་མེ་ཛ་ནི།
208802146,2711717,dz,སི་ཀ་ལ་ཌི་ཕུར་ནོ།
208802223,2711718,dz,ཏེར་ཟོ་མར་ཛོ་ཀོ་ལོ།
208802300,2711719,dz,དེ་མ།
208802377,2711720,dz,ཟེར་ཏི།
208802454,2711721,dz,པུ་ཛི་ལོ།
208802531,2711722,dz,རི་ཝེ་ལོ།
208802608,2711723,dz,བཟོ་གྲྭའི་ས་ཁོངས་སུཌ།
208802685,2711724,dz,གམ་མི་སེ་ལ།
208802762,2711725,dz,ཀམ་པོ་སཱན་ལོ་རེན་ཟོ།
208802839,2711726,dz,ཀམ་པོ་སཱན་ལོ་རེན་ཟོ།
208802916,2711727,dz,གནད་དོན་སན་ཊི་ཨེན་ཌི་རི་ཡ།
208802993,2711728,dz,གནད་དོན་སན་ཊི་ཨེན་ཌི་རི་ཡ།
208803147,2711730,dz,པེན་ས་བེན།
208803224,2711731,dz,སཱ་ལི་ན།
208803301,2711732,dz,སའུ་རོ།
208803378,2711733,dz,ཀེན་ཌི་ལོ་ར།
208803455,2711734,dz,སན་ཇོར་ཇིའོ་ཊིམ་པི་རུ་སི།
208803532,2711735,dz,ག་ཊ།
208803609,2711736,dz,\N
208803686,2711737,dz,པཱལ་ཡ་གྷ་རན་ཌི།
208803763,2711738,dz,མུལ་ཏེ་ཌུ།
208803840,2711739,dz,ཀོ་ལེ་ཀྲོ་སི་པི་རི་མོ།
208803917,2711740,dz,ལེ་ཝི་ག་ན་ཟེ།
208803994,2711741,dz,ཇིའོ་ཝེ་ནི་གོ།
208804071,2711742,dz,ཨི་སོ་ལ།
208804148,2711743,dz,ཀེ་སེ་ནུཝ།
208804225,2711744,dz,ཀ་སི་ཊེ་ལོ།
208804302,2711745,dz,ཀ་ས་ཕེ་རི།
208804379,2711746,dz,ཀོ་ལི་བི་སེན་ཛིའོ།
208804456,2711747,dz,པོན་ཊེ་ནི་སི།
208804533,2711748,dz,རེ་ཇི་ན་ཨི་ལི་ན།
208804610,2711749,dz,ལོ་མེ་སེ།
208804841,2711752,dz,གི་རར་ཌི།
208807767,2711790,dz,བོར་གེ་ཊོ།
208808306,2711797,dz,ལོ་གྷི་ནི།
208808383,2711798,dz,ཨཱལ་བེ་ལ།
208808768,2711803,dz,\N
208808999,2711806,dz,ཝེ་ནེ་ཛི།
208810077,2711820,dz,བཱ་རོ་ཛི་ནོ།
208813234,2711861,dz,སི་ཊར་ཌ་ཝེ་ཅི་ཡ།
208813388,2711863,dz,ཀུའེ་སི་ཨོ་ལི།
208815929,2711896,dz,\N
208816314,2711901,dz,མདོ་ན་ཌེལ་ཅེ་སི་ཊོ།
208817777,2711920,dz,ཕབ་བེ་རི་ཡ།
208818316,2711927,dz,\N
208818470,2711929,dz,\N
208819933,2711948,dz,པོན་ཊི་ཌི་ཕེ་རོ།
208821319,2711966,dz,ཀ་ས་པེ་ཊར།
208821627,2711970,dz,བོར་གཱ་ཊ་པེ་རི་ལི།
208822012,2711975,dz,ཀོན་ཊ་ར་ཌ་ ཨིསི་ཀ་ལོ་ ཕེ་རོ་ཝི་རི་ཡོ།
208822551,2711982,dz,སི་ཀཱར་པ་ར།
208822782,2711985,dz,ཟོ་ན་པི་ སེན་ཊོན་ཛེ་-ཝེ་ལོ་ཌོ་རོ་མོ།
208827402,2712045,dz,བི་ཡན་ཅི་ན།
208828326,2712057,dz,སེར་སེན།
208831406,2712097,dz,ས་ལ་ཊི་ན།
208831791,2712102,dz,ལཱ་ཀྲོ་སི།
208838105,2712184,dz,གུའིསི་ཊི་རི་གོ་ན།
208838413,2712188,dz,ཏེ་གོ་ལའོ་༢པ།
208838490,2712189,dz,ཀེ་སི་ཌེལ་ཀོ་ལི།
208839260,2712199,dz,ཕོན་ཊ་ན་ཝ་ཛ།
208839799,2712206,dz,ཀོ་སི་ཊ་ཀཱན་ནུ་སི།
208840954,2712221,dz,མུ་སི་ཀེ་ཊོ་ལི།
208843572,2712255,dz,\N
208843957,2712260,dz,ཀུ་ཀུ་བེ་ལོ།
208846652,2712295,dz,ཝུཌ་བཱ་རི།
208846960,2712299,dz,བོར་གོ་ཨིམ་པེ་རོ།
208851118,2712353,dz,སཱན་ཊ་ཊེ་རི་ས།
208851888,2712363,dz,ནོ་ཝེ་ལ།
208851965,2712364,dz,སཱན་རོ་ཀོ།
208852658,2712373,dz,གནད་དོན་ཟ་ནཱ་ཊ།
208852966,2712377,dz,ན་ཌེ་སི་ནི།
208853582,2712385,dz,\N
208853890,2712389,dz,ཀེབ་རེལ།
208854968,2712403,dz,པེསི་ཆི་ཡ་ར།
208855276,2712407,dz,ཀ་སེར་མ།
208855815,2712414,dz,ཀོ་ལོམ་བཱ་ཡ་སེ་ཅི་ཡ།
208859049,2712456,dz,ཀེ་སི་ཌི་ཨོ་རི་ཕའིལ།
208862591,2712502,dz,སི་ཡ་ཕཱན་ཊི།
208865055,2712534,dz,ཀན་ཊོན་སན་ཊ་མ་རི་ཡ།
208865363,2712538,dz,སེ་སི་ཊོ།
208865440,2712539,dz,སེར་བྷ་ཌོན།
208867211,2712562,dz,སན་ཊི་ཨིའུ་ཕི་མི་ཡ།
208868597,2712580,dz,པྲ་ཌ།
208869213,2712588,dz,ཀ་ས་ནོ་བརྒྱུད་དེ།
208871831,2712622,dz,ཀེ་སེ་ཊི་ཌི་སོ་པྲ།
208872293,2712628,dz,ཀོར་ཊི་སི་-ཨོར་ནི་-ཨོ་ནེསི་ཊི།
208873371,2712642,dz,གནད་དོན་ཀོལ་ཌི་བེ་ལ་ཕོར་ལིན།
208873448,2712643,dz,སི་ལེ།
208873910,2712649,dz,དན་དོ་ལོ།
208877375,2712694,dz,པོན་ཊེ་ཨཱལ་ཨ་སེ།
208877991,2712702,dz,མཛ་རེ་ལི།
208878992,2712715,dz,མོ་ན་སི།
208879146,2712717,dz,ཀུ་པོན།
208880840,2712739,dz,ལོ་ཀ་ལི་ཊ་རེ་ནེ་ལ།
208881533,2712748,dz,མེ་ཌོ་རོ།
208886307,2712810,dz,ཌོ་ཨི་རོན།
208887000,2712819,dz,སི་ཊ་ཕར་ཌ།
208889079,2712846,dz,མདོ་ན་ཌེལ་ལི་རོ་སི།
208889849,2712856,dz,སཱན་ཕར་ཌི་ནན་ཌོ་ཌི་པུ་གྷི་ལི་ཡ།
208890080,2712859,dz,མི་ངོ་།
208892082,2712885,dz,ཀ་ལི་སི་ཊི་-ཀ་སི་ཊེ་ལོ།
208895316,2712927,dz,བོལ་ཛོ་ནེ་ལ།
208896779,2712946,dz,ལི་རོན།
208898165,2712964,dz,མོན་ཊི་ཀུར་ཊོ།
208899859,2712986,dz,པཱ་ཌུ་ལེ།
208899936,2712987,dz,ཝི་ཡ་ལར་ག།
208900013,2712988,dz,ཝི་ཡ་ལར་ག།
208900860,2712999,dz,\N
208902400,2713019,dz,སི་ཡ་ཝོ་ལོན།
208908329,2713096,dz,ཀ་སི་ཊེ་ལེ་ཊོ་མོ་ལི་ན།
208910870,2713129,dz,ལོ་ཟོ།
208911717,2713140,dz,ཝི་ཡ་རེ་ཟོ་
208917800,2713219,dz,སན་ཊོ་སི་ཊེ་ཕ་ནོ།
208919879,2713246,dz,གྷ་ར་ན་རོ་ལོ།
208922035,2713274,dz,ལེ་པི་ཡ་གེ།
208922728,2713283,dz,སཱན་ཊ་རོ་སཱ།
208923113,2713288,dz,རེ་ཏ་ཕ་ནི།
208923575,2713294,dz,\N
208923729,2713296,dz,རུ་སོ།
208927733,2713348,dz,པོར་ཊོ་ ཊ་ར་མཱ་ཙུ།
208927810,2713349,dz,ལོ་ཊི།
208930274,2713381,dz,ཝ་རའི་ཏ།
208930659,2713386,dz,མོ་ཊུ་ར།
208931121,2713392,dz,མོན་ཊི་བོརོ།
208931198,2713393,dz,ཕབ་རི་ཀ།
208935202,2713445,dz,བོསི་ཀོ།
208935356,2713447,dz,བེརེན་ཊི་ནོ།
208935895,2713454,dz,ཀོར་ཊི་ཡར་ཨ་ཌི་གེ།
208940669,2713516,dz,\N
208941824,2713531,dz,བེ་ནི་ཡ་མི་ནོ་གི་གྷི་ལི།
208943672,2713555,dz,ང་ ཀྭ་ཌི་རི།
208946829,2713596,dz,ཀེ་སི་ཌི་ནོར་སི་ཡ།
208947060,2713599,dz,ཝི་ཀོ།
208947522,2713605,dz,བེ་ར་ཌི་ནེ་ལི།
208949447,2713630,dz,པི་ཡ་ནོ་སི་ཊོ་པ།
208949601,2713632,dz,སན་ཊི་ཨོ་ནོ་ཕི་རིའོ།
208951449,2713656,dz,མོ་ལི་ན་སོ།
208951834,2713661,dz,པི་ཡལ་པེ་ཊ།
208952758,2713673,dz,སན་རོ་ཀོ་སེ་ནོ་ཌི་ཨེལ་ཝིའོ།
208953220,2713679,dz,རུའུ་སོ་ཏ་ན།
208953990,2713689,dz,བཱ་ཛ་ན།
208954221,2713692,dz,ཕེརེསི་ཀོན་ཌི་ནོ།
208955376,2713707,dz,བི་ཝི་གྷི་ལི་ཡོན།
208958071,2713742,dz,བིན་ཊར།
208959611,2713762,dz,སི་ཨོ་ལ།
208960381,2713772,dz,ཀེ་སི་ཌི་རི་གོ།
208964231,2713822,dz,པི་ཡ་ནེལ་ལོ།
208967773,2713868,dz,པོན་ཊི་སེལ་ཝོ་ཊ།
208968235,2713874,dz,ཨིམ་མོ་གྷི་ལི།
208968312,2713875,dz,\N
208969621,2713892,dz,ཀ་ར་ཕི་ཡལ་ལོ།
208971007,2713910,dz,སེར་ཀུའི་ལིའོ།
208971777,2713920,dz,ཨ་ཀྭ་ཝི་ཝ།
208973548,2713943,dz,སཱན་ཊ་ཇོར་ཇི་ཡ།
208973779,2713946,dz,སན་ཊི་ཨར་ཀེན་ཇེ་ལོ།
208974318,2713953,dz,བོར་གོ་ཨམ་པི་ཡ་ནོ།
208975165,2713964,dz,ཨུམ་བྲོ།
208975704,2713971,dz,ཀ་སི་ཊེ་ལ་ཟོ།
208976012,2713975,dz,ནཱ་ཝ།
208978476,2714007,dz,ཨར་ཛེ་ལོ།
208980170,2714029,dz,ཀ་སི་ཊི་ཡོ་ན།
208981864,2714051,dz,\N
208983481,2714072,dz,མ་སོ་ནི།
208984251,2714082,dz,ལེ་ཝ།
208988332,2714135,dz,པཱ་ཌོ་ཝ།
208988409,2714136,dz,ཀན་ཊོན་སེ་ལོ་ཌེལ་ལི་རོ་སོལ།
208993106,2714197,dz,པི་ཌི་རི་པ།
208993414,2714201,dz,སེལ་ཝ་རེལ་ བཱ་སེ།
208993953,2714208,dz,ཀ་ས་ལེ་སཱན་ཊ་མ་རི་ཡ།
208994107,2714210,dz,བོསི་ཆི།
208994723,2714218,dz,རེ་ནི་ཌིའོ་
209000036,2714287,dz,རོ་མི་ཊེ་ལོ།
209000575,2714294,dz,ཕོན་ཌོ་མོར་ཊེ།
209002731,2714322,dz,པི་ལུ་ཅི།
209003116,2714327,dz,བཱར་ཊོ་ལོན་ཌི་པྲ་ཏི།
209004810,2714349,dz,རི་ཕོར་ནོ།
209005272,2714355,dz,ཀཱ་ནོ་ཝ།
209008352,2714395,dz,སན་ལི་ནོ།
209008814,2714401,dz,སི་ཊར་ཌི་ལི་ནོ།
209012587,2714450,dz,མར་ཀོ་ར།
209022982,2714585,dz,ཆི་ཡ་རི་ལོ་༡
209023444,2714591,dz,པབ་བི་ལི་ཀོ་ནི།
209024291,2714602,dz,ལི་ཌོ་ཆི་ཡ་ཊོ་ན་-སི་ཊ་ཟི་ཡོན་ཌི་པ་ལ་ཇི་ཡ་ནོ།
209024753,2714608,dz,ལམ་སྲོལ།
209025523,2714618,dz,ཝོ་ཌ།
209026293,2714628,dz,\N
209029527,2714670,dz,ཅ་བི་ཡན་ཀ།
209030143,2714678,dz,མེ་ལི་ག།
209034609,2714736,dz,ཕུལ་དྲེས།
209036842,2714765,dz,པཱསི་ཀོ་ལི།
209044388,2714863,dz,མོན་ཊི་གེ་མོ་ལི།
209047160,2714899,dz,སཱན་ཌོ་ན་ཊོ།
209047468,2714903,dz,ཊི་རེ་མོ་ལི་ཟི།
209049624,2714931,dz,བག་ནི་ཌི་ཆི་ཡ་ཊོ་ནཱ།
209054244,2714991,dz,པིའུ་མ་ཏི།
209056785,2715024,dz,ཀ་ས་རི་ཀོ།
209057555,2715034,dz,ཨེལ་གོས་ཀོ།
209058325,2715044,dz,ཀོ་ལོམ་བཱ་ར་-ཝེ་ཌི་རི་ཡ།
209058864,2715051,dz,པེ་ཌར་སི་ནི།
209059788,2715063,dz,ཀེམ་པོ་ལི་ནོ།
209061174,2715081,dz,རིའོ་བོན་ལོ།
209062175,2715094,dz,ནོ་ཌོལ།
209063715,2715114,dz,བོར་གོ་ཕུ་རོ།
209066256,2715147,dz,བོ་ཊེ་གཱ་སཱན་པོརསི་པེ་རོ།
209066333,2715148,dz,རི་ཛ།
209066564,2715151,dz,ཀོར་ཊི།
209067565,2715164,dz,པིའོམ་བི་ནོ།
209068258,2715173,dz,ཕོསི།
209076882,2715285,dz,སེར་ཝ་ར་ནོ།
209079038,2715313,dz,ཀོན་ཊར་ཌི་ནོ་སི་-ཌི་ཡ་མ་ལེ།
209079192,2715315,dz,ཕིའོ་ལི།
209079885,2715324,dz,སཱན་གྷི་རི་གོ་རིའོ།
209081194,2715341,dz,སན་ཊི་ཨེན་ཊོ་ནིའོ།
209081502,2715345,dz,ཊེ་ཊི་ཕ་ས་ནོ།
209081964,2715351,dz,\N
209083735,2715374,dz,ཀ་ན་ཝེ་རི་ བཱ་སེ།
209090280,2715459,dz,ཀ་སི་ཊེ་ལོ་པཱལརསི།
209093745,2715504,dz,ཕེ་རེ་ཊོ།
209097056,2715547,dz,\N
209098673,2715568,dz,མཛ་ལཱའིའོ།
209099058,2715573,dz,ཀ་པ་རུ་ཅི།
209099905,2715584,dz,\N
209105449,2715656,dz,ནོ་སི་གྷྲན་ཌི།
209105757,2715660,dz,ཀོ་ལོ་ནེ་ལ།
209106296,2715667,dz,\N
209107682,2715685,dz,ཊོ་རི་རི་ནལ་ཌ།
209107913,2715688,dz,ཅེ་ར་སི་ཡ།
209108298,2715693,dz,ཝ་ཀ་རོ།
209108683,2715698,dz,ཊོ་རི་མ་ལི་ཟི་ཡ།
209109607,2715710,dz,གོར་གོ་ལུང་གོ །
209109992,2715715,dz,ཨར་བོ་རི་ཡ་མར།
209111455,2715734,dz,ཟུ་ཊོ་ལོ།
209113380,2715759,dz,ཇི་ཡར་ཌི་ན།
209114997,2715780,dz,པི་ཡ་ཛ་ནོ།
209115074,2715781,dz,མེ་ཌོན་ན་ཌེ་ལ་ཝི་ལ།
209117230,2715809,dz,ཕོན་ཊེན།
209118385,2715824,dz,སབ་བི་ཡོ་ནེ་ར་-བེརེ་ཌ་ཕཱརན་ཀ།
209121619,2715866,dz,པཱ་ལོ།
209123390,2715889,dz,ཇི་ཡ་ཀོ་མ་ཟི།
209123698,2715893,dz,ཝི་ལི་གིའོ་ཌེལ་སོ་ལེ།
209126547,2715930,dz,སཱན་ས་ཝི་ནོ།
209127779,2715946,dz,སྤིན་ཟོ་ལ།
209128318,2715953,dz,ལེ་རོ་སི།
209131860,2715999,dz,ཊི་རི་ཝིལ་ལི།
209134709,2716036,dz,པྲ་ཊོ་སེ་ས་རི་ནོ།
209135479,2716046,dz,སན་ཆི་རི་ཀོ།
209136403,2716058,dz,ཀེ་པྲ་རེལ་བརྒྱུད་དེ།
209138020,2716079,dz,ཝ་ལེ་ཌེལ་སོ་ལེ།
209138790,2716089,dz,པེསི་ཀུ་ལུས།
209139406,2716097,dz,\N
209141562,2716125,dz,པི་ཛོ་གྷི་ལིའོ་-མུ་ར་ཛེ།
209141870,2716129,dz,\N
209144719,2716166,dz,ཊེ་ཊི་སོ་པྲ་ནི།
209146721,2716192,dz,གྷོརསི་ཨོ་ལི་ཡན།
209146875,2716194,dz,\N
209147183,2716198,dz,རོལ་ལོ།
209150725,2716244,dz,ཕོར་ན་སི་ཡོན།
209151880,2716259,dz,ཏ་མིའོན།
209152804,2716271,dz,ཀོ་ལོམ་བཱ་རེ།
209153420,2716279,dz,མིའོ་ལ།
209153574,2716281,dz,སི་པར།
209156885,2716324,dz,ཝི་ལཱ།
209159118,2716353,dz,ལ་ཕོ་ས་
209162198,2716393,dz,ལེ་པོར་ཀ་རེ་སི།
209164585,2716424,dz,ར་ནུ་ཅིའོ་
209165586,2716437,dz,སེ་རོ་ལ།
209166048,2716443,dz,ཀེ་པི་ཊོ་ལོ།
209166356,2716447,dz,\N
209167511,2716462,dz,སེའུཌེ།
209169282,2716485,dz,སཱན་ཊ་མ་རི་ཡ་ཌི་ཕོ་རཱས།
209169590,2716489,dz,སཱ་ལི་ཌེ་ལི་ཟིང་ག་རི།
209170822,2716505,dz,ཕོརི་ཝི་ཡ།
209172054,2716521,dz,སས་ལིན་ནས་སི་ཀཱས།
209173748,2716543,dz,ཀོན་ཊ་ར་ཌ་ཨི་ཡ་ན་སི་
209175057,2716560,dz,རུ་བི་ཡ་ནི།
209177059,2716586,dz,ཀུ་ནིའོ་ལ།
209178214,2716601,dz,ཀ་སི་ན་
209180755,2716634,dz,ཀོ་ལོམ་བཱ་རོ་-ཊི་མོ་ལིན།
209181371,2716642,dz,ཅ་ཝེ་ཆི།
209182988,2716663,dz,ཕ་གིའོ་ལི།
209183219,2716666,dz,གཎི་རེ་ག།
209183373,2716668,dz,སཱན་ཕྲན་སི་ཀོ།
209190303,2716758,dz,ལོ་སི་ཊ་ལོན།
209192613,2716788,dz,\N
209192844,2716791,dz,ཀ་རོ་སི་ནོ།
209195462,2716825,dz,ཕལ་སི་ཡ་ནོ།
209196155,2716834,dz,མ་སེ་ཊོ།
209198388,2716863,dz,གནད་དོན་ཊོསི་ཊི།
209198619,2716866,dz,སཱན་ཕོར་ཊུ་ན་ཊོ།
209198696,2716867,dz,ཀ་སི་ཊི་ལི་ཡོ་ནི།
209199620,2716879,dz,ཀོ་ལེ་བྷ་ཀ་རོ།
209199851,2716882,dz,ཀོར་ཊོ་ཌེལ་ལ་གོ།
209202931,2716922,dz,\N
209203085,2716924,dz,ཨིས་ཀྲེ་ག་ར་
209204856,2716947,dz,ལ་སི་ཊི་རི།
209205626,2716957,dz,ཀྲ་ཝར་ས་
209205780,2716959,dz,ཀོན་ཊ་ར་ཌ་ལིཌུ།
209205857,2716960,dz,པར་སི་ཡན་ཊི་-སི་ཊ་ར་གོ།
209206242,2716965,dz,\N
209206473,2716968,dz,མའི་མོན།
209209322,2717005,dz,སེལ་ཝ་ཇིའོ།
209211170,2717029,dz,གངྒོཊ་སོ་ཏྲ་ན།
209215405,2717084,dz,ཀོར་ཊི་རེ།
209215790,2717089,dz,བཱ་ཛ་ན་སུ་པི་རི་ཡོར།
209216098,2717093,dz,ཝི་ལ་ཟུར་ལི།
209216329,2717096,dz,ཀ་སི་ཏྲ།
209217869,2717116,dz,ཀ་སི་ན་སེ་ཊི་ཕི་ལ་གྷི་ནི།
209220564,2717151,dz,\N
209221411,2717162,dz,བཱ་ཊི་སི་ཊེ་ལ།
209222720,2717179,dz,རོ་སེ་ཊོ།
209224029,2717196,dz,ཀོར་ཊེ་ལོ།
209224183,2717198,dz,ཝེ་ཇིའོ་ལ།
209225800,2717219,dz,རོ་ཀ་སཱན་ཊ་མ་རི་ཡ།
209225954,2717221,dz,ཨིལ་མོ་ལི་ནོ།
209235733,2717348,dz,ཀེམ་པ་གྷོ་ལོ་ལོ།
209237196,2717367,dz,ཕོན་ཊི་ཕེ་ར་ར།
209238351,2717382,dz,མོར་ཊི་ལེ་ཊོ།
209239814,2717401,dz,ཀ་སུ་ཏོ།
209240507,2717410,dz,ཨོས་ཊོ་ལི་ནོ།
209241662,2717425,dz,ཀ་ན་ལི།
209245435,2717474,dz,བོར་གོ་ལ་ཝན་ཌ་ར།
209249901,2717532,dz,པྲ་ཏི་མག་རི།
209251903,2717558,dz,\N
209252673,2717568,dz,\N
209264377,2717720,dz,ཅའ་པན་ཏོ་ལི།
209264608,2717723,dz,སཱན་སི་ས་རིའོ།
209264916,2717727,dz,མོན་ཊེ་སི་ཀོ།
209264993,2717728,dz,མོན་ཊེ་ཅིའོ་
209267380,2717759,dz,ལེ་པི་ཡན།
209268766,2717777,dz,སཱན་གི་རོ་ལ་མོ།
209270075,2717794,dz,སཱན་ཀཱར་ལོ།
209270537,2717800,dz,ཀ་རོན།
209272385,2717824,dz,པྲ་ཌེ་ལ།
209273771,2717842,dz,པེ་ཊི་རི་ལི་ཨཱལ་ཊོ།
209274695,2717854,dz,ཝི་ལ་ཇི་ཡོ་ ཀྭ་ཌི་རི་ཕོ་ལིའོ་
209276235,2717874,dz,ཀོན་ཊ་ར་ཌ་སཱན་ཊོ་རོ།
209276543,2717878,dz,ཀེ་ཊེ་ལོ།
209277005,2717884,dz,\N
209278083,2717898,dz,ཀན་ཊོན་ཀམ་པ་སི་ཡོ།
209283704,2717971,dz,ཊོར་རེནཊ་སེཀ།
209283935,2717974,dz,ཨོལ་མོ།
209284705,2717984,dz,ཀཱར་པི་ནེལ་ལོ།
209285090,2717989,dz,ཀེ་སི་ཌི་མོ་རེ་རོ།
209285937,2718000,dz,ཀ་སི་ན་ཊ་པེ་ལ།
209294176,2718107,dz,སི་མོན།
209295716,2718127,dz,ཏལ་པོ་ན་ཌ།
209295870,2718129,dz,པིཀ་སི་ཡོལ།
209295947,2718130,dz,གནད་དོན་ནོ་ཇེ་
209296178,2718133,dz,བཱལ་བི།
209297025,2718144,dz,ཊོ་ག་ནཱ་ཊོ།
209305033,2718248,dz,སི་མོ་ཀྲོ་སི།
209305649,2718256,dz,ལཱ་པུ་སི་-སན་ཇ་ཀོ་པོ།
209305726,2718257,dz,ཕབ་བི་རིཆ།
209306804,2718271,dz,ཨའི་ལོ་པི།
209308267,2718290,dz,ཏི་ར་ཝེན་ཊོ།
209310654,2718321,dz,ཀིརིསི་པི།
209314427,2718370,dz,ཝེནསི་པི་ཀོ་ལོ།
209316198,2718393,dz,རིའོ་
209317353,2718408,dz,ཕྲན་ཛོ་ལི་ནི།
209329442,2718565,dz,ར་མེ་ཌེ་ལོ།
209330674,2718581,dz,སེན་ཇི་ཡོ།
209334832,2718635,dz,ཇེ་ནོ་ཝ།
209334909,2718636,dz,སཱན་ཇེ་རར་ཌོ།
209339452,2718695,dz,ས་སོ་ཀ་ནི་ནོ།
209341069,2718716,dz,ལ་ཀ་སི་ན་ཅི་ཡ།
209344380,2718759,dz,ཅིའུ་ཅི།
209348230,2718809,dz,ལེ་ཇི་ཡ་ན།
209350309,2718836,dz,ཝ་ལེ་ཝོ་ན།
209351541,2718852,dz,སེར་རོ་ནི་བི་
209353158,2718873,dz,སཱན་ཊ་ཀེ་ཊི་རི་ན།
209354621,2718892,dz,སེར་ར་ཌི་པེ་པེ།
209356931,2718922,dz,བོར་གོ་བོསི་ཀོ།
209358317,2718940,dz,ཀ་སེ་ཊི།
209363014,2719001,dz,མོར་ར་རིཔ།
209365940,2719039,dz,ཕི་ལན་ཌ་པྲོ་ཕོན་ཌོ།
209367326,2719057,dz,ཀ་སི་ན་ཝི་ཡོན།
209369482,2719085,dz,ཨོལ་ཛའི།
209370714,2719101,dz,བེལ་ཝེ་ཌི་རི།
209371099,2719106,dz,མར་ཛ།
209372639,2719126,dz,གྷེ་ཊོ།
209374564,2719151,dz,མི་རན་ཌོ་ལ་ བཱ་ས་
209379261,2719212,dz,\N
209379569,2719216,dz,ཨ་ཝོ་ག་ཌོ།
209380647,2719230,dz,ལོང་གོ།
209381802,2719245,dz,ཀོ་རན་ཛ་ནོ།
209385806,2719297,dz,རིའོ་ཅ་དེ་ཕབ་རི།
209394199,2719406,dz,པེསི་ཀ་ནིསི།
209395739,2719426,dz,མི་ཏོ།
209396201,2719432,dz,ལེ་ཀིརིཊ།
209396432,2719435,dz,ལོ་ཀ་ལི་ཊ་ ཀེ་པུ་ཅི་ནི།
209398819,2719466,dz,\N
209400282,2719485,dz,\N
209400359,2719486,dz,མ་ལོ།
209403824,2719531,dz,\N
209414527,2719670,dz,ལོང་གྷི་ཡར།
209416375,2719694,dz,ཝོལ་པི་ཡ་ན།
209419532,2719735,dz,ལེ་ཀོར་ནར།
209433854,2719921,dz,ཕ་ས་ནོ།
209436934,2719961,dz,ལ་ཝེ་ཅི་ཡ།
209437242,2719965,dz,པཱ་རུ་ལ།
209438243,2719978,dz,ཕོན་ཊི་ནུའོ་ཝ།
209440245,2720004,dz,ཀེ་པུ་ཅི་ནི།
209441939,2720026,dz,སན་ཇོར་ཇིའོ་༢པ།
209442093,2720028,dz,ཝི་ལི་གིའོ་མན་ཌོར་ལི།
209442786,2720037,dz,ཨ་ཅི་ནོ།
209443248,2720043,dz,ཀོ་ལོམ་བཱ་ཡོ།
209444326,2720057,dz,པི་ཡན་ཌེལ་ཊེ་ཊོ།
209445635,2720074,dz,མར་སེ།
209445943,2720078,dz,སེ་རི་ཡལ་ཌོ།
209448792,2720115,dz,པྲ་ཊོ་ཕེ་རེ་རོ།
209458109,2720236,dz,ཨུལ་ཊི་མོ།
209466194,2720341,dz,གྷེ་ཊོ།
209469428,2720383,dz,ཀ་པ་ན་
209470660,2720399,dz,ཕོན་ཌོ་བོར་གེ་ཊོ།
209471815,2720414,dz,གནད་དོན་སི་ཊར་ཌེལ།
209473586,2720437,dz,ལེ་རོ་ཊི།
209473817,2720440,dz,སེར་ཀོ་ག་ནོ།
209476050,2720469,dz,བེ་ལ་ཝིས་ཊ།
209477282,2720485,dz,གོར་ཇི་པོལ།
209478514,2720501,dz,ཝེས་ཀ།
209478745,2720504,dz,ཝི་ཀོ་མཱ་ཊི་རི་ནོ།
209481209,2720536,dz,སན་ཊོ་སི་ཊེ་ཕ་ནོ།
209482749,2720556,dz,\N
209484982,2720585,dz,ཝ་ལོ་ནེ་ཝི་ན་སུ་པི་རི་ཡོར།
209485444,2720591,dz,བུག་ལིའོ།
209487446,2720617,dz,ཟན་ཆི།
209487600,2720619,dz,ཀ་པོ་བི་ཡན་ཀོ།
209491527,2720670,dz,ཕོན་ཏན།
209492220,2720679,dz,མུ་ལི་ནོ་ཅེ་ར་ཏི།
209492990,2720689,dz,ཝ་ལེན་ཊི་ནོ།
209493683,2720698,dz,སན་ལོ་རེན་ཟོ་ - ཝི་ཀོ་ལོ་བི་གཱ་ཊི།
209497302,2720745,dz,བེ་རེ་ཊ།
209509853,2720908,dz,བཱ་ལེ་གཱན་ཊི།
209519632,2721035,dz,རས་ཊི་ཡ།
209520556,2721047,dz,སཱལ་ཌི་ན།
209522250,2721069,dz,སེན་ཊོ་ལ།
209529719,2721166,dz,ཝི་ག་ནོ།
209529873,2721168,dz,མོ་ལ་ར།
209532799,2721206,dz,སི་རོ་ཀོ།
209538651,2721282,dz,སན་ཊི་ཨ་ན་ཌེལ་ཕྲ་ཤེ།
209538882,2721285,dz,པི་ཡན་ཌེལ་ཊོ་གྷི་ལིའོ།
209542578,2721333,dz,ལོ་ཀ་ལི་ཊ་ཨོར་ཊི།
209542732,2721335,dz,ནི་ཡ་ན།
209543733,2721348,dz,ཀམ་པི།
209558055,2721534,dz,སན་ལོ་རེན་ཟོ།
209561674,2721581,dz,ཕྲ་ཝི་ཀ།
209561982,2721585,dz,བཱ་ཌེ་ནི་གོ།
209569682,2721685,dz,པ་ཊར་ནོ།
209571838,2721713,dz,པོན་ཊི་ཊོར་ཊོ།
209572377,2721720,dz,\N
209573609,2721736,dz,ཀ་པྲ་ཡ།
209574456,2721747,dz,ཀ་ས་ལ་བྲུ་ཀ།
209576073,2721768,dz,ཀམ་པོ་གཱ་ལོ།
209578460,2721799,dz,ཕོརོ་ལིསི།
209580693,2721828,dz,དོག་ལི།
209582002,2721845,dz,པྲེསི་པེ།
209582310,2721849,dz,ཊོ་རི་ཨིསི་ཀུའི་ལེསི།
209587931,2721922,dz,རུའུ་ནཱས།
209589394,2721941,dz,སན་མའུ་རི་ཛིའོ།
209590241,2721952,dz,ཨི་ལང་།
209595785,2722024,dz,ཀ་སི་ན་མོ་རོ་ནི།
209596170,2722029,dz,ཀཱར་པེ་ནོ།
209597710,2722049,dz,པི་ཡ་ནེ་ར།
209602099,2722106,dz,པྲའི།
209603639,2722126,dz,ལོ་ར།
209609799,2722206,dz,ཕོར་ནེསི་ཀ་རོ་ཊ།
209614419,2722266,dz,ཨཱལ་བྷེ་རེ་ལི།
209614496,2722267,dz,ཟོ་ཀོ།
209617191,2722302,dz,སི་སོན་ཌི་ཝལ་མ་རི་ནོ།
209617345,2722304,dz,ཝི་ལ་ཀཱལ་ཕྲེཊ།
209617653,2722308,dz,བོར་གོ་སེལ་བ།
209618577,2722320,dz,གག་ལི་ཡ་ནུ་ཝོ།
209620194,2722341,dz,ལ་ཕོར་ནེསི།
209621811,2722362,dz,བུའུ་ཡ་ནོ།
209621888,2722363,dz,སི་ཀཱར་པ་སི་ཡ།
209622581,2722372,dz,སིན་ཀུ་ཝི།
209622889,2722376,dz,ཨི་སོ་ལ།
209625430,2722409,dz,ཀོ་ཌེཊ།
209629742,2722465,dz,ཕྲན་ཊོའོ་པི་ཊི་རི།
209630127,2722470,dz,ཝ་ལེ་བོ་ན།
209632668,2722503,dz,སན་ལིའོ་ཨ་པེ་ས་ན།
209632899,2722506,dz,ཀཱལ་སེ་ར་ན་-མ་རི་ན།
209634593,2722528,dz,ཀ་སི་ན་མན་ཌེ་ལ།
209635902,2722545,dz,གམ་བ་
209636826,2722557,dz,གྷྲན་ཕེ་ཊོ།
209637596,2722567,dz,ཝི་ག་ནོ།
209639059,2722586,dz,ཅེར་རོ་བོ་ལ།
209639983,2722598,dz,ཝ་ལོན་གྷྲན་ཌི།
209640445,2722604,dz,\N
209642370,2722629,dz,བིའུ་རི་གཱརཌ།
209645142,2722665,dz,བཱལ་ཟ་རི་ནི།
209647067,2722690,dz,བེརེ་ཌ་ཛ་ནི།
209650455,2722734,dz,ཝིར་ཏི།
209651148,2722743,dz,ཀཱར་ལོས་ཨེ་མ་ཌ་ར་ཟོ།
209651225,2722744,dz,པྲེ་མ་གྷི་རི།
209655075,2722794,dz,གཱ་ཟོ།
209655845,2722804,dz,\N
209656153,2722808,dz,མེ་ཌ་གྷི་ལི་ཌི་ཨོ་རོ།
209660234,2722861,dz,ནོན་ཏ།
209661081,2722872,dz,ཀྲོ་ས་
209666163,2722938,dz,ཏོར་ཏྲེ་པོན་ཏི།
209667934,2722961,dz,སི་ཀོ་ལ་མེ་ལི་ནི།
209670629,2722996,dz,ཝལ་བོ་ནཱ།
209670783,2722998,dz,ཨོ་རི་ལི་ཡ་སུཌ།
209675326,2723057,dz,ཨ་སི་ཏུ་ར།
209676635,2723074,dz,མེ་ཌོན་ན་ཨི་མ་ཀོ་ལ་ཊ།
209677020,2723079,dz,སཱན་ཊ་མ་རི་ཡ་ཌེ་གྷི་ལི་ཨེན་ཇེ་ལི།
209678329,2723096,dz,པེ་ཊི་རེ་ལོ་ས་
209680716,2723127,dz,སི་ག་ན་ནོ་༢ པ།
209682718,2723153,dz,ཀུ་ཊུ་ཅར་ལ།
209683334,2723161,dz,སི་ཅི་ཡ་རོ་ཊ་-ཀ་ལ་ཊུ་བོ།
209683411,2723162,dz,ནོ་སི་ཡ་ཛི།
209693036,2723287,dz,\N
209693960,2723299,dz,ས་རལ།
209694422,2723305,dz,བིརི་གེ་ཊ།
209698965,2723364,dz,ཅའ་ཕ་ཆི་ནི།
209699042,2723365,dz,གུ་རུ་ནེ་ཊོ།
209704355,2723434,dz,\N
209708590,2723489,dz,ཀེམ་པི་གོ་ཊི།
209709668,2723503,dz,གནད་དོན་ཨོར་སོ།
209709745,2723504,dz,གནད་དོན་ཟ་མ་ཊི་ཡ།
209712825,2723544,dz,ཀླ་ཌི་རི་སིས།
209714596,2723567,dz,སི་ཊ་ལོན།
209716136,2723587,dz,ཀ་ནོ་ས་
209718600,2723619,dz,མུ་ཅིའོ་
209719601,2723632,dz,ཅའ་བིའོན་ཌི་ནོ།
209721372,2723655,dz,ཀེན་ནེ་རོ་རི་ཝི་ཡ་ར།
209721680,2723659,dz,པ་རེ་ཊོ་ལ།
209722065,2723664,dz,པའོ་ལེ་ཊི།
209727378,2723733,dz,སེ་ཊེ་ཀ་ནི།
209728225,2723744,dz,སན་ཊི་ཨེན་ཇེ་ལོ།
209731921,2723792,dz,གི་ནེསི་ཊར།
209732460,2723799,dz,རི་ཝོ་ལི།
209736387,2723850,dz,ཝི་ལ་ཇིའོ་གེ་བྷི་ཨོ་ལ་ པོར་ཊོ་རོ་ཀ།
209737850,2723869,dz,ཟིང་གཱ་རེ་ལོ།
209737927,2723870,dz,ཀོསི་ཊ་བེ་ར།
209738004,2723871,dz,ཨིས་ཀ་ལོ་ན་ཟོ།
209738312,2723875,dz,པོ་ཡ་ན་
209741854,2723921,dz,པོ་གྷི་ལི་ཡ་ནི།
209743625,2723944,dz,ཀ་སི་ན་ར་མེ་ལ།
209744472,2723955,dz,སཱན་ཇིའུ་སེཔི།
209745088,2723963,dz,\N
209746243,2723978,dz,ཀོ་མེ་ཊི།
209747244,2723991,dz,ཕར་མོན།
209755329,2724096,dz,པེ་ལེ་གྷི་རི་ན།
209758255,2724134,dz,མོན་ཊིས།
209765724,2724231,dz,ཝི་ལ་ར་མཱས།
209772654,2724321,dz,མོན་ཊི་ཕོར་ཊི།
209775965,2724364,dz,བོར་གེ་ཊོ་སཱན་ཝི་ཊོ།
209780354,2724421,dz,ཝ་ཅེ་རེ་སི་ཡ།
209781432,2724435,dz,སའི་ར་ནོ།
209786206,2724497,dz,ཀ་པོ་བཱ་རི་ལི་ནི་ཀོ་ལི་ཡ།
209794214,2724601,dz,ཀ་ལ་ཀྲེ་ཊ།
209794830,2724609,dz,ཕཱརསི་ཀ་ཌ།
209795061,2724612,dz,\N
209797448,2724643,dz,ལ་སེ་ར།
209799065,2724664,dz,ཀོམ་བེ།
209801298,2724693,dz,རོན་ཀོ།
209802299,2724706,dz,པེ་རོ་ས་སོ་ཏ་ན།
209804378,2724733,dz,བཱར་བོན།
209806226,2724757,dz,ཀ་ར་ར།
209807535,2724774,dz,ཀན་ཊོ།
209807843,2724778,dz,\N
209809768,2724803,dz,མི་ཀོ་ན།
209814773,2724868,dz,ཝལ་ཌེ་ལ་ཊོ་རེ།
209816236,2724887,dz,ཨིསི་ཊེ་ཀ་ནེ།
209816929,2724896,dz,མོ་རོ་སི་ན།
209818238,2724913,dz,བི་ས་ནོ།
209821703,2724958,dz,\N
209822011,2724962,dz,ནི་ཀོ་ལི་ན།
209822242,2724965,dz,ཅའ་པཱ་ལ་ཟི།
209822781,2724972,dz,\N
209823551,2724982,dz,བྲ་ག།
209825168,2725003,dz,\N
209828017,2725040,dz,ཀ་ས་ལེ་ཊོ།
209828402,2725045,dz,མོན་ཊ་ལེ།
209830019,2725066,dz,ཀེ་སི་ཊི་ཀོ།
209830789,2725076,dz,\N
209833022,2725105,dz,ཕེ་ནོ་གྷི་ལིའོ།
209833099,2725106,dz,པོ་ལ།
209834408,2725123,dz,ཊོར་རི་ཌི་མོར་རོ།
209835409,2725136,dz,ཨཱལ་མོ་ལི་ནཱ་སི་ཡོ།
209839721,2725192,dz,གནད་དོན་ཨོ་རི་ཡན་ཊི།
209840029,2725196,dz,པེ་ཤི་ཡ།
209840260,2725199,dz,ཨེས་སི་ཇི་ནོ།
209841646,2725217,dz,ཀ་པ་ན་ཅི་ཡ།
209842647,2725230,dz,ཕོན་ཊི་ཊུན།
209848576,2725307,dz,ཀུ་པོན།
209851425,2725344,dz,སེག་རེ་ཊ།
209851733,2725348,dz,ཀོ་ཊོ་ནེ་ར།
209852118,2725353,dz,ཀ་ལ་ཀེ་ཊི་རི་ན།
209852657,2725360,dz,ཀོར་སོ་པི་མོན་ཊི་སེ་ཀོན་ཌ་ཊ་ར་ཝར་ས་
209853581,2725372,dz,ཀ་སི་ན་ཀན་ཊ་ར་ན།
209854120,2725379,dz,ཅའ་རི་ནལ་ཌི།
209854505,2725384,dz,སི་སོར།
209856661,2725412,dz,ལ་མོ་ལི་ནི་རི་ཡ།
209858740,2725439,dz,ཀ་སིན་ཨོལ་མེ་ཊོ།
209860049,2725456,dz,ཕོར་ནེསི།
209861204,2725471,dz,སཱན་ཊ་མ་རི་ཡ།
209867210,2725549,dz,ཀོར་ན་མེ་ན།
209867980,2725559,dz,ཕེ་ནིལ་བཱལ་ཌོ།
209876835,2725674,dz,ཀོ་ཕི།
209880531,2725722,dz,ལེ་གི་ཡ་རེ།
209882148,2725743,dz,ཨོ་ཀུ་ལིས།
209883842,2725765,dz,གྷ་ར་ནེལ་ལི།
209891234,2725861,dz,ཀ་སི་ནོ་ནོ་སི།
209892081,2725872,dz,ལོ་ཀ་ལི་ཊ་བུ་སི།
209893544,2725891,dz,ཨི་སོ་ལ།
209894314,2725901,dz,ཅེར་ཅི་ཡའོ།
209896008,2725923,dz,ཨིལ་མུ་ལི་ནོ།
209896085,2725924,dz,མེན་ཀ་གཱལ་ཡ།
209896701,2725932,dz,ལེ་ཀུའེ་སི།
209898780,2725959,dz,ཀོ་ལི་མ་གྷོ་རོན།
209900551,2725982,dz,ལེ་པིག་ནེ་ཊེལ།
209902322,2726005,dz,\N
209903939,2726026,dz,སཱན་ཏ་ནིན་ཕ།
209905710,2726049,dz,\N
209906711,2726062,dz,མའི་ཨོ་ལི་ནོ།
209911023,2726118,dz,གནད་དོན་ཨིསི་ཀོམ་པ་རིན།
209914488,2726163,dz,མོམ་པེ་ལེ་ཊོ།
209914565,2726164,dz,ཌི་ཌི་ཡ་རོ།
209916644,2726191,dz,ཝི་གེ་ནེ་ཊ།
209917799,2726206,dz,ཊེ་ཊོ་མེ་ནོན།
209919031,2726222,dz,ཏག་ལི་ཡ་ཀོ་ཟོ།
209920417,2726240,dz,བིརི་ཀོ་རོ་སི།
209922034,2726261,dz,ཝོལ་པི་རེ་ཊོ།
209923112,2726275,dz,པྲའུ་ལིན།
209923728,2726283,dz,བེ་ཝི་ནོ།
209923882,2726285,dz,ཀཱ་ནོ་ཝ།
209924575,2726294,dz,ཀ་སེ་ཌོ་ག་ན།
209924960,2726299,dz,ཝི་ཡ་ཌི་ཨན་ནུན་ཛིའོ་
209926115,2726314,dz,ཀ་སི་ནེ་ལོ།
209927116,2726327,dz,གྲ་ན།
209927501,2726332,dz,པོ་མ་རོ་ལོ།
209928656,2726347,dz,གོ་ཡ་ནེ་
209929118,2726353,dz,ཀ་སི་ན་ཊ་པེ་ལ།
209933430,2726409,dz,སེ་པ་ཡ།
209933661,2726412,dz,བུ་ཛི།
209933969,2726416,dz,ས་ལ་གྷེ་ནའུ་ཕི།
209934585,2726424,dz,རོན་ཆི།
209938127,2726470,dz,ཅའ་བོསི་ཀོ་དི་སོ་ཊོ།
209943055,2726534,dz,རེསི་ཊོ་སི་ན།
209943825,2726544,dz,གུ་རཱ།
209946289,2726576,dz,ཅའ་ཌི་ཨོ་རིའོ།
209955067,2726690,dz,རཝ་ནེ་ལ།
209960149,2726756,dz,ཆི་ཡ་ས་ནུའོ་ཝ།
209960919,2726766,dz,ཏེ་ནུ་ཏ།
209962536,2726787,dz,པི་ཡ་ནི་ལོ།
209964384,2726811,dz,སན་ཏོ་ཇོ་རིའོ།
209968850,2726869,dz,པོར་ཊི་ཀ་ཊེ་ལོ།
209969004,2726871,dz,གྷ་ར་ནེལ་ལི།
209972700,2726919,dz,རིའོ་ཀ་ལ་རོ།
209974240,2726939,dz,རོན་ཀ་ལེར་མོ།
209977628,2726983,dz,སཱན་ཇིའུ་སེཔི།
209982017,2727040,dz,ཨེན་ཊི་གཱ་སི་ཊོ།
209984558,2727073,dz,རོ་ཊ།
209984635,2727074,dz,ཀ་སི་ན་བོརོ་ཌོ་ལི་ནི།
209987869,2727116,dz,ཕེརེན་ཟོ།
209988485,2727124,dz,པཱལ་ལ་ཝི་སི་ནཱ།
209996031,2727222,dz,སི་ཡམ་བར།
209996955,2727234,dz,གནད་དོན་ཕེརེ་གོ་ན།
209997186,2727237,dz,ཝི་ཡ་ཀོ་ལི་ནོར་ཌི།
210003577,2727320,dz,ཇི་ནི་པི་རེ་ཊོ།
210006888,2727363,dz,\N
210021903,2727558,dz,ཀམ་པོ་ཊྲ་ཌི་ཟིའོ།
210022904,2727571,dz,ཀོ་ལ་ཝོ་ཛ།
210023905,2727584,dz,ཀི་རི་ཅི་སོ་པྲ་ནོ།
210024675,2727594,dz,པི་ར།
210035224,2727731,dz,ཨེ་ཌི་རི་ཅིའོ་
210036533,2727748,dz,ཝེན་གོར་
210045850,2727869,dz,ལོ་ཀ་ལི་ཊ་སཱན་བེ་ནེ་ཌེ་ཊོ།
210054397,2727980,dz,ཏུར་ར།
210078036,2728287,dz,མ་སེ་རི་ཡ་ཌི་ཨ་མ་རི།
210078190,2728289,dz,སི་ཡ་ན།
210131859,2728986,dz,པོསི་ཊོ་རོ་སོ།
210140406,2729097,dz,པོལ་ཝེ་རི་ཡར།
210143409,2729136,dz,མོན་ཊི་ཕ་ལོ་ནིའོ།
210151725,2729244,dz,བཟོ་གྲྭའི་ས་ཁོངས་དང་ཨར་ཊི་ཇི་ཡ་ནེལ།
210162813,2729388,dz,བན་ཌོ།
210172592,2729515,dz,ཊོ་ཝན་ཌ།
210185451,2729682,dz,ཝ་ལེ་ཀེ་ཊི་རི་ན།
210187068,2729703,dz,སི་ཊ་ཌེལ་མ་རེ་-པེར་ལ་ཌེལ་གཱོལ་ཕོ།
210187838,2729713,dz,བོར་གོ་ཝི་ལ།
210202776,2729907,dz,ཨཱལ་བྷེ་ལ་སི་ཀོ།
210212863,2730038,dz,ཝེ་ཌོ་ཝ་ཊོ།
210226492,2730215,dz,ལ་པི་ཡ་གི་ཡ།
210237118,2730353,dz,ཀ་སི་ན་ཀ་ནོ་ཝ།
210252287,2730550,dz,ལོ་སི་ཊི་ར་ཌོན།
210276696,2730867,dz,ས་ག་ན།
210284858,2730973,dz,པོན་སི་ཨོ་ན་-རམ་པི་ན།
210310345,2731304,dz,སི་ཊར་ཊོ་ལ།
210312809,2731336,dz,\N
210316120,2731379,dz,སེནཊ་རེ་མི།
210316351,2731382,dz,ཀོ་རི་གྷི་ལི་ཡ་ནོ་ སི་ཀ་ལོ།
210316582,2731385,dz,རོསི།
210316967,2731390,dz,སི་ཀ་ར་མུ་ཛ།
210318892,2731415,dz,སཱན་མཱར་སེ་ལི་ནོ་-ཨ་ཝར་ས་
210319508,2731423,dz,མེ་ཌོན་ན་ཌེ་ལ་ནེབ།
210323204,2731471,dz,བིཊ་རིསི།
210323897,2731480,dz,ཀམ་པ་གྷོ་ལི་མ་ཊི་ན།
210328209,2731536,dz,ཨ་ནཱསི་ཊ་སི་གསུམ་པ།
210328363,2731538,dz,རུའ།
210331674,2731581,dz,ཕོན་ཊ་ནིལ་ཌེ་ལ་རེ་ཇི་ན།
210334215,2731614,dz,ཀ་སི་ནོ་ཊི་ཌི་ཇི་ཡ་ཀོ་མོ།
210341222,2731705,dz,ཌི་ཡ་ན་མ་རི་ན།
210346997,2731780,dz,པར་ཆས་
210352310,2731849,dz,ཆི་སི་ནཱ།
210359779,2731946,dz,པེསི་ཆི་ཡ་ར་ བོར་རོ་མེའོ།
210372638,2732113,dz,ཀོར་ཊི་ཌོ་རི།
210374871,2732142,dz,རོན་ཀོ་ཝེ་ཅིའོ་
210379260,2732199,dz,ཨ་ས་ལི་ནོ།
210379337,2732200,dz,\N
210379491,2732202,dz,དོ་སོ་ཕོཔ་པེ།
210379568,2732203,dz,བཱར་བི་སེལ།
210379722,2732205,dz,ལེ་ཆི་ཡ་ཝི་ཆི།
210380107,2732210,dz,ཊོལ་ཌོ།
210380261,2732212,dz,ཝལ་ཌོ་ནི་གྷེ།
210380338,2732213,dz,མར་ཊིན།
210380492,2732215,dz,སྤི་ནོ་ས་ནོརཌ།
210380646,2732217,dz,མ་སི་ཨེ་རི་ཌི་སོཔ་ར།
210380877,2732220,dz,པེ་རར།
210381416,2732227,dz,ཟོ་ན་ཨར་ཊི་ཇི་ཡ་ན་ལེ་མ་ལཱལ་བེར་གོ།
210381878,2732233,dz,མ་སེ་རི་ཡ་ ཀ་ལེནཌ་ར།
210381955,2732234,dz,\N
210382263,2732238,dz,སན་ཊི་ཨེ་མི་ཌིའོ་
210382494,2732241,dz,ཊོ་རི་མ་ལི་ཟི་ཡ།
210382571,2732242,dz,རིའོ་ནེ་ལ་ས་ལ།
210382725,2732244,dz,ཕོར་ཊུ་གྷོ་ནོ།
210383110,2732249,dz,གྷྲན་ཇེཊོ།
210383418,2732253,dz,ཀཱར་ལི།
210383803,2732258,dz,བེ་རེ་ཌ།
210384342,2732265,dz,ཀོ་ལོམ་བ་ར་ཝོལ་ནར།
210384419,2732266,dz,རོན་ཆི།
210384496,2732267,dz,ཝ་རི་སེ་ལ་ནུའོ་ཝ།
210384727,2732270,dz,ཆི་ཡ་རེ་ལོ།
210384958,2732273,dz,པི་ཡ་ན་རི།
210385420,2732279,dz,བཟོ་གྲྭའི་ས་ཁོངས་ཨཱལ་བེཊ་ཊོ་ནི་ཡར།
210385728,2732283,dz,མོ་ས་ལེ་ཨིན་ཕི་རི་ཡོར།
210385959,2732286,dz,མོན་ཕེ་སི་ཊི་ནོ།
210386036,2732287,dz,ཀ་སི་ཊི་ལི་ཡ།
210386190,2732289,dz,བོར་གོ་ཀ་སི་ཊེ་ལི།
210386421,2732292,dz,ཨར་ཇི་ནེལ་ལོ།
210386575,2732294,dz,པོ་གེ་ཊོ།
210386652,2732295,dz,ཀོན་ཊ་ར་ཌ་ལ་ཝོ་ལེ་ཀ།
210386806,2732297,dz,ཊ་ར་མོན་ཊི་གསུམ་པ།
210386883,2732298,dz,ཕེལ་སི།
210387961,2732312,dz,ཀེམ་པར་ནལ་ཌོ།
210388038,2732313,dz,པེ་ཌ་ཇིའོ་ཝེ་ཅིའོ་
210388654,2732321,dz,ཨོབ་རེ་ཆོས་སིལ།
210388731,2732322,dz,ཅམ་པྲེ་ཊ་ཝི།
210389039,2732326,dz,རོན་ཀོ།
210390040,2732339,dz,ཨཱལ་བྷེ་རེ་ཊོ།
210390502,2732345,dz,\N
210391118,2732353,dz,ཀོ་ལེ་ཇི་ཡོ།
210391426,2732357,dz,ཏཱལ་བིག་ནོ།
210391503,2732358,dz,ཀ་སི་ཊེ་ལོ།
210391734,2732361,dz,ལེ་ཀེ་སེཊ།
210391965,2732364,dz,ཀཱར་ཌ་ག་ན་ནོ་ བཱ་སོ།
210392119,2732366,dz,སིན་ཊོ་ཡ།
210392196,2732367,dz,སན་ཊོ་སི་ཊེ་ཕ་ནོ།
210392273,2732368,dz,མོ་ལི་ནི་ཌི་ཀམ་མོ་རོ་༡
210392350,2732369,dz,ཀོ་ལི་ཌེལ་ཊོར་སི།
210392427,2732370,dz,ཀོ་ལེ་ཨ་པོ་ནི།
210392581,2732372,dz,ཨིསི་ཀི་ཊེ་ལ།
210392658,2732373,dz,\N
210392735,2732374,dz,མ་སེ་རི་ཡ་ མོན་ཊི་ཕཱལ་ཀོ།
210392812,2732375,dz,ལ་གོ།
210393120,2732379,dz,ཀོ་ལི།
210393197,2732380,dz,ཕོན་ཊི།
210393428,2732383,dz,མ་སི་ཨེན་ཇེ་ལོ།
210393582,2732385,dz,ཨོ་རིའོ་མོ་སོ།
210393736,2732387,dz,ཀ་སི་ནེ་ཊ།
210393813,2732388,dz,ཀཱསི་ཊི་ར་ག།
210394044,2732391,dz,ཆེ་གིའོ་
210394121,2732392,dz,ཀ་སི་ན་བཱལ་བི་ཡ་ནོ།
210395045,2732404,dz,\N
210395199,2732406,dz,ཀ་སི་ནོན།
210396277,2732420,dz,ཀ་སོ་ན།
210396354,2732421,dz,ཤི་ཡ་ཝོ་ནི་ཡ་-བོ་སི་ཀེ་ཊ།
210396662,2732425,dz,\N
210397201,2732432,dz,ཅ་ནོ་ཝ།
210397278,2732433,dz,ལ་ཅ།
210397355,2732434,dz,བོར་གོ་བེར་ཏ།
210397586,2732437,dz,མོན་ཊི་གཱ་ལོ།
210397663,2732438,dz,ལེ་ཀེ་སི།
210398048,2732443,dz,པེར་གོ།
210398202,2732445,dz,པཱར་ལེས་ཀ།
210398818,2732453,dz,སྤི་ནེ་ཊོ།
210398895,2732454,dz,ཀོན་ཊ་ར་ཌ་སི་སི་ཊར་ན།
210399126,2732457,dz,ཊོ་རི་ཌི་མུ་སི།
210399203,2732458,dz,ཀོན་ཊ་ར་ཌ་ཨིམ་པི་སོ།
210399280,2732459,dz,ཀེ་པུ་ཅི་ནི།
210399511,2732462,dz,\N
210399588,2732463,dz,ཀཱར་ལོ་པཱསི་ཀྭ་
210399742,2732465,dz,ག་ལོ།
210399819,2732466,dz,སཱན་ནཱ་ཛ་རོ།
210400127,2732470,dz,ཀ་སི་ན་མོ་ན་ཅེ།
210400435,2732474,dz,བ་སུ་ར།
210400589,2732476,dz,ཕེ་རེ་རེ་སོ་ཊ་ན།
210401128,2732483,dz,མོན་ཊེ་གི་རི་ནོ།
210403438,2732513,dz,སཱན་ལཱ་ཛ་རོ།
210403669,2732516,dz,རོན་ཆི།
210403746,2732517,dz,\N
210403823,2732518,dz,ཕོར་ནེསི།
210404901,2732532,dz,བི་བིའོ་པོ་ཟོ།
210405055,2732534,dz,སན་ཇེན་ན་རོ་༡ པ།
210405209,2732536,dz,མ་སེ་རི་ཆིའོ་ཝི།
210405286,2732537,dz,མ་སེ་རི་ཡ་པའོ་ལོ་ནི།
210405440,2732539,dz,ལ་གོ།
210405517,2732540,dz,སེར་ར།
210405671,2732542,dz,ཀོན་ཊ་ར་ཌ་པི་ཡ་ནོ་གྷ་རཱ་སོ་༡
210405825,2732544,dz,\N
210405902,2732545,dz,\N
210405979,2732546,dz,ཀོན་ཊ་ར་ཌ་ཆི་ཨེ་ཊི།
210406056,2732547,dz,ཀོན་ཊ་ར་ཌ་ཨི་རི་ཊི།
210406210,2732549,dz,ཀོན་ཊ་ར་ཌ་ ཀ་ར་བོ་ནཱ།
210406441,2732552,dz,སཱན་ཊ་མ་རི་ཡ།
210406672,2732555,dz,ཀཱར་ཌོ་ན་ཊ།
210406749,2732556,dz,གེར་བི་ཌི།
210408135,2732574,dz,ཅེ་རེ་ཊི།
210409059,2732586,dz,ཕོན་ཊི་༢ པ།
210409136,2732587,dz,ཟའི་ཟེ་ཝིའོ།
210409213,2732588,dz,\N
210409906,2732597,dz,ཨོལ་མ་ར།
210410368,2732603,dz,སཱ་སོ་-ཕོར་ནེསི།
210410522,2732605,dz,ཆི་ཡ་ས་ཨཱལ་བི་ནིཡ།
210410599,2732606,dz,རོན་ཆི།
210411061,2732612,dz,\N
210411292,2732615,dz,ཀོ་ལེ་ཊོ།
210411369,2732616,dz,ཕོར་ཌོང་གི་ཡ་ནུས།
210411523,2732618,dz,ཊོ་ལི་ན།
210412293,2732628,dz,རིའོན་ཕོར་ནེསི།
210412370,2732629,dz,སཱན་མཱར་ཊི་ནོ།
210412447,2732630,dz,མ་ལན་ཌར་ནུའོ་ཝ།
210412524,2732631,dz,སན་ཇིའོ་ཝ་ནི་ཅེ་རེ་ཊོ།
210413217,2732640,dz,སན་ཊོ་ཨི་ཡ་ནི།
210413602,2732645,dz,གྷི་ཡར་ (པག་ལི་ཡ་ར)
210413756,2732647,dz,ཀོ་ལི་མེ་ཊིའོ།
210413910,2732649,dz,ཀ་སི་ན་སཱན་མར་ཊི་ནོ།
210413987,2732650,dz,ཀ་སི་ན་བྲུ་སེ་ཌ།
210414218,2732653,dz,བཱ་ར་ཀོ་ནི།
210414372,2732655,dz,ཝི་ལར་བཱསི་
210414526,2732657,dz,རོ་ཊ་ཕེརེ་སི་ཡ།
210414834,2732661,dz,ཇི་ཡ་རེ་ཊོ།
210414911,2732662,dz,\N
210415142,2732665,dz,མའུ་ལིན།
210415219,2732666,dz,གྷྲན་ཌི་-བུརུ་སོན།
210415450,2732669,dz,ཀ་སི་ན་པེ་ལི་ཛ།
210416297,2732680,dz,ཝལ་བུ་ས།
210416374,2732681,dz,ཝ་ལེ་སི་-ཌུའེ་པོན་ཊི།
210416528,2732683,dz,བོར་ཌ་ནོ།
210416682,2732685,dz,བོར་ཌི་གྷོན་-ཀེ་ཌོར།
210418222,2732705,dz,ཀོན་ཊ་ར་ཌོན་སོ་པྲ།
210418992,2732715,dz,ལེ་ཀེ་སི།
210419377,2732720,dz,པི་ཡ་ནོ་ཌི་མོ་རི་ཨོ་ལོ།
210420917,2732740,dz,ལོ་ཝེ་རོ་ལ།
210421148,2732743,dz,\N
210421225,2732744,dz,ས་ཁོངས་ཐོན་སྐྱེད་ཚད་འཛིན་ བཱ་ཝེ་ནོ།
210421379,2732746,dz,བྲུ་གཱ་རོ།
210421533,2732748,dz,རོ་སེ་ཊ།
210421995,2732754,dz,བེཊ་ཊོ་ལེ་ཌི་ཀ་སི་ཊེ་ལར་པོན་ཛ་ནོ།
210422226,2732757,dz,ཀོ་སི་ཊ།
210422534,2732761,dz,ཀ་སི་ན་ཀཱལ་ན་གོ།
210422611,2732762,dz,ཀ་སི་ན་ བར་ནར་ཌི་ན།
210422919,2732766,dz,མར་ཛུའོ་ལེ་ཌི་མེ་ཟོ།
210423073,2732768,dz,ཀ་སི་ན་སཱན་ཇར་མ་ན།
210423304,2732771,dz,པི་ཝི་གུ་ར་ཏ།
210423458,2732773,dz,ཀོ་ལོམ་བི་ན།
210423535,2732774,dz,\N
210423689,2732776,dz,ཟོ་ན་ཨར་ཊི་ཇི་ཡ་ནེལ།
210423843,2732778,dz,མེ་ཛ་ནེ་ཌི་སོ་པྲ།
210424074,2732781,dz,ཀོ་ལོམ་བཱ་རེ།
210424151,2732782,dz,ཅེ་རེ་ས་ར།
210424382,2732785,dz,ཀུལ་པི།
210424459,2732786,dz,པེ་རེ་ཊི།
210424767,2732790,dz,\N
210425152,2732795,dz,ལ་ཀོསི་ཊ་ཌི་གོཊ་ར།
210425537,2732800,dz,ཝི་ལཱ།
210425691,2732802,dz,ཅའ་དེའེ་བོ་ཅི།
210425768,2732803,dz,སེར་རེ།
210425999,2732806,dz,ཀོལ་ཌོར་སོ།
210426076,2732807,dz,པཱ་ལོམ་བཱ་རེ།
210426307,2732810,dz,བཱར་ཌིན།
210426538,2732813,dz,ཟོ་ན་པིཔ་-ལོ་ཀ་ལི་ཊ་ཊི་རི་སི་ཊི།
210426615,2732814,dz,ཊ་ཝར་ན་ཝེ་ཅི་ཡ།
210427308,2732823,dz,\N
210427385,2732824,dz,ཊྲོན་ཊ་ན།
210427539,2732826,dz,ལུའུ་སེ་ཊ།
210427616,2732827,dz,བོར་གཱ་ཊ་མོན་ཊི་གྷི་ལིའོ།
210428848,2732843,dz,ཀོ་སི་ཊ།
210429079,2732846,dz,ཕྲ་སི་ནེ་ལོ།
210429233,2732848,dz,ལོ་ཀ་ལི་ཊ་རོ་མེ་ནེ་སི།
210429772,2732855,dz,ཝི་ཡ་ཀེ་ཌི།
210430080,2732859,dz,\N
210430388,2732863,dz,ཀོ་སི་ཊ།
210430619,2732866,dz,ལཱ་སི་ཌི་སོ་ཊོ།
210431312,2732875,dz,གྷྲ་སཱ་ནོ་བཱ་སོ།
210431851,2732882,dz,ཝི་ལ་ཝ་ལེན་ཊི།
210432005,2732884,dz,ཀོལ་དཱེར་བ།
210432082,2732885,dz,ལོ་ཀ་ལི་ཊ་ཊོར་རི་ཌི་ཀམ་མོ་རོ།
210432390,2732889,dz,མ་སི་རི་ མར་ཀོལ་ཕི།
210432544,2732891,dz,ཨིསི་ཀི་ཡ།
210432698,2732893,dz,གཱ་ར་ནོ་ཨཱལ་ཊོ།
210433391,2732902,dz,ཀོན་ཊེས་སོ་པྲ་ན།
210433699,2732906,dz,པཱ་ནི་གཱའི།
210433853,2732908,dz,མོ་ལི་ནེ་ཊོ།
210434007,2732910,dz,པི་ཏྲ་སཱན་ཏ།
210434315,2732914,dz,ཀེཔ་ལ་མེར་ལི།
210434469,2732916,dz,\N
210435855,2732934,dz,ཀ་སི་ཊེ་ལོ།
210436163,2732938,dz,ཀ་སི་ན་ཅེ་རི་ན་ཌི་སོ་ཊོ།
210437472,2732955,dz,\N
210438011,2732962,dz,ཀ་སེཊ།
210438242,2732965,dz,\N
210438396,2732967,dz,སཱན་ཇིའོ་ཝ་ནི།
210438473,2732968,dz,ཀ་སི་ཊེ་ལ་སིའོ་
210438627,2732970,dz,\N
210438704,2732971,dz,ཀེབ་བི་ཡ་ནོ།
210438858,2732973,dz,ཅུ་པ་སོ་ཏ་ན།
210439243,2732978,dz,སེར་ར།
210439705,2732984,dz,ཨ་གོ་གན།
210439859,2732986,dz,ཀོ་སི་ཊ།
210439936,2732987,dz,གྷྲོན་ཕ་ལེ་ཇི་ཡོ།
210440321,2732992,dz,སན་ཊོ་སི་ཊེ་ཕ་ནོ།
210440475,2732994,dz,ཀ་སི་ན་གེ་རོ་ལ།
210440552,2732995,dz,ཅམ་ལོང་མར་ཊི་གྷོན་
210440706,2732997,dz,ཝར་ན་ཟོ་ལ།
210440860,2732999,dz,ལོ་ཀ་ལི་ཊ་ བཱ་ཌི་ལི།
210441553,2733008,dz,\N
210442015,2733014,dz,སཱན་རོ་ཀོ།
210442246,2733017,dz,སལ་ག་རི།
210442323,2733018,dz,ཝེ་ནེ་ཊོ།
210443863,2733038,dz,བཱསི་ཅི་སི་ཀ་ལོ།
210443940,2733039,dz,སན་ཊོ་པི་ཊོ།
210444248,2733043,dz,ཕོན་ཊ་ན་ར་ཌི་ན།
210444556,2733047,dz,ཀོན་ཊ་ར་ཌ་ཀོ་ལ་ཅེ་ཀོ།
210444633,2733048,dz,ཀོན་ཊ་ར་ཌ་ཨིསི་ཊ་ར།
210444941,2733052,dz,རོན་ཀོ།
210445480,2733059,dz,ཆི་ཡ་ན་ཝ་སོ།
210445557,2733060,dz,\N
210445634,2733061,dz,ཏེ་ཊི་མེ་ནི།
210445865,2733064,dz,ཀ་སིན་སི་ལ་ནོ།
210445942,2733065,dz,ཟེར་བེ་སུ་པི་རི་ཨོ་རི།
210446327,2733070,dz,ཀ་ས་རོ་ས་
210446404,2733071,dz,ལོག་ལིའོ།
210446481,2733072,dz,ཀ་སི་ན་ཀམ་པ་སོ།
210446635,2733074,dz,ཝ་ལེ་ཌི་ནི་ཝི་ཡོན།
210447405,2733084,dz,ཀེ་སི་ཌི་ཝི་ཡ་གྷ་ར་ཌོ།
210447713,2733088,dz,\N
210447944,2733091,dz,ལ་གྷི་ ༡
210448098,2733093,dz,ཕྲ་སི་ནེ་ལོ་ མོན་ཕེ་ར་ཊོ།
210448329,2733096,dz,ཝེ་སི་ཨོ་ལ་ཌི་སོ་པྲ།
210448714,2733101,dz,མ་སེ་རི་ཡ་ཀུ་ས་ནོ།
210448791,2733102,dz,ལྐུགས་པ།
210449022,2733105,dz,བཱའི་ཡ་ཌི་གཱ་ལི་པོ་ལི།
210449176,2733107,dz,སན་ཊོ་ཨི་ཡ་ནི།
210449253,2733108,dz,ཀོན་ཊ་ར་ཌ་ལོ་ཌི་ནི།
210449946,2733117,dz,\N
210450100,2733119,dz,རེ་ཝེ་ལི།
210450177,2733120,dz,བཱ་རཱ་ཡ།
210450331,2733122,dz,པེར་ནོ་སུ་པི་རི་ཡོར།
210450408,2733123,dz,\N
210450485,2733124,dz,ཀ་སི་ན་ཀོ་རོ་ནཱ།
210450562,2733125,dz,པོ་གིའོ་
210450639,2733126,dz,ཟོ་ལེ་ཟི།
210451255,2733134,dz,ཝི་ལི་གིའོ་ཌེལ་སོ་ལེ།
210451332,2733135,dz,ཀེམ་པ་ན་
210451717,2733140,dz,ཀོ་མུ་ན།
210451948,2733143,dz,བོའོ་ལི་ཌི་པེ་རི་ནོ།
210452102,2733145,dz,ཀོ་ལོམ་བཱ་ཡ།
210452487,2733150,dz,སེ་ཅིའོ་སོ་པྲ།
210452718,2733153,dz,གནད་དོན་མ་རི་ཡོ་ཊི།
210453257,2733160,dz,པི་ཡ་ན་ཌི་ཨོལ་མོ།
210453334,2733161,dz,ཕོར་ནི།
210453488,2733163,dz,ཀ་སི་ན་པི་ཝ།
210453642,2733165,dz,སཱན་ཊ་མ་རི་ཡ།
210454027,2733170,dz,བོ་ཀོ་སུ་པི་རི་ཡོར།
210454104,2733171,dz,ཀོར་ན་ལེ་ཊོ་སོ་ཊ་ནོ།
210454181,2733172,dz,\N
210454720,2733179,dz,ཝི་ལི་གིའོ་ཌེལ་སོ་ལེ།
210455182,2733185,dz,ཝ་ལཱལ་ཊ་སུལ་ཀ་ན་ལེ།
210455952,2733195,dz,ཊེ་རོ་ཌི་སོ་པྲ།
210456183,2733198,dz,ཀོན་ཊེ་ས་ཨེན་ཊེ་ལི་ན།
210456491,2733202,dz,ག་རི་ནི།
210457107,2733210,dz,ཟོ་ན་ཨར་ཊི་ཇི་ཡ་ནཱལ་-བཟོ་གྲྭ།
210458493,2733228,dz,\N
210458878,2733233,dz,ཨིས་ཀུ་ཝ་ནེ་ཊོ་སུ་པི་རི་ཡོར།
210458955,2733234,dz,ཨུ་བཱ་གེ་ཊ་ཀོ་སི་ཊ།
210459340,2733239,dz,པི་ཡ་ནོ་ཌི་རོ་ཅེ་ཊ།
210459571,2733242,dz,པི་ཡ་ནོ་རོ་ཌ།
210460110,2733249,dz,བེ་སེ་བཱ་སོ།
210460495,2733254,dz,ཀ་སི་ན་མཊ་ཊ།
210460649,2733256,dz,ཟོ་ན་ཨར་ཊི་ཇི་ཡ་ན་ལེ་ ཀཱལ་ཆ་གུ་རུ་བར།
210461111,2733262,dz,\N
210461496,2733267,dz,ཀོརོམ་བཱ་-ཕིརིསི།
210461650,2733269,dz,གནད་དོན།
210461881,2733272,dz,ཟོ་ན་བཟོ་གྲྭའི་སྟོབས་ཤུགས།
210462343,2733278,dz,ཀ་སི་ཊི་ལི་ནོ།
210462497,2733280,dz,ཊོཔ་ལེ་ཀ་ཌི་སོ་པྲ།
210462728,2733283,dz,ལོ་རེན་ཟོ།
210462805,2733284,dz,བཱ་སེ།
210462882,2733285,dz,ཝི་ཡ་ལེ་ནི།
210463036,2733287,dz,རེ་སི་ཡཱ་ཨིན་ཕི་རི་ཡོར།
210463190,2733289,dz,མོ་ལི་ནེ་རི་ཨེཕ་ཏི།
210463344,2733291,dz,\N
210463498,2733293,dz,ལ་ཀོ་སི་ཊ།
210463883,2733298,dz,\N
210464653,2733308,dz,སེར་རེ་སུ་པི་རི་ཡོར།
210464884,2733311,dz,\N
210465038,2733313,dz,\N
210465500,2733319,dz,པི་ཡ་ནི་རེ་སི་ནེ་ལི་༢པ།
210465808,2733323,dz,\N
210466193,2733328,dz,ཊེ་ཊོ་རི་ཝ།
210466347,2733330,dz,ཝི་ལི་གིའོ་ཌེལ་སོ་ལེ།
210466424,2733331,dz,ཀེ་པུ་ཅི་ནི།
210466963,2733338,dz,ཕྲེ་ཟི་ཡོན་སེ་རི་སོ་ལ་-བཱ་ར་ཅེ།
210467194,2733341,dz,ཊེ་ཊོ་བར་ལོཊ།
210467425,2733344,dz,ཌེ་ཛར་ཊེ་ཊོ་ ཊེ་ཊོ་ ཊི་རི་མ་གྷི་ལིའོ།
210467656,2733347,dz,ཀོསི་ཊ་ཀ་ལ་ཝ་རེ་ཛ།
210468041,2733352,dz,ཀ་སི་ཊ་ག་ན།
210468349,2733356,dz,\N
210468734,2733361,dz,\N
210469042,2733365,dz,ཆིའོ་ཊོ།
210469427,2733370,dz,ཨཱལ་པེ་ཌི་མ་ས་
210469504,2733371,dz,སའི་ར་ནོ།
210469581,2733372,dz,བཟོ་གྲྭའི་ས་ཁོངས་ཏི་བེ་རི་ན་ནར་ནི་སི་ཀ་ལོ།
210469889,2733376,dz,ཨ་ཛིན་ཌི་ཨེག་རི་ཀོལ་མཉམ་འབྲེལ་པ་ཕོན་ཊི་ཝར་ཌི།
210469966,2733377,dz,\N
210470043,2733378,dz,བོསི་ཆི།
210470120,2733379,dz,ཀློཊ་ཌི་བོ་ལརཌ།
210470274,2733381,dz,ལོ་ཀ་ལི་ཊ་ པྲུ་ཌུ་ཊི་ཝ་ ཊི་རི་སེ་རི།
210470813,2733388,dz,ས་ཁོངས་ཐོན་སྐྱེད་པོ་ཀོ་ལ།
210470890,2733389,dz,བཟོ་གྲྭའི་ས་ཁོངས་༡ པ།
210471583,2733398,dz,\N
210471814,2733401,dz,ཨིམ་པི་ཡན་ཏི་ཨ་གིཔ་-སྣམ།
210471968,2733403,dz,ཝི་ལི་གིའོ་ཌེལ་སོ་ལེ།
210472045,2733404,dz,བཟོ་གྲྭའི་ས་ཁོངས་ ཤ་མེལ་ཟེ།
210472122,2733405,dz,བཟོ་གྲྭའི་ས་ཁོངས་མེ་ཛོ་མོ་ལི་ནོ།
210472276,2733407,dz,ལོ་ཀ་ལི་ཊ་ པྲུ་ཌུ་ཊི་ཝ་ ༡ (ནོར་ཌི)
210472353,2733408,dz,པྲེ་ཌི་ཡ་ - ཀམ་པོ་ཌེན་ནོ།
210472430,2733409,dz,ཐི་ཡེན།
210472584,2733411,dz,ས་ཁོངས་ཨིན་སེ་ཌི་ཡ་མེན་ཊི་ཐོན་སྐྱེད་ལོ་ཝེ་ར།
210472738,2733413,dz,\N
210472815,2733414,dz,\N
210472969,2733416,dz,\N
210473046,2733417,dz,ཀོ་པོ་རེ་ཊི་ཝ་ཨེག་རི་ཀོ་ལ་སེ་སེ་ན།
210473123,2733418,dz,སན་མར་ཊི་ནོ། ༢
210473431,2733422,dz,ལོ་ཀ་ལི་ཊ་ཨའི་པའེ་ཅི།
210473585,2733424,dz,དབུས་ཨེ་ནེལ་སཱན་ལི་བེ་ར་ཊོ།
210473970,2733429,dz,ས་ཁོངས་ཐོན་སྐྱེད་༢།
210474432,2733435,dz,\N
210474509,2733436,dz,\N
210474663,2733438,dz,སཱན་ཊ་མ་རི་ཡ།
210474740,2733439,dz,ས་ཁོངས་ཨར་ཊི་ཇི་ཡ་ནེལ།
210474817,2733440,dz,ཀ་ས་ཌི་ཀུ་ར་སཱན་ཊ་ལུ་ཤི་ཡ།
210474971,2733442,dz,པཱ་ཌི་ཀཱ་ནི་ཌི་ཀོ་ལི་མར་ཊི་ནོ།
210475356,2733447,dz,ཕིའུ་མ་ར།
210475510,2733449,dz,\N
210475587,2733450,dz,པན་ཊ་ནོ།
210475664,2733451,dz,བཟོ་གྲྭའི་ས་ཁོངས་༢པ།
210475741,2733452,dz,ར་ཕི་ནེ་རི་ཡ་ ཌི་མི་ལཱ་ཟོ།
210475818,2733453,dz,པི་རའི་ནོ་མ་རེ།
210475895,2733454,dz,ར་ཕི་ནེ་རི་ཡ་སན་ཕི་ལི་པོ་ཌེལ་མེ་ལ།
210475972,2733455,dz,དབུས་ཨེ་ནེལ་ཡུ་རོ་ཇེན།
210476049,2733456,dz,བཟོ་གྲྭའི་ས་ཁོངས་སན་ཀ་ཊལ་ཌོ་སི་ཀ་ལོ།
210476126,2733457,dz,ཀ་ས་ཟེ།
210476203,2733458,dz,བཟོ་གྲྭའི་ས་ཁོངས་པདི་རི་ཇི་ཡ།
210476280,2733459,dz,\N
210476357,2733460,dz,\N
210476511,2733462,dz,ཊུ་རེས།
210476588,2733463,dz,\N
210476742,2733465,dz,པཱ་སོ་ཌེ་ཇིའོ་ཝི་༢པ།
210476896,2733467,dz,བཱ་སེ་དོ།
210476973,2733468,dz,སི་ཊར་ཌོན།
210477050,2733469,dz,ཝི་ལི་ཌི་མོན་ཊི་ཀོ་རོ་ནཱ་རོ།
210477127,2733470,dz,\N
210477204,2733471,dz,ཀོ་ལེ་རེན་སི་ཀོའི་བཟོ་གྲྭའི་ས་ཁོངས།
210477281,2733472,dz,མའི་ཡ་ནོ་ནུའོ་ཝོ།
210477358,2733473,dz,སན་ བར་ཊོ་ལོ་མེའོ།
210477435,2733474,dz,སོ་ཟེ་ཌི་སོ་པྲ།
210477512,2733475,dz,ཝི་ལ་ཕི་མོན།
210477589,2733476,dz,པི་ཝི་ཌི་བརན་ཀོ་ལི།
210477666,2733477,dz,མར་སི་ན་སུ་པི་རི་ཡོར།
210477743,2733478,dz,མར་སི་ན་སུ་པི་རི་ཡོར།
210477820,2733479,dz,ཨ་ཀྭ་ཌི་ཨོག་ནིའོ་
210477897,2733480,dz,པོན་ཊི་ཌེལ་ལི་ཊ་ཝོ་ལེ།
210477974,2733481,dz,ཕོར་ཅི་ཡ།
210478051,2733482,dz,སཱན་ཊ་མ་རི་ཡ།
210478128,2733483,dz,བཱན་ཀོ་ནི་ཌི་སོ་ཊོ།
210478205,2733484,dz,ར་ག་ནོ-སེ་ག།
210478282,2733485,dz,ཊི་རེ་སོལ།
210478359,2733486,dz,ཀོན་ཊ་ར་ཌ་སི་ཝི་ཊ་ཊོ་མ་ས་
210478436,2733487,dz,ཀེ་ན་ལེ།
210478513,2733488,dz,མ་རཱང་གི།
210478590,2733489,dz,སི་ཊར་པི་ཊོ་ཌི་སོ་པྲ།
210478667,2733490,dz,སཱན་མཱར་ཊི་ནོ།
210478744,2733491,dz,ཝིལ་ལེ་སུར་ནུས།
210478821,2733492,dz,མོན་ཊི་བེ་ལོ་ཌི་སི་མ།
210478898,2733493,dz,ཨིས་ཀོར་ཟོ་ལེ་ཊ།
210478975,2733494,dz,ཨེལ་པོན།
210479052,2733495,dz,ཝི་སི་ནཱ་ཊོ་ལེ་ བཱ་སེ།
210479129,2733496,dz,ཝི་སི་ནཱ་ཊོ་ལེ་ བཱ་སེ།
210479206,2733497,dz,བར་ཌེ་ལ།
210479283,2733498,dz,བར་ཌེ་ལ།
210479360,2733499,dz,སོར་ནེ།
210479437,2733500,dz,པོན་ཊི་ན།
210479514,2733501,dz,ཇི་ཡར་ཌི་ནི་ཡ་ར་སུ་པི་རི་ཡོར།
210479591,2733502,dz,ཇི་ཡར་རོ་ས་སེནཊོ།
210479745,2733504,dz,ཝི་ལ་རོ།
210479822,2733505,dz,བོར་གཱ་ཊ་ཀོསི་ཊི་ཡ་ར།
210479899,2733506,dz,མོན་ཊི་རོ་ས་
210479976,2733507,dz,ཀ་སི་ཊེ་ལོ་ཌེལ་ལི་ཕོར་མི་ཆི།
210480053,2733508,dz,ཏེ་ཛེ་ཌི་སེ་རེ་ས་ར།
210480130,2733509,dz,སེར་ཊི་ག་ནོ།
210480207,2733510,dz,ཀོ་ལི་པོན་ཊི།
210480284,2733511,dz,ཀོན་ཊ་ར་ཌ་ སན་ཊི་ཨེ་ལི་ཡ།
210480361,2733512,dz,ཝི་ལི་ཇིའོ་ཌེལ་ལི་མི་མོ་སི།
210480438,2733513,dz,ཝར་སི་ཡ་ཀོ་ཌི་སོ་ཊོ།
210480515,2733514,dz,སི་ཊར་ཌེ་ལ།
210480592,2733515,dz,བིབ་བོ་ན་ས་ཚིགས།
210480669,2733516,dz,ཀོན་ཊ་ར་ཌ་ཕ་ཝེ་ལི་ཊི།
210480746,2733517,dz,ཀོན་ཊ་ར་ཌ་ཕ་ཝེ་ལི་ཊི།
210480823,2733518,dz,ལོ་ཝ་རོ་སེ་ཊོ་-ཝེ་གོ་
210480900,2733519,dz,ཝ་ལི་སེ་ལཱ་ཨཱལ་ཊ།
210480977,2733520,dz,ཀོ་ཌ་ཀིའོ་༡
210481054,2733521,dz,སབ་བི་ཡོ་ནི་ཨཱལ་ཊི་༢པ།
210481131,2733522,dz,གཡའོ་ཕ་ན་ཌི་ཝར་ཇི་ཡ་ནོ།
210481208,2733523,dz,ཨིམ་བོར་ག་ན་ན།
210481285,2733524,dz,ལཱ་སེལ་ཝ།
210481362,2733525,dz,པི་ཨའི་པི། ཌེན་ཊི་ཀེན།
210481439,2733526,dz,པི་ཨའི་པི། ཌེན་ཊི་ཀེན།
210481516,2733527,dz,ཕོ་ཇི་ཡ་ནེལ་ལོ།
210481593,2733528,dz,ཝི་ཡ་པེ་ར་སི་བོ་ན་ཀོར་སི།
210481670,2733529,dz,པོན་ཊི་ཌི་ཕོན་ཊ་ནི་ཝ།
210481747,2733530,dz,ཀ་ས་ལེ་ ཀ་སི་ཊ་གྷོ་ལ།
210481824,2733531,dz,ཊ་ཝར་ན་དི་པིག་ན་ཏ་རོ་མ་གྷི་ཨོ་རེ།
210481901,2733532,dz,སཱན་ཊ་མ་རི་ཡ།
210481978,2733533,dz,སི་ཀོ་ལ་སན་ཊི་ཨ་ན།
210482055,2733534,dz,ཕབ་རི།
210482132,2733535,dz,ཕབ་རི།
210482209,2733536,dz,པི་ཡན་ཌི་ཕྲ་སོ་༢པ།
210482286,2733537,dz,ཨེལ་བེ།
210482363,2733538,dz,རེ་ཌི་ཀོཔེ།
210482440,2733539,dz,མུ་ལི་ནི་དཱི་ཀ་ལཱན།
210482517,2733540,dz,ཀ་སི་ཊེ་ལོ་ མོན་ཊེ་རི་ཀོ།
210482594,2733541,dz,ཨིལ་ཀན་ཊོན་ཌི་མར་མི་རོ་ལོ།
210482671,2733542,dz,མོ་ལི་ན་ཌི་ཨི་ཀུའི་ཊར་མེ།
210482748,2733543,dz,ལེ་ཊི་ན་བརྒྱུད་དེ།
210482825,2733544,dz,ཊུ་ཕོ་ཝ་ར་ཀ་ནི་-ཝར་ཌེས་ཀ།
210482902,2733545,dz,ཀོན་ཊ་ར་ཌ་ ཕིའུ་མི་སེ་ལོ།
210482979,2733546,dz,\N
210483133,2733548,dz,པོན་ཊི་ཌི་བི་བི་ཡ་ན།
210483210,2733549,dz,པོན་ཊི་ཌི་བི་བི་ཡ་ན།
210483287,2733550,dz,ཀ་མི་སི་ཨོ་ལ།
210483364,2733551,dz,ཀ་མི་སི་ཨོ་ལ།
210483441,2733552,dz,པན་ཏ་ནོ་ཌི་ཌིའོ་ཌ་ཊོ།
210483518,2733553,dz,ཟུ་ཊོ་ལོ།
210483595,2733554,dz,རཏི་ན-ཕིའོ་རཱ།
210483672,2733555,dz,རོ་ཇི་ཡ་ཌི་སོ་པྲ།
210483749,2733556,dz,པོར་ཌི་ནོན།
210483826,2733557,dz,པོར་རི་ནོ་ཝི་ཀོ་ལོ།
210483903,2733558,dz,ཝིན་ཀོ་ལིསི།
210483980,2733559,dz,ཝིན་ཀོ་ལིསི།
210484057,2733560,dz,\N
210484134,2733561,dz,ཝ་ར་ཨིན་ཕི་རི་ཡོར།
210484211,2733562,dz,ཀ་སི་ཊེལ་ནུའོ་ཝོ།
210484288,2733563,dz,ཀོ་སི་ཊ།
210484365,2733564,dz,པཱ་སོ་ཀོལ་མུ་ར་ནོ་སུཌ།
210484442,2733565,dz,ཕོར་ནེསི།
210484519,2733566,dz,རོ་ཀ་ཌི་ཕོན་ཌི་ས་ཚིགས།
210484596,2733567,dz,མ་སེ་རི་ཡ་ཝེ་ཆི་ཡ་སུཌ།
210484673,2733568,dz,ནིབ་བིའོ།
210484750,2733569,dz,སཱན་ཏ་ནིན་ཕ།
210484827,2733570,dz,ཟད་འགྲོ།
210484904,2733571,dz,པི་ཡ་ནེ་ཌི་ཀཱར་ནིལ་ཡ།
210484981,2733572,dz,མོ་ལི་ནོ།
210485058,2733573,dz,ཕོར་ནེསི།
210485135,2733574,dz,མདོ་ན་ཌེལ་ལི་གྷ་ར་ཟི།
210485212,2733575,dz,ཕ་ར།
210485289,2733576,dz,ཨི་སོ་ལ་སན་ཇིའུ་ལིའོ།
210485366,2733577,dz,ཨི་སོ་ལ་སན་ཇིའུ་ལིའོ།
210485443,2733578,dz,ནཱ་ཝ།
210485520,2733579,dz,ནཱ་ཝ།
210485597,2733580,dz,པོན་ཊི་ཌི་སི་ཊེལ་ཝིའོ།
210485674,2733581,dz,པོན་ཊི་ཌི་སི་ཊེལ་ཝིའོ།
210485751,2733582,dz,སི་ཊི་ཟོན་ཝི་ལ་ཨོ་པི་སི་ན་-ཀམ་པ་ན་
210485828,2733583,dz,བོ་ནི་ན།
210485905,2733584,dz,མོ་ཀོ་གྷོ་ནོ།
210486059,2733586,dz,ཕོན་ཊི་གྷ་ནོ་༢ པ།
210486136,2733587,dz,གཱར་ཌིའོ་ལ་ ༣ པ།
210486213,2733588,dz,\N
210486290,2733589,dz,མ་སེ་རི་ཡ།
210486367,2733590,dz,ཀོ་ལེ་ཌི་ནཱ་ཝ།
210486444,2733591,dz,བཱ་ཊུའེ་ལོ་ པར་སི་ཊ་ར་ཌ།
210486521,2733592,dz,པྲའ།
210486598,2733593,dz,ཀ་སོ་ནི་སོ་པྲ།
210486675,2733594,dz,སོ་རི་ཕ།
210486752,2733595,dz,པི་ཊི་རེལ་སི་ན་ས་ཚིགས།
210486829,2733596,dz,ཀོན་ཊ་ར་ཌ་ ཀེ་པི་ཊ་ནོ།
210486906,2733597,dz,མག་ལི་ཡ་ནོ།
210486983,2733598,dz,ཕོར་ནེ་ལོ།
210487060,2733599,dz,ཕོར་ནེ་ལོ།
210487137,2733600,dz,\N
210487214,2733601,dz,གེ་ཤི།
210487291,2733602,dz,ཨིས་ཀུའོ་ལ་སཱན་ཀླའུ་ཌིའོ།
210487368,2733603,dz,ཀོན་ཊ་ར་ཌ་ཊོར་རི་མོན་ཊི་༢པ།
210487445,2733604,dz,ཌི་ཀོན་ཊྲ།
210487522,2733605,dz,རོ་ཅེ་ཊ་ཨཱལ་ཊ།
210487599,2733606,dz,རོ་སེ་ཊ།
210487676,2733607,dz,བཱ་ར་གཱ་ཛ།
210487753,2733608,dz,ཀྲོ་སེ་ཊི་ཌི་སོ་ཊོ།
210487830,2733609,dz,ཨོལ་ཀྲིསི།
210487984,2733611,dz,\N
210488061,2733612,dz,བཱ་སེ་དོ།
210488138,2733613,dz,ལུང་གོ་སིས་ཏོ་ ༡།
210488215,2733614,dz,མད་ཌ་ལོ་ནིའི་ས་ཚིགས་ཝ་ལེ་
210488292,2733615,dz,བག་ལིའོ་མེ་སི་ན་༡ པ།
210488369,2733616,dz,ཨཱལ་བཱ་རོ་ཝེ་ཅིའོ་
210488446,2733617,dz,བོར་གྷེ་ཊོ་ ཊ་ར་ཝར་ས་ར།
210488523,2733618,dz,པཱར་ར་ན་སཱན་ཇིའུ་སི་ཊོ།
210488600,2733619,dz,ཀ་སི་ཊེལ་ནུའོ་ཝོ་ བེ་རར་ཌེང་གཱ་གི་ས་ཚིགས།
210488677,2733620,dz,རོ་ཀ་པོ་རེ་ན།
210488754,2733621,dz,ཨོཔ་པི་ཌོ།
210488831,2733622,dz,ཀྲེ་ཏ་ར།
210488908,2733623,dz,ཨ་ཀ་རི་ཡ།
210488985,2733624,dz,ཨ་ཀ་རི་ཡ།
210489062,2733625,dz,ཝ་ཅི་ཡ་གེ་ཊོ།
210489139,2733626,dz,\N
210489216,2733627,dz,ཏྲི་གཱ་ནོ།
210489293,2733628,dz,སེནཊ་རོ་ ༣༢
210489370,2733629,dz,ལོམ་བཱ་བྱག་ཕུག།
210489447,2733630,dz,སཱན་མཱར་ཊི་ནོ་ཌི་ཨོ་ཀིར།
210489524,2733631,dz,ཝི་ལི་ཡ་ནོ་གི་ས་ཚིགས།
210489601,2733632,dz,ཀོ་ལི།
210489678,2733633,dz,\N
210489755,2733634,dz,གོ་ནེངོ།
210489832,2733635,dz,ཇེར་ལོ་ཊོ།
210489909,2733636,dz,ཆིའོ་ཨ་ལེང་གོ།
210489986,2733637,dz,གི་རོ་ནི་ཀོ་ཨཱལ་མོན་ཊི།
210490063,2733638,dz,མག་ནོ།
210490140,2733639,dz,ཀ་ས་ནོ་ཝ་ཌི་ཌེསི་ཊ་ར།
210490217,2733640,dz,ཏོ་ཛ་ག་
210490294,2733641,dz,ཝི་ལ་ཌི་སི་རེག་ལིའོ།
210490371,2733642,dz,སི་ཊི་ཟོན་པི་ཡ་ནེ་ལ།
210490448,2733643,dz,སེར་ར་ཌི་སོ་པྲ།
210490525,2733644,dz,སེར་ར་ཌི་སོ་པྲ།
210490602,2733645,dz,བཱ་ར་གཱ་ཛ།
210490679,2733646,dz,པོ་གི་སཱན་ཊོ་སི་པི་རི་ཊོ།
210490756,2733647,dz,མོན་ཊི་གྷོ་སོ།
210490833,2733648,dz,མོའར་ན།
210490910,2733649,dz,ཨེ་གེ་རེ་ཊོ་ཀ་སོ་ལ།
210490987,2733650,dz,མ་སེ་གྷན་ནན།
210491064,2733651,dz,བོ་ཇོན་གོ་ཊར་ཌོ་ཝི་ཡ་རི་ཝེ་ལི།
210491141,2733652,dz,ཊི་རེ་མི་གྷོན་-ཝ་ཀ་རི་ནོ།
210491218,2733653,dz,སཱན་མཱར་ཊི་ནོ།
210491295,2733654,dz,པི་ཡ་ཛ་ཌི་སབ་བི་ཡོན།
210491372,2733655,dz,བཟོ་གྲྭའི་ས་ཁོངས། ཌི་སི་ཊི་ཡ་ཊི་ཀོ།
210491449,2733656,dz,སན་ཇེན་ན་རོ་༡ པ།
210491526,2733657,dz,ཤིའོ་པ་རེལ་ལོ་གསུམ་པ།
210491680,2733659,dz,ཀྲོ་སི་ཅིའོ་བཱ་སོ།
210491757,2733660,dz,མ་ས་རི།
210491834,2733661,dz,ཀོན་ཊ་ར་ཌ་ཨོར་ཊི་སེ་ལི།
210491911,2733662,dz,མ་སེ་རི་ཡ་ ཕུ་རུ་སི་ཨོ་ནི།
210492065,2733664,dz,བི་བིའོ་ཨ་ཝེ་ན་ཨོ་ཝུ་ཀ་ལེ།
210492142,2733665,dz,ཊི་རི་ཝེ་རོ།
210492219,2733666,dz,ཊི་རི་ཝེ་རོ།
210492296,2733667,dz,མུ་ལི་ནི་-ཕི་ལ་ཊོ་ཡོ།
210492373,2733668,dz,ཝི་ལཱ།
210492450,2733669,dz,མར་ཊི་ནི།
210492681,2733672,dz,གྷེ་ཊ་རེ་ལོ།
210492758,2733673,dz,ཀོ་ལེ་སེ་ར་སོ།
210492835,2733674,dz,བེཌེསི་ཀོ།
210492912,2733675,dz,མ་སེ་རི་ཡ་ལོ་མུ་ཏོ།
210492989,2733676,dz,མ་སེ་རི་ཡ་ལོ་མུ་ཏོ།
210493066,2733677,dz,མོན་ཊི་ཨའོ་ཊ།
210493143,2733678,dz,ཊེ་ཊི་མོན་ཌེ་སིའོ།
210493220,2733679,dz,མག་ལི་ཡ་ནོ་-ཀྲ་ཝ་-མོ་རོ་ཛོ་ས་གནས་
210493297,2733680,dz,ཀོསི་ཊ་ཌི་ཏི་ཝེ་ག་ན།
210493374,2733681,dz,ཀོ་ཕེར་སི་ཌི་ལུང་།
210493528,2733683,dz,ཀ་སོན།
210493605,2733684,dz,པེ་ཊོ་གྷོ་ནོལ།
210493682,2733685,dz,མཆི་ཡ་ཌི་པི་ཡ་ནོ་༡
210493759,2733686,dz,ཆི་ཡན་ཅེ་སེ་པ་ལོ་ནིའི་ས་ཚིགས།
210493836,2733687,dz,ཕོ་རོ་གསུམ་པ།
210493913,2733688,dz,ཀོན་ཊ་ར་ཌ་ཆི་ཡན་ཅེ།
210493990,2733689,dz,ཇིའུ་མེ་ལ་སི་ཀོ།
210494067,2733690,dz,ཀོ་མེ་ས་ཇིའོ་ཨིན་ཕི་རི་ཡོར།
210494144,2733691,dz,ལན་ཟ་རི་ནི།
210494221,2733692,dz,ཨལ་ཊ་ཌི་པྲ་ཌི་པོ་ཟོ།
210494298,2733693,dz,ཟོ་ན་ཨར་ཊི་ཇི་ཡ་ན་ལེ་ཨར་ཇེ་ལེ་ཊོ།
210494375,2733694,dz,ཆི་ཅེ།
210494452,2733695,dz,ཝེ་ཅི་ཡ་སི་ཊི་རི་ཡ་ནོ།
210494529,2733696,dz,སཱན་ཇིའུ་སེཔི།
210494606,2733697,dz,སཱན་ནི་ཀོ་ལ་བཱ་ས་
210494683,2733698,dz,སན་གྲ་ཊོ།
210494760,2733699,dz,སན་གྲ་ཊོ།
210494837,2733700,dz,བོསི་ཀོ།
210494914,2733701,dz,བོསི་ཀོ།
210494991,2733702,dz,ལེ་མ་གྷི་ཨོ་ལ་ནོར་ཌི།
210495068,2733703,dz,མཆི་ཡ་གྷྲན་ཌི།
210495145,2733704,dz,གནད་དོན་ཨཱལ་བ་ནེ་སི།
210495222,2733705,dz,གནད་དོན་ཨཱལ་བ་ནེ་སི།
210495299,2733706,dz,ཨིསི་ཀག་ནེ་ཌི་སོ་པྲ།
210495376,2733707,dz,མི་ནི་སི་ཊ་ལ་༢ པ།
210495453,2733708,dz,ཀྲོ་སི་ཌི་སཱན་ལོ་རེན་ཟོ།
210495530,2733709,dz,ཀོན་ཊ་ར་ཌ་སན་ཊ་ཨ་ན་༡
210495607,2733710,dz,ཤི་ཡ་ཝོ་ནི་ཡ་ཀོན་སི་ཡོ།
210495684,2733711,dz,ཤི་ཡ་ཝོ་ནི་ཡ་ཀོན་སི་ཡོ།
210495761,2733712,dz,ཀ་ཝ་ཛ་ན་-སན་ཊ་ལུ་ཤི་ཡ།
210495838,2733713,dz,ཀེ་སེ་ཊི་ཌི་ཀེ་ཌི་རི་ཡ་ནོ།
210495915,2733714,dz,མ་ར་ཊ་བཟོ་གྲྭའི་ས་ཁོངས་
210495992,2733715,dz,པི་ནི་སུད་ ༣།
210496069,2733716,dz,སའི་ར་ནོ།
210496146,2733717,dz,བོར་གོ།
210496223,2733718,dz,བོར་གོ།
210496300,2733719,dz,ཨོ་ཀ་
210496377,2733720,dz,སི་པི་ཡོན་པོན་ཊི།
210496454,2733721,dz,སི་པི་ཡོན་པོན་ཊི།
210496531,2733722,dz,སི་ཊར་ཌོན་ས་ལ།
210496608,2733723,dz,མཆི་ཡོ་ནི།
210496685,2733724,dz,གཱོལ་ཕོ་༡ ནང་ སཱན་ཇིའོ་ཝ་ནི།
210496762,2733725,dz,ལེ་མུར་གེ།
210496839,2733726,dz,མ་སེ་རི་ཡ་ལོ་རུ་སོ།
210496916,2733727,dz,ཝི་ལི་གིའོ་ཌི་གྷི་ལི།
210496993,2733728,dz,སན་ཇི་ཡ་ཀོ་མོ།
210497070,2733729,dz,སན་ཇི་ཡ་ཀོ་མོ།
210497147,2733730,dz,བཟོ་གྲྭའི་ས་ཁོངས་ཨར་ཊི་ཇི་ཡ་ན་ལེ་ས་རེནཊི་ནོ།
210497224,2733731,dz,གཱ་ཟོ་ལོ།
210497301,2733732,dz,སི་ཊི་ཟོན་གཱའི་ཕ་ན།
210497378,2733733,dz,ཀོ་ལེ་ཌི་ཊོ་ར།
210497455,2733734,dz,བོསི་ཀོ་སཱན་པི་ཊོ།
210497609,2733736,dz,ཀོན་ཊ་ར་ཌ་པོ་རི་ཡ།
210497686,2733737,dz,\N
210497763,2733738,dz,སཱན་ཊ་ཨིའུ་སི་ཊ་སཱན་མེ་ཊིའོ་
210497840,2733739,dz,ཨོར་ཀོ།
210497917,2733740,dz,ཝི་ལཱ།
210497994,2733741,dz,པི་ཡ་ན་བཱ་ས་
210498071,2733742,dz,པི་ཡ་ན་བཱ་ས་
210498148,2733743,dz,བོར་གོ་བོ་ཌི།
210498225,2733744,dz,ཀ་སི་ཊེ་ལོ་ཌེལ་ལི་ཕོར་མི་ཆི།
210498302,2733745,dz,ཕྲག་ནོ་ལོ།
210498456,2733747,dz,ལོ་ཀ་ལི་ཊ་ཊོཔ་པོ་བཱ་སོ།
210498533,2733748,dz,ཨོ་སི་ཊི་རི་ཡ་ཌི་ནེ་རོ་ལ།
210498610,2733749,dz,\N
210498687,2733750,dz,ཌོ་མོ་ཌོ་སོ་ལ་-ཨོལ་ཊི་རེ་བོ་ག་ན།
210498764,2733751,dz,ཀེབ་བི་ཡ་ནོ།
210498841,2733752,dz,ཨེ་ཀོར་ནེ་རི་སུ་པི་རི་ཡོར།
210498918,2733753,dz,སཱན་ཊ་མ་རི་ཡ།
210498995,2733754,dz,བེར་གུ་རི་ན་༢པ།
210499072,2733755,dz,བུརུ་སི་ཡེཊ།
210499149,2733756,dz,ཀཱསི་ཊེ་ལ་ནོ།
210499226,2733757,dz,སེན་ཊོ་ ༢༠
210499303,2733758,dz,སན་ནི་ཀོ་ལ་གཉིས་པ།
210499380,2733759,dz,སན་ནི་ཀོ་ལ་གཉིས་པ།
210499457,2733760,dz,པཱ་ར་ཅི་ནོ།
210499534,2733761,dz,གྱོད་དོན་གྷི་སི་ཨོ་ལོ།
210499611,2733762,dz,པོསི་ཊུ་མི་ཡ་ཌི་ལེ་ཝན་ཊི་༡
210499688,2733763,dz,ཨར་ས།
210499765,2733764,dz,ཨར་ས།
210499842,2733765,dz,ཆི་ཡའུ་ལིས།
210499919,2733766,dz,ས་ཁོངས་བཟོ་གྲྭའི་དོ་སོ།
210499996,2733767,dz,ཕི་ཡ་ནོ།
210500073,2733768,dz,\N
210500150,2733769,dz,ཆི་ཡའུ་ལིས།
210500227,2733770,dz,གྷོ་ཊ་ཌེལ་ཨོལ་མོ་གསུམ་པ།
210500304,2733771,dz,ཊར་ཛེ་རི་༢ པ།
210500381,2733772,dz,སཱན་ཊ་མ་རི་ཡ་ཨུ་ནོ།
210500458,2733773,dz,ཝི་ལ་ བཱ་སི་ལི།
210500535,2733774,dz,མའི་ཌ་༡
210500612,2733775,dz,ཀོན་ཊ་ར་ཌ་ཀ་སི་ཊེ་ལོ་-ཝི་ཡ་ ལན་སེ་ལོ་ཊ་ ཌི།
210500689,2733776,dz,ཀོ་ལ་ཌི་ནེ་ཊོ།
210500766,2733777,dz,ཊེ་ཊི་བོར་ནོ།
210500843,2733778,dz,ཝི་ལ་ཕོན་ཊ་ན།
210500920,2733779,dz,ཕི་གཱ་རོ་ལི།
210500997,2733780,dz,པྲའ།
210501074,2733781,dz,བོར་གོ་དོའི་མོ།
210501228,2733783,dz,ཝ་ལི་ཀོ་ར་བུ་ཡི་སི།
210501305,2733784,dz,ཀ་སི་ཊེ་ལོ་ སཱན་མི་ཤེལ།
210501382,2733785,dz,གནད་དོན་མ་རི་ནི།
210501459,2733786,dz,པཱ་སོ་སན་ཊི་ཨེན་ཌི་རི་ཡ།
210501536,2733787,dz,སེ་པོ་ནི་ཨོ་ཝེསཊ།
210501613,2733788,dz,ཊ་ཝར་ནོ་ལ།
210501690,2733789,dz,རྒྱང་མཐོང་ཐ་སྙད།
210501767,2733790,dz,གནད་དོན་ཨཱལ་ཕོན་སི།
210501844,2733791,dz,ཌེསི་ཊི་རི་ཌི་གྷི་ཡན་ཌ་རོ།
210501921,2733792,dz,ཀེ་སི་ཨ་ནོར་ཌི་ཨེས་ཊི་ཌི་བཱ་སེ་ཌོ།
210501998,2733793,dz,ཀ་སི་ཊི་ལི་ན་མ་ན་གོ།
210502152,2733795,dz,ཀ་སི་ན་ཀཱར་པ་ན།
210502306,2733797,dz,ཨོང་ག་རོ།
210502383,2733798,dz,ཀེམ་པོ།
210502614,2733801,dz,མུ་ལ་ཟ་ནོ་མོན་ཊི།
210502691,2733802,dz,གཝ་སེ་ཏོ།
210502768,2733803,dz,ལུ་ག་ན་ནོ་-མོན་ཊི་ཌི་ཝི་ལ།
210502845,2733804,dz,མག་ཛི་ནི་ཨཱལ་བེ་རེ་སི།
210502922,2733805,dz,པེརེསི་ཊ།
210502999,2733806,dz,སཱ་ལེ་ཊི་༡
210503076,2733807,dz,ཊུ་རིན།
210503153,2733808,dz,སཱན་ཕྲན་སི་ཀོ།
210503307,2733810,dz,ཟོ་ན་ཨར་ཊི་ཇི་ཡ་ནཱལ་-བཟོ་གྲྭའི་ཝལ་ཌི་ཨ་ས།
210503384,2733811,dz,ཟོ་ན་ཨར་ཊི་ཇི་ཡ་ནཱལ་-བཟོ་གྲྭའི་ཝལ་ཌི་ཨ་ས།
210503461,2733812,dz,ཝི་ལ་ཨོ་ཊ་ཝི་ཡ།
210503538,2733813,dz,ཝི་ལ་ཨོ་ཊ་ཝི་ཡ།
210503615,2733814,dz,པོ་ཇིའོ་ཌི་བོར་གོ་ཀ་པ་ནེ།
210503692,2733815,dz,པོ་ཇིའོ་ཌི་བོར་གོ་ཀ་པ་ནེ།
210503769,2733816,dz,བཱ་ག་ལི་ཡ་ནོ།
210503846,2733817,dz,\N
210503923,2733818,dz,མ་རི་ན་༢ པ།
210504000,2733819,dz,ཨར་ཊི་ཇི་ཡ་ནཱལ་རི་པོ་ལི།
210504077,2733820,dz,ཏ་རི་ཕི་གིའུ་ཌིསི།
210504154,2733821,dz,ཏ་རི་ཕི་གིའུ་ཌིསི།
210504231,2733822,dz,སན་ཊི་སེ་ལི་ བི་
210504308,2733823,dz,ཀོན་ཊ་ར་ཌ་ཀ་སི་ཊ་ནིཡ།
210504385,2733824,dz,སན་ཇིའོ་ཝ་ནི་༡ པ།
210504462,2733825,dz,\N
210504539,2733826,dz,རི་ཝ་སི་ཊ་རོ།
210504616,2733827,dz,ཨའི་ བོསི་ཅི་ ཀ་སི་ཊེལ་མི་ནི་ཡོ།
210504693,2733828,dz,ཅའ་སེ་ར་ཕིན།
210504770,2733829,dz,ཌི་ཨཱལ་སེ་ནོ།
210504847,2733830,dz,ལུང་གོ་མ་རེ་ཌི་སཱ་བའུ་ཌི་ཡ།
210504924,2733831,dz,ཨོ་གྷི་ལི་ཡ་སི་ཊོ།
210505001,2733832,dz,ཀ་པྲ་ར།
210505078,2733833,dz,བོར་གོ་པི་ཅི་ཡ་ནོ་ བི་
210505155,2733834,dz,བོར་གོ་པི་ཅི་ཡ་ནོ་ བི་
210505232,2733835,dz,ཝིསི་ཀི་ལི་ཨོ་སོ།
210505309,2733836,dz,མོ་ལི་ནོ་ཌི་ཀམ་པ་ན་
210505386,2733837,dz,ཨི་སོ་ལ་ལུང་།
210505463,2733838,dz,ཨཱལ་བཱ་རི་ཡ་-ཝི་ལིམ་པེན་ཊ།
210505540,2733839,dz,སི་ཊོ་པ་ཟོ་ལེ་-བོ་ཤི་སན་ཊི་ཨ་ན།
210505617,2733840,dz,བེརེན་ཊེ་ལོ་ན།
210505694,2733841,dz,ཀཱལ་ལཱལ་ཊ།
210505771,2733842,dz,ཀཱལ་ལཱལ་ཊ།
210505848,2733843,dz,ཅའ་སོ་ལ་རོ་སུད།
210505925,2733844,dz,ལོ་ཀ་ལི་ཊ་ཟོ་ན་ཊོམ་བེལ་༢པ།
210506002,2733845,dz,ཨར་ཛ་རེ་ལོ་༡
210506079,2733846,dz,ཨིསི་ཊ་ར་ཌ་ པེར་ བཱ་སི་ཌཱསི་ཀོ།
210506156,2733847,dz,མོ་ལི་ནོ་ཌི་མ་ལན་ཌི་རི་ཡ་ནོ།
210506233,2733848,dz,ཀོར་ཊི་ནར་ཌི།
210506310,2733849,dz,ཀོར་ཊི་ནར་ཌི།
210506387,2733850,dz,པོན་ཊི་གྷ་ནེ་ལོ།
210506464,2733851,dz,ས་ལ་ར།
210506541,2733852,dz,ས་ལ་ར།
210506618,2733853,dz,ཝི་ལི་གིའོ་ཌ་རིའོ།
210506695,2733854,dz,ཝིསི་ཀི་ལི་ཊི་༣ པ།
210506772,2733855,dz,སེར་ར་རི་ཀོ།
210506849,2733856,dz,ཊེ་ར་ནོ་ཝ།
210506926,2733857,dz,པོ་གཱན་ཊི་-གྷྲན་ཇི་ཡ།
210507003,2733858,dz,ཀོ་སི་ཊ།
210507080,2733859,dz,གུར་སིའོ་-ཀཱར་པི་ཡོན།
210507157,2733860,dz,ཀ་སི་ན་ཨིམ་པི་རི་ཡལ།
210507234,2733861,dz,ཅའ་ཌེལ་ཨོ་ར་ བཱ་སཱ།
210507311,2733862,dz,ཏག་ལིའོ་ཨེས་ཨེགསི།
210507388,2733863,dz,ཏག་ལིའོ་ཨེས་ཨེགསི།
210507465,2733864,dz,རི་གཱ་ཏོ།
210507542,2733865,dz,ཀ་སི་ནོ་ཌལ་ལ་རོ་ས་
210507619,2733866,dz,ཝལ་སེ་ནིའོ།
210507696,2733867,dz,སཱན་མ་རི་ནོ་ཌི་ཨུར་བི་ནོ།
210507773,2733868,dz,རུ་བཱ་ཊོར་ནོ།
210507850,2733869,dz,པོ་ཀཱ་ཡ་ཌི་སོ་པྲ།
210508004,2733871,dz,པི་ཌི་མོ་ཇིའོ་
210508081,2733872,dz,\N
210508158,2733873,dz,ཕི་ལེ་ཊི།
210508235,2733874,dz,སི་སི་ན་ཀོ་ལི།
210508312,2733875,dz,ཝི་ལ་མ་སི་ཊི་༡
210508389,2733876,dz,རོ་ཅི་
210508466,2733877,dz,མེན་ན་གཉིས་པ།
210508543,2733878,dz,ཀོ་ཟོ་ཕི་ལོ་ནེ་རོ་༡
210508620,2733879,dz,མར་གྷེ་རི་ཊ་ཝི།
210508697,2733880,dz,ཀན་ཊོན་ བཱ་སེ་ཊོ།
210508774,2733881,dz,ཀན་ཊོན་ བཱ་སེ་ཊོ།
210508851,2733882,dz,\N
210509005,2733884,dz,རོན་ཀ་༡།
210509082,2733885,dz,ཀན་ཊོན་བཱ་སོ།
210509159,2733886,dz,བྱག་ཕུག་ཕོས་དོན་ཌོ།
210509236,2733887,dz,ལ་ཀྲོ་སི་ཌི་སེ་ར་ས་
210509313,2733888,dz,སཱན་ཊ་མ་རི་ཡ།
210509390,2733889,dz,བཱ་སེ་དོ།
210509467,2733890,dz,ཕི་ནོ་ཅི་ཊ་ན།
210509544,2733891,dz,མུ་ཏི།
210509621,2733892,dz,མ་སེ་རི་ཡ་ཕཊ་ཊོ་རི།
210509852,2733895,dz,ཝི་ལོ་ཊ་ཌི་ཝི་སི་ནེལ།
210509929,2733896,dz,བེ་ཝེ་ར་-བེལ་ཌོ་སོ།
210510006,2733897,dz,ཝི་ལཱ།
210510083,2733898,dz,མོན་ཊ་ག་ན་བརྐོས།
210510160,2733899,dz,གནད་དོན་བི་ཡན་ཆི་༢པ།
210510237,2733900,dz,ཀ་ནཱལ་༢ པ།
210510314,2733901,dz,བུ་སོ་བོ་རེ་ལ།
210510391,2733902,dz,པི་ཟོ་ཀཱལ་ཝོ།
210510468,2733903,dz,ཀ་སེ་ལ།
210510545,2733904,dz,ཨར་ཛི་ལ་ཌི་ནོ་ཝི་ལ་ར།
210510622,2733905,dz,སི་ཝི་ཊེ་ལ།
210510699,2733906,dz,ཊོ་རེ་ཊ་ཝེ་ཅི་ཡ།
210510776,2733907,dz,པོ་ཇིའོ་ཨེ་ཨི་སོ་ལ།
210510853,2733908,dz,ཏུར་རི།
210510930,2733909,dz,མོན་ཊེ་ཅིའོ་
210511007,2733910,dz,སོ་ལོ་པ་ཀ་ས་ཚིགས།
210511084,2733911,dz,མོན་ཊི་སི་ལི་ཌི་སོ་པྲ།
210511161,2733912,dz,ཝི་གྷོ་ལི།
210511238,2733913,dz,ཀོན་ཊ་ར་ཌ་ཨིསི་ཀ།
210511315,2733914,dz,ཝི་ག་ནོ།
210511392,2733915,dz,རི་ཅེ་ཊི་གསུམ་པ།
210511469,2733916,dz,རི་ཅེ་ཊི་གསུམ་པ།
210511546,2733917,dz,ཀོན་ཊ་ར་ཌ་རི་ན་ཛ།
210511623,2733918,dz,ཀོན་ཊ་ར་ཌ་ཊེ་རུ་ས།
210511700,2733919,dz,བར་དཱ་སཱ་ནོ།
210511777,2733920,dz,བར་དཱ་སཱ་ནོ།
210511854,2733921,dz,ས་ཁོངས་ཨར་ཊི་ཇི་ཡ་ནཱལ་ཝི་ཡ་སཱན་མའུ་རོ།
210511931,2733922,dz,སཱན་ཊ་མ་རི་ཡ་ཌི་སི་ཊུར་ལ།
210512008,2733923,dz,ཀ་སེཊ།
210512085,2733924,dz,ཟོ་ནཱ་པྲུ་ཌུཊི་ཊི་ཝ་མར་ཀ་ཊ་ལེ།
210512162,2733925,dz,བི་བིའོ་པོ་མོན་ཊི།
210512239,2733926,dz,ཀམ་པོ་རེ་གི་ཡ་ནོ།
210512316,2733927,dz,\N
210512393,2733928,dz,ཌི་ཇོར་ཇིའོ།
210512470,2733929,dz,ཝ་ཌོ་ཨ་མ་སེ་ནོ།
210512547,2733930,dz,ཀམ་པོ་ཌི་ནུསི་ཀོ།
210512624,2733931,dz,ཀམ་པོ་ཌི་ནུསི་ཀོ།
210512701,2733932,dz,ཀ་སེ་ལོ།
210512778,2733933,dz,ཕོན་ཊི་༢ པ།
210512855,2733934,dz,ཀོན་ཊ་ར་ཌ་ཀར་ཌི་ཊོ་སུད་-ཊ་ཝི་ཡ་ནོ།
210512932,2733935,dz,ཀོན་ཊ་ར་ཌ་ལི་སོ།
210513009,2733936,dz,རོ་ཀ་ཟེལ་༢པ།
210513086,2733937,dz,སན་ཇི་ཡ་ཀོ་མོ་མོན་ཊེ་ས་ནོ།
210513163,2733938,dz,ཝི་ལི་གིའོ་ཌེལ་སོ་ལེ།
210513240,2733939,dz,བོར་ག་ཏ་ནུའོ་ཝ།
210513317,2733940,dz,གཱ་ཌེསི་ཀོ།
210513394,2733941,dz,གཱ་ཌེསི་ཀོ།
210513471,2733942,dz,ཝ་ལེ་སི་-ཟོ་ན་བཟོ་གྲྭ།
210513548,2733943,dz,ཌི་མེཛོ།
210513625,2733944,dz,གནད་དོན་ཊོར་རེ་སན།
210513702,2733945,dz,སུ་ཛ་ནོ་མི་ར་བྷེ་ལ།
210513779,2733946,dz,ཝ་ལེ་ཌི་ཀཱསི་ཊི་རི་ག་ནོ།
210513856,2733947,dz,བོར་གོ་པ་སི་ནི།
210513933,2733948,dz,\N
210514010,2733949,dz,\N
210514087,2733950,dz,ཕོན་ཊ་ན་ཀ་ཇི་ཡ་ནོ་༡
210514164,2733951,dz,གནད་དོན་ཅེར་རོ་ནི།
210514241,2733952,dz,པེན་ན།
210514318,2733953,dz,པི་ཡ་ནོ་ཌེལ་སི་ཨེ་རོ།
210514395,2733954,dz,པི་ཡ་ནོ་ཌེལ་སི་ཨེ་རོ།
210514472,2733955,dz,ཊོ་རི་མ་རི་ནོ།
210514549,2733956,dz,ནགས་ཚལ།
210514626,2733957,dz,ནགས་ཚལ།
210514703,2733958,dz,ཀོན་ཊ་ར་ཌ་ཀ་ལ་མི་ཡ།
210514780,2733959,dz,ཝ་ལེ་རི་སི་ཡར་ཌོ་སུ་པི་རི་ཡོར།
210514857,2733960,dz,སི་མོན།
210515088,2733963,dz,པག་ལི་ཡར་ཝེ་ཅི་ཡ།
210515704,2733971,dz,ནེ་མེ་ཇིའོ་ནོར་ཌི།
210515858,2733973,dz,པོན་ཊི་ཀན་ཊ་ར་ན།
210515935,2733974,dz,སན་ཕི་ལི་པོ་ནུའོ་ཝོ།
210516166,2733977,dz,སེནཊ་རོ་ ༤༢
210516243,2733978,dz,སེ་ཊི་མོ་ཨིན་ཕི་རི་ཡོར།
210517013,2733988,dz,ཀན་ཊོན་-ནོ་སི་ཀཱར་ལོན།
210517090,2733989,dz,ཀུའེ་སི་ཡ་ནེ་ར་-སའི་བེ་རི་ཡ།
210517321,2733992,dz,ཀེ་པི་རི་གྷི་ལོ་ལ་-ཨཱལ་བི་ཡ་ནོ།
210517475,2733994,dz,སི་བི་ཊེ་ལ་པ་ག་ནི་ཀོ་གི་ས་ཚིགས།
210518553,2734008,dz,ཀོར་ན་རོ་ཊ་༡
210519246,2734017,dz,བི་བིའོ་ ཀཱར་མིན།
210519400,2734019,dz,ཨིས་ཀུ་ལ་སེ་རའི།
210519708,2734023,dz,པི་ཡ་ནོ་སན་མི་ཤེལ།
210519785,2734024,dz,\N
210519862,2734025,dz,སེནཊ་རོ་ ༤༤
210520170,2734029,dz,ཨར་ཊི་ཇི་ཡ་ན་ལེ་ ཀྭ་ཊོ།
210520401,2734032,dz,མོ་ཊ་ཝ་ལེ།
210520863,2734038,dz,སན་ཊ་ཀོ་ལོམ་བཱ་༡
210521094,2734041,dz,\N
210521248,2734043,dz,བཟོ་གྲྭའི་ས་ཁོངས་ཨར་ཊི་ཇི་ཡ་ནཱ་ལེ་༢པ།
210521325,2734044,dz,སྤི་ཡ་ཟི་བཱ་ཟེ་ག།
210521633,2734048,dz,ཏེར་ཟོ་ཌི་མེ་ཟོ་༢པ།
210521787,2734050,dz,སི་པི་ནོ་ ལུ་སི་ཡ།
210522018,2734053,dz,\N
210522172,2734055,dz,པན་ཊའི་ཌི་ཨཱལ་ཊ།
210523019,2734066,dz,ཀ་པྲ་གྲ་ས་༢ པ།
210523327,2734070,dz,ཊ་ར་ཕི་ནེལ་ལོ།
210523404,2734071,dz,སཱན་སི་ཀ་རིའོ་ཨཱལ་ཊོ།
210523635,2734074,dz,ཝར་ཌི་ཕི་ཡོར་༢ པ།
210523712,2734075,dz,བཱ་ལ་ཊོ་རོ་སོ།
210523866,2734077,dz,སེནཊོ་ཌི་
210523943,2734078,dz,\N
210524174,2734081,dz,གནད་དོན་དཀོན་པོ་ཌི་མོན་ཊི་སི་ལོ།
210524251,2734082,dz,རྡུལ་ཕྲན་བོར་ཊི་གྷོ་ནི།
210524405,2734084,dz,ཀོ་ལ་བྷུ་རུ་གེ་ཊོ།
210524482,2734085,dz,ཀོསི་ཊ་-རུ་སི་ཊི་གཱ་ཟོ།
210524713,2734088,dz,ཊོ་རི་ཅེ་ལི་ཨིན་ཕི་རི་ཡོར།
210525637,2734100,dz,སེནཊོ་ཇི།
210525791,2734102,dz,\N
210526176,2734107,dz,\N
210526253,2734108,dz,\N
210526484,2734111,dz,སཱན་མཱར་ཊི་ནོ་གསུམ་པ།
210526561,2734112,dz,སེནཊ་རོ་ ༦
210526792,2734115,dz,\N
210526946,2734117,dz,པི་ཡ་ནེ་ཕ་ཝ་རོ་གསུམ་པ།
210527177,2734120,dz,བོར་གོ་ཀ་ས་རི་ཡོ།
210527485,2734124,dz,\N
210527639,2734126,dz,མོ་ལི་ནི་མེ་ཛ་ཝི་ཡ།
210528101,2734132,dz,\N
210528486,2734137,dz,\N
210528717,2734140,dz,\N
210529102,2734145,dz,བག་ན་ར་ཝ་ལེ།
210529333,2734148,dz,\N
210529410,2734149,dz,\N
210529564,2734151,dz,གཱ་བེ་ལ་༢པ།
210529641,2734152,dz,མེ་ཛ་ནོ་༢ པ།
210529949,2734156,dz,ཕིང་གོ་ལི་༡
210530180,2734159,dz,མེ་ཟོ་པི་ཡ་ནོ་༢ པ།
210530257,2734160,dz,ཨ་ཁུ་ཡོ་ལ་ - གྷ་ར་ཊི་ཡ་ནོ།
210530411,2734162,dz,\N
210530488,2734163,dz,ཝི་ཡ་ཨི་ཌན་ཛ་༡
210530719,2734166,dz,གནད་དོན་ཨིསི་ཀོ་ལ་སི་ཕེ་རེ་ལ།
210530873,2734168,dz,ཝ་ལོ་ནི།
210531104,2734171,dz,ཅམ་པེན་-ཅམ་པ་ལེན།
210531412,2734175,dz,པི་ཝི་ཌི་ཀེམ་པི།
210531489,2734176,dz,ཀ་པ་ནེ་ཌི་ལི་སི་ཊོ།
210531643,2734178,dz,\N
210531797,2734180,dz,སཱན་ཝི་ཊོ་རེ་༡
210531951,2734182,dz,སཱན་མཱར་ཀོ་གཉིས་པ།
210532259,2734186,dz,ལ་གོ་ཌི་ཨི་སེན་གོ།
210533414,2734201,dz,\N
210533491,2734202,dz,པར་ཆས་༢ པ།
210533568,2734203,dz,པི་ཡ་ནི་སུ་པི་རི་ཡོར།
210534184,2734211,dz,ནུའོ་ཝ་བོ་ནིན།
210534492,2734215,dz,སེནཊོ་༡
210534569,2734216,dz,\N
210534723,2734218,dz,སཱན་སི་ས་རིའོ་༡
210534800,2734219,dz,\N
210535031,2734222,dz,ཀཱར་པེ་རི་-ཊན་ཛ་རེ་ལ།
210535493,2734228,dz,\N
210535647,2734230,dz,གཱ་བེ་ལ་༡
210535724,2734231,dz,\N
210535878,2734233,dz,ཀ་སི་ན་པ་ཌི་རེ་ག་ནོ།
210535955,2734234,dz,ཀོ་ལོམ་བ་ར་ཨོལ་ཕི་ནོ།
210536032,2734235,dz,ཀོལ་ཌི་ཨོ་སི་གོ།
210536109,2734236,dz,\N
210536494,2734241,dz,\N
210536571,2734242,dz,པོན་ཊི་ཊེ་གྷི་ཡ།
210536879,2734246,dz,ཨོ་ཝི་ལི་མུ་ར་ཊེ་ལ།
210536956,2734247,dz,རི་པ་ཌི་ཀཱསི་ཀ་ནོ།
210537187,2734250,dz,\N
210537649,2734256,dz,\N
210537726,2734257,dz,\N
210537880,2734259,dz,\N
210538111,2734262,dz,ཝ་ལེ་ར་ ཀེ་སི་ནེ་གྷོ།
210538265,2734264,dz,མསི་ཀིའོ་སི་ཊེ་ཟིའོ་ནི།
210538496,2734267,dz,སཱན་སེ་བཱསི་ཊི་ཡ་ནོ་༢པ།
210538573,2734268,dz,སཱན་སེ་བཱསི་ཊི་ཡ་ནོ་༢པ།
210538881,2734272,dz,མོན་ཊི་གྷྲན་ཌི་༡
210539805,2734284,dz,སེ་ཊི་མོ་སུ་པི་རི་ཡོར།
210539882,2734285,dz,པི་ཡ་ནོ་གྷྲན་ཌི་༢པ།
210540113,2734288,dz,བཱ་རཱ་སི་པི་ཀོ་ལོ།
210540575,2734294,dz,པོན་ཊི་ཌི་ཀ་མུ་ར་ནོ།
210541037,2734300,dz,པོན་ཊི་ལ་པི་ཡ་ན།
210541114,2734301,dz,ཀྭ་ར་ལོ།
210541345,2734304,dz,\N
210541961,2734312,dz,བོར་གོ་ཌལ་ཨར་མེ་ལི་ན་གཉིས་པ།
210542577,2734320,dz,པོན་ཊི་ཨ་ཀ་ཝ་ལོ་༢པ།
210542808,2734323,dz,ཀོ་ལི་མམ་པིའོ་པོ།
210544579,2734346,dz,\N
210544810,2734349,dz,ཝ་ལེ་ལིའོ་ཊ་ཨིན་ཕི་རི་ཡོར།
210544887,2734350,dz,མོར་ཊི་ལ་-ཀྭ་གྷི་ལིའོ།
210544964,2734351,dz,\N
210545118,2734353,dz,བཱ་ཛ་ན་ཝེ་ཅི་ཡ།
210545272,2734355,dz,མོན་ཊི་ས་ལི་ཡོན་ཛེ།
210545349,2734356,dz,\N
210545580,2734359,dz,སན་ཊོ་ཨིསི་ཊེ་ཕ་ནོ་༢པ།
210545657,2734360,dz,ཝི་ལ་ཝ་སི་༡།
210545888,2734363,dz,ཀོ་ལེ་ཌི་ཀ་ཊོ་བཱ་གྷི་ལི།
210547120,2734379,dz,\N
210547351,2734382,dz,གམ་བཱ་རེ་ཊི་ཌི་སོ་ཊོ།
210547428,2734383,dz,\N
210547736,2734387,dz,ཀ་ས་ལོ་ར་ཌི་ར་ཝ་ཌེ་སི།
210548121,2734392,dz,ཏུའོ་རོ་ཌི་ཏ་ཝོ་ལ།
210548583,2734398,dz,ཀེན་ནེ་ལ་༡
210549276,2734407,dz,ཏར་གྷ་ནི་༢ པ།
210549353,2734408,dz,ཨེལ་བྷེ་རེ་ཊི་ཨིན་ཕི་རི་ཡར།
210549430,2734409,dz,མཛ་རེ་ལི་ཌི་ལ།
210549661,2734412,dz,རོ་སེ་ཊི་ཨཱལ་མོ་ཊོ།
210549815,2734414,dz,སན་སུ་ག་རོ།
210549892,2734415,dz,\N
210550046,2734417,dz,\N
210550123,2734418,dz,ཊོ་ས་ཊོ།
210551355,2734434,dz,ཀོ་ལེ་སེ་ཀོ་༡
210554127,2734470,dz,ཝ་ལོ་ནེ་ཝི་ན་ཨིན་ཕི་རི་ཡོར།
210554281,2734472,dz,ཟོ་ན་བཟོ་གྲྭའི་པར་ཆས་
210554358,2734473,dz,\N
210554435,2734474,dz,ཨའི་རཱ་ལི་སོ་ཏ་ནི།
210554512,2734475,dz,སན་བྷར་ནར་ཌོ་ - ཝི་ཛིའོ།
210554666,2734477,dz,རོ་མ་-བཱ་སེ་ལ་བརྒྱུད་དེ།
210554820,2734479,dz,པ་རེན་ཛ་ཨཱལ་ཊ།
210555128,2734483,dz,\N
210555205,2734484,dz,ཨར་ཊི་ཇི་ཡ་ན་ལེ་ ཀོར་ནེ་ལི་ཡ་ན།
210555436,2734487,dz,ཅའ་པེ་རེ་ཊོ་སུཌ།
210555898,2734493,dz,ལུའོ་གོ་པཱ་སོ་ཌེལ་གཱ་ལོ།
210555975,2734494,dz,ཝི་སི་ན་ཊོ་ཌུ་ཅི།
210556360,2734499,dz,ཀམ་པོ་སི་ཊི་ཕ་ནོ་༢ པ།
210556822,2734505,dz,སཱན་ཊ་མ་རི་ཡ་ཌེ་ལ་ཕོ་སི་གསུམ་པ།
210557592,2734515,dz,ཀ་སི་ན་ཏང་གིཊ་༢པ།
210557900,2734519,dz,པོན་ཊེ་རོ་སོ་༢པ།
210557977,2734520,dz,ཨོར་ཛ་ལེ་ལ་ཆི་ཡ་སི་ཊར།
210558054,2734521,dz,མལ་མི་སོ་ལེ་ཆི་ས་
210558208,2734523,dz,པོན་ཊི་མ་རེ་སི།
210559132,2734535,dz,\N
210559517,2734540,dz,ཝི་གྷོན་༢ པ།
210559594,2734541,dz,ཀོ་པ་ཌི་ཨར་ཇིན་ཨེགསི་ཊ་ཀོ་ནི།
210559748,2734543,dz,བིརི།
210560133,2734548,dz,གྷི་ཡས་བཱ་ན་༢ པ།
210560749,2734556,dz,སེར་ར་ཌི་མོན་ཊི་༡
210561442,2734565,dz,ཀེ་སེ་ཊི་ཌེལ་ཆིའོ་ཌོ།
210561596,2734567,dz,ཝི་ལ་ཨ་གཱསི་ཊ།
210561673,2734568,dz,བག་ནིནསི་ཝེ་ཅིའོ་
210561827,2734570,dz,ལ་གྷྲན་ཌི་ཌེལ་བོསི་ཀོ།
210562058,2734573,dz,གཱར་ཌ་ཝ་ལེ་༡
210562674,2734581,dz,ཀེམ་པི་ཡོན་༡
210562751,2734582,dz,\N
210565061,2734612,dz,\N
210565754,2734621,dz,\N
210565985,2734624,dz,སོ་ཨེ་ལ་-ཨིསི་ཀཱལ་ཌ་ཕེ་རོ་བརྒྱུད་དེ།
210566678,2734633,dz,ཟོ་ན་ ཀམ་མར་སི་ཡལ་ ཝལ་ཊི་རི་ཡ་ནོ།
210567371,2734642,dz,ཕོན་ཊི་སཱན་རོ་ཀོ།
210567602,2734645,dz,ཀོ་ལ་དི་གམ་བཱ་རོ།
210567756,2734647,dz,ཕོ་ཆི་ཡ་ཌི་སོ་ཊོ།
210568064,2734651,dz,སན་ནི་ཀོ་ལ་གཉིས་པ།
210568372,2734655,dz,ཕེ་ར་རི་-པཱལ་མི་རི།
210568449,2734656,dz,མོ་མེ་ན་༡།
210568603,2734658,dz,བཟོ་གྲྭའི་ས་ཁོངས་ཆི་ཏར་ར་ར།
210569142,2734665,dz,ཊ་ཝོ་ལི་ཅི་-པ་སི་ཊོ་རེལ།
210569219,2734666,dz,ཕོསི་ཨཱལ་ཊ།
210569296,2734667,dz,པིན་སི་ཡ་ནེ་སི་གཉིས་པ།
210569989,2734676,dz,ཀ་ཝོ་བེ་ནེ་ཌེ་ཊི་ནོ་༡ པ།
210570220,2734679,dz,ཀ་སིན་ཌི་ཨོ་པག་ན་
210570836,2734687,dz,ཀ་སེ་རེ་ཌི་ བཱ་ལི་སིའོ་
210570913,2734688,dz,བོ་ནི་ནི།
210571529,2734696,dz,\N
210571606,2734697,dz,ཕིའུ་ཌོ་ཊི།
210571683,2734698,dz,ཕེ་ཌིའོ་མ་ས་སོལ།
210572453,2734708,dz,ཅའ་མ་རོན།
210573377,2734720,dz,སན་ལི་ཀན་ཌོ་༡
210573762,2734725,dz,\N
210574070,2734729,dz,དབུས་ཕྱོགས་ཕོན་ཊེ་ནོསི།
210574224,2734731,dz,ས་ཁོངས་ཐོན་སྐྱེད་ཨི་སོ་ལ་ཌི་ཨར་བྷི་ཡ།
210574609,2734736,dz,པྲ་ཏ་དཱི་ལཱ་ཀུ་ལུ།
210574917,2734740,dz,པོན་ཊི་སི་ཝི་ཊེ་ལ།
210575302,2734745,dz,\N
210575456,2734747,dz,\N
210575764,2734751,dz,བཟོ་གྲྭའི་ས་ཁོངས་༢པ།
210576842,2734765,dz,ས་ཁོངས་ཐོན་སྐྱེད་ཨ་སི་ཡ་ཨོ་ལོ།
210576996,2734767,dz,ལོ་ཀ་ལི་ཊ་ པྲུ་ཌུ་ཊི་ཝ་ ནོ་སེ་ར་ སི་ཀ་ལོ།
210577073,2734768,dz,བག་ན་ར་-ཟོ་ན་བཟོ་གྲྭ།
210577150,2734769,dz,བཟོ་གྲྭའི་ས་ཁོངས་སཱན་ལི་བེ་ར་ཊོ།
210577458,2734773,dz,\N
210577535,2734774,dz,\N
210577766,2734777,dz,ཨེ་རོ་པོར་ཊོ་ པྲེ་ཊུ་རོ།
210578151,2734782,dz,བཟོ་གྲྭའི་ས་ཁོངས་ ཨིསི་ཊམ་པ་ལོན།
210578459,2734786,dz,བི་བིའོ་ ཀ་སོན་ ཨོ་ཝེསཊ།
210578536,2734787,dz,མདོ་ན་ཌི་རོ་ཀ་ཝེ་ཅི་ཡ།
210578613,2734788,dz,བཟོ་གྲྭའི་ས་ཁོངས་ ༡
210578690,2734789,dz,ཟོ་ན་ཨིསི་ཀ།
210578767,2734790,dz,\N
210578844,2734791,dz,\N
210578921,2734792,dz,ཨི་ཡ་ནེ་ལོ།
210578998,2734793,dz,དབུས་ཨེ་ནེལ་ཨཱར་ཅི་མར་རི་ན།
210579306,2734797,dz,པི་རི་ལོ་སོ་ཊ་ནོ།
210579383,2734798,dz,པི་རི་ལོ་སོ་ཊ་ནོ།
210579460,2734799,dz,ཀོ་ནིའོ་ལོ་ བཱ་སོ།
210579537,2734800,dz,ཀོ་ནིའོ་ལོ་ བཱ་སོ།
210579614,2734801,dz,ཟོ་ན་ཨར་ཊི་ཇི་ཡ་ན་ལེ་རའུཊ།
210579691,2734802,dz,ཨའོ་ནེ་ཌིས་དི་ཀྭ།
210579768,2734803,dz,པཱལ་མི་ཡ།
210579845,2734804,dz,སི་ཀུའོ་ལི་རོ་ཨ་རོ།
210579922,2734805,dz,སི་ཊི་ཟོན་པྲོ་སེ་ཀོ།
210579999,2734806,dz,གྷ་ར་ཝ་ག་ན་སཱན་རོ་ཀོ།
210580076,2734807,dz,ལི་ཤི་ཡ་ནོ་ཌི་ཀོ་ལོ་ཊོ།
210580153,2734808,dz,བཱ་སེ་དོ།
210580230,2734809,dz,རེ་ཌ་གྷོ་ཌི་སོ་ཊོ།
210580307,2734810,dz,རོ་བཱ་སེ།
210580384,2734811,dz,ཀན་ཊོན།
210580461,2734812,dz,ཀན་ཊོན།
210580538,2734813,dz,ཝ་ལེ་ལ་ཕོན་ཊ་ན།
210580769,2734816,dz,ཝུལ་ཀ་ནེ་ལོ།
210580923,2734818,dz,པྲེ་སེ་ནི་ཀོ་སུ་པི་རི་ཡོར།
210581154,2734821,dz,ཝོལ་ཊི་ཨཱལ་ཊི།
210581693,2734828,dz,ལི་ཊོ་ལི་མི་ལ་ནི།
210581770,2734829,dz,སཱན་ཌོ་ན་ཊོ་སེནཊོ།
210581847,2734830,dz,མོར་རཱ་ནོ་ཝེ་ཅིའོ་
210581924,2734831,dz,བི་བིའོ་ཀོ་རེ་ཇི།
210582155,2734834,dz,ཨི་སི་ཛ།
210582309,2734836,dz,ཕར་ནེ་ཊ་༢ པ།
210582386,2734837,dz,པི་ཡ་ཊ་ཨཱལ་ཊ།
210582463,2734838,dz,ཕོ་ས་ལོན་-ཝི་ཡ་ཝ་ལེ་ ༩-༡༦
210582617,2734840,dz,མེ་ཛ་ན་སི་ཡཱན་སི།
210582694,2734841,dz,ཀ་མི་ཡ་ནོ་པི་ཀོ་ལོ།
210582925,2734844,dz,སན་མ་ཛེའོ་-ཝ་ལོན་ཀུ་པོ།
210583002,2734845,dz,སཱན་ལིའོ་ནཱར་ཌོ།
210583156,2734847,dz,སྤེར་ཝ་ར་ཌི་སོ་ཊོ།
210583233,2734848,dz,\N
210583541,2734852,dz,གནད་དོན་མ་ཟན་ཊི་ནོ།
210583772,2734855,dz,ཝ་ཅེ་རེ་ཅི་ཡ་ཕ་ཊོ་རི་ཡ།
210583926,2734857,dz,ཀ་ས་ལི་ཌི་ཝེན་ཌོ་གྷི་ལིའོ།
210585389,2734876,dz,མོན་ཆི་ཡ་རོ་ཨཱལ་ཊོ།
210586313,2734888,dz,པོབ་བིའོ་སུ་པི་རི་ཡོར།
210586467,2734890,dz,རེ་ཊོ་རེ་ (མེ་ཛ་ཝི་ཡ་)
210586775,2734894,dz,ཀམ་པོ་ལོང་གོ་ མག་གྷོ་རེ་ ཀ་ལེ་གཱ་རོ།
210586852,2734895,dz,བག་ནོ་ལི།
210586929,2734896,dz,ཀམ་པོ་ལོང་གོ་ མག་གྷོ་རེ་ ཕོར་མེན་ཊོན།
210587160,2734899,dz,བཱ་ཌིའོ་ལ་༢ པ།
210587314,2734901,dz,ཝ་ལེ་༡
210587391,2734902,dz,ཨ་ཝེ་ལེན་གོ་ཌི་སོ་པྲ།
210587468,2734903,dz,པི་ཡན།
210587545,2734904,dz,རི་ཝ་ཕ་རལ་ཌི།
210587622,2734905,dz,རི་ཝ་ཕ་རལ་ཌི།
210587699,2734906,dz,གྷོ་ཊི་ལུ་ཡོད་པའི་ སཱན་ཊི་ཨེན་ཇེ་ལོ།
210587776,2734907,dz,སན་ཊི་ཨེ་ལི་ཡ།
210587853,2734908,dz,\N
210587930,2734909,dz,པ་གཱན་ནོ་ནི་-པི་ཡ་ནེ་ཨ་ཀེན་ཕོ་ར།
210588007,2734910,dz,སི་ཝི་ཊ་ཌི་ཨེན་ཊི་ནོ་སི་ཀ་ལོ།
210588084,2734911,dz,མཱལ་བོར་གྷེ་ཊོ་ཌི་ཀོ་རི་ཇི་ཡོ།
210588161,2734912,dz,མཱལ་བོར་གྷེ་ཊོ་ཌི་ཀོ་རེ་ཇི་ཡོ།
210588238,2734913,dz,ལེ་ཝི།
210588315,2734914,dz,ཝ་ལེ་ཌི་སུའིའོ།
210588392,2734915,dz,པོན་ཊི་ཝེ་རུ་ཅིའོ་
210588469,2734916,dz,བཱ་ལུའེ་ལོ།
210588546,2734917,dz,མོ་སེ་ཟོ།
210588623,2734918,dz,ལཱ་སེན།
210588700,2734919,dz,རོ་ཇིའོ་
210588777,2734920,dz,ཨིས་ཀ་ལོ་ཏར་སི་ཡ།
210588854,2734921,dz,ཝ་ལོ་ནི་-རོ་སི།
210588931,2734922,dz,ཨིས་ཊར་ཛ།
210589008,2734923,dz,པི་ཡ་ནེ་ཛ།
210589085,2734924,dz,སཱན་མ་ཛེའོ་-ཀོསི་ཀ་རོ།
210589162,2734925,dz,གྷོ་ཊི་ཌི་ཀ་སི་ཊེ་ལ་ན།
210589239,2734926,dz,ཇི་ཡ་ཅི་ཡ་ནོ།
210589316,2734927,dz,ཇི་ཡ་ཅི་ཡ་ནོ།
210589393,2734928,dz,སབ་བི་ཡོན་སེ་ལོ་སན་པི་ཊོ།
210589470,2734929,dz,པཱ་སོ་ཌེ་ལ་ཕོ་གོ་ལ་ན།
210589547,2734930,dz,ཊུ་རི་ཊོ་ཌི་སོ་ཊོ།
210589624,2734931,dz,ཕོན་ཊི་༢ པ།
210589701,2734932,dz,ཕོན་ཊི་༢ པ།
210589778,2734933,dz,སར་ཌོན།
210589855,2734934,dz,ཝིན་ཀོ་ལིསི།
210589932,2734935,dz,བེ་ལི་སི་ཡོ་སོལ་ཕེར།
210590009,2734936,dz,སོ་པྲ་ཀྲོ་ཌ།
210590086,2734937,dz,ཀོ་རོ་ནེ་ལ་བརྒྱུད་དེ།
210590163,2734938,dz,ཆོ་རིའོ།
210590240,2734939,dz,ཝི་ག་ནོ།
210590317,2734940,dz,ཀ་ས་ལི་ཌི་ཕྲ་སོ།
210590394,2734941,dz,ཀ་སོ་ནི།
210590471,2734942,dz,སན་ཊོ་སི་ཊེ་ཕ་ནོ།
210590548,2734943,dz,ཀོསི་ཊི་ཌི་ཨོ་ར་ཊི་ནོ།
210590625,2734944,dz,ཀ་ས་བཱ་སི་ཡ་ན།
210590702,2734945,dz,པྲོ་ཌི་སོ་ཊོ།
210590779,2734946,dz,ས་ཁོངས་ཨར་ཊི་ཇི་ཡ་ནཱལ་ཝེ་ཌེ་ལ་གོ།
210590856,2734947,dz,བི་བིའོ་ ལུ་ག་ནོ།
210590933,2734948,dz,པི་ནོ་ལ་གོ་མ་ཇི་ཨོ་རེ།
210591010,2734949,dz,ཨོར་ཊི་གྷ་ནོ།
210591087,2734950,dz,སཱན་མཱར་ཊི་ནོ།
210591164,2734951,dz,ཕིའུ་མི་སེ་ལོ།
210591241,2734952,dz,ཝ་ལོན་
210591318,2734953,dz,ཨོར་ན་རོ་བཱ་སོ།
210591395,2734954,dz,གེང་གཱ་ས་ཚིགས།
210591472,2734955,dz,ཝི་ཇི་ཡོ་ན།
210591549,2734956,dz,ཝི་ཇི་ཡོ་ན།
210591626,2734957,dz,སན་ཊི་ཨེ་ལི་ནའི་ས་ཚིགས།
210591703,2734958,dz,མོ་ལི་ན།
210591780,2734959,dz,སན་མ་ཟེའོ་སི་ཨོ་སི།
210591857,2734960,dz,པོན་ཊེ་ན་སོ།
210591934,2734961,dz,ཀོ་ལེ་ཌེལ་ཝེས་ཀོ་ཝོ།
210592011,2734962,dz,ཀ་སི་ཊེ་ལོ།
210592088,2734963,dz,པཱསི་ཅེ་ར་སཱན་ཌི་ཕེནཌེན་ཊི་ (སོ་ཊ་ན་)
210592165,2734964,dz,མོ་ལི་ནོ་ཀམ་པོ་ཀྲོ་སི།
210592242,2734965,dz,མར་ཀོན་ཟོ་ན་བཟོ་གྲྭ།
210592319,2734966,dz,རེ་ནོ་ཕི་ན་ལེ་སི།
210592396,2734967,dz,བཱ་གིའོ་
210592473,2734968,dz,མ་སེ་རི་ཡ་ཝེ་ཆི་ཡ་ཨེས་ཊི།
210592550,2734969,dz,ཀོ་རུ་བིའོ་
210592627,2734970,dz,ཀོ་རུ་བིའོ་
210592704,2734971,dz,ཨེ་པི་རི་ལི་ཡ་ན་སུཌ།
210592781,2734972,dz,\N
210592858,2734973,dz,ཀར་ཊ་ཊོན།
210592935,2734974,dz,མོན་ཊོར་སི།
210593012,2734975,dz,ཕོན་ཊ་ན་ལི་རི་སུ་པི་རི་ཡོར།
210593089,2734976,dz,ཀཱལ་ཀ་ཊ་ཝེ་ཅི་ཡ།
210593166,2734977,dz,པི་ཡ་ནོ་སོ་ཊ་ནོ།
210593243,2734978,dz,ཝི་ལཱལ་ཊ།
210593320,2734979,dz,ཝ་ལེ་ལ་ཊ་སེན་ཊར་ལ།
210593397,2734980,dz,ཝ་ལེ་ལ་ཊ་སེན་ཊར་ལ།
210593474,2734981,dz,ཀོན་ཊ་ར་ཌ་པོ་རི་ཡ།
210593551,2734982,dz,ཀ་སི་ཊི་ལི་ཡོན།
210593628,2734983,dz,མེ་ཛ་ན་ཊོ་རི།
210593705,2734984,dz,ཕིའོ་རན་ཛ་ཊོ།
210593782,2734985,dz,ཀོན་ཊ་ར་ཌ་ ཀར་ཌི་ཊོ་ ནོརཌ།
210593859,2734986,dz,ཀོན་ཊ་ར་ཌ་ ཀར་ཌི་ཊོ་ ནོརཌ།
210593936,2734987,dz,ཀོན་ཊ་ར་ཌ་ ཀཱལ་ཀ་ས་ཀོ།
210594013,2734988,dz,ཀཱར་པེ་ལོ།
210594090,2734989,dz,ཌོ་མོ་ཌོ་སོ་ལ་-ཨོལ་ཊི་རེ་བོ་ག་ན།
210594167,2734990,dz,རིན་ནོ་ཝ་ཏ།
210594244,2734991,dz,པོ་ཇིའོ་པི་ཀོ་ལོ།
210594321,2734992,dz,པོ་ཇིའོ་པི་ཀོ་ལོ།
210594398,2734993,dz,བི་བིའོ་ཌི་ཌོ་གཱ་ནེ་ལ།
210594475,2734994,dz,སི་ཊི་ཟོན་པྲ་ཊོ་ཕོན་ཊ་ན།
210594552,2734995,dz,བེཌེསི་ཀོ།
210594629,2734996,dz,རོན་ཆི།
210594706,2734997,dz,རོན་ཆི།
210594783,2734998,dz,པྲ་ཏོ་ཌི་སི་ཊ་ར་ཌ།
210594860,2734999,dz,\N
210594937,2735000,dz,སཱན་ཊ་ལུ་ཤི་ཡ།
210595014,2735001,dz,ར་ཇིའོ་ལོ།
210595091,2735002,dz,ཀ་སི་ནོ་ བོསི་ཀོ།
210595168,2735003,dz,ཀ་སི་ཊེ་ལོ།
210595245,2735004,dz,བུ་སི་ཡ་གོ།
210595322,2735005,dz,ཀ་སི་ཊེ་ལུ་སི་ཡོ།
210595399,2735006,dz,ཀ་སི་ཊེ་ལུ་སི་ཡོ།
210595476,2735007,dz,མོན་ཊེ་རོ་སོ།
210595553,2735008,dz,ཀོ་ལོམ་བཱ་ནོ།
210595630,2735009,dz,སན་ཇིའོ་ཝ་ནི་ཝ་ལེ་རོ་ཝེ་ཊོ་ཨིན་ཕི་རི་ཡོར།
210595707,2735010,dz,པི་གཱའོ་བཱ་སོ།
210595784,2735011,dz,རོསི་ཊ་གྷོ་-ཀོསི་ཊ་གྷ་རན་ཌི།
210595861,2735012,dz,མཛོར་ནོ་སི་ནི་སི་ཊོ།
210595938,2735013,dz,ཚོང་ལས་བཟོ་གྲྭའི་ས་ཁོངས།
210596015,2735014,dz,སཱན་ཊ་ཀྲོ་སི་༡
210596092,2735015,dz,སན་ར་ཕེ་ཨེལ།
210596169,2735016,dz,སེར་རེ་ཊོ་ལ་གྷི།
210596246,2735017,dz,སི་ཀ་ལེ་ཊ་ཨུ་ཟོན་
210596323,2735018,dz,མོམ་བཱ་རུ་ཟོ་ས་ཚིགས།
210596400,2735019,dz,པ་ག་ནི་ཡ་ཝ་ལོ་ནེ་ཀུ་པོ།
210596477,2735020,dz,པ་ག་ནི་ཡ་ཝ་ལོ་ནེ་ཀུ་པོ།
210596554,2735021,dz,\N
210596631,2735022,dz,སྤི་ཡ་ཟོ།
210596708,2735023,dz,ཀོལ་མ་རི་ཤི་ཡོ།
210596785,2735024,dz,ཀ་སོན།
210596862,2735025,dz,ཀ་སོན།
210596939,2735026,dz,ཨག་ལི་ཡ་ནོ།
210597016,2735027,dz,ཝི་ག་ནོ།
210597093,2735028,dz,བོསི་ཀོན།
210597170,2735029,dz,རོ་སན་ཌ།
210597247,2735030,dz,སན་ཊོ་སི་ཊེ་ཕ་ནོ།
210597324,2735031,dz,པཱ་ལོམ་བཱ་ཡ།
210597401,2735032,dz,སེར་རི་ཡ།
210597478,2735033,dz,བི་བིའོ་ཌི་ཨིསི་ཀོཔ་པི་ཊོ།
210597555,2735034,dz,ཀ་ས་ཌེལ་བོསི་ཀོ།
210597632,2735035,dz,པི་ར་ཛིཛ།
210597709,2735036,dz,མར་ཀོ་ནི་ཡ་-སན་ བཱ་སི་ལིའོ་
210597786,2735037,dz,སི་མེ་ན་སི་ཀོ།
210597863,2735038,dz,རི་ཝི་ཡ་ར།
210597940,2735039,dz,སེན་ཛ་ནོ།
210598017,2735040,dz,སཱན་ཊ་ཀྲོ་སི་ཅི་ས་
210598094,2735041,dz,ཝི་ལཱ།
210598171,2735042,dz,བཟོ་གྲྭའི་ས་ཁོངས་བོར་གོ་སན་ཌོ་ནཱ་ཊོ།
210598248,2735043,dz,ག་ལི་ཡར་ཌ།
210598325,2735044,dz,ཀམ་པོ་ལི་རུ་པེ་ཊི།
210598402,2735045,dz,ཨན་ཛི་ནོ།
210598479,2735046,dz,ཀ་སི་ཊེ་ལེ་ཊོ།
210598556,2735047,dz,ཀ་སི་ཊེ་ལེ་ཊོ།
210598633,2735048,dz,ཀེམ་པི་རེ་མོལ་ཌོ་སོ་ཊོ།
210598710,2735049,dz,སི་མ་མུ་ལེ་ར།
210598787,2735050,dz,ཀ་སི་ཊེ་ལེ་ཊོ་ བུསི་ཀ།
210598864,2735051,dz,པི་ཝེ་ཌི་ལི་མ་ན།
210598941,2735052,dz,ཊེ་ལེ་སི་ཝེ་ཊེ་རེ།
210599018,2735053,dz,སེར་ར་ལོང་ག།
210599095,2735054,dz,ཕ་རི་ན་༡
210599172,2735055,dz,གི་ཡ་ཛ།
210599249,2735056,dz,གི་ཡ་ཛ།
210599326,2735057,dz,ལཱ་པྲོ་ཝིན་ཤི་ཡ།
210599403,2735058,dz,\N
210599480,2735059,dz,ཝ་གྷི་ལི་ར་ནོ།
210599557,2735060,dz,ཝ་གྷི་ལི་ར་ནོ།
210599634,2735061,dz,པོན་ཊེ་ཀུ་ཊི།
210599711,2735062,dz,ཟོ་ན་ཨར་ཊི་ཇི་ཡ་ན་ལེ་ཀོ་ལཱལ་བོ།
210599788,2735063,dz,ཟོ་ན་ཨར་ཊི་ཇི་ཡ་ན་ལེ་ཀོ་ལཱལ་བོ།
210599865,2735064,dz,གྷོ་རོ་མིང་ན་ན།
210599942,2735065,dz,གྷོ་རོ་མིང་ན་ན།
210600019,2735066,dz,སཱན་མཱར་ཊི་ནོ།
210600096,2735067,dz,\N
210600173,2735068,dz,པཱ་ལ་ཛི་ན།
210600250,2735069,dz,པཱ་ལ་ཛི་ན།
210600327,2735070,dz,ཀ་སི་ན་ཀ་ནེ་པ།
210600404,2735071,dz,རི་ཝ་ལི་གུ་རེ་ (གྷྲེནཇ)
210600481,2735072,dz,ཀེམ་པོ།
210600558,2735073,dz,ཀེམ་པོ།
210600635,2735074,dz,གཱར་ཌ།
210600712,2735075,dz,གཱར་ཌ།
210600789,2735076,dz,\N
210600866,2735077,dz,ཀ་སི་ཡ་ན་ཨཱལ་ཊ།
210600943,2735078,dz,ཊེབ་བིའོ་ཌི་ མོན་ཊི་གྷི་རི་ཌོལ་ཕོ།
210601020,2735079,dz,པོན་ཊི་ཌི་མོ་སཱ་ནོ།
210601097,2735080,dz,མོ་ཀ་སི་ན།
210601174,2735081,dz,གུ་ར་ནོ་ལུ་ཡོད་པའི་ སཱན་བེ་ནེ་ཌེ་ཊོ།
210601251,2735082,dz,སི་ཊི་མི་ལི་ཡ་ནོ་ སི་ཀ་ལོ།
210601328,2735083,dz,ཝོལ་ཊ་གོ་
210601405,2735084,dz,ཀོ་ཀོ་མ་རོ་ཌི་ཕོ་ཀོ་མོར་ཊོ།
210601482,2735085,dz,ཀོ་ཀོ་མ་རོ་ཌི་ཕོ་ཀོ་མོར་ཊོ།
210601559,2735086,dz,སེལ་ཝ་པི་ཡ་ན།
210601713,2735088,dz,གཱ་ཝེ་ལོ།
210601790,2735089,dz,བག་ན་ཏུ་རོ།
210601867,2735090,dz,ནེ་ཝ་སཱན་ཕེ་ལིསི།
210601944,2735091,dz,བོསི་ཅི་སཱན་མར་ཀོ།
210602021,2735092,dz,བི་བིའོ་མོན་ཊི་གེ་ལི།
210602098,2735093,dz,ཀོ་ཀོ་མ་རོ་ཌི་ཨའི་ཀོ་ན།
210602175,2735094,dz,སཱན་ཏ་ནིན་ཕ།
210602252,2735095,dz,བོསི་ཀོ་ཌི་ནན་ཊོ།
210602329,2735096,dz,ཝ་སི་ཀོ།
210602406,2735097,dz,སི་ཊི་ཟོན་མོ་ལ་རེ།
210602483,2735098,dz,པོན་ཊི་ཌི་སེ་ཝི་ནི་ནོན།
210602560,2735099,dz,གནད་དོན་སར་ཌི་ན།
210602637,2735100,dz,བཱར་ནེཊ།
210602714,2735101,dz,མོན་ཊི་ཊར་ལ་གོ།
210602791,2735102,dz,ཝ་ལེ་ཀྲོ་སི་ཡ་ཨཱལ་ཊ།
210602868,2735103,dz,ཝུལ་ཀ་ནོ་པི་ཡ་ནོ།
210602945,2735104,dz,པི་ཝ་ཌེལ་མོ་ནཱ།
210603022,2735105,dz,ཝར་སཱ་ནོ།
210603099,2735106,dz,ཝི་ལི་གིའོ་ཨེ་ཌི་རི་ཡ་ནོ།
210603176,2735107,dz,ཝི་ལི་གིའོ་ཨེ་ཌི་རི་ཡ་ནོ།
210603330,2735109,dz,སཱན་ཇིའོ་ཝ་ནི།
210603407,2735110,dz,གྷི་ཡར་ཌེ་ལོ།
210603484,2735111,dz,གྷི་ཡར་ཌེ་ལོ།
210603561,2735112,dz,ཝེ་ར་ནོ།
210603638,2735113,dz,མར་རི་ན།
210603715,2735114,dz,མོན་ཊོར་སོ་ལི་སི་ཊི་ཟོན་
210603792,2735115,dz,ཨ་ལན་ནོ་སི་ཀ་ལོ།
210603869,2735116,dz,མ་ས་སཱན་ཇོར་ཇིའོ།
210603946,2735117,dz,མ་ས་སཱན་ཇོར་ཇིའོ།
210604023,2735118,dz,རན་ཛ་ནི་ཀོ་ལ་གོ།
210604100,2735119,dz,ནི་ཀོ་ལོ་སི-པེ་དཱ་ར།
210604177,2735120,dz,ཝི་ག་ནོ།
210604254,2735121,dz,ཀོ་ལི་ཌེལ་ལི་པི་ཊར།
210604331,2735122,dz,སཱན་ཊ་ལུ་ཤི་ཡ།
210604408,2735123,dz,ཀ་མི་ན་ཊ་ཌི་ཊུ་རེས།
210604485,2735124,dz,ཀྲོ་སི་ཌི་ཀ་ས་ལེ།
210604562,2735125,dz,ཝི་ལ་སི་ཀོན་ཊོ་རོན།
210604639,2735126,dz,ལོང་གོ་བཱར་ཌི་མ་རི་ན།
210604716,2735127,dz,ལོང་གོ་བཱར་ཌི་མ་རི་ན།
210604793,2735128,dz,བཱན་ཅ་ལི་༢པ།
210604870,2735129,dz,མོ་ཇིའོ་ཌི་སོ་པྲ།
210604947,2735130,dz,མོ་ཇིའོ་ཌི་སོ་པྲ།
210605024,2735131,dz,ཝི་ལ་སཱན་པེ་ཊར་ནི་ཡ་ནོ།
210605101,2735132,dz,ཌི་པོར་ཊ་ཀོ་མ་རོ་ས་ཚིགས།
210605178,2735133,dz,ཝི་ལཱ།
210605255,2735134,dz,པ་ས་རེ་ལ་ཌི་སོ་ཊོ།
210605332,2735135,dz,ཏི་ཊོ་ས་ཚིགས།
210605409,2735136,dz,ཝམ་བོ་ལི་ཡ་རི་༢པ།
210605486,2735137,dz,ཏག་ལིའོ་ཌི་ཀན་ཌི་ཡ།
210605563,2735138,dz,སོ་ཡ་ན།
210605640,2735139,dz,ཀ་པྲ་ནི་ཀ་-སི་ཀ་ལོ།
210605717,2735140,dz,ཀ་པྲ་ནི་ཀ་-སི་ཀ་ལོ།
210605794,2735141,dz,སི་མི་ཊེ་རོ་ཀམ་པལ་ཊོ།
210605871,2735142,dz,མོན་ཊི་སི་སེ་རེལ།
210605948,2735143,dz,མན་ཌ་ཊོ་རི་སིའོ་ས་ཚིགས།
210606025,2735144,dz,ཀོར་ཊི་སེལ།
210606102,2735145,dz,ཕོ་སོ་ཌེལ་ཌི་ཡ་ཝོ་ལོ།
210606179,2735146,dz,ཨལ་ཇ་མའི་
210606256,2735147,dz,ལཱ་ཛ་ཀོ།
210606333,2735148,dz,སན་ཊི་ཨོར་སོ་ལ།
210606410,2735149,dz,བི་བིའོ་དི་ར་ཝི།
210606487,2735150,dz,གནད་དོན་སཱན་བེ་ནེ་ཌེ་ཊོ།
210606564,2735151,dz,གནད་དོན་སཱན་བེ་ནེ་ཌེ་ཊོ།
210606641,2735152,dz,བོསི་ཀོ་ཌི་ཀཱའི་ཡ་ཟོ།
210606718,2735153,dz,གྷི་རི་ཛ་ན།
210606795,2735154,dz,གྷི་རི་ཛ་ན།
210606872,2735155,dz,པཱ་སོ་སཱན་ཇི་ནི་སིའོ།
210606949,2735156,dz,སཱན་རོ་མཱ་ནོ།
210607026,2735157,dz,ཊི་རེ་མེསི་ཊི་ཡ་རི་-པེ་ཌ་ར།
210607103,2735158,dz,ཝི་ལཱ།
210607180,2735159,dz,པིའུ།
210607257,2735160,dz,མུ་རེ་ལ་-སི་ཊེ་ཟི་ཡོན་ སན་ཊི་ཨོ་རེསི་ཊི།
210607334,2735161,dz,ཅེ་ཝོ་ལི།
210607411,2735162,dz,མོན་ཊེ་ཅི་ཡ་རོ་པི་ཡ་ན།
210607488,2735163,dz,མི་ནོ་ཛོ།
210607565,2735164,dz,མི་ནོ་ཛོ།
210607642,2735165,dz,\N
210607719,2735166,dz,བར་ཌེ་ལ།
210607796,2735167,dz,པོ་ལེན་ཛ་སི་ཀ་ལོ།
210607873,2735168,dz,མོན་ཊི་ལི་ཅི་ཡ་ནོ་-ཀ་སི་ཊེ་ལོ།
210607950,2735169,dz,མོན་ཊི་ལི་ཅི་ཡ་ནོ་-ཀ་སི་ཊེ་ལོ།
210608027,2735170,dz,མོ་ཊ།
210608104,2735171,dz,སན་མི་ཤེལ་ཌེལ་ཀཱར་སོ།
210608181,2735172,dz,བུ་སི་ཡ་གོ་ཝེ་ཅིའོ་
210608258,2735173,dz,བུ་སི་ཡ་གོ་ཝེ་ཅིའོ་
210608335,2735174,dz,ཝི་ལ་ཌི་སོ་ཊོ།
210608412,2735175,dz,པཱ་སོ་རིཔ་སཱན་ཇི་ནི་སིའོ།
210608489,2735176,dz,ཀོ་ཝར་ཊོ་ཌེ་ལ་ཀོ་ལོ་ན།
210608566,2735177,dz,ཀོ་ཝར་ཊོ་ཌེ་ལ་ཀོ་ལོ་ན།
210608643,2735178,dz,སཱན་ཊ་མ་རི་ཡ།
210608720,2735179,dz,མ་རི་ན་ཌི་མཱ་སི་གྷ་ནོ།
210608797,2735180,dz,སན་ཇོར་ཇིའོ་ཌི་ཝལ་པོ་ལི་སེ་ལ།
210608874,2735181,dz,གྷྲན་ཌི་པོ་ལིན།
210608951,2735182,dz,སན་ཊི་ཨེན་ཊོ་ནིའོ།
210609028,2735183,dz,གུའི་ཌོ་མཱན་ཌི་རི་སུ་པི་རི་ཡར།
210609105,2735184,dz,གུའི་ཌོ་མཱན་ཌི་རི་སུ་པི་རི་ཡར།
210609182,2735185,dz,ལོ་རན་ཛི་ཨཱལ་ཊོ།
210609259,2735186,dz,མུ་ར་ཌོལ།
210609336,2735187,dz,སོ་ལོ་གྷོ།
210609413,2735188,dz,སན་ཀླུ་ཌིའོ་སི་ཊེ་ཟོན་-ཊོ་ཌི་ཀ།
210609490,2735189,dz,ས་ཁོངས་ ༡༦༧ སི་ཀར་ལི་ནོ།
210609567,2735190,dz,ཨེན་ཌིས།
210609644,2735191,dz,ཝི་ལ་ཀཱར་ལོན།
210609721,2735192,dz,པི་ཡ་ན་ཌི་མོན་ཊི་ཝར་ན།
210609798,2735193,dz,སི་ནོ་པོ་ལི་ཨིན་ཕི་རི་ཡོར།
210609952,2735195,dz,ཀོ་ལི་མཛོ་ལི་ནོ།
210610029,2735196,dz,པེསི་ཀོ་སཱན་སོ་ནེས་ཀོ་ཝེ་ཅིའོ་
210610106,2735197,dz,སཱན་མར་ཛ་ནོ་ཊོ།
210610183,2735198,dz,སི་ཊི་ཟོན་པྲ་སི་ཀོ་-ཀྲེ་མོ་ལི་ནོ།
210610260,2735199,dz,ཝི་ལ་ཨིའུ་བཱ་ཊི།
210610337,2735200,dz,ཝི་ལ་ཨིའུ་བཱ་ཊི།
210610414,2735201,dz,པི་ཡ་ནི་པའོ་རེ་ལི།
210610491,2735202,dz,མཀ་ཀེ་བེ་ཝ་ལི།
210610568,2735203,dz,སུའི་ཨོ་ཨཱལ་ཊོ།
210610645,2735204,dz,ཝི་ལ་ཝོ་མ་ནོ།
210610722,2735205,dz,པ་ཊར་ནེ་ལ།
210610799,2735206,dz,པ་ཊར་ནེ་ལ།
210610876,2735207,dz,པ་རི།
210610953,2735208,dz,སཱན་མཱར་ཊི་ནོ།
210611030,2735209,dz,རི་ཛ་ཀོར་ནོ།
210611107,2735210,dz,ལེ་བིསི་གི་ས་ཚིགས།
210611184,2735211,dz,ཇི་ཡ་ནོ།
210611261,2735212,dz,མེ་ཛ་ན་ས་ལི་སི།
210611338,2735213,dz,ཀམ་པོ་ལོང་གོ་མ་ཇི་ཨོ་རེ།
210611415,2735214,dz,ཨ་ཊི་ན་ཨིན་ཕི་རི་ཡོར།
210611492,2735215,dz,པཱ་སོ་རིཔ།
210611569,2735216,dz,པོན་ཊི་ཌི་ནན་ཊོ།
210611646,2735217,dz,སཱན་ལོ་རེན་ཛོ་ཌི་རོ་ཝེ་ཊ།
210611723,2735218,dz,སཱན་ཊ་ཀེ་ཊི་རི་ན་ཌེལ་ལོ་ཨའོ་ནིའོ་མ་རི་ན།
210611800,2735219,dz,ལོ་རེ་ཊོ་སི་ཊི་ཟོན་
210611877,2735220,dz,པྲོ་ཇེ་ཊོ་ ཀེ་སི་ ཀོཔ་པི་ཊོ་ ༣
210611954,2735221,dz,ན་ཊི་ལེ་ནུའོ་ཝོ།
210612031,2735222,dz,ན་ཊི་ལེ་ནུའོ་ཝོ།
210612108,2735223,dz,པི་ཡ་ཟོ་ལ།
210612185,2735224,dz,པྲོ་ཇེ་ཊོ་ཀེ་སི་ས་ས་ཨེན་སི།
210612262,2735225,dz,སི་ཀ་ལོ་ཌི་བཱ་ར་གི་ཡ་ནོ།
210612339,2735226,dz,པོ་གི་རི་ཌེན་ཊི་པི་ཡ་ནོ།
210612416,2735227,dz,པའེ་ཕཱལ་ཀེཌ།
210612493,2735228,dz,མར་རི་ན།
210612570,2735229,dz,ཊ་ཝར་ན་ར་ཝིན་ཌོ་ལ།
210612647,2735230,dz,བོར་གཱ་ཊ་མ་རི་ན།
210612724,2735231,dz,སཱན་མཱར་ཊི་ནོ།
210612801,2735232,dz,སི་ཊི་ཟོན་ཌི་པ་ཝོ་ན-པཱ་ལ་ཟོ་མར་ག་ནཱ།
210612878,2735233,dz,པ་སི་ཊེན་གོ་བརྒྱུད་དེ།
210612955,2735234,dz,གནད་དོན་ནུའུ་ཝེ་རུ་སོ།
210613032,2735235,dz,སྤི་གྷོ་སེ་ཊར་ནི་ཡ་ཨིན་ཕི་རི་ཡར།
210613109,2735236,dz,སྤི་གྷོ་སེ་ཊར་ནི་ཡ་ཨིན་ཕི་རི་ཡར།
210613186,2735237,dz,པི་ཡ་ནི་པོ་ཇིའོ་ཕི་ཌོ་ནི།
210613263,2735238,dz,ཀཱར་ལེན་ཊི་ནི་ནོར་ཌི།
210613340,2735239,dz,ཝལ་ཝོ་མ་ནོ།
210613417,2735240,dz,སན་ཊི་ཨེན་ཇེ་ལོ་ཌི་ཅེ་ལི།
210613494,2735241,dz,བཱ་ཌི་ཡ་ཨེ་ཨེལ་མི།
210613571,2735242,dz,བཱ་ཌི་ཡ་ཨེ་ཨེལ་མི།
210613648,2735243,dz,ཅེ་རེ་ཊི་བཱ་སོ།
210613725,2735244,dz,ཝའུ་ཌ་ཀ་ན་བེ་སི་སུ་པི་རི་ཡར།
210613802,2735245,dz,པོ་ཛ་གྷི་ལིའོ།
210613879,2735246,dz,མར་སི་ཡ་ནིསི།
210613956,2735247,dz,ཨི་ཊ་ལ་མ་རི་ན།
210614033,2735248,dz,ཨི་ཊ་ལ་མ་རི་ན།
210614110,2735249,dz,བི་བིའོ་ཨ་ཀྭ་ཝེ་ལ་-པོན་ཊི།
210614187,2735250,dz,མར་རི་ན་ཌི་སཱན་ཊ་མ་རི་ཡ་ཌེལ་སེ་ཌོ།
210614264,2735251,dz,མ་རོ་ཀོ།
210614341,2735252,dz,ཨོ་སི་མོ་ཨིན་ཕི་རི་ཡོར།
210614418,2735253,dz,ཡུ་བི་ཡ་ལེ།
210614495,2735254,dz,ཡུ་བི་ཡ་ལེ།
210614572,2735255,dz,འགྲེམ་སྟོན།
210614649,2735256,dz,\N
210614726,2735257,dz,ཝི་ལཱ།
210614803,2735258,dz,མོན་ཊེ་ཅིའོ་
210614880,2735259,dz,པ་ཌར་ནོ།
210614957,2735260,dz,ཝལ་ཌ་ཨོ་ར་ཌི་སོ་ཊོ།
210615034,2735261,dz,བི་བིའོ་ ཀ་སི་ནཱ་རེ།
210615111,2735262,dz,བོཊ་ཊ།
210615188,2735263,dz,ཝེ་ལོ།
210615265,2735264,dz,ཀོལ་ཝ་ལེནཛ།
210615342,2735265,dz,ཀ་སི་ཊེ་ལ་ཟོ་ ཌི་ བར་ཟི།
210615419,2735266,dz,ཀ་ནི་སི་ཊོ་ཨིན་ཕི་རི་ཡོར།
210615496,2735267,dz,ཀ་ནི་སི་ཊོ་ཨིན་ཕི་རི་ཡོར།
210615573,2735268,dz,ཀ་སི་ན་ཝ་ལེ་-སི་ཊ་ཟི་ཡོན་ཌི་ཀ་རི་མེཊ།
210615650,2735269,dz,པི་ཡ་ནེལ་ལོ།
210615727,2735270,dz,སི་ཊི་སི་ཡ་ནོ་ སི་ཀ་ལོ།
210615804,2735271,dz,ཨའི་ལི་སི་ཊི་ཟོན་
210615881,2735272,dz,མོན་ཊི་སིལ་ཝ་ནོ་ཀོ་ལེ།
210615958,2735273,dz,ཨེ་ཝེ་གྷོ་ཆི་ས་
210616035,2735274,dz,ཝིལ་མི་ནོར།
210616112,2735275,dz,མོར་རོ་ཝ་ལིའི་ས་ཚིགས།
210616189,2735276,dz,རོ་ཝར་ཅི་ཡ་རེ་ཊ།
210616266,2735277,dz,པྲི་ག་ནོ།
210616343,2735278,dz,པྲི་ག་ནོ།
210616420,2735279,dz,སཱན་ཊ་མ་རི་ཡ་ཌི་སེ་ཊི་མོ།
210616497,2735280,dz,སཱན་ཊ་པ་ལོམ་བཱ་
210616574,2735281,dz,སཱན་ཕི་ཌེན་ཛིའོ།
210616651,2735282,dz,ར་མོན་-ཀམ་པ་ན་
210616728,2735283,dz,སན་པི་ཡར་མར་རི་ན།
210616805,2735284,dz,སན་ཇིའུ་ལི་ཡ་ནོ་ནུའོ་ཝོ།
210616882,2735285,dz,པོན་ཊི་ཌི་ཀ་སི་ཊི་གྷི་ནེ་རོ།
210616959,2735286,dz,མེ་ཌོན་ན་ཌི་ཌོ་སོ་བུའོ་ནོ།
210617036,2735287,dz,སང་གྷི་ནེ་ཊོ་ལི་ཌོ།
210617113,2735288,dz,ཝི་ལ་ཌི་མོལ་ཝེ་ན།
210617190,2735289,dz,མཀ་ཀ་རེ་སི-སི་ཊེ་ཟིའོ་ནི།
210617267,2735290,dz,ཕ་ས་ནོ་གི་ས་ཚིགས།
210617344,2735291,dz,མཛེ་ཨོ།
210617421,2735292,dz,ཝ་ལེ་སེར་རི་ན།
210617498,2735293,dz,སཱན་བི་ཡ་ཇིའོ།
210617575,2735294,dz,མ་རི་ན་ཌི་སན་ཊི་ཨི་ལ་རིའོ་ཌེལ་ལོ་ཨའོ་ནིའོ།
210617652,2735295,dz,མ་རི་ན་ཌི་སན་ཊི་ཨི་ལ་རིའོ་ཌེལ་ལོ་ཨའོ་ནིའོ།
210617729,2735296,dz,མ་སི་ཌི་ཀ་ཝ་ལེ་སི།
210617806,2735297,dz,ཨེན་ཇེ་ལི་ཌི་མར་གོ།
210617883,2735298,dz,ཨེན་ཇེ་ལི་ཌི་མར་གོ།
210617960,2735299,dz,ཀོར་ཊེ་ནུ་ཝ་ཌི་སོ་པྲ།
210618037,2735300,dz,ལི་ཌོ་མན་ཕི་རི་ཡ།
210618114,2735301,dz,པི་ཡ་ནོ་ཌི་མོ་མིའོ།
210618191,2735302,dz,ཨོར་ཝི་ཊོ་སི་ཀ་ལོ།
210618268,2735303,dz,ཨོར་ཝི་ཊོ་སི་ཀ་ལོ།
210618345,2735304,dz,ཆི་ཡན་ཆི་ཊ་-པ་ལིའོ་
210618422,2735305,dz,མ་རི་ན་ཌི་ཨཱལ་ཊི་ཌོ་ན།
210618499,2735306,dz,མི་ནོ།
210618576,2735307,dz,ཝི་ལ་པི་ཡ་ན་ལི་ཌོ།
210618653,2735308,dz,པྲི་ར་-མོ་ར་རོ་-ལེ་ཝ་ནོར་ཌི།
210618730,2735309,dz,ཀོ་ཌི་ཝར་ནོ།
210618807,2735310,dz,བི་ས་ཅི་ཡ་ནུའོ་ཝ།
210618884,2735311,dz,བི་ས་ཅི་ཡ་ནུའོ་ཝ།
210618961,2735312,dz,ནིཝ་-བོར་གོ་ནོ་ཝོ།
210619038,2735313,dz,པི་ཌི་མོན་ཊི་སཱན་ཇར་མ་ནོ་ཨཱལ་ཊ།
210619115,2735314,dz,སན་ཝེ་ནན་ཛིའོ།
210619192,2735315,dz,སན་ཝེ་ནན་ཛིའོ།
210619269,2735316,dz,ཕེབ་རོ་སི་ཀ་ལོ།
210619346,2735317,dz,ཕེབ་རོ་སི་ཀ་ལོ།
210619423,2735318,dz,ཝི་ལ་ནོ་ཝ་ཌེལ་གྷེབ་བོ་ཀན་ཊོན།
210619500,2735319,dz,སཱ་པོ་ནཱ་ར་མ་རི་ཏི་མ།
210619577,2735320,dz,ཨར་བི་ཡ།
210619654,2735321,dz,པི་ཡ་ནེ་ཌི་མོན་ཊི་ཇི་ཡོར་ཇིའོ།
210619731,2735322,dz,ཨོར་བེ་ཊེ་ལོ་ སི་ཀ་ལོ།
210619808,2735323,dz,མོ་ལི་ནེ་ཊོ།
210619885,2735324,dz,མོ་ལི་ནེ་ཊོ།
210619962,2735325,dz,ཀཱལ་ཝི་རི་སོར་ཊ།
210620039,2735326,dz,ལེ་པོ་ར་ནོ་མ་རི་ན།
210620116,2735327,dz,སོ་ཝེ་ར་ཏོ་མ་རི་ན།
210620193,2735328,dz,ཊོར་ཊོ་ར་མ་རི་ན།
210620270,2735329,dz,སཱན་ཊ་མ་རི་ཡ་ལ་སི་ཊེ་ལ།
210620347,2735330,dz,ཀོ་ལི་ཝར་ཌི་༢ པ།
210620424,2735331,dz,ཅིའུ་སི་སི་ཀ་ལོ།
210620501,2735332,dz,ཝེ་ནེ་ཊི་ཀོ་མ་རི་ན།
210620578,2735333,dz,ཝེ་ནེ་ཊི་ཀོ་མ་རི་ན།
210620655,2735334,dz,ཨོར་ཊི་སི་ཀ་ལོ།
210620732,2735335,dz,ཀོར་ཀ་ག་ནོ།
210620809,2735336,dz,ཌུའེ་ཀཱ་ར་རེ།
210620886,2735337,dz,ལི་སི་ནེ་ལ་-ཊོར་རི་ཌི་པེ་སི་ཊུམ།
210620963,2735338,dz,ཊོར་ཝ་ཡ་ནི་ཀ་ཨཱལ་ཊ།
210621040,2735339,dz,གེར་བོ་ལེ་-ཟུ་ཅེ།
210621117,2735340,dz,བཱ་ཛ་ནོ་གི་རྡུལ་ཕྲན་བཟོ་གྲྭ།
210621194,2735341,dz,པོན་ཊི་ཨ་པོཔ་པི།
210621271,2735342,dz,པོ་ཨཱསི་ཀོ་-སོ་རི་གེ་རིའོ།
210621348,2735343,dz,ཀོ་སི་ཊ་རེ།
210621425,2735344,dz,ཀོ་སི་ཊ་རེ།
210621502,2735345,dz,རེ་ན་མ་ཇོར།
210621579,2735346,dz,རེ་ན་མ་ཇོར།
210621656,2735347,dz,\N
210621887,2735350,dz,ཕོརན་ཊི་ག་ནོ།
210622349,2735356,dz,ཨཱསི་པྲ།
210622426,2735357,dz,ཨཱསི་པྲ།
210622657,2735360,dz,བོར་གཱ་རེ་ཊོ།
210622734,2735361,dz,ཧིན་ཊར་ཀིརཆ།
210622811,2735362,dz,ཝིསི།
210623042,2735365,dz,ཝི་ལི་གིའོ་མོ་སི།
210623119,2735366,dz,ཆི་ཟོ་ལིན།
210623504,2735371,dz,གཱོལ་ཕོ་པེ་ཝེ་རོ།
210623812,2735375,dz,ལ་གོ་པེ་ཊི་རི་ཡ།
210623966,2735377,dz,མོན་ཊོ་རོ་ཨིན་ཕི་རི་ཡོར།
210624120,2735379,dz,པོ་ཇིའོ་ཨ་ལ་ཀྲོ་སི།
210624428,2735383,dz,མེལ་ཕི་ཌི་སོ་ཊོ།
210624505,2735384,dz,རཝ་ནོ།
210624659,2735386,dz,ཀཱསི་བེ་ནོ།
210624813,2735388,dz,ཤི་རན་ན།
210625044,2735391,dz,ཀེན་ནེ་ཌི།
210625198,2735393,dz,སཱ་ལི་ན་བམ་བ།
210625275,2735394,dz,པོར་ཊིསི་ཀོ།
210625429,2735396,dz,གཱར་ཌ།
210625506,2735397,dz,ནོ་ཝེ་ཛི་ན།
210625660,2735399,dz,པན་ཊལ་ཌི་ཡ།
210626122,2735405,dz,སི་ཀཱར་པེ་རི་ཡ་དང་ སཱན་པི་ཡ་རོ།
210626199,2735406,dz,ཨོ་རོ་པ།
210626276,2735407,dz,ཝ་གོ།
210626584,2735411,dz,མོན་ཊོ་པི་ཡོ།
210626815,2735414,dz,ཅའ་མོ་རོ་སི་ནི།
210626892,2735415,dz,སན་ཊི་ཨུར་བྷ་ནོ།
210627123,2735418,dz,པྲ་ཏི་ཌི་ཏི་ཝོ།
210627200,2735419,dz,ཨཱལ་ཏོ་སང་རོ།
210627662,2735425,dz,ཝར་སི་ཡ་ནོ།
210627816,2735427,dz,ཌི་མ་རོ་-ཕོལ་གཱ་རི་ཌ།
210627893,2735428,dz,ཌི་མ་རོ་-ཕོལ་གཱ་རི་ཌ།
210628124,2735431,dz,སཱན་མཱ་ཌར་ནོ།
210628355,2735434,dz,ཏིག་ནཱ་ལེ།
210628432,2735435,dz,ཏིག་ནཱ་ལེ།
210628586,2735437,dz,ཟོལ་ཌོ་ཨཱལ་ཊོ།
210628740,2735439,dz,ཀཱ་ལ་བི་ཏ།
210628894,2735441,dz,\N
210629048,2735443,dz,མ་པ་ནོ།
210629741,2735452,dz,ཀོ་ལེ་ཌི་པྲེ་ཊུ་རོ།
210629895,2735454,dz,པེ་ཊི་ནོ།
210630126,2735457,dz,སཱན་ཇིའུ་ལི་ཡ་ནོ།
210630280,2735459,dz,བཱ་ཟ་ནོ།
210631127,2735470,dz,ཀ་སི་ཊ་གེ་ནེ་ཊི།
210631281,2735472,dz,པོ་ཇིའོ་ཌི་བེརེ་ཊ།
210631897,2735480,dz,པི་ཌི་ཀ་ཝ།
210631974,2735481,dz,པོ་ཇིའོ་ཕར་ནོ།
210632051,2735482,dz,སན་པི་ཊོ་ཌི་ཨར་ལི།
210632205,2735484,dz,ཝ་ལེ་ཅི་ཡ་མོན་ཊི་ཀཱལ་ཝོ།
210632590,2735489,dz,ཀེ་སི་ཌི་ཀོ་ཅི་ཡ།
210632898,2735493,dz,ཀམ་པོ་ཌི་ཕི་ཡོ་རི།
210633129,2735496,dz,ཀ་སི་ན་མོན་ཊི་བེ་ལོ།
210633591,2735502,dz,སན་ཊི་ཨིའུ་ཕི་མི་ཡ་ཌེ་ལ་ཕོན་ཊི།
210633899,2735506,dz,\N
210634207,2735510,dz,ཀ་སོ་ཊོ་ཌི་པེས་ཀེ་ཊོ་རི།
210634284,2735511,dz,པོ་ལི་ནོ།
210634900,2735519,dz,ཝར་ཟོ་ཊོ།
210635131,2735522,dz,སཱན་ཊ་རི་ཊ།
210635362,2735525,dz,ཟུ་ཅེ་རི་ཕི་སི་ཡོ།
210635439,2735526,dz,ཨོ་སུ་ལཱེ།
210635747,2735530,dz,ཝི་ལི་གིའོ་ནུར་ར།
210635824,2735531,dz,སཱན་ཊ་མ་རི་ཡ།
210637595,2735554,dz,\N
210637749,2735556,dz,\N
210637826,2735557,dz,\N
210637980,2735559,dz,\N
210638134,2735561,dz,།སུ་དེ་ནི་སིར་བོ་ནིས།
210638211,2735562,dz,\N
210638442,2735565,dz,སཱན་ཀུའི་རི་ཀོ།
210638750,2735569,dz,པྲ་ཨཱལ་པེ་སི་ན་ཨ་མོན་ཊི།
210638827,2735570,dz,རི་ཕུ་གིའོ་མོན་ཊི་བཱལ་ཌོ།
210638904,2735571,dz,རི་ཕུ་གིའོ་ཆི་ཡ་རེ་གོ།
210639212,2735575,dz,རི་ཕུ་གིའོ་པྲི་མ་ནེ་ཝ།
210640136,2735587,dz,སཱན་ཊ་ཀེ་ཊི་རི་ན་ཌི་ཨེས་ཊི།
210640213,2735588,dz,སཱན་ཊ་ཀེ་ཊི་རི་ན་ཌི་ཨེས་ཊི།
210640290,2735589,dz,སེ་ཊི་ཝིལ་ལི།
210640367,2735590,dz,རི་ཛ།
210640829,2735596,dz,ལ་སི་ཀཱ་ལ།
210640906,2735597,dz,པྲེ་ལ།
210640983,2735598,dz,པྲེ་ལ།
210641060,2735599,dz,རན་ཛོ།
210641291,2735602,dz,མར་ཟོ་ཀ།
210641599,2735606,dz,ཀ་སི་ཊེག་ནེ་རོ་ ནན་ཊོ།
210641753,2735608,dz,མོན་ཌེ་ལི།
