id,city_id,language_key,name
145131905,1884830,uk,Кебунписанг
145132444,1884837,uk,Пандан
145136294,1884887,uk,Пенггаланган
145137449,1884902,uk,Дурин
145137603,1884904,uk,Пенампаан
145143686,1884983,uk,Панте Цермен
145146766,1885023,uk,Меунасахтеунгах
145148922,1885051,uk,Рема Дуа
145149461,1885058,uk,Берананг
145149615,1885060,uk,Бустануссалам
145150539,1885072,uk,Паданг Пасир
145163860,1885245,uk,Тегал Сари
145166016,1885273,uk,Тангки
145174024,1885377,uk,Танйунг Аман
145174332,1885381,uk,Перангинан
145175333,1885394,uk,Лауе Пангкат
145175487,1885396,uk,Кампунг Райа
145175564,1885397,uk,Бусунгбату
145178336,1885433,uk,Паданг Панйанг
145178413,1885434,uk,Панте Цермин
145179029,1885442,uk,Симпанг Пеут
145181185,1885470,uk,Паром
145186575,1885540,uk,Кубанг Гайах
145186960,1885545,uk,Танох-мерах
145190656,1885593,uk,Гронг-гронг
145190887,1885596,uk,Меунасах Бланг
145200127,1885716,uk,Румах Кабанйахе
145200204,1885717,uk,Кетарен
145208366,1885823,uk,Лампаку
145213448,1885889,uk,Куала Бегумит
145213756,1885893,uk,Каранг Рейо
145219223,1885964,uk,Симпанг Селаыанг
145220686,1885983,uk,Сугих Уарас
145221841,1885998,uk,Танах Тингги
145221918,1885999,uk,Сетиа
145221995,1886000,uk,Картини
145254951,1886428,uk,Панамбеан Тоба
145255105,1886430,uk,Пасар Бару
145255875,1886440,uk,Симпанг Панеи
145257800,1886465,uk,Силампуыанг
145257877,1886466,uk,Лумбанг Соба
145258262,1886471,uk,Тига Балата
145268349,1886602,uk,Марихат Барис
145274432,1886681,uk,Цинта Ракыат
145275741,1886698,uk,Йаыа
145277050,1886715,uk,Долок Синумбах
145278359,1886732,uk,Балимбинган
145279976,1886753,uk,Йанйи Тонга
145280515,1886760,uk,Сорба Йауа
145280669,1886762,uk,Сиполпол
145283672,1886801,uk,Лхок Кеутапанг
145290217,1886886,uk,Бенгкел
145290525,1886890,uk,Танйунг Аном
145292681,1886918,uk,Асам Кумбанг
145296146,1886963,uk,Симарбалатук
145299842,1887011,uk,Тунгкоб
145300150,1887015,uk,Мее
145301536,1887033,uk,Цот Кеутапанг
145303461,1887058,uk,Крамат Луар
145303538,1887059,uk,Блок Бенгкел
145303615,1887060,uk,Крамат Далам
145307388,1887109,uk,Кеутапанг
145311161,1887158,uk,Гарот
145314857,1887206,uk,Баро
145318168,1887249,uk,Гампонг Лада
145324328,1887329,uk,Цот Теунгох
145325021,1887338,uk,Пондок Келапа
145325714,1887347,uk,Каранг Аныар
145326484,1887357,uk,Букит Рата
145326638,1887359,uk,Бакаран Бату
145328255,1887380,uk,Сука Макмур
145330950,1887415,uk,Туаланг
145344425,1887590,uk,Бангун Мулиа
145349892,1887661,uk,Танйунг Гунунг
145360980,1887805,uk,Лумбан Долок
145366062,1887871,uk,Алуе Били
145366909,1887882,uk,Сербагуна
145372068,1887949,uk,Римо
145373993,1887974,uk,Паыабумбунг Дуа
145381462,1888071,uk,Кута Бару
145382617,1888086,uk,Паыа Гайах
145383695,1888100,uk,Танйунг Тауланг
145384003,1888104,uk,Танах Рата
145385543,1888124,uk,Лхок Далам
145387237,1888146,uk,Алуе Батее
145387314,1888147,uk,Беуранданг
145398710,1888295,uk,Кута Туха
145410029,1888442,uk,Перлис
145410106,1888443,uk,Алур Дуа
145411646,1888463,uk,Цинтарайа
145414187,1888496,uk,Сука Мулыа
145414803,1888504,uk,Алур Цантик
145416805,1888530,uk,Телук Кепаыанг
145419654,1888567,uk,Алур Цуцур
145419731,1888568,uk,Алур Манис
145420578,1888579,uk,Рантау Паух
145421810,1888595,uk,Танах Тербан
145422349,1888602,uk,Кесехатан
145423658,1888619,uk,Паыа Беди
145437210,1888795,uk,Субулуссалам
145443601,1888878,uk,Кота Бату
145444833,1888894,uk,Сиатас
145446142,1888911,uk,Тангантанганцут
145449145,1888950,uk,Кедаи
145449838,1888959,uk,Кута Паыа
145449915,1888960,uk,Кута Тингги
145456768,1889049,uk,Барингин
145467086,1889183,uk,Самакурок
145468626,1889203,uk,Кисаран Барат
145468703,1889204,uk,Гамбир Бару
145469550,1889215,uk,Бинйаи Сербанган
145471475,1889240,uk,Кисаран Тимур
145472476,1889253,uk,Сумбер Агунг
145472553,1889254,uk,Пондок Копи
145473092,1889261,uk,Сумбер Рейо
145475941,1889298,uk,Йати Сари
145477096,1889313,uk,Хесса Аир Гентинг
145477250,1889315,uk,Пасар Лама
145480638,1889359,uk,Цинта Дамаи
145501736,1889633,uk,Цеумпеудак
145517983,1889844,uk,Йамби-бару
145536463,1890084,uk,Кампунг Паданг
145536617,1890086,uk,Фирдаус
145537849,1890102,uk,Дунгун
145540390,1890135,uk,Сенаыан
145542623,1890164,uk,Пондок Бамбу
145545010,1890195,uk,Мартебинг
145549707,1890256,uk,Сигамбир
145553865,1890310,uk,Пенсиунан
145554096,1890313,uk,Пенонггол
145556483,1890344,uk,Симпанг Канан
145558408,1890369,uk,Букит Йенгкол
145559255,1890380,uk,Алур Цемпедак
145564106,1890443,uk,Лама
145570343,1890524,uk,Кампунг Лима
145574578,1890579,uk,Барох
145575040,1890585,uk,Бату Силангит
145578890,1890635,uk,Ларас
145592365,1890810,uk,Сидохарум
145599834,1890907,uk,Болук
145600065,1890910,uk,Дусун Улу
145602606,1890943,uk,Перланаан
145604531,1890968,uk,Симпанг Гамбус
145626707,1891256,uk,Бабура
145627400,1891265,uk,Бандар Селамат
145627477,1891266,uk,Бандар Сетиа
145628786,1891283,uk,Денаи
145630172,1891301,uk,Гедунг Йохор
145630634,1891307,uk,Глугур Кота
145630865,1891310,uk,Аш Шурайдж
145631173,1891314,uk,Гельвеція
145631635,1891320,uk,Индра Касих
145632405,1891330,uk,Кампунг Дарат
145633560,1891345,uk,Кеменанган Тани
145633868,1891349,uk,Кламбир
145634022,1891351,uk,Кламбир Лима Кампунг
145634099,1891352,uk,Кламбир Лима Кебон
145634484,1891357,uk,Клумпанг Кебон
145635947,1891376,uk,Лау Цих
145636332,1891381,uk,Мадрас Хулу
145636717,1891386,uk,Мартубунг
145637564,1891397,uk,Мердека
145639181,1891418,uk,Пандау Хилир
145639489,1891422,uk,Пангкалан Масыхур
145643416,1891473,uk,Пасар Мерах Барат
145643493,1891474,uk,Пасар Мерах Тимур
145643724,1891477,uk,Патумбак Кампунг
145644494,1891487,uk,Паыа Пасир
145645187,1891496,uk,Полонія
145646958,1891519,uk,Пусат Пасар
145647266,1891523,uk,Ренгас Пулау
145648113,1891534,uk,Сампали
145648344,1891537,uk,Сеи Агул
145649268,1891549,uk,Сеи Кера Хулу
145649345,1891550,uk,Сеи Мати
145649499,1891552,uk,Сеи Путих Барат
145649807,1891556,uk,Сеи Сикамбинг Б
145651424,1891577,uk,Сидо Мулыо
145651809,1891582,uk,Сидораме Тимур
145652271,1891588,uk,Сималингкар Б
145652425,1891590,uk,Симпанг Танйунг
145655043,1891624,uk,Тамбак Рейо
145655120,1891625,uk,Танах Енам Ратус
145656814,1891647,uk,Танйунг Густа
145657122,1891651,uk,Танйунг Рейо
145657815,1891660,uk,Тегал Рейо
145658200,1891665,uk,Теладан Барат
145658277,1891666,uk,Теладан Тимур
145658970,1891675,uk,Тембунг
145659201,1891678,uk,Терйун
145659355,1891680,uk,Тити Кунинг
145659432,1891681,uk,Тити Папан
145675987,1891896,uk,Уйонг Барох
145676064,1891897,uk,Панте
145677450,1891915,uk,Цот Бада
145686151,1892028,uk,Меунасах Тутонг
145686844,1892037,uk,Триенг Пантанг
145687614,1892047,uk,Леупе
145688615,1892060,uk,Туаланг-туха
145689847,1892076,uk,Серба Йаман
145690463,1892084,uk,Палох Лада
145697624,1892177,uk,Кампунг Йауа Бару
145698240,1892185,uk,Кеуде Ацех
145698317,1892186,uk,Кеуде Баыу
145712562,1892371,uk,Цибрек Тунонг
145721648,1892489,uk,Бангун Сари
145722341,1892498,uk,Букит Сари
145725806,1892543,uk,Пекубуан
145725883,1892544,uk,Телук Бакунг
145728270,1892575,uk,Пекан Гебанг
145734738,1892659,uk,Сумбер Агунг Утара
145741360,1892745,uk,Хута Баыу Сату
145745826,1892803,uk,Кампунг Букіт
145749137,1892846,uk,Бандар Лабухан
145749753,1892854,uk,Даганг Керауан
145750138,1892859,uk,Танйунг Гарбус Сату
145750292,1892861,uk,Сука Мулиа
145750908,1892869,uk,Адолина
145751986,1892883,uk,Бенгабинг
145752063,1892884,uk,Йати Мулыа
145752679,1892892,uk,Симпанг Тига Пекан
145753064,1892897,uk,Цитаман Йерних
145754758,1892919,uk,Лубук Пакам Тига
145754835,1892920,uk,Лубук Пакам Пекан
145755143,1892924,uk,Сыахмад
145755374,1892927,uk,Пагар Мербау Тига
145760456,1892993,uk,Тумпатан
145763074,1893027,uk,Йамбу Пулау Тига
145768541,1893098,uk,Бандар Клиппа
145768926,1893103,uk,Бандар Кхалипах
145771775,1893140,uk,Пантаи Лабу Пекан
145773238,1893159,uk,Дриен Рампак
145774239,1893172,uk,Кота Пари
145774393,1893174,uk,Пантаи Цермин Кири
145779629,1893242,uk,Танйунг Морауа Б
145781015,1893260,uk,Лубук Ротан
145782709,1893282,uk,Либериа
145782863,1893284,uk,Матапао
145785712,1893321,uk,Кототингги
145787098,1893339,uk,Румбаи Букит
145787175,1893340,uk,Лембах Дамаи
145787252,1893341,uk,Умбан Сари
145787329,1893342,uk,Меранти Пандак
145787406,1893343,uk,Тампан
145787560,1893345,uk,Танджунг Ру
145787637,1893346,uk,Кампунг Бандар
145787791,1893348,uk,Паданг Терубук
145787945,1893350,uk,Саго
145788022,1893351,uk,Паданг Булан
145788176,1893353,uk,Сумахиланг
145788561,1893358,uk,Танах Датар
145788792,1893361,uk,Пулау Карам
145788946,1893363,uk,Йадирейо
145789254,1893367,uk,Кулим
145789408,1893369,uk,Вітрило
145789485,1893370,uk,Кота Тингги
145790024,1893377,uk,Лембах Сари
145790101,1893378,uk,Минас Тимур
145793027,1893416,uk,Банйар Бару
145794105,1893430,uk,Пераванг
145796492,1893461,uk,Пангкалан Симинаи
145806656,1893593,uk,Пулау Йамбу
145806810,1893595,uk,Пулау Балаи
145807272,1893601,uk,Сало
145807580,1893605,uk,Аир Манис
145817051,1893728,uk,Сунгаирумбаи
145822056,1893793,uk,Ангкуп
145823750,1893815,uk,Бату Белах
145823827,1893816,uk,Пулау Лауас
145824443,1893824,uk,Кумантан
145824982,1893831,uk,Аир Тирис
145825752,1893841,uk,Капур
145826830,1893855,uk,Пулау Биранданг
145827215,1893860,uk,Срийаыа
145829294,1893887,uk,Ланггини
145833606,1893943,uk,Тига Лингга
145834453,1893954,uk,Сукандеби
145834684,1893957,uk,Букит Бару
145846080,1894105,uk,Перлулукен
145854088,1894209,uk,Персатуан
145855012,1894221,uk,Бандар Йаыа
145863790,1894335,uk,Берхала
145867640,1894385,uk,Бунураыа
145868795,1894400,uk,Йарангуда
145871490,1894435,uk,Румах Берастаги
145877573,1894514,uk,Сеи Пиринг
145878420,1894525,uk,Пулау Ракыат Пекан
145878728,1894529,uk,Манурунг
145879960,1894545,uk,Гунунг Сари
145881115,1894560,uk,Аек Лоба
145882886,1894583,uk,Аек Ледонг
145883887,1894596,uk,Сукараме
145883964,1894597,uk,Сука Сари
145884272,1894601,uk,Ледонг Барат
145885427,1894616,uk,Воно Сарі
145885504,1894617,uk,Аек Канопан
145886659,1894632,uk,Каранг Сари
145887275,1894640,uk,Пасир Биданг
145900981,1894818,uk,Напитупулу Сату
145901597,1894826,uk,Пасарибу
145904908,1894869,uk,Хиналанг Багасан
145910221,1894938,uk,Лумбан Ситорус
145913763,1894984,uk,Лумбан Багасан
145913917,1894986,uk,Лумбан Пеа
145914533,1894994,uk,Баруара
145916612,1895021,uk,Пангомбусан
145934245,1895250,uk,Бланг Кута Дуа Меунасах
145934630,1895255,uk,Меулиек
145938249,1895302,uk,Меунасах Папеун
145939096,1895313,uk,Ие Рхоб Тимур
145940867,1895336,uk,Кеуде Йеуниеб
145942022,1895351,uk,Цот Сирен
145947027,1895416,uk,Онолимбу
145950492,1895461,uk,Цот Уное
145950569,1895462,uk,"Локк, Трепет, трепет"
145950723,1895464,uk,Круенг Йули Барат
145950800,1895465,uk,Цот Геурундонг
145951416,1895473,uk,Геулангганг Гампонг
145951570,1895475,uk,Геулангганг Теунгох
145951647,1895476,uk,Цот Гапу
145951724,1895477,uk,Геулангганг Кулам
145951955,1895480,uk,Лхок Ауе Теунгох
145952186,1895483,uk,Геудонг Алуе
145952263,1895484,uk,Геудонг Геудонг
145952417,1895486,uk,Геудонг Тампу
145963967,1895636,uk,Ламгабох
145966277,1895666,uk,Буго
145968510,1895695,uk,Ламое
145977057,1895806,uk,Симпанг Бару
145983756,1895893,uk,Дамарсари
145985758,1895919,uk,Пегулон
145985835,1895920,uk,Нгилир
145986066,1895923,uk,Банютово
145990301,1895978,uk,Мийен
145996692,1896061,uk,Доропаыунг
146001081,1896118,uk,Пеныангкринган
146001158,1896119,uk,Тегалполо
146006009,1896182,uk,Табаринган
146008704,1896217,uk,Баллапаранг
146018791,1896348,uk,Бонтобаддо
146026876,1896453,uk,Патани
146026953,1896454,uk,Масале
146028108,1896469,uk,Масалленг
146028955,1896480,uk,Табинйаи
146031034,1896507,uk,Летте
146032959,1896532,uk,Паннампу
146033036,1896533,uk,Лаыанг
146033267,1896536,uk,Бонтоала
146033421,1896538,uk,Паттунуанг
146033498,1896539,uk,Гаддонг
146033575,1896540,uk,Малоку
146033729,1896542,uk,Писанг Утара
146033806,1896543,uk,Писанг Селатан
146033883,1896544,uk,Маццини
146034037,1896546,uk,Марадекаыа
146034191,1896548,uk,Мангкура
146034268,1896549,uk,Марицаыа
146034345,1896550,uk,Панамбунган
146034499,1896552,uk,Марицаыа Селатан
146034884,1896557,uk,Мамайанг Луар
146035192,1896561,uk,Бонтотангнга
146038888,1896609,uk,Булоа
146039042,1896611,uk,Раппокаллинг
146039119,1896612,uk,Лакканг
146039273,1896614,uk,Рапподжава
146039350,1896615,uk,Карувісі
146040274,1896627,uk,Батуа
146040351,1896628,uk,Тидунг
146040659,1896632,uk,Маппала
146040736,1896633,uk,Карунрунг
146041352,1896641,uk,Мангаса
146041814,1896647,uk,Таенг
146042430,1896655,uk,Батангкалуку
146042661,1896658,uk,Тетебату
146044740,1896685,uk,Капаса
146045587,1896696,uk,Талло
146046049,1896702,uk,Антанг
146046434,1896707,uk,Тамангапа
146050284,1896757,uk,Памолонганг
146050977,1896766,uk,Парасангнганг
146060294,1896887,uk,Бонгки
146068764,1896997,uk,Йенеталласа
146068995,1897000,uk,Тангкала
146069226,1897003,uk,Даыа
146069534,1897007,uk,Даыараыа
146069611,1897008,uk,Паццераканг
146071767,1897036,uk,Бонтолангкаса
146074847,1897076,uk,Аллиритенгае
146078081,1897118,uk,Панаиканг
146079313,1897134,uk,Маннуруки
146080930,1897155,uk,Аббекае
146093866,1897323,uk,Матоангинг
146096099,1897352,uk,Бирингере
146108496,1897513,uk,Лонрае
146112731,1897568,uk,Байенг
146120123,1897664,uk,Кема Тига
146121971,1897688,uk,Кема Дуа
146123588,1897709,uk,Треман
146124974,1897727,uk,Каудитан Дуа
146125205,1897730,uk,Каудитан Сату
146136062,1897871,uk,Хулу
146147073,1898014,uk,Романгломпоа
146149537,1898046,uk,Буттадидиа
146181954,1898467,uk,Таппанйенг
146182570,1898475,uk,Сампара
146184187,1898496,uk,Саматаринг
146187575,1898540,uk,Аун
146199048,1898689,uk,Калиыосо
146201281,1898718,uk,Ундаан Лор
146201974,1898727,uk,Губугсари
146205285,1898770,uk,Карангмаланг Уетан
146209905,1898830,uk,Тлахаб Лор
146217605,1898930,uk,Маргомулыо
146230387,1899096,uk,Берингин
146230849,1899102,uk,Сукасари
146232466,1899123,uk,Генуксари
146233236,1899133,uk,Панггунг Кидул
146233544,1899137,uk,Бандархарйо
146233929,1899142,uk,Сауахбесар
146234314,1899147,uk,Карангрото
146235238,1899159,uk,Пуруодинатан
146235315,1899160,uk,Дадапсари
146235623,1899164,uk,Тавангмас
146236008,1899169,uk,Гисикдроно
146236470,1899175,uk,Мирото
146237548,1899189,uk,Саламанмлоыо
146237702,1899191,uk,Бойонгсаламан
146237779,1899192,uk,Булусталан
146238087,1899196,uk,Мугассари
146238934,1899207,uk,Бонгсари
146239165,1899210,uk,Плебуран
146239396,1899213,uk,Калицари
146246249,1899302,uk,Ассорайанг
146250638,1899359,uk,Тигайуру
146252332,1899381,uk,Кетиленг
146252486,1899383,uk,Паготан
146253487,1899396,uk,Кедунгсаримулыо
146254642,1899411,uk,Берми
146259724,1899477,uk,Гарут
146277049,1899702,uk,Паулан
146280283,1899744,uk,Тлоговару
146285442,1899811,uk,Сидогемах
146286443,1899824,uk,Баледоно
146287059,1899832,uk,Бангет
146291602,1899891,uk,Воноасрі
146294297,1899926,uk,Петуканган
146295914,1899947,uk,Пегирикан
146296145,1899950,uk,Ыосорейо
146296530,1899955,uk,Клудан
146296607,1899956,uk,Ровойосо
146298070,1899975,uk,Гумурох
146300457,1900006,uk,Ботекан
146302536,1900033,uk,Сетоно
146302767,1900036,uk,Кампил
146306001,1900078,uk,Уйунггеде
146306694,1900087,uk,Бангларанган
146308619,1900112,uk,Тумбал
146309389,1900122,uk,Йатималанг
146309466,1900123,uk,Серут
146309543,1900124,uk,Тегалонтар
146311776,1900153,uk,Йумбленг
146313162,1900171,uk,Кетанон
146315934,1900207,uk,Віродітан
146317936,1900233,uk,Бодех
146321247,1900276,uk,Банйаран
146321324,1900277,uk,Гонданг
146321401,1900278,uk,Кемарон
146322479,1900292,uk,Вангандово
146324943,1900324,uk,Бахои
146325405,1900330,uk,Ликупанг Дуа
146325713,1900334,uk,Ликупанг Сату
146327099,1900352,uk,Татели Уеру
146327330,1900355,uk,Борго
146336955,1900480,uk,Тарасу
146337417,1900486,uk,Мароангинг
146343654,1900567,uk,Нгетук
146343731,1900568,uk,Ментаос
146346888,1900609,uk,Йати
146355435,1900720,uk,Йембул Кулон
146355666,1900723,uk,Банцак Уетан
146360979,1900792,uk,Пунгкаресе
146361903,1900804,uk,Йингготан
146365753,1900854,uk,Бандунгхарйо
146372837,1900946,uk,Лембанна
146380768,1901049,uk,Бинтароре
146381769,1901062,uk,Цаіле
146382462,1901071,uk,Калумеме
146387005,1901130,uk,Гаранта
146387467,1901136,uk,Бангка
146406178,1901379,uk,Бедук
146407179,1901392,uk,Бето
146409797,1901426,uk,Рандубанго
146419499,1901552,uk,Прингтулис
146420115,1901560,uk,Налумсари
146424427,1901616,uk,Тугу Лор
146424966,1901623,uk,Куаракан
146425505,1901630,uk,Крайан
146425582,1901631,uk,Вінонг
146433205,1901730,uk,Пасурухан Лор
146433975,1901740,uk,Кетанйунг
146435515,1901760,uk,Гедангсеуу
146436747,1901776,uk,Глантенган
146437286,1901783,uk,Демаан
146438056,1901793,uk,Уергу Кулон
146438133,1901794,uk,Вергу Ветан
146441059,1901832,uk,Педаванг
146441675,1901840,uk,Нгангук
146441829,1901842,uk,Млати Лор
146441906,1901843,uk,Млати Кидул
146443677,1901866,uk,Мегавон
146458153,1902054,uk,Цорот
146460078,1902079,uk,Нграйи
146471012,1902221,uk,Бангкле
146472860,1902245,uk,Йураган
146483332,1902381,uk,Ронгго Кидул
146483794,1902387,uk,Касихантемпел
146484487,1902396,uk,Кириг
146486874,1902427,uk,Клалинг
146487952,1902441,uk,Карангмаланг
146488491,1902448,uk,Клоток
146491494,1902487,uk,Тампунг
146494574,1902527,uk,Гондонгманис Уетан
146497269,1902562,uk,Самбирйо
146512669,1902762,uk,Балангребах
146514825,1902790,uk,Бентенгиа
146517520,1902825,uk,Буху
146525528,1902929,uk,Канне
146525605,1902930,uk,Карампуанг
146526375,1902940,uk,Коронг
146527145,1902950,uk,Ланцибунг
146532843,1903024,uk,Панампоббо
146533844,1903037,uk,Питохони
146535307,1903056,uk,Самаенре Сату
146539157,1903106,uk,Тоадунг
146540697,1903126,uk,Улутау
146541159,1903132,uk,Рауабадак Селатан
146541313,1903134,uk,Семпер Барат
146542622,1903151,uk,Бинтара
146543392,1903161,uk,Петуканган Утара
146543931,1903168,uk,Булакбару
146547473,1903214,uk,Гебангсари
146547781,1903218,uk,Каранггауанг
146548012,1903221,uk,Далеман
146548551,1903228,uk,Лареп
146550707,1903256,uk,Карангсари
146554480,1903305,uk,Бунту
146554788,1903309,uk,Солотиги
146557868,1903349,uk,Цабак Сату
146558330,1903355,uk,Лахар
146566492,1903461,uk,Ранданган
146572729,1903542,uk,Баныоранг
146574346,1903563,uk,Бентенгнге
146579659,1903632,uk,Цемпага
146585973,1903714,uk,Латаи
146587590,1903735,uk,Маныаха
146601527,1903916,uk,Царингинпасир
146606609,1903982,uk,Кабурон
146606686,1903983,uk,Карангтанйунг
146609381,1904018,uk,Сукасари
146609843,1904024,uk,Нангевер
146614386,1904083,uk,Касосабранг
146622471,1904188,uk,Сумурбуанг
146623934,1904207,uk,Селарайа
146628862,1904271,uk,Авех
146630017,1904286,uk,Бойонглелес
146637178,1904379,uk,Индрагири
146644878,1904479,uk,Ангке
146646572,1904501,uk,Сукасари
146648189,1904522,uk,Цоблонг
146650884,1904557,uk,Ныампаи
146651038,1904559,uk,Карангсамбунг
146656351,1904628,uk,Уонокерто Кулон
146656582,1904631,uk,Самонг
146658199,1904652,uk,Пинаесаан
146661048,1904689,uk,Баху
146662357,1904706,uk,Лембахсари
146663281,1904718,uk,Аирмадиди Бауах
146663358,1904719,uk,Аирмадиди Атас
146663435,1904720,uk,Саронгсонг Сату
146665052,1904741,uk,Сумалангка
146665206,1904743,uk,Вулауан
146665514,1904747,uk,Кендис
146665591,1904748,uk,Катингголан
146665822,1904751,uk,Уатуламбот
146665899,1904752,uk,Реревокан
146665976,1904753,uk,Вавалінтуан
146666053,1904754,uk,Тоункурамбер
146666207,1904756,uk,Матани Сату
146666746,1904763,uk,Татааран Сату
146666823,1904764,uk,Ринегетан
146666900,1904765,uk,Тууту
146666977,1904766,uk,Роонг
146667054,1904767,uk,Линингаан
146667131,1904768,uk,Талер
146667208,1904769,uk,Киниар
146667285,1904770,uk,Тосунлу
146667439,1904772,uk,Таликуран
146667516,1904773,uk,Тоунелет
146667593,1904774,uk,Каунеран
146667747,1904776,uk,Леилем
146668671,1904788,uk,Дукухурингин
146674908,1904869,uk,Церих
146684148,1904989,uk,Цигонданг
146689230,1905055,uk,Пекойан
146690924,1905077,uk,Кесеранган
146695621,1905138,uk,Лиангйуланг
146696622,1905151,uk,Цуругбаранг
146710405,1905330,uk,Мекарйади
146712176,1905353,uk,Пеламунан
146714101,1905378,uk,Уанасаба Лор
146714178,1905379,uk,Уанасаба Кидул
146715564,1905397,uk,Маргагири
146734583,1905644,uk,Пекийинг
146739357,1905706,uk,Субахкецил
146739588,1905709,uk,Йатисари
146740281,1905718,uk,Сембунг
146740666,1905723,uk,Сарирейо
146740820,1905725,uk,Гедонг
146740897,1905726,uk,Тимбангсари
146741051,1905728,uk,Падурексо
146741282,1905731,uk,Вуні
146741359,1905732,uk,Прингапус
146741821,1905738,uk,Кранйи
146743515,1905760,uk,Крайан Дуа
146743669,1905762,uk,Гадел
146743900,1905765,uk,Сенгон
146744362,1905771,uk,Силатри
146744439,1905772,uk,Калиныамат
146744747,1905776,uk,Булу
146745055,1905780,uk,Тембеланг
146745363,1905784,uk,Сиуадук
146745671,1905788,uk,Пандек
146760609,1905982,uk,Карасак
146762380,1906005,uk,Паныадап
146767154,1906067,uk,Пабеыан
146769541,1906098,uk,Леууинаггунг
146778165,1906210,uk,Цигереленг
146781861,1906258,uk,Мекарсари
146781938,1906259,uk,Памеунгпеук
146782169,1906262,uk,Дурунг Калер
146782400,1906265,uk,Балонг
146782631,1906268,uk,Циканцунг Гиранг
146782939,1906272,uk,Ципулус
146783093,1906274,uk,Цикедокан Кидул
146783170,1906275,uk,Цикедокан Калер
146783324,1906277,uk,Гандауилис
146785326,1906303,uk,Нагрог
146790254,1906367,uk,Сидакатон
146791332,1906381,uk,Паінг
146791486,1906383,uk,Клиуон
146791871,1906388,uk,Шаге
146792102,1906391,uk,Бойонгнегара
146792179,1906392,uk,Бойонгдуа
146792256,1906393,uk,Бойонг Сату
146792564,1906397,uk,Краматсампанг
146792641,1906398,uk,Лимбангсана
146793026,1906403,uk,Бунисури
146793257,1906406,uk,Паінг
146793334,1906407,uk,Кампунгбару
146793796,1906413,uk,Ванасаба
146793873,1906414,uk,Карангсамбунг
146794181,1906418,uk,Рунгкангцилик
146794258,1906419,uk,Прапаг
146794412,1906421,uk,Мунду
146794489,1906422,uk,Кемуктен
146794643,1906424,uk,Керсана
146795336,1906433,uk,Йатисауит Хилир
146795413,1906434,uk,Дукухтенгах
146795567,1906436,uk,Тенйомаыа
146795721,1906438,uk,Негла
146796029,1906442,uk,Кубангпутат
146796106,1906443,uk,Цигедог
146796414,1906447,uk,Цилайа
146796491,1906448,uk,Пилангсари
146796799,1906452,uk,Тонйонг
146797415,1906460,uk,Пенде
146797877,1906466,uk,Циконданг
146798185,1906470,uk,Карангмайа
146798339,1906472,uk,Цихаур
146798570,1906475,uk,Тегалрейа
146798878,1906479,uk,Карангбандунг Сату
146799032,1906481,uk,Дукухтегалрейа
146799109,1906482,uk,Паререйа
146799186,1906483,uk,Цигадунг
146799725,1906490,uk,Долог
146799802,1906491,uk,Бандунг
146799879,1906492,uk,Намбо
146800110,1906495,uk,Дампыак
146800880,1906505,uk,Уйунгнегоро Сату
146800957,1906506,uk,Роуокудо
146801034,1906507,uk,Каранггененг Сату
146801188,1906509,uk,Робан Уетан
146802574,1906527,uk,Кандеман
146803729,1906542,uk,Кенцонорейо
146803806,1906543,uk,Симбангйати
146804037,1906546,uk,Симбангдеса
146804730,1906555,uk,Песавахан
146804807,1906556,uk,Тегалсари
146805115,1906560,uk,Йракахпаыунг
146805269,1906562,uk,Сенгонсари
146805577,1906566,uk,Глагахомбо
146806886,1906583,uk,Амбарава
146806963,1906584,uk,Тамбакрото
146807810,1906595,uk,Кембанг
146808041,1906598,uk,Давухан
146808272,1906601,uk,Кадиран
146808503,1906604,uk,Сепелем
146808657,1906606,uk,Сиберук
146808734,1906607,uk,Кебумен
146808965,1906610,uk,Доноройо
146809042,1906611,uk,Гепрет
146809658,1906619,uk,Кедунглангар
146809812,1906621,uk,Ленгконг
146810043,1906624,uk,Таруб Тимур
146823210,1906795,uk,Прото
146824827,1906816,uk,Педдас Дуа
146826829,1906842,uk,Тенгкет
146829062,1906871,uk,Бандунг Тимур
146829678,1906879,uk,Йаддих Утара Дуа
146839688,1907009,uk,Йераках
146840766,1907023,uk,Госара
146842383,1907044,uk,Лебак
146847234,1907107,uk,Кампунгбару
146848466,1907123,uk,Цимунцангиндах
146850237,1907146,uk,Пандеан
146850391,1907148,uk,Кауйонбуахгеде
146852393,1907174,uk,Меланданг
146854857,1907206,uk,Карангйомпо
146857706,1907243,uk,Вулед
146857860,1907245,uk,Цопраыан
146861479,1907292,uk,Пегаден Тенгах
146862018,1907299,uk,Уонокери
146862095,1907300,uk,Йетакленгконг
146862634,1907307,uk,Кебоненгах
146862788,1907309,uk,Уонопрингго Утара
146872490,1907435,uk,Кваянган
146873645,1907450,uk,Тосаран
146878881,1907518,uk,Пегандон
146880960,1907545,uk,Йраках
146884579,1907592,uk,Касепухан
146884810,1907595,uk,Калипуцанг Кулон
146885041,1907598,uk,Ватесаліт
146885118,1907599,uk,Калипуцанг Уетан
146891817,1907686,uk,Йеруксари
146892587,1907696,uk,Клиданг Лор
146896052,1907741,uk,Пасекаран
146903829,1907842,uk,Паныабранган
146912145,1907950,uk,Сукахеранг
146925851,1908128,uk,Лосари Лор
146925928,1908129,uk,Лосари Кидул
146926313,1908134,uk,Пабедилан Калер
146926621,1908138,uk,Силихасих
146926852,1908141,uk,Пабедилан Кидул
146927083,1908144,uk,Астаналанггар
146928238,1908159,uk,Дукухуидара
146930086,1908183,uk,Пакийанган
146930240,1908185,uk,Клувут
146934398,1908239,uk,Цокроменггалан
146938710,1908295,uk,Мойопурно
146954803,1908504,uk,Йомблангбетек
146969202,1908691,uk,Касреман
146973591,1908748,uk,Тирон
146975670,1908775,uk,Ваденг
146975824,1908777,uk,Вейтут
146980906,1908843,uk,Пекелинган
146981137,1908846,uk,Кемутеран
146981522,1908851,uk,Тлогобендунг
146981599,1908852,uk,Гапуросуколило
146983370,1908875,uk,Карангсонг
146984217,1908886,uk,Перак Утара
146984833,1908894,uk,Перак Тимур
146985295,1908900,uk,Перак Барат
146985526,1908903,uk,Симолауанг
146985834,1908907,uk,Крембанган Утара
146985911,1908908,uk,Кемаыоран
146986450,1908915,uk,Семеми
146986758,1908919,uk,Гундих
146989684,1908957,uk,Маныарсидорукун
146989915,1908960,uk,Маныарсидомукти
147007086,1909183,uk,Бабаканкасилун
147008164,1909197,uk,Талагасари
147012168,1909249,uk,Пулоампел
147013631,1909268,uk,Рагасауран
147018482,1909331,uk,Пакунцен
147020561,1909358,uk,Чуруг
147022409,1909382,uk,Ламбангсари
147027799,1909452,uk,Меренг
147028646,1909463,uk,Уангкеланг
147035345,1909550,uk,Симбатан
147059369,1909862,uk,Сумберсекар
147066376,1909953,uk,Пурнама
147073845,1910050,uk,Кертабесуки
147075462,1910071,uk,Кеболедан
147076540,1910085,uk,Песантунан
147076848,1910089,uk,Пебатан
147077695,1910100,uk,Лимбанган Кулон
147077772,1910101,uk,Лимбанган Уетан
147078157,1910106,uk,Рагайаыа
147079081,1910118,uk,Калигангса Кулон
147079158,1910119,uk,Калигангса Уетан
147081930,1910155,uk,Падасугих
147082007,1910156,uk,Уангандалем
147084548,1910189,uk,Терлангу
147085318,1910199,uk,Пемарон
147086704,1910217,uk,Лаватан
147089476,1910253,uk,Гумалар
147090323,1910264,uk,Пагиыантен
147090554,1910267,uk,Кедунгсукун
147092094,1910287,uk,Кендава
147095251,1910328,uk,Йанегара
147095328,1910329,uk,Кертасиндуыаса
147095405,1910330,uk,Йатибаранг Лор
147097099,1910352,uk,Селапура
147097253,1910354,uk,Йатибаранг Кидул
147097330,1910355,uk,Кемириамба
147098562,1910371,uk,Калисапу
147100410,1910395,uk,Дукухдаму
147100641,1910398,uk,Пагонган
147100872,1910401,uk,Сиасем Тимур
147100949,1910402,uk,Пуруахамба
147101334,1910407,uk,Банйарсари
147102181,1910418,uk,Банйарейа
147104260,1910445,uk,Менгори
147106955,1910480,uk,Кедунгмутих
147111421,1910538,uk,Нгабул
147114039,1910572,uk,Йонданг
147118659,1910632,uk,Пецангаан Уетан
147118736,1910633,uk,Лебуаву
147122817,1910686,uk,Маныаргадинг
147129285,1910770,uk,Сидокаре
147132442,1910811,uk,Ентальсеву
147152000,1911065,uk,Гереба
147158237,1911146,uk,Цикубангсари
147159007,1911156,uk,Тиртауангунан
147159084,1911157,uk,Анцаран
147164551,1911228,uk,Мекармукти
147165783,1911244,uk,Цитиусари
147167169,1911262,uk,Віндухаджі
147170942,1911311,uk,Цийагамулыа
147175177,1911366,uk,Капандаыан
147188498,1911539,uk,Вангандава
147189422,1911551,uk,Кадемангаран
147189576,1911553,uk,Кемантран
147191347,1911576,uk,Гетаскереп
147191578,1911579,uk,Каладава
147192194,1911587,uk,Блумбунган
147193580,1911605,uk,Давухан
147193888,1911609,uk,Бумихарйа
147195120,1911625,uk,Миндака
147197815,1911660,uk,Сету Кулон
147197892,1911661,uk,Сету Уетан
147199509,1911682,uk,Брекат
147201203,1911704,uk,Уйунгруси
147202050,1911715,uk,Джатирава
147202512,1911721,uk,Дермасанди
147203590,1911735,uk,Каибон
147203667,1911736,uk,Баламоа
147205438,1911759,uk,Кендалсерут
147206131,1911768,uk,Пакетибан
147206670,1911775,uk,Памиритан
147207363,1911784,uk,Кудаиле
147208595,1911800,uk,Дукухсембунг
147209288,1911809,uk,Тонггара
147209750,1911815,uk,Богарес Кидул
147210520,1911825,uk,Слауи Кулон
147219144,1911937,uk,Малангсуко
147219837,1911946,uk,Торсобих
147239934,1912207,uk,Калибубак
147240088,1912209,uk,Батан
147285441,1912798,uk,Бунисакит
147290831,1912868,uk,Сумурконданг
147297761,1912958,uk,Йатиренгганг
147301149,1913002,uk,Кудукерас
147301842,1913011,uk,Хулубантенг
147302381,1913018,uk,Карангуангун
147302689,1913022,uk,Цикулак
147303690,1913035,uk,Уалед Кота
147304152,1913041,uk,Цигобангуанги
147304306,1913043,uk,Караматмулыа
147304537,1913046,uk,Карангтунггал
147304691,1913048,uk,Кудумулыа
147305538,1913059,uk,Хулубантенг Лор
147306077,1913066,uk,Дамаргуна
147306616,1913073,uk,Йатисеенг
147307232,1913081,uk,Йатисеенг Кидул
147307925,1913090,uk,Пасалеман
147308002,1913091,uk,Циледуг Тенгах
147308233,1913094,uk,Циледуг Кулон
147311313,1913134,uk,Крайан
147312160,1913145,uk,Богораме
147313315,1913160,uk,Катонсари
147315548,1913189,uk,Самбирото
147322555,1913280,uk,Кунир Лор
147323479,1913292,uk,Нгамблег
147326559,1913332,uk,Панггих
147330409,1913382,uk,Датенган
147335568,1913449,uk,Нгунут
147345424,1913577,uk,Дусун Тенгах
147346425,1913590,uk,Марон Кулон
147354587,1913696,uk,Йоресан
147365059,1913832,uk,Цеморолауанг
147366214,1913847,uk,Томанг
147376224,1913977,uk,Йекек
147378457,1914006,uk,Нглавак
147378842,1914011,uk,Ван
147381922,1914051,uk,Йогомерто
147382615,1914060,uk,Дренгес
147383539,1914072,uk,Брингин
147383924,1914077,uk,Валеран
147384078,1914079,uk,Гесикан
147386696,1914113,uk,Баныубанг
147387389,1914122,uk,Нгрейенг
147387928,1914129,uk,Нгарум
147390546,1914163,uk,Гамбор
147396013,1914234,uk,Сокосари
147396090,1914235,uk,Менторо
147397322,1914251,uk,Памбухан
147399555,1914280,uk,Делик
147400556,1914293,uk,Карангуунгу
147402096,1914313,uk,Кентонг
147402789,1914322,uk,Пуцангро
147404406,1914343,uk,Латек
147407024,1914377,uk,Сурабаыан
147413569,1914462,uk,Утер
147419036,1914533,uk,Давухан
147441366,1914823,uk,Лентенг Тимур
147444061,1914858,uk,Дуара
147446063,1914884,uk,Суракарта
147446602,1914891,uk,Маыунг
147448835,1914920,uk,Ванакая
147451838,1914959,uk,Йадимулыа
147452377,1914966,uk,Пасинданган
147452608,1914969,uk,Кертомулыо
147453378,1914979,uk,Трусми Уетан
147454302,1914991,uk,Кемлакагеде
147457228,1915029,uk,Кабупатен
147459692,1915061,uk,Астапада
147461001,1915078,uk,Тук
147465467,1915136,uk,Педунган
147468393,1915174,uk,Ларанган Утара
147468470,1915175,uk,Ларанган Селатан
147474476,1915253,uk,Пенгайаран
147476863,1915284,uk,Понтонг
147498731,1915568,uk,Блару
147509511,1915708,uk,Бендет
147511282,1915731,uk,Похийо
147513592,1915761,uk,Крайан Дермауухарйо
147513823,1915764,uk,Демпел
147514747,1915776,uk,Дахор
147519444,1915837,uk,Бімбіні
147528530,1915955,uk,Мало
147531148,1915989,uk,Мойорембун
147532919,1916012,uk,Кедунгбанйар
147535999,1916052,uk,Кедунгкендо
147542313,1916134,uk,Клойен
147547241,1916198,uk,Йерук
147551399,1916252,uk,Гонданглеги
147551784,1916257,uk,Джавар
147554402,1916291,uk,Калибело
147554556,1916293,uk,Бангсонган
147556635,1916320,uk,Калангбонг
147558021,1916338,uk,Собонторо
147561024,1916377,uk,Кедунгцангкринг
147567107,1916456,uk,Курунгрейо
147572651,1916528,uk,Кепонгпонган
147578426,1916603,uk,Банйаруангунан
147578888,1916609,uk,Банйаран
147580582,1916631,uk,Цитему
147587127,1916716,uk,Дукухйати
147587435,1916720,uk,Бунтет
147590900,1916765,uk,Мертапада Кулон
147594211,1916808,uk,Халимпу
147598600,1916865,uk,Леууидингдинг
147604529,1916942,uk,Панамбанган
147605992,1916961,uk,Цитоке
147606377,1916966,uk,Сусукан Тонггох
147606839,1916972,uk,Индапатра
147608225,1916990,uk,Серанг Кулон
147608687,1916996,uk,Серанг Уетан
147611459,1917032,uk,Йапура Лор
147615848,1917089,uk,Калигеланг
147617542,1917111,uk,Пицунгпугур
147617773,1917114,uk,Кубангкаранг
147617850,1917115,uk,Калимеанг
147618158,1917119,uk,Кубангделег
147618466,1917123,uk,Домпыонг Уетан
147619621,1917138,uk,Вілуланг
147619929,1917142,uk,Карангуаренг
147620930,1917155,uk,Пакусамбен
147621161,1917158,uk,Калігаве Ветан
147622162,1917171,uk,Тлогоаныар
147643491,1917448,uk,Клакахрейо
147646648,1917489,uk,Бунгатан
147682761,1917958,uk,Каибахан
147693387,1918096,uk,Ныамок
147694311,1918108,uk,Памутих
147694388,1918109,uk,Подорото
147711020,1918325,uk,Кебарон
147732657,1918606,uk,Кемуранг Кулон
147732811,1918608,uk,Булакпарен
147733504,1918617,uk,Лууунграги
147735198,1918639,uk,Банйаратма
147736122,1918651,uk,Сідувет
147736353,1918654,uk,Падакатон
147738509,1918682,uk,Ренгаспендауа
147748519,1918812,uk,Плабухан
147752754,1918867,uk,Пландаан
147753062,1918871,uk,Балонгрейо
147762995,1919000,uk,Плабухан
147768924,1919077,uk,Сирнобоыо
147777240,1919185,uk,Уаругунунг
147781629,1919242,uk,Титик
147785325,1919290,uk,Йепуро
147798954,1919467,uk,Тумпук
147805037,1919546,uk,Сидогири
147815124,1919677,uk,Батуан
147815432,1919681,uk,Гунунгауу Тимур
147816048,1919689,uk,Белунг
147818127,1919716,uk,Рандукиси
147820129,1919742,uk,Гунунган
147821669,1919762,uk,Крамат
147822131,1919768,uk,Булак Лор
147838455,1919980,uk,Модонган
147840457,1920006,uk,Йампирого
147840842,1920011,uk,Сумолауанг
147842536,1920033,uk,Клинтерейо
147843768,1920049,uk,Кейаган
147845154,1920067,uk,Кутопоронг
147845693,1920074,uk,Уатесумпак
147845770,1920075,uk,Самбигеде
147845847,1920076,uk,Джамбувок
147856627,1920216,uk,Нгарйо
147863480,1920305,uk,Питу
147869255,1920380,uk,Карангасри
147875569,1920462,uk,Самбиробыонг
147892663,1920684,uk,Тамансари
147897206,1920743,uk,Сембунгхарйо
147901518,1920799,uk,Сендангсуро
147907755,1920880,uk,Кедунгтури
147915224,1920977,uk,Брингин
147915609,1920982,uk,Мунггут
147919459,1921032,uk,Тертек
147922462,1921071,uk,Пухти
147923001,1921078,uk,Пангкур
147928776,1921153,uk,Йатисари Утара
147933396,1921213,uk,Крайанбанйарейо
147937554,1921267,uk,Тегалмиринг
147945177,1921366,uk,Бендан Нгисор
147945331,1921368,uk,Гайахмунгкур
147955880,1921505,uk,Йобокуто
147958652,1921541,uk,Карангкебагусан
147970202,1921691,uk,Бранггахан
147975361,1921758,uk,Танйунганом
147975977,1921766,uk,Тунге
147976978,1921779,uk,Балес
147982984,1921857,uk,Рингинагунг
147987065,1921910,uk,Марон Кидул
147987219,1921912,uk,Пандесари
147989606,1921943,uk,Бакунгрейо
147992224,1921977,uk,Секети
147995073,1922014,uk,Анггрек
147996074,1922027,uk,Манцилан
147997229,1922042,uk,Треунг
147998769,1922062,uk,Тебас
147999770,1922075,uk,Путих
148001156,1922093,uk,Лецари
148002542,1922111,uk,Лайук
148028183,1922444,uk,Кандангйати Кулон
148031802,1922491,uk,Колор
148037269,1922562,uk,Палеран
148040118,1922599,uk,Селогудиг Уетан
148040965,1922610,uk,Сукокерто
148041966,1922623,uk,Сумберлеле
148043814,1922647,uk,Тривунган
148045662,1922671,uk,Циндого
148047664,1922697,uk,Кемириан
148051899,1922752,uk,Сукасари Кидул
148052977,1922766,uk,Менгок
148054594,1922787,uk,Маскунинг Уетан
148054671,1922788,uk,Маскунинг Кулон
148055056,1922793,uk,Тлогосари
148056442,1922811,uk,Прайекан Кидул
148067453,1922954,uk,Бларан
148068993,1922974,uk,Гулинган
148071380,1923005,uk,Геплак
148075769,1923062,uk,Танйунгсепрех
148076847,1923076,uk,Роноуийаыан
148077848,1923089,uk,Суратмайан
148078926,1923103,uk,Квангсен
148079388,1923109,uk,Кинцанг Уетан
148082006,1923143,uk,Сумберуинду
148083315,1923160,uk,Сенгкут
148101256,1923393,uk,Темпел Уетан
148102026,1923403,uk,Батембат
148120275,1923640,uk,Кепухпандак
148120968,1923649,uk,Капи
148129592,1923761,uk,Матакан Тимур
148130747,1923776,uk,Сідоварек
148132749,1923802,uk,Тунглур
148134674,1923827,uk,Плумпунгрейо
148135752,1923841,uk,Погар
148136984,1923857,uk,Цанггу
148154232,1924081,uk,Сумберкемунинг
148167784,1924257,uk,Сукайати
148190730,1924555,uk,Бадал
148192732,1924581,uk,Дауухан Лор
148194503,1924604,uk,Карангкатес
148199123,1924664,uk,Йагунг
148199200,1924665,uk,Менанг
148199431,1924668,uk,Ньяванган
148207670,1924775,uk,Кереп Кидул
148210827,1924816,uk,Бегадунг
148214292,1924861,uk,Ганунг Кидул
148216679,1924892,uk,Пехсерут
148219220,1924925,uk,Сенговар
148223532,1924981,uk,Гондек
148223994,1924987,uk,Сумберарум
148224302,1924991,uk,Моджовангі
148229076,1925053,uk,Йомбатан
148229615,1925060,uk,Тебел
148232002,1925091,uk,Ноторейо
148243244,1925237,uk,Сідовунгу
148245862,1925271,uk,Манукан Кулон
148245939,1925272,uk,Манукан Уетан
148246247,1925276,uk,Пенелех
148249558,1925319,uk,Нгагелрейо
148249635,1925320,uk,Сауунггалинг
148252253,1925354,uk,Менанггал
148252330,1925355,uk,Гаыунган
148256334,1925407,uk,Тандес Лор
148263264,1925497,uk,Байур
148270348,1925589,uk,Йимус
148271503,1925604,uk,Кромасан
148271580,1925605,uk,Кронцонг
148272042,1925611,uk,Намбаан
148275122,1925651,uk,Слумбунг
148291677,1925866,uk,Суби
148297298,1925939,uk,Пабыонган
148297606,1925943,uk,Тумпак
148300840,1925985,uk,Сидомоыо
148302303,1926004,uk,Тегалрейо
148302457,1926006,uk,Сауен
148302919,1926012,uk,Кедунгпапар
148303535,1926020,uk,Булу
148306153,1926054,uk,Дапурно
148306230,1926055,uk,Кебунан
148306384,1926057,uk,Пуле
148306692,1926061,uk,Травасан
148307154,1926067,uk,Сегодорейо
148307616,1926073,uk,Йохоуинонг
148308540,1926085,uk,Нглеле
148308848,1926089,uk,Мларас
148309618,1926099,uk,Уинонг Лор
148310080,1926105,uk,Пайаран
148312313,1926134,uk,Паготан
148312544,1926137,uk,Уонокерто Селатан
148313545,1926150,uk,Бетек Утара
148317164,1926197,uk,Дукухдиморо
148317395,1926200,uk,Нгудирейо
148319243,1926224,uk,Миаган
148319320,1926225,uk,Танггалрейо
148321938,1926259,uk,Йогорото
148323016,1926273,uk,Йарак Кулон
148325172,1926301,uk,Менганто
148326404,1926317,uk,Ведений
148327405,1926330,uk,Мойойейер
148333411,1926408,uk,Подорейо
148333873,1926414,uk,Кетапанраме
148336106,1926443,uk,Бауйенг
148348580,1926605,uk,Дуренсеву
148350967,1926636,uk,Секарйалак
148360515,1926760,uk,Лемуйут
148362209,1926782,uk,Пекукухан
148363672,1926801,uk,Мойосулур
148365135,1926820,uk,Танйангроно
148367984,1926857,uk,Сумберкембар
148370371,1926888,uk,Мойосарирейо
148371680,1926905,uk,Рейени
148373913,1926934,uk,Лолаванг
148374375,1926940,uk,Йемирахан
148385617,1927086,uk,Банйарпанйи
148389852,1927141,uk,Манаруві
148390699,1927152,uk,Цеманди
148391392,1927161,uk,Гайахбендо
148392393,1927174,uk,Колурсари
148398861,1927258,uk,Садинг
148428198,1927639,uk,Логанданг Тимур
148429584,1927657,uk,Нангкаан
148432125,1927690,uk,Булаван
148436899,1927752,uk,Барат
148445215,1927860,uk,Торонан
148446447,1927876,uk,Сумбераном
148446755,1927880,uk,Сененан
148447294,1927887,uk,Бунут
148449373,1927914,uk,Бадут
148461462,1928071,uk,Селопанггунг
148461924,1928077,uk,Петок
148462848,1928089,uk,Сумберингин Кидул
148463849,1928102,uk,Бадалпандеан
148486872,1928401,uk,Бакалан
148498191,1928548,uk,Кедунгмунду
148504890,1928635,uk,Сумберпох
148506122,1928651,uk,Банггле
148521676,1928853,uk,Далпенанг
148531532,1928981,uk,Морсоксок
148534689,1929022,uk,Утара
148537846,1929063,uk,Утара
148542312,1929121,uk,Омбул
148563641,1929398,uk,Бутмацан
148564950,1929415,uk,Марон Уетан
148567183,1929444,uk,Йанггалан
148569724,1929477,uk,Дусун Дуа
148575807,1929556,uk,Вонокетро
148581197,1929626,uk,Сабет
148581890,1929635,uk,Кепунг
148592824,1929777,uk,Ламонг
148599677,1929866,uk,Кландеран
148611535,1930020,uk,Путукбалонг
148615539,1930072,uk,Нгабан
148622469,1930162,uk,Кембангсри
148623162,1930171,uk,Кедунгсоло
148629091,1930248,uk,Панггрех
148634173,1930314,uk,Кендран
148638793,1930374,uk,Воносарі
148647571,1930488,uk,Балонгмойо
148654501,1930578,uk,Ситимулыо
148657350,1930615,uk,Дукухан
148659891,1930648,uk,Карангтоуо
148664434,1930707,uk,Пацул
148666051,1930728,uk,Путук Уетан
148668669,1930762,uk,Баленрейо
148671210,1930795,uk,Бубук
148673597,1930826,uk,Йати Кидул
148677909,1930882,uk,Ледок Уетан
148678525,1930890,uk,Меджувет
148681374,1930927,uk,Пенгантен Кулон
148686456,1930993,uk,Тарабан
148686687,1930996,uk,Тикусан
148694849,1931102,uk,Суцихарйо
148697082,1931131,uk,Талок
148699546,1931163,uk,Сумбергиранг
148707323,1931264,uk,Самбонггеде
148716332,1931381,uk,Тамбар
148732810,1931595,uk,Нгусикан
148734273,1931614,uk,Гапуро
148735659,1931632,uk,Ментурус
148735736,1931633,uk,Рандууатанг
148749519,1931812,uk,Требунган
148751290,1931835,uk,Понцогати
148754755,1931880,uk,Дабасах
148760222,1931951,uk,Концер Кидул
148761146,1931963,uk,Груйуган Лор
148761839,1931972,uk,Пенгаранг
148762070,1931975,uk,Тегалпасир
148771387,1932096,uk,Пеномпо
148776623,1932164,uk,Сингкалан
148784323,1932264,uk,Пангеранан
148787557,1932306,uk,Нгингасрембыонг
148795180,1932405,uk,Гемиринг
148795257,1932406,uk,Плангитан
148796489,1932422,uk,Баран
148796720,1932425,uk,Денгкек
148796797,1932426,uk,Геритан
148797413,1932434,uk,Нганггук
148797952,1932441,uk,Тлогоцилик
148798106,1932443,uk,Кийинган
148799261,1932458,uk,Мустокохарйо
148799338,1932459,uk,Крайан Гайахмати
148806653,1932554,uk,Мойолауаран
148809733,1932594,uk,Гадинг
148812043,1932624,uk,Гуыанган
148815816,1932673,uk,Мейасем
148820590,1932735,uk,Мампир
148827443,1932824,uk,Кедунгпримпен
148834912,1932921,uk,Самбанган
148843074,1933027,uk,Кедунгпари
148844999,1933052,uk,Цалинг
148852545,1933150,uk,Миндахан
148860630,1933255,uk,Сауахплосо
148861015,1933260,uk,Саданг
148861246,1933263,uk,Круко
148863248,1933289,uk,Пендем
148864095,1933300,uk,Сенданг
148864403,1933304,uk,Приги Кулон
148865250,1933315,uk,Куниран
148865866,1933323,uk,Гетасари
148866020,1933325,uk,Демпел
148866559,1933332,uk,Ледок Кулон
148866867,1933336,uk,Нгрампал
148867021,1933338,uk,Моротоко
148867098,1933339,uk,Белукан
148867329,1933342,uk,Бедингин
148868253,1933354,uk,Гренйенг
148868330,1933355,uk,Уатугонг
148868715,1933360,uk,Самбирейо
148869177,1933366,uk,Мелатен
148869408,1933369,uk,Йумланг
148869870,1933375,uk,Нгапус
148870563,1933384,uk,Падас
148870948,1933389,uk,Гененг
148871641,1933398,uk,Нгебринг
148872257,1933406,uk,Богорейо
148873335,1933420,uk,Тинапан
148873489,1933422,uk,Дово
148874413,1933434,uk,Шика
148874875,1933440,uk,Ому
148875183,1933444,uk,Мапане
148875568,1933449,uk,Бомба
148876569,1933462,uk,Анггоху
148876646,1933463,uk,Сомбубеке
148877262,1933471,uk,Лелеко
148877416,1933473,uk,Уронго
148878417,1933486,uk,Унер
148879033,1933494,uk,Томпасо Дуа
148879649,1933502,uk,Каманга
148879726,1933503,uk,Тембер
148879803,1933504,uk,Валеуре
148880650,1933515,uk,Амонгена Дуа
148880727,1933516,uk,Воланг
148880804,1933517,uk,Каруменга
148880881,1933518,uk,Торагет
148880958,1933519,uk,Тараитак
148881035,1933520,uk,Уалантакан
148881112,1933521,uk,Ловіан
148881189,1933522,uk,Копиуангкер
148881497,1933526,uk,Раранон
148881574,1933527,uk,Коявас
148882806,1933543,uk,Лампонг
148882883,1933544,uk,Уйунг
148883191,1933548,uk,Кабонга Кецил
148883884,1933557,uk,Ену
148884885,1933570,uk,Рангаранга
148884962,1933571,uk,Бунта
148885732,1933581,uk,Карама
148887426,1933603,uk,Ламбапандаке
148890121,1933638,uk,Танахгиси
148890198,1933639,uk,Кайилата
148891507,1933656,uk,Панйулати
148892123,1933664,uk,Тамбаронгкеа
148892431,1933668,uk,Бантаыа
148892508,1933669,uk,Маеса
148894818,1933699,uk,Лалоромба
148896204,1933717,uk,Мекар Йаыа
148897282,1933731,uk,Уесало
148897590,1933735,uk,Тамогауе
148898437,1933746,uk,Кампунгбугис
148898591,1933748,uk,Банйар Аныар
148898899,1933752,uk,Вавосангула
148900901,1933778,uk,Буанасари
148901055,1933780,uk,Тамбаксари
148901594,1933787,uk,Тумпангсари
148901979,1933792,uk,Инолабу
148902056,1933793,uk,Иналахи
148903211,1933808,uk,Харапанбару
148903442,1933811,uk,Амбепулу
148903596,1933813,uk,Паласари
148904597,1933826,uk,Амбесауа
148904905,1933830,uk,Тумпас
148904982,1933831,uk,Аромбу
148906291,1933848,uk,Поусинауи
148908909,1933882,uk,Ланггонауе
148909987,1933896,uk,Гомуо
148910064,1933897,uk,Байопоат
148910295,1933900,uk,Енематианг
148910988,1933909,uk,Марабеау
148911065,1933910,uk,Тура
148912528,1933929,uk,Танйунгкаранг
148913298,1933939,uk,Банава
148913991,1933948,uk,Кекео
148914376,1933953,uk,Ломпио
148916147,1933976,uk,Огобу
148917148,1933989,uk,Лангса
148918226,1934003,uk,Уенангсакти
148918765,1934010,uk,Бангкуду
148919150,1934015,uk,Биру
148919304,1934017,uk,Малино
148919381,1934018,uk,Босагон Бауах
148920305,1934030,uk,Ресетлама
148920921,1934038,uk,Уатубангга Атас
148921845,1934050,uk,Мекарйаыа
148922153,1934054,uk,Инолобулингато
148923385,1934070,uk,Бесулуту
148923693,1934074,uk,Сандале
148924848,1934089,uk,Пумпенте
148925002,1934091,uk,Лаингпатехи
148925079,1934092,uk,Апенгсала
148925156,1934093,uk,Мохонгсауанг
148925541,1934098,uk,Ренде Барат
148925695,1934100,uk,Бото
148925772,1934101,uk,Балехумара
148925849,1934102,uk,Бахои
148926003,1934104,uk,Махангианг
148926234,1934107,uk,Тулусан
148926542,1934111,uk,Тавара
148927158,1934119,uk,Батумауира
148927543,1934124,uk,Муленген
148927774,1934127,uk,Лумбо
148927851,1934128,uk,Баволеу
148928082,1934131,uk,\N
148928159,1934132,uk,Ваво
148928236,1934133,uk,Паники
148928621,1934138,uk,Батусенгго
148928698,1934139,uk,Беонг
148928775,1934140,uk,Салили
148928852,1934141,uk,Лаи
148929468,1934149,uk,Каралунг
148929776,1934153,uk,Бебали
148930084,1934157,uk,Ланси
148930238,1934159,uk,Тароране
148930392,1934161,uk,Акесимбека
148930469,1934162,uk,Баху
148930546,1934163,uk,Намитунг
148930931,1934168,uk,Мала
148931085,1934170,uk,Макоа
148931239,1934172,uk,Калихианг
148931393,1934174,uk,Баху
148931624,1934177,uk,Капета
148931778,1934179,uk,Балиранген
148931932,1934181,uk,Татахаденг
148932086,1934183,uk,Бухиас
148932163,1934184,uk,Матоле
148932548,1934189,uk,Тапиле
148932779,1934192,uk,Пахепа
148933857,1934206,uk,Нагха Сату
148936783,1934244,uk,Тенда
148937168,1934249,uk,Мандои
148937476,1934253,uk,Мананауокулур
148937707,1934256,uk,Пинтаренг
148938554,1934267,uk,Талоаране
148941249,1934302,uk,Пунтинг
148941403,1934304,uk,Лаванг
148941634,1934307,uk,Хамисанг
148942096,1934313,uk,Бебаланг
148942712,1934321,uk,Мохонсауанг
148943020,1934325,uk,Гиханг
148944406,1934343,uk,Малапинту
148944637,1934346,uk,Бунгалауанг
148944714,1934347,uk,Макауанг
148944791,1934348,uk,Махена
148945253,1934354,uk,Батулеуехе
148945561,1934358,uk,Леса
148946023,1934364,uk,Посонг
148946408,1934369,uk,Енггохе
148946947,1934376,uk,Моронге
148947101,1934378,uk,Нуса
148947178,1934379,uk,Салисеуату
148947948,1934389,uk,Балоуохе
148948718,1934399,uk,Раку
148948949,1934402,uk,Кенгкубананг
148949873,1934414,uk,Соа
148950104,1934417,uk,Дарипабауах
148950412,1934421,uk,Бингкоко
148950489,1934422,uk,Панентенг
148950797,1934426,uk,Думухунг
148951259,1934432,uk,Боуонгкулу
148951721,1934438,uk,Палаханаенг
148952029,1934442,uk,Баху Бауах
148953877,1934466,uk,Тапуанг
148955340,1934485,uk,Муенг
148956110,1934495,uk,Бахоуо
148956187,1934496,uk,Бентунг
148956341,1934498,uk,Бару
148956495,1934500,uk,Тиуело
148957573,1934514,uk,Мотолинг Сату
148957881,1934518,uk,Тумпаан Сату
148957958,1934519,uk,Тумпаан Дуа
148958112,1934521,uk,Льюет
148958189,1934522,uk,Уууран Сату
148958420,1934525,uk,Силиан Дуа
148960191,1934548,uk,Ніоро
148962732,1934581,uk,Букака
148962886,1934583,uk,Тутуыан
148963348,1934589,uk,Бангер
148965427,1934616,uk,Калукубео
148966505,1934630,uk,Камбаыанг
148967275,1934640,uk,Палеонг
148967506,1934643,uk,Лайонгко
148969123,1934664,uk,Лаора
148970047,1934676,uk,Сапа
148970355,1934680,uk,Аотара
148970509,1934682,uk,Болапатти
148971510,1934695,uk,Токале
148971818,1934699,uk,Улауенг
148971895,1934700,uk,Пуудонги
148972742,1934711,uk,Касидула
148972896,1934713,uk,Парахуа
148972973,1934714,uk,Арандахи
148973589,1934722,uk,Седоа
148973897,1934726,uk,Латамбага
148974051,1934728,uk,Лаломбаа
148976592,1934761,uk,Тонггони
148976669,1934762,uk,Пеламбуа
148976977,1934766,uk,Уатупуте
148979210,1934795,uk,Анайвою
148979826,1934803,uk,Уундумопоко
148980750,1934815,uk,Уолтермонгинсиди
148981674,1934827,uk,Сидоурип
148981905,1934830,uk,Матабубу
148983522,1934851,uk,Мосоуи
148987295,1934900,uk,Калумбатанг
148987449,1934902,uk,Карумпа Барат
148989913,1934934,uk,Моа
148990144,1934937,uk,Ау
148990529,1934942,uk,Бахоуе
148990760,1934945,uk,Толаи
148994995,1935000,uk,Хималаыа
148996458,1935019,uk,Лоту
148999615,1935060,uk,Бару
149000000,1935065,uk,Тауао
149001078,1935079,uk,Кабонена
149001309,1935082,uk,Бахарі
149001617,1935086,uk,Камонйи
149001771,1935088,uk,Панггона
149003850,1935115,uk,Таипарангго
149004389,1935122,uk,Тинггеде
149004928,1935129,uk,Балиасе
149005005,1935130,uk,Таипанггабе
149007007,1935156,uk,Балингги Сату
149007392,1935161,uk,Ленпан
149007931,1935168,uk,Лабуанкеламбу
149008393,1935174,uk,Анггрек
149008624,1935177,uk,Катаыан
149009625,1935190,uk,Банабунги
149009856,1935193,uk,Лабалауа
149011781,1935218,uk,Тампалас
149012859,1935232,uk,Ланде
149013244,1935237,uk,Лабурунци
149014091,1935248,uk,Балиара
149014245,1935250,uk,Рахадопи
149016940,1935285,uk,Ламарайа
149017633,1935294,uk,Моне
149017710,1935295,uk,Бомбонауулу
149017941,1935298,uk,Моко
149019096,1935313,uk,Толандона
149019558,1935319,uk,Уанайати
149019866,1935323,uk,Балидуипа
149020867,1935336,uk,Копалиа
149021637,1935346,uk,Бонебоне
149023023,1935364,uk,Хендеа
149024101,1935378,uk,Симпанган
149024640,1935385,uk,Танамаета
149025795,1935400,uk,Каваханг
149026026,1935403,uk,Батубулан
149026180,1935405,uk,Наменг
149026334,1935407,uk,Букиде
149026411,1935408,uk,Хиунг
149026488,1935409,uk,Какалабе
149026642,1935411,uk,Апелаво
149026873,1935414,uk,Деахе
149027027,1935416,uk,Кинали
149027104,1935417,uk,Уинангон
149027181,1935418,uk,Мини
149027566,1935423,uk,Лехи
149027720,1935425,uk,Канавонг
149028028,1935429,uk,Маландахидарат
149028259,1935432,uk,Пиланоа
149029260,1935445,uk,Контумере
149029337,1935446,uk,Ламаео
149030030,1935455,uk,Лабалиа
149031647,1935476,uk,Ваконаве
149032494,1935487,uk,Калака
149033341,1935498,uk,Лагунтуру
149035112,1935521,uk,Пеохоа
149036883,1935544,uk,Гала
149037268,1935549,uk,Лайвору
149037499,1935552,uk,Уансе
149037884,1935557,uk,Гхонебалано
149038962,1935571,uk,Воу
149039193,1935574,uk,Буту
149040271,1935588,uk,Хаохаооко
149041195,1935600,uk,Тиртауанги
149043351,1935628,uk,Полевали
149044506,1935643,uk,Батууападу
149046046,1935663,uk,Толанго Даа
149046585,1935670,uk,Дхі Самаа
149046816,1935673,uk,Табуло
149047817,1935686,uk,Олухута
149048433,1935694,uk,Пакуку
149048895,1935700,uk,Пунцак
149049357,1935706,uk,Лонгги
149052283,1935744,uk,Ватумелеве
149053977,1935766,uk,Гунунгуасунуси
149054285,1935770,uk,Мондое
149054670,1935775,uk,Ранооха
149056980,1935805,uk,Монггариа
149057673,1935814,uk,Ламбудони
149058597,1935826,uk,Падопадо
149060137,1935846,uk,Лалампу
149060830,1935855,uk,Берингинйаыа Сату
149062986,1935883,uk,Уентанага Бауах
149063063,1935884,uk,Баило
149063294,1935887,uk,Симпангтига
149063833,1935894,uk,Синампангныо
149064064,1935897,uk,Булудонгкалан
149064372,1935901,uk,Кохоботи
149064526,1935903,uk,Лумпокныо
149064603,1935904,uk,Сохо
149064757,1935906,uk,Тонтоуан
149065604,1935917,uk,Пополион
149065758,1935919,uk,Мелам
149066990,1935935,uk,Хоыула
149067529,1935942,uk,Сороса
149067606,1935943,uk,Лаголе
149067837,1935946,uk,Макоро
149067914,1935947,uk,Таипабу
149068299,1935952,uk,Сиомануру
149068376,1935953,uk,Амбуау
149070070,1935975,uk,Липу
149070301,1935978,uk,Лангере
149070609,1935982,uk,Бангкалан
149071687,1935996,uk,Малук
149073381,1936018,uk,Андалас
149074151,1936028,uk,Палопо
149074767,1936036,uk,Банйар
149075075,1936040,uk,Похилихе
149077231,1936068,uk,Понго
149081620,1936125,uk,Намбойаыа
149083468,1936149,uk,Лалонг
149083699,1936152,uk,Бонтоси
149085932,1936181,uk,Бонебару
149088242,1936211,uk,Кампунг Байо
149088319,1936212,uk,Матанга
149090013,1936234,uk,Кокондонг
149091245,1936250,uk,Топе
149091399,1936252,uk,Лалар
149094325,1936290,uk,Гареге
149096327,1936316,uk,Сапо
149096481,1936318,uk,Салуайо
149099407,1936356,uk,Рантауйаыа
149100177,1936366,uk,Камбавуна
149103257,1936406,uk,Иломата
149104258,1936419,uk,Иболиан
149105644,1936437,uk,Лолаыан
149106029,1936442,uk,Инобонто Сату
149107569,1936462,uk,Поигар
149109802,1936491,uk,Танггунг
149110110,1936495,uk,Глодокан
149110187,1936496,uk,Пасир Кидул
149110418,1936499,uk,Уотс
149110803,1936504,uk,Пандансари
149110880,1936505,uk,Сумберингин Кулон
149111111,1936508,uk,Селорейо
149111342,1936511,uk,Балесоно
149111419,1936512,uk,Миригамбар
149111573,1936514,uk,Самбидопланг
149112343,1936524,uk,Пойок
149113036,1936533,uk,Самбирейо
149113113,1936534,uk,Бан І Луп
149113267,1936536,uk,Тунггангри
149113729,1936542,uk,Салакан Лор
149114499,1936552,uk,Пелем
149114807,1936556,uk,Пагерсари
149115269,1936562,uk,Йабон
149116347,1936576,uk,Нгейринг
149116424,1936577,uk,Карангсонойабон
149117117,1936586,uk,Йатирейо
149117348,1936589,uk,Нгрейо
149117579,1936592,uk,Карангталун Лор
149117733,1936594,uk,Нганггрек
149118349,1936602,uk,Тумпакйохо
149119504,1936617,uk,Кедунгдоуо
149120967,1936636,uk,Мандинг
149121121,1936638,uk,Текик Уетан
149121198,1936639,uk,Текикбаныуурип
149121275,1936640,uk,Дарунган
149121506,1936643,uk,Танггунггунунг
149121660,1936645,uk,Крайан
149122584,1936657,uk,Калигентонг
149123508,1936669,uk,Йенгглунгхарйо
149124663,1936684,uk,Паданган
149124971,1936688,uk,Тенггур
149125125,1936690,uk,Банйарсари Кидул
149125202,1936691,uk,Тегалрейо
149125433,1936694,uk,Пакисрейо
149125510,1936695,uk,Бімбіні
149126511,1936708,uk,Тугу
149126742,1936711,uk,Бендорубух
149126819,1936712,uk,Самір
149127204,1936717,uk,Джатідово
149127589,1936722,uk,Сумберагунг
149128051,1936728,uk,Пурводаді
149128282,1936731,uk,Сукорейо
149128513,1936734,uk,Тенггонг
149128590,1936735,uk,Карангсоно
149128744,1936737,uk,Нглууенг Дуа
149129591,1936748,uk,Сумберйо
149130053,1936754,uk,Демук
149130438,1936759,uk,Марон
149130515,1936760,uk,Кебонсари
149131208,1936769,uk,Панггунгдуует
149131362,1936771,uk,Панггунгуни
149131516,1936773,uk,Пакисайи
149131747,1936776,uk,Бендосари
149132440,1936785,uk,Сумбербендо
149132671,1936788,uk,Лорейо
149132825,1936790,uk,Кедунгбантенг
149132979,1936792,uk,Нгрейо
149133210,1936795,uk,Мирибантенг
149134057,1936806,uk,Кроменган
149134211,1936808,uk,Йатирейо
149134596,1936813,uk,Нгрецо
149134750,1936815,uk,Сумберейо
149134827,1936816,uk,Сукоаныар
149134904,1936817,uk,Сембунг
149134981,1936818,uk,Крайан
149135366,1936823,uk,Крайан
149135828,1936829,uk,Бандунг
149136675,1936840,uk,Барисан
149136983,1936844,uk,Копрал
149137830,1936855,uk,Дадапан
149138292,1936861,uk,Крайан
149138600,1936865,uk,Сумбертимо
149139447,1936876,uk,Сукомулыо
149140294,1936887,uk,Крайан Дуа Путукрейо
149140525,1936890,uk,Крайан Сату
149141218,1936899,uk,Калипаре
149141834,1936907,uk,Воносарі
149142527,1936916,uk,Рингинрейо
149143066,1936923,uk,Слумбунг
149144914,1936947,uk,Пурвосарі
149145992,1936961,uk,Баос
149146146,1936963,uk,Сукосеуу Сату
149146377,1936966,uk,Сумберагунг Сату
149146685,1936970,uk,Тамбакан
149147070,1936975,uk,Сендунг
149148071,1936988,uk,Котес
149148225,1936990,uk,Санан
149148302,1936991,uk,Йайар
149148610,1936995,uk,Тембаланг
149149380,1937005,uk,Плумбанган
149149842,1937011,uk,Гоголатар
149149919,1937012,uk,Камулан
149150227,1937016,uk,Соногунтинг
149150535,1937020,uk,Гогосукет
149150843,1937024,uk,Пандеан
149151228,1937029,uk,Суру
149153076,1937053,uk,Клемунан
149153538,1937059,uk,Тулунгрейо
149153692,1937061,uk,Тегалрейо
149153846,1937063,uk,Сраги
149153923,1937064,uk,Уонорейо Дуа
149154231,1937068,uk,Тумпанг
149154308,1937069,uk,Йеблог Сату
149154385,1937070,uk,Бендосеву
149154539,1937072,uk,Дурен
149154770,1937075,uk,Букур
149155078,1937079,uk,Доко
149155155,1937080,uk,Беру
149157388,1937109,uk,Балерейо
149158620,1937125,uk,Сумберингин
149159005,1937130,uk,Ампелгадинг
149159082,1937131,uk,Калиманис
149159236,1937133,uk,Ресапомбо
149160468,1937149,uk,Темпурсари Уетан
149161084,1937157,uk,Бумирейо
149161315,1937160,uk,Сидорейо
149162624,1937177,uk,Кемири Геде
149162855,1937180,uk,Рингинрейо
149164087,1937196,uk,Йамбууеркрайан
149164241,1937198,uk,Сидомулыо
149164318,1937199,uk,Сумберейо Уетан
149164472,1937201,uk,Цунгкуп
149164857,1937206,uk,Тепас
149165396,1937213,uk,Тапакрейо
149166397,1937226,uk,Крандил
149166551,1937228,uk,Керторейо
149166936,1937233,uk,Кепел
149167013,1937234,uk,Пакел
149168014,1937247,uk,Воносарі
149168707,1937256,uk,Кедунгмалинг
149169862,1937271,uk,Танйунг Барат
149169939,1937272,uk,Танйунг Тимур
149170016,1937273,uk,Пуло
149170093,1937274,uk,Клампок
149170170,1937275,uk,Петинг
149170863,1937284,uk,Гаям
149171171,1937288,uk,Мойорембун
149171556,1937293,uk,Гондел
149172095,1937300,uk,Менден
149172711,1937308,uk,Темулус
149173250,1937315,uk,Сумберрейо
149173789,1937322,uk,Пиланг
149174867,1937336,uk,Каденган
149175560,1937345,uk,Плосо Уетан
149176638,1937359,uk,Нграхо
149177177,1937366,uk,Карангбоыо
149177254,1937367,uk,Нгрото
149177562,1937371,uk,Цапер
149177639,1937372,uk,Нгело
149178640,1937385,uk,Демакан
149179025,1937390,uk,Кунцен
149179410,1937395,uk,Тамбаккромо
149179487,1937396,uk,Мулыорейо
149179641,1937398,uk,Мернунг
149179718,1937399,uk,Серен
149180257,1937406,uk,Кентонган
149180565,1937410,uk,Нгукен
149180642,1937411,uk,Робаыан
149180719,1937412,uk,Пенгкок
149181104,1937417,uk,Мерсодо
149181335,1937420,uk,Нгланйук
149181489,1937422,uk,Балангпуле
149181797,1937426,uk,Бімбіні
149181951,1937428,uk,Гемпол
149182105,1937430,uk,Сонорейо
149182413,1937434,uk,Нгепер
149182567,1937436,uk,Пурвореджо
149182644,1937437,uk,Пранги
149182721,1937438,uk,Сумберпиту
149182875,1937440,uk,Тебон
149183029,1937442,uk,Сугихуарас
149184492,1937461,uk,Кемантрен
149184723,1937464,uk,Йетис
149184800,1937465,uk,Клаген
149185031,1937468,uk,Кетаванг
149185570,1937475,uk,Пурва
149185878,1937479,uk,Кетуван
149186109,1937482,uk,Тапелан
149186340,1937485,uk,Клемпун
149186494,1937487,uk,Пенгкол
149186802,1937491,uk,Пандан
149187110,1937495,uk,Нгори
149187264,1937497,uk,Мойорейо
149188573,1937514,uk,Батокан
149188804,1937517,uk,Секаран
149188881,1937518,uk,Сурох
149189035,1937520,uk,Клитех
149189420,1937525,uk,Целангап
149189574,1937527,uk,Ценгунгклунг
149189651,1937528,uk,Телумбунг
149190036,1937533,uk,Семандинг
149190267,1937536,uk,Бесах
149190883,1937544,uk,Кацанган Лор
149191037,1937546,uk,Кембанган
149191730,1937555,uk,Катур
149192500,1937565,uk,Банйарйо
149192654,1937567,uk,Кетаванг
149192962,1937571,uk,Тембелинг
149193039,1937572,uk,Дукух Лор
149193270,1937575,uk,Булу
149193886,1937583,uk,Рингинтунггал
149193963,1937584,uk,Гаям
149194348,1937589,uk,Бегед
149195195,1937600,uk,Бонорейо
149196427,1937616,uk,Доунг
149197428,1937629,uk,Гаплук
149197736,1937633,uk,Донан
149197967,1937636,uk,Тинумпук
149198121,1937638,uk,Тлатах
149198198,1937639,uk,Нгрейенг
149199430,1937655,uk,Пелем
149199815,1937660,uk,Мойосавіт
149199969,1937662,uk,Пурвосарі
149200123,1937664,uk,Воноколо
149200816,1937673,uk,Нгрово
149201278,1937679,uk,Тамбакмерак
149201355,1937680,uk,Сенданг
149201740,1937685,uk,Уанглу Кулон
149201894,1937687,uk,Ванглу Ветан
149202125,1937690,uk,Леран
149202279,1937692,uk,Медалем
149202510,1937695,uk,Саранг
149202972,1937701,uk,Банаран
149203126,1937703,uk,Воносарі
149203357,1937706,uk,Баныуурип
149203511,1937708,uk,Кавенган
149204050,1937715,uk,Ледок
149204358,1937719,uk,Готак
149204743,1937724,uk,Судах
149205051,1937728,uk,Нгуйунг
149206206,1937743,uk,Карук
149206668,1937749,uk,Мало
149207130,1937755,uk,Блайо
149207438,1937759,uk,Кемендунг
149207515,1937760,uk,Кемлагигеде
149207746,1937763,uk,Бамбанг
149207900,1937765,uk,Бару
149208054,1937767,uk,Гова
149208208,1937769,uk,Вару
149208362,1937771,uk,Гамбухан Кидул
149208670,1937775,uk,Цандитунггал
149208824,1937777,uk,Депек
149209132,1937781,uk,Паланган
149209440,1937785,uk,Лембунг Лор
149209671,1937788,uk,Маыонг Тенгах
149210287,1937796,uk,Веденг
149210826,1937803,uk,Млаве
149210903,1937804,uk,Каранг Кулон
149211134,1937807,uk,Лунтас
149212135,1937820,uk,Блаві
149212597,1937826,uk,Ладан
149212982,1937831,uk,Нгуйунг
149213521,1937838,uk,Богобабадан
149214368,1937849,uk,Йребенг
149214522,1937851,uk,Барон
149214599,1937852,uk,Банйараныар
149214830,1937855,uk,Ватанган
149214907,1937856,uk,Самбопинггир
149215061,1937858,uk,Вінду
149215215,1937860,uk,Магок
149215985,1937870,uk,Приосо Барат
149216524,1937877,uk,Кебон
149216909,1937882,uk,Цалан
149217063,1937884,uk,Батуроно
149217910,1937895,uk,Помпонган
149218834,1937907,uk,Дуни
149219142,1937911,uk,Турі
149219219,1937912,uk,Гетунг
149219450,1937915,uk,Цандипари
149219835,1937920,uk,Плосогененг
149220451,1937928,uk,Паґервойо
149220605,1937930,uk,Маде
149220682,1937931,uk,Танйунг
149220913,1937934,uk,Било
149221144,1937937,uk,Нгаглик Тимур
149221221,1937938,uk,Туменггунган
149221452,1937941,uk,Криан
149221529,1937942,uk,Кендаруан
149221606,1937943,uk,Йетис
149221837,1937946,uk,Декет Кулон
149222222,1937951,uk,Кесет
149222607,1937956,uk,Глугу
149222684,1937957,uk,Балун
149222838,1937959,uk,Мланггенг
149222992,1937961,uk,Рауаглагах
149223146,1937963,uk,Кепутран
149223300,1937965,uk,Сугихуарас
149223531,1937968,uk,Гайах
149223685,1937970,uk,Бендунган
149223916,1937973,uk,Нгинйен
149224301,1937978,uk,Семамбунг
149224378,1937979,uk,Кебон Тенгах
149224609,1937982,uk,Даганган
149225071,1937988,uk,Сампанган
149225225,1937990,uk,Буцу Лор
149225302,1937991,uk,Буцу Кидул
149225687,1937996,uk,Суданган
149225841,1937998,uk,Мендого Лор
149226226,1938003,uk,Плособуден
149226611,1938008,uk,Беган
149226919,1938012,uk,Мунгли
149227073,1938014,uk,Лукрейо
149227458,1938019,uk,Декет Уетан
149228151,1938028,uk,Нівен
149228998,1938039,uk,Кенонго
149232309,1938082,uk,Ардирейо
149232463,1938084,uk,Бендо
149233464,1938097,uk,Плосоканданг
149234311,1938108,uk,Суконоло Крайан
149235158,1938119,uk,Вагір
149235235,1938120,uk,Кепух
149235312,1938121,uk,Циптомулыо
149236159,1938132,uk,Бумиаыу
149236929,1938142,uk,Секарсари
149237391,1938148,uk,Гунунгсари
149237622,1938151,uk,Ватудакон
149238315,1938160,uk,Сидомулыо
149239547,1938176,uk,Сидоайи
149240548,1938189,uk,Крапыак Кидул
149241087,1938196,uk,Напел
149243782,1938231,uk,Йамбекумбу
149244013,1938234,uk,Суцо
149244090,1938235,uk,Пасрукрайан Сату
149244398,1938239,uk,Вонореджо
149244475,1938240,uk,Бурно
149244860,1938245,uk,Крайанйамбеарум
149245322,1938251,uk,Канданган
149246939,1938272,uk,Бедаыуталанг
149247016,1938273,uk,Бедаыу
149247478,1938279,uk,Гасри
149248094,1938287,uk,Урингинсари
149248633,1938294,uk,Пакел
149248787,1938296,uk,Воноайю
149249480,1938305,uk,Крайан
149250327,1938316,uk,Пуле
149250404,1938317,uk,Сидомакмур
149251020,1938325,uk,Танйунг
149251944,1938337,uk,Сидомулыо
149252714,1938347,uk,Крайан
149253176,1938353,uk,Крайан
149253330,1938355,uk,Сидорейо
149253792,1938361,uk,Секартанйунг
149254023,1938364,uk,Карангрейо
149254870,1938375,uk,Крайан Сату
149255563,1938384,uk,Антрукан
149256025,1938390,uk,Дарунган
149256718,1938399,uk,Крайан
149256795,1938400,uk,Крайан
149257719,1938412,uk,Крайан
149257950,1938415,uk,Макам
149258335,1938420,uk,Кетиндан
149258412,1938421,uk,Тамань
149258566,1938423,uk,Крайан
149258797,1938426,uk,Бенце
149259490,1938435,uk,Умпак
149259875,1938440,uk,Крайан
149259952,1938441,uk,Сидодади
149260029,1938442,uk,Крайан Сату
149260722,1938451,uk,Дарунган Лор
149260876,1938453,uk,Сруникрайан
149261415,1938460,uk,Крайан
149261877,1938466,uk,Крайан
149262416,1938473,uk,Крайан
149262724,1938477,uk,Крайан Уетан
149263494,1938487,uk,Секарпутих
149264264,1938497,uk,Крайан Бару
149264572,1938501,uk,Кайаран
149264649,1938502,uk,Сукодоно
149264726,1938503,uk,Роготрунан
149265265,1938510,uk,Йалинан
149265419,1938512,uk,Карангхарйо
149265650,1938515,uk,Сукмоиланг
149267575,1938540,uk,Бабан Тенгах
149268114,1938547,uk,Седати
149268191,1938548,uk,Пасембон
149268576,1938553,uk,Селорейо
149268730,1938555,uk,Кедунгрейо
149269115,1938560,uk,Сінепорехо Краян
149269808,1938569,uk,Цурахйати
149270578,1938579,uk,Рингинтелу
149270809,1938582,uk,Сумберкепох
149270963,1938584,uk,Сумберлухур
149271117,1938586,uk,Йатимулыо
149271502,1938591,uk,Персен
149272118,1938599,uk,Кендалрейо
149272272,1938601,uk,Тегалсари
149272349,1938602,uk,Сумберасри
149277816,1938673,uk,Тегалхарджо Краян Тенгах
149279510,1938695,uk,Пурводойо
149282051,1938728,uk,Парангарджо Краян
149282513,1938734,uk,Тамбакбаыан
149285670,1938775,uk,Уиыаыу Барат
149285901,1938778,uk,Андонгсари
149286055,1938780,uk,Паданг Краян
149286671,1938788,uk,Цантук Кидул
149286825,1938790,uk,Рукем
149288365,1938810,uk,Копен
149288750,1938815,uk,Гендо Краян
149289289,1938822,uk,Пасинан Барат
149289443,1938824,uk,Гуміріх Краян
149289982,1938831,uk,Крайан
149293293,1938874,uk,Гамбор Краян
149293524,1938877,uk,Меликкрайан
149295680,1938905,uk,Паыаман
149296065,1938910,uk,Семаланг
149296450,1938915,uk,Гентінг Ветан Краян
149296681,1938918,uk,Копен
149296835,1938920,uk,Сетайл Краян
149297451,1938928,uk,Семпу
149297605,1938930,uk,Плаланган
149298760,1938945,uk,Йелантик
149298991,1938948,uk,Пененг
149299299,1938952,uk,Туа
149300608,1938969,uk,Емпалан
149300993,1938974,uk,Лувус
149301147,1938976,uk,Банджар Буахан
149301686,1938983,uk,Пангсан
149302764,1938997,uk,Тука
149302841,1938998,uk,Перган
149303303,1939004,uk,Похгендинг Кангин
149303765,1939010,uk,Похгендинг Кауан
149304304,1939017,uk,Паыанган Тенгах
149304381,1939018,uk,Петига
149305074,1939027,uk,Пенатахан Кайа
149305382,1939031,uk,Баыад
149305459,1939032,uk,Целук
149305767,1939036,uk,Бенг
149305998,1939039,uk,Пемийиан
149307307,1939056,uk,Балеагунг
149308616,1939073,uk,Бунутан
149308924,1939077,uk,Дайанпекен
149310079,1939092,uk,Буруан Тенгах
149310926,1939103,uk,Тембау
149312235,1939120,uk,Уанасари Балеран
149312851,1939128,uk,Кууумкумамбал
149313005,1939130,uk,Кекеран
149313313,1939134,uk,Брахмана
149313698,1939139,uk,Пегонган
149314314,1939147,uk,Баса
149314468,1939149,uk,Тунйук Селатан
149314853,1939154,uk,Кедеватан
149315546,1939163,uk,Банйар Тенгах
149316008,1939169,uk,Пенгембунан
149316239,1939172,uk,Буахан Тенгах
149318010,1939195,uk,Убунг
149318395,1939200,uk,Беаунг Тенгах
149318626,1939203,uk,Мелинггих
149318934,1939207,uk,Петанг
149322938,1939259,uk,Сукорейо
149323631,1939268,uk,Тангкуп
149324940,1939285,uk,Келі
149325402,1939291,uk,Леля
149325864,1939297,uk,Рато
149325941,1939298,uk,Пенарага
149326095,1939300,uk,Писанг
149326634,1939307,uk,Нару
149326788,1939309,uk,Расабоу
149326942,1939311,uk,Ронту
149327096,1939313,uk,Кумбе
149327481,1939318,uk,Кендо Сату
149327635,1939320,uk,Пенанае
149328405,1939330,uk,Доду Дуа
149328482,1939331,uk,Нунгга
149328713,1939334,uk,Нтобо
149329329,1939342,uk,Рато
149341187,1939496,uk,Паппанг
149350427,1939616,uk,Киланг
149350504,1939617,uk,Махиа
149350581,1939618,uk,Амахусу
149351197,1939626,uk,Уатулумбунг
149351274,1939627,uk,Сурухан
149357126,1939703,uk,Слеманан
149357203,1939704,uk,Рингинаныар
149364749,1939802,uk,Дандонг
149365596,1939813,uk,Багеленан
149366520,1939825,uk,Йатиленггер
149375067,1939936,uk,Нгоран
149383152,1940041,uk,Тиртоыудо
149396627,1940216,uk,Танггул Кулон
149396781,1940218,uk,Танггул Уетан
149407407,1940356,uk,Гемполсеуу
149409101,1940378,uk,Модопуро
149411565,1940410,uk,Сувалух
149417648,1940489,uk,Нгадимулыо
149429275,1940640,uk,Кебаленан
149429352,1940641,uk,Уонособо Тимур
149434511,1940708,uk,Мундех Кангин
149438361,1940758,uk,Кукух
149439824,1940777,uk,Батуагунг
149440132,1940781,uk,Роденго - Роденек
149440209,1940782,uk,Кедесе
149442904,1940817,uk,Тенгах
149442981,1940818,uk,Тамань
149446138,1940859,uk,Цемара
149448217,1940886,uk,Банйар Белок
149448525,1940890,uk,Банйар Тохйиуо
149448602,1940891,uk,Банйар Батуныа
149448679,1940892,uk,Банйар Апуан
149448756,1940893,uk,Банйар Бангли
149448833,1940894,uk,Банйар Сенганан Кангин
149448910,1940895,uk,Банйар Гунунгбау
149448987,1940896,uk,Банйар Тандангбуанасари
149449064,1940897,uk,Банйар Пемпатан
149449141,1940898,uk,Банйар Бесаких Кангин
149449218,1940899,uk,Банйар Себуди
149449372,1940901,uk,Банйар Метра Тенгах
149449449,1940902,uk,Менанга
149449680,1940905,uk,Банйар Карангсуунг Кайа
149449757,1940906,uk,Банйар Пенида Кайа
149449834,1940907,uk,Прингалот
149449988,1940909,uk,Банйар Геде
149450065,1940910,uk,Дуда
149450219,1940912,uk,Умасари Каух
149450450,1940915,uk,Банйар Йехем Кайа
149450527,1940916,uk,Банйар Бангбанг
149450604,1940917,uk,Банйар Далам
149450681,1940918,uk,Сангкангунунг
149450758,1940919,uk,Банйар Кауан
149450835,1940920,uk,Банйар Тенгах
149450912,1940921,uk,Банйар Песабан Кауан
149451066,1940923,uk,Банйар Сидакариа
149451143,1940924,uk,Банйар Калеран
149451220,1940925,uk,Кангин
149451297,1940926,uk,Банйар Тенгах
149451374,1940927,uk,Банйар Селат
149451451,1940928,uk,Банйар Тангкуп Аныар
149451528,1940929,uk,Банйар Биныан
149451605,1940930,uk,Банйар Улиан
149451759,1940932,uk,Банйар Беланцан
149451836,1940933,uk,Банйар Маниклиыу
149451913,1940934,uk,Банйар Менгани
149451990,1940935,uk,Банйар Лембеан
149452067,1940936,uk,Банйар Баыунгцерик
149452144,1940937,uk,Банйар Бунутин
149452221,1940938,uk,Банйар Манггух
149452298,1940939,uk,Банйар Секардади
149452375,1940940,uk,Банйар Боныох
149452452,1940941,uk,Банйар Катунг
149452529,1940942,uk,Банйар Ланггахан Кангин
149452606,1940943,uk,Банйар Бануа
149452760,1940945,uk,Банйар Абуан
149452837,1940946,uk,Банйар Секаан
149452914,1940947,uk,Банйар Пенготан
149453068,1940949,uk,Банйар Керта
149455609,1940982,uk,Банйар Тегал
149455763,1940984,uk,Банйар Тегеха
149470085,1941170,uk,Банйар Беланга
149489874,1941427,uk,Туту Лаук
149501809,1941582,uk,Мухайирин
149506737,1941646,uk,Монтонгсари
149507815,1941660,uk,Кебонбонгор
149508046,1941663,uk,Карангкесуме
149512743,1941724,uk,Керато
149519057,1941806,uk,Симпасаи
149519211,1941808,uk,Каріджава
149519365,1941810,uk,Поту
149520443,1941824,uk,Кандаи Дуа
149524062,1941871,uk,Керонгконг
149530607,1941956,uk,Деуатангга
149530838,1941959,uk,Доре Сату
149531146,1941963,uk,Ґуданг
149532224,1941977,uk,Лахеко
149532840,1941985,uk,Минте
149534611,1942008,uk,Раде
149535073,1942014,uk,Расанггаро
149536767,1942036,uk,Танимулыа
149540694,1942087,uk,Торок
149543543,1942124,uk,Уаелеланг
149544467,1942136,uk,Йоенг
149546238,1942159,uk,Аго
149546623,1942164,uk,Лукуп
149547085,1942170,uk,Тампар
149547624,1942177,uk,Веса
149557403,1942304,uk,Карот
149561253,1942354,uk,Васо
149571186,1942483,uk,Питак
149571494,1942487,uk,Юрист
149571571,1942488,uk,Мбаумуку
149576961,1942558,uk,Реданг
149584892,1942661,uk,Маро
149593131,1942768,uk,Лепак
149596442,1942811,uk,Мунде
149606067,1942936,uk,Маттоангин
149610379,1942992,uk,Пинценгпуте
149610456,1942993,uk,Цоппо
149618310,1943095,uk,Кампунгмандар
149619234,1943107,uk,Лакесси
149626549,1943202,uk,Ваттанг
149639023,1943364,uk,Пайалесанг
149643181,1943418,uk,Аппананг
149649110,1943495,uk,Цабенге
149661815,1943660,uk,Булупаббулу
149677831,1943868,uk,Тулискриыо
149677908,1943869,uk,Клампок
149678370,1943875,uk,Минггирсари Дуа
149678447,1943876,uk,Гогодесо
149678832,1943881,uk,Карангсоно
149679602,1943891,uk,Йегу
149679833,1943894,uk,Сатрейан
149680141,1943898,uk,Серут
149680449,1943902,uk,Плосорейо
149680911,1943908,uk,Тенггонг
149681065,1943910,uk,Давухан
149681296,1943913,uk,Сумберйати
149681373,1943914,uk,Дарунган Сату
149681681,1943918,uk,Кембангарум
149681912,1943921,uk,Вонореджо
149681989,1943922,uk,Сукорейо
149682066,1943923,uk,Йинглонг
149682605,1943930,uk,Бацем
149683067,1943936,uk,Клампок
149683221,1943938,uk,Кедунгбундер
149683298,1943939,uk,Сутойаыан
149683375,1943940,uk,Сумберрейо
149684222,1943951,uk,Вонотирто
149684453,1943954,uk,Пасираман
149684607,1943956,uk,Сумбербото Сату
149685762,1943971,uk,Бецирто
149685916,1943973,uk,Канигоро
149685993,1943974,uk,Тумпанг Сату
149686378,1943979,uk,Пандансари
149686609,1943982,uk,Каранганыар
149689612,1944021,uk,Нонгкосеуу
149689689,1944022,uk,Уотс
149690074,1944027,uk,Крайан
149690228,1944029,uk,Белунг Сату
149690459,1944032,uk,Вонореджо
149690844,1944037,uk,Симпангандуует
149691460,1944045,uk,Кедампул
149691537,1944046,uk,Крайан
149692230,1944055,uk,Гаплек
149692307,1944056,uk,Делима
149693616,1944073,uk,Краян Патемон
149694078,1944079,uk,Плаланган
149694463,1944084,uk,Йумерто
149695310,1944095,uk,Серут
149695618,1944099,uk,Сукорамби
149695695,1944100,uk,Краян Сукорамбі
149696311,1944108,uk,Кебонуару Сату
149696619,1944112,uk,Пуринг Кулон
149697081,1944118,uk,Патранг
149697158,1944119,uk,Тегалгеде Кулон
149698236,1944133,uk,Крайан Йембер Лор
149699314,1944147,uk,Дукухменцек Лор
149699853,1944154,uk,Каліватес
149700084,1944157,uk,Кепатихан
149700546,1944163,uk,Сумберкетанги
149700700,1944165,uk,Клонцинг
149701547,1944176,uk,Теленгсари
149701778,1944179,uk,Сумбердангданг
149702009,1944182,uk,Сумберсари Уетан
149702240,1944185,uk,Калиуининг
149702933,1944194,uk,Крайан
149703087,1944196,uk,Семпусари
149703626,1944203,uk,Йубунг
149703703,1944204,uk,Мангли
149704858,1944219,uk,Лангсепан
149705012,1944221,uk,Муктисари
149705320,1944225,uk,Айунг
149707399,1944252,uk,Красак
149707938,1944259,uk,Кломпанган
149708323,1944264,uk,Ренес
149708939,1944272,uk,Дуренан
149709786,1944283,uk,Бедадунг
149710325,1944290,uk,Айунг
149711095,1944300,uk,Краян Сату Плаланган
149711249,1944302,uk,Глагахуеро
149711865,1944310,uk,Тлогоуетан
149712019,1944312,uk,Карангсаданг
149713251,1944328,uk,Гамбиран Уетан
149714483,1944344,uk,Сурен
149715176,1944353,uk,Сумберпинанг Сату
149716023,1944364,uk,Пакусари
149716485,1944370,uk,Сумберкейаыан
149717178,1944379,uk,Клаыу Уетан
149717409,1944382,uk,Кертосари
149718179,1944392,uk,Сидомукти
149718410,1944395,uk,Сепутих
149718718,1944399,uk,Карангкедауунг
149719796,1944413,uk,Сумберагунг
149720720,1944425,uk,Сумберпинанг
149721336,1944433,uk,Мулыорейо
149721413,1944434,uk,Пацаркелинг
149721490,1944435,uk,Прапен
149721567,1944436,uk,Банйар Негари
149721644,1944437,uk,Банйар Гегеланг
149721721,1944438,uk,Банйар Пасек
149721798,1944439,uk,Банйар Калеран
149721875,1944440,uk,Банйар Тихинган
149721952,1944441,uk,Семарапура
149722029,1944442,uk,Банйар Пеканделан
149722106,1944443,uk,Банйар Умесалакан
149722183,1944444,uk,Банйар Кауан
149722260,1944445,uk,Банйар Пеканделан
149722337,1944446,uk,Банйар Лебах
149722414,1944447,uk,Банйар Кангинан
149722568,1944449,uk,Банйар Йабон
149722722,1944451,uk,Банйар Улумсул
149722799,1944452,uk,Банйар Ныампинг
149722876,1944453,uk,Тубанан
149722953,1944454,uk,Банйар Пегатепан
149723030,1944455,uk,Банйар Пекен
149723107,1944456,uk,Банйар Тойан Келод
149723184,1944457,uk,Банйар Кауан
149723338,1944459,uk,Банйар Гетакан
149723492,1944461,uk,Банйар Тенгах
149723569,1944462,uk,Банйар Панцинган
149723723,1944464,uk,Банйар Кауан
149723800,1944465,uk,Гелогор
149724108,1944469,uk,Банйар Кангинан
149724185,1944470,uk,Банйар Калер
149724262,1944471,uk,Даван
149725263,1944484,uk,Тамансарі Краян
149725340,1944485,uk,Балокан
149725725,1944490,uk,Блокагунг
149726187,1944496,uk,Барурейо
149729190,1944535,uk,Клунцинг
149729267,1944536,uk,Пакель Краян
149730268,1944549,uk,Платаран
149731500,1944565,uk,Сонггон
149731577,1944566,uk,Сонггон Крайан
149731885,1944570,uk,Срагикрайан
149732116,1944573,uk,Сумберагунг
149732193,1944574,uk,Сумберарумкрайан
149737660,1944645,uk,Тиртопуро
149738122,1944651,uk,Крайанпутук
149739354,1944667,uk,Келір Краян
149740740,1944685,uk,Детик Сату
149741279,1944692,uk,Таман Сурух Краян
149741741,1944698,uk,Ліцин Краян
149742434,1944707,uk,Кампунганьяр Краян
149743820,1944725,uk,Банджар Краян
149744205,1944730,uk,Джелун Краян
149744359,1944732,uk,Гумук Краян
149745437,1944746,uk,Паспан Краян
149745668,1944749,uk,Глага Краян
149745822,1944751,uk,Олехсари
149745899,1944752,uk,Олегсарі Краян
149746438,1944759,uk,Кемірен Краян
149746669,1944762,uk,Кенджо Краян
149747439,1944772,uk,Рейосарі Краян
149748440,1944785,uk,Гаплак
149748671,1944788,uk,Банджарсарі Краян
149749056,1944793,uk,Пенатабан Краян Сату
149749210,1944795,uk,Гірі Краян
149749826,1944803,uk,Виродаян
149750365,1944810,uk,Пенганджуран Краян
149750442,1944811,uk,Тукангкаю Краян Селатан
149750673,1944814,uk,Тукангкаыу
149750904,1944817,uk,Цунгкинг
149751058,1944819,uk,Собо Краян
149751135,1944820,uk,Кебаленан Краян Сату
149751905,1944830,uk,Пакіс Краян
149752136,1944833,uk,Кепух Уетан
149752521,1944838,uk,Сумбердалем
149752829,1944842,uk,Кертосари
149753214,1944847,uk,Сінґотрунан Краян
149755678,1944879,uk,Серирит
149755909,1944882,uk,Дайанрурунг
149756140,1944885,uk,Умбаныар
149756217,1944886,uk,Пурва
149757218,1944899,uk,Тамансари
149757295,1944900,uk,Танггууисиа
149757449,1944902,uk,Келодан
149757526,1944903,uk,Банйар Дауан
149757680,1944905,uk,Амбиан
149758065,1944910,uk,Тампекан
149758912,1944921,uk,Пегаыаман
149759528,1944929,uk,Пангкунгпарук
149760067,1944936,uk,Ыатныакети
149760452,1944941,uk,Каван
149760683,1944944,uk,Бератан
149761376,1944953,uk,Кайанан
149761838,1944959,uk,Лебахсери
149761915,1944960,uk,Балеагунг
149762069,1944962,uk,Кертанади
149762685,1944970,uk,Бестала
149762839,1944972,uk,Банйарсари
149763070,1944975,uk,Дайанпура
149763763,1944984,uk,Банйар Труныан
149763917,1944986,uk,Банйар Кедисан
149763994,1944987,uk,Банджар Буахан
149764071,1944988,uk,Банйар Сутер
149764148,1944989,uk,Банйар Биас
149765611,1945008,uk,Биморейо
149765688,1945009,uk,Курахсаво
149766843,1945024,uk,Мойопанггунг
149767151,1945028,uk,Сенгкеранг Тига
149769538,1945059,uk,Рангах
149774620,1945125,uk,Таманбумигора
149776237,1945146,uk,Кетара
149778855,1945180,uk,Пенгембур Дуа
149779240,1945185,uk,Танакауу Дуа
149783783,1945244,uk,Терувай
149786401,1945278,uk,Пересак
149796334,1945407,uk,Пагутан
149796950,1945415,uk,Барабали
149800569,1945462,uk,Бодак
149803726,1945503,uk,Монтонгбелок
149805497,1945526,uk,Монтонггаманг
149816277,1945666,uk,Дармайи
149829290,1945835,uk,Барейулат
149831831,1945868,uk,Лененг
149833602,1945891,uk,Тівугаліх
149834218,1945899,uk,Семаыан
149836220,1945925,uk,Йонтлак
149837144,1945937,uk,Багиктингганг
149837914,1945947,uk,Майан
149838992,1945961,uk,Батуныала
149840378,1945979,uk,Бераим
149852159,1946132,uk,Мерингкик
149853237,1946146,uk,Сукамулиа
149853622,1946151,uk,Губук Тимук
149853853,1946154,uk,Бонгкемалик
149855547,1946176,uk,Секартейа
149856394,1946187,uk,Мухайирин
149856933,1946194,uk,Сандубаыа
149857780,1946205,uk,Пересак Барат
149858935,1946220,uk,Денгген Даыа
149859243,1946224,uk,Майиди
149859782,1946231,uk,Тимба Тимук
149863709,1946282,uk,Бебае
149865018,1946299,uk,Герененг
149867251,1946328,uk,Паокпампанг
149869022,1946351,uk,Лепак
149871101,1946378,uk,Тимукпекен
149871871,1946388,uk,Мандикбату
149878724,1946477,uk,Губук Даыа
149878878,1946479,uk,Сукамулиа Тимур
149879802,1946491,uk,Батубасонг Лаук
149882189,1946522,uk,Монтонггеденг
149882728,1946529,uk,Селапаранг Тимур
149884114,1946547,uk,Дасанлиан Лаук
149884576,1946553,uk,Кембангкеранг Лаук Тимур
149885962,1946571,uk,Йоронг Лаук
149887348,1946589,uk,Аикмел
149890505,1946630,uk,Багиккедок Лаук
149891198,1946639,uk,Губук Даыа
149891275,1946640,uk,Манггараи
149893739,1946672,uk,Карангранйонг
149896896,1946713,uk,Гелумпанг
149897820,1946725,uk,Анйани Барат
149903056,1946793,uk,Губук Леук
149903364,1946797,uk,Тумбукебон
149903441,1946798,uk,Карангасем
149903518,1946799,uk,Банйар Тенгах
149903595,1946800,uk,Банйар Гериана Кангин
149903826,1946803,uk,Банйар Уатес Тенгах
149903903,1946804,uk,Улакан
149904211,1946808,uk,Банйар Йунгутан
149904288,1946809,uk,Банйар Тенгах
149904442,1946811,uk,Банйар Тенгах
149904519,1946812,uk,Банйар Кауан
149904673,1946814,uk,Банйар Деса Тенгах
149904750,1946815,uk,Банйар Келодан
149905135,1946820,uk,Банйар Бау Кауан
149905366,1946823,uk,Банйар Абаби
149905597,1946826,uk,Банйар Будакелинг
149905828,1946829,uk,Бедугул
149905905,1946830,uk,Банйар Бейи
149905982,1946831,uk,Банйар Пегерингсинган
149906136,1946833,uk,Тистагеде
149906290,1946835,uk,Абанг
149906598,1946839,uk,Тиыингтали Келод
149906906,1946843,uk,Банйар Дангинсема
149906983,1946844,uk,Субаган
149907060,1946845,uk,Банйар Гентенг
149907137,1946846,uk,Банйар Тимбрах
149907676,1946853,uk,Аланга
149908523,1946864,uk,Локууы
149908831,1946868,uk,Пахомба
149913297,1946926,uk,Камбаджава
149914837,1946946,uk,Ломбанг
149919611,1947008,uk,Саня
149921074,1947027,uk,Памбусуанг
149932393,1947174,uk,Цампурйо
149948640,1947385,uk,Балла
149958573,1947514,uk,Ленгкоайанг
149958881,1947518,uk,Бути
149960190,1947535,uk,Нтарам
149960729,1947542,uk,Момбок
149961422,1947551,uk,Уатунггонг
149962115,1947560,uk,Рантанг
149962423,1947564,uk,Нгколонг
149963655,1947580,uk,Нгкодал
149963963,1947584,uk,Нгкионг
149964194,1947587,uk,Ява
149964964,1947597,uk,Битинг
149965349,1947602,uk,Памакое
149966273,1947614,uk,Лена
149967813,1947634,uk,Бхокадоке
149968814,1947647,uk,Локатадхо
149972818,1947699,uk,Воловада
149973280,1947705,uk,Пау
149974435,1947720,uk,Мбеку
149974974,1947727,uk,Боанио
149975744,1947737,uk,Дома
149976283,1947744,uk,Джаватіва
149976668,1947749,uk,Аегела
149976976,1947753,uk,Тибакиса
149986293,1947874,uk,Моутонг Тенгах
149990528,1947929,uk,Панасакан
149990759,1947932,uk,Тувелі
149992299,1947952,uk,Пампанган
149995456,1947993,uk,Паухамбар
149995995,1948000,uk,Лубукалунг
149996380,1948005,uk,Буаыан Дуа
149997843,1948024,uk,Сунгаисарик
149997997,1948026,uk,Кампунгладанг
149998767,1948036,uk,Паканбару
150001308,1948069,uk,Андуринг
150006005,1948130,uk,Котатуа
150011241,1948198,uk,Тангах
150018325,1948290,uk,Раванг
150023638,1948359,uk,Гугук
150027796,1948413,uk,Салимпаунг
150028566,1948423,uk,Сунгаыанг
150028951,1948428,uk,Симабур
150029336,1948433,uk,Рамбатан
150033956,1948493,uk,Гунунг Таланг
150037036,1948533,uk,Куманис
150037883,1948544,uk,Танйунгампалу
150038114,1948547,uk,Кототуйух
150041502,1948591,uk,Сирукам
150046045,1948650,uk,Танйунг Мас
150046430,1948655,uk,Нуса-Дуа
150046507,1948656,uk,Бугбуг
150046584,1948657,uk,Легиан
150047277,1948666,uk,Бото
150047431,1948668,uk,Бадонг
150048971,1948688,uk,Нглего
150049048,1948689,uk,Нлоронг
150049202,1948691,uk,Палон
150049279,1948692,uk,Клампок
150049433,1948694,uk,Гендох
150049664,1948697,uk,Нгампон
150049741,1948698,uk,Йепанг Сату
150050203,1948704,uk,Нгаблак
150050588,1948709,uk,Йомбланг
150050896,1948713,uk,Клоподууур
150051127,1948716,uk,Гумиринг
150052205,1948730,uk,Йатиклампок
150052513,1948734,uk,Ботох
150052744,1948737,uk,Теманйанг
150052898,1948739,uk,Галук
150053591,1948748,uk,Банйар Мелилинг Кауан
150058827,1948816,uk,Кромот
150060290,1948835,uk,Сумбергебанг
150061137,1948846,uk,Краян Калілагах
150061291,1948848,uk,Крайан Сату
150061445,1948850,uk,Крайан
150063062,1948871,uk,Цурахклапа
150063524,1948877,uk,Пондоктело
150064679,1948892,uk,Персилйатирото
150064910,1948895,uk,Банйар Делодрурунг
150064987,1948896,uk,Байера
150065064,1948897,uk,Банйар Балеагунг
150065141,1948898,uk,Банйар Бантасбалеагунг
150065218,1948899,uk,Банйар Батуайи Кайа
150065295,1948900,uk,Банйар Сембунггеде
150065372,1948901,uk,Банйар Габлоган
150065449,1948902,uk,Банйар Сока Кайа
150065526,1948903,uk,Банйар Мамбанггеде
150065603,1948904,uk,Банйар Мандунг
150065680,1948905,uk,Банйар Йамбе Балеран
150065757,1948906,uk,Банйар Тегалменгкеб Кайа
150065834,1948907,uk,Банйар Кебон
150065911,1948908,uk,Банйар Батурити Кайа
150065988,1948909,uk,Банйар Пеныалин
150066065,1948910,uk,Банйар Тегал Белодан
150066142,1948911,uk,Банйар Пангкунгкарунг Кангин
150066219,1948912,uk,Банйар Пеканделан
150066296,1948913,uk,Банйар Даухпангкунг
150066373,1948914,uk,Банйар Белумбанг Тенгах
150066450,1948915,uk,Банйар Берабан Кангин
150066527,1948916,uk,Банйар Тонйа
150066604,1948917,uk,Банйар Бонгангеде
150066681,1948918,uk,Банйар Тибубиыу Кайа
150066758,1948919,uk,Банйар Дукух
150066835,1948920,uk,Банйар Пейатен
150066912,1948921,uk,Банйар Сенггуан
150066989,1948922,uk,Банйар Белатунг
150067066,1948923,uk,Банйар Бенгкелгеде
150067143,1948924,uk,Банйар Пангкунгтибах Селатан
150067220,1948925,uk,Банйар Даухрурунг
150067297,1948926,uk,Банйар Делодсема
150067374,1948927,uk,Банйар Батанбуах
150067451,1948928,uk,Банйар Пемангкалан
150067528,1948929,uk,Банйар Батаныух Кайа
150067605,1948930,uk,Банйар Саыанбалеран
150067682,1948931,uk,Банйар Бадунг Тенгах
150067836,1948933,uk,Банйар Тегуан
150067913,1948934,uk,Банйар Улапан Сату
150067990,1948935,uk,Банйар Тенгахбелаыу
150068067,1948936,uk,Банйар Субамиабалеагунг
150068144,1948937,uk,Банйар Туакилангбалеран
150068221,1948938,uk,Банйар Кедуа
150068298,1948939,uk,Банйар Кертасари
150068375,1948940,uk,Банйар Кераман
150068452,1948941,uk,Банйар Цеменггон
150068529,1948942,uk,Банйар Лебахсари
150068606,1948943,uk,Банйар Банйараныар
150068683,1948944,uk,Банйар Паангкелод
150068760,1948945,uk,Банйар Абиантууунг
150068837,1948946,uk,Банйар Йумбаыах
150068914,1948947,uk,Банйар Пусех
150069145,1948950,uk,Банйар Седанг
150069222,1948951,uk,Банйар Деса
150069299,1948952,uk,Банйар Парекан
150069376,1948953,uk,Банйар Пекенйелодан
150069453,1948954,uk,Банйар Дангинпангкунг
150069530,1948955,uk,Банйар Мундех
150069607,1948956,uk,Банйар Лаинг
150069684,1948957,uk,Банйар Даух Пекен
150069761,1948958,uk,Банйар Цице
150069838,1948959,uk,Банйар Буцу
150069915,1948960,uk,Банйар Йабейеро
150069992,1948961,uk,Банйар Лалангпасек
150070069,1948962,uk,Банйар Карангсулинг
150070146,1948963,uk,Банйар Каыанган
150070223,1948964,uk,Банйар Гунунгпанде
150070300,1948965,uk,Банйар Керобокан
150070377,1948966,uk,Банйар Кембангсари
150070454,1948967,uk,Банйар Тебонгканг
150070531,1948968,uk,Банйар Серанган
150070608,1948969,uk,Банйар Йагасатру
150070916,1948973,uk,Карангло
150073226,1949003,uk,Сумберсеуу
150073996,1949013,uk,Кумендунг Сату
150074150,1949015,uk,Рейоагунг Сату
150074458,1949019,uk,Цурахпацул Сату
150074689,1949022,uk,Кедунгурингин Сату
150075151,1949028,uk,Урингинпутих
150075228,1949029,uk,Сумберберас
150075767,1949036,uk,Кедунгсумур
150075998,1949039,uk,Урингинаном Сату
150076229,1949042,uk,Сидерейо
150076922,1949051,uk,Румпинг
150077307,1949056,uk,Кедунгрейо
150080541,1949098,uk,Пангкунгйайанг
150082004,1949117,uk,Калиаках
150083005,1949130,uk,Аныар
150084237,1949146,uk,Денума
150085007,1949156,uk,Рианг Тенгах
150085315,1949160,uk,Мегати Келод
150086393,1949174,uk,Ангкахгеде
150086624,1949177,uk,Петилес
150086855,1949180,uk,Бенгкел
150089396,1949213,uk,Лаленг
150089704,1949217,uk,Цибукан
150090320,1949225,uk,Селемадегбалеагунг
150090551,1949228,uk,Сукаваті
150090859,1949232,uk,Ванагірі
150092784,1949257,uk,Далангдеса
150092938,1949259,uk,Апитыех
150093246,1949263,uk,Карік
150093708,1949269,uk,Пунцаксари
150095479,1949292,uk,Белулук
150095710,1949295,uk,Делодпекен
150095941,1949298,uk,Уонгаыа Кайа
150096172,1949301,uk,Уонгаыа Келод
150096326,1949303,uk,Батукамбинг
150097635,1949320,uk,Рейаса Кайа
150097943,1949324,uk,Кесиуткауан Кайа
150098559,1949332,uk,Селемадег Келод
150099175,1949340,uk,Цунгапмимбо
150102871,1949388,uk,Пенгононг
150104642,1949411,uk,Йороуару Даыа
150105104,1949417,uk,Пеныелак
150110879,1949492,uk,Пемонгконг
150114575,1949540,uk,Дасанбару
150115422,1949551,uk,Тампенгсари
150116038,1949559,uk,Йеронот
150120196,1949613,uk,Ганти Дуа
150121813,1949634,uk,Батугулунг
150125201,1949678,uk,Лимбун
150125278,1949679,uk,Сагикматенг
150125509,1949682,uk,Валувале
150125586,1949683,uk,Менсех
150125663,1949684,uk,Монтонгпако
150126741,1949698,uk,Кебонланйак
150126895,1949700,uk,Гелангсар Барат
150127896,1949713,uk,Лонгсерангауах
150128204,1949717,uk,Ренггало
150129282,1949731,uk,Пенимбунг Барат
150129436,1949733,uk,Мамбалан
150129667,1949736,uk,Дасангериа Селатан
150130745,1949750,uk,Думандеса
150130899,1949752,uk,Кекери
150131515,1949760,uk,Саыанг Лаук
150134133,1949794,uk,Селагалас
150134595,1949800,uk,Синду
150137136,1949833,uk,Карангкецицанг
150138060,1949845,uk,Карангпаруа
150138907,1949856,uk,Бабакан Барат
150140293,1949874,uk,Йейелок
150143296,1949913,uk,Танактепонг
150143604,1949917,uk,Батукута
150144374,1949927,uk,Пидада
150145760,1949945,uk,Селат
150146530,1949955,uk,Лингсар
150146761,1949958,uk,Танакбеак Даые
150146915,1949960,uk,Синтунг Тимур
150150072,1950001,uk,Сесаот Лаук
150150842,1950011,uk,Бенгкел Утара
150156925,1950090,uk,Карангсубаган
150165549,1950202,uk,Редакоди
150168552,1950241,uk,Маредакамау
150169707,1950256,uk,Тамболака
150169938,1950259,uk,Радамата
150177022,1950351,uk,Нангапанда
150177561,1950358,uk,Вакасеко
150178023,1950364,uk,Камубхека
150178408,1950369,uk,Ойа
150178947,1950376,uk,Пуукау
150179178,1950379,uk,Куекобо
150180025,1950390,uk,Арвея
150182027,1950416,uk,Мераванг
150183105,1950430,uk,Ландо
150184260,1950445,uk,Пау
150184337,1950446,uk,Саша
150186108,1950469,uk,Кембо
150186416,1950473,uk,Мбарунгкели
150186801,1950478,uk,Уейт
150200738,1950659,uk,Комбандару
150200892,1950661,uk,Пуубхето
150201585,1950670,uk,Маунггора
150202432,1950681,uk,Барайвена
150202586,1950683,uk,Мбомба
150202894,1950687,uk,Пуутура
150203587,1950696,uk,Уолофео Лама
150203741,1950698,uk,Роа
150204511,1950708,uk,Кенгга
150205050,1950715,uk,Рамбоната
150205204,1950717,uk,Аефео
150206898,1950739,uk,Сага
150207437,1950746,uk,Кунда
150208361,1950758,uk,Детумбава
150209824,1950777,uk,Пуупери
150209978,1950779,uk,Нуасепу
150210825,1950790,uk,Пуутуга
150211518,1950799,uk,Аемура
150212750,1950815,uk,Локобоко
150213289,1950822,uk,Нуакота
150213520,1950825,uk,Ндона
150213828,1950829,uk,Воловона
150214213,1950834,uk,Волоніо
150214675,1950840,uk,Оневіту
150214829,1950842,uk,Онекоре
150215753,1950854,uk,Маутапага Бауах
150216138,1950859,uk,Потуландо
150216292,1950861,uk,Мбонгауани
150216600,1950865,uk,Рукунлима Бауах
150216831,1950868,uk,Паупанда Бауах
150217216,1950873,uk,Тетандара
150217832,1950881,uk,Нгалуполо
150226071,1950988,uk,Лаи
150226687,1950996,uk,Детуване
150228073,1951014,uk,Йаласенга
150228381,1951018,uk,Мауроле
150229305,1951030,uk,Нггеса
150229921,1951038,uk,Канганара
150230845,1951050,uk,Нуамури
150241317,1951186,uk,Молуо
150242241,1951198,uk,Гириса
150250634,1951307,uk,Исиму Селатан
150250865,1951310,uk,Дунггала
150256178,1951379,uk,Басулапа
150266496,1951513,uk,Лендангтампел Даыа
150267112,1951521,uk,Принггарата
150269345,1951550,uk,Кембангкеранг Сату
150269807,1951556,uk,Перампуан
150272117,1951586,uk,Мантанг
150273272,1951601,uk,Сандик
150273965,1951610,uk,Селебунг Сату
150274350,1951615,uk,Педити
150274581,1951618,uk,Лилин Сату
150274889,1951622,uk,Лендангара Сату
150275890,1951635,uk,Куангпати Дуа
150277584,1951657,uk,Песенг
150280818,1951699,uk,Каппуна
150286824,1951777,uk,Пурут
150287440,1951785,uk,Крайанпагоуан
150288133,1951794,uk,Крайанкертосари
150288441,1951798,uk,Тамбахрейо Крайан
150288903,1951804,uk,Клопосауит Крайан
150289211,1951808,uk,Бесук Селатан
150290212,1951821,uk,Сумберрейо
150290289,1951822,uk,Цанди Лор
150292214,1951847,uk,Крайанйугосари
150292984,1951857,uk,Сумберкарди
150294062,1951871,uk,Йамбесари
150295602,1951891,uk,Ланасан Сату
150295679,1951892,uk,Ланасан Дуа
150295910,1951895,uk,Геланг
150296680,1951905,uk,Карангбаыат
150297065,1951910,uk,Ыосорати
150297219,1951912,uk,Прінгговіраван
150297835,1951920,uk,Боренг
150298143,1951924,uk,Блукон
150298374,1951927,uk,Сукосари
150298528,1951929,uk,Краян Кідул Рохополо
150299067,1951936,uk,Петунг
150299529,1951942,uk,Йатиан
150299837,1951946,uk,Краян Дуа Давуан Ветан
150300145,1951950,uk,Денок
150300376,1951953,uk,Пандансари
150300530,1951955,uk,Краян Вонокерто
150301377,1951966,uk,Пакеман
150301685,1951970,uk,Краян Текунг
150301762,1951971,uk,Тегалсари
150302378,1951979,uk,Дарунбан
150302686,1951983,uk,Бонпенанг
150302840,1951985,uk,Мири
150303148,1951989,uk,Пондокрейо
150303225,1951990,uk,Роуокангкунг
150303302,1951991,uk,Краян Ровокангкунг
150303533,1951994,uk,Ровосарі
150303687,1951996,uk,Тегалрейо Тенгах
150304380,1952005,uk,Петунгмангир
150304688,1952009,uk,Тулусмулыо
150304919,1952012,uk,Гогосан
150304996,1952013,uk,Тулусрейо
150305073,1952014,uk,Карангсари
150305304,1952017,uk,Дарунган
150305612,1952021,uk,Краянський край
150305843,1952024,uk,Мадурейо
150305920,1952025,uk,Йомбанг
150306074,1952027,uk,Кебонсари
150306151,1952028,uk,Краян Дуа Падомасан
150306382,1952031,uk,Себарен
150306767,1952036,uk,Слатенг Дуа
150306921,1952038,uk,Сумберкенанга
150307537,1952046,uk,Суковоно
150307614,1952047,uk,Гарду
150308538,1952059,uk,Паче
150308769,1952062,uk,Принггодани
150309000,1952065,uk,Сукоаныар Сату
150309231,1952068,uk,Йамбеарум
150309539,1952072,uk,Сумберпетонг
150309693,1952074,uk,Глудаклангкеп
150310078,1952079,uk,Ровосарі
150310540,1952085,uk,Карангсумбер
150311002,1952091,uk,Гунунгмаланг Сату
150312388,1952109,uk,Банйар Пасекан
150312465,1952110,uk,Банйар Кертайиуа
150312542,1952111,uk,Банйар Батанпох
150312619,1952112,uk,Банйар Таман
150312696,1952113,uk,Банйар Медура
150313158,1952119,uk,Банйар Цемпага
150313312,1952121,uk,Банйар Тамансари
150313620,1952125,uk,Банйар Бунутпангганг
150314005,1952130,uk,Банйар Даухпура
150314313,1952134,uk,Банйар Педауа
150314698,1952139,uk,Банйар Баныуалит
150314852,1952141,uk,Банйар Каыупутих
150315160,1952145,uk,Банйар Даухмарги
150315545,1952150,uk,Банйар Дхармасемеди
150315622,1952151,uk,Банйар Аныар
150315776,1952153,uk,Банйар Тегаллинггах
150316623,1952164,uk,Банйар Галиран
150317085,1952170,uk,Банйар Селат
150317470,1952175,uk,Банйар Тегалсари
150317547,1952176,uk,Банйар Лилигунди
150317701,1952178,uk,Банйар Самбанган
150317778,1952179,uk,Банйар Даухпура
150318317,1952186,uk,Банйар Бератан
150319164,1952197,uk,Банйар Пондок
150319318,1952199,uk,Банйар Падангбулиа
150323784,1952257,uk,Мераран
150323861,1952258,uk,Сетелук Тенгах
150324015,1952260,uk,Сетелук Атас
150324323,1952264,uk,Монгал
150324477,1952266,uk,Ремпе
150324708,1952269,uk,Аирсунинг
150325940,1952285,uk,Бугис
150326171,1952288,uk,Мотонг
150326248,1952289,uk,Далам
150326479,1952292,uk,Сампир
150326710,1952295,uk,Йураналас
150327403,1952304,uk,Мапинкебак
150327788,1952309,uk,Мапинреа
150328943,1952324,uk,Луар
150329174,1952327,uk,Далам
150329790,1952335,uk,Бару
150330021,1952338,uk,Калиманго
150330252,1952341,uk,Батутеринг
150330483,1952344,uk,Себасанг
150332408,1952369,uk,Мронйо
150332947,1952376,uk,Сираман
150333332,1952381,uk,Йабунг
150333640,1952385,uk,Мандесан
150334410,1952395,uk,Каулон
150335411,1952408,uk,Нгембул
150335642,1952411,uk,Умбулдамар
150335719,1952412,uk,Нгадри
150336258,1952419,uk,Рампаломбо
150336643,1952424,uk,Рейосо
150336874,1952427,uk,Самбигеде
150337105,1952430,uk,Панггунгасри
150337413,1952434,uk,Бірово
150337567,1952436,uk,Саламрейо
150338491,1952448,uk,Панггунгуинонг
150339030,1952455,uk,Сумберарум
150339338,1952459,uk,Балонг Уетан
150339569,1952462,uk,Пецарен
150340262,1952471,uk,Прунтусан
150340416,1952473,uk,Сембунгин
150340493,1952474,uk,Балонгрейо
150340878,1952479,uk,Гонданг
150341109,1952482,uk,Пунггурсугих
150341571,1952488,uk,Кетангги
150341879,1952492,uk,Карангталун
150342264,1952497,uk,Мойо Уетан
150342803,1952504,uk,Талок
150343111,1952508,uk,Йетак
150343188,1952509,uk,Йепанг
150343958,1952519,uk,Карангтенгах
150344112,1952521,uk,Гапук
150344266,1952523,uk,Сенданггаыам
150344728,1952529,uk,Бацем
150344882,1952531,uk,Самбирейо
150344959,1952532,uk,Гесик
150345806,1952543,uk,Мурахарйо
150345883,1952544,uk,Йагонг
150346576,1952553,uk,Плумбон
150346730,1952555,uk,Кендаыакан
150348116,1952573,uk,Пипес
150352736,1952633,uk,Йатиарум
150353044,1952637,uk,Пурвосарі
150354738,1952659,uk,Перйуанган
150354969,1952662,uk,Лаван
150355123,1952664,uk,Кадипатен
150355816,1952673,uk,Гедонгсари
150356201,1952678,uk,Пандануанги
150356663,1952684,uk,Сарирейо Сату
150356817,1952686,uk,Грати Сату
150357433,1952694,uk,Суко Дуа
150358203,1952704,uk,Бесукан
150358511,1952708,uk,Крайан Сату
150359204,1952717,uk,Бедок Дуа
150359281,1952718,uk,Сумбербендо
150359512,1952721,uk,Бесукрейо
150360590,1952735,uk,Рецобантенг
150361129,1952742,uk,Кедунгсупит
150362207,1952756,uk,Домпыонг
150362592,1952761,uk,Кебонсари
150362823,1952764,uk,Крайан Тенгах
150363131,1952768,uk,Кебонан
150363593,1952774,uk,Муйур Сату
150364209,1952782,uk,Ментосари
150364363,1952784,uk,Сумбердауе
150364517,1952786,uk,Кетанги
150364671,1952788,uk,Суколило
150364979,1952792,uk,Кебонан
150365518,1952799,uk,Пандеан
150366057,1952806,uk,Ценгкок
150366596,1952813,uk,Крайан Дуа
150366827,1952816,uk,Карангтенгах
150368290,1952835,uk,Крамат
150369214,1952847,uk,Роуотенгах
150369599,1952852,uk,Клатакан
150369830,1952855,uk,Танггул Уетан
150370292,1952861,uk,Дарунган
150370523,1952864,uk,Танггул Кулон
150370754,1952867,uk,Ровотенгу
150372294,1952887,uk,Сукорено
150372833,1952894,uk,Нгампелрейо
150372910,1952895,uk,Урингинагунг
150372987,1952896,uk,Рейоагунг
150373295,1952900,uk,Семборопасар
150373834,1952907,uk,Гадингрейо
150374912,1952921,uk,Палеран
150375143,1952924,uk,Сидомекар
150376606,1952943,uk,Банйар Понгганг
150376837,1952946,uk,Банйар Таро Келод
150377530,1952955,uk,Банйар Тига
150377607,1952956,uk,Банйар Каыубихи
150379070,1952975,uk,Банйар Дуйунг Кайа
150379378,1952979,uk,Банйар Букиан
150379763,1952984,uk,Банйар Манукаыааныар
150380225,1952990,uk,Сулахан
150381149,1953002,uk,Банйар Кедисан Келод
150382612,1953021,uk,Банйар Кубу
150383613,1953034,uk,Банйар Триуангсакелуса
150384383,1953044,uk,Банйар Петак
150384768,1953049,uk,Банйар Цемпага
150385461,1953058,uk,Банйар Демулих
150386000,1953065,uk,Банйар Триуангсакелики
150386616,1953073,uk,Банйар Сандинггианыар
150387694,1953087,uk,Банйар Мулунг
150389003,1953104,uk,Банйар Петулудеса
150389234,1953107,uk,Банйар Песалакан
150390081,1953118,uk,Банйар Абуан
150390235,1953120,uk,Банйар Бебаланг
150390543,1953124,uk,Банйар Апуан Кайа
150390620,1953125,uk,Банйар Маданган Кайа
150392468,1953149,uk,Йединг
150396395,1953200,uk,Карангкебон Тимур
150400014,1953247,uk,Каранг Курипан
150404403,1953304,uk,Йагарага
150412719,1953412,uk,Пендалеман
150413258,1953419,uk,Батутулис
150416107,1953456,uk,Блонг Даые
150420881,1953518,uk,Ампанлолат
150421728,1953529,uk,Ранггагата
150423807,1953556,uk,Карангдалам
150426348,1953589,uk,Бангекдеуа
150426887,1953596,uk,Каранг Даые
150428042,1953611,uk,Пермас
150429659,1953632,uk,Тетебату
150430968,1953649,uk,Бентенг Утара
150431584,1953657,uk,Периан Селатан
150434664,1953697,uk,Губукйеро Тимук
150436050,1953715,uk,Кероак
150438129,1953742,uk,Сеполонг Тимур
150438976,1953753,uk,Кампунгмасйид
150441132,1953781,uk,Ремпунгтимур Утара
150441979,1953792,uk,Дангер Утара
150443596,1953813,uk,Тимба Лаук
150444751,1953828,uk,Лоыок
150445598,1953839,uk,Даыанпекен
150445983,1953844,uk,Даламдеса Селатан
150446445,1953850,uk,Бентенг Селатан
150449833,1953894,uk,Муйур
150453529,1953942,uk,Келунгкунг
150457995,1954000,uk,Нгеру
150463000,1954065,uk,Йорок Далам
150463154,1954067,uk,Оронг
150463231,1954068,uk,Сатоуебранг
150463308,1954069,uk,Мотонг Барат
150463539,1954072,uk,Тенгах Сату
150464078,1954079,uk,Рхее Беру
150464232,1954081,uk,Себедо
150464925,1954090,uk,Сесенг
150465156,1954093,uk,Толотангга
150466542,1954111,uk,Лантебару
150466927,1954116,uk,Доро Оо
150467312,1954121,uk,Дарупей
150467543,1954124,uk,Калоду
150468159,1954132,uk,Лампе Сату
150468390,1954135,uk,Та'а
150469083,1954144,uk,Сигих
150469468,1954149,uk,Раба
150469853,1954154,uk,Оинао
150470007,1954156,uk,Кута
150470084,1954157,uk,Ламбиту
150471008,1954169,uk,Кенари
150473087,1954196,uk,Далонг
150473703,1954204,uk,Меромбок
150475243,1954224,uk,Мело
150479247,1954276,uk,Рамук
150480402,1954291,uk,Нгарангиакамбера
150481403,1954304,uk,Карипидита
150484252,1954341,uk,Борик
150484868,1954349,uk,Ваепау
150486562,1954371,uk,Каца
150490027,1954416,uk,Цекок
150492953,1954454,uk,Тунггууаненг
150493415,1954460,uk,Нанганумба
150498497,1954526,uk,Уололеле А
150499960,1954545,uk,Аемалу
150500499,1954552,uk,Уололеле Б
150501962,1954571,uk,Йитапанда
150502578,1954579,uk,Лиабеке
150502809,1954582,uk,Баолокан
150504041,1954598,uk,Вонда
150506428,1954629,uk,Аетеке
150508122,1954651,uk,Маубаса
150508507,1954656,uk,Аипету
150511510,1954695,uk,Буджава
150511818,1954699,uk,Мбани
150512511,1954708,uk,Волофео
150513358,1954719,uk,Тендалео
150514744,1954737,uk,Воломаг
150514975,1954740,uk,Нуайена
150515283,1954744,uk,Воломоні
150516515,1954760,uk,Реравере
150516977,1954766,uk,Маукаро
150517593,1954774,uk,Ниопанда
150518902,1954791,uk,Лобоники
150519287,1954796,uk,Соконайа
150519903,1954804,uk,Локоланде
150519980,1954805,uk,Котабару
150520904,1954817,uk,Мелати
150521674,1954827,uk,Сангиа
150521751,1954828,uk,Нае
150521905,1954830,uk,Раиои
150522136,1954833,uk,Бау
150522290,1954835,uk,Расабау
150522598,1954839,uk,Каледе
150522675,1954840,uk,Нару
150523060,1954845,uk,Сукамайу
150523522,1954851,uk,Вадусарі
150523907,1954856,uk,Ланта Тимур
150524138,1954859,uk,Балай
150524831,1954868,uk,Манггекомпо
150524985,1954870,uk,Оо
150525293,1954874,uk,Донгго
150525447,1954876,uk,Манггенае
150525678,1954879,uk,Сангарі
150526679,1954892,uk,Палама
150528219,1954912,uk,Сангианг
150528989,1954922,uk,Хидираса
150529143,1954924,uk,Оитуи
150529297,1954926,uk,Бантавора
150529451,1954928,uk,Тавалі
150529528,1954929,uk,Кара
150530067,1954936,uk,Бентенг
150542618,1955099,uk,Рарампаденде
150556632,1955281,uk,Тангратте
150566411,1955408,uk,Тотумбанг
150576960,1955545,uk,Вал
150596672,1955801,uk,Палапа
150601446,1955863,uk,Тавуй
150603756,1955893,uk,Ананйаки
150603910,1955895,uk,Нггонги
150603987,1955896,uk,Нггонги Сату
150606605,1955930,uk,Мбурукуллу
150608530,1955955,uk,Паламаду
150611225,1955990,uk,Билла
150611302,1955991,uk,Малахар
150611841,1955998,uk,Каріта
150613535,1956020,uk,Пулупанйанг
150617462,1956071,uk,Маубокул
150618155,1956080,uk,Лаетако
150619156,1956093,uk,Лаау
150620388,1956109,uk,Малабхага
150620773,1956114,uk,Дона
150621081,1956118,uk,Рутоява
150622313,1956134,uk,Нгедхубаса
150622390,1956135,uk,Нгедхусуба
150622929,1956142,uk,Херет
150624084,1956157,uk,Ваєненда
150624469,1956162,uk,Радо
150625008,1956169,uk,Ревенг
150629397,1956226,uk,Нангахуребукитпермаи
150629551,1956228,uk,Нангахуре
150630244,1956237,uk,Урунгпиганг
150630475,1956240,uk,Уоломаранг
150631091,1956248,uk,Котауненг
150631245,1956250,uk,Кабор
150634787,1956296,uk,Сенггурухкрайан
150636096,1956313,uk,Сумуран
150637020,1956325,uk,Банйарейокрайан
150637482,1956331,uk,Булупитукрайан
150637944,1956337,uk,Кедунгкрайан
150638175,1956340,uk,Нгемпит
150638329,1956342,uk,Сукосарикрайан
150638868,1956349,uk,Сидодади
150639792,1956361,uk,Крайан Суцо
150639869,1956362,uk,Сумбер Тенгах
150640023,1956364,uk,Пейи Сату
150640331,1956368,uk,Гаыасан Кулон
150641563,1956384,uk,Тамансари
150642949,1956402,uk,Темпурейо
150643103,1956404,uk,Сруни
150643180,1956405,uk,Андонгсари
150643642,1956411,uk,Йатисари
150643950,1956415,uk,Байинг
150644489,1956422,uk,Сумберейо
150644643,1956424,uk,Понтанг Тенгах
150645105,1956430,uk,Сумберсалак
150646337,1956446,uk,Сумбербулус Дуа
150647492,1956461,uk,Сумберсалам
150648031,1956468,uk,Сидомулыо
150648724,1956477,uk,Пенготаан
150649417,1956486,uk,Пекауман Краян Сату
150649494,1956487,uk,Сумберкемунинг
150649571,1956488,uk,Каранг Тимур
150649879,1956492,uk,Сумберйерук
150650726,1956503,uk,Калианыар Селатан
150650880,1956505,uk,Кембангпасар
150651342,1956511,uk,Кемириан
150651496,1956513,uk,Кидулсауах
150651958,1956519,uk,Танахуулан
150652035,1956520,uk,Пуйербару
150652112,1956521,uk,Гамбанган
150652574,1956527,uk,Сумур
150652805,1956530,uk,Поканган Краян
150653113,1956534,uk,Менгенкрайан
150653498,1956539,uk,Карангмелок
150653960,1956545,uk,Сумберсарі Краян Дуа
150654037,1956546,uk,Шугер Лор Краян Атас
150654653,1956554,uk,Сумберпакем
150654961,1956558,uk,Даууханмангли
150655269,1956562,uk,Плереыан
150655423,1956564,uk,Сумберпакем
150655500,1956565,uk,Краян Сумберданті
150655962,1956571,uk,Раганг
150656039,1956572,uk,Сукокерто
150656424,1956577,uk,Мойогеми
150656578,1956579,uk,Сугер Кідул Краян Тимур
150656809,1956582,uk,Сукойембер
150658118,1956599,uk,Битинг
150658272,1956601,uk,Сумбергаыам
150658580,1956605,uk,Дукленгконг
150659119,1956612,uk,Суковірьо
150659504,1956617,uk,Сумберуару
150659812,1956621,uk,Сукосари
150660659,1956632,uk,Сукорейо
150660813,1956634,uk,Клоле
150661506,1956643,uk,Краян Барат Джелбук
150661660,1956645,uk,Краян Барат Кандіджаті
150661891,1956648,uk,Гругул
150663046,1956663,uk,Себанен
150663816,1956673,uk,Кланценг
150664278,1956679,uk,Краян Дуа Патемпуран
150664663,1956684,uk,Краян Сумберангет
150664740,1956685,uk,Краян Ледокомбо
150664894,1956687,uk,Сумберкетемпах
150665279,1956692,uk,Карангпетон
150665587,1956696,uk,Битинг
150666049,1956702,uk,Тиста
150666357,1956706,uk,Асахбадунг
150666742,1956711,uk,Телага
150667281,1956718,uk,Бонганцина Кайа
150667666,1956723,uk,Пуспайати
150667743,1956724,uk,Пелапуан
150668128,1956729,uk,Кангинан
150668436,1956733,uk,Бантиран
150668744,1956737,uk,Клау
150669360,1956745,uk,Мундуктему Келод
150669591,1956748,uk,Субук
150669822,1956751,uk,Титаб
150669899,1956752,uk,Бусунгбиу
150670053,1956754,uk,Каухан
150670284,1956757,uk,Тегаласих
150670515,1956760,uk,Банйар Кампунгбугис
150670592,1956761,uk,Банйар Кампунгкайанан
150670669,1956762,uk,Банйар Калиунту Сату
150670823,1956764,uk,Банйар Кампунганыар
150671593,1956774,uk,Банйар Тамбаксари
150671670,1956775,uk,Банйар Барунасари
150671978,1956779,uk,Банйар Бали
150672132,1956781,uk,Банйар Баныунинг Барат
150672363,1956784,uk,Банйар Пегуыанган
150672440,1956785,uk,Банйар Делодпекен
150672979,1956792,uk,Банйар Сидаыу
150673980,1956805,uk,Цурахкалак Тенгах
150674596,1956813,uk,Тригонцо Тенгах
150674673,1956814,uk,Перанте Утара
150674750,1956815,uk,Перанте Тенгах
150675212,1956821,uk,Рандуагунг
150676444,1956837,uk,Баыеман
150679524,1956877,uk,Танйунгпецинан Утара
150680063,1956884,uk,Глугур Тенгах
150680987,1956896,uk,Танйунгсари Барат
150681834,1956907,uk,Чемпака
150683143,1956924,uk,Токелан Утара
150683451,1956928,uk,Панджі Лор Краян Сату
150686454,1956967,uk,Аенгцеленг
150687455,1956980,uk,Мимбаан Тимур
150688456,1956993,uk,Котакан Селатан
150688610,1956995,uk,Слиуунгкрайан
150690150,1957015,uk,Сукадана Селатан
150691382,1957031,uk,Сикур
150691536,1957033,uk,Паокмотонг Утара
150693461,1957058,uk,Мейело Тимур
150694308,1957069,uk,Терара Утара
150694616,1957073,uk,Монтонгбаан
150696002,1957091,uk,Ныиуртебел
150696464,1957097,uk,Лаукрурунг
150698158,1957119,uk,Терара
150700468,1957149,uk,Суради Селатан
150702470,1957175,uk,Сетанггор
150702932,1957181,uk,Панцоран
150703394,1957187,uk,Кабар Утара
150704087,1957196,uk,Линтек
150704780,1957205,uk,Ландух
150708014,1957247,uk,Бесон
150708630,1957255,uk,Кеселет
150709092,1957261,uk,Леминг
150712018,1957299,uk,Далам Даыа
150712403,1957304,uk,Пенгонданг
150712634,1957307,uk,Пеныауор
150712788,1957309,uk,Сегампанг
150713096,1957313,uk,Монтонгкелор
150713173,1957314,uk,Пелелос
150713404,1957317,uk,Райа
150713481,1957318,uk,Аныар Селатан
150713789,1957322,uk,Соуок
150713943,1957324,uk,Ленгкоколо
150714097,1957326,uk,Букитауас
150714482,1957331,uk,Биларембун
150717562,1957371,uk,Сууанги Утара
150717716,1957373,uk,Ленгкоколох
150718024,1957377,uk,Каранглебах
150718101,1957378,uk,Ленгкокбоне
150718948,1957389,uk,Монтонгтанги Тимук
150721489,1957422,uk,Йанаприа
150723722,1957451,uk,Пунтур
150724184,1957457,uk,Гунунграйак
150724800,1957465,uk,Монтонгтенгак
150724877,1957466,uk,Салут
150725955,1957480,uk,Репоктенгессенгес
150726032,1957481,uk,Панггунган
150726109,1957482,uk,Тенгессенгес
150726494,1957487,uk,Дасанбууух
150726802,1957491,uk,Герумус
150727187,1957496,uk,Сукарара Утара
150727495,1957500,uk,Йанггауана
150727803,1957504,uk,Йембе Тимур
150727880,1957505,uk,Мекит
150728188,1957509,uk,Лоангмака
150728265,1957510,uk,Лингкокйоет
150728419,1957512,uk,Берора
150728650,1957515,uk,Ленгкобелек
150728727,1957516,uk,Лиуунг
150728804,1957517,uk,Йонгге
150728958,1957519,uk,Куангмаыунг
150730960,1957545,uk,Танакбеак
150731653,1957554,uk,Бунгтианг Барат
150731807,1957556,uk,Монтонгмесир
150732423,1957564,uk,Монтонгтеболак
150733270,1957575,uk,Лекор Барат
150734194,1957587,uk,Ремпунг
150734425,1957590,uk,Белека Сату
150738891,1957648,uk,Пенех
150740200,1957665,uk,Кецагбалунг
150740662,1957671,uk,Букит Келод
150740816,1957673,uk,Кампунг Аныар
150741432,1957681,uk,Тибулакасасак
150742125,1957690,uk,Бунгкулан
150743049,1957702,uk,Акаракар
150745667,1957736,uk,Писангкеменг
150746360,1957745,uk,Гапит
150746514,1957747,uk,Боал Атас
150746668,1957749,uk,Ламента
150748208,1957769,uk,Манутохи
150748516,1957773,uk,Маругхау
150749132,1957781,uk,Кауангохари
150751904,1957817,uk,Малииха
150754368,1957849,uk,Динйо
150755061,1957858,uk,Летелоко
150755600,1957865,uk,Корі
150756139,1957872,uk,Гахару
150756293,1957874,uk,Хомбакарипит
150756909,1957882,uk,Хохавунго
150763454,1957967,uk,Локорота
150765148,1957989,uk,Вайхоло
150766611,1958008,uk,Бекахауа
150767458,1958019,uk,Малулла
150767843,1958024,uk,Тунакатега
150768459,1958032,uk,Уатусипи
150768690,1958035,uk,Нгадулода
150769383,1958044,uk,Богорауату
150769768,1958049,uk,Ходи
150770230,1958055,uk,Бурутена
150772078,1958079,uk,Уаингаинго
150772309,1958082,uk,Лангерамуту
150772463,1958084,uk,Локоуунта
150773233,1958094,uk,Капакабиса
150773541,1958098,uk,Катамауее
150774388,1958109,uk,Буханг
150774542,1958111,uk,Манга
150775697,1958126,uk,Велібо
150778392,1958161,uk,Венгаінго
150778623,1958164,uk,Муде
150779855,1958180,uk,Баракабита
150779932,1958181,uk,Кабукаруди
150781703,1958204,uk,Манук
150781857,1958206,uk,Матумадуа
150782858,1958219,uk,Камбататамакауу
150784706,1958243,uk,Вунга
150786785,1958270,uk,Лалампануа
150787940,1958285,uk,Танасе
150788017,1958286,uk,Толеданг
150788094,1958287,uk,Лалатидунг
150788325,1958290,uk,Тинггас
150788402,1958291,uk,Лабуанг
150789557,1958306,uk,Алу
150789634,1958307,uk,Петоосанг
150792329,1958342,uk,Пемпиоанг
150793022,1958351,uk,Касамбанг
150794023,1958364,uk,Бамбанган
150795871,1958388,uk,Уаеребо
150796025,1958390,uk,Наранг
150796487,1958396,uk,Нгкаер
150796641,1958398,uk,Бентенг
150796795,1958400,uk,Кека
150797026,1958403,uk,Вонгка
150798181,1958418,uk,Малар
150799105,1958430,uk,Улунгали
150799413,1958434,uk,Кеуок
150800029,1958442,uk,Пака
150800645,1958450,uk,Ватувері
150800876,1958453,uk,\N
150800953,1958454,uk,Пангкало
150801184,1958457,uk,Тандукембо
150801569,1958462,uk,Ламба
150802031,1958468,uk,Итенг
150802108,1958469,uk,Нурур
150802262,1958471,uk,Пангпахар
150802647,1958476,uk,Келинг
150802724,1958477,uk,Ронг
150803571,1958488,uk,Вунат
150803802,1958491,uk,Ноа
150804572,1958501,uk,Лесем
150804649,1958502,uk,Пумпунг
150804726,1958503,uk,Ханденг
150804880,1958505,uk,Пуинг
150804957,1958506,uk,Хелунг Бару
150805496,1958513,uk,Ваепітак
150806112,1958521,uk,Лете
150807036,1958533,uk,Семанг
150807113,1958534,uk,Сунсаполо
150807190,1958535,uk,Йеонг
150809038,1958559,uk,Васоголо
150811656,1958593,uk,Пора
150811733,1958594,uk,Понгкор
150813350,1958615,uk,Понггеок
150813966,1958623,uk,Моцок
150814890,1958635,uk,Лехонг
150815583,1958644,uk,Тебер
150815814,1958647,uk,Голосаланг
150815968,1958649,uk,Бомбу
150816430,1958655,uk,Нтаур Сату
150816969,1958662,uk,Рентунг
150817739,1958672,uk,Тадо
150818894,1958687,uk,Кавіт
150819664,1958697,uk,Каца
150820049,1958702,uk,Ренданг
150820434,1958707,uk,Песек
150822821,1958738,uk,Дхадховаво
150822898,1958739,uk,Джавакіса
150823283,1958744,uk,Тиву
150823360,1958745,uk,Геро
150823745,1958750,uk,Ватугасе
150825054,1958767,uk,Томале
150825593,1958774,uk,Падангмакмур
150829443,1958824,uk,Каыаманыа
150829520,1958825,uk,Сайо
150829597,1958826,uk,Бонесомпе
150829674,1958827,uk,Касінтуву
150829751,1958828,uk,Ломбугиа
150829828,1958829,uk,Лаванга
150830136,1958833,uk,Кавуа
150831522,1958851,uk,Фунга
150832908,1958869,uk,Ратенггойи
150835449,1958902,uk,Волофео
150836142,1958911,uk,Уолондопо
150837605,1958930,uk,Волобела
150838683,1958944,uk,Волоара
150839992,1958961,uk,Волоау
150840993,1958974,uk,Нирулера
150841224,1958977,uk,Детуледа
150841686,1958983,uk,Нирангклиунг
150841763,1958984,uk,Детуара
150842456,1958993,uk,Таналанги
150842764,1958997,uk,Ретенггома
150843380,1959005,uk,Феондари
150845767,1959036,uk,Тіланг
150847307,1959056,uk,Риипуа
150848231,1959068,uk,Детупиа
150848308,1959069,uk,Масебева
150848385,1959070,uk,Ойа
150850772,1959101,uk,Риит
150851003,1959104,uk,Мисир
150851157,1959106,uk,Нангаметинг
150852543,1959124,uk,Браи
150852697,1959126,uk,Нитаклоанг
150853082,1959131,uk,Тебук
150853236,1959133,uk,Уерут
150853467,1959136,uk,Колигахар
150853621,1959138,uk,Блоро
150853852,1959141,uk,Котингнатагете
150854006,1959143,uk,Койагете
150854083,1959144,uk,Диллер
150854314,1959147,uk,Гехаклау
150855315,1959160,uk,Детунг
150855469,1959162,uk,Тадаблиро
150855931,1959168,uk,Хабингклоанг
150856085,1959170,uk,Хокор
150856547,1959176,uk,Лихет
150856624,1959177,uk,Пухо
150858010,1959195,uk,Хабидогонг
150858241,1959198,uk,Ватубура
150858472,1959201,uk,Хепанг
150861013,1959234,uk,Фатуалам
150861475,1959240,uk,Леоф
150861783,1959244,uk,Оенак
150861937,1959246,uk,Наиола
150862553,1959254,uk,Нибааф
150864324,1959277,uk,Баанфаун
150864709,1959282,uk,Паас
150864863,1959284,uk,Необ
150865479,1959292,uk,Сосор Сату
150868251,1959328,uk,Сосорйаби
150868405,1959330,uk,Йабийаби
150868790,1959335,uk,Сосоргулу
150870176,1959353,uk,Онан Ганйанг Сату
150872871,1959388,uk,Сипагобу
150873333,1959394,uk,Сосорлангит
150874257,1959406,uk,Сирандорунг
150875720,1959425,uk,Хутагинйанг Емпат
150875797,1959426,uk,Хутатамбок
150876336,1959433,uk,Долокнаболон
150876413,1959434,uk,Йанйинагоданг
150878338,1959459,uk,Кетайек
150879185,1959470,uk,Плаланган
150879647,1959476,uk,Таманлого Уетан
150880802,1959491,uk,Банйар Кубу
150880879,1959492,uk,Банйар Дукух
150881110,1959495,uk,Банйар Кангкаанг
150881187,1959496,uk,Банйар Буаыанг
150881264,1959497,uk,Банйар Келодан
150881880,1959505,uk,Пенггакрайенг
150882419,1959512,uk,Балегеде
150884575,1959540,uk,Биаслантанг Калер
150891813,1959634,uk,Монггас
150894354,1959667,uk,Лококгетак
150894585,1959670,uk,Лолоан
150896202,1959691,uk,Телагаленггунди
150896741,1959698,uk,Сембагек
150900129,1959742,uk,Лелонгкен
150901130,1959755,uk,Каранггеданг
150901900,1959765,uk,Аныар
150903517,1959786,uk,Хериуундут
150904518,1959799,uk,Палі
150905904,1959817,uk,Нусайаыа
150906135,1959820,uk,Ланци Сату
150906212,1959821,uk,Сумур Лима
150906289,1959822,uk,Самангауах
150906674,1959827,uk,Лаирара
150908060,1959845,uk,Комерда
150909215,1959860,uk,Голумареда
150910755,1959880,uk,Калимбукуни
150911063,1959884,uk,Тибутана
150911217,1959886,uk,Тебара
150912372,1959901,uk,Малити
150912603,1959904,uk,Вайланг
150913450,1959915,uk,Котауаикабубак
150915067,1959936,uk,Идабону
150915914,1959947,uk,Пуукаделу
150919995,1960000,uk,Литибакул
150920380,1960005,uk,Барабеданг
150920457,1960006,uk,Лайтіваве
150920688,1960009,uk,Бакул
150921073,1960014,uk,Тоупопу
150922151,1960028,uk,Капайи
150922459,1960032,uk,Ваймадака
150923383,1960044,uk,Праимутунг
150923614,1960047,uk,Лахихагаланг
150923922,1960051,uk,Праикарера
150924538,1960059,uk,Летеибла
150924615,1960060,uk,Маледона
150925077,1960066,uk,Кабопари
150927695,1960100,uk,Падедеуату
150928773,1960114,uk,Ретипауелах
150930775,1960140,uk,Таримбанг
150932007,1960156,uk,Лаилара
150932931,1960168,uk,Лаипонда
150933162,1960171,uk,Мбайикупадуа
150934240,1960185,uk,Дапайоки
150935087,1960196,uk,Дасаелу
150935472,1960201,uk,Танарара
150936319,1960212,uk,Таманаимаху
150936550,1960215,uk,Праикапубунг
150937859,1960232,uk,Таналоду
150941324,1960277,uk,Праилангина
150943018,1960299,uk,Нцера
150943249,1960302,uk,Лідо
150943480,1960305,uk,Омпубои
150943634,1960307,uk,Сакуру Тига
150943942,1960311,uk,Симпасаи
150944173,1960314,uk,Ваворада
150944558,1960319,uk,Карано
150944712,1960321,uk,Пасирпутих
150944943,1960324,uk,Танйунгмас
150945251,1960328,uk,Варо
150948254,1960367,uk,Тусан
150948870,1960375,uk,Патондокан
150949794,1960387,uk,Салулотонг
150954337,1960446,uk,Пепатиан
150954645,1960450,uk,Напалпата
150954876,1960453,uk,Ватука
150955261,1960458,uk,Уеколонг
150956339,1960472,uk,Гурунг
150956801,1960478,uk,Кобок
150957032,1960481,uk,Ваерана
150957494,1960487,uk,Кипо
150958957,1960506,uk,Мунде
150959265,1960510,uk,Марокуре
150960343,1960524,uk,Сере
150960574,1960527,uk,Уоколате
150961113,1960534,uk,Мутинг
150966888,1960609,uk,Боганатар
150967119,1960612,uk,Сукутуканг
150969660,1960645,uk,Нангголан
150971585,1960670,uk,Веламоса
150971816,1960673,uk,Аеланде
150972201,1960678,uk,Еколеа
150973895,1960700,uk,Воломуку
150973972,1960701,uk,Лонде
150974665,1960710,uk,Мадават
150974896,1960713,uk,Веко
150974973,1960714,uk,Ритапирет
150975050,1960715,uk,Халат
150975204,1960717,uk,Натарлеба
150975974,1960727,uk,Талибура
150976821,1960738,uk,Хила
150977745,1960750,uk,Уолометанг
150977899,1960752,uk,Натармаге
150978284,1960757,uk,Паудолор
150978361,1960758,uk,Єва
150978592,1960761,uk,Бору
150978900,1960765,uk,Падангпасир
150979747,1960776,uk,Дуанг
150979824,1960777,uk,Хева
150979978,1960779,uk,Ватубуку
150980209,1960782,uk,Коканг
150980979,1960792,uk,Танахдеуа
150981903,1960804,uk,Хабитеданг
150984675,1960840,uk,Лууоо
150985599,1960852,uk,Борокалукуе
150985676,1960853,uk,Касимпуренг
150988063,1960884,uk,Ботто
150989449,1960902,uk,Тибойонг
150992144,1960937,uk,Лабеку
150993222,1960951,uk,Кадинг
150993530,1960955,uk,Уолланги
150994531,1960968,uk,Йампу
150995147,1960976,uk,Парото
150996148,1960989,uk,Цинонг
150996456,1960993,uk,Паталлеланг
150997457,1961006,uk,Арасое
150997842,1961011,uk,Гопобото
150998227,1961016,uk,Улубухунг
151001153,1961054,uk,Аво
151001769,1961062,uk,Калонгко
151002385,1961070,uk,Биланте
151003232,1961081,uk,Моенгко Бару
151004079,1961092,uk,Касимпунга
151005773,1961114,uk,Лемо
151006389,1961122,uk,Бубук
151006620,1961125,uk,Палуе
151008545,1961150,uk,Омбуло Барат
151008853,1961154,uk,Тонала Барат
151009931,1961168,uk,Хулава
151010008,1961169,uk,Соклат
151012549,1961202,uk,Данги
151013088,1961209,uk,Адирейо
151015244,1961237,uk,Мулыоарйо
151015937,1961246,uk,Путат Лор
151016322,1961251,uk,Сегаран
151019556,1961293,uk,Гатот Суброто Пермаи
151021558,1961319,uk,Дайан Танглук
151023791,1961348,uk,Падангсамбиан
151024792,1961361,uk,Аныар Кайа
151025408,1961369,uk,Пелиатан
151025485,1961370,uk,Паданг
151029797,1961426,uk,Ыангбатукаух
151031799,1961452,uk,Тегалагунг
151034494,1961487,uk,Цемараагунг
151034648,1961489,uk,Сампингбуни
151036496,1961513,uk,Берабан
151040269,1961562,uk,Карыадхарма
151041732,1961581,uk,Саках
151042117,1961586,uk,Абианбасе
151043118,1961599,uk,Бугис
151043426,1961603,uk,Йабайеро
151043811,1961608,uk,Тибубененг
151045813,1961634,uk,Тепанганг
151046737,1961646,uk,Лемба
151048816,1961673,uk,Пеккабата
151050587,1961696,uk,Менре
151051049,1961702,uk,Цемпа Пасар
151052050,1961715,uk,Лабале
151053205,1961730,uk,Буйууенг
151053436,1961733,uk,Така Дуа
151053821,1961738,uk,Теланге
151054514,1961747,uk,Бабакубба
151057209,1961782,uk,Менегалунг
151061521,1961838,uk,Лемпа
151061598,1961839,uk,Келанабиан
151061983,1961844,uk,Пасек
151062214,1961847,uk,Пантаисари
151062368,1961849,uk,Менега
151063061,1961858,uk,Панде
151064678,1961879,uk,Кангин
151065679,1961892,uk,Леон
151066141,1961898,uk,Миндонга
151066603,1961904,uk,Тондотанга
151066834,1961907,uk,Декик
151067758,1961919,uk,Типае
151068220,1961925,uk,Салоро
151070222,1961951,uk,Йапуе
151071916,1961973,uk,Боццобоццое
151072147,1961976,uk,Мацекее
151072224,1961977,uk,Йенеейае
151073071,1961988,uk,Лабеланг Дуа
151073610,1961995,uk,Салусана
151073918,1961999,uk,Батулаыанг
151073995,1962000,uk,Матали
151074303,1962004,uk,Малеуонг
151074457,1962006,uk,Бонтобебек
151074688,1962009,uk,Дамаци
151074996,1962013,uk,Талапа
151076459,1962032,uk,Клатакан
151076998,1962039,uk,Кебунйерук
151077075,1962040,uk,Гробокан
151077229,1962042,uk,Сританйунг
151077537,1962046,uk,Уйунг
151077691,1962048,uk,Калиасин
151079462,1962071,uk,Поссумур
151082080,1962105,uk,Гунунгсари
151082927,1962116,uk,Медас
151083312,1962121,uk,Кепек
151084005,1962130,uk,Блукус
151084775,1962140,uk,Менинтинг
151084852,1962141,uk,Пересакконгок
151085006,1962143,uk,Пенанггак
151086007,1962156,uk,Дасанкулух
151087162,1962171,uk,Пенан
151093630,1962255,uk,Банйар
151095016,1962273,uk,Букитганданг
151095170,1962275,uk,Банйаринтаран
151096633,1962294,uk,Кекалик Тимур
151097480,1962305,uk,Йемпонг Тимур
151097557,1962306,uk,Дасанколо
151100175,1962340,uk,Кампунгбару
151100945,1962350,uk,Семаыа
151102100,1962365,uk,Принггабаыа
151102793,1962374,uk,Батуыанг Тенгак
151102870,1962375,uk,Губук Тенгак
151103563,1962384,uk,Аиксепаланг
151103717,1962386,uk,Банйар Буденг
151103794,1962387,uk,Делод Пангкунг
151104333,1962394,uk,Банйар Даухмарга
151105103,1962404,uk,Банйар Аныартемблес Кайа
151106412,1962421,uk,Латаципи
151107490,1962435,uk,Калимпуа
151107721,1962438,uk,Пуйо
151108568,1962449,uk,Цирооирое
151111725,1962490,uk,Бентелеое
151112572,1962501,uk,Мацеге
151113650,1962515,uk,Банйар Тегакгеде
151114805,1962530,uk,Банйар Делодсетра
151115190,1962535,uk,Пекутатан
151115498,1962539,uk,Банйар Дангин Пангкунг
151115806,1962543,uk,Банйар Асахдурен
151115960,1962545,uk,Банйар Суастика
151118270,1962575,uk,Йембатанкарунг
151119656,1962593,uk,Таббайа
151121119,1962612,uk,Сабе
151121427,1962616,uk,Сенга
151121658,1962619,uk,Лимпуыанг
151121966,1962623,uk,Балла
151122967,1962636,uk,Батий
151123506,1962643,uk,Цакиауо
151124738,1962659,uk,Комбонг
151125585,1962670,uk,Пацоци
151126817,1962686,uk,Лококранган
151127202,1962691,uk,Ребаконг
151129743,1962724,uk,Солохболот
151130128,1962729,uk,Санкункун
151131206,1962743,uk,Потонтемпос
151132053,1962754,uk,Каранганыар
151132130,1962755,uk,Карангпендаги
151133516,1962773,uk,Танахсонг Даыа
151134594,1962787,uk,Правіра
151134902,1962791,uk,Карангбаыан
151135980,1962805,uk,Тодо
151137982,1962831,uk,Самбикйенгкел
151142833,1962894,uk,Пендуа Тимур
151143449,1962902,uk,Сантонг
151144373,1962914,uk,Копангсебангун Бауах
151144835,1962920,uk,Йатисари
151145451,1962928,uk,Лабуханкурис
151145913,1962934,uk,Лаписаи
151146144,1962937,uk,Луккарыа
151146221,1962938,uk,Лук А
151146298,1962939,uk,Сукадамаи А
151146760,1962945,uk,Кенцана
151148300,1962965,uk,Вайгаві
151148608,1962969,uk,Малугхау
151148916,1962973,uk,Пакаре
151148993,1962974,uk,Уаиныапу
151149070,1962975,uk,Димудуту
151149609,1962982,uk,Вайха
151149763,1962984,uk,Монгго
151152997,1963026,uk,Нгондокандауу
151153228,1963029,uk,Манугеге
151154152,1963041,uk,Паненггоеде
151162468,1963149,uk,Вілівано
151163007,1963156,uk,Калембутиллу
151164085,1963170,uk,Веетомбо
151165163,1963184,uk,Уеекомбака
151169244,1963237,uk,Докоподо
151170168,1963249,uk,Балилоко
151171015,1963260,uk,Гулукатина
151171323,1963264,uk,Перо
151172016,1963273,uk,Бинадара
151172247,1963276,uk,Уеелака
151172401,1963278,uk,Радамата
151172555,1963280,uk,Матауаимареда
151173787,1963296,uk,Каронгаба
151175250,1963315,uk,Пасонобену
151175327,1963316,uk,Пуууирока
151175404,1963317,uk,Ндапагадо
151176636,1963333,uk,Пондоеде
151176944,1963337,uk,Манола
151177406,1963343,uk,Веекака
151178638,1963359,uk,Ебунг
151179254,1963367,uk,Летереда
151179562,1963371,uk,Тендала
151179639,1963372,uk,Дедека
151179947,1963376,uk,Уеемангголо
151180486,1963383,uk,Діло
151180794,1963387,uk,Калимбукоуо
151181179,1963392,uk,Литилеро
151182950,1963415,uk,Уеекатина
151183335,1963420,uk,Летеуунгана
151183720,1963425,uk,Пуумауо
151186338,1963459,uk,Голусапи
151186877,1963466,uk,Омбакамиа
151188032,1963481,uk,Вееґаінго
151188417,1963486,uk,Королара
151188879,1963492,uk,Камбулана
151189957,1963506,uk,Уатулабара
151191266,1963523,uk,Веераме
151192036,1963533,uk,Уитутана
151192421,1963538,uk,Кутаподу
151192883,1963544,uk,Голусимби
151193114,1963547,uk,Пууредапа
151194038,1963559,uk,Анделара
151194269,1963562,uk,Маленаате
151195270,1963575,uk,Уеекадопу
151198119,1963612,uk,Летекасана
151198504,1963617,uk,Веелімбу
151199428,1963629,uk,Омбараде
151199582,1963631,uk,Уатуладе Сату
151201584,1963657,uk,Праидикита
151203586,1963683,uk,Андекантор
151205511,1963708,uk,Омбакеи
151206435,1963720,uk,Редамболу
151207667,1963736,uk,Пууоди
151210285,1963770,uk,Бокот
151210516,1963773,uk,Уеелана
151211363,1963784,uk,Керемборо
151212749,1963802,uk,Марангау
151213442,1963811,uk,Баыаде
151213519,1963812,uk,Буниыаа
151213904,1963817,uk,Мотамбеа
151218062,1963871,uk,Тунггуло
151218370,1963875,uk,Пооуо
151218986,1963883,uk,Дуріан
151219448,1963889,uk,Молоуаху
151220757,1963906,uk,Перинтис
151222066,1963923,uk,Дуломо Селатан
151222143,1963924,uk,Дуломо
151222528,1963929,uk,Тапа
151223221,1963938,uk,Лувоху
151223837,1963946,uk,Хуангоботу
151223914,1963947,uk,Туладенгги
151224222,1963951,uk,Сепатсиам
151224838,1963959,uk,Лаувону
151224915,1963960,uk,Тембили
151225685,1963970,uk,Тилоте
151227456,1963993,uk,Пауво
151227533,1963994,uk,Тумбихе
151229227,1964016,uk,Потівундува
151230074,1964027,uk,Балі
151231383,1964044,uk,Хунтулобоху
151233154,1964067,uk,Уундака
151233308,1964069,uk,Залакаду
151233616,1964073,uk,Уеекалада
151235002,1964091,uk,Калембупеду
151235618,1964099,uk,Магонангга
151239006,1964143,uk,Томбу
151239699,1964152,uk,Уанокеду
151240315,1964160,uk,Голукадаму
151241547,1964176,uk,Праикалумбанг
151241778,1964179,uk,Летекиина
151243703,1964204,uk,Пумемала
151243780,1964205,uk,Віпанапі
151244242,1964211,uk,Голукарабо
151245166,1964223,uk,Веекака
151245243,1964224,uk,Пууламе
151246552,1964241,uk,Дадука
151246860,1964245,uk,Лококадипука
151247399,1964252,uk,Дадар
151247476,1964253,uk,Матауеелури
151249170,1964275,uk,Пангадувева
151252250,1964315,uk,Доре
151252481,1964318,uk,Калибукалала
151254406,1964343,uk,Бондобогхила
151255946,1964363,uk,Уеепангали
151262337,1964446,uk,Пото
151263877,1964466,uk,Танатоку
151265494,1964487,uk,Тамаау
151266341,1964498,uk,Праиуола
151267265,1964510,uk,Катикулоко
151273733,1964594,uk,Вайлолунг
151275196,1964613,uk,Вайхібар
151276043,1964624,uk,Манукака
151276197,1964626,uk,Кабондок
151277044,1964637,uk,Галубакул
151277275,1964640,uk,Менггар
151278892,1964661,uk,Ауманук
151279816,1964673,uk,Уаирара
151281048,1964689,uk,Теонгтода
151281279,1964692,uk,Веранг
151281972,1964701,uk,Уаетумбур
151282049,1964702,uk,Рамбанг
151283512,1964721,uk,Нунанг
151284205,1964730,uk,Дахот
151285052,1964741,uk,Лаци
151285437,1964746,uk,Лунти
151287670,1964775,uk,Даыанрурунг Барат
151288209,1964782,uk,Монтонгкемонг
151288902,1964791,uk,Расабоу
151289441,1964798,uk,Нпонгге
151290519,1964812,uk,Уаикамбила
151291674,1964827,uk,Голухапу
151293214,1964847,uk,Амару
151294061,1964858,uk,Праиканиру
151294908,1964869,uk,Болубева
151295370,1964875,uk,Паду
151295601,1964878,uk,Марададета
151295755,1964880,uk,Лукурота
151296294,1964887,uk,Маланранг
151297141,1964898,uk,Канунг
151298681,1964918,uk,Сумпаттедонге
151300375,1964940,uk,Бенценгбенценг
151301222,1964951,uk,Уаисепанг
151301607,1964956,uk,Паукате
151301915,1964960,uk,Уеленга
151301992,1964961,uk,Нунумео
151302839,1964972,uk,Мабаруйу
151303301,1964978,uk,Уаебуа
151303763,1964984,uk,Лурут
151304148,1964989,uk,Кенгкел
151304610,1964995,uk,Валінг
151305149,1965002,uk,Нгусу
151307382,1965031,uk,Папанг
151307459,1965032,uk,Лью
151307998,1965039,uk,Пейек
151308152,1965041,uk,Ранамбелинг
151308460,1965045,uk,Бакабари
151308537,1965046,uk,Мукун
151308614,1965047,uk,Дало
151309846,1965063,uk,Педак
151311694,1965087,uk,Савірара
151312849,1965102,uk,Локори
151313927,1965116,uk,Малата
151316006,1965143,uk,Голумареда
151319009,1965182,uk,Уеелуа
151319933,1965194,uk,Боленгпулау
151320010,1965195,uk,Лахуа
151320318,1965199,uk,Рангко
151320472,1965201,uk,Рунгкам
151320549,1965202,uk,Пасирпанйанг
151320934,1965207,uk,Ваєвасо
151321319,1965212,uk,Цемпа
151325939,1965272,uk,Пуунаге
151327094,1965287,uk,Маукели
151327633,1965294,uk,Батава
151327710,1965295,uk,Аеуае
151328403,1965304,uk,Маумбава
151331714,1965347,uk,Маумару
151331945,1965350,uk,Маукароху
151332407,1965356,uk,Лахару
151333331,1965368,uk,Панйир
151333408,1965369,uk,Лалоланг
151334101,1965378,uk,Лаибанги
151335025,1965390,uk,Камалауатанг
151335102,1965391,uk,Уманггуданг
151335641,1965398,uk,Кахемби
151337797,1965426,uk,Латанг
151338798,1965439,uk,Праипайурунг
151339106,1965443,uk,Лаибаиыа
151341108,1965469,uk,Ланда
151341185,1965470,uk,Мбурунг
151341339,1965472,uk,Вуді
151341724,1965477,uk,Тамбулатана
151341801,1965478,uk,Хамбапраинг
151342340,1965485,uk,Уаулихи
151342417,1965486,uk,Лубунгиа
151342494,1965487,uk,Кута
151342956,1965493,uk,Паталиа
151343803,1965504,uk,Хибуулар
151344342,1965511,uk,Кунйур
151344419,1965512,uk,Хилирара
151346036,1965533,uk,Мбатакатака
151347730,1965555,uk,Лобунг
151347961,1965558,uk,Кауаллу
151348654,1965567,uk,Нгадулуа
151348885,1965570,uk,Праимарада
151349193,1965574,uk,Падакамамби
151349424,1965577,uk,Насавеве
151349809,1965582,uk,Гіріваво
151350348,1965589,uk,Екоуоло
151350656,1965593,uk,Бонгеву
151350887,1965596,uk,Богенга
151351195,1965600,uk,Джавамезе
151351272,1965601,uk,Трикора
151351349,1965602,uk,Нгедукелу
151351426,1965603,uk,Кисаната
151351580,1965605,uk,Таналоду
151351811,1965608,uk,Рагхи
151352350,1965615,uk,Алогуру
151352889,1965622,uk,Мари
151352966,1965623,uk,Бонеуару
151353120,1965625,uk,Нгоракего
151353197,1965626,uk,Божава
151353351,1965628,uk,Бела
151353428,1965629,uk,Сукатеи
151353582,1965631,uk,Уатумейе
151354044,1965637,uk,Маунури
151354121,1965638,uk,Джавававо
151354352,1965641,uk,Воровату
151354429,1965642,uk,Тудиуадо
151354737,1965646,uk,Ромба
151354814,1965647,uk,Бенгга
151356431,1965668,uk,Лана
151356739,1965672,uk,Луи
151356816,1965673,uk,Оронг Атас
151357201,1965678,uk,Оронг Бауах
151357432,1965681,uk,Галанг
151357586,1965683,uk,Пау Лама
151357817,1965686,uk,Соконг
151358741,1965698,uk,Уаемата
151359126,1965703,uk,Уатулендо
151360435,1965720,uk,Мелунг
151362129,1965742,uk,Понгномбонг
151362283,1965744,uk,Лема
151362514,1965747,uk,Самбирбендера
151362899,1965752,uk,Дангко
151363207,1965756,uk,Голокарот
151364516,1965773,uk,Ванкунг
151364670,1965775,uk,Бетонг
151365825,1965790,uk,Кондас
151366210,1965795,uk,Ндуел
151366364,1965797,uk,Тондонграйа
151366980,1965805,uk,Голондалас
151367442,1965811,uk,Ранггауату
151367673,1965814,uk,Бамбор
151368751,1965828,uk,Мберхеленг
151369136,1965833,uk,Ваєвако
151370599,1965852,uk,Зепе
151371292,1965861,uk,Уолобоа Бару
151371523,1965864,uk,Пого
151371831,1965868,uk,Турекиса
151372524,1965877,uk,Мангулєва
151372755,1965880,uk,Ранисоба
151373063,1965884,uk,Дорупаре
151373140,1965885,uk,Маталоко
151373602,1965891,uk,Собо
151374526,1965903,uk,Свакарья
151374680,1965905,uk,Така
151374757,1965906,uk,Тада
151374988,1965909,uk,Варекео
151375296,1965913,uk,Йадхо
151375527,1965916,uk,Нуамузи
151375989,1965922,uk,Матарепа
151376143,1965924,uk,Велу
151376297,1965926,uk,Майамала
151376451,1965928,uk,Савуваво
151376528,1965929,uk,Куруладу
151377144,1965937,uk,Ватурока
151377298,1965939,uk,Ниба
151377529,1965942,uk,Кампунгбайо
151377606,1965943,uk,Генанг
151377683,1965944,uk,Торолойи
151378068,1965949,uk,Тибакиса
151378376,1965953,uk,Вологама
151378992,1965961,uk,Джавагае
151379377,1965966,uk,Мулаколи
151379531,1965968,uk,Локабо
151379608,1965969,uk,Волоніо
151379685,1965970,uk,Рега
151380147,1965976,uk,Вуду
151381687,1965996,uk,Нунукае
151382380,1966005,uk,Падхахегха
151382688,1966009,uk,Хобонио
151383997,1966026,uk,Вага
151384305,1966030,uk,Доыа
151384536,1966033,uk,Малалайа
151384921,1966038,uk,Мука
151385383,1966044,uk,Сукамайу
151385460,1966045,uk,Пайорейа
151385614,1966047,uk,Даше
151386076,1966053,uk,Кутапао
151386461,1966058,uk,Локаволо
151386538,1966059,uk,Локанио
151386846,1966063,uk,Мабхабхойа
151386923,1966064,uk,Гелу
151387077,1966066,uk,Ледхо Дуа
151387231,1966068,uk,Бокі
151387385,1966070,uk,Локапау
151387616,1966073,uk,Лендо
151388155,1966080,uk,Пусу
151388694,1966087,uk,Гулунг
151389772,1966101,uk,Нггилат
151390927,1966116,uk,Самбелиа
151391312,1966121,uk,Ваетува
151391389,1966122,uk,Руйунг
151392236,1966133,uk,Голопау
151393160,1966145,uk,Васо
151394777,1966166,uk,Бентенгйауа
151394854,1966167,uk,Пау
151395008,1966169,uk,Рентунг
151395316,1966173,uk,Голомунта
151395624,1966177,uk,Пурус
151396163,1966184,uk,Перак
151396394,1966187,uk,Кенца
151396625,1966190,uk,Мосо
151397010,1966195,uk,Нецак
151398396,1966213,uk,Перматан
151400090,1966235,uk,Сенгкурик
151400783,1966244,uk,Нару
151401399,1966252,uk,Лекосоро
151402246,1966263,uk,Босико
151403709,1966282,uk,Пасолапида
151407790,1966335,uk,Рова
151408252,1966341,uk,Бунгкуду
151408329,1966342,uk,Панимбул
151410639,1966372,uk,Пасахунгенг
151415952,1966441,uk,Дампек
151416414,1966447,uk,Сатартеу
151417030,1966455,uk,Ндеру
151417107,1966456,uk,Ценоп
151417338,1966459,uk,Веленг
151417723,1966464,uk,Нангахаледои
151417877,1966466,uk,Ваяра
151418108,1966469,uk,Вайпаре
151418339,1966472,uk,Хигетегера
151418493,1966474,uk,Кавапанте
151419571,1966488,uk,Нитаклоанг
151419956,1966493,uk,Ватулівунг
151420572,1966501,uk,Потет
151421111,1966508,uk,Клоангротат
151421419,1966512,uk,Аибура
151422189,1966522,uk,Баобатун
151422651,1966528,uk,Кеуагунунг
151423036,1966533,uk,Магетлегар
151424499,1966552,uk,Ойан
151424653,1966554,uk,Беи
151424961,1966558,uk,Ватублапі
151425654,1966567,uk,Ууаладу
151425731,1966568,uk,Клоангпопот
151427348,1966589,uk,Хабибола
151428272,1966601,uk,Волоколі
151428888,1966609,uk,Таранггатар
151430813,1966634,uk,Тианг
151431275,1966640,uk,Тебокан
151431583,1966644,uk,Пулерейо
151431737,1966646,uk,Теменггунган
151432045,1966650,uk,Нгамба
151432276,1966653,uk,Тамбакрейо
151432430,1966655,uk,Нгасинан
151432584,1966657,uk,Сембон
151432661,1966658,uk,Сукоуидодо Барат
151433046,1966663,uk,Сетонобендо
151433277,1966666,uk,Таманан
151433893,1966674,uk,Пинггирсари
151434201,1966678,uk,Салам
151434432,1966681,uk,Балонг
151434663,1966684,uk,Тапан
151434817,1966686,uk,Гендингсари
151435202,1966691,uk,Бунгур
151435433,1966694,uk,Симо Сату
151435510,1966695,uk,Майан
151435972,1966701,uk,Маыанган
151436280,1966705,uk,Нграван
151436357,1966706,uk,Тауангрейо
151436665,1966710,uk,Калибото
151436973,1966714,uk,Бангоан
151437050,1966715,uk,Рейоагунг
151437281,1966718,uk,Кануграхан
151437589,1966722,uk,Батангсарен
151438128,1966729,uk,Сентулан
151438667,1966736,uk,Кедунгтаман
151438975,1966740,uk,Булусари
151439052,1966741,uk,Кедунгдоро
151439206,1966743,uk,Пуцунг
151439514,1966747,uk,Самбиробыонг
151439822,1966751,uk,Рингинагунг
151439976,1966753,uk,Мекарсари
151440053,1966754,uk,Кепатихан
151440207,1966756,uk,Йейерук
151440361,1966758,uk,Сембунг
151440438,1966759,uk,Калисонг
151440515,1966760,uk,Кауман
151440977,1966766,uk,Кутоаныар
151441054,1966767,uk,Тертек
151441131,1966768,uk,Карангуару
151441208,1966769,uk,Таманан
151441285,1966770,uk,Баго
151441901,1966778,uk,Нгрукем
151442132,1966781,uk,Джабалан
151442209,1966782,uk,Гемпол
151442286,1966783,uk,Селойененг
151442363,1966784,uk,Сригадинг
151442440,1966785,uk,Кудусан
151442517,1966786,uk,Йепун
151442594,1966787,uk,Серут
151442902,1966791,uk,Гедангсеуу Селатан
151442979,1966792,uk,Моыокетен
151443056,1966793,uk,Пацет
151443595,1966800,uk,Нгрецо
151443980,1966805,uk,Танггулангин
151444211,1966808,uk,Бендилмунинг
151444288,1966809,uk,Садар
151444673,1966814,uk,Пулосари
151444750,1966815,uk,Кромасан
151444827,1966816,uk,Сетонокалонг
151444904,1966817,uk,Кедунгсинггил
151445366,1966823,uk,Нгипик
151445597,1966826,uk,Каранггаыам
151445674,1966827,uk,Баыанан
151445905,1966830,uk,Доропаыунг
151446059,1966832,uk,Тамбаксумбер
151446367,1966836,uk,Саденг
151446598,1966839,uk,Сумберйо Кулон
151446752,1966841,uk,Дукух
151447060,1966845,uk,Давухан
151447214,1966847,uk,Ваджак
151447291,1966848,uk,Ронгганан
151447522,1966851,uk,Гентинг
151447599,1966852,uk,Бімбіні
151447676,1966853,uk,Марон
151447753,1966854,uk,Пуцунг Кидул
151447830,1966855,uk,Сангграхан Кидул
151447984,1966857,uk,Мойо
151448292,1966861,uk,Бендилуунгу Лор
151448523,1966864,uk,Цангкринган
151449601,1966878,uk,Баныуаныар
151449986,1966883,uk,Гаран Кидул
151450063,1966884,uk,Сумберсари
151450294,1966887,uk,Калибару Кулон
151450525,1966890,uk,Кебонрейо
151452296,1966913,uk,Банйар Сауерангсаса Келод
151453297,1966926,uk,Сатриа
151453451,1966928,uk,Лолоан Тимур
151453682,1966931,uk,Памедилан
151453759,1966932,uk,Батуагунг
151454067,1966936,uk,Банйар Себуал
151454298,1966939,uk,Балер Балеагунг
151455838,1966959,uk,Груйуган
151456223,1966964,uk,Батуампар
151456454,1966967,uk,Клампокан Крайан Сату
151456993,1966974,uk,Сумураныар
151457147,1966976,uk,Ампел
151457455,1966980,uk,Бакоан
151457917,1966986,uk,Йатисари Сату
151458379,1966992,uk,Цорататал
151458841,1966998,uk,Сулинг Кулон
151458995,1967000,uk,Рамбан Кулон
151459072,1967001,uk,Бандилан Крайан
151459149,1967002,uk,Баныумас
151460612,1967021,uk,Дуве
151460689,1967022,uk,Гендем
151461074,1967027,uk,Клади
151461459,1967032,uk,Кепег Сату
151462306,1967043,uk,Бесисора
151463153,1967054,uk,Йелатенг Тимур
151463769,1967062,uk,Памегатан
151465078,1967079,uk,Серембау
151468928,1967129,uk,Беробот
151469159,1967132,uk,Тавун
151472470,1967175,uk,Сукадана
151473394,1967187,uk,Батуринггит Кайа
151474395,1967200,uk,Бауакнао Даыа
151479323,1967264,uk,Бондомалити
151480324,1967277,uk,Падедеману
151482095,1967300,uk,Бахугха
151482480,1967305,uk,Рокопака
151484251,1967328,uk,Барох
151484790,1967335,uk,Потаре
151488024,1967377,uk,Сангумата
151491258,1967419,uk,Толоманго
151491489,1967422,uk,Дороуила
151491566,1967423,uk,Мелати
151491643,1967424,uk,Леу
151491797,1967426,uk,Кара Тимур
151491951,1967428,uk,Тамбе
151492336,1967433,uk,Берингин
151492644,1967437,uk,Рате
151492952,1967441,uk,Воро
151493337,1967446,uk,Патаха
151493645,1967450,uk,Наебугис
151494184,1967457,uk,Кампунгбару
151494415,1967460,uk,Бомбо
151494569,1967462,uk,Сигирато
151498727,1967516,uk,Кедо
151499651,1967528,uk,Танйунг
151500421,1967538,uk,Хингги
151500575,1967540,uk,Сокало
151502192,1967561,uk,Карапуа
151506735,1967620,uk,Аббануанг
151508506,1967643,uk,Лабилибили
151509353,1967654,uk,Харапанкарыа
151510893,1967674,uk,Токеран
151511894,1967687,uk,Тондоксалу
151511971,1967688,uk,Бала
151512664,1967697,uk,Атоапала
151513203,1967704,uk,Поттон
151515359,1967732,uk,Кепе
151517438,1967759,uk,Бенданг
151517669,1967762,uk,Цендана
151517823,1967764,uk,Силу
151519594,1967787,uk,Тибакан
151521288,1967809,uk,Танетеполо
151522674,1967827,uk,Реайаыа
151522982,1967831,uk,Дарадара
151527602,1967891,uk,Пангганданган
151534532,1967981,uk,Тандобанга
151537227,1968016,uk,тягнути
151540923,1968064,uk,Бабабаба
151541770,1968075,uk,Батий
151545774,1968127,uk,Пенгкароанманук
151545851,1968128,uk,Сепон
151547930,1968155,uk,Понгко
151548392,1968161,uk,Батий
151548931,1968168,uk,Пангли
151549239,1968172,uk,Ленгконг
151549547,1968176,uk,Батукамбан
151563253,1968354,uk,Кауасик
151563330,1968355,uk,Теи
151566487,1968396,uk,Камихинг
151566949,1968402,uk,Лаиндеха
151568643,1968424,uk,Курувакі
151572262,1968471,uk,Валакері
151572724,1968477,uk,Мбулунг
151573109,1968482,uk,Пахеныа
151574264,1968497,uk,Умакадамбунг
151575265,1968510,uk,Рамук
151576266,1968523,uk,Валакері
151578037,1968546,uk,Бидикотак
151578961,1968558,uk,Пенанг
151580655,1968580,uk,Лаимета
151581810,1968595,uk,Монду
151582888,1968609,uk,Лаимуда
151583350,1968615,uk,Мбидихунгар
151584967,1968636,uk,Малибах
151585275,1968640,uk,Бунтукаок
151588971,1968688,uk,Белайен
151592128,1968729,uk,Салулецу
151592590,1968735,uk,Кабан
151593899,1968752,uk,Мампу
151598442,1968811,uk,Аок
151600752,1968841,uk,Карара
151601060,1968845,uk,Умбурарамеха
151603601,1968878,uk,Мараутуангал
151605988,1968909,uk,Калумбанг
151607220,1968925,uk,Каыури
151609761,1968958,uk,Понггумба
151612610,1968995,uk,Мбатакапиду
151613534,1969007,uk,Апухамбати
151614535,1969020,uk,Меурумба
151615228,1969029,uk,Лайарик
151616999,1969052,uk,Лаирока
151618847,1969076,uk,Кауангу Сату
151620233,1969094,uk,Лабила
151622158,1969119,uk,Танабара
151623621,1969138,uk,Капуарату
151623775,1969140,uk,Танахуурунг
151624391,1969148,uk,Лауину
151625161,1969158,uk,Мангга Дуа
151625469,1969162,uk,Бандара
151625546,1969163,uk,Маулиру
151625931,1969168,uk,Марада
151626085,1969170,uk,Ранукарауату
151627394,1969187,uk,Панті
151627471,1969188,uk,Праилиу
151627933,1969194,uk,Умабара
151628164,1969197,uk,Вангавату
151629781,1969218,uk,Камалапути
151630705,1969230,uk,Хамбала
151631475,1969240,uk,Вату
151631783,1969244,uk,Гурусина
151632014,1969247,uk,Помасуле
151632399,1969252,uk,Малапедо Б
151632553,1969254,uk,Уаингонго
151632938,1969259,uk,Руто
151633477,1969266,uk,Вебела
151633862,1969271,uk,Уулубара
151634093,1969274,uk,Малапаубхара
151635325,1969290,uk,Лиуулео
151635479,1969292,uk,Ваепана
151635556,1969293,uk,Соа
151636480,1969305,uk,Пига
151636788,1969309,uk,Лоа
151637019,1969312,uk,Анафоло
151637327,1969316,uk,Масу
151639791,1969348,uk,Малавона
151640715,1969360,uk,Баобе
151641100,1969365,uk,Малабаи
151642101,1969378,uk,Нила Дуа
151642794,1969387,uk,Мбаы
151643256,1969393,uk,Веволое
151644103,1969404,uk,Кобафеса
151645566,1969423,uk,Цонгкар
151645643,1969424,uk,Ланос
151646336,1969433,uk,Ванкунг
151646413,1969434,uk,Сенгари
151646644,1969437,uk,Сенггапи
151647029,1969442,uk,Бару
151647183,1969444,uk,Бару Тимур
151647876,1969453,uk,Танахпутих
151648415,1969460,uk,Перинг
151648569,1969462,uk,Раба
151648877,1969466,uk,Голоцонгго
151649724,1969477,uk,Нунанг
151650417,1969486,uk,Руміс
151651341,1969498,uk,Пунсу
151651572,1969501,uk,Голокуту
151652265,1969510,uk,Маролидхонг
151657809,1969582,uk,Бунтукалайа
151658579,1969592,uk,Паники
151659503,1969604,uk,Парада
151662814,1969647,uk,Токе
151673671,1969788,uk,Когогамба
151676751,1969828,uk,Ндуариа
151677136,1969833,uk,Детусоко
151678676,1969853,uk,Коанара
151681756,1969893,uk,Салуало
151682834,1969907,uk,Сендана
151684913,1969934,uk,Ухаилану
151685529,1969942,uk,Линду
151685683,1969944,uk,Бамбангбуда
151685837,1969946,uk,Тимбаанг
151686145,1969950,uk,Рантеан Салах
151686376,1969953,uk,Кабае
151688070,1969975,uk,Нггелок
151688917,1969986,uk,Долунг
151689918,1969999,uk,Лете
151690380,1970005,uk,Нглорок
151692228,1970029,uk,Аруаи
151693306,1970043,uk,Сауками
151696078,1970079,uk,Харгомулыо
151696771,1970088,uk,Сумберрейо
151697156,1970093,uk,Бумиагунг
151698080,1970105,uk,Сригадинг
151698311,1970108,uk,Бандарагунг
151698388,1970109,uk,Сриморосари
151698773,1970114,uk,Вонодаді
151699466,1970123,uk,Кебагусан Дуа
151699697,1970126,uk,Гадингрейо
151699928,1970129,uk,Танйунгагунг
151700313,1970134,uk,Сренгсем
151700775,1970140,uk,Сумберхади Сату
151701314,1970147,uk,Сукайаыа
151702084,1970157,uk,Тайур
151702700,1970165,uk,Паласайи
151702777,1970166,uk,Палас
151703008,1970169,uk,Сидорейо
151703316,1970173,uk,Сидорейо
151703393,1970174,uk,Сидоуалуыо
151703470,1970175,uk,Талангбару
151703932,1970181,uk,Пасуруан
151704086,1970183,uk,Карангсари
151704163,1970184,uk,Пененгахан
151704625,1970190,uk,Куныир
151705010,1970195,uk,Суак
151706088,1970209,uk,Цабангбахару
151706781,1970218,uk,Бангунрейо
151706935,1970220,uk,Кебондамар
151707397,1970226,uk,Симпанг
151707705,1970230,uk,Пасирпанйанг
151708706,1970243,uk,Тимурйаыа
151710862,1970271,uk,Уаыкапасан
151714019,1970312,uk,Цукухбедил
151719409,1970382,uk,Кеагунган
151720487,1970396,uk,Каліаві
151721642,1970411,uk,Кейадиан
151722258,1970419,uk,Набанг
151722720,1970425,uk,Сепутих
151724876,1970453,uk,Синарбару
151727186,1970483,uk,Курипан
151729573,1970514,uk,Сидорахаыу
151730959,1970532,uk,Сидакарыа
151735502,1970591,uk,Цагук
151736503,1970604,uk,Кават
151740738,1970659,uk,Телук Бетунг
151745820,1970725,uk,Сукаранте
151746975,1970740,uk,Срименанти
151748207,1970756,uk,Таман Сари
151748823,1970764,uk,Уаылапаы Сату
151749362,1970771,uk,Багелен
151751980,1970805,uk,Кедондонг
151753751,1970828,uk,Уаыханда Дуа
151754444,1970837,uk,Тулунг Агунг
151759834,1970907,uk,Пеманггилан
151769151,1971028,uk,Бангунсари
151771076,1971053,uk,Сидоарум
151773694,1971087,uk,Пангунйан
151775850,1971115,uk,Тегалрейо
151776466,1971123,uk,Цимариас
151777313,1971134,uk,Тейосари
151779238,1971159,uk,Сукауарингин Сату
151779700,1971165,uk,Сукауарингин Дуа
151780624,1971177,uk,Хадилууих
151781933,1971194,uk,Трисно Мулыо
151784474,1971227,uk,Срибасуки
151789633,1971294,uk,Матарам Марга
151791481,1971318,uk,Сидангрейо
151792867,1971336,uk,Умбулан Тауан Сату
151793560,1971345,uk,Умбулан Бетауи
151793637,1971346,uk,Гунунгтеранг
151794484,1971357,uk,Тулунг Сукуан
151795870,1971375,uk,Йенйем
151796101,1971378,uk,Умбулан Гунунг
151796178,1971379,uk,Умбулан Сусук
151797179,1971392,uk,Йембатбату
151797256,1971393,uk,Йебекти
151797333,1971394,uk,Танйунгмас
151797872,1971401,uk,Сумурбандунг
151798488,1971409,uk,Гедонгбесар
151799643,1971424,uk,Гунунгтеранг Дуа
151799874,1971427,uk,Симпангтридата
151800105,1971430,uk,Райабасалама Тига
151800182,1971431,uk,Райабасалама Емпат
151800259,1971432,uk,Райабасалама Лима
151801029,1971442,uk,Брайакенцана
151801106,1971443,uk,Брайасака
151801414,1971447,uk,Сукабару
151802338,1971459,uk,Тойан
151802492,1971461,uk,Каранганыар
151802800,1971465,uk,Циребон Бару
151803108,1971469,uk,Пулопамуйан
151804186,1971483,uk,Танйунганом
151804417,1971486,uk,Беденгрейо
151804494,1971487,uk,Умбулан Йати
151804956,1971493,uk,Умбулан Асем
151805495,1971500,uk,Гунунгагунг
151805803,1971504,uk,Хантутунг
151806111,1971508,uk,Сентоло
151806265,1971510,uk,Памотан
151806342,1971511,uk,Цилутунг
151806804,1971517,uk,Нагрог
151807035,1971520,uk,Пасирангин
151807189,1971522,uk,Майингклак
151807266,1971523,uk,Пасирпеундеуы
151807343,1971524,uk,Цийохо
151807420,1971525,uk,Мекарсари
151807574,1971527,uk,Карангсемпу
151807651,1971528,uk,Бабакан
151807728,1971529,uk,Цилена
151807882,1971531,uk,Карапыак
151808267,1971536,uk,Бугел
151808498,1971539,uk,Раваапу
151808652,1971541,uk,Карангтенгах
151808729,1971542,uk,Цикадим
151808806,1971543,uk,Каранганыар
151809268,1971549,uk,Каранганыар
151809345,1971550,uk,Тамбаксари
151809422,1971551,uk,Гамбангсари
151809576,1971553,uk,Ципариук
151809653,1971554,uk,Кедунгбакунг
151809730,1971555,uk,Мулыосари
151809807,1971556,uk,Панебасан
151810346,1971563,uk,Муктисари
151810500,1971565,uk,Алурбулу
151810808,1971569,uk,Циклапа
151811270,1971575,uk,Булууанги
151811578,1971579,uk,Цикуыа Кидул
151811655,1971580,uk,Кемантрен Сату
151811732,1971581,uk,Гандрунгманис Лор
151811886,1971583,uk,Ванададі
151812117,1971586,uk,Бойонг
151812348,1971589,uk,Сидаурип
151812425,1971590,uk,Кедунгбулу
151812579,1971592,uk,Ципари
151813118,1971599,uk,Гандрунгманис Кидул
151813272,1971601,uk,Унгусари
151813349,1971602,uk,Кавілайян
151813426,1971603,uk,Сидаурип
151813503,1971604,uk,Дунгунсари
151813580,1971605,uk,Калиадем
151813734,1971607,uk,Кедунгдаон
151813965,1971610,uk,Пондокуунгу
151814427,1971616,uk,Баыамати
151814504,1971617,uk,Уангунрейа
151814658,1971619,uk,Кедоканйали
151814812,1971621,uk,Синяванг
151814889,1971622,uk,Магерсари
151815197,1971626,uk,Сидакаыа
151815659,1971632,uk,Каленарен
151815813,1971634,uk,Мекарсари
151816275,1971640,uk,Каленпринг
151817122,1971651,uk,Кедунгбундер
151817276,1971653,uk,Пурводаді
151817661,1971658,uk,Каленбудин
151817969,1971662,uk,Кедунгсалам
151818200,1971665,uk,Цапитуранг
151818354,1971667,uk,Цимруту
151818662,1971671,uk,Кедунгпакис
151819509,1971682,uk,Лумбан Хариара
151819894,1971687,uk,Сипарапат Лундут
151824360,1971745,uk,Лумбан Сихалохо
151829442,1971811,uk,Сиантар
151830520,1971825,uk,Ситандук
151835756,1971893,uk,Бату-бату
151836757,1971906,uk,Холанг-холанг
151837835,1971920,uk,Лумбан Тонга-тонга
151839914,1971947,uk,Харіан
151841839,1971972,uk,Сиримбанг Пасир
151844611,1972008,uk,Хута Райа
151846767,1972036,uk,Айибата
151847691,1972048,uk,Матунг
151852773,1972114,uk,Толпинг
151854467,1972136,uk,Сосор Нангка
151856315,1972160,uk,Туктук Сонак
151856854,1972167,uk,Лумбан Сипаунг
151856931,1972168,uk,Сосор Парапат
151857239,1972172,uk,Сипакко
151857316,1972173,uk,Лумбан Багот
151857470,1972175,uk,Сосор Галунг
151857932,1972181,uk,Хута Болон Сидаболак
151858009,1972182,uk,Лумбан Долок
151858240,1972185,uk,Сиулаккоса
151859164,1972197,uk,Хута Райа
151859395,1972200,uk,Хута Болон
151859934,1972207,uk,Йоринг
151860781,1972218,uk,Йанггинихута
151861089,1972222,uk,Лумбанйиор
151861551,1972228,uk,Ситоханг
151861782,1972231,uk,Бутар-бутар
151861859,1972232,uk,Сиаппанг
151864400,1972265,uk,Сингголом
151866402,1972291,uk,Тамбатамба
151866864,1972297,uk,Лумбан Сиаек-аек
151867326,1972303,uk,Сигиринг-гиринг
151868096,1972313,uk,Парталиан
151869636,1972333,uk,Сигалинггинг
151870252,1972341,uk,Аек Наули
151870560,1972345,uk,Сосар Малау
151870791,1972348,uk,Тангган Дугул
151870945,1972350,uk,Лумбан Гаол
151871484,1972357,uk,Банйар Симболон
151872023,1972364,uk,Бунту Наули
151872100,1972365,uk,Йанйи Мариа
151872562,1972371,uk,Лангге-лангге
151873409,1972382,uk,Ламбан Бунту
151874872,1972401,uk,Ситахкараен
151877952,1972441,uk,Тамбасарибу
151878645,1972450,uk,Таппе-таппе
151879723,1972464,uk,Симпангхиналанг
151880647,1972476,uk,Тигарунггу
151881032,1972481,uk,Гаол
151881186,1972483,uk,Сихалпе
151885344,1972537,uk,Сипинтуангин
151885960,1972545,uk,Симпанг Далик Раыа
151887577,1972566,uk,Сосор Тамбун Раыа
151888578,1972579,uk,Раыа Тонгах
151889194,1972587,uk,Танйунг Мариа
151893968,1972649,uk,Лумбан Турнип
151895739,1972672,uk,Сариматонданг
151896124,1972677,uk,Пондок Афделинг Дуа
151901052,1972741,uk,Марйанди Писанг
151902130,1972755,uk,Пане Тонгах
151902669,1972762,uk,Сипингган
151904517,1972786,uk,Цийапар
151904748,1972789,uk,Пореанг
151905903,1972804,uk,Цикамундинг
151906750,1972815,uk,Гунунгемпук
151906904,1972817,uk,Ципанас
151908983,1972844,uk,Пасирбунгур
151910369,1972862,uk,Тугу
151911678,1972879,uk,Цибангбан Гиранг
151911986,1972883,uk,Пайаган
151912140,1972885,uk,Ципауенанг
151912294,1972887,uk,Карангпапак
151912987,1972896,uk,Цилумбаыан
151913449,1972902,uk,Бантарйати
151916452,1972941,uk,Кульгавий
151916837,1972946,uk,Бабаканбунгур
151917684,1972957,uk,Сонггом
151919301,1972978,uk,Цангкеутеук
151919378,1972979,uk,Цигеулис
151920764,1972997,uk,Марапат
151920918,1972999,uk,Паматанглайа
151923305,1973030,uk,Уарунгбантен
151924229,1973042,uk,Цибуриал
151924306,1973043,uk,Циаві
151925076,1973053,uk,Цисурен
151925384,1973057,uk,Ципаласари
151926539,1973072,uk,Цихамбали
151926693,1973074,uk,Циаыунан
151927463,1973084,uk,Пеусар
151928926,1973103,uk,Нагрег
151929234,1973107,uk,Цикадондонгдеса
151929850,1973115,uk,Гунунгкенденг
151930312,1973121,uk,Салам
151930543,1973124,uk,Бабакантонггох
151930697,1973126,uk,Полос
151930774,1973127,uk,Циунил Барат
151932006,1973143,uk,Сукайади
151932083,1973144,uk,Бабаканцибалиунг
151932468,1973149,uk,Цибебер
151932545,1973150,uk,Цангкеутеук Сабранг
151933546,1973163,uk,Пематангхуни
151933854,1973167,uk,Пематангкиара
151934008,1973169,uk,Цикаду
151934316,1973173,uk,Кадонгдонг
151934547,1973176,uk,Кадубадак
151934932,1973181,uk,Лангкоб
151935009,1973182,uk,Леууибулеуд
151935702,1973191,uk,Бунгурдуа
151936241,1973198,uk,Даху Сату
151936626,1973203,uk,Лимпас
151937858,1973219,uk,Бенгер
151938474,1973227,uk,Карангсамбунг
151938705,1973230,uk,Цидикит Гиранг
151938782,1973231,uk,Цикапуданг
151939937,1973246,uk,Циманцак
151940091,1973248,uk,Пасиргембонг
151941092,1973261,uk,Маргамукти
151942324,1973277,uk,Уарунгламе
151942786,1973283,uk,Лебактипар
151942940,1973285,uk,Синданглаут
151944326,1973303,uk,Бабакантоке
151944865,1973310,uk,Цисуйен Сату
151945173,1973314,uk,Ранцасаданг
151945327,1973316,uk,Судиманик
151945404,1973317,uk,Соронган
151946097,1973326,uk,Тугу Хилир
151946636,1973333,uk,Пематанглухур
151947406,1973343,uk,Синданглаыа
151948099,1973352,uk,Цителук
151948638,1973359,uk,Цицадас
151949177,1973366,uk,Циныуруп
151950255,1973380,uk,Леууибуаыа
151950794,1973387,uk,Сукапура
151950871,1973388,uk,Цикирух
151951025,1973390,uk,Цихаур
151951256,1973393,uk,Карамат
151952334,1973407,uk,Чуруг
151952950,1973415,uk,Мантиыунг
151953104,1973417,uk,Пематангконданг
151953951,1973428,uk,Цицадас
151955491,1973448,uk,Цикарамат
151956338,1973459,uk,Танйунган
151956877,1973466,uk,Умбулан
151957108,1973469,uk,Ранцасененг
151957955,1973480,uk,Пематангбуах
151958109,1973482,uk,Сукаварі
151958340,1973485,uk,Сукарендах
151958802,1973491,uk,Тамбелак
151961112,1973521,uk,Цибунар
151962267,1973536,uk,Ципанцур
151963807,1973556,uk,Бангбаыанг
151965809,1973582,uk,Лебак
151966579,1973592,uk,Цигалих
151967657,1973606,uk,Лебаксоно
151967734,1973607,uk,Цуруглангланг
151968812,1973621,uk,Циумбулеуит
151969351,1973628,uk,Перумахан Копи
151970352,1973641,uk,Кампунгсауах
151970814,1973647,uk,Циседа
151971122,1973651,uk,Пагенгганг Селатан
151971661,1973658,uk,Гинтунг Утара
151972585,1973670,uk,Сенангхати
151973355,1973680,uk,Сукасари
151974587,1973696,uk,Бинонг
151974895,1973700,uk,Бунут
151975049,1973702,uk,Бабакан
151975973,1973714,uk,Киарайангкунг
151976666,1973723,uk,Далеум
151977744,1973737,uk,Цикирух Уетан
151978899,1973752,uk,Сукамулыа
151978976,1973753,uk,Ранцапинанг
151979592,1973761,uk,Цисарап
151979823,1973764,uk,Ванакерта
151982133,1973794,uk,Сукатани
151983981,1973818,uk,Кубанг
151984751,1973828,uk,Цисунгсанг
151984905,1973830,uk,Куйангсари
151984982,1973831,uk,Ситумулыа
151985290,1973835,uk,Ципанггунг
151986599,1973852,uk,Цикаду
151989525,1973890,uk,Цинангка
151991835,1973920,uk,Пасиркаду
151992682,1973931,uk,Хунимасйид
151993529,1973942,uk,Теладан
151995069,1973962,uk,Перинтис
151996686,1973983,uk,Йамбубол
151997148,1973989,uk,Ранцахидеунг
151997687,1973996,uk,Сеусеупан
151998380,1974005,uk,Пангкалан
151999766,1974023,uk,Калападуа
152000844,1974037,uk,Собанг
152001691,1974048,uk,Бойен Кулон
152002153,1974054,uk,Авілега
152002692,1974061,uk,Цародок
152003308,1974069,uk,Сумурвару
152004309,1974082,uk,Цимара
152004925,1974090,uk,Цибодас
152005695,1974100,uk,Цангкеутеук
152007543,1974124,uk,Кебонцау
152008467,1974136,uk,Датарцае
152009314,1974147,uk,Парижі
152009391,1974148,uk,Сареуехсабранг Тимур
152011932,1974181,uk,Ныунгцунг
152015397,1974226,uk,Тунасбару
152016013,1974234,uk,Йалупанг Дуа
152016244,1974237,uk,Кукулук
152017245,1974250,uk,Анггрик
152017476,1974253,uk,Турус
152018323,1974264,uk,Кампунгбару
152018477,1974266,uk,Пасирлоа
152019324,1974277,uk,Кампунгмасйид
152019401,1974278,uk,Бабакан
152020248,1974289,uk,Кадумелати
152021095,1974300,uk,Каныере
152021480,1974305,uk,Цампака
152021711,1974308,uk,Лангкапцаанг Хилир
152022096,1974313,uk,Пасиркидунг
152022327,1974316,uk,Геыон
152022404,1974317,uk,Цибеуреум
152022481,1974318,uk,Пасангграхан
152023251,1974328,uk,Пематанг
152023328,1974329,uk,Кадугеде
152023559,1974332,uk,Пасарбару
152023636,1974333,uk,Цисеел
152024252,1974341,uk,Циоденг
152024868,1974349,uk,Цитеупусеун
152026177,1974366,uk,Цимоыан
152029026,1974403,uk,Цируйи Дуа
152030258,1974419,uk,Кампунгрууех
152030412,1974421,uk,Уарунгсуган
152030489,1974422,uk,Манггу
152031336,1974433,uk,Кампунглистрик
152031490,1974435,uk,Лантера
152031798,1974439,uk,Балекерсукамайу
152032029,1974442,uk,Тарогонг
152032876,1974453,uk,Тебет Барат
152033107,1974456,uk,Монтор Тимур
152033261,1974458,uk,Кадубадак
152034416,1974473,uk,Кадупаыунг
152034647,1974476,uk,Кадугадунг
152034878,1974479,uk,Пангампоан
152035032,1974481,uk,Тегалпанйанг
152035802,1974491,uk,Маргахаыу
152035956,1974493,uk,Тегалпапак
152036418,1974499,uk,Бунут
152036495,1974500,uk,Кампунгпинггиркали
152036880,1974505,uk,Сурианеун
152036957,1974506,uk,Кебонйаыа
152037496,1974513,uk,Сидамукти
152038035,1974520,uk,Панимбанг
152038112,1974521,uk,Негласари
152038189,1974522,uk,Паойан
152038343,1974524,uk,Левігеде
152038728,1974529,uk,Сукасари
152039190,1974535,uk,Кубангкампил
152041192,1974561,uk,Веру
152042347,1974576,uk,Царенанг Лор
152043579,1974592,uk,Парижі
152043887,1974596,uk,Цирумпут
152044734,1974607,uk,Кулууут Тенгах
152044811,1974608,uk,Кубанг
152045042,1974611,uk,Кубангконданглапанган
152045273,1974614,uk,Кубангконданг
152046197,1974626,uk,Аласвангі
152046813,1974634,uk,Бангко Дуа
152047121,1974638,uk,Кадуцуканг
152047352,1974641,uk,Леууеунгколот
152047506,1974643,uk,Кебонйерук
152048661,1974658,uk,Цикираы
152049970,1974675,uk,Сукамара
152050817,1974686,uk,Манунгтунг
152051510,1974695,uk,Бонгбонг
152052126,1974703,uk,Кадусирунг Хилир
152053050,1974715,uk,Пасиртундун
152053127,1974716,uk,Пасируарингин
152054128,1974729,uk,Тимбанг
152054436,1974733,uk,Ганйур Гиранг
152055360,1974745,uk,Кадусеенг
152055591,1974748,uk,Легоккопра
152056900,1974765,uk,Сакетипасар
152057208,1974769,uk,Сакетипасир
152058209,1974782,uk,Паматанг
152058902,1974791,uk,Кадупинанг
152061674,1974827,uk,Кадукандел
152062290,1974835,uk,Карангтенгах
152062906,1974843,uk,Кебон
152064600,1974865,uk,Намбо
152065447,1974876,uk,Бойонглоа
152067911,1974908,uk,Мекарсари
152067988,1974909,uk,Циланцар
152068373,1974914,uk,Кадубера
152069528,1974929,uk,Пасирпанйанг
152069605,1974930,uk,Бабакансалам
152070375,1974940,uk,Кампунгпасар
152071453,1974954,uk,Йати
152073301,1974978,uk,Цирангга Тенгах
152073378,1974979,uk,Цирангга Кидул
152073609,1974982,uk,Ундакара
152073917,1974986,uk,Палопат
152073994,1974987,uk,Сукамайу
152074456,1974993,uk,Кадулари
152074687,1974996,uk,Поленг
152075226,1975003,uk,Кеманцинг
152075919,1975012,uk,Бантарнага Тонггох
152075996,1975013,uk,Булакан
152076843,1975024,uk,Кадурахаыу
152077998,1975039,uk,Бабакансукамулыа
152079692,1975061,uk,Кадукетуг
152079769,1975062,uk,Циболегер
152080154,1975067,uk,Сумберуарас
152080693,1975074,uk,Пайаган
152086006,1975143,uk,Гунунгйуланг
152088393,1975174,uk,Нагрег
152089394,1975187,uk,Пеутеуы
152089779,1975192,uk,Цитайур
152090318,1975199,uk,Касепен
152090857,1975206,uk,Пакойан
152091319,1975212,uk,Тембол
152091550,1975215,uk,Паматанг
152092012,1975221,uk,Цибанго
152092320,1975225,uk,Сируанг
152093090,1975235,uk,Тангкил
152093783,1975244,uk,Кадуцондонг
152093937,1975246,uk,Пицунгбера
152094553,1975254,uk,Сепенмасйид
152095169,1975262,uk,Богор
152095785,1975270,uk,Сукацаи
152095862,1975271,uk,Сукацаи Тенгах
152096324,1975277,uk,Сарампу
152096478,1975279,uk,Падахаыу
152096940,1975285,uk,Телук
152097171,1975288,uk,Макуи
152097556,1975293,uk,Калепасан
152097864,1975297,uk,Танагара
152098172,1975301,uk,Йаланбару
152098865,1975310,uk,Синдангхаыу
152101637,1975346,uk,Йухут
152102946,1975363,uk,Мандаласари
152103331,1975368,uk,Гунунгсари
152103716,1975373,uk,Цампраксанта
152104255,1975380,uk,Кебонцау
152105102,1975391,uk,Гобанг
152105333,1975394,uk,Паланыар
152106026,1975403,uk,Кадуломбер
152107181,1975418,uk,Цилеукса
152107258,1975419,uk,Ранцапиит
152107643,1975424,uk,Гараваті
152108028,1975429,uk,Гунунгпутри
152108798,1975439,uk,Салинггара
152109414,1975447,uk,Калаханг
152110107,1975456,uk,Цимонгкор
152111185,1975470,uk,Роцек
152112417,1975486,uk,Кадубинцарунг
152114265,1975510,uk,Цуруггару
152114881,1975518,uk,Пандаы
152115035,1975520,uk,Кадуламбур
152115574,1975527,uk,Ранцаныенанг
152116575,1975540,uk,Кадумаданг
152116960,1975545,uk,Палурахан
152117345,1975550,uk,Цибебек
152118654,1975567,uk,Кадомас
152119193,1975574,uk,Майамасйид
152119578,1975579,uk,Ципацунг Ландеух
152119655,1975580,uk,Гирихиеум
152119886,1975583,uk,Рокоы
152120040,1975585,uk,Кукулу
152120194,1975587,uk,Циланггар
152120348,1975589,uk,Бенгкунг
152120502,1975591,uk,Пасарнангка
152120964,1975597,uk,Цибулакан
152121272,1975601,uk,Яалхічін
152122042,1975611,uk,Курунгкамбинг
152122427,1975616,uk,Гарокгек
152122735,1975620,uk,Нагрог
152123351,1975628,uk,Цидаху
152124121,1975638,uk,Цилайа
152124506,1975643,uk,Саруни
152124737,1975646,uk,Циекек
152125815,1975660,uk,Кабаыанцитиис
152125969,1975662,uk,Гардутанйак
152126277,1975666,uk,Пеникебон
152126508,1975669,uk,Кадумантунг
152126585,1975670,uk,Карангцомбонг
152126816,1975673,uk,Цидикит Гиранг
152127355,1975680,uk,Харианг
152127971,1975688,uk,Пасиреурих
152129357,1975706,uk,Бабаканнагамукти
152129511,1975708,uk,Цикунинг
152129588,1975709,uk,Ципараси
152129665,1975710,uk,Гурадог
152130897,1975726,uk,Ципараы
152131128,1975729,uk,Копибера
152131205,1975730,uk,Копибару
152131744,1975737,uk,Бантаруару
152131821,1975738,uk,Даху
152132360,1975745,uk,Кавоянг
152132668,1975749,uk,Бенграс
152132745,1975750,uk,Умбултанйунг
152133900,1975765,uk,Тауингмуара
152135825,1975790,uk,Пондокуару
152138058,1975819,uk,Талага
152139906,1975843,uk,Баныуресми
152140060,1975845,uk,Кадукоток
152140830,1975855,uk,Йами
152141138,1975859,uk,Пангхаданган
152141677,1975866,uk,Кадубамбан
152142370,1975875,uk,Кадухеулеут
152142986,1975883,uk,Памараыан
152144526,1975903,uk,Цукангпанйанг
152144680,1975905,uk,Цигадунг
152145296,1975913,uk,Сампангбитунг
152146220,1975925,uk,Сородот
152147991,1975948,uk,Мунйул
152148222,1975951,uk,Кадупагер
152149377,1975966,uk,Циганденг
152149916,1975973,uk,Купахандап
152150224,1975977,uk,Кадуйангкунг
152152611,1976008,uk,Кадуталахаб
152153381,1976018,uk,Бойонгпинанг
152153612,1976021,uk,Пасаргунунг
152154844,1976037,uk,Кадуконенг
152155999,1976052,uk,Цисаат
152156076,1976053,uk,Батулаыанг
152156692,1976061,uk,Кадуйампанг
152156846,1976063,uk,Пандат
152157385,1976070,uk,Кадуроныок
152158694,1976087,uk,Калаханг
152159387,1976096,uk,Вару
152161004,1976117,uk,Синдангасих
152162159,1976132,uk,Чівару
152163468,1976149,uk,Цидатар
152164084,1976157,uk,Ципореанг
152164854,1976167,uk,Цимаыа
152165162,1976171,uk,Цилангкап
152165547,1976176,uk,Синдангререт
152166625,1976190,uk,Циеуратен
152167318,1976199,uk,Гунунгбату
152167780,1976205,uk,Цимуланг
152168781,1976218,uk,Цибулу
152170860,1976245,uk,Карангдауа Барат
152171938,1976259,uk,Бойонгселер
152172015,1976260,uk,Улуаранг
152172708,1976269,uk,Падукан
152173247,1976276,uk,Мерапит
152173709,1976282,uk,Керенценг
152174941,1976298,uk,Пасагипасир
152175711,1976308,uk,Циранггинанг
152176789,1976322,uk,Панцанагара
152177251,1976328,uk,Ранцасумур
152178868,1976349,uk,Паныирапан
152179792,1976361,uk,Ленгор
152180177,1976366,uk,Калибунту
152180408,1976369,uk,Сиоах
152180639,1976372,uk,Кород
152181255,1976380,uk,Цигуданг
152181563,1976384,uk,Кадукаунг
152183719,1976412,uk,Ципаыунг
152183873,1976414,uk,Цибетунг Дуа
152184951,1976428,uk,Сампиран
152185336,1976433,uk,Цикаунг
152186568,1976449,uk,Кадугагак
152187338,1976459,uk,Сирнагалих
152187646,1976463,uk,Цикенди
152187954,1976467,uk,Талагабакти
152188339,1976472,uk,Цуруггоонг
152190110,1976495,uk,Нагрег
152190880,1976505,uk,Цемпланг
152191111,1976508,uk,Парапатан
152191881,1976518,uk,Цилонгкрангпусака
152192189,1976522,uk,Курунгкоток
152192882,1976531,uk,Лебак
152193190,1976535,uk,Цитаман
152194653,1976554,uk,Кадуела
152195115,1976560,uk,Кампунгсауах Ландеух
152197194,1976587,uk,Кадубетара
152197887,1976596,uk,Параканлима
152199042,1976611,uk,Сукакерта
152200274,1976627,uk,Памундаыан Калер
152201429,1976642,uk,Кандангсапи
152201891,1976648,uk,Симпанггарунг
152202507,1976656,uk,Сукамайу
152203739,1976672,uk,Пеуцангпари
152205048,1976689,uk,Мунтуркайу
152205279,1976692,uk,Цахаыамекар
152206203,1976704,uk,Тайур
152206588,1976709,uk,Саджір
152206819,1976712,uk,Кебонцау
152207897,1976726,uk,Цилутунг
152208975,1976740,uk,Цибеуси
152209437,1976746,uk,Мангпенг
152210207,1976756,uk,Кебонкалапа
152212055,1976780,uk,Лебакмасйид
152212902,1976791,uk,Цихаладан
152213595,1976800,uk,Чемпака
152214057,1976806,uk,Цитеуреуп
152214827,1976816,uk,Пасиргеленг
152215289,1976822,uk,Йатираыа
152215751,1976828,uk,Цикеусик Месйид
152215828,1976829,uk,Сукарайа
152216367,1976836,uk,Пасирхаур
152217984,1976857,uk,Цитаритих
152218523,1976864,uk,Сукамайу
152220525,1976890,uk,Уалангсари
152220833,1976894,uk,Цикаду
152221295,1976900,uk,Манглид
152222604,1976917,uk,Цикедунг
152223682,1976931,uk,Мекарсари
152225453,1976954,uk,Циноыонг
152227224,1976977,uk,Цибойонг
152227455,1976980,uk,Кадуранца
152228764,1976997,uk,Цибунут
152229226,1977003,uk,Салам
152229380,1977005,uk,Кадумоныонг
152231459,1977032,uk,Цикураы
152232152,1977041,uk,Ненггер
152232229,1977042,uk,Батукууунг
152232768,1977049,uk,Цитасук
152233076,1977053,uk,Калумпанг
152233153,1977054,uk,Манггу
152233769,1977062,uk,Тамбакан
152234000,1977065,uk,Ранцаранйи
152235232,1977081,uk,Гили Трауанган
152235463,1977084,uk,Панградин Сату
152235925,1977090,uk,Лебакхуни
152236079,1977092,uk,Сукамайу
152236156,1977093,uk,Лурах
152236464,1977097,uk,Хамберанг Сабранг
152237003,1977104,uk,Цикарае
152237927,1977116,uk,Цикомара
152238466,1977123,uk,Цибадак
152238928,1977129,uk,Падурунг
152239082,1977131,uk,Йаха
152240314,1977147,uk,Бойонгсарунг
152241854,1977167,uk,Суманданг
152243240,1977185,uk,Негласари
152243702,1977191,uk,Левісема
152244780,1977205,uk,Цирангранг
152245704,1977217,uk,Циминыак
152246397,1977226,uk,Пупутан
152246551,1977228,uk,Цимаркум
152247398,1977239,uk,Ципунглу
152247475,1977240,uk,Сиангин
152248014,1977247,uk,Цибунар
152249785,1977270,uk,Чікава
152251094,1977287,uk,Пасирмаланг
152251941,1977298,uk,Награксари
152252711,1977308,uk,Бабакан Бару
152253558,1977319,uk,Караденан
152255175,1977340,uk,Цибунгур
152258101,1977378,uk,Мунйул
152260642,1977411,uk,Ципараы
152261181,1977418,uk,Циатеул
152263106,1977443,uk,Пасирсонгкет Дуа
152265031,1977468,uk,Чавангса
152267495,1977500,uk,Цитеуреуп
152268958,1977519,uk,Майалаыа
152270267,1977536,uk,Награк
152272192,1977561,uk,Памоыанан
152274348,1977589,uk,Пондокасо
152274502,1977591,uk,Симпенан
152274964,1977597,uk,Цикуйанг
152276042,1977611,uk,Гайахмада
152276350,1977615,uk,Кадугадунг
152277890,1977635,uk,Циталахаб
152278198,1977639,uk,Цикадуен
152278737,1977646,uk,Парумасан Тимур
152280046,1977663,uk,Сидамулыа Сату
152280739,1977672,uk,Сумурлебу Барат
152280816,1977673,uk,Цикепер
152281509,1977682,uk,Сараколе
152283203,1977704,uk,Концанг
152283588,1977709,uk,Кампунгдукух
152283819,1977712,uk,Ранцабугел
152284589,1977722,uk,Кадунгабарис
152284743,1977724,uk,Цибеуреум Сату
152285744,1977737,uk,Сарагени
152285975,1977740,uk,Каум
152288208,1977769,uk,Умбул
152288747,1977776,uk,Кадусимбар
152289363,1977784,uk,Лебакгемпол
152292135,1977820,uk,Сидамукти
152292520,1977825,uk,Копи
152294060,1977845,uk,Цигембор
152294830,1977855,uk,Пайу
152295061,1977858,uk,Параг
152295523,1977864,uk,Малингпинг Селатан
152295600,1977865,uk,Малингпинг Утара
152297217,1977886,uk,Ципадунг
152298064,1977897,uk,Паракан
152298526,1977903,uk,Йасугих Селатан
152298757,1977906,uk,Пасирйамбу
152299065,1977910,uk,Цимаданг
152300913,1977934,uk,Цитегал
152301452,1977941,uk,Цилангкап
152304378,1977979,uk,Цихаур Гиранг
152307381,1978018,uk,Ранцаеранг
152307458,1978019,uk,Буниасих
152308228,1978029,uk,Мекарйаыа Сату
152308613,1978034,uk,Циманггу
152308921,1978038,uk,Цинагрог Гиранг
152309922,1978051,uk,Цибунту
152311308,1978069,uk,Пасирбитунг
152311847,1978076,uk,Чіавіталі
152312463,1978084,uk,Тегаллоа
152314080,1978105,uk,Цинангка
152315235,1978120,uk,Пасирангин Тига
152316467,1978136,uk,Цитамианг
152317006,1978143,uk,Цигадунг
152317930,1978155,uk,Цикиуул Сату
152318931,1978168,uk,Леууинанггунг Сату
152320779,1978192,uk,Цикупа
152321318,1978199,uk,Цикамаранг Сату
152322396,1978213,uk,Цалингцинг
152323012,1978221,uk,Карангненгганг
152324629,1978242,uk,Синархарапан
152327940,1978285,uk,Паныаунган Тимур
152328941,1978298,uk,Ципурун
152329095,1978300,uk,Цисиих
152329634,1978307,uk,Панггарангандеса
152329865,1978310,uk,Ципинанг
152329942,1978311,uk,Бабакан
152330712,1978321,uk,Чівару
152332175,1978340,uk,Сітувангі
152333869,1978362,uk,Цикаранг
152334023,1978364,uk,Награк
152334793,1978374,uk,Ванасарі
152340260,1978445,uk,Цигембонг
152340337,1978446,uk,Циконданг Дуа
152340414,1978447,uk,Цигулусур
152341107,1978456,uk,Циоа
152341261,1978458,uk,Циемас Сату
152343725,1978490,uk,Цибинонг
152345650,1978515,uk,Галумпит
152346266,1978523,uk,Пасирдалем
152347190,1978535,uk,Таманйаыа Сату
152348499,1978552,uk,Ципиринг
152352426,1978603,uk,Ранцабуаыа
152353119,1978612,uk,Цикалапа
152353350,1978615,uk,Цитеуреуп
152353658,1978619,uk,Пунцаксари
152354274,1978627,uk,Бабакан
152354736,1978633,uk,Бунисари
152354967,1978636,uk,Нангох
152355429,1978642,uk,Лембур Тенгах
152355814,1978647,uk,Паас Гиранг
152357739,1978672,uk,Джаджавей
152357970,1978675,uk,Легокауи
152358432,1978681,uk,Бунівангі
152360511,1978708,uk,Пунцаксемпур
152360665,1978710,uk,Цигина
152363129,1978742,uk,Синарйаыа
152363360,1978745,uk,Цилеутик
152368057,1978806,uk,Бабакансалам
152369366,1978823,uk,Цийарингао
152370290,1978835,uk,Цийаыана
152370367,1978836,uk,Пасиреунтеунг
152372292,1978861,uk,Бокор
152372831,1978868,uk,Карангсари
152374756,1978893,uk,Цибитунг
152375449,1978902,uk,Циголеуанг
152376758,1978919,uk,Буруйул
152376989,1978922,uk,Ципамоколан
152377528,1978929,uk,Ранцапутат
152378144,1978937,uk,Цироыом
152380377,1978966,uk,Гунунгсулах
152381070,1978975,uk,Цийамбе
152382533,1978994,uk,Кареес
152383919,1979012,uk,Циаві
152384612,1979021,uk,Цибера
152385459,1979032,uk,Пасирсари
152386999,1979052,uk,Цигадог
152387230,1979055,uk,Маргамулыа
152389848,1979089,uk,Синдангсари
152391080,1979105,uk,Пасирлайа
152391465,1979110,uk,Селааві
152391773,1979114,uk,Оныам
152392697,1979126,uk,Бойонггамбир
152393852,1979141,uk,Хегарманах
152394699,1979152,uk,Цийагра
152395161,1979158,uk,Цидаху
152395238,1979159,uk,Цихауркунинг
152396701,1979178,uk,Датарпасанг
152396855,1979180,uk,Гиримукти
152398164,1979197,uk,Панглигаран
152400089,1979222,uk,Сукамулыа
152400166,1979223,uk,Сукарама
152402091,1979248,uk,Цикаранг
152402476,1979253,uk,Цигуха
152402784,1979257,uk,Пасирлухур Дуа
152403169,1979262,uk,Хегармулыа
152405248,1979289,uk,Бинонгсари
152405325,1979290,uk,Авілега
152406095,1979300,uk,Пасирпоронг
152407327,1979316,uk,Цидадап
152411793,1979374,uk,Пагадунган
152412255,1979380,uk,Нагасарі
152412486,1979383,uk,Бабакансумур
152413025,1979390,uk,Синарбакти
152414565,1979410,uk,Цикендал
152416259,1979432,uk,Пасирлайа
152416490,1979435,uk,Кендалнгупук
152416952,1979441,uk,Кебонкопи
152418107,1979456,uk,Циколе
152418723,1979464,uk,Гунунгбату
152420802,1979491,uk,Уангунйаыа
152421572,1979501,uk,Кертайади
152423343,1979524,uk,Чіавіталі
152425114,1979547,uk,Карангпауитан
152427963,1979584,uk,Баранти
152429118,1979599,uk,Бантармундинг
152433738,1979659,uk,Индралаыанг
152435355,1979680,uk,Пасирбенда
152435817,1979686,uk,Цисеусеупан
152436741,1979698,uk,Йантра
152437665,1979710,uk,Сингон
152439205,1979730,uk,Калийага
152440822,1979751,uk,Цибалунг
152441746,1979763,uk,Бабаканкарет
152445365,1979810,uk,Памоыанан
152446212,1979821,uk,Датарнангка
152447521,1979838,uk,Сирнасари
152449908,1979869,uk,Анцаен
152451217,1979886,uk,Синданграйа
152452757,1979906,uk,Бабакан
152453450,1979915,uk,Циманггу
152453758,1979919,uk,Сукайаыа
152455221,1979938,uk,Сирнамукти
152455991,1979948,uk,Пунцактугу
152457300,1979965,uk,Сауахлегок
152458147,1979976,uk,Циберенг
152458378,1979979,uk,Гентенг
152459456,1979993,uk,Мекарйаыа
152462613,1980034,uk,Пунцакбару
152467541,1980098,uk,Бойонгйенгкол
152467849,1980102,uk,Ранцагадог
152468157,1980106,uk,Чівару
152468850,1980115,uk,Ципицунг
152472084,1980157,uk,Пунцакдаго
152472392,1980161,uk,Цигенца
152472546,1980163,uk,Цисиреум
152476011,1980208,uk,Пангуцекан
152476165,1980210,uk,Цихандеулеум
152476550,1980215,uk,Циханйауар
152476781,1980218,uk,Цийахе Тенгах
152477012,1980221,uk,Пасирпеутеуы
152477089,1980222,uk,Сукайади
152480785,1980270,uk,Батутумпанг
152481786,1980283,uk,Циболанг
152482787,1980296,uk,Цибеуреум
152483249,1980302,uk,Сукараме
152486175,1980340,uk,Награк
152491488,1980409,uk,Цикуыа
152492258,1980419,uk,Ранцагенггонг
152492489,1980422,uk,Семпур
152493721,1980438,uk,Тегаллега
152494491,1980448,uk,Лимуспиит
152496493,1980474,uk,Памунггуан
152497417,1980486,uk,Тегаластана
152498033,1980494,uk,Цикалацес
152500651,1980528,uk,Танахсимпанг
152501883,1980544,uk,Цимапаг
152502730,1980555,uk,Дампит Сату
152504039,1980572,uk,Сукамайу
152508813,1980634,uk,Пунцакманис
152509968,1980649,uk,Цихеранг Дуа
152510507,1980656,uk,Циакар
152510584,1980657,uk,Тегалйаыа
152512894,1980687,uk,Карайеун
152513048,1980689,uk,Синарйаыа
152514511,1980708,uk,Цикулина
152515589,1980722,uk,Найенг
152515897,1980726,uk,Сумурнанйунг
152517206,1980743,uk,Геларпаданг
152517283,1980744,uk,Цикуда
152517360,1980745,uk,Бантарсари
152517899,1980752,uk,Бабакан
152519824,1980777,uk,Сурыабакти
152520132,1980781,uk,Ципари Сату
152521672,1980801,uk,Циареуы
152525137,1980846,uk,Пасирлайа
152525753,1980854,uk,Бойонгдурен
152527755,1980880,uk,Цигуна
152531682,1980931,uk,Цироыом
152533068,1980949,uk,Нангеранг
152535840,1980985,uk,Тегалгеде
152535994,1980987,uk,Цикалонг
152536610,1980995,uk,Цибунар
152537996,1981013,uk,Бебедахан
152539613,1981034,uk,Рахаыу
152539998,1981039,uk,Пасиргару
152541615,1981060,uk,Симпанг
152542231,1981068,uk,Синданграту
152542693,1981074,uk,Халимпу
152543540,1981085,uk,Пасируанги
152543617,1981086,uk,Кадудампит
152545619,1981112,uk,Бангбаыанг
152548853,1981154,uk,Пасирхуни
152549854,1981167,uk,Лиунггунунг
152553242,1981211,uk,Ципесинг
152554089,1981222,uk,Бунгбангсари
152554628,1981229,uk,Цисантри
152557092,1981261,uk,Цигавір
152559017,1981286,uk,Цибиру
152560172,1981301,uk,Синданграйа
152561096,1981313,uk,Танахбеуреум
152563406,1981343,uk,Пасирангин Сату
152565023,1981364,uk,Цибунгур
152566024,1981377,uk,Циханйауар
152567102,1981391,uk,Талегонг Дуа
152567641,1981398,uk,Пасиртугу
152567949,1981402,uk,Цихаур
152570567,1981436,uk,Пасирйамбу
152571260,1981445,uk,Манцагахар
152575341,1981498,uk,Селайамбе
152576419,1981512,uk,Йатисари
152577882,1981531,uk,Сукараме
152579961,1981558,uk,Сукадами
152580962,1981571,uk,Цицаленгка
152581501,1981578,uk,Мекарсари
152581655,1981580,uk,Цинангненг
152582502,1981591,uk,Бойонгларанг
152584504,1981617,uk,Батукарут
152586198,1981639,uk,Сауахранду
152586429,1981642,uk,Кампунгпасар
152587892,1981661,uk,Сирнасари
152588277,1981666,uk,Пурабаыа
152589355,1981680,uk,Карамат
152590587,1981696,uk,Цибодас
152592358,1981719,uk,Сукасирна
152592589,1981722,uk,Тугу
152594129,1981742,uk,Пунцакуанги
152595284,1981757,uk,Цихамеранг
152596747,1981776,uk,Тегалхерас
152597979,1981792,uk,Гелармукти
152598826,1981803,uk,Бабакантугу
152599827,1981816,uk,Сумур
152599981,1981818,uk,Рававіліс
152602599,1981852,uk,Пасирманггу
152602907,1981856,uk,Синаруанги
152622619,1982112,uk,Тербаыа
152627932,1982181,uk,Цингкаан
152633476,1982253,uk,Сукохарйо Сату
152636633,1982294,uk,Пенантиан
152648491,1982448,uk,Панутан
152649030,1982455,uk,Уалуыойати
152653881,1982518,uk,Куса
152653958,1982519,uk,Кедамаиан
152655421,1982538,uk,Вонособо
152655498,1982539,uk,Баныуурип
152670513,1982734,uk,Пасар Тенгах
152671668,1982749,uk,Курипан
152686606,1982943,uk,Арумйаыа
152697925,1983090,uk,Калирейо
152702314,1983147,uk,Пулаупанггунг
152707088,1983209,uk,Гиримекар
152707242,1983211,uk,Сингкуп
152707781,1983218,uk,Митрабакти
152709244,1983237,uk,Панцалан
152710707,1983256,uk,Сингкуп
152711785,1983270,uk,Ципараы
152714018,1983299,uk,Негла
152715558,1983319,uk,Сукамахи Сату
152716251,1983328,uk,Цибого Дуа
152716405,1983330,uk,Сукакарыа
152717329,1983342,uk,Циманггу
152718022,1983351,uk,Кебонкарет
152719023,1983364,uk,Легокбулух
152720178,1983379,uk,Цисасак
152722257,1983406,uk,Парабон
152722488,1983409,uk,Кампунгтенгах
152723412,1983421,uk,Гинтунгсари
152727339,1983472,uk,Варунгаві
152727570,1983475,uk,Сукасари
152727647,1983476,uk,Цидурен
152728109,1983482,uk,Селагеданг Дуа
152733499,1983552,uk,Пасирреунгит
152735116,1983573,uk,Мекарйаыа
152735501,1983578,uk,Бабаканбандунг
152736733,1983594,uk,Калибару
152737965,1983610,uk,Бабаканлапанг
152740352,1983641,uk,Вангун
152741276,1983653,uk,Циоденг
152741738,1983659,uk,Сукаасих
152743663,1983684,uk,Пенатих
152743817,1983686,uk,Кота Тернате
152744433,1983694,uk,Цихарус
152745049,1983702,uk,Барубандунг
152745588,1983709,uk,Павітра
152745973,1983714,uk,Цикембар
152746820,1983725,uk,Талагайаыа
152747821,1983738,uk,Потонган
152751286,1983783,uk,Пасангграхан
152753442,1983811,uk,Амерта
152753827,1983816,uk,Саламнунггал
152754597,1983826,uk,Симпанг
152755059,1983832,uk,Паныингкиран
152758216,1983873,uk,Чівару
152758447,1983876,uk,Паледанг
152758755,1983880,uk,Цисеро
152758832,1983881,uk,Ципаку
152759063,1983884,uk,Цидатар Кулон
152759217,1983886,uk,Сукатани
152760449,1983902,uk,Сирнагалих
152761604,1983917,uk,Пасар Кидул
152763221,1983938,uk,Сукауангса
152763606,1983943,uk,Ранцаболанг
152763760,1983945,uk,Пангаубан
152763914,1983947,uk,Цигинтунг
152764068,1983949,uk,Лосари
152764376,1983953,uk,Ґуданг
152764607,1983956,uk,Цигеудеуг
152765300,1983965,uk,Падасоно
152765916,1983973,uk,Цибодас
152765993,1983974,uk,Барусуда
152766455,1983980,uk,Кандангсапи
152766917,1983986,uk,Нагарацинта
152768996,1984013,uk,Ципанггилинган
152769612,1984021,uk,Цицаыур
152770613,1984034,uk,Гіріавас
152771922,1984051,uk,Тегалсари
152772538,1984059,uk,Цинисти
152772846,1984063,uk,Уруг
152772923,1984064,uk,Дангдеур
152773770,1984075,uk,Циела Лебак
152774540,1984085,uk,Нангох Тонггох
152775002,1984091,uk,Ґуданг
152775156,1984093,uk,Цимацан
152775926,1984103,uk,Бангбаыанг
152776234,1984107,uk,Бебедахан
152777697,1984126,uk,Цибалиеур
152779622,1984151,uk,Циандум
152780007,1984156,uk,Симпанг
152781470,1984175,uk,Нагрог
152782933,1984194,uk,Бабаканкираы
152784396,1984213,uk,Ципанас
152785089,1984222,uk,Цихерас
152786013,1984234,uk,Цибеуреум
152787091,1984248,uk,Кебонкаи
152787245,1984250,uk,Цибунтирис
152788400,1984265,uk,Кертанегла
152791172,1984301,uk,Сарибакти
152792943,1984324,uk,Парабон
152793790,1984335,uk,Авілега
152795484,1984357,uk,Пангрумасан
152795715,1984360,uk,Пасирирнем
152796947,1984376,uk,Датарнангка
152798410,1984395,uk,Цицомре
152800258,1984419,uk,Цирангконг
152802722,1984451,uk,Сукаманах
152804955,1984480,uk,Циконданг
152805802,1984491,uk,Падахурип
152806803,1984504,uk,Савахбару
152807265,1984510,uk,Талагасари
152807727,1984516,uk,Парунгйауа
152810884,1984557,uk,Цикоконг
152811654,1984567,uk,Цихапит
152813502,1984591,uk,Куданг
152815196,1984613,uk,Йаыабакти
152816274,1984627,uk,Нангкапаыунг
152816582,1984631,uk,Панцасура
152817891,1984648,uk,Анцол
152818661,1984658,uk,Сукавангі
152819585,1984670,uk,Цикаду
152820894,1984687,uk,Цибитунг
152824359,1984732,uk,Цигинтунг
152826207,1984756,uk,Цийохо
152827824,1984777,uk,Кондангреге
152828209,1984782,uk,Десаколот
152828440,1984785,uk,Цимаунг Кидул
152828748,1984789,uk,Цикувіві
152829749,1984802,uk,Пасирлимус
152830673,1984814,uk,Бабакан Лоак
152831982,1984831,uk,Синьявар
152832829,1984842,uk,Цигарунгсанг
152832983,1984844,uk,Цигадог
152833830,1984855,uk,Бабакан Бару
152835062,1984871,uk,Пасирхуни
152836140,1984885,uk,Сукамукти
152836448,1984889,uk,Ванасігра
152836910,1984895,uk,Бойонглоа
152838835,1984920,uk,Балемоыан
152839451,1984928,uk,Цитегух
152841992,1984961,uk,Пангаленган
152842762,1984971,uk,Цилатед
152843378,1984979,uk,Лангкоп
152845534,1985007,uk,Павітан
152846073,1985014,uk,Бабакан Сукасари
152846920,1985025,uk,Сундауенанг
152848768,1985049,uk,Сиклук
152849615,1985060,uk,Пасирйенгкол
152850077,1985066,uk,Негласари
152850539,1985072,uk,Йембатандуа
152851155,1985080,uk,Батукарут
152852079,1985092,uk,Бабаканлоа
152852541,1985098,uk,Пангеуреунан
152853773,1985114,uk,Каробокан
152854235,1985120,uk,Нагара Тенгах
152855929,1985142,uk,Панунгганган
152856006,1985143,uk,Бесарманах
152856237,1985146,uk,Панавуан
152856314,1985147,uk,Астана Хилир
152856699,1985152,uk,Цитеуреуп
152857315,1985160,uk,Калидунг
152858085,1985170,uk,Пангкалан
152858932,1985181,uk,Уарунгтанйунг
152859009,1985182,uk,Перум
152860472,1985201,uk,Йаыарага Калер
152860626,1985203,uk,Джаявари
152860857,1985206,uk,Ренгганис
152861319,1985212,uk,Диргахаыу
152861550,1985215,uk,Цангкуанг
152861704,1985217,uk,Бабакансомауийаыа
152861781,1985218,uk,Цихемос
152862166,1985223,uk,Мулакеуде
152862320,1985225,uk,Цилонгкрангпасантрен
152862551,1985228,uk,Патаруман
152862628,1985229,uk,Тегалпанйанг
152863706,1985243,uk,Цитангту Калер
152863860,1985245,uk,Сукагалих
152863937,1985246,uk,Самангген
152864014,1985247,uk,Цибеуреум
152864476,1985253,uk,Пангатикан
152865015,1985260,uk,Сукамулыа
152866786,1985283,uk,Циколе Хилир
152866863,1985284,uk,Циколе Гиранг
152867633,1985294,uk,Бебедахан
152867787,1985296,uk,Цинунук Гиранг
152868480,1985305,uk,Саданг Кулон
152868634,1985307,uk,Лемахсари
152868711,1985308,uk,Ситусари
152869404,1985317,uk,Йати
152869712,1985321,uk,Киарагелаы
152869789,1985322,uk,Пеер
152871637,1985346,uk,Сидангпалаы
152873023,1985364,uk,Сугихмукти
152873639,1985372,uk,Пидаыеухеун
152873870,1985375,uk,Ципатат
152874178,1985379,uk,Бойонгкалапа
152874794,1985387,uk,Ципицунг
152876026,1985403,uk,Парижі
152876565,1985410,uk,Балакасап
152877412,1985421,uk,Цилеунгсинг
152878182,1985431,uk,Ранцапаре
152879722,1985451,uk,Синданглаыа
152880261,1985458,uk,Нагрог Уетан
152880415,1985460,uk,Сукаманах
152881570,1985475,uk,Цогрег Уетан
152883495,1985500,uk,Ципондок
152884727,1985516,uk,Цимарагас
152884881,1985518,uk,Тариколот Калер
152885420,1985525,uk,Бабакан
152887422,1985551,uk,Андир
152887884,1985557,uk,Гунунгсатриа
152888654,1985567,uk,Пакувон
152889039,1985572,uk,Мавар
152889655,1985580,uk,Хаурпанггунг
152891349,1985602,uk,Гугунунган
152891811,1985608,uk,Талунцемара
152892427,1985616,uk,Чівален
152892581,1985618,uk,Кірен
152892735,1985620,uk,Бентар Гиранг
152893120,1985625,uk,Йангкуранг Кидул
152893659,1985632,uk,Цилолохан
152893813,1985634,uk,Серут
152893967,1985636,uk,Нгомпот
152895276,1985653,uk,Суци Калер
152895430,1985655,uk,Суци Кидул
152895892,1985661,uk,Нангеранг
152896046,1985663,uk,Сукаманах
152896508,1985669,uk,Цикубанг
152896585,1985670,uk,Цогрег Кулон
152896662,1985671,uk,Куданг
152897586,1985683,uk,Карангмулыа
152898048,1985689,uk,Ленгконгйаыа
152898125,1985690,uk,Тегалйати
152898895,1985700,uk,Сукамукти
152899203,1985704,uk,Циреунданг
152900435,1985720,uk,Пеуйеух
152901513,1985734,uk,Маргабакти
152901898,1985739,uk,Цигороуонг Кидул
152902668,1985749,uk,Икар
152903207,1985756,uk,Дунгусуиру
152903438,1985759,uk,Баком
152903669,1985762,uk,Куданг
152904439,1985772,uk,Саар Калер
152904747,1985776,uk,Цибуриал
152905055,1985780,uk,Тегалламе
152905979,1985792,uk,Цилолонгокан
152906056,1985793,uk,Буруйул
152906980,1985805,uk,Гемпол
152907057,1985806,uk,Цуканг
152908982,1985831,uk,Талун
152909752,1985841,uk,Цигалух
152910214,1985847,uk,Сарадан
152911985,1985870,uk,Карангтенгах
152912216,1985873,uk,Цихуни
152912601,1985878,uk,Синарбакти
152912678,1985879,uk,Тангулун
152912909,1985882,uk,Харуман
152913294,1985887,uk,Сукасари
152913525,1985890,uk,Бунисари
152913833,1985894,uk,Пасантрентенгах
152914603,1985904,uk,Цилелес
152914988,1985909,uk,Синдангсари
152915296,1985913,uk,Ципондох
152915373,1985914,uk,Ситубату
152915835,1985920,uk,Батугеде Кулон
152916528,1985929,uk,Паненйоан
152917452,1985941,uk,Бабаканнеггенг
152917529,1985942,uk,Марибаыа
152917837,1985946,uk,Хегарсари
152918453,1985954,uk,Сламаныах
152918530,1985955,uk,Цитангту
152918838,1985959,uk,Халтеу
152919300,1985965,uk,Бабакансингкур
152919454,1985967,uk,Йати Лебак
152919839,1985972,uk,Цибалонг
152920917,1985986,uk,Цитамбал
152921148,1985989,uk,Циранца
152921610,1985995,uk,Цибодас
152922380,1986005,uk,Цибингбин
152922688,1986009,uk,Йампанг
152923150,1986015,uk,Циболанг
152923920,1986025,uk,Цикийинг
152924767,1986036,uk,Нангкасари
152924844,1986037,uk,Цихарус
152925306,1986043,uk,Саламнунггал
152926076,1986053,uk,Дунгусику
152926538,1986059,uk,Сарканйут
152926769,1986062,uk,Пасирлухур
152926923,1986064,uk,Пасар
152927539,1986072,uk,Ванакерта
152928309,1986082,uk,Синдангкерта
152928925,1986090,uk,Кондангсари
152929464,1986097,uk,Цоуал
152929618,1986099,uk,Синдангсари
152930157,1986106,uk,Циперанг
152930388,1986109,uk,Йати
152931081,1986118,uk,Пасар Кулон
152931543,1986124,uk,Пасирсалам
152932005,1986130,uk,Бабаканлоа
152932313,1986134,uk,Гунунглимбанган
152933160,1986145,uk,Тагог
152934469,1986162,uk,Синдангкерта
152935008,1986169,uk,Цикауунггадинг
152935470,1986175,uk,Буруйул Тенгах
152936086,1986183,uk,Пасиртуйухпулух
152936548,1986189,uk,Синдангререт
152937395,1986200,uk,Цибатеар
152938242,1986211,uk,Пасирланга
152938473,1986214,uk,Менол
152938858,1986219,uk,Цикарет
152939628,1986229,uk,Бабаканкаду
152939782,1986231,uk,Гинтунг
152939936,1986233,uk,Гавул
152940629,1986242,uk,Ранцакаду
152941938,1986259,uk,Цицеури
152942169,1986262,uk,Цилангла
152942708,1986269,uk,Цикатулампа
152943632,1986281,uk,Ранцакангкунг
152944017,1986286,uk,Пасиркелер
152944710,1986295,uk,Циконданг Гиранг
152944787,1986296,uk,Сабеулит
152945172,1986301,uk,Пасирмаланг
152945403,1986304,uk,Негла
152946481,1986318,uk,Мекарсари
152947790,1986335,uk,Гіріавас
152948021,1986338,uk,Дерах
152949407,1986356,uk,Кубангсари
152951640,1986385,uk,Вакап
152954258,1986419,uk,Пугеран
152954720,1986425,uk,Цибабакан
152955798,1986439,uk,Уангунсари
152959186,1986483,uk,Сампинган
152961958,1986519,uk,Цикаду
152965423,1986564,uk,Симпанг
152967656,1986593,uk,Цангкуанг Уетан
152968580,1986605,uk,Цицадас
152968811,1986608,uk,Цибонгкок
152969735,1986620,uk,Ленгконгсари
152970120,1986625,uk,Нагрог
152970967,1986636,uk,Потонган
152971814,1986647,uk,Чіавіталі
152973508,1986669,uk,Пасирсалам
152974586,1986683,uk,Циманггу
152974894,1986687,uk,Цикакак
152976203,1986704,uk,Цимаунг
152976896,1986713,uk,Банйарсари
152976973,1986714,uk,Танйунгйаыа
152977281,1986718,uk,Бебедахан
152979206,1986743,uk,Цикеусал
152982517,1986786,uk,Карангсари
152983364,1986797,uk,Пуспайаыа
152983903,1986804,uk,Пуспарахаыу
152985212,1986821,uk,Гаравангі
152986598,1986839,uk,Пасирлаку
152986906,1986843,uk,Батубелах
152987060,1986845,uk,Пасирбуйур
152987445,1986850,uk,Сингасари
152987984,1986857,uk,Пангеуреунан
152992450,1986915,uk,Бабаканпалах
152995684,1986957,uk,Раксайаыа
152996146,1986963,uk,Ципаингеун
152998764,1986997,uk,Пакалонган
152999380,1987005,uk,Цигунунг
152999842,1987011,uk,Кубанг
153001767,1987036,uk,Цихасеум
153002922,1987051,uk,Цибенда
153003384,1987057,uk,Чаванг
153003923,1987064,uk,Пасирипис
153004462,1987071,uk,Пеундеуы
153004847,1987076,uk,Цеумцеумйагер
153005001,1987078,uk,Нанггорак
153005232,1987081,uk,Бебедахан
153006156,1987093,uk,Пинггирсари
153006233,1987094,uk,Калиеунг
153006695,1987100,uk,Нангевер
153008466,1987123,uk,Пацихаыан
153008620,1987125,uk,Бойонгкокак
153008697,1987126,uk,Кадупугур
153009775,1987140,uk,Нгенол
153010776,1987153,uk,Лайалухур
153011084,1987157,uk,Салаві
153012008,1987169,uk,Пепаыан
153012470,1987175,uk,Йаыапура
153012701,1987178,uk,Цимоныонг
153013625,1987190,uk,Песантрен
153015088,1987209,uk,Параван
153015627,1987216,uk,Циуыах
153016166,1987223,uk,Ранцапеундеы
153016474,1987227,uk,Цибату Калер
153017860,1987245,uk,Цивідара
153017937,1987246,uk,Сукасукур
153018553,1987254,uk,Параканпанйанг
153018861,1987258,uk,Падакарыа
153019092,1987261,uk,Кертасари
153020016,1987273,uk,Дангур
153020555,1987280,uk,Цинангси
153020863,1987284,uk,Цитатах Калер
153021171,1987288,uk,Селавангі
153021787,1987296,uk,Арйасари
153022018,1987299,uk,Саыуран
153022480,1987305,uk,Сінтавана
153022711,1987308,uk,Панугеран
153023635,1987320,uk,Панаыаган
153023943,1987324,uk,Циманглид
153024174,1987327,uk,Сутра
153025252,1987341,uk,Цисаро
153025329,1987342,uk,Кокол
153025406,1987343,uk,Сукамулыа
153025791,1987348,uk,Цихампелас
153026022,1987351,uk,Тамбакан
153026407,1987356,uk,Путраджава
153026715,1987360,uk,Цихаыам
153027177,1987366,uk,Синдангкопо
153029256,1987393,uk,Карапыак
153029641,1987398,uk,Бабаканцикасо
153030103,1987404,uk,Ранцапанйанг
153030257,1987406,uk,Сурабая
153030411,1987408,uk,Цилоа
153031412,1987421,uk,Мекарасих
153033106,1987443,uk,Ранцамаыа
153034030,1987455,uk,Бабакан Ныампаы
153034415,1987460,uk,Цибунар
153036109,1987482,uk,Бандрек
153036340,1987485,uk,Кубанг
153036725,1987490,uk,Сукарату
153037957,1987506,uk,Пасарколот
153038496,1987513,uk,Ципеуыеум
153040190,1987535,uk,Цисалакдеса
153040806,1987543,uk,Бабаканциламо
153041191,1987548,uk,Падаимут
153041730,1987555,uk,Барос
153042500,1987565,uk,Циталахаб
153042885,1987570,uk,Пасирбарос
153043963,1987584,uk,Сукабату
153046427,1987616,uk,Пасар
153046812,1987621,uk,Цибугел
153047043,1987624,uk,Цинагра
153047659,1987632,uk,Сукамулыа
153048660,1987645,uk,Патрол
153049969,1987662,uk,Уаге Цибахаыу
153050816,1987673,uk,Палумбунган
153051432,1987681,uk,Бабгот
153051740,1987685,uk,Костареа Сату
153052895,1987700,uk,Бабаканбунисари
153053973,1987714,uk,Синапел
153054512,1987721,uk,Цикулахан
153054820,1987725,uk,Сукаманди
153054974,1987727,uk,Ципеуцанг
153055359,1987732,uk,Пасангграхан
153058054,1987767,uk,Тегалгеде
153058978,1987779,uk,Цицапар Лебак
153060210,1987795,uk,Кертамукти
153060749,1987802,uk,Тайурдеса
153062212,1987821,uk,Кертапура
153063290,1987835,uk,Циканцра
153063367,1987836,uk,Нангеранг
153064599,1987852,uk,Сукахайи Сату
153065908,1987869,uk,Синдангсари
153066216,1987873,uk,Мекарсари
153066832,1987881,uk,Цийагра
153067140,1987885,uk,Цибатуиренг
153068064,1987897,uk,Цитамианг
153068911,1987908,uk,Панемонг
153069296,1987913,uk,Кубангсампих
153070759,1987932,uk,Цитариси
153071375,1987940,uk,Циаві
153072222,1987951,uk,Джатівангі
153072453,1987954,uk,Гунунггоонг
153073223,1987964,uk,Мекарсари
153074994,1987987,uk,Петакан
153076226,1988003,uk,Циратун
153077535,1988020,uk,Баренгкок
153077920,1988025,uk,Цидадали
153079614,1988047,uk,Сингкир
153080538,1988059,uk,Цибунтер
153081000,1988065,uk,Пареанг
153081077,1988066,uk,Тонйонгсари
153081847,1988076,uk,Куйанг
153082848,1988089,uk,Цибунгур
153084003,1988104,uk,Буруйул
153085004,1988117,uk,Сауах Хилир
153085081,1988118,uk,Ленгконгйаыа
153085697,1988126,uk,Нангкасари
153087237,1988146,uk,Парунгйаыа
153087314,1988147,uk,Ранцамулыа
153087776,1988153,uk,Сукасенанг
153087930,1988155,uk,Цикенди
153089701,1988178,uk,Датарситу
153091087,1988196,uk,Сукасенанг
153092242,1988211,uk,Батулауанг
153093089,1988222,uk,Ципедес
153093243,1988224,uk,Сунара
153094244,1988237,uk,Мадур
153094783,1988244,uk,Ранцабакунг
153095091,1988248,uk,Циманггу
153096246,1988263,uk,Тенйосари
153096554,1988267,uk,Цинунйанг
153097709,1988282,uk,Бойонгкауунг
153097863,1988284,uk,Цигембор
153099557,1988306,uk,Малеер
153099865,1988310,uk,Датаркаду
153100327,1988316,uk,Бантар
153100558,1988319,uk,Буруйул
153101328,1988329,uk,Ранто
153101790,1988335,uk,Ленгконгбаранг
153102252,1988341,uk,Цихаур
153102637,1988346,uk,Уаргакерта
153103022,1988351,uk,Бабаканкалонг
153103176,1988353,uk,Нагрок
153103407,1988356,uk,Тамбир
153104793,1988374,uk,Керсаменак
153105871,1988388,uk,Бойетрак
153106025,1988390,uk,Циледуг
153106333,1988394,uk,Цибеуреум
153106487,1988396,uk,Гегерноонг
153107103,1988404,uk,Цианйур Кидул
153107488,1988409,uk,Пасангграхан
153108643,1988424,uk,Сагобог
153109259,1988432,uk,Талун
153109567,1988436,uk,Цигороуонг
153110183,1988444,uk,Цибаланарик
153111569,1988462,uk,Авілега
153113186,1988483,uk,Цитамианг
153113340,1988485,uk,Тамбакбаыа
153113494,1988487,uk,Кукангаві
153114187,1988496,uk,Ранцабелут
153116728,1988529,uk,Ныемплонг
153117575,1988540,uk,Тамансари
153117729,1988542,uk,Чимавате
153118268,1988549,uk,Багендит
153118961,1988558,uk,Цибангконг
153119038,1988559,uk,Киаранонггенг
153120039,1988572,uk,Сукамайу
153121425,1988590,uk,Цийохо
153122811,1988608,uk,Сукахурип
153124351,1988628,uk,Унден
153125121,1988638,uk,Паракантига
153127046,1988663,uk,Гарунгганг
153127431,1988668,uk,Цикопо
153128355,1988680,uk,Пасир
153128817,1988686,uk,Йанути
153131127,1988716,uk,Датартуа
153131974,1988727,uk,Кампунгбару
153132513,1988734,uk,Десаколот
153134823,1988764,uk,Циханйуанг
153135131,1988768,uk,Кубангеценг
153136132,1988781,uk,Гунунгбатара
153137210,1988795,uk,Цицуруг
153137595,1988800,uk,Леууибодас
153138442,1988811,uk,Куданг
153139212,1988821,uk,Банйарсари
153139828,1988829,uk,Пагаден
153141445,1988850,uk,Цибогор
153141907,1988856,uk,Карангмулыа
153142061,1988858,uk,Сукакарса
153143678,1988879,uk,Пасирангин
153144140,1988885,uk,Бунгурсари
153144294,1988887,uk,Циконданг
153144756,1988893,uk,Симпанг
153144833,1988894,uk,Синданггалих
153145064,1988897,uk,Неундеут
153145834,1988907,uk,Цибуруыхилир
153147066,1988923,uk,Ранцагененг Сату
153147297,1988926,uk,Сукариндик
153147682,1988931,uk,Сукамайу Кидул
153148067,1988936,uk,Пагендинган
153148221,1988938,uk,Кебонбенцоы
153148529,1988942,uk,Сукахайи
153148683,1988944,uk,Параканхонйе Уетан
153148837,1988946,uk,Синдангпалаы
153149068,1988949,uk,Пакемитан
153149453,1988954,uk,Сукамулыа
153150223,1988964,uk,Аргасари
153150685,1988970,uk,Гунунгбату
153150916,1988973,uk,Йати
153151301,1988978,uk,Косангка
153151686,1988983,uk,Сукамулыа
153151763,1988984,uk,Цисингках
153152533,1988994,uk,Ампера
153153534,1989007,uk,Леувідаху
153153919,1989012,uk,Райапени
153154227,1989016,uk,Сукахурип
153154997,1989026,uk,Сарипин
153155382,1989031,uk,Нагарасари
153155690,1989035,uk,Манцогех
153156306,1989043,uk,Тауангсари
153156614,1989047,uk,Сукасари
153156768,1989049,uk,Цибогор
153157461,1989058,uk,Цихидеунг Сату
153157923,1989064,uk,Цидангианг
153158693,1989074,uk,Пенгколан
153159925,1989090,uk,Бойонгнангка
153160079,1989092,uk,Тугу
153160695,1989100,uk,Голацир
153162543,1989124,uk,Табрик
153163313,1989134,uk,Цидамар
153164314,1989147,uk,Гунунгкауунг
153167779,1989192,uk,Гунунгангка
153167856,1989193,uk,Пасирипис
153168318,1989199,uk,Синдангсари
153169627,1989216,uk,Ранцакукун
153170474,1989227,uk,Судимара
153171013,1989234,uk,Цигантанг Хилир
153171552,1989241,uk,Паныаранг
153171860,1989245,uk,Цилингга
153172091,1989248,uk,Танйунгхурип
153172553,1989254,uk,Гунунгсубанг
153173092,1989261,uk,Сенгкол
153173323,1989264,uk,Самбонгпари
153173939,1989272,uk,Сукагенах
153174093,1989274,uk,Тугусирна
153174170,1989275,uk,Панутутан
153175017,1989286,uk,Гунунгконенг
153175094,1989287,uk,Ыуданагара
153175556,1989293,uk,Патаруман
153175787,1989296,uk,Дадаха
153176942,1989311,uk,Сукамайу
153177481,1989318,uk,Кахурипан
153177712,1989321,uk,Маргалаксана
153177943,1989324,uk,Цикаланг
153178328,1989329,uk,Кебонтіву
153179252,1989341,uk,Силуман
153179637,1989346,uk,Гунунгмунцанг
153180253,1989354,uk,Рахаыу Дуа
153180715,1989360,uk,Бантаргеданг
153181177,1989366,uk,Бойонгбентенг
153181485,1989370,uk,Медангдатар
153181793,1989374,uk,Тейакелапа
153181947,1989376,uk,Сукасетиа
153182178,1989379,uk,Нанггела
153182409,1989382,uk,Танйунг
153182640,1989385,uk,Цисеути Гиранг
153182871,1989388,uk,Сукамайу
153183487,1989396,uk,Сукасенанг
153184026,1989403,uk,Цимунцанг
153184488,1989409,uk,Цироке
153184950,1989415,uk,Кабодіонган
153185874,1989427,uk,Танйунгхурип
153186259,1989432,uk,Цийангкар
153187106,1989443,uk,Синдангтаму
153187183,1989444,uk,Ранцакуыа
153188415,1989460,uk,Сукапанцар
153188800,1989465,uk,Банйарсари
153189108,1989469,uk,Цицалунг
153189262,1989471,uk,Сукарайа
153189339,1989472,uk,Сукасари
153189955,1989480,uk,Цибеуреум
153190725,1989490,uk,Циханйуанг
153192265,1989510,uk,Пакемитан
153192573,1989514,uk,Асем
153193574,1989527,uk,Каум Калер
153193805,1989530,uk,Куданг
153194421,1989538,uk,Ципанйанг
153194883,1989544,uk,Синдангхарйа
153195268,1989549,uk,Бабакан
153196038,1989559,uk,Сукаменак
153196115,1989560,uk,Циманггу Дуа
153196654,1989567,uk,Сукасенанг
153196731,1989568,uk,Гереба
153197655,1989580,uk,Анто
153198040,1989585,uk,Бугел
153198964,1989597,uk,Циомас
153199426,1989603,uk,Райамандала
153199811,1989608,uk,Пасиреурих
153200350,1989615,uk,Йаманис
153200581,1989618,uk,Ныалиндунг
153201351,1989628,uk,Сангиангтерас
153202968,1989649,uk,Тимбулсари
153203045,1989650,uk,Цондонг
153203507,1989656,uk,Сингабаронг
153203584,1989657,uk,Игок
153204354,1989667,uk,Кампунгдеса Памоколан
153204816,1989673,uk,Падамулыа
153205432,1989681,uk,Циинйук
153206048,1989689,uk,Сукахенинг
153206279,1989692,uk,Манггунгйаыа
153206664,1989697,uk,Цийохо
153207049,1989702,uk,Циенганг
153207588,1989709,uk,Цихатеуп
153207665,1989710,uk,Сукарайа
153207896,1989713,uk,Сукариндик
153208589,1989722,uk,Пасиртамианг
153209205,1989730,uk,Дусун Тенгах Цихаурбеути
153209590,1989735,uk,Пасарлама
153210437,1989746,uk,Цикаду
153211130,1989755,uk,Сукасенанг
153211669,1989762,uk,Сукасетиа
153212131,1989768,uk,Цигебаы
153212362,1989771,uk,Сирнараса
153213132,1989781,uk,Давагунг
153213825,1989790,uk,Ципеуцеук
153213902,1989791,uk,Синдангреунгхап
153214672,1989801,uk,Сукамайу
153214826,1989803,uk,Нанггела
153216828,1989829,uk,Йантаке
153216982,1989831,uk,Цибеуреум
153217290,1989835,uk,Танйунгхурип
153217444,1989837,uk,Сарівангі
153219138,1989859,uk,Сукадана
153219600,1989865,uk,Цилоа
153220293,1989874,uk,Деса Синдангхурип
153221294,1989887,uk,Бангбаыанг
153221525,1989890,uk,Бунинегара
153222064,1989897,uk,Деса Борогойол
153222680,1989905,uk,Синдангсука
153223758,1989919,uk,Синдангбаранг
153225529,1989942,uk,Нанггевер
153226607,1989956,uk,Памекаран
153227069,1989962,uk,Путеран Кидул
153227300,1989965,uk,Пагерагеунг Тенгах
153227531,1989968,uk,Цитеуреуп
153227916,1989973,uk,Тагог
153228609,1989982,uk,Циманглид
153229456,1989993,uk,Паыунгсари
153229841,1989998,uk,Калапанунггал
153232767,1990036,uk,Пасирхуни
153234769,1990062,uk,Цималати
153237310,1990095,uk,Симпанг
153239697,1990126,uk,Пунцак
153243547,1990176,uk,Пасирпанйанг
153243932,1990181,uk,Цигарогол
153244779,1990192,uk,Бебедахан
153245472,1990201,uk,Танггеунг Колот
153247782,1990231,uk,Циреундеу
153249168,1990249,uk,Гунунгбату
153250169,1990262,uk,Памаданган
153253634,1990307,uk,Панинеунган
153254327,1990316,uk,Цийерук
153255713,1990334,uk,Солокпандан
153256868,1990349,uk,Цицау
153257176,1990353,uk,Кебонкопи
153259332,1990381,uk,Цибитунг
153259871,1990388,uk,Гандасоли
153261565,1990410,uk,Уарунгсимпанг
153263875,1990440,uk,Ципаласари
153264337,1990446,uk,Кебонкарет
153266185,1990470,uk,Купель
153267571,1990488,uk,Валагар
153267802,1990491,uk,Кереман
153268495,1990500,uk,Ципари
153269342,1990511,uk,Цитамианг
153271498,1990539,uk,Нагрог
153274963,1990584,uk,Валатадафа
153279044,1990637,uk,Рутунг
153279275,1990640,uk,Ларике
153282971,1990688,uk,Ігуса
153289439,1990772,uk,Румасуал
153293443,1990824,uk,Уалмаху
153298525,1990890,uk,Вайпірит
153300681,1990918,uk,Каранганыар
153302914,1990947,uk,Сукаменак
153305301,1990978,uk,Цибонгас
153305917,1990986,uk,Бойонгсари
153307149,1991002,uk,Ранцабунгур
153307688,1991009,uk,Цибеуреум
153309613,1991034,uk,Чікавунг
153309921,1991038,uk,Циранца
153310999,1991052,uk,Мекарсари
153311846,1991063,uk,Пурвосарі
153313848,1991089,uk,Цикиангир
153314079,1991092,uk,Ципицунг
153315157,1991106,uk,Кавітан
153315696,1991113,uk,Цикираы
153316004,1991117,uk,Цигангса
153316774,1991127,uk,Цилеги
153317621,1991138,uk,Йаыасари
153320085,1991170,uk,Циганариа
153320316,1991173,uk,Ципараху
153321240,1991185,uk,Синагар
153321702,1991191,uk,Цаыур
153321933,1991194,uk,Пегадунган
153324243,1991224,uk,Пакемитан Дуа
153324551,1991228,uk,Семпур
153325090,1991235,uk,Джатівангі
153325475,1991240,uk,Сукамулыа
153326861,1991258,uk,Дармасари
153328632,1991281,uk,Йамупу
153329325,1991290,uk,Цилангкап
153331789,1991322,uk,Рахаыу
153332867,1991336,uk,Цихурип Сату
153333021,1991338,uk,Сукамайу
153333329,1991342,uk,Бойонгсари
153333714,1991347,uk,Цисеранг
153333868,1991349,uk,Ленгконг
153334099,1991352,uk,Бандунг
153334638,1991359,uk,Дусундеса
153336178,1991379,uk,Цирири
153336871,1991388,uk,Пануусан
153338488,1991409,uk,Цинунйанг
153339104,1991417,uk,Мекарйаыа
153339720,1991425,uk,Попонцол
153340721,1991438,uk,Цидамар
153340798,1991439,uk,Пасирмукти
153342646,1991463,uk,Синдангсетра
153343262,1991471,uk,Джаявангі
153345726,1991503,uk,Деса Дармацаанг
153346419,1991512,uk,Цирахаб
153346496,1991513,uk,Деса Гунунгсари
153346804,1991517,uk,Цукангунцал
153348421,1991538,uk,Уарунгйарак
153349499,1991552,uk,Римпакгеде
153349653,1991554,uk,Деса Сагулинг
153350192,1991561,uk,Деса Уерасари
153350500,1991565,uk,Деса Мангкубуми
153350885,1991570,uk,Деса Насол
153352040,1991585,uk,Валахір
153352348,1991589,uk,Деса Маргалуыу
153352425,1991590,uk,Цимамут
153352502,1991591,uk,Гунунгпеундеуы
153352887,1991596,uk,Пасар Сабту
153353349,1991602,uk,Пасирйаыа
153353426,1991603,uk,Цибодас
153353811,1991608,uk,Цолендра
153353888,1991609,uk,Деса Цимари
153354350,1991615,uk,Цисадап
153354504,1991617,uk,Уарунг Кулон
153354581,1991618,uk,Варунг Ветан
153355736,1991633,uk,Деса Сукайади
153355890,1991635,uk,Цибеуреум
153356121,1991638,uk,Кретег
153356583,1991644,uk,Мекарсари
153356814,1991647,uk,Карангсари
153357199,1991652,uk,Деса Барегбег
153357815,1991660,uk,Деса Сукамайу
153358123,1991664,uk,Келурахан Кертасарі
153358585,1991670,uk,Деса Цигембор
153358893,1991674,uk,Цибитунг
153359817,1991686,uk,Деса Бентенг
153360279,1991692,uk,Цихеранг
153360664,1991697,uk,Бунираса
153361511,1991708,uk,Линггаманик
153362435,1991720,uk,Тангси
153362974,1991727,uk,Деса Гегемпалан
153363205,1991730,uk,Геремпаы
153363975,1991740,uk,Кертасари
153364976,1991753,uk,Лембуруарунг
153365130,1991755,uk,Цондонг
153366131,1991768,uk,Кадупандак
153366439,1991772,uk,Гунайаыа
153366901,1991778,uk,Котабару
153367286,1991783,uk,Цибангун Тенгах
153367825,1991790,uk,Валагар
153368749,1991802,uk,Цимунцанг
153369596,1991813,uk,Циситу Калер
153369827,1991816,uk,Немпел
153371059,1991832,uk,Деса Цилангкап
153371983,1991844,uk,Пасирбатанг
153373523,1991864,uk,Таринггул
153373754,1991867,uk,Мандала
153374216,1991873,uk,Пабуаран
153376218,1991899,uk,Кароыа
153376911,1991908,uk,Парунгсеах
153377450,1991915,uk,Бунгурсари
153379375,1991940,uk,Синггугу
153379760,1991945,uk,Цитеуреуп
153381146,1991963,uk,Кауалимукти
153381531,1991968,uk,Киаралауанг
153381916,1991973,uk,Віндураджа
153382763,1991984,uk,Цилонго
153382994,1991987,uk,Деса Уетан Циакар
153383225,1991990,uk,Кертанагара
153383533,1991994,uk,Циконенг
153383687,1991996,uk,Танйунгйаыа
153383918,1991999,uk,Бабантар
153384072,1992001,uk,Цинтайаыа
153384611,1992008,uk,Кертахарйа
153384688,1992009,uk,Сукарахарйа
153384765,1992010,uk,Лумбунг Кидул
153385612,1992021,uk,Рава Сату
153386613,1992034,uk,Сукамукти
153387075,1992040,uk,Бангбаыанг Калер
153387922,1992051,uk,Кампунгдеса
153388153,1992054,uk,Циеурих Сату
153388846,1992063,uk,Уруг Хилир
153389462,1992071,uk,Гареба
153389847,1992076,uk,Ловіна
153390925,1992090,uk,Циманггу Хилир
153391079,1992092,uk,Маргамукти
153391618,1992099,uk,Цикеусал
153391772,1992101,uk,Сидарайа
153391926,1992103,uk,Саримукти
153392080,1992105,uk,Циранца Сату
153392465,1992110,uk,Лебакуанги
153393158,1992119,uk,Малаусма Кидул
153393235,1992120,uk,Цилимус
153393620,1992125,uk,Йага
153394005,1992130,uk,Цидуланг
153394390,1992135,uk,Кастури
153394852,1992141,uk,Йагасари
153394929,1992142,uk,Багйасари
153395006,1992143,uk,Цинтасари
153395391,1992148,uk,Синданг
153395699,1992152,uk,Цидадап
153395930,1992155,uk,Рава
153396315,1992160,uk,Циконданг
153396700,1992165,uk,Цингамбул
153396777,1992166,uk,Мулыасари
153397085,1992170,uk,Циманггу Гиранг
153397239,1992172,uk,Уангкеланг
153397470,1992175,uk,Нагаракембанг
153398625,1992190,uk,Садапаинган
153399241,1992198,uk,Циныасаг
153399549,1992202,uk,Легок Сату
153400704,1992217,uk,Йугантанг
153400935,1992220,uk,Пайаган
153401397,1992226,uk,Синдангсари
153402321,1992238,uk,Карангсари
153402860,1992245,uk,Сукамантри Сату
153403245,1992250,uk,Хуйунгтиуу
153403399,1992252,uk,Йонгорсари
153405401,1992278,uk,Бабакан
153407249,1992302,uk,Синдангсари
153407557,1992306,uk,Цитоток
153408558,1992319,uk,Булакгебанг
153408712,1992321,uk,Цигугур
153408866,1992323,uk,Цицуруг
153409559,1992332,uk,Цибиру
153410560,1992345,uk,Тенйолаыа
153411330,1992355,uk,Паракан
153411869,1992362,uk,Бинангун
153412177,1992366,uk,Мандала
153413255,1992380,uk,Баленгбенг
153415334,1992407,uk,Лимуснунггал
153415719,1992412,uk,Лембурсауах
153416335,1992420,uk,Гирикарыа
153416566,1992423,uk,Бангунсари
153416643,1992424,uk,Цинтайаыа
153418106,1992443,uk,Цисагу
153418337,1992446,uk,Цигуха
153419569,1992462,uk,Цинангсих Сату
153420339,1992472,uk,Раксабаыа
153420724,1992477,uk,Бойонг
153420801,1992478,uk,Цилангкап
153421109,1992482,uk,Калангсари
153421417,1992486,uk,Карангсирна
153421571,1992488,uk,Пананйунг
153421879,1992492,uk,Синданграса
153422110,1992495,uk,Сукадана
153422264,1992497,uk,Гандапура
153423188,1992509,uk,Бойонгмаланг
153423419,1992512,uk,Бунираса
153424959,1992532,uk,Циуаруланг
153425421,1992538,uk,Карангпете
153426037,1992546,uk,Сукайаыа
153426730,1992555,uk,Валахір
153427038,1992559,uk,Цимарга
153428270,1992575,uk,Малабар
153430041,1992598,uk,Бантарсари
153430195,1992600,uk,Циледук
153430349,1992602,uk,Тенйолаыа
153431966,1992623,uk,Дусун Деса Хандаферанг
153432043,1992624,uk,Утама Уетан
153433352,1992641,uk,Дусун Деса Сукадана
153434122,1992651,uk,Сукадана
153434584,1992657,uk,Карангампел Калер
153435585,1992670,uk,Дусун Деса Бунтер
153436509,1992682,uk,Лавонг
153437741,1992698,uk,Цигалеух Кулон
153438896,1992713,uk,Цибеулах
153439358,1992719,uk,Леууикуйанг
153439743,1992724,uk,Пенде
153440821,1992738,uk,Кепел
153441360,1992745,uk,Цийеунгйинг Калер
153441668,1992749,uk,Девасарі
153442130,1992755,uk,Цихараланг
153442669,1992762,uk,Цибета
153444132,1992781,uk,Анцол
153444517,1992786,uk,Пасирнангка
153445441,1992798,uk,Синдангпанйи
153445518,1992799,uk,Падамукти
153445672,1992801,uk,Сакерта Барат
153445826,1992803,uk,Панинггаран
153445903,1992804,uk,Ципасунг
153446057,1992806,uk,Кауахманук
153446211,1992808,uk,Цикупа
153446288,1992809,uk,Парунг
153446827,1992816,uk,Йагара
153446904,1992817,uk,Сакерта Тимур
153447212,1992821,uk,Суминта
153447366,1992823,uk,Патрол
153447597,1992826,uk,Цибенганг
153447751,1992828,uk,Цисока
153447982,1992831,uk,Цигеур
153448521,1992838,uk,Уедангтему
153448906,1992843,uk,Бойонгсари
153449214,1992847,uk,Тундаган
153449291,1992848,uk,Циконданг
153449368,1992849,uk,Харйамукти
153449522,1992851,uk,Пасирагунг
153449599,1992852,uk,Цитапен
153449676,1992853,uk,Циасихан
153449830,1992855,uk,Пакапасан Илир
153449984,1992857,uk,Цийемит
153450369,1992862,uk,Пакапасан Гиранг
153450523,1992864,uk,Маргабакти
153450600,1992865,uk,Хантара
153450908,1992869,uk,Рамбатан
153451062,1992871,uk,Мунгганг
153451139,1992872,uk,Мунгкалдатар
153451216,1992873,uk,Нангка
153451370,1992875,uk,Синдангйауа
153451447,1992876,uk,Кертаыуга
153451524,1992877,uk,Калівон Кертавірама
153451601,1992878,uk,Нусахеранг
153451678,1992879,uk,Віндусарі
153451755,1992880,uk,Цикетак
153451832,1992881,uk,Бабатан
153452448,1992889,uk,Цименга
153453603,1992904,uk,Сагалахеранг
153453988,1992909,uk,Паменгкер
153454065,1992910,uk,Йагабаыа Дуа
153454373,1992914,uk,Циберунг
153454681,1992918,uk,Селайамбе Сату
153454835,1992920,uk,Цилимус
153455066,1992923,uk,Танггулун
153455143,1992924,uk,Тегалгеде
153455528,1992929,uk,Бойонг
153456914,1992947,uk,Бабакан
153457453,1992954,uk,Тлого
153457915,1992960,uk,Крайан Бакалан
153458223,1992964,uk,Гондосари
153458377,1992966,uk,Вінонг
153458454,1992967,uk,Луванг
153458608,1992969,uk,Пецинан
153458685,1992970,uk,Пуле
153458839,1992972,uk,Бангкол
153458993,1992974,uk,Балебер
153459378,1992979,uk,Таыу Кулон
153459455,1992980,uk,Гаванан
153459609,1992982,uk,Белах Лор
153459686,1992983,uk,Крайан Кеборомо
153459840,1992985,uk,Рово
153460071,1992988,uk,Тендас
153460225,1992990,uk,Кедунгбанг
153460379,1992992,uk,Голонг
153460764,1992997,uk,Кетапанг
153460995,1993000,uk,Тунггулсари
153461149,1993002,uk,Йепат Кидул
153461611,1993008,uk,Нгетук
153461765,1993010,uk,Драйак
153461842,1993011,uk,Крайан Кедунгсари
153461919,1993012,uk,Танггунг
153462150,1993015,uk,Белахан
153462304,1993017,uk,Семерак
153462458,1993019,uk,Банцаран
153462689,1993022,uk,Крайан Гайихан
153463382,1993031,uk,Тунйунгрейо
153463613,1993034,uk,Крайан Уатуроыо
153463767,1993036,uk,Мрицан
153464075,1993040,uk,Песаген
153464537,1993046,uk,Кайен
153464614,1993047,uk,Циболек Кидул
153464691,1993048,uk,Булуманис Лор
153464768,1993049,uk,Секарйалак
153464922,1993051,uk,Бабатан
153465076,1993053,uk,Сумбер
153465153,1993054,uk,Тегаларум
153465230,1993055,uk,Пангкалан
153465615,1993060,uk,Сидомукти
153466693,1993074,uk,Пангланйан
153467386,1993083,uk,Карангуангкал
153467848,1993089,uk,Пайатен
153468387,1993096,uk,Сукасари
153468926,1993103,uk,Циаві
153470235,1993120,uk,Деса Цикамбулан
153471313,1993134,uk,Ципари
153472006,1993143,uk,Гирийаыа
153472622,1993151,uk,Карангйаладри
153472853,1993154,uk,Сукадана
153474162,1993171,uk,Сумандинг
153474393,1993174,uk,Цикуыа
153474547,1993176,uk,Банйараныар
153477858,1993219,uk,Синдангсари
153478474,1993227,uk,Каранганыар
153479706,1993243,uk,Каранганыар
153479860,1993245,uk,Карангбунгур
153482478,1993279,uk,Цилисунг
153483171,1993288,uk,Сукамайу
153483248,1993289,uk,Негласари
153483479,1993292,uk,Каранганыар
153484557,1993306,uk,Сукараме
153484634,1993307,uk,Цикабуыутан Барат
153484711,1993308,uk,Хегарсари
153485635,1993320,uk,Самбунгйаыа
153487252,1993341,uk,Карангсари
153487406,1993343,uk,Кертахаыу
153488715,1993360,uk,Циманггу
153490332,1993381,uk,Бобойонг
153490640,1993385,uk,Негласари
153491102,1993391,uk,Ранцабунгур
153491641,1993398,uk,Сукамайу
153491795,1993400,uk,Сидахарйа
153492565,1993410,uk,Цийуреы
153493335,1993420,uk,Сукамулыа
153493643,1993424,uk,Негласари
153493797,1993426,uk,Синдангсари
153493951,1993428,uk,Тугусари
153494259,1993432,uk,Сукарату
153494413,1993434,uk,Сукамукти
153494798,1993439,uk,Лангкапланцар
153495337,1993446,uk,Цибадак
153495645,1993450,uk,Уарунгбуах
153495876,1993453,uk,Бунгасрейо
153496030,1993455,uk,Батур Кидул
153496261,1993458,uk,Генетан
153496338,1993459,uk,Нгембе
153496646,1993463,uk,Пагак Кулон
153496800,1993465,uk,Плаланган
153497339,1993472,uk,Калимати
153497955,1993480,uk,Кебонтури
153498340,1993485,uk,Семпу
153498571,1993488,uk,Даулан
153498725,1993490,uk,Кемири
153499033,1993494,uk,Блинги
153499264,1993497,uk,Лундо
153499341,1993498,uk,Собо
153499418,1993499,uk,Таунан
153499726,1993503,uk,Манйанг Кидул
153500188,1993509,uk,Нгулакан
153500419,1993512,uk,Кеманги
153500573,1993514,uk,Клумпит
153500727,1993516,uk,Дерсах
153500804,1993517,uk,Мантингантенгах
153501266,1993523,uk,Сентул
153501420,1993525,uk,Сумберан
153501651,1993528,uk,Доыок
153501882,1993531,uk,Барисан
153502036,1993533,uk,Вунгвунг
153502113,1993534,uk,Мойолампир
153502190,1993535,uk,Гендоло
153502344,1993537,uk,Тегальверо
153502652,1993541,uk,Малунгун
153502729,1993542,uk,Плосо
153503191,1993548,uk,Мантуп
153503268,1993549,uk,Бото
153503422,1993551,uk,Каранг Уетан
153503961,1993558,uk,Пенгилон
153504269,1993562,uk,Тертег
153504346,1993563,uk,Клетек
153504423,1993564,uk,Палемгеде
153504808,1993569,uk,Бодех
153504885,1993570,uk,Мандинг
153505270,1993575,uk,Менцон
153506117,1993586,uk,Коро
153506810,1993595,uk,Кедунгбацин
153507580,1993605,uk,Мантинган
153507734,1993607,uk,Сувату
153508119,1993612,uk,Похийо
153508350,1993615,uk,Крайан Лангенхарйо
153508581,1993618,uk,Тегалхарйо
153508658,1993619,uk,Крайан Танйунгрейо
153509120,1993625,uk,Тапен
153509659,1993632,uk,Крайан Карангуаге
153509890,1993635,uk,Кадилангу
153509967,1993636,uk,Тлутуп
153510275,1993640,uk,Пасуцен
153510352,1993641,uk,Кетанен
153510660,1993645,uk,Крандан
153510968,1993649,uk,Гененг
153511122,1993651,uk,Санглур
153511199,1993652,uk,Баганган
153511430,1993655,uk,Бантенган
153511507,1993656,uk,Рейосо
153511892,1993661,uk,Бонагунг
153511969,1993662,uk,Самбилауанг
153512123,1993664,uk,Крайан Кайар
153512354,1993667,uk,Йетак Кулон
153512431,1993668,uk,Йетак
153512508,1993669,uk,Асемпапан
153512585,1993670,uk,Тлогохарум
153512662,1993671,uk,Сувадук
153513201,1993678,uk,Пагерхарйо
153513355,1993680,uk,Кепох
153513432,1993681,uk,Тлувук
153513663,1993684,uk,Короыо
153513740,1993685,uk,Йонтро
153513971,1993688,uk,Додол
153514048,1993689,uk,Пентунган
153514202,1993691,uk,Гененг Тенгах
153514356,1993693,uk,Регалох
153514741,1993698,uk,Нгуренрейо
153514972,1993701,uk,Пурвосарі
153515280,1993705,uk,Нгалиыан
153515434,1993707,uk,Нгулаан
153515896,1993713,uk,Каланган
153515973,1993714,uk,Кинцир Уетан
153516589,1993722,uk,Кебонагунг
153517051,1993728,uk,Карангнонгко
153517359,1993732,uk,Рунтинг
153517667,1993736,uk,Нгепунгкрайан
153517744,1993737,uk,Трівіль
153517821,1993738,uk,Таерендо
153518052,1993741,uk,Бонгсри
153518283,1993744,uk,Паыанг
153518437,1993746,uk,Пондохан
153518668,1993749,uk,Гуво
153518976,1993753,uk,Нгарус
153519592,1993761,uk,Пенцил
153520054,1993767,uk,Вінонг
153520131,1993768,uk,Каборонган
153520208,1993769,uk,Паренгган
153520362,1993771,uk,Сарирейо
153520439,1993772,uk,Тамбакромо
153520516,1993773,uk,Ламбанган
153520670,1993775,uk,Уидороканданг
153520747,1993776,uk,Карангроуо
153521055,1993780,uk,Нгуренсити
153523057,1993806,uk,Цигалумпит
153523442,1993811,uk,Циратеун
153525598,1993839,uk,Батубубут
153527215,1993860,uk,Цибеуреум
153527600,1993865,uk,Сембунгйаыа
153528601,1993878,uk,Цикуда
153529140,1993885,uk,Чемпака
153530834,1993907,uk,Ципадунг Тимур
153532066,1993923,uk,Маргамулыа
153532220,1993925,uk,Бангунхарйа
153532836,1993933,uk,Циарен
153532990,1993935,uk,Бабакансари
153533452,1993941,uk,Рандеган Дуа
153534068,1993949,uk,Ранцаколе
153534684,1993957,uk,Синданггалих
153535146,1993963,uk,Цикембанг
153535377,1993966,uk,Манис Субанг
153535916,1993973,uk,Пахинг Йалатранг
153536224,1993977,uk,Бунгур
153536609,1993982,uk,Чуруг
153536686,1993983,uk,Йанглапа
153537302,1993991,uk,Пахинг Памулихан
153538149,1994002,uk,Йатисари
153538380,1994005,uk,Сукамулих
153538611,1994008,uk,Дадихарйа
153538765,1994010,uk,Бантарденданг
153538842,1994011,uk,Тангколо
153539843,1994024,uk,Манис Легокхеранг
153540151,1994028,uk,Мандапайаыа
153540921,1994038,uk,Цилумпинг
153543231,1994068,uk,Куйанг
153543847,1994076,uk,Цимахи
153544925,1994090,uk,Ситуларанг Ландеух
153545926,1994103,uk,Кадупандак
153547004,1994117,uk,Харйамукти
153547620,1994125,uk,Самаранг
153549006,1994143,uk,Пасирманггу
153549314,1994147,uk,Балегеде
153550854,1994167,uk,Крайан Тегаломбо
153551393,1994174,uk,Крайан Сату Кембанг
153551470,1994175,uk,Крайан Дукухсети
153551547,1994176,uk,Банютово
153552163,1994184,uk,Крайан Кинанти
153552240,1994185,uk,Крайан Гроголан
153552856,1994193,uk,Крайан Аласдоуо
153552933,1994194,uk,Крайан Нгагел
153553241,1994198,uk,Тунггулсари
153553318,1994199,uk,Пацангаан
153553472,1994201,uk,Калисабук
153553626,1994203,uk,Плосойенар
153553703,1994204,uk,Бакаран Кулон
153553780,1994205,uk,Бакаран Уетан
153554088,1994209,uk,Ленгконг
153554242,1994211,uk,Мангонан
153554396,1994213,uk,Делок
153554704,1994217,uk,Батурсари
153554935,1994220,uk,Йембанган
153555012,1994221,uk,Бумимулыо
153555089,1994222,uk,Кетитанг Уетан
153555243,1994224,uk,Раци
153555474,1994227,uk,Кембанг
153555628,1994229,uk,Бендар
153555705,1994230,uk,Байомулыо
153555782,1994231,uk,Кудукерас
153555859,1994232,uk,Пайексан
153555936,1994233,uk,Кебонсауахан
153556013,1994234,uk,Гроуонг Лор
153556090,1994235,uk,Дукуталит
153556167,1994236,uk,Гроуонг Кидул
153556244,1994237,uk,Доропаыунг
153556321,1994238,uk,Пулорейо
153556398,1994239,uk,Кауман
153556629,1994242,uk,Пекувон
153556783,1994244,uk,Нгенинг
153556860,1994245,uk,Клаыусиуалан
153556937,1994246,uk,Кедалон
153557245,1994250,uk,Ледок
153557399,1994252,uk,Гунунгсари
153557630,1994255,uk,Булумулыо
153557707,1994256,uk,Кетип
153557861,1994258,uk,Карангбоыо
153557938,1994259,uk,Кедунгпанцинг
153558015,1994260,uk,Йепуро
153558092,1994261,uk,Тлува
153558246,1994263,uk,Багу
153558708,1994269,uk,Каранг
153559016,1994273,uk,Магуан
153559247,1994276,uk,Йемблем
153559324,1994277,uk,Куниран
153559401,1994278,uk,Тролу
153559478,1994279,uk,Легок
153559709,1994282,uk,Тлогомойо
153559786,1994283,uk,Берингин
153559863,1994284,uk,Сейомулыо
153559940,1994285,uk,Друйу
153560402,1994291,uk,Нгелак
153560556,1994293,uk,Дресен
153560710,1994295,uk,Карангтури
153560787,1994296,uk,Баныудоно
153560864,1994297,uk,Тиреман Тимур
153561018,1994299,uk,Кабонган Лор
153561172,1994301,uk,Касинган
153561249,1994302,uk,Рембанг
153561326,1994303,uk,Пандеан
153561403,1994304,uk,Кутохарйо
153561480,1994305,uk,Летех
153561634,1994307,uk,Краматан
153561865,1994310,uk,Пабеан
153562019,1994312,uk,Каранггененг
153562327,1994316,uk,Магерсари
153562943,1994324,uk,Мойо
153563020,1994325,uk,Дреси Уетан
153563174,1994327,uk,Карангсекар
153563790,1994335,uk,Савахан
153563867,1994336,uk,Сумберейо
153564021,1994338,uk,Сидоуаыах Лор
153564098,1994339,uk,Кедунгдоро
153564175,1994340,uk,Кабонган Кидул
153564560,1994345,uk,Сидоуаыах Кидул
153565099,1994352,uk,Уару Селатан
153565253,1994354,uk,Бабадан
153565484,1994357,uk,Самбиыан
153565715,1994360,uk,Пенгкол
153565946,1994363,uk,Бангкер
153566023,1994364,uk,Пуло
153566177,1994366,uk,Кетангги
153566331,1994368,uk,Нготет Кидул
153566485,1994370,uk,Уетон
153566716,1994373,uk,Нрондо
153566870,1994375,uk,Мондотеко
153567101,1994378,uk,Нгадем
153567486,1994383,uk,Гингсир
153567640,1994385,uk,Бангги
153567794,1994387,uk,Куангсан
153568102,1994391,uk,Кебон
153568333,1994394,uk,Лойигауаран
153568487,1994396,uk,Вірото
153568872,1994401,uk,Тлоготунггал
153569103,1994404,uk,Пентил
153569334,1994407,uk,Трамбалан
153569488,1994409,uk,Прагу
153569719,1994412,uk,Кебонагунг
153570258,1994419,uk,Майасем
153570412,1994421,uk,Мойогайех
153570720,1994425,uk,Легок
153571105,1994430,uk,Серен Барат
153571336,1994433,uk,Пранти
153571490,1994435,uk,Богораме
153571567,1994436,uk,Крайан Ландох
153571721,1994438,uk,Мегулунг
153571952,1994441,uk,Булак
153572414,1994447,uk,Секарарум
153572491,1994448,uk,Йади
153573184,1994457,uk,Судо
153573415,1994460,uk,Калиомбо Уетан
153573800,1994465,uk,Баныуурип
153574185,1994470,uk,Танйунг Утара
153574339,1994472,uk,Кедунгтулуп
153574570,1994475,uk,Крикилан
153574724,1994477,uk,Логунг
153574801,1994478,uk,Пелемсари
153574878,1994479,uk,Ламбанган Кулон
153574955,1994480,uk,Ламбанган Уетан
153575109,1994482,uk,Ронгго
153575186,1994483,uk,Пандансили
153575571,1994488,uk,Пондокрейо Уетан
153575648,1994489,uk,Нгройо
153575802,1994491,uk,Цабеан
153575956,1994493,uk,Нгаглик
153576341,1994498,uk,Гоге
153576649,1994502,uk,Млатирейо
153576803,1994504,uk,Пингган
153577342,1994511,uk,Крайан Тенгах Сендангмулыо
153577573,1994514,uk,Карангасем
153577727,1994516,uk,Калинанас
153579421,1994538,uk,Мадура
153581654,1994567,uk,Емблеган
153581731,1994568,uk,Каом
153582116,1994573,uk,Цибеуруы
153582732,1994581,uk,Мекарйаыа
153583810,1994595,uk,Цитапенпасир
153583964,1994597,uk,Сукахарйа
153586043,1994624,uk,Танйунгйаыа
153587044,1994637,uk,Цибингбин
153587583,1994644,uk,Пабуаран
153588276,1994653,uk,Цигоонг
153588738,1994659,uk,Баыасари Кулон
153588969,1994662,uk,Йатинагара Кулон
153590124,1994677,uk,Пасирамис
153592511,1994708,uk,Кедавунг
153594359,1994732,uk,Пангрумасан
153595283,1994744,uk,Лемпонгсари
153595437,1994746,uk,Цилеуеур
153597593,1994774,uk,Киарапаыунг
153598440,1994785,uk,Карангпари
153598979,1994792,uk,Цилеунгсир
153600365,1994810,uk,Сидомулыо
153601058,1994819,uk,Цибулух Сату
153603214,1994847,uk,Сукаманах
153603368,1994849,uk,Бенгкекан
153603753,1994854,uk,Емплак
153604215,1994860,uk,Карангсари
153605062,1994871,uk,Вонохарджо
153605601,1994878,uk,Камуранг
153605832,1994881,uk,Парапат
153605909,1994882,uk,Пананйунг
153606371,1994888,uk,Годонг
153606602,1994891,uk,Сукаимут
153606756,1994893,uk,Цикананга
153606987,1994896,uk,Тамбакбаыа
153607218,1994899,uk,Модис
153607295,1994900,uk,Каранганыар
153607449,1994902,uk,Синданг
153607526,1994903,uk,Рахаыу
153608758,1994919,uk,Дукух Калер
153608835,1994920,uk,Лангсеб
153608989,1994922,uk,Цинеумбеуы
153609143,1994924,uk,Ципетир
153609297,1994926,uk,Маргасари
153609836,1994933,uk,Цинагара
153609913,1994934,uk,Буниага
153609990,1994935,uk,Манис Карангтенгах
153610221,1994938,uk,Цибуах
153610375,1994940,uk,Паракан
153610452,1994941,uk,Кутамандаракан
153610760,1994945,uk,Гевок
153610837,1994946,uk,Кутамангу
153611222,1994951,uk,Цикахурипан
153611530,1994955,uk,Кедатуан
153611607,1994956,uk,Валахар
153611915,1994960,uk,Гарахайи
153612300,1994965,uk,Циакар
153612531,1994968,uk,Памупукан
153613840,1994985,uk,Ципакем
153614610,1994995,uk,Гунунгманик
153614841,1994998,uk,Гириуарингин
153614918,1994999,uk,Гиранг
153615226,1995003,uk,Цилаыунг
153615611,1995008,uk,Цилимус Кулон
153616458,1995019,uk,Патала
153617382,1995031,uk,Блокдеса Ситугеде
153617459,1995032,uk,Гунунгаци
153617690,1995035,uk,Манис Мекаруанги
153617767,1995036,uk,Кутарайа
153618075,1995040,uk,Гаплокан
153618152,1995041,uk,Нгиыоно
153618229,1995042,uk,Ватуройо
153618460,1995045,uk,Сумберейо
153619230,1995055,uk,Тлогоуунгу
153619307,1995056,uk,Карангори
153619615,1995060,uk,Каланган
153619923,1995064,uk,Богорейо
153620385,1995070,uk,Пуло
153621078,1995079,uk,Падаан
153621155,1995080,uk,Вотбака
153621386,1995083,uk,Тритех
153621771,1995088,uk,Беганйинг
153621925,1995090,uk,Нграмбитан
153622079,1995092,uk,Пенгколрейо
153622464,1995097,uk,Сембунг
153622618,1995099,uk,Тауангсари
153622695,1995100,uk,Бокованті
153622772,1995101,uk,Вантил
153622849,1995102,uk,Сурен
153622926,1995103,uk,Кроцок
153623080,1995105,uk,Пелем
153623388,1995109,uk,Самбонгрейо
153623850,1995115,uk,Кедунгрингин
153624158,1995119,uk,Пудак
153624312,1995121,uk,Готпутук
153624389,1995122,uk,Плосорейо
153624697,1995126,uk,Брадаг
153624851,1995128,uk,Бербак
153625236,1995133,uk,Кембанг
153625390,1995135,uk,Сендангсари
153625467,1995136,uk,Кулонкали
153625852,1995141,uk,Трахан Уетан
153626160,1995145,uk,Йурангйеро
153626314,1995147,uk,Дукох
153626776,1995153,uk,Нгенден
153626930,1995155,uk,Логадинг
153627315,1995160,uk,Калилу
153627854,1995167,uk,Нгодо
153628239,1995172,uk,Гедонгмулыо
153628547,1995176,uk,Карангрейо
153628624,1995177,uk,Бендан
153629009,1995182,uk,Кайар
153629317,1995186,uk,Менторо Уетан
153629471,1995188,uk,Нгаргомулыо
153629702,1995191,uk,Нганданган
153630549,1995202,uk,Белахан
153631473,1995214,uk,Самбонг
153631704,1995217,uk,Тритунггал
153631858,1995219,uk,Калиунту
153632320,1995225,uk,Бабаган
153632397,1995226,uk,Йолотундо
153632551,1995228,uk,Карангтури
153632628,1995229,uk,Пандеыан
153633321,1995238,uk,Уаругунунг
153633783,1995244,uk,Крівік
153633860,1995245,uk,Баныуурип
153634630,1995255,uk,Похландак
153635015,1995260,uk,Карасгеде
153635169,1995262,uk,Гандик
153635246,1995263,uk,Падаран
153635323,1995264,uk,Гаранг
153635400,1995265,uk,Касреман
153635554,1995267,uk,Караскепох
153635631,1995268,uk,Карангло
153635939,1995272,uk,Краян Вувур
153636016,1995273,uk,Нгуланган
153636247,1995276,uk,Кедунг
153636555,1995280,uk,Пунггурхарйо
153636709,1995282,uk,Лангкир
153636786,1995283,uk,Гембленгмулыо
153637325,1995290,uk,Доропаыунг
153637556,1995293,uk,Нгангпо
153637633,1995294,uk,Балонг Кулон
153638172,1995301,uk,Йерук
153638480,1995305,uk,Сумберагунг
153638942,1995311,uk,Самбонгмулыо
153639019,1995312,uk,Гаям
153639404,1995317,uk,Тулунг
153639558,1995319,uk,Йапеледок
153639789,1995322,uk,Сендангагунг
153640097,1995326,uk,Ланггар
153640251,1995328,uk,Нггамбел
153640559,1995332,uk,Колесо вагона
153640790,1995335,uk,Бендо
153640867,1995336,uk,Пендок
153640944,1995337,uk,Бімбіні
153641252,1995341,uk,Дадапан
153641560,1995345,uk,Карангнонгко
153641637,1995346,uk,Самбонг
153642022,1995351,uk,Герду
153642176,1995353,uk,Нгрото
153642484,1995357,uk,Йатисари
153642715,1995360,uk,Ракитан
153642792,1995361,uk,Тренггулунан
153642869,1995362,uk,Сидовайя
153642946,1995363,uk,Йохогунунг
153643408,1995369,uk,Дукуан
153643716,1995373,uk,Цуленг
153644101,1995378,uk,Сендангмулыо
153644717,1995386,uk,Сенданг
153644871,1995388,uk,Танйунгсари
153645487,1995396,uk,Богорейо
153645718,1995399,uk,Ювен
153645949,1995402,uk,Терйан
153646257,1995406,uk,Крайан Уоро
153646642,1995411,uk,Крайан Сумуртауанг
153646719,1995412,uk,Сумберсари
153647412,1995421,uk,Сендангуару
153647720,1995425,uk,Крайан Гандрирейо
153647797,1995426,uk,Суло
153648182,1995431,uk,Кедунгрингин
153648259,1995432,uk,Йамбеыан
153648413,1995434,uk,Абкар
153648490,1995435,uk,Нарукан
153648567,1995436,uk,Сумурпуле
153648875,1995440,uk,Панданган Кулон
153648952,1995441,uk,Панданган Уетан
153649106,1995443,uk,Сумбергаыам
153649337,1995446,uk,Нгасинан
153649799,1995452,uk,Менара
153649876,1995453,uk,Плаванган
153650107,1995456,uk,Балонгмулыо
153650338,1995459,uk,Кендалагунг
153650415,1995460,uk,Мойокерто
153651185,1995470,uk,Балонгтеки
153651416,1995473,uk,Булакбанйар
153653495,1995500,uk,Пасиргеулис
153653803,1995504,uk,Циулу
153654265,1995510,uk,Цангкринг
153654881,1995518,uk,Сопла
153655651,1995528,uk,Маруыунгсари
153657653,1995554,uk,Циилат
153658038,1995559,uk,Патинген Дуа
153658115,1995560,uk,Синдангхеранг
153658346,1995563,uk,Буруйул
153658731,1995568,uk,Цинангка
153660040,1995585,uk,Награк
153660656,1995593,uk,Каварасан
153661580,1995605,uk,Бабаканйаыа
153662504,1995617,uk,Цихидеунг
153663351,1995628,uk,Ципаракан
153664352,1995641,uk,Цинтамайу
153665507,1995656,uk,Суканагара
153665584,1995657,uk,Калапагада
153665661,1995658,uk,Тамбакрейа
153666200,1995665,uk,Пондокуныур
153666585,1995670,uk,Барегбег
153667278,1995679,uk,Цилонгкранг
153667817,1995686,uk,Саванган
153667971,1995688,uk,Гаыамсари
153668048,1995689,uk,Цандимулыа
153668587,1995696,uk,Саримукти Калер
153668818,1995699,uk,Талангбантенг
153668972,1995701,uk,Йамбан
153669588,1995709,uk,Банйархарйа
153669896,1995713,uk,Карангпанингал
153671744,1995737,uk,Цихеранг
153672360,1995745,uk,Цакунгсари
153672437,1995746,uk,Пангаренган
153672591,1995748,uk,Пурвасарі
153673823,1995764,uk,Йанграга
153674747,1995776,uk,Синданграса
153676210,1995795,uk,Цогекан
153676749,1995802,uk,Пасиргару
153677365,1995810,uk,Маргасари
153677827,1995816,uk,Кереп Уетан
153678443,1995824,uk,Рингин
153678751,1995828,uk,Сегоро
153678828,1995829,uk,Гонданг
153679059,1995832,uk,Сридади
153679598,1995839,uk,Кепохагунг
153679752,1995841,uk,Млават
153679829,1995842,uk,Кембанг
153680522,1995851,uk,Сидорейо
153680599,1995852,uk,Самаран
153681138,1995859,uk,Капасан
153681523,1995864,uk,Млаген
153681600,1995865,uk,Темпалинг
153682293,1995874,uk,Короуеланг
153682524,1995877,uk,Темпел
153682601,1995878,uk,Нгемплакрейо Лор
153682832,1995881,uk,Праген Селатан
153682986,1995883,uk,Карангори Кидул
153683140,1995885,uk,Самбонг
153683217,1995886,uk,Каранганыар
153683525,1995890,uk,Гамбиран
153683833,1995894,uk,Нгемплак Кидул
153683987,1995896,uk,Рукем
153684218,1995899,uk,Демаан
153684295,1995900,uk,Кулутан
153684372,1995901,uk,Сидомулыо
153684603,1995904,uk,Тегалсари
153684757,1995906,uk,Кемаду
153684911,1995908,uk,Помахан
153685296,1995913,uk,Панохан
153685450,1995915,uk,Тельгава
153685681,1995918,uk,Трембес
153686143,1995924,uk,Понйен
153686682,1995931,uk,Йукунг
153687452,1995941,uk,Песуцен
153687606,1995943,uk,Паседан Дуа
153688145,1995950,uk,Кебон
153688222,1995951,uk,Кадівоно
153688376,1995953,uk,Тимбранган
153688453,1995954,uk,Сендангмулыо
153688761,1995958,uk,Кайар
153689069,1995962,uk,Нгампел
153689300,1995965,uk,Вару
153689685,1995970,uk,Кемирен
153689993,1995974,uk,Карангасем
153690763,1995984,uk,Семантен
153691071,1995988,uk,Гененг
153691379,1995992,uk,Ситирейо
153691456,1995993,uk,Меданг
153691687,1995996,uk,Нгадипуруо
153691841,1995998,uk,Темпуран
153692611,1996008,uk,Калирейо
153692842,1996011,uk,Каранггененг
153692919,1996012,uk,Йатирейо
153693150,1996015,uk,Понцосари
153693304,1996017,uk,Нгундаан
153693766,1996023,uk,Тамбаксари Сату
153694074,1996027,uk,Бацем
153694228,1996029,uk,Сарирейо
153694305,1996030,uk,Каранганыар
153694921,1996038,uk,Пуледагел
153695152,1996041,uk,Кавенган
153695306,1996043,uk,Гомбанг
153695460,1996045,uk,Каранг
153695691,1996048,uk,Веру
153696076,1996053,uk,Паталан
153696230,1996055,uk,Гендангдоуо
153696461,1996058,uk,Йембанган
153697000,1996065,uk,Карангйати
153697154,1996067,uk,Воносарі
153697539,1996072,uk,Герси
153697847,1996076,uk,Магувон
153698155,1996080,uk,Кунден
153698232,1996081,uk,Кауман
153698309,1996082,uk,Темпелан
153698386,1996083,uk,Тегалгунунг
153698771,1996088,uk,Нгларох
153698925,1996090,uk,Гонданг
153699156,1996093,uk,Нгларохгунунг
153699310,1996095,uk,Тутуп
153699387,1996096,uk,Кайангансауан
153699464,1996097,uk,Потлот
153699541,1996098,uk,Млангсен
153699618,1996099,uk,Бангкле
153699772,1996101,uk,Йейерукрайан
153699926,1996103,uk,Сесо
153700080,1996105,uk,Цангкринган
153700619,1996112,uk,Йепонкрайан
153700850,1996115,uk,Темпел
153701312,1996121,uk,Йетис
153701389,1996122,uk,Кедунгйенар
153701851,1996128,uk,Карангнонгко
153702159,1996132,uk,Сумурбото
153702313,1996134,uk,Турирейо
153702544,1996137,uk,Кемири
153702775,1996140,uk,Бангеран
153703006,1996143,uk,Пелем
153703083,1996144,uk,Денгок
153703314,1996147,uk,Семампир
153703468,1996149,uk,Прантаан
153704007,1996156,uk,Кубанг
153707395,1996200,uk,Цибеуныинг
153708319,1996212,uk,Каранггеданг
153709012,1996221,uk,Лимбанган
153710167,1996236,uk,Малабар
153711784,1996257,uk,Цималати
153712862,1996271,uk,Бабакан
153713016,1996273,uk,Синаргалих
153713170,1996275,uk,Сукахурип
153713324,1996277,uk,Каранганыар
153714941,1996298,uk,Цинтарату
153715172,1996301,uk,Согати
153715326,1996303,uk,Цихандиуунг Лор
153715865,1996310,uk,Вінангун
153717944,1996337,uk,Пацинг
153718098,1996339,uk,Нгулахан
153718175,1996340,uk,Бангунрейо
153718560,1996345,uk,Кедунгумпул
153718945,1996350,uk,Бамбан
153719022,1996351,uk,Укир
153719099,1996352,uk,Ренденг
153719638,1996359,uk,Тенггер
153720100,1996365,uk,Дован
153720254,1996367,uk,Сунтри
153720485,1996370,uk,Тегальдово
153720562,1996371,uk,Йатирего
153720716,1996373,uk,Нглойо
153721332,1996381,uk,Гобрех
153721640,1996385,uk,Кедунгдоуо
153722410,1996395,uk,Крайанкарас
153722718,1996399,uk,Мангсенг
153723257,1996406,uk,Гесикан
153723334,1996407,uk,Самбирата
153723565,1996410,uk,Сумберагунг
153723873,1996414,uk,Крайан Лодан Кулон
153724104,1996417,uk,Танггулангин
153724181,1996418,uk,Село
153724489,1996422,uk,Вонокерто
153724797,1996426,uk,Кебонхарйо
153725336,1996433,uk,Крайан Сале
153725490,1996435,uk,Йохо
153726953,1996454,uk,Кадулухур
153728801,1996478,uk,Палугон
153731034,1996507,uk,Синдангйати
153731650,1996515,uk,Гунунгйаыа
153731881,1996518,uk,Саланегара
153732574,1996527,uk,Крайанпондонг
153732728,1996529,uk,Пакис
153732882,1996531,uk,Дукухмайа
153733267,1996536,uk,Пакусари
153733575,1996540,uk,Лурагунг Тонггох
153733652,1996541,uk,Синдангсука
153733883,1996544,uk,Цикаду Уетан
153733960,1996545,uk,Цилеуыа
153734037,1996546,uk,Цимулыа
153734345,1996550,uk,Цигеданг
153734422,1996551,uk,Синдангсари
153734499,1996552,uk,Уиланагара
153734576,1996553,uk,Баок
153734653,1996554,uk,Андамуи
153734961,1996558,uk,Цирангранг
153735115,1996560,uk,Цисаат
153735269,1996562,uk,Паренца Уетан
153735962,1996571,uk,Дукухпицунг
153736116,1996573,uk,Карангбару
153736655,1996580,uk,Рандусари
153736732,1996581,uk,Аргасока
153737117,1996586,uk,Сукагалих
153737579,1996592,uk,Кауунгсари
153737656,1996593,uk,Гембол
153737887,1996596,uk,Циангир
153738580,1996605,uk,Сукарапих
153738734,1996607,uk,Карангканцана
153738811,1996608,uk,Кадуагунг
153739042,1996611,uk,Уиндухеранг
153739119,1996612,uk,Маргацина
153739196,1996613,uk,Сагара
153739581,1996618,uk,Йабранти
153739966,1996623,uk,Йурангйеро
153740428,1996629,uk,Крайан Йампронг
153740813,1996634,uk,Йерук
153741583,1996644,uk,Дживорехо
153742045,1996650,uk,Сингонегоро
153742276,1996653,uk,Баныубанг
153742507,1996656,uk,Гембол
153742892,1996661,uk,Гаыамдеса
153742969,1996662,uk,Уанутенгах
153743046,1996663,uk,Бімбіні
153743662,1996671,uk,Гадинг Барат
153744124,1996677,uk,Йинантен
153744355,1996680,uk,Тахунан
153744586,1996683,uk,Сендангрейо
153745125,1996690,uk,Кетринган
153745664,1996697,uk,Сукогунунгкрайан
153745741,1996698,uk,Йлодро
153746049,1996702,uk,Калипрак
153746126,1996703,uk,Банцанг
153746357,1996706,uk,Таваран
153747358,1996719,uk,Песангграхан
153747435,1996720,uk,Пангауарен
153748205,1996730,uk,Цибату
153748821,1996738,uk,Карангтенгах
153749052,1996741,uk,Прумпунг
153749283,1996744,uk,Кедунгурингин
153749668,1996749,uk,Пурвосарі
153750438,1996759,uk,Дукухсауах
153750900,1996765,uk,Гунунгрейа
153751285,1996770,uk,Цитенгах
153751824,1996777,uk,Тауангсари
153752209,1996782,uk,Гунунгуилис
153752671,1996788,uk,Цикалонг
153752748,1996789,uk,Кауман
153753672,1996801,uk,Циконданг
153753903,1996804,uk,Сидамулыа
153753980,1996805,uk,Гендіву
153754596,1996813,uk,Карангсалам
153755058,1996819,uk,Тамбанган
153755366,1996823,uk,Цидадап
153755751,1996828,uk,Рунгканг
153756213,1996834,uk,Цилонинг
153756983,1996844,uk,Каранггинтунг
153757291,1996848,uk,Карангхарйо
153757368,1996849,uk,Каранглинцак
153757445,1996850,uk,Каранганыар
153757522,1996851,uk,Кеблоран
153757599,1996852,uk,Танйунган
153758061,1996858,uk,Байингмедуро
153758138,1996859,uk,Сендангмулыо
153758215,1996860,uk,Карангмангу
153758292,1996861,uk,Байингйоуо
153758369,1996862,uk,Темперак
153758600,1996865,uk,Крайандадапмулыо
153758754,1996867,uk,Гонгганг
153758985,1996870,uk,Нгиленган
153759293,1996874,uk,Банован
153759370,1996875,uk,Крайанбатурно
153759447,1996876,uk,Бабак
153759832,1996881,uk,Крайанбонйор
153760217,1996886,uk,Сампунг
153760371,1996888,uk,Тауангрейо
153760833,1996894,uk,Краденан
153761218,1996899,uk,Банйарйо
153761449,1996902,uk,Келабанг
153761603,1996904,uk,Бонцонг
153761680,1996905,uk,Булумедуро
153761757,1996906,uk,Сидинг
153761988,1996909,uk,Йахулу
153762296,1996913,uk,Йатисари
153762373,1996914,uk,Каыен
153762835,1996920,uk,Нгуйуран
153763143,1996924,uk,Ведений
153763297,1996926,uk,Тенггер
153763682,1996931,uk,Латсари
153763759,1996932,uk,Тлогоагунг
153764221,1996938,uk,Кетодан
153764298,1996939,uk,Вангі
153764529,1996942,uk,Бесово
153764606,1996943,uk,Бадер
153764914,1996947,uk,Дукухдукухан
153765222,1996951,uk,Кройо
153765299,1996952,uk,Карангтенгах
153765376,1996953,uk,Пасеыан
153765453,1996954,uk,Йомбок
153765761,1996958,uk,Крайан Демит
153765915,1996960,uk,Пурвосарі
153766069,1996962,uk,Воцого
153766531,1996968,uk,Дингил
153766993,1996974,uk,Йетис
153767147,1996976,uk,Балонг
153767301,1996978,uk,Муруни
153768071,1996988,uk,Нгийо
153768225,1996990,uk,Нганцар
153768456,1996993,uk,Карангкидул
153768841,1996998,uk,Танггунг
153769380,1997005,uk,Каранггененг
153770535,1997020,uk,Банйаруоро
153770612,1997021,uk,Мундри
153770766,1997023,uk,Нглатенг Барат
153771074,1997027,uk,Сумурагунг
153771151,1997028,uk,Кедунгмулыо
153771536,1997033,uk,Лайу Кидул
153772075,1997040,uk,Кейурон
153772537,1997046,uk,Клакех
153772845,1997050,uk,Талок
153772922,1997051,uk,Каблукан
153772999,1997052,uk,Нгройо
153773076,1997053,uk,Кедунгхарйо
153773153,1997054,uk,Крайан Уеден
153773692,1997061,uk,Нгембак
153773769,1997062,uk,Сембунгин
153774231,1997068,uk,Седанданг
153774539,1997072,uk,Пугох
153774847,1997076,uk,Мойорото
153774924,1997077,uk,Симо
153775309,1997082,uk,Дикир
153775848,1997089,uk,Сриуинг
153776002,1997091,uk,Плайан
153776541,1997098,uk,Сруки
153776618,1997099,uk,Цингклунг
153776695,1997100,uk,Пасатан
153776849,1997102,uk,Белик
153777080,1997105,uk,Гадон
153777157,1997106,uk,Танйанг
153777388,1997109,uk,Дукох
153777465,1997110,uk,Сотанг
153777619,1997112,uk,Кокроваті
153777927,1997116,uk,Карангрейо
153778004,1997117,uk,Пабеыан
153778158,1997119,uk,Тауангрейо
153778235,1997120,uk,Кенанти
153778312,1997121,uk,Клутук
153778389,1997122,uk,Песантрен
153778697,1997126,uk,Мекарсари
153778774,1997127,uk,Йамонг
153778851,1997128,uk,Собонторо
153779005,1997130,uk,Сумберейо
153779467,1997136,uk,Нгулахан
153779544,1997137,uk,Гемулунг
153779698,1997139,uk,Сидомулыо
153779929,1997142,uk,Бауи Кулон
153780237,1997146,uk,Танггунгрейо
153780391,1997148,uk,Пандаыан Дуа
153780468,1997149,uk,Тауангсари
153780853,1997154,uk,Трантанг
153781546,1997163,uk,Сидонганти
153781700,1997165,uk,Тенггер
153782393,1997174,uk,Манунггал
153782470,1997175,uk,Гувотерус
153782701,1997178,uk,Талангкембар
153783009,1997182,uk,Мулыоагунг
153783317,1997186,uk,Нгаблак
153783548,1997189,uk,Нгулухан
153783702,1997191,uk,Танггир Тимур
153784549,1997202,uk,Бантармангу
153784780,1997205,uk,Цигинтунг
153785088,1997209,uk,Мулыадади
153786089,1997222,uk,Ципасанг
153787167,1997236,uk,Йенанг Селатан
153787475,1997240,uk,Танйунгсари
153787629,1997242,uk,Бойонгсари
153788938,1997259,uk,Валахір
153790170,1997275,uk,Кутасари
153790324,1997277,uk,Падангсари
153791710,1997295,uk,Кубангуару
153792942,1997311,uk,Ципеусинг
153794251,1997328,uk,Карангтенгах Лор
153794790,1997335,uk,Песаханган
153795329,1997342,uk,Телагасари
153795714,1997347,uk,Цилемпуыанг
153797870,1997375,uk,Циманггу Уетан
153798178,1997379,uk,Синдангхайи
153799641,1997398,uk,Нглвук
153799718,1997399,uk,Сенданг
153799949,1997402,uk,Маргорейо
153800488,1997409,uk,Сумберарум
153800719,1997412,uk,Карангмулыо
153800950,1997415,uk,Падасан
153801027,1997416,uk,Темаыанг
153801181,1997418,uk,Пуцанган
153801335,1997420,uk,Пакел
153801489,1997422,uk,Беан
153801797,1997426,uk,Йетак
153801874,1997427,uk,Талун
153803260,1997445,uk,Самбонггеде
153803568,1997449,uk,Капу
153804107,1997456,uk,Йади
153804261,1997458,uk,Пеланг
153805647,1997476,uk,Балекамбанг
153806725,1997490,uk,Кадунунггал
153807187,1997496,uk,Кандаыакан Сату
153807418,1997499,uk,Циситу
153809035,1997520,uk,Цогрег
153809112,1997521,uk,Бентар
153809189,1997522,uk,Бентарсари
153809574,1997527,uk,Ганггауанг
153809959,1997532,uk,Салем Кидул
153810960,1997545,uk,Ципутих
153811499,1997552,uk,Легокныенанг
153811653,1997554,uk,Гунунгларанг
153811807,1997556,uk,Легок
153812500,1997565,uk,Гандоанг
153813347,1997576,uk,Цитимбанг
153813732,1997581,uk,Сукасари
153813886,1997583,uk,Касиман
153814040,1997585,uk,Мліванг
153814117,1997586,uk,Меркаванг
153814348,1997589,uk,Вадунг
153814502,1997591,uk,Карангасем
153814810,1997595,uk,Темуйи
153815118,1997599,uk,Тлоговару
153815272,1997601,uk,Сумбер
153815503,1997604,uk,Тобо
153815657,1997606,uk,Темандангйеро
153815965,1997610,uk,Понгпонган
153816119,1997612,uk,Банаран
153816196,1997613,uk,Сугихан
153816350,1997615,uk,Сувалан
153816504,1997617,uk,Ремен
153816658,1997619,uk,Сумургененг
153816889,1997622,uk,Тууири Кулон
153817043,1997624,uk,Борехбангле
153817428,1997629,uk,Ментосо
153817505,1997630,uk,Равасан
153818198,1997639,uk,Цитенйо
153818506,1997643,uk,Клиуон Цибингбин
153818583,1997644,uk,Сукасари
153818660,1997645,uk,Синдангйауа
153819507,1997656,uk,Ципанйанг
153819738,1997659,uk,Бандунгсари
153820739,1997672,uk,Дукухкопи
153821278,1997679,uk,Кертасари
153821586,1997683,uk,Бландонган
153822279,1997692,uk,Памедаран
153823049,1997702,uk,Кути
153823511,1997708,uk,Крайан Карангсари
153823896,1997713,uk,Палох
153824127,1997716,uk,Карангсари
153824589,1997722,uk,Латсари
153824820,1997725,uk,Крангган
153825359,1997732,uk,Кайонган
153825513,1997734,uk,Куторейо
153825975,1997740,uk,Сендангхарйо
153826206,1997743,uk,Кунцен
153826360,1997745,uk,Суколило
153826437,1997746,uk,Паныуран
153826822,1997751,uk,Кранденан
153826899,1997752,uk,Сумургунг
153827053,1997754,uk,Прамбатан
153827669,1997762,uk,Кебонсари
153827900,1997765,uk,Сидомукти
153828054,1997767,uk,Мерик
153828208,1997769,uk,Кембангбило
153828362,1997771,uk,Сугихарйо
153828516,1997773,uk,Бонггол Сату
153828670,1997775,uk,Тараан
153828978,1997779,uk,Бото
153829132,1997781,uk,Тегалагунг
153829286,1997783,uk,Каранг
153829440,1997785,uk,Крайан Бейагунг
153829517,1997786,uk,Гедонгомбо
153830133,1997794,uk,Семандинг Барат
153830210,1997795,uk,Бейагунг Кидул
153830441,1997798,uk,Перицик
153830672,1997801,uk,Сауах Кулон
153830826,1997803,uk,Йадикрайан
153831211,1997808,uk,Бандаран
153831442,1997811,uk,Банйарсари
153831519,1997812,uk,Доунг
153831750,1997815,uk,Тунах
153831827,1997816,uk,Кебондемпет
153832135,1997820,uk,Пенамбанган
153832212,1997821,uk,Крайан Прунггахан Уетан
153833136,1997833,uk,Коуанг Утара
153834060,1997845,uk,Крайан Генахарйо
153834291,1997848,uk,Гесинг
153835061,1997858,uk,Друдикрайан
153836447,1997876,uk,Бакунг Утара
153836601,1997878,uk,Бакунг
153836986,1997883,uk,Сумбердади
153837371,1997888,uk,Апакбранйанг
153837602,1997891,uk,Пландирейо
153837679,1997892,uk,Тумпакоыот
153838064,1997897,uk,Калимененг
153838141,1997898,uk,Кедунггайул
153838680,1997905,uk,Тумпаккепух
153839912,1997921,uk,Гунунггеде
153840836,1997933,uk,Нгадипуро
153841067,1997936,uk,Калигренйенг
153842222,1997951,uk,Тамбакрейо
153843608,1997969,uk,Балерейо
153843993,1997974,uk,Сумберсих
153845533,1997994,uk,Сукорейо
153845610,1997995,uk,Рингинрейо
153846149,1998002,uk,Калигамбир
153846688,1998009,uk,Пурвореджо
153846842,1998011,uk,Тулунгрейо
153847920,1998025,uk,Уотс
153848690,1998035,uk,Цендоро Утара
153849229,1998042,uk,Пуцангкрайан
153849614,1998047,uk,Богорейо
153849922,1998051,uk,Леран Кулон
153849999,1998052,uk,Нгимбанг
153850076,1998053,uk,Леран Уетан
153850384,1998057,uk,Банйараныар
153850692,1998061,uk,Карангагунг Тимур
153850923,1998064,uk,Вангун
153851077,1998066,uk,Сумберйо
153851308,1998069,uk,Каранг Лор
153851462,1998071,uk,пліветанський
153851539,1998072,uk,Тамбакрейо
153851924,1998077,uk,Сетро
153852232,1998081,uk,Сидомукти
153852309,1998082,uk,Кетамбул
153852771,1998088,uk,Лабухан
153852925,1998090,uk,Бохо
153853002,1998091,uk,Бренгкок
153853156,1998093,uk,Лембор
153853233,1998094,uk,Датенг
153853387,1998096,uk,Йабунг
153853464,1998097,uk,Гелап
153853618,1998099,uk,Сендангхарйо
153856390,1998135,uk,Тлогосари
153857314,1998147,uk,Тугурейо Сату
153857391,1998148,uk,Калисангкрах Лор
153857468,1998149,uk,Крайан Кулон Пуруорейо
153859393,1998174,uk,Ментараман Сату
153859624,1998177,uk,Темпурсарикрайан
153860240,1998185,uk,Банйарейо
153862935,1998220,uk,Тулунгрейо
153863551,1998228,uk,Крайан Кедунгсалам
153866015,1998260,uk,Бімбіні
153866092,1998261,uk,Седаыулауас
153866477,1998266,uk,Тунггул
153866631,1998268,uk,Брангси
153866708,1998269,uk,Саво
153867401,1998278,uk,Сумургаыам
153867632,1998281,uk,Солокуро
153867709,1998282,uk,Карангуунгу Лор
153867863,1998284,uk,Калигерман
153867940,1998285,uk,Пиланг
153868094,1998287,uk,Карангрейо
153868171,1998288,uk,Турі
153868325,1998290,uk,Кануграхан
153868402,1998291,uk,Йангкунгкусумо
153868633,1998294,uk,Пелангвот
153869095,1998300,uk,Сумберагунг
153869634,1998307,uk,Сендангдууур
153869711,1998308,uk,Сендангагунг
153869942,1998311,uk,Паыаман
153870019,1998312,uk,Сугихан
153870096,1998313,uk,Дадапан
153870481,1998318,uk,Теблуру
153870635,1998320,uk,Тенггулун
153870866,1998323,uk,Карангтауар
153870943,1998324,uk,Годог
153871020,1998325,uk,Булубрангси
153871097,1998326,uk,Прийек
153871174,1998327,uk,Блумбанг
153871251,1998328,uk,Геданган
153871559,1998332,uk,Паренган
153871636,1998333,uk,Пангкатрейо
153871713,1998334,uk,Принггобоыо
153872098,1998339,uk,Тамань
153872406,1998343,uk,Трацал
153872791,1998348,uk,Йагран
153872868,1998349,uk,Клаген
153873176,1998353,uk,Семполкрайан
153873407,1998356,uk,Панданрейокрайан
153873792,1998361,uk,Бандунгрейо
153874177,1998366,uk,Сунберкертокрайан
153874870,1998375,uk,Крайан Сумбербенинг
153875178,1998379,uk,Сумбернонгко Кидул
153875717,1998386,uk,Крайан Сригонцо
153876179,1998392,uk,Принггоданикрайан
153876641,1998398,uk,Бантуркрайан
153876795,1998400,uk,Вонореджо
153877796,1998413,uk,Гомбанган
153878412,1998421,uk,Крайан Рейосари
153879721,1998438,uk,Керобокан Келод
153880106,1998443,uk,Кетанги
153881723,1998464,uk,Гентенг Кулон
153882724,1998477,uk,Банйараныар
153882955,1998480,uk,Палох
153883032,1998481,uk,Веру
153883109,1998482,uk,Сидокумпул
153883186,1998483,uk,Вару Лор
153883263,1998484,uk,Цампуррейо
153883417,1998486,uk,Доруд
153883494,1998487,uk,Вотан
153883571,1998488,uk,Геданган
153883725,1998490,uk,Самбогунунг
153883802,1998491,uk,Бабакбаво
153883879,1998492,uk,Саниуонорейо
153884033,1998494,uk,Мадумулыорейо
153884187,1998496,uk,Кедирен
153884495,1998500,uk,Карангцангкринг
153884572,1998501,uk,Пангансалан
153884649,1998502,uk,Гедонгкедоан
153885111,1998508,uk,Баныутенгах
153885188,1998509,uk,Делеган
153885496,1998513,uk,Тлогосаданг
153885804,1998517,uk,Уатугулинг
153885958,1998519,uk,Пантенан
153886035,1998520,uk,Кетанен
153886112,1998521,uk,Блури
153886189,1998522,uk,Даган
153886420,1998525,uk,Баныубанг
153886497,1998526,uk,Такерхарйо
153886651,1998528,uk,Сівалан
153886728,1998529,uk,Гампенг
153886805,1998530,uk,Сумурбер
153886882,1998531,uk,Серах
153886959,1998532,uk,Сукодоно
153887036,1998533,uk,Вонокерто
153887190,1998535,uk,Ловайю
153887421,1998538,uk,Петунг
153887498,1998539,uk,Имаан
153887575,1998540,uk,Мойопетунг
153887729,1998542,uk,Ментарас
153887806,1998543,uk,Тебувунг
153887883,1998544,uk,Йетис
153888037,1998546,uk,Бангеран
153888191,1998548,uk,Буланган
153888345,1998550,uk,Кемантрен
153888499,1998552,uk,Бутунган
153888576,1998553,uk,Тиременггал
153888653,1998554,uk,Прупух
153888730,1998555,uk,Сумампир
153889192,1998561,uk,Ардимулыо
153890886,1998583,uk,Цанга'ан
153891117,1998586,uk,Ласем
153891194,1998587,uk,Гупакан
153891348,1998589,uk,Кертосонопиланг
153891425,1998590,uk,Асемпапак
153891502,1998591,uk,Мойоасем
153891579,1998592,uk,Асеманис
153892118,1998599,uk,Кемедуран
153892811,1998608,uk,Баныулеги
153893504,1998617,uk,Госари
153893658,1998619,uk,Кебонагунг
153893735,1998620,uk,Карангрейо
153893812,1998621,uk,Кетапанг
153894043,1998624,uk,Боло
153894197,1998626,uk,Ваденг
153894274,1998627,uk,Самбипондок
153894428,1998629,uk,Глатик
153894505,1998630,uk,Сроуо
153894659,1998632,uk,Пурводаді
153894736,1998633,uk,Седагаран
153894813,1998634,uk,Пенгулу
153894890,1998635,uk,Кауман
153894967,1998636,uk,Мриыунан
153895044,1998637,uk,Бундеран
153895506,1998643,uk,Уоноцоыо Утара
153895737,1998646,uk,Нглебенг
153895968,1998649,uk,Крайан Нграмбинган
153897046,1998663,uk,Банйар
153898047,1998676,uk,Нгулунг Уетан
153899510,1998695,uk,Бангил
153900742,1998711,uk,Сенданг
153902128,1998729,uk,Депок
153902744,1998737,uk,Сундук
153903899,1998752,uk,Кетанггунг
153905516,1998773,uk,Сукорейо
153906363,1998784,uk,Нгангкрук
153907441,1998798,uk,Гаям
153907595,1998800,uk,Кертосоно
153908904,1998817,uk,Нгромо
153909443,1998824,uk,Талун
153909751,1998828,uk,Карангтенгах
153910136,1998833,uk,Пуыунг
153910521,1998838,uk,Сидомулыо
153910829,1998842,uk,Танггунг
153913601,1998878,uk,Пуле
153913755,1998880,uk,Плалар
153914756,1998893,uk,Бантенг
153915141,1998898,uk,Савахан
153917066,1998923,uk,Нгренцак
153917605,1998930,uk,Бунгур
153917759,1998932,uk,Кебонагунг
153918298,1998939,uk,Кебонсари
153918529,1998942,uk,Келор
153918837,1998946,uk,Баранг
153920069,1998962,uk,Гайахрейо Крайан
153920608,1998969,uk,Геданган
153920993,1998974,uk,Сумбергесинг Уетан
153921224,1998977,uk,Крайан Сидодади
153921532,1998981,uk,Рингинсари Крайан
153922610,1998995,uk,Арготирто Крайан
153922764,1998997,uk,Сумберманйинг Крайан
153923457,1999006,uk,Кедунгбантенг Крайан
153923842,1999011,uk,Крайан Харйокунцаран
153923919,1999012,uk,Йамберейо
153924612,1999021,uk,Рингин Кембар
153925613,1999034,uk,Донорейо
153925844,1999037,uk,Сидомулыо Кулон
153926306,1999043,uk,Віротаман
153926460,1999045,uk,Бонцис
153926922,1999051,uk,Секарбаныу
153927615,1999060,uk,Панггунгсари
153927923,1999064,uk,Сумберарум
153929540,1999085,uk,Сумберсарикрайан
153930233,1999094,uk,Сауур Тенгах
153930772,1999101,uk,Гампинган
153932235,1999120,uk,Пуруодади Лор
153932774,1999127,uk,Лебаксари
153933082,1999131,uk,Калиулинг
153933313,1999134,uk,Нграван
153933390,1999135,uk,Темпурсари
153933467,1999136,uk,Крайан Пундунгсари
153934006,1999143,uk,Крайан Темпурсари
153934237,1999146,uk,Глагахан
153934314,1999147,uk,Крайан Сату Б Лебакхарйо
153934776,1999153,uk,Пурорейо
153935161,1999158,uk,Умбулсари
153935469,1999162,uk,Тегалрейо
153936778,1999179,uk,Сумберуонгсо
153937163,1999184,uk,Сидомулыо
153937240,1999185,uk,Вотгаліх
153937471,1999188,uk,Танйунгрейо Лор
153937702,1999191,uk,Крайан Дуа Кетинг
153937856,1999193,uk,Игир-игир
153938087,1999196,uk,Сидомулыо
153938241,1999198,uk,Кратон
153939242,1999211,uk,Кепанйен
153939627,1999216,uk,Крайан Тенгах
153940551,1999228,uk,Крайан Тугурейо
153941013,1999234,uk,Брото
153941321,1999238,uk,Меликан
153941398,1999239,uk,Банггел
153941475,1999240,uk,Марон
153941860,1999245,uk,Крайан Менггаре
153942091,1999248,uk,Даванг
153942322,1999251,uk,Йатилингук
153942553,1999254,uk,Крайан Цалук
153942707,1999256,uk,Крайан Сенепо
153943631,1999268,uk,Дамплок
153944555,1999280,uk,Клатакан
153944709,1999282,uk,Кудо
153945094,1999287,uk,Габахан
153945248,1999289,uk,Белук
153945402,1999291,uk,Намбак Тенгах
153945787,1999296,uk,Бугис
153946172,1999301,uk,Тирон
153946480,1999305,uk,Мунунг
153947096,1999313,uk,Сетоно
153948636,1999333,uk,Крайан Мраыан
153948867,1999336,uk,Нгембел
153951177,1999366,uk,Крайан Селур
153952486,1999383,uk,Нглороган
153954334,1999407,uk,Гунунглинцингкрайан
153954719,1999412,uk,Карангдурен Дуа
153955335,1999420,uk,Кебонсари
153955720,1999425,uk,Кебонсари Кидул
153955951,1999428,uk,Рейосарикрайан
153956028,1999429,uk,Кесамбилеренкрайан
153956413,1999434,uk,Гренденкрайан Сату
153956490,1999435,uk,Кребеткрайан
153956875,1999440,uk,Урингинтелу
153957029,1999442,uk,Кедунгсумуркрайан
153957337,1999446,uk,Крайан А Уонорейо
153957414,1999447,uk,Крайан Ц Уонорейо
153957568,1999449,uk,Пуруохарйокрайан Сату
153957722,1999451,uk,Крайан Тимур Млокорейо
153957953,1999454,uk,Ампелдентокрайан
153958184,1999457,uk,Кебонан
153958492,1999461,uk,Йатисари
153958723,1999464,uk,Муненгкрайан
153959185,1999470,uk,Мойомулыокрайан
153959493,1999474,uk,Мойосарикрайан
153959878,1999479,uk,Крайан Пугер Уетан
153960032,1999481,uk,Кауман
153960802,1999491,uk,Кебонан
153961341,1999498,uk,Менампукрайан
153961803,1999504,uk,Крайан Лор Гумелар
153962573,1999514,uk,Сумберейо
153963189,1999522,uk,Гунунгсари
153963266,1999523,uk,Йогаран
153963574,1999527,uk,Лохонг
153964344,1999537,uk,Глунденганкрайан
153964652,1999541,uk,Тутул
153964883,1999544,uk,Крайан Лор Балунг Кулон
153964960,1999545,uk,Балунгкопи
153965576,1999553,uk,Кемунинг
153966038,1999559,uk,Дарунган
153966577,1999566,uk,Крайан Кертонегоро
153967116,1999573,uk,Пенитик
153967270,1999575,uk,Кебонсари
153967578,1999579,uk,Каранганыаркрайан
153968425,1999590,uk,Крайан Уетан Танйунгрейо
153968810,1999595,uk,Сумберан
153968964,1999597,uk,Кесилиркрайан
153969426,1999603,uk,Бонсари
153969965,1999610,uk,Самбирингкик
153970889,1999622,uk,Дукухсиа
153971274,1999627,uk,Рейосари Лор
153971351,1999628,uk,Цурахлеле Уетан
153972121,1999638,uk,Глудуг
153973738,1999659,uk,Дукух Дуа
153974200,1999665,uk,Андонгсари
153974277,1999666,uk,Кемунингсари
153975509,1999682,uk,Гугут
153976048,1999689,uk,Бангсалсари
153976202,1999691,uk,Лангкап
153976279,1999692,uk,Йетис
153976972,1999701,uk,Пецоро
153977588,1999709,uk,Сукорейо
153977896,1999713,uk,Сиракан Уетан
153978358,1999719,uk,Бедадунг Кулон
153978743,1999724,uk,Ровотамту
153979205,1999730,uk,Гумаванг
153979513,1999734,uk,Цурахарун
153979975,1999740,uk,Кратон
153980283,1999744,uk,Андонгрейо
153982054,1999767,uk,Канданган
153982439,1999772,uk,Рейоагунг
153982978,1999779,uk,Сидорукун
153983440,1999785,uk,Сумбербенинг
153983671,1999788,uk,Сукорейо
153983825,1999790,uk,Мулыосари
153985365,1999810,uk,Унгасан
153988214,1999847,uk,Пасирпанйанг
153988445,1999850,uk,Баран
153988522,1999851,uk,Телук Аир
153988753,1999854,uk,Тебинг
153988907,1999856,uk,Ватуагунг
153989138,1999859,uk,Кембангсоре
153989292,1999861,uk,Бесуки
153991756,1999893,uk,Крайан Цракен
153992064,1999897,uk,Нгулунг Кулон
153992218,1999899,uk,Масаран
153992449,1999902,uk,Тавінг
153992757,1999906,uk,Бендорото
153992911,1999908,uk,Пойок
153992988,1999909,uk,Пагергунунг
153994066,1999923,uk,Стасиун
153994143,1999924,uk,Мелаыа
153994836,1999933,uk,Нангакео
153995991,1999948,uk,Менала
153996068,1999949,uk,Гонтар
153996222,1999951,uk,Йамбеуанги
153996376,1999953,uk,Кедунгуунгу
153996838,1999959,uk,Пенунйак
153997146,1999963,uk,Баурунг
153998917,1999986,uk,Манггиссари
153999148,1999989,uk,Пенгкелакмас
153999225,1999990,uk,Сераыа
153999302,1999991,uk,Тампес
153999764,1999997,uk,Комбапари
154000072,2000001,uk,Патенг
154000534,2000007,uk,Далем
154001689,2000022,uk,Марокота
154001843,2000024,uk,Маредакалада
154002151,2000028,uk,Сориуту
154002921,2000038,uk,Тохонг
154003075,2000040,uk,Лаха
154003152,2000041,uk,були
154003229,2000042,uk,Вонтонг
154003383,2000044,uk,Лале
154003768,2000049,uk,Гандекан
154004076,2000053,uk,Секотонг Тенгах
154004153,2000054,uk,Гелумпанг
154004307,2000056,uk,Рато
154004384,2000057,uk,Цампа
154005770,2000075,uk,Лаируру
154006001,2000078,uk,Уаириндинг
154006155,2000080,uk,Палинди
154007002,2000091,uk,Сирнаресми
154007156,2000093,uk,Гурадог
154007310,2000095,uk,Кадумерак
154007849,2000102,uk,Сукацаи
154008003,2000104,uk,Секонг
154008157,2000106,uk,Цитарик
154008234,2000107,uk,Сангхианг
154008619,2000112,uk,Малати
154009081,2000118,uk,Ципанцар
154009466,2000123,uk,Кересек
154009620,2000125,uk,Гирийаыа
154010390,2000135,uk,Бантенг
154010467,2000136,uk,Тлогоуунгу
154010698,2000139,uk,Пури
154011006,2000143,uk,Лакбок
154011237,2000146,uk,Бате
154011391,2000148,uk,Муара
154011468,2000149,uk,Кадуманис
154011545,2000150,uk,Аваравар
154011699,2000152,uk,Мланги
154011853,2000154,uk,Куйунг
154011930,2000155,uk,Кранйи
154012007,2000156,uk,Кулуран
154012084,2000157,uk,Дибее
154012161,2000158,uk,Мертани
154012392,2000161,uk,Вонодаді
154012777,2000166,uk,Сумберманггис
154012854,2000167,uk,Глагахуеро
154012931,2000168,uk,Силодакон
154013008,2000169,uk,Силирагунг
154013470,2000175,uk,Йайар
154014625,2000190,uk,Крайан Сауахан
154014933,2000194,uk,Гадинг
154015241,2000198,uk,Марго Уетан
154015318,2000199,uk,Приги
154016011,2000208,uk,Тенггар
154016473,2000214,uk,Кетаванг
154017012,2000221,uk,Нгенанг
154017243,2000224,uk,Кампунг Бугис
154020323,2000264,uk,Крайан Пуру
154021016,2000273,uk,Црабак
154021632,2000281,uk,Крайан Пакел
154022941,2000298,uk,Турі
154024173,2000314,uk,Крайан Йохо
154024250,2000315,uk,Йохо
154024943,2000324,uk,Соко
154025405,2000330,uk,Крайан Прингапус
154025559,2000332,uk,Млоко
154026714,2000347,uk,Крайан Донгко
154026868,2000349,uk,Крайан Сики
154027253,2000354,uk,Крайан Петунг
154027715,2000360,uk,Крайан Нгердани
154028177,2000366,uk,Ватубаванг
154029640,2000385,uk,Карангсудо
154030179,2000392,uk,Саламуатес
154030410,2000395,uk,Пандеан
154031873,2000414,uk,Йатирейо
154032566,2000423,uk,Нгледок
154032643,2000424,uk,Сукорейо
154034029,2000442,uk,Тимаханкрайан
154034722,2000451,uk,Вонореджо
154035646,2000463,uk,Йайаркрайан
154037571,2000488,uk,Уотс
154037648,2000489,uk,Пойок
154041729,2000542,uk,Богоран
154041806,2000543,uk,Кадеманган
154042807,2000556,uk,Крайанталун Кулон
154042961,2000558,uk,Крадинан
154043115,2000560,uk,Нглампир
154043808,2000569,uk,Нгембел
154044424,2000577,uk,Сенден
154045733,2000594,uk,Танйунг
154045964,2000597,uk,Карангрейокрайан
154047042,2000611,uk,Ватуагунг
154047581,2000618,uk,Седаыугунунг
154050276,2000653,uk,Гелатик
154053972,2000701,uk,Гемахарйо
154054434,2000707,uk,Понггок
154055897,2000726,uk,Себо
154057822,2000751,uk,Вонокерто
154058361,2000758,uk,Таванг
154060825,2000790,uk,Сидем
154061826,2000803,uk,Крайан Тенггаран
154062673,2000814,uk,Ганду
154064290,2000835,uk,Крайан Пуцанганак
154064598,2000839,uk,Крайан Гадинг
154064752,2000841,uk,Блумбанг
154066677,2000866,uk,Крайан Нглинггис
154068217,2000886,uk,Гайах
154068756,2000893,uk,Крайан Суко Кидул
154069526,2000903,uk,Кембанг
154071374,2000927,uk,Крайан Каранганыар
154072144,2000937,uk,Пуле
154073145,2000950,uk,Йуйур
154073761,2000958,uk,Сумбердади
154074531,2000968,uk,Тегаренкрайан
154074762,2000971,uk,Прамбонкрайан
154075224,2000977,uk,Сентул
154075917,2000986,uk,Нгарес
154076610,2000995,uk,Крайан Уинонг
154077226,2001003,uk,Сукорейокрайан
154077611,2001008,uk,Банаранкрайан
154078073,2001014,uk,Паракан
154078458,2001019,uk,Рейоуинангун
154078843,2001024,uk,Суродакан
154079074,2001027,uk,Сумбергедонг
154079151,2001028,uk,Нгантрукрайан
154079767,2001036,uk,Сумберкрайан
154079844,2001037,uk,Булуагунг
154079998,2001039,uk,Нгентронг
154080306,2001043,uk,Кебон
154080999,2001052,uk,Тумпук
154081384,2001057,uk,Талун
154082154,2001067,uk,Бендо
154082231,2001068,uk,Нгуланкулонкрайан
154082770,2001075,uk,Таманан
154082847,2001076,uk,Келутан
154083386,2001083,uk,Крайан Керйо
154084233,2001094,uk,Рейосари
154085465,2001110,uk,Уади Кидул
154085696,2001113,uk,Нгепох
154085850,2001115,uk,Сокобантенг
154086158,2001119,uk,Банйар
154087005,2001130,uk,Краыен
154088237,2001146,uk,Дувет
154088545,2001150,uk,Йатипраху
154089161,2001158,uk,Йати
154089854,2001167,uk,Йатирейо
154091394,2001187,uk,Вонокойо
154091779,2001192,uk,Сувару
154092087,2001196,uk,Йуганг
154092318,2001199,uk,Манггис
154093011,2001208,uk,Суко Уетан
154093781,2001218,uk,Сохо
154095398,2001239,uk,Відоро
154095783,2001244,uk,Йедунг
154096476,2001253,uk,Телан
154097015,2001260,uk,Гандонг
154097323,2001264,uk,Самби
154097708,2001269,uk,Гомбанг
154097939,2001272,uk,Сукоаныар
154098093,2001274,uk,Сидомулыо
154098709,2001282,uk,Кроыо
154099171,2001288,uk,Багусан
154100018,2001299,uk,Кедунгбунтунг
154100095,2001300,uk,Бантенган
154100326,2001303,uk,Себалор
154100865,2001310,uk,Мергасур
154100942,2001311,uk,Цонтонг
154101096,2001313,uk,Сувару
154101173,2001314,uk,Нгунггахан
154101404,2001317,uk,Мулыо
154101635,2001320,uk,Бакалан
154102097,2001326,uk,Синггит
154102174,2001327,uk,Нглемпунг
154102790,2001335,uk,Гамбанг
154102944,2001337,uk,Санггар
154103021,2001338,uk,Соко
154103098,2001339,uk,Булус
154103406,2001343,uk,Гесикан
154103560,2001345,uk,Дунгкул
154103791,2001348,uk,Цампок
154104176,2001353,uk,Санан
154104330,2001355,uk,Гененган Кулон
154104869,2001362,uk,Нгранце
154105023,2001364,uk,Касреман Уетан
154105254,2001367,uk,Пецук
154105408,2001369,uk,Сувалух
154105870,2001375,uk,Бангунмулыо
154106486,2001383,uk,Кренгган
154106794,2001387,uk,Содо
154107025,2001390,uk,Гебанг
154107564,2001397,uk,Гендинган
154108026,2001403,uk,Церме Кидул
154108411,2001408,uk,Цампурйангганг
154108565,2001410,uk,Бангус Кулон
154108873,2001414,uk,Нгаыем
154109027,2001416,uk,Нгепох Кидул
154109643,2001424,uk,Нгрейо
154109951,2001428,uk,Бесоле
154110259,2001432,uk,Нгентронг
154110644,2001437,uk,Саво
154110798,2001439,uk,Геданган
154112415,2001460,uk,Кебоиренг
154112646,2001463,uk,Турус
154113108,2001469,uk,Бесуки Дуа
154113185,2001470,uk,Велахан
154113724,2001477,uk,Кундунг
154114571,2001488,uk,Боро
154115880,2001505,uk,Кедунгцангкринг
154116265,2001510,uk,Нгулан Уетан
154116496,2001513,uk,Тумпанг
154116958,2001519,uk,Йунгке
154117728,2001529,uk,Бронгках
154118113,2001534,uk,Цангкринган
154118421,2001538,uk,Ранду
154118575,2001540,uk,Паыаман
154118729,2001542,uk,Пандеан
154118883,2001544,uk,Пакис
154119191,2001548,uk,Сендангкемулиан
154119499,2001552,uk,Гадор
154119576,2001553,uk,Сидем
154119884,2001557,uk,Сумберейо
154122425,2001590,uk,Блендис
154122656,2001593,uk,Тиудан
154122887,2001596,uk,Клебен
154123426,2001603,uk,Болорейо
154123657,2001606,uk,Иронгганан
154123888,2001609,uk,Боненг
154124196,2001613,uk,Пуцанган
154124273,2001614,uk,Срабах
154124427,2001616,uk,Мойасари
154124889,2001622,uk,Йабон
154124966,2001623,uk,Сендунг
154125197,2001626,uk,Бебекан
154125428,2001629,uk,Нгренденг
154125505,2001630,uk,Бендунган
154125659,2001632,uk,Бендо
154125736,2001633,uk,Дами
154126044,2001637,uk,Кипинг
154126583,2001644,uk,Карангсари
154127122,2001651,uk,Карангтенгах
154127276,2001653,uk,Сепатан
154127430,2001655,uk,Дукух
154127584,2001657,uk,Гайах
154127661,2001658,uk,Гондосули
154128123,2001664,uk,Гемполан Уетан
154128354,2001667,uk,Кендал
154128508,2001669,uk,Теменггунган
154129124,2001677,uk,Баруклинтинг Дуа
154129817,2001686,uk,Нгленгконг
154130048,2001689,uk,Йайар
154130433,2001694,uk,Тертек
154130664,2001697,uk,Йабунг Уетан
154131049,2001702,uk,Танйунг Кидул
154131203,2001704,uk,Рандумерак
154131434,2001707,uk,Йабунгцанди Крайан
154131665,2001710,uk,Сидодади
154132127,2001716,uk,Калибунту
154132820,2001725,uk,Кебонагунг Крайан
154133051,2001728,uk,Брингинаном
154133128,2001729,uk,Парсех
154133359,2001732,uk,Алас Тенгах Крайан
154133821,2001738,uk,Груйуган
154133898,2001739,uk,Трасак
154133975,2001740,uk,Тентенан
154134052,2001741,uk,Барайалан
154134206,2001743,uk,Тоампар
154134283,2001744,uk,Ларанган
154134514,2001747,uk,Пандиыан
154134822,2001751,uk,Танахмерах
154134976,2001753,uk,Платок
154135669,2001762,uk,Раас
154136208,2001769,uk,Полаган Тенгах
154136978,2001779,uk,Теморлоронг
154137440,2001785,uk,Булаы
154137902,2001791,uk,Нампера
154138133,2001794,uk,Ронгронган
154138364,2001797,uk,Бирис Дайа
154138518,2001799,uk,Булунг
154138903,2001804,uk,Дасок
154138980,2001805,uk,Лобук
154139057,2001806,uk,Тандес
154139288,2001809,uk,Лембунг Тенгах
154139519,2001812,uk,Пласах
154140212,2001821,uk,Муртайих
154140905,2001830,uk,Карангдалам
154141213,2001834,uk,Кебон
154141290,2001835,uk,Дорбук Утара
154141829,2001842,uk,Муанг Сінг
154142445,2001850,uk,Йамбул
154142676,2001853,uk,Мор Лаок
154142830,2001855,uk,Ебон
154143138,2001859,uk,Бангкал
154144062,2001871,uk,Сурухан Кидул
154144601,2001878,uk,Банйар Семпиди
154144909,2001882,uk,Теранг
154145756,2001893,uk,Рора
154147065,2001910,uk,Вожа
154149452,2001941,uk,Пеныаринган
154149914,2001947,uk,Бангсринг
154150376,2001953,uk,Пакел
154150453,2001954,uk,Тегалпакис
154153841,2001998,uk,Тонггох
154154226,2002003,uk,Гиранг
154154611,2002008,uk,Веделан
154154688,2002009,uk,Йамбеан
154155304,2002017,uk,Беран
154155458,2002019,uk,Калідаве
154155535,2002020,uk,Пуцанглабан
154155612,2002021,uk,Нгени
154155689,2002022,uk,Мойорейо
154155997,2002026,uk,Бибис
154156382,2002031,uk,Сумбербунцис
154156690,2002035,uk,Бадеан
154156844,2002037,uk,Цурахкалонг
154157999,2002052,uk,Пусар
154162080,2002105,uk,Бандар Агунг
154177865,2002310,uk,Талангтинггл
154177942,2002311,uk,Талангматох
154178019,2002312,uk,Бумиуарас
154190570,2002475,uk,Умбулан Вевангтакал
154191186,2002483,uk,Умбулан Цендуи
154197731,2002568,uk,Котакаранг
154198578,2002579,uk,Пенгандонан
154200811,2002608,uk,Таланг Сабах
154201889,2002622,uk,Таланг Йауа
154204122,2002651,uk,Сунгаи Табак
154206124,2002677,uk,Таланг Пенгаринган
154209358,2002719,uk,Педангсирап
154209589,2002722,uk,Таланг Букит Лумбунг
154211591,2002748,uk,Бара Дату
154214748,2002789,uk,Таланг Маыан
154216750,2002815,uk,Таланг Кейадиан
154218213,2002834,uk,Негерисакти
154219368,2002849,uk,Марго Мулыо
154221447,2002876,uk,Синарпетеран
154221678,2002879,uk,Танйунг Харапан
154221986,2002883,uk,Сукаменанти
154222371,2002888,uk,Шрівіяя
154224758,2002919,uk,Каранг Мулыа
154226529,2002942,uk,Педатаран
154227068,2002949,uk,Лимбун Танйунгбату
154227838,2002959,uk,Пасар Банйит
154228685,2002970,uk,Маргомулыо
154233690,2003035,uk,Умбулан Калиагеурип
154234768,2003049,uk,Лебакбоыо
154235846,2003063,uk,Сумбер Агунг 2
154236847,2003076,uk,Умбулан Керантанг
154241005,2003130,uk,Негери Рату
154243469,2003162,uk,Умбулан Куыурепунг
154244239,2003172,uk,Килинг-Килинг
154246780,2003205,uk,Пематанг Рекона
154247396,2003213,uk,Румби
154248705,2003230,uk,Умбулан Тунггал
154249937,2003246,uk,Каранг Агунг
154253325,2003290,uk,Таланг Келунтум
154254403,2003304,uk,Пандан Йаыа
154256020,2003325,uk,Курунганныауа
154258176,2003353,uk,Срипадангбакти
154269341,2003498,uk,Маргорейо
154271035,2003520,uk,Котаагунг
154271651,2003528,uk,Таланг Улу
154273807,2003556,uk,Таланг Улак
154274192,2003561,uk,Буми Агунг
154275347,2003576,uk,Симпанг Луас
154275886,2003583,uk,Танйунгсетиа
154278427,2003616,uk,Умбулан Йерангканг
154280814,2003647,uk,Умбулан Сурбаыан
154282123,2003664,uk,Таланг Йембатан
154282893,2003674,uk,Гунунг Бесар
154287744,2003737,uk,Таланг Пематангкалуп
154292903,2003804,uk,Банйар Негара
154293442,2003811,uk,Таланг Хануринг
154293519,2003812,uk,Таланг Куда
154294058,2003819,uk,Цибодас
154294289,2003822,uk,Цаигеде
154296137,2003846,uk,Рейосари
154297523,2003864,uk,Кембанг Танйунгбарат
154298216,2003873,uk,Симпанг Прапау
154299987,2003896,uk,Синар Бантен
154300603,2003904,uk,Таланг Ханау
154301450,2003915,uk,Таланг Йаго
154303375,2003940,uk,Таланг Карангмулиа
154305223,2003964,uk,Оганлима
154310382,2004031,uk,Умбулан Капиак
154325397,2004226,uk,Банйар Агунг
154328708,2004269,uk,Кебон Писанг
154330017,2004286,uk,Танйунг Агунг
154330171,2004288,uk,Саунгнага
154330710,2004295,uk,Лаыа
154331711,2004308,uk,Таланг Кеманг
154332250,2004315,uk,Каранг Индах
154337717,2004386,uk,Гунунг
154338256,2004393,uk,Требунгонйур
154338333,2004394,uk,Груйуган
154338718,2004399,uk,Паренган Лаок
154339796,2004413,uk,Патапан
154340412,2004421,uk,Дуко
154340720,2004425,uk,Гунггух
154341105,2004430,uk,Ба'риги
154341336,2004433,uk,Бирса
154341644,2004437,uk,Сумбераыа Барат
154341721,2004438,uk,Кендал
154341952,2004441,uk,Саннип
154342106,2004443,uk,Сумбербатас
154343877,2004466,uk,Полаы Атас
154344493,2004474,uk,Тонггакйати
154344570,2004475,uk,Сумбербендо
154344647,2004476,uk,Погаг
154345725,2004490,uk,Бакбату
154346572,2004501,uk,Сумбернгерйат
154347573,2004514,uk,Кадур
154348035,2004520,uk,Панцоран
154349036,2004533,uk,Далеман Тенгах
154349267,2004536,uk,Гагах
154349421,2004538,uk,Мангкаан
154349652,2004541,uk,Колор
154350422,2004551,uk,Секолахан
154350653,2004554,uk,Тарабан Тимур
154351038,2004559,uk,Бертах
154351423,2004564,uk,Дууактенгги
154352732,2004581,uk,Батупутих
154353733,2004594,uk,Панггулан
154353887,2004596,uk,Сенданг Тимур
154353964,2004597,uk,Палаланг
154354272,2004601,uk,Будан Дайа
154354426,2004603,uk,Барак Лао
154355273,2004614,uk,Дадап
154355427,2004616,uk,Гедуган Барат
154358276,2004653,uk,Ледеуну
154358430,2004655,uk,Уйудима
154358969,2004662,uk,Маае
154359431,2004668,uk,Лобома
154359816,2004673,uk,Боги
154360586,2004683,uk,Уадукебо
154360971,2004688,uk,Лупе
154362357,2004706,uk,Данираи
154363358,2004719,uk,Пара
154364667,2004736,uk,Ледераба
154365822,2004751,uk,Лобоае
154366592,2004761,uk,Динитити
154367131,2004768,uk,Раелиу
154367593,2004774,uk,Убайами
154369441,2004798,uk,Уадуано
154369672,2004801,uk,Раехаву
154371366,2004823,uk,Даирити
154371751,2004828,uk,Лигу
154373291,2004848,uk,Раемуде
154375447,2004876,uk,Раеналулу
154377988,2004909,uk,Аимадамодо
154378142,2004911,uk,Лариуаыедду
154378604,2004917,uk,Као
154379990,2004935,uk,Пуди
154381530,2004955,uk,Мехона
154381915,2004960,uk,Дуку
154382069,2004962,uk,Раєвовіу
154383147,2004976,uk,Данидехе
154383686,2004983,uk,Геланалалу
154383840,2004985,uk,Ленакапа
154384687,2004996,uk,Вадувала
154386073,2005014,uk,Нахура
154387305,2005030,uk,Вадукеворе
154387382,2005031,uk,Еикапака
154389538,2005059,uk,Раепейа
154391001,2005078,uk,Раейеру
154391617,2005086,uk,Пададуе
154392849,2005102,uk,Дживувуу
154395236,2005133,uk,Кейоболоко
154395390,2005135,uk,Гулухаву
154396160,2005145,uk,Болоу
154396930,2005155,uk,Унукуме
154399009,2005182,uk,Йарада
154399317,2005186,uk,Лобома
154400549,2005202,uk,Локорае
154402705,2005230,uk,Ларигола
154403013,2005234,uk,Еилау
154404630,2005255,uk,Праилаба
154404707,2005256,uk,Кахабе
154405323,2005264,uk,Даикела
154406709,2005282,uk,Гопо
154406863,2005284,uk,Парайара
154407710,2005295,uk,Адуоен
154408018,2005299,uk,Мбата
154410097,2005326,uk,Оло
154411868,2005349,uk,Ангсана Тимур
154412484,2005357,uk,Ковель
154412869,2005362,uk,Банграт
154413100,2005365,uk,Масаран
154413177,2005366,uk,Пордапор Барат
154413947,2005376,uk,Сабитак
154414178,2005379,uk,Пренгтале
154414717,2005386,uk,Банлапа
154415333,2005394,uk,Бракас
154415872,2005401,uk,Мронги Дайа
154416103,2005404,uk,Кетапанг Дайа
154416257,2005406,uk,Галис Дуа
154416950,2005415,uk,Тимурлеке
154418028,2005429,uk,Батойаран
154418721,2005438,uk,Прагаан
154419337,2005446,uk,Масйид
154419491,2005448,uk,Дуко
154419799,2005452,uk,Сумберкиндаган
154421031,2005468,uk,Таламбунг Лаок
154421108,2005469,uk,Нага
154421262,2005471,uk,Панггунгдайа
154422263,2005484,uk,Барру
154423110,2005495,uk,Мангар
154423880,2005505,uk,Кебунан
154423957,2005506,uk,Карангйати
154424034,2005507,uk,Дайалоронг
154425189,2005522,uk,Сумберпандан
154425266,2005523,uk,Биыан
154425882,2005531,uk,Йамбумоныет
154425959,2005532,uk,Дайасонгаи
154426113,2005534,uk,Лоаксонгаи
154426267,2005536,uk,Пакацанган
154426575,2005540,uk,Сасар
154428038,2005559,uk,Тамань
154428346,2005563,uk,Солок
154428885,2005570,uk,Песисир
154429655,2005580,uk,Седеоен
154430194,2005587,uk,Тунггаоен Тимур
154430348,2005589,uk,Оемау
154431349,2005602,uk,Летеки
154431580,2005605,uk,Оебоу
154433274,2005627,uk,Оелаба
154434737,2005646,uk,Нетенаин
154435661,2005658,uk,Оетутулул
154436354,2005667,uk,Оебаффок Сату
154436662,2005671,uk,Модосинал
154437047,2005676,uk,Котафеук
154437201,2005678,uk,Фаеанак Дуа
154438818,2005699,uk,Лидор
154439511,2005708,uk,Лалукоен Дуа
154440281,2005718,uk,Оеханди Утара
154440512,2005721,uk,Роиоен
154442206,2005743,uk,Инггудале
154443053,2005754,uk,Батутуа
154443130,2005755,uk,Батутуа Сату
154444439,2005772,uk,Оемаулаин
154445132,2005781,uk,Деранитан
154446287,2005796,uk,Лаес
154446749,2005802,uk,Гаыабару
154447288,2005809,uk,Нггалаи Барат
154447981,2005818,uk,Оебату
154448212,2005821,uk,Соуктуанан
154449059,2005832,uk,Бусалангга
154451831,2005868,uk,Лекик
154452293,2005874,uk,Асамбока
154453217,2005886,uk,Санггаоен
154454911,2005908,uk,Метина
154455296,2005913,uk,Потикосин
154456297,2005926,uk,Оелунггу Сату
154457298,2005939,uk,Алукама
154457991,2005948,uk,Ликиоен
154458684,2005957,uk,Сукараме
154458915,2005960,uk,Калангмангга
154459069,2005962,uk,Тамань
154459454,2005967,uk,Лобук
154459839,2005972,uk,Пагарбату
154461379,2005992,uk,Нггенамадале
154463997,2006026,uk,Оеле
154465075,2006040,uk,Фолаоен Сату
154465383,2006044,uk,Колоболон
154468386,2006083,uk,Колла
154468694,2006087,uk,Моманалу
154470311,2006108,uk,Нитанггоенг
154470850,2006115,uk,Пуамата
154472698,2006139,uk,Батулилок Сату
154473314,2006147,uk,Бенгубелан
154473622,2006151,uk,Падусан
154473699,2006152,uk,Патенонган
154473776,2006153,uk,Талбантал
154474238,2006159,uk,Пасаркаыу
154474315,2006160,uk,Масйид
154474392,2006161,uk,Йененган
154474469,2006162,uk,Палебунан
154475162,2006171,uk,Береклоронг
154475316,2006173,uk,Цемара
154475393,2006174,uk,Пенату
154475855,2006180,uk,Каранганыар
154475932,2006181,uk,Мецадан
154476625,2006190,uk,Кебункелапа
154477010,2006195,uk,Падурексо
154477087,2006196,uk,Сумурасин
154478088,2006209,uk,Таланго
154478627,2006216,uk,Лембана
154480706,2006243,uk,Мандала
154480783,2006244,uk,Дарб Мавар
154483170,2006275,uk,Даеосин Сату
154483247,2006276,uk,Биук
154483401,2006278,uk,Паобулан
154483478,2006279,uk,Тимурембонг
154483786,2006283,uk,Калкал Барат
154483940,2006285,uk,Панйун
154485018,2006299,uk,Балунг Барат
154485249,2006302,uk,Гинтонган
154485480,2006305,uk,Дуарампак
154485711,2006308,uk,Коол Тенгах
154485865,2006310,uk,Себух
154486096,2006313,uk,Троган Барат
154486481,2006318,uk,Раас
154486558,2006319,uk,Мурсаба
154486635,2006320,uk,Моарах Барат
154486866,2006323,uk,Лебак Тимур
154487405,2006330,uk,Полонган Дайа
154487482,2006331,uk,Карангасем Лаок
154487559,2006332,uk,Макан
154488329,2006342,uk,Кетампак
154488791,2006348,uk,Та'аныар
154489099,2006352,uk,Карангпао
154489330,2006355,uk,Тамбегган Сату
154489484,2006357,uk,Цендагах
154489561,2006358,uk,Бербелук Тимур
154490023,2006364,uk,Мангкон Дайа
154490177,2006366,uk,Макамагунг
154490331,2006368,uk,Длемер
154490485,2006370,uk,Лаїнг
154491332,2006381,uk,Карангдууак
154491717,2006386,uk,Лаокгунунг
154492025,2006390,uk,Гунунгембек
154492179,2006392,uk,Омбул Барат
154492949,2006402,uk,Маыоен
154493257,2006406,uk,Толемамен
154494181,2006418,uk,Несубату
154495567,2006436,uk,Фукадале
154497877,2006466,uk,Бебенгу
154498570,2006475,uk,Пуан Селатан
154499802,2006491,uk,Канданг
154500033,2006494,uk,Басен
154500110,2006495,uk,Дороагунг
154500341,2006498,uk,Рангнасан
154500726,2006503,uk,Батамбак
154500880,2006505,uk,Сахпласах
154501111,2006508,uk,Баратлеке
154501342,2006511,uk,Йератмалинг
154501419,2006512,uk,Масаран
154501496,2006513,uk,Песисир
154502112,2006521,uk,Батор
154502189,2006522,uk,Партекер
154502574,2006527,uk,Балонг
154502651,2006528,uk,Тенггун Дайах
154502805,2006530,uk,Биремпа
154502882,2006531,uk,Ларанганглинтонг
154502959,2006532,uk,Каранг
154503113,2006534,uk,Йелеук
154503344,2006537,uk,Сабунган
154503498,2006539,uk,Марлабенг
154503806,2006543,uk,Лендан
154504422,2006551,uk,Ройинг
154504961,2006558,uk,Бинданг
154505346,2006563,uk,Глугур
154505500,2006565,uk,Амбат
154506424,2006577,uk,Рокем
154506809,2006582,uk,Браганг Тенгах
154506886,2006583,uk,Дангколор
154507117,2006586,uk,Накайах
154507194,2006587,uk,Лабанг
154507271,2006588,uk,Лонгка
154507964,2006597,uk,Тербух
154508118,2006599,uk,Паленггихан
154508272,2006601,uk,Биларонган
154508426,2006603,uk,Гибанг
154509273,2006614,uk,Пакес
154509735,2006620,uk,Коронганаыам
154510043,2006624,uk,Торсерайах
154510505,2006630,uk,Кенамоен
154511506,2006643,uk,Хаилеан
154512507,2006656,uk,Карафао
154514201,2006678,uk,Оесути Дуа
154514663,2006684,uk,Лололаин
154515125,2006690,uk,Суа
154516126,2006703,uk,Совау
154516203,2006704,uk,Байо
154516896,2006713,uk,Туанаи
154519129,2006742,uk,Баеоен
154519591,2006748,uk,Талон
154520053,2006754,uk,Рукгарук
154520284,2006757,uk,Мандепа Барат
154521208,2006769,uk,Лобук
154521516,2006773,uk,Тимур
154521747,2006776,uk,Темана
154522132,2006781,uk,Пангаланган
154522209,2006782,uk,Морйадах
154522363,2006784,uk,Дангках
154523056,2006793,uk,Педаринган
154523518,2006799,uk,Пакпак
154523749,2006802,uk,Короган Тимур
154524288,2006809,uk,Масйид
154525520,2006825,uk,Буланйанг
154525674,2006827,uk,Лонгкак
154526675,2006840,uk,Кербуыан
154527291,2006848,uk,Сресех
154527522,2006851,uk,Дангбигих
154527676,2006853,uk,Дангбигих
154528600,2006865,uk,Нонгмонце
154529216,2006873,uk,Сумурдалем
154529678,2006879,uk,Танахмерах
154529909,2006882,uk,Сокадан
154530217,2006886,uk,Рангмантен
154530371,2006888,uk,Пасесех
154531141,2006898,uk,Тебанах
154531295,2006900,uk,Йатребунг
154531526,2006903,uk,Бейтс
154531603,2006904,uk,Каранг Тенгах
154532912,2006921,uk,Каисалун
154533066,2006923,uk,Инудапа
154533220,2006925,uk,Батакте
154533451,2006928,uk,Оенесу
154533528,2006929,uk,Лути
154533605,2006930,uk,Сокон
154534991,2006948,uk,Кламик
154535222,2006951,uk,Баитани
154535299,2006952,uk,Онанбалу
154535761,2006958,uk,Уиаса
154536454,2006967,uk,Отан
154536685,2006970,uk,Кобтаун
154537224,2006977,uk,Тете
154537301,2006978,uk,Уитао
154537378,2006979,uk,Хуилелот
154538071,2006988,uk,Пиаклаин
154538610,2006995,uk,Котадале
154538687,2006996,uk,Пасирпанйанг
154538764,2006997,uk,Тодекисар
154538841,2006998,uk,Фатуфето
154538995,2007000,uk,Мукифето
154539072,2007001,uk,Киуцаблес
154539303,2007004,uk,Тасикона
154539996,2007013,uk,Туанак
154540535,2007020,uk,Оематнуну
154541305,2007030,uk,Сумлили
154542152,2007041,uk,Тимон
154542999,2007052,uk,Ниса
154543538,2007059,uk,Бонипои
154543615,2007060,uk,Солор
154543692,2007061,uk,Фонтеин
154543769,2007062,uk,Мердека
154543846,2007063,uk,Оетете
154543923,2007064,uk,Оеба
154544154,2007067,uk,Оебуфу
154544308,2007069,uk,Оебобо
154544385,2007070,uk,Куанино
154544462,2007071,uk,Наикотен Дуа
154544539,2007072,uk,Аирнона
154544616,2007073,uk,Аирмата
154544693,2007074,uk,Мантаси
154544770,2007075,uk,Манутапен
154544847,2007076,uk,Нунхила
154544924,2007077,uk,Нунбаунделха
154545001,2007078,uk,Нунбаунсабу
154545155,2007080,uk,Алак
154545463,2007084,uk,Аирсагу
154545540,2007085,uk,Бакунасе
154546002,2007091,uk,Оепура
154546464,2007097,uk,Боник
154547003,2007104,uk,Табун
154548543,2007124,uk,Куанхеум
154548774,2007127,uk,Болок
154548928,2007129,uk,Куан Сау
154549775,2007140,uk,Фатукоа
154549929,2007142,uk,Лаи Лаи Биси Копан
154551161,2007158,uk,Брингин
154552624,2007177,uk,Пайунг
154553086,2007183,uk,Непа
154553317,2007186,uk,Лонгсленг
154553548,2007189,uk,Рамарам
154553625,2007190,uk,Масаран
154553933,2007194,uk,Сембунг
154554780,2007205,uk,Мандеман Даыа
154555011,2007208,uk,Капасан
154555473,2007214,uk,Масаран
154555627,2007216,uk,Тлагах Тимур
154556012,2007221,uk,Морбатох
154556243,2007224,uk,Пандиан
154556320,2007225,uk,Миниан
154557090,2007235,uk,Корбукор
154557167,2007236,uk,Тебанах
154558476,2007253,uk,Тіара
154559554,2007267,uk,Себеген
154560016,2007273,uk,Тапаан Тимур
154560093,2007274,uk,Тапосан
154560555,2007280,uk,Галис
154560786,2007283,uk,Тенггина Даыа
154560940,2007285,uk,Батеке
154561248,2007289,uk,Баих
154562865,2007310,uk,Киупакас
154563019,2007312,uk,Оекона
154563712,2007321,uk,Ноетефа
154564328,2007329,uk,Куафеу
154564482,2007331,uk,Таненофунан
154564636,2007333,uk,Обен
154564713,2007334,uk,Нонпуах
154564944,2007337,uk,Бието
154565868,2007349,uk,Соба
154566946,2007363,uk,Оери'у
154567023,2007364,uk,Сонаф
154567947,2007376,uk,Йолме Саліан
154568948,2007389,uk,Потибаун
154569718,2007399,uk,Сумбербакти
154569949,2007402,uk,Дук Тимур
154570103,2007404,uk,Гилин
154570334,2007407,uk,Тетеан
154570411,2007408,uk,Дурганг
154570565,2007410,uk,Кендунг Тимур
154570873,2007414,uk,Рагунг
154571335,2007420,uk,Пробунган
154571643,2007424,uk,Йалгунг
154571874,2007427,uk,Дербинг
154572567,2007436,uk,Дампол
154573799,2007452,uk,Тамань
154574030,2007455,uk,Соррен Даыа
154574800,2007465,uk,Клембак
154575801,2007478,uk,Кемерех
154575955,2007480,uk,Тенгах
154576186,2007483,uk,Тенгах
154577957,2007506,uk,Кемири Даыа
154579035,2007520,uk,Лекедалем
154580267,2007536,uk,Нангер
154580960,2007545,uk,Бунгкедук
154581499,2007552,uk,Батуленгер Барат
154581807,2007556,uk,Біра
154582654,2007567,uk,Дууаккандунг
154583655,2007580,uk,Копок
154583809,2007582,uk,Палеценан
154584425,2007590,uk,Комбанган
154585195,2007600,uk,Пангтангис Дайах
154586658,2007619,uk,Кранйих
154587197,2007626,uk,Сецанг Барат
154588044,2007637,uk,Нонгкесан
154588583,2007644,uk,Букбатанг
154588737,2007646,uk,Пандеыан
154589738,2007659,uk,Калебун
154590046,2007663,uk,Номих
154590354,2007667,uk,Лонпао Дайах
154590662,2007671,uk,Бабан
154591586,2007683,uk,Нунутба
154592279,2007692,uk,Наимата
154592510,2007695,uk,Лилиба
154592895,2007700,uk,Колхуа
154593049,2007702,uk,Туалеу
154593973,2007714,uk,Пенфуи
154594281,2007718,uk,Коелноах
154595590,2007735,uk,Ласиана
154596283,2007744,uk,Оелтуа
154597053,2007754,uk,Мекон
154597438,2007759,uk,Тарус
154598362,2007771,uk,Коломану
154598593,2007774,uk,Оехани
154598747,2007776,uk,Оекуси
154599286,2007783,uk,Киутета
154601057,2007806,uk,Бийаенака
154601827,2007816,uk,Санголенг
154602289,2007822,uk,Брумбунг Лаок
154602674,2007827,uk,Рапас
154603367,2007836,uk,Тимур Дайах
154603752,2007841,uk,Рокем Барат
154604445,2007850,uk,Данпатех
154604599,2007852,uk,Вакдува Барат
154605292,2007861,uk,Преги
154605831,2007868,uk,Тенгах
154606062,2007871,uk,Тенгах
154606370,2007875,uk,Теланги Сату
154606447,2007876,uk,Гунунгтенгах
154607063,2007884,uk,Оро Тимур
154609758,2007919,uk,Лаокгунунг
154610682,2007931,uk,Йантен
154610836,2007933,uk,Патемон
154611144,2007937,uk,Пасесет Тимур
154611529,2007942,uk,Ланпелан
154611606,2007943,uk,Масаран
154612453,2007954,uk,Тороы
154612915,2007960,uk,Лангдуланг
154613069,2007962,uk,Йунгйанг
154613531,2007968,uk,Дуко
154614070,2007975,uk,Паоласен
154615533,2007994,uk,Батуна Сату
154617227,2008016,uk,Сонраен
154617535,2008020,uk,Бураен
154618382,2008031,uk,Хабо
154619075,2008040,uk,Оекуу
154620461,2008058,uk,Макуни
154620692,2008061,uk,Оесуу
154621231,2008068,uk,Кампунгбару
154621308,2008069,uk,Банупо
154622463,2008084,uk,Нис'они
154622617,2008086,uk,Куанхеум
154625004,2008117,uk,Фуан
154625620,2008125,uk,Мукиото
154625774,2008127,uk,Хаусиси
154625928,2008129,uk,Оибиоин
154626698,2008139,uk,Понаин
154627083,2008144,uk,Кампунгбару
154627237,2008146,uk,Оетета
154627622,2008151,uk,Биполо
154627699,2008152,uk,Куафеу
154627930,2008155,uk,Бисфено
154628546,2008163,uk,Нункурус
154628623,2008164,uk,Падангбрингин
154629239,2008172,uk,Туапукан
154629316,2008173,uk,Санггандоло
154629470,2008175,uk,Мердека
154629701,2008178,uk,Таклале
154629778,2008179,uk,Наибонат
154630625,2008190,uk,Наифало
154630933,2008194,uk,Оелбитено
154633089,2008222,uk,Сиумате
154635476,2008253,uk,Тунмуних
154637093,2008274,uk,Наиколан
154637324,2008277,uk,Оенаек
154638017,2008286,uk,Оелкуку
154640096,2008313,uk,Муке
154642098,2008339,uk,Оенунтоно
154642329,2008342,uk,Оемофа
154643253,2008354,uk,Цигангса
154643407,2008356,uk,Пасир Бунгур
154643638,2008359,uk,Цангкренг
154643869,2008362,uk,Бандунган Тимур
154644716,2008373,uk,Берингин
154644793,2008374,uk,Йепон
154645794,2008387,uk,Комес
154645948,2008389,uk,Биламабук
154646256,2008393,uk,Гуа
154646795,2008400,uk,Кокембанг
154648027,2008416,uk,Ден Тимур
154648874,2008427,uk,Дууакбутер
154649259,2008432,uk,Ланггуланг
154649952,2008441,uk,Сампарна
154650183,2008444,uk,Дурбуган
154650491,2008448,uk,Пакис
154651107,2008456,uk,Пандан
154653417,2008486,uk,Цанди
154653571,2008488,uk,Гунунгтунггал
154653648,2008489,uk,Терес
154653725,2008490,uk,Наекан
154654418,2008499,uk,Педатар Тимур
