id,city_id,language_key,name
172239072,2236872,be,Лаунгі Хурд
172239149,2236873,be,Пипли
172239457,2236877,be,Йанапур
172239688,2236880,be,Камапур
172239919,2236883,be,Райанпур
172240227,2236887,be,Нилай
172240304,2236888,be,Амгаон
172240381,2236889,be,Нисхти
172240535,2236891,be,Текари
172241305,2236901,be,Коцххит
172241382,2236902,be,Котва
172241613,2236905,be,Чыхлі
172241690,2236906,be,Бхуыар
172241767,2236907,be,Медхегаон
172241844,2236908,be,Дхакунди
172241921,2236909,be,Какепар
172241998,2236910,be,Рохна
172242075,2236911,be,Колари
172242152,2236912,be,Сатхгаон
172242229,2236913,be,Бамхни Дхай
172242383,2236915,be,Панйрепар
172242460,2236916,be,Хайры
172242537,2236917,be,Айгаон
172242614,2236918,be,Пацхгаон
172242691,2236919,be,Яўлаборы
172242845,2236921,be,Дахегаон
172242922,2236922,be,Джхары
172242999,2236923,be,Кавадзі
172243076,2236924,be,Асола
172243153,2236925,be,Хирапур
172243230,2236926,be,Лохара
172243384,2236928,be,Корамби
172243461,2236929,be,Донгаргаон
172243615,2236931,be,Дома
172243846,2236934,be,Наватала
172244077,2236937,be,Хума
172244154,2236938,be,Мангрур
172244231,2236939,be,Харбі
172244539,2236943,be,Касарла
172244616,2236944,be,Пендхри
172244693,2236945,be,Ренгатур
172244847,2236947,be,Бамхни
172244924,2236948,be,Мангли
172245001,2236949,be,Банвахі
172245078,2236950,be,Бикли
172245155,2236951,be,Сирсола
172245232,2236952,be,Вайгаон
172245309,2236953,be,Тханегаон
172245463,2236955,be,Гудегаон
172245540,2236956,be,Кхаткхера
172245694,2236958,be,Нандикхера
172245771,2236959,be,Синдхи
172245848,2236960,be,Седисомнала
172245925,2236961,be,Кхокри Дхораф
172246079,2236963,be,Канхаргаон
172246156,2236964,be,Пахарни
172246233,2236965,be,Цханди
172246387,2236967,be,Салебхатти
172246464,2236968,be,Телимендха
172246541,2236969,be,Мхасли
172246618,2236970,be,Вилам
172246695,2236971,be,Котхална
172246772,2236972,be,Котгаон
172246926,2236974,be,Цхикмара
172247003,2236975,be,Ботхли
172247234,2236978,be,Кордха
172247311,2236979,be,Бхикесхуар
172247465,2236981,be,Минтхур
172247542,2236982,be,Ранпарсори
172247696,2236984,be,Тиуарла Тукм
172247850,2236986,be,Уасала Макта
172247927,2236987,be,Миндала
172248081,2236989,be,Кодепар
172248158,2236990,be,Китари Мендха
172248235,2236991,be,Цхиндхи
172248697,2236997,be,Садипур
172249159,2237003,be,Гаура Патани
172250006,2237014,be,Умра
172250237,2237017,be,Дар'яван
172251007,2237027,be,Пипри
172251931,2237039,be,Канпа
172253779,2237063,be,Асрафпур
172254549,2237073,be,Ранйитпур
172254703,2237075,be,Цхандипур
172255088,2237080,be,Бхадаур
172255319,2237083,be,Навада
172255396,2237084,be,Бхаидпур
172255935,2237091,be,Дадра
172256782,2237102,be,Пура Пахлуан
172257244,2237108,be,Матха Бхусунда
172257706,2237114,be,Гунаур
172258630,2237126,be,Пура Парвані
172258784,2237128,be,Бхути Пуруа
172259400,2237136,be,Нагесарганй
172259862,2237142,be,Кисхндаспур
172260093,2237145,be,Хансапур
172260324,2237148,be,Бхикхипур
172260786,2237154,be,Саходарпур
172261094,2237158,be,Дхараули
172261171,2237159,be,Цхандапур
172262634,2237178,be,Бисара Пураб
172262711,2237179,be,Бісара Паччхім
172263327,2237187,be,Нандаур
172263635,2237191,be,Паллупур
172263712,2237192,be,Мубарикпур
172263866,2237194,be,Барна
172263943,2237195,be,Рудаули
172264251,2237199,be,Пура Тывары
172264328,2237200,be,Пура Праг
172265560,2237216,be,Пура Мухамад Наваз
172265868,2237220,be,Гулалпур
172266176,2237224,be,Цхогахпур
172266330,2237226,be,Ситалпур
172267485,2237241,be,Схамсхера
172267639,2237243,be,Йагаипур
172268332,2237252,be,Дархі Дых
172269102,2237262,be,Тилокипур
172269718,2237270,be,Рамсхахпур
172271104,2237288,be,Бхауанипур
172271566,2237294,be,Усмапур
172271797,2237297,be,Паниар
172272028,2237300,be,Кешапур
172272875,2237311,be,Хархарпур
172273106,2237314,be,Сураон
172274184,2237328,be,Дубепур
172275339,2237343,be,Пурабгаон
172275955,2237351,be,Йалама
172276879,2237363,be,Раджапур
172277187,2237367,be,Канаксингхпур
172277572,2237372,be,Цхандоки
172278188,2237380,be,Мехмау
172278650,2237386,be,Дих
172280267,2237407,be,Махолі
172280344,2237408,be,Нидура
172280652,2237412,be,Гобіндпур
172280729,2237413,be,Махараджпур
172281268,2237420,be,Рамнагар
172281422,2237422,be,Пуруа Бени
172282269,2237433,be,Лаўхарыя
172282423,2237435,be,Саини
172282962,2237442,be,Арваль
172283039,2237443,be,Малпур
172284887,2237467,be,Нандаулі
172285349,2237473,be,Усра
172285657,2237477,be,Аламау
172285811,2237479,be,Патела
172286581,2237489,be,Бхауанипур
172287274,2237498,be,Касба Мафиат
172287736,2237504,be,Чарая
172288121,2237509,be,Пуруа Тулсирам
172288352,2237512,be,Натаули
172288583,2237515,be,Кальянпур
172288737,2237517,be,Сифлипур
172289122,2237522,be,Нарсара
172289199,2237523,be,Дургапур
172289661,2237529,be,Нанда
172290662,2237542,be,Сукхбадери
172290970,2237546,be,Дандва
172291355,2237551,be,Низамуддинпур
172291894,2237558,be,Мухиуддинпур
172292279,2237563,be,Расулабад
172292818,2237570,be,Цхак Кари Бхит
172293357,2237577,be,Гангапур
172293742,2237582,be,Балайпур
172294127,2237587,be,Тыварыпур
172295051,2237599,be,Раингархи
172295205,2237601,be,Наротампур
172295436,2237604,be,Гангапур
172295667,2237607,be,Пура Джурай
172295744,2237608,be,Джамвары
172295898,2237610,be,Пура Рагху
172296283,2237615,be,Мана Маданпур
172296437,2237617,be,Утар Пати
172296668,2237620,be,Кастхуни Пураб
172297438,2237630,be,Пура Тывары
172298131,2237639,be,Пура Танда
172298824,2237648,be,Пуре Бараи
172298901,2237649,be,Упадхиапур
172299517,2237657,be,Пура Бхолай
172300595,2237671,be,Бахмарпур
172301134,2237678,be,Пура Ладай
172301904,2237688,be,Митхнипур
172301981,2237689,be,Пахраули
172302674,2237698,be,Валіпур
172303059,2237703,be,Дарыапур
172303136,2237704,be,Усры
172303598,2237710,be,Уцхгаон
172304291,2237719,be,Пуруа Бехари
172304830,2237726,be,Наритир
172304907,2237727,be,Санибхар
172305138,2237730,be,Бабури
172305523,2237735,be,Майхна
172307679,2237763,be,Рампур
172307987,2237767,be,Хайипатти
172308449,2237773,be,Курари Хирсхах
172308526,2237774,be,Курари Лацххан Схах
172310297,2237797,be,Бхати
172310759,2237803,be,Пура Дубэ
172311067,2237807,be,Карамцхандпур
172311144,2237808,be,Букунпур
172311221,2237809,be,Рампур
172313223,2237835,be,Тулсипур
172313531,2237839,be,Пурва Садхай
172313608,2237840,be,Пурва Хазары
172313916,2237844,be,Сонбарса
172314224,2237848,be,Лакхета Мафи
172317073,2237885,be,Канехти
172318228,2237900,be,Садрабхари
172318459,2237903,be,Нінаван
172319229,2237913,be,Багаўна
172319537,2237917,be,Пурва Рамбахш
172319614,2237918,be,Пуруа Касги
172319999,2237923,be,Йабарганй
172321924,2237948,be,Сатахри
172323310,2237966,be,Раніпур
172323618,2237970,be,Барсанван
172323695,2237971,be,Дауно
172324080,2237976,be,Раинапур
172324157,2237977,be,Йагдиспур
172324388,2237980,be,Мау
172324542,2237982,be,Баданпур
172326775,2238011,be,Піпаргаон
172327237,2238017,be,Бамхраулі
172329316,2238044,be,Цхакмуси
172329855,2238051,be,Химнапур
172330933,2238065,be,Азизпур
172331087,2238067,be,Сараян Мафі
172332088,2238080,be,Агаи
172332473,2238085,be,Рампуртхуан
172333551,2238099,be,Кута
172334398,2238110,be,Бинаикпур
172335399,2238123,be,Брасин
172336246,2238134,be,Тыварыпур
172336862,2238142,be,Доманпур
172339403,2238175,be,Усраули
172340558,2238190,be,Чандаур
172340943,2238195,be,Бахлолпур
172341559,2238203,be,Пура Лаки
172342945,2238221,be,Айхуи
172343330,2238226,be,Дхарупур
172344023,2238235,be,Харнампур
172345178,2238250,be,Сурйипур
172345255,2238251,be,Камалпур
172345948,2238260,be,Карампур
172346795,2238271,be,Цханделипур
172347257,2238277,be,Нархарпур
172348027,2238287,be,Гархупур
172348104,2238288,be,Пікаура
172348489,2238293,be,Маниарпур
172348643,2238295,be,Партабпур
172349259,2238303,be,Пуре Далел
172349413,2238305,be,Парсипур
172350029,2238313,be,Йагдиспур
172350106,2238314,be,Дэвалпур
172351184,2238328,be,Хардиыа
172351415,2238331,be,Гангапур
172351492,2238332,be,Дехрампур
172352955,2238351,be,Пуруа Нандиал
172353725,2238361,be,Палиа
172354726,2238374,be,Дакхингаон
172355188,2238380,be,Пуре Гхаманди
172355419,2238383,be,Кушыары
172355650,2238386,be,Гиргита
172355727,2238387,be,Сонбары
172355958,2238390,be,Дуни
172356035,2238391,be,Пхутихари
172356189,2238393,be,Махадвары
172356497,2238397,be,Нандгур
172356574,2238398,be,Манда Тукм
172356651,2238399,be,Цхироли
172357036,2238404,be,Татэвахі
172357498,2238410,be,Цхицхоли
172357575,2238411,be,Катван
172357652,2238412,be,Карван
172357806,2238414,be,Косамби
172357883,2238415,be,Марора
172358114,2238418,be,Бхадурни
172358191,2238419,be,Гангалуари
172358268,2238420,be,Донгаргаон
172358499,2238423,be,Петгаон
172358576,2238424,be,Вірва
172358807,2238427,be,Кхатера
172358884,2238428,be,Сарарпар
172359192,2238432,be,Итоли
172359346,2238434,be,Чаргаон
172359423,2238435,be,Кукархети
172359500,2238436,be,Налешвар
172359577,2238437,be,Мохли
172359654,2238438,be,Гхот
172359731,2238439,be,Мурпар
172359808,2238440,be,Говиндпур
172359885,2238441,be,Цхитки
172360193,2238445,be,Голабхуй
172360270,2238446,be,Мурмари
172360501,2238449,be,Тарбхуй
172360886,2238454,be,Текари
172360963,2238455,be,Цхитегаон
172361117,2238457,be,Акапур
172361194,2238458,be,Марегаон
172361502,2238462,be,Пискути
172361579,2238463,be,Вірай
172361656,2238464,be,Цхуцхела Калан
172361733,2238465,be,Дингра
172361810,2238466,be,Акхтыарпур Бхур
172361964,2238468,be,Йхандахатола
172362118,2238470,be,Кутаи
172362349,2238473,be,Хайра
172362426,2238474,be,Делха
172362503,2238475,be,Хардаспур
172362734,2238478,be,Белдара
172362811,2238479,be,Патиа
172363042,2238482,be,Коці
172363119,2238483,be,Мараи
172363350,2238486,be,Саннаи
172363504,2238488,be,Пипархат
172363812,2238492,be,Рывара
172363966,2238494,be,Йханйхбари
172364120,2238496,be,Патехра
172364197,2238497,be,Гхотари
172364274,2238498,be,Годин
172364351,2238499,be,Мохарва
172364428,2238500,be,Баррох
172364505,2238501,be,Дэоры
172364659,2238503,be,Салаиа
172364813,2238505,be,Бихара Калан
172364890,2238506,be,Бхарэва
172364967,2238507,be,Тикар Калан
172365044,2238508,be,Бхадаи
172365121,2238509,be,Бадера
172365198,2238510,be,Парасрампур
172365275,2238511,be,Какара
172365352,2238512,be,Бара Калан
172365429,2238513,be,Какра
172365583,2238515,be,Латагаон
172365814,2238518,be,Хардуа
172365891,2238519,be,Лакханпура
172365968,2238520,be,Курва
172366045,2238521,be,Маджгаван
172366353,2238525,be,Бисхнупур
172366430,2238526,be,Аматара
172366507,2238527,be,Манд
172366584,2238528,be,Банджарыя
172366661,2238529,be,Дхарампура
172366738,2238530,be,Ітван
172366969,2238533,be,Хардуа
172367046,2238534,be,Гхурхар
172367508,2238540,be,Халаунд
172367739,2238543,be,Доли
172368124,2238548,be,Дханвахі
172368201,2238549,be,Какархати
172368278,2238550,be,Саранг
172368355,2238551,be,Руйхаури
172368432,2238552,be,Джунвані
172368509,2238553,be,Бахили
172368740,2238556,be,Маудаха
172368894,2238558,be,Гораиа
172369125,2238561,be,Бара Кхурд
172369202,2238562,be,Баркула
172369433,2238565,be,Тикар Кхурд
172369587,2238567,be,Кхара
172369818,2238570,be,Тегна
172369972,2238572,be,Сулкхама
172370126,2238574,be,Каниыари
172370434,2238578,be,Манкахары
172370511,2238579,be,Кедары
172370665,2238581,be,Дэора
172370819,2238583,be,Караунды
172371204,2238588,be,Йариыари
172371435,2238591,be,Сархера
172371589,2238593,be,Сир Бирахимпур
172371743,2238595,be,Рахмат Даулатпур
172371974,2238598,be,Кешапур
172372128,2238600,be,Маваі
172372359,2238603,be,Рехра
172372436,2238604,be,Гастипур
172372590,2238606,be,Лал Пурва
172372898,2238610,be,Парснаттампур
172372975,2238611,be,Гхури
172373129,2238613,be,Бхалеван
172373283,2238615,be,Девдаспур
172373668,2238620,be,Лаудара
172373745,2238621,be,Аразі Пал
172373822,2238622,be,Цхак Бабуллапур
172373976,2238624,be,Цхак Рехра
172374053,2238625,be,Амалиа Пал
172374361,2238629,be,Сурйипур
172375054,2238638,be,Цхак Ладипур
172375208,2238640,be,Навабгандж
172375362,2238642,be,Кура Карнаи
172375439,2238643,be,Лала ка Пуруа
172375516,2238644,be,Дарыапур
172375670,2238646,be,Гаура
172375747,2238647,be,Каранпур
172376363,2238655,be,Уасилабад
172376825,2238661,be,Харй ка Пуруа
172376902,2238662,be,Басантпур
172377056,2238664,be,Паыагпур
172377210,2238666,be,Нараыанпур Банна
172377595,2238671,be,Киратпур Цхарухар
172377903,2238675,be,Багайла
172378134,2238678,be,Судамапур
172378211,2238679,be,Сараы Мохан Салемпур
172378596,2238684,be,Малаон
172378673,2238685,be,Салемпур
172378981,2238689,be,Ная Пурва
172379366,2238694,be,Цхампатпур
172379674,2238698,be,Падри
172379982,2238702,be,Маваі
172380367,2238707,be,Мірзапур
172380675,2238711,be,Сараи Саба
172380752,2238712,be,Цххиту ка Пуруа
172380906,2238714,be,Канакпур
172380983,2238715,be,чак
172381368,2238720,be,Касраон
172381445,2238721,be,Барэрапар
172381522,2238722,be,Баба ка Пурва
172381753,2238725,be,Гхансхыампур
172381830,2238726,be,Гангадаспур
172381907,2238727,be,Мустафапур
172382061,2238729,be,Ацхкапур
172382215,2238731,be,Ірадатпур-Дхамі
172382369,2238733,be,Анби
172382446,2238734,be,Раицхандпур
172382523,2238735,be,Пукхипур
172382677,2238737,be,Мосайпур
172382754,2238738,be,Кхарсола
172383062,2238742,be,Алампур
172383447,2238747,be,Кариамау
172383601,2238749,be,Арахпур
172383678,2238750,be,Тэксарыя Бузург
172383832,2238752,be,Ирадатпут Тейу
172383909,2238753,be,Кхасмау
172384294,2238758,be,Дзівапур
172384371,2238759,be,Расулпур
172384448,2238760,be,Чандпур
172384602,2238762,be,Садиапур
172384679,2238763,be,Хуласипур
172384910,2238766,be,Йунаидпур
172384987,2238767,be,Теонйа
172385064,2238768,be,Йасрайпур
172385680,2238776,be,Панахпур
172385834,2238778,be,Кхарехра
172386604,2238788,be,Бхат Пурва
172386681,2238789,be,Симраха
172386758,2238790,be,Маупара
172386989,2238793,be,Росханпур Тикари
172387220,2238796,be,Рампур
172387374,2238798,be,Майх Тени
172387451,2238799,be,Кхемкаранпур Басаи
172387528,2238800,be,Нараулі
172387836,2238804,be,Сангрампур
172387990,2238806,be,Бхакарна
172388067,2238807,be,Лакхіпур
172388221,2238809,be,Кукра
172388298,2238810,be,Суйанипур
172388375,2238811,be,Нандпур Искури
172388452,2238812,be,Тени
172388529,2238813,be,Пери
172388683,2238815,be,Бан Пурва
172388914,2238818,be,Бхогалпур
172388991,2238819,be,Умра
172389299,2238823,be,Тилкапур
172389453,2238825,be,Памбипур
172389530,2238826,be,Райпур
172389684,2238828,be,Баба ка Пурва
172389838,2238830,be,Гаролепур
172389915,2238831,be,Суйрахи
172390146,2238834,be,Ная Пурва
172390223,2238835,be,Катхерва
172390531,2238839,be,Даялпур
172390608,2238840,be,Сарсаи Бузург
172390762,2238842,be,Басдэапур
172390839,2238843,be,Дхармдаспур
172390993,2238845,be,Майхилгаон
172391070,2238846,be,Бадалиыапур
172391147,2238847,be,Касхидаспур Тикри
172391301,2238849,be,Аліпур
172391455,2238851,be,Кірпалпур
172391609,2238853,be,Будван
172391686,2238854,be,Хасанпур Акориха
172391994,2238858,be,Фатехпур Тикари
172392148,2238860,be,Ганесхдаспур
172392456,2238864,be,Гхури
172392610,2238866,be,Йагйиуанпур
172392841,2238869,be,Султанпур Гаус
172392918,2238870,be,Бансипур
172393072,2238872,be,Дурганипур
172393380,2238876,be,Хардаспур Сани
172393688,2238880,be,Дханкамаи
172393842,2238882,be,Малукпур
172393996,2238884,be,Магдхипур
172394304,2238888,be,Парагдаспур
172394458,2238890,be,Мирапур
172394766,2238894,be,Абдуллапур
172394843,2238895,be,Лал ка Пурва
172394920,2238896,be,Сараи Идрис
172394997,2238897,be,Панахпур
172395228,2238900,be,Адхары ка Пурва
172395305,2238901,be,Джалалпур
172395459,2238903,be,Наротипур
172395690,2238906,be,Раипур Моари
172395767,2238907,be,Схахпирпур
172395844,2238908,be,Цхалтхра
172396229,2238913,be,Гаидхемау
172396383,2238915,be,Бахера Садат
172396460,2238916,be,Бурханпур
172396537,2238917,be,Аираыан Садат
172396768,2238920,be,Кармипур
172396922,2238922,be,Дзівара
172397153,2238925,be,Ахмадпур
172397230,2238926,be,Пахарпур
172397538,2238930,be,Ормха
172397692,2238932,be,Нихалпур Сани
172398000,2238936,be,Аджара Хурд
172398154,2238938,be,Тандвапур
172398231,2238939,be,Лангарпур
172398308,2238940,be,Алипур Бахера
172398693,2238945,be,Наўбаста
172399155,2238951,be,Рампур Мун
172399309,2238953,be,Харирампур Каитхаула
172399694,2238958,be,італьянскі
172399848,2238960,be,Гаўры
172400079,2238963,be,Ситхаура
172400156,2238964,be,Касерува
172400464,2238968,be,Комбаруари
172400541,2238969,be,Йагатпур
172400618,2238970,be,Сараулі
172400695,2238971,be,Гопалвары
172401003,2238975,be,Нараули Кхурд
172401234,2238978,be,Дудхгаон
172401542,2238982,be,Паварвары
172401619,2238983,be,Мохібі Аліпур
172401696,2238984,be,Варуд
172401927,2238987,be,Схеикхмау
172402004,2238988,be,Ная Пурва
172402081,2238989,be,Мангремау
172402312,2238992,be,Хардаспур
172402620,2238996,be,Баигаон
172402697,2238997,be,Мухамадабад
172403005,2239001,be,Пура Мотисингх
172403159,2239003,be,Бодхи ка Пуруа
172403313,2239005,be,Кешой
172403390,2239006,be,Цхак Абдуллапур
172403544,2239008,be,Будхера
172404160,2239016,be,Пура Чур
172404391,2239019,be,Кхараули
172404468,2239020,be,Пура Зилахпар
172405546,2239034,be,Годам
172405623,2239035,be,Паттисхах
172405777,2239037,be,Дагдагі
172405854,2239038,be,Кодхан
172406008,2239040,be,Расулпур
172406239,2239043,be,Акхри
172406470,2239046,be,Бхагвантпур
172406624,2239048,be,Бик Цхарухар
172406778,2239050,be,Даудпур Гадаи
172406932,2239052,be,Хамирмау
172407086,2239054,be,Субедар ка Пуруа
172407163,2239055,be,Нараыан Бхит
172407317,2239057,be,Майхлепур
172407702,2239062,be,Котаиыа Цхитра
172407779,2239063,be,Бадсахпур
172407856,2239064,be,Йамнапур
172408087,2239067,be,Гархі
172408164,2239068,be,Макдумпур
172408241,2239069,be,Матаулипур
172408318,2239070,be,Мулканпур
172408472,2239072,be,Казіяна
172408626,2239074,be,Бхагваціпур
172408780,2239076,be,Дхамдхама
172408934,2239078,be,Какоран
172409088,2239080,be,Хаткуин
172409242,2239082,be,Манхар Схарки
172409319,2239083,be,Асанандпур
172409550,2239086,be,Раиыапур
172409781,2239089,be,Манмоханпур
172409935,2239091,be,Лакхмикхеда
172410166,2239094,be,Веда Пада
172410243,2239095,be,Гуджарпур
172410320,2239096,be,Бхил Йамболи
172410397,2239097,be,Бхангда
172410474,2239098,be,Мангрул
172410551,2239099,be,Васлаи
172410705,2239101,be,Борцхак
172410859,2239103,be,Схегва
172411090,2239106,be,Махулі Пада
172411244,2239108,be,Нимбони
172411321,2239109,be,Малван
172411475,2239111,be,Дхонг
172412322,2239122,be,Ардитара
172412399,2239123,be,Кумбхар Пада
172412707,2239127,be,Йамбхипада
172412784,2239128,be,Борда
172413092,2239132,be,Тагаипада
172413169,2239133,be,Шэйва
172413246,2239134,be,Каранджва
172413477,2239137,be,Бхаванипада
172413554,2239138,be,Натавад
172413631,2239139,be,Пимплод
172413785,2239141,be,Таклипада
172414016,2239144,be,Умай
172414093,2239145,be,Схирвада
172414401,2239149,be,Цхапха Пада
172414632,2239152,be,Гогул Пада
172414786,2239154,be,Бийгаон
172414863,2239155,be,Хайрала
172415171,2239159,be,Мограни
172415325,2239161,be,Навли
172416018,2239170,be,Вагала
172416326,2239174,be,Нандарха
172416634,2239178,be,Нагсар
172416711,2239179,be,Сонгирпада
172416788,2239180,be,Токартала
172416865,2239181,be,Дзеквад
172416942,2239182,be,Кхамгаон
172417019,2239183,be,Вирцхак
172417173,2239185,be,Билади
172417250,2239186,be,Сундарда
172417327,2239187,be,Нараянпур
172417404,2239188,be,Гхирасгаон
172417558,2239190,be,Нимбони
172417789,2239193,be,Велавад
172417943,2239195,be,Выаур
172418097,2239197,be,Хардули
172418174,2239198,be,Патхраи
172418251,2239199,be,Варул
172418328,2239200,be,Дхамдаи
172418405,2239201,be,Адцххи
172418559,2239203,be,Лонхеда
172419175,2239211,be,Котхада
172419637,2239217,be,Хандбара
172419714,2239218,be,Цххацхариха Бузург
172419868,2239220,be,Кальвара
172419945,2239221,be,Цххацхариха Кхурд
172420022,2239222,be,Кутилхаи
172420253,2239225,be,Бхаунри
172420561,2239229,be,Симариа Цхарандаси
172420792,2239232,be,Цхар
172420869,2239233,be,Цхорвихир
172421408,2239240,be,Девлипада
172421562,2239242,be,Цхитви
172421870,2239246,be,Тиласар
172421947,2239247,be,Нимдарда
172422101,2239249,be,Джамун пада
172422178,2239250,be,Кханапур
172422255,2239251,be,Моркаранджва
172422409,2239253,be,Амли
172422563,2239255,be,Сутара
172422640,2239256,be,Мацхмал
172423641,2239269,be,Шырсола
172423718,2239270,be,Йамкхел Пада
172423795,2239271,be,Йамкхел
172423949,2239273,be,Джамхан Пада
172424488,2239280,be,Цхикхли Пада
172424642,2239282,be,Девли Пада
172425027,2239287,be,Майндана
172425104,2239288,be,Дхолипада
172425412,2239292,be,Амода
172425489,2239293,be,Бодгаон
172425797,2239297,be,Хандбара
172426182,2239302,be,Дабры пада
172426336,2239304,be,Раытел
172426798,2239310,be,Бурудха
172427029,2239313,be,Нава-Пада
172427106,2239314,be,Панган
172427260,2239316,be,Мегар Пада
172427491,2239319,be,Кхолгхар
172427953,2239325,be,Басар
172428030,2239326,be,Амкхел
172428107,2239327,be,Борти Пада
172428415,2239331,be,Йамки
172428569,2239333,be,Джамбхора
172428877,2239337,be,Годада
172428954,2239338,be,Сурпан
172429108,2239340,be,Роход
172429262,2239342,be,Кхолвихир
172429416,2239344,be,Варсус
172429493,2239345,be,Васкхеди
172429570,2239346,be,Домкани
172429647,2239347,be,Аштана
172429724,2239348,be,Пераджпур
172429801,2239349,be,Салтек
172429878,2239350,be,Ісарда
172429955,2239351,be,Худана
172430109,2239353,be,Рунмали
172430417,2239357,be,Кхори
172430571,2239359,be,Хатти
172430648,2239360,be,Ахада
172430725,2239361,be,Каламбхир
172430802,2239362,be,Ройгаон
172430956,2239364,be,Бхадгаон
172431110,2239366,be,Вардхана
172431187,2239367,be,Вехергаон
172431572,2239372,be,Мхасала
172431803,2239375,be,Цххавди
172431957,2239377,be,Бирдхумаи Сурки
172432034,2239378,be,Ламиыари
172432188,2239380,be,Бардуара
172432265,2239381,be,Сурсен
172432342,2239382,be,Рай Пурва
172432419,2239383,be,Мірзапур
172432496,2239384,be,Харсанпур
172432881,2239389,be,Сардхуа
172433189,2239393,be,Арки
172433882,2239402,be,Дхаўрарахар
172433959,2239403,be,Сурйуа Пуруа
172434036,2239404,be,Гарибсингх ка Пуруа
172434113,2239405,be,Аудаха
172434190,2239406,be,Арцхха Баретхи
172434344,2239408,be,Лохда
172434421,2239409,be,Панаўці
172434498,2239410,be,Пандэ Пурва
172434575,2239411,be,Сагвара
172434729,2239413,be,Тера Бузург
172434806,2239414,be,Кальвалія
172434883,2239415,be,Дудаули
172435191,2239419,be,Уітмер
172435268,2239420,be,Бхатри
172435422,2239422,be,Удгхата
172435499,2239423,be,Кусели
172435576,2239424,be,Махуагаон
172435730,2239426,be,Нунар
172435961,2239429,be,Саликпур
172436038,2239430,be,Арйунпур
172436115,2239431,be,Ларха Гутхаупур
172436192,2239432,be,Госаипур
172436269,2239433,be,Бацххран
172436577,2239437,be,Сикариа
172436731,2239439,be,Тера Кхурд
172436808,2239440,be,Мохарван
172436885,2239441,be,Суркиха
172436962,2239442,be,Кхаруи
172437039,2239443,be,Шкоднасная праграма
172437116,2239444,be,Цханхат
172437270,2239446,be,Анипур
172437347,2239447,be,Рампуриа
172437424,2239448,be,Качыя Пурва
172437501,2239449,be,Хардаулі
172437655,2239451,be,Нехдуа
172437732,2239452,be,Ганга Пурва
172437886,2239454,be,Паікаура
172438040,2239456,be,Нандзі
172438194,2239458,be,Чак Гаура
172438348,2239460,be,Семарвар
172438502,2239462,be,Анандпур
172438656,2239464,be,Базела
172438733,2239465,be,Дзіна Пурва
172438810,2239466,be,Дариыа Пуруа
172438887,2239467,be,Атраули
172438964,2239468,be,Йамхили
172439349,2239473,be,Біябанак
172439426,2239474,be,Унаибарна
172439811,2239479,be,Гадвара
172439965,2239481,be,Дэхуруч Муафі
172440196,2239484,be,Ахира
172440427,2239487,be,Дэокалі
172440504,2239488,be,Луксмипур
172440581,2239489,be,Кхайуриа Калан
172440658,2239490,be,Рамнагар
172440812,2239492,be,Цхахта
172440889,2239493,be,Нунмаи
172440966,2239494,be,Кхайуриа Кхурд
172441043,2239495,be,Сінгхпур
172441120,2239496,be,Гхурехта
172441197,2239497,be,Бархат
172441428,2239500,be,Караунды Калан
172441582,2239502,be,Сикри
172441736,2239504,be,Пиыариыа Мафи
172441813,2239505,be,Цххибун
172441890,2239506,be,Амарпур
172442121,2239509,be,Джвані Пурва
172442198,2239510,be,Губраул
172442275,2239511,be,Атарсуи
172442352,2239512,be,Чорга
172442429,2239513,be,Бинаура
172442583,2239515,be,Паракон
172442660,2239516,be,Хатвара
172442737,2239517,be,Соти Пуруа
172442891,2239519,be,Бхансури
172442968,2239520,be,Бхамет
172443430,2239526,be,Амуан
172443969,2239533,be,Хатуа Аббаспур
172444046,2239534,be,Бхаратпур
172444123,2239535,be,Раніпур
172444585,2239541,be,Далелагани
172444662,2239542,be,Баираги ка Пуруа
172444816,2239544,be,Рамнагар
172445355,2239551,be,Бхагат ка Пуруа
172445432,2239552,be,Альвара
172445509,2239553,be,Паур Касхирампур
172445663,2239555,be,Корипур
172445817,2239557,be,Маваі
172445971,2239559,be,Бэйл ка Пурва
172446048,2239560,be,Дхерха
172446125,2239561,be,Тикра
172446202,2239562,be,Хинаута
172446356,2239564,be,Гаура Тафарик
172446433,2239565,be,Даксарира
172446664,2239568,be,Пахім Сараван
172446741,2239569,be,Лаўдхана
172446895,2239571,be,Гокулпур
172446972,2239572,be,Парсидхпур
172447049,2239573,be,Текари
172447126,2239574,be,Бамхраулі
172447203,2239575,be,Семры
172447280,2239576,be,Айраі
172447357,2239577,be,Кішунпур
172447973,2239585,be,Дэвары
172448358,2239590,be,Тулсипур
172448435,2239591,be,Гопалпур
172448666,2239594,be,Ганй
172448820,2239596,be,Никхода
172448897,2239597,be,Маркабинахалли
172449051,2239599,be,Рабинал
172449128,2239600,be,Митханпур
172449205,2239601,be,Рампур Тага
172449282,2239602,be,Ганаура
172449590,2239606,be,Кхандсал
172450129,2239613,be,Басера Канйар
172450899,2239623,be,Кумхарпура
172450976,2239624,be,Цхаукхат
172451207,2239627,be,Цхаййупур
172451669,2239633,be,Какрала
172452131,2239639,be,Ламбиыа
172452285,2239641,be,Каурала
172452516,2239644,be,Хаятпур
172452593,2239645,be,Садпур
172452670,2239646,be,Татарпур Схарки
172452824,2239648,be,Дхакиа Бхур
172452978,2239650,be,Бхарапур
172453594,2239658,be,Дехра Гхансхыам
172453902,2239662,be,Пал
172454364,2239668,be,Схахпур Бузург
172454518,2239670,be,Йалалпур Калан
172454595,2239671,be,Бастауры Муафі
172454749,2239673,be,Дариыапурбуйург
172455211,2239679,be,Мірпур Бхторо
172455442,2239682,be,Цххоыа
172455519,2239683,be,Бхиканпур Схумали
172455596,2239684,be,Лесры Бузург
172455673,2239685,be,Катаи
172455827,2239687,be,Танда
172455904,2239688,be,Рахмапур Кхалса
172455981,2239689,be,Пипли Дауд
172456058,2239690,be,Абдипур
172456135,2239691,be,Алампур
172456212,2239692,be,Сихали Йагир
172456366,2239694,be,Семла
172456443,2239695,be,Басера Кхурд
172456520,2239696,be,Схергарх
172456597,2239697,be,Маканпур Схумали
172456751,2239699,be,Дагарпури
172456905,2239701,be,Насирпур
172456982,2239702,be,Мацхра Бхагуанпур
172457059,2239703,be,Агапур Калан
172457290,2239706,be,Васи Калан
172457367,2239707,be,Мацххраи
172457521,2239709,be,Удханпур
172457598,2239710,be,Рампур Бхур
172457752,2239712,be,Домкхера
172457829,2239713,be,Бауанкхери
172457906,2239714,be,Райхера
172458060,2239716,be,Тасиха
172458676,2239724,be,Кота
172458830,2239726,be,Дехри Йат
172458984,2239728,be,Даулатпур Нихри
172459292,2239732,be,Саркара Кхурд
172459446,2239734,be,Садарпур
172459600,2239736,be,Дханаури Муафи
172459677,2239737,be,Балдана
172459754,2239738,be,Багарпур Муафі
172459831,2239739,be,Сакарпур Самаспур
172460139,2239743,be,ніпанскі
172460216,2239744,be,Махесра
172460293,2239745,be,Йалилпур Мулката
172460601,2239749,be,Нараини
172461217,2239757,be,Бхатпура
172461371,2239759,be,Балдана Хирасингх
172461448,2239760,be,Пачдэола
172462064,2239768,be,Масампур
172462295,2239771,be,Гандупал
172462372,2239772,be,Ратанпур
172462526,2239774,be,Бхаира Бхаратпур
172462988,2239780,be,Мукари
172463065,2239781,be,Куры
172463527,2239787,be,Мухамадпур
172463604,2239788,be,Йабди
172463681,2239789,be,Нагли Схеикх
172464143,2239795,be,Цхак Мустафапур
172464374,2239798,be,Таджпур
172464451,2239799,be,Даулатпур
172464528,2239800,be,Мірзапур
172464836,2239804,be,Милак Акхтиарпур
172464913,2239805,be,Каурал
172464990,2239806,be,Йатпура Схумали
172465067,2239807,be,Тандера
172465144,2239808,be,Фауладпур
172465221,2239809,be,Кхандсал Калан
172465298,2239810,be,Кхерка
172465837,2239817,be,Пилакунд
172466376,2239824,be,Макхдумпур
172466453,2239825,be,Казипура Садат
172466530,2239826,be,Мунауарпур
172466684,2239828,be,Дхакка
172466761,2239829,be,Ахиыанпур
172466838,2239830,be,Премпури
172466915,2239831,be,Баркхера Садат
172467300,2239836,be,Аўвалпур
172467454,2239838,be,Йобда
172467531,2239839,be,Саідпур Алма
172467762,2239842,be,Кхатапур Йахангирпур
172467993,2239845,be,Панй Сараи
172468147,2239847,be,Ибрахимпур
172468532,2239852,be,Фазалпур
172468686,2239854,be,Канкаркхера
172468840,2239856,be,Сихали
172468994,2239858,be,Пхундапур
172469148,2239860,be,Гулариа
172469302,2239862,be,Дхактаура
172469533,2239865,be,Мадхуа Мафи
172469610,2239866,be,Цханднагар
172469687,2239867,be,Атерна
172469841,2239869,be,Гаффарпур
172469918,2239870,be,Кхаликпур Кхурд
172470072,2239872,be,Калали
172470226,2239874,be,Мангупура
172470457,2239877,be,Дургапур
172470842,2239882,be,Хакимпур
172470996,2239884,be,Папсара
172471073,2239885,be,Кхата
172471227,2239887,be,Атраси Калан
172471304,2239888,be,Расулпур Атраси
172471381,2239889,be,Хумаыуннагар
172472151,2239899,be,Ламбиыа
172472228,2239900,be,Калакхера
172472382,2239902,be,Назарпур
172472536,2239904,be,Нагалла Йат
172472690,2239906,be,Асавар
172472767,2239907,be,Гайраула Пирбхубан
172472844,2239908,be,Саркара Камал
172472921,2239909,be,Данпур
172473152,2239912,be,Бхавалпур Банслі
172473229,2239913,be,Бхауалпур Патти
172473460,2239916,be,Нурпур Калан
172473537,2239917,be,Умарпур
172473691,2239919,be,Пипли Мегцханд
172473768,2239920,be,Трилокпур
172473845,2239921,be,Питхкхера
172473999,2239923,be,Некпур Мукхтарпур
172474153,2239925,be,Нандпур Бехта
172474461,2239929,be,Дхакиыа
172474923,2239935,be,Аконда
172475308,2239940,be,Семли
172475385,2239941,be,Низам Нагла
172475462,2239942,be,Тохфапур
172475616,2239944,be,Мірпур Бхторо
172476001,2239949,be,Саламатпур
172476078,2239950,be,Васіпур
172476232,2239952,be,Рамнагар
172476309,2239953,be,Саркари Азиз
172476617,2239957,be,Харыана
172477618,2239970,be,Хусайнпур
172478080,2239976,be,Кальянпур
172478311,2239979,be,Али Мухаммадпур
172479543,2239995,be,Разакпур
172479697,2239997,be,Пилак Сараи
172479928,2240000,be,Аледадпур
172480082,2240002,be,Гайана
172480236,2240004,be,Бакіпур
172480313,2240005,be,Хакдадпур
172480390,2240006,be,Такхтпур
172480467,2240007,be,Упраула
172480544,2240008,be,Кхера
172480929,2240013,be,Сахидпур
172481083,2240015,be,Маданкхера
172481237,2240017,be,Цхак Рустампур
172481314,2240018,be,Хасэ Марыя Марэлас
172481622,2240022,be,Такхатупур
172481699,2240023,be,Мадна
172481776,2240024,be,Панвары
172481853,2240025,be,Цхардаха
172482007,2240027,be,Арвара
172482084,2240028,be,Аджара
172482161,2240029,be,Лалапур
172482238,2240030,be,Банрехи
172482469,2240033,be,Лауреха Муафи
172482546,2240034,be,Гахора Кхас
172482700,2240036,be,Шыталпур Тархаван
172482931,2240039,be,Габделах
172483162,2240042,be,Пипрауних
172483316,2240044,be,Айнчвара
172483393,2240045,be,Гархи Кхурд
172483547,2240047,be,Падри
172483624,2240048,be,Тхакур ка Пуруа
172483701,2240049,be,Баниа Пуруа
172483778,2240050,be,Наквахі
172483932,2240052,be,Тикари
172484009,2240053,be,Гадакхан
172484163,2240055,be,Сараян
172484317,2240057,be,Хануван
172484471,2240059,be,Катаха
172484625,2240061,be,Роханиыа
172484702,2240062,be,Амраха
172484856,2240064,be,Удхкі
172485087,2240067,be,Гірвары
172485164,2240068,be,Унцхи
172485549,2240073,be,Рампуриа
172485703,2240075,be,Дхаўва Пурва
172486011,2240079,be,Дудхванія
172486473,2240085,be,Пата
172486550,2240086,be,Гадариыан Пуруа
172486704,2240088,be,Сархат
172486858,2240090,be,Гураўля
172486935,2240091,be,Бархаиыа
172487089,2240093,be,Харди Данди
172487166,2240094,be,Гопипур
172487243,2240095,be,Барах Мафи
172487320,2240096,be,Рампур
172487551,2240099,be,Кхицхри
172487628,2240100,be,Умри
172487705,2240101,be,Белха
172487782,2240102,be,Хела
172487936,2240104,be,Багдари
172488013,2240105,be,Нихи
172488090,2240106,be,Шайхапур
172488244,2240108,be,Губархаи
172488860,2240116,be,Джаймал
172488937,2240117,be,Цхаур
172489476,2240124,be,Мурката
172489630,2240126,be,Цхуре
172489707,2240127,be,Харийанпур
172489784,2240128,be,Сукхрампур
172489938,2240130,be,Унча Дых
172490092,2240132,be,Хардзіха
172490169,2240133,be,Сехкат
172490554,2240138,be,Гар Чапа
172490708,2240140,be,Покхри
172490862,2240142,be,Цххириыаи
172491016,2240144,be,Гауриыа
172491093,2240145,be,Ітван
172491247,2240147,be,Хануманган
172491324,2240148,be,Суйанганй
172491478,2240150,be,Барацххи
172491555,2240151,be,Кушал ка Пурва
172491863,2240155,be,Рамакол
172491940,2240156,be,Бандзі
172492094,2240158,be,Дэонда
172492171,2240159,be,Рампур
172492325,2240161,be,Ахіран Пурва
172492556,2240164,be,Лачхмі Пурва
172492941,2240169,be,Капури
172493018,2240170,be,Бхахарвар
172493095,2240171,be,Пахари
172493172,2240172,be,Бехнан Пуруа
172493249,2240173,be,Суаргарха
172493557,2240177,be,Атри
172493865,2240181,be,Баркот
172493942,2240182,be,Кесапур
172494327,2240187,be,Андхаруари
172494481,2240189,be,Бхугаон
172494558,2240190,be,Ісапур
172494789,2240193,be,Карвары
172495174,2240198,be,Сауаркхера
172495328,2240200,be,Утнал
172495405,2240201,be,Дзіндвар
172495636,2240204,be,Карибхантхал
172495867,2240207,be,Санкнал
172495944,2240208,be,Ханцхинал
172496021,2240209,be,Быакод
172496175,2240211,be,Хулбенцхи
172496406,2240214,be,Сомнал
172496483,2240215,be,Награлхули
172496560,2240216,be,Нандихал
172496791,2240219,be,Каманкери
172496868,2240220,be,Кадкол
172496945,2240221,be,Будихал Дон
172497022,2240222,be,Награлдон
172497099,2240223,be,Бхаирвадги
172497176,2240224,be,Ханцхли
172497253,2240225,be,Биби-Ингалги
172497330,2240226,be,Синдгери
172497407,2240227,be,Цхабнур
172497484,2240228,be,Хирур
172497715,2240231,be,Агасбал
172497792,2240232,be,Нагархалх
172497869,2240233,be,Нарсалги
172497946,2240234,be,Балганур
172498100,2240236,be,Аліпур
172498177,2240237,be,Бхаратпур
172498254,2240238,be,Бисхамбарпур
172498562,2240242,be,Фірозпур
172498639,2240243,be,Ганипур
172498716,2240244,be,Сайсаулі
172498793,2240245,be,Манкапур
172498947,2240247,be,Аллахабад
172499024,2240248,be,Чандпур
172499101,2240249,be,Ханникхера
172499178,2240250,be,Йанкипур
172499332,2240252,be,Манйхари
172499563,2240255,be,курс
172499640,2240256,be,Бхикхпур
172499948,2240260,be,Махіуддзінпур
172500025,2240261,be,Балпур
172500333,2240265,be,Киртапур
172500564,2240268,be,Бхат Херва
172500641,2240269,be,Гархі
172500718,2240270,be,Патоиа
172501026,2240274,be,Кантаин
172501180,2240276,be,Хиндаура
172501257,2240277,be,Бхагуанпур
172501334,2240278,be,Бахаўры
172501411,2240279,be,Тырва
172501565,2240281,be,Тулсипур
172502104,2240288,be,Рам Кот
172502335,2240291,be,Бішан Кхера
172502412,2240292,be,Чхаван
172502489,2240293,be,Райпур
172502643,2240295,be,Схарангпур
172502797,2240297,be,Кешапур
172502951,2240299,be,Бхатпурва
172503028,2240300,be,Касімпур
172503105,2240301,be,Анбарпур
172503259,2240303,be,Кхемпур
172503413,2240305,be,Йайаур
172503490,2240306,be,Рануапура
172503644,2240308,be,Рагхунтхпур
172503721,2240309,be,Маднапур
172503952,2240312,be,Расулпур
172504029,2240313,be,Дэбіпур
172504183,2240315,be,Хамирпур
172504337,2240317,be,Харихарпур
172505030,2240326,be,Махуа Данда
172505107,2240327,be,Харни Кхера
172505184,2240328,be,Бхогипур
172505338,2240330,be,Нараянпур
172505646,2240334,be,Сарай
172505723,2240335,be,Бирсапур
172505800,2240336,be,Хаыатганй
172506108,2240340,be,Пипри Нараыанпур
172506262,2240342,be,Махсуа
172506493,2240345,be,Кацька
172506878,2240350,be,Салемпур
172507032,2240352,be,Фарыдпур
172507109,2240353,be,Мацхуакхеда
172507186,2240354,be,Нарпатпур
172507263,2240355,be,Рыван Калан
172507571,2240359,be,Навагаон
172507648,2240360,be,Фатэхпур
172507725,2240361,be,Йамунапур
172507802,2240362,be,Бирсингхпур
172508033,2240365,be,Махета
172508187,2240367,be,Бангалпур
172508572,2240372,be,Хірупур Гутая
172508880,2240376,be,Гондуа Кхем
172509034,2240378,be,Гадариа Кхера
172509265,2240381,be,Дэокалі
172509496,2240384,be,Ханпур
172509573,2240385,be,Ауна
172509727,2240387,be,Йамкхануан
172509804,2240388,be,Янкі Хера
172509881,2240389,be,Райпур
172509958,2240390,be,Йамнипур
172510035,2240391,be,Санда Дакхнауал
172510189,2240393,be,Руппур
172510574,2240398,be,Бехлампур
172510728,2240400,be,Бірпур
172510805,2240401,be,Дхаулбаджа
172511036,2240404,be,Басантпур
172511575,2240411,be,Дугхара
172511806,2240414,be,Бахраура
172511960,2240416,be,Ладхаура
172512037,2240417,be,Дигхара
172512422,2240422,be,Сханкарпур
172512653,2240425,be,Салхенагар
172512807,2240427,be,Хархарпур
172512884,2240428,be,Мунну Кхера
172513115,2240431,be,Пакра
172513192,2240432,be,Акбарпур
172513346,2240434,be,Бацхуа Кхера
172513808,2240440,be,Лахса
172513885,2240441,be,Маграура
172513962,2240442,be,Атариа
172514039,2240443,be,Амлаули
172514116,2240444,be,Пірнагар
172514193,2240445,be,Ранипара
172514424,2240448,be,Деори Бхарат
172514501,2240449,be,Рагхунатхпур
172514578,2240450,be,Шахпур
172514655,2240451,be,Мандвана
172514886,2240454,be,Манджы
172514963,2240455,be,Масід Кхера
172515040,2240456,be,Катвара
172515348,2240460,be,Кхакхра
172515502,2240462,be,Маджаура
172515579,2240463,be,Гопалпур
172515733,2240465,be,Аумау
172515810,2240466,be,Султанпур
172515887,2240467,be,Чаукі
172516041,2240469,be,Гархтхамма
172516195,2240471,be,Латифпур
172516503,2240475,be,Сукха Кхера
172516580,2240476,be,Йанкапур
172516657,2240477,be,Аллахабад
172516811,2240479,be,Рамгарх
172517119,2240483,be,Цхануантара
172517273,2240485,be,Хараурпур
172517735,2240491,be,Газипур
172517889,2240493,be,Дингаурпур
172517966,2240494,be,Дигои
172518043,2240495,be,Мисрипур
172518120,2240496,be,Банаур
172518197,2240497,be,Мадарипур
172518505,2240501,be,Шыупуры
172518582,2240502,be,Бхер Караунда
172518813,2240505,be,Тикари
172519044,2240508,be,Дхамамау
172519121,2240509,be,Сонван
172519198,2240510,be,Схах Пуруа
172519275,2240511,be,Сараян
172519814,2240518,be,Мандаулі
172520045,2240521,be,Пурва
172520122,2240522,be,Баргадикала
172520430,2240526,be,Камалпур
172520507,2240527,be,Даулатпур
172520584,2240528,be,Лохангпур
172520738,2240530,be,Пахарпур
172520892,2240532,be,Таранпур
172521046,2240534,be,Бахадурпур
172521123,2240535,be,Султанпур
172521354,2240538,be,Сингхамау
172521508,2240540,be,Арйунпур
172521662,2240542,be,Цхак Бибипур
172521816,2240544,be,Биндхаура
172521893,2240545,be,Бибипур
172521970,2240546,be,Кешраван
172522047,2240547,be,Джалалпур
172522201,2240549,be,Бал Сінгх Пурва
172522278,2240550,be,Кальянпур
172522509,2240553,be,Удатпур
172522971,2240559,be,Бангаон
172523125,2240561,be,Дарва
172523433,2240565,be,Ахмадпур Кхера
172523510,2240566,be,Усирна
172523587,2240567,be,Карсанда
172523664,2240568,be,Мохона
172523741,2240569,be,Акбарпур
172524126,2240574,be,Лод Пурва
172524511,2240579,be,Марпа
172524819,2240583,be,Бага
172524973,2240585,be,Людгаўлі
172525127,2240587,be,Бахадурганй
172525666,2240594,be,Маджгаван
172525897,2240597,be,Малукпур
172526667,2240607,be,Йоти
172526744,2240608,be,Аснахан
172526898,2240610,be,Цханднапур
172527052,2240612,be,Атэсва
172527129,2240613,be,Бхатэсва
172527206,2240614,be,Бхагауціпур
172527360,2240616,be,Арамба
172527668,2240620,be,Тилокпур
172527745,2240621,be,Гулалпур
172527899,2240623,be,Йаипарпур
172527976,2240624,be,Лахурыван
172528053,2240625,be,Гарха
172528438,2240630,be,Бахаргаон
172528515,2240631,be,Сараи Даму
172528746,2240634,be,Атариа
172528823,2240635,be,Чамар Пурва
172528900,2240636,be,Бахадурпур
172528977,2240637,be,Мау
172529054,2240638,be,Сапахи
172529131,2240639,be,Пірціпур
172529285,2240641,be,Цхакха
172529362,2240642,be,Схивдинпур
172529439,2240643,be,Панпур
172529593,2240645,be,Гайодхарпур
172529901,2240649,be,Кунварпур
172530055,2240651,be,Йагдиспур
172530286,2240654,be,Брахимабад
172530363,2240655,be,Чандаулі
172530440,2240656,be,Чамар Пурва
172530517,2240657,be,Бхауанипур
172530594,2240658,be,Аманігандж
172530748,2240660,be,Дзілвансі
172530902,2240662,be,Дурйанпур
172531056,2240664,be,Ганесхпур
172531133,2240665,be,Палиа
172531441,2240669,be,Лалтапур
172531518,2240670,be,Харыя
172531595,2240671,be,Маджгаван
172531672,2240672,be,Дакхингаон
172531903,2240675,be,Шахпур
172532288,2240680,be,Анварпур
172532519,2240683,be,Бісва
172532596,2240684,be,Катва
172532750,2240686,be,Ганесхпур
172533135,2240691,be,Цхандрикапур
172533289,2240693,be,Ханпур
172533443,2240695,be,Кабран
172533520,2240696,be,Тикаули
172533597,2240697,be,Пацххимгаон
172533674,2240698,be,Умапур
172533751,2240699,be,Садханпур
172534059,2240703,be,Бакаткхера
172534367,2240707,be,Ганесхпур
172534521,2240709,be,Кесрипур
172534598,2240710,be,Албада
172534675,2240711,be,Музаффарпур
172534752,2240712,be,Даулатпур
172534829,2240713,be,Кацхаура
172535060,2240716,be,Дургапур
172535137,2240717,be,Санкарпур
172535214,2240718,be,Умра
172535291,2240719,be,Нараянпур
172535445,2240721,be,Сона Бхари
172535599,2240723,be,Рамнагар
172535753,2240725,be,Чамар Пурва
172535830,2240726,be,Чхаван
172535907,2240727,be,Рампур Тандуа
172535984,2240728,be,Навагаон
172536138,2240730,be,Химматнагар
172536600,2240736,be,Мадарипур
172536831,2240739,be,Каиласпур
172537293,2240745,be,Мадарипур
172537447,2240747,be,Мисни
172537524,2240748,be,Барыарпур
172537601,2240749,be,Банс Кхера
172537678,2240750,be,Саідапур
172537832,2240752,be,Пахарапур
172537986,2240754,be,Бхагуанпур
172538217,2240757,be,Чайнпур
172538602,2240762,be,Унаи
172538679,2240763,be,Махараникхера
172538756,2240764,be,Гиндхаули
172538910,2240766,be,Нанакпур
172539064,2240768,be,Малпур
172539141,2240769,be,Кхемпур
172539218,2240770,be,Рамнагар
172539372,2240772,be,Чаўбепур
172539603,2240775,be,Даулатпур
172539680,2240776,be,Рам Пурва
172539757,2240777,be,Цхандипур
172539834,2240778,be,Арсена
172539988,2240780,be,Канчанпур
172540604,2240788,be,Бхадрас
172540758,2240790,be,Пандэ Пурва
172541374,2240798,be,Байгахни
172541605,2240801,be,Кхуйхи
172541913,2240805,be,Дхараули
172542452,2240812,be,Балрампур
172542529,2240813,be,Бхауанипур
172542606,2240814,be,Кіратпур
172542683,2240815,be,Гариа
172542914,2240818,be,Расулпур
172542991,2240819,be,Ахмаднагар
172543068,2240820,be,Раўгаван
172543299,2240823,be,Йанинагар
172543530,2240826,be,Касгаон
172543684,2240828,be,Хаджыпур
172543838,2240830,be,Йхабра
172543915,2240831,be,Тикра
172544377,2240837,be,Мирнагар
172544762,2240842,be,Наыа Гаон
172544916,2240844,be,Йагмоханпур
172545224,2240848,be,Салемабад
172545301,2240849,be,Ахайпур
172546302,2240862,be,Дхаўрара
172546687,2240867,be,Бехта
172547226,2240874,be,Карва
172547380,2240876,be,Нагархиа
172547457,2240877,be,Награ
172547611,2240879,be,Химматпур
172547688,2240880,be,Канаўра
172548073,2240885,be,Хануантпур
172548150,2240886,be,Акра
172548304,2240888,be,Умариа
172548843,2240895,be,Бхаўніпур
172549074,2240898,be,Сараван
172549151,2240899,be,Баргади
172549305,2240901,be,Амарпур
172549382,2240902,be,Гулалпур
172549459,2240903,be,Парсаиа
172549536,2240904,be,Бхикарипур
172549767,2240907,be,Ганесхпур
172549998,2240910,be,Хаджуры
172550152,2240912,be,Индара
172550229,2240913,be,Байпур Гангаура
172550383,2240915,be,Палети Хаидарабад
172550845,2240921,be,Дхраура
172550922,2240922,be,Сугарпур
172550999,2240923,be,Раисингхпур
172551230,2240926,be,Унаи
172551307,2240927,be,Хеми
172551384,2240928,be,Дар'япур
172551538,2240930,be,Бенипур
172551615,2240931,be,Кумхраван
172551692,2240932,be,Дэбіпур
172551769,2240933,be,Рагунатхпур
172551846,2240934,be,Бхауанипур
172551923,2240935,be,Алдампур
172552000,2240936,be,Бхакта Кхера
172552077,2240937,be,Залимпур
172552154,2240938,be,Басина
172552462,2240942,be,Малхипур
172552539,2240943,be,Кхантари
172552616,2240944,be,Сарсава
172552693,2240945,be,Сінгхпур
172552847,2240947,be,Дханаўры
172553078,2240950,be,Нагуамау Кхурд
172553155,2240951,be,Шыупуры
172553694,2240958,be,Канхаиыахар
172553771,2240959,be,Тикархар
172554156,2240964,be,Сураджпур
172554541,2240969,be,Данаур
172554618,2240970,be,Нараянпур
172554695,2240971,be,Йанги Кхера
172554926,2240974,be,Мукандпур
172555003,2240975,be,Балуантпур
172555080,2240976,be,Цхандесуа
172555234,2240978,be,Сараура
172555388,2240980,be,Акохра
172555619,2240983,be,Умриа
172555773,2240985,be,Джамван
172555850,2240986,be,Моханпур
172555927,2240987,be,Джафарпур
172556081,2240989,be,Рампурва
172556312,2240992,be,Дар'япур
172556389,2240993,be,Бхаван Пурва
172556466,2240994,be,Раипур Деосингх
172556543,2240995,be,Суагара
172556620,2240996,be,Маваі
172556697,2240997,be,Маджгаван
172556774,2240998,be,Бхавані Кхера
172556851,2240999,be,Бахшы Кхера
172557159,2241003,be,Касаван
172557236,2241004,be,Рамнагра
172557313,2241005,be,Цхинтапур
172557390,2241006,be,Атхапур
172557467,2241007,be,Парэва Джал
172557621,2241009,be,Гангапур
172557698,2241010,be,Райпур
172558237,2241017,be,Лалпур
172558314,2241018,be,Кхемпур
172558545,2241021,be,Махіуддзінпур
172558622,2241022,be,Аль-Джурайфа
172558699,2241023,be,Адампур
172559007,2241027,be,Ачал Пурва
172559161,2241029,be,Йагдиспур
172559854,2241038,be,Пипори
172560008,2241040,be,Гамбхирпур
172560470,2241046,be,Сенпураб Пара
172560547,2241047,be,Сен Пацхимпара
172560778,2241050,be,Курауна Бахадур Нагар
172560932,2241052,be,Бага
172561163,2241055,be,Дурйанпур
172561240,2241056,be,Схирампур
172561317,2241057,be,Матиара
172561394,2241058,be,Людгаўлі
172561471,2241059,be,Рамаипур
172561779,2241063,be,Йаханпур
172562087,2241067,be,Уриара
172563242,2241082,be,Пипаргауан
172563396,2241084,be,Базпур
172563550,2241086,be,Бхару
172563704,2241088,be,Афзалпур
172563858,2241090,be,Йамрехи
172564012,2241092,be,Хаджыпур
172564089,2241093,be,Йагдиспур
172564243,2241095,be,Казипур
172564474,2241098,be,Атва
172564551,2241099,be,Мірзапур
172564628,2241100,be,Цхакдуари
172564705,2241101,be,Тикармандхаи
172564859,2241103,be,Маджаван
172564936,2241104,be,Таксимпур
172565013,2241105,be,Синграпур
172565398,2241110,be,Далелпур
172565552,2241112,be,Какори
172565706,2241114,be,Чаурай
172565860,2241116,be,Катхаруа
172565937,2241117,be,Харха
172566091,2241119,be,Кисхунпурмайхауан
172566168,2241120,be,Харбаспур
172566245,2241121,be,Йаи Сингхпур
172566476,2241124,be,Цххаунки
172566553,2241125,be,Цхатрапур
172566707,2241127,be,Султанпур
172566784,2241128,be,Сураули
172566861,2241129,be,Бицххигаон
172567092,2241132,be,Сарси
172567246,2241134,be,Самра
172567323,2241135,be,Хардаулі
172567400,2241136,be,Кундаулі
172567477,2241137,be,Херва
172567554,2241138,be,Раджэпур
172567631,2241139,be,Расулпур
172567785,2241141,be,Гхарампур
172568016,2241144,be,Дхармангадпур
172568170,2241146,be,Панаури
172568324,2241148,be,Семарйхал
172568401,2241149,be,Цханданпур
172568478,2241150,be,Пара
172568555,2241151,be,Палхепур
172568632,2241152,be,Нараура
172568786,2241154,be,Таунс
172569017,2241157,be,Гангбх'ю
172569171,2241159,be,Кхуйаули
172569248,2241160,be,Савайпур
172569402,2241162,be,Бехта Сикат
172569479,2241163,be,Кхуайгипур
172569556,2241164,be,Бабибхитари
172569633,2241165,be,Барадхари
172569710,2241166,be,Баусар
172569787,2241167,be,Пхупуар Рай Тхок
172569941,2241169,be,Мандхана
172570095,2241171,be,Тусаура
172570172,2241172,be,Паликхурд
172570249,2241173,be,Бхукнаи
172570326,2241174,be,Гхату Кхера
172570557,2241177,be,Сарай
172570634,2241178,be,Таджпур
172570711,2241179,be,Какралі
172570788,2241180,be,Будхера
172570942,2241182,be,Кудхгаон
172571096,2241184,be,Караулі
172571481,2241189,be,Субхаули
172574407,2241227,be,Бадарка Туркиа
172574715,2241231,be,Пони
172574869,2241233,be,Бхітва
172575023,2241235,be,Гхонгхи Ротапур
172575870,2241246,be,Котра
172576024,2241248,be,Цхитлапур
172576101,2241249,be,Бхагвантпур
172576794,2241258,be,Дакары
172576871,2241259,be,Хаибатпур
172577102,2241262,be,Дудхаура
172577333,2241265,be,Сірвагір
172577872,2241272,be,Схукалпур
172578026,2241274,be,Айма
172578257,2241277,be,Цханданпур
172578411,2241279,be,Субарси Кхера
172578488,2241280,be,Салемпур
172578642,2241282,be,Кхуйупур
172579181,2241289,be,Саибаси
172579258,2241290,be,Бхадаса
172579335,2241291,be,Амоли
172579412,2241292,be,Пхупуар Суи Тхок
172579797,2241297,be,Хаджурыха
172579874,2241298,be,Нахіят Хіран
172580105,2241301,be,Науада Баусар
172580182,2241302,be,Сирсаул
172580490,2241306,be,Тирма
172580721,2241309,be,Гархі
172581029,2241313,be,Кумхупур
172581106,2241314,be,Орцххи
172581183,2241315,be,Каран Кхера
172581260,2241316,be,Кулхаули
172581337,2241317,be,Цхирли
172581491,2241319,be,Катхуи
172581722,2241322,be,Дипапур
172581799,2241323,be,Мандзілва
172582030,2241326,be,Бхагваці
172582107,2241327,be,Тапован
172582261,2241329,be,Ваголі Хурд
172582338,2241330,be,Гаркхера
172582415,2241331,be,Тондгаон
172582646,2241334,be,Цхинцхпур
172582723,2241335,be,Калбарга
172582800,2241336,be,Сукли
172582877,2241337,be,Крышна
172582954,2241338,be,Вадхона
172583185,2241341,be,Кокалгаон
172583262,2241342,be,Кадалі
172583416,2241344,be,Сурайкхера
172583570,2241346,be,Ганесхпур
172583647,2241347,be,Боркхери
172583878,2241350,be,Ванджхола
172584032,2241352,be,Пангаркхед
172584109,2241353,be,Танка
172584186,2241354,be,Вай
172584263,2241355,be,Капуркхера
172584417,2241357,be,Дэатана
172584494,2241358,be,Пхалегаон
172584648,2241360,be,Саван
172584802,2241362,be,Адгаон
172584879,2241363,be,Бхангі
172584956,2241364,be,Дилли
172585033,2241365,be,Херда
172585110,2241366,be,Белура
172585187,2241367,be,Бундала
172585264,2241368,be,Вадад
172585341,2241369,be,Екамба
172585418,2241370,be,Бодки
172585495,2241371,be,Брахминуара
172585726,2241374,be,Йаипуруари
172585880,2241376,be,Хирди
172586188,2241380,be,Хандала
172586342,2241382,be,Баралвары
172586419,2241383,be,Умбра
172586496,2241384,be,Йула Бузарг
172586573,2241385,be,Цхангипхал
172586650,2241386,be,Нандура
172586804,2241388,be,Пангри
172586958,2241390,be,Сатамба
172587035,2241391,be,Бхандегаон
172587112,2241392,be,Парда
172587266,2241394,be,Пароль
172587497,2241397,be,Калкунди
172587574,2241398,be,Гаролі
172587651,2241399,be,Амла
172587728,2241400,be,Адолі
172587882,2241402,be,Сава
172587959,2241403,be,Цхинцхоли
172588344,2241408,be,Гхота
172588421,2241409,be,Кханбала
172588960,2241416,be,Пуруа Хинду Сингх
172589191,2241419,be,Дхаунре Пуруа
172590038,2241430,be,Пандэ Пурва
172590423,2241435,be,Сохрас
172590808,2241440,be,Кундаила
172590885,2241441,be,Далли Пуруа
172591501,2241449,be,Сумерпур
172592348,2241460,be,Сунари
172592579,2241463,be,Митрипур
172592733,2241465,be,Гадзіян Пурва
172592964,2241468,be,Кхуррампур
172593195,2241471,be,Агапур
172593426,2241474,be,Фатэхпур
172593888,2241480,be,Цхак Пандари
172594273,2241485,be,Гархі
172594427,2241487,be,Хасна Мауаи
172594504,2241488,be,Суркути
172594658,2241490,be,Кондри Цхандан
172595351,2241499,be,Рамуапур Рагхубир Сингх
172595505,2241501,be,Сонаран Пуруа
172595582,2241502,be,Кахаран Пурва
172595736,2241504,be,Махури Кхурд
172595890,2241506,be,Тика Рам Пуруа
172595967,2241507,be,Курми Пуруа
172596429,2241513,be,Хаидарпур Наубаста
172596506,2241514,be,Пандит Пуруа
172597430,2241526,be,Басахиа Йагат
172597584,2241528,be,Харцханда
172597738,2241530,be,Гобраура
172598046,2241534,be,Курмаура
172598277,2241537,be,Салар Пуруа
172598354,2241538,be,Ганга Пурва
172598585,2241541,be,Бхаули
172598816,2241544,be,Бхая Пурва
172598893,2241545,be,Курсанда
172599432,2241552,be,Мадрахи
172599663,2241555,be,Харні Пурва
172600202,2241562,be,Чак Пурва
172600664,2241568,be,Дханрайпур
172601203,2241575,be,Мустафабад
172601588,2241580,be,Кабриан Пуруа
172601973,2241585,be,Дхава
172602050,2241586,be,Кхизрапур
172602281,2241589,be,Сураджбалі Пурва
172602358,2241590,be,Лала Пурва
172602666,2241594,be,Хаснапур
172603128,2241600,be,Бируха
172603359,2241603,be,Зумерпур
172603821,2241609,be,Пура Сарйу
172604052,2241612,be,Адампур
172604514,2241618,be,Бамхаура
172604899,2241623,be,Анауры
172605130,2241626,be,Пура Ахир
172605207,2241627,be,Неолі
172605284,2241628,be,Пара Парасрампур
172605823,2241635,be,Пура Пандит
172605900,2241636,be,Таппе Сипах
172606054,2241638,be,Ганга Пурва
172606824,2241648,be,Камалпур
172607286,2241654,be,Тарахта
172607902,2241662,be,Бархаулиа
172608056,2241664,be,Бхулиапур
172608441,2241669,be,Тиктха Пуруа
172608595,2241671,be,Прсохар
172608980,2241676,be,Бехта
172609211,2241679,be,Рамгарх
172609827,2241687,be,Пара
172609981,2241689,be,Дусва
172610982,2241702,be,Гхутру
172611136,2241704,be,Пасі Пурва
172611290,2241706,be,Сираули Гунг
172611675,2241711,be,Санаван
172612060,2241716,be,Схеикхпур Тутру
172612368,2241720,be,Цхамру Пуруа
172612522,2241722,be,Марауцха
172612599,2241723,be,Лала Пурва
172612753,2241725,be,Гошайн Пурва
172613523,2241735,be,Чэры Пурва
172613754,2241738,be,Накахра
172614139,2241743,be,Ганаулиа
172614293,2241745,be,Тауакалпур
172614678,2241750,be,Гандара
172614909,2241753,be,Хусеинпур
172615140,2241756,be,Белнапара
172615371,2241759,be,Луниан Пуруа
172616218,2241770,be,Сунса Даудпур
172616372,2241772,be,Хаидарабад
172617142,2241782,be,Дебидаспур
172617296,2241784,be,Сакаргхатти
172617527,2241787,be,Намдипур
172617758,2241790,be,Йалалпур Хардо Патти
172617912,2241792,be,Патан
172618066,2241794,be,Хіўра
172618374,2241798,be,Лохгаон
172618451,2241799,be,Датигаон
172618528,2241800,be,Каранйала
172618605,2241801,be,Нагджары
172618990,2241806,be,Самга
172619529,2241813,be,Дикаули Кала
172619760,2241816,be,Махери
172619914,2241818,be,Аима Йаисингхпур
172620068,2241820,be,Йаисингхпур
172620222,2241822,be,Параг Пурва
172620299,2241823,be,Нава Пурва
172620530,2241826,be,Санбарса
172620761,2241829,be,Селсура
172620915,2241831,be,Догала
172620992,2241832,be,Пипла
172621300,2241836,be,Лака
172621531,2241839,be,Гадхала
172621685,2241841,be,Хингни
172621839,2241843,be,Такалгохан
172621916,2241844,be,Ринапур
172622301,2241849,be,Кхапраха
172622532,2241852,be,Цхилаули
172622917,2241857,be,Шукул Пурва
172622994,2241858,be,Арай Умры
172623071,2241859,be,Харни Аусери
172623379,2241863,be,Рам Пурва
172623456,2241864,be,Гаўспур
172623610,2241866,be,Нандапур
172623764,2241868,be,Канйара
172623918,2241870,be,Какардхаба
172624072,2241872,be,Нішана
172624149,2241873,be,Йаргаон
172624226,2241874,be,Борха
172624534,2241878,be,Анджанвара
172624611,2241879,be,Дэвала
172624765,2241881,be,Суригаон
172624842,2241882,be,Сурвары
172625150,2241886,be,Міран Пурва
172625458,2241890,be,Шэйхан Пурва
172626228,2241900,be,Барбатпур
172626690,2241906,be,Райдари
172626767,2241907,be,Амдары
172626844,2241908,be,Лохра Кхурд
172626921,2241909,be,Йалалдхаыа
172626998,2241910,be,Раджапур
172627152,2241912,be,Валкі
172627229,2241913,be,Сукапур
172627383,2241915,be,Сауаркхера
172627537,2241917,be,Вапці
172627614,2241918,be,Копці
172627922,2241922,be,Бхопатпур
172628153,2241925,be,Кхарйаха
172628307,2241927,be,Курми Пуруа
172628384,2241928,be,Макх Пуруа
172628538,2241930,be,Бары Пурва
172628692,2241932,be,Канехта
172629077,2241937,be,Бируха
172629154,2241938,be,Курми Пуруа
172629693,2241945,be,Патан Пурва
172629770,2241946,be,Пандит Пуруа
172630232,2241952,be,Дихуа Кхурд
172630617,2241957,be,Бхірдан Пурва
172631002,2241962,be,Цхахлар
172631541,2241969,be,Гадзіян Пурва
172631772,2241972,be,Нараыанпур Майха
172632003,2241975,be,Лала Пурва
172633081,2241989,be,Джытаўра
172634005,2242001,be,Айма
172634467,2242007,be,Бірва
172635083,2242015,be,Пура Паткхан
172635160,2242016,be,Лохаран Пурва
172635545,2242021,be,Парсаули
172635699,2242023,be,Малаули
172636315,2242031,be,Рам Сахаи
172637393,2242045,be,Дхаўрара
172637701,2242049,be,Катра Схахбазпур
172639549,2242073,be,Кхайуриа
172639626,2242074,be,Йхалариа
172639703,2242075,be,Пара
172640011,2242079,be,Лала Пурва
172640319,2242083,be,Рудаулиа
172640396,2242084,be,Уска
172640858,2242090,be,Дуда
172641782,2242102,be,Дхема
172642244,2242108,be,Махувар
172642475,2242111,be,Динкариа
172642552,2242112,be,Бірахімпур
172643014,2242118,be,Тэры
172644477,2242137,be,Цхитраули
172644631,2242139,be,Гумдаха
172644862,2242142,be,Цхандхариа
172645247,2242147,be,Цхандрабханпур
172646710,2242166,be,Далмир
172647249,2242173,be,Баисан
172648173,2242185,be,Бхат Пурва
172649097,2242197,be,Нараунда
172649790,2242206,be,Добі Пурва
172650021,2242209,be,Кхемпур
172650252,2242212,be,Нанда Пурва
172650560,2242216,be,Гандва
172650945,2242221,be,Оджа Пурва
172651099,2242223,be,Таиыабпур
172651176,2242224,be,Бирйа Пуруа
172651330,2242226,be,Кундри
172651715,2242231,be,Парсан Пуруа
172652177,2242237,be,Басти Пуруа
172652716,2242244,be,Раджа Пурва
172652947,2242247,be,Мараван Пурва
172653024,2242248,be,Рупан Пуруа
172653101,2242249,be,Деуа Пасиа
172653409,2242253,be,Ахіран Пурва
172653948,2242260,be,Муншы Пурва
172654025,2242261,be,Гарыян Пурва
172654179,2242263,be,Бхагариа
172654256,2242264,be,Типри
172654333,2242265,be,Урди Гонда
172654487,2242267,be,Хата
172654949,2242273,be,Мухамадпур
172655334,2242278,be,Гауруа Калан
172655950,2242286,be,Мандап
172656258,2242290,be,Патхак Пуруа
172656335,2242291,be,Бходжы Пурва
172656489,2242293,be,Рай Пурва
172657182,2242302,be,Байрампур
172657336,2242304,be,Цххатаура
172657413,2242305,be,Хандуры
172657490,2242306,be,Пандит Пур
172657952,2242312,be,Баран Пурва
172658491,2242319,be,Джалахан Пуўра
172658722,2242322,be,Палтан Пуруа
172658953,2242325,be,Манкапур
172659030,2242326,be,Ахата
172659415,2242331,be,Наваджы Пурва
172659569,2242333,be,Шнклан Пурва
172659800,2242336,be,Балдан Пуруа
172660416,2242344,be,Субадар Пурва
172661417,2242357,be,Моти Пуруа
172661879,2242363,be,Дудахи
172662110,2242366,be,Бхаирампур
172662187,2242367,be,Далай Пурва
172662264,2242368,be,Алха Пурва
172662418,2242370,be,Субадар Пурва
172662803,2242375,be,Рамгарх
172663111,2242379,be,Пипри Раут
172663265,2242381,be,Мани Пуруа
172663342,2242382,be,Махадэа
172663496,2242384,be,Нидура
172663573,2242385,be,Йоги Пуруа
172663881,2242389,be,Дхансара
172664343,2242395,be,Тилоцхан Пуруа
172664574,2242398,be,Йамадарпуруа
172664805,2242401,be,Тикаули
172664959,2242403,be,Бхитиха
172665113,2242405,be,Сэр Пурва
172665267,2242407,be,Баха Пуруа
172665575,2242411,be,Нагва
172665729,2242413,be,Лод Пурва
172666345,2242421,be,Садаі Пурва
172666884,2242428,be,Диппур
172667577,2242437,be,Сунуар
172667731,2242439,be,Субадар Пурва
172667962,2242442,be,Каран Кхал
172668270,2242446,be,Калакхера
172668886,2242454,be,Пхулпур Бийхалпур
172668963,2242455,be,Пура Тан
172669117,2242457,be,Йхунди Мафи
172669810,2242466,be,Мілак
172670580,2242476,be,Рударпур
172670965,2242481,be,Пахарпур Уаккал
172671119,2242483,be,Сунгатхер
172671273,2242485,be,Канета
172671427,2242487,be,Манграула
172671812,2242492,be,Гангаткола
172671889,2242493,be,Пандэ Пурва
172671966,2242494,be,Доулатпур Калан
172672505,2242501,be,Фирозпур Бадлу
172672736,2242504,be,Дхакиа Кхадар
172672890,2242506,be,Хакимпур
172673121,2242509,be,Патти Кхадар
172673275,2242511,be,Гангвар
172673429,2242513,be,Бураолі
172674122,2242522,be,Мисран Пуруа
172674199,2242523,be,Банска Калан
172674353,2242525,be,Банска Кхурд
172674584,2242528,be,Кастури
172674815,2242531,be,Сутаоли
172675046,2242534,be,Цххапна
172675354,2242538,be,Камалпур
172675431,2242539,be,Кхуртиа
172675508,2242540,be,Гунуан
172675816,2242544,be,Гаддупур
172675893,2242545,be,Тараули
172676124,2242548,be,Касхипура
172676586,2242554,be,Кханаура
172676971,2242559,be,Гангесри
172677048,2242560,be,Курми Пуруа
172677202,2242562,be,Салпур
172677741,2242569,be,Чамаран Пурва
172677895,2242571,be,Лала Пурва
172678434,2242578,be,Хушалпур
172678819,2242583,be,Бхогпура
172678896,2242584,be,Даиниганй
172679050,2242586,be,Дхенкла
172679358,2242590,be,Адампур
172679666,2242594,be,Асхикпур
172679974,2242598,be,Цхакпхери
172680128,2242600,be,Пурсал
172680282,2242602,be,Симтхала
172680436,2242604,be,Схиамгархи
172680513,2242605,be,Ахіран Пурва
172680744,2242608,be,Фатэхпур
172681129,2242613,be,Кхилиа Кхалса
172681437,2242617,be,Інта
172681591,2242619,be,Бхаинсри
172681745,2242621,be,Огпура
172681822,2242622,be,Сантхалпур
172682284,2242628,be,Динари
172682669,2242633,be,Султанпур Бхема
172683054,2242638,be,Нагла Кхадар
172683362,2242642,be,Таджпур
172683747,2242647,be,Рупа Нагла
172683901,2242649,be,Багарпур
172684132,2242652,be,Джуджхарпур
172684748,2242660,be,Цхамар Патти
172684825,2242661,be,Панчам Пурва
172685056,2242664,be,Патсал
172685287,2242667,be,Цхак Гхулам Амбиа
172685441,2242669,be,Пандка
172685672,2242672,be,Гарыян Пурва
172685749,2242673,be,Куа Дали
172686365,2242681,be,Дамгари
172686596,2242684,be,Уйхари
172687135,2242691,be,Какрауа
172687366,2242694,be,Галсуа
172687982,2242702,be,Пайрауры
172688675,2242711,be,Даудпур
172689060,2242716,be,Шэйхпур Джакры
172689214,2242718,be,Нурпур Кхурд
172689368,2242720,be,Мухамадпур
172689522,2242722,be,Райа Нагал
172689676,2242724,be,Бхадаура
172689830,2242726,be,Нагалиа Мунсхи
172689984,2242728,be,Оса Муафи
172690446,2242734,be,Цхакори
172690908,2242740,be,Саларпур
172691216,2242744,be,Чакія
172691524,2242748,be,Разикхера
172691678,2242750,be,Йехал
172691909,2242753,be,Канйемау
172692448,2242760,be,Хайрпур
172692525,2242761,be,Корта
172692987,2242767,be,Баланагал
172693141,2242769,be,Фирозабад
172693218,2242770,be,Лала Пурва
172693295,2242771,be,Асрафпур
172693680,2242776,be,Дхарангпур
172693834,2242778,be,Харыяна
172694142,2242782,be,Дхакка
172694758,2242790,be,Катхна
172694912,2242792,be,Нагалиа Камгар
172695066,2242794,be,Гыанпур Сисона
172695836,2242804,be,Сабдалпур Схарки
172696452,2242812,be,Менхдипур
172697299,2242823,be,Фатехпур Део
172697453,2242825,be,Мирзапур Какроуа
172698454,2242838,be,Біжнаўра
172698531,2242839,be,Пурван Пурва
172698762,2242842,be,Сакатпур
172698916,2242844,be,Каранпур
172699147,2242847,be,Чаўконі
172699301,2242849,be,Дарыапур Райдео
172699609,2242853,be,Кхарсоли
172699917,2242857,be,Чаўконі
172700071,2242859,be,Гарибпур
172700456,2242864,be,Сирса Нал
172700687,2242867,be,Мілак
172700841,2242869,be,Падли
172701226,2242874,be,Дхабарсі
172701380,2242876,be,Букхарипур
172701457,2242877,be,Цхандан Кота
172701534,2242878,be,Исапур Сунуари
172701765,2242881,be,Мухаммадпур Бханд
172701919,2242883,be,Кесхопур Бхинди
172701996,2242884,be,Пандит Пуруа
172702073,2242885,be,Рам Сахаи
172702304,2242888,be,Далай Пурва
172702612,2242892,be,Сикандрабад
172702997,2242897,be,Кокапур
172703074,2242898,be,Ситла Сарауа
172703305,2242901,be,Багарпур Цххоиыа
172703536,2242904,be,Притампур
172703690,2242906,be,Хаятпур
172703844,2242908,be,Кхадагпур Раниуала
172703921,2242909,be,Сіхаолі
172703998,2242910,be,Акохри
172704229,2242913,be,Рудаыан
172704614,2242918,be,Нарангпур
172704922,2242922,be,Амаути Кутбпур
172705076,2242924,be,Сондхан Мухаммадпур
172705230,2242926,be,Бхамори Патти
172705384,2242928,be,Сарангпур
172705769,2242933,be,Чамрава
172705923,2242935,be,Бхатола
172706077,2242937,be,Сахра
172706154,2242938,be,Нараыанпур Лалак Цхаубе
172706308,2242940,be,Райгхат
172706385,2242941,be,Касеруа
172706462,2242942,be,Пуруа Рам Цхаран
172706539,2242943,be,Суйатпур
172706693,2242945,be,Татарпур Сандал
172706847,2242947,be,Хисампур
172707001,2242949,be,Пипли Рахманпур
172707155,2242951,be,Лакхаури Йалалпур
172707309,2242953,be,Махрана
172707617,2242957,be,Бахрампур Базург
172707771,2242959,be,Бхадрола
172708002,2242962,be,Нараыанпурсал
172708387,2242967,be,Сулакхна
172708541,2242969,be,Бхатаулі
172708772,2242972,be,Схарифпур
172709234,2242978,be,Раыан Кхурд
172709619,2242983,be,Манникхера
172709773,2242985,be,Дехпа
172709927,2242987,be,Аинцхора Дингар
172710081,2242989,be,Палі
172710158,2242990,be,Сараян
172710851,2242999,be,Милак Йханд
172711005,2243001,be,Мандли Схамаспур
172711159,2243003,be,Пансукха
172711390,2243006,be,Пандэ Пурва
172711467,2243007,be,Милк Пансукха
172711775,2243011,be,Татарпур Руд
172711929,2243013,be,Райха
172712006,2243014,be,Шахпур
172712160,2243016,be,Пура Аджаб
172712237,2243017,be,Цхитаоли
172712391,2243019,be,Чандпура
172712545,2243021,be,Айнчора Камбо
172712853,2243025,be,Гхансурпур
172713777,2243037,be,Фатехпур Сакта
172714085,2243041,be,Алія Каліянпур
172714393,2243045,be,Гангдаспур
172714470,2243046,be,Рудаули
172715163,2243055,be,Нараыанпур Йаисингх
172715240,2243056,be,Бхарвара
172716087,2243067,be,Еткадпур Бхатпура
172716241,2243069,be,Сатупура
172717473,2243085,be,Байкаха
172717935,2243091,be,Баран Пурва
172718012,2243092,be,Гориан
172718551,2243099,be,Шэйхан Пурва
172719706,2243114,be,Факир Пуруа
172719783,2243115,be,Бхаган Пурва
172719937,2243117,be,Цхандуапур
172720322,2243122,be,Дируа Харбаспур
172720476,2243124,be,Баргадхи
172720553,2243125,be,Рамдаыал Пуруа
172720707,2243127,be,Пасі Пурва
172721015,2243131,be,Бельва Падам
172721092,2243132,be,Мурао Пуруа
172721631,2243139,be,Шыудаха
172721785,2243141,be,Рамадхин Пуруа
172721939,2243143,be,Калі Пурва
172722170,2243146,be,Дарыао Пуруа
172722401,2243149,be,Сипахиа Пуруа
172722555,2243151,be,Лодхан Пурва
172722632,2243152,be,Раджвапур
172722709,2243153,be,Пура Хари Рам
172723017,2243157,be,Цхардаха
172723171,2243159,be,Пура Мехарбан
172723402,2243162,be,Дхаули
172723633,2243165,be,Байсан Пурва
172723787,2243167,be,Цхати
172723864,2243168,be,Хаджуры
172724095,2243171,be,Докнахи
172724249,2243173,be,Пура Рам Адхин
172724403,2243175,be,Кальві
172724865,2243181,be,Кхуртхуа
172725481,2243189,be,Сунга
172725943,2243195,be,Чатра
172726020,2243196,be,Лалпур
172726097,2243197,be,Пандит Пуруа
172726405,2243201,be,Сатрахи
172726482,2243202,be,Бхая Пурва
172726559,2243203,be,Гурдат Пурва
172726867,2243207,be,Холи Пуруа
172727021,2243209,be,Рукнапур
172727098,2243210,be,Инаыатапур
172727175,2243211,be,Цівары Пурва
172727637,2243217,be,Махра Мау
172727791,2243219,be,Сабурам Пуруа
172728022,2243222,be,Амдапур
172728561,2243229,be,Оры Пурва
172728638,2243230,be,Йулахан Пуруа
172728946,2243234,be,Бабаганй
172729254,2243238,be,Хандарва
172729408,2243240,be,Кхунаура
172729639,2243243,be,Паттихат
172729793,2243245,be,Кармохна
172730486,2243254,be,Дебидас Пура
172730640,2243256,be,Акраура
172730717,2243257,be,Дхапеи Пуруа
172731256,2243264,be,Радхахагар
172731333,2243265,be,Бары Пурва
172731795,2243271,be,Масудпур
172731949,2243273,be,Сацхаули
172732257,2243277,be,Йанкинагар
172732488,2243280,be,Мохендарнагар
172732873,2243285,be,Балі Пурва
172733181,2243289,be,Нібіха
172733258,2243290,be,Йаисаура
172733335,2243291,be,Дудхаули
172733643,2243295,be,Рагхурампур
172734259,2243303,be,Чамар Пурва
172734952,2243312,be,Султана Мафи
172735029,2243313,be,Цхандуамау
172735260,2243316,be,Манитанд
172735337,2243317,be,Пахунцхкатта
172735568,2243320,be,Рохнибхари
172735722,2243322,be,Бангхусри
172735953,2243325,be,Пакариа
172736184,2243328,be,Саныасийот
172737339,2243343,be,Пандит Пуруа
172737416,2243344,be,Канцххар
172737647,2243347,be,Удхарна Тхакураин
172738340,2243356,be,Гангвал
172738725,2243361,be,Мадхнагра
172739033,2243365,be,Ситарамнагар
172739726,2243374,be,Бамхан Пуруа
172740111,2243379,be,Пура Шыу Сахай
172740265,2243381,be,Агіярам Пурва
172740727,2243387,be,Бисаи Диха
172740958,2243390,be,Парсія
172741266,2243394,be,Баираги
172741882,2243402,be,Семра
172742036,2243404,be,Бахарыя
172742190,2243406,be,Сисаиыа
172742267,2243407,be,Мохан Тепра
172743345,2243421,be,Кешвапур
172744500,2243436,be,Нанкар
172744808,2243440,be,Дхаункал Пурва
172744962,2243442,be,Джатпурва
172745347,2243447,be,Бицххури
172745809,2243453,be,Дол Кунван
172746194,2243458,be,Йамунаха Кала
172747118,2243470,be,Цххапартала
172747272,2243472,be,Ыахиа Цхет
172747580,2243476,be,Бурнагри
172748504,2243488,be,Кацька
172749120,2243496,be,Бараулі
172749197,2243497,be,Катава
172749813,2243505,be,Умариа
172749890,2243506,be,Басбхарыя
172750352,2243512,be,Какраха
172750506,2243514,be,Йагдисхпур Балди
172750583,2243515,be,Цхилбил Махас
172751353,2243525,be,Рам Сир
172752200,2243536,be,Пура Исри
172752431,2243539,be,Белуа Бхан
172752893,2243545,be,Бхаваніапур
172753201,2243549,be,Турак Пура
172753355,2243551,be,Нанхун Пура
172753509,2243553,be,Накти Пура
172753971,2243559,be,Умра
172754741,2243569,be,Мангалнагар
172754895,2243571,be,Патханайот
172755126,2243574,be,Думцхипур
172755280,2243576,be,Манохарйот
172756050,2243586,be,Пура Хисаб
172756127,2243587,be,Пхренда Схукул
172756358,2243590,be,Далпатпур
172756743,2243595,be,Калыанйот
172756820,2243596,be,Белуа Базар
172757744,2243608,be,Йаирам Пуруа
172757821,2243609,be,Салім Джаф
172757898,2243610,be,Канчва
172758052,2243612,be,Гхуцхуапур
172758206,2243614,be,Сахджанван
172758283,2243615,be,Бирпур Бхой
172758437,2243617,be,Навагаон
172758591,2243619,be,пураінскі
172758668,2243620,be,Бхуркури
172758899,2243623,be,Анантпур
172759053,2243625,be,Райайот
172759669,2243633,be,Гаухана
172759823,2243635,be,Асдаха
172759977,2243637,be,Камраван
172760208,2243640,be,Кханпур Маллох
172760362,2243642,be,Ганесхпур
172760439,2243643,be,Йаималпуруа
172760593,2243645,be,Дхамнахва
172760670,2243646,be,Кхойнапур
172760824,2243648,be,Нигох
172760901,2243649,be,Раниапур Гобраи
172761286,2243654,be,Гобриа
172761594,2243658,be,Пура Паси
172761748,2243660,be,Кхариха
172761979,2243663,be,Курсаха
172762056,2243664,be,Мадхнагара
172762210,2243666,be,Канх Бхари
172762441,2243669,be,Бара Низам
172762595,2243671,be,Лахнапур
172763057,2243677,be,Сисаи Йангал
172763211,2243679,be,Алинагар
172763596,2243684,be,Барариа Даргахи
172763827,2243687,be,Сісгаван
172765059,2243703,be,Баидаура Базар
172765213,2243705,be,Кинунбара
172765444,2243708,be,Пураина
172765598,2243710,be,Суджан Дых
172765675,2243711,be,Тикуиыа
172765829,2243713,be,Лакхарампур
172766291,2243719,be,Котхар
172766599,2243723,be,Султанпур
172767215,2243731,be,Баргадхи
172767600,2243736,be,Цхаухатта
172768139,2243743,be,Лалнагар
172768601,2243749,be,Хиру Пуруа
172768755,2243751,be,Амколва
172769294,2243758,be,Патанйот
172769602,2243762,be,Рамаыанпуруа
172770449,2243773,be,Амраи
172770603,2243775,be,Годхна
172770680,2243776,be,Саркахи
172770757,2243777,be,Йаитапур
172770834,2243778,be,Баланагар Кандры
172770911,2243779,be,Пакри
172771219,2243783,be,Йамнахи
172771296,2243784,be,Чарнян Кот
172772451,2243799,be,Пипра
172772528,2243800,be,Мадхо Пурва
172772836,2243804,be,Тындва
172772913,2243805,be,Балапур
172773067,2243807,be,Кхайурар
172773144,2243808,be,Сахпара
172773298,2243810,be,Билха
172773452,2243812,be,Йамнаха Хардат
172773529,2243813,be,Ранипур Тилак
172774299,2243823,be,Нібіха
172774684,2243828,be,Цхаукхариа
172774838,2243830,be,Бішнапур
172774992,2243832,be,Амколва
172775300,2243836,be,Пуре Мансарам
172775454,2243838,be,Раниапур
172775531,2243839,be,Дудхарва
172775608,2243840,be,Балуакакра
172775685,2243841,be,Хусаиннагар
172775762,2243842,be,Цххитнапур
172776147,2243847,be,Бхангаха
172776686,2243854,be,Нанднагар
172777071,2243859,be,Нараыанпур Мафи
172777148,2243860,be,Пацхран
172777225,2243861,be,Пиртхинатх
172777456,2243864,be,Карам Дых Хурд
172777610,2243866,be,Бирмапур
172777687,2243867,be,Місраулія
172777841,2243869,be,Ацхлапур
172778149,2243873,be,Цхукхариыа
172778534,2243878,be,Акбарпур
172779920,2243896,be,Хардаян
172779997,2243897,be,Бхолайот
172780382,2243902,be,Кураси
172780536,2243904,be,Чахува
172780613,2243905,be,Дубавал
172780921,2243909,be,Сархара
172781306,2243914,be,Тандуа Гхулам
172781383,2243915,be,Анеги
172781691,2243919,be,Кхурсари
172782076,2243924,be,Баруанди
172782230,2243926,be,Харафиыа Бан
172782307,2243927,be,Пипри
172782615,2243931,be,Курсаха
172783154,2243938,be,Ахіран Пурва
172783308,2243940,be,Цхеонти Пуруа
172783924,2243948,be,Чамар Пурва
172784078,2243950,be,Йхала Тархар
172785849,2243973,be,Тирра
172787004,2243988,be,Гангайот
172787081,2243989,be,Басант Тепра
172787466,2243994,be,Гуйар Пуруа
172787774,2243998,be,Хардахи
172790392,2244032,be,Индрапур
172790700,2244036,be,Луниан Пуруа
172790777,2244037,be,Чака
172792394,2244058,be,Патна
172793087,2244067,be,Рывалгандж
172793241,2244069,be,Ранкіян Пурва
172793318,2244070,be,Сукаи Пуруа
172793549,2244073,be,Кахаран Пурва
172793857,2244077,be,Манера
172794011,2244079,be,Иира
172794165,2244081,be,Білас
172794627,2244087,be,Патархі
172795243,2244095,be,Цікры
172795474,2244098,be,Каннапур
172795782,2244102,be,Барнапур
172796321,2244109,be,Йогни
172796706,2244114,be,Пандэ Пурва
172797168,2244120,be,Белбхариа
172797399,2244123,be,Хайры
172798015,2244131,be,Фатехгарх
172798169,2244133,be,Рамнагра
172798631,2244139,be,Канка
172798785,2244141,be,Гівальні
172798862,2244142,be,Ісапур
172799170,2244146,be,Рамвары
172799247,2244147,be,Масад
172799324,2244148,be,Ласина
172799401,2244149,be,Умар
172799555,2244151,be,Дханура
172799632,2244152,be,Вай
172799940,2244156,be,Ирапур
172800171,2244159,be,Гангапур
172800248,2244160,be,Тарора
172800556,2244164,be,Хатмали
172800710,2244166,be,Морвары
172801249,2244173,be,Малегаон
172801557,2244177,be,Санды
172801711,2244179,be,Гірамвары
172801788,2244180,be,Парди
172801942,2244182,be,Арати
172802019,2244183,be,Навары
172802173,2244185,be,Байлмандал
172802250,2244186,be,Бхатегаон
172802558,2244190,be,Йарора
172802635,2244191,be,Сальва
172802789,2244193,be,Салегаон
172802866,2244194,be,Рупур
172803020,2244196,be,Сорегаон
172803251,2244199,be,Кондхур
172803328,2244200,be,Билтхар
172803405,2244201,be,Ыелки
172803482,2244202,be,Камта
172803559,2244203,be,Гхора
172803790,2244206,be,Крисхнапур
172803867,2244207,be,Яхагаон
172804021,2244209,be,Сапли
172804098,2244210,be,Копці
172804252,2244212,be,Бибтхар
172804406,2244214,be,Борда
172804483,2244215,be,Потра
172804637,2244217,be,Дхардхауанда
172804945,2244221,be,Неоры
172805022,2244222,be,Таланг
172805099,2244223,be,Дэожана
172805176,2244224,be,Канагаон
172805330,2244226,be,Унцхара
172805638,2244230,be,Нимток
172805869,2244233,be,Тупа
172806023,2244235,be,Асоли
172806100,2244236,be,Йахра
172806485,2244241,be,Пимпалкхута
172806562,2244242,be,Гатвадзі
172806639,2244243,be,Вадад
172806716,2244244,be,Саі
172806947,2244247,be,Ыеранди
172807178,2244250,be,Парди
172807332,2244252,be,Варуд
172807409,2244253,be,Лони
172807563,2244255,be,Катарвадзі
172807640,2244256,be,Бори
172807717,2244257,be,Марвадзі
172807871,2244259,be,Хіўры
172807948,2244260,be,Каодгаон
172808025,2244261,be,Кхаткхед
172808102,2244262,be,Палоди
172808256,2244264,be,Німбі
172808333,2244265,be,Бхатумба
172808410,2244266,be,Касала
172808487,2244267,be,Малегаон
172808564,2244268,be,Саркинхи
172808641,2244269,be,Малкинхи
172808718,2244270,be,Пимпалгаон
172808795,2244271,be,Худи
172808872,2244272,be,Покхари
172809334,2244278,be,Бори Кхурд
172809411,2244279,be,Вадсад
172809488,2244280,be,Дхансал
172809642,2244282,be,Мандва
172809796,2244284,be,Кондаи
172809950,2244286,be,Цхикни
172810027,2244287,be,Гунджа
172810181,2244289,be,Пімпалвадзі
172810335,2244291,be,Сандава
172810412,2244292,be,Кхадкдари
172810643,2244295,be,Саван
172810720,2244296,be,Харси
172810797,2244297,be,Кхарси
172810874,2244298,be,Балуади
172810951,2244299,be,Лондари
172811028,2244300,be,Биби
172811105,2244301,be,Дхарамуади
172811182,2244302,be,Бота
172811259,2244303,be,Лохара Кхурд
172811336,2244304,be,Ути
172811413,2244305,be,Хингни
172811567,2244307,be,Дхар Мохо
172811721,2244309,be,Амдары
172811798,2244310,be,Инапур
172811875,2244311,be,Чылвадзі
172811952,2244312,be,Тароди
172812183,2244315,be,Бихарипур Кумхарка
172812260,2244316,be,Сафаура
172812414,2244318,be,Матехнан
172812491,2244319,be,Дхимарпура
172812568,2244320,be,Цхатхиа Сеуарам
172812645,2244321,be,Каитхулиа
172812722,2244322,be,Кхарагпур Калан
172812799,2244323,be,Мигхаи
172812876,2244324,be,Ладпур
172812953,2244325,be,Амрита Кхас
172813107,2244327,be,Мірзапур
172814493,2244345,be,Бхопатпур
172814801,2244349,be,Ацхалпур
172815186,2244354,be,Фатэхпур
172815571,2244359,be,Фаизпур
172815648,2244360,be,Мау
172815725,2244361,be,Бхопатпур
172816110,2244366,be,Гхосипура
172816264,2244368,be,Нагла Йирампур
172816418,2244370,be,Гхусрана Харсингх
172816572,2244372,be,Тальвар
172816880,2244376,be,Госми
172817188,2244380,be,Мирампур
172817342,2244382,be,Ранігандж
172817650,2244386,be,Сингх Даланпур
172818035,2244391,be,Малікпур
172818112,2244392,be,Тумариа Кхадар
172818343,2244395,be,Сикандарпур Кхаги
172818497,2244397,be,Базирганй
172818651,2244399,be,Семры
172818728,2244400,be,Цханду Нагла
172818805,2244401,be,Сундарпур
172819113,2244405,be,Расулпур
172819190,2244406,be,Бхикампур Йаини
172819267,2244407,be,Сінгхаулі Калу
172819344,2244408,be,Йаханпур
172819652,2244412,be,Хаимадпур
172819729,2244413,be,Каркаура
172819883,2244415,be,Исхакпур
172820037,2244417,be,Хардаспур
172820191,2244419,be,Кхагупура
172820576,2244424,be,Салара
172820807,2244427,be,Дехри Кхадар
172820961,2244429,be,Сингхола Цхетсингх
172821038,2244430,be,Пратаппур
172821115,2244431,be,Гурэта
172821423,2244435,be,Сірса
172821500,2244436,be,Кхарпари
172821731,2244439,be,Ікона
172821808,2244440,be,Бийхалпур
172822039,2244443,be,Макрандпур
172822116,2244444,be,Каранпур Каыаст
172822193,2244445,be,Гонхат
172822347,2244447,be,Таранпур
172822424,2244448,be,Схергарх
172822501,2244449,be,Имритпур
172822655,2244451,be,Лакханпур
172822732,2244452,be,Кударси
172822886,2244454,be,Мубаракпур
172823040,2244456,be,Лахра Рату
172823117,2244457,be,Камалпур
172823425,2244461,be,Салемпур
172823502,2244462,be,Екона
172823579,2244463,be,Кхайра Инаыатганй
172823656,2244464,be,Мадхавалі
172823733,2244465,be,Шэрпур
172823810,2244466,be,Бхаінсраулі
172823887,2244467,be,Низампур
172824041,2244469,be,Барора
172824272,2244472,be,Сінгхаулі Пурбія
172824349,2244473,be,Канхауа
172824426,2244474,be,Фаизпур
172824734,2244478,be,Панівара
172824811,2244479,be,Дохри
172825042,2244482,be,Неора
172825119,2244483,be,Амарпур
172825196,2244484,be,Шахпур
172825273,2244485,be,Максуданпур
172825427,2244487,be,Йаитора Сагарпур
172825658,2244490,be,Пахалвара
172825966,2244494,be,Йаидаспур
172826043,2244495,be,Меуа Хасанганй
172826197,2244497,be,Даудпур
172826351,2244499,be,Мадаиыан Багхау
172826428,2244500,be,Наглиа Кази
172826582,2244502,be,Багхау
172826659,2244503,be,Нурпур
172826890,2244506,be,Акбарпур
172826967,2244507,be,Канхуа
172827121,2244509,be,Бахлойпур
172827660,2244516,be,Махмудпур
172827814,2244518,be,Каил
172828122,2244522,be,Цхатарбхампур
172828199,2244523,be,Майхола Фатахпур
172828430,2244526,be,Гарха
172828661,2244529,be,Харфары
172828815,2244531,be,Бхаиыапур
172828969,2244533,be,Баи Бхур
172829123,2244535,be,Гаўрыпур
172829200,2244536,be,Сінгхпур
172829277,2244537,be,Артхал
172829354,2244538,be,Мукатпур
172829816,2244544,be,Гангета
172829893,2244545,be,Каилмунди
172829970,2244546,be,Сисауна
172830047,2244547,be,Муйахидпур
172830201,2244549,be,Нір'явалі
172830355,2244551,be,Багарпур
172830432,2244552,be,Аурангабад Деври
172830586,2244554,be,Цхацху Нагла
172830663,2244555,be,Татарпур Гхоси
172830740,2244556,be,Сикандарпур Карцхали
172830971,2244559,be,Карчхолі
172831202,2244562,be,Дханай
172831279,2244563,be,Моходари
172831356,2244564,be,Нагвадзі
172831433,2244565,be,Патхаруади
172831510,2244566,be,Чылангвадзі
172831587,2244567,be,Тембхурдара
172831741,2244569,be,Котхари
172831818,2244570,be,Райур
172831895,2244571,be,Белдари
172831972,2244572,be,Гаганмал
172832126,2244574,be,Тароди
172832203,2244575,be,Парди
172832280,2244576,be,Ванегаон
172832357,2244577,be,Пимпалдари
172832434,2244578,be,Дагад Дханора
172832511,2244579,be,Каламбул
172832588,2244580,be,Йануна
172832665,2244581,be,Попхали
172832742,2244582,be,Амбали
172832819,2244583,be,Нандгаухан
172832896,2244584,be,Хатал
172832973,2244585,be,Ціўранг
172833050,2244586,be,Манула
172833204,2244588,be,Йагапур
172833435,2244591,be,Вакі
172833512,2244592,be,Цхили
172833589,2244593,be,Диндала
172833666,2244594,be,Марсул
172833743,2244595,be,Купти
172833820,2244596,be,Палси
172833974,2244598,be,Сапти
172834051,2244599,be,Тални
172834128,2244600,be,Манула
172834205,2244601,be,Матала
172834359,2244603,be,Нагесхуади
172834513,2244605,be,Уаруд Биби
172834590,2244606,be,Цхурмура
172834667,2244607,be,Балди
172834744,2244608,be,Дахагаон
172834821,2244609,be,Белхеда
172834975,2244611,be,Карори
172835129,2244613,be,Махтала
172835206,2244614,be,Цхакри
172835360,2244616,be,Колі
172835514,2244618,be,Битаргаон Кхурд
172835591,2244619,be,Раджапур
172835745,2244621,be,Бханегаон
172835822,2244622,be,Унцхегаон
172835899,2244623,be,Дханура
172836053,2244625,be,Хастара
172836130,2244626,be,Марлегаон
172836284,2244628,be,Руи
172836361,2244629,be,Амбала
172836438,2244630,be,Котхала
172836515,2244631,be,Марлегаон
172836669,2244633,be,Горлегаон
172836746,2244634,be,Байлмандал
172836900,2244636,be,Бабли
172836977,2244637,be,Калешвар
172837054,2244638,be,Таклі
172837131,2244639,be,Ціўдзі
172837208,2244640,be,Варола
172837285,2244641,be,Адад
172837439,2244643,be,Сенад
172837516,2244644,be,Вакора
172837670,2244646,be,Каркхед
172837747,2244647,be,Лохара
172837901,2244649,be,Деосари
172837978,2244650,be,Дигхати
172838055,2244651,be,Цхинцхпад
172838132,2244652,be,Ванолі
172838286,2244654,be,Гівальні
172838440,2244656,be,Донвад
172838517,2244657,be,Сендурсани
172838594,2244658,be,Шэлю
172838671,2244659,be,Гхонсара
172838825,2244661,be,Кондари
172838902,2244662,be,Малвакад
172838979,2244663,be,Гхонсара
172839056,2244664,be,Моходи
172839287,2244667,be,Педхи
172839364,2244668,be,Покхари
172839441,2244669,be,Ціваранг
172839518,2244670,be,Малкапур
172839595,2244671,be,Амбод
172839826,2244674,be,Таклі
172839903,2244675,be,Палса
172839980,2244676,be,Мурли
172840057,2244677,be,Ашта
172840134,2244678,be,Накхегаон
172840211,2244679,be,Лакхмапур
172840519,2244683,be,Ланйи
172840596,2244684,be,Бхоса
172840673,2244685,be,Дахісаўлі
172840904,2244688,be,Каранджа
172840981,2244689,be,Схирпур
172841366,2244694,be,Анантадзі
172841674,2244698,be,Дханора
172841751,2244699,be,Руи
172841828,2244700,be,Кероли
172841905,2244701,be,Схекапур
172842059,2244703,be,Шкоднасная праграма
172842290,2244706,be,Умра
172842444,2244708,be,Маэт
172842675,2244711,be,Гундмаль
172842906,2244714,be,Хадсани
172842983,2244715,be,Каранйкхед
172843060,2244716,be,Вагнат
172843137,2244717,be,Амбода
172843214,2244718,be,Йануна
172843291,2244719,be,Калгаон
172843522,2244722,be,Касар Бехела
172843599,2244723,be,Варудзі
172843676,2244724,be,Анмал
172843984,2244728,be,Анйни
172844138,2244730,be,Барвары
172844446,2244734,be,Бхамб
172844523,2244735,be,Пимпри
172844677,2244737,be,Хингни
172844754,2244738,be,Варад
172844831,2244739,be,Пимпалгаон
172844908,2244740,be,Калі
172844985,2244741,be,Махадапур
172845139,2244743,be,Рахур
172845293,2244745,be,Капці
172845447,2244747,be,Пачанда
172845524,2244748,be,Сакур
172845601,2244749,be,Донгаргаон
172845755,2244751,be,Сирмал
172845909,2244753,be,Ісапур
172845986,2244754,be,Цхинцхоли
172846063,2244755,be,Цхили
172846140,2244756,be,Гханмукх
172846217,2244757,be,Дагадтхара
172846294,2244758,be,Нингнур
172846371,2244759,be,Нарали
172846448,2244760,be,Курли
172846525,2244761,be,Боргаон
172846679,2244763,be,Бхавані
172846833,2244765,be,Тембхурдара
172846910,2244766,be,Пиранйи
172847218,2244770,be,Маніялі
172847295,2244771,be,Аколи
172847372,2244772,be,Цхинцхоли
172847449,2244773,be,Хардада
172847680,2244776,be,Цхалгани
172847757,2244777,be,Дханора
172847911,2244779,be,Гайегаон
172848065,2244781,be,Саўлешвар
172848373,2244785,be,Сарпаллі
172848450,2244786,be,Сіндгі
172848527,2244787,be,Брахмангаон
172848604,2244788,be,Парйан
172848681,2244789,be,Каранйи
172848758,2244790,be,Парди
172848835,2244791,be,Цхуткана
172848989,2244793,be,Сунпура
172849143,2244795,be,Чхаві
172849220,2244796,be,Шэхупура
172849297,2244797,be,Пота
172849451,2244799,be,Нигхи
172849528,2244800,be,Цхак Цххауи
172849682,2244802,be,Ауи Хафизпур
172849836,2244804,be,Наурахан
172849990,2244806,be,Мунауарпур
172850298,2244810,be,Бицхпури
172850529,2244813,be,Цхандкхери
172850683,2244815,be,Сікандарпур
172850914,2244818,be,Будерна
172850991,2244819,be,Схапур
172851068,2244820,be,Адхампур
172851530,2244826,be,Укси
172851607,2244827,be,Йаманиа Кхурд
172851761,2244829,be,Султанпур
172851992,2244832,be,Хашампур
172852223,2244835,be,Нагла Дхана
172852300,2244836,be,Сирса Кхумар
172852377,2244837,be,Милак Бикни
172852531,2244839,be,Ахрои
172852608,2244840,be,Бхайанпури
172853070,2244846,be,Цхак Уариспур
172853147,2244847,be,Манак Йури
172853455,2244851,be,Кешапур
172853840,2244856,be,Каилса
172853917,2244857,be,Дела Нагла
172854071,2244859,be,Даин Дера
172854148,2244860,be,Дханаури Ахир
172854764,2244868,be,Схекхупур Гуйар
172854841,2244869,be,Йага Нагла
172854918,2244870,be,Катаи
172854995,2244871,be,Милак Катаи
172855226,2244874,be,Цхупка
172855303,2244875,be,Пуранпур
172855688,2244880,be,Хатва
172855765,2244881,be,Сэнтлі
172856304,2244888,be,Канпура
172856381,2244889,be,Саларпур
172856458,2244890,be,Тикыа
172856535,2244891,be,Фатэхпур
172856612,2244892,be,Дхакиыа
172856997,2244897,be,Какралі
172857151,2244899,be,Хархода Азампур
172857228,2244900,be,Камалпур Йаид
172857536,2244904,be,Матипур
172857613,2244905,be,Фатехпур Абу
172857921,2244909,be,Схахбазпур Калан
172857998,2244910,be,Саидпур Имма
172858229,2244913,be,Асгарипур
172858306,2244914,be,Кхаспур
172858460,2244916,be,Мадхан
172858614,2244918,be,Мирпур Сакипур
172858845,2244921,be,Ратупура
172858999,2244923,be,Нарата Мохаммадпур
172859538,2244930,be,Милак Малпур
172859923,2244935,be,Йиуаи
172860000,2244936,be,Фатэхпур
172860231,2244939,be,Амхера
172860308,2244940,be,Дханупура
172860616,2244944,be,Диппур
172860847,2244947,be,Гандаспур
172860924,2244948,be,Сахаспур
172861309,2244953,be,Ваджыдпур
172861386,2244954,be,Диыоди
172861540,2244956,be,Касимпур Йат
172861617,2244957,be,Сирса Манихар
172861694,2244958,be,Науранги
172861771,2244959,be,Цхак Калилет
172862310,2244966,be,Лодхипур Банйара
172862541,2244969,be,Калилет
172862618,2244970,be,Милак Калилет
172862695,2244971,be,Хасанпур Катиа
172862849,2244973,be,Дабка
172863157,2244977,be,Карапур
172863234,2244978,be,Назрана
172863696,2244984,be,Акбарпур Сакиныа
172864235,2244991,be,Котхипура
172864466,2244994,be,Чакія
172864543,2244995,be,Папри
172865467,2245007,be,Мадхі
172865698,2245010,be,Санйарпур Султанпур
172865852,2245012,be,Нагла Йограй
172865929,2245013,be,Ісмаілпур
172866006,2245014,be,Сімла
172866160,2245016,be,Мундакхери
172866391,2245019,be,Цххайлет
172866468,2245020,be,Йассу Нагла
172866622,2245022,be,Дхаки
172866776,2245024,be,Акбарпур Сихали
172866853,2245025,be,Самадпур Буниадпур
172866930,2245026,be,Сикри
172867161,2245029,be,Бхиканпур
172867546,2245034,be,Пацхокра
172867700,2245036,be,Кучавалі
172867777,2245037,be,Схукла
172867854,2245038,be,Кішанпур
172868085,2245041,be,Дилил ки Мандаиыан
172868162,2245042,be,Байрампур
172868316,2245044,be,Ладавалі
172868470,2245046,be,Цхак Загуали
172868547,2245047,be,Мадхпури
172868778,2245050,be,Кура Мирпур
172868855,2245051,be,Наксхандабад
172869548,2245060,be,Фатехпур Биснои
172869702,2245062,be,Дулахпур
172869779,2245063,be,Цхангери
172870318,2245070,be,Гыанпур
172870472,2245072,be,Сікандарпур
172870626,2245074,be,Мохра
172870934,2245078,be,Схахалампур
172871011,2245079,be,Цхаудхарпур
172871088,2245080,be,Гурэта
172871165,2245081,be,Барипур
172871242,2245082,be,Аурангабад
172871319,2245083,be,Гіндаўра
172871858,2245090,be,Саматхал
172872166,2245094,be,Палупура Гхоси
172872628,2245100,be,Каранпур
172872705,2245101,be,Кхемпур
172872859,2245103,be,Джайнтыпур
172873013,2245105,be,Кундри
172873090,2245106,be,Гангвары
172873167,2245107,be,Ыусуфпур Нагли
172873398,2245110,be,Гумсани
172873629,2245113,be,Йатпура
172873706,2245114,be,Мадхпури
172873860,2245116,be,Рустампур Сарай
172874014,2245118,be,Фатехпур Кхас
172874553,2245125,be,Малипур
172874784,2245128,be,Манохарпур
172875323,2245135,be,Ганган ки Мандаиыан
172876401,2245149,be,Дидаури
172876555,2245151,be,Мал Кхадда
172876632,2245152,be,Кхадана
172876709,2245153,be,Милак Кхадана
172877479,2245163,be,Салемпур Банйар
172878249,2245173,be,Саидпур Кхадар
172878403,2245175,be,Серуа Дхарампур
172878634,2245178,be,Салава
172879096,2245184,be,Казіпура
172879635,2245191,be,Райпура
172879866,2245194,be,Сирса Мохан
172880097,2245197,be,Цхинтакунта
172880174,2245198,be,Боргаон
172880405,2245201,be,Вастапурам
172880482,2245202,be,Дхармарам
172880713,2245205,be,Бамни
172880867,2245207,be,Сірпурам
172881560,2245216,be,Хусхипур
172881714,2245218,be,Уганпур Мараури
172881868,2245220,be,Басара
172881945,2245221,be,Амілія Мараўры
172882022,2245222,be,Уаира
172882176,2245224,be,Роханиа
172882561,2245229,be,Даулатпур Хира
172882638,2245230,be,Манпур Мараури
172882869,2245233,be,Раэпур
172883485,2245241,be,Лохцха
172883716,2245244,be,Расаўн Ханпур
172883870,2245246,be,Кургаон
172884255,2245251,be,Бхартапур
172884409,2245253,be,Бахри Басантпур
172884563,2245255,be,Ганга Йамни
172884640,2245256,be,Шахзадпур
172884948,2245260,be,Майхла
172885256,2245264,be,Кальянпур
172885564,2245268,be,Бараура
172886180,2245276,be,Лалпур
172886257,2245277,be,Кхайуриа Кхурд
172886334,2245278,be,Гангипур
172886642,2245282,be,Парсона Кхалилпур
172886719,2245283,be,Цхаккармали
172886873,2245285,be,Гауркхера
172887104,2245288,be,Пакариа
172887412,2245292,be,Цхакулиа
172887489,2245293,be,Рани Кхириа
172887797,2245297,be,Маракка
172887951,2245299,be,Батхуика
172888028,2245300,be,Дхакиа Рагха
172888490,2245306,be,Кабир Цхак
172888567,2245307,be,Тилокпур
172888644,2245308,be,Дандиа
172888798,2245310,be,Сунра
172888875,2245311,be,Хазратпур
172888952,2245312,be,Бирсингпур
172889183,2245315,be,Моханпур
172889260,2245316,be,Біхарыпур
172889568,2245320,be,Кхаргапур
172889876,2245324,be,Парсоли
172889953,2245325,be,Самдхана
172890107,2245327,be,Рати
172890415,2245331,be,Рампур
172890569,2245333,be,Гургаван
172890954,2245338,be,Ракхиа Бузург
172891185,2245341,be,Пачдэора
172891262,2245342,be,Арели Исмаилпур
172891339,2245343,be,Кайри Нурпур
172891416,2245344,be,Мадарипур
172891647,2245347,be,Кударна
172891801,2245349,be,Сахтепур
172891878,2245350,be,Рохела
172891955,2245351,be,Басары
172892263,2245355,be,Азматпур
172892340,2245356,be,Цххатени
172892417,2245357,be,Какрауа
172892571,2245359,be,Накпур Биландпур
172892648,2245360,be,Йаханпур
172892802,2245362,be,Байхера Байхери
172892956,2245364,be,Дхакиа Тиуари
172893341,2245369,be,Гхат Бойх
172893957,2245377,be,Баидапур
172894111,2245379,be,Бхауанипур
172894342,2245382,be,Палиа
172894573,2245385,be,Беор
172894958,2245390,be,Пайндапур
172895266,2245394,be,Бхунди
172895497,2245397,be,Накатиа
172895651,2245399,be,Патрайпур
172895728,2245400,be,Арйунпур
172895959,2245403,be,Харкисханпур
172896036,2245404,be,Инаыатпур
172896113,2245405,be,Рампур Басантпур
172896344,2245408,be,Банда
172896421,2245409,be,Манпур Йалалпур
172896575,2245411,be,Кхера Санда
172896652,2245412,be,Санда Кхас
172896806,2245414,be,Бхитаура Пиртхипур
172896883,2245415,be,Гхансхыампур
172896960,2245416,be,Курели
172897114,2245418,be,Марайнан
172897268,2245420,be,Сандар Кхера
172897422,2245422,be,Дхират
172897499,2245423,be,Тикмапур
172897576,2245424,be,Вазірпур
172897653,2245425,be,Бавар
172898038,2245430,be,Азизпур
172898962,2245442,be,Сахдеопур
172899039,2245443,be,Бахадурпур Кхурд
172899193,2245445,be,Харпара
172899270,2245446,be,Наўгаван
172899578,2245450,be,Джатхаура
172899655,2245451,be,Нараянпур
172899732,2245452,be,Цхинаура
172900040,2245456,be,Аллахабад Сімра
172900117,2245457,be,Мундыя
172900194,2245458,be,Харсели
172900348,2245460,be,Мірпур Талука Дхакарыя
172900425,2245461,be,Зиндпура
172900810,2245466,be,Деориа Кхурд
172900887,2245467,be,Награ Рата
172901041,2245469,be,Сафаура
172901503,2245475,be,Наугауан Аммар
172901811,2245479,be,Маваі
172902119,2245483,be,Мигхауна
172902427,2245487,be,Дхангаван
172902504,2245488,be,Рампур Амрит
172903120,2245496,be,Кураиыа Калан
172903197,2245497,be,Айодхпур
172903274,2245498,be,Ісапур
172903351,2245499,be,Макрандпур Нака
172903505,2245501,be,сак
172903659,2245503,be,Хемпур
172903736,2245504,be,Пипаргахнан
172903890,2245506,be,Тулапур
172904044,2245508,be,Ирадатпур Пагар
172904121,2245509,be,Руриа Гхуриа
172904275,2245511,be,Мирпур Харраипур
172904352,2245512,be,Хар Рэпур
172904429,2245513,be,Лилхар
172904737,2245517,be,Димраи
172904814,2245518,be,Тилсанда Хансуа
172905199,2245523,be,Таджпур
172905276,2245524,be,Тилцххи
172905353,2245525,be,Бхагваціпур
172905661,2245529,be,Біласпур
172905738,2245530,be,Хархарпур
172906123,2245535,be,Бхетеха
172906277,2245537,be,Синдхаура Кхарагпур
172906354,2245538,be,Гаўхарпур
172906508,2245540,be,Мухамадпур Талука Карэлі
172906585,2245541,be,Карэлі
172906662,2245542,be,Кастуа
172906816,2245544,be,Йаипалпур
172906970,2245546,be,Каухара
172907124,2245548,be,Кальянпур Талука Карэлі
172907201,2245549,be,Чандпур
172907278,2245550,be,Нагариа Бузург
172907355,2245551,be,Бхагуантпур Талука Карели
172907586,2245554,be,Піпарыя Сангіпур
172907817,2245557,be,Билаиыа Макандпур
172907971,2245559,be,Ганпатпур
172908202,2245562,be,Пасиапур
172908664,2245568,be,Сангіпур
172908741,2245569,be,Сахора
172908818,2245570,be,Мианпур Замине Паигапур
172908972,2245572,be,Мисрипур Бузург
172909203,2245575,be,Ладхаула
172909434,2245578,be,Паигапур
172909588,2245580,be,Кальвапур
172909665,2245581,be,Симра
172909819,2245583,be,Схекхупур
172909973,2245585,be,Мараури
172910050,2245586,be,Сухели
172910127,2245587,be,Гаиратпур
172910204,2245588,be,Итарора
172910358,2245590,be,Паснигпур
172910435,2245591,be,Мануа Бари
172910512,2245592,be,Музаффарпур
172910666,2245594,be,Мианпур
172910743,2245595,be,Даудпур
172910897,2245597,be,Алампур
172911282,2245602,be,Бхаипур
172911667,2245607,be,Панвары
172911744,2245608,be,Бенипур
172911821,2245609,be,Гарбапур
172911898,2245610,be,Катхпура
172911975,2245611,be,Гхатул
172912052,2245612,be,Милкиа
172912206,2245614,be,Анантагири
172912437,2245617,be,Гундарам
172912668,2245620,be,Ватолі
172912822,2245622,be,Абдуллапур
172912899,2245623,be,Ашта
172913053,2245625,be,Налешвар
172913284,2245628,be,Коматпалли
172913361,2245629,be,Датапурам
172913438,2245630,be,Марампалли
172913669,2245633,be,Ваннил
172913900,2245636,be,Тондкур
172913977,2245637,be,Нандипет
172914285,2245641,be,Таледа
172914362,2245642,be,Тунгані
172914593,2245645,be,Каўта
172914747,2245647,be,Нізампурам
172914824,2245648,be,Лінгапурам
172914978,2245650,be,Гунджала
172915055,2245651,be,Малларам
172915132,2245652,be,Айлапурам
172915363,2245655,be,Мачэрла
172915594,2245658,be,Рампурам
172915748,2245660,be,Исапалли
172915902,2245662,be,Алюр
172916133,2245665,be,Дхармарам
172916210,2245666,be,Мамдапурам
172916287,2245667,be,Метпалі
172916672,2245672,be,Мадепалли
172916903,2245675,be,Навипет
172916980,2245676,be,Камлапурам
172917057,2245677,be,Потангал
172917211,2245679,be,Готимукала
172917288,2245680,be,Боканпалли
172917365,2245681,be,Рампурам
172917442,2245682,be,Венкатапур
172917673,2245685,be,Гудпа
172917827,2245687,be,Мунпалли
172918058,2245690,be,Мадапурам
172918135,2245691,be,Муланги
172918289,2245693,be,Джалалпурам
172918366,2245694,be,Палда
172918443,2245695,be,Моканпалли
172918597,2245697,be,Абхагапатнам
172918751,2245699,be,Сараи Хардо
172918905,2245701,be,Рамцхандрапур
172919059,2245703,be,Камаули
172919136,2245704,be,Пуран Схахпур
172919213,2245705,be,Цхандраи
172919367,2245707,be,Банспур
172919521,2245709,be,Кондур
172919598,2245710,be,Калур
172919752,2245712,be,Мамидипалли
172919906,2245714,be,Мадхапур
172920214,2245718,be,Маданпалли
172920830,2245726,be,Сарангпурам
172920907,2245727,be,Йанкампет
172921292,2245732,be,Кесапурам
172921369,2245733,be,Дермарам
172921677,2245737,be,Судепалли
172921754,2245738,be,Лінгасамударам
172921985,2245741,be,Галапалі
172922062,2245742,be,Арэпаллі
172922139,2245743,be,Бардзіпурам
172922216,2245744,be,Тана Кхурд
172922293,2245745,be,Ныалкал
172922447,2245747,be,Дермарам
172922524,2245748,be,Магпал
172922601,2245749,be,Малларам
172922678,2245750,be,Малкапурам
172922755,2245751,be,Сірпурам
172922832,2245752,be,Нарсінгапалі
172923063,2245755,be,Гунпурам
172923217,2245757,be,Муланги
172923294,2245758,be,Камлапурам
172923371,2245759,be,Тирманпаллы
172923448,2245760,be,Цхиннапур
172923525,2245761,be,Бодси
172923602,2245762,be,Аницут
172923679,2245763,be,Амрабад
172923756,2245764,be,Тримбакпета
172923910,2245766,be,Ганарам
172923987,2245767,be,Калпол
172924295,2245771,be,Манаута
172924372,2245772,be,Чандвар
172924449,2245773,be,Обри
172925219,2245783,be,Сарса
172925835,2245791,be,Базпур
172925989,2245793,be,Рацхета
172926143,2245795,be,Хирапур
172926682,2245802,be,Дугавар
172927375,2245811,be,Мувай Дол
172927683,2245815,be,Саидпур Йасколи
172927760,2245816,be,Мадала Фатехпур
172928145,2245821,be,Нагла
172928299,2245823,be,Париыауали
172928376,2245824,be,Рустампур Ниауали
172928684,2245828,be,Палтха
172929069,2245833,be,Махмудпур Аима
172929223,2245835,be,Куркавалі
172929300,2245836,be,Калланпур
172929454,2245838,be,Ритхали
172929608,2245840,be,Джалалпур
172929993,2245845,be,Бхартал Сирси
172930378,2245850,be,Йалиб Сараи
172930840,2245856,be,Кима
172930994,2245858,be,Басла
172931071,2245859,be,Райпур
172931148,2245860,be,Цхухарпур
172931533,2245865,be,Мусапур
172931687,2245867,be,Айхра
172931918,2245870,be,Шэрпур
172932072,2245872,be,Дхатра
172932226,2245874,be,Нібора
172932380,2245876,be,Маубхур
172932457,2245877,be,Милак Маубхур
172932534,2245878,be,Милак Дхурета
172932611,2245879,be,Бабаина
172932842,2245882,be,Алипур Кхурд
172932919,2245883,be,Адхол
172933150,2245886,be,Гхунгауали
172933227,2245887,be,Датавалі
172933381,2245889,be,Цхандаин
172933535,2245891,be,Хаибатпур
172933766,2245894,be,Гобіндпур
172933843,2245895,be,Бицххаули
172935075,2245911,be,Мухаммадпур Мални
172935229,2245913,be,Фірозпур
172935306,2245914,be,Пухальшчына
172935383,2245915,be,Кханпур Кхамар
172935614,2245918,be,Барипур Мамроуа
172935768,2245920,be,Бхаванч
172936461,2245929,be,Барахі
172936615,2245931,be,Рахтол
172936692,2245932,be,Сісата
172936769,2245933,be,Навара
172936846,2245934,be,Харсингхпур
172937000,2245936,be,Билалпат
172937077,2245937,be,Схафатнагар
172937154,2245938,be,Бела
172937385,2245941,be,Атаури
172937616,2245944,be,Батауа
172937693,2245945,be,Саіндары
172937770,2245946,be,Милак Саиндхри
172937847,2245947,be,Донди
172938001,2245949,be,Танда
172938078,2245950,be,Букнала
172938309,2245953,be,Саидпур Йаырам
172938386,2245954,be,Камалпур
172938617,2245957,be,Мунди Милак
172938694,2245958,be,Хисампур
172939156,2245964,be,Милак Татарпур
172939387,2245967,be,Баги Говардханпур
172939772,2245972,be,Атаура
172939849,2245973,be,Калалкхера
172940157,2245977,be,Асалатнагар Бага
172940465,2245981,be,Бхиканпур Бага
172940619,2245983,be,Махмудпур Мафи
172940850,2245986,be,Алинагар
172940927,2245987,be,Хазратнагар Гархи
172941004,2245988,be,Хандалпур
172941081,2245989,be,Хасанпур Руп
172941158,2245990,be,Милак Митхаули
172941235,2245991,be,Митхоули
172941389,2245993,be,Манганпур
172941543,2245995,be,Джамалпур
172941697,2245997,be,Бхартал Мадапур
172941851,2245999,be,Адхола Мафи
172941928,2246000,be,Касампур
172942467,2246007,be,Тигри
172942544,2246008,be,Бхауанипур
172942621,2246009,be,Фатехпур Сараи
172942698,2246010,be,Карэлі
172942775,2246011,be,Дхакари
172942929,2246013,be,Мухаммадпур Танда
172943006,2246014,be,Намаини Удаиыа
172943083,2246015,be,Байта Сартхал
172943160,2246016,be,Джогіпур
172943237,2246017,be,Дохели
172943391,2246019,be,Канета
172943545,2246021,be,Сарта
172943622,2246022,be,Кхера Кхас
172943853,2246025,be,Нагла Кхокер
172943930,2246026,be,Дханета Сотипура
172944161,2246029,be,Сараи Сикандар
172944238,2246030,be,Маканпур
172944315,2246031,be,Фарыдпур
172944392,2246032,be,Рамраипур
172944469,2246033,be,Чырыя Бхаван
172944623,2246035,be,Даулатпур Бхаркау
172944931,2246039,be,Арйунпур
172945162,2246042,be,Нагла Гуйар
172945239,2246043,be,Ибрахимпур
172945470,2246046,be,Ахмадабад Касаўра
172945624,2246048,be,Йаргаон
172945701,2246049,be,Джамалпур
172945778,2246050,be,Манава
172945932,2246052,be,Суйанпур
172946009,2246053,be,Дохри
172946163,2246055,be,Нараянпур
172946394,2246058,be,Намени Гадди
172946471,2246059,be,Ниыаматпур
172946548,2246060,be,Мау
172946779,2246063,be,Угханпур
172947010,2246066,be,Абханпур Нараули
172947395,2246071,be,Нагалиа Схахпур
172947549,2246073,be,Бхідвары
172947703,2246075,be,Сонакпур
172947934,2246078,be,Джаганян
172948088,2246080,be,Адунагар
172948165,2246081,be,Умрара
172948550,2246086,be,Цхитери
172948704,2246088,be,Сандалпур
172948781,2246089,be,Хатхипур Цханду
172948858,2246090,be,Хаятпур
172949012,2246092,be,Кхабри Ганду
172949089,2246093,be,Азамнагар Цхаупра
172949166,2246094,be,Нарауда
172949320,2246096,be,Кхайра
172949474,2246098,be,Бхаинсор
172949551,2246099,be,Сурайпур Калыан
172949705,2246101,be,Сундарпур
172949782,2246102,be,Маинатхер
172949859,2246103,be,Насирпур Кундаркхи
172950013,2246105,be,Манакпур Кундарки
172950090,2246106,be,Маджаулі
172950167,2246107,be,Гурер
172950398,2246110,be,Асадпур
172950475,2246111,be,Аллапур Бхикан
172950552,2246112,be,Дынгарпур
172951014,2246118,be,Зафарпур
172951245,2246121,be,Схекхупур
172951630,2246126,be,Пура Лангран
172951861,2246129,be,Кеуалнаинпур
172951938,2246130,be,Матраули
172952015,2246131,be,Сарвахда
172952092,2246132,be,Симри Ранапур
172952169,2246133,be,Мішрапур
172952246,2246134,be,Кхаликпур Калан
172952554,2246138,be,Лацххмиганй
172952631,2246139,be,Кальянпур
172952708,2246140,be,Нидаура Муафи
172952939,2246143,be,Манипур Бхатере
172953324,2246148,be,Рамсанда
172953478,2246150,be,Пацхкхара
172953709,2246153,be,Сабаиыа Дхани
172953863,2246155,be,Пуре Нирхи
172953940,2246156,be,Хатва
172954171,2246159,be,Сабаиыа Хасан
172954402,2246162,be,Дилаули
172954710,2246166,be,Джалалпур
172954787,2246167,be,Ганесхганй
172954864,2246168,be,Тамасгарх
172955249,2246173,be,Дхамаули
172955326,2246174,be,Мирзапур Аихари
172955403,2246175,be,Йагдисхпур
172955480,2246176,be,Пуре Питамбар Панде
172955557,2246177,be,Райпур
172955634,2246178,be,Пуре Балду
172955711,2246179,be,Гаўспур
172956096,2246184,be,Бхакхри
172956173,2246185,be,Умран
172956404,2246188,be,Камалпур
172956866,2246194,be,Некнампур
172956943,2246195,be,Рохиниа
172957174,2246198,be,Гхурхат
172957328,2246200,be,Пузехабадзі
172957405,2246201,be,Новада
172957482,2246202,be,Маквапур
172957559,2246203,be,Самапур Неуада
172957636,2246204,be,Дулипур
172957867,2246207,be,Гангаулі
172958098,2246210,be,Кандраван
172958175,2246211,be,Ратапур
172958329,2246213,be,Йаббарипур
172958406,2246214,be,Пуре Нирхаи
172959407,2246227,be,Махесхганй
172960100,2246236,be,Аима Йаханиан
172960408,2246240,be,Пуре Тураби
172960485,2246241,be,Пуре Панде
172961024,2246248,be,Кхуррампур
172961332,2246252,be,Хисампур
172961409,2246253,be,Гопалпур Удхуан
172961486,2246254,be,Рагнунатхпур Лабедуа
172961563,2246255,be,Бикаргарх
172961640,2246256,be,Мадарипур
172961717,2246257,be,Калех
172961794,2246258,be,Сараи Сахйан
172961948,2246260,be,Мадхопур Хардопатти
172962025,2246261,be,Мукхра
172962179,2246263,be,Нигохан
172962487,2246267,be,Барагаон
172963026,2246274,be,Пуре Дурга Бакхсх
172963411,2246279,be,Мурармау
172963642,2246282,be,Калыани
172963719,2246283,be,Харбандханпур
172963796,2246284,be,Зафрабад
172963950,2246286,be,Локхрипур
172964104,2246288,be,Багхаули
172964181,2246289,be,Салемпур
172964258,2246290,be,Мандва
172964335,2246291,be,Бхайрван Калан
172964412,2246292,be,Бхаируан Кхурд
172964643,2246295,be,Дарыапур
172964874,2246298,be,Покхри
172965336,2246304,be,Котра
172965413,2246305,be,Дасаулі
172965644,2246308,be,Махесхпур
172965721,2246309,be,Мадхопур Султан
172965798,2246310,be,Бабуллапур
172965952,2246312,be,Бармгаулі
172966029,2246313,be,Курали
172966183,2246315,be,Джуквара
172966414,2246318,be,Кірао Дых
172966722,2246322,be,Бхитари
172966876,2246324,be,Котра Бахадурганй
172967569,2246333,be,Парсаи
172968262,2246342,be,Мухаммадпур Гаунти
172968339,2246343,be,Бакаргандж
172968570,2246346,be,Цхак Бицхпара
172968647,2246347,be,Курка
172968724,2246348,be,Малака
172968955,2246351,be,Гадариан ка Пуруа
172969340,2246356,be,Таўра
172969417,2246357,be,Касрета
172969802,2246362,be,Хасанпур Касар
172969879,2246363,be,Мадаганй
172969956,2246364,be,Кекаранпур
172970033,2246365,be,Хардаспур
172970264,2246368,be,Мамасаи Пуруа
172970649,2246373,be,Мухаббатпур Йута
172970803,2246375,be,Нізам ка Пурва
172971034,2246378,be,Хакимпур
172971111,2246379,be,Кантхуа
172971188,2246380,be,Афзалпур Сатон
172971419,2246383,be,Алапур
172971804,2246388,be,Руканпур
172972112,2246392,be,Манікпур
172972574,2246398,be,Дулвамай
172972728,2246400,be,Пиранагар
172972805,2246401,be,Ітаўра
172972882,2246402,be,Баргаун
172973113,2246405,be,Кіаван
172973498,2246410,be,Рампур Гараули
172973729,2246413,be,Барвалія
172973806,2246414,be,Атаулиа
172974037,2246417,be,Антамау
172974191,2246419,be,Міргадва
172974345,2246421,be,Мохі Мохмідпур
172974730,2246426,be,Саілвара
172974884,2246428,be,Кармуганй
172975115,2246431,be,Бандэра
172975269,2246433,be,Расулпур
172975423,2246435,be,Бхупсигх Ка Пуруа
172975500,2246436,be,Лалсхеб Ка Пуруа
172975577,2246437,be,Аинтху
172975654,2246438,be,Йайупур
172975885,2246441,be,Сатпата
172976116,2246444,be,Мирапур
172976193,2246445,be,Кусемар
172976270,2246446,be,Бахадурпур
172976501,2246449,be,Схекхпур
172976655,2246451,be,Сахйани
172976732,2246452,be,Гірвар ка Пурва
172977348,2246460,be,Натохи
172977502,2246462,be,Рэолі
172977887,2246467,be,Джанвамаў
172978041,2246469,be,Мадхвапур
172978272,2246472,be,Гюльхан ка Пурва
172978349,2246473,be,Неоли ка Пуруа
172978503,2246475,be,Астхан
172978580,2246476,be,Хаснапур
172978657,2246477,be,Абдул Уахидганй
172978811,2246479,be,Раджвапур
172978888,2246480,be,Кусвапур
172979042,2246482,be,Хариапур
172979273,2246485,be,Бийлипур
172979350,2246486,be,Цххацхамау
172979504,2246488,be,Канчанпур
172979658,2246490,be,Трилоцханпур
172980043,2246495,be,Ранимау
172980120,2246496,be,Манар
172980274,2246498,be,Лалабазар
172980505,2246501,be,Гуламипур
172980582,2246502,be,Асхаван
172980890,2246506,be,Бакол
172981198,2246510,be,Ханвары
172981275,2246511,be,Сараи Бхауанисингх
172981352,2246512,be,Ганау ка Пуруа
172982122,2246522,be,Баулиа Базыафт
172982276,2246524,be,Кашыпур
172982430,2246526,be,Рукаиыапур
172982507,2246527,be,Касба Латифпур
172982738,2246530,be,Банкат Каман
172982815,2246531,be,Адлабад
172983123,2246535,be,італьянскі
172983354,2246538,be,Матрампур
172983431,2246539,be,Сухапар
172983662,2246542,be,Маваі
172983816,2246544,be,Лохрани
172983970,2246546,be,Бадаи
172984047,2246547,be,Сарагпур
172984124,2246548,be,Парсипур
172984278,2246550,be,Расулпур
172984509,2246553,be,Салимпур Бхаируар
172984663,2246555,be,Даялпур
172985048,2246560,be,Кхурхуйи
172985202,2246562,be,мураітхі
172985279,2246563,be,Андарипур
172985587,2246567,be,Мадупур
172985664,2246568,be,Цхандапур
172985818,2246570,be,Какриха
172985895,2246571,be,Питханпур
172985972,2246572,be,Рамапур
172986049,2246573,be,Рампур Даби
172986203,2246575,be,Гопалпур
172986511,2246579,be,Балиапур
172986742,2246582,be,Тирхос
172986896,2246584,be,Йалилпур
172986973,2246585,be,Пуре Тирхос
172987127,2246587,be,Дэвара
172987435,2246591,be,Мирйаханпур
172987512,2246592,be,Кондры
172987666,2246594,be,Пуре Фарйулал
172987743,2246595,be,Котила
172987820,2246596,be,Тикариыа Бхат
172987897,2246597,be,Дхараи
172988051,2246599,be,Махараджгандж
172988128,2246600,be,Палахипур
172988205,2246601,be,Пуре Харванс
172988282,2246602,be,Кітаван
172988359,2246603,be,Пуре Схивгулам
172988436,2246604,be,Мохаддинагар
172988590,2246606,be,Камалапур
172988667,2246607,be,Итаха
172988975,2246611,be,Пуре Гхоси
172989052,2246612,be,Хваджапур
172989129,2246613,be,Алиха
172989206,2246614,be,Паксараван
172989360,2246616,be,Пуре Кхеродхар
172989437,2246617,be,Чысты Двірагпал
172989514,2246618,be,Катра
172989899,2246623,be,Панхи
172989976,2246624,be,Хакганй
172990284,2246628,be,Мамни
172990438,2246630,be,Мухамадабад
172990515,2246631,be,Пуре Рани
172990823,2246635,be,Исхардаспур
172990900,2246636,be,Бібіяпур
172990977,2246637,be,Сундраипур
172991054,2246638,be,Рунипур
172991131,2246639,be,Новада
172991516,2246644,be,Пуре Мансарам
172991747,2246647,be,Кемупур
172991901,2246649,be,Сомарам
172991978,2246650,be,Ыелламкунта
172992055,2246651,be,Ыацхарам
172992286,2246654,be,Педмайиуади
172992363,2246655,be,Туккаджывадзі
172992440,2246656,be,Тиммайиуади
172992671,2246659,be,Бургул
172992748,2246660,be,Дургам
172992825,2246661,be,Нирал
172992902,2246662,be,Наглур
172992979,2246663,be,Ханмайипет
172993287,2246667,be,Гудимет
172993441,2246669,be,Лингампалли
172993595,2246671,be,Мадэгаон
172993672,2246672,be,Дхармараопет
172993826,2246674,be,Амарлабанда
172994134,2246678,be,Тиммапур
172994288,2246680,be,Потангал Калан
172994519,2246683,be,Чэнапур
172994596,2246684,be,Ситхаипалли
172994673,2246685,be,Гандивет
172994827,2246687,be,Педа Сангам
172995135,2246691,be,Гурйал
172995212,2246692,be,Вандэркал
172995289,2246693,be,Канкал
172995366,2246694,be,Сингойиуада
172995443,2246695,be,Цхандапур
172995597,2246697,be,Мокстэжэ
172995674,2246698,be,Налламадугу
172995828,2246700,be,Банапур
172995905,2246701,be,Мамбоджыпет
172995982,2246702,be,Кондапур
172996136,2246704,be,Велутла
172996213,2246705,be,Бхауанипет
172996444,2246708,be,Бонал
172996521,2246709,be,Нагарам
172996675,2246711,be,Елаварам
172996752,2246712,be,Мустапур
172996829,2246713,be,Лингампалли
172996983,2246715,be,Нандзівада
172997137,2246717,be,Рампур
172997214,2246718,be,Сенйна
172997368,2246720,be,Бицхпури
172997445,2246721,be,Маллах Мустфабад
172997522,2246722,be,Банйрпури
172997676,2246724,be,Каримпур
172997907,2246727,be,Пірціпур
172997984,2246728,be,Баллампур
172998138,2246730,be,Тхати
172998215,2246731,be,Семла
172998369,2246733,be,Кирари
172998446,2246734,be,Ахмаднагарпацхтаура
172998523,2246735,be,Дилгхора
172998600,2246736,be,Цханданкати Цхухо
172998677,2246737,be,Цханданкати
172998754,2246738,be,Бирсингхпур
172998831,2246739,be,Баманпури Калан
172998985,2246741,be,Баркхера Сонак
172999139,2246743,be,Шэраджпур
172999216,2246744,be,Баркхера Гайа
172999293,2246745,be,Латифпур Пацхтаура
172999370,2246746,be,Цхакарпур Мемри
172999447,2246747,be,Бархериа
172999678,2246750,be,Пагона
172999909,2246753,be,Курирам
172999986,2246754,be,Кунварпур
173000063,2246755,be,Бхагвантпур
173000217,2246757,be,Бехраули Тахарпур
173000294,2246758,be,Фаридпур Кхусхал
173000371,2246759,be,Мохкампур
173000448,2246760,be,Схобхапур
173000525,2246761,be,Камалпур
173000679,2246763,be,Цхопа Собхапур
173000756,2246764,be,Дхампур Канхау
173000833,2246765,be,Дхатра Схекх
173001141,2246769,be,Джайтпур
173001295,2246771,be,Кисханпур Схыампур
173001372,2246772,be,Кубри Бхур
173001988,2246780,be,Йаирамнагар
173002065,2246781,be,Сарай
173002142,2246782,be,Калха
173002296,2246784,be,Сення Ахіран
173002373,2246785,be,Бхойрайпур
173002527,2246787,be,Сурпур
173002758,2246790,be,Бходжпур
173002989,2246793,be,Гхугаиыа
173003066,2246794,be,Цхингариа
173003143,2246795,be,Лугавай
173003220,2246796,be,Хана
173003297,2246797,be,Лавар
173003374,2246798,be,Бабакарпур
173003528,2246800,be,Базпур
173003605,2246801,be,Салемпур Бхур
173003682,2246802,be,Семла Бхур
173003759,2246803,be,Химматпур
173003836,2246804,be,Баманпуры
173003990,2246806,be,Аурангабад
173004067,2246807,be,Аурангабад Бхур
173004144,2246808,be,Сунуар Сараи
173004221,2246809,be,Кіратпур
173004375,2246811,be,Афзалпур
173004452,2246812,be,Кхайра
173004529,2246813,be,Цххапра
173004683,2246815,be,Сатнаўлі
173004837,2246817,be,Садатбари
173004914,2246818,be,Серва
173004991,2246819,be,Патхакпур
173005222,2246822,be,Алавалпур
173005299,2246823,be,Бхимпур
173005376,2246824,be,Цхитанпур
173005453,2246825,be,Мадара
173005607,2246827,be,Кхайра
173005684,2246828,be,Биркхера
173005838,2246830,be,Фатехпур Схарифнагар
173005915,2246831,be,Бічаўла
173005992,2246832,be,Бходжпур
173006146,2246834,be,Анандпур
173006300,2246836,be,Бехта Йаисингх
173006377,2246837,be,Райпур
173006454,2246838,be,Бхаван
173006531,2246839,be,Партабпур
173006608,2246840,be,Чабана
173006685,2246841,be,Гхасипур
173006762,2246842,be,Сханкарпур
173006839,2246843,be,Дхадхаул
173006916,2246844,be,Сакатпур
173007070,2246846,be,Атраси
173007147,2246847,be,Рафипур
173007224,2246848,be,Сінгхпур
173007301,2246849,be,Тхареса Йаисингх
173007378,2246850,be,Викампур Тахарпур
173007455,2246851,be,Паванса
173007532,2246852,be,Чыраулі Бхагвантпур
173007609,2246853,be,Азимабад
173007686,2246854,be,Сихори
173007763,2246855,be,Дхурета
173007840,2246856,be,Гхосипура
173007917,2246857,be,Мухаммадпур Бабаи
173008148,2246860,be,Нагалиа Баллу
173008225,2246861,be,Бехта Саху
173008302,2246862,be,Кайлі
173008379,2246863,be,Ахмаднагар Тхареса
173008456,2246864,be,Мубаракнагар
173008533,2246865,be,Дэвапур
173008610,2246866,be,Кази Бехта
173008687,2246867,be,Касымпур Джагрут
173008764,2246868,be,Алипур Бузург
173008918,2246870,be,Нагла Кхакам
173009303,2246875,be,Пахладпур
173009380,2246876,be,Афзалпур Драули
173009534,2246878,be,Бхартра
173009611,2246879,be,Лахрабан
173009688,2246880,be,Бисару
173009765,2246881,be,Чытаўра
173009842,2246882,be,Бамнета
173009919,2246883,be,Ацхалпур
173010073,2246885,be,Маджаўла
173010227,2246887,be,Бхартпур
173010304,2246888,be,Рампура
173010381,2246889,be,Акбарпур
173010458,2246890,be,Канета
173010535,2246891,be,Мірзапур
173010612,2246892,be,Ыусуфпур
173010766,2246894,be,Мандалпур
173011228,2246900,be,Мацхкхера
173011305,2246901,be,Маукатхар
173011382,2246902,be,Пипли
173011998,2246910,be,Маузуддиннагар
173012075,2246911,be,Садатнагар
173012152,2246912,be,Райтхал
173012229,2246913,be,Джарвар
173012306,2246914,be,Султангарх
173012383,2246915,be,Бандраи Камалгарх
173012460,2246916,be,Мухсанпур
173012537,2246917,be,Ацхалпур
173012614,2246918,be,Байанги
173012691,2246919,be,Дайрампур
173012922,2246922,be,Кханйанпур
173013076,2246924,be,Гархи Бицхаула
173013153,2246925,be,Сурайпур Бхур
173013307,2246927,be,Рукунуддиннагар
173013384,2246928,be,Сакатпур
173013538,2246930,be,Пурдалпур
173013615,2246931,be,Аграс
173013692,2246932,be,Гархикханпур
173013846,2246934,be,Сорахі
173014000,2246936,be,Маикалан
173014077,2246937,be,Сундарнагар
173014385,2246941,be,Нурпур Пинауни
173014462,2246942,be,Бхагуантнагар
173014539,2246943,be,Надери
173014770,2246946,be,Расулпур Сабга
173015001,2246949,be,Аллахпур Схамспур
173015155,2246951,be,Ситхаули
173015309,2246953,be,Сабханагар
173015848,2246960,be,Фатехпурсхамсхои
173015925,2246961,be,Райпур Калан
173016002,2246962,be,Саідпур
173016079,2246963,be,Йаирои Хаыатнагар
173016156,2246964,be,Адампур
173016233,2246965,be,Рустамгарх Угиа
173016310,2246966,be,Пура
173016387,2246967,be,Саинйни
173016464,2246968,be,Нехта
173016618,2246970,be,Карэлі
173016926,2246974,be,Мау Ассу
173017003,2246975,be,Алавалпур
173017080,2246976,be,Азимганй
173017157,2246977,be,Йанаита
173017311,2246979,be,Бхатаур
173017619,2246983,be,Пуре Пандит
173017927,2246987,be,Пуре Тхакурдин
173018004,2246988,be,Шахзадпур
173018158,2246990,be,Йаитипур
173018543,2246995,be,Пуре Лалйи
173018620,2246996,be,Султанпур Кхера
173018928,2247000,be,Забароны
173019390,2247006,be,Пура Нанда
173019544,2247008,be,Пуре Басант Сингх
173019621,2247009,be,Пура Кесри
173020160,2247016,be,Пура Дэбі Сінгх
173020622,2247022,be,Пура Сардар Сінгх
173020853,2247025,be,Пура Бхавані Бахш
173021238,2247030,be,Хаснапур
173021469,2247033,be,Басантпур Катхаиыа
173021623,2247035,be,Пура Лали Схах
173021777,2247037,be,Пилкха
173022085,2247041,be,Гангапур
173022162,2247042,be,Пура Бхима
173022316,2247044,be,Пуре Гхаси
173022624,2247048,be,Кундвал
173022855,2247051,be,Пура Біджай Сінгх
173023009,2247053,be,Барас
173023317,2247057,be,Ыусуфпур
173023702,2247062,be,Пура Панде
173024780,2247076,be,Пура Далйит Сингх
173025088,2247080,be,Аихар
173025473,2247085,be,Пура Йагдисхпур
173027013,2247105,be,Пура Бхола
173027244,2247108,be,Пура Буре Лодх
173027475,2247111,be,Дакаули
173027860,2247116,be,Пура Рамдин Миср
173027937,2247117,be,Джамаван
173028322,2247122,be,Йагатпур Котаха
173028399,2247123,be,Адилабад
173028861,2247129,be,Пура Хуласі
173028938,2247130,be,Каранмау
173029092,2247132,be,Мирмиранпур
173029246,2247134,be,Пура Баниани
173029631,2247139,be,Пура Мохан Сінгх
173029785,2247141,be,Пура Качхохан
173029862,2247142,be,Пуре Мехрбан Сингх
173029939,2247143,be,Пуре Барйор Сингх
173030940,2247156,be,Майхарганй
173031017,2247157,be,Пура Параги
173032172,2247172,be,Санхемау
173032711,2247179,be,Кашыпур
173033096,2247184,be,Пуре Йахан
173033866,2247194,be,Пура Бодхі Лал
173034097,2247197,be,Пуре Мирза
173034482,2247202,be,Кхапратал
173035098,2247210,be,Балбхадрапур
173035637,2247217,be,Пура Дихпар
173036715,2247231,be,Нарсаван
173036946,2247234,be,Анба
173038717,2247257,be,Дилха
173038948,2247260,be,Салемпур
173039641,2247269,be,Йутиамау
173039949,2247273,be,Пура Бала
173040411,2247279,be,Динганй
173040565,2247281,be,Пура Тхакураін
173040719,2247283,be,Пура Бхагхалаин
173041027,2247287,be,Сарджупур
173042259,2247303,be,Пура Качхохан
173042336,2247304,be,Пура Бирихар
173042721,2247309,be,Нархарпур
173042798,2247310,be,Мірзапур
173042875,2247311,be,Дхарманпур
173043876,2247324,be,Кандхарпур
173044569,2247333,be,Сихар
173044800,2247336,be,Матиара
173045185,2247341,be,Пура Сауда
173046032,2247352,be,Алавалпур
173046494,2247358,be,Махева
173046648,2247360,be,Лохары
173047110,2247366,be,Икдала
173047341,2247369,be,Пура Парасрампур
173047495,2247371,be,Парасрампур
173048034,2247378,be,Гархи Деогаон
173048265,2247381,be,Пура Даулат Сингх
173048650,2247386,be,Кхундпур
173050036,2247404,be,Мирза Йаттупур
173050421,2247409,be,Йамнипур Цхархар
173050575,2247411,be,Бахадурганй
173050806,2247414,be,Бішандаспур
173051345,2247421,be,Кходаипур
173053270,2247446,be,Пура Баба
173054194,2247458,be,П. Бхопал Сингх
173054271,2247459,be,Хасанпур
173054502,2247462,be,Китули
173054579,2247463,be,Раэпур Кітаулі
173054656,2247464,be,Біннаван
173055041,2247469,be,Саі
173055118,2247470,be,Пура Цхамаран
173055349,2247473,be,Дургаганй
173055503,2247475,be,Сурайпур Банапур
173055734,2247478,be,Бхарсана
173056119,2247483,be,Пура Тхакраин
173056427,2247487,be,Пура Бицхпари
173056658,2247490,be,Тикариа
173057120,2247496,be,Тхулраи
173057890,2247506,be,Сахмада
173057967,2247507,be,Пура Химмат Бахадур
173058044,2247508,be,Синдурамау
173058121,2247509,be,Бхагванпур Чхатамба
173058275,2247511,be,Кораули Даман
173058506,2247514,be,Ісмаілпур
173058737,2247517,be,Пура Лал Сахиб
173058968,2247520,be,Даргапур
173059430,2247526,be,Цхули
173059584,2247528,be,Милтхуа
173059738,2247530,be,Гхури
173059969,2247533,be,Йагатпур Бардара
173060046,2247534,be,Рампур Гахир Гхат
173060431,2247539,be,Бахериа
173060816,2247544,be,Баліпур
173061278,2247550,be,Горвара
173062048,2247560,be,Бела Кхара
173062356,2247564,be,Пура Пандит
173062818,2247570,be,Катгхар
173063742,2247582,be,Пакра Гарифта
173064281,2247589,be,Пура Рана Сахиб
173064512,2247592,be,Пура Йаитху
173064589,2247593,be,Раджапур
173065051,2247599,be,Пура Бхаван
173065128,2247600,be,Пура Нарпат Сінгх
173066052,2247612,be,Пура Умрао Сингх
173066283,2247615,be,Дидани
173066514,2247618,be,Пура Пиндор
173066899,2247623,be,Говиндпур Бхира
173067207,2247627,be,Пура Саристапур
173067592,2247632,be,Бханеуе Кхас
173068593,2247645,be,Нарпатганй
173068901,2247649,be,Цхак Сангриа
173069132,2247652,be,Калыанпур Раили
173069440,2247656,be,Тикара
173069517,2247657,be,Падри Ганесхпур
173069594,2247658,be,Бинохра
173069748,2247660,be,Пура Тикаи
173070056,2247664,be,Накпхулха
173070210,2247666,be,Чандаулі
173070364,2247668,be,Нагдилпур
173070441,2247669,be,Расулпур Гонда
173070826,2247674,be,Йагйиуанпур Амриа
173071519,2247683,be,Пура Дарехта
173071596,2247684,be,Пура Бхилаули
173072520,2247696,be,Пура Баджранг Балі
173072597,2247697,be,Атаура Кхурд
173072674,2247698,be,Цхандаи Рагхунатхпур
173072828,2247700,be,Сараи Мубарак
173072905,2247701,be,Батава
173073290,2247706,be,Асанандпур
173073367,2247707,be,Дидаур
173073444,2247708,be,Пурва Умед
173074984,2247728,be,Рети
173075523,2247735,be,Калва Хурд
173076062,2247742,be,Сулакхиапур
173076293,2247745,be,Пансапур
173076601,2247749,be,Пурва Лодхан
173076909,2247753,be,Пуре Биндх
173077063,2247755,be,Пурн Залим Сингх
173077217,2247757,be,Халки Далки
173077602,2247762,be,Сурайкунда
173077756,2247764,be,Мацххецхар
173078295,2247771,be,Пуре Астабал
173078372,2247772,be,Бела Бхела
173078834,2247778,be,Пуре Бхопал Сингх
173079681,2247789,be,Бела Гусиси
173079835,2247791,be,Пура Сатку
173080451,2247799,be,Екауна
173080836,2247804,be,Чандаулі
173081144,2247808,be,Милкха Сахиб
173081529,2247813,be,Сараисри Баксх
173082376,2247824,be,Гургайпур
173082761,2247829,be,Султанпур Йаноули
173082992,2247832,be,Алавалпур
173083069,2247833,be,Пура Ганга Сінгх
173083916,2247844,be,Гопиапур
173084070,2247846,be,Йхарха
173084147,2247847,be,Пура Лайк Сінгх
173084994,2247858,be,Цххицхемау
173085071,2247859,be,Тыварыпур
173085841,2247869,be,Пура Катра
173085995,2247871,be,Амбара Матхаи
173087843,2247895,be,Бихи Кхор
173087920,2247896,be,Кхор
173088382,2247902,be,Цхицхаули
173088690,2247906,be,Пура Сардар Сінгх
173089691,2247919,be,Атаура Бузург
173090923,2247935,be,Бела Тикаи
173091077,2247937,be,Цхак Баллиха
173091616,2247944,be,Утвапур
173091847,2247947,be,Сантпур
173092540,2247956,be,Чархар Джыяяк
173092694,2247958,be,Гаура Хардо
173093926,2247974,be,Пура Джавалал
173094080,2247976,be,Пуре Баури
173094850,2247986,be,Пуре Даыал
173095389,2247993,be,Бала Бараула
173095466,2247994,be,Пура Мангал
173096005,2248001,be,Мадкарпур
173096236,2248004,be,Факхрул Хасан Кхера
173096775,2248011,be,Пура Дхагарыя
173097083,2248015,be,Пуре Патаи
173097545,2248021,be,Симаури
173098238,2248030,be,Хаджуры
173098315,2248031,be,Тарапур
173098931,2248039,be,Мухаммадпур Касхи
173099008,2248040,be,Гумтхал
173099162,2248042,be,Бхаусингхпур
173099470,2248046,be,Дулахпур
173100009,2248053,be,Шэйхпур
173100086,2248054,be,Кунварпур
173100163,2248055,be,Парахайи
173100240,2248056,be,Басупур
173100317,2248057,be,Пура Пандит
173100471,2248059,be,Кеорайпур
173100856,2248064,be,Пура Чхатардхары
173100933,2248065,be,Силхаур
173101087,2248067,be,Тикра
173101164,2248068,be,Супамау
173101318,2248070,be,Дхарупур
173101703,2248075,be,Пура Цхаухан
173101857,2248077,be,Кунварпур
173101934,2248078,be,Атраура
173102088,2248080,be,Далсингхпур
173102242,2248082,be,Рахра
173102550,2248086,be,Пура Цханди
173102781,2248089,be,Сафипур
173103243,2248095,be,Шарыфабад
173103628,2248100,be,Хусайнабад
173103859,2248103,be,Наўгаван
173103936,2248104,be,Дих
173104013,2248105,be,Хансрайпур
173104244,2248108,be,Хаджыпур
173104475,2248111,be,Асхрафпур
173104629,2248113,be,Имамганй
173104706,2248114,be,Ратаули
173104860,2248116,be,Дилауалпур
173105091,2248119,be,Сукхипур
173105245,2248121,be,Дхима
173105553,2248125,be,Бхатаулі
173105707,2248127,be,Расулпур
173105861,2248129,be,Лакариа
173106092,2248132,be,Сарай
173106169,2248133,be,Сулеманпур
173106400,2248136,be,Алапур
173106631,2248139,be,Мухиуддин Сараи
173107170,2248146,be,Гуламабад
173107247,2248147,be,Мустафабад
173107401,2248149,be,Асхрфабад
173108017,2248157,be,Манйхгаон
173108479,2248163,be,Пура Палхаран
173108710,2248166,be,Палиа
173108787,2248167,be,Пурегур Сахаи
173109018,2248170,be,Нимаму
173109326,2248174,be,Харцхандпур
173109403,2248175,be,Пуре Факир Схах
173110173,2248185,be,Пуре Патхан
173110481,2248189,be,Йагдисхуапур
173110712,2248192,be,Расулпур
173111020,2248196,be,Рампур
173111482,2248202,be,Замин Хусаинабад
173111790,2248206,be,Ісламкот
173112021,2248209,be,Дэапур
173112098,2248210,be,Аниари
173112560,2248216,be,Сурайнагар
173112791,2248219,be,Фура Бадгаін
173113330,2248226,be,Пахарпур
173113407,2248227,be,Манакпур
173113561,2248229,be,Дакхингаон Киар
173114100,2248236,be,Гіранван
173114562,2248242,be,Хусайнпур
173114793,2248245,be,Багіча
173115178,2248250,be,Махандыя
173115640,2248256,be,Пуре Курми
173116102,2248262,be,Фаридгарх
173116256,2248264,be,Дилуалгарх
173116641,2248269,be,Біджаура
173116795,2248271,be,Джамалпур
173116949,2248273,be,Пура Бхау Дас
173117026,2248274,be,Цхакдома
173117103,2248275,be,Сараи Гопи
173117257,2248277,be,Баліпур
173117411,2248279,be,Джалалпур
173117488,2248280,be,Падампур
173117796,2248284,be,Пура Бірбхан
173118181,2248289,be,Пура Махабал
173119028,2248300,be,Пура Сурйу Сингх
173120029,2248313,be,Схукулпур
173120183,2248315,be,Сидхаули
173120337,2248317,be,Пура Мурці
173120876,2248324,be,Пуре Ганесхи
173121030,2248326,be,Унцхгаон
173121261,2248329,be,Пура Балду
173121338,2248330,be,Пура Нихалгарх
173121569,2248333,be,Пура Бахал
173122108,2248340,be,Нихалгарх Саидапатти
173123032,2248352,be,Палія Паччхім
173123340,2248356,be,Райкхита
173123417,2248357,be,Пура Паха
173124110,2248366,be,Пуре Схамбху
173124649,2248373,be,Параули
173125111,2248379,be,Цхикаура
173125573,2248385,be,Бхикхари Сараи
173125804,2248388,be,Макхдумпур
173125881,2248389,be,Дваркапур
173125958,2248390,be,Пура Малахан
173126112,2248392,be,Кацххиа
173126497,2248397,be,Сипахиа
173126574,2248398,be,Ная Пурва
173126651,2248399,be,Махмудпур
173126805,2248401,be,Раніпур
173126882,2248402,be,Котва
173127036,2248404,be,Сандва
173127344,2248408,be,Шэрпур
173127421,2248409,be,Пура Дзіван
173127498,2248410,be,Ратанпур
173127575,2248411,be,Бханипур
173128037,2248417,be,Кацххаули
173128114,2248418,be,Махулара
173128268,2248420,be,Бхауанипур
173128345,2248421,be,Навада
173128499,2248423,be,Пура Лодх
173128576,2248424,be,Пура Сахибдин
173128730,2248426,be,Махмудмау
173128807,2248427,be,Тальгаон
173128961,2248429,be,Бадэла
173129115,2248431,be,Райанпур
173129346,2248434,be,Кондра
173129654,2248438,be,Пура Нур Али
173129962,2248442,be,Камапур
173130039,2248443,be,Навазпур
173130116,2248444,be,Расулпур Науада
173130347,2248447,be,Амирнагар
173130501,2248449,be,Рампур Йанак
173130655,2248451,be,Сансарпур
173130886,2248454,be,Пуре Бахадур
173131348,2248460,be,Кхеммау
173131656,2248464,be,Пура Йит Тиуари
173131733,2248465,be,Тэндва
173132349,2248473,be,Бубупур
173132426,2248474,be,Палі
173132657,2248477,be,Пура Кабариа
173133119,2248483,be,Каланпур
173133350,2248486,be,Харцхандпур
173133658,2248490,be,Бані
173133735,2248491,be,Баханпур
173133812,2248492,be,Умапур
173133889,2248493,be,Бхоламан
173133966,2248494,be,Кандай
173135044,2248508,be,Саідпур
173135121,2248509,be,Садармау
173135506,2248514,be,Пура Ладай
173135583,2248515,be,Пура Бахшы
173136199,2248523,be,Базар Схукул
173136276,2248524,be,Пура Бхат
173136430,2248526,be,Рахматгарх
173136661,2248529,be,Харкхумау
173137200,2248536,be,Пура Науази
173137277,2248537,be,Даруанипур
173139048,2248560,be,Даранагар
173139279,2248563,be,Пура Йога
173139356,2248564,be,Нимпур
173139972,2248572,be,Махона Пураб
173140126,2248574,be,Бабури
173141358,2248590,be,Пура Дина Патхак
173141512,2248592,be,Сауна
173141974,2248598,be,Барсинда
173142590,2248606,be,Пура Тхакураін
173142667,2248607,be,Рустамгарх
173142821,2248609,be,Джалалі
173142898,2248610,be,Сахабгарх
173143129,2248613,be,Сингхнамау
173143437,2248617,be,Нирхигарх
173143514,2248618,be,Суйанпур
173143899,2248623,be,Асиспур
173143976,2248624,be,Гхаыаспур
173144284,2248628,be,Пура Дхарам Дас
173144361,2248629,be,Банарпур
173144438,2248630,be,Пура Лаицханд
173144669,2248633,be,Пура Каптан
173144823,2248635,be,Пура Ацхли
173144977,2248637,be,Кішні
173145439,2248643,be,Пура Калидин
173145901,2248649,be,Пура Бана
173145978,2248650,be,Йодилмау
173146825,2248661,be,Пура Хинсит Тиуари
173147056,2248664,be,Бахарпур
173147133,2248665,be,Пура Гобре Паси
173147364,2248668,be,Пхунданпу
173147518,2248670,be,Пара
173147595,2248671,be,Бхатмау
173147672,2248672,be,Хасанпур Тиуари
173147903,2248675,be,Балапур
173147980,2248676,be,Джамвары
173148134,2248678,be,Анкра
173148365,2248681,be,Манграули
173148519,2248683,be,Пура Гулал
173148904,2248688,be,Фазилпур
173149135,2248691,be,Мірзапур
173149212,2248692,be,Базгарх
173149597,2248697,be,Сатхин
173149751,2248699,be,Цххаййупур
173150213,2248705,be,Имамганй
173150367,2248707,be,Мандва
173150675,2248711,be,Рудапур
173150983,2248715,be,Пуре Сханкар
173151291,2248719,be,Пура Манйха
173152369,2248733,be,Матиари Калан
173152523,2248735,be,Йагдисхпур
173153216,2248744,be,Пура Бандхан
173153293,2248745,be,Идил Пур
173153832,2248752,be,Пура Сатемау
173154063,2248755,be,Мохиддинпур
173154371,2248759,be,Бакхтауарнагар
173154602,2248762,be,Нандзі
173154987,2248767,be,Бадалгарх
173155757,2248777,be,Пура Бхагауле Маллах
173156527,2248787,be,Пура Бабайи
173156604,2248788,be,Расулпур
173156758,2248790,be,Дэагаон
173157297,2248797,be,Раникпур
173157605,2248801,be,Фатэхпур
173157990,2248806,be,Дурган
173158067,2248807,be,Деипур
173158144,2248808,be,Манйхгаон
173158529,2248813,be,Палпур
173158991,2248819,be,Кхемапур
173159068,2248820,be,Рахманганй
173159530,2248826,be,Каліянпур
173159761,2248829,be,Касари
173159915,2248831,be,Урермау
173160223,2248835,be,Сунба
173160377,2248837,be,Рампур
173160454,2248838,be,Ганесхпур
173160531,2248839,be,Бадлипур
173160608,2248840,be,Цхандрамау Манга
173160916,2248844,be,Хархарпур
173161147,2248847,be,Тер
173161994,2248858,be,Бихара
173162379,2248863,be,Пура Бхароси
173162533,2248865,be,Дар'япур
173162687,2248867,be,Караунды
173163226,2248874,be,Пуре Пандит
173163303,2248875,be,Даламау
173163380,2248876,be,Саідпур
173163534,2248878,be,Пура Кхандхи Ахир
173164150,2248886,be,Бхакхаули
173164920,2248896,be,Кхарка
173165305,2248901,be,Пура Миср
173165382,2248902,be,Наиыамау
173165613,2248905,be,Ахлана
173165998,2248910,be,Ореби Дас
173166075,2248911,be,Лодхаура
173166383,2248915,be,Султанпур
173166845,2248921,be,Гогаура
173166922,2248922,be,Падариа
173167153,2248925,be,Фарыдпур
173167384,2248928,be,Пакарыагаон
173167615,2248931,be,Бабарнагар
173167692,2248932,be,Наыа Пура
173167846,2248934,be,Танда Суфи
173168000,2248936,be,Пура Хамза Али
173168077,2248937,be,Нараулі
173168154,2248938,be,Мадарпур
173168308,2248940,be,Бхадавал
173168462,2248942,be,Бакавал
173168693,2248945,be,Бхаисаули
173168847,2248947,be,Навазпур
173168924,2248948,be,Бахрас
173169078,2248950,be,Карма
173169155,2248951,be,Кхуска
173169232,2248952,be,Салемпур
173169386,2248954,be,Бхаули
173169463,2248955,be,Манапур
173169540,2248956,be,Схукулпур
173169848,2248960,be,Какрахиа
173170079,2248963,be,Кхилауни
173170310,2248966,be,Банмау
173170387,2248967,be,Акхиамау
173171003,2248975,be,Лохти Сараиыан
173171696,2248984,be,Сараян
173171927,2248987,be,Бакарпур
173172158,2248990,be,Джалалпур
173172235,2248991,be,Пуре Калханс
173172389,2248993,be,Дулахмау
173172620,2248996,be,Пура Баку Госхаин
173172851,2248999,be,Пахарпур
173172928,2249000,be,Амраигаон
173173159,2249003,be,Фирозпур Макхдуми
173173544,2249008,be,Пура Захид Али
173173929,2249013,be,Салемпур
173174006,2249014,be,Тыкрахван
173174853,2249025,be,Пура Лалі
173175238,2249030,be,Пура Махе Лал
173177009,2249053,be,Нандаур
173177779,2249063,be,Біндрабан
173178780,2249076,be,Бара Цххатар
173178857,2249077,be,Паска
173179396,2249084,be,Пура Бисхесхар Сингх
173182476,2249124,be,Дхема
173182938,2249130,be,Ахраули
173183477,2249137,be,Сараи Насир
173183708,2249140,be,Хаснамау
173184786,2249154,be,Халимнагар
173184940,2249156,be,Накцххадпур
173185479,2249163,be,Наи Покхар
173186018,2249170,be,Йахагирабад
173186249,2249173,be,Ахіраулі
173186557,2249177,be,Джалалпур
173186634,2249178,be,Каримпур
173186865,2249181,be,Айарка
173186942,2249182,be,Гауриамау
173187096,2249184,be,Пхилсанда
173187173,2249185,be,Пурва
173187404,2249188,be,Икхтиыарпур
173187635,2249191,be,Йаитхри
173187712,2249192,be,Расулпур
173190022,2249222,be,Цххебар Сингх Цхохан
173191100,2249236,be,Пура Дубэ
173192948,2249260,be,Хайра
173193256,2249264,be,Рагбанс Сингх
173194180,2249276,be,Бануа
173194565,2249281,be,Лаикаи Гурет
173195874,2249298,be,Гайсингхпур
173196336,2249304,be,Пура Тывары
173197414,2249318,be,Бішанпур Калан
173197645,2249321,be,Тхакурдин
173199801,2249349,be,Марцхаур
173200494,2249358,be,Судхиан Пуруа
173201187,2249367,be,Пура Дауан Сингх
173201649,2249373,be,Наўшэра
173201803,2249375,be,Рам Пурва
173203651,2249399,be,Бараулі
173204190,2249406,be,Пура Дарпан Цхобан
173205576,2249424,be,Бабаматх
173207270,2249446,be,Ісмаілпур
173207655,2249451,be,Каитхи
173207809,2249453,be,Салахпур
173207886,2249454,be,Махангу Пурва
173207963,2249455,be,Санрари
173208964,2249468,be,Пура Моці
173209118,2249470,be,Миса
173209426,2249474,be,Гаухана
173209580,2249476,be,Мустафабад
173209811,2249479,be,Барай Хурд
173210119,2249483,be,Махолі
173210889,2249493,be,Пуруа Лацххман Ахир
173214893,2249545,be,Цхангери
173215355,2249551,be,Бабу Пурва
173215586,2249554,be,Хадаура
173215663,2249555,be,Байсан Пурва
173216125,2249561,be,Бхавані Пурва
173216356,2249564,be,Сісай
173216895,2249571,be,Калі Пурва
173217280,2249576,be,Гобинд Пуруа
173218050,2249586,be,Ганграулі
173218512,2249592,be,Лилуи Калан
173219513,2249605,be,Далйит Пура
173219590,2249606,be,Адампур
173219667,2249607,be,Йафрапур
173219821,2249609,be,Бегамгандж
173220591,2249619,be,Пуре Мирза
173220668,2249620,be,Семри Калан
173220822,2249622,be,Тилок Пуруа
173220899,2249623,be,Дханак Пурва
173220976,2249624,be,Дыгсір
173221207,2249627,be,Пура Бамба
173222670,2249646,be,Гархі
173224749,2249673,be,Гундва
173224903,2249675,be,Ратанпур
173225288,2249680,be,Деоракот
173225365,2249681,be,Асогипур
173225442,2249682,be,Дера Муси
173225673,2249685,be,Пура Гульзар
173225750,2249686,be,Бхартхупур
173226443,2249695,be,Пура Сэт
173228676,2249724,be,Тулси Рам Пуруа
173228830,2249726,be,Мадхнагар
173229831,2249739,be,Бхао Пурва
173229985,2249741,be,Икауни
173230293,2249745,be,Ахиран Пура
173231063,2249755,be,Баранпур
173231448,2249760,be,Пура Мисран Сингх
173232064,2249768,be,Покуангаон
173232218,2249770,be,Патан Пурва
173232449,2249773,be,Пахлван Пурва
173232526,2249774,be,Мары Пурва
173233142,2249782,be,Пура Нанкаи Ахир
173233758,2249790,be,Лилуи Кхурд
173234759,2249803,be,Пандит Пуруа
173234836,2249804,be,Барсара
173235144,2249808,be,Сараб Джыт Пурва
173235606,2249814,be,Чандпур
173235760,2249816,be,Руриан Пуруа
173236222,2249822,be,Курха
173236376,2249824,be,Сінгхпур
173236453,2249825,be,Ачал Пурва
173236992,2249832,be,Банда Пуруа
173237223,2249835,be,Бицхла Пуруа
173237300,2249836,be,Нарпатпуруа
173237839,2249843,be,Чылдаха
173238840,2249856,be,Пура Бисрам Ахир
173239225,2249861,be,Гасі Пурва
173239764,2249868,be,Індарпур
173240072,2249872,be,Амдахи
173241612,2249892,be,Алиганй
173241689,2249893,be,Гаыаганй
173242074,2249898,be,Парананпур
173242305,2249901,be,Декарпур
173242921,2249909,be,Гопинатхпур
173243152,2249912,be,Лахрапур
173243614,2249918,be,Будхаули
173244153,2249925,be,Палиа Цхараутха
173244923,2249935,be,Габхаура
173245077,2249937,be,Дханаулі
173245924,2249948,be,Йамтха
173247233,2249965,be,Пура Гісі Рам
173248927,2249987,be,Гангтахі
173250159,2250003,be,Булха
173250467,2250007,be,Дходхепур
173250621,2250009,be,Пуре Мохан
173251006,2250014,be,Бхикхарипур Калан
173251160,2250016,be,Пандит Пуруа
173251622,2250022,be,Садананд Пурва
173251776,2250024,be,Гуптар Пуруа
173252161,2250029,be,Лала Пурва
173252238,2250030,be,Парсада
173252315,2250031,be,Тумкухи
173252777,2250037,be,Бхан Пуруа
173253470,2250046,be,Хира Лал Пуруа
173254471,2250059,be,Субадар Пурва
173256088,2250080,be,Гадар'ян Пурва
173256319,2250083,be,Пандит Пуруа
173257474,2250098,be,Балі Пурва
173257628,2250100,be,Хаджуры
173258398,2250110,be,Пандит Пуруа
173258783,2250115,be,Майтан Пурва
173259784,2250128,be,Пандит Пуруа
173259861,2250129,be,Гадаули
173260169,2250133,be,Муілі Пурва
173261478,2250150,be,Пура Шукул
173261709,2250153,be,Сараван
173262479,2250163,be,Канчанпур
173262787,2250167,be,Рамгарх
173264250,2250186,be,Катраулі
173265713,2250205,be,Капаси
173265944,2250208,be,Патвагань
173266021,2250209,be,Кадарпур
173266175,2250211,be,Махараджпур
173266252,2250212,be,Пусавалі
173266406,2250214,be,Біласпур
173266560,2250216,be,Йхукера
173266637,2250217,be,Рэвара
173266714,2250218,be,Лахра Нагла Схыам
173266868,2250220,be,Нандпур
173267022,2250222,be,Мірзапур
173267099,2250223,be,Раджвана
173267176,2250224,be,Харговиндпур
173267253,2250225,be,Йунауаи
173267330,2250226,be,Дипа Нагла
173267407,2250227,be,Дханипур
173267484,2250228,be,Дубари Калан
173267561,2250229,be,Дхандумара
173267638,2250230,be,Симраи
173267792,2250232,be,Баирпур Махарайи
173268254,2250238,be,Азизпур
173268408,2250240,be,Латыфпур Тархі
173268870,2250246,be,Кхера Фатехпур
173268947,2250247,be,Латифпур Дхир
173269024,2250248,be,Кашыпур
173269178,2250250,be,Ахрола Науази
173269255,2250251,be,Аліпур
173269563,2250255,be,Паратпур
173269871,2250259,be,Дхумна Диппур
173270487,2250267,be,Пир Бахадур
173270564,2250268,be,Чырвары
173270718,2250270,be,Чырвара
173271411,2250279,be,Бхабру
173271950,2250286,be,Хамідпур
173272181,2250289,be,Рустамнагар
173272258,2250290,be,Сикри
173272489,2250293,be,Гопалпур
173272566,2250294,be,Нагла Гадриыа
173272643,2250295,be,Мохкампур
173272720,2250296,be,Харанпур
173273105,2250301,be,Лехра Салемпур
173273413,2250305,be,Питханпур
173273490,2250306,be,Канчанпур
173273644,2250308,be,Абхепур Бахлолпур
173273721,2250309,be,Ісмаілпур
173273798,2250310,be,Маидауали
173274029,2250313,be,Нагла Алиа
173274491,2250319,be,Кунуарпур Цхандан
173274953,2250325,be,Митханпур
173275184,2250328,be,Рампур Таппа Ваис
173275415,2250331,be,Сирса Кхурд
173275492,2250332,be,Кераи Сераи
173275569,2250333,be,Бхимпур Достпур
173275800,2250336,be,Антар
173275877,2250337,be,Навабгандж
173276416,2250344,be,Дахагаван
173276647,2250347,be,Хулкабад
173276724,2250348,be,Ганесхпур
173276955,2250351,be,Исмаилпур Котра
173277032,2250352,be,Мадаиыан
173277417,2250357,be,Деуар Канцхан
173277494,2250358,be,Гехат
173277571,2250359,be,Бастои Сикри
173277648,2250360,be,Нагариа Муталик Фатанпур
173277725,2250361,be,Фариднагар
173277879,2250363,be,Дарыапур
173278033,2250365,be,Хатаявалі
173278110,2250366,be,Джамалпур
173278341,2250369,be,Бандраи
173278495,2250371,be,Сихора
173278649,2250373,be,Акбарабад
173278726,2250374,be,Бадхаіці Фазілпур
173278957,2250377,be,Лохарпура
173279034,2250378,be,Данпур
173279188,2250380,be,Гулариа
173279419,2250383,be,Амбиапур
173279496,2250384,be,Схамспур Малик Фатта
173279650,2250386,be,Вазірпур
173279727,2250387,be,Тханпур
173279881,2250389,be,Адампур
173280112,2250392,be,Руднаул Азизпур
173280266,2250394,be,Кхануа Нагла
173280343,2250395,be,Бхогайит
173280497,2250397,be,Майхолра
173280574,2250398,be,Сирсаул
173280882,2250402,be,Дандра
173280959,2250403,be,Хусаинпур Йиретха
173281421,2250409,be,Мустафабад Йиретха
173281498,2250410,be,Канкси
173281575,2250411,be,Усманпур
173281652,2250412,be,Йатки
173281806,2250414,be,Йиретха
173281883,2250415,be,Силхари
173282037,2250417,be,Мадарпур
173282191,2250419,be,Секхупура
173282730,2250426,be,Суйатганй
173282961,2250429,be,Йамалпур Пири
173283038,2250430,be,Аллахдадпур Дхобаи
173283654,2250438,be,Суджавалі
173283731,2250439,be,Баирпур Манпур
173283885,2250441,be,Рампур Нахра
173284963,2250455,be,Ситхаулиа Кхам
173285117,2250457,be,Фазилпуркукраиыа
173285271,2250459,be,Каманпур Бела
173285579,2250463,be,Бхагта Нагла
173285733,2250465,be,Наягаон
173285810,2250466,be,Бадсхахбад
173285887,2250467,be,Хамупур Цхамарпура
173286041,2250469,be,Кхаирпур Уалли
173286272,2250472,be,Нагла Цхои
173286503,2250475,be,Цханданпур
173286811,2250479,be,Мухаммадпур Уда
173286888,2250480,be,Бхамаури
173286965,2250481,be,Шыкарпур
173287042,2250482,be,Ибрахимпургархи
173287119,2250483,be,Камалпур Йалунагар
173287273,2250485,be,Маликпур Бицхаула
173287350,2250486,be,Шадзіпур
173287427,2250487,be,Схахнагар Патпарганй
173287504,2250488,be,Ранйитпур
173287735,2250491,be,Арифпур Бхагта Нагла
173287812,2250492,be,Мирзапур Мохсанпур
173288120,2250496,be,Бадхаули Сагарпур
173288274,2250498,be,Кхаркуари Бхур
173288351,2250499,be,Афзалпур Будхаці
173288582,2250502,be,Макхдумпур
173288736,2250504,be,Хаидрабад
173288813,2250505,be,Надха
173288890,2250506,be,Гурэта
173288967,2250507,be,Бхауанипур
173289044,2250508,be,Сорха
173289352,2250512,be,Кота
173289429,2250513,be,Кірпалпур
173289506,2250514,be,Дхарампур
173291046,2250534,be,Лонра
173291200,2250536,be,Гарха Мафи
173291662,2250542,be,Сапха
173293202,2250562,be,Дханапур
173293433,2250565,be,Нарсингхбханпур
173293510,2250566,be,Бхосиауан
173294665,2250581,be,Шахбазпур
173295204,2250588,be,Пура Дхоби
173295512,2250592,be,Басвапур
173296898,2250610,be,Пуре Нанда
173297360,2250616,be,Баханпур
173297514,2250618,be,Рамдепур
173298053,2250625,be,Маханпур
173298284,2250628,be,Далсхахпур
173299131,2250639,be,Дхараимафи
173299439,2250643,be,Катра Рани
173299593,2250645,be,Пипарпур
173299978,2250650,be,Тандва
173300055,2250651,be,Йадупур
173300286,2250654,be,Бхагватпур
173300363,2250655,be,Дало
173300440,2250656,be,Сумерпур
173300594,2250658,be,Тхаура
173300671,2250659,be,Пура Ахир
173300825,2250661,be,Бандоиа
173301133,2250665,be,Пура Кудай
173301980,2250676,be,Марфапур
173302057,2250677,be,Рамнатхпур
173302442,2250682,be,Гопалпур
173303905,2250701,be,Хира Патти
173304598,2250710,be,Харыпур
173305214,2250718,be,Ахравал
173305753,2250725,be,Баніяні
173306215,2250731,be,Бірахімпур
173306292,2250732,be,Цхацхкапур
173306754,2250738,be,Бхартхипур
173306985,2250741,be,Бархипур
173307216,2250744,be,Мангалпур
173307832,2250752,be,Пура Баба
173308371,2250759,be,Курари Гирдхарсхах
173308756,2250764,be,Суітанпур
173309141,2250769,be,Ребха
173309218,2250770,be,Гианцхандпур
173309526,2250774,be,Балбхадарпур
173309680,2250776,be,Джайрампур
173309911,2250779,be,Нарыпар
173310450,2250786,be,Караунды
173310758,2250790,be,Маціпур
173310835,2250791,be,Сарай Пан
173311528,2250800,be,Пуре Нидхи
173311913,2250805,be,Цхаубе Пуруа
173312375,2250811,be,Бануарипур
173313684,2250828,be,Йараута
173313992,2250832,be,Раджапур
173314069,2250833,be,Катра
173314223,2250835,be,Ішарпур
173314377,2250837,be,Пурва Патан
173314685,2250841,be,Бусахри
173314839,2250843,be,Гангаулі
173315301,2250849,be,Пуруа Бари
173315609,2250853,be,Гхагху Гхар
173315686,2250854,be,Питхипур
173316379,2250863,be,Пуруа Гхеру
173316841,2250869,be,Сандва
173316918,2250870,be,Сауаиыа Кхурд
173317072,2250872,be,Пуруа Туларам
173317303,2250875,be,Гангапур
173317611,2250879,be,Махка
173317688,2250880,be,Рамгарх
173317842,2250882,be,Канайпур
173317919,2250883,be,Макунпур
173318535,2250891,be,Чодахва
173318766,2250894,be,Раяпур
173319305,2250901,be,Химматгарх
173319536,2250904,be,Пуруа Гхази
173319921,2250909,be,Дханапур
173319998,2250910,be,Бартали
173320460,2250916,be,Китхаула
173321076,2250924,be,Раніпур
173321384,2250928,be,Бадлапур
173321846,2250934,be,Тарапур
173322539,2250943,be,Кисара
173322693,2250945,be,Патапур
173324079,2250963,be,Карнаипур
173324156,2250964,be,Кхонпур Бузург
173325542,2250982,be,Гулалгарх
173326004,2250988,be,Пуруа Йаин
173326158,2250990,be,Пірхапур
173326235,2250991,be,Саграпур
173326389,2250993,be,Пуруа Рамцхаран
173327082,2251002,be,Пуруа Бхатан
173327467,2251007,be,Сандва
173328083,2251015,be,Пуруа Бхаготи
173328853,2251025,be,Мадхпур
173328930,2251026,be,Кукурпур
173329238,2251030,be,Кешапур
173331086,2251054,be,Итаури
173332549,2251073,be,Дубепур
173333165,2251081,be,Канпур
173333550,2251086,be,Дхараули
173334089,2251093,be,Дулхапур
173334166,2251094,be,Лакханпур
173334474,2251098,be,Гангапур
173334551,2251099,be,Кішангарх
173334859,2251103,be,Кансапур
173335398,2251110,be,Пацхкхара
173335552,2251112,be,Гханесар
173335783,2251115,be,Гота
173335937,2251117,be,Гокула
173336091,2251119,be,Лахранван
173336245,2251121,be,Раджват
173336707,2251127,be,Пура Ахиран
173338093,2251145,be,Буджва
173339248,2251160,be,Паччхімгаон
173340018,2251170,be,Канйас
173340557,2251177,be,Лархват
173340711,2251179,be,Маноратхпур
173340788,2251180,be,Банда
173341096,2251184,be,Кхутар
173341481,2251189,be,Балапур
173342097,2251197,be,Чхатарпур
173342713,2251205,be,Сангіпур
173343868,2251220,be,Сханкарпур
173344253,2251225,be,Упадхыапур
173344330,2251226,be,Кхаретху
173344561,2251229,be,Бхайранпур
173344638,2251230,be,Джогіпур
173345023,2251235,be,Матиа Рамдаспур
173345639,2251243,be,Бхира
173346871,2251259,be,Катка Манапур
173347102,2251262,be,Пурва Хануман
173347564,2251268,be,Кішангандж
173347872,2251272,be,Сандуа Цхандка
173347949,2251273,be,Арйунпур
173348103,2251275,be,Маджгаван
173348411,2251279,be,Сукхнипур
173348642,2251282,be,Адхарпур
173348796,2251284,be,Гаура
173349027,2251287,be,Тыварыпур
173349412,2251292,be,Пуруа Бхагхан
173349874,2251298,be,Байхан
173349951,2251299,be,Чылвапара
173351260,2251316,be,Кохраути
173351414,2251318,be,Букнапур
173351645,2251321,be,Кальянпур
173352107,2251327,be,Банмала
173352338,2251330,be,Фатэхпур
173352569,2251333,be,Чаўбепур
173353031,2251339,be,Дхараниа
173353878,2251350,be,Бансі
173354263,2251355,be,Пуре Кеуал
173354340,2251356,be,Нимха
173354494,2251358,be,Сатэвар
173354725,2251361,be,Басупур
173354956,2251364,be,Бхаги Пур
173355033,2251365,be,Панцх Патти
173355880,2251376,be,Мангапур
173356419,2251383,be,Падампур
173356727,2251387,be,Умар
173357035,2251391,be,Пура Пармесхар
173357497,2251397,be,Мація
173357651,2251399,be,Цхатурпур
173358652,2251412,be,Нагмалпур
173359037,2251417,be,Пітапур
173359114,2251418,be,Духиа
173359499,2251423,be,Пураб Патти
173359576,2251424,be,Аурнгабад
173359730,2251426,be,Нимдабха
173360269,2251433,be,Умри
173361039,2251443,be,Дандва
173362194,2251458,be,Бхалиапур
173362733,2251465,be,Гангапур
173362964,2251468,be,Сараы Сханкар
173363041,2251469,be,Цхандарбханпур
173363118,2251470,be,Пура Калу
173363349,2251473,be,Ачаквапур
173363734,2251478,be,Дхаўрара
173365428,2251500,be,Раджа Пура
173365505,2251501,be,Малак
173365659,2251503,be,Кандхарпур
173366198,2251510,be,Пура Індва
173366352,2251512,be,Пуруа Лохар
173366429,2251513,be,Цхандока
173366891,2251519,be,Чак Гатаўлі
173367199,2251523,be,Митхиа
173367430,2251526,be,Тилокпур
173367507,2251527,be,Бахадурпур
173368739,2251543,be,Цххацхха
173369740,2251556,be,Мирза Пур
173369894,2251558,be,Маваі
173370510,2251566,be,Нархарпур
173370741,2251569,be,Гокла
173370895,2251571,be,Йогапур
173371203,2251575,be,Бхауанипур
173371434,2251578,be,Сахйипур
173371973,2251585,be,Бхосингхпур
173372743,2251595,be,Камалуддинпур
173372820,2251596,be,Місраулі
173373051,2251599,be,Моханпур
173373128,2251600,be,Цхандарыа
173373513,2251605,be,Патхаўлі
173373667,2251607,be,Пурва Дургадзін
173374283,2251615,be,Санары
173374437,2251617,be,Итахна
173374899,2251623,be,Амтахи
173375977,2251637,be,Рамриа
173376978,2251650,be,Рагхаипур
173377594,2251658,be,Дыхва
173377902,2251662,be,Мандапур
173378749,2251673,be,Имритпур Удхо
173379057,2251677,be,Бахпур
173379134,2251678,be,Мансурпур
173379365,2251681,be,Пуре Питамбар
173379596,2251684,be,Булха Пура Схеорам
173379673,2251685,be,Баулха
173379904,2251688,be,Пуруа Гадариа
173379981,2251689,be,Камсин
173380058,2251690,be,Тикар Мафи
173380443,2251695,be,Патхаўлі Мафі
173380597,2251697,be,Питамбарпур
173380674,2251698,be,Духиа
173381367,2251707,be,Ісмаілпур
173381521,2251709,be,Пура Бхаджаі
173381829,2251713,be,Гхарбхар
173381906,2251714,be,Нонкхар
173382060,2251716,be,Кхаргпур
173382368,2251720,be,Нагар Дих
173383369,2251733,be,Бхале Султан
173383985,2251741,be,Кадергаон
173384293,2251745,be,Пуре Сарйу
173384678,2251750,be,Пура Ахир
173384909,2251753,be,Канкапур
173385294,2251758,be,Джалалпур
173385679,2251763,be,Бартала
173385833,2251765,be,Мангапур
173386603,2251775,be,Пура Панде
173386757,2251777,be,Сараиыамохан
173387065,2251781,be,Кхайха
173387527,2251787,be,Ралпур
173387835,2251791,be,Кальянпур
173387912,2251792,be,Рампур
173388836,2251804,be,Рампати
173389144,2251808,be,Бедхикпур
173389298,2251810,be,Уска
173389606,2251814,be,Тикриа
173389683,2251815,be,Гаиракпур
173389760,2251816,be,Балцхандпур
173389991,2251819,be,Харыпур
173390607,2251827,be,Бікрампур
173391531,2251839,be,Пуруа Харирам
173391685,2251841,be,Гхурха
173392609,2251853,be,Партос Маник
173393533,2251865,be,Цікавар
173393764,2251868,be,Гхаткаур
173393841,2251869,be,Кхандхар
173394149,2251873,be,Рампур
173394534,2251878,be,Аметха
173396074,2251898,be,Лаўхар Паччхім
173396536,2251904,be,Палиа
173397075,2251911,be,Ниголиа Тилокпур
173397229,2251913,be,Удханпур
173397383,2251915,be,Карнаипур
173397460,2251916,be,Самнабхар
173398230,2251926,be,Мадхо Пурва
173399077,2251937,be,Пурва Субедар
173399924,2251948,be,Итха
173401233,2251965,be,Пуруа Матхра
173402311,2251979,be,Дханипур
173402388,2251980,be,Нарсінгхпур
173402773,2251985,be,Пурва Субедар
173403543,2251995,be,Сундарпур
173403620,2251996,be,Махсо
173403774,2251998,be,Йанкампалли
173403851,2251999,be,Хаджыпур
173404159,2252003,be,Домгхар
173404390,2252006,be,Гадипур
173404775,2252011,be,Басера Кхас
173404852,2252012,be,Камалпур Фатехабад
173404929,2252013,be,Имритпур Факхруддин
173405237,2252017,be,Кульвара
173405391,2252019,be,Пандиа
173405468,2252020,be,Нагла Салар
173405545,2252021,be,Харыяна
173405622,2252022,be,Цхиттупур
173405776,2252024,be,Йаитпур Патти
173406469,2252033,be,Схекхпур Кхас
173406546,2252034,be,Дхакиа Йумма
173406700,2252036,be,Мурадпур
173406777,2252037,be,Имратпур Сирси
173406931,2252039,be,Теуар Кхас
173407162,2252042,be,Ісапур
173407316,2252044,be,Азампур
173407393,2252045,be,Нагла Камал
173407778,2252050,be,Цхандпур Ганесх
173407855,2252051,be,Гвалк'ера
173407932,2252052,be,Мундиа Райа
173408009,2252053,be,Схерпур Мафи
173408163,2252055,be,Науада Схахпур
173408240,2252056,be,Куанкхера
173408317,2252057,be,Бахадурпур
173408548,2252060,be,Ситаран
173408625,2252061,be,Джвалапуры
173408779,2252063,be,Абупур Кхурд
173409010,2252066,be,Гуярыя
173409241,2252069,be,Фатехпур Натха
173409318,2252070,be,Сихари Ладда
173409395,2252071,be,Кубри Манак
173409626,2252074,be,Пахарпур
173409780,2252076,be,Сафилпур
173409857,2252077,be,Мухаммад Ибрахимпур
173409934,2252078,be,Нарукхера
173410011,2252079,be,Багпура
173410088,2252080,be,Шахпур
173410165,2252081,be,Арикхера
173410396,2252084,be,Паланпур
173410473,2252085,be,Самаспур
173410627,2252087,be,Хамйапур
173410704,2252088,be,Кхата
173411243,2252095,be,Гопалпур
173411551,2252099,be,Акраули
173411705,2252101,be,Ханпур
173411782,2252102,be,Расулпур Каили
173412013,2252105,be,Пицхак
173412167,2252107,be,Баниакхера
173412321,2252109,be,Кокабанс
173412475,2252111,be,Лахнайта
173412552,2252112,be,Бабепур
173412629,2252113,be,Кханупура Сеондара
173412937,2252117,be,Райтхал
173413168,2252120,be,Берни
173413322,2252122,be,Сотипура
173413553,2252125,be,Данда
173413630,2252126,be,Фірозпур
173413938,2252130,be,Назирпур Бхикка
173414015,2252131,be,Шыкарпур
173414092,2252132,be,Бицхаула Дхоки
173414323,2252135,be,Карсара
173414631,2252139,be,Баниатхер
173414939,2252143,be,Караар
173415016,2252144,be,Саматхал
173415170,2252146,be,Палиа
173415632,2252152,be,Сихаримала
173416017,2252157,be,Санаи
173416325,2252161,be,Милак Нагалиа Йат
173416787,2252167,be,Нагалиа Йат
173416864,2252168,be,Гваркхера
173416941,2252169,be,Макрандпур
173417249,2252173,be,Даниапур
173417480,2252176,be,Йалалпур Кхас
173417557,2252177,be,Махлолі
173417942,2252182,be,Сараи Махесх
173418173,2252185,be,Питпур
173418327,2252187,be,Хатхипур Цхитту
173418481,2252189,be,Сонда
173418635,2252191,be,Таджпур
173418712,2252192,be,Дхармапур
173418866,2252194,be,Нагла Йатни
173419713,2252205,be,Расулпур Нагли
173419790,2252206,be,Цхак Пхери
173419867,2252207,be,Гатаура
173420098,2252210,be,Султанпур
173420175,2252211,be,Абдуллапур
173420406,2252214,be,Йагрампура
173420637,2252217,be,Хирапур
173420868,2252220,be,Лала Тикар
173420945,2252221,be,Ронда
173421099,2252223,be,Гонда
173421792,2252232,be,Йатпура
173422023,2252235,be,Цхандпур Кхурд
173422100,2252236,be,Сагарпур
173422177,2252237,be,Лалвара
173422562,2252242,be,Мазра Раипур
173422793,2252245,be,Мадхпури
173422870,2252246,be,Бицхпури Лалйи
173422947,2252247,be,Дханаурд
173423255,2252251,be,Мазра Кахаран
173423332,2252252,be,Райпур
173424025,2252261,be,Сараи Имам
173424179,2252263,be,Тарапур Сеадара
173424487,2252267,be,Дэбіпура
173424564,2252268,be,Барагаон
173424718,2252270,be,Касімпур
173424949,2252273,be,Мангупура
173425103,2252275,be,Мамрэзпур
173425180,2252276,be,Тодакпур
173425334,2252278,be,Йхакра
173425411,2252279,be,Гургаон
173425488,2252280,be,Паига Рафатпур
173425642,2252282,be,Йахангирпур
173425873,2252285,be,Дхабхаула
173425950,2252286,be,Деора Кхас
173426027,2252287,be,Нанакбари
173426181,2252289,be,Курх Фатехгарх
173426258,2252290,be,Гандупура
173426335,2252291,be,Фаизуллапур
173426489,2252293,be,Дханупура
173426643,2252295,be,Кхера
173426874,2252298,be,Цхатарпур
173427028,2252300,be,Схахпур Дев
173427182,2252302,be,Бхураси
173427413,2252305,be,Саркара
173427490,2252306,be,Гусари
173427644,2252308,be,Навабпура
173427721,2252309,be,Ласкарганй
173427798,2252310,be,Химматпур
173427875,2252311,be,Гулариа Калан
173427952,2252312,be,Пасупура
173428337,2252317,be,Бархера
173428491,2252319,be,Каримганй
173429030,2252326,be,Мандаян Тулсі
173429415,2252331,be,Дибиа Нагла
173429646,2252334,be,Мианганй
173429723,2252335,be,Равана
173429800,2252336,be,Патти Фазилабад
173429877,2252337,be,Телипура
173430262,2252342,be,Нанкар
173430416,2252344,be,Бахпури
173431186,2252354,be,Бисра
173431263,2252355,be,Бисри
173431648,2252360,be,Мазра Мандхаулі
173431802,2252362,be,Годхикхера
173432033,2252365,be,Гадхикхера
173432110,2252366,be,Расалпур
173432187,2252367,be,Мазра Гохарпур
173432264,2252368,be,Милак Ниббисингх
173432803,2252375,be,Сикри
173434574,2252398,be,Суранкот
173440349,2252473,be,Алал
173442428,2252500,be,Лачмапур
173442505,2252501,be,Адуи Лингал
173442736,2252504,be,Котал
173443121,2252509,be,Сураипаллы
173443198,2252510,be,Рамаипаллы
173443275,2252511,be,Анарэддзіпалі
173443352,2252512,be,Кесаипет
173443429,2252513,be,Коматипаллы
173443583,2252515,be,Сантаипет
173445046,2252534,be,Пармалла
173445123,2252535,be,Агопалли
173445200,2252536,be,Аіяпалі
173445277,2252537,be,Сайанпалли
173445431,2252539,be,Тиммапур
173445585,2252541,be,Катапалі
173445816,2252544,be,Деуанпалли
173445893,2252545,be,Посанпалли
173446201,2252549,be,Йангмаипалли
173446278,2252550,be,Брахманпалли
173446740,2252556,be,Далуан
173446971,2252559,be,Гирйан
173447048,2252560,be,Бела
173447818,2252570,be,Ацхаипалли
173448357,2252577,be,Пулкампет
173448511,2252579,be,Катапалі
173448588,2252580,be,Райпет
173448665,2252581,be,Капраипаллы
173448742,2252582,be,Вадзі
173450051,2252599,be,Уадалпарти
173450128,2252600,be,Поцхарам
173450205,2252601,be,Нагарэддзіпет
173450590,2252606,be,Рамакапалли
173450667,2252607,be,Ыерарам
173450744,2252608,be,Джалалпур
173450821,2252609,be,Алмаспур
173450898,2252610,be,Кумпалли
173451052,2252612,be,Атмакур
173451129,2252613,be,Масанпалли
173451206,2252614,be,Кицхеннапет
173451283,2252615,be,Малур
173451437,2252617,be,Ыенкампалли
173452284,2252628,be,Лингампалли
173452361,2252629,be,Цхинур
173452438,2252630,be,Вадзі
173452592,2252632,be,Малтумеда
173452669,2252633,be,Сардана
173452746,2252634,be,Йакканапет
173453439,2252643,be,Гаддаманпалли
173453747,2252647,be,Арэпаллі
173453901,2252649,be,Минпур
173454440,2252656,be,Маллампет
173454517,2252657,be,Лингампалли
173454594,2252658,be,Ыеллупет
173454902,2252662,be,Нарсинги
173454979,2252663,be,Даулапур
173455056,2252664,be,Аннарам
173455749,2252673,be,Рампур
173455826,2252674,be,Кистапур
173456134,2252678,be,Намапур
173456211,2252679,be,Венкатапур
173456519,2252683,be,Бірпур
173456596,2252684,be,Деотаха
173456827,2252687,be,Чайпурва
173457212,2252692,be,Бангаи
173457597,2252697,be,Дубе Пуруа
173457674,2252698,be,Домаи
173458059,2252703,be,Масха Калан
173458444,2252708,be,Баириа Кунди
173459753,2252725,be,Бадалпур
173459830,2252726,be,Каткуиыа
173459984,2252728,be,Пура Дары
173460215,2252731,be,Камда
173460369,2252733,be,Бішнапур
173460754,2252738,be,Койлахва
173461293,2252745,be,Дхонрпуруа
173461986,2252754,be,Мадрахва
173462063,2252755,be,Сісва
173462217,2252757,be,Сирсиа
173462371,2252759,be,Симра
173462448,2252760,be,Цхаилахи
173462525,2252761,be,Йарпаниан
173462756,2252764,be,Ранйттпур
173463526,2252774,be,Гхулиа
173463680,2252776,be,Йугарх
173463757,2252777,be,Шыугарх Хурд
173464296,2252784,be,Райпур Дагмара
173464912,2252792,be,Дханнидих
173465143,2252795,be,Ратанван
173465682,2252802,be,Пуруа Ананд Паси
173466452,2252812,be,Бхатпурва
173466914,2252818,be,Гхолиа
173467838,2252830,be,Конха
173467915,2252831,be,Лалпур Кусамбха
173468069,2252833,be,Такиа
173468223,2252835,be,Пакариа
173469070,2252846,be,Сохельва
173469301,2252849,be,Джайрампур
173469686,2252854,be,Пуруа Исхарбали
173469763,2252855,be,Махадео Банки
173471611,2252879,be,Дургапур
173472458,2252890,be,Йоган Бхариа
173472689,2252893,be,Срынагар
173472766,2252894,be,Рамнагар Цхирадих
173473151,2252899,be,Тилхар
173473228,2252900,be,Рампур Деоман
173473305,2252901,be,Чандан Кундзі
173473844,2252908,be,Ахіран Пурва
173474614,2252918,be,Рамнагар
173475307,2252927,be,Цхаргахиан
173475538,2252930,be,Бахкатва
173476077,2252937,be,Йанкинагар Калан
173476154,2252938,be,Мотипур Барахуа
173476385,2252941,be,Гехуван Бхары
173476847,2252947,be,Агапур
173477001,2252949,be,Санграмганй
173477078,2252950,be,Базар Лахманпур
173477309,2252953,be,Парса
173477386,2252954,be,Парсиа Райа
173477540,2252956,be,Лалпур Аыодхыа
173478002,2252962,be,Піпрахва
173478464,2252968,be,Симри Тархар
173479311,2252979,be,Дханхата
173479388,2252980,be,Пандры
173479465,2252981,be,Барат Бхари
173479542,2252982,be,Бхикхпур Тараи
173479773,2252985,be,Арнаван
173479927,2252987,be,Ратанпур
173480235,2252991,be,Чытаўні
173480620,2252996,be,Кирхауна
173480928,2253000,be,Балойпур
173481005,2253001,be,Нараыан Йот
173482314,2253018,be,Схиванагар
173482468,2253020,be,Паранпур
173483161,2253029,be,Лалпур Канйебхариа
173483469,2253033,be,Цхаисар
173483777,2253037,be,Рамгархиа
173483854,2253038,be,Лахманпур Хайрханян
173484085,2253041,be,Мадхнагар
173484162,2253042,be,Шэйхапур
173485163,2253055,be,Басант Пуруа
173485471,2253059,be,Хайры
173486087,2253067,be,Малауна Кхасиари
173486241,2253069,be,Бхутха
173486626,2253074,be,Кіла
173486703,2253075,be,Бірпур
173487088,2253080,be,Цхирандапур
173487319,2253083,be,Кхаргаура Ганесх
173487473,2253085,be,Кхаргаура Басти
173487781,2253089,be,Байа Йот
173488166,2253094,be,Гхугхулпур
173488243,2253095,be,Гангапур Банки
173488397,2253097,be,Натхи Пуруа
173488551,2253099,be,Рацхаура
173488782,2253102,be,Мухамадпур
173488936,2253104,be,Рани Йот
173489475,2253111,be,Пура Бхойанг Ахир
173490861,2253129,be,Йиу Нараыанпур
173491477,2253137,be,Манкот
173491785,2253141,be,Йабдахи
173493325,2253161,be,Йхаухана
173493556,2253164,be,Лалпур
173493864,2253168,be,Йхаухни
173494326,2253174,be,Арбарва
173494557,2253177,be,Лахери
173494711,2253179,be,Тэрхва
173494865,2253181,be,Банкатва
173495096,2253184,be,Пхатуа Кхурд
173495250,2253186,be,Удрахиа
173496020,2253196,be,Пуре Цххитан
173496636,2253204,be,Бхуселиа
173496713,2253205,be,Лакхнипур
173497021,2253209,be,Мухамедгандж
173497714,2253218,be,Каніта
173497791,2253219,be,Маи
173498176,2253224,be,Лалиа
173498330,2253226,be,Макунахван
173498407,2253227,be,Бангхусри
173499177,2253237,be,Мангра Кохал
173499485,2253241,be,Рамнагар
173499639,2253243,be,Аитаул
173499716,2253244,be,Кхерадас
173499793,2253245,be,Барраи
173499947,2253247,be,Дхимарпур
173500024,2253248,be,Байхера
173500101,2253249,be,Кунданпур
173500255,2253251,be,Джафарпур
173500486,2253254,be,Патхакпур
173500563,2253255,be,Дханыауали
173500640,2253256,be,Хаджарыя
173500717,2253257,be,Кунварпур
173500871,2253259,be,Цхамарпура
173500948,2253260,be,Цхандои
173501025,2253261,be,Балпур
173501102,2253262,be,Рафатпур
173501179,2253263,be,Бхусая
173501333,2253265,be,Мухаббе Алипур Цхацхета
173501564,2253268,be,Лабхари
173501641,2253269,be,Канхарпур
173501795,2253271,be,Бхауанипур Нагла
173501949,2253273,be,Хемпур
173502026,2253274,be,Сакхамаи
173502180,2253276,be,Мианпур Деора
173502334,2253278,be,Маціпур
173502719,2253283,be,Саркахва
173502796,2253284,be,Камди
173503797,2253297,be,Бхавіпур
173503874,2253298,be,Саидпур Рамнагар
173504105,2253301,be,Райпур
173504413,2253305,be,Гобіндпур
173504644,2253308,be,Маикхурд
173504721,2253309,be,Мусиа Нагла
173504798,2253310,be,Фирозпур Гамра
173504952,2253312,be,Патти Мадхосингх
173505106,2253314,be,Нагар Пукхра
173505260,2253316,be,Удайпур
173505414,2253318,be,Гопалпур
173505722,2253322,be,Даминагар
173505799,2253323,be,Сарера
173505876,2253324,be,Палиа
173506184,2253328,be,Дхарампур
173506338,2253330,be,Чані
173506569,2253333,be,Гадгаон
173506646,2253334,be,Сидхпур
173506723,2253335,be,Каранпур
173506877,2253337,be,Бехта Патхак
173507108,2253340,be,Дзілвары
173507262,2253342,be,Ладхаулі
173507339,2253343,be,Митраули
173507416,2253344,be,Йагат Пипри
173507493,2253345,be,Мундыя
173507570,2253346,be,Йагатуа
173507647,2253347,be,Сарай
173507801,2253349,be,Садара
173507878,2253350,be,Махори
173508032,2253352,be,Фаизганй
173508109,2253353,be,Гуйраула
173508186,2253354,be,Даспур
173508263,2253355,be,Ганголи
173508340,2253356,be,Баджардыхва
173508417,2253357,be,Піпрахва
173508571,2253359,be,Нанднагар
173508879,2253363,be,Суганагар
173509187,2253367,be,Сінгхпур
173509803,2253375,be,Мирзапур Бехта
173509880,2253376,be,Джайтпур
173510188,2253380,be,Тханпур
173510342,2253382,be,Сисарка
173510419,2253383,be,Парманандпур
173510573,2253385,be,Мугарра
173510881,2253389,be,Берикхера
173511420,2253396,be,Манохрапур
173511497,2253397,be,Удайпур
173511574,2253398,be,Рамнагар
173511805,2253401,be,Караунда Пуруа
173511959,2253403,be,Дхама Цхаури
173512190,2253406,be,Ганесхпур
173512344,2253408,be,Дхандхара
173512421,2253409,be,Мадрахва
173512498,2253410,be,Маціпур
173512806,2253414,be,Харагпур
173512883,2253415,be,Кантары
173513037,2253417,be,Ганесхпур
173513114,2253418,be,Мухаммаднагар Касба
173513422,2253422,be,Фатехпур Дал
173513653,2253425,be,Атва
173513807,2253427,be,Лалпур
173513884,2253428,be,Мірзапур
173514038,2253430,be,Бхагатпур
173514115,2253431,be,Дхарампур
173514192,2253432,be,Шахбазпур
173514577,2253437,be,Кхобариа
173514654,2253438,be,Балкаранпур
173514731,2253439,be,Дарни
173514885,2253441,be,Тодарпур
173515039,2253443,be,Гангагарх
173515655,2253451,be,Сикри
173515809,2253453,be,Кармаити
173515886,2253454,be,Ахладнагар
173516271,2253459,be,Имлиа
173516348,2253460,be,Бхая Пурва
173516425,2253461,be,Ганварыя
173516656,2253464,be,Катва
173516810,2253466,be,Бхархапара
173516887,2253467,be,Бхагта
173516964,2253468,be,Дундпур
173517041,2253469,be,Мірзапур
173517272,2253472,be,Шыямпур
173517349,2253473,be,Рай Тикаули
173517503,2253475,be,Садуллахнагар
173517580,2253476,be,Муннунагар
173517657,2253477,be,Баргаван
173517734,2253478,be,Асафпур Пхакаоли
173517888,2253480,be,Дагри
173518273,2253485,be,Дабтхра
173518350,2253486,be,Малкханпур
173518427,2253487,be,Сахауар Схах
173518504,2253488,be,Мохкампур
173518812,2253492,be,Писанхари
173518889,2253493,be,Тхириа
173519043,2253495,be,Ратанпур
173519120,2253496,be,Бхамори
173519197,2253497,be,Гахора
173519274,2253498,be,Саиндола
173519351,2253499,be,Бхатпура
173519505,2253501,be,Гулариа
173519582,2253502,be,Куанданда
173519736,2253504,be,Пиндара
173519813,2253505,be,Сарва
173519890,2253506,be,Аджнавар
173520275,2253511,be,Найра
173520352,2253512,be,Сакры
173520737,2253517,be,Сирахиа
173520814,2253518,be,Джуравар Дых
173520968,2253520,be,Сунбарси
173521045,2253521,be,Лалпур Бисхунпур
173521122,2253522,be,Йахангир Дих
173521430,2253526,be,Гангапур
173521815,2253531,be,Саханпур
173522123,2253535,be,Каліянпур
173522277,2253537,be,Фірозпур
173522354,2253538,be,Рампуриа
173522508,2253540,be,Сиртаула
173522585,2253541,be,Схекхупур
173522662,2253542,be,Кот
173522739,2253543,be,Бханпур
173523124,2253548,be,Мухаммадпур Маи
173523201,2253549,be,Парсера
173523278,2253550,be,Сицхаули
173523432,2253552,be,Бархера
173523663,2253555,be,Басаі
173523740,2253556,be,Кхайуриа
173523894,2253558,be,Чандпура
173524048,2253560,be,Пурохиткхера
173524279,2253563,be,Малікпур
173524433,2253565,be,Маитхра
173524510,2253566,be,Паига Бхикампур
173524587,2253567,be,Банйариа Кханпур
173524664,2253568,be,Салемпур
173524741,2253569,be,Паруезнагар
173524818,2253570,be,Пірціпур
173524895,2253571,be,Пипри
173524972,2253572,be,Сукалийот
173525357,2253577,be,Сукай Дых
173525434,2253578,be,Лахміпур
173525511,2253579,be,Рехра
173525588,2253580,be,Шанкарнагар
173525665,2253581,be,Цххангур Дих
173525742,2253582,be,Маджгаван
173526050,2253586,be,Сонпур
173526204,2253588,be,Удайпур
173526281,2253589,be,Сикандар Бойхи
173526435,2253591,be,Парсія
173526512,2253592,be,Джалалпур
173526589,2253593,be,Амбиапур
173526666,2253594,be,Низамуддинпур Схах
173526820,2253596,be,Гуриыари
173526897,2253597,be,Дабтура
173527051,2253599,be,Сагрампур
173527282,2253602,be,Пуруакхера
173527436,2253604,be,Сірваван
173527513,2253605,be,Бийаури
173527975,2253611,be,Бхагауціпур
173528052,2253612,be,Надирганй
173528360,2253616,be,Насратнагар
173528514,2253618,be,Кханйипура
173528591,2253619,be,Дхакиа
173528745,2253621,be,Ыусуфнагар
173528899,2253623,be,Гални
173528976,2253624,be,Мадхукар
173529053,2253625,be,Хандайлі
173529130,2253626,be,Цхакаси
173529438,2253630,be,Бхаваніапур
173529823,2253635,be,Ганварыя
173529900,2253636,be,Бхагуанпур
173529977,2253637,be,Пандит Пуруа
173530208,2253640,be,Бхауани Дих
173530285,2253641,be,Хиндули Калан
173530439,2253643,be,Бинхуни Калан
173530516,2253644,be,Цхаудхри Дих
173530670,2253646,be,Султана
173530824,2253648,be,Тарапур
173531902,2253662,be,Сангитпур
173531979,2253663,be,Маиндих
173532672,2253672,be,Банкатуа Кхурд
173532749,2253673,be,Нанднагар
173532826,2253674,be,Хаснапур
173533673,2253685,be,Каткуиыан
173533750,2253686,be,Балдидих
173533904,2253688,be,Сирсиа
173533981,2253689,be,Дхамра
173534135,2253691,be,Деопура
173534289,2253693,be,Тхакур Йот
173534443,2253695,be,Атарпары
173534597,2253697,be,Махадео Атарпари
173535367,2253707,be,Тхатрахиа
173535521,2253709,be,Рамгандж
173535598,2253710,be,Цхиттандих
173535752,2253712,be,Терхи Парас
173536368,2253720,be,Цхиранйупур
173536676,2253724,be,Бхуйехра
173537061,2253729,be,Нанднагар
173537215,2253731,be,Лайбурва
173537831,2253739,be,Банкатва
173538062,2253742,be,П'ярэ Дых
173538216,2253744,be,Пірціпур
173538293,2253745,be,Маджгаван
173538909,2253753,be,Аурахиыа
173538986,2253754,be,Суганагар Дых
173539679,2253763,be,Кундва
173539910,2253766,be,Індва
173539987,2253767,be,Дархарпур
173540218,2253770,be,Індва
173541219,2253783,be,Сахибнагар
173541296,2253784,be,Харха
173541373,2253785,be,Мадхвапур
173541450,2253786,be,Гандва
173541835,2253791,be,Сіткахва
173542143,2253795,be,Бардаулиа
173542451,2253799,be,Райпур
173542528,2253800,be,Экхарва
173542605,2253801,be,пхатва
173542759,2253803,be,Титхариа
173542990,2253806,be,Махараджгандж
173543452,2253812,be,Мадаргарх
173543683,2253815,be,Туркаўля
173544068,2253820,be,Сарра
173544299,2253823,be,Баква
173544453,2253825,be,Цхакар Бхандар
173544684,2253828,be,Бхаратпур
173544761,2253829,be,Рамнагар
173544838,2253830,be,Аліпур
173544992,2253832,be,Саифпур
173545069,2253833,be,Аманабад
173545146,2253834,be,Басантнагар
173545223,2253835,be,Хандва
173545916,2253844,be,Раватпур
173550305,2253901,be,Кулахом
173554001,2253949,be,Кхан Сахиб
173554386,2253954,be,Муланор
173561316,2254044,be,Банагунд
173562086,2254054,be,Абхом
173562702,2254062,be,Нараыанпет
173562779,2254063,be,Аргул
173563010,2254066,be,Колипак
173563087,2254067,be,Йанакампета
173563241,2254069,be,Аклур
173563472,2254072,be,Маханагар
173563549,2254073,be,Цітаўлі
173563703,2254075,be,Дамминагар
173563934,2254078,be,Сарал Сануал
173564088,2254080,be,Масудпур
173564396,2254084,be,Балакисханпур
173564473,2254085,be,Какрала
173564550,2254086,be,Хамупур
173565089,2254093,be,Рампура Топпа Реонаи
173565166,2254094,be,Кхитаура Кундан
173565243,2254095,be,Талибнагар
173565320,2254096,be,Годинагла
173565474,2254098,be,Тахра
173565551,2254099,be,Харыпур
173565782,2254102,be,Лабедпур
173565859,2254103,be,Цхандеси
173565936,2254104,be,Мухаммадпур Хаййам
173566013,2254105,be,Карара
173566090,2254106,be,Даулатпур
173566167,2254107,be,Садхпур
173566244,2254108,be,Бхагатпур
173566398,2254110,be,Тигра
173566706,2254114,be,Алипур Таппа Хауели
173566783,2254115,be,Шэйхпур
173566860,2254116,be,Хасанпур Лодх
173567014,2254118,be,Динапур
173567091,2254119,be,Мутсан
173567168,2254120,be,Насупур
173567553,2254125,be,Кхандак
173568169,2254133,be,Нагла Миср
173568246,2254134,be,Самда
173568323,2254135,be,Схукруллапур
173568400,2254136,be,Гангапур
173568477,2254137,be,Питамнагар
173568554,2254138,be,Дхак Нагла
173568785,2254141,be,Бадериа
173569016,2254144,be,Гхуранпур
173569093,2254145,be,Суйаатганй Бела
173569324,2254148,be,Расулпур Бела
173569478,2254150,be,Зарифпур Гархиа
173569632,2254152,be,Абунагар
173569709,2254153,be,Курбанпур
173569786,2254154,be,Баксар Кхалса
173569863,2254155,be,Махдуда Гуйар
173570094,2254158,be,Кхукханиа Йауйе
173570171,2254159,be,Дхури Нагла
173570864,2254168,be,Саграи
173570941,2254169,be,Патарцхоха
173571095,2254171,be,Лодхпура
173571172,2254172,be,Сирки Дамму
173571403,2254175,be,Билхарипур
173571480,2254176,be,Сараи Рамдас
173571634,2254178,be,Ранет Маткули
173571942,2254182,be,Джвалапур
173572173,2254185,be,Сиркихера
173572250,2254186,be,Схамспур Баллу
173572404,2254188,be,Схекх Нагла
173572558,2254190,be,Сараи Мансукх
173572866,2254194,be,Сараи Мудиа Кхаги
173572943,2254195,be,Рампура Енуддин
173573174,2254198,be,Таренцха
173573405,2254201,be,Наитхуа
173573713,2254205,be,Мирзапур Сохра
173573867,2254207,be,Дхакпура
173573944,2254208,be,Кударни
173574021,2254209,be,Фатехпур Кунри
173574175,2254211,be,Махлаули
173574329,2254213,be,Махмудпур Согна
173574406,2254214,be,Палпур
173574483,2254215,be,Фатех Нагла
173574560,2254216,be,Хардаспур
173574637,2254217,be,Бадраумі
173574714,2254218,be,Пиндоул
173574791,2254219,be,Нагла Даллу
173574868,2254220,be,Нагла Тарау
173574945,2254221,be,Каранпур
173575407,2254227,be,Гхансаули
173575792,2254232,be,Райпур
173575946,2254234,be,Дхарайра
173576023,2254235,be,Рагхунатхпур
173576254,2254238,be,Раипур Кхурд
173576485,2254241,be,Сараи Йасу
173576639,2254243,be,Ралпур Йагман
173576716,2254244,be,Ахмадганй
173576947,2254247,be,Аиампур
173577101,2254249,be,Кесарпур
173577178,2254250,be,Параули
173577255,2254251,be,Рагхунатхпур
173577409,2254253,be,Джараван
173577486,2254254,be,Гудхни
173577563,2254255,be,Барамаи Бузург
173577640,2254256,be,Гирдхарпур
173577794,2254258,be,Баирмал Кхурд
173577871,2254259,be,Йарсаини
173577948,2254260,be,Дудхани
173578025,2254261,be,Гадарпура
173578102,2254262,be,Хайры
173578179,2254263,be,Бадсхахпур
173578333,2254265,be,Наи Пиндри
173578410,2254266,be,Агаул
173578641,2254269,be,Бэйн
173578949,2254273,be,Фатехуллаганй
173579026,2254274,be,Рафинагар
173579103,2254275,be,Хірвара
173579180,2254276,be,Мухамедгандж
173579488,2254280,be,Йийахат
173579565,2254281,be,Алиганй
173579642,2254282,be,Муйариа
173579719,2254283,be,Сабдалпур
173579950,2254286,be,Катиыа Кесар
173580181,2254289,be,Дхармапур
173580412,2254292,be,Хасупур Бахериа
173580797,2254297,be,Коці Нагла
173580874,2254298,be,Бхауанипур
173580951,2254299,be,Курах Нарсингпур
173581028,2254300,be,Хазратганй
173581336,2254304,be,Рагхувар Нагла
173581490,2254306,be,Гирдарпур
173581798,2254310,be,Роксенбадэн
173581875,2254311,be,Бхилаулиа
173581952,2254312,be,Рисаули
173582029,2254313,be,Бічаўла
173582106,2254314,be,Акаули
173582183,2254315,be,Банбехта
173582260,2254316,be,Низампур
173582337,2254317,be,Джаханабад
173582568,2254320,be,Кхаиратинагар
173582645,2254321,be,Ситапур
173582799,2254323,be,Антпур
173582953,2254325,be,Хаибатпур
173583030,2254326,be,Бадхаулі
173583107,2254327,be,Катинна
173583184,2254328,be,Майхара
173583261,2254329,be,Бансбараулиа
173583338,2254330,be,Бамер
173583492,2254332,be,Нагар Джуна
173583569,2254333,be,Гхангоси
173583723,2254335,be,Кхаусара
173583954,2254338,be,Лакханпура
173584031,2254339,be,Садарпур
173584339,2254343,be,Макрандпур
173584416,2254344,be,Джулахпура
173584570,2254346,be,Малин Гаутиа
173584647,2254347,be,Палал
173584878,2254350,be,Бхатани
173585032,2254352,be,Сингтхара
173585186,2254354,be,Харганпур
173585340,2254356,be,Пакпатла
173585417,2254357,be,Чакерал
173585494,2254358,be,Кодцхерла
173585571,2254359,be,Парпалли
173585648,2254360,be,Малапурам
173585879,2254363,be,Доан Чанда
173585956,2254364,be,Савел
173586033,2254365,be,Тадпакал
173586187,2254367,be,Налур
173586726,2254374,be,Катапалі
173586803,2254375,be,Нагампет
173586880,2254376,be,Ыелгатур
173587034,2254378,be,Яіргатла
173587265,2254381,be,Сетпалли
173587342,2254382,be,Ранджэрла
173587727,2254387,be,Джалалпурам
173587804,2254388,be,Нагапурам
173587881,2254389,be,Магди
173587958,2254390,be,Ханапурам
173588035,2254391,be,Куманпалли
173588112,2254392,be,Амдапурам
173588189,2254393,be,Мантхани
173588420,2254396,be,Цхиттапур
173588497,2254397,be,Бодепалли
173588805,2254401,be,Цімапурам
173588882,2254402,be,Гандлапет
173588959,2254403,be,Донкал
173589036,2254404,be,Пачампалі
173589113,2254405,be,Анксапурам
173589190,2254406,be,Пипри
173589267,2254407,be,Падгал
173589652,2254412,be,Цхепур
173589729,2254413,be,Лакхора
173589806,2254414,be,Кукнур
173589883,2254415,be,Куманпалли
173589960,2254416,be,Венкатапур
173590114,2254418,be,Тарапнагар
173590191,2254419,be,Донпал
173590345,2254421,be,Раманнапет
173590422,2254422,be,Ыелпур
173590653,2254425,be,Говиндпет
173590730,2254426,be,Анкапурам
173591885,2254441,be,Манйыур
173592039,2254443,be,Бхандели
173596659,2254503,be,Гулу
173599200,2254536,be,Барнола
173604051,2254599,be,Нар
173604359,2254603,be,Бахадурпур
173604436,2254604,be,Кантипар
173604590,2254606,be,Мокстэжэ
173604898,2254610,be,Бабанагар
173605360,2254616,be,Чынталур
173605437,2254617,be,Катапалі
173605822,2254622,be,Йакранпалли
173605899,2254623,be,Куратпалли
173605976,2254624,be,Майларам
173606669,2254633,be,Палликонда
173606823,2254635,be,Муцхкур
173607208,2254640,be,Дубак
173607285,2254641,be,Схалагарга
173607362,2254642,be,Кесарам
173607593,2254645,be,Ыанампалли
173607901,2254649,be,Говиндпалле
173608132,2254652,be,Кондур
173608440,2254656,be,Майларам
173608671,2254659,be,Хусаиннагар
173608825,2254661,be,Сирконда
173608902,2254662,be,Вадзі
173609133,2254665,be,Лолум
173609210,2254666,be,Еларэддзіпалі
173609287,2254667,be,Ансанпаллы
173609364,2254668,be,Рампурам
173609518,2254670,be,Гаўрарам
173609595,2254671,be,Лінгапурам
173609749,2254673,be,Гадкол
173609826,2254674,be,Мусхирнагар
173609903,2254675,be,Налапалі
173609980,2254676,be,Вадзі
173610134,2254678,be,Срийот
173610211,2254679,be,Бхатпуруа Кхурд
173610365,2254681,be,Кальянпур
173611212,2254692,be,Лакхахи
173611828,2254700,be,Пандит Пуруа
173612136,2254704,be,Ахлава
173612367,2254707,be,Самда
173613599,2254723,be,Баргадхи
173613753,2254725,be,Билха Рагхо
173614369,2254733,be,Дасиапур
173614908,2254740,be,Лапокхи
173614985,2254741,be,Банйархи
173615216,2254744,be,Багхи
173615524,2254748,be,Сингахи
173615986,2254754,be,Пура Рамсудх
173616294,2254758,be,Рамуанпур
173616371,2254759,be,Цхираиыа
173616602,2254762,be,Бараипур
173616756,2254764,be,Белуа Бинхони
173617064,2254768,be,Багахи
173617603,2254775,be,Амва Худаэнагар
173618219,2254783,be,Ацхалнагар
173618450,2254786,be,Хиндунагар Банке
173618989,2254793,be,Парсапур
173619066,2254794,be,Йабар Йот
173619451,2254799,be,Рамнагра
173619605,2254801,be,Йхури Куиан
173619990,2254806,be,Пендаре Гаруа
173620606,2254814,be,Пура Тулси
173620991,2254819,be,Нидхнагар
173622069,2254833,be,Пиндаур Тара
173622146,2254834,be,Ранйитнагар
173622531,2254839,be,Лон Пурва
173623147,2254847,be,Патхаўлі
173623224,2254848,be,Бхатпурва
173623917,2254857,be,Мадхуанагар
173624533,2254865,be,Рамнагар Йхинна
173624764,2254868,be,Ная Базар
173625380,2254876,be,Матхедиха
173625457,2254877,be,Махешпур
173625611,2254879,be,Махадэва Калан
173626535,2254891,be,Канчанпур
173627305,2254901,be,Йанкинагар
173627459,2254903,be,Дэорана
173627844,2254908,be,Бхатпи
173627921,2254909,be,Цххицхули
173628229,2254913,be,Биндули
173628383,2254915,be,Даудапур
173628845,2254921,be,Карвапара
173629846,2254934,be,Багхи
173629923,2254935,be,Гусаіндпур
173630154,2254938,be,Суганагар
173630924,2254948,be,Бирмапур
173631155,2254951,be,Бхопалпур
173631386,2254954,be,Наягаон
173632695,2254971,be,Парсиа Бахорипур
173632772,2254972,be,Гаджадхарпур
173633234,2254978,be,Парасараи
173633696,2254984,be,Ганварыя
173633927,2254987,be,Дэхлаул
173635159,2255003,be,Аыах
173635698,2255010,be,Миан Патти
173635775,2255011,be,Хамарыя
173635852,2255012,be,Тэндва
173636006,2255014,be,Асаипур
173636160,2255016,be,Арарпакар
173636699,2255023,be,Гопиапур
173637007,2255027,be,Рагхопур
173637161,2255029,be,Бісрампур
173637392,2255032,be,Панан Куиыан
173637546,2255034,be,Хансуадол
173637700,2255036,be,Каландерпур
173637931,2255039,be,Бхикхпур
173638162,2255042,be,Сайбара
173638239,2255043,be,Кхутехна
173638393,2255045,be,Гидхраиыа
173638470,2255046,be,Місраулія
173638624,2255048,be,Сикхарпур
173638778,2255050,be,Гангапур
173639163,2255055,be,Удайпур
173639394,2255058,be,Сханкарпур
173639471,2255059,be,Субхаг Пур
173639548,2255060,be,Баизпур
173639856,2255064,be,Кхаирахи
173640087,2255067,be,Хасдих
173640241,2255069,be,Биртиа
173640318,2255070,be,Цхитаипур
173640395,2255071,be,Гопалпур
173640549,2255073,be,Коелра
173641550,2255086,be,Бараон
173641781,2255089,be,Джамалі Джот
173641858,2255090,be,Сонпур
173642782,2255102,be,Какрахва
173643013,2255105,be,Йармапур
173643090,2255106,be,Далипур
173643167,2255107,be,Сирсиа
173643244,2255108,be,Кукур Бхукуа
173643706,2255114,be,Лалайот
173643860,2255116,be,Дондхра
173644014,2255118,be,Гангапур
173644399,2255123,be,Бхауанипур Кхурд
173645631,2255139,be,Лалпур
173646478,2255150,be,Йагтапур
173646940,2255156,be,Лачманпур Лалнагар
173647248,2255160,be,Сабалпур
173648095,2255171,be,Пхаренда
173648172,2255172,be,Бацхи Бацха
173649096,2255184,be,Калена
173649250,2255186,be,Пура Панцху
173649327,2255187,be,Бисхунпуртиуари
173649481,2255189,be,Лахміпур
173650020,2255196,be,Банджарыя
173650251,2255199,be,Сарканд
173650713,2255205,be,Біджай Гархва
173650944,2255208,be,Наўбаста
173651637,2255217,be,Пуре Тилак
173651945,2255221,be,Анандпур
173652253,2255225,be,Махешнагар
173652792,2255232,be,Банкатва
173652869,2255233,be,Джахандарыя
173653177,2255237,be,Шыупурыя
173653716,2255244,be,Баираги Йот
173654486,2255254,be,Карамдих Калан
173655949,2255273,be,Рудапур
173656488,2255280,be,Ниранйаннагар
173656719,2255283,be,Аграуля
173657566,2255294,be,Бахарва
173657874,2255298,be,Гопиапур
173658336,2255304,be,Пура Ладай
173658644,2255308,be,Пура Пандит Биндрабан
173659106,2255314,be,Бхатпурва
173659722,2255322,be,Белуа Султан Йот
173659953,2255325,be,Раджа Джот
173660646,2255334,be,Мадхнагар
173660723,2255335,be,Мірзапур
173661108,2255340,be,Ёнар
173661185,2255341,be,Ганварыя
173661262,2255342,be,Чытаўні
173661416,2255344,be,Бельва
173661570,2255346,be,Ранйитпур Кхурд
173661801,2255349,be,Бхогаи Йот
173661878,2255350,be,Мухамадпур
173662186,2255354,be,Султан Дих
173662648,2255360,be,Тикуиыа
173663495,2255371,be,Бийтипур
173663726,2255374,be,Дхарампур
173663803,2255375,be,Рихар
173663880,2255376,be,Катрасанкар Нагар
173664034,2255378,be,Сісай
173664111,2255379,be,Дургапур
173664496,2255384,be,Гайнджанва
173665189,2255393,be,Баргадхи
173665959,2255403,be,Барахи
173666498,2255410,be,Сонар
173666806,2255414,be,Рахаруа
173667037,2255417,be,Галката Дих
173667422,2255422,be,Кхарар Гархи
173667499,2255423,be,Бахеры Куіньян
173667730,2255426,be,Гондипур
173667884,2255428,be,Бірціхва
173668115,2255431,be,Гангапур
173668654,2255438,be,Айабнагар
173668731,2255439,be,Сунар Дих
173668962,2255442,be,Лакхна
173669116,2255444,be,Амрахва
173669270,2255446,be,Калыаннагар
173670502,2255462,be,Нанднагар
173671195,2255471,be,Расулпур
173671426,2255474,be,Баргадзія
173671503,2255475,be,Дулхапур
173671580,2255476,be,Пацхитха
173671734,2255478,be,Харихарпур
173672042,2255482,be,Бийаинагар
173672119,2255483,be,Ратанпур
173672889,2255493,be,Бхаваніапур
173673197,2255497,be,Ацханакпур
173673813,2255505,be,Бангхусра
173674429,2255513,be,Дхарампур
173674814,2255518,be,Дулампур
173675122,2255522,be,Цілакпур
173676354,2255538,be,Лалпур
173676662,2255542,be,Цхикни Дих
173678202,2255562,be,Нау Дыхва
173678356,2255564,be,Ганесхпур Гринт
173679280,2255576,be,Пура Хара
173681436,2255604,be,Рамнагар
173681744,2255608,be,Багхи Бхари
173684362,2255642,be,Пандэпур
173684593,2255645,be,Наўдыхва
173685363,2255655,be,Салди Йот
173686210,2255666,be,Сахту Йот
173686287,2255667,be,Бічвапур
173686595,2255671,be,Улахиа
173686672,2255672,be,Схивпур Махант
173686749,2255673,be,Баргадхи
173687057,2255677,be,Бірпур
173687134,2255678,be,Уахиднагар
173687211,2255679,be,Гулярыха
173687827,2255687,be,Йамунхи Хардо Патти
173688212,2255692,be,Рамуанпур
173689059,2255703,be,Пура Суцхит
173690214,2255718,be,Тары Парсохія
173691754,2255738,be,Бхаррапур
173692755,2255751,be,Секхуи
173694449,2255773,be,Укра
173694603,2255775,be,Кандаулиа
173695142,2255782,be,Нагва Бодх
173695989,2255793,be,Лохдуа
173696143,2255795,be,Парса Сохнса
173696913,2255805,be,Кевалпур
173697529,2255813,be,Туркадиха
173697914,2255818,be,Салпур Симра
173698915,2255831,be,Андупур
173699146,2255834,be,Сисоур Андупур
173700840,2255856,be,Дхармаи
173701379,2255863,be,Самда Мафи
173702226,2255874,be,Раніпур
173703150,2255886,be,Дханаулі
173704074,2255898,be,Бісван Ганеш
173705075,2255911,be,Кандхаи Патти
173705922,2255922,be,Парсиа Агыарам
173707154,2255938,be,Гопал Йот
173708309,2255953,be,Бахиолпур
173708694,2255958,be,Гулярыха
173711697,2255997,be,Цхаксад
173713699,2256023,be,Имлиа Миср
173714084,2256028,be,Махадеиыа
173714392,2256032,be,Бхархапара
173715778,2256050,be,Сухельва
173716779,2256063,be,Таргаон
173718627,2256087,be,Бхатан Йот
173720937,2256117,be,Коели Уиран
173721707,2256127,be,Малтнуа Схах Йот
173722169,2256133,be,Чайтпур
173723016,2256144,be,Чамаран Пурва
173723786,2256154,be,Хутахна
173723940,2256156,be,Данава
173726250,2256186,be,Лорхиа Гхата
173726635,2256191,be,Бхаггупур
173726712,2256192,be,Банкасіха
173726866,2256194,be,Бангхусра
173726943,2256195,be,Дарзи Пура
173727636,2256204,be,Нагва
173727713,2256205,be,Балха Раи
173730100,2256236,be,Юнона
173730177,2256237,be,Лодхан ка Пурва
173730254,2256238,be,Сарсаван
173730331,2256239,be,Гараўлі
173730485,2256241,be,Пураб Сарауан
173730562,2256242,be,Коили ка Пуруа
173730716,2256244,be,Нагреха Кхурд
173730947,2256247,be,Манкапур
173731024,2256248,be,Рамадхин ка Пуруа
173731101,2256249,be,Нагреха Калан
173731178,2256250,be,Цхакиыа
173731409,2256253,be,Наусахра
173733565,2256281,be,Хуллапур
173734258,2256290,be,Бараиса
173734412,2256292,be,Бхарсаван
173734489,2256293,be,Умра
173734566,2256294,be,Бхаддурпур
173734720,2256296,be,Гоуспур Тикри
173734874,2256298,be,Рамцхаран ка Пуруа
173734951,2256299,be,Низампур
173735028,2256300,be,Тэва
173735105,2256301,be,Джаджаулі
173735259,2256303,be,Бахадурпур
173738647,2256347,be,Цххимирцха
173738724,2256348,be,Данпур
173738878,2256350,be,Амрупур
173738955,2256351,be,Йафарпур Махауан
173739263,2256355,be,Пунвайна
173739340,2256356,be,Андхаван
173739417,2256357,be,Мирдахан ка Пуруа
173739725,2256361,be,Раксаулі
173739879,2256363,be,Пура Маха
173740110,2256366,be,Раджапур
173741419,2256383,be,Байрампур
173741496,2256384,be,Сингхраха
173741573,2256385,be,Палра
173741650,2256386,be,Тикри Наги
173741727,2256387,be,Цххаббу ка Пура
173741804,2256388,be,Барува
173741958,2256390,be,Гхасипур
173742035,2256391,be,Бхагватпур
173742189,2256393,be,Тхакур ка Пуруа
173742266,2256394,be,Горайу
173742497,2256397,be,Бакарганй
173742574,2256398,be,Цхандераи
173742651,2256399,be,Сарпатахи
173742728,2256400,be,Дуни Ка Пура
173744422,2256422,be,Махесх Бхари
173745885,2256441,be,Схивратан ка Пуруа
173745962,2256442,be,Бхоланатх ка Пуруа
173746039,2256443,be,Дзівана
173746347,2256447,be,Дугаўлі
173746732,2256452,be,Цхак Гураини
173746886,2256454,be,Дахраи
173746963,2256455,be,Гхосара
173747040,2256456,be,Хараўна
173747117,2256457,be,Тунха ка Пуруа
173747194,2256458,be,Бараулі
173747271,2256459,be,Сонаули
173748965,2256481,be,Деориа Алауал
173749350,2256486,be,Маи Дубе
173749581,2256489,be,Йотиа
173750274,2256498,be,Мадхоганй
173750890,2256506,be,Йаыантипур
173750967,2256507,be,Дхавара
173751198,2256510,be,Ганесхпур
173751352,2256512,be,Катри
173751583,2256515,be,Кхаптиха
173751660,2256516,be,Пабхоса
173752045,2256521,be,Муйехна
173752661,2256529,be,Пандит Пуруа
173752738,2256530,be,Рударгарх Наусі
173753816,2256544,be,Парсиа Пандит
173754047,2256547,be,Хаудзі
173754817,2256557,be,Алифнагар
173755048,2256560,be,Ацхалпур
173755818,2256570,be,Наусахра
173755895,2256571,be,Бангаин
173756511,2256579,be,Барацххи
173756819,2256583,be,Дубари
173756896,2256584,be,Цхак Алаиыа
173757358,2256590,be,Сінгхавал
173757512,2256592,be,Косан Инам
173758282,2256602,be,Йамнахи
173758590,2256606,be,Раджапур
173758667,2256607,be,Басантпур
173759437,2256617,be,Ханванпур
173760284,2256628,be,Рахра
173760823,2256635,be,Бакхсхи ка Пуруа
173761208,2256640,be,Хасанпур
173761362,2256642,be,Балхаура
173761439,2256643,be,Уфраулі
173761593,2256645,be,Кархи
173761670,2256646,be,Пура
173761747,2256647,be,Караунда
173762902,2256662,be,Бхитоура Пипра
173764288,2256680,be,Біланван
173764827,2256687,be,Хатва
173764981,2256689,be,Сараундха
173765135,2256691,be,Дадри
173765212,2256692,be,Пипраунд
173765289,2256693,be,Конпа
173765597,2256697,be,Харна Бинаика
173765674,2256698,be,Сикраун
173765751,2256699,be,Бамбура
173765828,2256700,be,Мандаур
173766829,2256713,be,Наўбара
173768369,2256733,be,Бисахупур
173768831,2256739,be,Курмипуруа
173769062,2256742,be,Маидана
173769370,2256746,be,Цххипиха
173769832,2256752,be,Сонвара
173770294,2256758,be,Калани
173772296,2256784,be,Хірай Херва
173773297,2256797,be,Йуграйпур
173773682,2256802,be,Кайлашпур
173774144,2256808,be,Тикра
173774529,2256813,be,Диа Упархар
173774606,2256814,be,Бхаканда Упархар
173774683,2256815,be,Йамалпур Бхаканда
173775068,2256820,be,Гархі
173775607,2256827,be,Рампур
173776300,2256836,be,Какрахва
173776608,2256840,be,Пакаура
173777917,2256857,be,Дхармпур
173778071,2256859,be,Лала ка Пуруа
173778379,2256863,be,Дилаиыа
173778456,2256864,be,Даи ка Пура
173778533,2256865,be,Бархамбары
173778610,2256866,be,Гопсахса
173778687,2256867,be,Гоинтха
173778841,2256869,be,Бахауддинпур
173778918,2256870,be,Йогапур
173778995,2256871,be,Салемпур
173779149,2256873,be,Йаганнатхпур
173779226,2256874,be,Мустафабад
173779919,2256883,be,Райапур Парсоура
173780227,2256887,be,Схиванагар
173780843,2256895,be,Итаила
173780997,2256897,be,Расулпур Баргаон
173781074,2256898,be,Цхак Сатарганй
173781151,2256899,be,Йатхи
173781228,2256900,be,Пуруа Бхикагарак
173781382,2256902,be,Бара
173781459,2256903,be,Баигуан Фатехпур
173781536,2256904,be,Мадхі
173781690,2256906,be,Макхдумпур Доксаха
173781844,2256908,be,Дхекхаи
173781921,2256909,be,Цхак Сирси
173781998,2256910,be,Баба ка Пура
173782152,2256912,be,Мендва Салемпур
173782306,2256914,be,Махангупур
173782614,2256918,be,Бхауанипур
173783538,2256930,be,Дундхаон
173783615,2256931,be,Котыя
173783769,2256933,be,Кахоби
173784000,2256936,be,Кундркхи
173784385,2256941,be,Дасватыя
173784539,2256943,be,Навада
173785463,2256955,be,Канаили
173785540,2256956,be,Бантхри
173785617,2256957,be,Бакураха
173785694,2256958,be,Панара Гопалпур
173785771,2256959,be,Пеоли Асанатпур
173785848,2256960,be,Капурипур
173785925,2256961,be,Фаизуллапур
173786079,2256963,be,Наинуа Салемпур
173786156,2256964,be,Бхайрван
173786233,2256965,be,Атарсуиыа
173786310,2256966,be,Раксараи
173786464,2256968,be,Чай Пурва
173786541,2256969,be,Садуллапур
173786618,2256970,be,Пара Хусайнпур
173786772,2256972,be,Сеса
173786849,2256973,be,Таиыабпур Магаура
173787773,2256985,be,Хаудзі
173787927,2256987,be,Имлиа
173788235,2256991,be,Карамдых
173788697,2256997,be,Банкаці
173788928,2257000,be,Чайнпур
173789005,2257001,be,Нандгаон
173789467,2257007,be,Пура Тхакураін
173790006,2257014,be,Награ
173790314,2257018,be,Бахман Канти
173790468,2257020,be,Кабраха
173790545,2257021,be,Фариданпур
173790622,2257022,be,Касімпур
173790776,2257024,be,Хакимпур
173790853,2257025,be,Бхаварыя
173791161,2257029,be,Ауана Алампур
173791238,2257030,be,Капарварэ
173791315,2257031,be,Палтупур
173792085,2257041,be,Махеуа Гопал
173793163,2257055,be,Барай Пурва
173793856,2257064,be,Сохни
173794472,2257072,be,Мухиуддинпур Кираон
173794703,2257075,be,Нагреха
173794780,2257076,be,Малипур
173795011,2257079,be,Расулпур Сони
173795165,2257081,be,Катра
173795242,2257082,be,Аминпур Самро
173795319,2257083,be,Ихамба Алауалпур
173795396,2257084,be,Фаридпур Самро
173795627,2257087,be,Бат Бандхури
173795704,2257088,be,Гхамсира
173796320,2257096,be,Матхепур
173798707,2257127,be,Караунды
173799015,2257131,be,Тикри Музаффарпур
173799169,2257133,be,Ракшвара
173799246,2257134,be,Пандариа Сукхуара
173799400,2257136,be,Беруи
173799477,2257137,be,Сараян
173799708,2257140,be,Асадха
173799785,2257141,be,Схахпур Тикри
173799939,2257143,be,Йамдуа
173800170,2257146,be,Исхакпур Патхра
173800247,2257147,be,Хисампур
173801017,2257157,be,Ніаматпур
173802788,2257180,be,Дхарампур
173803481,2257189,be,Турдипур
173803558,2257190,be,Патти Абдул Рауф
173803712,2257192,be,Насруллахпур
173803866,2257194,be,Пандэры
173803943,2257195,be,Котари Пураб
173804020,2257196,be,Саиданпур
173804097,2257197,be,Котари Пацххим
173804251,2257199,be,Оса
173804405,2257201,be,Бхаила Макдумпур
173804636,2257204,be,Барлаха
173804790,2257206,be,Кутб Алампур
173806407,2257227,be,Бирахматпур
173806561,2257229,be,Йамлапур
173806792,2257232,be,Дханесарпур
173807870,2257246,be,Макімпур
173808024,2257248,be,Гуламнур ка Пуруа
173808101,2257249,be,Муаззампур
173808409,2257253,be,Гуламипур
173808563,2257255,be,Пиндра Сахауанпур
173808640,2257256,be,Баллопур
173808717,2257257,be,Бандхуа Калыан
173808794,2257258,be,Бараи Бандхуа
173808871,2257259,be,Ибрахимпур
173808948,2257260,be,Тиыара Йамалпур
173809025,2257261,be,Лахна
173809410,2257266,be,Сехриа
173811412,2257292,be,Йогапур
173811797,2257297,be,Срынагар
173812490,2257306,be,Цхак Саиыид Алипур
173812567,2257307,be,Гоара Таиыабпур
173812798,2257310,be,Цхак Схахбуддинпур
173812875,2257311,be,Пипаркунди
173813106,2257314,be,Панвара
173813337,2257317,be,Цхак Саханпур
173813568,2257320,be,Баглахі
173813799,2257323,be,Пура Ньюаль
173813876,2257324,be,Йаитапур
173814261,2257329,be,Пура Бхагариа
173814723,2257335,be,Надавар
173816494,2257358,be,Тахірпур
173816571,2257359,be,Ахматиыа
173816648,2257360,be,Сондхиа
173816802,2257362,be,Уййани Калан
173816956,2257364,be,Индрапур
173817726,2257374,be,Кеуандапур
173818881,2257389,be,Банката Аудан Сінгх
173819805,2257401,be,Катаиыа
173819882,2257402,be,Акбарабад
173821730,2257426,be,Пура Уттар
173823424,2257448,be,Банкати Сурыабали Сингх
173829199,2257523,be,Тинохна
173829507,2257527,be,Схахпур Банкат
173831124,2257548,be,Чараіта
173833280,2257576,be,Саугаон
173833434,2257578,be,Сисаи Бхикхпур
173833819,2257583,be,Капурпур
173835667,2257607,be,Раніпур
173835821,2257609,be,Йигна
173836668,2257620,be,Пуре Бенирам
173837900,2257636,be,Датаули
173838054,2257638,be,Мурли
173838285,2257641,be,Тендуа Калан
173838747,2257647,be,Марауцхи
173838901,2257649,be,Парсахва
173839517,2257657,be,Маднапур
173839748,2257660,be,Сісва
173840210,2257666,be,Цхандпур Дурга
173840595,2257671,be,Мадхаипур
173840749,2257673,be,Гыанипур Рампарсхад
173841211,2257679,be,Андхиари
173841365,2257681,be,Банкатва
173841596,2257684,be,Награ Дых
173845215,2257731,be,Мадхпур
173847140,2257756,be,Парсохні
173847371,2257759,be,Мадвапур
173848295,2257771,be,Канкали Йот
173850528,2257800,be,Баксара Аыгарам
173852068,2257820,be,Мансарам Пуруа
173854301,2257849,be,Бхая Пурва
173854378,2257850,be,Банкатва
173854763,2257855,be,Кисхандаспур
173856611,2257879,be,Пура Лаллу
173856842,2257882,be,Мау
173856996,2257884,be,Мисраулиыа Госаин
173857150,2257886,be,Лахраули Даыасанкер
173857458,2257890,be,Бамхни
173857689,2257893,be,Далпатпур
173857920,2257896,be,Херва
173858151,2257899,be,Радханагар
173858305,2257901,be,Локаіпура
173858690,2257906,be,Тулсипур Кундри
173859999,2257923,be,Пампапур
173860153,2257925,be,Пура Дуарка
173862463,2257955,be,Бхадой
173862540,2257956,be,Йамни Кхурд
173862694,2257958,be,Кота
173863002,2257962,be,Кулыани
173863233,2257965,be,Собра
173864003,2257975,be,Нансыун
173864157,2257977,be,Биргана
173864388,2257980,be,Йаспур
173864465,2257981,be,Баиргар
173864619,2257983,be,Лангура
173864696,2257984,be,Бансі
173865235,2257991,be,Цханцхариыа
173865389,2257993,be,Симкхоли
173865774,2257998,be,Гадоли
173865928,2258000,be,Дхаунд
173866313,2258005,be,Силоли
173866929,2258013,be,Панцхрад
173867160,2258016,be,Тханга Бицхила
173867391,2258019,be,Раткот
173867545,2258021,be,Кхалдхар
173867930,2258026,be,Рангхера
173868238,2258030,be,Думлот
173868469,2258033,be,Маткунда
173868700,2258036,be,Наусаин
173868777,2258037,be,Бхайнсвара
173869316,2258044,be,Маси
173869470,2258046,be,Кафалсар
173869547,2258047,be,Бангар
173869624,2258048,be,Кимоли
173869701,2258049,be,Сыунси
173870086,2258054,be,Сила Талла
173870394,2258058,be,Сила Малла
173870471,2258059,be,Дхобигхат
173870548,2258060,be,Какрора
173871010,2258066,be,Бхакханд
173871164,2258068,be,Котлі
173871241,2258069,be,Паринда
173871395,2258071,be,Сера Талла
173871549,2258073,be,Бхарпур
173871780,2258076,be,Кадзіла
173872088,2258080,be,Чандолі
173872242,2258082,be,Тимлакхоли
173872473,2258085,be,Наўлапур
173872550,2258086,be,Кхету
173872627,2258087,be,Синдури Малли
173872704,2258088,be,Рагригад
173872858,2258090,be,Думела Малла
173873012,2258092,be,Чаундла
173873089,2258093,be,Бхамраи
173873243,2258095,be,Данг
173873397,2258097,be,Дангу Талла
173873474,2258098,be,Накури
173873551,2258099,be,Дангу Малла
173873782,2258102,be,Синдури Талли
173873859,2258103,be,Маитхана
173873936,2258104,be,Йакхни
173874090,2258106,be,Сіролі
173874167,2258107,be,Котхила
173874244,2258108,be,Гхансыали
173874398,2258110,be,Колри
173874937,2258117,be,Цхамлан
173875168,2258120,be,Баванса Мала
173875245,2258121,be,Баванса Тала
173876323,2258135,be,Бадолгаон
173876400,2258136,be,Коцхиыар
173876631,2258139,be,Йамандхр
173876708,2258140,be,Калкхобиыа
173877401,2258149,be,Кота
173878248,2258160,be,Силли Талли
173878402,2258162,be,Нагни
173878556,2258164,be,Ранихат
173879403,2258175,be,Маткунд
173879711,2258179,be,Екураула
173879865,2258181,be,Бандаркхутка
173880096,2258184,be,Байарпхаура
173880250,2258186,be,Йаликхан
173880404,2258188,be,Лакхаркоте
173881020,2258196,be,Капалгаон
173881559,2258203,be,Сараинкхет
173881713,2258205,be,Хансли
173882637,2258217,be,Буракот
173882714,2258218,be,Бунгдхар Малла
173883022,2258222,be,Пасол
173883484,2258228,be,Укхлиыун
173883561,2258229,be,Дандкхил
173883946,2258234,be,Гурфалі
173884177,2258237,be,Симкхет
173884639,2258243,be,Кхаитоли
173884793,2258245,be,Цхопта
173884870,2258246,be,Тхапла
173885024,2258248,be,Кимолисаин
173885255,2258251,be,Маикхоли
173885409,2258253,be,Сасаун
173886025,2258261,be,Сыунсал
173886179,2258263,be,Кімвары
173886256,2258264,be,Чаунда
173886564,2258268,be,Чым
173886641,2258269,be,Гадигаон
173886718,2258270,be,Матоли
173886872,2258272,be,Гвалці
173886949,2258273,be,Чамалі
173887026,2258274,be,Мансари
173887257,2258277,be,Риксал
173887642,2258282,be,Паўтолі
173887796,2258284,be,Маниыаргаон
173887950,2258286,be,Басола
173888027,2258287,be,Багдиыалгаон
173888104,2258288,be,Данг
173888489,2258293,be,Васеф'ян
173888566,2258294,be,Кимой
173888643,2258295,be,Дандкхил
173889105,2258301,be,Пахарпани
173889413,2258305,be,Кхариданг
173889490,2258306,be,Сате
173889721,2258309,be,Масмоли
173890106,2258314,be,Гудлекх
173890337,2258317,be,Камтепани
173890491,2258319,be,Йанаркхани
173890568,2258320,be,Чынкханда
173890722,2258322,be,Агаспур
173890953,2258325,be,Масар
173891030,2258326,be,Раткхет
173891107,2258327,be,Сэр
173891800,2258336,be,Удепур
173892724,2258348,be,Канаритхаур
173892955,2258351,be,Пипалкхал
173893032,2258352,be,Паитхана
173893494,2258358,be,Бисракхет
173893725,2258361,be,Калчхіпа Раджвар
173894033,2258365,be,Дхика
173894110,2258366,be,Бансари
173894187,2258367,be,Кальянпур
173894341,2258369,be,Лімугаір
173894572,2258372,be,Каман
173894726,2258374,be,Наил
173894880,2258376,be,Наўгаон
173895342,2258382,be,Чычаўн
173895496,2258384,be,Гулар
173895650,2258386,be,Байкхет
173895881,2258389,be,Йхимар
173896728,2258400,be,Санана
173896882,2258402,be,Бхаисора
173897036,2258404,be,Канкот
173897113,2258405,be,Тхироли
173897421,2258409,be,Дунгари
173897652,2258412,be,Бабарикицхар
173897729,2258413,be,Кусиыацхаун Малла
173897806,2258414,be,Канмунга
173898114,2258418,be,Биноли
173898422,2258422,be,Цхацхроти
173898576,2258424,be,Кхаталгаир
173899192,2258432,be,Махгыари
173899423,2258435,be,Біро
173899577,2258437,be,Тимили
173899808,2258440,be,Йаспур
173899962,2258442,be,Каихаргаон
173900809,2258453,be,Тамадхаун
173900963,2258455,be,Балмара
173901271,2258459,be,Патхаркхола
173901656,2258464,be,Титири
173901964,2258468,be,Кумалесхуар
173902118,2258470,be,Котсари
173902349,2258473,be,Бабалиа
173902426,2258474,be,Палпур
173902734,2258478,be,Бхарсоли
173902888,2258480,be,Сананбхира
173903119,2258483,be,Сурмоли
173903273,2258485,be,Басналгаон
173903350,2258486,be,Папариа
173903658,2258490,be,Лалнагри
173904043,2258495,be,Йаикхал
173904197,2258497,be,Бханриыа
173904428,2258500,be,Бханриакали
173904736,2258504,be,Маунидхаыа
173904890,2258506,be,Паыалгаон
173905044,2258508,be,Нагаркатиыа
173905275,2258511,be,Капхалгаир
173905429,2258513,be,Дхаркот
173905660,2258516,be,Дадоли Талли
173905737,2258517,be,Панцхтора
173905814,2258518,be,Басани
173905891,2258519,be,Дадоли Малли
173906122,2258522,be,Цхинтоли
173906430,2258526,be,Рохіда
173907046,2258534,be,Саклыани
173907354,2258538,be,Нарсинг
173907585,2258541,be,Аргонда
173907739,2258543,be,Педдапалли
173907816,2258544,be,Сиваипалли
173907893,2258545,be,Талмадла
173907970,2258546,be,Арэпаллі
173908047,2258547,be,Йангампалли
173908509,2258553,be,Бхарха
173908586,2258554,be,Фірозпур
173908663,2258555,be,Кайлі
173908894,2258558,be,Йумли Гурцхахи
173908971,2258559,be,Манкаура
173909741,2258569,be,Бхар Пурва
173909818,2258570,be,Рамаи Дих
173909972,2258572,be,Піпрыхва
173910203,2258575,be,Тэндва
173910819,2258583,be,Нава
173910896,2258584,be,Балуи
173910973,2258585,be,Гангнар
173911050,2258586,be,Чаква
173911204,2258588,be,Гурцхахи
173911435,2258591,be,Семрахна
173911512,2258592,be,Кабсаўра
173911743,2258595,be,Пандры
173912128,2258600,be,Манни Йот
173912436,2258604,be,Лала Йот
173912590,2258606,be,Билха
173913129,2258613,be,Кольва
173913360,2258616,be,Сириа
173913437,2258617,be,Рампур
173913976,2258624,be,Бхагуанпур
173914207,2258627,be,Рани Йот
173914284,2258628,be,Сханкарпур
173914746,2258634,be,Бхагватпур
173914823,2258635,be,Бафанва
173915054,2258638,be,Місраулія
173915131,2258639,be,Фатэх Джот
173915362,2258642,be,Фірозпур
173915439,2258643,be,Мадхуа Йот
173915593,2258645,be,Йхунйхуниа
173915670,2258646,be,Бараўля
173916055,2258651,be,Парсія
173916132,2258652,be,Пипрадип
173916209,2258653,be,Цішах
173916363,2258655,be,Багхани
173916517,2258657,be,Рани Йот
173916825,2258661,be,Кхамариа Дих
173916902,2258662,be,Цхулхабхари
173917133,2258665,be,Цхауаи Кхурд
173917210,2258666,be,Цхауаи Бузург
173917595,2258671,be,Ганесхпур
173917749,2258673,be,Махадео Хиндунагар
173918519,2258683,be,Агаыа Кхурд
173918673,2258685,be,Тендуи
173919058,2258690,be,Адампур
173919135,2258691,be,Бицхаупур
173919443,2258695,be,Махуа Ибрахим
173919597,2258697,be,Дхоуа Дабар
173919828,2258700,be,Итаи Маида
173920290,2258706,be,Дари Цхаура
173920675,2258711,be,Сахдаія
173921214,2258718,be,Банйарха
173921445,2258721,be,Маджары Бачхал
173921522,2258722,be,Пемнагар
173921830,2258726,be,Дхарампур
173921984,2258728,be,Катра
173922215,2258731,be,Расиауан Дих
173922292,2258732,be,Гархай Дых
173922369,2258733,be,Ганга Дих
173922677,2258737,be,Гидхаур
173923293,2258745,be,Гангархі джот
173923601,2258749,be,Имамнагар
173923755,2258751,be,Аллахнагар
173923832,2258752,be,Рампур Багнаха
173924448,2258760,be,Шыб Даялпур
173924525,2258761,be,Маида
173924602,2258762,be,Бахадурпур
173924756,2258764,be,Дау Дих
173925064,2258768,be,Патиала Грант
173925218,2258770,be,Кхусхал Дих
173925449,2258773,be,Рукхи
173925603,2258775,be,Рукхи Майхари
173925757,2258777,be,Нау Дыхва
173925834,2258778,be,Рамуали Дих
173927066,2258794,be,Bibos gaurus
173927374,2258798,be,Нау Дыхва
173927451,2258799,be,Рамванпур
173927759,2258803,be,Сархансуа
173927836,2258804,be,Гулали Дих
173928606,2258814,be,Гумри
173928991,2258819,be,Ахиран Дих
173929145,2258821,be,Банси Дих
173929453,2258825,be,Малікпур
173929761,2258829,be,Сатнапур
173929838,2258830,be,Бахтавар Пурва
173930300,2258836,be,Рамнагар
173930531,2258839,be,Дхан Пурва
173930608,2258840,be,Куркут Пуруа
173930685,2258841,be,Ахіран Пурва
173931609,2258853,be,Телиа Йот
173931917,2258857,be,Собха Пуруа
173931994,2258858,be,Сирсиа
173932071,2258859,be,Йабар Йот
173932533,2258865,be,Махуадхар
173932841,2258869,be,Кхапраил
173932918,2258870,be,Бангаван
173933226,2258874,be,Пипра Рамцханд
173933303,2258875,be,Шэрпур
173933380,2258876,be,Ганесхпур
173934612,2258892,be,Цхоргхатиа
173934689,2258893,be,Гахірва
173934766,2258894,be,Хайи Дих
173934920,2258896,be,Патрахва
173934997,2258897,be,Йаддапур
173935074,2258898,be,Пандит Пуруа
173935613,2258905,be,Моханпур
173935690,2258906,be,Сукхрампур
173936306,2258914,be,Пала
173936460,2258916,be,Кахаран Дих
173937076,2258924,be,Сонпур
173937615,2258931,be,Лілва
173938154,2258938,be,Катварыя
173938231,2258939,be,Кхайуриа
173938308,2258940,be,Бхусаілва
173938539,2258943,be,Йанкинагар
173939232,2258952,be,Гопибхари
173939309,2258953,be,Паигапур
173940002,2258962,be,Кармахані
173940541,2258969,be,Нанднагар
173940695,2258971,be,Натху Дих
173941003,2258975,be,Пураина
173941388,2258980,be,Кушава
173942235,2258991,be,Цхитахи
173942312,2258992,be,Бахадурпур
173942466,2258994,be,Лал Дих
173942543,2258995,be,Пипри Колхуи
173942620,2258996,be,Масти Йот
173942697,2258997,be,Каыамйот
173942774,2258998,be,Пацхаутха
173942928,2259000,be,Бамуа Дих
173943236,2259004,be,Базідпур
173943390,2259006,be,Нанд Махра
173943621,2259009,be,Бамханпуруа
173943698,2259010,be,Алипур Бузург
173944083,2259015,be,Райгаван
173945007,2259027,be,Расулпур Цханд
173945084,2259028,be,Карма
173945623,2259035,be,Барай Джот
173945700,2259036,be,Гхопатпур
173945931,2259039,be,Сингхуапур
173946316,2259044,be,Сонбарса
173946470,2259046,be,Балха
173946547,2259047,be,Ягдэва
173946701,2259049,be,Бутаха
173946778,2259050,be,Наваб Джот
173946855,2259051,be,Схахпур Итаи
173947163,2259055,be,Рамзан Йот
173947548,2259060,be,Сангам Дих
173948241,2259069,be,Бархара Кот
173948857,2259077,be,Маинах
173949781,2259089,be,Деориа Маинаха
173950243,2259095,be,Хасмат Алидих
173951552,2259112,be,Улу Пурва
173951706,2259114,be,Баргадхи
173952245,2259121,be,Гаўгатар
173952322,2259122,be,Бархиа Пакри
173952476,2259124,be,Факирапур
173953015,2259131,be,Ахираула Нагуа
173953246,2259134,be,Бангхусра
173953785,2259141,be,Раніпур
173953862,2259142,be,Барахра
173953939,2259143,be,Бхитаура
173954324,2259148,be,Бицхаупур
173954401,2259149,be,Манапар Бахера
173954555,2259151,be,Гануариа Кхурд
173954709,2259153,be,Карсар
173954786,2259154,be,Баидаула
173954863,2259155,be,Місраулія
173955017,2259157,be,Гаидас Бузург
173955094,2259158,be,Гхараула
173955248,2259160,be,Барамбхари
173955402,2259162,be,Біласпур
173955633,2259165,be,Дилауалпур
173955710,2259166,be,Цхаи Дих
173955787,2259167,be,Басупур
173955864,2259168,be,Раджа Джот
173955941,2259169,be,Бадалпур Цхаукхариа
173956018,2259170,be,Факири Банкет
173956095,2259171,be,Хабибпур
173956172,2259172,be,Ниамат Йот
173956711,2259179,be,Пиала Йот
173957481,2259189,be,Цхамарбойхиа
173957635,2259191,be,Хайрахва
173957943,2259195,be,Нацхаури
173958020,2259196,be,Нідауні
173958097,2259197,be,Рахмарва
173958174,2259198,be,Санджвал
173958405,2259201,be,Пемнагар
173958713,2259205,be,Натхаи Дих
173958867,2259207,be,Нацхаура
173958944,2259208,be,Дих Сура Сингх
173959021,2259209,be,Паннахван
173959098,2259210,be,Дыхва
173959175,2259211,be,Сисахна
173959252,2259212,be,Бархаипуруа
173959406,2259214,be,Майніхван
173959714,2259218,be,Цхираибасна
173959945,2259221,be,Йагдисхпур
173960099,2259223,be,Патоха
173960253,2259225,be,Кевалпур
173960407,2259227,be,Бийулиа
173960561,2259229,be,Аль-Фаразія
173960715,2259231,be,Дхокарха
173961023,2259235,be,Мотипур Кунроха
173961100,2259236,be,Лалпур
173961254,2259238,be,Цхатурнагар
173961485,2259241,be,Неоры
173961562,2259242,be,Гауратиркаулиа
173961639,2259243,be,Цхаукхара
173961793,2259245,be,Мундэла
173961870,2259246,be,Біласпур
173961947,2259247,be,Гобіндпур
173962024,2259248,be,Тхаруниа
173962101,2259249,be,Тхаруа
173962178,2259250,be,Коелкхар
173962332,2259252,be,Садвапур
173962717,2259257,be,Бходжпур
173963102,2259262,be,Катра
173963179,2259263,be,Барам
173963718,2259270,be,Фатэхпур
173963795,2259271,be,Рустамнагар
173963949,2259273,be,Гхоплапур
173964026,2259274,be,Магдаулія
173964180,2259276,be,Схекха
173964257,2259277,be,Рамванпур
173964334,2259278,be,Катхер
173964411,2259279,be,Упрахула
173964642,2259282,be,Янкі
173964719,2259283,be,Йанка
173964950,2259286,be,Пура Замир Ахмад
173965104,2259288,be,Килаули
173965258,2259290,be,Малаули Багха Йот
173965335,2259291,be,Самда
173965566,2259294,be,Йанка
173965720,2259296,be,Харбанспур
173965797,2259297,be,Кундзі
173965951,2259299,be,Майхауа
173966105,2259301,be,Итаи
173966182,2259302,be,Дар'янія
173966336,2259304,be,Ахраули
173966567,2259307,be,Баниабхари
173966721,2259309,be,Бхат Пурва
173966798,2259310,be,Гурдаыал Пуруа
173966875,2259311,be,Алаф Йот
173967260,2259316,be,Бхуркунда
173967337,2259317,be,Сикра Мафи
173967568,2259320,be,Бамхни Бузург
173967645,2259321,be,Тилкхи Бархиа
173967722,2259322,be,Дэварыя Арджун
173967799,2259323,be,Палапур
173967876,2259324,be,Кеотали
173968569,2259333,be,Ахраула
173968723,2259335,be,Имлиа
173969262,2259342,be,Байар Мунда
173969339,2259343,be,Пипра Рам
173969570,2259346,be,Аллахнагар
173969955,2259351,be,Каландар Йот
173970263,2259355,be,Махуа Цхарти
173970648,2259360,be,Лангра Дих
173970725,2259361,be,Цххитарпара
173970802,2259362,be,Дубаулі
173970956,2259364,be,Нагариа
173971341,2259369,be,Хасим Пара
173971418,2259370,be,Пиндиа Кхурд
173971803,2259375,be,Дэолаха
173972111,2259379,be,Кайтаулія Салемпур
173972188,2259380,be,Мухамадпур
173972342,2259382,be,Айгари
173972804,2259388,be,Кармахія
173973035,2259391,be,Пираила Мафи
173973266,2259394,be,Нагва
173973420,2259396,be,Сонхат
173973497,2259397,be,Думариа
173973574,2259398,be,Бадхари
173973651,2259399,be,Йигна Гхат
173973805,2259401,be,Таябпур
173974267,2259407,be,Махуа Дхани
173974806,2259414,be,Сахиапур
173975037,2259417,be,Дхади Йот
173975499,2259423,be,Параспур
173975961,2259429,be,Ялампет
173976423,2259435,be,Арбарха
173976654,2259438,be,Сирнапалли
173976808,2259440,be,Донкал
173976962,2259442,be,Кандапурам
173977347,2259447,be,Тирманпалли
173977578,2259450,be,Мосампур
173977655,2259451,be,Посанипот
173977809,2259453,be,Маддикунта
173977886,2259454,be,Реддипет
173977963,2259455,be,Чайнпур
173978040,2259456,be,Аннарам
173978117,2259457,be,Акапурам
173978502,2259462,be,Канапур
173978656,2259464,be,Ісраджывадзі
173978733,2259465,be,Гаргул
173978887,2259467,be,Рангампет
173979041,2259469,be,Куприал
173979195,2259471,be,Брахманпалли
173979734,2259478,be,Потарам
173979811,2259479,be,Мацхаредды
173980119,2259483,be,Вадзі
173980273,2259485,be,Палунцха
173980889,2259493,be,Крышнараджывадзі
173980966,2259494,be,Деваипалли
173981351,2259499,be,Сомаварам
173981659,2259503,be,Цхинна Малларедды
173981890,2259506,be,Цхинтаманпалли
173981967,2259507,be,Муціемпет
173982121,2259509,be,Фаридпет
173982198,2259510,be,Пондурти
173982275,2259511,be,Райампет
173982352,2259512,be,Цхитыал
173983199,2259523,be,Сонбарса
173983969,2259533,be,Рам Пура
173984431,2259539,be,Бхат Пурва
173986664,2259568,be,Ахіран Пурва
173987588,2259580,be,Наўшэхра
173989359,2259603,be,Лачманпур
173990283,2259615,be,Будхипур
173990514,2259618,be,Деуари Кхера
173990976,2259624,be,Бхау Пуруа
173991207,2259627,be,Наўдыхва
173992208,2259640,be,Рамгадхва
173993363,2259655,be,Пура Кадар
173994441,2259669,be,Гхурцхархи
173994826,2259674,be,Набінагар
173995211,2259679,be,Гуалио Грант
173995596,2259684,be,Датаули Базар
173996058,2259690,be,Йуара
173996597,2259697,be,Махува
173996674,2259698,be,Бадалпур
173997906,2259714,be,Баириа Сурйанпур
173998137,2259717,be,Кундасан
173999061,2259729,be,Курми Пуруа
173999138,2259730,be,Мацхука
173999754,2259738,be,Бхат Пурва
174000755,2259751,be,Бхар Пурва
174001371,2259759,be,Байраван
174001448,2259760,be,Мацххлигаон Нанкар
174002295,2259771,be,Лалакпур
174002526,2259774,be,Кари Пуруа
174002911,2259779,be,Лала Пурва
174003296,2259784,be,Амгхати
174003604,2259788,be,Пура Цхаура
174004143,2259795,be,Гокула Бузург
174004605,2259801,be,Бхаисахи
174004990,2259806,be,Натхаипур Кунуар
174005067,2259807,be,Мубаракпур
174005375,2259811,be,Радхиканагар
174005837,2259817,be,Сараи Кхас
174006222,2259822,be,Канцххар Асхрафпур
174006607,2259827,be,Гхогра
174007454,2259838,be,Раджапур
174007762,2259842,be,Махава Нанкар
174008532,2259852,be,Мирзапур Парсан
174008763,2259855,be,Чак Гаура
174009071,2259859,be,Сиргора
174009918,2259870,be,Гхунахи
174010457,2259877,be,Барых Пурва
174011304,2259888,be,Бхагван Сінгх Пурва
174011458,2259890,be,Букнапур
174011843,2259895,be,Хатва
174014769,2259933,be,Катар
174015847,2259947,be,Балахи Курми
174017464,2259968,be,Банрахи
174017541,2259969,be,Банкатва
174018542,2259982,be,Йафрабад
174019081,2259989,be,Раджгандж
174019620,2259996,be,Набінагар
174019774,2259998,be,Сакрариа
174020159,2260003,be,Бахадурпур
174020313,2260005,be,Тилиа Йот
174020467,2260007,be,Мусахибганй
174020621,2260009,be,Пура Патлі
174021006,2260014,be,Махмудабад Грант
174021160,2260016,be,Мадар Дих
174021391,2260019,be,Панцху Дих
174021622,2260022,be,Хусаинабад Гринт
174022007,2260027,be,Схерганй Гринт
174022469,2260033,be,Мусі Ёт
174022700,2260036,be,Пакри Бхуар
174023316,2260044,be,Мадпур
174023393,2260045,be,Гокалганй
174023547,2260047,be,Хаджы Джот
174024163,2260055,be,Дуні Джот
174024317,2260057,be,Амгхати
174024779,2260063,be,Пура Нанду Курми
174025318,2260070,be,Пандит Пуруа
174026088,2260080,be,Амува
174026319,2260083,be,Дхарампар
174027166,2260094,be,Гайпур Гринт
174027705,2260101,be,Бхаратпур Гринт
174029707,2260127,be,Далсингхуа
174030631,2260139,be,Білярыя
174030785,2260141,be,Банджарыя
174031093,2260145,be,Сикра Итаи Адам
174031632,2260152,be,Дугхра
174031709,2260153,be,Пипра Банкат
174031863,2260155,be,Сахиапур
174032017,2260157,be,Мухамадпур
174032094,2260158,be,Рагу Дых
174032556,2260164,be,Магаипур
174032633,2260165,be,Нараянпур
174032710,2260166,be,Тэрхва Науабад
174033095,2260171,be,Бхіварыя
174033172,2260172,be,Дхаўрара
174033249,2260173,be,Гали Йот
174033480,2260176,be,Сукхи Йот
174034096,2260184,be,Будхан Йот
174034327,2260187,be,Пранпур
174037407,2260227,be,Гадрая
174037638,2260230,be,Пемнагар
174037946,2260234,be,Шахпур
174038177,2260237,be,Барвар Дых
174038331,2260239,be,Алиганй
174038408,2260240,be,Наўдыхва
174039255,2260251,be,Бархара
174039563,2260255,be,Баргадва
174040564,2260268,be,Даман Дых
174041180,2260276,be,Кацхла
174041334,2260278,be,Туркаули
174041411,2260279,be,Піпрахва
174041565,2260281,be,Сирсиа
174041796,2260284,be,Йамал Дих
174041873,2260285,be,Банкатва
174042104,2260288,be,Баргхат
174042412,2260292,be,Сонбарса
174042566,2260294,be,Сонбарса
174042951,2260299,be,Марсатва
174043182,2260302,be,Сисахна
174043413,2260305,be,Гобардханпур
174043567,2260307,be,Канцхнапур
174044876,2260324,be,Джахаўлі
174045261,2260329,be,Сатаван
174045569,2260333,be,Итаи Абдуллах
174046185,2260341,be,Маухарва
174046339,2260343,be,Джогія
174046724,2260348,be,Бхірва
174046955,2260351,be,Сахйаура
174047494,2260358,be,Баурепур
174047725,2260361,be,Манигарх
174047879,2260363,be,Бхаграва
174047956,2260364,be,Деориа Инаыат
174048341,2260369,be,Сунаули
174048803,2260375,be,Бисханпур Кхарана
174049419,2260383,be,Паткарпур
174049958,2260390,be,Дуні Джот
174050266,2260394,be,Гулзарпур
174050343,2260395,be,Картуа
174050805,2260401,be,Йигни
174051113,2260405,be,Аидха
174051421,2260409,be,Ахираули
174051498,2260410,be,Камарпур
174051575,2260411,be,Бинтганй
174051960,2260416,be,Махмудпур
174052422,2260422,be,Майхрехти
174052730,2260426,be,Кхерика Масумпур
174052961,2260429,be,Мохан Дих
174053269,2260433,be,Парасрампур
174053577,2260437,be,Ранкибадалпур
174053654,2260438,be,Катва Дарга
174053808,2260440,be,Акбарпур
174054578,2260450,be,Дургапур
174054732,2260452,be,Лачманпур
174055040,2260456,be,Наўдыхва
174055271,2260459,be,Рампур Арни
174055348,2260460,be,Тэндва
174056811,2260479,be,Деориа Адам
174057889,2260493,be,Лалпур
174058043,2260495,be,Дургапур
174058351,2260499,be,Дургапур
174058505,2260501,be,Атраура
174060507,2260527,be,Йалепур
174060815,2260531,be,Бархай Пурва
174061046,2260534,be,Цхандпур Кхалса
174061123,2260535,be,Гаыанипур Исхри
174061662,2260542,be,Гадрахи
174062047,2260547,be,Дуларйоте
174062971,2260559,be,Хатхни Кхас
174063202,2260562,be,Банварпур
174063279,2260563,be,Бхартипур
174063356,2260564,be,Бхопатпур
174065435,2260591,be,Кхаприпара
174065820,2260596,be,Гхурахуйот
174066513,2260605,be,Дханипур
174066667,2260607,be,Гайгат
174066898,2260610,be,Пасі Пурва
174066975,2260611,be,Мансукхпур
174069285,2260641,be,Ацхалпур Гхат
174069516,2260644,be,Бамханпуруа
174069747,2260647,be,Раніпур
174071364,2260668,be,Фірозпур
174071441,2260669,be,Сима Сатти
174071518,2260670,be,Бхарпурва
174071749,2260673,be,Йагннатхпур Гринт
174072288,2260680,be,Салемпур
174072442,2260682,be,Лалпур Бхалоиа
174072596,2260684,be,Хаджы Джот
174072827,2260687,be,Йамал Йот
174073212,2260692,be,Схамспур
174073443,2260695,be,Мараха Кхурд
174073520,2260696,be,Хасанпур
174073751,2260699,be,Бархаыа
174073905,2260701,be,Дэорыя
174074675,2260711,be,Майхари
174075291,2260719,be,Пахарва
174075368,2260720,be,Лахгаура
174075445,2260721,be,Мани Йот
174076061,2260729,be,Алинагар
174076215,2260731,be,Тывары Джот
174076523,2260735,be,Махуа Пакар
174076908,2260740,be,Аунра Дих
174077062,2260742,be,Хасангарх
174077216,2260744,be,Ситарампур Гринт
174077524,2260748,be,Муаммадпур
174077832,2260752,be,Басти Кхас
174079064,2260768,be,Навагаон
174079218,2260770,be,Малхипур
174079295,2260771,be,Райпур
174079834,2260778,be,Цххопаи Пуруа
174080989,2260793,be,Чандпур
174081066,2260794,be,Бхаопур
174081374,2260798,be,Газипур
174081913,2260805,be,Бакуа Даргах
174082221,2260809,be,Расулпур Кхан
174083376,2260824,be,Байалпур
174092693,2260945,be,Салик Курми
174093386,2260954,be,Кеўтэхія
174095619,2260983,be,Расулпур Тай
174096543,2260995,be,Тараини
174096620,2260996,be,Бахмни Бузург
174097313,2261005,be,Басауан Банкат
174097698,2261010,be,Шыу Біхары
174099161,2261029,be,Сумерпур
174099469,2261033,be,Анцханур
174099623,2261035,be,Сітарампалі
174099700,2261036,be,Йангаон
174099931,2261039,be,Айаварупалі
174100008,2261040,be,Антампалли
174100162,2261042,be,Рамесхуарпалли
174100239,2261043,be,Типпапур
174100316,2261044,be,Мотадпалі
174100470,2261046,be,Кандапурам
174100547,2261047,be,Еларэддзіпалі
174100624,2261048,be,Гундарам
174100701,2261049,be,Парватапурам
174100778,2261050,be,Катриал
174100932,2261052,be,Регатлапалли
174101086,2261054,be,Маллупалі
174101163,2261055,be,Педдамалларедды
174101240,2261056,be,Канчарла
174101317,2261057,be,Исаннапалли
174101471,2261059,be,Конапурам
174101625,2261061,be,Тонгандла
174101702,2261062,be,Лачмапур
174101779,2261063,be,Гангапур
174101856,2261064,be,Султанпур
174101933,2261065,be,Нагапур
174102241,2261069,be,Лингсанпалли
174102318,2261070,be,Суклапет
174102395,2261071,be,Раінчару
174102626,2261074,be,Схамнапур
174102703,2261075,be,Патур
174102857,2261077,be,Йамсинг Лингапур
174102934,2261078,be,Аканапет
174103011,2261079,be,Гулпарти
174103088,2261080,be,Коматипалли
174103319,2261083,be,Сутарпалли
174103473,2261085,be,Сиваипалли
174103858,2261090,be,Хаджапур
174103935,2261091,be,Рамаыапаллы
174104166,2261094,be,Тимманагар
174104397,2261097,be,Аурангабад
174104474,2261098,be,Малкапур
174104859,2261103,be,Венкатапур
174105167,2261107,be,Схалипет
174105783,2261115,be,Мирзапалли
174106014,2261118,be,Гайгатлапалли
174106091,2261119,be,Туркал Мухаммадапур
174106322,2261122,be,Тиммакпалли
174107015,2261131,be,Малмалиа
174107400,2261136,be,Балуа Йангли
174107631,2261139,be,Венкатраопета
174107785,2261141,be,Екласпур
174107862,2261142,be,Канцхерла
174108016,2261144,be,Конараопет
174108093,2261145,be,Нізамабад
174108170,2261146,be,Дхармарам
174108247,2261147,be,Малкапет
174108478,2261150,be,Ар Рымалах
174108555,2261151,be,Банйапаллы
174108709,2261153,be,Бхадуа Сханкарнагар
174108786,2261154,be,Пипри
174108940,2261156,be,Джагніван
174109094,2261158,be,Каллу Дих
174109171,2261159,be,Суста
174109402,2261162,be,Мадрахва
174109556,2261164,be,Бходжпур
174109633,2261165,be,Бакар Котуа
174110249,2261173,be,Сонпур
174110326,2261174,be,Сагрампур
174110788,2261180,be,Ратанпур
174110942,2261182,be,Дхавай
174111019,2261183,be,Сонбарса
174111096,2261184,be,Манки
174111250,2261186,be,Бенинагар
174111712,2261192,be,Харнахван
174111789,2261193,be,Гулариа
174111943,2261195,be,Йаитапур
174112020,2261196,be,Ганварыя
174112097,2261197,be,Кхадгаура
174112251,2261199,be,Дхобха
174112482,2261202,be,Тилокпур
174112867,2261207,be,Парсохан
174113098,2261210,be,Пакри
174113175,2261211,be,Гаура
174113406,2261214,be,Мадхпур
174113945,2261221,be,Чаўбепур
174114099,2261223,be,Парса
174114176,2261224,be,Тилгариа
174114253,2261225,be,Сингнатх
174114330,2261226,be,Масджыдыя
174114484,2261228,be,Хамарыя
174114561,2261229,be,Паркхури
174114946,2261234,be,Ситал Бхитиа
174115177,2261237,be,Сикаутха
174115331,2261239,be,Лалпур
174115408,2261240,be,Гобіндпур
174115793,2261245,be,Дахінаван
174116871,2261259,be,Парсохиа Тиуари
174117025,2261261,be,Гагапур
174117333,2261265,be,Кханта
174117718,2261270,be,Бауна Йот
174118026,2261274,be,Рухаон Кхурд
174118103,2261275,be,Мухамадпур
174118411,2261279,be,Бисхунпур Хари
174118488,2261280,be,Мубаракпур
174118565,2261281,be,Рамуапур Йагатрам
174118873,2261285,be,Бхаинси
174119797,2261297,be,Сикта
174119874,2261298,be,Катариа Бабу
174119951,2261299,be,Бхараулія
174120028,2261300,be,Лилсар Нанкар
174120259,2261303,be,Катариа Панде
174120336,2261304,be,Цхитахи
174120413,2261305,be,Пипра Канунго
174120644,2261308,be,Думсара
174120875,2261311,be,Бхита Нанкар
174120952,2261312,be,Лохраули
174121876,2261324,be,Саротхар Катхутиа
174122184,2261328,be,Бханпур Марха
174122261,2261329,be,Сахаджвар
174123031,2261339,be,Сукалйот
174123339,2261343,be,Пипра Панде
174123416,2261344,be,Баргадва
174123493,2261345,be,Майхауа
174123570,2261346,be,Мнкаура
174123878,2261350,be,Пипри Лагри
174124032,2261352,be,Докам Амыа
174124571,2261359,be,Сігорва Цівары
174124648,2261360,be,Дхандхра
174125110,2261366,be,Пипри Бузург
174125264,2261368,be,Хатва
174125341,2261369,be,Бхадокхар Бхадокхари
174125495,2261371,be,Пипра
174125880,2261376,be,Рамванпур
174126111,2261379,be,Семры
174126188,2261380,be,Будхи
174126342,2261382,be,Чхагрыхва
174126573,2261385,be,Йаникаура
174126650,2261386,be,Бакаінская
174126804,2261388,be,Педари
174127035,2261391,be,Сехри
174127112,2261392,be,Бхаупур
174127189,2261393,be,Кхукхури
174127420,2261396,be,Бабурха
174127882,2261402,be,Патила
174128113,2261405,be,Падампур
174128190,2261406,be,Мунса
174128267,2261407,be,Сахдая
174128421,2261409,be,Гобіндпур
174128652,2261412,be,Малхуар Бузург
174128729,2261413,be,Махадэа Гаўру
174128806,2261414,be,Семры
174129037,2261417,be,Пираила
174129114,2261418,be,Ламуиа
174129191,2261419,be,Басантпур
174129268,2261420,be,Балбхариа
174129345,2261421,be,Маціва
174129961,2261429,be,Баргадха Сохна
174130038,2261430,be,Мадхуанагар
174130269,2261433,be,Кухар Гадзі Хадар
174130500,2261436,be,Балдевнагар
174130577,2261437,be,Бхайнсава
174130808,2261440,be,Басантпур
174131039,2261443,be,Аунрахва
174131116,2261444,be,Бхагуанпур
174131193,2261445,be,Рамванпур
174131270,2261446,be,Тилкахна
174131347,2261447,be,Тилканхни Пуруа
174131424,2261448,be,Сунахти
174131732,2261452,be,Тыркаўля
174131886,2261454,be,Лаўкахва
174132040,2261456,be,Наўбаста
174132502,2261462,be,Нараянпур
174132579,2261463,be,Джарауніян
174132733,2261465,be,Ацхкауапур
174133272,2261472,be,Науэль
174133580,2261476,be,Мадхукарпур
174133657,2261477,be,Дхаўрара
174133734,2261478,be,Пипра Госаин
174134350,2261486,be,Камда Лалпур
174134427,2261487,be,Семра
174134581,2261489,be,Саграйот
174134735,2261491,be,Ганварыя
174134889,2261493,be,Капиа Накти
174135120,2261496,be,Хір
174135197,2261497,be,Хигуа
174135274,2261498,be,Саини
174135428,2261500,be,Капиа Лохти
174135736,2261504,be,Сикри
174136121,2261509,be,Палі
174136275,2261511,be,Йигна
174136352,2261512,be,Басехва
174136506,2261514,be,Нараянпур
174137045,2261521,be,Тилкуапур
174137276,2261524,be,Пайуха
174137353,2261525,be,Кути Рамталха
174137430,2261526,be,Имлиа Кхадер
174137661,2261529,be,Дих
174137815,2261531,be,Бисхунпур Кхурд
174137892,2261532,be,Патна
174137969,2261533,be,Коп
174138123,2261535,be,Дабра
174138200,2261536,be,Мадхопур
174138354,2261538,be,Пакри
174138508,2261540,be,Пахарпур
174138662,2261542,be,Баргадва
174139047,2261547,be,Махадэа
174139124,2261548,be,Сандалйот
174139278,2261550,be,Агія
174139355,2261551,be,Пандры
174139432,2261552,be,Унцхдих
174139663,2261555,be,Дурга Джот
174139817,2261557,be,Капиа
174139971,2261559,be,Сэр Рамванпур
174140048,2261560,be,Карахія Гошайн
174140125,2261561,be,Пакри
174140202,2261562,be,Рамуапур Патхак
174140279,2261563,be,Махуа Кхурд
174140356,2261564,be,Йагйиуанпур
174140587,2261567,be,Дихупур
174140664,2261568,be,Бадхія
174140741,2261569,be,Сакхуи Бузург
174140895,2261571,be,Кхуниан
174140972,2261572,be,Лацххминагаи
174141203,2261575,be,Кхардаури
174141280,2261576,be,Ахіраулі
174141357,2261577,be,Марватыя
174141434,2261578,be,Бхилаури
174141742,2261582,be,Пипра Патхан
174141896,2261584,be,Допедиа
174142127,2261587,be,Йури Куиан
174142204,2261588,be,Парса
174142281,2261589,be,Белгхатиа
174142435,2261591,be,Ранийот
174142512,2261592,be,Бхагауса
174142666,2261594,be,Пакраила
174142897,2261597,be,Капиа
174142974,2261598,be,Сангрампур
174143051,2261599,be,Такиа
174143205,2261601,be,Бхоплапур
174143282,2261602,be,Пипри
174143359,2261603,be,Расулпур
174143436,2261604,be,Хамарыя
174143590,2261606,be,Семры
174143744,2261608,be,Соннагар
174143821,2261609,be,Белваха
174143898,2261610,be,Нараянпур
174144052,2261612,be,Цхипрахуа
174144206,2261614,be,Итариа
174144283,2261615,be,Нандпур
174144437,2261617,be,Баириа Кхалса
174144514,2261618,be,Гаура Бхари
174144591,2261619,be,Лайбурва
174144668,2261620,be,Бхагуанпур
174144745,2261621,be,Садхунагар
174144899,2261623,be,Махадео Кхурд
174144976,2261624,be,Йамдхара
174145053,2261625,be,Дхекхари Бузург
174145669,2261633,be,Дханкарпур
174145746,2261634,be,Сатни
174145823,2261635,be,Місраулія
174145900,2261636,be,Малгахиа
174145977,2261637,be,Паики
174146054,2261638,be,Шэрыва
174146131,2261639,be,Лачхмінагар
174146208,2261640,be,Гобри
174146362,2261642,be,Йигнан Хабибпур Мафи
174146439,2261643,be,Наудих
174146516,2261644,be,Бетнар
174146593,2261645,be,Цххит Йот
174146747,2261647,be,Цхинталцханда
174146824,2261648,be,Маула Рампурам
174146901,2261649,be,Вемалкурти
174146978,2261650,be,Венкатапур
174147055,2261651,be,Могалпет
174147132,2261652,be,Горапалли
174147209,2261653,be,Сірпурам
174147286,2261654,be,Факир Кондапур
174147440,2261656,be,Ыаданди
174147517,2261657,be,Камаллакота
174147594,2261658,be,Гомдиал
174147748,2261660,be,Уарсакунда
174147825,2261661,be,Цімапурам
174148056,2261664,be,Гундампалли
174148133,2261665,be,Сатарам
174148210,2261666,be,Дхармарам
174148595,2261671,be,Вемпет
174148672,2261672,be,Муціампета
174148749,2261673,be,Гудур
174148826,2261674,be,Рэгунда
174148903,2261675,be,Амакапета
174148980,2261676,be,Даба
174149211,2261679,be,Эрапурам
174149365,2261681,be,Медпалли
174149442,2261682,be,Венкатараопета
174149827,2261687,be,Калур
174149904,2261688,be,Мадапурам
174149981,2261689,be,Педапурам
174150289,2261693,be,Кандапурам
174150366,2261694,be,Райсурайпета
174150520,2261696,be,Башырабад
174150597,2261697,be,Цхоутпалли
174150674,2261698,be,Цхиттапурам
174150828,2261700,be,Рамалацххманапета
174150905,2261701,be,Загасагар
174150982,2261702,be,Масаипета
174151059,2261703,be,Курникалла
174151444,2261708,be,Нагулпета
174151521,2261709,be,Текалапалли
174151675,2261711,be,Пегарла
174151752,2261712,be,Рангараопета
174151829,2261713,be,Сехуда
174151906,2261714,be,Райуапур Канкали
174151983,2261715,be,Бхараулія
174152060,2261716,be,Гопиа
174152137,2261717,be,Бамдеи
174152599,2261723,be,Дхарампур
174152676,2261724,be,Махва Тэрхва
174152753,2261725,be,Алиганй
174152830,2261726,be,Банйара
174152907,2261727,be,Банганван Нанкар
174153215,2261731,be,Кундру
174153292,2261732,be,Гонкот
174153600,2261736,be,Бенуан
174153831,2261739,be,Сісай
174153908,2261740,be,Сісва
174153985,2261741,be,Тархар
174154062,2261742,be,Катхуатиа Панде
174154139,2261743,be,Деолидиха
174154216,2261744,be,Нахтува
174154293,2261745,be,Расулабад
174154370,2261746,be,Расулабад
174154601,2261749,be,Пікаура
174155063,2261755,be,Бадхія
174155294,2261758,be,Деориа Цхаман
174155448,2261760,be,Йиуараи
174155525,2261761,be,Сехри
174155602,2261762,be,Секхуи Тай
174155679,2261763,be,Мурао Дих
174155833,2261765,be,Фарэнда Бузург
174155910,2261766,be,Сотиа
174156064,2261768,be,Натхпур
174156141,2261769,be,Пранпур Грант
174156218,2261770,be,Ахраули
174156372,2261772,be,Интуа Кхурд
174156603,2261775,be,Маджаван
174156680,2261776,be,Алауддинпур
174156834,2261778,be,Майха Кхурд
174156988,2261780,be,Дхаўрара
174157065,2261781,be,Конар
174157604,2261788,be,Сохельва
174157912,2261792,be,Ахираула
174158143,2261795,be,Сонбарса
174158451,2261799,be,Рампур
174158913,2261805,be,Йанглипур
174159067,2261807,be,Пуринан Кхурд
174159144,2261808,be,Пураина
174159221,2261809,be,Бхітаўра
174159375,2261811,be,Пікаура
174159529,2261813,be,Кхантара
174159606,2261814,be,Нагаиыа
174159760,2261816,be,Бхалу Кони
174159837,2261817,be,Каре Кхунт
174160068,2261820,be,Банкаці
174160145,2261821,be,Фатех Цхак
174160222,2261822,be,Хісамуддзінпур
174160299,2261823,be,Парса Хетим
174160376,2261824,be,Патхарпуруа
174160453,2261825,be,Манйхари
174160530,2261826,be,Парса Муртаза
174160838,2261830,be,Сонбарса
174161531,2261839,be,Дханкхарпур
174161685,2261841,be,Кхархи Бхари
174161762,2261842,be,Нараянпур
174161916,2261844,be,Бинцххапур
174162070,2261846,be,Мокалпур
174162147,2261847,be,Пипра Исмиле
174162224,2261848,be,Мундила
174162301,2261849,be,Кхизрпур
174162378,2261850,be,Фатэхпур
174162609,2261853,be,Рамцхаран
174162686,2261854,be,Пура Сир
174162840,2261856,be,Асани Бузург
174163225,2261861,be,Пура Схиуцхаран Ахир
174163456,2261864,be,Кацхраули
174163533,2261865,be,Пуре Кацхраули
174163610,2261866,be,Исмаила
174163764,2261868,be,Симра Бузург
174163841,2261869,be,Асани Фироз
174163918,2261870,be,Нархарпур
174163995,2261871,be,Дарыапур
174164149,2261873,be,Мараила
174164380,2261876,be,Аліпур
174164534,2261878,be,Бангхурса
174164611,2261879,be,Даулатпур
174164765,2261881,be,Алипур Базар
174164842,2261882,be,Гобнапур
174164919,2261883,be,Бамхангаон
174165073,2261885,be,Гхансхампур
174165150,2261886,be,Горахиа
174165227,2261887,be,Пипраиа
174165458,2261890,be,Туркадиха
174165612,2261892,be,Агая
174165689,2261893,be,Пура Дарыа Сингх
174165920,2261896,be,Пура Рамдас Курми
174166074,2261898,be,Моханлал Тола
174166305,2261901,be,Кахрари
174166382,2261902,be,Баксариа Гринт
174166536,2261904,be,Цхандокха
174166613,2261905,be,Итахиа
174166844,2261908,be,Банкатва
174166921,2261909,be,Кхаваджапур
174167075,2261911,be,Андва Гхат
174167614,2261918,be,Пура Рамдат
174168923,2261935,be,Адампур
174169000,2261936,be,Уахид Цхак
174169077,2261937,be,Бхолапур
174169770,2261946,be,Цхакцхаи
174169847,2261947,be,Асадхарпур
174170155,2261951,be,Дханвадыха
174170463,2261955,be,Думариа
174170694,2261958,be,Тетари
174170771,2261959,be,Семры
174171002,2261962,be,Махува
174171156,2261964,be,Цхак Кали
174171541,2261969,be,Андууа Саницхра
174171618,2261970,be,Біджвар Бархай
174171695,2261971,be,Хурпахва
174172003,2261975,be,Кохал Схаукар
174172465,2261981,be,Кадзірабад
174172542,2261982,be,Рехра
174172773,2261985,be,Калу Дих
174173004,2261988,be,Бангануан
174173081,2261989,be,Чаура
174173235,2261991,be,Гауханиан Рай
174173389,2261993,be,Баяра
174173543,2261995,be,Рангрезпур
174173620,2261996,be,Кеуатли Нанкар
174173851,2261999,be,Деипар
174174082,2262002,be,Махцінян
174174390,2262006,be,Лала Йот
174175006,2262014,be,Пакри
174175160,2262016,be,Джогія
174175391,2262019,be,Рустампур
174175468,2262020,be,Садуллапур
174175545,2262021,be,Пандан Куиан
174175699,2262023,be,Манаудхі
174175776,2262024,be,Парса Схиурай
174175930,2262026,be,Балак Пура
174176007,2262027,be,Харгонбинд Пура
174176161,2262029,be,Пура Бахадур Курми
174176238,2262030,be,Наркатха
174176854,2262038,be,Тхарууапур
174176931,2262039,be,Бхіванпар
174177008,2262040,be,Баргадзія
174177162,2262042,be,Сільватыя
174177316,2262044,be,Мадхопур
174177393,2262045,be,Натхпур
174177547,2262047,be,Патхаўлі
174177855,2262051,be,Майхари
174177932,2262052,be,Катхуатиа Гокул
174178009,2262053,be,Чаўхада
174178086,2262054,be,Махтиниа Буйург
174178163,2262055,be,Махнуван
174178240,2262056,be,Дханохри
174178317,2262057,be,Сирсиа
174178394,2262058,be,Сісва
174178548,2262060,be,Пацхун Латифпур
174179164,2262068,be,Аусанпур
174179318,2262070,be,Экхарва
174179472,2262072,be,Махууа Кхурд
174179549,2262073,be,Махууа Бузург
174179626,2262074,be,Халаур
174180088,2262080,be,Сикхара Коханда
174180165,2262081,be,Тилгариа Бузург
174180242,2262082,be,Арні
174180319,2262083,be,Тилгариа Кхурд
174180396,2262084,be,Латиа
174180781,2262089,be,Фатэхпур
174180858,2262090,be,Ыусуф Йот
174180935,2262091,be,Уасе Дурга
174181012,2262092,be,Ганесхпур
174181243,2262095,be,Кхориа
174181320,2262096,be,Куртхиа
174181397,2262097,be,Бараунги
174181474,2262098,be,Цхираи Бузург
174181936,2262104,be,Наўвагаон
174182013,2262105,be,Кутубпур
174182090,2262106,be,Патриа
174182167,2262107,be,Цхак Мохбано
174182244,2262108,be,Мухамаднагар
174182398,2262110,be,Рафиа Цхак
174182475,2262111,be,Нархурыя
174182552,2262112,be,Караили
174182629,2262113,be,Рарийот
174182706,2262114,be,Цхируиа
174182783,2262115,be,Барахкони
174182860,2262116,be,Рамнагар Катуатиа
174182937,2262117,be,Малпура
174183014,2262118,be,Пипра
174183091,2262119,be,Такиа Цхак
174183168,2262120,be,Пацхаси
174183245,2262121,be,Амкхала
174183553,2262125,be,Кадйахнан
174183784,2262128,be,Матиа
174184169,2262133,be,Дхавай
174184477,2262137,be,Копа
174184554,2262138,be,Баидаула
174184631,2262139,be,Тнумхуа
174184785,2262141,be,Карахія
174185016,2262144,be,Дадзія
174185170,2262146,be,Сисуа Кхурд
174185324,2262148,be,Сисуа Бузург
174185478,2262150,be,Рикхиа
174185555,2262151,be,Ацхалпур
174185632,2262152,be,Парса Кутуб
174185786,2262154,be,Белы
174185940,2262156,be,Бангаван
174186017,2262157,be,Халуа Хасанпур
174186094,2262158,be,Басти Алауал
174186171,2262159,be,Аснахри
174186325,2262161,be,Басти Натху
174186402,2262162,be,Умарбхариа
174186556,2262164,be,Басдзіла
174186941,2262169,be,Самда
174187095,2262171,be,Багдыхва
174187249,2262173,be,Падиа
174187403,2262175,be,Бадыа Бхоланатх
174187711,2262179,be,Покхра Кази
174187788,2262180,be,Дэорыя
174188481,2262189,be,Басдилиа
174188789,2262193,be,Андува
174188866,2262194,be,Баидаулагарх
174189328,2262200,be,Гхосиа
174189405,2262201,be,Харийот
174189867,2262207,be,Гирдарпур
174190098,2262210,be,Інтва
174190175,2262211,be,Холиапур
174190252,2262212,be,Латэра
174190406,2262214,be,Амахуа Кхат
174190637,2262217,be,Райпур
174190791,2262219,be,Манйхари
174190868,2262220,be,Расулпур
174191253,2262225,be,Гаўнрахі Бузург
174191407,2262227,be,Сурйи
174191792,2262232,be,Джыміры
174191946,2262234,be,Парса Хусаин Нанкар
174192177,2262237,be,Цхаукуниан
174192331,2262239,be,Майхаууа Кхас
174192408,2262240,be,Катариа Нанкар
174192639,2262243,be,Тусаил
174192716,2262244,be,Піпрахія
174193178,2262250,be,Майхауа Лал Сингх
174193255,2262251,be,Кавалпур
174193332,2262252,be,Дхаусанд
174193409,2262253,be,Маникаура
174193486,2262254,be,Базид Йот
174193640,2262256,be,Асураина
174193871,2262259,be,Сараини
174193948,2262260,be,Парса Лангра
174194102,2262262,be,Парсохиа
174194179,2262263,be,Гануариа Калан
174194410,2262266,be,Баргадва
174194564,2262268,be,Банке Цхауар
174194718,2262270,be,Байдаўлі
174195026,2262274,be,Судеидиха
174195103,2262275,be,Деидиха
174195180,2262276,be,Гопиа
174195257,2262277,be,Патицхак
174195334,2262278,be,Сакатпур
174195950,2262286,be,Парса Имад
174196027,2262287,be,Рэван
174196181,2262289,be,Тикариа
174196720,2262296,be,Харбанданпур
174196797,2262297,be,Аснахра
174197182,2262302,be,Махохва
174197259,2262303,be,Сир Манйхари
174197413,2262305,be,Бангайн Нанкар
174197567,2262307,be,Акбарпур
174197644,2262308,be,Мирзапур Гаура Наротам
174197798,2262310,be,Райуапур Миср
174198106,2262314,be,Бахадурпур
174198568,2262320,be,Бхатгаван
174198722,2262322,be,Кхандариа Бузург
174198876,2262324,be,Сханкар Йот
174199030,2262326,be,Цхера Йот
174199338,2262330,be,Паранпур
174199415,2262331,be,Камгарыя
174199492,2262332,be,Каитхаулиа Рехра
174199569,2262333,be,Сангвар
174199877,2262337,be,Пипаргади
174199954,2262338,be,Дхемуа
174200031,2262339,be,Сонарыдзіха
174200108,2262340,be,Куртхидиха
174200185,2262341,be,Бадила Моди Нанкар
174200262,2262342,be,Айгара
174200724,2262348,be,Парсохиа
174200801,2262349,be,Туркаулиа Раи
174200878,2262350,be,Ахираула
174200955,2262351,be,Харихарпур
174201032,2262352,be,Белгари
174201340,2262356,be,Чхатарыя
174201417,2262357,be,Аль Муктахар
174201494,2262358,be,Гангвар
174201725,2262361,be,Дандуа Бхаиа
174201956,2262364,be,Ледуа
174202264,2262368,be,Камда
174202341,2262369,be,Пхарендиа
174202495,2262371,be,Пураина
174202572,2262372,be,Натаи Кала
174202649,2262373,be,Кондра
174202957,2262377,be,Хутахна
174203034,2262378,be,Патхаўлі
174203265,2262381,be,Сонбарса
174203342,2262382,be,Маини
174203727,2262387,be,Нарсапурам
174203804,2262388,be,Ама Нанкар
174203881,2262389,be,Басдзіла
174204035,2262391,be,Деобхариа
174204343,2262395,be,Палти
174204420,2262396,be,Палта
174204497,2262397,be,Багхари
174204574,2262398,be,Більвант
174204882,2262402,be,Туркаулиа Тиуари
174205190,2262406,be,Какра Покхар
174205344,2262408,be,Кешвар
174205575,2262411,be,Мірванпур
174205883,2262415,be,Паткхаули
174205960,2262416,be,Патхкхаули Дих
174206037,2262417,be,Колхуи
174206114,2262418,be,Сагара
174206422,2262422,be,Камгарыя
174206576,2262424,be,Гандхариа Бузург
174206653,2262425,be,Гандхариа Кхурд
174206730,2262426,be,Паварыя
174206807,2262427,be,Цхаисар
174207038,2262430,be,Дыхва
174207115,2262431,be,Манйхариа
174207269,2262433,be,Кучурва
174207346,2262434,be,Кусмахі Кунвар
174207577,2262437,be,Бхараулі
174207654,2262438,be,Атхдама
174207731,2262439,be,Арда
174207808,2262440,be,Гедхар
174207885,2262441,be,Пацхари Кхурд
174207962,2262442,be,Мадхопур
174208116,2262444,be,Пацхари Калан
174208424,2262448,be,Кхамха
174208501,2262449,be,Пиперпати Кхурд
174208655,2262451,be,Парсан Пуруа
174208886,2262454,be,Дангхата
174208963,2262455,be,Андеора
174209040,2262456,be,Андеори
174209194,2262458,be,Кармахія
174209425,2262461,be,Тараулі
174209502,2262462,be,Дхануса Дих
174209733,2262465,be,Лудхан Пуруа
174210195,2262471,be,Даялпур
174210426,2262474,be,Дыхва
174210657,2262477,be,Бхагобхар
174210734,2262478,be,Місраулія
174210811,2262479,be,Докара
174210888,2262480,be,Сехри Бузург
174210965,2262481,be,Баргадва
174211119,2262483,be,Чатра
174211196,2262484,be,Пипра Йхахраон
174211273,2262485,be,Гаўры
174211427,2262487,be,Бхалуиа
174211504,2262488,be,Бхалу Коні Забці
174211581,2262489,be,Амаунан Тиуари
174211658,2262490,be,Дыхва
174211735,2262491,be,Педа
174211966,2262494,be,Матэсар Нанкор
174212120,2262496,be,Пенда Нанкар
174212351,2262499,be,Кархи
174212505,2262501,be,Рамванпур Калі
174212582,2262502,be,Дыхва
174212659,2262503,be,Нагапар
174212890,2262506,be,Бельва
174213275,2262511,be,Бангаван
174213429,2262513,be,Тыгра
174213506,2262514,be,Рамванпур
174213583,2262515,be,Банката
174213660,2262516,be,Кисхунпуруа
174213968,2262520,be,Камхариа Бузург
174214045,2262521,be,Бисхунпуруа
174214122,2262522,be,Ахираули Лала
174214276,2262524,be,Педар
174214430,2262526,be,Маникаура Тиуари
174214507,2262527,be,Гидхаура
174214584,2262528,be,Ганварыя
174214661,2262529,be,Рамбхари
174214892,2262532,be,Тигодуа
174215046,2262534,be,Ахираули Тиуари
174215354,2262538,be,Котиа Гарори
174215431,2262539,be,Дубаулі
174215508,2262540,be,Масна
174215585,2262541,be,Сханкарпур
174215662,2262542,be,Семрахни
174215739,2262543,be,Семрахна
174215816,2262544,be,Капиа Кхурд
174215893,2262545,be,Дхаўрара
174216047,2262547,be,Бхаинсаха
174216124,2262548,be,Бхаинсахиа
174216201,2262549,be,Чытаўні
174216278,2262550,be,Тыланг
174216355,2262551,be,Тиланги
174216509,2262553,be,Бхатпура
174216586,2262554,be,Накти
174216894,2262558,be,Дубаулі
174217202,2262562,be,Карсари
174218126,2262574,be,Бахарыя
174218203,2262575,be,Цххеди Банкат
174218357,2262577,be,Дхондхуапур
174218434,2262578,be,Сапхи
174218588,2262580,be,Рагнатх Пур
174218665,2262581,be,Докхаруа
174218742,2262582,be,Банкат Баисакха
174219050,2262586,be,Дхаўрара
174219281,2262589,be,Сандзі Хурд
174219358,2262590,be,Дыхва
174219512,2262592,be,Капиа Кхурд
174219743,2262595,be,Аснахри
174219897,2262597,be,Тендуи
174219974,2262598,be,Масджыдыя
174220205,2262601,be,Дыхва
174221206,2262614,be,Багхини Нанкар
174221668,2262620,be,Колхо Кхурд
174221899,2262623,be,Джыёпур
174221976,2262624,be,Рамванпур
174222053,2262625,be,Сонпхеруа Кхурд
174222130,2262626,be,Натху Йот
174222207,2262627,be,Бараон Нанкар
174222284,2262628,be,Дандуа Такиа
174222438,2262630,be,Гулхаура
174222515,2262631,be,Сараон
174222592,2262632,be,Дхадхууа
174222669,2262633,be,Сонферва Бузург
174222746,2262634,be,Бардаха Нанкар
174222823,2262635,be,Талпурва
174223208,2262640,be,Амамафи
174223362,2262642,be,Пипри
174223439,2262643,be,Калават Джот
174223516,2262644,be,Дандуа Дхадхи
174223670,2262646,be,Махуа Кхурд
174223747,2262647,be,Дандва Адхін
174223824,2262648,be,Дандва Лал
174223901,2262649,be,Пипра
174223978,2262650,be,Сихориа
174224132,2262652,be,Колхуи Бузург
174224209,2262653,be,Манйхари
174224286,2262654,be,Амгхати
174224594,2262658,be,Йалекхор
174224671,2262659,be,Кхадри
174224748,2262660,be,Раикууари
174225056,2262664,be,Бангануан
174225210,2262666,be,Пала
174225287,2262667,be,Сисаи Кхурд
174225441,2262669,be,Кодраон Нанкар
174225518,2262670,be,Дхарампуруа
174225672,2262672,be,Рамуанпур Бхаиа
174225903,2262675,be,Йогиа Кхурд
174226057,2262677,be,Каремуа Панде
174226134,2262678,be,Лаукиа
174226288,2262680,be,Лудхан Пуруа
174226442,2262682,be,Кабра
174226519,2262683,be,Нисхар
174226596,2262684,be,Кархи
174226673,2262685,be,Кархи Масйидиа
174226750,2262686,be,Кхаирантиа
174226827,2262687,be,Цхарахта
174226904,2262688,be,Пура Соохит
174227058,2262690,be,Дандва Кодай Джот
174227135,2262691,be,Манйхариа
174227212,2262692,be,Дираи
174227443,2262695,be,Карма
174227520,2262696,be,Парсія
174227674,2262698,be,Парса Кхурд
174227751,2262699,be,Парса Калан
174228059,2262703,be,Католва
174228136,2262704,be,Будхва Будхіа
174228598,2262710,be,Суруар Кхурд
174228752,2262712,be,Суруар Калан
174229060,2262716,be,Падри
174229214,2262718,be,Кусаўна
174229599,2262723,be,Нараин Ахир Дих
174229676,2262724,be,Карма Кала
174229830,2262726,be,Бхауадин Дих
174229984,2262728,be,Удвалія
174230215,2262731,be,Кархи Багхи
174230292,2262732,be,Дубаулиа
174230369,2262733,be,Семры
174230446,2262734,be,Гайахда
174230523,2262735,be,Гулхаура
174230677,2262737,be,Кахарпуруа
174230754,2262738,be,Туркаўля
174230908,2262740,be,Сонаура
174231216,2262744,be,Нандаон
174231447,2262747,be,Дхауариа
174231601,2262749,be,Суйнапур
174231678,2262750,be,Коиридиха
174232063,2262755,be,Митхуал Бузург
174232217,2262757,be,Пипра Миср
174232448,2262760,be,Сангрампур
174232756,2262764,be,Пхулуапур
174232910,2262766,be,Дандва Гат
174233295,2262771,be,Хадха
174233449,2262773,be,Мау
174233757,2262777,be,Кхайуриа
174233834,2262778,be,Цхаийот
174233911,2262779,be,Бішунпур
174233988,2262780,be,Фазихатпур
174234065,2262781,be,Уска
174234296,2262784,be,Бамхни Гхат
174234450,2262786,be,Секхуиа Бхаиа
174234527,2262787,be,Йамла Йот
174234681,2262789,be,Параспур
174234758,2262790,be,Айгара
174235220,2262796,be,Домариа Панде
174235297,2262797,be,Гангудих
174235374,2262798,be,Сирсиа Миср
174235528,2262800,be,Мали Йот
174235605,2262801,be,Рехра
174235682,2262802,be,Сукраули
174236067,2262807,be,Кисхундхар Йот
174236221,2262809,be,Майхуан Кхурд
174236452,2262812,be,Балунуа
174236529,2262813,be,Рударпур
174236606,2262814,be,Готва
174236683,2262815,be,Харка Хавас
174236837,2262817,be,Харая
174236914,2262818,be,Схукулпуруа
174237145,2262821,be,Кхарка Дубе
174237222,2262822,be,Кхарцхаула Нанкар
174237299,2262823,be,Тхумхууа
174237453,2262825,be,Деобхариа
174237607,2262827,be,Кхойипур
174237838,2262830,be,Пацхпхериа
174238069,2262833,be,Багхаули
174238300,2262836,be,Аксарамафи
174238377,2262837,be,Саўрахва
174238454,2262838,be,Баргадва
174238608,2262840,be,Дуаркапур Мафи
174238762,2262842,be,Паинди Бузург
174238839,2262843,be,Сикта
174238916,2262844,be,Лодхпурва
174239147,2262847,be,Бельгадзі
174239378,2262850,be,Тилаули
174239455,2262851,be,Тилаула
174239532,2262852,be,Йамуни
174239686,2262854,be,Дхандхапар
174239763,2262855,be,Сиха Йхунди Бузург
174239994,2262858,be,Махува
174240225,2262861,be,Дубхра
174240379,2262863,be,Йигнан Кхурд
174240533,2262865,be,Дандиа
174240687,2262867,be,Турсиа
174240764,2262868,be,Амілія
174240841,2262869,be,Баскхориа
174240918,2262870,be,Мундехра
174240995,2262871,be,Партабпур
174241072,2262872,be,Рамванпур
174241149,2262873,be,Пурва
174241226,2262874,be,Кудхва
174241303,2262875,be,Карахва
174241380,2262876,be,Масицха
174241765,2262881,be,Екданга
174241842,2262882,be,Масицхи
174242150,2262886,be,Парсаўна
174242381,2262889,be,Чхатауні
174242458,2262890,be,Риуна
174242689,2262893,be,Бхараулиа Калан
174242766,2262894,be,Будхі Гусіары
174243228,2262900,be,Харая Бхая
174243305,2262901,be,Сирсиа
174243382,2262902,be,Барні
174243536,2262904,be,Хасні
174243613,2262905,be,Махувар
174243767,2262907,be,Гадапокхар
174244152,2262912,be,Анант Йот
174244229,2262913,be,Банхаи Тикарахуа
174244306,2262914,be,Бадургахна
174244537,2262917,be,Гусиари
174244691,2262919,be,Тикри Пакариа
174244845,2262921,be,Пуранйот
174245076,2262924,be,Калка Паси
174245230,2262926,be,Бхалуха
174245307,2262927,be,Банкегаон
174245461,2262929,be,Барданд
174245538,2262930,be,Фатэхпур
174245769,2262933,be,Махохва
174245846,2262934,be,Бахадурпур
174245923,2262935,be,Капиа Схукул
174246000,2262936,be,Дундуар Схукул
174246154,2262938,be,Парсохиа
174246308,2262940,be,Пацхари Калан
174246616,2262944,be,Колхуа Бузург
174246693,2262945,be,Катсараыа Кхурд
174246847,2262947,be,Гаўры
174247001,2262949,be,Чыцюнан
174247078,2262950,be,Сурай Кундиа
174247155,2262951,be,Балува
174247386,2262954,be,Катварыя
174247617,2262957,be,Катха
174247771,2262959,be,Бахйахни
174248002,2262962,be,Бхакурахуа
174248079,2262963,be,Банрахва
174248233,2262965,be,Хаыатнагар
174248310,2262966,be,Гонхатал
174248387,2262967,be,Бархаргхат
174248772,2262972,be,Амилдиха
174248926,2262974,be,Цхандегариа
174249003,2262975,be,Маджганван
174249234,2262978,be,Йобан Пуруа
174249696,2262984,be,Тилокпур Мали
174249927,2262987,be,Гангаулі
174250004,2262988,be,Гудиа Йот
174250312,2262992,be,Багахуа Комар
174250774,2262998,be,Пурбаули
174250928,2263000,be,Самогара
174251313,2263005,be,Гагува
174251698,2263010,be,Сонкхар
174251775,2263011,be,Рамванпур
174251929,2263013,be,Сонкхари
174252006,2263014,be,Сіхавал
174252083,2263015,be,Пипра Схукул Камхарла
174252160,2263016,be,Бхаопур
174252391,2263019,be,Піпра Пандрапур
174252622,2263022,be,Ритиа
174252699,2263023,be,Дубай
174252853,2263025,be,Кунауна
174252930,2263026,be,Катморва
174253084,2263028,be,Пас Пурва
174253315,2263031,be,Джамвар
174253392,2263032,be,Баргадва
174253469,2263033,be,Барданд
174253546,2263034,be,Манйхариа Кхурд
174253623,2263035,be,Батулаха Батулахі
174253700,2263036,be,Котиа Бубхни
174253777,2263037,be,Бхопат Джот
174253931,2263039,be,Коилпакар
174254085,2263041,be,Пакардиха
174254239,2263043,be,Кусаули
174254470,2263046,be,Паварыя
174254547,2263047,be,Амра Коел
174254701,2263049,be,Балепар
174254778,2263050,be,Качахра
174255009,2263053,be,Аонрахиа Майхариа
174255240,2263056,be,Баудихар
174255471,2263059,be,Динианбар
174255779,2263063,be,Аўсангада
174255933,2263065,be,Бхатхаура
174256087,2263067,be,Пипра
174256395,2263071,be,Санаўлія
174256549,2263073,be,Джыва
174256780,2263076,be,Бамхни
174256934,2263078,be,Сиарапар
174257011,2263079,be,Малаули
174257165,2263081,be,Ахіраулі
174257473,2263085,be,Лодхпурва
174257627,2263087,be,Камхариа Кхурд
174257704,2263088,be,Тарагуйраулиа
174258243,2263095,be,Балува
174258320,2263096,be,Сонбарса
174258397,2263097,be,Дэапур
174258628,2263100,be,Упраута
174258705,2263101,be,Лохра
174258936,2263104,be,Кути
174259167,2263107,be,Уски
174259552,2263112,be,Урвалія
174259706,2263114,be,Батса
174259783,2263115,be,Бхалуха
174259860,2263116,be,Кохри
174259937,2263117,be,Бисхунпуруа
174260399,2263123,be,Манйхари Калан
174260784,2263128,be,Йолах Пуруа
174260861,2263129,be,Гобраули
174260938,2263130,be,Йогибир
174261169,2263133,be,Кхесрахи
174261400,2263136,be,Кхесраха
174261631,2263139,be,Бакаінская
174261708,2263140,be,Батаўрыя
174261862,2263142,be,Махува
174262170,2263146,be,Сорва Мафі
174262324,2263148,be,Місраулія
174262401,2263149,be,Цхимти
174262555,2263151,be,Тилаура
174262632,2263152,be,Уска
174262709,2263153,be,Сусаули
174262863,2263155,be,Удайпур
174263171,2263159,be,Банкасиа
174263248,2263160,be,Хутахнан
174263325,2263161,be,Бхартхаўва
174263402,2263162,be,Бхарма
174263479,2263163,be,Гохар
174263556,2263164,be,Кадмахван
174263633,2263165,be,Рамванпур
174263710,2263166,be,Адлапур
174263787,2263167,be,Паткхаули Нанкар
174264018,2263170,be,Тейгарх
174264095,2263171,be,Мадхукарпур
174264172,2263172,be,Бхагватпур
174264480,2263176,be,Малахан Дих
174264788,2263180,be,Камхариа Бузург
174264942,2263182,be,Нагван
174265019,2263183,be,Дандиа
174265173,2263185,be,Гангвал
174265481,2263189,be,Катха
174265712,2263192,be,Супарайа
174266020,2263196,be,Тикапар
174266097,2263197,be,Пуруа Кедталиа
174266174,2263198,be,Мундзіла Раджа
174266482,2263202,be,Комар
174266867,2263207,be,Бандхуатал
174267021,2263209,be,Мадхвапур
174267098,2263210,be,Гонхадих
174267175,2263211,be,Семра
174267560,2263216,be,Мунграри Кхурд
174268176,2263224,be,Лахра
174268253,2263225,be,Лахри
174268638,2263230,be,Банухіян Бузург
174269023,2263235,be,Пацхмохни
174269100,2263236,be,Цххапуа
174269177,2263237,be,Манйхариа
174269254,2263238,be,Каранйхар
174269331,2263239,be,Белуа Лагунахи
174269408,2263240,be,Марватыя
174269562,2263242,be,Сапаўлі
174269716,2263244,be,Кариах
174269793,2263245,be,Сігорва
174269870,2263246,be,Сакра
174270024,2263248,be,Парсадпур
174270332,2263252,be,Паснара
174270640,2263256,be,Банаулі
174270871,2263259,be,Хансуапар
174270948,2263260,be,Махдэва
174271025,2263261,be,Маціпур
174271102,2263262,be,Коелбхар
174271179,2263263,be,Пала
174271256,2263264,be,Кауалпур Нанкар
174271333,2263265,be,Мірвапур
174271487,2263267,be,Парсія
174271564,2263268,be,Лохраули Кхурд
174271641,2263269,be,Манаитапур
174271949,2263273,be,Цххапиа
174272103,2263275,be,Цхираиха
174272180,2263276,be,Каця
174272257,2263277,be,Паири
174272565,2263281,be,Конапур
174272642,2263282,be,Бусханраопета
174272796,2263284,be,Катлапурам
174272873,2263285,be,Думпета
174272950,2263286,be,Дулур
174273027,2263287,be,Манегудем
174273181,2263289,be,Лингампета
174273258,2263290,be,Гамбірпурам
174273335,2263291,be,Посанипета
174273412,2263292,be,Тандрал
174273489,2263293,be,Цхинтакунта
174273643,2263295,be,Давулпалли
174273797,2263297,be,Иппапалли
174273874,2263298,be,Турти
174273951,2263299,be,Амбарипет
174274028,2263300,be,Каликот
174274105,2263301,be,Потарам
174274336,2263304,be,Гангараи
174274413,2263305,be,Нагамцхеруву
174274490,2263306,be,Рамцхандрапаллы
174274567,2263307,be,Каттапета
174274721,2263309,be,Сангуи
174274875,2263311,be,Талрабалагу
174274952,2263312,be,Схиманпалли
174275029,2263313,be,Пандимадугу
174275260,2263316,be,Татпалли
174275414,2263318,be,Ар Рымалах
174275491,2263319,be,Ватималла
174275568,2263320,be,Крисхнапета
174275645,2263321,be,Бандапалли
174275722,2263322,be,Говиндраопета
174275799,2263323,be,Кандапурам
174275876,2263324,be,Нимапалли
174276030,2263326,be,Падрае
174276107,2263327,be,Бетур
174276184,2263328,be,Пакал
174276338,2263330,be,Манал
174277185,2263341,be,Пура Гуман Лал
174277262,2263342,be,Пура Бхауани Сахаи
174277339,2263343,be,Пуруа Кхайохи
174277570,2263346,be,Пуруа Бирйа Панде
174277724,2263348,be,Пуруа Гхарукх
174277801,2263349,be,Пура Гаыа Панде
174277878,2263350,be,Пура Баниан
174277955,2263351,be,Нава Пурва
174278032,2263352,be,Пипри Рахуа
174278109,2263353,be,Схиуала
174278263,2263355,be,Гошайн Пурва
174278340,2263356,be,Гархі
174278879,2263363,be,Нава Пурва
174279033,2263365,be,Сингха Цханда
174279110,2263366,be,Пура Хеуанцхал
174279418,2263370,be,Пура Сридат
174279495,2263371,be,Пура Кхаги Рахуа
174279572,2263372,be,Йхетаси Пуруа
174279726,2263374,be,Пура Баид
174279803,2263375,be,Пурва Шукул
174279880,2263376,be,Пура Пандит
174279957,2263377,be,Пура Баркханди
174280034,2263378,be,Моханпур
174280342,2263382,be,Дубра
174280573,2263385,be,Пурва Шукул
174280650,2263386,be,Дубра
174280958,2263390,be,Нанда Пурва
174281035,2263391,be,Банс Пуруа
174281112,2263392,be,Гадар'ян Пурва
174281189,2263393,be,Цхаухан Пуруа
174281266,2263394,be,Йхингар Пандит Пуруа
174281651,2263399,be,Пурва Кунджан Тывары
174281805,2263401,be,Пура Дубра
174281882,2263402,be,Исри Дубе Пуруа
174282036,2263404,be,Пура Лалганй
174282190,2263406,be,Пуруа Нагесар
174282344,2263408,be,Пуруа Сарйу
174282806,2263414,be,Пуруа Паси
174282883,2263415,be,Пурва Факіран
174283114,2263418,be,Даллапур
174283653,2263425,be,Сонбарса
174283730,2263426,be,Рампур
174284192,2263432,be,Пура Гадариан
174284269,2263433,be,Сомарпет
174284346,2263434,be,Гундарам
174284423,2263435,be,Тиммапур
174284577,2263437,be,Венкатапур
174284654,2263438,be,Потареддипалли
174284731,2263439,be,Харидаспалли
174284808,2263440,be,Домала
174285116,2263444,be,Кистампет
174285270,2263446,be,Горантиал
174285347,2263447,be,Гаисингарам
174285424,2263448,be,Пура Амар Лал
174285578,2263450,be,Пуруа Парма
174285732,2263452,be,Пуруа Пармал
174285886,2263454,be,Нараянпур
174286117,2263457,be,Пурва Курва
174286194,2263458,be,Кьютан Пурва
174286348,2263460,be,Пурва Гадар'ян
174286656,2263464,be,Сайиа
174286810,2263466,be,Пипри
174286887,2263467,be,Пуруа Райарам
174286964,2263468,be,Ратнагирпалли
174287041,2263469,be,Райкханпет
174287118,2263470,be,Ганнапур
174287272,2263472,be,Нагампет
174287349,2263473,be,Маллупалі
174287503,2263475,be,Корутлапет
174287580,2263476,be,Сінгарам
174287734,2263478,be,Бандалингампалле
174287811,2263479,be,Кондапур
174287888,2263480,be,Падраи
174288119,2263483,be,Кханга
174288196,2263484,be,Пуруа Йабодх
174288273,2263485,be,Пуруа Мурао
174288581,2263489,be,Пуруа Цхаухан
174288658,2263490,be,Пуруа Мисран
174288735,2263491,be,Котуа Лала
174288889,2263493,be,Пуруа Панде
174289505,2263501,be,Гудем
174289659,2263503,be,Рамлацххманпалли
174289813,2263505,be,Лацххапет
174289967,2263507,be,Гопалпалли
174290044,2263508,be,Гудур
174290121,2263509,be,Маллареддипет
174290198,2263510,be,Мустафанагар
174290352,2263512,be,Конапур
174290429,2263513,be,Десаипет
174290583,2263515,be,Линганнапет
174290660,2263516,be,Мачэрла
174290814,2263518,be,Пуруа Бисхандин
174290968,2263520,be,Пуруа Госхаин
174291122,2263522,be,Пуруа Суцхит Панде
174291276,2263524,be,Акбарпур
174291584,2263528,be,Пурва Барван
174291815,2263531,be,Пуруа Биндхацхал
174292354,2263538,be,Намапур
174292431,2263539,be,Мустафабад
174292508,2263540,be,Моррапалли
174292585,2263541,be,Цхикод
174292662,2263542,be,Катапалі
174292739,2263543,be,Колламадди
174292816,2263544,be,Алмаспур
174292893,2263545,be,Ууллин
174292970,2263546,be,Миргунд
174293047,2263547,be,Гудасутх
174293432,2263552,be,Пуруа Канхаи
174293817,2263557,be,Пурва Лала
174293894,2263558,be,Тенграха
174293971,2263559,be,Бхагваці Мандзі
174294048,2263560,be,Рампур Базар
174294279,2263563,be,Маджэра
174294587,2263567,be,Ная Базар
174294895,2263571,be,Йаг Дат Пуруа
174294972,2263572,be,Пура Джам
174295203,2263575,be,Пуруа Гхуснаг
174295280,2263576,be,Пуруа Маханги
174295896,2263584,be,Пуруа Хардиха
174296050,2263586,be,Бади Пуруа
174296204,2263588,be,Гарсар
174296281,2263589,be,Пура Йаганнатх
174296435,2263591,be,Пуруа Ахлади
174296589,2263593,be,Пурва Амар Сінгх
174296743,2263595,be,Бараин Пуруа
174296820,2263596,be,Пура Пиаси
174296897,2263597,be,Пурва Пандыт
174296974,2263598,be,Пуруа Ахиран
174297128,2263600,be,Схеикх Пуруа
174297436,2263604,be,Пура Рам Парсхад
174297821,2263609,be,Пуруа Гхаманд
174297975,2263611,be,Пуруа Бхопат
174298129,2263613,be,Пуруа Дубе
174298206,2263614,be,Пуруа Маха
174298591,2263619,be,Ратуиа
174298976,2263624,be,Схиудаыал Пуруа
174299284,2263628,be,Пуруа Радхе
174299361,2263629,be,Раніпур Качы
174299438,2263630,be,Пандит Пуруа
174299669,2263633,be,Байрагі Пурва
174299823,2263635,be,Бархай Пурва
174299977,2263637,be,Баба Пурва
174300131,2263639,be,Пураини
174300208,2263640,be,Пандит Пуруа
174300285,2263641,be,Тиктауна
174300439,2263643,be,Ранипур Пахари
174300516,2263644,be,Луниа Пуруа
174300747,2263647,be,Цхилампур
174300978,2263650,be,Пурва Басты
174301594,2263658,be,Бхопатпур
174301748,2263660,be,Сита Пуруа
174301979,2263663,be,Матаиа Пуруа
174302287,2263667,be,Навайн Пурва
174302518,2263670,be,Мадарха
174302595,2263671,be,Пуруа Рамцхаран
174302672,2263672,be,Гадар'ян Пурва
174302749,2263673,be,Пуруа Кхам
174302826,2263674,be,Пандит Пуруа
174303057,2263677,be,Пуруа Кисхан Панде
174303519,2263683,be,Джанван Пурва
174303750,2263686,be,Мафи Пуруа
174304289,2263693,be,Ахіран Пурва
174304597,2263697,be,Бхасендха Пуруа
174304751,2263699,be,Пура Данда
174304905,2263701,be,Пура Цхопаи Тиуари
174305059,2263703,be,Пура Йануар Тхакур
174305213,2263705,be,Пура Баираги
174305367,2263707,be,Ранги
174305521,2263709,be,Пура Патак
174305752,2263712,be,Пуре Мадхаи
174306060,2263716,be,Гханцха Бикапур
174306137,2263717,be,Бхиканпур
174306368,2263720,be,Ганга Бесар Пуруа
174306522,2263722,be,Пура Нихцхал
174306599,2263723,be,Гопсараи
174306830,2263726,be,Пура Моти Рам
174306907,2263727,be,Пура Балгар Сингх
174307446,2263734,be,Пура Тывары
174307523,2263735,be,Пура Котори
174308062,2263742,be,Рагхунатх Пуруа
174308216,2263744,be,Пура Тапрахар
174308370,2263746,be,Рамдхан Пуруа
174308601,2263749,be,Біхарыпур
174308755,2263751,be,Цхаукхариа
174308986,2263754,be,Луниан Пуруа
174309063,2263755,be,Лала Пурва
174309140,2263756,be,Цхандсуха
174309371,2263759,be,Пуруа Кути Гопал Дас
174309448,2263760,be,Пура Гадариан
174309833,2263765,be,Пура Умрао Сингх
174309910,2263766,be,Пура Кориан
174309987,2263767,be,Пура Кори
174310064,2263768,be,Махрампур
174310141,2263769,be,Накахра
174310603,2263775,be,Пуре Амбар
174310757,2263777,be,Мурадпур
174310834,2263778,be,Нагесар Умрао
174310911,2263779,be,Разаи Пуруа
174311065,2263781,be,Пура Рам Бакхсх
174311219,2263783,be,Датнагар
174311450,2263786,be,Пура Гхарук
174311604,2263788,be,Пура Ахіран
174311835,2263791,be,Пуре Манйха
174311912,2263792,be,Пура Гориан
174312066,2263794,be,Пура Ганесх Милак
174312451,2263799,be,Сакипур
174312528,2263800,be,Гокла
174313067,2263807,be,Пура Баллай Сингх
174314068,2263820,be,Ситал Дубе Пуруа
174314145,2263821,be,Пура Дурга Курми
174314222,2263822,be,Фатэхпур
174314299,2263823,be,Курми Пуруа
174314530,2263826,be,Кот Сарауан
174314607,2263827,be,Мафи Мангал Дас
174314761,2263829,be,Дургапур
174314838,2263830,be,Мумтазнагар
174314915,2263831,be,Пура Бир Курми
174314992,2263832,be,Пура Басесар Сингх
174315069,2263833,be,Цхира Мохаммадпур
174315146,2263834,be,Саларпур
174315300,2263836,be,Уданпур
174315377,2263837,be,Банбирпур
174315454,2263838,be,Хазипур Сингхпур
174316455,2263851,be,Пуруа Карам Али
174316532,2263852,be,Саадатганй
174316686,2263854,be,Суларпур
174316763,2263855,be,Тогхпур
174316994,2263858,be,Пура Схиунараиыан Лал
174317225,2263861,be,Мадхо Мардха
174317841,2263869,be,Садар Базар
174317995,2263871,be,Усру
174318149,2263873,be,Годоун Абкари
174318303,2263875,be,Лал Багх
174318457,2263877,be,Фатэхгандж
174318611,2263879,be,Гаура Патти
174318688,2263880,be,Чак Гаура
174318765,2263881,be,Патти Манйха Йамтхара
174318842,2263882,be,Митху Ахир Пура
174318996,2263884,be,Махтаб Багх
174319150,2263886,be,Цхутра Базар
174319689,2263893,be,Йанаура
174319766,2263894,be,Пура Рамдхан
174320228,2263900,be,Пура Баркханди
174320382,2263902,be,Пура Катра
174320613,2263905,be,Пуре Пандит
174320690,2263906,be,Рагхунатхпур
174320767,2263907,be,Пура Луниан
174320998,2263910,be,Пура Мохан Ахир
174321152,2263912,be,Сімра Шэйхпур
174321383,2263915,be,Пура Тывары
174321460,2263916,be,Йога Раи
174321614,2263918,be,Схамбху Брахман
174321691,2263919,be,Пасі Пурва
174321999,2263923,be,Гобинд Панде
174322461,2263929,be,Пура Мехарбан
174322692,2263932,be,Пура Амар Панде
174322769,2263933,be,Дулхапур
174323231,2263939,be,Пуруа Бхерон
174323539,2263943,be,Котхи Падри Сахиб
174323616,2263944,be,Пура Гыандас
174323693,2263945,be,Пура Силуант
174323770,2263946,be,Пура Палту
174323924,2263948,be,Пура Рам Дас
174324078,2263950,be,Пурва Цівары
174324155,2263951,be,Пура Райкисхори
174325233,2263965,be,Беры Пурва
174325387,2263967,be,Пурва Пандыт
174325464,2263968,be,Алгатуапур
174325618,2263970,be,Пуруа Йаипатар Тиуари
174325849,2263973,be,Пура Рагхунатх Дас
174325926,2263974,be,Пура Балаи Дубе
174326003,2263975,be,Агампур
174326080,2263976,be,Пура Рамаутар
174326157,2263977,be,Пура Рам Сінгх
174326388,2263980,be,Собхапур
174326465,2263981,be,Пура Гадариан
174326542,2263982,be,Пура Цххатаи
174326927,2263987,be,Пура Бамнан
174327620,2263996,be,Йамли Мурао
174327928,2264000,be,Сірса
174328236,2264004,be,Пура Дина
174328621,2264009,be,Дарсан Сингх Пуруа
174328698,2264010,be,Канхаи Пуруа
174328852,2264012,be,Кхаргупур
174329006,2264014,be,Баліпур
174329083,2264015,be,Пуруа Гхаркун
174329160,2264016,be,Рампур
174329391,2264019,be,Кхале Пуруа
174329468,2264020,be,Пиртхи Пуруа
174329699,2264023,be,Дина Панде Пуруа
174329776,2264024,be,Пура Сінгх Рай
174330007,2264027,be,Пура Хулас
174330315,2264031,be,Пура Схиупарсхад
174330469,2264033,be,Кхемпур
174331316,2264044,be,Пура Срипаи Упадхиа
174331701,2264049,be,Харихарпур
174331855,2264051,be,Пура Хата
174332086,2264054,be,Пуруа Рам Саруп
174332471,2264059,be,Пура Сурайбали
174332856,2264064,be,Пура Непал
174333010,2264066,be,Саидани Цхауки
174333087,2264067,be,Пура Рамсахаи
174333164,2264068,be,Пура Пандит
174333318,2264070,be,Пура Сукхраула Кази
174333395,2264071,be,Пура Цхахин
174333626,2264074,be,Пура Кали
174333780,2264076,be,Парсапур
174333857,2264077,be,Цілік Пурва
174333934,2264078,be,Бехра Пуруа
174334165,2264081,be,Багія Пурва
174334319,2264083,be,Нагапур
174334396,2264084,be,Найпур
174334473,2264085,be,Пура Мурао
174334627,2264087,be,Йаду Пуруа
174334781,2264089,be,Гуртханиан
174334858,2264090,be,Анбхула
174335166,2264094,be,Парбаці
174335243,2264095,be,Райпур
174335320,2264096,be,Рупипур
174335474,2264098,be,Лукай Пурва
174335782,2264102,be,Пура Ори Сингх
174335936,2264104,be,Пуруа Дхани
174336013,2264105,be,Кадзіпур
174336090,2264106,be,Калут Пуруа
174336244,2264108,be,Ахіран Пурва
174336398,2264110,be,Ахіран Пурва
174336552,2264112,be,Хатва
174336629,2264113,be,Хазратпур
174336783,2264115,be,Пуруа Тара
174336937,2264117,be,Уйха Пуруа
174337322,2264122,be,Бхатпурва
174337399,2264123,be,Басин Пуруа
174337784,2264128,be,Цхандапур
174338015,2264131,be,Хардвар Уджа Пурва
174338400,2264136,be,Хавелиа
174339863,2264155,be,Нагры
174340941,2264169,be,Пура Пандит
174341865,2264181,be,Пуруа Йоги
174342481,2264189,be,Пуруа Мурао
174343636,2264204,be,Кондар
174343944,2264208,be,Гирдхари Пуруа
174344175,2264211,be,Мали Пуруа
174344406,2264214,be,Каран Пурва
174345330,2264226,be,Вазіргандж
174347948,2264260,be,Пуруа Дхауба
174348333,2264265,be,Карнипур
174348487,2264267,be,Пура Моханпур
174348564,2264268,be,Пура Мангри
174348718,2264270,be,Рампур
174348795,2264271,be,Пурва Гадар'ян
174349180,2264276,be,Моханпур
174349873,2264285,be,Пура Ханкар Сингх
174350104,2264288,be,Пура Деби
174350181,2264289,be,Айабнагар
174350258,2264290,be,Пуруа Наиыа
174350335,2264291,be,Пура Тханедар
174350412,2264292,be,Пура Бараи Пара
174350566,2264294,be,Рампур Кхархата
174350951,2264299,be,Гопалпур
174351105,2264301,be,Пуруа Бараипара
174351182,2264302,be,Каран Пуруа
174351644,2264308,be,Латха Пуруа
174351721,2264309,be,Джавахар Пурва
174352106,2264314,be,Рампарсхад Пуруа
174352414,2264318,be,Билаи Пуруа
174352491,2264319,be,Сэр Пурва
174352799,2264323,be,Кудаи Пуруа
174352876,2264324,be,Хатели Райа
174353338,2264330,be,Пура Пуроти
174353646,2264334,be,Кхампур
174353723,2264335,be,Пура Индарйит Сингх
174353800,2264336,be,Баниа Пуруа
174353954,2264338,be,Пура Йоги Кори
174354031,2264339,be,Пура Кхем
174354108,2264340,be,Бхагохар
174354185,2264341,be,Пура Рамдхан
174354647,2264347,be,Пура Ситал Мурао
174354724,2264348,be,Пура Рамдин Луниа
174354878,2264350,be,Маиноан
174354955,2264351,be,Рамраипур
174355032,2264352,be,Бандхва
174355186,2264354,be,Пакрывава
174355263,2264355,be,Кориа
174355340,2264356,be,Муриа
174355417,2264357,be,Басампур
174355494,2264358,be,Пура Бхолаи Кхатик
174355571,2264359,be,Пура Гульзар
174355648,2264360,be,Пура Рамбали
174355802,2264362,be,Расулпур
174355879,2264363,be,Пура Патадин Мурао
174356033,2264365,be,Джалалпур
174356110,2264366,be,Итаха
174356187,2264367,be,Карда
174356264,2264368,be,Пура Йагхмохан Сингх
174356341,2264369,be,Пура Бадал
174356418,2264370,be,Пура Ханкар Сингх
174356495,2264371,be,Пура Баийу Сингх
174357496,2264384,be,Танва
174357650,2264386,be,Тхануан
174357727,2264387,be,Пура Цхитаха
174357804,2264388,be,Сурйапур
174357958,2264390,be,Пура Гхурауа
174358574,2264398,be,Схукулпур
174358959,2264403,be,Пура Чахі
174359267,2264407,be,Пура Улхаруа
174359652,2264412,be,Гаўрыя
174359729,2264413,be,Пура Матха Дин
174360037,2264417,be,Кота
174360422,2264422,be,Ратанпур
174360807,2264427,be,Пура Ори Паси
174360884,2264428,be,Тикри Кхурд
174361038,2264430,be,Пура Кхареду
174361115,2264431,be,Цікры
174361269,2264433,be,Бехарыпур
174361808,2264440,be,Сараи Кхатри
174361962,2264442,be,Дэбінагар
174362193,2264445,be,Бакуи
174362270,2264446,be,Пура Котиа
174362886,2264454,be,Бахадра
174363040,2264456,be,Катра
174363117,2264457,be,Пура Сукх Цхаин
174363887,2264467,be,Сурйабанспур
174364118,2264470,be,Пура Кеуатиа
174365042,2264482,be,Пура Кхале
174365658,2264490,be,Чандпур
174366197,2264497,be,Гархі
174366659,2264503,be,Пура Бархай
174366736,2264504,be,Дурйанпур
174367044,2264508,be,Пура Цхамар
174367121,2264509,be,Пурва Дварка Ахір
174367891,2264519,be,Бутху Мурао
174368430,2264526,be,Пура Йокхан Сингх
174368507,2264527,be,Пура Рагхунандан Тиуари
174368661,2264529,be,Пура Бадри Ахир
174368815,2264531,be,Харбанспур
174368892,2264532,be,Пура Лаутан
174368969,2264533,be,Рамадхин Панде Пура
174369354,2264538,be,Пура Хавилдар
174369508,2264540,be,Холапур Кази
174369585,2264541,be,Пура Бисхунатх Ахир
174369816,2264544,be,Пура Мафі
174370509,2264553,be,Пура Рамзан Али
174370817,2264557,be,Холапур Талиб
174370894,2264558,be,Пура Цхакиа
174370971,2264559,be,Баліпур
174371125,2264561,be,Бхагола
174371202,2264562,be,Пуре Хатуа
174371818,2264570,be,Милканиа
174371972,2264572,be,Пура Патхан
174372049,2264573,be,Пура Баирисал
174372203,2264575,be,Пура Адхин Курми
174372280,2264576,be,Кулхарпур Бисен
174372588,2264580,be,Піпраха
174372896,2264584,be,Пура Аман Сингх
174373050,2264586,be,Пура Балдан Сингх
174373281,2264589,be,Фидаипур Паткхаули
174373589,2264593,be,Пура Упадхиа
174373743,2264595,be,Даялпур
174374205,2264601,be,Пура Рангиле
174374359,2264603,be,Пуре Гайаи
174374667,2264607,be,Пура Лоханиа
174374898,2264610,be,Пуруа Махабали
174374975,2264611,be,Лала Пурва
174375052,2264612,be,Маинпур
174375206,2264614,be,Баийалпур
174375360,2264616,be,Пура Даыарам
174375591,2264619,be,Пура Кхайанцхи
174375668,2264620,be,Мадрахиа
174375745,2264621,be,Бахува
174375899,2264623,be,Таркаулі
174376130,2264626,be,Нагва
174376207,2264627,be,Каліянпур
174376284,2264628,be,Пура Ганга Сінгх
174376438,2264630,be,Мирпур Ыусуф
174376746,2264634,be,Балапур
174376823,2264635,be,Канакпур
174376977,2264637,be,Кайуриа
174377362,2264642,be,Ратан Пурва
174377516,2264644,be,Макхдумпур
174377747,2264647,be,Пура Балкаран
174377901,2264649,be,Кхурдабад
174378132,2264652,be,Фатэхпур
174378209,2264653,be,Рехли
174378363,2264655,be,Чаталва
174378440,2264656,be,Нириа
174378517,2264657,be,Рыван
174378594,2264658,be,Пура Фатехпур
174379056,2264664,be,Умариа
174379133,2264665,be,Итмадпур
174379441,2264669,be,Сохрат Сингх
174379595,2264671,be,Сарай Хара
174379903,2264675,be,Канчанпур
174379980,2264676,be,Ридхаура
174380288,2264680,be,Цхак Мустафа
174380365,2264681,be,Цхак Бхатти
174380442,2264682,be,Пура Будху Ахир
174380673,2264685,be,Пура Мисраули
174380750,2264686,be,Шахпур
174381058,2264690,be,Рамцхандпур
174381135,2264691,be,Пуруа Йаду
174381520,2264696,be,Бхикхампур
174381674,2264698,be,Акбарпур
174381751,2264699,be,Нараянпур
174382059,2264703,be,Пура Гадариан
174382213,2264705,be,Казипур
174382675,2264711,be,Пура Субдхан
174382906,2264714,be,Пура Букхаи Схукул
174383060,2264716,be,Пура Будхаи
174383214,2264718,be,Пура Мунесар
174383291,2264719,be,Пура Соман Цхахи
174383368,2264720,be,Пура Чахі
174383907,2264727,be,Лалпур
174383984,2264728,be,Пура Нирао
174384215,2264731,be,Пура Балкаран Сингх
174384600,2264736,be,Пура Дали Раи
174384985,2264741,be,Пура Кахаран
174385062,2264742,be,Дубепур
174385293,2264745,be,Пахли
174385370,2264746,be,Пура Хулас
174385447,2264747,be,Раманпур
174385601,2264749,be,Пура Бхонду Кори
174385755,2264751,be,Пура Баба
174386525,2264761,be,Пура Рагхубар Панде
174386679,2264763,be,Пура Гульзар
174386756,2264764,be,Будхаипура
174386910,2264766,be,Пура Кусмха
174387218,2264770,be,Дарсхан Нагар
174387372,2264772,be,Пура Бхикхи
174387449,2264773,be,Йиыанпур Макхапур
174387603,2264775,be,Орейхар
174388604,2264788,be,Схахнауазпур
174388758,2264790,be,Басупур Йаи Сингхпур
174388989,2264793,be,Багх Бийеси
174389528,2264800,be,Раиганй Базар
174389990,2264806,be,Пуруа Гхагхра
174390375,2264811,be,Пура Бархай
174390452,2264812,be,Кхусхахра
174390529,2264813,be,Сакрауал
174390606,2264814,be,Пурва Оры
174390760,2264816,be,Пуруа Схабрати Схах
174390914,2264818,be,Пуруа Мангал
174391453,2264825,be,Тсил
174391607,2264827,be,Гопал Саиф
174391684,2264828,be,Порауор
174391761,2264829,be,Хусхур
174392069,2264833,be,Катергунд
174392993,2264845,be,Наухар
174394148,2264860,be,Ицххагоз
174394225,2264861,be,Абахом
174394456,2264864,be,Килар
174394841,2264869,be,Схелдор
174395303,2264875,be,Нарапур
174395688,2264880,be,Бутмаран
174395919,2264883,be,Ыар
174396689,2264893,be,Рому
174396920,2264896,be,Малапур
174397228,2264900,be,Хаятпур
174397844,2264908,be,Каисармул
174397921,2264909,be,Цхак Дамйу
174397998,2264910,be,Тсодур
174398460,2264916,be,Золу
174398999,2264923,be,Кобуг
174399076,2264924,be,Кралапур
174399153,2264925,be,Дангарпур
174399461,2264929,be,Дуниуар
174399615,2264931,be,Кутхипур
174399692,2264932,be,Сутсу Калан
174399769,2264933,be,Похар
174400539,2264943,be,Уанпур
174400924,2264948,be,Браригунд
174401540,2264956,be,Лусуаин
174401771,2264959,be,Дафарпур
174401925,2264961,be,Тсох
174402233,2264965,be,Харпур
174403003,2264975,be,Сханкарпур
174403542,2264982,be,Батпур
174404004,2264988,be,Буна Ханйан
174404158,2264990,be,Тсондапур
174404543,2264995,be,Арахал
174404774,2264998,be,Габарпур
174404851,2264999,be,Наидгунд
174404928,2265000,be,Калампор
174405159,2265003,be,Тсаигунд
174405390,2265006,be,Мугхалпур
174405852,2265012,be,Тукур
174405929,2265013,be,Цхак-и-Схирмал
174406468,2265020,be,Балапур
174407161,2265029,be,Мохандпур
174407315,2265031,be,Тхиарыин
174407700,2265036,be,Тситрагом
174408316,2265044,be,Мархенг
174408547,2265047,be,Уиз Рампатхир
174408701,2265049,be,Ракх Цхидаран
174408778,2265050,be,Дангарпур
174408855,2265051,be,Арихал
174409163,2265055,be,Сунасамыик
174409317,2265057,be,Бунар
174409625,2265061,be,Тсаинпур
174409702,2265062,be,Тхаман
174409779,2265063,be,Друс
174410010,2265066,be,Бабагунд
174410164,2265068,be,Прутс
174410395,2265071,be,Ыадарам
174410703,2265075,be,Патаварам
174410857,2265077,be,Кумарпалли
174410934,2265078,be,Маддикунта
174411011,2265079,be,Моинкунта
174411165,2265081,be,Венкатраопет
174411242,2265082,be,Банданкал
174411319,2265083,be,Мачапурам
174411396,2265084,be,Цхинтамадука
174411704,2265088,be,Уагум
174411935,2265091,be,Гудур
174412474,2265098,be,Схупадаин
174412859,2265103,be,Малавар
174413475,2265111,be,Паригом
174413937,2265117,be,Сетхаргунд
174414168,2265120,be,Уанганбагх
174414322,2265122,be,Цхак-и-Йамил Сингх
174414476,2265124,be,Кандизал
174414630,2265126,be,Крунтс
174415015,2265131,be,Карнаобал
174415246,2265134,be,Ларибал
174415323,2265135,be,Наман
174416170,2265146,be,Кхарбатпур
174416555,2265151,be,Туратс
174416863,2265155,be,Санзиуотур
174417941,2265169,be,Цхандгам
174418326,2265174,be,Ласипур
174418788,2265180,be,Конгун
174418865,2265181,be,Арпур
174418942,2265182,be,Турк Уангом
174419327,2265187,be,Кингом
174419866,2265194,be,Хусханпур
174420174,2265198,be,Кхуйипур
174420328,2265200,be,Хаидаргунд
174420636,2265204,be,Рисхпур
174420867,2265207,be,Цхилпур
174421329,2265213,be,Алепур
174421483,2265215,be,Нилур
174421714,2265218,be,Удур
174422099,2265223,be,Дзярмо
174422176,2265224,be,Палапур Схоуур
174422330,2265226,be,Вахарван
174422484,2265228,be,Тсакар
174423716,2265244,be,Уудипур
174423793,2265245,be,Каныилбагх
174423947,2265247,be,Барус
174424255,2265251,be,Дус
174424409,2265253,be,Дулханпур
174424640,2265256,be,Мианганй
174425333,2265265,be,Парсохі
174425487,2265267,be,Салхипур
174425564,2265268,be,Пуруа Лал
174425795,2265271,be,Дхармалпур
174425872,2265272,be,Пандитпур
174425949,2265273,be,Пуруа Лалки
174426334,2265278,be,Гайгат
174426488,2265280,be,Кола
174426642,2265282,be,Бхітаўра
174427027,2265287,be,Бхартхипур
174427104,2265288,be,Бегамгандж
174427181,2265289,be,Пуруа Манну
174427720,2265296,be,Пуруа Манйхаули
174427874,2265298,be,Бірампур
174428028,2265300,be,Пуруа Рамсаран
174428105,2265301,be,Хунсепур
174428182,2265302,be,Пуруа Схиупарсхад
174428336,2265304,be,Пуруа Молаи
174428875,2265311,be,Гауханиан Салони
174429183,2265315,be,Сукхауан
174430030,2265326,be,Пурва Лалак
174430184,2265328,be,Пурва Рысал
174430569,2265333,be,Пурва Хануман
174430646,2265334,be,Пуруа Йаилал
174431416,2265344,be,Битхалпур
174431493,2265345,be,Пуруа Схиупал
174431570,2265346,be,Синдхир Нарсингхапур
174431647,2265347,be,Пуруа Кари Сингх
174432417,2265357,be,Мокалпур
174432494,2265358,be,Пуруа Баба
174432648,2265360,be,Сабдалбхари
174432725,2265361,be,Пуруа Рамдхан
174432802,2265362,be,Пуруа Гулзар
174432879,2265363,be,Пуруа Пароти
174433341,2265369,be,Кути
174433880,2265376,be,Райаупур
174434573,2265385,be,Балаксар
174434650,2265386,be,Пуруа Мир Бадлу
174434804,2265388,be,Пуруа Даулат
174434881,2265389,be,Пуруа Кханзада
174435266,2265394,be,Пуруа Мангал
174435497,2265397,be,Пурва Дварка
174435574,2265398,be,Бахадурпур
174435805,2265401,be,Пуруа Рамдаыал
174435959,2265403,be,Пуруа Махип Нараыан
174436113,2265405,be,Усру Амона
174436190,2265406,be,Пуруа Хавалдар
174436421,2265409,be,Пуруа Ганесхи
174436575,2265411,be,Пуруа Гхаси
174436652,2265412,be,Пуруа Рагхубар
174437422,2265422,be,Пуруа Тирхун
174437807,2265427,be,Пуруа Схиуцхаран
174438346,2265434,be,Пуруа Инцхха
174438577,2265437,be,Пуруа Анант
174438885,2265441,be,Пуруа Тилак
174439193,2265445,be,Пурва Шукул
174439347,2265447,be,Пуруа Ситарам
174439424,2265448,be,Пуруа Дани Сингх
174439501,2265449,be,Кути
174439578,2265450,be,Пуруа Ранйит Сингх
174439655,2265451,be,Пуруа Рамсахаи
174439886,2265454,be,Пуруа Кумедан
174440040,2265456,be,Валіпур
174440117,2265457,be,Мананпур Сарора
174440194,2265458,be,Кхаргпур
174440271,2265459,be,Пурва Шукул
174440348,2265460,be,Фатэхпур
174440656,2265464,be,Пуруа Ангни
174440733,2265465,be,Пурва Субедар
174440887,2265467,be,Базар Баба
174440964,2265468,be,Пуруа Махабир
174441041,2265469,be,Бхаканпур
174441195,2265471,be,Пуруа Рамдат
174441272,2265472,be,Пуруа Пана
174441349,2265473,be,Пурва Басаулі
174441734,2265478,be,Пуруа Ихата
174441811,2265479,be,Пуруа Лаутан
174442196,2265484,be,Пуруа Махабир
174442273,2265485,be,Пуруа Гадариа
174442966,2265494,be,Пурва Маярам
174443043,2265495,be,Пурва Піпры
174444121,2265509,be,Пурва Пандыт
174444506,2265514,be,Дубхиара
174444968,2265520,be,Бішунпур
174445353,2265525,be,Палиа Муафи
174445738,2265530,be,Пуруа Схиугхулам
174446277,2265537,be,Пурва Янкі
174446431,2265539,be,Палиа
174446585,2265541,be,Пурва Шукул
174447124,2265548,be,Мубаркпур Умрани
174447201,2265549,be,Бардада
174447432,2265552,be,Пуруа Бхикх
174447663,2265555,be,Йакха
174447740,2265556,be,Пуруа Дахариа
174447894,2265558,be,Парсаули Мукимпур
174448202,2265562,be,Пуруа Бинхса
174448972,2265572,be,Пуруа Бхагтан
174449973,2265585,be,Мадхопур
174450204,2265588,be,Пуруа Алесар
174450281,2265589,be,Султанпур
174450435,2265591,be,Пуруа Рамгобинд
174450897,2265597,be,Пуруа Госхаин
174451282,2265602,be,Паруарпара
174451513,2265605,be,Цхампарапур
174451667,2265607,be,Дэокалі
174451898,2265610,be,Пуруа Хитлал
174452514,2265618,be,Нандупур
174452745,2265621,be,Парсипур
174452899,2265623,be,Чатра
174452976,2265624,be,Пандры
174453207,2265627,be,Руру Кхас
174453592,2265632,be,Пурва Субедар
174453900,2265636,be,Пурва Дала
174454131,2265639,be,Кути
174454285,2265641,be,Деосиапара
174454593,2265645,be,Пурва Кураулі
174454747,2265647,be,Басантапур
174454978,2265650,be,Пуруа Ганесх
174455132,2265652,be,Пуруа Тхакурдин
174455286,2265654,be,Парва
174455517,2265657,be,Сараи Бханау
174455594,2265658,be,Пурва Парвез Хан
174456056,2265664,be,Пуруа Сукхрай
174456210,2265666,be,Сараян
174456518,2265670,be,Пуруа Бхаирон
174456672,2265672,be,Адилпур
174456980,2265676,be,Пандры
174457134,2265678,be,Пуруа Рамцхар
174457288,2265680,be,Бхеди Сараи
174457519,2265683,be,Пурва Гаджрадж
174457673,2265685,be,Пуруа Йаганнатх
174457750,2265686,be,Пуруа Ама
174458212,2265692,be,Мохалиа
174458289,2265693,be,Дандва
174458520,2265696,be,Пуруа Патак
174458828,2265700,be,Пуруа Лотан
174458905,2265701,be,Пуруа Гадариа
174459136,2265704,be,Пуруа Сурай Бакхсх
174459213,2265705,be,Гангапур
174459521,2265709,be,Сухаул Салони
174460291,2265719,be,Сахсипур
174460599,2265723,be,Пуруа Рамдин
174460753,2265725,be,Матх Госхаин
174460830,2265726,be,Силони
174461985,2265741,be,Банджарыя
174462216,2265744,be,Пуруа Гуйар
174462370,2265746,be,Малетху Бузург
174463063,2265755,be,Пуруа Ман Сингх
174463217,2265757,be,Пуруа Схиудаыал Сингх
174463294,2265758,be,Йагдиспур
174463371,2265759,be,Пуруа Майхаиыа
174463602,2265762,be,Пуруа Бхант
174463910,2265766,be,Пуруа Праг
174463987,2265767,be,Сандхутара
174464141,2265769,be,Пурва Цівары
174464603,2265775,be,Пурва Джында
174465142,2265782,be,Біджайнпур
174465527,2265787,be,Бхогиа Тали
174465604,2265788,be,Пуруа Сугдхан
174465835,2265791,be,Рампур Йохан
174466066,2265794,be,Пуруа Палтан
174466759,2265803,be,Пуруа Нараыандас
174466913,2265805,be,Пуруа Бандра
174467067,2265807,be,Утарпара
174467144,2265808,be,Сараян
174467221,2265809,be,Сараи Кхарги
174467452,2265812,be,Пуруа Мараи
174467837,2265817,be,Анкарпур
174468299,2265823,be,Пуруа Бени
174468376,2265824,be,Пуруа Матадин
174468761,2265829,be,Сисаули
174468838,2265830,be,Бхагупур
174468915,2265831,be,Джалалпур
174469069,2265833,be,Маўраван
174469146,2265834,be,Караунды
174469685,2265841,be,Амаван
174469762,2265842,be,Пурва Цівары
174469916,2265844,be,Пуруа Мадан
174470147,2265847,be,Пуруа Рамдат
174470532,2265852,be,Пуруа Сурайбали
174470686,2265854,be,Пуруа Немар Сингх
174471610,2265866,be,Коцхха
174471687,2265867,be,Пуруа Амир
174472765,2265881,be,Кадзіпур
174473073,2265885,be,Такхнипур
174473227,2265887,be,Пуруа Рамсахаи
174473304,2265888,be,Пуруа Рамдин
174473458,2265890,be,Пуруа Бадал
174473689,2265893,be,Сангары
174473920,2265896,be,Пуруа Парман
174474074,2265898,be,Майруддинпур
174474228,2265900,be,Сагарпур
174474382,2265902,be,Басупур
174474459,2265903,be,Пуруа Рамнатх
174474767,2265907,be,Пуруа Кунйбихари
174475306,2265914,be,Пуруа Гангатара
174475383,2265915,be,Пардганй
174475537,2265917,be,Пуруа Сукхдаи
174475768,2265920,be,Пуруа Динау
174475999,2265923,be,Пуруа Лотан
174476076,2265924,be,Рамнагар
174476307,2265927,be,Пуруа Цххемдхар
174476692,2265932,be,Пуруа Суцхит
174477231,2265939,be,Сахабара
174477770,2265946,be,Пуруа Рагхунатх
174479387,2265967,be,Аскарнпур
174480388,2265980,be,Нархар Тара
174481851,2265999,be,Мація
174483083,2266015,be,Бхауанипур
174485316,2266044,be,Пуруа Саадатбег
174485624,2266048,be,Пуруа Рамбал
174485701,2266049,be,Дубаван
174486394,2266058,be,Паранпур
174486548,2266060,be,Тархра
174487703,2266075,be,Карнпур
174490937,2266117,be,Нандраули
174491014,2266118,be,Расулпур Миран
174492323,2266135,be,Дханваван
174494864,2266168,be,Малетху Канак
174495095,2266171,be,Пуруа Рагхорам
174497174,2266198,be,Пуруа Бхола
174497251,2266199,be,Пуруа Бхалаи
174497559,2266203,be,Пуруа Гадариа
174498098,2266210,be,Пуруа Калка
174498329,2266213,be,Пуруа Исхри
174498483,2266215,be,Пуруа Бале
174498560,2266216,be,Пуруа Схиунараыан
174498945,2266221,be,Пуруа Бхакхау
174499253,2266225,be,Пурва Бхагвандзін
174499946,2266234,be,Пуруа Схиу
174500023,2266235,be,Пуруа Лацххман
174500485,2266241,be,Бенаікпур
174500562,2266242,be,Нагпали
174500870,2266246,be,Сонбарса
174501332,2266252,be,Русиыа Мафи
174501717,2266257,be,Лутфабад
174501794,2266258,be,Пуруа Матхра
174501871,2266259,be,Пуруа Йалпа
174501948,2266260,be,Пуруа Харпал
174502256,2266264,be,Пурва Раджа
174502564,2266268,be,Пуруа Ганга
174502718,2266270,be,Сара Сура
174502872,2266272,be,Махмадпур
174503103,2266275,be,Пипри
174503257,2266277,be,Пуруа Рагхубардаыал
174503642,2266282,be,Дасратхпур
174503796,2266284,be,Пурва Субедар
174503873,2266285,be,Заинпур
174504104,2266288,be,Пуруа Баийнатх
174504335,2266291,be,Кондра
174504643,2266295,be,Бабураха Кондха
174504720,2266296,be,Пуруа Рагхунатх
174504874,2266298,be,Пуруа Мархаи Сингх
174504951,2266299,be,Пуруа Схиудас
174505105,2266301,be,Каил
174505259,2266303,be,Пурва Пандыт
174505413,2266305,be,Йамолиа
174506491,2266319,be,Ибрахимпур
174506722,2266322,be,Наипура
174507030,2266326,be,Нандгирам
174507646,2266334,be,Рампур Сандаси
174507723,2266335,be,Бхавапур
174507877,2266337,be,Чхатарван
174508955,2266351,be,Бахмангауан
174509109,2266353,be,Пуруа Гхоси
174509186,2266354,be,Басаитпур Калан
174509417,2266357,be,Найибпур
174509802,2266362,be,Пуруа Бхулан Кхан
174510418,2266370,be,Сакхупара
174510495,2266371,be,Пуруа Балйор
174510957,2266377,be,Пуруа Кунй Бихари
174511188,2266380,be,Пуруа Гурцхаран
174511265,2266381,be,Кхаргпур
174511804,2266388,be,Рамапур
174511881,2266389,be,Рагхупур
174512112,2266392,be,Пуруа Пахари
174512882,2266402,be,Масодха
174513575,2266411,be,Пуруа Цхаудхри
174513883,2266415,be,Біхарыпур
174514037,2266417,be,Гопалпур
174514191,2266419,be,Наўбара
174514345,2266421,be,Бицххиа
174514653,2266425,be,Пуруа Цххатта Сингх
174514961,2266429,be,Паигапур
174515115,2266431,be,Пуруа Палиа
174515346,2266434,be,Пуруа Рамдин
174515423,2266435,be,Тоній
174515500,2266436,be,Асхрафпур
174515577,2266437,be,Дипапур
174515654,2266438,be,Пурва Джавахір
174515962,2266442,be,Пуруа Схиурай
174516116,2266444,be,Пуруа Рагху
174516193,2266445,be,Дхармсала
174517117,2266457,be,Пуруа Хусен
