id,city_id,language_key,name
200773674,2607451,hr,Takht-e Qeysar
200776138,2607483,hr,Qalich
200779141,2607522,hr,Jakestan
200781297,2607550,hr,Chandar
200783376,2607577,hr,`Ali Akbar
200783838,2607583,hr,Boneh-ye `Alvan
200785532,2607605,hr,Shamsabad
200786918,2607623,hr,Qasabeh
200787303,2607628,hr,Mehdiabad
200787534,2607631,hr,Lavasan
200789998,2607663,hr,Bastak
200790075,2607664,hr,Bagče-je hadž Esmail
200790152,2607665,hr,Badreh
200790614,2607671,hr,ahmd abad
200790922,2607675,hr,Aliabad
200793463,2607708,hr,Mahidasht
200794002,2607715,hr,Kasan Taraz
200795619,2607736,hr,Boncheleh
200798699,2607776,hr,`Ali Darreh
200801702,2607815,hr,Bandbon
200801779,2607816,hr,Nafar Kheyl
200802164,2607821,hr,'Abdollahabad
200803319,2607836,hr,Yektasara
200803627,2607840,hr,latinski
200805398,2607863,hr,Kordlar
200807862,2607895,hr,Tale`-e Pa'in
200808863,2607908,hr,Amiriyeh
200813406,2607967,hr,Zangoli
200816024,2608001,hr,Berenjestanak-e Bala
200816794,2608011,hr,Aliabad
200817179,2608016,hr,Kiasar-e Bala
200820105,2608054,hr,Basu
200821337,2608070,hr,Qoroq
200823108,2608093,hr,Pa'in Mahalleh-ye Nowdeh
200824571,2608112,hr,`Arus Koti
200824725,2608114,hr,Tall-Nar
200827805,2608154,hr,Pa'in Gardanbori
200828267,2608160,hr,Bala Basra
200832733,2608218,hr,Sang Kor-e Golestan
200834889,2608246,hr,Malgeh-ye Fili
200835890,2608259,hr,Mantaqeh-ye Khanqah
200837045,2608274,hr,Humeh
200841665,2608334,hr,Asgharabad
200843898,2608363,hr,Dakaleh bar
200845438,2608383,hr,Kafsh Kan Mahalleh
200846670,2608399,hr,Pa'in Mahalleh-ye Foshtom
200848672,2608425,hr,Lasku Kalayeh
200849442,2608435,hr,Khalifeh Kandi
200849827,2608440,hr,Heris
200850366,2608447,hr,Farqa
200851213,2608458,hr,Tak Neyzar
200851906,2608467,hr,Qasabeh
200853061,2608482,hr,Kheyrabad
200860145,2608574,hr,Dinar
200860530,2608579,hr,Gowyzeh-ye Kavireh
200862763,2608608,hr,grmab
200863302,2608615,hr,Gandoman
200865073,2608638,hr,Mizab
200867614,2608671,hr,Kani Sur
200874082,2608755,hr,Tirkesh-e Pa'in
200874467,2608760,hr,Keleh Sepyan
200875006,2608767,hr,Chianeh
200876700,2608789,hr,Khalifan
200877316,2608797,hr,Mirabad
200877470,2608799,hr,Deh Shams-e Bozorg
200878856,2608817,hr,Tazeh Kand-e Jabal
200883861,2608882,hr,Kani Sur
200885401,2608902,hr,Qomchian
200885709,2608906,hr,Tazeh Kand
200889482,2608955,hr,Gol Soleymanabad
200890329,2608966,hr,Torkaman Kandi
200890868,2608973,hr,Turchi
200895180,2609029,hr,Hovanleh
200898645,2609074,hr,Eslamabad
200900108,2609093,hr,Zherizhah
200900262,2609095,hr,Buridar
200900339,2609096,hr,Nasanar
200904497,2609150,hr,Tazehabad
200909964,2609221,hr,Zagheh
200915816,2609297,hr,Sada Deh
200917125,2609314,hr,Shang
200927058,2609443,hr,Gav Savar
200929445,2609474,hr,aalwan
200930215,2609484,hr,Vari-ye Kalak
200931293,2609498,hr,Sarab
200933141,2609522,hr,RostamKhan
200933372,2609525,hr,Kalak-e Naqi
200933680,2609529,hr,Haft Cheshmeh
200933757,2609530,hr,glzar
200934989,2609546,hr,Chenareh
200935605,2609554,hr,Baskeleh Garmeh-ye Sofla
200939224,2609601,hr,qrh aghaj
200939455,2609604,hr,Gaz
200942997,2609650,hr,Rezaabad
200943151,2609652,hr,Kariz
200946770,2609699,hr,trkhas
200948618,2609723,hr,Saruq
200949234,2609731,hr,Rud Sarab
200949388,2609733,hr,raz qnd
200953161,2609782,hr,Keykhosrow
200956318,2609823,hr,Gaft
200958936,2609857,hr,bdagh abad
200962324,2609901,hr,`Isa Bagh
200962709,2609906,hr,`Aliabad-e Shur
200963941,2609922,hr,Punam
200964634,2609931,hr,Kalateh-ye Qanbar Qaraqoli
200965635,2609944,hr,Mahalleh-ye Qal`eh-ye Pa'in
200965789,2609946,hr,Cheshmeh Khan
200965866,2609947,hr,Alari
200966790,2609959,hr,Qaz
200967021,2609962,hr,qdr abad
200967098,2609963,hr,Qal`eh-ye Nur Mohammad
200967560,2609969,hr,Koruzhadeh
200969177,2609990,hr,Birak-e Bala
200969716,2609997,hr,Zarundeh
200970101,2610002,hr,Ziaru
200970717,2610010,hr,Varzan
200971179,2610016,hr,Valeh
200971487,2610020,hr,Turankola
200971641,2610022,hr,Teliran
200971795,2610024,hr,Tazehabad
200971872,2610025,hr,Tirestaq
200972026,2610027,hr,Tarsiab
200972642,2610035,hr,Tovidarreh
200972796,2610037,hr,Sorkhdar
200972950,2610039,hr,Tuleh Kola
200973027,2610040,hr,Shurestaq
200973412,2610045,hr,shmjaran
200973797,2610050,hr,Shah Kola-ye Surak
200974182,2610055,hr,Šárka
200974490,2610059,hr,Sang-e Bast
200974875,2610064,hr,talsh khyl
200974952,2610065,hr,Talaju
200975645,2610074,hr,Siah Rud
200975722,2610075,hr,Siah Rud
200975876,2610077,hr,Razan
200976030,2610079,hr,Razakeh
200976184,2610081,hr,qlyan kla
200976338,2610083,hr,Pol-e Ushan
200976415,2610084,hr,Pol-e Khab
200976569,2610086,hr,Pulad Kuh
200976646,2610087,hr,Peymur
200976877,2610090,hr,pasha kla
200976954,2610091,hr,Pardameh
200977108,2610093,hr,Parčevar
200977185,2610094,hr,Parimeh
200977262,2610095,hr,Panjak
200977955,2610104,hr,Owjak
200978340,2610109,hr,Sada Deh
200978417,2610110,hr,Nursar
200978571,2610112,hr,Neyrang
200978956,2610117,hr,Narenj Bandben
200979033,2610118,hr,Narenj Bandben
200979187,2610120,hr,nanwa kla
200979572,2610125,hr,Nimvar
200979649,2610126,hr,Musa Mahalleh
200979803,2610128,hr,mlkar
200980342,2610135,hr,Mazrun Kola
200980573,2610138,hr,Masgun
200980727,2610140,hr,Margir Deh
200980881,2610142,hr,Marandeh
200981420,2610149,hr,Mirdeh
200981497,2610150,hr,Mileh
200981728,2610153,hr,Mian Rud
200981805,2610154,hr,Lati Kola
200981959,2610156,hr,Lash Kenar
200982036,2610157,hr,lrgan
200982190,2610159,hr,La`l-e Jar
200982267,2610160,hr,Likar
200982421,2610162,hr,Kowsar Deh
200982575,2610164,hr,Koshkesara
200983345,2610174,hr,Kolaksar
200983499,2610176,hr,Kuk Deh
200983576,2610177,hr,Kohneh Sara
200983653,2610178,hr,Kohneh Dun
200983807,2610180,hr,Kohan Deh
200984500,2610189,hr,Kelarak
200984577,2610190,hr,Kelak-e Sofla
200984731,2610192,hr,Kelikan
200985039,2610196,hr,Kargas
200985193,2610198,hr,Karatkati
200985270,2610199,hr,Karimabad
200985347,2610200,hr,Kangar
200985501,2610202,hr,Kom
200985886,2610207,hr,Kalak
200986425,2610214,hr,Kiasar
200986502,2610215,hr,Kiasar
200986579,2610216,hr,Kian
200986656,2610217,hr,Kia Kola
200986810,2610219,hr,Jalikan-e Sofla
200987041,2610222,hr,jysa
200987118,2610223,hr,Hezar Som
200987195,2610224,hr,Hezarsah
200987272,2610225,hr,Hendu kola
200987349,2610226,hr,Hemmatabad
200987426,2610227,hr,Hardorud
200987580,2610229,hr,Harijan
200988196,2610237,hr,Geleyerd
200988735,2610244,hr,Galeš Pol
200988812,2610245,hr,Galun
200989197,2610250,hr,Faramdeh
200989351,2610252,hr,Faqihabad
200989582,2610255,hr,Firuz Kola-ye `Olya
200989890,2610259,hr,Eslamabad
200990506,2610267,hr,Emam Dasht
200991353,2610278,hr,darjar
200991507,2610280,hr,Dar'asara
200991815,2610284,hr,Dangepia
200992277,2610290,hr,Dimu
200993201,2610302,hr,chhar bagh
200993586,2610307,hr,Bandar-e Sofla
200993894,2610311,hr,Beh Benag
200994202,2610315,hr,Bandpey
200994433,2610318,hr,Baleyran
200994510,2610319,hr,Saldeh-e `Olya
200994587,2610320,hr,Bala Hashtal
200994664,2610321,hr,Bolbol Kuh
200995203,2610328,hr,Avil
200995280,2610329,hr,awyjdan
200996204,2610341,hr,`Alamestan
200996358,2610343,hr,Ahangar Kola
200996743,2610348,hr,Afrasiab Kola
200996974,2610351,hr,Abandanak
200997051,2610352,hr,Abad Mahalleh
200997205,2610354,hr,Shira
200997359,2610356,hr,Hasanakdar
200997436,2610357,hr,Harabdeh
200997590,2610359,hr,Hatar
200997744,2610361,hr,Hajjiabad
200998052,2610365,hr,`Ezzat
200998283,2610368,hr,'Alu
200999207,2610380,hr,Valbal
200999361,2610382,hr,Vala Darreh
201000054,2610391,hr,Šufaskaj
201000131,2610392,hr,shatlih
201000285,2610394,hr,Michka Khuni
201000670,2610399,hr,Sadat Mahalleh
201000747,2610400,hr,saʿd abad
201001209,2610406,hr,tyr sara
201001825,2610414,hr,Murud
201002441,2610422,hr,Las
201002672,2610425,hr,Kur Kola
201002749,2610426,hr,Kolbeh Sara
201002903,2610428,hr,Kulam Langar
201003057,2610430,hr,Koli Chal
201003365,2610434,hr,Khalarbon
201003596,2610437,hr,kinar
201003750,2610439,hr,Minokamo
201003904,2610441,hr,Kalaj
201005367,2610460,hr,ashnarawan
201006291,2610472,hr,Zarrin Kola-ye Pa'in
201006368,2610473,hr,Zar Khuni
201006445,2610474,hr,Zangi Kola
201006830,2610479,hr,Irka
201006907,2610480,hr,Yusefabad
201007138,2610483,hr,Venneh
201007215,2610484,hr,Vazivar
201007292,2610485,hr,Vazivar
201007446,2610487,hr,Vaskas
201007600,2610489,hr,Varka Deh
201007754,2610491,hr,Varazdeh-e `Olya
201007985,2610494,hr,Valirkan
201008139,2610496,hr,Valik-e Pa'in
201008370,2610499,hr,Toskabon
201008447,2610500,hr,Telaram
201008678,2610503,hr,Tazehabad
201008909,2610506,hr,Tazehabad
201009140,2610509,hr,Taneh Raz
201009448,2610513,hr,Tajanjar-e Pa'in
201009525,2610514,hr,Tajanjar-e Bala
201009602,2610515,hr,Tajnik
201010680,2610529,hr,shahrara
201010911,2610532,hr,Šir-Mahalleh
201010988,2610533,hr,Šir Kola
201011142,2610535,hr,Postavite Kowlam Sar
201011450,2610539,hr,Sefid Ab
201011681,2610542,hr,Saraj Mahalleh
201011758,2610543,hr,Sarivdeh
201012451,2610552,hr,Salar Mahalleh
201012759,2610556,hr,Sa`din Kola
201012913,2610558,hr,Mahalleh-je Sinava Cheshmeh
201012990,2610559,hr,Siar Kola
201013067,2610560,hr,Siar Kola
201013452,2610565,hr,Rudbar
201013529,2610566,hr,Rameshi
201013606,2610567,hr,Rafi'abad
201013914,2610571,hr,Qalyan Kola-ye Sofla
201013991,2610572,hr,qalʿih gardan
201014068,2610573,hr,Qajar Mahalleh
201014222,2610575,hr,Qassab Koti
201014453,2610578,hr,Pul Kiadeh
201014684,2610581,hr,pasha kla
201015146,2610587,hr,Pishgun
201015300,2610589,hr,Pichideh
201015839,2610596,hr,Nowgardan
201016763,2610608,hr,Najjar Kola
201016917,2610610,hr,Najer-e Dasht-e Ruyan
201017148,2610613,hr,mrdab
201017225,2610614,hr,Motahhar Kola
201017841,2610622,hr,Mahalleh-ye Mohammad Hoseynabad
201018226,2610627,hr,Mateverij
201018611,2610632,hr,Mamraz Koti
201018688,2610633,hr,Mahuk Kola
201018765,2610634,hr,Mahdi Kheyl
201018996,2610637,hr,Mir `Alamdeh
201019073,2610638,hr,Mianki
201019227,2610640,hr,Mian Rud-e Harazpey
201019304,2610641,hr,Mirudbar
201019689,2610646,hr,Kuleh Darreh
201019920,2610649,hr,Lešfijan
201019997,2610650,hr,latinski
201020151,2610652,hr,Kuti Bazar
201020382,2610655,hr,Kordi Kheyl
201020459,2610656,hr,Kordi Kheyl
201020536,2610657,hr,Kord Mahalleh
201020613,2610658,hr,Kord Mahalleh
201021229,2610666,hr,Kola Mahalleh
201021383,2610668,hr,Kuh Par
201021460,2610669,hr,Khowshamian
201021614,2610671,hr,Khoshkeh Darreh
201021691,2610672,hr,Khoshkeh Bur
201022461,2610682,hr,khas kla
201022692,2610685,hr,Darreh Kenar
201023077,2610690,hr,Kaseb Mahalleh
201023385,2610694,hr,Karčak
201023924,2610701,hr,Kalardasht
201024386,2610707,hr,Kiab Sar
201024617,2610710,hr,Jamshidabad
201024925,2610714,hr,Hashtal
201025002,2610715,hr,Hashtal
201025156,2610717,hr,Harun Kola-ye Bala
201025233,2610718,hr,Hareh Pak
201025849,2610726,hr,gawsyr
201026080,2610729,hr,Gilapey
201026157,2610730,hr,Farrash Kola
201026234,2610731,hr,farshi kola
201026388,2610733,hr,Ezbaran
201026619,2610736,hr,Eshkardasht
201027312,2610745,hr,Darzi Kola
201027389,2610746,hr,Darzi Kola
201027697,2610750,hr,charh
201028082,2610755,hr,Chamestan
201028236,2610757,hr,Chalajur
201028313,2610758,hr,Chalikiadeh
201028390,2610759,hr,Gachsar
201028467,2610760,hr,chhar afra
201028621,2610762,hr,Buteh Deh
201028698,2610763,hr,Bursar
201029083,2610768,hr,Betaher Kola
201029391,2610772,hr,Baziar Kola
201029622,2610775,hr,Bari Kola
201030007,2610780,hr,Kachal Deh-e Bala
201030469,2610786,hr,Bisheh Mahalleh
201030700,2610789,hr,Ayeshbon-e `Olya
201030777,2610790,hr,ashrf abad
201030931,2610792,hr,Asiab Dargah
201031778,2610803,hr,Ahangar Kola-ye `Olya
201032009,2610806,hr,Ahangar Kola
201032471,2610812,hr,Howz Koti
201033087,2610820,hr,Hamzeh Deh-e Sofla
201033395,2610824,hr,Hadži Kola-ye Pa'in
201034319,2610836,hr,`Ali Darreh
201034473,2610838,hr,`Abdollahabad
201034781,2610842,hr,wamsarh
201034858,2610843,hr,Vishteh
201037091,2610872,hr,Qamsar
201038015,2610884,hr,Dowlatabad
201038323,2610888,hr,ardanchh
201039863,2610908,hr,Vachakbud-e `Olya
201039940,2610909,hr,Vachakbud-e Sofla
201040787,2610920,hr,Saba`yeh
201041018,2610923,hr,Al Magribah
201041634,2610931,hr,Qidar-e Shiyukh
201041942,2610935,hr,Zamzam-e Seyyed Majid
201042096,2610937,hr,Galehhi
201042327,2610940,hr,Mir Karim
201042481,2610942,hr,mazhadih
201043097,2610950,hr,Yurt-e Zeynal
201043790,2610959,hr,yanblagh
201043867,2610960,hr,Varcheshmeh
201044175,2610964,hr,Sorkhanabad
201044329,2610966,hr,Shurjah-e Pa'in
201044406,2610967,hr,Sadeqabad
201044714,2610971,hr,syb chal
201044868,2610973,hr,Qusheh Su
201045176,2610977,hr,Qudaneh-ye `Olya
201045407,2610980,hr,Qezel Hesar-e `Olya
201045484,2610981,hr,qirnaq
201045946,2610987,hr,Qarah Qach
201046023,2610988,hr,Qarah Besh
201046100,2610989,hr,Qaravol hadži Taji
201046177,2610990,hr,Qarah Qanlu
201046331,2610992,hr,Qarah Gol-e Takht-e Vasat
201046562,2610995,hr,Qarah Qashli
201046639,2610996,hr,Qamiteh
201047101,2611002,hr,Mohammad Sha`er
201047332,2611005,hr,Kuruk
201047409,2611006,hr,Kolasareh
201047640,2611009,hr,Tashi
201047794,2611011,hr,Kalateh-ye Imani
201047948,2611013,hr,Kalateh-ye Hajji Gholamreza
201048641,2611022,hr,Dumanli
201048795,2611024,hr,chnashk
201048872,2611025,hr,Dashtak-e `Olya
201050104,2611041,hr,Boq Qacheh-ye Bala
201051567,2611060,hr,Hesar-e `Isa
201052183,2611068,hr,shykh ha
201052260,2611069,hr,Qulaq Kasan
201052722,2611075,hr,sufijski
201053030,2611079,hr,Kesr Pishkamar
201053492,2611085,hr,Chutur
201054647,2611100,hr,Rowshan Darreh
201055494,2611111,hr,Qarah Aqaj-e Bala
201055571,2611112,hr,Qamakhli
201056187,2611120,hr,Mohammadabad
201057111,2611132,hr,Garmak
201057419,2611136,hr,Esteqlal
201057804,2611141,hr,Chahar Mazu
201058112,2611145,hr,Biatlar
201058497,2611150,hr,Qarah Qol Tappeh
201058728,2611153,hr,`Abdollahabad
201059575,2611164,hr,Šatik
201059652,2611165,hr,Za`faran
201059729,2611166,hr,Zagheh
201059960,2611169,hr,Yunesabad
201060037,2611170,hr,Yuj
201060499,2611176,hr,Bavari
201060884,2611181,hr,wys abad
201060961,2611182,hr,Varkash
201061192,2611185,hr,Varas
201061423,2611188,hr,Valani
201061500,2611189,hr,Valiabad
201061577,2611190,hr,Vajiabad
201061885,2611194,hr,Višan
201061962,2611195,hr,Vishan
201062270,2611199,hr,Abi Nam
201062886,2611207,hr,tudaran
201063040,2611209,hr,Tetli
201063425,2611214,hr,Takyeh-ye Naveh
201063502,2611215,hr,Takyeh-ye Naveh
201063964,2611221,hr,Tash Kaleh
201064426,2611227,hr,Pa'in Takish
201066505,2611254,hr,Taleqan
201066659,2611256,hr,Šah Šahidan
201067275,2611264,hr,Shir Kuh
201067814,2611271,hr,Separ Deh
201068045,2611274,hr,Sefid Tameshk
201068661,2611282,hr,Sangeh Sar
201069277,2611290,hr,Maslaj Anbar
201070201,2611302,hr,Siarastaq
201070586,2611307,hr,Siah Khuni
201070740,2611309,hr,Siah Barg
201070894,2611311,hr,Sia Moshteh
201071125,2611314,hr,Seh Sar Sara
201071202,2611315,hr,Mineh Khuni
201071279,2611316,hr,gospodine Dasht
201073050,2611339,hr,Qom Yek-e Bozorg
201074051,2611352,hr,Falizan
201074205,2611354,hr,Pordeh Sar
201074667,2611360,hr,Peynavand
201074821,2611362,hr,Paskalayeh-ye Bozorg
201075591,2611372,hr,Yazan
201075976,2611377,hr,Peshgel Jan-e Pa'in
201076207,2611380,hr,Piaz Poshteh
201076438,2611383,hr,Nowduz
201076746,2611387,hr,Nosratabad
201076823,2611388,hr,Nesa'
201077362,2611395,hr,narnh
201077439,2611396,hr,Layeh Kuh
201077901,2611402,hr,Musa Kalayeh
201078517,2611410,hr,mhran
201078979,2611416,hr,Mahmudijan
201079826,2611427,hr,Mashmian
201080365,2611434,hr,Mij
201080519,2611436,hr,myan palan
201080596,2611437,hr,Mianeh Sara-ye Pa'in
201080673,2611438,hr,Mian Marz
201081443,2611448,hr,Lowzeh Sara
201081520,2611449,hr,Lotar
201081751,2611452,hr,Latak
201083522,2611475,hr,Lin
201083676,2611477,hr,Lega
201084061,2611482,hr,Kuraneh
201084369,2611486,hr,Kugir-e Sofla
201084831,2611492,hr,Khowdkavand
201085216,2611497,hr,Khoshkeh Darreh
201085524,2611501,hr,Khas Khuni
201085755,2611504,hr,Khuchireh
201085909,2611506,hr,Khanollah
201086140,2611509,hr,khakshan
201086525,2611514,hr,Kelarud
201086756,2611517,hr,Kebrit Mian
201086833,2611518,hr,Kazlak
201086987,2611520,hr,Kashrud
201087141,2611522,hr,Kashku
201087526,2611527,hr,Karkabud
201088450,2611539,hr,Kalayeh Bon
201088681,2611542,hr,Kalam Ini
201089066,2611547,hr,Kaj-e Mohammad Govabar
201090067,2611560,hr,Razmian
201090452,2611565,hr,Jazan
201090606,2611567,hr,Jaliseh-ye Pa'in
201091068,2611573,hr,Lizdin
201092531,2611592,hr,Hamidabad
201093301,2611602,hr,Kamazi
201093532,2611605,hr,Gharib Mazra`eh
201093763,2611608,hr,khshk ab sra
201093917,2611610,hr,Gavarj
201093994,2611611,hr,Keshayeh
201094148,2611613,hr,Garmeh
201094225,2611614,hr,Garmarud-e Sofla
201094918,2611623,hr,Kalinak
201095380,2611629,hr,Fašak
201095457,2611630,hr,Fashak
201096304,2611641,hr,Akujan
201097074,2611651,hr,Učini Ab
201097228,2611653,hr,Darak
201097921,2611662,hr,drjan
201098075,2611664,hr,Donbalid
201098999,2611676,hr,dyar jan
201099384,2611681,hr,Chumul
201099615,2611684,hr,chnar chal
201100000,2611689,hr,chngal wsh
201101771,2611712,hr,Bezaj
201102002,2611715,hr,Barand
201102233,2611718,hr,Paltan
201102387,2611720,hr,Balus
201102541,2611722,hr,Barikan
201102618,2611723,hr,Bala Halu Kaleh
201103234,2611731,hr,Azrat
201103696,2611737,hr,Asgharabad
201103773,2611738,hr,Ardakan
201103850,2611739,hr,Ardaheh
201104081,2611742,hr,Arbedian
201104235,2611744,hr,Anjilaq
201104466,2611747,hr,Angeh
201104774,2611751,hr,Amrudak
201104851,2611752,hr,Amirnan
201105082,2611755,hr,Alvand
201105159,2611756,hr,Alvand
201105544,2611761,hr,Akaneh
201105621,2611762,hr,Ahvarak
201105775,2611764,hr,Armut
201106160,2611769,hr,Asiab Dasht
201106237,2611770,hr,Asiab Darreh
201106545,2611774,hr,Aqchari
201107007,2611780,hr,Ajin Dojin
201107238,2611783,hr,Aghuz Kaleh
201107392,2611785,hr,Abkalleh Sar-e Bozorg
201108085,2611794,hr,Razqan
201108162,2611795,hr,Razqan
201109394,2611811,hr,Fonushabad
201109471,2611812,hr,Qalali
201109856,2611817,hr,Fatalak
201110164,2611821,hr,Ghiasabad
201110703,2611828,hr,Mazra`eh-ye Shirin Bolagh
201111858,2611843,hr,Kangeh
201112166,2611847,hr,ghlam chm
201112243,2611848,hr,garwaraq
201112551,2611852,hr,Emamzadeh Danial
201112628,2611853,hr,Duskaz
201112705,2611854,hr,Dasht-e Kur
201112859,2611856,hr,Baghal Duz
201113090,2611859,hr,Zelet
201113321,2611862,hr,Yekeh Tut
201113398,2611863,hr,Vosta Kola
201113552,2611865,hr,Vaskas
201114014,2611871,hr,Tejenek
201114091,2611872,hr,Tazehabad-e Bostan Kheyl
201114245,2611874,hr,Talaram
201114322,2611875,hr,Talar Posht-e Sofla
201114476,2611877,hr,Soodkola
201115323,2611888,hr,Saru Kola
201115477,2611890,hr,Sar Kat
201115939,2611896,hr,Rowshan Kuh
201116016,2611897,hr,Pa'in Resket
201116170,2611899,hr,Qarun Sara
201116324,2611901,hr,pasha kla
201117325,2611914,hr,namak chal
201117402,2611915,hr,Nasir Sang
201118557,2611930,hr,lalihband
201118711,2611932,hr,Lala
201119327,2611940,hr,kr chah
201119789,2611946,hr,Kuhestan
201119866,2611947,hr,Khvosh Neshan
201120020,2611949,hr,Horasan Mahalleh
201121021,2611962,hr,Kal Quchal
201121252,2611965,hr,Jowvarem
201121714,2611971,hr,Golurd
201122176,2611977,hr,Farimak
201122561,2611982,hr,askard
201123100,2611989,hr,Chubagh
201123177,2611990,hr,chmaz kla
201123485,2611994,hr,Bur Khani
201123793,2611998,hr,Bend Afruz
201123870,2611999,hr,Bisheh Kola
201124101,2612002,hr,Aleban
201124255,2612004,hr,Ajan
201124640,2612009,hr,`Isa Khandaq
201124794,2612011,hr,Vala
201125564,2612021,hr,maʿdan pak
201126257,2612030,hr,Bala Seh Poshteh
201126411,2612032,hr,aanzhdan
201127412,2612045,hr,Za`faran Kola
201128028,2612053,hr,Yur Mahalleh
201128336,2612057,hr,Veleš Kola
201128644,2612061,hr,Varmatan
201129183,2612068,hr,Valik Rudposht
201129953,2612078,hr,Tavakkol
201130261,2612082,hr,Talajim
201131185,2612094,hr,Soleyman Mahalleh
201132186,2612107,hr,Sharafdar Kola-ye `Olya
201132802,2612115,hr,Shahneh Kola
201132956,2612117,hr,shahyd abad
201133264,2612121,hr,Shabanqol
201133418,2612123,hr,Šir Savar
201133803,2612128,hr,Seyyed Zeyn ol `Abedin
201133957,2612130,hr,Sadat Mahalleh
201134188,2612133,hr,Seyyed Kola
201134496,2612137,hr,Seraj Kola
201135266,2612147,hr,sang kyab sar
201135497,2612150,hr,Saneh Kuh
201135882,2612155,hr,Salduz Kola
201135959,2612156,hr,Sadat Mahalleh
201136806,2612167,hr,rwd bar
201137345,2612174,hr,Rig Cheshmeh
201137576,2612177,hr,Qara Kola
201137884,2612181,hr,qndar khyl
201138192,2612185,hr,Arateh
201138731,2612192,hr,Pol-e Gardan
201139655,2612204,hr,Pa'in Sang Rizeh
201139963,2612208,hr,Pa'in Mahalleh-ye Keshteleh
201140194,2612211,hr,Pa'in Kolangah
201140271,2612212,hr,Pa'in Jadeh
201140502,2612215,hr,Pa'in Darvish Khak
201140887,2612220,hr,Owzud
201141195,2612224,hr,Ojak
201141657,2612230,hr,nw abad
201141888,2612233,hr,Hajjiabad
201142966,2612247,hr,nft chal
201143351,2612252,hr,Muzi Bon
201144121,2612262,hr,Mohammadabad
201144198,2612263,hr,Mo`allem Kola
201144275,2612264,hr,Meydanak
201144583,2612268,hr,Bala Meshk Mahalleh
201145045,2612274,hr,Mazang
201145199,2612276,hr,Matekeh
201145661,2612282,hr,Marzbal-e Pa'in
201145815,2612284,hr,Marmat
201146585,2612294,hr,Mahforuz Mahalleh
201146970,2612299,hr,myrwarzan
201147124,2612301,hr,Mizar Kola
201147586,2612307,hr,Mian Dasteh
201147971,2612312,hr,Larim Dahaneh
201148048,2612313,hr,Larim Dahaneh
201148279,2612316,hr,Laluk
201149280,2612329,hr,Kola Kheyl
201149357,2612330,hr,Kola Gar Sara
201149973,2612338,hr,khwajh kla
201150358,2612343,hr,Khatun-e Rud Bar
201150743,2612348,hr,Khardun Kola-ye Bala
201151359,2612356,hr,Khalil Kola
201151436,2612357,hr,Kerfu kola
201151513,2612358,hr,Kelar Zamin
201151667,2612360,hr,Kelagar Mahalleh
201152668,2612373,hr,karwn
201153284,2612381,hr,Kapur Chal
201153592,2612385,hr,Kaleh
201153823,2612388,hr,Kabutardan
201154285,2612394,hr,Juja Deh-e Arateh
201154824,2612401,hr,Hari Kandeh-e Pa'in
201155594,2612411,hr,Gol Chini
201155748,2612413,hr,gwg bagh
201156595,2612424,hr,Gardeshi
201157519,2612436,hr,Faramarz Kola
201157596,2612437,hr,Farajabad
201157981,2612442,hr,Esma`il Aqa Mahalleh
201158058,2612443,hr,Esfuvashi
201158212,2612445,hr,Esbukola
201159136,2612457,hr,Damir Kola
201159367,2612460,hr,Pa'in Davod Kola
201160599,2612476,hr,Darvish Mohammad Shah
201160676,2612477,hr,Darvish Mohammad Shah
201161061,2612482,hr,Darikandeh
201162216,2612497,hr,Chamaz Tappeh
201162447,2612500,hr,Chaleh Zamin
201162909,2612506,hr,Boneh Kenar
201163525,2612514,hr,Barik Absar
201163910,2612519,hr,Balef Kola-ye Sharqi
201163987,2612520,hr,Balef Kola-ye Gharbi
201164141,2612522,hr,Zir Ab
201164680,2612529,hr,Bala Mir Kola
201164911,2612532,hr,Bala Karu Kola
201165142,2612535,hr,Golma-ye Bala
201165527,2612540,hr,bala bazyar
201165835,2612544,hr,Bala Afrakoti
201166066,2612547,hr,bala ahmd chalh py
201167375,2612564,hr,Aqa Malek
201167991,2612572,hr,Salah od DIN Mahalleh
201168299,2612576,hr,ajarstan
201168453,2612578,hr,Ahangar Kola
201168607,2612580,hr,Ahangar Kola
201168838,2612583,hr,afrapl
201169069,2612586,hr,Ebu Mahalleh
201169223,2612588,hr,ab bndan ksh
201169377,2612590,hr,Rudbar Zalam
201169685,2612594,hr,Hajjiabad
201171225,2612614,hr,Tovijiyeh-ye `Olya
201172226,2612627,hr,Rufeh
201172380,2612629,hr,Rasan
201172688,2612633,hr,Ohm ol Jaridiyeh
201173381,2612642,hr,Mosaffadu
201174613,2612658,hr,Hayyer-e Do
201174690,2612659,hr,Hajji 'Ashur
201175075,2612664,hr,Deymeh-ye Kuchek
201175460,2612669,hr,Chu'ideh-ye Do
201175691,2612672,hr,Albu Hesar
201177000,2612689,hr,Šahabad
201178078,2612703,hr,Koloppeh
201178617,2612710,hr,Sarnešin
201179002,2612715,hr,Zarnaq
201179541,2612722,hr,Vijini
201179772,2612725,hr,Varagul
201179926,2612727,hr,Owjur
201180157,2612730,hr,Tuli
201181697,2612750,hr,Shamsir
201182082,2612755,hr,Sharbit
201182159,2612756,hr,shyran
201182236,2612757,hr,shylawan
201183391,2612772,hr,rwasjan
201183622,2612775,hr,Qezel Qiyeh
201184392,2612785,hr,Paša Bejglu
201184700,2612789,hr,Nur Kandi
201184777,2612790,hr,Naqdi
201185547,2612800,hr,Moradlu
201185701,2612802,hr,Mazra`eh
201186086,2612807,hr,Mina Daghi
201186240,2612809,hr,Lorum
201186394,2612811,hr,Lahrud
201186548,2612813,hr,Kowr-e Pa'in
201186702,2612815,hr,Kord Tappeh
201187318,2612823,hr,Mesdaraq
201187780,2612829,hr,khaly
201187934,2612831,hr,Kargas
201188473,2612838,hr,Jahadabad
201188627,2612840,hr,Jaluq
201189089,2612846,hr,Hovin
201189859,2612856,hr,Gazanak
201190244,2612861,hr,Kachi Kaghi
201190321,2612862,hr,Faranjeh
201191014,2612871,hr,Dastgir
201191091,2612872,hr,Dastgir
201191399,2612876,hr,Daraneq
201191938,2612883,hr,Chapaghan
201192092,2612885,hr,chalfyr
201192169,2612886,hr,Chakhmaq Chaqur
201192323,2612888,hr,Chayech Zeleh
201192477,2612890,hr,Kaqaleq
201192785,2612894,hr,Borjelu
201192862,2612895,hr,Barcheh
201192939,2612896,hr,Piraz Mian
201193247,2612900,hr,Balujeh
201193786,2612907,hr,Mir Kuh-e `Ali Mirza
201194787,2612920,hr,'Arablu
201195095,2612924,hr,Zar Nekarab
201195172,2612925,hr,Zargar-e Goli Bolagh
201195403,2612928,hr,Zardughan
201195480,2612929,hr,Zaglik-e Sofla
201195711,2612932,hr,Zaviyeh
201195788,2612933,hr,Ziveh
201196019,2612936,hr,Yusefkhan Kandi
201196250,2612939,hr,Vanehabad
201196558,2612943,hr,awt pasha
201197174,2612951,hr,Tak Bolagh
201197482,2612955,hr,Tazeh Kand-e Chelan
201198098,2612963,hr,Rusta-ye Fasli-ye Tarlan Qeshlaqi
201199253,2612978,hr,Seyyedlar-e Guni
201199330,2612979,hr,Seyyedlar
201199715,2612984,hr,Sehriq
201200485,2612994,hr,Sowma`eh
201200639,2612996,hr,Yuseflu
201200947,2613000,hr,Qushchi
201201101,2613002,hr,Quri Gol
201201717,2613010,hr,Kohol
201202641,2613022,hr,Qarah Takanlu
201202872,2613025,hr,Qarah Qayah
201203103,2613028,hr,Qarah Gol
201203257,2613030,hr,Qarajehlu
201203488,2613033,hr,Qal`eh Malek
201203565,2613034,hr,Qal`eh Kandi
201204335,2613044,hr,Peygham-e Bala
201204412,2613045,hr,Palanglu
201204566,2613047,hr,Parcha Qeshlaq
201205259,2613056,hr,Narmiq
201205875,2613064,hr,Mohammad Kandi
201205952,2613065,hr,Meqas-e Qadim
201206337,2613070,hr,Mazra`eh-ye Khalaf
201206953,2613078,hr,Miandaraq
201207107,2613080,hr,Lehaq
201207492,2613085,hr,Kordlaqan
201207569,2613086,hr,Kolu-ye Sofla
201207877,2613090,hr,Khuy Saraq
201208647,2613100,hr,Khan`ali Darrehsi
201208801,2613102,hr,Keyqobad
201209109,2613106,hr,Kandovan
201209263,2613108,hr,Kalaghay
201209340,2613109,hr,Kalantar-e Sofla
201209571,2613112,hr,Kali-ye Quzi
201209879,2613116,hr,kashan
201210033,2613118,hr,Jowband
201210187,2613120,hr,jwan shykh
201211034,2613131,hr,Heybat-e Bala
201211265,2613134,hr,harasban
201211419,2613136,hr,Hoseyn Khanlu
201211727,2613140,hr,Hasan Bejglu
201213498,2613163,hr,gawdl
201214191,2613172,hr,Darreh Gahlu
201216039,2613196,hr,Behruz
201216655,2613204,hr,Andab-e Jadid
201217964,2613221,hr,aqblagh
201218195,2613224,hr,Aluj
201218965,2613234,hr,`Alireza Cha'i
201220197,2613250,hr,Safadasht
201220351,2613252,hr,Aliabad
201220428,2613253,hr,tabaky
201220505,2613254,hr,Tonjaran
201220582,2613255,hr,Nik Bey
201221968,2613273,hr,Rameh Char
201222045,2613274,hr,Qeshlaq-e Mohammad
201223046,2613287,hr,Mahmudabad
201223277,2613290,hr,krchan
201223431,2613292,hr,khakh
201223508,2613293,hr,Kakolestan-e Sofla
201223585,2613294,hr,Kakolestan-e Bar Aftab
201224586,2613307,hr,Eslamabad-e Sheykh Miri
201224971,2613312,hr,Darreh Bid
201226126,2613327,hr,`Aliabad-e Sanjeh Bashi
201226357,2613330,hr,`Abbasabad
201226511,2613332,hr,`Abbas Barfi-ye `Olya
201226973,2613338,hr,qarih dagh
201227435,2613344,hr,Qarquluq
201227512,2613345,hr,Eslamabad
201227974,2613351,hr,Molla Kandi
201228282,2613355,hr,Qal`eh Juq
201228359,2613356,hr,`Aziz Kandi
201229052,2613365,hr,Yowla Galdi
201232594,2613411,hr,Gol `Ali
201233441,2613422,hr,Kowlus
201235674,2613451,hr,Qarah Chahveran-e Sofla
201236059,2613456,hr,Qarah Aghol
201236136,2613457,hr,Qermezdash-e Chaldoran
201236367,2613460,hr,Qadu Kandi
201236598,2613463,hr,Fatah Kandi
201237214,2613471,hr,`Ali Qandu
201238677,2613490,hr,Shur Bolagh
201239139,2613496,hr,shah galan
201239447,2613500,hr,syran
201239755,2613504,hr,Soleyman Kandi
201240371,2613512,hr,Sarem Saqlu
201240679,2613516,hr,Ravaz
201242142,2613535,hr,Hoseyn`ali Kandi
201242373,2613538,hr,Hasushaki
201242681,2613542,hr,Hajji Sufi
201243682,2613555,hr,Jagandlu
201244298,2613563,hr,Tulki Tappehsi
201246300,2613589,hr,Bajram Kandi
201247070,2613599,hr,Injeh-ye `Olya
201247609,2613606,hr,Emamqoli Kandi-ye Sofla
201247840,2613609,hr,Oruj Kandi
201248687,2613620,hr,arkhashan
201248764,2613621,hr,arpalykh
201248995,2613624,hr,abarabashy
201249072,2613625,hr,Zanjiran
201249226,2613627,hr,Tazeh Kand
201249919,2613636,hr,Oštorinan
201251767,2613660,hr,sylwar
201252460,2613669,hr,Deh Sada
201252614,2613671,hr,daftarchyn
201252691,2613672,hr,Bolbol
201252768,2613673,hr,Azadšahr
201253692,2613685,hr,Sorkh Kand
201253923,2613688,hr,Samen
201254231,2613692,hr,Qeshlaq-e Aqanajafi
201254385,2613694,hr,Katar Aghaj-e Bala
201254462,2613695,hr,Musirabad
201254924,2613701,hr,Khaneqah-e `Olya
201255540,2613709,hr,Esma`ilabad
201256002,2613715,hr,Darsibeh
201256310,2613719,hr,Chalab-e Sofla
201257234,2613731,hr,Qal`eh-ye Baba Khan
201257388,2613733,hr,habybwand
201257542,2613735,hr,`Ali Mirza'i-ye Vosta
201257696,2613737,hr,`Aliabad-e Dovvom
201259236,2613757,hr,Shahrokhi
201259313,2613758,hr,Zeverdegan
201259467,2613760,hr,Shahrak-e Fajr
201259929,2613766,hr,Šah Ebu ol Kasem
201260083,2613768,hr,Sartang-e Shab Kuri
201260160,2613769,hr,chal grd
201260776,2613777,hr,Sar Gachineh
201261007,2613780,hr,Talayeh
201261392,2613785,hr,Rak`at-e Sofla
201261469,2613786,hr,Qashkamari
201261623,2613788,hr,Medresa Qal`eh-ye
201261777,2613790,hr,Qal`eh Mobarak
201262008,2613793,hr,Qa'edan-e Shiasi
201262162,2613795,hr,Puleh
201262393,2613798,hr,Pataveh
201262470,2613799,hr,Pataveh
201262547,2613800,hr,papat
201263779,2613816,hr,Melleh-ye Gurab
201264626,2613827,hr,Konfeh
201265550,2613839,hr,Kamak
201266012,2613845,hr,Kal Khvajeh-ye 'Olya
201266397,2613850,hr,Gol-e Narges
201267937,2613870,hr,Deh-e Nowmilas-e Sofla
201269015,2613884,hr,Darreh Khun-e Faleh
201269246,2613887,hr,Darreh Anar
201269323,2613888,hr,Darreh Eshkaft-e Bala
201269554,2613891,hr,Dame Eshgaft
201269939,2613896,hr,Cheshmeh Khani
201270863,2613908,hr,chah krmk
201271710,2613919,hr,Berm Seh
201271864,2613921,hr,Bardameh
201272480,2613929,hr,Balutak-e Sheykhan
201273250,2613939,hr,uzan
201274482,2613955,hr,`Azizabad-e Bala
201274713,2613958,hr,Zirana
201275175,2613964,hr,Surg-e Khvajeh
201275329,2613966,hr,Šahi
201275483,2613968,hr,Seyyed `Ali-ye Taheri
201275637,2613970,hr,Qal`eh-ye Qanbar
201276638,2613983,hr,Bonar-e Mohammad Ja`far
201277947,2614000,hr,Tulu
201278024,2614001,hr,Tall-e Marun
201278717,2614010,hr,Tang Andari
201278948,2614013,hr,Talkhab
201279025,2614014,hr,Taksiseh-ye `Olya
201279256,2614017,hr,Sur Murd-e Kuh Panbeh
201279641,2614022,hr,shwsh
201279949,2614026,hr,Šejh Mehdi
201280026,2614027,hr,Šejh Mahmud
201280257,2614030,hr,Shalehdun
201280719,2614036,hr,Shahrak-e Gargar
201281104,2614041,hr,Seyyed Mokhtar
201281181,2614042,hr,Seyyed Heybatollah
201281258,2614043,hr,Seyyed Hoseyn
201281412,2614045,hr,Seyfabad
201281566,2614047,hr,Seh Chah Gelal
201283029,2614066,hr,Sar Murd
201283337,2614070,hr,Sar Kamar
201283568,2614073,hr,Sar Darreh
201283799,2614076,hr,Salmanvand-e Pa'in
201283953,2614078,hr,Talavar-e Sofla
201284569,2614086,hr,Rudzir
201285031,2614092,hr,Mohammad Kazemi
201285493,2614098,hr,Qal`eh Jelow
201286032,2614105,hr,Mazra`eh-ye Patuf
201286340,2614109,hr,Parvizak
201286571,2614112,hr,Paraha
201286648,2614113,hr,Parah Ardeshir
201286725,2614114,hr,Par Surakh
201287341,2614122,hr,Kal Ordud
201287726,2614127,hr,Nowtargi-ye Gharibi
201288188,2614133,hr,Nokhowdkar
201288573,2614138,hr,Nazildan
201288958,2614143,hr,Muzari
201289574,2614151,hr,Monjafkeh
201289882,2614155,hr,Melleh-ye Ebu ol `Abbas
201291191,2614172,hr,Mirsheykhali
201291345,2614174,hr,Mian Rag
201291422,2614175,hr,čovjek Bisheh
201291807,2614180,hr,Lapu'i-ye Yek
201292500,2614189,hr,Lirsiah-e Shapuri
201293578,2614203,hr,Koli Molk
201293732,2614205,hr,Khong-e Sofla
201293963,2614208,hr,Deh-e Hasan Khun
201294271,2614212,hr,Khalilabad
201294656,2614217,hr,Boneh-ye Karim
201295657,2614230,hr,jwkar
201297890,2614259,hr,Gavileh
201298044,2614261,hr,Gargar
201298352,2614265,hr,Gorg
201298814,2614271,hr,Deh-e Atabak
201299969,2614286,hr,Do Rahi-ye Eslamabad
201300662,2614295,hr,Deh-e Sadat
201301124,2614301,hr,Deh Pahn
201301278,2614303,hr,Deh Now-ye Gelal
201301355,2614304,hr,Deh Now-ye Barez
201302202,2614315,hr,Dashtak
201302818,2614323,hr,Darreh Shur
201303203,2614328,hr,Darreh Kharzahreh
201303434,2614331,hr,Dar Gharib
201303819,2614336,hr,`Arabha
201304358,2614343,hr,Mowngireh
201304820,2614349,hr,`Eyn Korreh
201305128,2614353,hr,Chelbardi
201305282,2614355,hr,Chelisad
201305590,2614359,hr,Cham Dalun
201306129,2614366,hr,Chahgah-e Milas
201306514,2614371,hr,Chaga Parviz
201306591,2614372,hr,Čizandan
201306822,2614375,hr,Boneh-ye Molla Ahmad
201307284,2614381,hr,Beyzi Tak
201307746,2614387,hr,Barreh Deh
201308208,2614393,hr,Bard-e Karkhaneh
201308901,2614402,hr,Bar Aftab-e Zafari
201309671,2614412,hr,Bagh Anar-e Milas
201310826,2614427,hr,anark
201311211,2614432,hr,Ahangari
201311750,2614439,hr,Abeleh-ye `Olya
201311827,2614440,hr,Abow
201311981,2614442,hr,Ab Ti Mahtab
201313136,2614457,hr,'Azizi
201313983,2614468,hr,Nir
201314214,2614471,hr,Jenablu
201314676,2614477,hr,Barmeh Saray
201314984,2614481,hr,Almašin
201316293,2614498,hr,Sang-e Pir
201316370,2614499,hr,Sang-e Pir
201316524,2614501,hr,Rahmanije
201316601,2614502,hr,qwzhdabad
201316832,2614505,hr,Qosun
201316986,2614507,hr,Qaracheh
201317063,2614508,hr,Zowlfarrokh
201317140,2614509,hr,nzam abad
201317448,2614513,hr,Mehrdašt
201317525,2614514,hr,mghan
201317602,2614515,hr,Mozaffarabad
201317910,2614519,hr,Mohammadiyeh
201318295,2614524,hr,Mirabad
201318372,2614525,hr,larhng
201318526,2614527,hr,Gusheh
201318680,2614529,hr,Kohak
201318834,2614531,hr,Homeyn
201318988,2614533,hr,Kharasf
201319142,2614535,hr,Aliabad-e Keshmar
201319296,2614537,hr,Kalavoshk
201320066,2614547,hr,Mazra`eh-ye Kalateh Fulad
201320220,2614549,hr,Jarrahi
201320528,2614553,hr,Haftkhaneh
201321375,2614564,hr,Cheshmeh-ye Soleyman
201321452,2614565,hr,Chehel Qani
201321606,2614567,hr,Chah-e Talkh
201322299,2614576,hr,Bezanjerd
201322376,2614577,hr,Beyzakh
201323762,2614595,hr,Hatiteh
201323839,2614596,hr,`Azizabad
201324147,2614600,hr,`Ali Abadak
201324224,2614601,hr,`Abdolabad
201324301,2614602,hr,`Azimabad
201324917,2614610,hr,Kalateh-ye Sar Ab
201324994,2614611,hr,chnaran
201325379,2614616,hr,Deh Sada
201325610,2614619,hr,Tavalla
201325687,2614620,hr,Tavalla
201325764,2614621,hr,tkmar
201325918,2614623,hr,Garab
201325995,2614624,hr,Shand
201326149,2614626,hr,rzq abad
201326380,2614629,hr,fth abad
201327458,2614643,hr,Kalateh-ye Chah-e Toroq
201328074,2614651,hr,Hajjiabad
201328151,2614652,hr,`Eshratabad
201328690,2614659,hr,Laran
201329691,2614672,hr,Angut
201329999,2614676,hr,Sari Tappeh
201330615,2614684,hr,Qurtolu Qeshlaq
201331231,2614692,hr,haj yman khan
201331308,2614693,hr,Qarah Qeshlaq
201331770,2614699,hr,Larijan-e `Olya
201333156,2614717,hr,bahram kandy
201335004,2614741,hr,`Arablu Kandi
201336313,2614758,hr,Hadži `Alija
201336775,2614764,hr,Quyjayq Bozorg
201337699,2614776,hr,Jelsu'i
201338469,2614786,hr,Nowlu
201338546,2614787,hr,Nowlu
201338777,2614790,hr,Vali Mamili
201339008,2614793,hr,Mohammad Kandi
201339162,2614795,hr,Masjed-e Qushi
201339393,2614798,hr,Mohammadlu
201339624,2614801,hr,Mahbub Kandi
201340548,2614813,hr,Garmi
201340702,2614815,hr,Gedayli
201342319,2614836,hr,Qayah Bashi
201343243,2614848,hr,Qal`eh Guney
201344090,2614859,hr,Qeshlaq-e Moghanlu-ye Baqer Sofla
201345322,2614875,hr,Qeshlaq-e Seyyedlar-e Ma`sum
201345861,2614882,hr,Qeshlaq-e Hoseyn Aqa Narimani
201346169,2614886,hr,Qeshlaq-e Hajji Hashem-e Arshad
201347016,2614897,hr,Qeshlaq-e Hajji Papur
201347247,2614900,hr,Qeshlaq-e Hajji Bakhtiar
201347324,2614901,hr,Hadži Bajandor
201347478,2614903,hr,Qeshlaq-e Musa Khan
201347786,2614907,hr,Qeshlaq-e hadž `Ali Barat
201348171,2614912,hr,Qeshlaq-e Cherteqlu
201348248,2614913,hr,Jiq Jiq
201348325,2614914,hr,Qeshlaq-e Jamshid-e Mehrvarz
201348402,2614915,hr,jda qshlaq
201348941,2614922,hr,Qeshlaq-e Anjirlu
201349095,2614924,hr,Qeshlaq Amir Khanlu-ye Qarah Saqqal
201349788,2614933,hr,Qeshlaq-e Aji Eshmeh-ye Nurahmad
201349942,2614935,hr,Qezel Yal
201352406,2614967,hr,`Alishabad Qeshlaqishabad
201352637,2614970,hr,`Alamli Qeshlaq
201352945,2614974,hr,`Aba Qeshlaqi
201353176,2614977,hr,Lim
201353253,2614978,hr,Tumarlu
201353946,2614987,hr,Sheykhlan-e Pa'in
201355101,2615002,hr,Surutli
201355409,2615006,hr,Soleyman Qeshlaqi
201355563,2615008,hr,Seqin
201355871,2615012,hr,Maqsudlu-ye Bala
201355948,2615013,hr,Aliabad
201356333,2615018,hr,Rostam Kandi
201356641,2615022,hr,Qeshlaq-e Hajji Khanali
201356718,2615023,hr,Dowgi Daraq
201357103,2615028,hr,Damirchi-ye Kharabasi
201357180,2615029,hr,Dalik Yarqan
201357950,2615039,hr,Khan Mohammad
201358027,2615040,hr,Khanlar Qeshlaqi
201358566,2615047,hr,Hoseyn Qeshlaqi
201358874,2615051,hr,Hasan Qeshlaqi-ye Moqaddam
201359413,2615058,hr,Morteza Qeshlaq
201361800,2615089,hr,tblgah
201362416,2615097,hr,Pir Ahmadlu
201363417,2615110,hr,Bastamlu
201364187,2615120,hr,Ba`eshtah
201364803,2615128,hr,Ichi Daraq
201365111,2615132,hr,Usowblu
201365496,2615137,hr,Owtu Kandi
201366959,2615156,hr,Šekarlu Khaleseh
201367036,2615157,hr,Shekarlu Khaleseh
201367344,2615161,hr,Oruj Qeshlaq-e Hajj Esma`il
201367575,2615164,hr,Ahmadlu-ye Pa'in
201367652,2615165,hr,Ebrahimabad-e Ajirlu
201370270,2615199,hr,Yadegarlu
201370578,2615203,hr,Valin Jeq
201371040,2615209,hr,Uzgun
201372041,2615222,hr,Teymurlu
201372118,2615223,hr,Teymurlu
201373581,2615242,hr,Tazeh Kand
201373889,2615246,hr,talb khan
201374428,2615253,hr,Shurjeh-ye Turaghay
201374813,2615258,hr,shykh ahmd
201374890,2615259,hr,Šejh `Osman
201375044,2615261,hr,Sharazul
201375506,2615267,hr,Shabilu-ye `Olya
201376276,2615277,hr,Serej
201376353,2615278,hr,sngan
201377585,2615294,hr,salarabad
201377970,2615299,hr,gospodine
201378355,2615304,hr,Seghayesh
201379972,2615325,hr,Qobadlu
201380203,2615328,hr,qshlaq
201380357,2615330,hr,Qeshlaq-e Chelqa'i
201380742,2615335,hr,Qayehlu
201381358,2615343,hr,Qareh Khezer
201381512,2615345,hr,Qarah Kand-e Musa
201381974,2615351,hr,qrh aghaj
201382513,2615358,hr,qndhar
201382590,2615359,hr,Qandilu
201382898,2615363,hr,Qal`eh Bozorg
201383206,2615367,hr,Qashuqchi
201383283,2615368,hr,Qasemlu
201383514,2615371,hr,Pulyeh
201383822,2615375,hr,par
201384053,2615378,hr,Pir`ali
201384669,2615386,hr,Nebrin
201385054,2615391,hr,nrj abad
201385362,2615395,hr,nansaʾ
201386517,2615410,hr,Meydan Jiq
201386748,2615413,hr,Marangalu-ye Bozorg
201386902,2615415,hr,Mameh Shir
201388057,2615430,hr,Lahijan
201388365,2615434,hr,Kusalar-e Sofla
201388596,2615437,hr,Kurani
201388750,2615439,hr,Kukhalu
201389366,2615447,hr,krd abad
201389443,2615448,hr,Kolvanaq
201389520,2615449,hr,Kolvanaq
201389828,2615453,hr,Khazineh Anbar-e Qadim
201389905,2615454,hr,Khazineh Anbar-e Jadid
201390059,2615456,hr,Khataylu
201390213,2615458,hr,Kharaju
201390290,2615459,hr,khaslw
201390444,2615461,hr,khasban
201390983,2615468,hr,Gelaz
201391137,2615470,hr,Kavsi
201391214,2615471,hr,Kavalaq
201391445,2615474,hr,Kandovan
201391522,2615475,hr,Kandkhan
201391676,2615477,hr,Kalajah
201392292,2615485,hr,Jerqabad
201393524,2615501,hr,Heravan
201393832,2615505,hr,Huri
201393909,2615506,hr,hyran
201394371,2615512,hr,Hesar-e Hajjilar
201394525,2615514,hr,Hasu Kandi
201394910,2615519,hr,Hasan Kandi
201395218,2615523,hr,Hadži `Abdal
201395449,2615526,hr,Hadži Kord
201395680,2615529,hr,Guzi Dagh
201395757,2615530,hr,Guyjehlu-ye Aslan
201395988,2615533,hr,Gug Tappeh-ye Khaleseh
201396065,2615534,hr,Gowy Daraq-e Pa'in
201396296,2615537,hr,Gond-e Vila
201396373,2615538,hr,Gond-e Molla `Isa
201396450,2615539,hr,Gonbad
201396527,2615540,hr,Golmarz-e Sofla
201396604,2615541,hr,glmankhanh
201396758,2615543,hr,Goldanlu
201397682,2615555,hr,grd kashan
201397913,2615558,hr,Garuabad
201397990,2615559,hr,Ganjabad
201399068,2615573,hr,Ekis
201399222,2615575,hr,Dush
201399299,2615576,hr,Dowyran
201399530,2615579,hr,Denkheh
201399684,2615581,hr,Dastjerd
201399915,2615584,hr,Darin Qal`eh
201399992,2615585,hr,Damirchi
201400685,2615594,hr,Dizaj-e Leyli Khani
201400839,2615596,hr,Dizaj-e Fathi
201401147,2615600,hr,Didan-e Sofla
201401301,2615602,hr,Chubankareh
201401686,2615607,hr,chlash
201402148,2615613,hr,Chavan
201402302,2615615,hr,Chahar Barud
201402456,2615617,hr,Chalelu Barlanlu
201402687,2615620,hr,Bulalu
201402995,2615624,hr,Behnaq
201403149,2615626,hr,Beyglu
201403303,2615628,hr,Bardkish
201403534,2615631,hr,Bana'em
201403611,2615632,hr,bhram abad
201403765,2615634,hr,Bajram
201403842,2615635,hr,Bayqut
201404381,2615642,hr,Baran Duz
201404535,2615644,hr,Barani-ye `Ajam
201404689,2615646,hr,Balderlu
201404766,2615647,hr,Badaki
201404843,2615648,hr,Badam Yar
201405151,2615652,hr,bylan
201405228,2615653,hr,Bimzorteh
201405767,2615660,hr,Alin Jaq
201405844,2615661,hr,alkabad
201405998,2615663,hr,Akbarabad
201406075,2615664,hr,Akbarabad
201406229,2615666,hr,Afkhamabad
201406922,2615675,hr,Aq Kand-e Qareh Khezer
201407076,2615677,hr,Aqbolagh-e Fotuhi
201407615,2615684,hr,Aghcheh Dizaj
201409001,2615702,hr,Aliabad
201409463,2615708,hr,`Abbasabad
201409540,2615709,hr,Zovik
201409617,2615710,hr,Yurqunabad-e Sofla
201409694,2615711,hr,Yurqunabad-e `Olya
201410233,2615718,hr,Tarmani
201410618,2615723,hr,Tazeh-ye Sofla
201410926,2615727,hr,Tazeh Kand-e Baba Ganjeh
201411003,2615728,hr,Tazeh Kand-e Afshar
201411157,2615730,hr,Tazeh Kand-e Qasem Khan
201411234,2615731,hr,Tazeh Kand-e Emam
201411619,2615736,hr,Shakur Kandi
201411773,2615738,hr,Shahvaneh
201411850,2615739,hr,shahyn abad
201412081,2615742,hr,Sar Darreh
201412312,2615745,hr,Satelmish-e Mohammadlu
201412466,2615747,hr,Sari Beyglar-e Cheragh
201412620,2615749,hr,Sidak
201413236,2615757,hr,Qotlu
201415161,2615782,hr,Qazanabad
201415238,2615783,hr,Peyrutabad
201415315,2615784,hr,Ozqalu
201415469,2615786,hr,Nakhjavan Tappeh
201416855,2615804,hr,Kani Sorkh
201417856,2615817,hr,Hajjibaghlu
201418549,2615826,hr,Ganji
201418857,2615830,hr,Eslam Tappeh
201419165,2615834,hr,Darghalu
201419319,2615836,hr,Danqarlu
201419858,2615843,hr,Chanaqlu
201420243,2615848,hr,Bozveh
201420320,2615849,hr,Bozveh
201420782,2615855,hr,Baba Kalak
201420936,2615857,hr,angman
201421090,2615859,hr,Aydinlu
201421167,2615860,hr,alqyan
201422399,2615876,hr,kardih pa
201423169,2615886,hr,Jagarag
201423246,2615887,hr,Turzan
201423862,2615895,hr,Rahmatabad
201424709,2615906,hr,Gerdevan
201425094,2615911,hr,lajany
201425248,2615913,hr,Gerdik
201425479,2615916,hr,brasb
201425633,2615918,hr,Zharazhi
201425787,2615920,hr,Lowrzini
201425941,2615922,hr,Nuy
201426326,2615927,hr,Kelasi
201426557,2615930,hr,Razangeh
201426634,2615931,hr,garanh
201426711,2615932,hr,Gerdik Naser
201427327,2615940,hr,Salim Beyg
201427404,2615941,hr,razhan
201427558,2615943,hr,Bardehsur
201428097,2615950,hr,Šamlakan
201428174,2615951,hr,Shamlakan
201428636,2615957,hr,Šejh Šamzin
201428867,2615960,hr,znglan
201428944,2615961,hr,Tuli
201429021,2615962,hr,Chaman
201429175,2615964,hr,Halafaleh
201429483,2615968,hr,Khvoshaku
201429945,2615974,hr,khanqah
201430638,2615983,hr,Kani Guzan
201431023,2615988,hr,Tizkharab
201432178,2616003,hr,Bahlulabad
201433102,2616015,hr,khlyan
201433872,2616025,hr,Sufijski kanun
201433949,2616026,hr,Ravand-e `Olya
201434411,2616032,hr,Rabat
201434873,2616038,hr,Qasrik-e Baradust
201435027,2616040,hr,Gol-e Sheykhan
201435951,2616052,hr,Sinabad
201436721,2616062,hr,Meskin
201436875,2616064,hr,Kureh-ye Bala
201438107,2616080,hr,Jujahi
201438877,2616090,hr,Karikan
201439031,2616092,hr,Guzik
201441110,2616119,hr,zng abad
201441187,2616120,hr,Bolarghu
201442034,2616131,hr,Bend
201442573,2616138,hr,Kani Shamdin
201442727,2616140,hr,chawushan
201442881,2616142,hr,Bastan Qushchi
201442958,2616143,hr,marywakh aqa
201443035,2616144,hr,Nušin
201443112,2616145,hr,Nushin
201443343,2616148,hr,kwtalan
201444190,2616159,hr,armwdaghaj
201444344,2616161,hr,Mehdiabad
201444575,2616164,hr,Kalat-e Barat
201445037,2616170,hr,Chellehdar
201445191,2616172,hr,Pishbar
201445499,2616176,hr,Chah-e Sarsheku
201445730,2616179,hr,Karizan
201446654,2616191,hr,Darenj
201447116,2616197,hr,Sadd
201447886,2616207,hr,Khorramabad
201448502,2616215,hr,Tigh-e Salmahi
201448579,2616216,hr,Tappeh-ye Dogu
201448887,2616220,hr,Eqbaliyeh
201449041,2616222,hr,Tagaband
201450042,2616235,hr,Kalateh-ye Sa`id
201450581,2616242,hr,shahyk
201451043,2616248,hr,Jimabad
201451967,2616260,hr,Rabi`abad-e Tutan
201452429,2616266,hr,Kalateh-ye Ashuri
201452814,2616271,hr,Mahalabad-e Pa'in
201453122,2616275,hr,Kalateh-ye Pa'in
201453430,2616279,hr,Kalat-e Malek
201454200,2616289,hr,Dowrudi
201454508,2616293,hr,Chah-e Khata'i
201454970,2616299,hr,Kalateh-ye Bisheh-ye Pa'in
201455124,2616301,hr,Bidokht
201455201,2616302,hr,Arreh Furg
201455509,2616306,hr,Aliabad
201455586,2616307,hr,Zanjuk
201455663,2616308,hr,Vedadan
201456356,2616317,hr,Mabadi
201457742,2616335,hr,Chovil-e Bala
201457819,2616336,hr,Chik
201458050,2616339,hr,Barak
201458435,2616344,hr,Zadboneh
201458820,2616349,hr,Tag-e Bongian
201459590,2616359,hr,Mezk
201459744,2616361,hr,Manzariyeh
201460052,2616365,hr,Kalat-e Sarhan
201461515,2616384,hr,Gombaj
201463363,2616408,hr,Varzaneh
201463440,2616409,hr,Varzaneh
201463671,2616412,hr,Tarkhuran
201463748,2616413,hr,tayqan
201464056,2616417,hr,Sorkheh Deh
201464518,2616423,hr,abadan
201465596,2616437,hr,qarih dagh
201466058,2616443,hr,Qal`eh-ye sada
201466366,2616447,hr,Ostuj
201466597,2616450,hr,Moshkan
201467752,2616465,hr,krd abad
201467906,2616467,hr,Khosravan-e Bala
201467983,2616468,hr,khlt abad
201468060,2616469,hr,Kharpahlu
201468137,2616470,hr,Kangaran
201468291,2616472,hr,Kamalabad-e Pa'in
201469138,2616483,hr,Harisan
201469754,2616491,hr,gwshkalak
201469831,2616492,hr,Qusheh Khaneh
201470216,2616497,hr,Felurjerd
201470293,2616498,hr,Fešenjan
201470755,2616504,hr,Dudkesh
201470832,2616505,hr,dlaram
201470986,2616507,hr,dalstan
201471063,2616508,hr,Dadamraz
201471833,2616518,hr,Banabar
201472757,2616530,hr,`Abbasabad
201473296,2616537,hr,Qods
201473373,2616538,hr,Qods
201474143,2616548,hr,Mohammadabad-e Eslami
201474451,2616552,hr,Hemmatabad
201474990,2616559,hr,Kaburan
201475221,2616562,hr,`Asgarlu
201475452,2616565,hr,Zerenjin
201478070,2616599,hr,Yeli Bolagh
201479225,2616614,hr,Yaharchi
201479687,2616620,hr,Vali Kandi
201481843,2616648,hr,Tanuri
201482305,2616654,hr,Takanlu-ye `Olya
201483691,2616672,hr,Sughanchi
201483768,2616673,hr,Shurjeh-ye Qasem
201483999,2616676,hr,Shur Del
201484307,2616680,hr,Shokorchi
201484846,2616687,hr,Sher Sher
201486540,2616709,hr,Sonqorabad
201486617,2616710,hr,sndan
201487464,2616721,hr,Sari Qiyeh
201487849,2616726,hr,Talesh Kandi
201489081,2616742,hr,Qushqovan-e `Olya
201489158,2616743,hr,Qushehlar
201489466,2616747,hr,Qurt Qiyeh Si
201489620,2616749,hr,Qorban Kandi
201489851,2616752,hr,qmqan
201490159,2616756,hr,Qul Qesseh
201491006,2616767,hr,Qezel Bolagh
201491468,2616773,hr,Qeshlaq-e Sopurgalu
201491776,2616777,hr,qshlaq
201493932,2616805,hr,qrh aghaj
201495087,2616820,hr,Qarah Dash
201495164,2616821,hr,Qarah Div
201495395,2616824,hr,Qarah `Owrat
201495934,2616831,hr,Qal`eh Qazi
201496011,2616832,hr,Qal`eh Qazi
201497089,2616846,hr,Porsekhlu
201497166,2616847,hr,paralar
201497551,2616852,hr,Pir Qoli
201497705,2616854,hr,Sowma`eh-ye Sofla
201498552,2616865,hr,Urtadaraq
201498783,2616868,hr,Ojaq Kandi
201499707,2616880,hr,nqlan
201499861,2616882,hr,Navluq
201500015,2616884,hr,Narmiq
201500169,2616886,hr,Narab
201500708,2616893,hr,Niaz Kandi
201500862,2616895,hr,Musa Qoli Kandi
201501247,2616900,hr,Molla Jiq
201502171,2616912,hr,Mehmandust
201502325,2616914,hr,Mehdi Khan Kandi
201503788,2616933,hr,Korokchi
201504173,2616938,hr,Kolujeh-ye Ghami
201504250,2616939,hr,Kola
201504712,2616945,hr,Kuhestanak
201504866,2616947,hr,Kohal Bolagh
201505328,2616953,hr,Khorasanak
201505405,2616954,hr,Kheyrabad
201506791,2616972,hr,Kezbin
201508331,2616992,hr,Kahriz
201508485,2616994,hr,kadyjan
201510487,2617020,hr,Gowjeh Qal`eh-ye `Olya
201510641,2617022,hr,Gorahsar-e Sofla
201510718,2617023,hr,Gorah Saz
201511026,2617027,hr,Gonbad
201511257,2617030,hr,Qolqasem
201511334,2617031,hr,Goluran
201511488,2617033,hr,Golujeh-ye Sa`id
201511565,2617034,hr,Golujeh-ye Mohammad Khan
201511796,2617037,hr,Golujeh-ye `Olya
201512643,2617048,hr,Guvar Chinlu
201513798,2617063,hr,Fargush
201514491,2617072,hr,Eshgeh
201514799,2617076,hr,Dowlatabad
201515569,2617086,hr,ashtjran
201515723,2617088,hr,Dash Kasan
201515877,2617090,hr,Crtica Bolagh Bazar
201516493,2617098,hr,Darband
201517340,2617109,hr,Dabardan-e Sofla
201517571,2617112,hr,Dizajn
201518187,2617120,hr,Chuganlu
201518572,2617125,hr,Cherteqlu
201518803,2617128,hr,Čeran
201520189,2617146,hr,bnyad abad
201520266,2617147,hr,Bonyad Kandi
201520343,2617148,hr,blgan
201520497,2617150,hr,Bolfeh Taymur
201522422,2617175,hr,bash blagh
201522499,2617176,hr,Barzeliq
201522576,2617177,hr,Barzaq
201522807,2617180,hr,bargah
201523423,2617188,hr,bjwan
201524039,2617196,hr,Baba Kandi
201524347,2617200,hr,Ayqer Chaman-e Sofla
201525117,2617210,hr,arshtnab
201525194,2617211,hr,Arqun-e Sofla
201525656,2617217,hr,Arbat
201525733,2617218,hr,aqdagh bala
201525887,2617220,hr,Aq Bolagh
201525964,2617221,hr,Aqbolagh-e `Olya
201526965,2617234,hr,Ana Bolaghi
201527042,2617235,hr,Amrollah
201527273,2617238,hr,Aminabad
201527658,2617243,hr,Alučin
201527812,2617245,hr,almachwan
201528043,2617248,hr,Allah Haqq
201529275,2617264,hr,Aghcheh Kohal
201529583,2617268,hr,Afzal
201529660,2617269,hr,abryz
201531893,2617298,hr,`Eyn od Din
201532971,2617312,hr,`Abbasabad
201533664,2617321,hr,Shabdeh
201533972,2617325,hr,Qavi Dalan
201534203,2617328,hr,Qarah Bughar
201534280,2617329,hr,Qaraturaq
201534973,2617338,hr,khwrjstan
201535050,2617339,hr,Kat Bolaghi
201535127,2617340,hr,Guz Guli Dagh
201536282,2617355,hr,Čičakli
201536513,2617358,hr,Batmanqelij-e Bala
201536821,2617362,hr,Arbat Dagh
201537206,2617367,hr,Hammam Darreh
201537822,2617375,hr,Yarbolaghi
201538053,2617378,hr,Soleymanlu
201538592,2617385,hr,Qujur-e Sofla
201538977,2617390,hr,Qarah Owghlanlu
201540209,2617406,hr,Kasalan
201541056,2617417,hr,Chopoqlu
201541287,2617420,hr,bstan abad
201541364,2617421,hr,Bagh Yeri
201541903,2617428,hr,Alequ
201542134,2617431,hr,Hadži Kandi-ye `Olya
201542750,2617439,hr,Zendeh Har
201542981,2617442,hr,Zirchubi
201543058,2617443,hr,Zir Kamareh
201543443,2617448,hr,Yek Jofti
201543597,2617450,hr,Yargoleh
201544136,2617457,hr,Varj
201544444,2617461,hr,Varmahang
201544598,2617463,hr,Venab Kuh
201544675,2617464,hr,Valakehvand
201544906,2617467,hr,Seyfivand
201545599,2617476,hr,Tazehabad
201546292,2617485,hr,Tappeh-ye Esma`il
201547062,2617495,hr,Talkhestan
201547909,2617506,hr,srkal
201548448,2617513,hr,Suleymaniyeh
201548525,2617514,hr,Shurabeh
201549988,2617533,hr,Shahini
201550373,2617538,hr,Shadabad-e Sofla
201550758,2617543,hr,Sranje Kamarzard
201551605,2617554,hr,Seh Chek
201552144,2617561,hr,Sarrud-e Sofla
201552375,2617564,hr,Sarmast
201552452,2617565,hr,Šarkan
201552529,2617566,hr,Sarkan
201552683,2617568,hr,Sardom
201555609,2617606,hr,gospodine Owleh
201556071,2617612,hr,Siah Gol
201556687,2617620,hr,Rostamabad
201556918,2617623,hr,Ruhollah
201557149,2617626,hr,Rahmatabad
201557688,2617633,hr,Rig Ju
201557765,2617634,hr,Quzivand
201558843,2617648,hr,Qoliabad
201558997,2617650,hr,Qezeldarreh
201559382,2617655,hr,qshlaq
201559613,2617658,hr,qshlaq
201559690,2617659,hr,qshlaq
201561923,2617688,hr,Pošt-e Kolan
201562154,2617691,hr,pašabadi
201562231,2617692,hr,Parian
201564079,2617716,hr,Dowleh
201564387,2617720,hr,Nirevand
201564926,2617727,hr,Mushakhan
201566620,2617749,hr,Mesterkhan
201567698,2617763,hr,Mahmudabad
201568006,2617767,hr,Maysurab
201568314,2617771,hr,Mirak-e `Ali Naqi Khani
201568776,2617777,hr,Lown-e Sadat
201570932,2617805,hr,Kalleh Pa
201571471,2617812,hr,khwshyar
201571933,2617818,hr,Khelek
201572241,2617822,hr,khrgab
201572549,2617826,hr,khanm abad
201573011,2617832,hr,Khaneh-ye Khoda
201573088,2617833,hr,Khaneh Beyki
201573396,2617837,hr,Khalenjeh
201573935,2617844,hr,Khaki-ye Sofla
201574474,2617851,hr,kashantw
201574705,2617854,hr,Kashanbeh-ye Chahardangi
201575013,2617858,hr,Kareh Gol
201575860,2617869,hr,Kani Khezran
201576168,2617873,hr,Kani Gasheh
201576630,2617879,hr,Kam Šur
201576861,2617882,hr,Kalkoshavand-e Sofla
201578555,2617904,hr,Kahriz
201578786,2617907,hr,Kahriz
201580711,2617932,hr,jbar abad
201581019,2617936,hr,Ja`farabad
201581327,2617940,hr,Hezar Khani-ye Sofla
201581866,2617947,hr,Halaši
201582020,2617949,hr,Haft Cheshmeh
201582944,2617961,hr,Gorgi Dar
201583637,2617970,hr,Gol Veys-e Sofla
201584484,2617981,hr,Gazaf-e Sofla
201584561,2617982,hr,Gazaf
201585023,2617988,hr,Gavan Ban
201585177,2617990,hr,Gav Panah
201586794,2618011,hr,Gij
201587410,2618019,hr,Eslamiyeh
201588411,2618032,hr,Radite Kushkan
201588565,2618034,hr,Doborji
201588642,2618035,hr,Dowab
201588950,2618039,hr,Deh Kohneh
201590259,2618056,hr,Deh-e Kabud
201590567,2618060,hr,dh bagh
201590798,2618063,hr,Deh A`zam
201590875,2618064,hr,Davudi-ye Sofla
201591106,2618067,hr,Dashteh-ye Sofla
201591337,2618070,hr,darwnd
201591414,2618071,hr,Darvishan-e Kohneh
201591876,2618077,hr,darkhwr
201592107,2618080,hr,Darbesar
201592492,2618085,hr,Daramrud-e `Olya
201592954,2618091,hr,Dar Derafsh-e Ebrahim Beygi
201593262,2618095,hr,Cheqercheh
201593416,2618097,hr,Chogha Zard
201594648,2618113,hr,Choqa Bala-ye Sofla
201595110,2618119,hr,Chub Deraz
201595418,2618123,hr,Cheshmeh-ye Bagh
201595495,2618124,hr,Cheshmeh Sangi
201596265,2618134,hr,Cheshmeh Qarah
201597343,2618148,hr,Cheraghabad
201601116,2618197,hr,Barfabad-e Sofla
201605043,2618248,hr,Alek-e Kohneh
201606583,2618268,hr,A`zamabad
201607276,2618277,hr,Hoseynabad
201607661,2618282,hr,Hojjatabad
201608046,2618287,hr,Hasan Boq`eh
201608508,2618293,hr,Hajjiabad
201608893,2618298,hr,Darakeh
201609740,2618309,hr,`Aliabad-e Kankabud
201610895,2618324,hr,`Abbasabad
201611896,2618337,hr,walywand
201612358,2618343,hr,Sorkheh Lizeh
201613051,2618352,hr,Sharifabad-e Pa'in
201613282,2618355,hr,Shaleh-ye Bala
201613744,2618361,hr,Sefidu
201614360,2618369,hr,Siah Khani
201615284,2618381,hr,Pashmaleh
201615669,2618386,hr,Par Raveh
201616439,2618396,hr,Meymunabad
201616516,2618397,hr,Mejmardan
201616593,2618398,hr,Mehdiabad
201616978,2618403,hr,Qal`eh-ye Shian
201617363,2618408,hr,Koreh
201617902,2618415,hr,Khovand
201618672,2618425,hr,Kamarhavand
201619750,2618439,hr,Gorg Darreh
201619827,2618440,hr,Gur-e Yahud
201620520,2618449,hr,Farza
201621136,2618457,hr,Zangisheh
201621675,2618464,hr,Dar Derafsh-e Seh
201621983,2618468,hr,chuqa
201623446,2618487,hr,Aminabad
201624447,2618500,hr,Zach-e Pa'in
201624755,2618504,hr,Zir
201624986,2618507,hr,Yaruyabad
201625294,2618511,hr,Vanab
201625602,2618515,hr,Tork Mir
201626603,2618528,hr,Shelal-e `Ali
201626680,2618529,hr,Sharafvand
201627065,2618534,hr,shah mar
201627219,2618536,hr,shyrzad abad
201627296,2618537,hr,chal abad
201627912,2618545,hr,Sar Asiabun
201631300,2618589,hr,Nurabad
201632686,2618607,hr,Mahmudabad
201635689,2618646,hr,Jame` Shuran-e `Olya
201636305,2618654,hr,Guyzheh-ye Vosta
201636767,2618660,hr,Gol-e Žard
201637691,2618672,hr,gnd ab
201637845,2618674,hr,fth abad
201638307,2618680,hr,Ebrahim Khani
201638384,2618681,hr,Deyvand
201639000,2618689,hr,Dashteh-ye `Olya
201640001,2618702,hr,Daneh Musa
201640232,2618705,hr,Chogha Maran
201641233,2618718,hr,Cheshmeh Kabud
201641849,2618726,hr,Cham Kabud
201642080,2618729,hr,Gol Zard
201642311,2618732,hr,Chiyeh
201643466,2618747,hr,Azadabad-e Pir Dusti
201644236,2618757,hr,Hoseynabad
201644775,2618764,hr,Hasanabad-e Sofla
201645160,2618769,hr,Hajjiabad
201645314,2618771,hr,`Azizabad
201646546,2618787,hr,Tazehabad-e Majid
201646700,2618789,hr,Tappeh-ye Khargushan
201647162,2618795,hr,Šeš Bid-e Sofla
201648548,2618813,hr,Sarab Bas-e Seyyed 'Ali
201648625,2618814,hr,Šahid Davud Hadian
201649010,2618819,hr,Rezalak
201649318,2618823,hr,Rafi`
201649780,2618829,hr,Qal`eh Gah
201651089,2618846,hr,Morad Khani
201651782,2618855,hr,Mir Mingeh-ye `Olya
201652013,2618858,hr,Mir `Abdoli-ye `Olya
201652244,2618861,hr,Mian Kabud
201652398,2618863,hr,Lemah
201652629,2618866,hr,Kusehha
201652937,2618870,hr,Kalaf Siah
201653014,2618871,hr,klah mal
201653091,2618872,hr,Kolah Jub-e `Olya
201653245,2618874,hr,Kuyaki-ye `Aziz
201653399,2618876,hr,Khatuneh
201654092,2618885,hr,Kalaveh
201654246,2618887,hr,Kabud Jub
201654477,2618890,hr,Kisaleh
201654862,2618895,hr,Hanulan
201655247,2618900,hr,Gura Jub-e Morad Beyg
201656094,2618911,hr,Fuladi-ye `Olya
201656479,2618916,hr,Darakhshandeh
201656941,2618922,hr,Huleh-ye `Olya
201657634,2618931,hr,Choqabur-e Rahman
201658019,2618936,hr,Chenareh-ye Majid
201658327,2618940,hr,Chalani-ye Sofla
201658635,2618944,hr,bwstan abad
201659174,2618951,hr,Bansulab-e Širzad
201659251,2618952,hr,Ban Sulab-e Kalb`ali
201659328,2618953,hr,ban shyrwan
201660791,2618972,hr,Ab Barik
201662023,2618988,hr,Tu Khoshkeh
201662562,2618995,hr,Tahrikeh
201662639,2618996,hr,Suran
201664564,2619021,hr,Qalameh
201665257,2619030,hr,paply
201665873,2619038,hr,Malachiyeh
201666027,2619040,hr,Mulini
201667644,2619061,hr,Katan
201668183,2619068,hr,Kalambar-e Bala
201668953,2619078,hr,Jegarlu
201669261,2619082,hr,Haš
201670185,2619094,hr,Elyasi-ye Mahmud
201670416,2619097,hr,Deh Sorkh
201670801,2619102,hr,Darkeh
201671186,2619107,hr,Dabgeh
201671417,2619110,hr,Bureh
201671494,2619111,hr,Dastak-e Sofla
201672110,2619119,hr,Ban Zardeh
201673958,2619143,hr,Veyleh-ye Melah Rash
201674805,2619154,hr,Tazehabad Heydar Beygi
201676114,2619171,hr,Sukhvor Shahbaz Najafi
201677038,2619183,hr,Al Hasyah
201677115,2619184,hr,Shahmar-e Mirza Morad
201677423,2619188,hr,stapan
201677731,2619192,hr,Sarhal-e Shirazi
201678655,2619204,hr,Qol Qoleh-ye Reyjab
201679194,2619211,hr,Šejh Hasan
201679579,2619216,hr,Puneyeh
201679887,2619220,hr,Nu'el
201679964,2619221,hr,Naveh Fereh
201680503,2619228,hr,Mohammad `Ali Qoregah
201680888,2619233,hr,Meydan-e Tafalli
201682274,2619251,hr,Mian Rud
201683044,2619261,hr,Kolah Deraz-e Javanmir
201683121,2619262,hr,Kolah Deraz-e `Olya
201683660,2619269,hr,Kholeh Kahush-e Sofla
201685046,2619287,hr,Kani Gowhar
201686047,2619300,hr,jwjar
201686278,2619303,hr,Javanrud
201686586,2619307,hr,Jaber-e Sofla
201686894,2619311,hr,Gorazan-e`Olya
201687510,2619319,hr,Garmab-e Azadeh
201687818,2619323,hr,`Alirezavandi
201688896,2619337,hr,Davaleh-ye Bergelah
201689127,2619340,hr,Dasht-e Murt-e Sofla
201689358,2619343,hr,Darvand-e Seh
201689743,2619348,hr,Darreh Yab
201689897,2619350,hr,Dar-e Nilehgar
201690128,2619353,hr,Galapey Dar Balut
201690898,2619363,hr,Cheshmeh Sangin
201691283,2619368,hr,Cheshmeh Murineh
201691976,2619377,hr,Biabad-e Qoba Siah
201692207,2619380,hr,Bardeh Rash-e Sofla
201692746,2619387,hr,Baneh Verdeh
201692900,2619389,hr,Banavajkuh
201693054,2619391,hr,Bani Golan
201694132,2619405,hr,Ayenehvand
201694363,2619408,hr,Hašamar
201695210,2619419,hr,Firuzeh
201695441,2619422,hr,Besharat
201695749,2619426,hr,Yaqul
201695903,2619428,hr,Robat
201696750,2619439,hr,Daghban Mezerj
201697597,2619450,hr,Emamqoli
201697674,2619451,hr,Darungar
201698059,2619456,hr,Yumbolagh
201698367,2619460,hr,Guganlu
201698521,2619462,hr,Golriz
201698906,2619467,hr,Kohneh Qal`eh
201699060,2619469,hr,Kalateh-ye Mohammad Yazdi
201699291,2619472,hr,Kalateh-ye Zal Khan
201699445,2619474,hr,Kalateh-ye Asad Khan
201700754,2619491,hr,`Avaz Mohammad Beyg
201700985,2619494,hr,`Abdollabad
201701062,2619495,hr,Seyyedabad
201701755,2619504,hr,Soltan Zirabeh
201701909,2619506,hr,Sarzow
201702910,2619519,hr,Davodli
201703218,2619523,hr,khsht
201703603,2619528,hr,Hesar
201704296,2619537,hr,chaqqer
201705374,2619551,hr,Pariabad
201705451,2619552,hr,Palkanlu-ye Pa'in
201705990,2619559,hr,Borj
201706683,2619568,hr,aq chshmh
201707068,2619573,hr,Zeyd Kandi
201707222,2619575,hr,Zarrineh Owbatu
201707607,2619580,hr,Zanhar Kandi
201708223,2619588,hr,Yurqol
201708839,2619596,hr,Yasavol
201708916,2619597,hr,Yalaklu
201710071,2619612,hr,Bahram Qal`eh
201710302,2619615,hr,Tup Aghaj
201710379,2619616,hr,Tup Aghaj
201710995,2619624,hr,Taqi Kandi
201711072,2619625,hr,Tappeh-ye Ahmad Shameh
201711149,2619626,hr,Tappeh Qaravol Khaneh
201711534,2619631,hr,Takht
201711688,2619633,hr,Tabrizak
201711765,2619634,hr,Tazehabad
201711919,2619636,hr,tazh qshlaq
201712997,2619650,hr,Sowghanchi
201713151,2619652,hr,Eqbaliyeh
201713305,2619654,hr,Eqbaliyeh
201713536,2619657,hr,shykh jabr
201714075,2619664,hr,Khatmah
201714460,2619669,hr,Seyyed Hoseyn
201714537,2619670,hr,Seyfabad
201714691,2619672,hr,Seh Tapan
201716308,2619693,hr,Safiarkhan
201717232,2619705,hr,Kuzijaq-e Sofla
201718310,2619719,hr,Qowzlu-ye `Olya
201718618,2619723,hr,Qizlar Bolaghi
201718849,2619726,hr,Qezeljeh
201719003,2619728,hr,Qezel Qeshlaq
201719080,2619729,hr,Qezel Qayeh-ye Sofla
201719388,2619733,hr,Qezel Kand-e Pa'in
201719465,2619734,hr,qytas
201719542,2619735,hr,Qatanjoq
201720004,2619741,hr,qshlaq
201720081,2619742,hr,qshlaq
201720158,2619743,hr,Qermezi Bagh
201720235,2619744,hr,Qerekhleq
201720466,2619747,hr,Qatur
201720543,2619748,hr,Katarska crtica
201721467,2619760,hr,Qarah Gol
201722314,2619771,hr,Qarah Aghaj-e `Olya
201722699,2619776,hr,Qara'i
201722930,2619779,hr,Qal`eh-ye Barraftu
201723007,2619780,hr,Qal`eh
201723161,2619782,hr,Qal`eh Gah-e Khalifeh
201723546,2619787,hr,Qal`eh Kohneh
201724624,2619801,hr,Qasabeh
201724778,2619803,hr,qalqanlw
201724932,2619805,hr,Qaderabad
201725240,2619809,hr,Potaklu
201725317,2619810,hr,Pošta Darband
201726087,2619820,hr,Ogul Bejk
201727473,2619838,hr,Mohammadabad
201727627,2619840,hr,Moghanlu
201727935,2619844,hr,Mazra`eh
201728012,2619845,hr,mstan abad
201728397,2619850,hr,Manbar
201728782,2619855,hr,Mahmudabad-e Sofla
201728859,2619856,hr,Mahmudabad
201728936,2619857,hr,Mahmudabad
201729090,2619859,hr,mamalw
201729167,2619860,hr,Mahidar `Olya
201729244,2619861,hr,Madabad
201729398,2619863,hr,Mir Akhowr
201729860,2619869,hr,Kalaklu
201729937,2619870,hr,lylan
201730091,2619872,hr,Lahjebin
201730168,2619873,hr,Kutan-e Sofla
201730861,2619882,hr,Kord Kand
201731246,2619887,hr,Khvajehlar-e Vosta
201731862,2619895,hr,Khazar Chupan
201731939,2619896,hr,Kheyrabad
201732786,2619907,hr,Khaneh Miran
201732863,2619908,hr,Khanik
201733402,2619915,hr,Ghubayrah
201734326,2619927,hr,Kani Sorkh
201735789,2619946,hr,Incheh-ye Sofla
201736174,2619951,hr,Imar
201736251,2619952,hr,Ilu
201737252,2619965,hr,Hasanabad
201737406,2619967,hr,Aq Bolagh-e Hasan Khan
201738638,2619983,hr,Gumeh'i
201739023,2619988,hr,Gondi
201740178,2620003,hr,Gaz Darreh
201741102,2620015,hr,Eslamabad
201741641,2620022,hr,Del Del Bolaghi
201741795,2620024,hr,Degerman Darrehsi
201743181,2620042,hr,Chohreh Tappeh
201743489,2620046,hr,Cheragh Tappeh-ye `Olya
201743643,2620048,hr,Cher Chera
201744490,2620059,hr,Chali Bolagh
201746261,2620082,hr,bashqishlaq
201746338,2620083,hr,bashblaq
201748494,2620111,hr,Ahmad Mardeh
201748725,2620114,hr,Azad Veys-e Sofla
201748802,2620115,hr,Azad Veys-e `Olya
201748956,2620117,hr,Agh Dughmush
201750265,2620134,hr,aqblagh
201750573,2620138,hr,Aluchelu-ye `Olya
201750650,2620139,hr,almalw
201750881,2620142,hr,Alakin
201751266,2620147,hr,Ali
201752267,2620160,hr,`Arapšah
201752806,2620167,hr,`Ali Beyglu-ye Sofla
201753114,2620171,hr,Aliabad
201753807,2620180,hr,smaqan
201754038,2620183,hr,Qovaq-e `Olya
201754269,2620186,hr,Qarah Vali
201756117,2620210,hr,Zarrin Chaqa
201756271,2620212,hr,Zanjireh-ye Sofla
201756425,2620214,hr,Yarijan-e Sofla
201757272,2620225,hr,Tazehabad
201757349,2620226,hr,Tang Kabud
201757580,2620229,hr,Takht Shir
201759120,2620249,hr,Sarab-e Kalan
201759197,2620250,hr,Sara'ilan Sar Qal`eh
201759274,2620251,hr,Taq-e Rezaleh
201759813,2620258,hr,Rezaveys Rezaabad
201760583,2620268,hr,Qazi Khan-e Sofla
201760814,2620271,hr,Pošta Tang
201761122,2620275,hr,Beheštabad
201761430,2620279,hr,Neyduleh-ye Sofla
201761507,2620280,hr,Nesar-e Maleh-ye Maran
201762046,2620287,hr,Meleh Hay-ye Dizgaran
201762123,2620288,hr,Mast`ali
201762739,2620296,hr,Miškar
201763124,2620301,hr,Larini-ye 'Olya
201763201,2620302,hr,Larini-ye 'Olya
201763278,2620303,hr,Lala
201763586,2620307,hr,Kuhnani
201764048,2620313,hr,Khowrdeh Cheshmeh
201764279,2620316,hr,Khub Yaran
201764356,2620317,hr,Khapgah Shi'an
201764433,2620318,hr,Kat Kan
201764587,2620320,hr,Kamar Surakh
201765973,2620338,hr,Gordi
201767513,2620358,hr,Dul Golab
201769746,2620387,hr,Cham Namesht
201770593,2620398,hr,Belavah Tareh-ye Sofla
201771209,2620406,hr,Baqerabad-e Dizgaran
201771286,2620407,hr,Mahalleh-ye Banavaz
201771594,2620411,hr,Badreh Gerd-e Salimi
201771748,2620413,hr,Baba Khvarazm-e Sofla
201771825,2620414,hr,baba bhram
201771902,2620415,hr,aqajan
201771979,2620416,hr,Anjir Darmian
201772056,2620417,hr,Anbarteh
201772672,2620425,hr,`Alimoradkhani-ye Sofla
201772903,2620428,hr,Bazvand Mohammadi
201773134,2620431,hr,Pahleh
201773288,2620433,hr,Zardlal
201773442,2620435,hr,Yarabad
201774212,2620445,hr,Sorkheh
201774674,2620451,hr,Emamzadeh Seyf od Din
201775059,2620456,hr,Sari-ye Kuchek
201775136,2620457,hr,Sar Tang-e Maleh Maran
201775752,2620465,hr,Poshteh-ye Kalleh Sorkh
201776368,2620473,hr,Mohammad Chenar
201776599,2620476,hr,malalyn
201777215,2620484,hr,Khar Mordeh
201778678,2620503,hr,girdab
201778755,2620504,hr,garmyl
201779217,2620510,hr,Darreh Shah Pari
201780603,2620528,hr,baraftab
201781219,2620536,hr,Cham Ruteh
201781758,2620543,hr,Zemgah Sukhteh
201781912,2620545,hr,Zard Aluabad
201782220,2620549,hr,Za`faran
201782374,2620551,hr,Zir-e Zarrin Choqa
201782759,2620556,hr,Yar-e Hoseyn
201783529,2620566,hr,Towhid
201784376,2620577,hr,Tazehabad
201784838,2620583,hr,Tappeh
201784992,2620585,hr,Tang-e Qir
201785146,2620587,hr,Bardmil
201787379,2620616,hr,Qabr Baba
201787533,2620618,hr,Šah Qoliabad
201787610,2620619,hr,Shaghl-e Baharabad
201787995,2620624,hr,Seyyed Saleh
201788688,2620633,hr,Sar Kalak
201788842,2620635,hr,Karuband
201788996,2620637,hr,Tavilehgah-e `Olya
201790459,2620656,hr,sar kulm
201790536,2620657,hr,Sarjub-e Sofla
201791075,2620664,hr,Tatarabad
201791229,2620666,hr,Sadat-e Gandabeh
201791999,2620676,hr,Siah Cheshmeh
201792076,2620677,hr,Siah Cheshmeh
201792153,2620678,hr,Siab Darvish
201792307,2620680,hr,Ruband-e Jolgeh-ye Khalaj
201793000,2620689,hr,Qapqovi
201793231,2620692,hr,Qalandar-e `Olya
201793616,2620697,hr,Cham Sukhteh
201794001,2620702,hr,Pošta Tang-e `Olya
201794309,2620706,hr,Porgoli-ye Sofla
201794771,2620712,hr,Parian Hemmat Beyg
201795079,2620716,hr,Pol Kal
201795387,2620720,hr,Piri
201795772,2620725,hr,Pir `Alidad
201796234,2620731,hr,Khiaran
201796388,2620733,hr,Nam Kul
201796542,2620735,hr,Cheleh Ban
201797081,2620742,hr,Naveh Shiravand
201797158,2620743,hr,Sarnaveh Changizi
201797466,2620747,hr,nadr abad
201797620,2620749,hr,Musombeg
201797697,2620750,hr,Musabad-e Sofla
201797774,2620751,hr,Musaabad-e `Olya
201798082,2620755,hr,mrad abad
201798467,2620760,hr,Chah Shur-e Vosta
201798775,2620764,hr,Pošta Melleh-ye Pa'in
201798852,2620765,hr,Mollabalut
201799006,2620767,hr,Mileh Sorkh-e Sofla
201799237,2620770,hr,Malekabad
201799545,2620774,hr,Mahmudabad
201800469,2620786,hr,Latif
201801855,2620804,hr,Kobardchamar
201802163,2620808,hr,Kheyran Bareh
201802548,2620813,hr,Kharbozeh Dul
201802625,2620814,hr,Mohammad Karim
201802933,2620818,hr,Kalak Bisheh-ye `Olya
201803010,2620819,hr,Kalak Bisheh-ye Sofla
201803087,2620820,hr,Kelak Bisheh-ye `Ali `Abdal
201803703,2620828,hr,kn khak
201803934,2620831,hr,Kamul-e Baba Khani
201804242,2620835,hr,Kalegah
201804550,2620839,hr,Kalat
201806783,2620868,hr,Hashemabad
201807014,2620871,hr,Harafteh
201807091,2620872,hr,Hapelvaneh
201807322,2620875,hr,Gorz-e Langar
201807630,2620879,hr,Gurab-e `Olya
201808015,2620884,hr,Golestan
201809170,2620899,hr,Gerda Kandar
201809786,2620907,hr,Garkhashab
201810017,2620910,hr,prwan
201810556,2620917,hr,Galleh Dar
201810633,2620918,hr,Galleh Dar
201810787,2620920,hr,Gač Kuban
201811634,2620931,hr,Šah Nešin
201813251,2620952,hr,Deh-e Yusefan-e `Olya
201813559,2620956,hr,Daruneh
201813790,2620959,hr,Darreh Rahmaneh
201813867,2620960,hr,Darreh Duzakh
201814175,2620964,hr,Darreh Bagh-e Dovvom
201814406,2620967,hr,Shahzadeh Mohammad
201814714,2620971,hr,darah sirah
201815022,2620975,hr,Derashkaft
201816254,2620991,hr,Karam`ali
201816562,2620995,hr,Cheshmeh Shirin
201816716,2620997,hr,Cheshmeh Pahn
201816793,2620998,hr,Cheshmeh Murineh
201817024,2621001,hr,Cheshmeh Khani
201817101,2621002,hr,Cheshmeh Kabud-e Sofla
201818564,2621021,hr,Charu Gereh
201818641,2621022,hr,chm shhran
201818795,2621024,hr,Cham-e Mir Bak
201818949,2621026,hr,Cham-e Dar Balut
201820181,2621042,hr,Cham Kabud-e Vosta
201820489,2621046,hr,Sartappeh
201820643,2621048,hr,Deylavand-e `Olya
201820951,2621052,hr,Cham Borreh
201821182,2621055,hr,Cheshmeh Anar-e Sofla
201821259,2621056,hr,Cheshmeh Anar-e `Olya
201822106,2621067,hr,Chah Zowlfaqar
201822337,2621070,hr,Chahar Qal`eh-ye Barani
201822491,2621072,hr,chhar ab
201822722,2621075,hr,Chah Qazi
201822799,2621076,hr,Cheshmeh Khamin
201823569,2621086,hr,Bon Pahneh
201823800,2621089,hr,bun baba jan
201824185,2621094,hr,Bareh Šejh `Ali
201824262,2621095,hr,Benarkabud-e Yek
201824339,2621096,hr,Benarkabud-e Seh
201824724,2621101,hr,bsat abad
201825263,2621108,hr,Baradar-e Sofla
201825417,2621110,hr,Barikeh-ye Sofla
201827573,2621138,hr,Anjireh
201827727,2621140,hr,Anbar
201828112,2621145,hr,Ahangaran
201828189,2621146,hr,abzar
201828651,2621152,hr,Hoseynkhan
201829190,2621159,hr,Hadži Besat Bak
201829575,2621164,hr,`Ali Morad-e Mir Akhowr-e Pa'in
201830961,2621182,hr,Khalilan-e Varzal
201831731,2621192,hr,Salkuyeh
201831808,2621193,hr,Qassab Mahalleh
201832270,2621199,hr,Nowsel
201832655,2621204,hr,Mohsenabad
201832886,2621207,hr,Mian Poshteh
201833348,2621213,hr,Koldeh
201833502,2621215,hr,Khanafcheh
201833810,2621219,hr,Hoseynabad
201834657,2621230,hr,Falak Deh
201834965,2621234,hr,Darapšestan
201835119,2621236,hr,Čelak
201835273,2621238,hr,Baqerabad
201836120,2621249,hr,Seda Pošteh
201836351,2621252,hr,Veshal
201836813,2621258,hr,Dialeh Kal
201837891,2621272,hr,Nahalestan-e Lakan
201837968,2621273,hr,Navideh
201838430,2621279,hr,Namak Rudbar
201839585,2621294,hr,Mirak Mahalleh
201839893,2621298,hr,Mian Mahalleh-ye Naser Kiadeh
201840201,2621302,hr,Pahmadan
201840278,2621303,hr,Mian Mahalleh-ye Papiadeh
201840355,2621304,hr,Mian Mahalleh-ye Gafsheh
201840586,2621307,hr,Mehdiabad
201841587,2621320,hr,Mardomkadeh
201843127,2621340,hr,Liarud
201843512,2621345,hr,Lukolajeh
201843589,2621346,hr,Lukh
201843743,2621348,hr,Lalik Sara
201844051,2621352,hr,Lagmuj
201844128,2621353,hr,Lafut-e Bala
201844359,2621356,hr,Lasheh
201844590,2621359,hr,Lasbu Mahalleh
201845822,2621375,hr,Gilakajan
201845899,2621376,hr,Gurandan
201846361,2621382,hr,Gol Sarak-e Saravan
201847208,2621393,hr,Gačehvar
201847362,2621395,hr,Keyvan Poshteh
201847439,2621396,hr,Kisom Juykol
201847824,2621401,hr,Kiasaj Mahalleh
201848902,2621415,hr,Kuri Jan
201849287,2621420,hr,Kujil
201849441,2621422,hr,Landeh Sar-e Pa'in
201849903,2621428,hr,Golshan Taleshan
201850134,2621431,hr,Kola Chah-e Dovvom
201850211,2621432,hr,Kešel Varzal
201850519,2621436,hr,Kash Kalayeh
201851135,2621444,hr,Karbas Sara-ye Pa'in
201851443,2621448,hr,Katekul-e Dafchah
201851520,2621449,hr,Ketshast-e Abadan-e Gukeh
201851905,2621454,hr,Mian Mahalleh-ye Shijan
201852059,2621456,hr,Fatu Poshteh
201852213,2621458,hr,fshtam
201852829,2621466,hr,`Ali Kalayeh
201853214,2621471,hr,`Aliabad-e Rameshayeh
201853599,2621476,hr,Zohrab `Ali Sara
201853753,2621478,hr,Talesh Mahalleh
201853830,2621479,hr,Taleb Sara
201854292,2621485,hr,Sahneh Sara
201855062,2621495,hr,Šejh `Ali Kalayeh
201855139,2621496,hr,Šahmir Sara
201855601,2621502,hr,Šimidim
201855678,2621503,hr,Shams-e Bijar
201856602,2621515,hr,Šah Morad Mahalleh
201856756,2621517,hr,Shadehsar
201857141,2621522,hr,Siah Marzgu
201857218,2621523,hr,syah lat
201858989,2621546,hr,Salim Jaf
201859066,2621547,hr,Solush
201859374,2621551,hr,Salaš
201859836,2621557,hr,Sarmastan
201860760,2621569,hr,Sadat Mahalleh-ye Kushal Shah
201860914,2621571,hr,Sadat Mahalleh-ye Bujabeh
201861068,2621573,hr,Ziaratgah
201862839,2621596,hr,Radar Poshteh-ye Bala
201862993,2621598,hr,Div Darreh
201863609,2621606,hr,Deh Sar
201864225,2621614,hr,Dushab Kandeh
201864533,2621618,hr,Duldim-e Bozorg
201865226,2621627,hr,Darreh Posht
201865842,2621635,hr,Khushal
201865996,2621637,hr,darsazy
201866073,2621638,hr,Khomeyr Mahalleh
201866150,2621639,hr,Khomeyr Mahalleh
201866381,2621642,hr,Khasadan-e Pa'in
201866843,2621648,hr,Khalu Bagh
201867074,2621651,hr,Khajan-e Do Dang
201867767,2621660,hr,Aji Buzayeh
201868075,2621664,hr,Čelak
201868845,2621674,hr,Chanajeh
201869692,2621685,hr,Chalekash-e lat
201870077,2621690,hr,Mahalleh-ye Chaf Jir
201870462,2621695,hr,Jirsar-e Chukam
201871232,2621705,hr,Ju Posht
201871617,2621710,hr,Tuti Parizad
201872002,2621715,hr,Tusaravandan
201872464,2621721,hr,Tamijan
201872926,2621727,hr,Torobgudeh
201873157,2621730,hr,Tazehabad-e Marzian
201873542,2621735,hr,Tazehabad
201873696,2621737,hr,Tazehabad-e Chaf
201873773,2621738,hr,Tazehabad
201874389,2621746,hr,Pir Mahalleh
201874697,2621750,hr,Pahmadan
201875852,2621765,hr,Pa'in Mahalleh-ye Naser Kiadeh
201876006,2621767,hr,Pa'in Mahalleh-ye Rudboneh
201876160,2621769,hr,Pa'in Fudarreh
201876391,2621772,hr,Bili Langeh
201878932,2621805,hr,Bala Mahalleh-ye Leleh Kah
201879163,2621808,hr,Bala Mahalleh-ye Golrudbar
201880241,2621822,hr,Bala Šadeh
201880857,2621830,hr,Baz Qal`eh-ye Malek
201881088,2621833,hr,bazar dh
201881165,2621834,hr,Bargu Sara
201881550,2621839,hr,Angur-e `Alam
201882551,2621852,hr,Esma`il Gavabar-e Pa'in
201883398,2621863,hr,Azhdeha Baluch
201884168,2621873,hr,Aqajani Mahalleh
201884784,2621881,hr,Khanik
201885939,2621896,hr,Khanik
201886016,2621897,hr,Senj-e Bala
201886247,2621900,hr,Kalateh
201886324,2621901,hr,Kalateh
201886555,2621904,hr,Raqqeh
201887017,2621910,hr,Chah-e Shahqoli
201887171,2621912,hr,Chah-e Ghafur
201888326,2621927,hr,Behjerd
201889481,2621942,hr,Sadrabad
201889712,2621945,hr,Varab
201889866,2621947,hr,Kalateh-ye sada
201890174,2621951,hr,Hoseynabad
201890559,2621956,hr,Kheybari
201890944,2621961,hr,Kalateh-ye Mesgarha
201892099,2621976,hr,Soltaniyeh
201892330,2621979,hr,Mazra`eh-ye Darsefid
201893254,2621991,hr,Učinite Chahi-ye `Olya
201894101,2622002,hr,ahmd abad
201894332,2622005,hr,ʿbs abad
201894563,2622008,hr,Saqun-e Pa'in
201894948,2622013,hr,Quzh
201895256,2622017,hr,Khamuj Fakhri
201895872,2622025,hr,Vaq-e Puzeh-ye Rig
201896411,2622032,hr,Šahnešin
201897104,2622041,hr,Meymunu
201897720,2622049,hr,Riab
201897951,2622052,hr,khwrzad
201898336,2622057,hr,Arg-e Qalandar
201899799,2622076,hr,Nakhi `Ali
201901416,2622097,hr,Talkh Abvand
201901493,2622098,hr,Lahnu
201901801,2622102,hr,Kuh-e Qor Sorkh Neyur
201901878,2622103,hr,Qasabeh
201902417,2622110,hr,Karkas Ow
201902725,2622114,hr,Bože
201903649,2622126,hr,Šeštuk
201903726,2622127,hr,Shatt-e Chah-e Seh Rangi
201904650,2622139,hr,Khatumeh
201905035,2622144,hr,Huk
201905189,2622146,hr,Hoseynabad
201905266,2622147,hr,Hasanabad
201905343,2622148,hr,Gostaj
201905882,2622155,hr,chah km
201906036,2622157,hr,Bejhut
201906190,2622159,hr,Baghestan-e Sofla
201906267,2622160,hr,Eslamiyeh
201907345,2622174,hr,Razaviyeh
201907730,2622179,hr,Kharv
201908115,2622184,hr,Gonbatuk
201908192,2622185,hr,Boqchir
201909501,2622202,hr,Saf
201910117,2622210,hr,Kamraniyeh
201910810,2622219,hr,Nur od Din
201910887,2622220,hr,Qom
201910964,2622221,hr,Qal`eh Now-e `Alireza Beyk
201911349,2622226,hr,ʿshq abad
201912350,2622239,hr,`Arababad
201912889,2622246,hr,Jalalabad
201915892,2622285,hr,Buzhabad
201916123,2622288,hr,Yek Lengeh
201916200,2622289,hr,Farmak
201916354,2622291,hr,Khvajeh Bachcheh
201916739,2622296,hr,Firuzeh
201916816,2622297,hr,Taqiabad
201916893,2622298,hr,Bozqujan
201917509,2622306,hr,Gonbadi
201917663,2622308,hr,Andarzi
201917817,2622310,hr,glshn abad
201918279,2622316,hr,Qal`eh-ye `Abbasi
201918895,2622324,hr,fwshan
201918972,2622325,hr,Derangabad
201919203,2622328,hr,Qezel Hesar
201920435,2622344,hr,Tup Derakht
201920666,2622347,hr,Devin
201920743,2622348,hr,Sang-e Siah
201921590,2622359,hr,Sar Asiab
201921975,2622364,hr,Kharv-e Sofla
201922360,2622369,hr,Sakhdar
201922591,2622372,hr,Hajjiabad
201922668,2622373,hr,Daneh Kashefiyeh
201923361,2622382,hr,Elang
201923438,2622383,hr,Tangal-e Shur-e Pa'in
201924208,2622393,hr,Qal`eh-ye Kheyrabad
201924285,2622394,hr,Mahalleh-ye Bazeh Sheykhha
201926056,2622417,hr,kazm abad
201926364,2622421,hr,brzsh abad
201926518,2622423,hr,Akhangun
201927134,2622431,hr,al malq
201927288,2622433,hr,Kalat-e Naderi
201927750,2622439,hr,Sanguni
201928366,2622447,hr,Sakhteman
201928520,2622449,hr,Zarandeh
201928751,2622452,hr,rygan
201929136,2622457,hr,Rahmatabad
201930214,2622471,hr,Dowlatabad
201931292,2622485,hr,Khorrambak
201932139,2622496,hr,Hesar-e Kushk
201932755,2622504,hr,Hoseynabad
201935065,2622534,hr,Jalandeh
201935450,2622539,hr,Taht-e Manzar
201936066,2622547,hr,Benabid
201936913,2622558,hr,Baqeriyeh
201937375,2622564,hr,Owlang-e Amanabad
201937452,2622565,hr,Urtan
201937683,2622568,hr,Aminabad
201938684,2622581,hr,ahmd abad
201938915,2622584,hr,Ebrahimabad
201939146,2622587,hr,Ahangar
201939300,2622589,hr,Hasanabad
201941841,2622622,hr,Mow'asseseh
201942072,2622625,hr,Motor-e Hariri-ye Pa'in
201943304,2622641,hr,Majidabad
201943535,2622644,hr,Lak Lak Ashian
201943843,2622648,hr,Govareshki
201943997,2622650,hr,Hoseynabad-e Gonbad-e Zia
201944536,2622657,hr,gjwan
201945075,2622664,hr,Kamin Geran
201945152,2622665,hr,kmal abad
201945229,2622666,hr,Kolar Khan
201945999,2622676,hr,Kalateh-ye Tolaki
201946461,2622682,hr,Karimabad
201946769,2622686,hr,Kariz-e Sabah
201947154,2622691,hr,Qal`eh Sada
201948155,2622704,hr,Ferdows
201949618,2622723,hr,`Eshqabad-e Kohneh
201949926,2622727,hr,`Abdollahabad
201950003,2622728,hr,`Abdolabad Pa'in
201950542,2622735,hr,Salehabad
201952236,2622757,hr,Mehrdašt
201952852,2622765,hr,Chah Chaheh
201953160,2622769,hr,chah gwd
201953237,2622770,hr,Aq Bolagh
201953314,2622771,hr,abtyn
201955008,2622793,hr,Khar Eshkaft
201955393,2622798,hr,Janilan
201955470,2622799,hr,Gholaman-e Pa'in
201957857,2622830,hr,Tarun-e Sofla
201958935,2622844,hr,Shahrak-e Emam Khomeyni
201959705,2622854,hr,Sar Poleh
201959782,2622855,hr,Sar Margh-e Pa'in
201959859,2622856,hr,Pjevao Kar-e Sofla
201960167,2622860,hr,Rahmatabad
201961938,2622883,hr,Khosrowabad
201962323,2622888,hr,Karimabad
201963401,2622902,hr,Firuraq
201965403,2622928,hr,Cheshmeh Kareh
201965480,2622929,hr,Cheshmeh Bid
201966096,2622937,hr,Bontang
201967636,2622957,hr,`Ali Mohammad Beygi
201967944,2622961,hr,Taq-e Pol
201968945,2622974,hr,Heydarabad-e Saki
201970100,2622989,hr,Vazmestan-e Sofla
201970485,2622994,hr,Tu'ishkeh
201970793,2622998,hr,Teymur Suri-ye Bala
201972872,2623025,hr,Sarab-e Papi
201973103,2623028,hr,Sarab
201973334,2623031,hr,Sarfarash
201973565,2623034,hr,Sar Margh-e Vasat
201973950,2623039,hr,Sabzevar
201974104,2623041,hr,Rikhan-e Yek
201975028,2623053,hr,Qamar`ali
201975413,2623058,hr,Qal`eh-ye Kamohammad Reza
201975567,2623060,hr,Qal`eh Shekar
201976568,2623073,hr,Pizel Kuh
201976799,2623076,hr,pyr jad
201978031,2623092,hr,Nowmaleh-ye `Olya
201979956,2623117,hr,Hatamabad
201980264,2623121,hr,Hoseynabad
201980572,2623125,hr,Kushki
201980880,2623129,hr,Kakareza-ye Vosta
201981342,2623135,hr,glzar
201981419,2623136,hr,Kuleh Vi
201981727,2623140,hr,Rustay-e Fasli-ye Kodivar
201983113,2623158,hr,Kangar Zard
201985038,2623183,hr,Geleh
201986116,2623197,hr,Ebrahimabad
201986270,2623199,hr,Dul Gaz
201986963,2623208,hr,Dehnow
201987656,2623217,hr,Deh-e Kapar
201988888,2623233,hr,Darreh Chenar
201989042,2623235,hr,Deh-e Seyyed
201989119,2623236,hr,chal qla
201989427,2623240,hr,Chogha Bardineh
201991737,2623270,hr,Bagh Da'i-ye Pa'in
201991891,2623272,hr,Badiyeh-ye Do
201991968,2623273,hr,Badiyeh-ye Yek
201992584,2623281,hr,Bar Aftab-e Homeh
201993662,2623295,hr,Amirabad Haq Nadr
201994509,2623306,hr,Viraneh-ye Shah Pasand
201995664,2623321,hr,Nahrestan-e Olvat
201996049,2623326,hr,Kan Qoli Khan
201996357,2623330,hr,chshmh aʿla
201996896,2623337,hr,asd abad
201997666,2623347,hr,Ijdanak
201997743,2623348,hr,Ijdanak
201998128,2623353,hr,Hasan Beyk
201998282,2623355,hr,Golzar-e Bala
201998744,2623361,hr,Zeyar
201998975,2623364,hr,Yatari-ye `Olya
201999283,2623368,hr,Tajareh
202000361,2623382,hr,Qarchak
202000592,2623385,hr,Qal`eh Now-e Jamakaran
202000669,2623386,hr,Pu'inak
202001285,2623394,hr,Mahalleh-ye Mahmudiyeh
202002132,2623405,hr,Ja`farabad-e Jangal
202002671,2623412,hr,Ebrahimabad
202003441,2623422,hr,Aneh
202003672,2623425,hr,`Ala'in
202003826,2623427,hr,Aliabad
202004211,2623432,hr,Istgah-e Yateri
202004519,2623436,hr,Salehieh
202004904,2623441,hr,Hesarak
202005366,2623447,hr,Jusef Reza
202006213,2623458,hr,shahan dsht
202006829,2623466,hr,Khavar Shahr
202006906,2623467,hr,Kheyrabad
202006983,2623468,hr,Jalilabad
202007060,2623469,hr,Golestan
202007137,2623470,hr,Golestan
202007368,2623473,hr,Shahrak-e Emam Hasan
202007599,2623476,hr,Shahrak-e Beheshti
202007676,2623477,hr,Andiše
202008061,2623482,hr,Sefidar
202008138,2623483,hr,Sarvdar-e Bala
202008369,2623486,hr,Sar Ziarat
202008908,2623493,hr,Rasanan
202009447,2623500,hr,Qeshlaq-e Pa'in
202009832,2623505,hr,Qal`eh Chek
202010140,2623509,hr,Qowlfak
202010448,2623513,hr,Naseriyeh
202010679,2623516,hr,Neyak-e Pa'in
202011295,2623524,hr,Mohammadabad
202011449,2623526,hr,Morteza Gerd
202011603,2623528,hr,mahmwdabadi khalaj abad
202012373,2623538,hr,Kuy-e Eram
202012758,2623543,hr,krdzar
202013066,2623547,hr,Kenar Gerd-e Pa'in
202013143,2623548,hr,knar anjam
202013220,2623549,hr,Kand-e Qoli Khan
202013605,2623554,hr,Mahalleh-ye Qandi Shad
202013682,2623555,hr,Kabud Gonbad
202014067,2623560,hr,Hareh
202014221,2623562,hr,Hamadanak
202014529,2623566,hr,Ferdowsiyeh
202014606,2623567,hr,Ferdowsiyeh
202014837,2623570,hr,Eslamabad
202015068,2623573,hr,Davud Maliyeh
202015684,2623581,hr,Bagh-e Pir
202015915,2623584,hr,Badamak
202016300,2623589,hr,Ahmedija
202016608,2623593,hr,Amirabad
202016685,2623594,hr,Alvard
202017147,2623600,hr,Do Balutana
202018610,2623619,hr,Hasanabad-e Vosta
202019226,2623627,hr,Cheshmandegan-e Sofla
202019303,2623628,hr,Hir
202019611,2623632,hr,jwkar
202019765,2623634,hr,Ja`far Qoli
202020227,2623640,hr,Taqiabad
202021690,2623659,hr,Tang-e Shah Jalili
202023923,2623688,hr,Ab Bid
202025309,2623706,hr,Masuleh
202025694,2623711,hr,Nisko 'Nisko'
202025848,2623713,hr,Laveh-ye Pa'in
202026695,2623724,hr,Siavashabad Gerdu
202027311,2623732,hr,Shahrak-e Benat ol Hoda
202027619,2623736,hr,Keseriz
202027927,2623740,hr,Kebeshk-e `Olya
202028312,2623745,hr,Qal`eh-ye Sangar Jalilian
202028697,2623750,hr,Shahrak-e Ney Siyaq
202029390,2623759,hr,Zahrab-e Bala
202029544,2623761,hr,Samsami
202029852,2623765,hr,Shahrak-e Emam Sadeq
202030930,2623779,hr,Sar Qal`eh-ye Zivar
202031854,2623791,hr,Deh-e Gowhar-e Almasi
202032239,2623796,hr,Shahrak-e Emam Hoseyn
202032316,2623797,hr,Anjeh
202035396,2623837,hr,Tahlegi
202036166,2623847,hr,Gol Kushkak
202036628,2623853,hr,Sefiddar
202036936,2623857,hr,Dehnownadeh
202037090,2623859,hr,Karimabad
202037244,2623861,hr,Bahmanabad
202037860,2623869,hr,Gahru
202039169,2623886,hr,Rudbar
202039708,2623893,hr,Aradan
202039785,2623894,hr,Eslamabad
202040170,2623899,hr,Veshtan
202040632,2623905,hr,Ahnaz
202040940,2623909,hr,Jangal
202041094,2623911,hr,Deraseleh
202041171,2623912,hr,Deh-e Valeh
202041248,2623913,hr,Shesh Rudbar
202041556,2623917,hr,Sada Sar
202042018,2623923,hr,`Abbasabad
202042557,2623930,hr,Kangolu
202042634,2623931,hr,Kangolu
202042711,2623932,hr,Barar Deh
202043250,2623939,hr,Haskuh
202044713,2623958,hr,rkn abad
202045175,2623964,hr,Parpa-ye Pa'in
202045868,2623973,hr,syrzar
202046253,2623978,hr,Qalandarabad
202049410,2624019,hr,zhalh
202050334,2624031,hr,Forutaqeh
202050642,2624035,hr,Talkh
202050719,2624036,hr,Takruk-e Pa'in
202051335,2624044,hr,Shurab-e Pa'in
202051797,2624050,hr,Šejh Ebu ol Kasem
202052259,2624056,hr,Eslamabad
202052490,2624059,hr,Shirabad
202052798,2624063,hr,Serisha
202052952,2624065,hr,Senjed Bur
202053029,2624066,hr,Sar Niš
202054492,2624085,hr,rzq abad
202054800,2624089,hr,Quch Palang
202055108,2624093,hr,Qal'eh-ye Kuhi
202056340,2624109,hr,Nuri
202056571,2624112,hr,nwqab
202056802,2624115,hr,Nehesk
202057110,2624119,hr,Narg
202057187,2624120,hr,Mushak
202058650,2624139,hr,lwsh ab
202059035,2624144,hr,Khowresh bar
202059343,2624148,hr,Homeyni Shahr
202060344,2624161,hr,Kalateh-ye Rahman
202060498,2624163,hr,Kalateh-ye Qanbar
202060652,2624165,hr,Kalateh-ye sada
202061807,2624180,hr,Kazhghuneh
202062423,2624188,hr,Jordavi
202062577,2624190,hr,Jamal Deh
202062808,2624193,hr,Kalateh-ye Jabbar
202063347,2624200,hr,Gerd Alu
202063809,2624206,hr,hyat hsar
202063963,2624208,hr,Hasanabad
202064040,2624209,hr,Hasanabad
202069353,2624278,hr,Benhang
202069738,2624283,hr,Varrud
202070200,2624289,hr,Bagh `Abbas
202070662,2624295,hr,Bidestan
202070816,2624297,hr,Asadiyeh
202071201,2624302,hr,Aminabad
202073357,2624330,hr,`Abbasabad
202074204,2624341,hr,Robat-e Pa'in
202074589,2624346,hr,Qanbarabad
202075513,2624358,hr,Kalateh-ye Ne
202075667,2624360,hr,Hadži Redžeb
202075975,2624364,hr,Hasan-e `Aliabad
202077284,2624381,hr,Bardud
202077515,2624384,hr,arghsh
202078131,2624392,hr,Bar
202078593,2624398,hr,Al-Khabil
202080056,2624417,hr,Pufabad
202080364,2624421,hr,damdama
202080749,2624426,hr,Hadišahr
202081057,2624430,hr,Havestin
202081211,2624432,hr,Pir Eshaq
202081442,2624435,hr,nazan
202081750,2624439,hr,mysh abad
202081827,2624440,hr,Nader `Ali
202082135,2624444,hr,Oghlu
202082674,2624451,hr,Dabiri
202083290,2624459,hr,Nosratabad
202083521,2624462,hr,Markid
202083829,2624466,hr,glzar
202083906,2624467,hr,gljar
202085369,2624486,hr,Sivan
202085446,2624487,hr,sangburan
202085754,2624491,hr,Dizaj-e Hatam Khan
202086216,2624497,hr,Hoseynabad
202086293,2624498,hr,Guzi Hadžilar
202086370,2624499,hr,Hadži Ahmad Kandi
202086524,2624501,hr,Jame`-ye Bozorg
202086601,2624502,hr,Tilkari
202086832,2624505,hr,Pir Bala
202086986,2624507,hr,Beyg Darvish
202087063,2624508,hr,babl abad
202087371,2624512,hr,Allah Verdi Kandi
202087525,2624514,hr,Incheh Qeshlaq
202088064,2624521,hr,Shur Ab
202089065,2624534,hr,Mowr Pahn
202090451,2624552,hr,Hemmatabad
202090913,2624558,hr,Gitiabad
202091683,2624568,hr,Deh Chenar
202093762,2624595,hr,Sahrij
202093839,2624596,hr,Taherabad
202094147,2624600,hr,Bahramkhan
202094224,2624601,hr,Hoseynabad
202094301,2624602,hr,Tolombeh-ye Vasilabad
202094378,2624603,hr,Rezaabad
202094763,2624608,hr,Tolombeh-ye Arjomand
202094840,2624609,hr,Tolombeh-ye Arbab`ali
202095071,2624612,hr,Tolombeh-ye Surmandi Yazdiha
202095225,2624614,hr,Sarapardeh
202095302,2624615,hr,Tolombeh-ye Tala'i
202095841,2624622,hr,Karimabad
202096226,2624627,hr,Deh-e Fayyaz
202096611,2624632,hr,Chah-e Ab-e Shahrdari Number Six
202096688,2624633,hr,Chah-e Ab-e Shahrdari broj šest
202098151,2624652,hr,Baviqun
202098228,2624653,hr,Tarakeh-ye `Alavi
202098536,2624657,hr,Damanabad
202098767,2624660,hr,daylar
202098921,2624662,hr,rawasubhan
202100153,2624678,hr,Kavir
202100230,2624679,hr,Minjab-e Jadid
202100307,2624680,hr,Taqi Kandi
202101231,2624692,hr,Sahebski divan
202102078,2624703,hr,Serqin
202102232,2624705,hr,Garangah
202102309,2624706,hr,Khuniq
202103310,2624719,hr,Bohul
202104311,2624732,hr,Kuh Kenar
202105389,2624746,hr,Karam Javan
202105697,2624750,hr,Asnaq
202106236,2624757,hr,Golujeh
202106698,2624763,hr,Gavašin
202106775,2624764,hr,Qurkhowd
202107006,2624767,hr,Sanduqlu
202107083,2624768,hr,Idehlu
202107160,2624769,hr,Derab
202107776,2624777,hr,lay
202108084,2624781,hr,Meymand
202108546,2624787,hr,Qosabeh
202108623,2624788,hr,Hiq
202109701,2624802,hr,lukran
202110163,2624808,hr,Jalayer
202110394,2624811,hr,Lombar
202110471,2624812,hr,Dadeh Beyglu
202111010,2624819,hr,Kahlik Bolagh
202111164,2624821,hr,mazafa
202111549,2624826,hr,Hizan
202111934,2624831,hr,Masjed Salavat
202112704,2624841,hr,Sharafeh
202112781,2624842,hr,damdabaja
202112858,2624843,hr,samanlw
202113397,2624850,hr,Jahanabad
202113628,2624853,hr,Crtica Altu
202114090,2624859,hr,Zaghehlu
202115168,2624873,hr,Shanjur
202116169,2624886,hr,Rajib
202116939,2624896,hr,Qal`eh
202117247,2624900,hr,Panbeh Zaban
202117709,2624906,hr,nw abad
202118633,2624918,hr,Mehrdašt
202119865,2624934,hr,Kollijah
202120019,2624936,hr,Kukaj
202120096,2624937,hr,Khvajeh Kandi
202120789,2624946,hr,Khanabad
202121097,2624950,hr,Khalaj
202121328,2624953,hr,Kalb Hesari
202121636,2624957,hr,Jansha Kahriz
202121867,2624960,hr,Ja`farabad
202121944,2624961,hr,Gostar
202122021,2624962,hr,Gonbadan
202122252,2624965,hr,gwg qash
202122868,2624973,hr,Esma`ilabad
202123869,2624986,hr,Darband
202124485,2624994,hr,Bayekhan
202125024,2625001,hr,aqblagh
202125871,2625012,hr,Hoseynabad
202126410,2625019,hr,`Amu Kandi
202126564,2625021,hr,Aliabad
202127411,2625032,hr,Valiabad
202127642,2625035,hr,Vahdat
202130029,2625066,hr,Shahrak-e Towhid
202130337,2625070,hr,Šarafat
202130568,2625073,hr,Saleh Shahr
202131030,2625079,hr,Shahrak-e Shahid Mohammad Nuri
202131877,2625090,hr,Montazeranin
202133109,2625106,hr,Hamzeh
202139500,2625189,hr,mayaran
202144351,2625252,hr,Gurab-e Sorkh
202145352,2625265,hr,Gavmishabad
202147046,2625287,hr,Eslamabad
202147585,2625294,hr,Dezful
202149279,2625316,hr,Choghamish
202152744,2625361,hr,Bidrubeh-ye Markazi
202159828,2625453,hr,Churzaq
202163370,2625499,hr,`Azizabad
202165603,2625528,hr,Kuhsar
202167836,2625557,hr,Deylamdeh
202170839,2625596,hr,Rineh
202175228,2625653,hr,Bar Pošta
202176383,2625668,hr,Davan
202176999,2625676,hr,Lisar
202177153,2625678,hr,Amir Beyglu
202177307,2625680,hr,Dirakari Mahalleh
202177538,2625683,hr,Qoruq
202177615,2625684,hr,Qoruq
202178154,2625691,hr,Rostam Mahalleh
202178308,2625693,hr,Qandi Sara
202181619,2625736,hr,Owlom
202181696,2625737,hr,Owlom
202181927,2625740,hr,Bitam
202182774,2625751,hr,Mileh Sara
202189319,2625836,hr,Ahmad Sar Gurab
202192938,2625883,hr,Mirajin
202197481,2625942,hr,farab
202198174,2625951,hr,Lakandasht
202200407,2625980,hr,Kuraim
202202101,2626002,hr,Makesh
202204411,2626032,hr,qrh aghaj
202206105,2626054,hr,Vanistan
202206259,2626056,hr,Viznah
202207799,2626076,hr,Solut
202209031,2626092,hr,Seyyed Mahalleh
202210263,2626108,hr,Sij
202210340,2626109,hr,Sij
202210802,2626115,hr,Raz
202211187,2626120,hr,Rik
202213266,2626147,hr,Qurlu
202213497,2626150,hr,Objavi Kandi
202214267,2626160,hr,Omidcheh
202215268,2626173,hr,Moshend
202217193,2626198,hr,Loveh Chal
202217347,2626200,hr,Lengeh Biz
202217809,2626206,hr,Li Sara
202218348,2626213,hr,Kolosh
202219965,2626234,hr,Keriq
202220119,2626236,hr,Kola Sar
202221659,2626256,hr,Kuhestan
202221813,2626258,hr,Kuhestan
202222044,2626261,hr,Jeyd
202222814,2626271,hr,Hellah Dommah
202223430,2626279,hr,Kolalu
202224585,2626294,hr,Il Kovil
202226510,2626319,hr,Chalak
202227049,2626326,hr,Beris
202227588,2626333,hr,Bakhsh-e Hayati
202228512,2626345,hr,Bijarehbin
202228743,2626348,hr,Babalu
202229513,2626358,hr,Palasi
202230283,2626368,hr,Owtar
202230514,2626371,hr,Haviq
202230745,2626374,hr,Owranj
202230822,2626375,hr,Arallu
202230899,2626376,hr,Iril
202232362,2626395,hr,Inanlu
202232978,2626403,hr,Aladizgeh
202234287,2626420,hr,Sayyadlar-e Khanbolaghi
202234672,2626425,hr,'Alikaran
202235596,2626437,hr,Hur
202235904,2626441,hr,Vaneh Bin
202236135,2626444,hr,Zengir
202236212,2626445,hr,Zahra
202241756,2626517,hr,Parchin-e Bala
202243604,2626541,hr,Kord Lar
202243835,2626544,hr,Khan Bolaghi
202247223,2626588,hr,Amrahlu
202249225,2626614,hr,Yunaki
202252690,2626659,hr,Mian Talan
202266473,2626838,hr,Yesaqi
202269553,2626878,hr,Qarah Qashli
202270477,2626890,hr,'Abirabad
202271170,2626899,hr,Shur Hayat
202271863,2626908,hr,Sarkhonkalateh
202275328,2626953,hr,barkla
202278177,2626990,hr,kndab
202281796,2627037,hr,Charqoli
202283875,2627064,hr,Jelin
202285261,2627082,hr,Sangdevin
202287879,2627116,hr,mghan
202288957,2627130,hr,Kalateh-ye Molla
202289496,2627137,hr,Qods
202289727,2627140,hr,Qahej-e `Olya
202290728,2627153,hr,Aq Qayeh
202292884,2627181,hr,Tamer-e Qarah Quzi
202299198,2627263,hr,Bagheh-ye Sheykh Musa
202299737,2627270,hr,Alqajar
202300507,2627280,hr,Gomišan
202302586,2627307,hr,Khivali
202302740,2627309,hr,Kord
202310902,2627415,hr,Zaviyeh-e Hasan Khan
202314675,2627464,hr,srabdal
202318371,2627512,hr,Buyla Push
202318448,2627513,hr,Buyla Push
202321528,2627553,hr,Kaluš
202323145,2627574,hr,Kani Sefid
202328381,2627642,hr,Chakmeh Zar
202328843,2627648,hr,Bozguš
202329151,2627652,hr,Bastakabad
202330460,2627669,hr,Baghcheh Jik
202331692,2627685,hr,Samad Yurdi
202332077,2627690,hr,akhth khanh
202332308,2627693,hr,Ajvaj
202332616,2627697,hr,Aghdaraq
202341394,2627811,hr,Pish Qal`eh
202343858,2627843,hr,Kalateh-ye Sadatabad
202348940,2627909,hr,Bidvaz
202350634,2627931,hr,Zazzeh
202352097,2627950,hr,Kalat
202352405,2627954,hr,Jabrani
202352713,2627958,hr,Faramarzi
202352790,2627959,hr,Faramarzi
202353637,2627970,hr,Ab Garmak
202354792,2627985,hr,Pir Saqqa
202355331,2627992,hr,Qareh Qush
202357487,2628020,hr,Pa'in-e Bazar-e Rudbar
202357872,2628025,hr,Zachkan
202359720,2628049,hr,Qal'eh-ye Hoseyniyeh
202359797,2628050,hr,Qal'eh-ye Hoseyniyeh
202361491,2628072,hr,Juben
202363339,2628096,hr,Sada Kand
202363416,2628097,hr,Sada Kand
202363801,2628102,hr,Mehr Chin
202364109,2628106,hr,Markaz-e Khakshenasi va Haselkhizi-ye Khak
202365418,2628123,hr,Mohammadabad-e Afshar
202366034,2628131,hr,Kargalin
202366188,2628133,hr,Kahak-e Bala
202367574,2628151,hr,Qal`eh-ye Ahmad Beyg
202368498,2628163,hr,Kamalshahr
202368729,2628166,hr,qbchaq
202369191,2628172,hr,Qasabeh
202370577,2628190,hr,Shahrak-e Mohandesi-ye Zera'i
202372271,2628212,hr,Soleyman
202372579,2628216,hr,srkhab
202372810,2628219,hr,Ramandeh
202372964,2628221,hr,Rezaabad-e Sufian
202373272,2628225,hr,Dowlatabad
202373349,2628226,hr,Dangizak
202374812,2628245,hr,chhar bagh
202375659,2628256,hr,ahmd abad
202376275,2628264,hr,Mohammad Shahr
202376891,2628272,hr,Eqbaliyeh
202377353,2628278,hr,Aznaq
202377661,2628282,hr,aghchh hsar
202377738,2628283,hr,Aran
202377815,2628284,hr,Ara
202378200,2628289,hr,Ebrahim Bejgi
202379817,2628310,hr,Moslemabad
202380125,2628314,hr,Hoseynabad
202380510,2628319,hr,Zamar
202380972,2628325,hr,'Abbasabad-e Bozorg
202381434,2628331,hr,Namaklan
202381819,2628336,hr,Eyqer Bolagh
202382050,2628339,hr,Yazan
202382127,2628340,hr,Yazan
202382204,2628341,hr,Qasemabad-e Bozorg
202383128,2628353,hr,Shendeh
202383359,2628356,hr,ožujak
202384591,2628372,hr,Sonqorabad
202385361,2628382,hr,Rundeh
202388287,2628420,hr,qshlaq
202388364,2628421,hr,Esfandabad
202388518,2628423,hr,Yusefabad-e Qavam
202389365,2628434,hr,`Ali Bayat
202390135,2628444,hr,Yabarak
202390674,2628451,hr,Irajabad
202391752,2628465,hr,Pošta Qal`eh
202393369,2628486,hr,Mazhin
202401300,2628589,hr,Sahayyem
202403456,2628617,hr,Nezeheh
202409539,2628696,hr,Khowrshid
202428327,2628940,hr,Dargaz
202430098,2628963,hr,Hamzeh'i
202441032,2629105,hr,Kuh-e Mobarak
202441417,2629110,hr,Kuh-e Mobarak
202441725,2629114,hr,Khowshki Zu
202442187,2629120,hr,gzdan
202447346,2629187,hr,Taherabad
202456124,2629301,hr,Bid Zanan
202456509,2629306,hr,Allahabad
202458819,2629336,hr,Reshku'iyeh
202459358,2629343,hr,pandar
202460128,2629353,hr,Khowrmiz-e Sofla
202460590,2629359,hr,Hanza
202462669,2629386,hr,Tall-e Gav
202463131,2629392,hr,Talkhabad
202463439,2629396,hr,Šarenjan
202463901,2629402,hr,Sarbast
202465903,2629428,hr,Nasirabad
202467905,2629454,hr,Khobreh
202468444,2629461,hr,Kaman Keshi
202468829,2629466,hr,jmal abad
202470677,2629490,hr,Shabankareh
202472756,2629517,hr,Ivar
202473603,2629528,hr,Ab Sepah
202474219,2629536,hr,Kheyrabad
202480225,2629614,hr,Kavar
202497088,2629833,hr,Jahangiri-ye `Olya
202517647,2630100,hr,Tol Siah
202519033,2630118,hr,Gurak Khish Eskan va Jamal
202524115,2630184,hr,Shahrak-e Taleqani
202524346,2630187,hr,Shahrak-e Emam
202525039,2630196,hr,Seyyed Safi
202526656,2630217,hr,Qal`eh Madreseh
202528196,2630237,hr,Mozaffari-ye Shomali
202528735,2630244,hr,Masiri
202530968,2630273,hr,bagh ʿmran
202531276,2630277,hr,Darreh `Abbas
202532970,2630299,hr,Shahrak-e Gowd Band-e Posht Gach
202577399,2630876,hr,sngan
202585561,2630982,hr,Mangan
202591182,2631055,hr,Qal`eh Ra'isi
202598728,2631153,hr,Emamzadeh Darb Ahani
202601885,2631194,hr,Hajjiabad
202602963,2631208,hr,Ab Sepah
202611125,2631314,hr,Sheybani
202615668,2631373,hr,Hoseynabad
202619980,2631429,hr,Ab Barik
202621366,2631447,hr,Tall-e Siah
202626294,2631511,hr,Darmortu'iyeh
202631222,2631575,hr,Chil
202634071,2631612,hr,Chalow Gohreh
202639923,2631688,hr,Sarmast
202645544,2631761,hr,Marz
202649009,2631806,hr,Jushki
202660174,2631951,hr,mgh chngan
202662022,2631975,hr,Gabrani
202666103,2632028,hr,Patakhteh
202671339,2632096,hr,Eslamabad
202671416,2632097,hr,Emam Shahr
202674111,2632132,hr,Jarmosht-e Bala
202676575,2632164,hr,abadh
202681349,2632226,hr,Rufnan
202682735,2632244,hr,Hir
202686046,2632287,hr,Zahru'iyeh-e Raviz
202696133,2632418,hr,Bakht Sefid
202696903,2632428,hr,Aminabad
202697365,2632434,hr,Zohan
202697596,2632437,hr,Jasudž
202706451,2632552,hr,Tičifil
202718617,2632710,hr,qasabih
202725085,2632794,hr,Ney Ahmad Beyk
202738560,2632969,hr,kasarih
202744027,2633040,hr,Mahalleh-ye Jan Barazun
202746876,2633077,hr,Hajjiabad
202762045,2633274,hr,Chofel
202764894,2633311,hr,Bazar Jom'eh-ye Shanderman
202766511,2633332,hr,Bahluri
202766588,2633333,hr,Bagh-e Viskaneh
202766665,2633334,hr,baghi shah
202766819,2633336,hr,baghi shah
202766896,2633337,hr,Bagh-e Seyr
202767050,2633339,hr,Bagh-e Qazdinu
202768051,2633352,hr,Bagh Dasht
202769129,2633366,hr,Asbu
202769668,2633373,hr,Arjanu
202772209,2633406,hr,`Abbasabad-e Qusheh
202772825,2633414,hr,Aba-Kurban
202772902,2633415,hr,qalʿat charny
202774211,2633432,hr,Tameh
202774827,2633440,hr,Tang-e Eram
202775905,2633454,hr,taqank
202775982,2633455,hr,Azadšahr
202776213,2633458,hr,Piri Jad
202776367,2633460,hr,Motrafeh
202777368,2633473,hr,Kalateh-ye Garmab-e Bala
202777522,2633475,hr,Bizakh
202777599,2633476,hr,Behdasht
202777830,2633479,hr,Bandar-e Tang
202778061,2633482,hr,Zavini-ye Pa'in
202778138,2633483,hr,Zavini-ye Pa'in
202778292,2633485,hr,Zurantel
202779909,2633506,hr,Zoviyeh-ye Do
202780294,2633511,hr,Zovayyed
202780679,2633516,hr,Zonuz
202781372,2633525,hr,Zobeydi
202781834,2633531,hr,Ziveh Dar
202784298,2633563,hr,Rizab
202784683,2633568,hr,Zinatlu
202784991,2633572,hr,Zibad
202785068,2633573,hr,Zibad
202785222,2633575,hr,Ziar
202785376,2633577,hr,Ziarat
202785453,2633578,hr,Ziaratgah
202785530,2633579,hr,zrdgah
202785838,2633583,hr,Divan Morad-e `Olya
202786377,2633590,hr,Ziarat
202787301,2633602,hr,Ziarat
202787378,2633603,hr,Ziaran
202787609,2633606,hr,Zeyabar
202787763,2633608,hr,Zia'abad
202789534,2633631,hr,Zeynabad
202789688,2633633,hr,Zeynabad
202790689,2633646,hr,Pahleh
202790766,2633647,hr,Pahleh
202792075,2633664,hr,Zehkalut
202792306,2633667,hr,Zijerd
202792614,2633671,hr,zaygan
202792845,2633674,hr,Zaviyeh
202793538,2633683,hr,Zavat-e Sharq
202793615,2633684,hr,Zavarian
202793846,2633687,hr,Zavareh
202793923,2633688,hr,Zavarqan
202794154,2633691,hr,Zavniq
202794231,2633692,hr,Zavali
202794385,2633694,hr,Zarzar
202795617,2633710,hr,Zarrineh-ye Varmazyar
202795925,2633714,hr,Zarrinabad
202796079,2633716,hr,Zarrinabad
202797003,2633728,hr,Zarnukh
202797080,2633729,hr,Zarni
202797234,2633731,hr,Zarneh
202797311,2633732,hr,Zarnaq
202797465,2633734,hr,Zarnan-e Bala
202798543,2633748,hr,zrjan
202799159,2633756,hr,Zarqa'in
202799852,2633765,hr,zrqan
202800622,2633775,hr,Zard Fahreh
202800699,2633776,hr,Zardkhaneh
202801469,2633786,hr,Zardab-e Mohebb
202801931,2633792,hr,zarch
202802239,2633796,hr,Zarangush
202802393,2633798,hr,Zarand
202802470,2633799,hr,Zarand
202803702,2633815,hr,Zanjireh-ye 'Olya
202804010,2633819,hr,Zandžan
202804164,2633821,hr,Zanhi
202804549,2633826,hr,Zangiabad
202805088,2633833,hr,Zangeneh
202805319,2633836,hr,zngard
202805627,2633840,hr,zng abad
202805781,2633842,hr,zandijski
202806551,2633852,hr,Zamin-e Molla
202807013,2633858,hr,Jamunjan
202807629,2633866,hr,zman abad
202809785,2633894,hr,Zakan
202810247,2633900,hr,Zeyl
202811094,2633911,hr,Zahedšir
202811171,2633912,hr,Zahed Shahr
202811787,2633920,hr,Zagheh-ye `Olya
202812711,2633932,hr,Zafarqand
202812788,2633933,hr,Za`faraniyeh
202813481,2633942,hr,Za'er Hoseyn
202813943,2633948,hr,Ahmad Ebn el Hasan
202814405,2633954,hr,Yuz Bashi
202814559,2633956,hr,Kabud Gonbad
202815714,2633971,hr,Yusefabad
202816022,2633975,hr,Juš
202816484,2633981,hr,Yunesabad
202816561,2633982,hr,Yunes
202816715,2633984,hr,Yunesi
202816792,2633985,hr,Yuneki
202817639,2633996,hr,Yoheysheh
202817716,2633997,hr,Yuqan Borj
202818332,2634005,hr,Yengi Kand-e Seyyedlar
202818640,2634009,hr,Yangeh Kand
202819564,2634021,hr,Yengejeh
202819641,2634022,hr,Yengejeh
202820642,2634035,hr,Yekkeh Quz-e `Olya
202821181,2634042,hr,Yek Borji
202821489,2634046,hr,Yeganeh
202821720,2634049,hr,Yari Kandi
202821951,2634052,hr,Yazdrud
202822567,2634060,hr,Jazd
202823645,2634074,hr,Yaseh Chah
202823722,2634075,hr,Yaseh Chah
202824954,2634091,hr,yarnd
202825262,2634095,hr,Yariabad
202825339,2634096,hr,Yarabad
202826186,2634107,hr,Yengi Emam
202826263,2634108,hr,Yengi Emam
202827187,2634120,hr,Yamchi
202827572,2634125,hr,Payam
202827726,2634127,hr,yalrwd
202827803,2634128,hr,yalqwz aghaj
202827957,2634130,hr,ylqwz aghaj
202828342,2634135,hr,yl abad
202828419,2634136,hr,yl abad
202828496,2634137,hr,Yekeh Bakh-e Pa'in
202829882,2634155,hr,Vozara Mahalleh
202830652,2634165,hr,Vizheh
202830960,2634169,hr,Veyar
202831191,2634172,hr,wyst
202832731,2634192,hr,Vidar
202832885,2634194,hr,wyan
202833501,2634202,hr,Vasian
202833578,2634203,hr,Vasian
202833809,2634206,hr,Veys
202834656,2634217,hr,Veresk
202834810,2634219,hr,Vanush
202835349,2634226,hr,Valisdeh
202835888,2634233,hr,Vazvan
202836042,2634235,hr,Važna
202837120,2634249,hr,Vayqan
202837197,2634250,hr,Vayqan
202837659,2634256,hr,Vasmaq
202838891,2634272,hr,Vasaj
202839122,2634275,hr,Varazqan
202839353,2634278,hr,Varzaneh
202840200,2634289,hr,Varpa-ye `Olya
202840816,2634297,hr,Varkash
202840970,2634299,hr,Varkbar
202841355,2634304,hr,Varjavi
202841509,2634306,hr,Varzag
202841663,2634308,hr,Var-e `Olya
202842356,2634317,hr,Fardis
202842587,2634320,hr,Vardeh
202842664,2634321,hr,Vardeh
202843203,2634328,hr,Vardanjan
202843665,2634334,hr,Varzaq
202843896,2634337,hr,Varavi
202844204,2634341,hr,Varan
202844281,2634342,hr,Varamin
202844512,2634345,hr,Varaki
202844743,2634348,hr,Varak
202845667,2634360,hr,Vangin
202846129,2634366,hr,Vana
202846899,2634376,hr,Vanak
202846976,2634377,hr,Vanak
202847053,2634378,hr,Venajem
202847284,2634381,hr,Kombi
202847669,2634386,hr,Valuja
202848285,2634394,hr,Bineh
202848439,2634396,hr,Valiabad
202849209,2634406,hr,Valiabad
202851596,2634437,hr,Vajargah
202851750,2634439,hr,Vahanabad
202852212,2634445,hr,Vafs
202854676,2634477,hr,Owjqar-e Sofla
202854753,2634478,hr,Yeylaq-e Arpa Yeri
202856139,2634496,hr,Tuyserkan
202857140,2634509,hr,Tutkabon
202857371,2634512,hr,Tuteh Chay
202858372,2634525,hr,Tuskin
202858834,2634531,hr,Torp
202859296,2634537,hr,Turan Posht
202859373,2634538,hr,Turan Posht
202859912,2634545,hr,Tupkanlu
202860220,2634549,hr,Tup Aghaj
202860451,2634552,hr,Tomgaran
202860528,2634553,hr,Tomban Rahi
202860913,2634558,hr,Tali
202861067,2634560,hr,Tukur
202861606,2634567,hr,Tuchah Falavand
202861760,2634569,hr,twgah
202862222,2634575,hr,Tudeshg
202862453,2634578,hr,Tudeh Bin
202864455,2634604,hr,Towlash
202866380,2634629,hr,Torqabeh
202866688,2634633,hr,Toroq
202867381,2634642,hr,Torkaman
202867535,2634644,hr,trk abad
202868074,2634651,hr,Torak Tappeh
202868151,2634652,hr,Toraq Tappeh
202868459,2634656,hr,Tonekabon
202868921,2634662,hr,Tombot-e Bala
202869306,2634667,hr,tumbak
202869691,2634672,hr,Tolombeh-ye Mohammad `Ali
202870076,2634677,hr,Tol-e Siah
202871924,2634701,hr,Tokhmaqlu
202872155,2634704,hr,Tokam
202872848,2634713,hr,Tizak
202873541,2634722,hr,Tirur
202873772,2634725,hr,Tirmort
202874850,2634739,hr,tyr afjan
202875158,2634743,hr,Tinun
202875697,2634750,hr,tm chal
202876005,2634754,hr,Til
202876159,2634756,hr,tkmh dash
202876544,2634761,hr,Tatiganlu
202877083,2634768,hr,Tighdar
202877160,2634769,hr,tygab
202877699,2634776,hr,Bandar-e Tiab
202877776,2634777,hr,Terzejan
202878007,2634780,hr,Tazraj
202878700,2634789,hr,Teshniz
202879470,2634799,hr,Telli
202879624,2634801,hr,Teliab
202880086,2634807,hr,tkmh dash
202880394,2634811,hr,Teheran
202880471,2634812,hr,Tefli
202880548,2634813,hr,Tefin
202880702,2634815,hr,Bandar-e Teben
202880856,2634817,hr,Tazian-e Pa'in
202881472,2634825,hr,Tazeh Kand-e Masqaran
202883628,2634853,hr,Tazehabad-e Baharestan
202884398,2634863,hr,Tazarkosh
202885168,2634873,hr,Tovir
202885784,2634881,hr,Tavilan
202885861,2634882,hr,Tavilan
202886092,2634885,hr,Taveh Sefid
202887478,2634903,hr,Tatar-e `Olya
202887786,2634907,hr,Tasuj
202887940,2634909,hr,Tasuj
202888017,2634910,hr,Tas Tappeh
202888402,2634915,hr,Tešnavi
202888710,2634919,hr,abadh tshk
202888787,2634920,hr,Taš-e Sofla
202889018,2634923,hr,Tashar
202889095,2634924,hr,tshan
202890250,2634939,hr,Tarvizak
202891020,2634949,hr,Torpaq Tappeh
202891097,2634950,hr,Torpaq Tappeh
202891636,2634957,hr,trlan
202892021,2634962,hr,Tark
202892098,2634963,hr,Tark
202892252,2634965,hr,Terj
202892329,2634966,hr,Tarizabad
202892868,2634973,hr,Tareh
202893022,2634975,hr,Tarbor-e Sadat
202893253,2634978,hr,Tarazuj
202893561,2634982,hr,Taraz-e Nahid
202893792,2634985,hr,kukolj
202896256,2635017,hr,Taqiabad
202896641,2635022,hr,Taqandik
202898181,2635042,hr,Tappeh Dar
202898874,2635051,hr,Tankaman
202898951,2635052,hr,Tanjur
202899567,2635060,hr,Tang-e Quchan
202900183,2635068,hr,Tavakkolabad
202900722,2635075,hr,Hashtpar
202900953,2635078,hr,Talem Seh Shanbeh
202901338,2635083,hr,Taleh Gerd
202901877,2635090,hr,talb‌abad
202902416,2635097,hr,Rusta-ye Tall Bahi
202902724,2635101,hr,Tala Tappeh
202903263,2635108,hr,tl abad
202903494,2635111,hr,Takyeh
202904110,2635119,hr,Taksiseh
202904803,2635128,hr,Takht-e Sofla
202904880,2635129,hr,Takht-e Sofla
202906035,2635144,hr,takstan
202906574,2635151,hr,takam
202906728,2635153,hr,Takab
202906882,2635155,hr,Tajriš
202907498,2635163,hr,Tajan
202907960,2635169,hr,Tajareh
202908345,2635174,hr,Tajar `Alavi
202909115,2635184,hr,Herat
202909962,2635195,hr,Taht-e Mahal
202910270,2635199,hr,Zirtang Tarikeh
202910886,2635207,hr,Taher Gurab
202910963,2635208,hr,Tahereh Khatun
202911040,2635209,hr,Tahereh Khatun
202912272,2635225,hr,Taft
202912426,2635227,hr,Tafresh
202912888,2635233,hr,Tabriz
202913119,2635236,hr,Tabl
202913350,2635239,hr,Tabas
202913427,2635240,hr,Tabas
202914659,2635256,hr,Suza
202915429,2635266,hr,Susahab
202915891,2635272,hr,Surmaq
202916353,2635278,hr,Surian
202916430,2635279,hr,Sevarin
202916584,2635281,hr,Sureshjan
202916661,2635282,hr,Sureshjan
202916815,2635284,hr,Suzani-ye Sofla
202917046,2635287,hr,Sura Pošt
202917431,2635292,hr,Suravjin
202917585,2635294,hr,Suran
202917893,2635298,hr,Surak
202917970,2635299,hr,Surak
202918740,2635309,hr,Suq
202919125,2635314,hr,Sumar
202919510,2635319,hr,Suli Daraq
202919664,2635321,hr,Suleqan
202919895,2635324,hr,Nur
202919972,2635325,hr,Sular
202920280,2635329,hr,Suki-ye Sofla
202920665,2635334,hr,swhan
202920742,2635335,hr,Suha
202920973,2635338,hr,Sufi Baleh
202921358,2635343,hr,Sufiabad
202921820,2635349,hr,Sud Jan
202922051,2635352,hr,Subashi
202922282,2635355,hr,\N
202922898,2635363,hr,Sowme'eh Sara
202923206,2635367,hr,Sowma`eh
202924284,2635381,hr,Sureshjan
202924669,2635386,hr,Sorkhrud-e Gharbi
202925593,2635398,hr,Sorkh Garbuh
202925978,2635403,hr,Sorkheh Tut
202926671,2635412,hr,Sorkheh Dezaj
202927287,2635420,hr,Sorkheh
202927826,2635427,hr,srkhan
202928827,2635440,hr,Sonqor
202928904,2635441,hr,Saniabad
202928981,2635442,hr,Santeh
202929828,2635453,hr,Shomaleh
202930829,2635466,hr,Šoltanski velaj
202931137,2635470,hr,Eqbaliyeh
202931676,2635477,hr,Eqbaliyeh
202931753,2635478,hr,Eqbaliyeh
202931907,2635480,hr,Eqbaliyeh
202933139,2635496,hr,Eqbaliyeh
202934217,2635510,hr,slyman abad
202934602,2635515,hr,Sekarabad
202934987,2635520,hr,Sojas
202935218,2635523,hr,Sareng
202935295,2635524,hr,suhran
202935372,2635525,hr,shran
202935449,2635526,hr,Sohran-e Sofla
202935834,2635531,hr,Sahali
202935911,2635532,hr,Soheyl Beygi
202936142,2635535,hr,Sohrin
202936450,2635539,hr,Sowghanlu
202936604,2635541,hr,sghad
202937066,2635547,hr,Siviyeh
202937451,2635552,hr,Sivand
202937836,2635557,hr,Sistaneh
202938298,2635563,hr,\N
202938529,2635566,hr,Shirud
202939222,2635575,hr,Sirik-e Kohneh
202939299,2635576,hr,Sirik-e Kohneh
202939761,2635582,hr,Sirdan
202939992,2635585,hr,gospodine Avand
202940146,2635587,hr,Sirak
202940454,2635591,hr,gospodine
202940916,2635597,hr,Singerd
202941917,2635610,hr,Simineh-ye `Olya
202942533,2635618,hr,Silvana
202943380,2635629,hr,Sijoval
202943534,2635631,hr,Sigah Rud
202943996,2635637,hr,Sibon
202944997,2635650,hr,Sia Saran-e `Olya
202945151,2635652,hr,Sian-e Sofla
202945228,2635653,hr,Sian-e `Olya
202945998,2635663,hr,Siah Shir-e 'Olya
202946152,2635665,hr,Siah Rud
202946691,2635672,hr,Siah Mansur
202947384,2635681,hr,Siahkalrud
202947538,2635683,hr,Siah Kalan
202947769,2635686,hr,Siahkal
202947846,2635687,hr,syah kal
202948000,2635689,hr,Siah Gurab
202949309,2635706,hr,Chah-e Siah
202949848,2635713,hr,Šutavar
202950079,2635716,hr,Šuštar
202950541,2635722,hr,shwsh
202951234,2635731,hr,Šurjestan
202951311,2635732,hr,Šurjestan
202951927,2635740,hr,Shur Gel
202952004,2635741,hr,Shurestan
202952697,2635750,hr,Shur Daraq
202953005,2635754,hr,Shurcheh
202953082,2635755,hr,Shurcheh
202953621,2635762,hr,Šurani
202953698,2635763,hr,Shureki
202955392,2635785,hr,Šurabad
202956701,2635802,hr,Šumija
202957548,2635813,hr,Shul
202957933,2635818,hr,Showq-e Pa'in
202958780,2635829,hr,Shotor Mel-e Bala
202959319,2635836,hr,Šor Šor
202959473,2635838,hr,Showqan
202959550,2635839,hr,Showqan
202959627,2635840,hr,Shafa
202961090,2635859,hr,Sho`ayb Kalayeh
202961244,2635861,hr,Shobeyliyeh-ye Do
202961475,2635864,hr,Shizand
202961629,2635866,hr,Shiveh
202961860,2635869,hr,sranje
202962168,2635873,hr,Šišavan
202962630,2635879,hr,Širvan
202962707,2635880,hr,Shirvan
202962784,2635881,hr,Shiru Kandi
202963708,2635893,hr,Shir Kuh
202963785,2635894,hr,Shir Kosh-e Sofla
202963939,2635896,hr,Shirkhand
202964555,2635904,hr,Shirin Su
202965094,2635911,hr,Shirin Bolagh
202965556,2635917,hr,Shirinabad
202965787,2635920,hr,Shir Gah
202965864,2635921,hr,shyrg
202966711,2635932,hr,Shiraz
202966788,2635933,hr,Širaz
202967327,2635940,hr,Shiramin
202967481,2635942,hr,Shir Ahan Shahr
202968713,2635958,hr,Sheleyvat
202969560,2635969,hr,Shahrak-e Shiasi
202969791,2635972,hr,Sheytur
202970407,2635980,hr,Šejh To`meh
202970484,2635981,hr,Šejh Taqqeh
202971485,2635994,hr,Šejh `Owdeh
202971793,2635998,hr,Šejh Muhamed
202972255,2636004,hr,Šejh Mahalleh
202972332,2636005,hr,Šejh Mahalleh
202972640,2636009,hr,Sheykhlu
202973179,2636016,hr,Šejh Kazem
202975720,2636049,hr,Šejh `Ali Chupan
202976182,2636055,hr,Šejh `Abud
202977260,2636069,hr,Shuyesheh
202977645,2636074,hr,Sheshtamad
202977799,2636076,hr,Sheshdeh
202978492,2636085,hr,Shendabad
202978800,2636089,hr,Šemšak
202979724,2636101,hr,Šakarijat
202979955,2636104,hr,Shekar Ab
202980340,2636109,hr,Shekan
202980417,2636110,hr,Shekaft
202980648,2636113,hr,Shebli
202980956,2636117,hr,Ševir
202981110,2636119,hr,Shaveh-ye `Abdollah `Amuri
202981495,2636124,hr,Shovarz
202983497,2636150,hr,Sharikabad
202983651,2636152,hr,Sharifiyeh
202983805,2636154,hr,Sharifabad
202983959,2636156,hr,Sharifabad
202984113,2636158,hr,Sharifabad
202984190,2636159,hr,Sharifabad
202985576,2636177,hr,shrkan
202986038,2636183,hr,Shahr-e Fashah
202986654,2636191,hr,šarabijanski
202986962,2636195,hr,shapwr jan
202987578,2636203,hr,Shangoleh
202987963,2636208,hr,Kang
202988040,2636209,hr,Kang
202988194,2636211,hr,Shanbeh
202988579,2636216,hr,Chanasvand
202988810,2636219,hr,Mianrud
202989580,2636229,hr,Shamsabad-e Qoroq
202989734,2636231,hr,Shamsabad
202990504,2636241,hr,Kalateh-ye Daribagh
202990658,2636243,hr,Shamsabad
202990735,2636244,hr,Shamsabad
202991967,2636260,hr,Shamil
202992198,2636263,hr,Šamiran
202992814,2636271,hr,shlmash
202992891,2636272,hr,shlman
202993353,2636278,hr,Shalili-ye Bozorg
202994277,2636290,hr,shldan
202994508,2636293,hr,Šalamzar
202994739,2636296,hr,shal
202994893,2636298,hr,Shakhun
202995586,2636307,hr,Shekal Gurab-e Pa'in
202996664,2636321,hr,Peyghambarlu
202997742,2636335,hr,Šahsavar
202998820,2636349,hr,Shahr-e Mian
202998897,2636350,hr,Shahr-e Khezr
202999898,2636363,hr,Šahrestanak
203000052,2636365,hr,Shahrestan
203000437,2636370,hr,Shahr-e Pir
203000591,2636372,hr,Šarekord
203000668,2636373,hr,Shahr-e Kohneh
203000976,2636377,hr,Shahr-e Babak
203001361,2636382,hr,Shahrasb
203001900,2636389,hr,Šahrak
203002285,2636394,hr,Kian
203003209,2636406,hr,shhrab
203003286,2636407,hr,shhr ab
203003440,2636409,hr,shah qwch
203003517,2636410,hr,Šah Qotb od Din
203005057,2636430,hr,Anbar Alum
203005134,2636431,hr,Anbar Alum
203005211,2636432,hr,Šah Marz
203006135,2636444,hr,Emam Deh
203006289,2636446,hr,Šah Jub
203007675,2636464,hr,Kani Sharif
203007752,2636465,hr,Shah Gharib
203007906,2636467,hr,Šavvaz
203008599,2636476,hr,shhdad
203008984,2636481,hr,Gol Bolaghi
203009523,2636488,hr,Šah Babak
203009908,2636493,hr,Gusheh Talqani
203010216,2636497,hr,shah ʿlmdar
203010678,2636503,hr,Šahabija
203012834,2636531,hr,Osovina
203012911,2636532,hr,Osovina
203013296,2636537,hr,Šafi`abad
203013604,2636541,hr,Šad Mehan
203013681,2636542,hr,Shad Mehan
203014220,2636549,hr,shadgan
203015144,2636561,hr,Sha'abjereh
203015298,2636563,hr,Shabestar
203017685,2636594,hr,Seyyed Mehdi
203018532,2636605,hr,Seyyed Jabal od Din
203019764,2636621,hr,Seyyedan
203021073,2636638,hr,Seyyedabad
203021920,2636649,hr,Seyqal Deh
203022305,2636654,hr,Seyl Habil
203022613,2636658,hr,Silabkhor
203023306,2636667,hr,Seyfabad
203023614,2636671,hr,Seyfabad
203024384,2636681,hr,Seydi
203024538,2636683,hr,Seyyedan
203024615,2636684,hr,Seyyedan
203025000,2636689,hr,Seyah Cheshmeh
203025077,2636690,hr,Seviz
203025385,2636694,hr,Setolu
203025616,2636697,hr,Serow
203025693,2636698,hr,Serow
203025770,2636699,hr,Serišabad
203025847,2636700,hr,Serishabad
203026001,2636702,hr,Sarshatt
203026386,2636707,hr,Sarenjeh
203026617,2636710,hr,Saqar Juq
203027310,2636719,hr,Sen Sen
203027387,2636720,hr,Senowbar
203027695,2636724,hr,Senjedak
203028234,2636731,hr,Seyyedan
203028311,2636732,hr,Seyyedan
203028619,2636736,hr,Semnan
203028773,2636738,hr,Semirom
203029235,2636744,hr,Selseleh
203030236,2636757,hr,Seh Talvan
203030467,2636760,hr,Seh Qal'eh
203030544,2636761,hr,Seh Qal`eh
203030621,2636762,hr,Sepestanak
203031006,2636767,hr,Seh Kani
203032161,2636782,hr,Sehag
203032777,2636790,hr,Sefid Rud
203033162,2636795,hr,Sefid Kamar
203033316,2636797,hr,Aq Gonbad
203034317,2636810,hr,Sefid Ab
203034625,2636814,hr,sedeyen-e Yek
203034702,2636815,hr,Sedeh
203034779,2636816,hr,Sedeh
203034933,2636818,hr,Sedeh
203035241,2636822,hr,Sedeyen-e Do
203035703,2636828,hr,Sayyed Ahmad
203036088,2636833,hr,sayh khwsh
203036704,2636841,hr,sawjy
203036858,2636843,hr,Save
203037012,2636845,hr,Savad Jan
203037243,2636848,hr,Savaran
203038244,2636861,hr,Satar
203038937,2636870,hr,Sarzeh
203039399,2636876,hr,Sar Zard
203039861,2636882,hr,Sarvestan
203040015,2636884,hr,Sarvestan
203040862,2636895,hr,Sarvabad
203041170,2636899,hr,Saruq
203041786,2636907,hr,Sarteshniz
203042017,2636910,hr,Sar Tappeh
203042402,2636915,hr,Sar Tang Kal
203043480,2636929,hr,Sar Aqa Seyyed
203043634,2636931,hr,Sarsakhti-ye Sofla
203043711,2636932,hr,Sar Sakhti-ye `Olya
203044173,2636938,hr,Sarrigan
203044327,2636940,hr,sar riza
203044558,2636943,hr,Vargeh Panah-e Bozorg
203044712,2636945,hr,Sarrak
203047484,2636981,hr,Sar Mashhad
203047869,2636986,hr,Sarmak
203048023,2636988,hr,Sarm
203048870,2636999,hr,Sarhun
203049948,2637013,hr,Sarkan
203050179,2637016,hr,Sar Kamari
203051180,2637029,hr,Sar Jangal
203052951,2637052,hr,Sari
203053952,2637065,hr,sargaz
203054414,2637071,hr,Sara'eyn
203054568,2637073,hr,Nazerabad
203054645,2637074,hr,Nazerabad
203055569,2637086,hr,Sarimsaqlu
203056339,2637096,hr,Sarband
203056724,2637101,hr,Sardrud
203056955,2637104,hr,Sardahat Bayat-e Ja`fari
203057263,2637108,hr,Sardasht
203057417,2637110,hr,Sardasht
203057494,2637111,hr,Sardasht-e-Zejdun
203057571,2637112,hr,Sardasht
203058264,2637121,hr,Sardaran
203059034,2637131,hr,srdab
203059881,2637142,hr,Sar Cheshmeh-ye Kuganak
203061344,2637161,hr,Sarbisheh
203061652,2637165,hr,srbaz
203061960,2637169,hr,Bandar-e Homeini
203062730,2637179,hr,Sarayan
203063500,2637189,hr,Sar Asiab
203063885,2637194,hr,Sar Asiab
203065733,2637218,hr,Salafčegan
203065810,2637219,hr,Salafchegan
203066118,2637223,hr,Shahrak-e `Olya
203066195,2637224,hr,Sarab Samen
203066657,2637230,hr,Sarableh
203068043,2637248,hr,Sarmast
203068274,2637251,hr,Sarab-e Naniz
203068505,2637254,hr,Sarab-e Jaldan
203068813,2637258,hr,Sarab Hammam
203069352,2637265,hr,Sarab-e Dureh
203070045,2637274,hr,Sarab-e Bardin
203070276,2637277,hr,Sarab-e Baba `Ali
203070661,2637282,hr,srab bagh
203070815,2637284,hr,Sarab
203071816,2637297,hr,sar
203072124,2637301,hr,Saqqez
203072201,2637302,hr,Saqqavaz
203073279,2637316,hr,Saqam Del
203073972,2637325,hr,Sankhvast
203074357,2637330,hr,sngjan
203075358,2637343,hr,Sangun
203075666,2637347,hr,Sang-e Sefid
203076051,2637352,hr,Sangar
203076436,2637357,hr,pjevao
203078130,2637379,hr,Sang Deh
203079824,2637401,hr,sngan bala
203081056,2637417,hr,Sanandadž
203082057,2637430,hr,smgh abad
203082134,2637431,hr,Samereh-ye Sofla
203082288,2637433,hr,Samen
203082365,2637434,hr,Samelah
203083520,2637449,hr,Saman
203083674,2637451,hr,Saman
203084829,2637466,hr,slmas
203086446,2637487,hr,Sal Hamid
203086523,2637488,hr,salstan
203086677,2637490,hr,Rusta-ye Salemabad
203087293,2637498,hr,Soleh Bon
203087447,2637500,hr,Salehak
203087986,2637507,hr,Salehabad
203089526,2637527,hr,Salameh
203090219,2637536,hr,Salakh
203090758,2637543,hr,Saki-ye Pa'in
203090912,2637545,hr,Ramsar
203090989,2637546,hr,Sakht Kaman
203091682,2637555,hr,Shahin Dezh
203091759,2637556,hr,Shahin Dezh
203092144,2637561,hr,Sultanija
203092914,2637571,hr,Sa'idabad
203092991,2637572,hr,Sa`idabad
203093915,2637584,hr,Sahrarud
203094069,2637586,hr,Sahneh
203095532,2637605,hr,Saheb
203095994,2637611,hr,Saggez Abad
203097226,2637627,hr,safyn
203097688,2637633,hr,Safiabad
203097842,2637635,hr,Safiabad
203100229,2637666,hr,Sad Kharu
203100306,2637667,hr,Tužni Kharu
203100537,2637670,hr,Sadid
203102539,2637696,hr,Sadd-e-Dez
203102924,2637701,hr,Sadat Mahalleh
203104079,2637716,hr,sʿd abad
203104387,2637720,hr,Sabzevar
203105696,2637737,hr,Sabeq Mahalleh
203105927,2637740,hr,Saba` ol Gata`-e Sofla
203106466,2637747,hr,Sa'adat Shahr
203106774,2637751,hr,Sa'adat Shahr
203106851,2637752,hr,Sa'adat Shahr
203106928,2637753,hr,Sa'adat Shahr
203107159,2637756,hr,Sa'adat Shahr
203107621,2637762,hr,Ruz Badan
203107775,2637764,hr,Ruydar
203107929,2637766,hr,Ruyan
203108699,2637776,hr,Rowniz-e `Olya
203110470,2637799,hr,Rud Shir-e Bala
203110701,2637802,hr,Rudsar
203110932,2637805,hr,Rud Pish
203111086,2637807,hr,Rud Ma`jan
203111240,2637809,hr,Markaz-e Rudkhowr
203112241,2637822,hr,Rudehen
203112934,2637831,hr,Rudboneh
203113396,2637837,hr,Rud Bardeh
203113550,2637839,hr,Rudbarak
203113704,2637841,hr,Khalilabad
203114012,2637845,hr,Rudbar
203115244,2637861,hr,Rezveh
203115552,2637865,hr,Rowshanavand
203116938,2637883,hr,Rostam Kola
203117092,2637885,hr,Rostami
203117169,2637886,hr,Bandar-e Rostami
203117477,2637890,hr,Rostamabad
203117554,2637891,hr,Rostamabad
203117785,2637894,hr,Rostamabad
203118016,2637897,hr,Narmashir
203118170,2637899,hr,Roshtkhvar
203118324,2637901,hr,Deh-e Asghar
203118478,2637903,hr,Rumis
203118863,2637908,hr,rkn abad
203119941,2637922,hr,Robat Karim
203120249,2637926,hr,Robat-e Sofla
203120711,2637932,hr,Robat-e Sang
203121096,2637937,hr,Robat
203121250,2637939,hr,Robat-e Mahmud
203123483,2637968,hr,Riz
203123637,2637970,hr,Rivash
203124407,2637980,hr,Rineh
203124638,2637983,hr,rygan
203124792,2637985,hr,Rikabad
203125485,2637994,hr,Rig-e Mostafa
203126486,2638007,hr,Rezvanshahr
203126640,2638009,hr,Parandak
203127410,2638019,hr,Rezaabad
203128488,2638033,hr,Reyhan-e `Olya
203128796,2638037,hr,Rigu
203129104,2638041,hr,Reshmeh
203129181,2638042,hr,Reshtaqun
203129258,2638043,hr,rndan
203131722,2638075,hr,Razini
203131876,2638077,hr,Zarrin
203131953,2638078,hr,Razianeh
203132184,2638081,hr,Raziabad
203132492,2638085,hr,Razi
203133185,2638094,hr,Raz Darreh
203133570,2638099,hr,Razan
203133801,2638102,hr,Razan
203134263,2638108,hr,Razab
203134340,2638109,hr,Razab
203134417,2638110,hr,Raz
203134494,2638111,hr,Rayen
203134648,2638113,hr,Ravoshk
203134956,2638117,hr,Ravansar
203135033,2638118,hr,Ravansar
203135880,2638129,hr,rastgrdan
203136342,2638135,hr,rastab
203136573,2638138,hr,Rašvanlu
203137112,2638145,hr,Rašt
203137574,2638151,hr,Rashm
203138036,2638157,hr,Rašk-e Sofla
203139884,2638181,hr,Ramshir
203139961,2638182,hr,ramshh
203140192,2638185,hr,ramshan
203140346,2638187,hr,Ramk
203140577,2638190,hr,Ramjerdamjerdi
203140731,2638192,hr,Ramin
203140962,2638195,hr,Ramhormoz
203141039,2638196,hr,Ramhormoz
203141270,2638199,hr,Remijan
203141347,2638200,hr,Ramesht
203141732,2638205,hr,Ramchah
203143580,2638229,hr,Rahnuyeh
203145197,2638250,hr,Rahmatabad
203145967,2638260,hr,Rahmanabad
203146737,2638270,hr,Rahimabad
203147199,2638276,hr,Rahimabad
203147661,2638282,hr,rahdar
203148200,2638289,hr,Rafsanjan
203148431,2638292,hr,radkan
203148508,2638293,hr,radkan
203148662,2638295,hr,radkan
203148970,2638299,hr,Rabor
203149278,2638303,hr,Quzhd
203149817,2638310,hr,Qush Tappeh
203150279,2638316,hr,Qushchi
203150741,2638322,hr,Kurtan
203150895,2638324,hr,Kur Polcheh
203151511,2638332,hr,Khorram Dasht
203153205,2638354,hr,Qurchi Bashi
203153436,2638357,hr,Quchan
203153975,2638364,hr,Qowzlejeh
203154129,2638366,hr,Qezeljeh
203154591,2638372,hr,Quruq
203154822,2638375,hr,Qotur
203155130,2638379,hr,qtb abad
203155207,2638380,hr,Qotbabad-e Gohareh
203155823,2638388,hr,Qorveh
203156131,2638392,hr,Qoroq
203156208,2638393,hr,Qoroq
203156670,2638399,hr,Ćordanlu
203157055,2638404,hr,Qom Tappeh
203157748,2638413,hr,Kom
203157825,2638414,hr,Qoltuq
203158210,2638419,hr,Qolqoleh
203159750,2638439,hr,Qohrud
203159827,2638440,hr,Qohrud
203159981,2638442,hr,Qohurd-e `Olya
203160289,2638446,hr,Qobad Bazn
203160597,2638450,hr,Qir
203160982,2638455,hr,Ghiasabad
203161367,2638460,hr,Qaz Qabri-ye Ebrahim
203162445,2638474,hr,Qezel Tappeh
203163677,2638490,hr,Qezeljeh
203163831,2638492,hr,Qezeljeh
203163985,2638494,hr,Qezeljeh
203164139,2638496,hr,Qezeljeh
203165987,2638520,hr,qyqaj
203166218,2638523,hr,Qeynarjeh
203166526,2638527,hr,Qidar
203166757,2638530,hr,Qeshm
203166834,2638531,hr,Qeshm
203167142,2638535,hr,Qeshlaq-e Valiollah
203167681,2638542,hr,qshlaq sadat
203167758,2638543,hr,Qeshlaq-e Qobad
203168528,2638553,hr,Qeshlaq-e Khosrowkhan
203169067,2638560,hr,Qeshlaq-e Dehnow
203169221,2638562,hr,Qeshlaq-e Charkhlu
203169683,2638568,hr,Qeshlaq-e Baba Khani
203170068,2638573,hr,qshlaq
203170607,2638580,hr,qshlaq
203171146,2638587,hr,Qermezin
203171916,2638597,hr,Qeli
203172070,2638599,hr,Qelij Baghi
203172840,2638609,hr,Kazvin
203173918,2638623,hr,Qazian Bala Mahalleh
203174380,2638629,hr,Qazi
203174765,2638634,hr,Qazanchi
203175843,2638648,hr,Qatvand
203176074,2638651,hr,Qatruyeh
203176690,2638659,hr,Qatar Qu'i
203177075,2638664,hr,Qassaban
203177152,2638665,hr,Qasr od Dasht
203177383,2638668,hr,Qasr-e Shirin
203177614,2638671,hr,Qasr-e Mian
203177845,2638674,hr,Qasr-e Falanj
203177922,2638675,hr,Qasr-e Cham
203177999,2638676,hr,Kasr-e Ahmad
203178076,2638677,hr,Qasr-e Ahmad
203178461,2638682,hr,Qashangi
203180078,2638703,hr,Qasabeh
203181772,2638725,hr,Qasabestan
203183081,2638742,hr,qarpwz abad
203183158,2638743,hr,qarna
203183235,2638744,hr,qrn abad
203184082,2638755,hr,Qarah Zia' od Din
203185391,2638772,hr,Qarah Tappeh
203186392,2638785,hr,Qarah Qush-e Sofla
203186546,2638787,hr,Qareh Qush
203187547,2638800,hr,Qarah Mosalla
203188625,2638814,hr,Qareh Kahriz
203191628,2638853,hr,Mizab
203191705,2638854,hr,Qareh Bolagh-e A`zam
203191936,2638857,hr,Qarah Benas
203192706,2638867,hr,qrh aghaj
203197172,2638925,hr,Qanbari
203197249,2638926,hr,Qanbari
203198173,2638938,hr,Qanat-e Malek
203198789,2638946,hr,Qannat
203198866,2638947,hr,Qamsar
203199097,2638950,hr,Qamishaleh
203199867,2638960,hr,qmch abad
203201253,2638978,hr,Qal`eh Vazir
203201407,2638980,hr,Qal`eh Tall
203201946,2638987,hr,sylwar
203202716,2638997,hr,Qal`eh-ye Shah Taslim
203203101,2639002,hr,Qal`eh-ye Seyyed
203204025,2639014,hr,Qal`eh-ye Sabzi
203204102,2639015,hr,Rambeh
203204333,2639018,hr,Qal`eh Rashid
203204641,2639022,hr,Qal`eh Rak
203206643,2639048,hr,Qal`eh Nasir
203207105,2639054,hr,Bibi Zoleykhani
203208645,2639074,hr,Qal`eh Bozorg
203209030,2639079,hr,Qazian-e Bala
203209338,2639083,hr,Qal`eh Khondab
203209569,2639086,hr,Qal`eh-ye Khan
203210108,2639093,hr,Qal`eh-ye Karimabad
203210955,2639104,hr,Qal`eh Jahanbakhsh
203211109,2639106,hr,Qal`eh Jabre'il
203211571,2639112,hr,Qods
203211879,2639116,hr,Qal`eh-ye Rahmatollah
203212418,2639123,hr,Qal`eh-ye Gowzal Darreh
203212957,2639130,hr,Qal`eh Ganj
203213265,2639134,hr,Qal`eh-ye Valiye`asr
203213881,2639142,hr,Qal`eh Dezh
203213958,2639143,hr,Rudan
203214035,2639144,hr,Rudan
203217500,2639189,hr,Qal`eh Tak
203217731,2639192,hr,Qal`eh Sorkh
203218270,2639199,hr,Qal`eh-ye Sefid
203218501,2639202,hr,Qal'eh Salim
203219425,2639214,hr,Qal`eh Nowruz
203219733,2639218,hr,Qal`eh Now-e Kharaqan
203219964,2639221,hr,Qal`eh Sada
203221658,2639243,hr,Qal`eh-ye Khvajeh
203222890,2639259,hr,Qal`eh Hasan
203223044,2639261,hr,Gordeh
203223583,2639268,hr,Arkavaz
203223891,2639272,hr,Chiti
203224122,2639275,hr,Qal'eh Bin
203225354,2639291,hr,Dibaj
203226124,2639301,hr,Qalatu'iyeh
203226355,2639304,hr,qnatghstan
203226817,2639310,hr,Qalat
203226971,2639312,hr,Qalat
203227356,2639317,hr,Qaland-e `Olya
203227587,2639320,hr,Qalandari
203227664,2639321,hr,Qalandarabad
203227818,2639323,hr,Qalandar
203228511,2639332,hr,Qajar Ab-e Bala
203228742,2639335,hr,Qa'ed Taher
203228973,2639338,hr,Qahrizjan
203229281,2639342,hr,Farrokh Shahr
203229435,2639344,hr,Qahavand
203229512,2639345,hr,qahan
203230128,2639353,hr,Qa'en
203230205,2639354,hr,Qaem Shahr
203230898,2639363,hr,Qadimabad
203231668,2639373,hr,Qaderabad
203232284,2639381,hr,Qadamgah
203232977,2639390,hr,Qabaq Tappeh
203233593,2639398,hr,Puzehabadi
203234286,2639407,hr,pwrkan
203234440,2639409,hr,Puraki
203234902,2639415,hr,Pul
203235672,2639425,hr,Poshtu
203235749,2639426,hr,Posht-e Tang-e Firuzabad
203236211,2639432,hr,Postom
203236365,2639434,hr,Posht Mokh
203236519,2639436,hr,Poshtkuh
203236981,2639442,hr,Poshtjin
203237135,2639444,hr,Poshtgar
203237366,2639447,hr,Posht-e Pian
203239137,2639470,hr,Por Khowr
203239291,2639472,hr,Kar Gazi
203239753,2639478,hr,Polur
203239830,2639479,hr,Mazra`eh Polowli
203240061,2639482,hr,Sarpol-e Zahab
203240138,2639483,hr,Sarpol-e Zahab
203240369,2639486,hr,Pol-e Sefid
203240831,2639492,hr,Pol Fasa
203240908,2639493,hr,Poldokhtar
203241062,2639495,hr,Pol-e Abgineh
203241139,2639496,hr,Poldašt
203241909,2639506,hr,Piveh Zhan
203242063,2639508,hr,Piškenar
203242140,2639509,hr,Piškamar
203242217,2639510,hr,Pishkamar
203242910,2639519,hr,Pir Zaman
203242987,2639520,hr,Pir Yusefian
203243064,2639521,hr,Pir Yadegar
203243141,2639522,hr,Piru'iyeh
203243295,2639524,hr,Pir Taj
203244065,2639534,hr,Pir Safa
203244912,2639545,hr,Pir Mishan
203245836,2639557,hr,Pir Hoseyni
203246298,2639563,hr,Pir Gheyb
203246606,2639567,hr,Moradi
203247376,2639577,hr,Pir Boz
203247530,2639579,hr,Pir Bazar
203248069,2639586,hr,Piranšaher
203248531,2639592,hr,pyr aqaj
203250148,2639613,hr,Pey Ostan
203250302,2639615,hr,Peykuh
203250764,2639621,hr,Pi Bashk
203251303,2639628,hr,Chahar Taq-e Peru
203251611,2639632,hr,pndas
203251765,2639634,hr,Polureh
203253228,2639653,hr,Payehan
203253767,2639660,hr,pagdar
203253998,2639663,hr,Paveh
203254306,2639667,hr,Petrow
203255076,2639677,hr,Pataveh
203256154,2639691,hr,pasrysh
203256462,2639695,hr,Paskuhan
203256693,2639698,hr,Pasil
203256847,2639700,hr,pashnh dran
203257078,2639703,hr,Bishak Tappeh
203258387,2639720,hr,Pas Tang
203260004,2639741,hr,Parsbanej
203260081,2639742,hr,pars abad
203260620,2639749,hr,Par Kuh
203261390,2639759,hr,Pariz
203262468,2639773,hr,Pargeh
203263161,2639782,hr,Pardanjan
203263623,2639788,hr,parchy
203264239,2639796,hr,Baranqur
203264547,2639800,hr,Kangolu
203264932,2639805,hr,paqlat
203265856,2639817,hr,Panj Peykar
203266318,2639823,hr,Panjah Tumani
203266626,2639827,hr,Pangaru
203266703,2639828,hr,Pandar Jan
203267858,2639843,hr,Palkanlu-ye Bala
203267935,2639844,hr,palim
203268166,2639847,hr,Palas
203268320,2639849,hr,Palangi
203268397,2639850,hr,Palangerd
203268936,2639857,hr,Palangabad
203269244,2639861,hr,pakchyn
203269475,2639864,hr,pak
203269629,2639866,hr,Pajim
203271323,2639888,hr,Pahnabad
203271631,2639892,hr,Pahlavan Koshi
203271862,2639895,hr,phlwan abad
203271939,2639896,hr,Pahlavan
203272093,2639898,hr,Patek
203272401,2639902,hr,Pa Gach Sukhteh
203273094,2639911,hr,Padeh
203273171,2639912,hr,Padeh
203273556,2639917,hr,Pajeyan
203274095,2639924,hr,azwar
203274249,2639926,hr,Owzanbolagh
203275404,2639941,hr,Uraman Takht
203276790,2639959,hr,Otaqvar
203277021,2639962,hr,Ostad
203277329,2639966,hr,Osku
203277637,2639970,hr,Oštorinan
203277714,2639971,hr,oštoran
203278022,2639975,hr,Oshnaviyeh
203278330,2639979,hr,Urmija
203279100,2639989,hr,Ordaklu
203279177,2639990,hr,Ardak
203279254,2639991,hr,`Ansarud
203279331,2639992,hr,anar
203279639,2639996,hr,Omm ol Tul
203279870,2639999,hr,Omm os Sarajineh
203280255,2640004,hr,Omm ol Ghazlan
203280409,2640006,hr,Omm ol Gharib-e Kuchek
203281410,2640019,hr,Omidijeh
203282257,2640030,hr,Ojaq
203282488,2640033,hr,Owchunak
203282565,2640034,hr,Owchunak
203282642,2640035,hr,Obiresh
203282796,2640037,hr,'Obeid
203283027,2640040,hr,Nushabad
203283412,2640045,hr,Nur `Eyn
203284105,2640054,hr,Nurabad
203284259,2640056,hr,Surabad
203284413,2640058,hr,Nurabad
203284490,2640059,hr,Nurabad
203284567,2640060,hr,Nurabad
203284644,2640061,hr,Nurabad
203284875,2640064,hr,Nurabad
203285106,2640067,hr,Nurabad
203285491,2640072,hr,Nuk
203285799,2640076,hr,nwghab
203285876,2640077,hr,Nuq
203285953,2640078,hr,Nudajjan
203286107,2640080,hr,Nowzarabad
203286415,2640084,hr,Nowsud
203286492,2640085,hr,Nowsud
203286646,2640087,hr,Nowshahr
203286723,2640088,hr,Nowshahr
203287724,2640101,hr,Nowrashk
203287801,2640102,hr,Sada Qand
203287955,2640104,hr,Nowmaleh-ye Sofla
203288109,2640106,hr,Nowlun
203288340,2640109,hr,Nowkhandan
203288417,2640110,hr,Sada Khaleh
203288725,2640114,hr,Sada Kandeh
203289187,2640120,hr,Nowjeyn
203289726,2640127,hr,Nowjeh Deh
203289880,2640129,hr,nwjan
203290111,2640132,hr,Nowghan-e Sofla
203290188,2640133,hr,Nowghan
203290265,2640134,hr,nwghab
203290342,2640135,hr,nwghab
203290881,2640142,hr,Kahak
203291266,2640147,hr,Nowdeshah
203291574,2640151,hr,Sada Deh-e Pashang
203291882,2640155,hr,Sada Dehak
203292267,2640160,hr,Shahrak-e Emam Reza
203292729,2640166,hr,Sada Deh
203293345,2640174,hr,nwdan
203293422,2640175,hr,nw dad
203293653,2640178,hr,Sada Bandegan
203293730,2640179,hr,Sada Bandegan
203294808,2640193,hr,Novin
203294885,2640194,hr,Nowvik
203295886,2640207,hr,Nosratabad
203296040,2640209,hr,Nosratabad
203296348,2640213,hr,Noshveh
203296810,2640219,hr,Noqleh bar
203297118,2640223,hr,Nah Neh Karan
203298581,2640242,hr,Nayyer
203299274,2640251,hr,Nayrej
203299428,2640253,hr,Nayyerabad
203299582,2640255,hr,Nir
203299659,2640256,hr,Nimvar
203300121,2640262,hr,Nim Deh
203300198,2640263,hr,Nimdangi
203300814,2640271,hr,Nik Pey
203300891,2640272,hr,Nik Pey
203301045,2640274,hr,Niknamdeh
203301199,2640276,hr,Nig
203302123,2640288,hr,Niasan
203302200,2640289,hr,Niaraq
203302277,2640290,hr,Niarak
203302354,2640291,hr,Niarak
203302893,2640298,hr,Niaku
203303047,2640300,hr,Niak
203303509,2640306,hr,nzam abad
203303971,2640312,hr,Kereh
203304664,2640321,hr,Neyvu
203304818,2640323,hr,Nišapur
203304972,2640325,hr,Neyriz
203305511,2640332,hr,Neyestanak
203306358,2640343,hr,Ney Bid
203306820,2640349,hr,Nespuran
203306897,2640350,hr,Nešlaj
203306974,2640351,hr,nshkan
203307051,2640352,hr,Neshi
203307205,2640354,hr,Neshaq
203307513,2640358,hr,Nesar Karzan-e Sofla
203307667,2640360,hr,Nesareh-ye `Olya
203308360,2640369,hr,Nesa
203308591,2640372,hr,Narjeh
203308976,2640377,hr,Neqab
203309669,2640386,hr,Ne`matabad
203309823,2640388,hr,Ne`matabad
203309900,2640389,hr,Ne`matabad
203309977,2640390,hr,Nemagerd
203310208,2640393,hr,Neka
203310285,2640394,hr,Nehriq
203310670,2640399,hr,Negar Khatun
203311132,2640405,hr,Negar
203311671,2640412,hr,Nazok-e Bala
203311825,2640414,hr,Nezaz
203312056,2640417,hr,Nazarija
203312210,2640419,hr,Neyzar-e `Olya
203312441,2640422,hr,Nazarabad
203313134,2640431,hr,nay bnd
203314366,2640447,hr,Neva
203314520,2640449,hr,Nav
203314674,2640451,hr,Natanz
203314751,2640452,hr,Nosuhabad
203314982,2640455,hr,Nasravan
203315213,2640458,hr,Nasrabad-e Jiruyeh
203315752,2640465,hr,nsr abad
203316137,2640470,hr,nsr abad
203316368,2640473,hr,nsr abad
203316599,2640476,hr,Nasl
203316676,2640477,hr,Nask
203317215,2640484,hr,Nasirabad
203317292,2640485,hr,Nasirabad
203317523,2640488,hr,Nasirabad
203317677,2640490,hr,Pir-e Konarak
203317831,2640492,hr,Nasirabad-e Avval
203318139,2640496,hr,Nashtarud
203318216,2640497,hr,Nashtarud
203318524,2640501,hr,Nash
203318601,2640502,hr,Naservand
203318678,2640503,hr,Naservand
203320449,2640526,hr,Narvi
203322220,2640549,hr,Anarestan
203322374,2640551,hr,Narenjak
203322759,2640556,hr,Naraq
203323606,2640567,hr,Naqneh
203324145,2640574,hr,Naqadeh
203324222,2640575,hr,Naposteh
203324838,2640583,hr,nandl
203325377,2640590,hr,Namju
203325608,2640593,hr,Namin
203325762,2640595,hr,Nameq
203326301,2640602,hr,avarski
203326840,2640609,hr,Namakin
203327148,2640613,hr,Nalivan
203327225,2640614,hr,Nalivan
203327841,2640622,hr,Nakhl-e Taqi
203327918,2640623,hr,Mahalleh-ye Nakhl-e Nakhoda
203327995,2640624,hr,Nakhlemir
203328149,2640626,hr,Nakhl-e Jamal
203329535,2640644,hr,Najeh-ye Hoseyn
203329689,2640646,hr,Najak
203329843,2640648,hr,Najafdar
203330074,2640651,hr,Najafabad
203330305,2640654,hr,Najafabad
203330921,2640662,hr,Najafabad
203330998,2640663,hr,Najafabad
203331460,2640669,hr,Najafshahr
203331768,2640673,hr,Na'in
203332076,2640677,hr,Na`imabad
203332230,2640679,hr,Nahr-e Poshteh
203332384,2640681,hr,Nahr-e Khalaj
203334155,2640704,hr,Nayeh
203334386,2640707,hr,Nahavand
203334463,2640708,hr,Nahavand
203334925,2640714,hr,Naghan
203335002,2640715,hr,naghwn
203335079,2640716,hr,naghan
203335618,2640723,hr,nafch
203335772,2640725,hr,Nadušan
203336080,2640729,hr,Nadilu
203338159,2640756,hr,Musian
203338313,2640758,hr,Musaabad
203338390,2640759,hr,Musaabad
203338621,2640762,hr,Mushkahi
203338698,2640763,hr,Mush Bijar
203338852,2640765,hr,mušahtan
203339468,2640773,hr,Musaabad
203339853,2640778,hr,Mowru
203340161,2640782,hr,Murmuri
203340546,2640787,hr,Murestaneh
203341778,2640803,hr,Murcheh Khowrt
203342548,2640813,hr,Mumej
203343164,2640821,hr,Shahrak-e Muk
203343549,2640826,hr,Muchesh
203344011,2640832,hr,Blato
203344396,2640837,hr,Mozhdeh
203344858,2640843,hr,Mozaffari-ye Jonubi
203345936,2640857,hr,Muri
203346244,2640861,hr,Mowladaran
203346321,2640862,hr,Muger
203346398,2640863,hr,Mu'il
203346783,2640868,hr,Salmanshahr
203346860,2640869,hr,Moti`at
203347938,2640883,hr,Moshtaqin
203348092,2640885,hr,Meškin Dašt
203348169,2640886,hr,Meshkin Dasht
203348631,2640892,hr,Moškenan
203348785,2640894,hr,mshkan
203349247,2640900,hr,Mosha'
203350017,2640910,hr,mrwar
203351711,2640932,hr,Maraveh Tappeh
203352173,2640938,hr,Moradlu
203353790,2640959,hr,Moqiseh
203353867,2640960,hr,Maghilan
203354406,2640967,hr,Moqandar
203355715,2640984,hr,Mow'menabad
203356639,2640996,hr,Mollasani
203356870,2640999,hr,Molla Piri
203357486,2641007,hr,Molla Hasan
203357640,2641009,hr,Molla Deh
203358025,2641014,hr,Molla Baqer-e `Olya
203358564,2641021,hr,Malhamdarreh
203358641,2641022,hr,Melleh-ye Shahriyari
203359565,2641034,hr,Mahalleh-ye Khamsar
203360335,2641044,hr,Mojen
203361182,2641055,hr,Mohr
203361567,2641060,hr,Mohiabad
203361721,2641062,hr,Mohammad Yar
203362491,2641072,hr,Mohammad Qasemi
203364416,2641097,hr,Mohammad `Ameri
203364493,2641098,hr,Qal`eh-ye Mohammad `Ali Khan
203365032,2641105,hr,Mohammadabad-e Gonbaki
203365263,2641108,hr,Mohammadabad-e Seyyed
203366187,2641120,hr,Mohammadabad-e Chah Kavir
203366341,2641122,hr,Mohammadabad
203366572,2641125,hr,Mohammadabad
203366957,2641130,hr,Mohammadabad Pol-e Abrisham
203368882,2641155,hr,Mohammadabad
203369036,2641157,hr,Mohammadabad
203370037,2641170,hr,Mohammadabad-e Bash Abdan
203370730,2641179,hr,Mohammadabad
203370884,2641181,hr,Mohammadabad
203373810,2641219,hr,Mobarakeh-ye Karvan
203374195,2641224,hr,Mobarakeh
203374657,2641230,hr,mbark abad
203374888,2641233,hr,mbark abad
203376274,2641251,hr,Mishijan-e Bala
203378507,2641280,hr,Mir Hasani
203378815,2641284,hr,Mirgasar
203379200,2641289,hr,Mir `Azizi
203379277,2641290,hr,Mir `Azizi
203379508,2641293,hr,Mirandeh
203380047,2641300,hr,Mir Ahmad
203381433,2641318,hr,Minudasht
203381972,2641325,hr,Minabad
203382049,2641326,hr,Minabad
203382126,2641327,hr,Minabad
203382819,2641336,hr,Milas
203383127,2641340,hr,Halife Hesar
203383358,2641343,hr,Milajerd
203384205,2641354,hr,Mihamleh-ye `Olya
203384436,2641357,hr,Meydeh
203385976,2641377,hr,Mianrudan
203386361,2641382,hr,myan rahan
203387901,2641402,hr,Mianeh
203388132,2641405,hr,Miandoab
203388594,2641411,hr,Miandasht
203388902,2641415,hr,Mian Choqa
203389210,2641419,hr,Miab
203389287,2641420,hr,Miab
203389749,2641426,hr,Mezajin
203389903,2641428,hr,Meyvaleh
203390057,2641430,hr,Meymundarreh
203390365,2641434,hr,Meymeh
203390673,2641438,hr,Meymand
203392213,2641458,hr,Abguhi
203392983,2641468,hr,Meybod
203393599,2641476,hr,Bu'an
203393907,2641480,hr,Meshgin Shahr
203394138,2641483,hr,Mesgarabad
203394677,2641490,hr,Mereg
203395062,2641495,hr,Mangol
203395909,2641506,hr,Meleh Kabud-e Sofla
203396140,2641509,hr,Meleh-ye Barik
203396217,2641510,hr,Molakhaneh
203396294,2641511,hr,Meleh Qeshlaq
203396448,2641513,hr,Majin
203396602,2641515,hr,Mehtarlu
203396756,2641517,hr,Mehtar Ahmad
203396910,2641519,hr,Mehrzi
203396987,2641520,hr,Mehrzamin
203397218,2641523,hr,Mehrjan
203397603,2641528,hr,Mehr Gerd
203397911,2641532,hr,Mehranjan
203398142,2641535,hr,mhran
203398527,2641540,hr,mehraban
203398681,2641542,hr,Mehrdašt
203398835,2641544,hr,Mehrdašt
203399066,2641547,hr,Mehrdašt
203399220,2641549,hr,Mehrabadu
203399605,2641554,hr,Mehrdasht
203399836,2641557,hr,Mehrdašt
203400375,2641564,hr,Mehmandust
203401222,2641575,hr,Mehdiabad-e Sardar
203401299,2641576,hr,Mehdiabad
203401376,2641577,hr,Mehdiabad
203401684,2641581,hr,Mehdiabad
203401915,2641584,hr,Mehdiabad
203402223,2641588,hr,Mehdiabad
203402454,2641591,hr,Mehdiabad
203402608,2641593,hr,Mehdiabad
203402839,2641596,hr,Mehdiabad
203402993,2641598,hr,Mahdiabad
203403147,2641600,hr,Mehdiabad
203403763,2641608,hr,Mehenj
203403840,2641609,hr,Mahanj
203403917,2641610,hr,Mehan
203403994,2641611,hr,Mazik
203404071,2641612,hr,Mazvirabad
203404225,2641614,hr,Mazu
203404379,2641616,hr,Mazru
203404533,2641618,hr,Mazra'eh-ye Sorkhshad
203405765,2641634,hr,Mazra`eh-ye Hajj Lotf`ali
203406073,2641638,hr,Mazra`eh-ye Deymur
203406458,2641643,hr,Mazra`eh-ye Sib
203407228,2641653,hr,Mazra`eh
203407459,2641656,hr,Mazaj
203407536,2641657,hr,Mariz
203407613,2641658,hr,Mazinan
203407844,2641661,hr,Maziben
203408229,2641666,hr,Mazeh Kan
203408614,2641671,hr,mzdaran
203408768,2641673,hr,mzdab
203408922,2641675,hr,mzayjan
203408999,2641676,hr,mzayjan
203409692,2641685,hr,Mazar
203410000,2641689,hr,Mazanabad
203410154,2641691,hr,Maz
203410231,2641692,hr,maywan
203410385,2641694,hr,Mayan-e Pa'in
203410693,2641698,hr,mayan
203410770,2641699,hr,Meyami
203410847,2641700,hr,Mavin
203411232,2641705,hr,Mavarz
203411925,2641714,hr,Masuleh
203412695,2641724,hr,Mesr
203412849,2641726,hr,Mah Senan
203413080,2641729,hr,Tazehabad-e Masgareh
203413234,2641731,hr,Maska
203413465,2641734,hr,Masiri
203413542,2641735,hr,Masiri
203413696,2641737,hr,Masiniyeh
203414158,2641743,hr,Al Mawsitah
203414312,2641745,hr,Mashruteh
203414466,2641747,hr,Mashkul
203414697,2641750,hr,mshkan
203414774,2641751,hr,Moširan
203414851,2641752,hr,Moširan
203415467,2641760,hr,Mashhad-e Meyqan
203415698,2641763,hr,Mashhad
203415775,2641764,hr,Mašhad
203416699,2641776,hr,Mesen
203417777,2641790,hr,Marzangu
203417931,2641792,hr,Marzanabad
203418162,2641795,hr,Maryanaj
203418547,2641800,hr,Marvdasht
203418701,2641802,hr,Marvast
203419394,2641811,hr,Maru
203419702,2641815,hr,Maranu
203420626,2641827,hr,margwn
203420857,2641830,hr,Marjaghal
203421011,2641832,hr,Marivan
203421858,2641843,hr,mrghzar
203422936,2641857,hr,marnj
203423167,2641860,hr,Mardakheh-ye Kuchek
203423321,2641862,hr,Mardehek
203423629,2641866,hr,mahdsht
203424014,2641871,hr,Marbachcheh
203424091,2641872,hr,Maravand
203424322,2641875,hr,Maraq
203424707,2641880,hr,Marand
203424784,2641881,hr,Efzar
203424861,2641882,hr,Efzar
203424938,2641883,hr,Taskin
203425092,2641885,hr,Maran
203425400,2641889,hr,Maraga
203425477,2641890,hr,Maragheh
203425785,2641894,hr,marab
203426016,2641897,hr,Maqut
203426247,2641900,hr,Maqsud Beyk
203426632,2641905,hr,maqir
203427017,2641910,hr,Moqaberi
203427248,2641913,hr,Manujan
203427710,2641919,hr,Mansuriyeh
203427787,2641920,hr,Mansuri
203428788,2641933,hr,Mansurabad
203428942,2641935,hr,Mansurabad
203429250,2641939,hr,Mansurabad
203429327,2641940,hr,Ath Tha'b
203429404,2641941,hr,mnshad
203429481,2641942,hr,Manqan
203429712,2641945,hr,Manjil
203430790,2641959,hr,Mangavi
203431329,2641966,hr,Mand-e Bala
203431714,2641971,hr,Ma`muri
203431791,2641972,hr,Ma'mureh
203432022,2641975,hr,Ma'mulan
203433023,2641988,hr,Mamasani
203433100,2641989,hr,mmqan
203434024,2642001,hr,Malavan
203434101,2642002,hr,Malvajerd
203434332,2642005,hr,Maluneh
203434409,2642006,hr,maʿlwmak
203435179,2642016,hr,Mal Khalifeh
203435795,2642024,hr,Malhazan
203436180,2642029,hr,Malavan
203437104,2642041,hr,Malekan
203437566,2642047,hr,Mal-e Khalifeh
203437643,2642048,hr,Mal-e Khalifeh
203437797,2642050,hr,Malek Faliz
203439876,2642077,hr,Malekabad
203440184,2642081,hr,Mal-e Gap
203440338,2642083,hr,Malayer
203440569,2642086,hr,malar
203440954,2642091,hr,mlk abad
203441339,2642096,hr,Maku
203441416,2642097,hr,Maku
203441724,2642101,hr,Makki
203441801,2642102,hr,Makki
203441955,2642104,hr,Makian
203442340,2642109,hr,makran
203442879,2642116,hr,Makkan
203443264,2642121,hr,Majidabad
203444188,2642133,hr,Majareh
203444342,2642135,hr,Mahvizan-e Bala
203444496,2642137,hr,Ma`vaj
203444804,2642141,hr,Mahur Berenji-ye Sofla
203444958,2642143,hr,Mahurak
203445266,2642147,hr,Mehneh
203445343,2642148,hr,Mehneh
203446806,2642167,hr,Mahmudabad
203447191,2642172,hr,Mahmudabad
203447345,2642174,hr,Mahmudabad Nemuneh
203447807,2642180,hr,Mahmudabad
203447961,2642182,hr,Mahmudabad
203448038,2642183,hr,Mahmudabad
203449193,2642198,hr,Basab
203449732,2642205,hr,Mahmudabad
203450887,2642220,hr,Bahmanabad
203452042,2642235,hr,Mahbubabad
203452504,2642241,hr,mahan
203453043,2642248,hr,Mahallat
203453197,2642250,hr,Mohajeran
203453274,2642251,hr,mhabad
203453351,2642252,hr,mhabad
203454737,2642270,hr,Madu'i
203455353,2642278,hr,madwan
203455892,2642285,hr,Ma`dan Qolleh
203455969,2642286,hr,Ma`dan-e `Olya
203456893,2642298,hr,Khomeyran
203457124,2642301,hr,Lushkan
203457201,2642302,hr,lwshab
203457355,2642304,hr,Owrun
203457432,2642305,hr,Lur
203458048,2642313,hr,Lujali
203458433,2642318,hr,lwshan
203458510,2642319,hr,Lown-e Kohneh
203458972,2642325,hr,ltf abad
203459357,2642330,hr,Lordegan
203459896,2642337,hr,Lemir
203459973,2642338,hr,Lonbar
203460127,2642340,hr,Liyeh
203460281,2642342,hr,lywarjan
203460358,2642343,hr,Livar-e Bala
203460666,2642347,hr,lyshka
203460743,2642348,hr,lyshgan
203460820,2642349,hr,lysh
203460974,2642351,hr,Liru
203461359,2642356,hr,Lirali
203461821,2642362,hr,Limu Chah
203462360,2642369,hr,Lilab
203462437,2642370,hr,Lilab
203462591,2642372,hr,Likak
203462899,2642376,hr,lyastan
203463515,2642384,hr,Sila Kuh
203463746,2642387,hr,lylan
203464054,2642391,hr,Lashtani
203464670,2642399,hr,Landeh
203464824,2642401,hr,Mahalleh-ye Bagh
203465517,2642410,hr,Lazur
203466133,2642418,hr,lay byd
203466210,2642419,hr,Lavasan-e Bozorg
203466518,2642423,hr,lawar
203466826,2642427,hr,Lavandevil
203467057,2642430,hr,lat lyl
203467134,2642431,hr,Latifi
203467365,2642434,hr,latinski
203467442,2642435,hr,Lati
203467519,2642436,hr,Lesga'
203467904,2642441,hr,lasjrd
203468135,2642444,hr,Lasht-e Nesha
203468520,2642449,hr,Lashkarian
203468597,2642450,hr,lshgr abad
203468751,2642452,hr,lashk
203468905,2642454,hr,Lasem
203469213,2642458,hr,Larim
203469752,2642465,hr,Larak Kuhi
203470137,2642470,hr,lar
203470368,2642473,hr,Lapu'i
203470599,2642476,hr,Lapar
203471138,2642483,hr,Langerud
203471215,2642484,hr,Langarud
203471292,2642485,hr,Langariz
203471369,2642486,hr,Langariz
203471600,2642489,hr,Baba Langar
203471754,2642491,hr,Langar
203472216,2642497,hr,Lanbaran
203472524,2642501,hr,lamrd
203472678,2642503,hr,Lam`eh-ye Arameneh
203472909,2642506,hr,Lali
203473063,2642508,hr,lalh zar
203473294,2642511,hr,Lalehlu
203473371,2642512,hr,Lallehlu
203473833,2642518,hr,Lalan
203473987,2642520,hr,Lalejin
203474064,2642521,hr,Lalejin
203474603,2642528,hr,Laklar
203475065,2642534,hr,Lakan
203475142,2642535,hr,Lakan
203475296,2642537,hr,Lak
203475604,2642541,hr,Lajim
203475835,2642544,hr,Lahijan
203476605,2642554,hr,Bandar-e Laft
203477375,2642564,hr,Kuzeh Kanan
203478145,2642574,hr,Safiabad
203478376,2642577,hr,Kut-e Seyyed Na`im
203478684,2642581,hr,Kutak-e Pa'in
203478992,2642585,hr,Kut-e 'Abdollah
203479223,2642588,hr,Kushk-e Nar
203479608,2642593,hr,Kushkdar
203480686,2642607,hr,Kushk-e Mohammadabad
203481456,2642617,hr,Kushkak
203482611,2642632,hr,Kuhpayeh
203483843,2642648,hr,Kusahlar
203483997,2642650,hr,Kus `Ali
203484998,2642663,hr,Gowri
203485691,2642672,hr,Kureh
203485922,2642675,hr,Kurdeh
203486384,2642681,hr,Gurbaba 'Ali
203487154,2642691,hr,Kupon-e `Olya
203487231,2642692,hr,Kupon-e Sofla
203487385,2642694,hr,Abu Selibekhat-e Bozorg
203487462,2642695,hr,Kotij
203487847,2642700,hr,Kumeleh
203488155,2642704,hr,Kulmat
203488232,2642705,hr,Kul-e Jaz
203488309,2642706,hr,Kulich
203489772,2642725,hr,Kujanaq
203490850,2642739,hr,Kuh Pas
203491158,2642743,hr,Kuh Lori
203491389,2642746,hr,Kuh Kamar
203491697,2642750,hr,Kuhin
203491851,2642752,hr,Kuhin
203492082,2642755,hr,Kuhestak
203492621,2642762,hr,Kuhenjan
203492929,2642766,hr,Kuhij
203493160,2642769,hr,Kuh-e Bijar
203493391,2642772,hr,Kuhdasht
203493545,2642774,hr,Kuhbanan
203494161,2642782,hr,Kudžar
203494392,2642785,hr,Kuchesfahan
203494931,2642792,hr,Kucheh
203495701,2642802,hr,Kowr Boland
203496317,2642810,hr,Kow'ik
203496856,2642817,hr,Katjureh
203497010,2642819,hr,Amirabad-e Kot Gorg
203497318,2642823,hr,Koshksaray
203497395,2642824,hr,Koshksaray
203497780,2642829,hr,krzan
203500475,2642864,hr,Gereh
203501014,2642871,hr,Kord Kuy
203501168,2642873,hr,Kord Khowrd-e `Olya
203501861,2642882,hr,Kord-e Sofla
203501938,2642883,hr,Kord-e 'Olya
203502092,2642885,hr,Kordenab
203502554,2642891,hr,Kord
203503478,2642903,hr,Kor
203503555,2642904,hr,Kapur Chal
203504094,2642911,hr,Golšahr
203504171,2642912,hr,Golshahr
203504248,2642913,hr,Konjedar
203504710,2642919,hr,Kondor
203504787,2642920,hr,Kondor
203504864,2642921,hr,Kondor
203505249,2642926,hr,Kondazi
203505942,2642935,hr,Konar Takhteh
203507174,2642951,hr,Konar Bandak
203507867,2642960,hr,kmjan
203508098,2642963,hr,Komijan
203508406,2642967,hr,Kommeh
203509330,2642979,hr,Kolvanaq
203509407,2642980,hr,Kolosforush
203509484,2642981,hr,Kolur
203509792,2642985,hr,Kolu Deh
203510485,2642994,hr,Kolm-e Bala
203510870,2642999,hr,Kolka Sara
203511178,2643003,hr,Koleybi
203511717,2643010,hr,kldan
203512179,2643016,hr,Kalarm
203513180,2643029,hr,Kojur
203514258,2643043,hr,Kohlu-ye `Olya
203514335,2643044,hr,Kohlu-ye `Olya
203514643,2643048,hr,Kohandan
203515875,2643064,hr,Kish-e `Olya
203515952,2643065,hr,Kish
203516029,2643066,hr,Kish
203516414,2643071,hr,Kineh Vars
203516568,2643073,hr,Kincha'
203517415,2643084,hr,Kilan
203517800,2643089,hr,Emamzadeh Davud
203518031,2643092,hr,Kiaseh
203518108,2643093,hr,Kiaseh
203518416,2643097,hr,Sarab-e Kian
203518570,2643099,hr,Kia Kola
203518647,2643100,hr,Kia Kola
203518878,2643103,hr,kyaban
203518955,2643104,hr,kyabad
203519109,2643106,hr,Khowy
203519186,2643107,hr,Khowy
203520418,2643123,hr,Khowshab-e `Olya
203520726,2643127,hr,khwsh abad
203521034,2643131,hr,Khowsh Ab
203521573,2643138,hr,Khowrmiz-e `Olya
203521650,2643139,hr,Khowrmiz-e `Olya
203522035,2643144,hr,Khurheh
203522112,2643145,hr,Khowrand
203522420,2643149,hr,Khur
203522497,2643150,hr,Khvansar
203522959,2643156,hr,Khvansar
203523113,2643158,hr,Khvachekin
203523267,2643160,hr,Khvajeh Rabi`
203524268,2643173,hr,Khvajeh Kari Mahalleh
203524730,2643179,hr,khwajh abad
203524884,2643181,hr,Khvajeh
203525192,2643185,hr,Khuzi
203525269,2643186,hr,Khuzankola
203526039,2643196,hr,Khusf
203526116,2643197,hr,Khusf
203526193,2643198,hr,Khusef
203526270,2643199,hr,Khowrzan
203526501,2643202,hr,Khurvin
203526578,2643203,hr,Khowr-e Shahab
203526732,2643205,hr,Khurian
203526963,2643208,hr,Khowrheh
203527194,2643211,hr,Khowr-e Bala
203527271,2643212,hr,Khur Ab
203527348,2643213,hr,Khur
203527579,2643216,hr,Khur
203527656,2643217,hr,Khur
203527733,2643218,hr,Gostu'iyeh
203528041,2643222,hr,Khunik-e Baz
203528195,2643224,hr,Khunik-e Pa Godar
203528426,2643227,hr,Khunik-e Mir `Abbasi
203528657,2643230,hr,Khundab
203528734,2643231,hr,khwnan
203528888,2643233,hr,Khumeh Zar
203529735,2643244,hr,khwbyar
203529889,2643246,hr,khzaq
203529966,2643247,hr,Boneh-ye Hajat
203530274,2643251,hr,Khowsh Ab
203530890,2643259,hr,Khowlak
203530967,2643260,hr,Khujin
203531121,2643262,hr,Khavit
203531352,2643265,hr,Khosrud
203531506,2643267,hr,Khosrowshahr
203531583,2643268,hr,Khosrowshahr
203531660,2643269,hr,Khosrow Mir
203533046,2643287,hr,Shahr-e Emam
203534201,2643302,hr,Khoshk Rud
203534355,2643304,hr,Khoshkrud
203534586,2643307,hr,Khoshkrud
203534740,2643309,hr,Khoshkeh lat
203534971,2643312,hr,Khoshk Estalkh
203535048,2643313,hr,Khoshkeh Dul
203535356,2643317,hr,Khoshk Bijar
203536049,2643326,hr,Khoruseh
203536126,2643327,hr,Khorus Darreh
203536434,2643331,hr,Khorsand
203536511,2643332,hr,Horamšaher
203536896,2643337,hr,Qal'eh-ye Hoseyniyeh
203537050,2643339,hr,Khorramdasht
203537743,2643348,hr,Khorramabad
203538051,2643352,hr,Khorramabad
203538205,2643354,hr,Horamabad
203539437,2643370,hr,khrashad
203539822,2643375,hr,Khonj
203540284,2643381,hr,Khondab
203540438,2643383,hr,Khomeyni Shahr
203540669,2643386,hr,Khenejin
203540977,2643390,hr,Homeyn
203541054,2643391,hr,Homestan
203541439,2643396,hr,Khomarlu
203541593,2643398,hr,Khomarak
203541670,2643399,hr,khmam
203543672,2643425,hr,Kheyaru
203544134,2643431,hr,Khezerlu
203544365,2643434,hr,Khezrabad
203544442,2643435,hr,Khezrabad
203544519,2643436,hr,Khezrabad
203545058,2643443,hr,Kheyr Rud Kenar
203546829,2643466,hr,Kheyrabad
203548677,2643490,hr,Kheyrabad
203548985,2643494,hr,Kheyrabad
203549678,2643503,hr,Khesht Sar
203550217,2643510,hr,khsht
203550294,2643511,hr,khsht
203550987,2643520,hr,Kherameh
203552758,2643543,hr,Khovis
203552835,2643544,hr,Khaveh
203552912,2643545,hr,Khaveh
203552989,2643546,hr,Khaveh
203553682,2643555,hr,Khatunak
203553913,2643558,hr,Hotanabad
203554221,2643562,hr,Band-e Bon
203554298,2643563,hr,Khater-e `Olya
203554529,2643566,hr,Razi-ye Hamd
203554606,2643567,hr,Khasraj-e Jenadeleh
203554837,2643570,hr,Khesmakh-e Bala
203555145,2643574,hr,Kharu-ye `Olya
203555222,2643575,hr,Kharu-ye `Olya
203555838,2643583,hr,Khersheh
203556146,2643587,hr,Kharq
203557224,2643601,hr,Pardeh Gusheh
203558687,2643620,hr,Kharestan-e Sofla
203558995,2643624,hr,Gozar Khar Eshkaft
203559303,2643628,hr,khardwn
203559688,2643633,hr,Kharbal
203559765,2643634,hr,Kharrazan
203559919,2643636,hr,Bala Mahalleh-ye Khereshk
203560304,2643641,hr,Kharanaq
203560997,2643650,hr,Kharaji
203561151,2643652,hr,Kheref
203561536,2643657,hr,Khanuk
203563384,2643681,hr,Khaniman
203563461,2643682,hr,khanyk shah
203563615,2643684,hr,Khanian
203564154,2643691,hr,Khanevaneh
203564308,2643693,hr,khanqah sadat
203564539,2643696,hr,Khaneqah Juju
203566618,2643723,hr,Khandan Qoli
203566695,2643724,hr,Khondab
203566849,2643726,hr,Kan Bebin
203567234,2643731,hr,khanqah
203567619,2643736,hr,Khan Ahmad-e Vasat
203567773,2643738,hr,Hanafareh
203568004,2643741,hr,Khanabad
203568158,2643743,hr,Khanabad
203568774,2643751,hr,Khameneh
203568851,2643752,hr,Khammas
203569005,2643754,hr,Bandar-e Khamir
203569390,2643759,hr,Khomedeh
203569698,2643763,hr,Al-Khabil
203570622,2643775,hr,Khalilabad
203571854,2643791,hr,Khalifeh Bolaghi
203572316,2643797,hr,Khalichian
203573471,2643812,hr,Khaledin
203573625,2643814,hr,khald abad
203573933,2643818,hr,Khal`at Pushan
203574472,2643825,hr,Khalaj
203574626,2643827,hr,Khalaj
203575550,2643839,hr,Khakriz
203575781,2643842,hr,Khagineh-ye Bala
203576166,2643847,hr,Khak-e `Ali
203576397,2643850,hr,Hafr
203576628,2643853,hr,Kha'en
203576782,2643855,hr,Khadem Anlu
203577244,2643861,hr,`Abbasabad
203577321,2643862,hr,Khabar Arkhi
203577475,2643864,hr,aqdash
203577706,2643867,hr,Kileh Golan
203578630,2643879,hr,Kaštiban
203579400,2643889,hr,ksgan
203579554,2643891,hr,Kesb
203579631,2643892,hr,Kezrum
203579708,2643893,hr,Keruyeh
203579785,2643894,hr,Korukan
203580016,2643897,hr,Kermu
203580093,2643898,hr,Kermestan
203580324,2643901,hr,Kermanšah
203580401,2643902,hr,krmanshah
203580632,2643905,hr,Kerman
203580786,2643907,hr,Kermalak-e Bala
203580940,2643909,hr,Kerk
203581248,2643913,hr,Koreh Zar
203581402,2643915,hr,Keridi
203581479,2643916,hr,Karti
203581556,2643917,hr,Kereški
203581710,2643919,hr,Kerend-e Gharb
203582018,2643923,hr,Kerdil
203582480,2643929,hr,krd abad
203582557,2643930,hr,kerčanski
203582634,2643931,hr,Kerč
203582711,2643932,hr,Kenar Sar-e Bozorg
203582788,2643933,hr,Konar Kuh
203582865,2643934,hr,Konarju
203583096,2643937,hr,Konareh
203583481,2643942,hr,Kanarang
203583558,2643943,hr,Konarun
203583789,2643946,hr,Mantaqeh-ye Kelisyun
203583866,2643947,hr,Kelishom
203584020,2643949,hr,Kelid bar
203584097,2643950,hr,Kelidar
203584251,2643952,hr,Keltu'iyeh
203584328,2643953,hr,Kalachu
203584482,2643955,hr,Ključ
203584636,2643957,hr,Kedenj
203584713,2643958,hr,Kachi
203584867,2643960,hr,Kazzaz-e Pa'in
203584944,2643961,hr,Kazzaz-e Bala
203585021,2643962,hr,Gazvar-e Sofla
203585252,2643965,hr,Kazerun
203585560,2643969,hr,Kazem Hamd
203585637,2643970,hr,kazm abad
203585791,2643972,hr,kazm abad
203585868,2643973,hr,kazm abad
203586022,2643975,hr,kazm abad
203586253,2643978,hr,kazm abad
203586330,2643979,hr,kazm abad
203586561,2643982,hr,Gazangan
203586715,2643984,hr,Kezab
203586792,2643985,hr,Kani Vosheh
203587023,2643988,hr,Kayd Reza
203587100,2643989,hr,kaydan
203587177,2643990,hr,Kian-e Sofla
203587408,2643993,hr,Kavmeleh
203587485,2643994,hr,Kavelan-e Sofla
203587639,2643996,hr,Kavir Kaj
203587716,2643997,hr,Kavian
203587947,2644000,hr,Kavart
203588024,2644001,hr,Kavareh Lavan
203588178,2644003,hr,Gavar
203588255,2644004,hr,Qal`eh Kohneh Kavar
203588409,2644006,hr,Kavand
203588486,2644007,hr,Kavand
203588871,2644012,hr,Simin Šahr
203588948,2644013,hr,Simin Shahr
203589025,2644014,hr,Katra
203589102,2644015,hr,Katiran-e Sofla
203589564,2644021,hr,Kateh Shamshir-e `Olya
203589641,2644022,hr,Kateh Sar
203589872,2644025,hr,Kateh
203590026,2644027,hr,ktalan
203590257,2644030,hr,Kata
203590565,2644034,hr,kastan
203590642,2644035,hr,Kasrineh
203590796,2644037,hr,Kas Pardeh
203590873,2644038,hr,Kas Nazan
203591104,2644041,hr,Kaslan Qiyeh
203591181,2644042,hr,kaskan
203591335,2644044,hr,kasyn
203591412,2644045,hr,Kasik
203591489,2644046,hr,Qal`eh-ye Kasbian
203591951,2644052,hr,Keshtu
203592028,2644053,hr,kashtr
203592105,2644054,hr,Kashmarz
203592182,2644055,hr,Kašmar
203592259,2644056,hr,Koshku'iyeh
203592336,2644057,hr,Koshku'iyeh
203592413,2644058,hr,Kashku'iyeh
203592798,2644063,hr,kshk abad
203592875,2644064,hr,kashy
203593106,2644067,hr,Keshavarz
203593414,2644071,hr,kashank
203593491,2644072,hr,Kašan
203593568,2644073,hr,Kashadeleh
203593722,2644075,hr,kasf
203594030,2644079,hr,kasgan
203594107,2644080,hr,Kasehabad
203594184,2644081,hr,Kaseb
203594261,2644082,hr,Kasih
203594338,2644083,hr,Kasavand
203594415,2644084,hr,Kasavand
203594492,2644085,hr,Kasanaq
203594569,2644086,hr,Karzin
203594646,2644087,hr,Kazabar
203594954,2644091,hr,Kuran Dap
203595108,2644093,hr,karwan
203595185,2644094,hr,Karuk
203595416,2644097,hr,Kartilabad
203595570,2644099,hr,Karsang
203595647,2644100,hr,Kari`
203595801,2644102,hr,Gari
203595955,2644104,hr,Karrab
203596186,2644107,hr,Ka Rostam
203596417,2644110,hr,karmrd
203596571,2644112,hr,Karm `Ali
203596802,2644115,hr,Kar Konan
203596879,2644116,hr,Karkindar
203597110,2644119,hr,karkhanh
203597187,2644120,hr,Karkhaneh Sefid Kan
203597264,2644121,hr,Kark-e `Olya
203597341,2644122,hr,Karkasar
203597495,2644124,hr,Karkanak
203597572,2644125,hr,krkan
203597649,2644126,hr,krkan
203597726,2644127,hr,Karrehkan
203597803,2644128,hr,Kark-e Sofla
203597880,2644129,hr,Kork-e 'Olya
203598034,2644131,hr,karjy
203598342,2644135,hr,Kariz-e Sabz
203598419,2644136,hr,Karizak-e Nagahani
203598496,2644137,hr,Karizak-e Nagahani
203598573,2644138,hr,Karizak
203598727,2644140,hr,Kariz
203599112,2644145,hr,Karimabad
203599420,2644149,hr,Karimabad
203599574,2644151,hr,Karimabad
203599728,2644153,hr,Karimabad
203599805,2644154,hr,Karimabad
203599959,2644156,hr,Karimabad
203600113,2644158,hr,Karimabad
203600190,2644159,hr,Karimabad
203600498,2644163,hr,Karimabad
203600729,2644166,hr,Karimabad
203600806,2644167,hr,Karimabad
203600883,2644168,hr,Karimabad
203601037,2644170,hr,Karimabad
203601191,2644172,hr,Karimabad
203601422,2644175,hr,Karimabad
203601499,2644176,hr,Karimabad-e Ansari
203601730,2644179,hr,Karian
203601807,2644180,hr,Kari
203601884,2644181,hr,Kar Guški
203601961,2644182,hr,gargh
203602192,2644185,hr,Karganeh
203602269,2644186,hr,Kargan-e Kadim
203602346,2644187,hr,krgan
203602500,2644189,hr,Karkaj
203602808,2644193,hr,Kareyak
203602885,2644194,hr,karshk
203603193,2644198,hr,Karkuyeh
203603655,2644204,hr,Kardijan
203603732,2644205,hr,kardh
203603886,2644207,hr,Kardar
203604040,2644209,hr,kardanh
203604117,2644210,hr,karchan
203604656,2644217,hr,Karsof
203604887,2644220,hr,Keran-e Pa'in
203605734,2644231,hr,Karadž
203605965,2644234,hr,Karafi
203606119,2644236,hr,Karf-e 'Olya
203606427,2644240,hr,kr abad
203608891,2644272,hr,Kani Savaran
203609584,2644281,hr,Cheshmeh Sefid
203609738,2644283,hr,Kanij Kola
203610508,2644293,hr,Kangavar
203611278,2644303,hr,Bandar-e Kangan
203611894,2644311,hr,Kandolus
203612510,2644319,hr,Gandeh Lat-e Pa'in
203613665,2644334,hr,Konarak-e 'Olya
203614050,2644339,hr,kamyaran
203614512,2644345,hr,Kamshahr
203615744,2644361,hr,Kameh-ye Bala
203617130,2644379,hr,Kamar Siah
203618593,2644398,hr,Kamand
203618747,2644400,hr,Kamalvand
203619594,2644411,hr,kmal abad
203619825,2644414,hr,kmal abad
203621365,2644434,hr,Sardasht-e Kalus
203622135,2644444,hr,Bala Kal-e Nadan
203622366,2644447,hr,Kal Matali
203622443,2644448,hr,Kal Matali
203622982,2644455,hr,Kalleh Mar-e Pa'in
203624291,2644472,hr,kaljan
203624445,2644474,hr,Kaliri
203624907,2644480,hr,Kaliyan
203625446,2644487,hr,Kalgeh Milas
203626062,2644495,hr,Kaleybar
203626524,2644501,hr,Kaleh
203627294,2644511,hr,Kalbi Bak
203627833,2644518,hr,Kalaveh
203628449,2644526,hr,Zaman Sufi
203628834,2644531,hr,Kalateh-ye Torkha
203629065,2644534,hr,Kalateh-ye Khorram
203629527,2644540,hr,Kalateh-ye šejh
203629835,2644544,hr,Kalateh-ye Sanjar
203632376,2644577,hr,Kalateh-ye Malaleh
203632607,2644580,hr,Kalateh-ye Khij
203632684,2644581,hr,Kalateh-ye Khan
203632915,2644584,hr,Kalateh-ye Khan
203633377,2644590,hr,Kalateh-ye Kal Bisheh
203633685,2644594,hr,Sukhsu Rahimi
203634147,2644600,hr,Kalateh-ye Fashay
203634378,2644603,hr,Kalateh-ye Darvish
203634532,2644605,hr,Kalateh-ye Chenar
203634609,2644606,hr,Kalateh-ye Baqer Khan
203635841,2644622,hr,Kalateh Sarharu
203636457,2644630,hr,Kalat-e 'Ali Shir
203636611,2644632,hr,Kalat
203637150,2644639,hr,klash
203637381,2644642,hr,klar abad
203637612,2644645,hr,Kalantar
203638151,2644652,hr,Kalangi
203638536,2644657,hr,Vasefjan
203639075,2644664,hr,Kalaleh
203639383,2644668,hr,Kalak Khan
203640076,2644677,hr,Kallaj
203640230,2644679,hr,kla chay
203640615,2644684,hr,Kal
203640923,2644688,hr,Kaku-ye Sofla
203641000,2644689,hr,Kakun
203641616,2644697,hr,Kaki
203641847,2644700,hr,Kahak
203642386,2644707,hr,Kaka `Abbas
203642925,2644714,hr,Kejan
203643156,2644717,hr,Kujuvar
203643464,2644721,hr,Kahriz Sang
203644465,2644734,hr,Gah Tuyeh
203645389,2644746,hr,Kahriz-e Nazem
203645466,2644747,hr,Kahriz-e Salim
203645620,2644749,hr,Kahriz-e Jamal
203645928,2644753,hr,Kahrizak
203646005,2644754,hr,Kahrizak
203648546,2644787,hr,Kahn Shahr-e `Olya
203649162,2644795,hr,Qanat-e Qazi
203650240,2644809,hr,Kunak
203650394,2644811,hr,khnab
203650779,2644816,hr,Gahlu
203650933,2644818,hr,Kahleh
203652550,2644839,hr,Kahak
203653320,2644849,hr,Kafterud
203653551,2644852,hr,Kaftarak
203653628,2644853,hr,Kafshgiri
203654167,2644860,hr,kfraj
203654706,2644867,hr,Kafdehak Shahrsazi
203655399,2644876,hr,Kadkan
203655630,2644879,hr,Kachuyeh
203655707,2644880,hr,Gachuyeh
203656631,2644892,hr,Kuchak Mahalleh
203657093,2644898,hr,Kacha
203658017,2644910,hr,Kabud Kamar
203658633,2644918,hr,Kabudan
203658710,2644919,hr,Kabudan
203659018,2644923,hr,kbgan
203659249,2644926,hr,Kabir
203659326,2644927,hr,Kurik
203659634,2644931,hr,Eyvan
203659788,2644933,hr,Juyom
203659942,2644935,hr,Juybar
203660173,2644938,hr,Jowshaqan
203660481,2644942,hr,Juraqan
203660789,2644946,hr,Juqin
203660943,2644948,hr,Junqan
203661020,2644949,hr,Junqan
203662791,2644972,hr,jwzjan
203663099,2644976,hr,Jujergan
203663330,2644979,hr,Cham Sukhteh
203663407,2644980,hr,jwzan
203663484,2644981,hr,jwzan
203663715,2644984,hr,Jowz
203663792,2644985,hr,Jowz
203664254,2644991,hr,Jushqan
203664331,2644992,hr,Jushqan
203665409,2645006,hr,Jowkan-e Pa'in
203665717,2645010,hr,Jovestan
203665948,2645013,hr,Jubijarkol
203667026,2645027,hr,Jond
203667334,2645031,hr,Jenah
203667950,2645039,hr,julfa
203668566,2645047,hr,jghtay
203669875,2645064,hr,Jir Deh
203669952,2645065,hr,Jirandeh
203670029,2645066,hr,Jirandeh
203670645,2645074,hr,Jildan
203671030,2645079,hr,Jijian
203671877,2645090,hr,Jeyran Bolaghi
203671954,2645091,hr,jyran
203672108,2645093,hr,Jeyhunabad
203672416,2645097,hr,Jeshnian
203672801,2645102,hr,Jereh
203673340,2645109,hr,Jelow Gir
203673417,2645110,hr,Jelowgir
203674726,2645127,hr,khark
203674880,2645129,hr,Jazireh-ye Shomali
203675573,2645138,hr,Jazan
203675804,2645141,hr,jayzan
203676266,2645147,hr,Javazm
203676420,2645149,hr,Javash
203676728,2645153,hr,Javanrud
203676805,2645154,hr,Javanmardi
203676882,2645155,hr,jwanmrd abad
203677344,2645161,hr,Javalqian
203678037,2645170,hr,Javadiyeh
203678191,2645172,hr,Jetut
203678422,2645175,hr,Jask-e Kohneh
203678499,2645176,hr,jask
203678807,2645180,hr,Jaru-ye Pa'in
203679654,2645191,hr,Jark
203680193,2645198,hr,Jarba
203681579,2645216,hr,Jannatabad
203682349,2645226,hr,Jongiyeh
203682888,2645233,hr,Jangal
203683196,2645237,hr,Jandaq
203683504,2645241,hr,jan ahmd
203683735,2645244,hr,Jamshidabad
203684120,2645249,hr,Janqan
203684197,2645250,hr,jam khanh
203684351,2645252,hr,Jamilabad
203684582,2645255,hr,Jamkaran
203684890,2645259,hr,Jambarjuq
203685044,2645261,hr,Jamalkeh
203685891,2645272,hr,jmal abad
203686892,2645285,hr,Jannat Makan
203686969,2645286,hr,Jannat Makan
203687046,2645287,hr,Mahmud Kalahi
203687354,2645291,hr,Jalilabad
203687893,2645298,hr,Jeliz Jand
203688201,2645302,hr,Jalayer
203688355,2645304,hr,Jalaran
203688586,2645307,hr,Jalali
203688817,2645310,hr,Jalalabad
203689895,2645324,hr,Jalakbar
203690203,2645328,hr,jajrm
203690280,2645329,hr,Jajang
203690665,2645334,hr,Džahrom
203691358,2645343,hr,Jaghdari
203691589,2645346,hr,Jahanshahi
203692051,2645352,hr,Jan Khani
203692513,2645358,hr,Jahanabad
203693052,2645365,hr,Jahanabad
203693437,2645370,hr,Jagharq
203694823,2645388,hr,Ja`farabad
203695362,2645395,hr,Ja`farabad
203695824,2645401,hr,Ja`farabad
203696440,2645409,hr,Ja`farabad
203696517,2645410,hr,Ja`farabad
203696748,2645413,hr,Ja`farabad
203697672,2645425,hr,Jadval-e Sada
203697749,2645426,hr,Jabrin
203698365,2645434,hr,jaban
203698519,2645436,hr,Bam-e Dezh
203698827,2645440,hr,Irar
203698981,2645442,hr,Izad Khvast
203699520,2645449,hr,Ivar
203699751,2645452,hr,Ivand
203699982,2645455,hr,'Isvand
203700059,2645456,hr,Isti Su
203700598,2645463,hr,`Isa Beyglu
203701060,2645469,hr,`Isaabad
203701214,2645471,hr,Iri-ye Sofla
203701291,2645472,hr,Iri-ye Bala
203702061,2645482,hr,Ira
203702600,2645489,hr,Incheh Borun
203702908,2645493,hr,Ilud
203702985,2645494,hr,Ilkheči
203703062,2645495,hr,Ilkči
203703293,2645498,hr,Idah Lik
203703447,2645500,hr,Ilbegi
203703832,2645505,hr,Ilam
203704140,2645509,hr,Ich
203704294,2645511,hr,Ij
203704525,2645514,hr,Igdir
203705141,2645522,hr,Hoveyzeh
203705372,2645525,hr,Hutak
203705449,2645526,hr,Hotak
203705680,2645529,hr,Hozhdan
203706604,2645541,hr,Hurand
203706758,2645543,hr,Hurand
203707143,2645548,hr,Hunestan
203707297,2645550,hr,Hun
203707451,2645552,hr,Humadan
203707682,2645555,hr,Hukerd
203709145,2645574,hr,Havir
203709915,2645584,hr,Hasur
203710146,2645587,hr,Hoseyvand
203710608,2645593,hr,Hasnijeh
203710762,2645595,hr,Hoseyniyeh
203711070,2645599,hr,Hoseyn Gorg
203711532,2645605,hr,Hoseynabad-e Sarzeh
203711686,2645607,hr,Hoseynabad-e Vosta
203711994,2645611,hr,Hoseynabad-e Shamlu
203712148,2645613,hr,Kavdaneh-ye Hoseyn-e Sofla
203712225,2645614,hr,Hoseynabad-e Sar Jangal
203712687,2645620,hr,Hoseynabad-e Nazem
203712918,2645623,hr,Hoseynabad Mahlar-e Sofla
203713303,2645628,hr,Hosenabad-e Pa'in
203713611,2645632,hr,Hoseynabad-e Foshtaqqeh
203714227,2645640,hr,Hoseynabad-e Bala
203714381,2645642,hr,Hoseynabad-e Aqa
203714612,2645645,hr,Hoseynabad-e `Ameriyeh
203714843,2645648,hr,Hoseynabad
203714920,2645649,hr,Kalateh-ye Mo'in
203715074,2645651,hr,Hoseynabad-e Kalpush
203715305,2645654,hr,Hoseynabad
203715767,2645660,hr,Hoseynabad
203716460,2645669,hr,Hoseynabad-e Taherabad
203717615,2645684,hr,Hoseynabad
203717692,2645685,hr,Hoseynabad
203717846,2645687,hr,Hoseynabad
203718231,2645692,hr,Hoseynabad
203718847,2645700,hr,Hoseynabad
203719771,2645712,hr,Hoseynabad
203719925,2645714,hr,Hoseynabad Amin
203720387,2645720,hr,Hoseynabad
203720464,2645721,hr,Hoseynabad
203720541,2645722,hr,Hoseynabad
203720695,2645724,hr,Hoseynabad
203722928,2645753,hr,Hoseynabad
203723698,2645763,hr,Hormozabad
203723929,2645766,hr,Hormoz
203724314,2645771,hr,Horestaneh-ye Sofla
203725161,2645782,hr,Umm Hasmasah
203726393,2645798,hr,Halor
203726778,2645803,hr,Hojjatabad
203727702,2645815,hr,HIV
203728472,2645825,hr,Hineman
203728549,2645826,hr,Hanabad-e Sofla
203728703,2645828,hr,Bok Kuh
203728780,2645829,hr,Bok Kuh
203728934,2645831,hr,Hidaj
203729011,2645832,hr,Hidaj
203729319,2645836,hr,Herarun
203729858,2645843,hr,Hezar Khani
203730320,2645849,hr,hzar abad
203731321,2645862,hr,Heydareh-ye Qazi Khan
203732707,2645880,hr,Jannat Shahr
203732861,2645882,hr,Heydarabad-e Sofla
203733400,2645889,hr,Heybat Beyg
203733477,2645890,hr,hej
203734170,2645899,hr,Hašađin
203734247,2645900,hr,Hesaru'iyeh
203734401,2645902,hr,Hesar-e Sorkh
203734940,2645909,hr,Hesar Kharvan
203735094,2645911,hr,Hesar Gowdal
203735556,2645917,hr,Hesar-e Pa'in
203736018,2645923,hr,Hesar
203736172,2645925,hr,Hesar
203738174,2645951,hr,Hesar
203738251,2645952,hr,'Esar
203738328,2645953,hr,Hesar
203738405,2645954,hr,Hesami
203738559,2645956,hr,Hesamabad
203739406,2645967,hr,hrgan
203739560,2645969,hr,Heris
203739637,2645970,hr,Heris
203740099,2645976,hr,Havavarjan
203740869,2645986,hr,Hendudar
203741023,2645988,hr,Hendurabi
203741408,2645993,hr,Hendijan
203742178,2646003,hr,Hemmatabad
203743410,2646019,hr,Halpah'i
203743872,2646025,hr,Hellak
203744026,2646027,hr,hl abad
203744180,2646029,hr,Hojedk
203744411,2646032,hr,Hachirud
203744565,2646034,hr,Al Hebal
203744950,2646039,hr,Hazaveh
203745181,2646042,hr,Hezar Jarib
203746182,2646055,hr,Havas
203746336,2646057,hr,Havareh Khul
203747183,2646068,hr,Hast
203747568,2646073,hr,Molowghan
203747722,2646075,hr,Hashtgerd
203748107,2646080,hr,Horr
203748723,2646088,hr,Hashemabad
203748800,2646089,hr,Hashemabad
203749493,2646098,hr,Haščeh-je Sofla
203749801,2646102,hr,Hasham Howd
203749955,2646104,hr,Hesar
203750032,2646105,hr,Hasan Teymur
203750571,2646112,hr,Hasan Nuran
203750725,2646114,hr,Hasanlu
203750802,2646115,hr,Hasanlu
203751110,2646119,hr,Hasan Kiadeh
203752265,2646134,hr,Hasanabad-e Tazeh Kand
203752727,2646140,hr,Hasanabad
203752958,2646143,hr,Hasanabad
203754036,2646157,hr,Hasanabad
203755191,2646172,hr,Hasanabad
203756346,2646187,hr,Hasanabad-e `Olya
203756731,2646192,hr,Hasanabad
203758964,2646221,hr,Hasanabad
203759503,2646228,hr,Harzand-e `Atiq
203760042,2646235,hr,Haruni
203760658,2646243,hr,Harsin
203760735,2646244,hr,Harsin
203761505,2646254,hr,Hariqan
203762814,2646271,hr,Harandeh
203762891,2646272,hr,Harandeh
203763045,2646274,hr,Khorramabad
203763276,2646277,hr,Haqqeh
203763430,2646279,hr,Haq ol Khvajeh
203764123,2646288,hr,Hanna
203765278,2646303,hr,Hanaru
203765432,2646305,hr,Honek-e Bala
203765740,2646309,hr,Hana
203766279,2646316,hr,Hamzehlu-ye `Olya
203767588,2646333,hr,Homeyl
203767742,2646335,hr,Hamidiyeh
203767973,2646338,hr,Hamidabad
203768204,2646341,hr,Hamgin
203768358,2646343,hr,Hameh Kasi
203769205,2646354,hr,Hamadan
203769436,2646357,hr,Halvan
203769898,2646363,hr,Holudar-e Pa'in
203770206,2646367,hr,Halizabad
203771361,2646382,hr,Haleb
203771515,2646384,hr,Jannat Shahr
203771669,2646386,hr,Hakimabad
203772208,2646393,hr,haj kaka
203772747,2646400,hr,Hadži Kušan
203772978,2646403,hr,Hadži Nasrollah
203773594,2646411,hr,Hadžilu
203773748,2646413,hr,Hadžilar
203773825,2646414,hr,Hadži Kheder
203773902,2646415,hr,Hadži Hademi
203775442,2646435,hr,Hajji 'Ata
203777213,2646458,hr,Hajjiabad
203777367,2646460,hr,Hajjiabad
203778907,2646480,hr,Hajjiabad
203780216,2646497,hr,Hajjiabad
203780370,2646499,hr,Hajjiabad
203780601,2646502,hr,Qal`eh Hajj Mohammad
203780986,2646507,hr,Hadžij-e Bozorg
203781756,2646517,hr,Haftkhvan
203781833,2646518,hr,Haft Juy
203782218,2646523,hr,Haftkel
203782295,2646524,hr,Hafteh
203783219,2646536,hr,Hafshejan
203784836,2646557,hr,Hadan
203786145,2646574,hr,Guyom
203786915,2646584,hr,Gushkhani
203787223,2646588,hr,Sa`d-e Vaqas
203789071,2646612,hr,Gurzang
203790072,2646625,hr,Gurijeh
203790457,2646630,hr,Gur Khalaj
203791304,2646641,hr,Gur-e Bizhan
203791612,2646645,hr,Gurband
203792151,2646652,hr,Gambrun
203792613,2646658,hr,Gurab Zarmikh
203793537,2646670,hr,Gunian
203793768,2646673,hr,Gulvand
203793922,2646675,hr,Gulab-e Sofla
203794153,2646678,hr,Gukjeh
203794538,2646683,hr,Gujan
203794769,2646686,hr,Gugeli
203795077,2646690,hr,Guged
203795462,2646695,hr,Gupol
203795770,2646699,hr,Gozar Kajin
203796078,2646703,hr,gzl abdal
203796155,2646704,hr,Gowzal Darreh
203797002,2646715,hr,Gowhardan
203797079,2646716,hr,Gowharan
203797156,2646717,hr,Gowharan
203797387,2646720,hr,Guk Tappeh
203797926,2646727,hr,Gugjeh
203798542,2646735,hr,Gowdin
203799389,2646746,hr,Gowd-e Bajak
203799543,2646748,hr,Gowdar
203800621,2646762,hr,Govabin
203800698,2646763,hr,Gotav
203801930,2646779,hr,Gorji Mahalleh
203803778,2646803,hr,Gorgan
203804086,2646807,hr,Gorbah Dan
203804625,2646814,hr,gnjan
203805549,2646826,hr,Gonbad Jeq
203805626,2646827,hr,Gonbad-e Kabus
203805703,2646828,hr,Gonbad Pir Mohammad
203805857,2646830,hr,Gonbad-e Hadži
203806627,2646840,hr,Gonahran
203806858,2646843,hr,gnabad
203807474,2646851,hr,Guran
203808706,2646867,hr,Gol Zard
203809784,2646881,hr,Gol Tappeh
203809861,2646882,hr,Gol Tappeh
203810246,2646887,hr,Golshan
203810323,2646888,hr,Golshan
203810631,2646892,hr,Golpayegan
203810862,2646895,hr,Golparabad
203811478,2646903,hr,Golmakan
203811632,2646905,hr,Gol Makan-e `Olya
203812325,2646914,hr,Gol Khandan
203812864,2646921,hr,Goljeh
203813480,2646929,hr,Golijan
203814635,2646944,hr,Golgir
203814712,2646945,hr,Golgir
203815405,2646954,hr,Golestanak
203815482,2646955,hr,Golestanak
203817407,2646980,hr,Gol Darreh
203817561,2646982,hr,Golčidar
203817792,2646985,hr,Galbus
203819024,2647001,hr,Tak Khowri
203819178,2647003,hr,Galan
203819255,2647004,hr,Golan
203819332,2647005,hr,Golameh
203819486,2647007,hr,Golakvor
203820487,2647020,hr,Gohreh
203821719,2647036,hr,Gobeybeh
203821796,2647037,hr,gywshad
203822181,2647042,hr,Givak-e Pa'in
203823336,2647057,hr,Gis
203823490,2647059,hr,Giri
203824106,2647067,hr,Gilan-e Gharb
203824645,2647074,hr,Ključ Zarrin
203824722,2647075,hr,Gilabad
203824799,2647076,hr,Gikh
203824953,2647078,hr,Gijali-ye Pa'in
203825261,2647082,hr,Kian
203826416,2647097,hr,Gholaman-e Sofla
203826570,2647099,hr,Gheyl
203827109,2647106,hr,Gheyzaniyeh
203827648,2647113,hr,Gheybi Sur
203827802,2647115,hr,Ghevezeh
203828187,2647120,hr,Ghazaviyeh-ye Seh
203828418,2647123,hr,ghrq abad
203828803,2647128,hr,Gharghan
203829111,2647132,hr,Gharbeh Ab-e Talkhow
203829573,2647138,hr,Boneh-ye Ghanem
203829958,2647143,hr,Ghadir Saberi
203830420,2647149,hr,Gazdan-e šejh
203830574,2647151,hr,Gezaz
203830651,2647152,hr,Gorz Darreh
203830882,2647155,hr,Kavarzin
203832653,2647178,hr,Gerizeh
203832730,2647179,hr,Gerivan
203832961,2647182,hr,Geri Dowji
203833577,2647190,hr,Gerdu
203834116,2647197,hr,Gerdian
203834193,2647198,hr,Gerdekaneh
203834501,2647202,hr,Gerd Ka Shaneh
203834963,2647208,hr,Gerdab-e `Olya
203835117,2647210,hr,grash
203835887,2647220,hr,Gel-e Sefid
203835964,2647221,hr,Gel Sefid
203836195,2647224,hr,Gerdkhun
203837427,2647240,hr,Gel
203837581,2647242,hr,Goli Anjir
203837889,2647246,hr,Gaz-e Taheri
203838043,2647248,hr,Gaztaf-e `Olya
203838351,2647252,hr,Ja'fariyeh
203838428,2647253,hr,Gazpotin-e Kalantar
203838505,2647254,hr,gazrkhan
203839506,2647267,hr,Gazik
203839583,2647268,hr,Gazik
203839660,2647269,hr,Gazidari-ye `Olya
203839814,2647271,hr,Gazi
203841200,2647289,hr,gazban
203841585,2647294,hr,Gazaneh
203841816,2647297,hr,Gazanak
203842278,2647303,hr,gz abad
203842817,2647310,hr,Gavternav
203842894,2647311,hr,gaw swr
203843433,2647318,hr,Gavog
203844588,2647333,hr,Gav Khosb
203844742,2647335,hr,Gav Khaneh
203845281,2647342,hr,Gugan
203845820,2647349,hr,Gav Daneh
203846205,2647354,hr,parzijski
203846359,2647356,hr,gawdanh
203846436,2647357,hr,Govaz
203846590,2647359,hr,Govareshk
203846821,2647362,hr,Gavanleh
203847745,2647374,hr,Gotvand
203848438,2647383,hr,Gask
203848592,2647385,hr,gešulik
203849208,2647393,hr,Geshi
203849747,2647400,hr,Kolhiman
203849978,2647403,hr,Garus-e Sofla
203850055,2647404,hr,Garus
203850209,2647406,hr,Garak-e Pa'in
203850440,2647409,hr,Garuk
203850517,2647410,hr,Garuk
203850594,2647411,hr,gartumb
203851210,2647419,hr,Garow
203851672,2647425,hr,grmsar
203851903,2647428,hr,grm khan
203852211,2647432,hr,Germi
203852596,2647437,hr,Garmeh
203852750,2647439,hr,Garmeh
203853058,2647443,hr,Garmab Šah
203853212,2647445,hr,njemački
203853366,2647447,hr,Garmabsard
203853520,2647449,hr,Garmabdar
203853674,2647451,hr,grmab
203853905,2647454,hr,grmab
203854444,2647461,hr,Garm-e `Olya
203854675,2647464,hr,Garku
203855214,2647471,hr,Karangan
203855368,2647473,hr,Gargur
203855984,2647481,hr,Garkan-e Bala
203856215,2647484,hr,Gareh Chogha
203856831,2647492,hr,garazh
203858525,2647514,hr,Garab
203859141,2647522,hr,Ganj Tappeh
203859372,2647525,hr,gnjgah
203860681,2647542,hr,Ganjabad
203861528,2647553,hr,Gandom Zar
203861682,2647555,hr,Gandomineh
203861990,2647559,hr,Gandoman
203862837,2647570,hr,Gonbad Ab
203863530,2647579,hr,Bandar-e Genaveh
203863992,2647585,hr,Gamichi
203864916,2647597,hr,Galugah
203864993,2647598,hr,Galugah
203865917,2647610,hr,Galikeš
203866302,2647615,hr,Galehdar
203866379,2647616,hr,Galehdar
203866610,2647619,hr,Galandrud
203867303,2647628,hr,Gahvareh
203867380,2647629,hr,Gahu'iyeh
203867457,2647630,hr,Garmhargi
203867688,2647633,hr,Gahi
203867996,2647637,hr,Gagal
203868073,2647638,hr,Gaduk
203868612,2647645,hr,Gadmeh
203868766,2647647,hr,gachwz
203868843,2647648,hr,Gachsar
203869459,2647656,hr,Gachi
203869998,2647663,hr,Gachi
203870999,2647676,hr,Furg
203871153,2647678,hr,fwran
203871230,2647679,hr,Fumestan
203871769,2647686,hr,fwdach
203871923,2647688,hr,Fuman
203872385,2647694,hr,Foruzan
203872462,2647695,hr,Forumad
203872770,2647699,hr,Firuzkuh
203872847,2647700,hr,Firuzkuh
203873155,2647704,hr,Firuzi
203874079,2647716,hr,Firuzan
203874618,2647723,hr,Firuzabad-e Bala
203875003,2647728,hr,Firuraq
203875080,2647729,hr,Firuraq
203876235,2647744,hr,Firuzabad
203876312,2647745,hr,Firuraq
203876466,2647747,hr,Fin
203876851,2647752,hr,Filestan
203877159,2647756,hr,Filband
203877313,2647758,hr,Filabad
203878622,2647775,hr,Feyzabad
203878853,2647778,hr,Feyzabad
203879007,2647780,hr,Feyzabad
203879238,2647783,hr,Feyzabad
203879315,2647784,hr,Feyzabad
203879392,2647785,hr,Feyzabad
203879623,2647788,hr,Feyzabad
203880008,2647793,hr,Fiazman
203880085,2647794,hr,Fetr
203880624,2647801,hr,Ferunabad
203880778,2647803,hr,Fereydun Kenar
203880855,2647804,hr,Fereydun Kenar
203881548,2647813,hr,Ferdows
203882780,2647829,hr,Fazelabad
203883396,2647837,hr,fawyan
203883550,2647839,hr,Fattahabad
203883781,2647842,hr,fth abad
203885860,2647869,hr,Karzin
203886553,2647878,hr,fshkham
203886784,2647881,hr,Fašam
203886861,2647882,hr,Fasham
203887015,2647884,hr,Fashalam
203887246,2647887,hr,Fasa
203887785,2647894,hr,Faryab
203887862,2647895,hr,Faryab
203888324,2647901,hr,Faruj
203888401,2647902,hr,Faruj
203888632,2647905,hr,Farasiyeh
203889017,2647910,hr,Farsiat
203889633,2647918,hr,Farsijin
203889710,2647919,hr,Farsijin
203890172,2647925,hr,Farrokhi
203890249,2647926,hr,Farrokhabad
203890480,2647929,hr,Farrashband
203890942,2647935,hr,Farmahin
203891943,2647948,hr,Feriz
203892174,2647951,hr,Fariman
203892251,2647952,hr,Fariman
203892405,2647954,hr,Faryab-e Gohreh
203892636,2647957,hr,Farhadgerd
203892713,2647958,hr,Farhadgerd
203893175,2647964,hr,Farg
203893252,2647965,hr,farfar
203893406,2647967,hr,Farsafaj
203893483,2647968,hr,Fordu
203893560,2647969,hr,Fordu
203894099,2647976,hr,farasha
203894253,2647978,hr,Faramush Jan
203894715,2647984,hr,Farajabad
203894946,2647987,hr,Farajabad
203895331,2647992,hr,Farah Kosh-e Seyyedan
203895408,2647993,hr,Farahabad
203895793,2647998,hr,Faragheh
203896563,2648008,hr,Fannuj
203897025,2648014,hr,pamas
203897102,2648015,hr,Famenin
203898103,2648028,hr,Fakhr-e Davud
203898180,2648029,hr,Fakhr Avari
203898411,2648032,hr,Ezhiyeh
203898719,2648036,hr,Ezhiyeh
203899566,2648047,hr,Fa`il Zomod
203899797,2648050,hr,Fahraj
203899874,2648051,hr,Fahraj
203900105,2648054,hr,Fahlian-e Pa'in
203900567,2648060,hr,Fadami
203900875,2648064,hr,Fadafen
203901722,2648075,hr,Eyvanekey
203902261,2648082,hr,A'ineh Varzan
203902415,2648084,hr,`Eyn ol Baqar
203902800,2648089,hr,`Eyn Sheykh
203904263,2648108,hr,Ivaowghli
203904571,2648112,hr,Evaz
203906342,2648135,hr,Estalkh Kuh
203906958,2648143,hr,Estahban
203907651,2648152,hr,Espeyli
203909037,2648170,hr,Esma`ilabad
203909191,2648172,hr,Esma`ilabad
203909961,2648182,hr,Esma`ilabad
203910346,2648187,hr,Eslamabad
203910423,2648188,hr,Eslamabad-e Gharb
203910808,2648193,hr,Eskandeh
203911578,2648203,hr,Eskandan
203911655,2648204,hr,Eskandar
203911732,2648205,hr,askan
203912194,2648211,hr,Eshtehard
203912271,2648212,hr,`Eshratabad
203912502,2648215,hr,`Eshratabad
203912656,2648217,hr,ʿshq abad
203912887,2648220,hr,ʿshq abad
203913272,2648225,hr,ashkamchal
203913888,2648233,hr,Eškanan
203915043,2648248,hr,Eshaqabad
203915120,2648249,hr,Eshaqabad
203915505,2648254,hr,Esfikan
203915890,2648259,hr,Esfidan
203915967,2648260,hr,Sepidan
203916660,2648269,hr,Esfeden
203916814,2648271,hr,Esfarayen
203917045,2648274,hr,Esfarjan
203917969,2648286,hr,Esfanaj
203918277,2648290,hr,Esfajerd
203918431,2648292,hr,Esfahlan
203918816,2648297,hr,Esfahak
203918970,2648299,hr,Espiyak
203919278,2648303,hr,Ernan
203919432,2648305,hr,Eresk
203919663,2648308,hr,Eram
203919817,2648310,hr,Eqlid
203919971,2648312,hr,Eqbaliyeh
203920125,2648314,hr,Eqbalabad
203920202,2648315,hr,Eypak
203921280,2648329,hr,`Emarat
203921665,2648334,hr,Emamzadeh Qasem
203921742,2648335,hr,Emamzadeh Qasem
203922204,2648341,hr,Dastgerd-e Emamzadeh
203922666,2648347,hr,Emamzadeh
203923051,2648352,hr,Šahrud
203923205,2648354,hr,Emam Safi
203923359,2648356,hr,Emam Qoli Khan
203923436,2648357,hr,Emam Qeys
203923975,2648364,hr,amam chay
203924052,2648365,hr,amam abad
203924206,2648367,hr,Emam
203924437,2648370,hr,Elyasabad
203925053,2648378,hr,akrad
203925207,2648380,hr,Ekhtiarabad
203925669,2648386,hr,Ebrahim Sami'
203926439,2648396,hr,Ebrahimabad-e Bala
203927055,2648404,hr,Ebrahimabad
203927132,2648405,hr,Ebrahimabad
203927363,2648408,hr,Ebrahimabad
203928595,2648424,hr,Ibli-ye Sofla
203928903,2648428,hr,Duzduzan
203928980,2648429,hr,Duzduzan
203929134,2648431,hr,Duzal
203929211,2648432,hr,Duzal
203929442,2648435,hr,Duz Aghol
203929673,2648438,hr,Dustku
203930366,2648447,hr,Doštur
203930597,2648450,hr,Doruhan
203931059,2648456,hr,Dovarjin
203931367,2648460,hr,Durbini
203931598,2648463,hr,Duran
203932445,2648474,hr,Dulkan
203933138,2648483,hr,Dulanqir
203933446,2648487,hr,Dulab
203933754,2648491,hr,Duk-e Chupan
203933985,2648494,hr,Dugijan
203934601,2648502,hr,Dowdej
203934678,2648503,hr,Dowdej
203936141,2648522,hr,Dowri
203936218,2648523,hr,Dowran Darreh
203936680,2648529,hr,Duleh
203937219,2648536,hr,Robat-e Dowlatabad
203937450,2648539,hr,Dowlatabad
203938297,2648550,hr,Dowlatabad
203938836,2648557,hr,Dowlatabad
203938913,2648558,hr,Dowlatabad
203938990,2648559,hr,Dowlatabad
203939452,2648565,hr,Dowlatabad
203940530,2648579,hr,Eslamabad
203940684,2648581,hr,Dowlatabad
203940992,2648585,hr,Dowlatabad
203941531,2648592,hr,Dowlatabad
203941608,2648593,hr,Dowgur
203941839,2648596,hr,Doveyreh
203942763,2648608,hr,Došman Kandi
203942840,2648609,hr,Dow Sari
203942994,2648611,hr,Dust-e Iran
203943379,2648616,hr,Dowsaledeh
203943764,2648621,hr,Dorudgah
203943918,2648623,hr,Dorud
203944149,2648626,hr,Sarab-e Dorishdar
203944226,2648627,hr,Derend
203945381,2648642,hr,Mahalleh-ye Dombareh
203945843,2648648,hr,Domrustan
203946151,2648652,hr,Dumaneh
203946536,2648657,hr,Dom-e Rubah
203947229,2648666,hr,Domab
203947460,2648669,hr,Učini Lashi
203947537,2648670,hr,Učini La'i
203948461,2648682,hr,Učini Kahak
203948538,2648683,hr,Učini Joft
203949154,2648691,hr,Dogonbadan
203949539,2648696,hr,Do Dehaka
203950001,2648702,hr,Radite Choghu
203951387,2648720,hr,Učinite Asb
203952003,2648728,hr,Doab
203952542,2648735,hr,Dizijan
203952850,2648739,hr,Dizeh Jin
203953158,2648743,hr,Dizbad-e Bala
203953389,2648746,hr,Dizan
203954236,2648757,hr,Bandar-e Sharafkhaneh
203954467,2648760,hr,Dizajn-e 'Olya
203954544,2648761,hr,Dizaj-e 'Olya
203954775,2648764,hr,Dizajabad
203954852,2648765,hr,Dizajabad
203955006,2648767,hr,Dizajn
203955083,2648768,hr,Dizajn
203955160,2648769,hr,Dezaj
203955468,2648773,hr,Dizabad
203955853,2648778,hr,dyw kalay
203956238,2648783,hr,Divandarreh
203956392,2648785,hr,Divan
203956546,2648787,hr,Dišmuk
203957624,2648801,hr,Dinarabad
203957778,2648803,hr,Dinan Ab
203960242,2648835,hr,Dezful
203960396,2648837,hr,Dezej
203960704,2648841,hr,Dezavar
203961089,2648846,hr,Bandar-e Deyr
203961397,2648850,hr,Deymeh
203961705,2648854,hr,Deylaman
203961859,2648856,hr,Deyhuk
203962552,2648865,hr,Derow
203962629,2648866,hr,Dargaz
203962706,2648867,hr,Dermanak
203963091,2648872,hr,Dereylin
203963476,2648877,hr,Derazi
203963630,2648879,hr,Derangu
203963707,2648880,hr,Derang
203964708,2648893,hr,Delvar
203964862,2648895,hr,Dalasam
203965324,2648901,hr,Delijan
203965940,2648909,hr,Delbaran
203966017,2648910,hr,Delazian
203966094,2648911,hr,Delazian
203966171,2648912,hr,Delazian
203967249,2648926,hr,Deh-e Vosta
203967403,2648928,hr,Deh Vali
203968404,2648941,hr,Deh-e Torkan
203968943,2648948,hr,Deh-e Sufian
203970021,2648962,hr,Deh Šib
203970560,2648969,hr,Deh Šejh
203970868,2648973,hr,Deh Šadabad-e Bala
203970945,2648974,hr,Deh Shadabad-e Bala
203972870,2648999,hr,Dehram
203972947,2649000,hr,Deh-e Rajab
203973486,2649007,hr,Deh Qa'ed
203973871,2649012,hr,Deh Pahn
203973948,2649013,hr,dhpagah
203974025,2649014,hr,Deh Nush
203975796,2649037,hr,Dehnow
203976643,2649048,hr,Deh Now-e `Olya
203977490,2649059,hr,Deh Now-ye Bala
203977721,2649062,hr,Deh Sada
203978260,2649069,hr,Deh-e sada
203979800,2649089,hr,Dehnow
203980108,2649093,hr,Dehnow
203980647,2649100,hr,Deh-e Namak
203980801,2649102,hr,Deh Musa
203981879,2649116,hr,Deh-e Mehdi
203982187,2649120,hr,Dehloran
203982264,2649121,hr,Dehlor
203982341,2649122,hr,Deh-e Lulu
203982649,2649126,hr,Deh Laran
203983265,2649134,hr,Dehkuyeh
203983496,2649137,hr,Deh-e Kord
203984343,2649148,hr,Deh Kheyr-e Pa'in
203985267,2649160,hr,Dehkadeh
203985960,2649169,hr,Deh-e Hang
203986114,2649171,hr,Deh-e Hadži
203986268,2649173,hr,Dehgolan
203986730,2649179,hr,Deh-e Gap
203986884,2649181,hr,Dehgah
203987038,2649183,hr,dhgah
203987731,2649192,hr,Deh-e Puzan
203988193,2649198,hr,Deh-e Zaman
203988424,2649201,hr,glzar
203988732,2649205,hr,Deh Sohrab
203988886,2649207,hr,Deheshk
203989117,2649210,hr,Deh-e šejh
203990503,2649228,hr,Deh Qanun
203992582,2649255,hr,Dehmolla
203992659,2649256,hr,Mohammad Šah
203992736,2649257,hr,Deh-e Mohammad
203992813,2649258,hr,Deh Mirza'i
203993660,2649269,hr,Deh Lachin
203996124,2649301,hr,Deh-e `Ali Reza
203996432,2649305,hr,Dehdez
203996740,2649309,hr,Dehdasht
203996971,2649312,hr,Dehdari
203997587,2649320,hr,Deh Cheshmeh
203998434,2649331,hr,Sisakht
203998511,2649332,hr,Sisakht
203998742,2649335,hr,Deh Boneh
203998973,2649338,hr,Safashahr
203999127,2649340,hr,Dehbid
203999666,2649347,hr,`Aliabad-e Bala
204000513,2649358,hr,dhaqan
204000898,2649363,hr,Dehaq
204001591,2649372,hr,Dehaj
204001822,2649375,hr,Dehaj
204003362,2649395,hr,Davud Peyghambar
204003439,2649396,hr,Davudabad
204003516,2649397,hr,Davudabad
204003593,2649398,hr,Davudabad
204003670,2649399,hr,Davudi
204004055,2649404,hr,Davarzan
204004363,2649408,hr,Davan
204004594,2649411,hr,Davadeh
204005518,2649423,hr,Dastjerd-e 'Olya
204005672,2649425,hr,Dastjerd
204005903,2649428,hr,Dastjerd
204006057,2649430,hr,Dastgerd
204006288,2649433,hr,Dastjerd
204006673,2649438,hr,Dastgerd
204007674,2649451,hr,Dastak
204007751,2649452,hr,Dastak
204008598,2649463,hr,Dashti
204008829,2649466,hr,Dasht-e Shur
204009830,2649479,hr,dshtkar
204010677,2649490,hr,Dasht-e Bozorg
204010908,2649493,hr,Dasht-e Bayaz
204010985,2649494,hr,Dasht-e Barm
204011139,2649496,hr,Dašt-e Aržan
204011216,2649497,hr,Dasht-e Arzhan
204011524,2649501,hr,Dasht-e Bu
204012063,2649508,hr,Dashtak
204012525,2649514,hr,Dasht
204012756,2649517,hr,Dashli Qal`eh
204013834,2649531,hr,dash bash
204014681,2649542,hr,Daryavarsar
204015451,2649552,hr,Darvishi
204017299,2649576,hr,Dar-e Tut
204017530,2649579,hr,Dar Tangal-e Qadamgah
204017684,2649581,hr,Darsinuyeh
204018300,2649589,hr,Darreh Ziarat-e Pa'in
204018454,2649591,hr,Darreh Zarin
204019147,2649600,hr,Darreh Shahr
204019455,2649604,hr,Darreh-ye Sag Koshteh
204019840,2649609,hr,Darreh Heydar
204020841,2649622,hr,Darreh `Abbas
204020995,2649624,hr,Darreh Yas
204022997,2649650,hr,Darreh Saki-ye Sofla
204023690,2649659,hr,Darreh Piri
204023767,2649660,hr,Darreh Par
204025153,2649678,hr,Darlik
204026462,2649695,hr,Dargaz
204027309,2649706,hr,Dar Deh
204028002,2649715,hr,Darreh Chel
204028541,2649722,hr,Darreh-ye Bizhan-e Vosta
204028618,2649723,hr,Darreh Bidi
204028695,2649724,hr,Darreh Bid
204028772,2649725,hr,Darreh Bid
204028849,2649726,hr,Darreh-ye Bidineh
204029157,2649730,hr,Darreh Baz
204029773,2649738,hr,Darreh Badam-e `Olya
204031698,2649763,hr,Darmian
204032237,2649770,hr,darkurak
204032468,2649773,hr,Darkhovin
204032930,2649779,hr,Darjuneh
204033238,2649783,hr,Darjazin
204033315,2649784,hr,Darjazin
204033700,2649789,hr,Darihak
204034085,2649794,hr,Dariun
204034547,2649800,hr,Dar Gol-e Seyyed Hasan
204034778,2649803,hr,Darghak-e Pa'in
204035009,2649806,hr,dargah suliman
204035163,2649808,hr,Dargahan
204036164,2649821,hr,Darbhas
204037088,2649833,hr,Dar-e Asyab
204037396,2649837,hr,drchak
204037781,2649842,hr,Darb-e Behesht
204038474,2649851,hr,darbst
204040168,2649873,hr,Darreh Ban-e Sofla
204041169,2649886,hr,Daraq
204041246,2649887,hr,Daraq
204041631,2649892,hr,Darani
204042016,2649897,hr,Daran
204042093,2649898,hr,Dara Kuyeh
204043094,2649911,hr,Mahalleh-ye Darabad
204043402,2649915,hr,Darab
204043479,2649916,hr,Darab
204043633,2649918,hr,daqdaq abad
204043864,2649921,hr,Danicheh Kheyr
204044403,2649928,hr,Dangez
204044634,2649931,hr,Danesfahan
204044711,2649932,hr,Danel
204044865,2649934,hr,Dandi
204045327,2649940,hr,dmz abad
204046405,2649954,hr,Damidan
204046636,2649957,hr,damghan
204047175,2649964,hr,Damavand
204047329,2649966,hr,Damaq
204047560,2649969,hr,Damaneh
204048715,2649984,hr,Aqasusan
204048869,2649986,hr,Vali Mohammad
204049562,2649995,hr,Dalaki
204050178,2650003,hr,dakan
204050871,2650012,hr,Dehli
204051410,2650019,hr,Dahaneh-ye Sang-e Kelidar
204051718,2650023,hr,Dahan Qal`eh
204052180,2650029,hr,Zangi Kuh
204052642,2650035,hr,Daghalian-e Sofla
204053335,2650044,hr,shah mnzr
204053566,2650047,hr,Dadeqan
204054490,2650059,hr,Dowbaran
204054875,2650064,hr,Chuzuk
204056184,2650081,hr,Chupanan
204056415,2650084,hr,Chunchenan
204056569,2650086,hr,Chulhul-e Mian
204056877,2650090,hr,chl blagh
204057416,2650097,hr,Chuktu
204058186,2650107,hr,Chubin Dar
204058340,2650109,hr,Chupi
204058417,2650110,hr,Chub-e Sorkh
204058956,2650117,hr,Čubar
204059187,2650120,hr,Churs
204059264,2650121,hr,Chowplu
204059341,2650122,hr,chwng
204059803,2650128,hr,chwgan
204059880,2650129,hr,Čubar
204061882,2650155,hr,chaqabol
204061959,2650156,hr,chaqabol
204062190,2650159,hr,Chizeh
204062498,2650163,hr,Bandar-e Chiru'iyeh
204062575,2650164,hr,Bandar-e Chiru'iyeh
204063191,2650172,hr,Chini Jan
204063499,2650176,hr,chylman
204063961,2650182,hr,Chigu
204064115,2650184,hr,Chidan
204065039,2650196,hr,Cheshmeh Shur
204065116,2650197,hr,Cheshmeh-ye Shah Qoli
204065963,2650208,hr,Cheshmeh Kazem
204066810,2650219,hr,Cheshmeh Soltan
204067272,2650225,hr,Cheshmeh Sheykh
204068581,2650242,hr,Cheshmeh Qassaban
204069659,2650256,hr,Cheshmeh Kushk
204069736,2650257,hr,Cheshmeh Kuri
204070583,2650268,hr,Cheshmeh Kabud
204071276,2650277,hr,Cheshmeh Gandab
204071507,2650280,hr,Cheshmeh Dozdan
204071892,2650285,hr,Cheshmeh Baklu
204074048,2650313,hr,Hadž Čerag
204074125,2650314,hr,Chogha Zard
204075511,2650332,hr,Chenesht
204076204,2650341,hr,Chenar-e Sofla
204076897,2650350,hr,Chenar Khatun
204077744,2650361,hr,chnar
204077975,2650364,hr,Chenareh
204078283,2650368,hr,Chenar-e `Olya
204078514,2650371,hr,Chenar Bashi
204078899,2650376,hr,chnaran
204080131,2650392,hr,Bagh Chenar
204080439,2650396,hr,Chenaqchi-ye Sofla
204080516,2650397,hr,Chenaqchi-ye `Olya
204081132,2650405,hr,chlanab
204081440,2650409,hr,Cholicheh
204081671,2650412,hr,Chelgard
204083211,2650432,hr,Chehel Tokhm
204083442,2650435,hr,Chehel Khaneh
204084597,2650450,hr,Cheghameleh
204085675,2650464,hr,chayjan
204086214,2650471,hr,Chavarzaq
204086291,2650472,hr,Chavarzaq
204086445,2650474,hr,Chatrud
204086522,2650475,hr,Chatrud
204086907,2650480,hr,chashtkhwrh
204087138,2650483,hr,Chashmeh-ye Qatareh
204087446,2650487,hr,Chesgin
204087600,2650489,hr,charwk
204087985,2650494,hr,Charmeh
204088062,2650495,hr,Charmaleh-ye Sofla
204088216,2650497,hr,Charkhestaneh
204088755,2650504,hr,Čargar
204089140,2650509,hr,charat
204089448,2650513,hr,chram
204089910,2650519,hr,Chaghalvandi
204090526,2650527,hr,chaqabol
204090680,2650529,hr,chaqa
204091142,2650535,hr,Chapeshlu
204091604,2650541,hr,Chaparkhaneh-ye Gurabji
204092297,2650550,hr,čangur
204093606,2650567,hr,\N
204093991,2650572,hr,Cham-e Riz
204094068,2650573,hr,Chamran
204094915,2650584,hr,Chamm ol `Obeyd
204096532,2650605,hr,chmyan
204096686,2650607,hr,Cham Qoroq
204096763,2650608,hr,Cham Qoroq
204097533,2650618,hr,Cham Seyyed Mohammad
204097764,2650621,hr,Cham Rud
204098303,2650628,hr,Cham Khalaf-e `Isa
204099304,2650641,hr,cham dagal
204099381,2650642,hr,cham chyd
204099689,2650646,hr,Chamaz Koti
204101306,2650667,hr,Chalus
204101691,2650672,hr,Čaleštar
204101768,2650673,hr,Chal Shahin
204102384,2650681,hr,Chalkaser
204102923,2650688,hr,Chaleshom
204103308,2650693,hr,chalh knd
204104463,2650708,hr,Čalandar
204104540,2650709,hr,chalan chwlan
204104617,2650710,hr,Chambelar
204105079,2650716,hr,Chalabeh-ye `Olya
204105233,2650718,hr,Chekor Chaman
204105849,2650726,hr,chkhmaq blagh bala
204106080,2650729,hr,chaykhansr
204106311,2650732,hr,Chakaneh-ye Sofla
204106850,2650739,hr,Chay Varsham
204106927,2650740,hr,chah wrz
204107543,2650748,hr,chahw
204107620,2650749,hr,Chahuk
204107851,2650752,hr,Chah Talkh-e Bar Aftab
204109160,2650769,hr,Chahriq-e `Olya
204109699,2650776,hr,Chah-e Pahn
204109776,2650777,hr,chah phn
204110469,2650786,hr,chah lgh
204110546,2650787,hr,chah kwtah
204111393,2650798,hr,Chah Howz
204111701,2650802,hr,chahgah
204112240,2650809,hr,Mochehileh
204113857,2650830,hr,Chah-e Mobarak
204114088,2650833,hr,Chah-e Ma`dan
204114550,2650839,hr,chahh
204115397,2650850,hr,Chah-e Chah Varz
204118785,2650894,hr,Chahar Suq
204119093,2650898,hr,Chahar Rusta'i
204119940,2650909,hr,Chahar Mahal
204120017,2650910,hr,Chahar Hadd
204120248,2650913,hr,Chahar Gaveh
204120633,2650918,hr,Mohammad Šahr
204121095,2650924,hr,Čahar Dangeh
204121172,2650925,hr,Chahar Dangeh
204121865,2650934,hr,Chahar Borj-e Pa'in
204121942,2650935,hr,Chahar Borj-e Qadim
204122327,2650940,hr,chhar brj
204123020,2650949,hr,chiharbagh
204123174,2650951,hr,Chah-e Anjir
204123405,2650954,hr,Čahan
204123482,2650955,hr,Kalat
204124021,2650962,hr,Chahar Bisheh-ye `Olya
204125022,2650975,hr,chadgan
204125099,2650976,hr,chachakhw
204125176,2650977,hr,Čaboksar
204125253,2650978,hr,Chaboksar
204125561,2650982,hr,Buzhan
204126562,2650995,hr,Bustan-e Bozorg
204126639,2650996,hr,bwstan
204126870,2650999,hr,Bushkan
204126947,2651000,hr,Bušer
204127948,2651013,hr,Beryeh Khani
204128718,2651023,hr,Burbur-e Kord
204129488,2651033,hr,Burachalu
204129642,2651035,hr,Bu ol Kheyr
204129950,2651039,hr,Banji Meški
204130335,2651044,hr,Bumahen
204130412,2651045,hr,Sorkh Cheshmeh
204130643,2651048,hr,Bukhlu
204130797,2651050,hr,Bukan
204131567,2651060,hr,Bu'inak
204131798,2651063,hr,Bu'in Zahra
204132337,2651070,hr,Bowdela
204132414,2651071,hr,Budineh
204132568,2651073,hr,Budalalu
204133723,2651088,hr,Boz Laneh
204133800,2651089,hr,Bozkuyeh
204134262,2651095,hr,Bozeh Hal
204134724,2651101,hr,`Anbar Bozan
204135417,2651110,hr,Bowheyri
204136341,2651122,hr,Postanu
204136418,2651123,hr,Bostanu
204136649,2651126,hr,bstan
204136880,2651129,hr,Boshgaz
204137034,2651131,hr,Borzu
204137188,2651133,hr,Barzaljin
204137265,2651134,hr,Borzolabad
204137958,2651143,hr,Borudžerd
204138035,2651144,hr,Borujen
204138112,2651145,hr,Borujen
204138574,2651151,hr,Borj Sukhteh-ye `Olya
204138805,2651154,hr,Borj
204138882,2651155,hr,Borji Qal`eh
204139113,2651158,hr,Borj-e Ma`ad
204140191,2651172,hr,burjak
204140653,2651178,hr,Bord Khun-e Kohneh
204140730,2651179,hr,Bord Khun-e Kohneh
204140961,2651182,hr,brazjan
204141423,2651188,hr,Bonyad
204142039,2651196,hr,Bon Kuh
204142193,2651198,hr,Bon Konar
204143425,2651214,hr,Bon Mogh
204145812,2651245,hr,Boneh-ye Khalil
204146043,2651248,hr,Šahrak-e Kuluri
204146120,2651249,hr,Shahrak-e Kuluri
204146428,2651253,hr,Cheshmeh-ye Haqqi
204146659,2651256,hr,Boneh-ye `Alim
204146736,2651257,hr,Boneh Gaz
204148969,2651286,hr,Boneh Kalaghi
204150201,2651302,hr,Bondaruz
204150509,2651306,hr,Bon Darabad
204150586,2651307,hr,Bon Darabad
204150817,2651310,hr,Zamin Damil
204151664,2651321,hr,Benabandan
204151741,2651322,hr,Ben
204151972,2651325,hr,Boluk-e Pa'in
204152126,2651327,hr,Boluk
204152357,2651330,hr,Boluband
204152511,2651332,hr,Belkarovi
204152588,2651333,hr,blghan
204152665,2651334,hr,Boldaji
204152742,2651335,hr,Boldaji
204153204,2651341,hr,blban abad
204153512,2651345,hr,Bulamaji
204153666,2651347,hr,Bolagholi-ye Kohneh
204153974,2651351,hr,Bodžnurd
204154128,2651353,hr,Kalateh-ye Bojdi
204154667,2651360,hr,Bunag
204154898,2651363,hr,Barborgeh
204155129,2651366,hr,Bizjan-e `Olya
204155822,2651375,hr,Bi Zanu'iyeh
204155976,2651377,hr,Bizaki
204156515,2651384,hr,Bisotun
204156669,2651386,hr,Bishi Bala
204156977,2651390,hr,Bisheh Deraz
204157978,2651403,hr,Bastarm-e Otaqi
204158132,2651405,hr,Borundeh
204158363,2651408,hr,Birdžand
204158902,2651415,hr,Birdaf
204159595,2651424,hr,Biland
204159903,2651428,hr,Bileh Savar
204160519,2651436,hr,Bijvard
204161058,2651443,hr,Bijar
204161212,2651445,hr,Bihud
204162059,2651456,hr,Bid Zard
204162906,2651467,hr,Bidokht
204162983,2651468,hr,Bidokht
204163522,2651475,hr,Bid Korpeh-ye `Olya
204163753,2651478,hr,byd khwab
204163830,2651479,hr,Bidkhun
204164292,2651485,hr,Bidhand
204164446,2651487,hr,Bid Hend
204164677,2651490,hr,Bid Gineh
204165139,2651496,hr,Bidestan
204165216,2651497,hr,Bidestan-e Posht Kuh
204165524,2651501,hr,Bideshk
204165832,2651505,hr,Bideskan
204165986,2651507,hr,Bid-e Payeh Bagh
204166448,2651513,hr,Bideh Cheh
204166910,2651519,hr,bydastan
204167064,2651521,hr,Bidar
204167911,2651532,hr,Ponuda
204168604,2651541,hr,Bibalan-e Pa'in
204168989,2651546,hr,Biašuš
204169143,2651548,hr,Biarjomand
204169990,2651559,hr,Bezin
204170144,2651561,hr,Bozar-e Bala
204171222,2651575,hr,Bejt-e Džejran
204171607,2651580,hr,Bejrut
204171992,2651585,hr,Bejram
204172146,2651587,hr,Beytabaj
204172685,2651594,hr,Bakandi
204173147,2651600,hr,Beshruyeh
204173840,2651609,hr,bryakhan
204175457,2651630,hr,Boreyje`
204175611,2651632,hr,Bereshneh
204175996,2651637,hr,Berenjabad
204176073,2651638,hr,Bardbar
204176227,2651640,hr,Barak
204177151,2651652,hr,savijena
204177305,2651654,hr,Nabi Kandi
204177459,2651656,hr,Benehyan
204177613,2651658,hr,Benvid-e `Olya
204177690,2651659,hr,Benav Čeleh
204178152,2651665,hr,Bonab
204178229,2651666,hr,Ben
204178306,2651667,hr,Ben
204178922,2651675,hr,Cham Lomban-e Bala
204178999,2651676,hr,bijeh mir
204179384,2651681,hr,Behshahr
204179769,2651686,hr,Bahnemir
204179846,2651687,hr,Behkandan
204180693,2651698,hr,bhdan
204181001,2651702,hr,Behbahan
204181155,2651704,hr,Bahan
204181232,2651705,hr,Behel
204181309,2651706,hr,bhabad
204181463,2651708,hr,bhabad
204181617,2651710,hr,Badrani
204182002,2651715,hr,bazwnd
204182541,2651722,hr,Šahbaz
204183003,2651728,hr,Emamzadeh Bazm
204183080,2651729,hr,Baz Kia Gurab
204183311,2651732,hr,Baz Garun
204183542,2651735,hr,bazrjan
204183696,2651737,hr,Baz Howz-e Pa'in
204183773,2651738,hr,Baz Howz-e Bala
204184158,2651743,hr,bazrgan
204184466,2651747,hr,masal
204184928,2651753,hr,Baytamer
204185005,2651754,hr,Bajram Kandi
204185313,2651758,hr,bayg
204185698,2651763,hr,Bayeh
204185775,2651764,hr,Bayazeh
204186853,2651778,hr,Besg
204187931,2651792,hr,Bavaleh
204188162,2651795,hr,Bovaj
204188239,2651796,hr,Bavaj
204188393,2651798,hr,Batun
204188855,2651804,hr,bstaq
204188932,2651805,hr,bstam
204189009,2651806,hr,bstam
204189240,2651809,hr,Bastak
204189625,2651814,hr,basmnj
204189856,2651817,hr,Baseri Hadi
204189933,2651818,hr,Basiran
204190318,2651823,hr,basht
204190472,2651825,hr,Bash Qurtaran
204191858,2651843,hr,bash blagh
204192474,2651851,hr,Cheybasse
204192705,2651854,hr,Besatin
204193167,2651860,hr,Barzul
204193244,2651861,hr,Barzok
204193475,2651864,hr,Barzian
204193629,2651866,hr,Barzandiq
204193937,2651870,hr,brz ab
204194014,2651871,hr,Barz
204194168,2651873,hr,Berveškani
204194399,2651876,hr,Barvaj
204194553,2651878,hr,Baruq
204194630,2651879,hr,Baruj
204194707,2651880,hr,Baruj
204195092,2651885,hr,Baraqu
204196478,2651903,hr,Barmak-e Pa'in
204198172,2651925,hr,Barikarsaf
204199019,2651936,hr,Borqeban
204199096,2651937,hr,Bahreghan
204199250,2651939,hr,Bargeh
204199327,2651940,hr,Bargeh
204200251,2651952,hr,Pireh Yusefian
204201791,2651972,hr,Bardaskan
204201868,2651973,hr,Bardaskan
204202176,2651977,hr,Bardeh Zard
204202638,2651983,hr,Bardrash
204202869,2651986,hr,bardihkar
204203023,2651988,hr,Bardeh
204203485,2651994,hr,Seyyedeh
204204101,2652002,hr,barchah
204204794,2652011,hr,Baravat
204205179,2652016,hr,Bareh Rud
204205410,2652019,hr,Barandud
204205487,2652020,hr,Barandaq
204205641,2652022,hr,Baraka'i
204206180,2652029,hr,Baraghan
204206411,2652032,hr,Bar Aftab-e Milas
204206950,2652039,hr,br aftab
204207335,2652044,hr,Bar
204207566,2652047,hr,Begheyjan
204208028,2652053,hr,Baqeri
204208413,2652058,hr,Baqerabad
204208567,2652060,hr,Baqerabad
204210261,2652082,hr,Posht Meleh Baqela Kuh
204210723,2652088,hr,Baqal
204210877,2652090,hr,Bandžak
204210954,2652091,hr,banyaran kaky
204211493,2652098,hr,Siyah Banu'iyeh
204211801,2652102,hr,Banesareh
204212417,2652110,hr,Banyan
204213495,2652124,hr,Baneh
204214265,2652134,hr,Bandeh Qora
204215266,2652147,hr,Band-e Amir
204215420,2652149,hr,Bandbon-e 'Olya
204215651,2652152,hr,Bandazun
204215959,2652156,hr,Bandar-e Torkaman
204216267,2652160,hr,Bandar-e Rig
204216421,2652162,hr,Moghuyeh
204216575,2652164,hr,Bandar-e Mahshahr
204216729,2652166,hr,Bandar-e Kong
204216806,2652167,hr,Bandar-e Kong
204217037,2652170,hr,Bandar-e Gaz
204217114,2652171,hr,Bandar-e Gasheh
204217268,2652173,hr,Bandar-e Deylam
204217422,2652175,hr,Bandar-e Charak
204217499,2652176,hr,Bandar-e Anzali
204217576,2652177,hr,Bandar Abas
204218192,2652185,hr,Banaruyeh
204219193,2652198,hr,Bamsar-e Bala
204219655,2652204,hr,Bambuyan
204219886,2652207,hr,bam
204220117,2652210,hr,Bam
204220194,2652211,hr,Balvard
204220271,2652212,hr,Balvard
204220964,2652221,hr,Balutak
204221272,2652225,hr,bltaq
204221426,2652227,hr,mal rw
204222119,2652236,hr,balstan
204222350,2652239,hr,Baleqlu
204222966,2652247,hr,balashhr
204223120,2652249,hr,Balanej
204224044,2652261,hr,Balagab
204224506,2652267,hr,Baladeh
204224660,2652269,hr,Valashahr
204224737,2652270,hr,bala dh
204225122,2652275,hr,Baktar-e `Olya
204225507,2652280,hr,Bakhti
204225661,2652282,hr,bkhshaysh
204226354,2652291,hr,Bakan
204226508,2652293,hr,bajwnd
204226739,2652296,hr,Bajgiran
204227124,2652301,hr,Bajestan
204227201,2652302,hr,bajabaj
204227586,2652307,hr,Bahrud
204227894,2652311,hr,Bahreman
204229357,2652330,hr,bhram abad
204229896,2652337,hr,Bahram
204231282,2652355,hr,Bahman
204231359,2652356,hr,Bahmadi
204232052,2652365,hr,Baharestan
204232360,2652369,hr,Bahar
204232437,2652370,hr,Bohangar
204232822,2652375,hr,Bahador Bayk
204233284,2652381,hr,Baghuyeh
204233361,2652382,hr,baghw
204234439,2652396,hr,Baghkomish
204234593,2652398,hr,Bash-Kaindy
204234670,2652399,hr,baghjr
204234824,2652401,hr,baghyn
204236056,2652417,hr,Bagh-e Siah
204236210,2652419,hr,bagh shykh
204236749,2652426,hr,Bagh-e Gap
204236903,2652428,hr,Bagh-e Pasham
204237673,2652438,hr,Bagh-e Malek
204237750,2652439,hr,Bagh-e Malek
204238135,2652444,hr,Aliabad
204238520,2652449,hr,Bagh-e Kabir
204238982,2652455,hr,Bagh-e Gapu
204239059,2652456,hr,Bagh-e Malek
204239136,2652457,hr,Zarchubeh
204239367,2652460,hr,bagh bhzad
204240368,2652473,hr,Bagh Dasht
204240753,2652478,hr,Bagdadi
204240830,2652479,hr,Bagdadeh
204241523,2652488,hr,baghchh
204242524,2652501,hr,Baghan
204242601,2652502,hr,Baghan
204242678,2652503,hr,Baghan
204242755,2652504,hr,Baghan
204242832,2652505,hr,Baghan
204242909,2652506,hr,Baghan
204243371,2652512,hr,Baghaberi
204243448,2652513,hr,Bagha
204243525,2652514,hr,Bagh
204244603,2652528,hr,baft
204244680,2652529,hr,Bafru'iyeh
204244911,2652532,hr,bafran
204244988,2652533,hr,bafq
204245219,2652536,hr,Baduleh
204245450,2652539,hr,Badshah
204246220,2652549,hr,bad khwrh
204248761,2652582,hr,Badamak
204248992,2652585,hr,Badali
204249069,2652586,hr,Badaki
204249685,2652594,hr,Loši Rud
204249762,2652595,hr,bachwn
204250224,2652601,hr,Babolsar
204250378,2652603,hr,Babol
204250763,2652608,hr,Bab-e Šamil
204251533,2652618,hr,bab anar
204251841,2652622,hr,baba zyd
204253766,2652647,hr,baban
204253843,2652648,hr,Baba Monir
204254228,2652653,hr,Baba Mahmud-e `Olya
204254844,2652661,hr,Baba Kalan
204255383,2652668,hr,baba hydr
204255845,2652674,hr,Baba-ye Bozorg
204256384,2652681,hr,Baba
204256461,2652682,hr,`Ezz od Din
204257000,2652689,hr,Aznavleh
204257077,2652690,hr,azna
204257154,2652691,hr,azna
204257539,2652696,hr,`Azizabad-e Pa'in
204258078,2652703,hr,`Azizabad
204258386,2652707,hr,`Azizabad-e Pa'in
204258540,2652709,hr,`Azimabad
204258848,2652713,hr,azghnd
204259156,2652717,hr,Ozgoleh
204259464,2652721,hr,Saraskand-e Sofla
204259541,2652722,hr,Haštrud
204259618,2652723,hr,Hashtrud
204259772,2652725,hr,Azandarian
204259849,2652726,hr,azandarski
204260157,2652730,hr,Tongeh-ye Seh
204260311,2652732,hr,shaznd
204260465,2652734,hr,azadlw
204261312,2652745,hr,Ayask
204262236,2652757,hr,awyz
204263237,2652770,hr,Aveh
204263545,2652774,hr,awan sr
204263853,2652778,hr,Avaj
204264238,2652783,hr,Ataškuh
204264392,2652785,hr,atshgah
204265316,2652797,hr,Asur
204265470,2652799,hr,Astara
204265624,2652801,hr,Astaneh-ye Ashrafiyeh
204265778,2652803,hr,astanh
204265932,2652805,hr,astmal
204266086,2652807,hr,Esta`in
204266548,2652813,hr,Asu
204267010,2652819,hr,Aslan Duz
204267164,2652821,hr,`Askaran
204267472,2652825,hr,Ab Pitaj
204267626,2652827,hr,Asir
204268165,2652834,hr,azijski bar
204269012,2652845,hr,Ashtian
204269551,2652852,hr,ashnstan
204269936,2652857,hr,Ašketuje
204270090,2652859,hr,ashkhanh
204271476,2652877,hr,Ashavn
204271707,2652880,hr,Ashan
204272015,2652884,hr,Askari
204272092,2652885,hr,Asgaran
204272169,2652886,hr,'Asgaran
204272631,2652892,hr,Asfarvarin
204272708,2652893,hr,Asfarvarin
204272862,2652895,hr,Esfak
204273709,2652906,hr,Aspakhu
204273940,2652909,hr,asara
204274017,2652910,hr,Bandar-e `Asaluyah
204274094,2652911,hr,asalm
204274325,2652914,hr,Asadiyeh
204274787,2652920,hr,asd abad
204274864,2652921,hr,asd abad
204275095,2652924,hr,Qarah Bayat
204275172,2652925,hr,asd abad
204276404,2652941,hr,Orzu'iyeh
204277713,2652958,hr,Aruške
204277790,2652959,hr,Arushki-ye Bala
204277944,2652961,hr,Aruq
204278945,2652974,hr,Ortalekh
204279099,2652976,hr,arswn
204279253,2652978,hr,arsnjan
204279561,2652982,hr,Arpa Tappeh
204280254,2652991,hr,Armardeh
204280793,2652998,hr,Ormak
204280870,2652999,hr,Armaghankhaneh
204280947,2653000,hr,Armaghankhaneh
204281024,2653001,hr,arlan
204281178,2653003,hr,Arkuyen
204281332,2653005,hr,arkan
204281640,2653009,hr,Arjomand
204282179,2653016,hr,Arjaq
204282410,2653019,hr,Arish
204283103,2653028,hr,argha
204283411,2653032,hr,ark
204283488,2653033,hr,`Orfi
204284027,2653040,hr,'Arefabad
204284181,2653042,hr,Ardineh
204284258,2653043,hr,Ardineh
204284566,2653047,hr,ardstan
204285182,2653055,hr,ardaq
204285567,2653060,hr,Ardal
204285644,2653061,hr,Ardakan
204286260,2653069,hr,Ardabil
204286491,2653072,hr,arbtan
204286722,2653075,hr,Arbat
204287877,2653090,hr,Aran
204287954,2653091,hr,Aran Bidgol
204288185,2653094,hr,Arak
204288339,2653096,hr,Aradan
204288493,2653098,hr,Ard
204290726,2653127,hr,Aq Kahrizak
204290803,2653128,hr,Aq Kand-e `Olya
204291034,2653131,hr,aqknd
204291496,2653137,hr,sbzabad
204291573,2653138,hr,aqchh knd
204291727,2653140,hr,Aqjeh Gonbad
204292035,2653144,hr,Aghuzband
204292882,2653155,hr,Aqda
204294653,2653178,hr,Aq Bolagh
204295731,2653192,hr,Aqa Mirlu
204295962,2653195,hr,Aqa Kandi
204296809,2653206,hr,aqa baba
204297502,2653215,hr,Anuch
204298195,2653224,hr,Anjir Siah
204298272,2653225,hr,Anjireh
204298503,2653228,hr,Anjireh
204299812,2653245,hr,anjdan
204300274,2653251,hr,'Anilu
204300659,2653256,hr,angwrd
204301044,2653261,hr,angshtjan
204301275,2653264,hr,Guharan
204301429,2653266,hr,Angaz
204301737,2653270,hr,Anduhjerd
204301891,2653272,hr,Andimeshk
204302122,2653275,hr,andqan
204302661,2653282,hr,Andarvar
204303277,2653290,hr,andaq
204303354,2653291,hr,andad
204303431,2653292,hr,Andabil
204303508,2653293,hr,Andabil
204303662,2653295,hr,Anbuh
204304124,2653301,hr,anbar sr
204304432,2653305,hr,`Anbaran-e Pa'in
204304586,2653307,hr,'Anbaran
204304663,2653308,hr,Anbarabad
204304740,2653309,hr,'Anbarabad
204305587,2653320,hr,anark
204305818,2653323,hr,anar
204306203,2653328,hr,anabd
204306357,2653330,hr,amzajrd
204306588,2653333,hr,`Amu'i
204306896,2653337,hr,Amrudak
204306973,2653338,hr,Amreh
204307435,2653344,hr,Amol
204307512,2653345,hr,'Ammeh
204307743,2653348,hr,amlsh
204308051,2653352,hr,Amir Seyf
204308128,2653353,hr,Amir Salari
204308205,2653354,hr,Amir Salari
204308282,2653355,hr,Amir Rud
204308821,2653362,hr,Amir Kola
204309129,2653366,hr,Amiriyeh
204311516,2653397,hr,Amirabad
204311747,2653400,hr,Amiriyeh
204311901,2653402,hr,Amirabad
204313287,2653420,hr,Amirabad
204313441,2653422,hr,Amirabad
204313595,2653424,hr,Amirabad
204314288,2653433,hr,Amirabad
204315828,2653453,hr,Aminabad
204316059,2653456,hr,Amildan
204316521,2653462,hr,`Ameri
204316675,2653464,hr,Amereh
204318369,2653486,hr,Alvir
204318985,2653494,hr,Alvand
204319370,2653499,hr,Aluni
204319447,2653500,hr,Aluni
204319755,2653504,hr,Alu'ak
204319986,2653507,hr,Alqur
204320756,2653517,hr,Alani
204320987,2653520,hr,allhyar
204321988,2653533,hr,Allahabad
204322065,2653534,hr,Allahabad
204322219,2653536,hr,Allahabad
204323605,2653554,hr,Al-e Shams od Din
204323759,2653556,hr,Shahriar
204324683,2653568,hr,Deh-e `Ali Morad
204325068,2653573,hr,Alikuh
204325222,2653575,hr,Alkhalaj
204325761,2653582,hr,Aligudarz
204325915,2653584,hr,`Ali Gorzan-e `Olya
204326377,2653590,hr,`Ali Bolaghi
204326685,2653594,hr,`Ali Ben Teben
204326762,2653595,hr,`Alibar
204326993,2653598,hr,'Ali 'Arap
204327070,2653599,hr,Halian
204327378,2653603,hr,`Ali Ahmadan
204327609,2653606,hr,`Aliabad-e Luleh
204330150,2653639,hr,Beg Reza
204330612,2653645,hr,`Aliabad-e Mo`ini
204330689,2653646,hr,Aliabad
204331151,2653652,hr,Ziba Kenar
204331382,2653655,hr,Aliabad-e Katul
204331459,2653656,hr,`Aliabad-e Pa'in
204331613,2653658,hr,Aliabad
204332460,2653669,hr,Aliabad
204332999,2653676,hr,Aliabad
204333307,2653680,hr,`Aliabad-e Avval
204334077,2653690,hr,Aliabad
204334924,2653701,hr,Aliabad
204335155,2653704,hr,Aliabad
204335386,2653707,hr,`Aliabad Musaviyeh
204335771,2653712,hr,Aliabad
204336387,2653720,hr,`Aliabad-e Zare`in
204336618,2653723,hr,Aliabad
204338312,2653745,hr,`Aliabad- Abegarm
204339082,2653755,hr,Aliabad
204339159,2653756,hr,Aliabad
204339621,2653762,hr,Aliabad
204340468,2653773,hr,alhady
204340622,2653775,hr,Sang Baran
204341238,2653783,hr,Al-e Muhammad
204341392,2653785,hr,Alek
204342162,2653795,hr,albrz
204342316,2653797,hr,Alraj
204342393,2653798,hr,Albomaveh
204342547,2653800,hr,Qodratabad
204342855,2653804,hr,Alavijeh
204343009,2653806,hr,Alavi
204343240,2653809,hr,Aleštar
204343317,2653810,hr,alasht
204343548,2653813,hr,alard
204343625,2653814,hr,Alanjeq
204343933,2653818,hr,Alan-e `Olya
204344241,2653822,hr,Ruyan
204344395,2653824,hr,`Alamdar-e Bala
204344934,2653831,hr,`Alamabad
204346397,2653850,hr,Akhvoreh-ye Pa'in
204347244,2653861,hr,akhnd
204348476,2653877,hr,Akbarabad
204348938,2653883,hr,Hoseynabad
204349323,2653888,hr,Akbarabad
204349631,2653892,hr,Akbarabad
204350324,2653901,hr,Akand
204350478,2653903,hr,ak
204350940,2653909,hr,Ajin
204351402,2653915,hr,Ajab Šir
204351633,2653918,hr,Ahvaz
204352172,2653925,hr,Ahu Dasht
204352942,2653935,hr,Ahram
204353019,2653936,hr,Ahrame
204353173,2653938,hr,Ahmadvand
204353404,2653941,hr,Ahmadlu
204357100,2653989,hr,ahmd abad
204357408,2653993,hr,ahmd abad
204358486,2654007,hr,ahmd abad
204359025,2654014,hr,Ahmadabad Baghak
204359487,2654020,hr,ahmd abad
204359795,2654024,hr,Ahi Mahalleh
204359949,2654026,hr,Ahar
204360026,2654027,hr,Ahar
204360565,2654034,hr,Ahangaran
204362105,2654054,hr,Agh Kandi
204362182,2654055,hr,aq knd
204363029,2654066,hr,Agharku'iyeh
204364184,2654081,hr,Aghajari
204364569,2654086,hr,Afzalabad
204364646,2654087,hr,Afzalabad
204364723,2654088,hr,afzat
204364800,2654089,hr,Afus
204364877,2654090,hr,Afus
204365031,2654092,hr,Poslije
204365108,2654093,hr,aftabh
204365185,2654094,hr,afshrd
204366186,2654107,hr,Afjeh
204366263,2654108,hr,Afin
204366340,2654109,hr,Afin
204366417,2654110,hr,Afarianaj
204366494,2654111,hr,Afarianaj
204366879,2654116,hr,adkan
204367572,2654125,hr,Adeh-ye Bozorg
204368188,2654133,hr,achachy
204369035,2654144,hr,Abyek
204369112,2654145,hr,Abyek
204369266,2654147,hr,Abjane
204369343,2654148,hr,Abuzeydabad
204371422,2654175,hr,Ebu Dženlu
204371576,2654177,hr,Ebu Homejze
204372115,2654184,hr,Abu Dabos
204372269,2654186,hr,Abu Boqqal
204372346,2654187,hr,Abu `Arabid
204373270,2654199,hr,Abduli
204374194,2654211,hr,absrd
204374425,2654214,hr,absrd
204374656,2654217,hr,Kalat-e Ab Reza
204375041,2654222,hr,Abrandabad-e Shahediyeh
204375272,2654225,hr,Ab Ghu
204375580,2654229,hr,ab pa
204375965,2654234,hr,Abnik
204377582,2654255,hr,Ab Kharreh
204377890,2654259,hr,afksht
204378121,2654262,hr,abknar
204378275,2654264,hr,abksh
204378737,2654270,hr,Ebi-ye Sofla
204379199,2654276,hr,Abhar
204379353,2654278,hr,Ab Gonji
204379815,2654284,hr,Ab Garm-e Pa'in Larijan
204380046,2654287,hr,abgrm
204380431,2654292,hr,abgrm
204380739,2654296,hr,abgrm
204381278,2654303,hr,ab shahr
204381663,2654308,hr,Ab Meshkin
204382279,2654316,hr,abgrm
204382818,2654323,hr,Ebi Bejglu
204383511,2654332,hr,Fath ol Mobin
204384127,2654340,hr,'Abd ol Mow'men
204387207,2654380,hr,Abdan
204387284,2654381,hr,Abdan
204388285,2654394,hr,ab chnar
204388439,2654396,hr,Ab Bu'i
204388670,2654399,hr,Ab Bid-e Hadži Baba
204389594,2654411,hr,`Abbas Beyglu
204389671,2654412,hr,`Abbas Barfi
204389902,2654415,hr,`Abbasabad-e Jowkar
204390133,2654418,hr,`Abbasabad
204390364,2654421,hr,`Abbasabad-e Dasht
204390980,2654429,hr,ʿbas abad
204391211,2654432,hr,`Abbasabad
204391596,2654437,hr,`Abbasabad
204391981,2654442,hr,`Abbasabad
204392135,2654444,hr,`Abbasabad
204392212,2654445,hr,`Abbasabad
204392520,2654449,hr,`Abbasabad
204392597,2654450,hr,`Abbasabad
204392828,2654453,hr,`Abbasabad
204394907,2654480,hr,Ab Bariki
204395831,2654492,hr,Abbar
204396678,2654503,hr,abrlaq
204396832,2654505,hr,Abarkuh
204396986,2654507,hr,abrghan
204397602,2654515,hr,abad khrh
204397833,2654518,hr,abadh
204398372,2654525,hr,Abadan
204398449,2654526,hr,abad
204398526,2654527,hr,abad
204398988,2654533,hr,hsht pyman
204399912,2654545,hr,karwn
204400143,2654548,hr,Banzark-e sada
204400605,2654554,hr,Zehuki
204400836,2654557,hr,rkn abad
204401452,2654565,hr,Mirabad
204402068,2654573,hr,Hadži `Abbasi
204402453,2654578,hr,Sin Gowri
204403223,2654588,hr,mahkamih
204403608,2654593,hr,Kalu
204403762,2654595,hr,Balan
204403839,2654596,hr,Balan
204404455,2654604,hr,Koleh Kargeh
204405610,2654619,hr,Kuzaran
204406534,2654631,hr,Huni
204406842,2654635,hr,Ab Bid-e Sofla
204407381,2654642,hr,Ojaksar
204407535,2654644,hr,Kalleh Bast
204407689,2654646,hr,'Azinabad
204407920,2654649,hr,Rowshandan
204408151,2654652,hr,Dunchal
204408228,2654653,hr,Lapu Sahra
204408382,2654655,hr,Kuhi Kheyl
204408459,2654656,hr,Kuhi Kheyl
204408998,2654663,hr,Pa'in Bisheh Sar
204409383,2654668,hr,Talikaran
204409922,2654675,hr,Mateh Kola
204411462,2654695,hr,Vesyeh
204411539,2654696,hr,Ninu
204411770,2654699,hr,Mianak
204411924,2654701,hr,Kakarun
204412001,2654702,hr,Šejh Musa
204412617,2654710,hr,shanih
204412694,2654711,hr,Bala Andi Kola
204412771,2654712,hr,Moqri Kola
204413002,2654715,hr,Hadži Kola
204413772,2654725,hr,Tarkhasi Kola
204414157,2654730,hr,Arechi
204414234,2654731,hr,ab shykh
204414619,2654736,hr,Khalil Kola
204414696,2654737,hr,Tanbola
204415081,2654742,hr,Iduyeh
204415389,2654746,hr,Arateh
204415466,2654747,hr,afra tkht
204415851,2654752,hr,Div Koti
204416082,2654755,hr,Safarabad
204416467,2654760,hr,Kharmian
204416775,2654764,hr,Tabaqdeh
204416852,2654765,hr,Tabaqdeh
204417083,2654768,hr,Muzi Bagh
204417237,2654770,hr,Dulmarz
204417468,2654773,hr,Golma-ye Pa'in
204418161,2654782,hr,Šahabad
204419008,2654793,hr,Zenivand
204420856,2654817,hr,palnd
204421395,2654824,hr,\N
204421857,2654830,hr,Deh-e Manan
204421934,2654831,hr,Valik Bon
204422011,2654832,hr,Dadu Kola
204422088,2654833,hr,Dadu Kola
204422242,2654835,hr,Darzi Kola
204422473,2654838,hr,Mahforujak
204422781,2654842,hr,rkabdar kla
204422858,2654843,hr,bala dza
204423243,2654848,hr,Zahed Kola
204423782,2654855,hr,Div Kola
204424629,2654866,hr,Darun Kola-ye Sharqi
204424783,2654868,hr,Chehreh
204425091,2654872,hr,Kochid
204425245,2654874,hr,Mateh Kola
204425784,2654881,hr,Pahnedar
204425861,2654882,hr,Vav Darreh-ye Bozorg
204425938,2654883,hr,Vav Darreh-ye Bozorg
204426246,2654887,hr,Sada Deh
204426323,2654888,hr,Vastan
204426708,2654893,hr,Dang Sarak
204426939,2654896,hr,Molla Kheyl
204427401,2654902,hr,Shel Darreh
204427940,2654909,hr,Lut
204428017,2654910,hr,Talu Kola
204429095,2654924,hr,Kiasar
204429172,2654925,hr,Džemal od Din Kola
204429326,2654927,hr,Pa'in Ard Kola
204429634,2654931,hr,Mehleban
204429788,2654933,hr,twqdar
204429865,2654934,hr,Gorji Pol
204430173,2654938,hr,Ra'is Kola
204430404,2654941,hr,mard abad
204430789,2654946,hr,Parvarijabad
204431097,2654950,hr,Khar Khun
204431405,2654954,hr,Shiadeh Sadat Mahalleh
204431867,2654960,hr,Laharem Taluk
204432098,2654963,hr,Pa'in Kula
204432252,2654965,hr,shshk
204432637,2654970,hr,Pa'in Sharafabad
204432791,2654972,hr,taknar
204433330,2654979,hr,Amir Kola
204434254,2654991,hr,Asram
204434408,2654993,hr,Bala Qal`eh Sar
204434716,2654997,hr,Sefid Chah
204435486,2655007,hr,Lat Kumeh
204435640,2655009,hr,`Abdollahi
204436102,2655015,hr,Zerem
204437488,2655033,hr,Par Kola
204437642,2655035,hr,Gharib Mahalleh
204437719,2655036,hr,Šejh Mahalleh
204438027,2655040,hr,Metkazin
204438643,2655048,hr,Ramadan Kheyl
204438874,2655051,hr,Shiler
204439182,2655055,hr,Pilkuh
204439567,2655060,hr,Varand
204439721,2655062,hr,larma
204439875,2655064,hr,Amir Kola
204440337,2655070,hr,`Alem Kola
204440491,2655072,hr,Vanajem
204440799,2655076,hr,Aliabad
204442262,2655095,hr,Tuseh
204442570,2655099,hr,Pa'in Zanget
204442724,2655101,hr,Sorkh Deh
204443340,2655109,hr,zagh mrz
204443494,2655111,hr,Ya'qub Lengeh
204443802,2655115,hr,Kashku'iyeh
204444187,2655120,hr,Omm Ayay
204444957,2655130,hr,Omm ol Qasab-e Musa
204445419,2655136,hr,Majedi-ye Shatt
204446420,2655149,hr,Mahmudabad-e Borumand
204447421,2655162,hr,Visoki Sureh
204447729,2655166,hr,Pas Kareh
204448191,2655172,hr,Zangelan-e Pa'in
204448961,2655182,hr,Saroleh
204450193,2655198,hr,Selgerd
204450424,2655201,hr,Mizab
204450809,2655206,hr,Qarajeh-ye Feyzollah
204450886,2655207,hr,Qarajeh-ye Feyzollah
204451117,2655210,hr,Aq Bolagh
204451194,2655211,hr,sachwn
204451425,2655214,hr,Sufijan
204451502,2655215,hr,sufijski
204451810,2655219,hr,Mantaqeh-ye Barm-e Gandab
204451887,2655220,hr,Zobeydeh-ye `Ariyez
204452118,2655223,hr,Bayman-e `Ariyez
204453042,2655235,hr,Jow Kanak
204453196,2655237,hr,Qal`eh
204453427,2655240,hr,Gila Deh
204453735,2655244,hr,Varniab
204453966,2655247,hr,bshab
204454274,2655251,hr,'Alalulu
204454428,2655253,hr,Sula
204454505,2655254,hr,Mardilu
204455121,2655262,hr,Jahangirlu
204455660,2655269,hr,Lajayer
204455968,2655273,hr,Kush Qeshlaq
204456276,2655277,hr,chnar
204456738,2655283,hr,muhamedanski
204456815,2655284,hr,Sarajevo
204457123,2655288,hr,Koman
204458124,2655301,hr,Yekvan
204458355,2655304,hr,Fohlehgar Pichlu
204461974,2655351,hr,Chunzaq
204463206,2655367,hr,Hadi Bejglu
204465054,2655391,hr,Dali-ye Seyyed `Ali Mohammad
204465208,2655393,hr,Amir `Asgar
204465285,2655394,hr,Hezar Mani-ye Sofla
204465516,2655397,hr,Boneh-ye Cheragh
204465978,2655403,hr,Dimeh-ye Bon Sa`id
204466748,2655413,hr,Nazar Khan
204467056,2655417,hr,Lomeh Daraq
204467133,2655418,hr,Lomeh Daraq
204467364,2655421,hr,Talkhab
204467595,2655424,hr,Salehabad
204467903,2655428,hr,Asmanabad
204469212,2655445,hr,Tezerj
204469289,2655446,hr,Kuh Sefid
204470290,2655459,hr,Bezenjan
204470367,2655460,hr,Bezenjan
204473062,2655495,hr,Vazirabad
204473139,2655496,hr,Vazirabad
204475141,2655522,hr,Qeshlaq-e Lahab
204475218,2655523,hr,Abduzu
204475295,2655524,hr,\N
204476989,2655546,hr,Darreh Bid
204477066,2655547,hr,Kahn-e Zeyd
204477143,2655548,hr,Darreh Sada
204477297,2655550,hr,Mazra`eh-ye Gardin
204477605,2655554,hr,Kadar Nik
204477759,2655556,hr,Bagh-e Rahi
204478375,2655564,hr,brf anbar
204479607,2655580,hr,Darimi
204479761,2655582,hr,Hoseynabad
204481378,2655603,hr,Tavakkolabad
204482148,2655613,hr,ab grm
204482456,2655617,hr,Deh Now-e Mohammad Reza Khan
204483380,2655629,hr,Jiroft
204486075,2655664,hr,Sarkahnu
204486691,2655672,hr,Qal`eh-ye sada
204486999,2655676,hr,Chaman
204488000,2655689,hr,Nadu'iyeh-ye `Olya
204488231,2655692,hr,Kalab-e Sofla
204490156,2655717,hr,Ab Qebleh
204494545,2655774,hr,Bok
204494776,2655777,hr,Dak
204495007,2655780,hr,Pareh Sar
204495238,2655783,hr,Parandak
204495392,2655785,hr,Gilova
204495700,2655789,hr,Mohammad Shahr
204495777,2655790,hr,`Abbasabad
204495854,2655791,hr,Garmdarreh
204496008,2655793,hr,Yampi
204496162,2655795,hr,Mehr Šahr
204496547,2655800,hr,Ahmad Abad Mostufi
204496624,2655801,hr,Ahmad Abad Mostufi
204496701,2655802,hr,Mehrdašt
204496855,2655804,hr,Salur
204497086,2655807,hr,Baqershahr
204497471,2655812,hr,Yolmeh Salian
204497548,2655813,hr,Digcheh
204498010,2655819,hr,Zav-e Bala
204498164,2655821,hr,Qiamdasht
204499704,2655841,hr,dagh daly
204501552,2655865,hr,Chamestan
204501706,2655867,hr,Ba'i Kola
204502476,2655877,hr,Div Kola-ye `Olya
204503631,2655892,hr,Avajiq
204504016,2655897,hr,Showt
204504555,2655904,hr,'Azim Kandi
204504863,2655908,hr,Qusha Bolagh-e Pa'in
204506480,2655929,hr,Churet
204506865,2655934,hr,Zeri
204508251,2655952,hr,Chahar Sotun
204508713,2655958,hr,Pasargad
204509175,2655964,hr,tazh shhr
204509406,2655967,hr,bayngan
204509714,2655971,hr,Kavaki
204509945,2655974,hr,Qal`eh-ye Shah Verdi
204510253,2655978,hr,Taqi Abad
204510715,2655984,hr,Emamiyeh-ye Sofla
204511023,2655988,hr,Sar Rud
204511100,2655989,hr,shykhan
204511177,2655990,hr,Dorud
204511254,2655991,hr,Haq
204511331,2655992,hr,Rah Dahaneh
204511485,2655994,hr,Khajeh Abad
204511716,2655997,hr,Darak
204512101,2656002,hr,Qarah Qeshlaq
204513795,2656024,hr,Forutaqeh
204514103,2656028,hr,Avandar
204514488,2656033,hr,Taqiabad
204515335,2656044,hr,Tomol
204515489,2656046,hr,Mohammadabad
204515720,2656049,hr,Eshaqabad
204515874,2656051,hr,Akhlamad
204516336,2656057,hr,Mo'allem Kalayeh
204516798,2656063,hr,jʿfr abad
204517029,2656066,hr,Lumar
204517568,2656073,hr,Qareh Guney-ye Vosta
204517799,2656076,hr,Zavošt
204517876,2656077,hr,Zavosht
204518338,2656083,hr,Bagh-e-Khan
204518569,2656086,hr,Sadd-e-Ekbatan
204519647,2656100,hr,akrm abad
204520032,2656105,hr,Disfan
204521187,2656120,hr,chal trkhan
204523035,2656144,hr,Dehnow-ye Salehabad
204523420,2656149,hr,Vešareh
204524344,2656161,hr,Hasanabad-e Vakareh
204524883,2656168,hr,Mulab-e Pa'in
204524960,2656169,hr,Tang-e Sorkh
204525268,2656173,hr,Bagh
204525884,2656181,hr,Shahrak-e Pabedana
204526731,2656192,hr,Goruhban Mir
204526885,2656194,hr,Hesar Bon
204527193,2656198,hr,Veyrij
204527809,2656206,hr,Dowrahak
204527886,2656207,hr,Dowrahak
204528887,2656220,hr,Ardakan
204529041,2656222,hr,Bozghan
204529580,2656229,hr,Arvand Kenar
204529888,2656233,hr,Khadijeh Khatun
204530042,2656235,hr,Chehel Mili
204531582,2656255,hr,Sharifabad
204531813,2656258,hr,Shamsabad-e Ga'ini Ha
204533584,2656281,hr,Khamsian
204533815,2656284,hr,khyar abad
204534662,2656295,hr,Mohammadabad
204535047,2656300,hr,Kigah
204535432,2656305,hr,lanyz
204535894,2656311,hr,Araj
204536433,2656318,hr,Deh Kheyr
204536664,2656321,hr,Deh Sada
204537357,2656330,hr,Kabirabad
204537511,2656332,hr,Turquzabad
204537665,2656334,hr,nzam abad
204538127,2656340,hr,mrjan abad
204540052,2656365,hr,Ja`farabad
204540283,2656368,hr,trsh anbh
204540591,2656372,hr,Shahrak-e Golriz
204541361,2656382,hr,Qanbar Sini
204542054,2656391,hr,Esmiabad
204542285,2656394,hr,Javadiyeh
204542439,2656396,hr,Tajjeshabad
204542516,2656397,hr,Vahidiyeh
204542901,2656402,hr,byrgan
204543132,2656405,hr,syjan
204543209,2656406,hr,Jey
204543286,2656407,hr,jwrab
204543440,2656409,hr,Khuvares
204543748,2656413,hr,Keshar-e 'Olya
204543825,2656414,hr,Kešar-e Sofla
204543902,2656415,hr,Keshar-e Sofla
204544518,2656423,hr,Ammameh
204544595,2656424,hr,raht abad
204544903,2656428,hr,Kamard
204545288,2656433,hr,Dastgerd
204545596,2656437,hr,mushani
204545981,2656442,hr,Ira
204546058,2656443,hr,Kalan
204546135,2656444,hr,Vasefjan
204546212,2656445,hr,Goldarreh
204546289,2656446,hr,Goldarreh
204546366,2656447,hr,Karitun
204546905,2656454,hr,Valiabad
204547136,2656457,hr,Siah Sang
204547752,2656465,hr,Hakimabad
204547829,2656466,hr,Jannatabad
204548060,2656469,hr,Eslamabad
204548445,2656474,hr,Cheshmeh Shur
204548522,2656475,hr,Yanaq
204549138,2656483,hr,Soheyl-e Najafabad
204549523,2656488,hr,Taqlidabad
204549677,2656490,hr,Hasanabad
204549831,2656492,hr,Shir `Ali Beyglu
204549908,2656493,hr,Qal`eh Cham
204550370,2656499,hr,Mazra`eh-ye Kandaqeh
204550447,2656500,hr,Mahmudabad
204550601,2656502,hr,Buyut Hamid
204551140,2656509,hr,Deh-e Torkaman
204551294,2656511,hr,Eslamabad
204551371,2656512,hr,Eslamabad
204551833,2656518,hr,Qal'eh Now Khaleseh
204551987,2656520,hr,`Aliabad-e Qeysari
204552603,2656528,hr,Deh Now-e Pa'in
204552834,2656531,hr,Kaht Sada
204552988,2656533,hr,Mur-e Gur
204553065,2656534,hr,Garma
204553912,2656545,hr,Ranjqoli
204554143,2656548,hr,Mohammadabad Sofla
204554220,2656549,hr,Mohammadabad
204554374,2656551,hr,Tavakkolabad
204554836,2656557,hr,Olaghchin
204555452,2656565,hr,bla badchh
204555683,2656568,hr,Fudaz
204555760,2656569,hr,Laghareh
204555914,2656571,hr,Serešk
204556068,2656573,hr,'Eshratabad
204556222,2656575,hr,Kushkuyeh
204556915,2656584,hr,Yek Baghi
204557069,2656586,hr,Musaabad
204557685,2656594,hr,Ja`farabad
204558840,2656609,hr,fth abad
204559071,2656612,hr,Qeh
204559302,2656615,hr,Mansurabad
204560611,2656632,hr,rkn abad
204560919,2656636,hr,Osfuk
204561381,2656642,hr,Maqsudak
204563229,2656666,hr,Hoseynabad
204564769,2656686,hr,Cheshmeh Ku
204565539,2656696,hr,Deh-e Zak
204565616,2656697,hr,Hajjiabad
204565693,2656698,hr,Gahru
204566463,2656708,hr,Sayehban
204566694,2656711,hr,Jelow Dar
204566848,2656713,hr,Hasanabad
204567310,2656719,hr,Jeyhum
204568157,2656730,hr,Bagh-e Baqerabad
204568234,2656731,hr,arkan
204568850,2656739,hr,Tall-e Nakhowdi
204569081,2656742,hr,Talun
204569697,2656750,hr,Neyestan
204569851,2656752,hr,Kuhak
204570159,2656756,hr,Shahrak-e Baba Salman
204570698,2656763,hr,Eskaman
204570775,2656764,hr,Nazarabad
204570852,2656765,hr,Nazarabad
204571160,2656769,hr,shahdshhr
204571314,2656771,hr,Yusefabad
204571930,2656779,hr,Asgharabad
204572007,2656780,hr,Deh Hasan
204572084,2656781,hr,Deh Hasan
204572238,2656783,hr,Maminabad
204572546,2656787,hr,gwash
204572623,2656788,hr,Kaluki
204572854,2656791,hr,Kandelu
204573470,2656799,hr,gadl abad
204573701,2656802,hr,Hesar Goli
204573778,2656803,hr,Hajjiabad-e `Arap
204574471,2656812,hr,Ijdan
204574548,2656813,hr,Eqbaliyeh
204574933,2656818,hr,Hajjiabad
204575087,2656820,hr,Khosrow
204575164,2656821,hr,atabk
204575241,2656822,hr,Davarabad
204576165,2656834,hr,Bideraz-e Bala
204577859,2656856,hr,Kamam
204579399,2656876,hr,Ash Sharyah
204581401,2656902,hr,Sarbanan
204582094,2656911,hr,alblagh
204582402,2656915,hr,`Eyn Malan
204583326,2656927,hr,hajy khwsh
204584481,2656942,hr,khatwnbagh
204584635,2656944,hr,Sichan Bolagh
204585482,2656955,hr,Ab Kanarun
204586021,2656962,hr,balwt karawan
204586252,2656965,hr,Asadabad-e Zand
204588331,2656992,hr,talykran
204588716,2656997,hr,gawahantw
204589178,2657003,hr,Koreh Jub
204589255,2657004,hr,Paseh Borj
204589332,2657005,hr,Cham Guni
204589717,2657010,hr,Sharif Kandi
204590256,2657017,hr,Badreh
204590333,2657018,hr,Kheyrabad-e Vali
204590487,2657020,hr,Bala Jub
204590564,2657021,hr,Arim
204593028,2657053,hr,Gileh Sara
204593567,2657060,hr,Khandileh Posht
204594106,2657067,hr,Nehzom
204594568,2657073,hr,Aqa Mahalleh
204595261,2657082,hr,arbasr
204595415,2657084,hr,Espi Yashm
204595492,2657085,hr,Esfan Sar
204595646,2657087,hr,Gavakedeh
204596031,2657092,hr,Anush Mahalleh
204597109,2657106,hr,Baluteh
204597802,2657115,hr,dafsar
204598341,2657122,hr,Kofud Mozhdeh
204598572,2657125,hr,Jangeh Mireh
204598649,2657126,hr,Jowlandan
204599727,2657140,hr,Khesah Sara
204600574,2657151,hr,Khalifeh Chay
204600728,2657153,hr,Khomsar
204600882,2657155,hr,Khvajeh Kari
204602345,2657174,hr,Rangarz Mahalleh
204602653,2657178,hr,Rahnama Mahalleh
204602961,2657182,hr,sragah
204603346,2657187,hr,Sangdeh-ye Pa'in
204603500,2657189,hr,Sekam
204603577,2657190,hr,shl abad
204605502,2657215,hr,Shir-e Tar
204606272,2657225,hr,Qassab Mahalleh
204608582,2657255,hr,Kuh Kari
204609506,2657267,hr,Golabkhvoran
204611046,2657287,hr,Moqaddam Mahalleh
204611508,2657293,hr,Musa Kuh
204611662,2657295,hr,Mehdi Khan Mahaleh
204611816,2657297,hr,Hamid Mahalleh
204611893,2657298,hr,Nav-e Bala
204611970,2657299,hr,Taqiabad
204612047,2657300,hr,Nasrollahabad
204612971,2657312,hr,Yengejeh-ye Qeshlaq
204613895,2657324,hr,Khoshknudhan-e Bala
204614126,2657327,hr,Gurichi
204614819,2657336,hr,Mazra`eh
204615358,2657343,hr,Talkhuncheh
204615512,2657345,hr,Šahin Šahr
204615589,2657346,hr,Shahin Shahr
204615666,2657347,hr,Ghadirabad
204616436,2657357,hr,murani
204616590,2657359,hr,Jowl Marz
204616821,2657362,hr,Zun
204617129,2657366,hr,Bejgerd
204617745,2657374,hr,Sabrdaran
204618900,2657389,hr,Ozvar
204619516,2657397,hr,Aliabad
204619824,2657401,hr,Zudan
204619901,2657402,hr,Zudan
204620363,2657408,hr,Aminabad
204621056,2657417,hr,Hoseynabad
204621518,2657423,hr,Mahalleh-ye Ashenestan
204622057,2657430,hr,Gifu
204622134,2657431,hr,Jowlarestan
204622673,2657438,hr,Seyyed Zeyn Od Din
204623212,2657445,hr,Sahra Rowghan
204623751,2657452,hr,Mahalleh-ye Ateshbaran
204625214,2657471,hr,Tolombeh-ye Semsar
204626985,2657494,hr,Marza`cheh
204627447,2657500,hr,Kheyrabad
204628140,2657509,hr,Hormozabad
204628217,2657510,hr,Hemmatabad
204628448,2657513,hr,Gereh
204628679,2657516,hr,Dashtchi
204628756,2657517,hr,Daštlu
204628833,2657518,hr,Dashtlu
204629526,2657527,hr,bharan
204629603,2657528,hr,Baghumeh
204630527,2657540,hr,bachh
204632298,2657563,hr,Qoroqabad
204633299,2657576,hr,Jilab
204633453,2657578,hr,Qal`eh Ja`farabad
204633915,2657584,hr,Mehdiabad
204634300,2657589,hr,Sumareh
204634377,2657590,hr,Shamsabad
204634531,2657592,hr,Mesreh
204635763,2657608,hr,Žiar
204635840,2657609,hr,Ziar
204635994,2657611,hr,zazran
204636148,2657613,hr,Zarrin Shahr
204636610,2657619,hr,Yek Langi
204637380,2657629,hr,Tiranchi
204637457,2657630,hr,Tiran
204637534,2657631,hr,Tiran
204637765,2657634,hr,Tahmuresarat
204637842,2657635,hr,tad
204638073,2657638,hr,Sorush Badaran
204638381,2657642,hr,Sistan
204638458,2657643,hr,grijeh
204638535,2657644,hr,Sichi
204638920,2657649,hr,Shorudan
204639151,2657652,hr,shahpwr abad
204639767,2657660,hr,Sedeh Lanjan
204639844,2657661,hr,Sedeh Lanjan
204639998,2657663,hr,Khalil Šahr
204640075,2657664,hr,Sagzi
204640999,2657676,hr,Šahreza
204641153,2657678,hr,Qehi
204641384,2657681,hr,Qarneh
204641615,2657684,hr,Qamishlu
204641846,2657687,hr,Qal'eh Sefid
204642154,2657691,hr,Goldasht
204642308,2657693,hr,Qal`eh Qasem
204642539,2657696,hr,Qal`eh Aqa
204642616,2657697,hr,Qahjavarestan
204642770,2657699,hr,Pudeh
204642847,2657700,hr,Pudeh
204643001,2657702,hr,Pir Bakran
204643386,2657707,hr,Pelarat
204643540,2657709,hr,Parvaneh
204643848,2657713,hr,Imanshahr
204644310,2657719,hr,nsr abad
204644464,2657721,hr,Najafabad
204644849,2657726,hr,Mulenjan
204645080,2657729,hr,Mohammadiyeh
204645388,2657733,hr,Mobarakeh
204645542,2657735,hr,Mirabad
204646389,2657746,hr,mhyar
204646543,2657748,hr,Madiseh
204646620,2657749,hr,Madarkan
204647082,2657755,hr,largan
204647236,2657757,hr,Kuhpayeh
204647313,2657758,hr,Kuhpayeh
204647775,2657764,hr,Golgun
204647852,2657765,hr,Golgun
204648006,2657767,hr,Kichi
204648160,2657769,hr,Khowrzuq
204648314,2657771,hr,Khvansarak
204648622,2657775,hr,Homeyni Shahr
204648699,2657776,hr,Khomeyni Shahr
204648776,2657777,hr,Hotanabad
204648853,2657778,hr,Hotanabad
204649084,2657781,hr,Kelishad va Sudarjan
204649161,2657782,hr,Kelishad
204649315,2657784,hr,Karuyeh
204649546,2657787,hr,Kalmanjanin
204649700,2657789,hr,Kahriz Sang
204649777,2657790,hr,Kahriz Sang
204649854,2657791,hr,kafshan
204649931,2657792,hr,kfran
204650008,2657793,hr,Kachu'iyeh
204650162,2657795,hr,Jujil
204650393,2657798,hr,Jowzedan
204650470,2657799,hr,jwzdan
204650547,2657800,hr,Jowharestan
204650778,2657803,hr,Jey Shid
204650855,2657804,hr,jlwan
204650932,2657805,hr,Jarm Afshar
204651009,2657806,hr,jar
204651163,2657808,hr,Jalalabad
204651240,2657809,hr,Jalalabad
204651471,2657812,hr,Jaja
204651702,2657815,hr,Ja`farabad
204651779,2657816,hr,Irančeh
204651933,2657818,hr,Huyeh
204652010,2657819,hr,Howz Mahi
204652087,2657820,hr,Hoseynabad
204652395,2657824,hr,Hoseynabad
204652472,2657825,hr,Hamam
204652780,2657829,hr,Hasanabad-e Abrizi
204653011,2657832,hr,Hosyenabad
204653165,2657834,hr,horayzah
204653242,2657835,hr,hardng
204653319,2657836,hr,Harand
204653396,2657837,hr,Harand
204653550,2657839,hr,Hadži Alvan
204653858,2657843,hr,Haftshuyeh
204653935,2657844,hr,Habibabad
204654012,2657845,hr,grgab
204654243,2657848,hr,Gaz-e Borkhar
204654320,2657849,hr,Kavian
204654397,2657850,hr,Karkevand
204654474,2657851,hr,Karkevand
204654705,2657854,hr,Fulad Shahr
204654936,2657857,hr,Firuraq
204655398,2657863,hr,Falavarjan
204655475,2657864,hr,Falavarjan
204655552,2657865,hr,Ezhiyeh
204655629,2657866,hr,Ezhiyeh
204655783,2657868,hr,Eškavand
204656014,2657871,hr,Esfahanak
204656091,2657872,hr,Esfahanak
204656168,2657873,hr,Isfahan
204656399,2657876,hr,Dowlatabad
204656476,2657877,hr,Dizicheh
204656707,2657880,hr,Deh-e Sorkh
204657015,2657884,hr,Dinan
204657092,2657885,hr,Mahalleh-ye Dastgerd Qaddadeh
204657169,2657886,hr,Dastgerd
204657246,2657887,hr,Dastgerd
204657323,2657888,hr,Dastgerd-e Mehr Avaran
204657400,2657889,hr,Dastjah
204657477,2657890,hr,Dashti
204657554,2657891,hr,dargan
204657862,2657895,hr,Dorcheh Piaz
204657939,2657896,hr,Bandarat
204658093,2657898,hr,Charmahin
204658170,2657899,hr,Charian
204658247,2657900,hr,Cham Pir
204658324,2657901,hr,Cham Kahriz
204658478,2657903,hr,Čamgordan
204658863,2657908,hr,Bedaruzat
204659017,2657910,hr,bdagh abad
204659094,2657911,hr,Bersian
204659171,2657912,hr,Berenjegan
204659248,2657913,hr,barchan
204659325,2657914,hr,Baharestan
204659402,2657915,hr,Bagh Malek
204659479,2657916,hr,Mahalleh-ye Baghkumeh
204659633,2657918,hr,Abrisham
204659710,2657919,hr,Abrisham
204659941,2657922,hr,Asgharabad
204660249,2657926,hr,Andan
204660326,2657927,hr,Amorzeydabad
204660403,2657928,hr,Aminabad
204660480,2657929,hr,Aminabad
204660557,2657930,hr,Aminabad
204660634,2657931,hr,`Aliabad-e Molla `Ali
204660788,2657933,hr,Aliabad
204660865,2657934,hr,Akbarabad
204660942,2657935,hr,ahmd abad
204661019,2657936,hr,ahmd abad
204661250,2657939,hr,Mohsenabad
204661327,2657940,hr,Aderian
204661404,2657941,hr,Ebu ol Kheyr
204661481,2657942,hr,Abrow
204661558,2657943,hr,abkhark
204661635,2657944,hr,ab nyl
204661712,2657945,hr,Paziarat-e Kardar
204661866,2657947,hr,mahraq rahym
204661943,2657948,hr,Hizbandegan
204662020,2657949,hr,Šahbaz-e Džedid
204662328,2657953,hr,Dehestan-e Pa'in
204662405,2657954,hr,drbagh
204662482,2657955,hr,Tolombeh-ye Mozaffar
204662559,2657956,hr,qnat gaw
204662636,2657957,hr,zman abad
204662790,2657959,hr,Nanuk
204662944,2657961,hr,Kan Rud
204663098,2657963,hr,Salehabad
204663175,2657964,hr,Qasabeh
204663406,2657967,hr,Par Zeytun
204663483,2657968,hr,Hoseynabad-e Sargar
204663637,2657970,hr,Narm Ahang
204663945,2657974,hr,`Owdeh
204664099,2657976,hr,Bejt-e Sa`id
204664176,2657977,hr,Chinibeh-ye Yek
204664253,2657978,hr,chah kbkan
204664407,2657980,hr,Godar Chiti
204664561,2657982,hr,Pataveh
204664792,2657985,hr,Kal
204665023,2657988,hr,Malmula-ye Pa'in
204665100,2657989,hr,Mohemmiabad
204665254,2657991,hr,Gelalak
204665331,2657992,hr,murad abad
204665408,2657993,hr,Ab Anar
204665485,2657994,hr,Chah Ja`farzadeh-ye Miani
204665639,2657996,hr,Valiabad
204665716,2657997,hr,Dehshir
204665793,2657998,hr,Dehuyeh
204666409,2658006,hr,Sarag
204666717,2658010,hr,Hasanabad
204666794,2658011,hr,Feyzabad
204667025,2658014,hr,Deh Man
204667410,2658019,hr,Jahanabad
204667564,2658021,hr,Mozaffarabad
204667641,2658022,hr,Hasanabad
204667795,2658024,hr,Showkatiyeh
204667872,2658025,hr,hnd abad
204668642,2658035,hr,Yavaresh
204668719,2658036,hr,Bandareh
204668873,2658038,hr,Gol-e Voglan
204668950,2658039,hr,janjičar
204669027,2658040,hr,Zalteh
204669104,2658041,hr,ganjih naw
204669181,2658042,hr,Sar Khaneqah
204669258,2658043,hr,Molla `Osman
204669335,2658044,hr,Pir Khezran
204669566,2658047,hr,Asnaveh
204669797,2658050,hr,Kuh-e Salim
204669874,2658051,hr,Kani Dazdan
204669951,2658052,hr,Kani Soleyman
204670028,2658053,hr,'Asrabad
204670182,2658055,hr,batawan
204670336,2658057,hr,Kuh-e Qader Beyg
204670413,2658058,hr,Damehsuk
204670567,2658060,hr,barabar
204670644,2658061,hr,Hameh Resid
204670798,2658063,hr,wazhih
204670875,2658064,hr,Kuh-e Bakhtiari
204671029,2658066,hr,`Osmanabad
204671106,2658067,hr,Damameh
204671183,2658068,hr,Qoli Qezran
204671414,2658071,hr,Tit-e Bala
204671568,2658073,hr,Bon Khaneh
204671722,2658075,hr,Takht-e Sofla
204671799,2658076,hr,Tazehabad-e Golaneh
204671876,2658077,hr,Havareh Garmeh
204672184,2658081,hr,`Alijan
204672261,2658082,hr,Sadd-e Qeshlaq
204672338,2658083,hr,Sa`idiyeh
204672569,2658086,hr,hashly
204672646,2658087,hr,Takyeh-ye Galin
204672723,2658088,hr,Kani Salam
204672877,2658090,hr,Yamahah
204673108,2658093,hr,Sama
204673339,2658096,hr,Istgah-e Rah Ahan-e Kavir
204673878,2658103,hr,Ebrahimabad-e Jadid
204674186,2658107,hr,'Ain 'Ali
204674263,2658108,hr,Shahuni
204674417,2658110,hr,Jaju
204674571,2658112,hr,Seyyedabad
204674802,2658115,hr,Tal Khosrow-e Bala
204674879,2658116,hr,Dehnow-ye Sadat
204674956,2658117,hr,Bahregan
204675033,2658118,hr,Tall-e Gorosneh
204675110,2658119,hr,Hendijan-e Kuchek
204675187,2658120,hr,Badalabad
204675341,2658122,hr,Mansurabad
204675418,2658123,hr,Beliabin
204675803,2658128,hr,Qasemabad-e Habibollah Khan
204675880,2658129,hr,Tall-e Qal`eh-ye Bala
204676111,2658132,hr,Qasemabad Habibollah Khan
204676573,2658138,hr,Seyyedlar
204676804,2658141,hr,Seyyed Boneh
204676881,2658142,hr,Qarah Darvish
204676958,2658143,hr,bahšalija
204677035,2658144,hr,Agh Bolagh
204677112,2658145,hr,Mir Kandi
204677189,2658146,hr,Sardi
204677574,2658151,hr,Baran
204677651,2658152,hr,Molla hadžija
204677728,2658153,hr,Šahrak
204677805,2658154,hr,Dar Band
204678036,2658157,hr,Hargeh
204678113,2658158,hr,Nayeb Hoseyn
204678421,2658162,hr,Gapki
204678575,2658164,hr,Bolvani
204678883,2658168,hr,Qal`eh-ye Shahin
204679114,2658171,hr,Shir-e sada
204679268,2658173,hr,Ney Pahn-e Seyfollah
204679499,2658176,hr,chawush
204679576,2658177,hr,Qurlu Bolagh
204679730,2658179,hr,Hajjiabad
204679807,2658180,hr,Shamsabad
204680038,2658183,hr,baghchih
204680192,2658185,hr,Mahalleh-ye Kazemabad
204680423,2658188,hr,Hotanabad
204680885,2658194,hr,Aliabad
204681039,2658196,hr,Eslamšaher
204681270,2658199,hr,Darbelund
204681347,2658200,hr,Tajeshg
204681655,2658204,hr,Sar-e Motorha
204681963,2658208,hr,Qasemabad-e Pa'in
204682040,2658209,hr,Lojeng-e `Olya
204682117,2658210,hr,myshnab
204682194,2658211,hr,Zekri
204682271,2658212,hr,Kalateh-ye Mohammad `Ali
204682348,2658213,hr,Martigh
204682579,2658216,hr,Kalateh-ye Salmanabad
204682810,2658219,hr,Kalateh-ye Gavich
204683118,2658223,hr,Pargahniqdar
204683195,2658224,hr,Dar Jukhar
204683811,2658232,hr,Godar-e Siah Darreh
204683965,2658234,hr,Sulabast
204684196,2658237,hr,Deh-e Razeh
204684427,2658240,hr,Pushideh
204684504,2658241,hr,Gazik
204684658,2658243,hr,Mahmudabad-e Kharmiri
204684735,2658244,hr,Chah Molla
204685043,2658248,hr,Koreshk
204685197,2658250,hr,Hoseynabad
204685428,2658253,hr,dashgran
204685659,2658256,hr,Galleh Howz
204686198,2658263,hr,Nohur
204686275,2658264,hr,Kazgun
204686429,2658266,hr,Esfaraq
204686583,2658268,hr,Chah Shatt
204686660,2658269,hr,Zulluqal
204686891,2658272,hr,glzar
204687276,2658277,hr,Sar Jangal
204687430,2658279,hr,Taherabad-e Barbari
204687584,2658281,hr,Qush-e Kohneh
204687738,2658283,hr,Qush-e Chaker
204687815,2658284,hr,Qush-e `Alijan
204688046,2658287,hr,Kalateh-ye Qasemabad
204688123,2658288,hr,Qal`eh Qassab
204688200,2658289,hr,Padehha
204688508,2658293,hr,Kalateh-ye Khodadad
204688739,2658296,hr,Derakht-e Bid-e `Olya
204688970,2658299,hr,Bid Sukhteh
204689201,2658302,hr,Hasanabad
204689278,2658303,hr,Hasan Nowbar
204689355,2658304,hr,Kalateh-ye Hajji Madad
204689432,2658305,hr,`Abbasabad
204689509,2658306,hr,Kachuli
204689586,2658307,hr,Idqu
204689740,2658309,hr,Shurestan
204689817,2658310,hr,Shirin Kariz
204689894,2658311,hr,Qarah Qun Darreh
204689971,2658312,hr,Qal`eh Kohneh-ye Qezelyar
204690125,2658314,hr,Kulab-e Bala
204690202,2658315,hr,Kulab-e Pa'in
204690356,2658317,hr,Kalateh-ye Molla Ahmad
204690510,2658319,hr,Kalateh-ye Farrokh od Din
204690895,2658324,hr,Do Barara
204691203,2658328,hr,Teymurabad
204691280,2658329,hr,tam mkhtar
204691357,2658330,hr,Tam-e Mirza Hasan
204691434,2658331,hr,Soltanqoli
204691511,2658332,hr,Qal`eh Sada
204692897,2658350,hr,srdab
204692974,2658351,hr,Arzancheh-ye `Olya
204693128,2658353,hr,Chah-e Esma`il-e Sheybani
204693359,2658356,hr,Shamsabad
204694052,2658365,hr,Sar Cheshmeh-ye Karat
204694514,2658371,hr,Chah-e Zul
204694899,2658376,hr,Mahmudabad
204694976,2658377,hr,Cheshmeh Mazar
204695284,2658381,hr,baghchh
204695361,2658382,hr,psht sabad
204695669,2658386,hr,Gorazi
204695746,2658387,hr,Pol-e Kaki
204695823,2658388,hr,Pol-e Qazi
204695977,2658390,hr,Dasht
204696285,2658394,hr,Darbad
204696362,2658395,hr,Lahijan
204696516,2658397,hr,Sarrig
204696901,2658402,hr,Shizan
204697132,2658405,hr,Suran
204697440,2658409,hr,Allahu
204697517,2658410,hr,Kamar Sabz
204697594,2658411,hr,Gezicheh
204697902,2658415,hr,Kalateh-ye Khuni
204697979,2658416,hr,Sada Bahar
204698056,2658417,hr,Qal`eh Now-e Shamlu
204698133,2658418,hr,arkhwd
204698287,2658420,hr,Khuleh Bazaq
204698364,2658421,hr,Harashi
204698595,2658424,hr,Shahrak-e Bakharz
204698826,2658427,hr,Chah-e Seyyed Ahmad Shah
204699211,2658432,hr,Bohlulabad
204699288,2658433,hr,Bejangerd
204699827,2658440,hr,Yekkeh Pesteh
204700289,2658446,hr,Toqoz-e `Olya
204700520,2658449,hr,Tappeh Nader
204700751,2658452,hr,Talkhak
204700982,2658455,hr,Somsara-ye Sofla
204701136,2658457,hr,Somaqcheh
204701290,2658459,hr,Sud Khor
204701521,2658462,hr,Sheykhlu
204701675,2658464,hr,Shalghami-ye Sofla
204701829,2658466,hr,Shalghami-ye `Olya
204702060,2658469,hr,Shahneshin-e Bala
204702445,2658474,hr,Saghar Cheshmeh-ye Sofla
204702676,2658477,hr,Sami`abad
204702753,2658478,hr,syrzar
204702830,2658479,hr,Sibak-e Bala
204703138,2658483,hr,Rezaabad
204703369,2658486,hr,Rahimabad
204703523,2658488,hr,Qosheh Tut
204703600,2658489,hr,Dahaneh-ye Chahal
204703677,2658490,hr,Qal`eh Now-e Mirza Ja`far
204703985,2658494,hr,Padeh-ye Musa Khan
204704062,2658495,hr,pachwb
204704293,2658498,hr,Olang Pasheh
204704601,2658502,hr,Navay
204704755,2658504,hr,nqar khanh
204704986,2658507,hr,Nik Pey
204705140,2658509,hr,Monch
204705371,2658512,hr,Mohammadabad-e Bala
204705448,2658513,hr,Qazqaveh
204705833,2658518,hr,Mikhak-e Seyyedabad
204705910,2658519,hr,Mian Sara
204706064,2658521,hr,Kondeh Sukhteh
204706295,2658524,hr,Khvajeh Ta`un
204706603,2658528,hr,Khaneqeyn
204706911,2658532,hr,Khak Shur
204707219,2658536,hr,Karizak-e Ya`qub Khani
204707296,2658537,hr,Karizak
204707527,2658540,hr,Kariz Mazar
204707681,2658542,hr,Kariz Darreh
204707758,2658543,hr,Kariz
204707989,2658546,hr,Kal-e Qal`eh Pokhtuk
204708143,2658548,hr,Kalateh-ye Molla `Ali Akbar
204708220,2658549,hr,Kalateh-ye Qadam
204708374,2658551,hr,Kalateh-ye Fazel
204708451,2658552,hr,Kalateh-ye Aqa Mohammad
204708528,2658553,hr,Kalateh-ye Sarfaraz Khan
204708605,2658554,hr,Saleh Khani
204708682,2658555,hr,badamy
204709221,2658562,hr,kal aqayh
204709375,2658564,hr,Khalilabad
204709606,2658567,hr,Jahanabad
204709683,2658568,hr,Jabbar Beyk
204709760,2658569,hr,Hemmatabad
204709837,2658570,hr,ar karh
204709991,2658572,hr,Golarcheh-ye `Olya
204710068,2658573,hr,Gevey
204710145,2658574,hr,gaw chshmh
204710222,2658575,hr,Fariabad
204710376,2658577,hr,Esma`ilabad-e Kalali
204710684,2658581,hr,Do Sang
204711146,2658587,hr,dshtab
204711223,2658588,hr,Darmangi
204711377,2658590,hr,Cheshmeh Namak
204711531,2658592,hr,Bashirabad
204711916,2658597,hr,Chah-e Shomareh-ye Chahar Bahrami
204712147,2658600,hr,Chah-e Kahla'i
204712378,2658603,hr,Chah-e Emami va Ghoncheh `Ali
204712455,2658604,hr,Chah-e Baradaran-e `Abedi
204712609,2658606,hr,Chah-e Heydar Zadeh
204712840,2658609,hr,Chah-e `Ali Khan-e Arbabi
204713148,2658613,hr,Kalateh-ye Qazi
204713456,2658617,hr,Borjmuri
204713918,2658623,hr,Bagh-e sada
204713995,2658624,hr,baghk
204714149,2658626,hr,Biavand
204714380,2658629,hr,amghan
204714534,2658631,hr,Amir Khvajeh
204714611,2658632,hr,Almejuq-e Sofla
204714688,2658633,hr,Sahabdar
204714765,2658634,hr,Aghel Kamar
204714842,2658635,hr,Sadrabad
204715381,2658642,hr,Hoseynabad
204715766,2658647,hr,Hasanabad
204715920,2658649,hr,Hajjiabad
204715997,2658650,hr,Hajjiabad
204716074,2658651,hr,Aliabad
204716228,2658653,hr,Yadegar-e `Ali Khvajeh-ye Sofla
204716305,2658654,hr,Šur Ab-e Sofla
204716382,2658655,hr,shwrab
204716613,2658658,hr,Shokrabad
204716767,2658660,hr,Shahrak-e Sherkat-e Sahami-ye Zera`i-ye Torbat-e Jam
204717152,2658665,hr,Qandak
204717460,2658669,hr,Ney Dar
204718307,2658680,hr,Kalateh-ye `Ali Khan
204718384,2658681,hr,Kalateh-ye `Abdol
204718461,2658682,hr,Deh Sada
204718615,2658684,hr,Haft Asiab
204718846,2658687,hr,Gardaneh Ma`sumabad
204719077,2658690,hr,Esma`ilabad
204719154,2658691,hr,Ebrahimbay
204719539,2658696,hr,Cheshmeh-ye Azad
204719924,2658701,hr,Chah-e Rajab`ali-ye Barbari
204720155,2658704,hr,Prašina Chah-e Mostafa Akhlaq
204720232,2658705,hr,Chah-e Mohammad `Isa
204720309,2658706,hr,Chah-e Mohammadabad
204720386,2658707,hr,Chah-e Kater Pilar
204720463,2658708,hr,Chah-e Kadkhoda Vali-ye Nosrat
204720540,2658709,hr,Chah-e Kadkhoda Vali-ye Dalir
204720617,2658710,hr,Chah-e Dadgar
204720925,2658714,hr,Chah-e Saburi
204721002,2658715,hr,Chah-e Hoseyn va Mohammad-e Dur Andish
204721233,2658718,hr,Prašina Chah-e `Abbas-e Akhlaq
204721310,2658719,hr,Buteh Gaz
204721387,2658720,hr,brat abad
204721618,2658723,hr,Hasanabad-e Qusheh
204721695,2658724,hr,Hasanabad-e Aqa Beyk
204721849,2658726,hr,Zurabad
204721926,2658727,hr,Tappeh Dar
204722311,2658732,hr,Deh-e Shirdel
204722388,2658733,hr,Deh-e Sasuli
204722465,2658734,hr,Sadaki
204722773,2658738,hr,Mir `Abdollah
204723235,2658744,hr,Golabad-e Sofla
204723312,2658745,hr,Mir Šekar
204723389,2658746,hr,Deh-e Fakhireh
204723620,2658749,hr,Deh-e `Ali Hoseyn
204723928,2658753,hr,Charak
204724005,2658754,hr,Chak Gol
204724082,2658755,hr,Sasuki-ye Azad
204724159,2658756,hr,Asak
204724390,2658759,hr,Hadž Halim Khan-e Sharifabad
204724544,2658761,hr,khwsh dad
204725160,2658769,hr,Deh-e Nur Mohammad
204725237,2658770,hr,Chahar Cheshmeh-ye Sharifabad
204725468,2658773,hr,Yar Mohammad-e Kuhi
204725545,2658774,hr,Yar Muhammad
204725622,2658775,hr,Takht-e `Edalat
204725930,2658779,hr,Tavus-e Bamadi
204726084,2658781,hr,Deh-e Siah Khan
204726161,2658782,hr,Deh-e Rasul Khan
204726392,2658785,hr,Pudineh
204726469,2658786,hr,Peykeh-ye Shahsavar
204726623,2658788,hr,Deh-e Nur Mohammad Khan
204727008,2658793,hr,Deh-e Mohammad Qasem
204727316,2658797,hr,Deh-e Rudini
204727624,2658801,hr,Kondel
204727855,2658804,hr,Karku
204727932,2658805,hr,Deh-e Karam
204728009,2658806,hr,kam khan
204728086,2658807,hr,Deh-e Jangi Khan
204728394,2658811,hr,Deh-e Gol Mir
204728548,2658813,hr,Deh-e Gol Mohammad Beyg
204729241,2658822,hr,Deh-e Gholam`ali
204729472,2658825,hr,Emamiyeh
204729549,2658826,hr,Deh-e Ebrahim
204730704,2658841,hr,Hajjiabad-e Maleki
204730781,2658842,hr,Hadži Malang
204731089,2658846,hr,Shahrak-e `Aziz-e Bamadi
204731166,2658847,hr,Deh-e `Ali Morad
204731320,2658849,hr,`Ali Khan-e Kachul
204731397,2658850,hr,Zabol
204731474,2658851,hr,Zabol
204731551,2658852,hr,Teymurabad-e Sheykhi
204732090,2658859,hr,ahmd abad
204732321,2658862,hr,Dahaneh-ye Nasfandeh-ye Bala
204732475,2658864,hr,Afzalabad Sar Kal
204732552,2658865,hr,ab la
204732629,2658866,hr,Deh-e Validad
204732706,2658867,hr,Seh Qal`eh
204732783,2658868,hr,Dehnow-ye Posht Adimi
204733014,2658871,hr,Mohammadabad
204733091,2658872,hr,Deh-e `Isa-ye Sharaf
204733245,2658874,hr,Deh-e `Isa-ye Sofla
204733399,2658876,hr,Deh-e Bozi
204733476,2658877,hr,Alarri
204733553,2658878,hr,Akbarabad
204733630,2658879,hr,Sakhteman
204733707,2658880,hr,Deh-e `Abbasabad
204733784,2658881,hr,Zangi Kalat
204733861,2658882,hr,Zindan
204733938,2658883,hr,Yar Mohammad Bazar
204734015,2658884,hr,Ya`qub Zehi
204734169,2658886,hr,Vashnam-e Pakir Mohammad
204734631,2658892,hr,Vashnam-e Ahmad
204734708,2658893,hr,Vashnam-e Shohdad
204734785,2658894,hr,Vashin Chat
204735016,2658897,hr,Towlagrud
204735093,2658898,hr,Tara'i
204735170,2658899,hr,Tall-e Mishan
204735247,2658900,hr,Tink
204735324,2658901,hr,Sumar Zehi
204735401,2658902,hr,Sowlur Bazar
204735555,2658904,hr,Šahik Zehi
204735940,2658909,hr,Siani
204736094,2658911,hr,Tarma
204736171,2658912,hr,Sar Kub
204736325,2658914,hr,Sandakzehi-ye Bala
204736479,2658916,hr,Sitar-e Mahmud
204736556,2658917,hr,Sitar-e Morad
204736710,2658919,hr,Rudig-e Sahebdad
204736787,2658920,hr,Regeti-ye Pa'in
204736941,2658922,hr,Regintak
204737095,2658924,hr,rank
204737249,2658926,hr,Ramin
204737326,2658927,hr,Rag Daf
204737403,2658928,hr,Radu-ye Pa'in
204737711,2658932,hr,Ripag-e Lal Mohammad
204737788,2658933,hr,Ripak-e Saleh Bazar
204737942,2658935,hr,Rimdan-e Dovvom
204738019,2658936,hr,Qanbar Zehi
204738096,2658937,hr,Qaderdad Bazar
204738173,2658938,hr,plgan
204738250,2658939,hr,Polan
204738327,2658940,hr,patar
204738481,2658942,hr,Park-e Bashir
204738558,2658943,hr,Owra'i
204738635,2658944,hr,Surat
204738712,2658945,hr,Nowris
204739097,2658950,hr,Nalint
204739251,2658952,hr,Nadekan-e Shafi` Mohammad
204739328,2658953,hr,Nadeh Kan-e Gurmi
204739405,2658954,hr,Nabakhsh
204739482,2658955,hr,Naserabad
204739944,2658961,hr,Muman-e Pa'in
204740252,2658965,hr,mashy
204740483,2658968,hr,Machi Hasan
204740560,2658969,hr,Machi
204740945,2658974,hr,Kollanzeh
204741022,2658975,hr,Kol Ahu
204741099,2658976,hr,Kuhtag
204741176,2658977,hr,Kuh Dem
204741407,2658980,hr,Khaleqdadi
204741561,2658982,hr,Karim Bal
204741638,2658983,hr,Karalaki
204741792,2658985,hr,Karim Bakhsh Bazar
204741869,2658986,hr,kamw bazar
204742023,2658988,hr,Kalber-e Pa'in
204742100,2658989,hr,Juyig
204742254,2658991,hr,jwkat
204742331,2658992,hr,Joghravaru
204742485,2658994,hr,Džemat Zehi-ye Bala
204742793,2658998,hr,Hushomb-e Bala
204742870,2658999,hr,Hezarsan
204743024,2659001,hr,Godan
204743178,2659003,hr,Gurchari
204743563,2659008,hr,Ganari
204744333,2659018,hr,Dempak
204744564,2659021,hr,Digru
204745103,2659028,hr,Dadik
204745257,2659030,hr,Chukat-e Doru'i
204745334,2659031,hr,Cha`ab
204745719,2659036,hr,Buti-ye Rahmat
204745873,2659038,hr,baba hydr
204746027,2659040,hr,Beris-e Bala
204746489,2659046,hr,Bend Sar
204746566,2659047,hr,Bend Sar
204746643,2659048,hr,Bend Gah
204746797,2659050,hr,Baluchi-ye Pa'in
204747182,2659055,hr,Balad
204747567,2659060,hr,sahb khan bazar
204747721,2659062,hr,`Omar Bazar
204747875,2659064,hr,`Ali Bazar
204748106,2659067,hr,Zardbun
204748337,2659070,hr,Kastak
204748414,2659071,hr,Rohgam-e Bala
204748491,2659072,hr,Poli Gow
204748645,2659074,hr,Nangaru
204748722,2659075,hr,Kutugi
204748799,2659076,hr,Keshari
204748876,2659077,hr,`Eydi Kand-e Vor
204748953,2659078,hr,Kahir-e Borz
204749030,2659079,hr,Jowgarbit
204749261,2659082,hr,Gorudal
204749338,2659083,hr,Garm bit-e-Paint
204749415,2659084,hr,Garm Bit-e Bala
204749492,2659085,hr,Garin Parag
204749723,2659088,hr,Dargaz
204749800,2659089,hr,Bigadak
204750031,2659092,hr,Abshar
204750493,2659098,hr,Shirabad
204750570,2659099,hr,Seyyedabad
204750724,2659101,hr,Sa'idabad-e Bala
204751032,2659105,hr,Rahmatabad-e Ziaratgah
204751186,2659107,hr,Rahimabad-e Luchak
204751263,2659108,hr,Rahimabad
204751340,2659109,hr,Pudeh Chah
204751648,2659113,hr,Pabbi
204751802,2659115,hr,Pir Mohammad
204752033,2659118,hr,Mohammadabad-e sada
204752341,2659122,hr,Mianrud
204752649,2659126,hr,Kheyrabad
204752726,2659127,hr,Karimabad-e Nukcheh
204752880,2659129,hr,Hamrahabad
204753034,2659131,hr,Gurband-e Miani
204753188,2659133,hr,Gharibabad
204753419,2659136,hr,Eslamabad-e Shandak
204753573,2659138,hr,Chah-e Golabad
204753650,2659139,hr,Bug
204754035,2659144,hr,Amrabad-e Dumak
204754266,2659147,hr,Hoseynabad-e Luchak
204754651,2659152,hr,Hajjiabad
204755190,2659159,hr,Rutak
204755652,2659165,hr,allh abad dstgrd
204756114,2659171,hr,Yusefabad
204756191,2659172,hr,Valiabad
204756422,2659175,hr,Tolombeh-ye Zurabad
204756576,2659177,hr,Rahmatabad
204756807,2659180,hr,Tolombeh-ye Mohammad
204757346,2659187,hr,Tavakkolabad
204757577,2659190,hr,Tagazok
204757962,2659195,hr,Shur Pishak
204758039,2659196,hr,Shengeri
204758578,2659203,hr,Seyyed Rishan
204758886,2659207,hr,Sardasht
204759040,2659209,hr,Sar Kam
204759194,2659211,hr,Tagazuk
204759271,2659212,hr,Yusefabad-e Sadk
204759502,2659215,hr,sʿydabad
204759733,2659218,hr,Siah Tir
204759810,2659219,hr,Siah Lekak
204760426,2659227,hr,Rahmatabad
204760503,2659228,hr,Rigu
204760657,2659230,hr,Pur Changi
204760734,2659231,hr,Puchgeli
204760811,2659232,hr,Paval
204760965,2659234,hr,pansarh
204761119,2659236,hr,Pirabad
204761273,2659238,hr,Nuk Ju
204761427,2659240,hr,nr ab
204761658,2659243,hr,Naseri
204761889,2659246,hr,Moradabad-e Kuh Zandi
204762043,2659248,hr,Mukuntuk
204762197,2659250,hr,Suran
204762505,2659254,hr,Mehrdašt
204762813,2659258,hr,Malekabad
204763044,2659261,hr,Mirabad
204763121,2659262,hr,Mirabad
204763429,2659266,hr,Lahremba
204763506,2659267,hr,lhrab
204763660,2659269,hr,Khun Kaka
204763891,2659272,hr,Khaz-e Bahari
204764045,2659274,hr,Khalasuli
204764122,2659275,hr,Kavari
204764276,2659277,hr,Kasuri
204764584,2659281,hr,Kahn-e Karam Shah
204764661,2659282,hr,Kameh Zard
204764738,2659283,hr,Kameh Zard
204764969,2659286,hr,Kamirok
204765200,2659289,hr,Kal-e Luki
204765354,2659291,hr,Kalak-e Pa'in
204765431,2659292,hr,Kalak
204765585,2659294,hr,Kal-e Espid
204765739,2659296,hr,Kahn-e sada
204765816,2659297,hr,Kahn-e Gholaman
204765893,2659298,hr,Kahn-e Habash
204766201,2659302,hr,Jangalaghi
204766278,2659303,hr,Jalalabad
204766586,2659307,hr,gwshan
204766894,2659311,hr,Gunich
204766971,2659312,hr,Gharibabad
204767125,2659314,hr,Gazan
204767279,2659316,hr,Mohammadabad
204767356,2659317,hr,Garuk
204767664,2659321,hr,Dowlatabad
204767741,2659322,hr,Dorudi
204768049,2659326,hr,Dowruk
204768280,2659329,hr,Deh-e Jihel
204768434,2659331,hr,Deh Shahdust
204768511,2659332,hr,Deh-e Reza
204768665,2659334,hr,Deh Nuk
204768973,2659338,hr,Čukaleki
204769435,2659344,hr,Chah-e Salar
204769743,2659348,hr,chah kan
204770282,2659355,hr,Hajjiabad
204770436,2659357,hr,Chah-e Sam
204770513,2659358,hr,Aliabad
204770975,2659364,hr,Bid Lang
204771206,2659367,hr,Anari
204771591,2659372,hr,Hoseynabad
204771745,2659374,hr,Hoseynabad
204771976,2659377,hr,Haqqabad
204772053,2659378,hr,Hajjiabad-e Minu'i
204772284,2659381,hr,'Iduabad
204772515,2659384,hr,Nowgarabad
204772592,2659385,hr,Aliabad
204772669,2659386,hr,`Abdolabad
204772746,2659387,hr,`Abbasabad-e Qarah Baghi
204773054,2659391,hr,Kut
204773131,2659392,hr,Kahn-e Kureh
204773285,2659394,hr,Ziarat
204773362,2659395,hr,Tapuk
204773439,2659396,hr,Tang-e Tanur
204773516,2659397,hr,Tall Kuh
204773670,2659399,hr,Sulan
204773901,2659402,hr,Shisheh Riz
204774055,2659404,hr,Seyyedabad
204774132,2659405,hr,Sendati
204774209,2659406,hr,Sarju
204774363,2659408,hr,Kahn-e Shahr
204774671,2659412,hr,Kalat-e Shir Mohammad
204775441,2659422,hr,Mirabad
204775749,2659426,hr,Kur Havaran
204775826,2659427,hr,Kont Dar
204776057,2659430,hr,Kešan
204776288,2659433,hr,Kont
204776365,2659434,hr,kmal abad
204776442,2659435,hr,Kalleh Huk
204776519,2659436,hr,kwran
204776596,2659437,hr,Kahn-e Mir
204776981,2659442,hr,Gosht
204777058,2659443,hr,Gosht
204777135,2659444,hr,Gurich
204777366,2659447,hr,klagan
204777597,2659450,hr,Gaduk
204777674,2659451,hr,Gazanak
204777828,2659453,hr,Hadž Mohammed
204778059,2659456,hr,Deh-e Mohammadi
204778444,2659461,hr,Chah-e Karim Baksh
204778521,2659462,hr,Chah-e Hajji Dad Rahman
204778598,2659463,hr,Chah-e Shirabad
204778675,2659464,hr,Chah-e Rasul Bakhsh
204778752,2659465,hr,Chah-e Ra'is
204778906,2659467,hr,Rig Jehi-ye Vasat
204778983,2659468,hr,Chah-e Poli
204779060,2659469,hr,Chah-e Osta Jalali
204779137,2659470,hr,Chah-e Nokhowd
204779291,2659472,hr,Chah-e Malek
204779445,2659474,hr,Chah-e Molla `Isa
204779522,2659475,hr,Nurabad
204779753,2659478,hr,Chah-e Amir
204780292,2659485,hr,Chah-e Hajji Dar Bakhsh
204780600,2659489,hr,Bend
204780677,2659490,hr,Bakhshan-e Pa'in
204780908,2659493,hr,Hajjiabad
204781139,2659496,hr,Allah tata
204781216,2659497,hr,Oštorak
204781370,2659499,hr,Deh-e Arbab
204781909,2659506,hr,Nader `Brijest
204782217,2659510,hr,Bandak
204782602,2659515,hr,Palgi-ye Miani
204782679,2659516,hr,Mohammad Dadi
204783141,2659522,hr,Deh-e Mastikhan
204783218,2659523,hr,`Abbasi Rostam
204783372,2659525,hr,Deh-e `Ali Jan Golzar
204783834,2659531,hr,Deh-e Mohammad Mirza
204783988,2659533,hr,Deh-e Mohammad Shah Gol
204784373,2659538,hr,Kal Kang
204784527,2659540,hr,Kaftaregi
204784681,2659542,hr,Deh-e Qazaq
204784835,2659544,hr,Deh-e `Isa Faqir
204784989,2659546,hr,`Ali Hasan
204785220,2659549,hr,Deh-e Safdar
204785297,2659550,hr,Deh-e šejh Langi
204785374,2659551,hr,Šib Gureh
204785451,2659552,hr,Deh-e Ahmad `Ali Khan
204785528,2659553,hr,shah byg
204785682,2659555,hr,Malek Heydari
204785913,2659558,hr,Nur Mohammad
204786067,2659560,hr,Deh-e Now Sorkh
204786144,2659561,hr,Deh-e Nader-e `Alam
204786298,2659563,hr,Deh-e Molla Ahmad
204786375,2659564,hr,Oštorak
204786452,2659565,hr,Mohammad `Ali Heydar
204786529,2659566,hr,Gol Mir
204786606,2659567,hr,Deh-e Karam Šah
204786683,2659568,hr,Deh-e Karbala'i Qorban
204786760,2659569,hr,Deh-e Karbala'i Gholamreza
204787068,2659573,hr,Deh-e Mohammad Esma`il
204787145,2659574,hr,Deh-e Gholam Hoseyn-e `Alef
204787530,2659579,hr,Deh-e `Ali Ja`far-e `Olya
204787607,2659580,hr,Deh-e `Ali Ja`far-e Sofla
204787915,2659584,hr,Deh-e Samad
204788146,2659587,hr,Deh-e Šadi
204788454,2659591,hr,Deh-e Deraz
204788531,2659592,hr,Deh-e Khodabakhsh
204788839,2659596,hr,Hoseyn-e Nur Mohammad
204788916,2659597,hr,Deh-e Hasan Akbar
204788993,2659598,hr,Deh-e hadži `Abbas
204789070,2659599,hr,Deh-e Rashid
204789147,2659600,hr,Deh-e Deh-e Hadži Hosejn
204789224,2659601,hr,Deh-e Bozi
204789378,2659603,hr,Shotorak-e Sofla
204789686,2659607,hr,Khugi
204790148,2659613,hr,syah khan
204790225,2659614,hr,Palgi-ye Seyyed
204790379,2659616,hr,Baluch Khan Naruli
204790610,2659619,hr,Zu ol Faqari
204790918,2659623,hr,Šahrak
204791072,2659625,hr,Separšen
204791457,2659630,hr,Panjak
204791534,2659631,hr,Deh-e Nur Mohammad
204791919,2659636,hr,Mir Beyg
204792073,2659638,hr,Deh-e Kerbala'i Musa
204792304,2659641,hr,Deh-e Khiari
204792612,2659645,hr,Kalateh-ye Sohrababad
204792843,2659648,hr,Ja`fari
204793613,2659658,hr,Deh-e Sanchuli
204793767,2659660,hr,Deh-e Reza
204793921,2659662,hr,Deh-e Molla `Ali
204793998,2659663,hr,Deh-e Khiari
204794152,2659665,hr,Deh-e Gol Mohammad
204794229,2659666,hr,Molla Ebrahim
204794306,2659667,hr,Deh-e Esma`il Qanbar
204794383,2659668,hr,Deh-e Ebrahim
204794845,2659674,hr,Deh-e `Abbas-e Kur
204794999,2659676,hr,Deh-e Darvish `Ali
204795153,2659678,hr,Chahar Khami-ye Bala
204795307,2659680,hr,bala shykh
204795384,2659681,hr,baghk
204795461,2659682,hr,Sakhiabad
204795538,2659683,hr,`Ali-ye Sufi
204795692,2659685,hr,Espidez
204795769,2659686,hr,Sukhteh Gaz
204795846,2659687,hr,Qal`eh-ye Ashar
204796000,2659689,hr,Inak
204796077,2659690,hr,Zamin Bandan
204796154,2659691,hr,Malani
204796231,2659692,hr,Ziarat
204796462,2659695,hr,Kahnani
204796539,2659696,hr,Kolu Kan
204796770,2659699,hr,Sirkan
204796847,2659700,hr,Sirkan
204796924,2659701,hr,Churan Tang
204797078,2659703,hr,gwrnagan
204797155,2659704,hr,Sukhteh Mok
204797463,2659708,hr,Qaderabad
204797925,2659714,hr,Gazrinek-e Bala
204798387,2659720,hr,Kaleh Begar
204798464,2659721,hr,Eškastegan
204798618,2659723,hr,zaran
204798695,2659724,hr,`Isaabad
204798849,2659726,hr,Tulus
204799234,2659731,hr,Sukhtehnag
204799542,2659735,hr,Sargerani
204799619,2659736,hr,shah msh
204799773,2659738,hr,Sari Gualm
204799850,2659739,hr,Samukan
204800081,2659742,hr,Sanich
204800466,2659747,hr,Rud Bon
204800697,2659750,hr,Paskuh
204800928,2659753,hr,Porkestan
204801082,2659755,hr,parwd
204801159,2659756,hr,Paq
204801313,2659758,hr,Pakandar
204801698,2659763,hr,Piridan
204801929,2659766,hr,Nukandeh
204802006,2659767,hr,Nowgar
204802160,2659769,hr,Nasirabad
204802391,2659772,hr,Towgur-e Pa'in
204802545,2659774,hr,Moshkadim
204802622,2659775,hr,Vajdar
204802699,2659776,hr,Mesrach
204802930,2659779,hr,Mach Mitak
204803084,2659781,hr,Mirch
204803161,2659782,hr,Miraki
204803315,2659784,hr,abgwran dan
204803392,2659785,hr,Kashk
204803469,2659786,hr,Kuruj
204803546,2659787,hr,Kunegan
204803854,2659791,hr,Kopk
204804162,2659795,hr,Khasn-e `Aliabad
204804393,2659798,hr,Kalmat
204804547,2659800,hr,Kallakdan
204804624,2659801,hr,Kalgi
204804932,2659805,hr,Kahnok-e Mirabad
204805086,2659807,hr,Keki
204805163,2659808,hr,Jowzdar
204805394,2659811,hr,Jakanban
204805471,2659812,hr,Chagani
204805548,2659813,hr,Janabad
204805625,2659814,hr,Itkesh
204805933,2659818,hr,Hesarak
204806010,2659819,hr,Hamuki
204806087,2659820,hr,Dashtuk
204806164,2659821,hr,Guri
204806241,2659822,hr,Guanderman
204806395,2659824,hr,grnak
204806703,2659828,hr,Golin Rud
204806934,2659831,hr,Geti Tesk
204807088,2659833,hr,Gelingan
204807319,2659836,hr,Gehjan
204807550,2659839,hr,Gattig
204807627,2659840,hr,Gatan
204807781,2659842,hr,Gharutak
204808012,2659845,hr,Espi Sang
204808474,2659851,hr,Dambigan
204808551,2659852,hr,Dalesar
204808628,2659853,hr,Dakal
204809013,2659858,hr,Čuruk
204809090,2659859,hr,chraghan
204809244,2659861,hr,Boruki
204809475,2659864,hr,Baduvak
204809629,2659866,hr,Ban-e Šib
204809860,2659869,hr,Malkira
204810245,2659874,hr,Aliabad
204810553,2659878,hr,Qana-e Seyyed Mohammad
204810938,2659883,hr,Tomp
204811092,2659885,hr,Tasht-e Bazman
204811246,2659887,hr,Surab
204811323,2659888,hr,Sorkh Gazi
204811400,2659889,hr,Sorkh Gazi
204811477,2659890,hr,Šurabad
204811554,2659891,hr,Shamgat
204811631,2659892,hr,Šahrak
204812016,2659897,hr,Sandok
204812093,2659898,hr,Sahvand-e Hukan
204812170,2659899,hr,Sadd-e Bampur
204812247,2659900,hr,Siah Tefaq
204812478,2659903,hr,Kajgurin
204812555,2659904,hr,Qaderabad
204812632,2659905,hr,pdgan
204812786,2659907,hr,Pigol
204812863,2659908,hr,nasr abad
204812940,2659909,hr,Narmeh Shir
204813171,2659912,hr,nasrabad
204813325,2659914,hr,Nagan
204813479,2659916,hr,Murtan
204813556,2659917,hr,Motor-e Asghar
204813633,2659918,hr,Manzuri
204814172,2659925,hr,Mirabad
204814249,2659926,hr,Mir-e Khar
204814326,2659927,hr,Luterak
204815096,2659937,hr,Kur-e Kelkelian
204815173,2659938,hr,Kaminak
204815250,2659939,hr,Kaluk Sari
204815327,2659940,hr,Kalleh Maran
204815943,2659948,hr,Kuh-e Pasan
204816251,2659952,hr,gwalshtan
204816405,2659954,hr,Gulmi
204816482,2659955,hr,Genruka
204816559,2659956,hr,Gazdivan
204816636,2659957,hr,Garnil
204816790,2659959,hr,Gandab-e Sofla
204816867,2659960,hr,Gadukan
204817098,2659963,hr,Deh Rahim
204817175,2659964,hr,Darreh-ye Galeh Vani
204817329,2659966,hr,Dahaneh
204817406,2659967,hr,darsan
204817560,2659969,hr,Changali
204817637,2659970,hr,Bagdani
204817714,2659971,hr,Bagdani
204817945,2659974,hr,Bibah
204818022,2659975,hr,Agosk-e Mohammadabad
204818099,2659976,hr,Adingol
204818561,2659982,hr,Zarin Kahir
204818792,2659985,hr,Ugink
204819023,2659988,hr,Tertan Hushab
204819331,2659992,hr,taq tup
204819408,2659993,hr,Tang Dar
204819485,2659994,hr,tamba'
204819639,2659996,hr,Talareh
204819716,2659997,hr,sul hasan
204819793,2659998,hr,Siareh
204819870,2659999,hr,Šur Šadi
204820024,2660001,hr,Shisheh Posht
204820101,2660002,hr,Šejh Chah
204820255,2660004,hr,Shar Mahallan
204820332,2660005,hr,ShanehKod
204820486,2660007,hr,Chah Hoseyni
204820563,2660008,hr,Shafi` Mohammad
204820871,2660012,hr,Sar Tap
204820948,2660013,hr,Sang-e Atesh
204821179,2660016,hr,Parandak
204821641,2660022,hr,Qal`eh-ye Padeh
204822026,2660027,hr,Pulki Kheyrabad
204822180,2660029,hr,patambar
204822565,2660034,hr,Nowvakan
204822719,2660036,hr,Namideh
204822873,2660038,hr,Moghan Mirza
204823181,2660042,hr,Manavand
204823258,2660043,hr,malik
204823720,2660049,hr,Kur Gich
204823874,2660051,hr,Kuli Dap
204823951,2660052,hr,Kuh Rud
204824105,2660054,hr,Kohan-e Rahim
204824721,2660062,hr,kamsaptar
204824875,2660064,hr,Kalateh-ye Naser
204825414,2660071,hr,\N
204825722,2660075,hr,Habudan
204825799,2660076,hr,Gulas
204825876,2660077,hr,Gonbadar
204825953,2660078,hr,Gol Pošt
204826107,2660080,hr,Golandam
204826338,2660083,hr,Gavaš
204826415,2660084,hr,Gavanak
204826492,2660085,hr,Garatk
204826569,2660086,hr,Ganjabad
204826723,2660088,hr,Espodrang
204826800,2660089,hr,Dur Mohammad
204826877,2660090,hr,Din Mohammad
204827416,2660097,hr,chut
204827878,2660103,hr,byjarab
204827955,2660104,hr,baswj
204828032,2660105,hr,bashw
204828186,2660107,hr,baradan
204828263,2660108,hr,zabrana
204828571,2660112,hr,badamstan
204828648,2660113,hr,Azaz
204828802,2660115,hr,Aro Ka Goth
204828956,2660117,hr,Cheshmeh Anjir
204829110,2660119,hr,Kalleh Kan
204829187,2660120,hr,Zonnar
204829418,2660123,hr,Ziruki-ye Gowhar Kuh
204829495,2660124,hr,Ganzerig
204829572,2660125,hr,Ziarat Chah
204829726,2660127,hr,Deh-e Ziarat
204830342,2660135,hr,Sang-e Segar
204830804,2660141,hr,Ramin Kan
204831112,2660145,hr,Zahedan
204831189,2660146,hr,Zehak
204831266,2660147,hr,Zehab
204831420,2660149,hr,Mehrestan
204831651,2660152,hr,Yaz Tappeh
204831728,2660153,hr,Yar Muhammad
204831882,2660155,hr,Ya`qubi
204831959,2660156,hr,Yekkeh Bagh
204832036,2660157,hr,Yakhak
204832267,2660160,hr,Bafdam
204832344,2660161,hr,Washap
204832498,2660163,hr,washkan jan
204832652,2660165,hr,waslan
204832883,2660168,hr,wrkat
204833037,2660170,hr,Valan
204833114,2660171,hr,Vadin Kuh
204833191,2660172,hr,Tutrun
204833576,2660177,hr,Tulegi Ab
204834346,2660187,hr,Torbat-e Jam
204834500,2660189,hr,Tuleqani
204834654,2660191,hr,Tis
204834731,2660192,hr,Tilar
204834885,2660194,hr,Tighab
204834962,2660195,hr,Teymurabad
204835347,2660200,hr,Taland
204835424,2660201,hr,Tejeshk
204835501,2660202,hr,taybad
204835655,2660204,hr,Tavakkolabad
204835732,2660205,hr,Tuk
204836656,2660217,hr,Tabas-e Masina
204836810,2660219,hr,Sowrand
204836887,2660220,hr,Surkomb
204836964,2660221,hr,Suran
204837118,2660223,hr,suldan
204837272,2660225,hr,srkh dkal
204837349,2660226,hr,Sonqorabad
204837503,2660228,hr,Sorkh Barg
204837734,2660231,hr,syr zar
204837888,2660233,hr,Shirabad
204837965,2660234,hr,syn kan
204838196,2660237,hr,Sib
204838273,2660238,hr,Siasar
204838581,2660242,hr,Siahdag
204838735,2660244,hr,Tall-e Siah
204838889,2660246,hr,Šusef
204838966,2660247,hr,Shusef
204839120,2660249,hr,Shuru
204839197,2660250,hr,Šur Mitak
204839351,2660252,hr,Shurijeh-ye Pa'in
204839428,2660253,hr,Shurijeh-ye `Olya
204839505,2660254,hr,Shurestan-e Sofla
204839582,2660255,hr,Shurestan-e `Olya
204839659,2660256,hr,Shur-e Pa'in
204840044,2660261,hr,Shirvan
204840275,2660264,hr,Shirin Zad
204840660,2660269,hr,shyban
204840891,2660272,hr,shykh abad
204841122,2660275,hr,Shegim-e Bala
204841276,2660277,hr,Šaški
204841430,2660279,hr,shadr
204841507,2660280,hr,shark
204841584,2660281,hr,Shakband
204841661,2660282,hr,Šandul
204842046,2660287,hr,Shamsabad
204842123,2660288,hr,Shamsabad
204842200,2660289,hr,Shameh Sar
204842431,2660292,hr,Shokshizard
204842508,2660293,hr,Šukači
204842816,2660297,hr,Shahrestan
204842893,2660298,hr,Shahrestan
204842970,2660299,hr,Qal`eh Now-ye Shamlu
204843201,2660302,hr,Shahr Deraz
204843278,2660303,hr,shah rkht
204843432,2660305,hr,Shahin-e Bala
204843663,2660308,hr,Shahestan
204843740,2660309,hr,shhd abad
204843894,2660311,hr,Šahabad
204844048,2660313,hr,Šabandar
204844741,2660322,hr,Seh Panjeh
204844972,2660325,hr,Seh Kuheh
204845280,2660329,hr,Sefid Sang
204845511,2660332,hr,Seddiq Bazar
204845665,2660334,hr,Saygan
204845819,2660336,hr,Sarzeh
204845973,2660338,hr,Sar Tap
204846204,2660341,hr,Sar Šur
204846589,2660346,hr,Sarchub
204846666,2660347,hr,Sarchub
204846820,2660349,hr,Sarhan
204846897,2660350,hr,Sardek
204846974,2660351,hr,Sar Dasht
204847051,2660352,hr,Sar Daj
204847128,2660353,hr,srdab
204847205,2660354,hr,sarbwk
204847282,2660355,hr,srbaz
204847359,2660356,hr,Saravan
204847436,2660357,hr,Saravan
204847590,2660359,hr,Sarahs
204847821,2660362,hr,Sang-e Masjed
204847975,2660364,hr,Sangar
204848052,2660365,hr,Sanganeh-ye Pa'in
204848129,2660366,hr,sngan
204848206,2660367,hr,sngan
204848514,2660371,hr,Sand Khuni
204848591,2660372,hr,Sand-e Hamzeh
204848822,2660375,hr,pijesak
204848899,2660376,hr,pijesak
204848976,2660377,hr,Gohar Mili
204849053,2660378,hr,Sammach-e Lashgari
204849130,2660379,hr,Samarqaveh
204849207,2660380,hr,Robat-e Samangan
204849284,2660381,hr,\N
204849361,2660382,hr,Salehabad
204849669,2660386,hr,Sahim
204849823,2660388,hr,Safar Zehi
204849977,2660390,hr,Saffal Band
204850054,2660391,hr,Deh-e Sadeq
204850131,2660392,hr,Sadaki
204850516,2660397,hr,Rudig-e Shiran
204850593,2660398,hr,Rudig Shiran
204851132,2660405,hr,Rizeh
204851517,2660410,hr,Rig Chah
204851902,2660415,hr,rzdab
204852133,2660418,hr,Ratuk-e Sofla
204852287,2660420,hr,Rasak
204852518,2660423,hr,Qariyah
204852595,2660424,hr,Randeh
204852672,2660425,hr,Randak
204852749,2660426,hr,Ramazan Kalak
204852826,2660427,hr,Rahneh
204852980,2660429,hr,Deh-e Rahman
204853057,2660430,hr,Rahimbeyg
204853211,2660432,hr,Radu
204853288,2660433,hr,Radu
204853442,2660435,hr,Qasr-e Qand
204853519,2660436,hr,Qasabeh
204853750,2660439,hr,Qasr-e Qand
204853904,2660441,hr,Qarneh
204853981,2660442,hr,Qarah Tikan
204854751,2660452,hr,Qal`eh-ye Now Shamlu
204855136,2660457,hr,Qal`eh Hammam-e Hajji Rasul
204855213,2660458,hr,Qal`eh-ye Ghenu
204855444,2660461,hr,Qal`eh Sorkh
204855521,2660462,hr,Qal`eh Sada
204855598,2660463,hr,Qal`eh-ye Nari
204855752,2660465,hr,Qal`eh Gak
204856445,2660474,hr,Poshd
204856522,2660475,hr,Poshot
204857600,2660489,hr,Palgi
204857754,2660491,hr,Pišin
204857831,2660492,hr,Pishin
204857908,2660493,hr,Pishokabad
204858062,2660495,hr,Pir Vash
204858139,2660496,hr,Pir Sohrab
204858293,2660498,hr,Pir Nowkuh
204858678,2660503,hr,Pirabad
204859140,2660509,hr,patar
204859294,2660511,hr,pakwh
204859371,2660512,hr,Paskuh
204859448,2660513,hr,Pas Khowri
204859525,2660514,hr,Pasabandar
204859602,2660515,hr,Pas
204859910,2660519,hr,Parud
204860218,2660523,hr,Parčanak
204860449,2660526,hr,Chah-e Pansar
204860526,2660527,hr,Pandak
204860603,2660528,hr,Palani
204860680,2660529,hr,Pakt
204860911,2660532,hr,Padeh-ye Jan Morad
204861065,2660534,hr,Padagi-ye Bala
204861296,2660537,hr,`Owraki
204861527,2660540,hr,Osta-ye Bakharz
204861681,2660542,hr,Ormak
204861758,2660543,hr,Nushiabad
204861835,2660544,hr,Nurabad
204861912,2660545,hr,Nuk Ju
204862220,2660549,hr,Nukabad
204862528,2660553,hr,Sada Shad
204862836,2660557,hr,Sada Bahar
204862913,2660558,hr,nwkan
204862990,2660559,hr,Nosratabad
204863067,2660560,hr,Nilgun
204863298,2660563,hr,Niku Jahan
204863375,2660564,hr,Nikshahr
204863529,2660566,hr,Niazi
204863683,2660568,hr,nyazabad
204863760,2660569,hr,Niam Sunt
204863991,2660572,hr,Nehbandan
204864068,2660573,hr,Negur
204864145,2660574,hr,Negur
204864222,2660575,hr,Nagan
204864299,2660576,hr,naryl
204864530,2660579,hr,Na`tu
204864992,2660585,hr,Nashtifan
204865146,2660587,hr,Naserabad-e Sofla
204865685,2660594,hr,Naranu
204866147,2660600,hr,Garuk
204866224,2660601,hr,Nagpan-e Pa'in
204866301,2660602,hr,Nadekan Sari
204866378,2660603,hr,Nadeh Kan-e Jowm`i
204866455,2660604,hr,Nabahi
204866686,2660607,hr,Musaabad
204866763,2660608,hr,Murti
204866840,2660609,hr,Dehkadeh-ye Morton
204866917,2660610,hr,Murt
204866994,2660611,hr,Muman-e Bala
204867071,2660612,hr,mwltan
204867148,2660613,hr,Mukht-e Pa`in
204867225,2660614,hr,Mavad
204867456,2660617,hr,mrzdaran
204867841,2660622,hr,Mow'menabad
204868072,2660625,hr,Jar Khoshk-e `Olya
204868149,2660626,hr,Mohsenabad
204868303,2660628,hr,Mehnat
204868534,2660631,hr,Mohammad Šah
204868611,2660632,hr,Mohammad Safar
204868688,2660633,hr,Mohammad Reza
204868996,2660637,hr,Mohammadabad-e Kurin
204869304,2660641,hr,Mohammadabad
204869458,2660643,hr,Mohammadabad
204869612,2660645,hr,muhamedanski
204869689,2660646,hr,Mohammadabad
204869843,2660648,hr,Modir
204870151,2660652,hr,Mirjaveh
204870459,2660656,hr,Mirabad
204870613,2660658,hr,Mirabad
204870690,2660659,hr,Kahn-e Piruz
204871152,2660665,hr,Menak
204871229,2660666,hr,Mehrdašt
204871383,2660668,hr,Mazin Zamin
204871537,2660670,hr,Mazan
204871614,2660671,hr,Mayamey
204871691,2660672,hr,Ma`zumabad
204871768,2660673,hr,Mashuki
204871845,2660674,hr,Mašarib
204872384,2660681,hr,mrghzar
204872538,2660683,hr,mrabad
204872846,2660687,hr,Mandilan
204872923,2660688,hr,Mandirow
204873000,2660689,hr,Machkowr
204873308,2660693,hr,Malkira
204873385,2660694,hr,Melliantan
204873847,2660700,hr,Makhunik
204873924,2660701,hr,Majkasan
204874078,2660703,hr,Mahmudabad-e Sofla
204874155,2660704,hr,Mahmudabad-e `Olya
204874309,2660706,hr,Mahirud
204874386,2660707,hr,Mahalleh-ye Pa'in
204874540,2660709,hr,Madar Maksan
204874617,2660710,hr,Mabin
204875079,2660716,hr,Linchan
204875233,2660718,hr,Leji
204875310,2660719,hr,laty dan
204875464,2660721,hr,Lar-e Pa'in
204875849,2660726,hr,Lalabad
204875926,2660727,hr,Laksar
204876003,2660728,hr,Lojeng-e Sofla
204876080,2660729,hr,Laji-ye Pa'in
204876157,2660730,hr,laj
204876388,2660733,hr,\N
204876773,2660738,hr,Kuhpayeh
204877081,2660742,hr,Karshan-e Bala
204877235,2660744,hr,Kubech
204877312,2660745,hr,Koruchi-ye Bala
204877389,2660746,hr,Kursar
204877466,2660747,hr,Kursar
204877543,2660748,hr,Kurosh
204877774,2660751,hr,Kurang
204877928,2660753,hr,Kuran-e 'Olya
204878082,2660755,hr,Kuh Ruk
204878236,2660757,hr,Kunadan
204878313,2660758,hr,Kumtik
204878467,2660760,hr,Kulu
204878621,2660762,hr,Kujarat
204878698,2660763,hr,Kuh Sefid-e Sofla
204878852,2660765,hr,Nokuch
204878929,2660766,hr,Kuh Kan
204879006,2660767,hr,Kuh Kanar
204879314,2660771,hr,Kohak
204879622,2660775,hr,Kucheh Bala
204879699,2660776,hr,Gavanak
204879853,2660778,hr,Keshtegan
204880007,2660780,hr,Koshkak
204880084,2660781,hr,Korki
204880238,2660783,hr,Kordijan
204880546,2660787,hr,knardan
204880623,2660788,hr,Konar Bast
204880777,2660790,hr,Konarak
204881393,2660798,hr,Gaz Markuk
204881470,2660799,hr,Kohneh Mahalleh
204881701,2660802,hr,lypar
204882009,2660806,hr,Kilakadi
204882471,2660812,hr,Khvaf
204883241,2660822,hr,Kheyr Morad
204883472,2660825,hr,Khaz Pari
204883549,2660826,hr,Khati Khoshk
204883626,2660827,hr,Khash
204883703,2660828,hr,kharzar
204883780,2660829,hr,Kharadgerd
204883857,2660830,hr,Kharestan-e Pa'in
204883934,2660831,hr,Khorashadi
204884011,2660832,hr,Khvansharaf
204884088,2660833,hr,Khan Mohammad Chah
204884242,2660835,hr,Deh-e Khamr
204884319,2660836,hr,Khalilabad
204884627,2660840,hr,Kered Karakh
204884704,2660841,hr,Kelisagan
204884781,2660842,hr,Koch
204885012,2660845,hr,Katukan
204885089,2660846,hr,Katnikan
204885243,2660848,hr,Kateh Shamshir-e Sofla
204885320,2660849,hr,Katakhanjak
204885474,2660851,hr,Keshabad
204885705,2660854,hr,karwandr
204885859,2660856,hr,Karuchi
204885936,2660857,hr,krt abad
204886090,2660859,hr,Karlis Mohin
204886167,2660860,hr,Kariz-e `Omar
204886244,2660861,hr,Kariz-e sada
204886398,2660863,hr,Kariz
204886475,2660864,hr,Karimvar
204886552,2660865,hr,Karghash-e Sofla
204886629,2660866,hr,Gar Kandi
204886783,2660868,hr,Karbasak
204886860,2660869,hr,Deh-e Kerbala'i Musa
204886937,2660870,hr,Karat
204887014,2660871,hr,karany
204887091,2660872,hr,karami
204887168,2660873,hr,Gera'i Kur
204887245,2660874,hr,Kaputi
204887322,2660875,hr,Kanif
204887399,2660876,hr,Kang-e Piran
204887630,2660879,hr,Kulag
204887784,2660881,hr,Kambel-e Soleyman
204888015,2660884,hr,Kamaneh-ye Mohammad Khan
204888246,2660887,hr,Afzalabad
204888631,2660892,hr,Kalak Sari
204888708,2660893,hr,Kalahu
204888862,2660895,hr,Kala Din
204889016,2660897,hr,Kaliran
204889093,2660898,hr,Kelinkan
204889401,2660902,hr,Kalchati
204889786,2660907,hr,Kalat-e Shir
204889940,2660909,hr,Kalat-e Shab
204890094,2660911,hr,Kalateh-ye Shurak
204890248,2660913,hr,Kalateh-ye Musa
204890325,2660914,hr,Kalateh-ye Mirza Jan
204890556,2660917,hr,Kalateh-ye Hajj Qorban
204890633,2660918,hr,Kalateh-ye hadži
204890787,2660920,hr,Kalateh-ye Borj
204890864,2660921,hr,Kalateh-ye Baluch
204891095,2660924,hr,Kalat-e `Ali
204891172,2660925,hr,Kalateh
204891326,2660927,hr,Kalat-e Darajeh Daran
204891557,2660930,hr,Kallani
204891634,2660931,hr,Kalang
204891711,2660932,hr,Kalan-e Sar Ju
204891788,2660933,hr,Kalan Durzi
204891865,2660934,hr,Kalak
204891942,2660935,hr,Keki
204892096,2660937,hr,Kachki
204892173,2660938,hr,Kajab
204892250,2660939,hr,Kahriz Sang
204892481,2660942,hr,Nukabad
204892558,2660943,hr,Kahnow
204892712,2660945,hr,Kahn-e Molla
204893020,2660949,hr,Kahn-e Malek
204893097,2660950,hr,Kahn-e Karim
204893174,2660951,hr,Kahn-e Karam Shah
204893328,2660953,hr,Kohan-e `Olya
204893636,2660957,hr,Shahdad-e Kahir
204893867,2660960,hr,Kahir-e Shahdad
204894021,2660962,hr,Kahir-e Kamar Shir
204894252,2660965,hr,Kahir
204894637,2660970,hr,Kaffaz-e Sofla
204894714,2660971,hr,Kafarzeh
204895869,2660986,hr,Ja-ye Mohammad
204896100,2660989,hr,Amirabad
204896254,2660991,hr,Jannatabad
204896331,2660992,hr,Deh-e Jani Meylak
204896408,2660993,hr,Chah-e Janguna
204896639,2660996,hr,jngah
204896870,2660999,hr,jmal abad
204896947,2661000,hr,jmal abad
204897178,2661003,hr,Jalq
204897409,2661006,hr,Jakas
204897640,2661009,hr,Jahliar
204897948,2661013,hr,Chah-e Jahangir
204898102,2661015,hr,Ja`farabad
204898179,2661016,hr,Ja`farabad
204898256,2661017,hr,Jadu Zehi
204898333,2661018,hr,Padagi
204898487,2661020,hr,Deh-e `Isa-ye `Olya
204898564,2661021,hr,Iranšaher
204898718,2661023,hr,Sekandar
204898795,2661024,hr,Hiduj
204898872,2661025,hr,Hiduj-e Bonab
204898949,2661026,hr,Hiduj-e Bonab
204899026,2661027,hr,Itk
204899257,2661030,hr,Hutak
204899565,2661034,hr,Nilgun
204899642,2661035,hr,Hoseynabad
204899719,2661036,hr,Hoseynabad-e Ghinab
204899873,2661038,hr,Hoseynabad-e Felfeli
204899950,2661039,hr,Hoseynabad
204900335,2661044,hr,Hobabi
204900412,2661045,hr,Hizabad-e Pa'in
204900489,2661046,hr,hitak
204900643,2661048,hr,Hej
204900797,2661050,hr,Hepduch
204900874,2661051,hr,Hichan
204900951,2661052,hr,Hezari
204901028,2661053,hr,Jannat Shahr
204901259,2661056,hr,Hesaru
204901336,2661057,hr,Hemmatabad
204901413,2661058,hr,Hemmatabad
204901721,2661062,hr,Hayanlu
204901798,2661063,hr,Dazandar
204901875,2661064,hr,Hashemabad
204902029,2661066,hr,darandaz
204902183,2661068,hr,Hasanabad
204902491,2661072,hr,Hasanabad
204902645,2661074,hr,Haridowk
204902799,2661076,hr,Hapuram
204902953,2661078,hr,Hanjirak
204903030,2661079,hr,Hangar
204903184,2661081,hr,Hamzehabad
204903261,2661082,hr,azmnabad
204903569,2661086,hr,Hajjiabad-e Haqdad
204903800,2661089,hr,Hajjiabad
204903877,2661090,hr,Hajjiabad
204903954,2661091,hr,Hajjiabad
204904031,2661092,hr,Hajjiabad
204904108,2661093,hr,Afsu
204904185,2661094,hr,Feyzabad
204904262,2661095,hr,Habudan
204904339,2661096,hr,Gush Laghar
204904416,2661097,hr,Gusheh
204904493,2661098,hr,gwshan
204904570,2661099,hr,Gurkuf
204904647,2661100,hr,Khar Ghur
204904801,2661102,hr,Gowri
204904955,2661104,hr,Gorgij
204905417,2661110,hr,Guran
204905494,2661111,hr,Gurabak
204905571,2661112,hr,Gou
204905725,2661114,hr,Gowhar Posht
204905802,2661115,hr,Gowhar Kuh
204905956,2661117,hr,Govanich
204906110,2661119,hr,Goshan
204906187,2661120,hr,Gorvan
204906264,2661121,hr,Gandu
204906418,2661123,hr,Gonbadak
204906495,2661124,hr,Kowmenj
204906572,2661125,hr,Golshahr
204906803,2661128,hr,Golkhani
204906880,2661129,hr,glchah
204907034,2661131,hr,Golak
204907111,2661132,hr,Gojarat
204907188,2661133,hr,Gurnakan
204907650,2661139,hr,Deh-e Gholam`ali
204907727,2661140,hr,Gonagin
204908189,2661146,hr,Gozund
204908343,2661148,hr,Gazmeh
204908651,2661152,hr,Gazeh-ye Bala
204909267,2661160,hr,Kaki
204909806,2661167,hr,Gativan
204909960,2661169,hr,Garsaman-e-Bala
204910114,2661171,hr,Garm Bit
204910191,2661172,hr,grmab bala
204910499,2661176,hr,Garbon
204910653,2661178,hr,Garagheh
204910730,2661179,hr,Genzerik
204910807,2661180,hr,gndm shad
204910884,2661181,hr,Gandomkan
204911038,2661183,hr,Galu'ish
204911577,2661190,hr,Kachian
204911654,2661191,hr,Gabulan
204911808,2661193,hr,Firuzeh'i
204911885,2661194,hr,Firuraq
204912039,2661196,hr,Feyzabad
204912424,2661201,hr,Farmahin
204912501,2661202,hr,Ferezneh
204912732,2661205,hr,Falizak
204913040,2661209,hr,Istin
204913117,2661210,hr,Espidez
204913271,2661212,hr,Espakeh
204913425,2661214,hr,Esma`ilabad
204913502,2661215,hr,Eskalabad
204913810,2661219,hr,ashk
204913887,2661220,hr,ashaq bazar
204914118,2661223,hr,Alari
204914195,2661224,hr,Ellahi
204914349,2661226,hr,qaym abad
204914426,2661227,hr,Ebrahimabad
204914503,2661228,hr,Shahrak-e Ebrahimabad
204914580,2661229,hr,Ebrahimabad
204914657,2661230,hr,Duzanag
204914734,2661231,hr,Prašina Mohammad Khan
204914811,2661232,hr,Dowr
204914888,2661233,hr,Dumak-e Amarabad
204915119,2661236,hr,Dowlatabad
204915427,2661240,hr,Doshanbeh
204915504,2661241,hr,Do Sar
204915581,2661242,hr,Učini Rah
204915735,2661244,hr,Doreh
204915812,2661245,hr,Uradite Qal`eh-ye Berashk
204916274,2661251,hr,Dirak
204916351,2661252,hr,Ripak-e Zir
204916428,2661253,hr,Dinar Kalak
204916582,2661255,hr,Dez
204916967,2661260,hr,Dejing
204917044,2661261,hr,Dehu
204917121,2661262,hr,Deh-e Taqi
204917198,2661263,hr,Dehpabid
204917352,2661265,hr,Deh Sada
204917506,2661267,hr,Deh-e Karam
204917660,2661269,hr,sarany
204918199,2661276,hr,Deh-e Mohammad Molla Dadi
204918276,2661277,hr,Deh Mir
204918507,2661280,hr,Deh-e Kamal
204918584,2661281,hr,Deh Qa`leh
204918738,2661283,hr,Deh Hoseyna
204919508,2661293,hr,Dehaj
204919585,2661294,hr,Detk
204919662,2661295,hr,Dachand
204919816,2661297,hr,Datdat
204919970,2661299,hr,Dashtak
204920047,2661300,hr,daznwk
204920201,2661302,hr,darwkan
204920278,2661303,hr,Dars Akhund
204920432,2661305,hr,Darreh Vali
204920509,2661306,hr,Daridan
204920586,2661307,hr,Dargeyabad
204920663,2661308,hr,Darduk
204920894,2661311,hr,Daran
204920971,2661312,hr,Deh-e Dargi
204921048,2661313,hr,Nashtifan
204921279,2661316,hr,Dapkor
204921433,2661318,hr,Danu
204921664,2661321,hr,Danbi
204921741,2661322,hr,Dalgan-e Pa'in
204921895,2661324,hr,Dalaki
204921972,2661325,hr,Dak
204922049,2661326,hr,Dahaneh-ye Tangal
204922126,2661327,hr,Dahan Baghi
204922203,2661328,hr,Dahan
204922819,2661336,hr,Chileh Sar
204922896,2661337,hr,Častak-e Sofla
204922973,2661338,hr,Cheshmeh Ziarat
204923050,2661339,hr,Cheshmeh-ye Qabrestan
204923358,2661343,hr,Cheshmeh Malek
204923743,2661348,hr,Cheleng
204923820,2661349,hr,Chegerd
